# apitrace apihook.dll win64 pid=608 tid=652
# apihook=Z:\home\asdf\projects\resolume-wine\tools\apitrace\build\apihook.dll
# cfg=Z:\home\asdf\projects\resolume-wine\tools\apitrace\res.cfg
# out=Z:\home\asdf\projects\resolume-wine\logs\runs\arena_wine.log
# patterns=49 exclusions=0 modules=69 loader_notify=1 poll_ms=200 cfg_error=-
# unresolved_patterns=2
# pattern: kernel32!LoadLibraryW@1/8:8 -> dll=kernel32 func=LoadLibraryW argc=1 mask=8888888888888888 retw=8
# pattern: kernel32!LoadLibraryA@1/8:8 -> dll=kernel32 func=LoadLibraryA argc=1 mask=8888888888888888 retw=8
# pattern: kernel32!LoadLibraryExW@3/884:8 -> dll=kernel32 func=LoadLibraryExW argc=3 mask=8848888888888888 retw=8
# pattern: kernel32!GetProcAddress@2/88:8 -> dll=kernel32 func=GetProcAddress argc=2 mask=8888888888888888 retw=8
# pattern: kernel32!CreateThread@6/888844:8 -> dll=kernel32 func=CreateThread argc=6 mask=8888448888888888 retw=8
# pattern: kernel32!WaitForSingleObject@2/84:4 -> dll=kernel32 func=WaitForSingleObject argc=2 mask=8488888888888888 retw=4
# pattern: kernel32!WaitForMultipleObjects@4/8484:4 -> dll=kernel32 func=WaitForMultipleObjects argc=4 mask=8484888888888888 retw=4
# pattern: kernel32!CreateEventW@4/8848:8 -> dll=kernel32 func=CreateEventW argc=4 mask=8848888888888888 retw=8
# pattern: kernel32!SetEvent@1/8:4 -> dll=kernel32 func=SetEvent argc=1 mask=8888888888888888 retw=4
# pattern: combase!RoGetActivationFactory@3/888:4 -> dll=combase func=RoGetActivationFactory argc=3 mask=8888888888888888 retw=4 (unresolved)
# pattern: ole32!CoCreateInstance@5/88488:4 -> dll=ole32 func=CoCreateInstance argc=5 mask=8848888888888888 retw=4
# pattern: ole32!CoInitializeEx@2/84:4 -> dll=ole32 func=CoInitializeEx argc=2 mask=8488888888888888 retw=4
# pattern: user32!EnumDisplayMonitors@4/8888:4 -> dll=user32 func=EnumDisplayMonitors argc=4 mask=8888888888888888 retw=4
# pattern: user32!GetMonitorInfoW@2/88:4 -> dll=user32 func=GetMonitorInfoW argc=2 mask=8888888888888888 retw=4
# pattern: user32!EnumDisplayDevicesW@4/8848:4 -> dll=user32 func=EnumDisplayDevicesW argc=4 mask=8848888888888888 retw=4
# pattern: user32!ChangeDisplaySettingsExW@5/88844:4 -> dll=user32 func=ChangeDisplaySettingsExW argc=5 mask=8884488888888888 retw=4
# pattern: user32!GetSystemMetrics@1/4:4 -> dll=user32 func=GetSystemMetrics argc=1 mask=4888888888888888 retw=4
# pattern: user32!CreateWindowExW@12/488444448888:8 -> dll=user32 func=CreateWindowExW argc=12 mask=4884444488888888 retw=8
# pattern: user32!ShowWindow@2/84:4 -> dll=user32 func=ShowWindow argc=2 mask=8488888888888888 retw=4
# pattern: user32!SetWindowPos@7/8884444:4 -> dll=user32 func=SetWindowPos argc=7 mask=8884444888888888 retw=4
# pattern: user32!RegisterTouchWindow@2/84:4 -> dll=user32 func=RegisterTouchWindow argc=2 mask=8488888888888888 retw=4 (unresolved)
# pattern: user32!GetMessageW@4/8884:4 -> dll=user32 func=GetMessageW argc=4 mask=8884888888888888 retw=4
# pattern: user32!PeekMessageW@5/88844:4 -> dll=user32 func=PeekMessageW argc=5 mask=8884488888888888 retw=4
# pattern: user32!DispatchMessageW@1/8:4 -> dll=user32 func=DispatchMessageW argc=1 mask=8888888888888888 retw=4
# pattern: user32!SendMessageW@4/8488:8 -> dll=user32 func=SendMessageW argc=4 mask=8488888888888888 retw=8
# pattern: user32!DefWindowProcW@4/8488:8 -> dll=user32 func=DefWindowProcW argc=4 mask=8488888888888888 retw=8
# pattern: gdi32!ChoosePixelFormat@2/88:4 -> dll=gdi32 func=ChoosePixelFormat argc=2 mask=8888888888888888 retw=4
# pattern: gdi32!SetPixelFormat@3/888:4 -> dll=gdi32 func=SetPixelFormat argc=3 mask=8888888888888888 retw=4
# pattern: gdi32!SwapBuffers@1/8:4 -> dll=gdi32 func=SwapBuffers argc=1 mask=8888888888888888 retw=4
# pattern: gdi32!DescribePixelFormat@4/8888:4 -> dll=gdi32 func=DescribePixelFormat argc=4 mask=8888888888888888 retw=4
# pattern: gdi32!GetDeviceCaps@2/84:4 -> dll=gdi32 func=GetDeviceCaps argc=2 mask=8488888888888888 retw=4
# pattern: gdi32!CreateCompatibleDC@1/8:8 -> dll=gdi32 func=CreateCompatibleDC argc=1 mask=8888888888888888 retw=8
# pattern: gdi32!CreateDIBSection@6/888488:8 -> dll=gdi32 func=CreateDIBSection argc=6 mask=8884888888888888 retw=8
# pattern: opengl32!wglCreateContext@1/8:8 -> dll=opengl32 func=wglCreateContext argc=1 mask=8888888888888888 retw=8
# pattern: opengl32!wglMakeCurrent@2/88:4 -> dll=opengl32 func=wglMakeCurrent argc=2 mask=8888888888888888 retw=4
# pattern: opengl32!wglDeleteContext@1/8:4 -> dll=opengl32 func=wglDeleteContext argc=1 mask=8888888888888888 retw=4
# pattern: opengl32!wglGetProcAddress@1/8:8 -> dll=opengl32 func=wglGetProcAddress argc=1 mask=8888888888888888 retw=8
# pattern: opengl32!wglShareLists@2/88:4 -> dll=opengl32 func=wglShareLists argc=2 mask=8888888888888888 retw=4
# pattern: opengl32!wglGetCurrentDC@0:8 -> dll=opengl32 func=wglGetCurrentDC argc=0 mask=8888888888888888 retw=8
# pattern: opengl32!glGetString@1/4:8 -> dll=opengl32 func=glGetString argc=1 mask=4888888888888888 retw=8
# pattern: opengl32!glGetIntegerv@2/88:0 -> dll=opengl32 func=glGetIntegerv argc=2 mask=8888888888888888 retw=8
# pattern: opengl32!glGetError@0:4 -> dll=opengl32 func=glGetError argc=0 mask=8888888888888888 retw=4
# pattern: dxgi!CreateDXGIFactory@2/88:4 -> dll=dxgi func=CreateDXGIFactory argc=2 mask=8888888888888888 retw=4
# pattern: dxgi!CreateDXGIFactory1@2/88:4 -> dll=dxgi func=CreateDXGIFactory1 argc=2 mask=8888888888888888 retw=4
# pattern: d3d11!D3D11CreateDevice@7/8844444:4 -> dll=d3d11 func=D3D11CreateDevice argc=7 mask=8844444888888888 retw=4
# pattern: mfplat!MFStartup@2/84:4 -> dll=mfplat func=MFStartup argc=2 mask=8488888888888888 retw=4
# pattern: mf!MFCreateMediaSession@2/88:4 -> dll=mf func=MFCreateMediaSession argc=2 mask=8888888888888888 retw=4
# pattern: kernel32!CreateFileW@7/8448448:8 -> dll=kernel32 func=CreateFileW argc=7 mask=8448448888888888 retw=8
# pattern: advapi32!RegOpenKeyExW@5/88444:4 -> dll=advapi32 func=RegOpenKeyExW argc=5 mask=8844488888888888 retw=4
# unresolved: combase!RoGetActivationFactory@3/888:4
# unresolved: user32!RegisterTouchWindow@2/84:4
1 612 KERNEL32.dll!LoadLibraryW (arg0=0x1421060a0) -> 0x7b880000
2 612 KERNEL32.dll!CreateEventW (arg0=0x0, arg1=0x0, arg2=0x0, arg3=0x0) -> 0x80
3 612 GDI32.dll!CreateCompatibleDC (arg0=0x0) -> 0x1410049
4 612 GDI32.dll!GetDeviceCaps (arg0=0x1410049, arg1=0x5a) -> 0x60
5 612 GDI32.dll!GetDeviceCaps (arg0=0x1410049, arg1=0x58) -> 0x60
6 612 GDI32.dll!GetDeviceCaps (arg0=0x1410049, arg1=0x5a) -> 0x60
7 612 user32.dll!DefWindowProcW (arg0=0x4008a, arg1=0x24, arg2=0x0, arg3=0x7ffffe13f648) -> 0x0
8 612 user32.dll!DefWindowProcW (arg0=0x4008a, arg1=0x81, arg2=0x0, arg3=0x7ffffe13f5f8) -> 0x1
9 612 user32.dll!DefWindowProcW (arg0=0x4008a, arg1=0x83, arg2=0x0, arg3=0x7ffffe13f668) -> 0x0
10 612 user32.dll!DefWindowProcW (arg0=0x4008a, arg1=0x1, arg2=0x0, arg3=0x7ffffe13f5f8) -> 0x0
11 612 user32.dll!CreateWindowExW (arg0=0x0, arg1=0x6ffffe01bf00, arg2=0x0, arg3=0x0, arg4=0x0, arg5=0x0, arg6=0x0, arg7=0x0, arg8=0xfffffffffffffffd, arg9=0x0, arg10=0x6ffffdff0000, arg11=0x0) -> 0x4008a
12 612 USER32.dll!DefWindowProcW (arg0=0x30080, arg1=0x24, arg2=0x0, arg3=0x7ffffe13f6b8) -> 0x0
13 612 USER32.dll!DefWindowProcW (arg0=0x30080, arg1=0x81, arg2=0x0, arg3=0x7ffffe13f678) -> 0x1
14 612 user32.dll!DefWindowProcW (arg0=0x4007e, arg1=0x81, arg2=0x0, arg3=0x7ffffe13f678) -> 0x1
15 612 user32.dll!DefWindowProcW (arg0=0x4007e, arg1=0x83, arg2=0x0, arg3=0x7ffffe13f6d8) -> 0x0
16 612 user32.dll!DefWindowProcW (arg0=0x4007e, arg1=0x5, arg2=0x0, arg3=0x10001) -> 0x0
17 612 user32.dll!DefWindowProcW (arg0=0x4007e, arg1=0x3, arg2=0x0, arg3=0x0) -> 0x0
18 612 USER32.dll!DefWindowProcW (arg0=0x30080, arg1=0x83, arg2=0x0, arg3=0x7ffffe13f6d8) -> 0x0
19 612 USER32.dll!DefWindowProcW (arg0=0x30080, arg1=0x1, arg2=0x0, arg3=0x7ffffe13f678) -> 0x0
20 612 USER32.dll!CreateWindowExW (arg0=0x0, arg1=0xc037, arg2=0x1421b1a98, arg3=0x0, arg4=0x0, arg5=0x0, arg6=0x0, arg7=0x0, arg8=0x0, arg9=0x0, arg10=0x140000000, arg11=0x0) -> 0x30080
21 612 KERNEL32.dll!GetProcAddress (arg0=0x6fffff9e0000, arg1=0x1430b1130) -> 0x6fffff9f0c9c
22 612 kernel32.dll!CreateThread (arg0=0x0, arg1=0x0, arg2=0x6ffffe9a30c0, arg3=0x7ffffe684520, arg4=0x0, arg5=0xfe13fca0) -> 0xc4
23 612 kernel32.dll!CreateThread (arg0=0x0, arg1=0x0, arg2=0x6ffffe9a30c0, arg3=0x7ffffe685110, arg4=0x0, arg5=0xfe13fd38) -> 0xc8
24 612 KERNEL32.dll!CreateFileW (arg0=0x7ffffe68e174, arg1=0x40000000, arg2=0x1, arg3=0x0, arg4=0x4, arg5=0x80, arg6=0x0) -> 0xcc
25 612 KERNEL32.dll!CreateFileW (arg0=0x7ffffe68df94, arg1=0x40000000, arg2=0x1, arg3=0x0, arg4=0x4, arg5=0x80, arg6=0x0) -> 0xcc
26 612 KERNEL32.dll!GetProcAddress (arg0=0x6ffffd700000, arg1=0x142ec3dd8) -> 0x6ffffd747a00
27 612 KERNEL32.dll!LoadLibraryA (arg0=0x142ec3dc8) -> 0x6ffffc670000
28 612 KERNEL32.dll!GetProcAddress (arg0=0x6ffffc670000, arg1=0x142ec3e88) -> 0x6ffffc673fa0
29 612 KERNEL32.dll!GetProcAddress (arg0=0x6ffffc670000, arg1=0x142ec3e70) -> 0x6ffffc678930
30 612 GDI32.dll!GetDeviceCaps (arg0=0x2401004a, arg1=0x5a) -> 0x60
31 612 GDI32.dll!GetDeviceCaps (arg0=0x2401004a, arg1=0x58) -> 0x60
32 612 KERNEL32.dll!GetProcAddress (arg0=0x6fffffbc0000, arg1=0x142ec3380) -> 0x6fffffbeb200
33 612 KERNEL32.dll!LoadLibraryA (arg0=0x142ec3f90) -> 0x6ffff32a0000
34 612 KERNEL32.dll!GetProcAddress (arg0=0x6ffff32a0000, arg1=0x84) -> 0x6ffff32aeb10
35 612 USER32.dll!GetMonitorInfoW (arg0=0x1, arg1=0x7ffffe13f6c8) -> 0x1
36 612 USER32.dll!EnumDisplayMonitors (arg0=0x0, arg1=0x0, arg2=0x14033a7b0, arg3=0x7ffffe13f9d0) -> 0x1
37 612 GDI32.dll!GetDeviceCaps (arg0=0x2401004a, arg1=0x5a) -> 0x60
38 612 GDI32.dll!GetDeviceCaps (arg0=0x2401004a, arg1=0x58) -> 0x60
39 612 GDI32.dll!GetDeviceCaps (arg0=0x2401004a, arg1=0x5a) -> 0x60
40 612 GDI32.dll!GetDeviceCaps (arg0=0x2401004a, arg1=0x58) -> 0x60
41 612 KERNEL32.dll!LoadLibraryW (arg0=0x142ec3f28) -> 0x6ffffdff0000
42 612 KERNEL32.dll!GetProcAddress (arg0=0x6ffffdff0000, arg1=0x142ec3fe8) -> 0x6ffffe003120
43 612 KERNEL32.dll!GetProcAddress (arg0=0x6ffffdff0000, arg1=0x142ec3fd0) -> 0x6ffffe0022f0
44 612 KERNEL32.dll!GetProcAddress (arg0=0x6ffffdff0000, arg1=0x142ec3fb8) -> 0x6ffffe005ca0
45 612 KERNEL32.dll!GetProcAddress (arg0=0x6ffffdff0000, arg1=0x142ec3fa0) -> 0x6ffffe005e40
46 612 kernel32.dll!GetProcAddress (arg0=0x6fffffbc0000, arg1=0x6ffffe0292d0) -> 0x6fffffc0a1c0
47 612 kernel32.dll!GetProcAddress (arg0=0x6fffffbc0000, arg1=0x6ffffe0292e2) -> 0x6fffffc0a0e0
48 612 advapi32.dll!RegOpenKeyExW (arg0=0xffffffff80000002, arg1=0x6ffffe01f9c8, arg2=0x0, arg3=0x20019, arg4=0xfe13f7c0) -> 0x0
49 612 advapi32.dll!RegOpenKeyExW (arg0=0xd0, arg1=0x7ffffe5ca97c, arg2=0x0, arg3=0x20019, arg4=0xfe13f7c8) -> 0x0
50 612 kernel32.dll!LoadLibraryW (arg0=0x7ffffe67c190) -> 0x6ffff2990000
51 612 kernel32.dll!GetProcAddress (arg0=0x6ffff2990000, arg1=0x6ffffe01faa1) -> 0x6ffff2991390
52 612 kernel32.dll!GetProcAddress (arg0=0x6fffffbc0000, arg1=0x6ffff299d6f0) -> 0x6fffffc0a1c0
53 612 kernel32.dll!GetProcAddress (arg0=0x6fffffbc0000, arg1=0x6ffff299d741) -> 0x6fffffc09f10
54 612 kernel32.dll!GetProcAddress (arg0=0x6fffffbc0000, arg1=0x6ffffc8d6430) -> 0x6fffffc0a1c0
55 612 user32.dll!GetSystemMetrics (arg0=0xb) -> 0x20
56 612 user32.dll!GetSystemMetrics (arg0=0xc) -> 0x20
57 612 gdi32.dll!GetDeviceCaps (arg0=0x1010038, arg1=0xc) -> 0x20
58 612 gdi32.dll!CreateCompatibleDC (arg0=0x0) -> 0x241004d
59 612 gdi32.dll!CreateCompatibleDC (arg0=0x0) -> 0x1410050
60 612 gdi32.dll!CreateDIBSection (arg0=0x1410050, arg1=0x7ffffe68f9b0, arg2=0x0, arg3=0xfe13e428, arg4=0x0, arg5=0x0) -> 0x1090051
61 612 user32.dll!GetSystemMetrics (arg0=0xb) -> 0x20
62 612 user32.dll!GetSystemMetrics (arg0=0xc) -> 0x20
63 612 gdi32.dll!GetDeviceCaps (arg0=0x1010038, arg1=0xc) -> 0x20
64 612 gdi32.dll!CreateCompatibleDC (arg0=0x0) -> 0x341004d
65 612 gdi32.dll!CreateCompatibleDC (arg0=0x0) -> 0x1410053
66 612 gdi32.dll!CreateDIBSection (arg0=0x1410053, arg1=0x7ffffe68f9b0, arg2=0x0, arg3=0xfe13e428, arg4=0x0, arg5=0x0) -> 0x1090054
67 612 USER32.dll!DefWindowProcW (arg0=0x30066, arg1=0x81, arg2=0x0, arg3=0x7ffffe13ef78) -> 0x1
68 612 USER32.dll!DefWindowProcW (arg0=0x30066, arg1=0x83, arg2=0x0, arg3=0x7ffffe13efc8) -> 0x0
69 612 USER32.dll!DefWindowProcW (arg0=0x30066, arg1=0x1, arg2=0x0, arg3=0x7ffffe13ef78) -> 0x0
70 612 USER32.dll!DefWindowProcW (arg0=0x30066, arg1=0x5, arg2=0x0, arg3=0x0) -> 0x0
71 612 USER32.dll!DefWindowProcW (arg0=0x30066, arg1=0x3, arg2=0x0, arg3=0x0) -> 0x0
72 612 USER32.dll!CreateWindowExW (arg0=0x80080, arg1=0xc038, arg2=0x142ec4014, arg3=0x86080000, arg4=0x0, arg5=0x0, arg6=0x0, arg7=0x0, arg8=0x0, arg9=0x0, arg10=0x140000000, arg11=0x0) -> 0x30066
73 612 kernel32.dll!CreateEventW (arg0=0x0, arg1=0x0, arg2=0x0, arg3=0x0) -> 0xd0
74 612 kernel32.dll!LoadLibraryExW (arg0=0x7ffffe13ee60, arg1=0x0, arg2=0x8) -> 0x6ffffe1c0000
75 612 kernel32.dll!GetProcAddress (arg0=0x6ffffe1c0000, arg1=0x6ffffe01b809) -> 0x0
76 612 kernel32.dll!GetProcAddress (arg0=0x6ffffe1c0000, arg1=0x6ffffe01b75c) -> 0x6ffffe1d67e0
77 612 kernel32.dll!CreateEventW (arg0=0x0, arg1=0x0, arg2=0x0, arg3=0x0) -> 0xe8
78 612 kernel32.dll!CreateThread (arg0=0x0, arg1=0x0, arg2=0x6ffffe6eb0b0, arg3=0x7ffffe525030, arg4=0x0, arg5=0x0) -> 0xec
79 612 kernel32.dll!WaitForSingleObject (arg0=0xe4, arg1=0xffffffff) -> 0x0
80 612 kernel32.dll!SetEvent (arg0=0xd0) -> 0x1
81 668 kernel32.dll!CreateEventW (arg0=0x0, arg1=0x1, arg2=0x0, arg3=0x0) -> 0xf0
82 612 kernel32.dll!WaitForSingleObject (arg0=0xe8, arg1=0xffffffff) -> 0x0
83 668 kernel32.dll!SetEvent (arg0=0xe8) -> 0x1
84 612 kernel32.dll!WaitForSingleObject (arg0=0xe4, arg1=0xffffffff) -> 0x0
85 612 kernel32.dll!SetEvent (arg0=0xd0) -> 0x1
86 668 kernel32.dll!SetEvent (arg0=0xe8) -> 0x1
87 612 kernel32.dll!WaitForSingleObject (arg0=0xe8, arg1=0xffffffff) -> 0x0
88 612 KERNEL32.dll!GetProcAddress (arg0=0x6ffffd700000, arg1=0x142ec3d30) -> 0x6ffffd744840
89 612 KERNEL32.dll!GetProcAddress (arg0=0x6ffffd700000, arg1=0x142ec3db0) -> 0x6ffffd732450
90 612 KERNEL32.dll!GetProcAddress (arg0=0x6ffffd700000, arg1=0x142ec3d98) -> 0x6ffffd712ee0
91 612 KERNEL32.dll!GetProcAddress (arg0=0x6ffffd700000, arg1=0x142ec3d88) -> 0x6ffffd72ff20
92 612 KERNEL32.dll!GetProcAddress (arg0=0x6ffffd700000, arg1=0x142ec3ff8) -> 0x6ffffd712a80
93 612 KERNEL32.dll!GetProcAddress (arg0=0x6ffffd700000, arg1=0x142ec3d78) -> 0x6ffffd70be90
94 612 KERNEL32.dll!GetProcAddress (arg0=0x6ffffd700000, arg1=0x142ec3e08) -> 0x6ffffd731850
95 612 KERNEL32.dll!GetProcAddress (arg0=0x6ffffd700000, arg1=0x142ec3df0) -> 0x6ffffd731730
96 612 USER32.dll!DefWindowProcW (arg0=0x30066, arg1=0xc, arg2=0x0, arg3=0x7ffffe5a32bc) -> 0x1
97 612 KERNEL32.dll!GetProcAddress (arg0=0x6fffffbc0000, arg1=0x142ec3380) -> 0x6fffffbeb200
98 612 kernel32.dll!CreateEventW (arg0=0x0, arg1=0x1, arg2=0x0, arg3=0x0) -> 0xfc
99 612 kernel32.dll!WaitForSingleObject (arg0=0xfc, arg1=0xffffffff) -> 0x0
100 612 kernel32.dll!WaitForSingleObject (arg0=0xfc, arg1=0xffffffff) -> 0x0
101 612 ole32.dll!CoCreateInstance (arg0=0x142ed2338, arg1=0x0, arg2=0x17, arg3=0x142ec6668, arg4=0x7ffffe13f7e8) -> 0x80040154
102 612 KERNEL32.dll!LoadLibraryW (arg0=0x142ec3f28) -> 0x6ffffdff0000
103 612 KERNEL32.dll!GetProcAddress (arg0=0x6ffffdff0000, arg1=0x142ec3fe8) -> 0x6ffffe003120
104 612 KERNEL32.dll!GetProcAddress (arg0=0x6ffffdff0000, arg1=0x142ec3fd0) -> 0x6ffffe0022f0
105 612 KERNEL32.dll!GetProcAddress (arg0=0x6ffffdff0000, arg1=0x142ec3fb8) -> 0x6ffffe005ca0
106 612 KERNEL32.dll!GetProcAddress (arg0=0x6ffffdff0000, arg1=0x142ec3fa0) -> 0x6ffffe005e40
107 612 advapi32.dll!RegOpenKeyExW (arg0=0xffffffff80000002, arg1=0x6ffffe01f9c8, arg2=0x0, arg3=0x20019, arg4=0xfe13f2a0) -> 0x0
108 612 advapi32.dll!RegOpenKeyExW (arg0=0x108, arg1=0x7ffffe5caafc, arg2=0x0, arg3=0x20019, arg4=0xfe13f2a8) -> 0x0
109 612 kernel32.dll!LoadLibraryW (arg0=0x7ffffe67c410) -> 0x6ffff2990000
110 612 kernel32.dll!GetProcAddress (arg0=0x6ffff2990000, arg1=0x6ffffe01faa1) -> 0x6ffff2991390
111 612 USER32.dll!DefWindowProcW (arg0=0x30060, arg1=0x81, arg2=0x0, arg3=0x7ffffe13ea58) -> 0x1
112 612 USER32.dll!DefWindowProcW (arg0=0x30060, arg1=0x83, arg2=0x0, arg3=0x7ffffe13eaa8) -> 0x0
113 612 USER32.dll!DefWindowProcW (arg0=0x30060, arg1=0x1, arg2=0x0, arg3=0x7ffffe13ea58) -> 0x0
114 612 USER32.dll!DefWindowProcW (arg0=0x30060, arg1=0x5, arg2=0x0, arg3=0x0) -> 0x0
115 612 USER32.dll!DefWindowProcW (arg0=0x30060, arg1=0x3, arg2=0x0, arg3=0x0) -> 0x0
116 612 USER32.dll!CreateWindowExW (arg0=0x800a0, arg1=0xc038, arg2=0x142ec4014, arg3=0x86080000, arg4=0x0, arg5=0x0, arg6=0x0, arg7=0x0, arg8=0x0, arg9=0x0, arg10=0x140000000, arg11=0x0) -> 0x30060
117 612 KERNEL32.dll!GetProcAddress (arg0=0x6ffffd700000, arg1=0x142ec3d78) -> 0x6ffffd70be90
118 612 KERNEL32.dll!GetProcAddress (arg0=0x6ffffd700000, arg1=0x142ec3e08) -> 0x6ffffd731850
119 612 KERNEL32.dll!GetProcAddress (arg0=0x6ffffd700000, arg1=0x142ec3df0) -> 0x6ffffd731730
120 612 USER32.dll!DefWindowProcW (arg0=0x30060, arg1=0xc, arg2=0x0, arg3=0x1421b19e0) -> 0x1
121 612 kernel32.dll!GetProcAddress (arg0=0x6fffffbc0000, arg1=0x6ffffae592b0) -> 0x6fffffc0a1c0
122 612 kernel32.dll!GetProcAddress (arg0=0x6fffffbc0000, arg1=0x6ffffae59301) -> 0x6fffffc09f10
123 612 user32.dll!EnumDisplayDevicesW (arg0=0x0, arg1=0x0, arg2=0xfe13e8f0, arg3=0x0) -> 0x1
124 612 user32.dll!EnumDisplayDevicesW (arg0=0x0, arg1=0x0, arg2=0xfe13e8c0, arg3=0x0) -> 0x1
125 612 user32.dll!EnumDisplayDevicesW (arg0=0x0, arg1=0x1, arg2=0xfe13e8c0, arg3=0x0) -> 0x0
126 612 kernel32.dll!GetProcAddress (arg0=0x7b8b0000, arg1=0x6ffff6f18e7d) -> 0x7b8b8020
127 612 kernel32.dll!GetProcAddress (arg0=0x7b8b0000, arg1=0x6ffff6f18e85) -> 0x7b8b8be0
128 612 kernel32.dll!GetProcAddress (arg0=0x7b8b0000, arg1=0x6ffff6f18e91) -> 0x7b8b9280
129 612 kernel32.dll!GetProcAddress (arg0=0x7b8b0000, arg1=0x6ffff6f18ea7) -> 0x7b8b96c0
130 612 kernel32.dll!GetProcAddress (arg0=0x7b8b0000, arg1=0x6ffff6f18eb6) -> 0x7b8ba420
131 612 kernel32.dll!GetProcAddress (arg0=0x7b8b0000, arg1=0x6ffff6f18692) -> 0x7b8bdaa0
132 612 kernel32.dll!GetProcAddress (arg0=0x7b8b0000, arg1=0x6ffff6f18ebe) -> 0x7b8bf2d0
133 612 kernel32.dll!GetProcAddress (arg0=0x7b8b0000, arg1=0x6ffff6f18ec7) -> 0x7b8c01c0
134 612 kernel32.dll!GetProcAddress (arg0=0x7b8b0000, arg1=0x6ffff6f18ed3) -> 0x7b8c1f50
135 612 kernel32.dll!GetProcAddress (arg0=0x7b8b0000, arg1=0x6ffff6f18ede) -> 0x7b8c2030
136 612 kernel32.dll!GetProcAddress (arg0=0x7b8b0000, arg1=0x6ffff6f186d1) -> 0x7b8c2620
137 612 kernel32.dll!GetProcAddress (arg0=0x7b8b0000, arg1=0x6ffff6f18eea) -> 0x7b8c26e0
138 612 kernel32.dll!GetProcAddress (arg0=0x7b8b0000, arg1=0x6ffff6f18ef7) -> 0x7b8c2e10
139 612 kernel32.dll!GetProcAddress (arg0=0x7b8b0000, arg1=0x6ffff6f18f04) -> 0x7b8c32d0
140 612 kernel32.dll!GetProcAddress (arg0=0x7b8b0000, arg1=0x6ffff6f18f11) -> 0x7b8c3750
141 612 kernel32.dll!GetProcAddress (arg0=0x7b8b0000, arg1=0x6ffff6f18f1e) -> 0x7b8c4160
142 612 kernel32.dll!GetProcAddress (arg0=0x7b8b0000, arg1=0x6ffff6f18f2d) -> 0x7b8c4c30
143 612 kernel32.dll!GetProcAddress (arg0=0x7b8b0000, arg1=0x6ffff6f18f39) -> 0x7b8c5040
144 612 kernel32.dll!GetProcAddress (arg0=0x7b8b0000, arg1=0x6ffff6f18f43) -> 0x7b8c5110
145 612 kernel32.dll!GetProcAddress (arg0=0x7b8b0000, arg1=0x6ffff6f18f4e) -> 0x7b8c51d0
146 612 kernel32.dll!GetProcAddress (arg0=0x7b8b0000, arg1=0x6ffff6f18f58) -> 0x7b8c52a0
147 612 kernel32.dll!GetProcAddress (arg0=0x7b8b0000, arg1=0x6ffff6f18f63) -> 0x7b8c5360
148 612 kernel32.dll!GetProcAddress (arg0=0x7b8b0000, arg1=0x6ffff6f18f6d) -> 0x7b8c5650
149 612 kernel32.dll!GetProcAddress (arg0=0x7b8b0000, arg1=0x6ffff6f18f78) -> 0x7b8c58a0
150 612 kernel32.dll!GetProcAddress (arg0=0x7b8b0000, arg1=0x6ffff6f18f82) -> 0x7b8c5970
151 612 kernel32.dll!GetProcAddress (arg0=0x7b8b0000, arg1=0x6ffff6f18f8d) -> 0x7b8c5a30
152 612 kernel32.dll!GetProcAddress (arg0=0x7b8b0000, arg1=0x6ffff6f18f97) -> 0x7b8c5b00
153 612 kernel32.dll!GetProcAddress (arg0=0x7b8b0000, arg1=0x6ffff6f18fa2) -> 0x7b8c5bc0
154 612 kernel32.dll!GetProcAddress (arg0=0x7b8b0000, arg1=0x6ffff6f18fad) -> 0x7b8c5c90
155 612 kernel32.dll!GetProcAddress (arg0=0x7b8b0000, arg1=0x6ffff6f18fb9) -> 0x7b8c5d50
156 612 kernel32.dll!GetProcAddress (arg0=0x7b8b0000, arg1=0x6ffff6f18fc4) -> 0x7b8c5e20
157 612 kernel32.dll!GetProcAddress (arg0=0x7b8b0000, arg1=0x6ffff6f18fd0) -> 0x7b8c5ee0
158 612 kernel32.dll!GetProcAddress (arg0=0x7b8b0000, arg1=0x6ffff6f18fdb) -> 0x7b8c5fb0
159 612 kernel32.dll!GetProcAddress (arg0=0x7b8b0000, arg1=0x6ffff6f18fe7) -> 0x7b8c6200
160 612 kernel32.dll!GetProcAddress (arg0=0x7b8b0000, arg1=0x6ffff6f18ff1) -> 0x7b8c62f0
161 612 kernel32.dll!GetProcAddress (arg0=0x7b8b0000, arg1=0x6ffff6f18ffc) -> 0x7b8c63b0
162 612 kernel32.dll!GetProcAddress (arg0=0x7b8b0000, arg1=0x6ffff6f19006) -> 0x7b8c6490
163 612 kernel32.dll!GetProcAddress (arg0=0x7b8b0000, arg1=0x6ffff6f19011) -> 0x7b8c6550
164 612 kernel32.dll!GetProcAddress (arg0=0x7b8b0000, arg1=0x6ffff6f1901b) -> 0x7b8c6920
165 612 kernel32.dll!GetProcAddress (arg0=0x7b8b0000, arg1=0x6ffff6f19026) -> 0x7b8c6ba0
166 612 kernel32.dll!GetProcAddress (arg0=0x7b8b0000, arg1=0x6ffff6f19030) -> 0x7b8c6c90
167 612 kernel32.dll!GetProcAddress (arg0=0x7b8b0000, arg1=0x6ffff6f1903b) -> 0x7b8c6d50
168 612 kernel32.dll!GetProcAddress (arg0=0x7b8b0000, arg1=0x6ffff6f19045) -> 0x7b8c6e50
169 612 kernel32.dll!GetProcAddress (arg0=0x7b8b0000, arg1=0x6ffff6f19050) -> 0x7b8c6f10
170 612 kernel32.dll!GetProcAddress (arg0=0x7b8b0000, arg1=0x6ffff6f1905b) -> 0x7b8c73e0
171 612 kernel32.dll!GetProcAddress (arg0=0x7b8b0000, arg1=0x6ffff6f19067) -> 0x7b8c74a0
172 612 kernel32.dll!GetProcAddress (arg0=0x7b8b0000, arg1=0x6ffff6f19072) -> 0x7b8c7590
173 612 kernel32.dll!GetProcAddress (arg0=0x7b8b0000, arg1=0x6ffff6f1907e) -> 0x7b8c7650
174 612 kernel32.dll!GetProcAddress (arg0=0x7b8b0000, arg1=0x6ffff6f19089) -> 0x7b8c7750
175 612 kernel32.dll!GetProcAddress (arg0=0x7b8b0000, arg1=0x6ffff6f19095) -> 0x7b8c7fd0
176 612 kernel32.dll!GetProcAddress (arg0=0x7b8b0000, arg1=0x6ffff6f190a1) -> 0x7b8c82a0
177 612 kernel32.dll!GetProcAddress (arg0=0x7b8b0000, arg1=0x6ffff6f190b1) -> 0x7b8c8680
178 612 kernel32.dll!GetProcAddress (arg0=0x7b8b0000, arg1=0x6ffff6f190c0) -> 0x7b8ce780
179 612 kernel32.dll!GetProcAddress (arg0=0x7b8b0000, arg1=0x6ffff6f190cd) -> 0x7b8ce880
180 612 kernel32.dll!GetProcAddress (arg0=0x7b8b0000, arg1=0x6ffff6f190de) -> 0x7b8ceac0
181 612 kernel32.dll!GetProcAddress (arg0=0x7b8b0000, arg1=0x6ffff6f190ef) -> 0x7b8ced40
182 612 kernel32.dll!GetProcAddress (arg0=0x7b8b0000, arg1=0x6ffff6f19103) -> 0x7b8cef60
183 612 kernel32.dll!GetProcAddress (arg0=0x7b8b0000, arg1=0x6ffff6f19117) -> 0x7b8d1b70
184 612 kernel32.dll!GetProcAddress (arg0=0x7b8b0000, arg1=0x6ffff6f19122) -> 0x7b8d38d0
185 612 kernel32.dll!GetProcAddress (arg0=0x7b8b0000, arg1=0x6ffff6f186a0) -> 0x7b8d56e0
186 612 kernel32.dll!GetProcAddress (arg0=0x7b8b0000, arg1=0x6ffff6f19130) -> 0x7b8d60e0
187 612 kernel32.dll!GetProcAddress (arg0=0x7b8b0000, arg1=0x6ffff6f1913c) -> 0x7b8d61a0
188 612 kernel32.dll!GetProcAddress (arg0=0x7b8b0000, arg1=0x6ffff6f19148) -> 0x7b8d6260
189 612 kernel32.dll!GetProcAddress (arg0=0x7b8b0000, arg1=0x6ffff6f19155) -> 0x7b8d6d30
190 612 kernel32.dll!GetProcAddress (arg0=0x7b8b0000, arg1=0x6ffff6f1915f) -> 0x7b8d6df0
191 612 kernel32.dll!GetProcAddress (arg0=0x7b8b0000, arg1=0x6ffff6f19174) -> 0x7b8d7990
192 612 kernel32.dll!GetProcAddress (arg0=0x7b8b0000, arg1=0x6ffff6f19181) -> 0x7b8d7f50
193 612 kernel32.dll!GetProcAddress (arg0=0x7b8b0000, arg1=0x6ffff6f1918e) -> 0x7b8d8bf0
194 612 kernel32.dll!GetProcAddress (arg0=0x7b8b0000, arg1=0x6ffff6f1919d) -> 0x7b8d9800
195 612 kernel32.dll!GetProcAddress (arg0=0x7b8b0000, arg1=0x6ffff6f191aa) -> 0x7b8da8b0
196 612 kernel32.dll!GetProcAddress (arg0=0x7b8b0000, arg1=0x6ffff6f191b5) -> 0x7b8daa30
197 612 kernel32.dll!GetProcAddress (arg0=0x7b8b0000, arg1=0x6ffff6f191c7) -> 0x7b8daca0
198 612 kernel32.dll!GetProcAddress (arg0=0x7b8b0000, arg1=0x6ffff6f191d3) -> 0x7b8daf00
199 612 kernel32.dll!GetProcAddress (arg0=0x7b8b0000, arg1=0x6ffff6f191dc) -> 0x7b8dafc0
200 612 kernel32.dll!GetProcAddress (arg0=0x7b8b0000, arg1=0x6ffff6f191f0) -> 0x7b8db8c0
201 612 kernel32.dll!GetProcAddress (arg0=0x7b8b0000, arg1=0x6ffff6f191f6) -> 0x7b8dbc30
202 612 kernel32.dll!GetProcAddress (arg0=0x7b8b0000, arg1=0x6ffff6f19200) -> 0x7b8dc4d0
203 612 kernel32.dll!GetProcAddress (arg0=0x7b8b0000, arg1=0x6ffff6f1920e) -> 0x7b8dc590
204 612 kernel32.dll!GetProcAddress (arg0=0x7b8b0000, arg1=0x6ffff6f1921d) -> 0x7b8dc650
205 612 kernel32.dll!GetProcAddress (arg0=0x7b8b0000, arg1=0x6ffff6f1922b) -> 0x7b8dc710
206 612 kernel32.dll!GetProcAddress (arg0=0x7b8b0000, arg1=0x6ffff6f1923a) -> 0x7b8dc950
207 612 kernel32.dll!GetProcAddress (arg0=0x7b8b0000, arg1=0x6ffff6f19248) -> 0x7b8dca20
208 612 kernel32.dll!GetProcAddress (arg0=0x7b8b0000, arg1=0x6ffff6f19257) -> 0x7b8dcae0
209 612 kernel32.dll!GetProcAddress (arg0=0x7b8b0000, arg1=0x6ffff6f19265) -> 0x7b8dcbb0
210 612 kernel32.dll!GetProcAddress (arg0=0x7b8b0000, arg1=0x6ffff6f19274) -> 0x7b8dceb0
211 612 kernel32.dll!GetProcAddress (arg0=0x7b8b0000, arg1=0x6ffff6f19280) -> 0x7b8dcf80
212 612 kernel32.dll!GetProcAddress (arg0=0x7b8b0000, arg1=0x6ffff6f1928c) -> 0x7b8dd080
213 612 kernel32.dll!GetProcAddress (arg0=0x7b8b0000, arg1=0x6ffff6f19299) -> 0x7b8dd140
214 612 kernel32.dll!GetProcAddress (arg0=0x7b8b0000, arg1=0x6ffff6f192a6) -> 0x7b8dd450
215 612 kernel32.dll!GetProcAddress (arg0=0x7b8b0000, arg1=0x6ffff6f192b7) -> 0x7b8dd8a0
216 612 kernel32.dll!GetProcAddress (arg0=0x7b8b0000, arg1=0x6ffff6f192c0) -> 0x7b8ddd00
217 612 kernel32.dll!GetProcAddress (arg0=0x7b8b0000, arg1=0x6ffff6f192c8) -> 0x7b8df090
218 612 kernel32.dll!GetProcAddress (arg0=0x7b8b0000, arg1=0x6ffff6f192cf) -> 0x7b8df160
219 612 kernel32.dll!GetProcAddress (arg0=0x7b8b0000, arg1=0x6ffff6f192d7) -> 0x7b8df230
220 612 kernel32.dll!GetProcAddress (arg0=0x7b8b0000, arg1=0x6ffff6f192de) -> 0x7b8df2f0
221 612 kernel32.dll!GetProcAddress (arg0=0x7b8b0000, arg1=0x6ffff6f192e6) -> 0x7b8e2030
222 612 kernel32.dll!GetProcAddress (arg0=0x7b8b0000, arg1=0x6ffff6f192f2) -> 0x7b8e20f0
223 612 kernel32.dll!GetProcAddress (arg0=0x7b8b0000, arg1=0x6ffff6f192fc) -> 0x7b8e2d80
224 612 kernel32.dll!GetProcAddress (arg0=0x7b8b0000, arg1=0x6ffff6f19307) -> 0x7b8e3b30
225 612 kernel32.dll!GetProcAddress (arg0=0x7b8b0000, arg1=0x6ffff6f19315) -> 0x7b8e62e0
226 612 kernel32.dll!GetProcAddress (arg0=0x7b8b0000, arg1=0x6ffff6f19323) -> 0x7b8e69d0
227 612 kernel32.dll!GetProcAddress (arg0=0x7b8b0000, arg1=0x6ffff6f19332) -> 0x7b8e8c40
228 612 kernel32.dll!GetProcAddress (arg0=0x7b8b0000, arg1=0x6ffff6f1933f) -> 0x7b8e8d30
229 612 kernel32.dll!GetProcAddress (arg0=0x7b8b0000, arg1=0x6ffff6f1934a) -> 0x7b8e95b0
230 612 kernel32.dll!GetProcAddress (arg0=0x7b8b0000, arg1=0x6ffff6f19356) -> 0x7b8eb780
231 612 kernel32.dll!GetProcAddress (arg0=0x7b8b0000, arg1=0x6ffff6f19364) -> 0x7b8ebd40
232 612 kernel32.dll!GetProcAddress (arg0=0x7b8b0000, arg1=0x6ffff6f19371) -> 0x7b8ebe00
233 612 kernel32.dll!GetProcAddress (arg0=0x7b8b0000, arg1=0x6ffff6f1937e) -> 0x7b8ec840
234 612 kernel32.dll!GetProcAddress (arg0=0x7b8b0000, arg1=0x6ffff6f19389) -> 0x7b8ec900
235 612 kernel32.dll!GetProcAddress (arg0=0x7b8b0000, arg1=0x6ffff6f19394) -> 0x7b8ec9c0
236 612 kernel32.dll!GetProcAddress (arg0=0x7b8b0000, arg1=0x6ffff6f1939f) -> 0x7b8ecb40
237 612 kernel32.dll!GetProcAddress (arg0=0x7b8b0000, arg1=0x6ffff6f193af) -> 0x7b8ecc00
238 612 kernel32.dll!GetProcAddress (arg0=0x7b8b0000, arg1=0x6ffff6f193bf) -> 0x7b8f1610
239 612 kernel32.dll!GetProcAddress (arg0=0x7b8b0000, arg1=0x6ffff6f193cf) -> 0x7b8f16d0
240 612 kernel32.dll!GetProcAddress (arg0=0x7b8b0000, arg1=0x6ffff6f193e0) -> 0x7b8f1790
241 612 kernel32.dll!GetProcAddress (arg0=0x7b8b0000, arg1=0x6ffff6f193f1) -> 0x7b8f1e10
242 612 kernel32.dll!GetProcAddress (arg0=0x7b8b0000, arg1=0x6ffff6f193ff) -> 0x7b8f1ff0
243 612 kernel32.dll!GetProcAddress (arg0=0x7b8b0000, arg1=0x6ffff6f19413) -> 0x7b8f5760
244 612 kernel32.dll!GetProcAddress (arg0=0x7b8b0000, arg1=0x6ffff6f1941f) -> 0x7b8f5f50
245 612 kernel32.dll!GetProcAddress (arg0=0x7b8b0000, arg1=0x6ffff6f1942d) -> 0x7b8f6010
246 612 kernel32.dll!GetProcAddress (arg0=0x7b8b0000, arg1=0x6ffff6f1943b) -> 0x7b8f6310
247 612 kernel32.dll!GetProcAddress (arg0=0x7b8b0000, arg1=0x6ffff6f19449) -> 0x7b8f63d0
248 612 kernel32.dll!GetProcAddress (arg0=0x7b8b0000, arg1=0x6ffff6f19457) -> 0x7b8f6490
249 612 kernel32.dll!GetProcAddress (arg0=0x7b8b0000, arg1=0x6ffff6f186d9) -> 0x7b8f6610
250 612 kernel32.dll!GetProcAddress (arg0=0x7b8b0000, arg1=0x6ffff6f19465) -> 0x7b8f66e0
251 612 kernel32.dll!GetProcAddress (arg0=0x7b8b0000, arg1=0x6ffff6f18661) -> 0x7b8f67f0
252 612 kernel32.dll!GetProcAddress (arg0=0x7b8b0000, arg1=0x6ffff6f1947e) -> 0x7b8f6db0
253 612 kernel32.dll!GetProcAddress (arg0=0x7b8b0000, arg1=0x6ffff6f19492) -> 0x7b8f6e70
254 612 kernel32.dll!GetProcAddress (arg0=0x7b8b0000, arg1=0x6ffff6f194a6) -> 0x7b8fefe0
255 612 kernel32.dll!GetProcAddress (arg0=0x7b8b0000, arg1=0x6ffff6f194ad) -> 0x7b8fff30
256 612 kernel32.dll!GetProcAddress (arg0=0x7b8b0000, arg1=0x6ffff6f194b9) -> 0x7b9000b0
257 612 kernel32.dll!GetProcAddress (arg0=0x7b8b0000, arg1=0x6ffff6f194c8) -> 0x7b900320
258 612 kernel32.dll!GetProcAddress (arg0=0x7b8b0000, arg1=0x6ffff6f194d1) -> 0x7b9003e0
259 612 kernel32.dll!GetProcAddress (arg0=0x7b8b0000, arg1=0x6ffff6f194db) -> 0x7b9004a0
260 612 kernel32.dll!GetProcAddress (arg0=0x7b8b0000, arg1=0x6ffff6f194e4) -> 0x7b900560
261 612 kernel32.dll!GetProcAddress (arg0=0x7b8b0000, arg1=0x6ffff6f194ee) -> 0x7b900620
262 612 kernel32.dll!GetProcAddress (arg0=0x7b8b0000, arg1=0x6ffff6f194f7) -> 0x7b9006e0
263 612 kernel32.dll!GetProcAddress (arg0=0x7b8b0000, arg1=0x6ffff6f19501) -> 0x7b9007a0
264 612 kernel32.dll!GetProcAddress (arg0=0x7b8b0000, arg1=0x6ffff6f1950a) -> 0x7b900860
265 612 kernel32.dll!GetProcAddress (arg0=0x7b8b0000, arg1=0x6ffff6f19514) -> 0x7b900920
266 612 kernel32.dll!GetProcAddress (arg0=0x7b8b0000, arg1=0x6ffff6f1951e) -> 0x7b9009e0
267 612 kernel32.dll!GetProcAddress (arg0=0x7b8b0000, arg1=0x6ffff6f19529) -> 0x7b900c20
268 612 kernel32.dll!GetProcAddress (arg0=0x7b8b0000, arg1=0x6ffff6f19535) -> 0x7b900f40
269 612 kernel32.dll!GetProcAddress (arg0=0x7b8b0000, arg1=0x6ffff6f19549) -> 0x7b901e30
270 612 kernel32.dll!GetProcAddress (arg0=0x7b8b0000, arg1=0x6ffff6f19555) -> 0x7b902590
271 612 kernel32.dll!GetProcAddress (arg0=0x7b8b0000, arg1=0x6ffff6f1955e) -> 0x7b903970
272 612 kernel32.dll!GetProcAddress (arg0=0x7b8b0000, arg1=0x6ffff6f1956a) -> 0x7b904790
273 612 kernel32.dll!GetProcAddress (arg0=0x7b8b0000, arg1=0x6ffff6f19578) -> 0x7b904860
274 612 kernel32.dll!GetProcAddress (arg0=0x7b8b0000, arg1=0x6ffff6f19587) -> 0x7b904930
275 612 kernel32.dll!GetProcAddress (arg0=0x7b8b0000, arg1=0x6ffff6f19595) -> 0x7b9049f0
276 612 kernel32.dll!GetProcAddress (arg0=0x7b8b0000, arg1=0x6ffff6f195a4) -> 0x7b904de0
277 612 kernel32.dll!GetProcAddress (arg0=0x7b8b0000, arg1=0x6ffff6f195ad) -> 0x7b904eb0
278 612 kernel32.dll!GetProcAddress (arg0=0x7b8b0000, arg1=0x6ffff6f195b7) -> 0x7b904f80
279 612 kernel32.dll!GetProcAddress (arg0=0x7b8b0000, arg1=0x6ffff6f195c0) -> 0x7b905050
280 612 kernel32.dll!GetProcAddress (arg0=0x7b8b0000, arg1=0x6ffff6f195ca) -> 0x7b905460
281 612 kernel32.dll!GetProcAddress (arg0=0x7b8b0000, arg1=0x6ffff6f195d8) -> 0x7b905530
282 612 kernel32.dll!GetProcAddress (arg0=0x7b8b0000, arg1=0x6ffff6f195e4) -> 0x7b905930
283 612 kernel32.dll!GetProcAddress (arg0=0x7b8b0000, arg1=0x6ffff6f195ef) -> 0x7b906070
284 612 kernel32.dll!GetProcAddress (arg0=0x7b8b0000, arg1=0x6ffff6f195fe) -> 0x7b9061e0
285 612 kernel32.dll!GetProcAddress (arg0=0x7b8b0000, arg1=0x6ffff6f1960c) -> 0x7b9062a0
286 612 kernel32.dll!GetProcAddress (arg0=0x7b8b0000, arg1=0x6ffff6f1961a) -> 0x7b9064e0
287 612 kernel32.dll!GetProcAddress (arg0=0x7b8b0000, arg1=0x6ffff6f19625) -> 0x7b906af0
288 612 kernel32.dll!GetProcAddress (arg0=0x7b8b0000, arg1=0x6ffff6f1962f) -> 0x7b9077b0
289 612 kernel32.dll!GetProcAddress (arg0=0x7b8b0000, arg1=0x6ffff6f19637) -> 0x7b9078b0
290 612 kernel32.dll!GetProcAddress (arg0=0x7b8b0000, arg1=0x6ffff6f1963f) -> 0x7b907ad0
291 612 kernel32.dll!GetProcAddress (arg0=0x7b8b0000, arg1=0x6ffff6f19647) -> 0x7b907c40
292 612 kernel32.dll!GetProcAddress (arg0=0x7b8b0000, arg1=0x6ffff6f1964f) -> 0x7b908300
293 612 kernel32.dll!GetProcAddress (arg0=0x7b8b0000, arg1=0x6ffff6f1965b) -> 0x7b9083d0
294 612 kernel32.dll!GetProcAddress (arg0=0x7b8b0000, arg1=0x6ffff6f19667) -> 0x7b908570
295 612 kernel32.dll!GetProcAddress (arg0=0x7b8b0000, arg1=0x6ffff6f19673) -> 0x7b908680
296 612 kernel32.dll!GetProcAddress (arg0=0x7b8b0000, arg1=0x6ffff6f1967f) -> 0x7b909610
297 612 kernel32.dll!GetProcAddress (arg0=0x7b8b0000, arg1=0x6ffff6f1968b) -> 0x7b9096e0
298 612 kernel32.dll!GetProcAddress (arg0=0x7b8b0000, arg1=0x6ffff6f19698) -> 0x7b9097b0
299 612 kernel32.dll!GetProcAddress (arg0=0x7b8b0000, arg1=0x6ffff6f196a4) -> 0x7b909880
300 612 kernel32.dll!GetProcAddress (arg0=0x7b8b0000, arg1=0x6ffff6f196b1) -> 0x7b90a780
301 612 kernel32.dll!GetProcAddress (arg0=0x7b8b0000, arg1=0x6ffff6f196be) -> 0x7b90be10
302 612 kernel32.dll!GetProcAddress (arg0=0x7b8b0000, arg1=0x6ffff6f196cc) -> 0x7b90bed0
303 612 kernel32.dll!GetProcAddress (arg0=0x7b8b0000, arg1=0x6ffff6f196da) -> 0x7b91afb0
304 612 kernel32.dll!GetProcAddress (arg0=0x7b8b0000, arg1=0x6ffff6f196e4) -> 0x7b91b1a0
305 612 kernel32.dll!GetProcAddress (arg0=0x7b8b0000, arg1=0x6ffff6f196ef) -> 0x7b91b270
306 612 kernel32.dll!GetProcAddress (arg0=0x7b8b0000, arg1=0x6ffff6f196fb) -> 0x7b91b330
307 612 kernel32.dll!GetProcAddress (arg0=0x7b8b0000, arg1=0x6ffff6f19706) -> 0x7b91b400
308 612 kernel32.dll!GetProcAddress (arg0=0x7b8b0000, arg1=0x6ffff6f19712) -> 0x7b91b4c0
309 612 kernel32.dll!GetProcAddress (arg0=0x7b8b0000, arg1=0x6ffff6f1971d) -> 0x7b91b7b0
310 612 kernel32.dll!GetProcAddress (arg0=0x7b8b0000, arg1=0x6ffff6f19729) -> 0x7b91ba00
311 612 kernel32.dll!GetProcAddress (arg0=0x7b8b0000, arg1=0x6ffff6f19734) -> 0x7b91bad0
312 612 kernel32.dll!GetProcAddress (arg0=0x7b8b0000, arg1=0x6ffff6f19740) -> 0x7b91bb90
313 612 kernel32.dll!GetProcAddress (arg0=0x7b8b0000, arg1=0x6ffff6f1974b) -> 0x7b91bc60
314 612 kernel32.dll!GetProcAddress (arg0=0x7b8b0000, arg1=0x6ffff6f19757) -> 0x7b91c1d0
315 612 kernel32.dll!GetProcAddress (arg0=0x7b8b0000, arg1=0x6ffff6f19767) -> 0x7b91d0c0
316 612 kernel32.dll!GetProcAddress (arg0=0x7b8b0000, arg1=0x6ffff6f1976f) -> 0x7b91d8e0
317 612 kernel32.dll!GetProcAddress (arg0=0x7b8b0000, arg1=0x6ffff6f1977d) -> 0x7b91f790
318 612 kernel32.dll!GetProcAddress (arg0=0x7b8b0000, arg1=0x6ffff6f1978a) -> 0x7b91f860
319 612 kernel32.dll!GetProcAddress (arg0=0x7b8b0000, arg1=0x6ffff6f19798) -> 0x7b91f930
320 612 kernel32.dll!GetProcAddress (arg0=0x7b8b0000, arg1=0x6ffff6f197a6) -> 0x7b91fad0
321 612 kernel32.dll!GetProcAddress (arg0=0x7b8b0000, arg1=0x6ffff6f197b4) -> 0x7b91fba0
322 612 kernel32.dll!GetProcAddress (arg0=0x7b8b0000, arg1=0x6ffff6f197c2) -> 0x7b920110
323 612 kernel32.dll!GetProcAddress (arg0=0x7b8b0000, arg1=0x6ffff6f197d3) -> 0x7b9201e0
324 612 kernel32.dll!GetProcAddress (arg0=0x7b8b0000, arg1=0x6ffff6f197e4) -> 0x7b9206a0
325 612 kernel32.dll!GetProcAddress (arg0=0x7b8b0000, arg1=0x6ffff6f197f0) -> 0x7b9215d0
326 612 kernel32.dll!GetProcAddress (arg0=0x7b8b0000, arg1=0x6ffff6f197fc) -> 0x7b921990
327 612 kernel32.dll!GetProcAddress (arg0=0x7b8b0000, arg1=0x6ffff6f1980a) -> 0x7b921a50
328 612 kernel32.dll!GetProcAddress (arg0=0x7b8b0000, arg1=0x6ffff6f1981a) -> 0x7b921f30
329 612 kernel32.dll!GetProcAddress (arg0=0x7b8b0000, arg1=0x6ffff6f1982b) -> 0x7b921ff0
330 612 kernel32.dll!GetProcAddress (arg0=0x7b8b0000, arg1=0x6ffff6f19837) -> 0x7b9220a0
331 612 kernel32.dll!GetProcAddress (arg0=0x7b8b0000, arg1=0x6ffff6f19849) -> 0x7b9222b0
332 612 kernel32.dll!GetProcAddress (arg0=0x7b8b0000, arg1=0x6ffff6f19855) -> 0x7b922360
333 612 kernel32.dll!GetProcAddress (arg0=0x7b8b0000, arg1=0x6ffff6f1985f) -> 0x7b922d80
334 612 kernel32.dll!GetProcAddress (arg0=0x7b8b0000, arg1=0x6ffff6f19874) -> 0x7b9302a0
335 612 kernel32.dll!GetProcAddress (arg0=0x7b8b0000, arg1=0x6ffff6f19881) -> 0x7b930360
336 612 kernel32.dll!GetProcAddress (arg0=0x7b8b0000, arg1=0x6ffff6f19894) -> 0x7b930680
337 612 kernel32.dll!GetProcAddress (arg0=0x7b8b0000, arg1=0x6ffff6f198a1) -> 0x7b930730
338 612 kernel32.dll!GetProcAddress (arg0=0x7b8b0000, arg1=0x6ffff6f198ac) -> 0x7b930c30
339 612 kernel32.dll!GetProcAddress (arg0=0x7b8b0000, arg1=0x6ffff6f198ba) -> 0x7b930d00
340 612 kernel32.dll!GetProcAddress (arg0=0x7b8b0000, arg1=0x6ffff6f198c9) -> 0x7b930dc0
341 612 kernel32.dll!GetProcAddress (arg0=0x7b8b0000, arg1=0x6ffff6f198d7) -> 0x7b930e90
342 612 kernel32.dll!GetProcAddress (arg0=0x7b8b0000, arg1=0x6ffff6f198e6) -> 0x7b930f50
343 612 kernel32.dll!GetProcAddress (arg0=0x7b8b0000, arg1=0x6ffff6f198f4) -> 0x7b931010
344 612 kernel32.dll!GetProcAddress (arg0=0x7b8b0000, arg1=0x6ffff6f19903) -> 0x7b9310d0
345 612 kernel32.dll!GetProcAddress (arg0=0x7b8b0000, arg1=0x6ffff6f19911) -> 0x7b9311a0
346 612 kernel32.dll!GetProcAddress (arg0=0x7b8b0000, arg1=0x6ffff6f19920) -> 0x7b9313e0
347 612 kernel32.dll!GetProcAddress (arg0=0x7b8b0000, arg1=0x6ffff6f1992e) -> 0x7b9314b0
348 612 kernel32.dll!GetProcAddress (arg0=0x7b8b0000, arg1=0x6ffff6f1993d) -> 0x7b931570
349 612 kernel32.dll!GetProcAddress (arg0=0x7b8b0000, arg1=0x6ffff6f1994b) -> 0x7b931650
350 612 kernel32.dll!GetProcAddress (arg0=0x7b8b0000, arg1=0x6ffff6f1995a) -> 0x7b931710
351 612 kernel32.dll!GetProcAddress (arg0=0x7b8b0000, arg1=0x6ffff6f19968) -> 0x7b9317e0
352 612 kernel32.dll!GetProcAddress (arg0=0x7b8b0000, arg1=0x6ffff6f19977) -> 0x7b9318a0
353 612 kernel32.dll!GetProcAddress (arg0=0x7b8b0000, arg1=0x6ffff6f19985) -> 0x7b931970
354 612 kernel32.dll!GetProcAddress (arg0=0x7b8b0000, arg1=0x6ffff6f19994) -> 0x7b931bc0
355 612 kernel32.dll!GetProcAddress (arg0=0x7b8b0000, arg1=0x6ffff6f199a2) -> 0x7b931ca0
356 612 kernel32.dll!GetProcAddress (arg0=0x7b8b0000, arg1=0x6ffff6f199b1) -> 0x7b931d60
357 612 kernel32.dll!GetProcAddress (arg0=0x7b8b0000, arg1=0x6ffff6f199bf) -> 0x7b931e50
358 612 kernel32.dll!GetProcAddress (arg0=0x7b8b0000, arg1=0x6ffff6f199ce) -> 0x7b931f10
359 612 kernel32.dll!GetProcAddress (arg0=0x7b8b0000, arg1=0x6ffff6f199dc) -> 0x7b932000
360 612 kernel32.dll!GetProcAddress (arg0=0x7b8b0000, arg1=0x6ffff6f199eb) -> 0x7b9320c0
361 612 kernel32.dll!GetProcAddress (arg0=0x7b8b0000, arg1=0x6ffff6f199f9) -> 0x7b9321c0
362 612 kernel32.dll!GetProcAddress (arg0=0x7b8b0000, arg1=0x6ffff6f19a08) -> 0x7b9324f0
363 612 kernel32.dll!GetProcAddress (arg0=0x7b8b0000, arg1=0x6ffff6f19a15) -> 0x7b932770
364 612 kernel32.dll!GetProcAddress (arg0=0x7b8b0000, arg1=0x6ffff6f19a22) -> 0x7b932b20
365 612 kernel32.dll!GetProcAddress (arg0=0x7b8b0000, arg1=0x6ffff6f19a2a) -> 0x7b932c00
366 612 kernel32.dll!GetProcAddress (arg0=0x7b8b0000, arg1=0x6ffff6f19a33) -> 0x7b932cd0
367 612 kernel32.dll!GetProcAddress (arg0=0x7b8b0000, arg1=0x6ffff6f19a3b) -> 0x7b932dc0
368 612 kernel32.dll!GetProcAddress (arg0=0x7b8b0000, arg1=0x6ffff6f19a44) -> 0x7b932e90
369 612 kernel32.dll!GetProcAddress (arg0=0x7b8b0000, arg1=0x6ffff6f19a4c) -> 0x7b932f80
370 612 kernel32.dll!GetProcAddress (arg0=0x7b8b0000, arg1=0x6ffff6f19a55) -> 0x7b933050
371 612 kernel32.dll!GetProcAddress (arg0=0x7b8b0000, arg1=0x6ffff6f19a5d) -> 0x7b933150
372 612 kernel32.dll!GetProcAddress (arg0=0x7b8b0000, arg1=0x6ffff6f19a66) -> 0x7b933730
373 612 kernel32.dll!GetProcAddress (arg0=0x7b8b0000, arg1=0x6ffff6f19a73) -> 0x7b935ed0
374 612 kernel32.dll!GetProcAddress (arg0=0x7b8b0000, arg1=0x6ffff6f19a7d) -> 0x7b935fb0
375 612 kernel32.dll!GetProcAddress (arg0=0x7b8b0000, arg1=0x6ffff6f19a87) -> 0x7b937010
376 612 kernel32.dll!GetProcAddress (arg0=0x7b8b0000, arg1=0x6ffff6f19a90) -> 0x7b9370e0
377 612 kernel32.dll!GetProcAddress (arg0=0x7b8b0000, arg1=0x6ffff6f19a99) -> 0x7b937360
378 612 kernel32.dll!GetProcAddress (arg0=0x7b8b0000, arg1=0x6ffff6f19aa3) -> 0x7b939840
379 612 kernel32.dll!GetProcAddress (arg0=0x7b8b0000, arg1=0x6ffff6f19ab2) -> 0x7b93a480
380 612 kernel32.dll!GetProcAddress (arg0=0x7b8b0000, arg1=0x6ffff6f19abf) -> 0x7b93c390
381 612 kernel32.dll!GetProcAddress (arg0=0x7b8b0000, arg1=0x6ffff6f19acd) -> 0x7b93c600
382 612 kernel32.dll!GetProcAddress (arg0=0x7b8b0000, arg1=0x6ffff6f19adb) -> 0x7b93c780
383 612 kernel32.dll!GetProcAddress (arg0=0x7b8b0000, arg1=0x6ffff6f19ae7) -> 0x7b93edc0
384 612 kernel32.dll!GetProcAddress (arg0=0x7b8b0000, arg1=0x6ffff6f19af4) -> 0x7b93ee80
385 612 kernel32.dll!GetProcAddress (arg0=0x7b8b0000, arg1=0x6ffff6f19b02) -> 0x7b93ef40
386 612 kernel32.dll!GetProcAddress (arg0=0x7b8b0000, arg1=0x6ffff6f19b0f) -> 0x7b93f000
387 612 kernel32.dll!GetProcAddress (arg0=0x7b8b0000, arg1=0x6ffff6f19b1d) -> 0x7b93f240
388 612 kernel32.dll!GetProcAddress (arg0=0x7b8b0000, arg1=0x6ffff6f19b2a) -> 0x7b93f300
389 612 kernel32.dll!GetProcAddress (arg0=0x7b8b0000, arg1=0x6ffff6f19b38) -> 0x7b93f3c0
390 612 kernel32.dll!GetProcAddress (arg0=0x7b8b0000, arg1=0x6ffff6f19b45) -> 0x7b93f480
391 612 kernel32.dll!GetProcAddress (arg0=0x7b8b0000, arg1=0x6ffff6f19b53) -> 0x7b93f840
392 612 kernel32.dll!GetProcAddress (arg0=0x7b8b0000, arg1=0x6ffff6f19b60) -> 0x7b93f910
393 612 kernel32.dll!GetProcAddress (arg0=0x7b8b0000, arg1=0x6ffff6f19b6e) -> 0x7b93f9d0
394 612 kernel32.dll!GetProcAddress (arg0=0x7b8b0000, arg1=0x6ffff6f19b7b) -> 0x7b9406f0
395 612 kernel32.dll!GetProcAddress (arg0=0x7b8b0000, arg1=0x6ffff6f19b89) -> 0x7b940940
396 612 kernel32.dll!GetProcAddress (arg0=0x7b8b0000, arg1=0x6ffff6f19b96) -> 0x7b940a00
397 612 kernel32.dll!GetProcAddress (arg0=0x7b8b0000, arg1=0x6ffff6f19ba4) -> 0x7b940ac0
398 612 kernel32.dll!GetProcAddress (arg0=0x7b8b0000, arg1=0x6ffff6f19bb1) -> 0x7b940b90
399 612 kernel32.dll!GetProcAddress (arg0=0x7b8b0000, arg1=0x6ffff6f19bbf) -> 0x7b940f60
400 612 kernel32.dll!GetProcAddress (arg0=0x7b8b0000, arg1=0x6ffff6f19bcc) -> 0x7b941030
401 612 kernel32.dll!GetProcAddress (arg0=0x7b8b0000, arg1=0x6ffff6f19bda) -> 0x7b9410f0
402 612 kernel32.dll!GetProcAddress (arg0=0x7b8b0000, arg1=0x6ffff6f19be7) -> 0x7b9411d0
403 612 kernel32.dll!GetProcAddress (arg0=0x7b8b0000, arg1=0x6ffff6f19bf5) -> 0x7b941420
404 612 kernel32.dll!GetProcAddress (arg0=0x7b8b0000, arg1=0x6ffff6f19c02) -> 0x7b9414f0
405 612 kernel32.dll!GetProcAddress (arg0=0x7b8b0000, arg1=0x6ffff6f19c10) -> 0x7b9415b0
406 612 kernel32.dll!GetProcAddress (arg0=0x7b8b0000, arg1=0x6ffff6f19c1d) -> 0x7b941680
407 612 kernel32.dll!GetProcAddress (arg0=0x7b8b0000, arg1=0x6ffff6f19c2b) -> 0x7b941a80
408 612 kernel32.dll!GetProcAddress (arg0=0x7b8b0000, arg1=0x6ffff6f19c38) -> 0x7b941b60
409 612 kernel32.dll!GetProcAddress (arg0=0x7b8b0000, arg1=0x6ffff6f19c46) -> 0x7b941c20
410 612 kernel32.dll!GetProcAddress (arg0=0x7b8b0000, arg1=0x6ffff6f19c53) -> 0x7b942360
411 612 kernel32.dll!GetProcAddress (arg0=0x7b8b0000, arg1=0x6ffff6f19c61) -> 0x7b9425e0
412 612 kernel32.dll!GetProcAddress (arg0=0x7b8b0000, arg1=0x6ffff6f19c6e) -> 0x7b9426d0
413 612 kernel32.dll!GetProcAddress (arg0=0x7b8b0000, arg1=0x6ffff6f19c7c) -> 0x7b942790
414 612 kernel32.dll!GetProcAddress (arg0=0x7b8b0000, arg1=0x6ffff6f19c89) -> 0x7b942890
415 612 kernel32.dll!GetProcAddress (arg0=0x7b8b0000, arg1=0x6ffff6f19c97) -> 0x7b943210
416 612 kernel32.dll!GetProcAddress (arg0=0x7b8b0000, arg1=0x6ffff6f19ca9) -> 0x7b943570
417 612 kernel32.dll!GetProcAddress (arg0=0x7b8b0000, arg1=0x6ffff6f19cb3) -> 0x7b943640
418 612 kernel32.dll!GetProcAddress (arg0=0x7b8b0000, arg1=0x6ffff6f19cbe) -> 0x7b943710
419 612 kernel32.dll!GetProcAddress (arg0=0x7b8b0000, arg1=0x6ffff6f19cc8) -> 0x7b9437e0
420 612 kernel32.dll!GetProcAddress (arg0=0x7b8b0000, arg1=0x6ffff6f19cd3) -> 0x7b943cc0
421 612 kernel32.dll!GetProcAddress (arg0=0x7b8b0000, arg1=0x6ffff6f19cdd) -> 0x7b943d90
422 612 kernel32.dll!GetProcAddress (arg0=0x7b8b0000, arg1=0x6ffff6f19ce8) -> 0x7b943e60
423 612 kernel32.dll!GetProcAddress (arg0=0x7b8b0000, arg1=0x6ffff6f19cf2) -> 0x7b943f30
424 612 kernel32.dll!GetProcAddress (arg0=0x7b8b0000, arg1=0x6ffff6f19cfd) -> 0x7b944000
425 612 kernel32.dll!GetProcAddress (arg0=0x7b8b0000, arg1=0x6ffff6f19d07) -> 0x7b9440d0
426 612 kernel32.dll!GetProcAddress (arg0=0x7b8b0000, arg1=0x6ffff6f19d12) -> 0x7b944340
427 612 kernel32.dll!GetProcAddress (arg0=0x7b8b0000, arg1=0x6ffff6f18654) -> 0x7b944480
428 612 kernel32.dll!GetProcAddress (arg0=0x7b8b0000, arg1=0x6ffff6f19d1f) -> 0x7b9455a0
429 612 kernel32.dll!GetProcAddress (arg0=0x7b8b0000, arg1=0x6ffff6f19d2f) -> 0x7b945670
430 612 kernel32.dll!GetProcAddress (arg0=0x7b8b0000, arg1=0x6ffff6f19d40) -> 0x7b945740
431 612 kernel32.dll!GetProcAddress (arg0=0x7b8b0000, arg1=0x6ffff6f19d50) -> 0x7b945810
432 612 kernel32.dll!GetProcAddress (arg0=0x7b8b0000, arg1=0x6ffff6f19d61) -> 0x7b946d70
433 612 kernel32.dll!GetProcAddress (arg0=0x7b8b0000, arg1=0x6ffff6f186c1) -> 0x7b946f90
434 612 kernel32.dll!GetProcAddress (arg0=0x7b8b0000, arg1=0x6ffff6f19d71) -> 0x7b94cc80
435 612 kernel32.dll!GetProcAddress (arg0=0x7b8b0000, arg1=0x6ffff6f19d7e) -> 0x7b94cd50
436 612 kernel32.dll!GetProcAddress (arg0=0x7b8b0000, arg1=0x6ffff6f19d8b) -> 0x7b956040
437 612 kernel32.dll!GetProcAddress (arg0=0x7b8b0000, arg1=0x6ffff6f19d96) -> 0x7b956110
438 612 kernel32.dll!GetProcAddress (arg0=0x7b8b0000, arg1=0x6ffff6f19da2) -> 0x7b9561d0
439 612 kernel32.dll!GetProcAddress (arg0=0x7b8b0000, arg1=0x6ffff6f19dad) -> 0x7b9562a0
440 612 kernel32.dll!GetProcAddress (arg0=0x7b8b0000, arg1=0x6ffff6f19db9) -> 0x7b9564f0
441 612 kernel32.dll!GetProcAddress (arg0=0x7b8b0000, arg1=0x6ffff6f19dc4) -> 0x7b9565b0
442 612 kernel32.dll!GetProcAddress (arg0=0x7b8b0000, arg1=0x6ffff6f19dd0) -> 0x7b956670
443 612 kernel32.dll!GetProcAddress (arg0=0x7b8b0000, arg1=0x6ffff6f19ddb) -> 0x7b956740
444 612 kernel32.dll!GetProcAddress (arg0=0x7b8b0000, arg1=0x6ffff6f19de7) -> 0x7b956b10
445 612 kernel32.dll!GetProcAddress (arg0=0x7b8b0000, arg1=0x6ffff6f19df2) -> 0x7b956be0
446 612 kernel32.dll!GetProcAddress (arg0=0x7b8b0000, arg1=0x6ffff6f19dfe) -> 0x7b956ca0
447 612 kernel32.dll!GetProcAddress (arg0=0x7b8b0000, arg1=0x6ffff6f19e09) -> 0x7b956d80
448 612 kernel32.dll!GetProcAddress (arg0=0x7b8b0000, arg1=0x6ffff6f19e15) -> 0x7b956fd0
449 612 kernel32.dll!GetProcAddress (arg0=0x7b8b0000, arg1=0x6ffff6f19e20) -> 0x7b9570a0
450 612 kernel32.dll!GetProcAddress (arg0=0x7b8b0000, arg1=0x6ffff6f19e2c) -> 0x7b957160
451 612 kernel32.dll!GetProcAddress (arg0=0x7b8b0000, arg1=0x6ffff6f19e37) -> 0x7b957230
452 612 kernel32.dll!GetProcAddress (arg0=0x7b8b0000, arg1=0x6ffff6f19e43) -> 0x7b957620
453 612 kernel32.dll!GetProcAddress (arg0=0x7b8b0000, arg1=0x6ffff6f19e4e) -> 0x7b957700
454 612 kernel32.dll!GetProcAddress (arg0=0x7b8b0000, arg1=0x6ffff6f19e5a) -> 0x7b9577c0
455 612 kernel32.dll!GetProcAddress (arg0=0x7b8b0000, arg1=0x6ffff6f19e65) -> 0x7b9578b0
456 612 kernel32.dll!GetProcAddress (arg0=0x7b8b0000, arg1=0x6ffff6f19e71) -> 0x7b957b30
457 612 kernel32.dll!GetProcAddress (arg0=0x7b8b0000, arg1=0x6ffff6f19e7c) -> 0x7b957c20
458 612 kernel32.dll!GetProcAddress (arg0=0x7b8b0000, arg1=0x6ffff6f19e88) -> 0x7b957ce0
459 612 kernel32.dll!GetProcAddress (arg0=0x7b8b0000, arg1=0x6ffff6f19e93) -> 0x7b957de0
460 612 kernel32.dll!GetProcAddress (arg0=0x7b8b0000, arg1=0x6ffff6f19e9f) -> 0x7b966a10
461 612 kernel32.dll!GetProcAddress (arg0=0x7b8b0000, arg1=0x6ffff6f18c80) -> 0x7b968f80
462 612 kernel32.dll!GetProcAddress (arg0=0x7b8b0000, arg1=0x6ffff6f19eaf) -> 0x7b971b50
463 612 kernel32.dll!GetProcAddress (arg0=0x7b8b0000, arg1=0x6ffff6f19ebe) -> 0x7b9707b0
464 612 opengl32.dll!wglGetCurrentDC () -> 0x0
465 612 kernel32.dll!LoadLibraryW (arg0=0x6ffffdd74300) -> 0x7b8b0000
466 612 kernel32.dll!GetProcAddress (arg0=0x7b8b0000, arg1=0x6ffffdd7431a) -> 0x7b96e120
467 612 kernel32.dll!GetProcAddress (arg0=0x6fffffbc0000, arg1=0x7b9f0881) -> 0x6fffffc09f10
468 612 gdi32.dll!ChoosePixelFormat (arg0=0x1d01004d, arg1=0x7ffffe13ec10) -> 0x67
469 612 kernel32.dll!GetProcAddress (arg0=0x7b8b0000, arg1=0x6ffffdd7432f) -> 0x7b9701a0
470 612 gdi32.dll!DescribePixelFormat (arg0=0x1d01004d, arg1=0x67, arg2=0x28, arg3=0x7ffffe13ec10) -> 0xc8
471 612 kernel32.dll!GetProcAddress (arg0=0x7b8b0000, arg1=0x6ffffdd74358) -> 0x7b9718a0
472 612 gdi32.dll!SetPixelFormat (arg0=0x1d01004d, arg1=0x67, arg2=0x7ffffe13ec10) -> 0x1
473 612 opengl32.dll!wglCreateContext (arg0=0x1d01004d) -> 0x10001
474 612 opengl32.dll!wglMakeCurrent (arg0=0x1d01004d, arg1=0x10001) -> 0x1
475 612 opengl32.dll!wglGetProcAddress (arg0=0x6ffff6f19f25) -> 0x7b96f990
476 612 opengl32.dll!wglMakeCurrent (arg0=0x1d01004d, arg1=0x10002) -> 0x1
477 612 opengl32.dll!wglDeleteContext (arg0=0x10001) -> 0x1
478 612 opengl32.dll!wglGetProcAddress (arg0=0x6ffff6f14740) -> 0x0
479 612 opengl32.dll!wglGetProcAddress (arg0=0x6ffff6f14754) -> 0x0
480 612 opengl32.dll!wglGetProcAddress (arg0=0x6ffff6f14767) -> 0x0
481 612 opengl32.dll!wglGetProcAddress (arg0=0x6ffff6f1477b) -> 0x0
482 612 opengl32.dll!wglGetProcAddress (arg0=0x6ffff6f1478c) -> 0x0
483 612 opengl32.dll!wglGetProcAddress (arg0=0x6ffff6f1479b) -> 0x0
484 612 opengl32.dll!wglGetProcAddress (arg0=0x6ffff6f147ab) -> 0x0
485 612 opengl32.dll!wglGetProcAddress (arg0=0x6ffff6f147bc) -> 0x0
486 612 opengl32.dll!wglGetProcAddress (arg0=0x6ffff6f147ce) -> 0x0
487 612 opengl32.dll!wglGetProcAddress (arg0=0x6ffff6f147e6) -> 0x0
488 612 opengl32.dll!wglGetProcAddress (arg0=0x6ffff6f14808) -> 0x7b8d7da0
489 612 opengl32.dll!wglGetProcAddress (arg0=0x6ffff6f14830) -> 0x7b8d9230
490 612 opengl32.dll!wglGetProcAddress (arg0=0x6ffff6f1485e) -> 0x7b8bc430
491 612 opengl32.dll!wglGetProcAddress (arg0=0x6ffff6f1487c) -> 0x7b8e9750
492 612 opengl32.dll!wglGetProcAddress (arg0=0x6ffff6f1488f) -> 0x7b8c1ae0
493 612 opengl32.dll!wglGetProcAddress (arg0=0x6ffff6f1489f) -> 0x7b8c28c0
494 612 opengl32.dll!wglGetProcAddress (arg0=0x6ffff6f148b1) -> 0x7b8c29c0
495 612 opengl32.dll!wglGetProcAddress (arg0=0x6ffff6f148c6) -> 0x7b8c4220
496 612 opengl32.dll!wglGetProcAddress (arg0=0x6ffff6f148d6) -> 0x7b8c4340
497 612 opengl32.dll!wglGetProcAddress (arg0=0x6ffff6f148e9) -> 0x7b8c4b70
498 612 opengl32.dll!wglGetProcAddress (arg0=0x6ffff6f148f7) -> 0x0
499 612 opengl32.dll!wglGetProcAddress (arg0=0x6ffff6f14907) -> 0x7b8d76f0
500 612 opengl32.dll!wglGetProcAddress (arg0=0x6ffff6f14919) -> 0x7b8d78d0
501 612 opengl32.dll!wglGetProcAddress (arg0=0x6ffff6f14933) -> 0x7b8cd140
502 612 opengl32.dll!wglGetProcAddress (arg0=0x6ffff6f14947) -> 0x7b8cd9c0
503 612 opengl32.dll!wglGetProcAddress (arg0=0x6ffff6f1495a) -> 0x7b8d2040
504 612 opengl32.dll!wglGetProcAddress (arg0=0x6ffff6f14974) -> 0x7b8d2210
505 612 opengl32.dll!wglGetProcAddress (arg0=0x6ffff6f1498d) -> 0x7b8d25f0
506 612 opengl32.dll!wglGetProcAddress (arg0=0x6ffff6f149a5) -> 0x7b8e8750
507 612 opengl32.dll!wglGetProcAddress (arg0=0x6ffff6f149bd) -> 0x7b8d8210
508 612 opengl32.dll!wglGetProcAddress (arg0=0x6ffff6f149ce) -> 0x7b8c0100
509 612 opengl32.dll!wglGetProcAddress (arg0=0x6ffff6f149e2) -> 0x7b8bff70
510 612 opengl32.dll!wglGetProcAddress (arg0=0x6ffff6f149fe) -> 0x7b8c09f0
511 612 opengl32.dll!wglGetProcAddress (arg0=0x6ffff6f14a0e) -> 0x7b8c0820
512 612 opengl32.dll!wglGetProcAddress (arg0=0x6ffff6f14a26) -> 0x7b8d8cc0
513 612 opengl32.dll!wglGetProcAddress (arg0=0x6ffff6f14a40) -> 0x7b8d9130
514 612 opengl32.dll!wglGetProcAddress (arg0=0x6ffff6f14a62) -> 0x7b8d9b90
515 612 opengl32.dll!wglGetProcAddress (arg0=0x6ffff6f14a80) -> 0x7b90cd70
516 612 opengl32.dll!wglGetProcAddress (arg0=0x6ffff6f14a9e) -> 0x7b8d7b30
517 612 opengl32.dll!wglGetProcAddress (arg0=0x6ffff6f14ab3) -> 0x7b8d8da0
518 612 opengl32.dll!wglGetProcAddress (arg0=0x6ffff6f14aca) -> 0x7b8d7cd0
519 612 opengl32.dll!wglGetProcAddress (arg0=0x6ffff6f14ae3) -> 0x7b8d8f50
520 612 opengl32.dll!wglGetProcAddress (arg0=0x6ffff6f14afe) -> 0x7b9335c0
521 612 opengl32.dll!wglGetProcAddress (arg0=0x6ffff6f14b16) -> 0x7b93a540
522 612 opengl32.dll!wglGetProcAddress (arg0=0x6ffff6f14b25) -> 0x7b8f50e0
523 612 opengl32.dll!wglGetProcAddress (arg0=0x6ffff6f14b40) -> 0x7b8d6740
524 612 opengl32.dll!wglGetProcAddress (arg0=0x6ffff6f14b4e) -> 0x7b8c3450
525 612 opengl32.dll!wglGetProcAddress (arg0=0x6ffff6f14b5c) -> 0x7b8e0650
526 612 opengl32.dll!wglGetProcAddress (arg0=0x6ffff6f14b74) -> 0x7b8bc640
527 612 opengl32.dll!wglGetProcAddress (arg0=0x6ffff6f14b86) -> 0x7b8bd380
528 612 opengl32.dll!wglGetProcAddress (arg0=0x6ffff6f14b99) -> 0x7b8c0b80
529 612 opengl32.dll!wglGetProcAddress (arg0=0x6ffff6f14bab) -> 0x7b8c2100
530 612 opengl32.dll!wglGetProcAddress (arg0=0x6ffff6f14bc4) -> 0x7b8d3490
531 612 opengl32.dll!wglGetProcAddress (arg0=0x6ffff6f14bd9) -> 0x7b8d4af0
532 612 opengl32.dll!wglGetProcAddress (arg0=0x6ffff6f14bef) -> 0x7b8e0900
533 612 opengl32.dll!wglGetProcAddress (arg0=0x6ffff6f14c09) -> 0x7b8e0ed0
534 612 opengl32.dll!wglGetProcAddress (arg0=0x6ffff6f14c1e) -> 0x7b8e0fd0
535 612 opengl32.dll!wglGetProcAddress (arg0=0x6ffff6f14c35) -> 0x7b8e1210
536 612 opengl32.dll!wglGetProcAddress (arg0=0x6ffff6f14c4c) -> 0x7b8e1450
537 612 opengl32.dll!wglGetProcAddress (arg0=0x6ffff6f14c63) -> 0x7b8e1ad0
538 612 opengl32.dll!wglGetProcAddress (arg0=0x6ffff6f14c7d) -> 0x7b8e2bc0
539 612 opengl32.dll!wglGetProcAddress (arg0=0x6ffff6f14c8f) -> 0x7b8e36b0
540 612 opengl32.dll!wglGetProcAddress (arg0=0x6ffff6f14ca2) -> 0x7b8e4120
541 612 opengl32.dll!wglGetProcAddress (arg0=0x6ffff6f14cb8) -> 0x7b8e9de0
542 612 opengl32.dll!wglGetProcAddress (arg0=0x6ffff6f14cde) -> 0x7b8f4750
543 612 opengl32.dll!wglGetProcAddress (arg0=0x6ffff6f14cfb) -> 0x7b9021f0
544 612 opengl32.dll!wglGetProcAddress (arg0=0x6ffff6f14d0b) -> 0x7b903370
545 612 opengl32.dll!wglGetProcAddress (arg0=0x6ffff6f14d1c) -> 0x7b9337f0
546 612 opengl32.dll!wglGetProcAddress (arg0=0x6ffff6f14d38) -> 0x7b933990
547 612 opengl32.dll!wglGetProcAddress (arg0=0x6ffff6f14d59) -> 0x0
548 612 opengl32.dll!wglGetProcAddress (arg0=0x6ffff6f14d71) -> 0x0
549 612 opengl32.dll!wglGetProcAddress (arg0=0x6ffff6f14d8d) -> 0x0
550 612 opengl32.dll!wglGetProcAddress (arg0=0x6ffff6f14daa) -> 0x0
551 612 opengl32.dll!wglGetProcAddress (arg0=0x6ffff6f14dc1) -> 0x7b95fe20
552 612 opengl32.dll!wglGetProcAddress (arg0=0x6ffff6f14dda) -> 0x7b8eba30
553 612 opengl32.dll!wglGetProcAddress (arg0=0x6ffff6f14df0) -> 0x7b8eb960
554 612 opengl32.dll!wglGetProcAddress (arg0=0x6ffff6f14e08) -> 0x7b8dddb0
555 612 opengl32.dll!wglGetProcAddress (arg0=0x6ffff6f14e21) -> 0x7b9080b0
556 612 opengl32.dll!wglGetProcAddress (arg0=0x6ffff6f14e32) -> 0x0
557 612 opengl32.dll!wglGetProcAddress (arg0=0x6ffff6f14e46) -> 0x0
558 612 opengl32.dll!wglGetProcAddress (arg0=0x6ffff6f14e59) -> 0x0
559 612 opengl32.dll!wglGetProcAddress (arg0=0x6ffff6f14e72) -> 0x0
560 612 opengl32.dll!wglGetProcAddress (arg0=0x6ffff6f14e87) -> 0x0
561 612 opengl32.dll!wglGetProcAddress (arg0=0x6ffff6f14e9d) -> 0x0
562 612 opengl32.dll!wglGetProcAddress (arg0=0x6ffff6f14eb2) -> 0x0
563 612 opengl32.dll!wglGetProcAddress (arg0=0x6ffff6f14ec8) -> 0x0
564 612 opengl32.dll!wglGetProcAddress (arg0=0x6ffff6f14ede) -> 0x0
565 612 opengl32.dll!wglGetProcAddress (arg0=0x6ffff6f14ef3) -> 0x0
566 612 opengl32.dll!wglGetProcAddress (arg0=0x6ffff6f14f09) -> 0x0
567 612 opengl32.dll!wglGetProcAddress (arg0=0x6ffff6f14f1e) -> 0x0
568 612 opengl32.dll!wglGetProcAddress (arg0=0x6ffff6f14f34) -> 0x0
569 612 opengl32.dll!wglGetProcAddress (arg0=0x6ffff6f14f4a) -> 0x0
570 612 opengl32.dll!wglGetProcAddress (arg0=0x6ffff6f14f5a) -> 0x0
571 612 opengl32.dll!wglGetProcAddress (arg0=0x6ffff6f14f6d) -> 0x0
572 612 opengl32.dll!wglGetProcAddress (arg0=0x6ffff6f14f7b) -> 0x0
573 612 opengl32.dll!wglGetProcAddress (arg0=0x6ffff6f14f8b) -> 0x0
574 612 opengl32.dll!wglGetProcAddress (arg0=0x6ffff6f14f9b) -> 0x0
575 612 opengl32.dll!wglGetProcAddress (arg0=0x6ffff6f14fb1) -> 0x0
576 612 opengl32.dll!wglGetProcAddress (arg0=0x6ffff6f14fc8) -> 0x0
577 612 opengl32.dll!wglGetProcAddress (arg0=0x6ffff6f14fd5) -> 0x0
578 612 opengl32.dll!wglGetProcAddress (arg0=0x6ffff6f14fea) -> 0x0
579 612 opengl32.dll!wglGetProcAddress (arg0=0x6ffff6f15000) -> 0x7b921b20
580 612 opengl32.dll!wglGetProcAddress (arg0=0x6ffff6f15015) -> 0x7b930120
581 612 opengl32.dll!wglGetProcAddress (arg0=0x6ffff6f15027) -> 0x7b90bbb0
582 612 opengl32.dll!wglGetProcAddress (arg0=0x6ffff6f1503d) -> 0x7b8e3870
583 612 opengl32.dll!wglGetProcAddress (arg0=0x6ffff6f1504b) -> 0x7b8d4f30
584 612 opengl32.dll!wglGetProcAddress (arg0=0x6ffff6f1505c) -> 0x7b903530
585 612 opengl32.dll!wglGetProcAddress (arg0=0x6ffff6f15068) -> 0x7b8bd5a0
586 612 opengl32.dll!wglGetProcAddress (arg0=0x6ffff6f15076) -> 0x7b936e20
587 612 opengl32.dll!wglGetProcAddress (arg0=0x6ffff6f1508a) -> 0x7b936c30
588 612 opengl32.dll!wglGetProcAddress (arg0=0x6ffff6f1509e) -> 0x7b936f20
589 612 opengl32.dll!wglGetProcAddress (arg0=0x6ffff6f150b3) -> 0x7b936d30
590 612 opengl32.dll!wglGetProcAddress (arg0=0x6ffff6f150c8) -> 0x7b936a50
591 612 opengl32.dll!wglGetProcAddress (arg0=0x6ffff6f150de) -> 0x7b936b40
592 612 opengl32.dll!wglGetProcAddress (arg0=0x6ffff6f150f5) -> 0x7b8f4b70
593 612 opengl32.dll!wglGetProcAddress (arg0=0x6ffff6f1510d) -> 0x7b8f4a90
594 612 opengl32.dll!wglGetProcAddress (arg0=0x6ffff6f15125) -> 0x7b8f48d0
595 612 opengl32.dll!wglGetProcAddress (arg0=0x6ffff6f1513e) -> 0x7b8f49b0
596 612 opengl32.dll!wglGetProcAddress (arg0=0x6ffff6f15158) -> 0x7b8e4550
597 612 opengl32.dll!wglGetProcAddress (arg0=0x6ffff6f15179) -> 0x7b8bc860
598 612 opengl32.dll!wglGetProcAddress (arg0=0x6ffff6f1518c) -> 0x7b90b7c0
599 612 opengl32.dll!wglGetProcAddress (arg0=0x6ffff6f1519c) -> 0x7b8ba220
600 612 opengl32.dll!wglGetProcAddress (arg0=0x6ffff6f151ae) -> 0x7b8bb100
601 612 opengl32.dll!wglGetProcAddress (arg0=0x6ffff6f151c6) -> 0x7b8c9b10
602 612 opengl32.dll!wglGetProcAddress (arg0=0x6ffff6f151d9) -> 0x7b8d0cf0
603 612 opengl32.dll!wglGetProcAddress (arg0=0x6ffff6f151f2) -> 0x7b8d1390
604 612 opengl32.dll!wglGetProcAddress (arg0=0x6ffff6f1520a) -> 0x7b8d3d80
605 612 opengl32.dll!wglGetProcAddress (arg0=0x6ffff6f1521c) -> 0x7b8d6a60
606 612 opengl32.dll!wglGetProcAddress (arg0=0x6ffff6f1522e) -> 0x7b8e4d80
607 612 opengl32.dll!wglGetProcAddress (arg0=0x6ffff6f15244) -> 0x7b8e55c0
608 612 opengl32.dll!wglGetProcAddress (arg0=0x6ffff6f1525c) -> 0x7b8e5ff0
609 612 opengl32.dll!wglGetProcAddress (arg0=0x6ffff6f15273) -> 0x7b8ea4b0
610 612 opengl32.dll!wglGetProcAddress (arg0=0x6ffff6f15282) -> 0x7b8eb000
611 612 opengl32.dll!wglGetProcAddress (arg0=0x6ffff6f15292) -> 0x7b8efbd0
612 612 opengl32.dll!wglGetProcAddress (arg0=0x6ffff6f152ac) -> 0x7b8efd70
613 612 opengl32.dll!wglGetProcAddress (arg0=0x6ffff6f152c6) -> 0x7b8f5290
614 612 opengl32.dll!wglGetProcAddress (arg0=0x6ffff6f152db) -> 0x7b8f90a0
615 612 opengl32.dll!wglGetProcAddress (arg0=0x6ffff6f152f3) -> 0x7b8f9500
616 612 opengl32.dll!wglGetProcAddress (arg0=0x6ffff6f15305) -> 0x7b8f9880
617 612 opengl32.dll!wglGetProcAddress (arg0=0x6ffff6f15317) -> 0x7b905850
618 612 opengl32.dll!wglGetProcAddress (arg0=0x6ffff6f15328) -> 0x7b93ab50
619 612 opengl32.dll!wglGetProcAddress (arg0=0x6ffff6f1533a) -> 0x7b94d240
620 612 opengl32.dll!wglGetProcAddress (arg0=0x6ffff6f15349) -> 0x7b94d3e0
621 612 opengl32.dll!wglGetProcAddress (arg0=0x6ffff6f15359) -> 0x7b94d8f0
622 612 opengl32.dll!wglGetProcAddress (arg0=0x6ffff6f15368) -> 0x7b94da80
623 612 opengl32.dll!wglGetProcAddress (arg0=0x6ffff6f15378) -> 0x7b94e460
624 612 opengl32.dll!wglGetProcAddress (arg0=0x6ffff6f15387) -> 0x7b94e600
625 612 opengl32.dll!wglGetProcAddress (arg0=0x6ffff6f15397) -> 0x7b94ebc0
626 612 opengl32.dll!wglGetProcAddress (arg0=0x6ffff6f153a6) -> 0x7b94ed60
627 612 opengl32.dll!wglGetProcAddress (arg0=0x6ffff6f153b6) -> 0x7b94f830
628 612 opengl32.dll!wglGetProcAddress (arg0=0x6ffff6f153c5) -> 0x7b94f9f0
629 612 opengl32.dll!wglGetProcAddress (arg0=0x6ffff6f153d5) -> 0x7b950050
630 612 opengl32.dll!wglGetProcAddress (arg0=0x6ffff6f153e4) -> 0x7b950210
631 612 opengl32.dll!wglGetProcAddress (arg0=0x6ffff6f153f4) -> 0x7b950d80
632 612 opengl32.dll!wglGetProcAddress (arg0=0x6ffff6f15403) -> 0x7b950f50
633 612 opengl32.dll!wglGetProcAddress (arg0=0x6ffff6f15413) -> 0x7b951680
634 612 opengl32.dll!wglGetProcAddress (arg0=0x6ffff6f15422) -> 0x7b951850
635 612 opengl32.dll!wglGetProcAddress (arg0=0x6ffff6f15432) -> 0x7b952950
636 612 opengl32.dll!wglGetProcAddress (arg0=0x6ffff6f15448) -> 0x7b952f00
637 612 opengl32.dll!wglGetProcAddress (arg0=0x6ffff6f1545e) -> 0x7b9534b0
638 612 opengl32.dll!wglGetProcAddress (arg0=0x6ffff6f15474) -> 0x7b9543f0
639 612 opengl32.dll!wglGetProcAddress (arg0=0x6ffff6f1548a) -> 0x7b9554b0
640 612 opengl32.dll!wglGetProcAddress (arg0=0x6ffff6f1549f) -> 0x7b93ac50
641 612 opengl32.dll!wglGetProcAddress (arg0=0x6ffff6f154bb) -> 0x7b8c4a30
642 612 opengl32.dll!wglGetProcAddress (arg0=0x6ffff6f154cc) -> 0x7b8d5520
643 612 opengl32.dll!wglGetProcAddress (arg0=0x6ffff6f154d9) -> 0x7b8dd5f0
644 612 opengl32.dll!wglGetProcAddress (arg0=0x6ffff6f154e5) -> 0x7b8eb2a0
645 612 opengl32.dll!wglGetProcAddress (arg0=0x6ffff6f154f5) -> 0x7b8f5cc0
646 612 opengl32.dll!wglGetProcAddress (arg0=0x6ffff6f15501) -> 0x7b903890
647 612 opengl32.dll!wglGetProcAddress (arg0=0x6ffff6f1550a) -> 0x7b9699a0
648 612 opengl32.dll!wglGetProcAddress (arg0=0x6ffff6f15515) -> 0x7b91db30
649 612 opengl32.dll!wglGetProcAddress (arg0=0x6ffff6f15527) -> 0x7b91da60
650 612 opengl32.dll!wglGetProcAddress (arg0=0x6ffff6f1553a) -> 0x7b93e7b0
651 612 opengl32.dll!wglGetProcAddress (arg0=0x6ffff6f15549) -> 0x7b93e990
652 612 opengl32.dll!wglGetProcAddress (arg0=0x6ffff6f1555a) -> 0x7b8ca880
653 612 opengl32.dll!wglGetProcAddress (arg0=0x6ffff6f15574) -> 0x7b8cab10
654 612 opengl32.dll!wglGetProcAddress (arg0=0x6ffff6f1558e) -> 0x7b8cafe0
655 612 opengl32.dll!wglGetProcAddress (arg0=0x6ffff6f155ab) -> 0x7b8cb2d0
656 612 opengl32.dll!wglGetProcAddress (arg0=0x6ffff6f155c8) -> 0x7b8e7ab0
657 612 opengl32.dll!wglGetProcAddress (arg0=0x6ffff6f155e3) -> 0x7b8eded0
658 612 opengl32.dll!wglGetProcAddress (arg0=0x6ffff6f155f6) -> 0x7b936810
659 612 opengl32.dll!wglGetProcAddress (arg0=0x6ffff6f15604) -> 0x7b9445e0
660 612 opengl32.dll!wglGetProcAddress (arg0=0x6ffff6f1561c) -> 0x7b944af0
661 612 opengl32.dll!wglGetProcAddress (arg0=0x6ffff6f15634) -> 0x7b945d10
662 612 opengl32.dll!wglGetProcAddress (arg0=0x6ffff6f15643) -> 0x7b945eb0
663 612 opengl32.dll!wglGetProcAddress (arg0=0x6ffff6f15652) -> 0x7b946170
664 612 opengl32.dll!wglGetProcAddress (arg0=0x6ffff6f15661) -> 0x7b946070
665 612 opengl32.dll!wglGetProcAddress (arg0=0x6ffff6f1567b) -> 0x7b946370
666 612 opengl32.dll!wglGetProcAddress (arg0=0x6ffff6f15695) -> 0x7b94c1d0
667 612 opengl32.dll!wglGetProcAddress (arg0=0x6ffff6f156a3) -> 0x7b9307f0
668 612 opengl32.dll!wglGetProcAddress (arg0=0x6ffff6f156b2) -> 0x7b8f42d0
669 612 opengl32.dll!wglGetProcAddress (arg0=0x6ffff6f156c8) -> 0x7b8be0e0
670 612 opengl32.dll!wglGetProcAddress (arg0=0x6ffff6f156e0) -> 0x7b8d5b20
671 612 opengl32.dll!wglGetProcAddress (arg0=0x6ffff6f156fb) -> 0x7b8da010
672 612 opengl32.dll!wglGetProcAddress (arg0=0x6ffff6f15713) -> 0x7b8e3cf0
673 612 opengl32.dll!wglGetProcAddress (arg0=0x6ffff6f1572b) -> 0x7b903d10
674 612 opengl32.dll!wglGetProcAddress (arg0=0x6ffff6f15741) -> 0x7b91f560
675 612 opengl32.dll!wglGetProcAddress (arg0=0x6ffff6f1575a) -> 0x7b935d70
676 612 opengl32.dll!wglGetProcAddress (arg0=0x6ffff6f15774) -> 0x7b8bab90
677 612 opengl32.dll!wglGetProcAddress (arg0=0x6ffff6f15788) -> 0x7b8da260
678 612 opengl32.dll!wglGetProcAddress (arg0=0x6ffff6f157a6) -> 0x7b8dc090
679 612 opengl32.dll!wglGetProcAddress (arg0=0x6ffff6f157b8) -> 0x7b8f3f10
680 612 opengl32.dll!wglGetProcAddress (arg0=0x6ffff6f157cc) -> 0x7b8bb410
681 612 opengl32.dll!wglGetProcAddress (arg0=0x6ffff6f157dd) -> 0x7b8bb9b0
682 612 opengl32.dll!wglGetProcAddress (arg0=0x6ffff6f157ef) -> 0x7b8e4ed0
683 612 opengl32.dll!wglGetProcAddress (arg0=0x6ffff6f1580b) -> 0x7b8e4fe0
684 612 opengl32.dll!wglGetProcAddress (arg0=0x6ffff6f15825) -> 0x7b8e50d0
685 612 opengl32.dll!wglGetProcAddress (arg0=0x6ffff6f1583c) -> 0x7b8e51e0
686 612 opengl32.dll!wglGetProcAddress (arg0=0x6ffff6f15852) -> 0x7b8eb490
687 612 opengl32.dll!wglGetProcAddress (arg0=0x6ffff6f15862) -> 0x7b8f8cf0
688 612 opengl32.dll!wglGetProcAddress (arg0=0x6ffff6f15879) -> 0x7b8f8ec0
689 612 opengl32.dll!wglGetProcAddress (arg0=0x6ffff6f1588d) -> 0x7b952220
690 612 opengl32.dll!wglGetProcAddress (arg0=0x6ffff6f158a3) -> 0x7b8bb300
691 612 opengl32.dll!wglGetProcAddress (arg0=0x6ffff6f158b3) -> 0x7b8c1630
692 612 opengl32.dll!wglGetProcAddress (arg0=0x6ffff6f158c3) -> 0x7b8c1dc0
693 612 opengl32.dll!wglGetProcAddress (arg0=0x6ffff6f158d6) -> 0x7b8d2f30
694 612 opengl32.dll!wglGetProcAddress (arg0=0x6ffff6f158e9) -> 0x7b8e2850
695 612 opengl32.dll!wglGetProcAddress (arg0=0x6ffff6f158f9) -> 0x7b8e6550
696 612 opengl32.dll!wglGetProcAddress (arg0=0x6ffff6f15913) -> 0x7b8e6790
697 612 opengl32.dll!wglGetProcAddress (arg0=0x6ffff6f1592a) -> 0x7b8e6910
698 612 opengl32.dll!wglGetProcAddress (arg0=0x6ffff6f15940) -> 0x7b901bd0
699 612 opengl32.dll!wglGetProcAddress (arg0=0x6ffff6f1594e) -> 0x7b907fe0
700 612 opengl32.dll!wglGetProcAddress (arg0=0x6ffff6f1595d) -> 0x7b953cc0
701 612 opengl32.dll!wglGetProcAddress (arg0=0x6ffff6f1596e) -> 0x0
702 612 opengl32.dll!wglGetProcAddress (arg0=0x6ffff6f1597f) -> 0x0
703 612 opengl32.dll!wglGetProcAddress (arg0=0x6ffff6f15993) -> 0x7b8d7570
704 612 opengl32.dll!wglGetProcAddress (arg0=0x6ffff6f159b1) -> 0x7b8db740
705 612 opengl32.dll!wglGetProcAddress (arg0=0x6ffff6f159ce) -> 0x0
706 612 opengl32.dll!wglGetProcAddress (arg0=0x6ffff6f159df) -> 0x0
707 612 opengl32.dll!wglGetProcAddress (arg0=0x6ffff6f159f1) -> 0x0
708 612 opengl32.dll!wglGetProcAddress (arg0=0x6ffff6f15a0d) -> 0x0
709 612 opengl32.dll!wglGetProcAddress (arg0=0x6ffff6f15a2b) -> 0x0
710 612 opengl32.dll!wglGetProcAddress (arg0=0x6ffff6f15a3e) -> 0x7b95a2f0
711 612 opengl32.dll!wglGetProcAddress (arg0=0x6ffff6f15a52) -> 0x7b95a560
712 612 opengl32.dll!wglGetProcAddress (arg0=0x6ffff6f15a67) -> 0x7b95a7d0
713 612 opengl32.dll!wglGetProcAddress (arg0=0x6ffff6f15a7b) -> 0x7b95aa40
714 612 opengl32.dll!wglGetProcAddress (arg0=0x6ffff6f15a90) -> 0x7b95ae50
715 612 opengl32.dll!wglGetProcAddress (arg0=0x6ffff6f15aa4) -> 0x7b95b0c0
716 612 opengl32.dll!wglGetProcAddress (arg0=0x6ffff6f15ab9) -> 0x7b95b330
717 612 opengl32.dll!wglGetProcAddress (arg0=0x6ffff6f15acd) -> 0x7b95b5a0
718 612 opengl32.dll!wglGetProcAddress (arg0=0x6ffff6f15ae2) -> 0x7b95b810
719 612 opengl32.dll!wglGetProcAddress (arg0=0x6ffff6f15af6) -> 0x7b95ba80
720 612 opengl32.dll!wglGetProcAddress (arg0=0x6ffff6f15b0b) -> 0x7b95be90
721 612 opengl32.dll!wglGetProcAddress (arg0=0x6ffff6f15b1f) -> 0x7b95c100
722 612 opengl32.dll!wglGetProcAddress (arg0=0x6ffff6f15b34) -> 0x7b95c380
723 612 opengl32.dll!wglGetProcAddress (arg0=0x6ffff6f15b48) -> 0x7b95c610
724 612 opengl32.dll!wglGetProcAddress (arg0=0x6ffff6f15b5d) -> 0x7b95c8a0
725 612 opengl32.dll!wglGetProcAddress (arg0=0x6ffff6f15b71) -> 0x7b95cb50
726 612 opengl32.dll!wglGetProcAddress (arg0=0x6ffff6f15b86) -> 0x7b95cf80
727 612 opengl32.dll!wglGetProcAddress (arg0=0x6ffff6f15b9a) -> 0x7b95d210
728 612 opengl32.dll!wglGetProcAddress (arg0=0x6ffff6f15baf) -> 0x7b95d480
729 612 opengl32.dll!wglGetProcAddress (arg0=0x6ffff6f15bc5) -> 0x7b95d620
730 612 opengl32.dll!wglGetProcAddress (arg0=0x6ffff6f15bdb) -> 0x7b95d7c0
731 612 opengl32.dll!wglGetProcAddress (arg0=0x6ffff6f15bf1) -> 0x7b95d980
732 612 opengl32.dll!wglGetProcAddress (arg0=0x6ffff6f15c07) -> 0x7b95db40
733 612 opengl32.dll!wglGetProcAddress (arg0=0x6ffff6f15c1e) -> 0x7b95dce0
734 612 opengl32.dll!wglGetProcAddress (arg0=0x6ffff6f15c35) -> 0x7b95de80
735 612 opengl32.dll!wglGetProcAddress (arg0=0x6ffff6f15c4c) -> 0x7b95e020
736 612 opengl32.dll!wglGetProcAddress (arg0=0x6ffff6f15c61) -> 0x7b95e1e0
737 612 opengl32.dll!wglGetProcAddress (arg0=0x6ffff6f15c75) -> 0x7b95e490
738 612 opengl32.dll!wglGetProcAddress (arg0=0x6ffff6f15c8a) -> 0x7b95e730
739 612 opengl32.dll!wglGetProcAddress (arg0=0x6ffff6f15c9e) -> 0x7b95ea00
740 612 opengl32.dll!wglGetProcAddress (arg0=0x6ffff6f15cb3) -> 0x7b95ee50
741 612 opengl32.dll!wglGetProcAddress (arg0=0x6ffff6f15cc8) -> 0x7b95f030
742 612 opengl32.dll!wglGetProcAddress (arg0=0x6ffff6f15cdc) -> 0x7b95f320
743 612 opengl32.dll!wglGetProcAddress (arg0=0x6ffff6f15cf1) -> 0x7b95f680
744 612 opengl32.dll!wglGetProcAddress (arg0=0x6ffff6f15d07) -> 0x7b95f8f0
745 612 opengl32.dll!wglGetProcAddress (arg0=0x6ffff6f15d1d) -> 0x7b95fa90
746 612 opengl32.dll!wglGetProcAddress (arg0=0x6ffff6f15d33) -> 0x7b9651d0
747 612 opengl32.dll!wglGetProcAddress (arg0=0x6ffff6f15d4c) -> 0x7b8d6400
748 612 opengl32.dll!wglGetProcAddress (arg0=0x6ffff6f15d5f) -> 0x7b8d64d0
749 612 opengl32.dll!wglGetProcAddress (arg0=0x6ffff6f15d73) -> 0x7b8e8a40
750 612 opengl32.dll!wglGetProcAddress (arg0=0x6ffff6f15d82) -> 0x7b8e93b0
751 612 opengl32.dll!wglGetProcAddress (arg0=0x6ffff6f15d90) -> 0x7b937450
752 612 opengl32.dll!wglGetProcAddress (arg0=0x6ffff6f15da0) -> 0x7b9376e0
753 612 opengl32.dll!wglGetProcAddress (arg0=0x6ffff6f15db1) -> 0x7b9377e0
754 612 opengl32.dll!wglGetProcAddress (arg0=0x6ffff6f15dc3) -> 0x7b969070
755 612 opengl32.dll!wglGetProcAddress (arg0=0x6ffff6f15dd4) -> 0x7b969140
756 612 opengl32.dll!wglGetProcAddress (arg0=0x6ffff6f15de7) -> 0x7b969240
757 612 opengl32.dll!wglGetProcAddress (arg0=0x6ffff6f15dfb) -> 0x7b947870
758 612 opengl32.dll!wglGetProcAddress (arg0=0x6ffff6f15e0c) -> 0x0
759 612 opengl32.dll!wglGetProcAddress (arg0=0x6ffff6f15e22) -> 0x0
760 612 opengl32.dll!wglGetProcAddress (arg0=0x6ffff6f15e38) -> 0x0
761 612 opengl32.dll!wglGetProcAddress (arg0=0x6ffff6f15e4e) -> 0x0
762 612 opengl32.dll!wglGetProcAddress (arg0=0x6ffff6f15e67) -> 0x0
763 612 opengl32.dll!wglGetProcAddress (arg0=0x6ffff6f15e7f) -> 0x0
764 612 opengl32.dll!wglGetProcAddress (arg0=0x6ffff6f15e95) -> 0x0
765 612 opengl32.dll!wglGetProcAddress (arg0=0x6ffff6f15eab) -> 0x0
766 612 opengl32.dll!wglGetProcAddress (arg0=0x6ffff6f15ec1) -> 0x0
767 612 opengl32.dll!wglGetProcAddress (arg0=0x6ffff6f15edb) -> 0x0
768 612 opengl32.dll!wglGetProcAddress (arg0=0x6ffff6f15ef2) -> 0x0
769 612 opengl32.dll!wglGetProcAddress (arg0=0x6ffff6f15f0a) -> 0x0
770 612 opengl32.dll!wglGetProcAddress (arg0=0x6ffff6f15f1c) -> 0x0
771 612 opengl32.dll!wglGetProcAddress (arg0=0x6ffff6f15f30) -> 0x0
772 612 opengl32.dll!wglGetProcAddress (arg0=0x6ffff6f15f4f) -> 0x0
773 612 opengl32.dll!wglGetProcAddress (arg0=0x6ffff6f15f66) -> 0x0
774 612 opengl32.dll!wglGetProcAddress (arg0=0x6ffff6f15f7f) -> 0x0
775 612 opengl32.dll!wglGetProcAddress (arg0=0x6ffff6f15f8f) -> 0x0
776 612 opengl32.dll!wglGetProcAddress (arg0=0x6ffff6f15fa6) -> 0x7b8bfd10
777 612 opengl32.dll!wglGetProcAddress (arg0=0x6ffff6f15fc1) -> 0x0
778 612 opengl32.dll!wglGetProcAddress (arg0=0x6ffff6f15fd4) -> 0x7b8d5f40
779 612 opengl32.dll!wglGetProcAddress (arg0=0x6ffff6f15fe5) -> 0x7b8c80c0
780 612 opengl32.dll!wglGetProcAddress (arg0=0x6ffff6f15ffb) -> 0x7b8d7030
781 612 opengl32.dll!wglGetProcAddress (arg0=0x6ffff6f1600f) -> 0x7b8db200
782 612 opengl32.dll!wglGetProcAddress (arg0=0x6ffff6f16022) -> 0x7b8e60e0
783 612 opengl32.dll!wglGetProcAddress (arg0=0x6ffff6f1603a) -> 0x7b8eb390
784 612 opengl32.dll!wglGetProcAddress (arg0=0x6ffff6f16052) -> 0x7b901ef0
785 612 opengl32.dll!wglGetProcAddress (arg0=0x6ffff6f16068) -> 0x0
786 612 opengl32.dll!wglGetProcAddress (arg0=0x6ffff6f1607d) -> 0x0
787 612 opengl32.dll!wglGetProcAddress (arg0=0x6ffff6f1608c) -> 0x0
788 612 opengl32.dll!wglGetProcAddress (arg0=0x6ffff6f1609c) -> 0x0
789 612 opengl32.dll!wglGetProcAddress (arg0=0x6ffff6f160ab) -> 0x0
790 612 opengl32.dll!wglGetProcAddress (arg0=0x6ffff6f160bb) -> 0x7b8c0ce0
791 612 opengl32.dll!wglGetProcAddress (arg0=0x6ffff6f160d0) -> 0x7b933c70
792 612 opengl32.dll!wglGetProcAddress (arg0=0x6ffff6f160f4) -> 0x7b8bc750
793 612 opengl32.dll!wglGetProcAddress (arg0=0x6ffff6f16109) -> 0x7b8bd490
794 612 opengl32.dll!wglGetProcAddress (arg0=0x6ffff6f1611f) -> 0x7b8c21c0
795 612 opengl32.dll!wglGetProcAddress (arg0=0x6ffff6f1613b) -> 0x7b8d36b0
796 612 opengl32.dll!wglGetProcAddress (arg0=0x6ffff6f16153) -> 0x7b8d4d10
797 612 opengl32.dll!wglGetProcAddress (arg0=0x6ffff6f1616c) -> 0x7b8e0a00
798 612 opengl32.dll!wglGetProcAddress (arg0=0x6ffff6f16189) -> 0x7b8e10f0
799 612 opengl32.dll!wglGetProcAddress (arg0=0x6ffff6f161a3) -> 0x7b8e1330
800 612 opengl32.dll!wglGetProcAddress (arg0=0x6ffff6f161bd) -> 0x7b8e1570
801 612 opengl32.dll!wglGetProcAddress (arg0=0x6ffff6f161d7) -> 0x7b8e2ca0
802 612 opengl32.dll!wglGetProcAddress (arg0=0x6ffff6f161ec) -> 0x7b8e3790
803 612 opengl32.dll!wglGetProcAddress (arg0=0x6ffff6f16202) -> 0x7b8e41e0
804 612 opengl32.dll!wglGetProcAddress (arg0=0x6ffff6f16218) -> 0x7b8e9ee0
805 612 opengl32.dll!wglGetProcAddress (arg0=0x6ffff6f16248) -> 0x7b8f4810
806 612 opengl32.dll!wglGetProcAddress (arg0=0x6ffff6f16268) -> 0x7b9022d0
807 612 opengl32.dll!wglGetProcAddress (arg0=0x6ffff6f1627b) -> 0x7b903450
808 612 opengl32.dll!wglGetProcAddress (arg0=0x6ffff6f1628f) -> 0x7b9338c0
809 612 opengl32.dll!wglGetProcAddress (arg0=0x6ffff6f162a8) -> 0x0
810 612 opengl32.dll!wglGetProcAddress (arg0=0x6ffff6f162c8) -> 0x0
811 612 opengl32.dll!wglGetProcAddress (arg0=0x6ffff6f162e7) -> 0x0
812 612 opengl32.dll!wglGetProcAddress (arg0=0x6ffff6f16301) -> 0x0
813 612 opengl32.dll!wglGetProcAddress (arg0=0x6ffff6f1631a) -> 0x0
814 612 opengl32.dll!wglGetProcAddress (arg0=0x6ffff6f1632d) -> 0x0
815 612 opengl32.dll!wglGetProcAddress (arg0=0x6ffff6f16345) -> 0x0
816 612 opengl32.dll!wglGetProcAddress (arg0=0x6ffff6f1635e) -> 0x0
817 612 opengl32.dll!wglGetProcAddress (arg0=0x6ffff6f1636e) -> 0x0
818 612 opengl32.dll!wglGetProcAddress (arg0=0x6ffff6f1637f) -> 0x0
819 612 opengl32.dll!wglGetProcAddress (arg0=0x6ffff6f1638f) -> 0x0
820 612 opengl32.dll!wglGetProcAddress (arg0=0x6ffff6f163a0) -> 0x0
821 612 opengl32.dll!wglGetProcAddress (arg0=0x6ffff6f163b0) -> 0x0
822 612 opengl32.dll!wglGetProcAddress (arg0=0x6ffff6f163c1) -> 0x0
823 612 opengl32.dll!wglGetProcAddress (arg0=0x6ffff6f163d1) -> 0x0
824 612 opengl32.dll!wglGetProcAddress (arg0=0x6ffff6f163e2) -> 0x0
825 612 opengl32.dll!wglGetProcAddress (arg0=0x6ffff6f163f7) -> 0x0
826 612 opengl32.dll!wglGetProcAddress (arg0=0x6ffff6f1640d) -> 0x0
827 612 opengl32.dll!wglGetProcAddress (arg0=0x6ffff6f16423) -> 0x0
828 612 opengl32.dll!wglGetProcAddress (arg0=0x6ffff6f1643a) -> 0x0
829 612 opengl32.dll!wglGetProcAddress (arg0=0x6ffff6f1644f) -> 0x0
830 612 opengl32.dll!wglGetProcAddress (arg0=0x6ffff6f16465) -> 0x0
831 612 opengl32.dll!wglGetProcAddress (arg0=0x6ffff6f1647b) -> 0x0
832 612 opengl32.dll!wglGetProcAddress (arg0=0x6ffff6f16492) -> 0x0
833 612 opengl32.dll!wglGetProcAddress (arg0=0x6ffff6f164a7) -> 0x0
834 612 opengl32.dll!wglGetProcAddress (arg0=0x6ffff6f164bd) -> 0x0
835 612 opengl32.dll!wglGetProcAddress (arg0=0x6ffff6f164d3) -> 0x0
836 612 opengl32.dll!wglGetProcAddress (arg0=0x6ffff6f164ea) -> 0x0
837 612 opengl32.dll!wglGetProcAddress (arg0=0x6ffff6f16500) -> 0x0
838 612 opengl32.dll!wglGetProcAddress (arg0=0x6ffff6f16515) -> 0x0
839 612 opengl32.dll!wglGetProcAddress (arg0=0x6ffff6f1652b) -> 0x0
840 612 opengl32.dll!wglGetProcAddress (arg0=0x6ffff6f16541) -> 0x0
841 612 opengl32.dll!wglGetProcAddress (arg0=0x6ffff6f16558) -> 0x0
842 612 opengl32.dll!wglGetProcAddress (arg0=0x6ffff6f1656e) -> 0x0
843 612 opengl32.dll!wglGetProcAddress (arg0=0x6ffff6f16585) -> 0x0
844 612 opengl32.dll!wglGetProcAddress (arg0=0x6ffff6f1659c) -> 0x0
845 612 opengl32.dll!wglGetProcAddress (arg0=0x6ffff6f165b6) -> 0x7b8f9ce0
846 612 opengl32.dll!wglGetProcAddress (arg0=0x6ffff6f165ce) -> 0x7b8f9de0
847 612 opengl32.dll!wglGetProcAddress (arg0=0x6ffff6f165e4) -> 0x0
848 612 opengl32.dll!wglGetProcAddress (arg0=0x6ffff6f165f9) -> 0x0
849 612 opengl32.dll!wglGetProcAddress (arg0=0x6ffff6f1660f) -> 0x7b921c00
850 612 opengl32.dll!wglGetProcAddress (arg0=0x6ffff6f16627) -> 0x7b9301e0
851 612 opengl32.dll!wglGetProcAddress (arg0=0x6ffff6f1663c) -> 0x0
852 612 opengl32.dll!wglGetProcAddress (arg0=0x6ffff6f16652) -> 0x0
853 612 opengl32.dll!wglGetProcAddress (arg0=0x6ffff6f16669) -> 0x0
854 612 opengl32.dll!wglGetProcAddress (arg0=0x6ffff6f16680) -> 0x0
855 612 opengl32.dll!wglGetProcAddress (arg0=0x6ffff6f16698) -> 0x0
856 612 opengl32.dll!wglGetProcAddress (arg0=0x6ffff6f166b3) -> 0x0
857 612 opengl32.dll!wglGetProcAddress (arg0=0x6ffff6f166ca) -> 0x7b944810
858 612 opengl32.dll!wglGetProcAddress (arg0=0x6ffff6f166d7) -> 0x0
859 612 opengl32.dll!wglGetProcAddress (arg0=0x6ffff6f166e7) -> 0x7b947250
860 612 opengl32.dll!wglGetProcAddress (arg0=0x6ffff6f166f7) -> 0x0
861 612 opengl32.dll!wglGetProcAddress (arg0=0x6ffff6f1670a) -> 0x0
862 612 opengl32.dll!wglGetProcAddress (arg0=0x6ffff6f1671b) -> 0x0
863 612 opengl32.dll!wglGetProcAddress (arg0=0x6ffff6f1672b) -> 0x0
864 612 opengl32.dll!wglGetProcAddress (arg0=0x6ffff6f16739) -> 0x0
865 612 opengl32.dll!wglGetProcAddress (arg0=0x6ffff6f16748) -> 0x0
866 612 opengl32.dll!wglGetProcAddress (arg0=0x6ffff6f16754) -> 0x0
867 612 opengl32.dll!wglGetProcAddress (arg0=0x6ffff6f16761) -> 0x0
868 612 opengl32.dll!wglGetProcAddress (arg0=0x6ffff6f1676f) -> 0x0
869 612 opengl32.dll!wglGetProcAddress (arg0=0x6ffff6f1677b) -> 0x0
870 612 opengl32.dll!wglGetProcAddress (arg0=0x6ffff6f16788) -> 0x0
871 612 opengl32.dll!wglGetProcAddress (arg0=0x6ffff6f16794) -> 0x0
872 612 opengl32.dll!wglGetProcAddress (arg0=0x6ffff6f167a1) -> 0x0
873 612 opengl32.dll!wglGetProcAddress (arg0=0x6ffff6f167af) -> 0x0
874 612 opengl32.dll!wglGetProcAddress (arg0=0x6ffff6f167be) -> 0x0
875 612 opengl32.dll!wglGetProcAddress (arg0=0x6ffff6f167d2) -> 0x0
876 612 opengl32.dll!wglGetProcAddress (arg0=0x6ffff6f167e7) -> 0x0
877 612 opengl32.dll!wglGetProcAddress (arg0=0x6ffff6f167fb) -> 0x0
878 612 opengl32.dll!wglGetProcAddress (arg0=0x6ffff6f16810) -> 0x0
879 612 opengl32.dll!wglGetProcAddress (arg0=0x6ffff6f16824) -> 0x0
880 612 opengl32.dll!wglGetProcAddress (arg0=0x6ffff6f16839) -> 0x0
881 612 opengl32.dll!wglGetProcAddress (arg0=0x6ffff6f1684d) -> 0x0
882 612 opengl32.dll!wglGetProcAddress (arg0=0x6ffff6f16862) -> 0x0
883 612 opengl32.dll!wglGetProcAddress (arg0=0x6ffff6f1686f) -> 0x0
884 612 opengl32.dll!wglGetProcAddress (arg0=0x6ffff6f1687d) -> 0x0
885 612 opengl32.dll!wglGetProcAddress (arg0=0x6ffff6f16892) -> 0x0
886 612 opengl32.dll!wglGetProcAddress (arg0=0x6ffff6f168a8) -> 0x0
887 612 opengl32.dll!wglGetProcAddress (arg0=0x6ffff6f168b7) -> 0x0
888 612 opengl32.dll!wglGetProcAddress (arg0=0x6ffff6f168c7) -> 0x0
889 612 opengl32.dll!wglGetProcAddress (arg0=0x6ffff6f168d6) -> 0x0
890 612 opengl32.dll!wglGetProcAddress (arg0=0x6ffff6f168e6) -> 0x0
891 612 opengl32.dll!wglGetProcAddress (arg0=0x6ffff6f168f5) -> 0x0
892 612 opengl32.dll!wglGetProcAddress (arg0=0x6ffff6f16905) -> 0x0
893 612 opengl32.dll!wglGetProcAddress (arg0=0x6ffff6f16914) -> 0x0
894 612 opengl32.dll!wglGetProcAddress (arg0=0x6ffff6f16924) -> 0x0
895 612 opengl32.dll!wglGetProcAddress (arg0=0x6ffff6f16931) -> 0x0
896 612 opengl32.dll!wglGetProcAddress (arg0=0x6ffff6f1693f) -> 0x0
897 612 opengl32.dll!wglGetProcAddress (arg0=0x6ffff6f1694c) -> 0x0
898 612 opengl32.dll!wglGetProcAddress (arg0=0x6ffff6f1695a) -> 0x0
899 612 opengl32.dll!wglGetProcAddress (arg0=0x6ffff6f16967) -> 0x0
900 612 opengl32.dll!wglGetProcAddress (arg0=0x6ffff6f16975) -> 0x0
901 612 opengl32.dll!wglGetProcAddress (arg0=0x6ffff6f16988) -> 0x0
902 612 opengl32.dll!wglGetProcAddress (arg0=0x6ffff6f1699c) -> 0x0
903 612 opengl32.dll!wglGetProcAddress (arg0=0x6ffff6f169af) -> 0x0
904 612 opengl32.dll!wglGetProcAddress (arg0=0x6ffff6f169c3) -> 0x0
905 612 opengl32.dll!wglGetProcAddress (arg0=0x6ffff6f169d6) -> 0x0
906 612 opengl32.dll!wglGetProcAddress (arg0=0x6ffff6f169ea) -> 0x0
907 612 opengl32.dll!wglGetProcAddress (arg0=0x6ffff6f169fd) -> 0x0
908 612 opengl32.dll!wglGetProcAddress (arg0=0x6ffff6f16a11) -> 0x0
909 612 opengl32.dll!wglGetProcAddress (arg0=0x6ffff6f16a26) -> 0x0
910 612 opengl32.dll!wglGetProcAddress (arg0=0x6ffff6f16a3b) -> 0x0
911 612 opengl32.dll!wglGetProcAddress (arg0=0x6ffff6f16a50) -> 0x0
912 612 opengl32.dll!wglGetProcAddress (arg0=0x6ffff6f16a65) -> 0x0
913 612 opengl32.dll!wglGetProcAddress (arg0=0x6ffff6f16a77) -> 0x0
914 612 opengl32.dll!wglGetProcAddress (arg0=0x6ffff6f16a8a) -> 0x0
915 612 opengl32.dll!wglGetProcAddress (arg0=0x6ffff6f16a9e) -> 0x0
916 612 opengl32.dll!wglGetProcAddress (arg0=0x6ffff6f16ab3) -> 0x0
917 612 opengl32.dll!wglGetProcAddress (arg0=0x6ffff6f16ac5) -> 0x0
918 612 opengl32.dll!wglGetProcAddress (arg0=0x6ffff6f16ad8) -> 0x0
919 612 opengl32.dll!wglGetProcAddress (arg0=0x6ffff6f16aef) -> 0x0
920 612 opengl32.dll!wglGetProcAddress (arg0=0x6ffff6f16b07) -> 0x0
921 612 opengl32.dll!wglGetProcAddress (arg0=0x6ffff6f16b1e) -> 0x0
922 612 opengl32.dll!wglGetProcAddress (arg0=0x6ffff6f16b36) -> 0x0
923 612 opengl32.dll!wglGetProcAddress (arg0=0x6ffff6f16b4d) -> 0x7b947920
924 612 opengl32.dll!wglGetProcAddress (arg0=0x6ffff6f16b60) -> 0x7b96ec10
925 612 opengl32.dll!wglGetProcAddress (arg0=0x6ffff6f16b78) -> 0x7b9705c0
926 612 opengl32.dll!wglGetProcAddress (arg0=0x6ffff6f16b92) -> 0x7b970870
927 612 opengl32.dll!wglGetProcAddress (arg0=0x6ffff6f16baf) -> 0x7b970970
928 612 opengl32.dll!wglGetProcAddress (arg0=0x6ffff6f16bd0) -> 0x7b971050
929 612 opengl32.dll!wglGetProcAddress (arg0=0x6ffff6f16bf8) -> 0x7b971120
930 612 opengl32.dll!wglGetProcAddress (arg0=0x6ffff6f16c1a) -> 0x7b971350
931 612 opengl32.dll!wglGetProcAddress (arg0=0x6ffff6f16c36) -> 0x7b971420
932 612 opengl32.dll!wglGetProcAddress (arg0=0x6ffff6f16c51) -> 0x7b971970
933 612 opengl32.dll!wglGetProcAddress (arg0=0x6ffff6f16c67) -> 0x7b971ce0
934 612 opengl32.dll!wglGetProcAddress (arg0=0x6ffff6f16c7a) -> 0x7b8b8570
935 612 opengl32.dll!wglGetProcAddress (arg0=0x6ffff6f16c8a) -> 0x7b8ba320
936 612 opengl32.dll!wglGetProcAddress (arg0=0x6ffff6f16c99) -> 0x7b8baa10
937 612 opengl32.dll!wglGetProcAddress (arg0=0x6ffff6f16ca6) -> 0x7b8bac60
938 612 opengl32.dll!wglGetProcAddress (arg0=0x6ffff6f16cbf) -> 0x7b8bb010
939 612 opengl32.dll!wglGetProcAddress (arg0=0x6ffff6f16cd4) -> 0x7b8bb1f0
940 612 opengl32.dll!wglGetProcAddress (arg0=0x6ffff6f16ce1) -> 0x7b8bc250
941 612 opengl32.dll!wglGetProcAddress (arg0=0x6ffff6f16cf8) -> 0x7b8be260
942 612 opengl32.dll!wglGetProcAddress (arg0=0x6ffff6f16d0a) -> 0x7b8bf740
943 612 opengl32.dll!wglGetProcAddress (arg0=0x6ffff6f16d17) -> 0x7b8bfa10
944 612 opengl32.dll!wglGetProcAddress (arg0=0x6ffff6f16d27) -> 0x7b8c0040
945 612 opengl32.dll!wglGetProcAddress (arg0=0x6ffff6f16d38) -> 0x7b8bfc50
946 612 opengl32.dll!wglGetProcAddress (arg0=0x6ffff6f16d50) -> 0x7b8bfea0
947 612 opengl32.dll!wglGetProcAddress (arg0=0x6ffff6f16d69) -> 0x7b8c0920
948 612 opengl32.dll!wglGetProcAddress (arg0=0x6ffff6f16d76) -> 0x7b8c0350
949 612 opengl32.dll!wglGetProcAddress (arg0=0x6ffff6f16d8a) -> 0x7b8c0720
950 612 opengl32.dll!wglGetProcAddress (arg0=0x6ffff6f16d9f) -> 0x7b8c1560
951 612 opengl32.dll!wglGetProcAddress (arg0=0x6ffff6f16dac) -> 0x7b8c1cf0
952 612 opengl32.dll!wglGetProcAddress (arg0=0x6ffff6f16dbc) -> 0x7b8c81b0
953 612 opengl32.dll!wglGetProcAddress (arg0=0x6ffff6f16dc9) -> 0x7b8c9a30
954 612 opengl32.dll!wglGetProcAddress (arg0=0x6ffff6f16dd9) -> 0x7b8ca740
955 612 opengl32.dll!wglGetProcAddress (arg0=0x6ffff6f16df0) -> 0x7b8ca9c0
956 612 opengl32.dll!wglGetProcAddress (arg0=0x6ffff6f16e07) -> 0x7b8cae80
957 612 opengl32.dll!wglGetProcAddress (arg0=0x6ffff6f16e21) -> 0x7b8cb140
958 612 opengl32.dll!wglGetProcAddress (arg0=0x6ffff6f16e3b) -> 0x7b8d0c20
959 612 opengl32.dll!wglGetProcAddress (arg0=0x6ffff6f16e4b) -> 0x7b8d12c0
960 612 opengl32.dll!wglGetProcAddress (arg0=0x6ffff6f16e5a) -> 0x7b8d1ea0
961 612 opengl32.dll!wglGetProcAddress (arg0=0x6ffff6f16e71) -> 0x7b8d2110
962 612 opengl32.dll!wglGetProcAddress (arg0=0x6ffff6f16e87) -> 0x7b8d2400
963 612 opengl32.dll!wglGetProcAddress (arg0=0x6ffff6f16e9c) -> 0x7b8d2d20
964 612 opengl32.dll!wglGetProcAddress (arg0=0x6ffff6f16eac) -> 0x7b8d4290
965 612 opengl32.dll!wglGetProcAddress (arg0=0x6ffff6f16ebc) -> 0x7b8d4880
966 612 opengl32.dll!wglGetProcAddress (arg0=0x6ffff6f16ecc) -> 0x7b8d5370
967 612 opengl32.dll!wglGetProcAddress (arg0=0x6ffff6f16edb) -> 0x7b8d5cc0
968 612 opengl32.dll!wglGetProcAddress (arg0=0x6ffff6f16ef0) -> 0x7b8d6b60
969 612 opengl32.dll!wglGetProcAddress (arg0=0x6ffff6f16eff) -> 0x7b8d7630
970 612 opengl32.dll!wglGetProcAddress (arg0=0x6ffff6f16f0a) -> 0x7b8d74b0
971 612 opengl32.dll!wglGetProcAddress (arg0=0x6ffff6f16f25) -> 0x7b8d7c00
972 612 opengl32.dll!wglGetProcAddress (arg0=0x6ffff6f16f3b) -> 0x7b8d8140
973 612 opengl32.dll!wglGetProcAddress (arg0=0x6ffff6f16f49) -> 0x7b8d8e70
974 612 opengl32.dll!wglGetProcAddress (arg0=0x6ffff6f16f61) -> 0x7b8db800
975 612 opengl32.dll!wglGetProcAddress (arg0=0x6ffff6f16f6b) -> 0x7b8db680
976 612 opengl32.dll!wglGetProcAddress (arg0=0x6ffff6f16f85) -> 0x7b8dbf10
977 612 opengl32.dll!wglGetProcAddress (arg0=0x6ffff6f16f90) -> 0x7b8dc150
978 612 opengl32.dll!wglGetProcAddress (arg0=0x6ffff6f14c09) -> 0x7b8e0ed0
979 612 opengl32.dll!wglGetProcAddress (arg0=0x6ffff6f16fa7) -> 0x7b8e2770
980 612 opengl32.dll!wglGetProcAddress (arg0=0x6ffff6f16fb4) -> 0x7b8e3440
981 612 opengl32.dll!wglGetProcAddress (arg0=0x6ffff6f16fc1) -> 0x7b8e3e90
982 612 opengl32.dll!wglGetProcAddress (arg0=0x6ffff6f16fd3) -> 0x7b8e4c30
983 612 opengl32.dll!wglGetProcAddress (arg0=0x6ffff6f16fe6) -> 0x7b8e5a60
984 612 opengl32.dll!wglGetProcAddress (arg0=0x6ffff6f16ffb) -> 0x7b8e5f00
985 612 opengl32.dll!wglGetProcAddress (arg0=0x6ffff6f1700f) -> 0x7b8e61e0
986 612 opengl32.dll!wglGetProcAddress (arg0=0x6ffff6f1701f) -> 0x7b8e6850
987 612 opengl32.dll!wglGetProcAddress (arg0=0x6ffff6f17032) -> 0x7b8e79f0
988 612 opengl32.dll!wglGetProcAddress (arg0=0x6ffff6f1704a) -> 0x7b8e8500
989 612 opengl32.dll!wglGetProcAddress (arg0=0x6ffff6f15852) -> 0x7b8eb490
990 612 opengl32.dll!wglGetProcAddress (arg0=0x6ffff6f1705f) -> 0x7b8f24b0
991 612 opengl32.dll!wglGetProcAddress (arg0=0x6ffff6f17073) -> 0x7b8f3890
992 612 opengl32.dll!wglGetProcAddress (arg0=0x6ffff6f17082) -> 0x7b8f45d0
993 612 opengl32.dll!wglGetProcAddress (arg0=0x6ffff6f1708f) -> 0x7b8f4450
994 612 opengl32.dll!wglGetProcAddress (arg0=0x6ffff6f170a3) -> 0x7b8f4ff0
995 612 opengl32.dll!wglGetProcAddress (arg0=0x6ffff6f170b6) -> 0x7b8f5380
996 612 opengl32.dll!wglGetProcAddress (arg0=0x6ffff6f170c4) -> 0x7b8f51a0
997 612 opengl32.dll!wglGetProcAddress (arg0=0x6ffff6f170d6) -> 0x7b8f5930
998 612 opengl32.dll!wglGetProcAddress (arg0=0x6ffff6f170e3) -> 0x7b8f7770
999 612 opengl32.dll!wglGetProcAddress (arg0=0x6ffff6f17100) -> 0x7b8f7fd0
1000 612 opengl32.dll!wglGetProcAddress (arg0=0x6ffff6f17118) -> 0x7b8f9420
1001 612 opengl32.dll!wglGetProcAddress (arg0=0x6ffff6f17127) -> 0x7b8f97a0
1002 612 opengl32.dll!wglGetProcAddress (arg0=0x6ffff6f17136) -> 0x7b8f8fb0
1003 612 opengl32.dll!wglGetProcAddress (arg0=0x6ffff6f1714b) -> 0x7b901fb0
1004 612 opengl32.dll!wglGetProcAddress (arg0=0x6ffff6f17158) -> 0x7b905770
1005 612 opengl32.dll!wglGetProcAddress (arg0=0x6ffff6f17166) -> 0x7b907f10
1006 612 opengl32.dll!wglGetProcAddress (arg0=0x6ffff6f17172) -> 0x7b90baf0
1007 612 opengl32.dll!wglGetProcAddress (arg0=0x6ffff6f17185) -> 0x7b921050
1008 612 opengl32.dll!wglGetProcAddress (arg0=0x6ffff6f17197) -> 0x7b9211d0
1009 612 opengl32.dll!wglGetProcAddress (arg0=0x6ffff6f171aa) -> 0x7b93aa50
1010 612 opengl32.dll!wglGetProcAddress (arg0=0x6ffff6f171b9) -> 0x7b93c460
1011 612 opengl32.dll!wglGetProcAddress (arg0=0x6ffff6f171cf) -> 0x7b93c850
1012 612 opengl32.dll!wglGetProcAddress (arg0=0x6ffff6f171e3) -> 0x7b93e6c0
1013 612 opengl32.dll!wglGetProcAddress (arg0=0x6ffff6f166ca) -> 0x7b944810
1014 612 opengl32.dll!wglGetProcAddress (arg0=0x6ffff6f166e7) -> 0x7b947250
1015 612 opengl32.dll!wglGetProcAddress (arg0=0x6ffff6f171ef) -> 0x7b94c800
1016 612 opengl32.dll!wglGetProcAddress (arg0=0x6ffff6f1720b) -> 0x7b94d170
1017 612 opengl32.dll!wglGetProcAddress (arg0=0x6ffff6f17217) -> 0x7b94d310
1018 612 opengl32.dll!wglGetProcAddress (arg0=0x6ffff6f17224) -> 0x7b94d4b0
1019 612 opengl32.dll!wglGetProcAddress (arg0=0x6ffff6f17230) -> 0x7b94d9b0
1020 612 opengl32.dll!wglGetProcAddress (arg0=0x6ffff6f1723d) -> 0x7b94e390
1021 612 opengl32.dll!wglGetProcAddress (arg0=0x6ffff6f17249) -> 0x7b94e530
1022 612 opengl32.dll!wglGetProcAddress (arg0=0x6ffff6f17256) -> 0x7b94e6d0
1023 612 opengl32.dll!wglGetProcAddress (arg0=0x6ffff6f17262) -> 0x7b94ec90
1024 612 opengl32.dll!wglGetProcAddress (arg0=0x6ffff6f1726f) -> 0x7b94f740
1025 612 opengl32.dll!wglGetProcAddress (arg0=0x6ffff6f1727b) -> 0x7b94f920
1026 612 opengl32.dll!wglGetProcAddress (arg0=0x6ffff6f17288) -> 0x7b94fac0
1027 612 opengl32.dll!wglGetProcAddress (arg0=0x6ffff6f17294) -> 0x7b950140
1028 612 opengl32.dll!wglGetProcAddress (arg0=0x6ffff6f172a1) -> 0x7b950c80
1029 612 opengl32.dll!wglGetProcAddress (arg0=0x6ffff6f172ad) -> 0x7b950e80
1030 612 opengl32.dll!wglGetProcAddress (arg0=0x6ffff6f172ba) -> 0x7b951020
1031 612 opengl32.dll!wglGetProcAddress (arg0=0x6ffff6f172c6) -> 0x7b951780
1032 612 opengl32.dll!wglGetProcAddress (arg0=0x6ffff6f172d3) -> 0x7b952880
1033 612 opengl32.dll!wglGetProcAddress (arg0=0x6ffff6f172e6) -> 0x7b952e30
1034 612 opengl32.dll!wglGetProcAddress (arg0=0x6ffff6f172f9) -> 0x7b9533e0
1035 612 opengl32.dll!wglGetProcAddress (arg0=0x6ffff6f1730c) -> 0x7b953c00
1036 612 opengl32.dll!wglGetProcAddress (arg0=0x6ffff6f1731a) -> 0x7b954310
1037 612 opengl32.dll!wglGetProcAddress (arg0=0x6ffff6f17327) -> 0x7b9553d0
1038 612 opengl32.dll!wglGetProcAddress (arg0=0x6ffff6f17339) -> 0x7b95a700
1039 612 opengl32.dll!wglGetProcAddress (arg0=0x6ffff6f1734a) -> 0x7b95a970
1040 612 opengl32.dll!wglGetProcAddress (arg0=0x6ffff6f1735c) -> 0x7b95b740
1041 612 opengl32.dll!wglGetProcAddress (arg0=0x6ffff6f1736d) -> 0x7b95b9b0
1042 612 opengl32.dll!wglGetProcAddress (arg0=0x6ffff6f1737f) -> 0x7b95c7b0
1043 612 opengl32.dll!wglGetProcAddress (arg0=0x6ffff6f17390) -> 0x7b95ca80
1044 612 opengl32.dll!wglGetProcAddress (arg0=0x6ffff6f173a2) -> 0x7b95e630
1045 612 opengl32.dll!wglGetProcAddress (arg0=0x6ffff6f173b3) -> 0x7b95e930
1046 612 opengl32.dll!wglGetProcAddress (arg0=0x6ffff6f173c5) -> 0x7b95d6f0
1047 612 opengl32.dll!wglGetProcAddress (arg0=0x6ffff6f173d8) -> 0x7b95d890
1048 612 opengl32.dll!wglGetProcAddress (arg0=0x6ffff6f173eb) -> 0x7b95da70
1049 612 opengl32.dll!wglGetProcAddress (arg0=0x6ffff6f173ff) -> 0x7b95ddb0
1050 612 opengl32.dll!wglGetProcAddress (arg0=0x6ffff6f17413) -> 0x7b95f250
1051 612 opengl32.dll!wglGetProcAddress (arg0=0x6ffff6f17425) -> 0x7b95f5b0
1052 612 opengl32.dll!wglGetProcAddress (arg0=0x6ffff6f17438) -> 0x7b95fd60
1053 612 opengl32.dll!wglGetProcAddress (arg0=0x6ffff6f1744e) -> 0x7b9623a0
1054 612 opengl32.dll!wglGetProcAddress (arg0=0x6ffff6f17465) -> 0x7b9650d0
1055 612 opengl32.dll!wglGetCurrentDC () -> 0x1d01004d
1056 612 opengl32.dll!wglMakeCurrent (arg0=0x0, arg1=0x0) -> 0x1
1057 612 opengl32.dll!wglDeleteContext (arg0=0x10002) -> 0x1
1058 612 dxgi.dll!CreateDXGIFactory (arg0=0x142ecb0a8, arg1=0x7ffffe13f2d0) -> 0x0
1059 612 user32.dll!GetMonitorInfoW (arg0=0x1, arg1=0x7ffffe13ef60) -> 0x1
1060 612 user32.dll!EnumDisplayMonitors (arg0=0x0, arg1=0x0, arg2=0x6ffff6d5ef90, arg3=0x7ffffe13f330) -> 0x0
1061 612 kernel32.dll!CreateThread (arg0=0x0, arg1=0x0, arg2=0x6ffffe9a30c0, arg3=0x7ffffe6849c0, arg4=0x4, arg5=0xfe13f360) -> 0x110
1062 612 KERNEL32.dll!GetProcAddress (arg0=0x6ffffd700000, arg1=0x142ec3e48) -> 0x6ffffd744700
1063 612 KERNEL32.dll!GetProcAddress (arg0=0x6ffffd700000, arg1=0x142ec3e20) -> 0x6ffffd74cb40
1064 676 kernel32.dll!GetProcAddress (arg0=0x6fffffbc0000, arg1=0x6ffffae592c2) -> 0x6fffffc0a0e0
1065 612 USER32.dll!SetWindowPos (arg0=0x30060, arg1=0x0, arg2=0x0, arg3=0x0, arg4=0x1, arg5=0x1, arg6=0x216) -> 0x1
1066 612 USER32.dll!DefWindowProcW (arg0=0x30060, arg1=0x18, arg2=0x1, arg3=0x0) -> 0x0
1067 612 USER32.dll!DefWindowProcW (arg0=0x30060, arg1=0x7f, arg2=0x1, arg3=0x0) -> 0x0
1068 612 USER32.dll!DefWindowProcW (arg0=0x30060, arg1=0x7f, arg2=0x0, arg3=0x0) -> 0x0
1069 676 KERNEL32.dll!WaitForSingleObject (arg0=0x80, arg1=0x1) -> 0x102
1070 612 USER32.dll!DefWindowProcW (arg0=0x30060, arg1=0x47, arg2=0x0, arg3=0x7ffffe13f398) -> 0x0
1071 612 USER32.dll!ShowWindow (arg0=0x30060, arg1=0x8) -> 0x0
1072 612 KERNEL32.dll!LoadLibraryW (arg0=0x142ec3f28) -> 0x6ffffdff0000
1073 676 KERNEL32.dll!WaitForSingleObject (arg0=0x80, arg1=0x1) -> 0x102
1074 612 KERNEL32.dll!GetProcAddress (arg0=0x6ffffdff0000, arg1=0x142ec3fe8) -> 0x6ffffe003120
1075 612 KERNEL32.dll!GetProcAddress (arg0=0x6ffffdff0000, arg1=0x142ec3fd0) -> 0x6ffffe0022f0
1076 612 KERNEL32.dll!GetProcAddress (arg0=0x6ffffdff0000, arg1=0x142ec3fb8) -> 0x6ffffe005ca0
1077 612 KERNEL32.dll!GetProcAddress (arg0=0x6ffffdff0000, arg1=0x142ec3fa0) -> 0x6ffffe005e40
1078 612 advapi32.dll!RegOpenKeyExW (arg0=0xffffffff80000002, arg1=0x6ffffe01f9c8, arg2=0x0, arg3=0x20019, arg4=0xfe13f2a0) -> 0x0
1079 612 advapi32.dll!RegOpenKeyExW (arg0=0x114, arg1=0x7ffffe5caafc, arg2=0x0, arg3=0x20019, arg4=0xfe13f2a8) -> 0x0
1080 612 kernel32.dll!LoadLibraryW (arg0=0x7ffffe67c500) -> 0x6ffff2990000
1081 612 kernel32.dll!GetProcAddress (arg0=0x6ffff2990000, arg1=0x6ffffe01faa1) -> 0x6ffff2991390
1082 676 KERNEL32.dll!WaitForSingleObject (arg0=0x80, arg1=0x1) -> 0x102
1083 612 USER32.dll!DefWindowProcW (arg0=0x40056, arg1=0x81, arg2=0x0, arg3=0x7ffffe13ea58) -> 0x1
1084 612 USER32.dll!DefWindowProcW (arg0=0x40056, arg1=0x83, arg2=0x0, arg3=0x7ffffe13eaa8) -> 0x0
1085 612 USER32.dll!DefWindowProcW (arg0=0x40056, arg1=0x1, arg2=0x0, arg3=0x7ffffe13ea58) -> 0x0
1086 612 USER32.dll!DefWindowProcW (arg0=0x40056, arg1=0x5, arg2=0x0, arg3=0x0) -> 0x0
1087 612 USER32.dll!DefWindowProcW (arg0=0x40056, arg1=0x3, arg2=0x0, arg3=0x0) -> 0x0
1088 612 USER32.dll!CreateWindowExW (arg0=0x800a0, arg1=0xc038, arg2=0x142ec4014, arg3=0x86080000, arg4=0x0, arg5=0x0, arg6=0x0, arg7=0x0, arg8=0x0, arg9=0x0, arg10=0x140000000, arg11=0x0) -> 0x40056
1089 676 KERNEL32.dll!WaitForSingleObject (arg0=0x80, arg1=0x1) -> 0x102
1090 612 KERNEL32.dll!GetProcAddress (arg0=0x6ffffd700000, arg1=0x142ec3d78) -> 0x6ffffd70be90
1091 612 KERNEL32.dll!GetProcAddress (arg0=0x6ffffd700000, arg1=0x142ec3e08) -> 0x6ffffd731850
1092 612 KERNEL32.dll!GetProcAddress (arg0=0x6ffffd700000, arg1=0x142ec3df0) -> 0x6ffffd731730
1093 612 USER32.dll!DefWindowProcW (arg0=0x40056, arg1=0xc, arg2=0x0, arg3=0x1421b19e0) -> 0x1
1094 612 USER32.dll!SetWindowPos (arg0=0x40056, arg1=0x0, arg2=0x0, arg3=0x0, arg4=0x1, arg5=0x1, arg6=0x216) -> 0x1
1095 612 USER32.dll!DefWindowProcW (arg0=0x40056, arg1=0x18, arg2=0x1, arg3=0x0) -> 0x0
1096 676 KERNEL32.dll!WaitForSingleObject (arg0=0x80, arg1=0x1) -> 0x102
1097 612 USER32.dll!DefWindowProcW (arg0=0x40056, arg1=0x7f, arg2=0x1, arg3=0x0) -> 0x0
1098 612 USER32.dll!DefWindowProcW (arg0=0x40056, arg1=0x7f, arg2=0x0, arg3=0x0) -> 0x0
1099 612 USER32.dll!DefWindowProcW (arg0=0x40056, arg1=0x47, arg2=0x0, arg3=0x7ffffe13f398) -> 0x0
1100 612 USER32.dll!ShowWindow (arg0=0x40056, arg1=0x8) -> 0x0
1101 612 KERNEL32.dll!LoadLibraryW (arg0=0x142ec3f28) -> 0x6ffffdff0000
1102 612 KERNEL32.dll!GetProcAddress (arg0=0x6ffffdff0000, arg1=0x142ec3fe8) -> 0x6ffffe003120
1103 612 KERNEL32.dll!GetProcAddress (arg0=0x6ffffdff0000, arg1=0x142ec3fd0) -> 0x6ffffe0022f0
1104 612 KERNEL32.dll!GetProcAddress (arg0=0x6ffffdff0000, arg1=0x142ec3fb8) -> 0x6ffffe005ca0
1105 612 KERNEL32.dll!GetProcAddress (arg0=0x6ffffdff0000, arg1=0x142ec3fa0) -> 0x6ffffe005e40
1106 612 advapi32.dll!RegOpenKeyExW (arg0=0xffffffff80000002, arg1=0x6ffffe01f9c8, arg2=0x0, arg3=0x20019, arg4=0xfe13f2a0) -> 0x0
1107 612 advapi32.dll!RegOpenKeyExW (arg0=0x11c, arg1=0x7ffffe5caafc, arg2=0x0, arg3=0x20019, arg4=0xfe13f2a8) -> 0x0
1108 612 kernel32.dll!LoadLibraryW (arg0=0x7ffffe67c500) -> 0x6ffff2990000
1109 612 kernel32.dll!GetProcAddress (arg0=0x6ffff2990000, arg1=0x6ffffe01faa1) -> 0x6ffff2991390
1110 676 KERNEL32.dll!WaitForSingleObject (arg0=0x80, arg1=0x1) -> 0x102
1111 612 USER32.dll!DefWindowProcW (arg0=0x5004e, arg1=0x81, arg2=0x0, arg3=0x7ffffe13ea58) -> 0x1
1112 612 USER32.dll!DefWindowProcW (arg0=0x5004e, arg1=0x83, arg2=0x0, arg3=0x7ffffe13eaa8) -> 0x0
1113 612 USER32.dll!DefWindowProcW (arg0=0x5004e, arg1=0x1, arg2=0x0, arg3=0x7ffffe13ea58) -> 0x0
1114 612 USER32.dll!DefWindowProcW (arg0=0x5004e, arg1=0x5, arg2=0x0, arg3=0x0) -> 0x0
1115 612 USER32.dll!DefWindowProcW (arg0=0x5004e, arg1=0x3, arg2=0x0, arg3=0x0) -> 0x0
1116 612 USER32.dll!CreateWindowExW (arg0=0x800a0, arg1=0xc038, arg2=0x142ec4014, arg3=0x86080000, arg4=0x0, arg5=0x0, arg6=0x0, arg7=0x0, arg8=0x0, arg9=0x0, arg10=0x140000000, arg11=0x0) -> 0x5004e
1117 612 KERNEL32.dll!GetProcAddress (arg0=0x6ffffd700000, arg1=0x142ec3d78) -> 0x6ffffd70be90
1118 612 KERNEL32.dll!GetProcAddress (arg0=0x6ffffd700000, arg1=0x142ec3e08) -> 0x6ffffd731850
1119 612 KERNEL32.dll!GetProcAddress (arg0=0x6ffffd700000, arg1=0x142ec3df0) -> 0x6ffffd731730
1120 676 KERNEL32.dll!WaitForSingleObject (arg0=0x80, arg1=0x1) -> 0x102
1121 612 USER32.dll!DefWindowProcW (arg0=0x5004e, arg1=0xc, arg2=0x0, arg3=0x1421b19e0) -> 0x1
1122 612 USER32.dll!SetWindowPos (arg0=0x5004e, arg1=0x0, arg2=0x0, arg3=0x0, arg4=0x1, arg5=0x1, arg6=0x216) -> 0x1
1123 676 KERNEL32.dll!WaitForSingleObject (arg0=0x80, arg1=0x1) -> 0x102
1124 612 USER32.dll!DefWindowProcW (arg0=0x5004e, arg1=0x18, arg2=0x1, arg3=0x0) -> 0x0
1125 676 KERNEL32.dll!WaitForSingleObject (arg0=0x80, arg1=0x1) -> 0x102
1126 612 USER32.dll!DefWindowProcW (arg0=0x5004e, arg1=0x7f, arg2=0x1, arg3=0x0) -> 0x0
1127 612 USER32.dll!DefWindowProcW (arg0=0x5004e, arg1=0x7f, arg2=0x0, arg3=0x0) -> 0x0
1128 676 KERNEL32.dll!WaitForSingleObject (arg0=0x80, arg1=0x1) -> 0x102
1129 612 USER32.dll!DefWindowProcW (arg0=0x5004e, arg1=0x47, arg2=0x0, arg3=0x7ffffe13f398) -> 0x0
1130 612 USER32.dll!ShowWindow (arg0=0x5004e, arg1=0x8) -> 0x0
1131 612 KERNEL32.dll!LoadLibraryW (arg0=0x142ec3f28) -> 0x6ffffdff0000
1132 612 KERNEL32.dll!GetProcAddress (arg0=0x6ffffdff0000, arg1=0x142ec3fe8) -> 0x6ffffe003120
1133 612 KERNEL32.dll!GetProcAddress (arg0=0x6ffffdff0000, arg1=0x142ec3fd0) -> 0x6ffffe0022f0
1134 612 KERNEL32.dll!GetProcAddress (arg0=0x6ffffdff0000, arg1=0x142ec3fb8) -> 0x6ffffe005ca0
1135 612 KERNEL32.dll!GetProcAddress (arg0=0x6ffffdff0000, arg1=0x142ec3fa0) -> 0x6ffffe005e40
1136 612 advapi32.dll!RegOpenKeyExW (arg0=0xffffffff80000002, arg1=0x6ffffe01f9c8, arg2=0x0, arg3=0x20019, arg4=0xfe13f2a0) -> 0x0
1137 612 advapi32.dll!RegOpenKeyExW (arg0=0x124, arg1=0x7ffffe5caafc, arg2=0x0, arg3=0x20019, arg4=0xfe13f2a8) -> 0x0
1138 676 KERNEL32.dll!WaitForSingleObject (arg0=0x80, arg1=0x1) -> 0x102
1139 612 kernel32.dll!LoadLibraryW (arg0=0x7ffffe67c500) -> 0x6ffff2990000
1140 612 kernel32.dll!GetProcAddress (arg0=0x6ffff2990000, arg1=0x6ffffe01faa1) -> 0x6ffff2991390
1141 612 USER32.dll!DefWindowProcW (arg0=0x2008e, arg1=0x81, arg2=0x0, arg3=0x7ffffe13ea58) -> 0x1
1142 676 KERNEL32.dll!WaitForSingleObject (arg0=0x80, arg1=0x1) -> 0x102
1143 612 USER32.dll!DefWindowProcW (arg0=0x2008e, arg1=0x83, arg2=0x0, arg3=0x7ffffe13eaa8) -> 0x0
1144 612 USER32.dll!DefWindowProcW (arg0=0x2008e, arg1=0x1, arg2=0x0, arg3=0x7ffffe13ea58) -> 0x0
1145 612 USER32.dll!DefWindowProcW (arg0=0x2008e, arg1=0x5, arg2=0x0, arg3=0x0) -> 0x0
1146 612 USER32.dll!DefWindowProcW (arg0=0x2008e, arg1=0x3, arg2=0x0, arg3=0x0) -> 0x0
1147 612 USER32.dll!CreateWindowExW (arg0=0x800a0, arg1=0xc038, arg2=0x142ec4014, arg3=0x86080000, arg4=0x0, arg5=0x0, arg6=0x0, arg7=0x0, arg8=0x0, arg9=0x0, arg10=0x140000000, arg11=0x0) -> 0x2008e
1148 676 KERNEL32.dll!WaitForSingleObject (arg0=0x80, arg1=0x1) -> 0x102
1149 612 KERNEL32.dll!GetProcAddress (arg0=0x6ffffd700000, arg1=0x142ec3d78) -> 0x6ffffd70be90
1150 612 KERNEL32.dll!GetProcAddress (arg0=0x6ffffd700000, arg1=0x142ec3e08) -> 0x6ffffd731850
1151 612 KERNEL32.dll!GetProcAddress (arg0=0x6ffffd700000, arg1=0x142ec3df0) -> 0x6ffffd731730
1152 612 USER32.dll!DefWindowProcW (arg0=0x2008e, arg1=0xc, arg2=0x0, arg3=0x1421b19e0) -> 0x1
1153 676 KERNEL32.dll!WaitForSingleObject (arg0=0x80, arg1=0x1) -> 0x102
1154 612 USER32.dll!SetWindowPos (arg0=0x2008e, arg1=0x0, arg2=0x0, arg3=0x0, arg4=0x1, arg5=0x1, arg6=0x216) -> 0x1
1155 612 USER32.dll!DefWindowProcW (arg0=0x2008e, arg1=0x18, arg2=0x1, arg3=0x0) -> 0x0
1156 676 KERNEL32.dll!WaitForSingleObject (arg0=0x80, arg1=0x1) -> 0x102
1157 612 USER32.dll!DefWindowProcW (arg0=0x2008e, arg1=0x7f, arg2=0x1, arg3=0x0) -> 0x0
1158 612 USER32.dll!DefWindowProcW (arg0=0x2008e, arg1=0x7f, arg2=0x0, arg3=0x0) -> 0x0
1159 612 USER32.dll!DefWindowProcW (arg0=0x2008e, arg1=0x47, arg2=0x0, arg3=0x7ffffe13f398) -> 0x0
1160 612 USER32.dll!ShowWindow (arg0=0x2008e, arg1=0x8) -> 0x0
1161 612 GDI32.dll!GetDeviceCaps (arg0=0x2401004a, arg1=0xc) -> 0x20
1162 612 GDI32.dll!CreateCompatibleDC (arg0=0x2401004a) -> 0x7410060
1163 612 GDI32.dll!CreateDIBSection (arg0=0x7410060, arg1=0x7ffffe6aa4a8, arg2=0x0, arg3=0xfe6aa520, arg4=0x0, arg5=0x0) -> 0x1090063
1164 676 KERNEL32.dll!WaitForSingleObject (arg0=0x80, arg1=0x1) -> 0x102
1165 612 USER32.dll!DefWindowProcW (arg0=0x2008e, arg1=0x47, arg2=0x0, arg3=0x7ffffe13f4f8) -> 0x0
1166 612 USER32.dll!SetWindowPos (arg0=0x2008e, arg1=0xffffffffffffffff, arg2=0x0, arg3=0x0, arg4=0x0, arg5=0x0, arg6=0x413) -> 0x1
1167 612 USER32.dll!SetWindowPos (arg0=0x2008e, arg1=0x0, arg2=0x0, arg3=0x0, arg4=0x0, arg5=0x0, arg6=0x413) -> 0x1
1168 676 KERNEL32.dll!WaitForSingleObject (arg0=0x80, arg1=0x1) -> 0x102
1169 612 USER32.dll!SetWindowPos (arg0=0x2008e, arg1=0x0, arg2=0x7ffffe91, arg3=0x8000007b, arg4=0x2df, arg5=0xc, arg6=0x214) -> 0x1
1170 612 USER32.dll!DefWindowProcW (arg0=0x2008e, arg1=0x47, arg2=0x0, arg3=0x7ffffe13f4f8) -> 0x0
1171 612 USER32.dll!SetWindowPos (arg0=0x2008e, arg1=0x30066, arg2=0x0, arg3=0x0, arg4=0x0, arg5=0x0, arg6=0x413) -> 0x1
1172 676 KERNEL32.dll!WaitForSingleObject (arg0=0x80, arg1=0x1) -> 0x102
1173 612 GDI32.dll!CreateCompatibleDC (arg0=0x2401004a) -> 0x441004c
1174 612 GDI32.dll!CreateDIBSection (arg0=0x441004c, arg1=0x7ffffe6ac588, arg2=0x0, arg3=0xfe6ac600, arg4=0x0, arg5=0x0) -> 0x1090069
1175 676 KERNEL32.dll!WaitForSingleObject (arg0=0x80, arg1=0x1) -> 0x102
1176 612 USER32.dll!DefWindowProcW (arg0=0x5004e, arg1=0x47, arg2=0x0, arg3=0x7ffffe13f4f8) -> 0x0
1177 612 USER32.dll!SetWindowPos (arg0=0x5004e, arg1=0xffffffffffffffff, arg2=0x0, arg3=0x0, arg4=0x0, arg5=0x0, arg6=0x413) -> 0x1
1178 612 USER32.dll!SetWindowPos (arg0=0x5004e, arg1=0x0, arg2=0x0, arg3=0x0, arg4=0x0, arg5=0x0, arg6=0x413) -> 0x1
1179 676 KERNEL32.dll!WaitForSingleObject (arg0=0x80, arg1=0x1) -> 0x102
1180 676 KERNEL32.dll!WaitForSingleObject (arg0=0x80, arg1=0x1) -> 0x102
1181 676 KERNEL32.dll!WaitForSingleObject (arg0=0x80, arg1=0x1) -> 0x102
1182 612 USER32.dll!SetWindowPos (arg0=0x5004e, arg1=0x0, arg2=0x7ffffe91, arg3=0x7fffff7a, arg4=0x2df, arg5=0xc, arg6=0x214) -> 0x1
1183 612 USER32.dll!DefWindowProcW (arg0=0x5004e, arg1=0x47, arg2=0x0, arg3=0x7ffffe13f4f8) -> 0x0
1184 612 USER32.dll!SetWindowPos (arg0=0x5004e, arg1=0x2008e, arg2=0x0, arg3=0x0, arg4=0x0, arg5=0x0, arg6=0x413) -> 0x1
1185 676 KERNEL32.dll!WaitForSingleObject (arg0=0x80, arg1=0x1) -> 0x102
1186 612 GDI32.dll!CreateCompatibleDC (arg0=0x2401004a) -> 0x2410068
1187 612 GDI32.dll!CreateDIBSection (arg0=0x2410068, arg1=0x7ffffe6ac698, arg2=0x0, arg3=0xfe6ac710, arg4=0x0, arg5=0x0) -> 0x109006f
1188 676 KERNEL32.dll!WaitForSingleObject (arg0=0x80, arg1=0x1) -> 0x102
1189 612 USER32.dll!DefWindowProcW (arg0=0x40056, arg1=0x47, arg2=0x0, arg3=0x7ffffe13f4f8) -> 0x0
1190 612 USER32.dll!SetWindowPos (arg0=0x40056, arg1=0xffffffffffffffff, arg2=0x0, arg3=0x0, arg4=0x0, arg5=0x0, arg6=0x413) -> 0x1
1191 612 USER32.dll!SetWindowPos (arg0=0x40056, arg1=0x0, arg2=0x0, arg3=0x0, arg4=0x0, arg5=0x0, arg6=0x413) -> 0x1
1192 676 KERNEL32.dll!WaitForSingleObject (arg0=0x80, arg1=0x1) -> 0x102
1193 676 KERNEL32.dll!WaitForSingleObject (arg0=0x80, arg1=0x1) -> 0x102
1194 612 USER32.dll!SetWindowPos (arg0=0x40056, arg1=0x0, arg2=0x80000170, arg3=0x7fffff7a, arg4=0xc, arg5=0x10d, arg6=0x214) -> 0x1
1195 612 USER32.dll!DefWindowProcW (arg0=0x40056, arg1=0x47, arg2=0x0, arg3=0x7ffffe13f4f8) -> 0x0
1196 612 USER32.dll!SetWindowPos (arg0=0x40056, arg1=0x5004e, arg2=0x0, arg3=0x0, arg4=0x0, arg5=0x0, arg6=0x413) -> 0x1
1197 676 KERNEL32.dll!WaitForSingleObject (arg0=0x80, arg1=0x1) -> 0x102
1198 612 GDI32.dll!CreateCompatibleDC (arg0=0x2401004a) -> 0x241006e
1199 612 GDI32.dll!CreateDIBSection (arg0=0x241006e, arg1=0x7ffffe6ac7a8, arg2=0x0, arg3=0xfe6ac820, arg4=0x0, arg5=0x0) -> 0x1090075
1200 676 KERNEL32.dll!WaitForSingleObject (arg0=0x80, arg1=0x1) -> 0x102
1201 612 USER32.dll!DefWindowProcW (arg0=0x30060, arg1=0x47, arg2=0x0, arg3=0x7ffffe13f4f8) -> 0x0
1202 612 USER32.dll!SetWindowPos (arg0=0x30060, arg1=0xffffffffffffffff, arg2=0x0, arg3=0x0, arg4=0x0, arg5=0x0, arg6=0x413) -> 0x1
1203 612 USER32.dll!SetWindowPos (arg0=0x30060, arg1=0x0, arg2=0x0, arg3=0x0, arg4=0x0, arg5=0x0, arg6=0x413) -> 0x1
1204 676 KERNEL32.dll!WaitForSingleObject (arg0=0x80, arg1=0x1) -> 0x102
1205 676 KERNEL32.dll!WaitForSingleObject (arg0=0x80, arg1=0x1) -> 0x102
1206 612 KERNEL32.dll!WaitForSingleObject (arg0=0x80, arg1=0x2) -> 0x102
1207 612 USER32.dll!SetWindowPos (arg0=0x30060, arg1=0x0, arg2=0x7ffffe85, arg3=0x7fffff7a, arg4=0xc, arg5=0x10d, arg6=0x214) -> 0x1
1208 612 USER32.dll!DefWindowProcW (arg0=0x30060, arg1=0x47, arg2=0x0, arg3=0x7ffffe13f4f8) -> 0x0
1209 612 USER32.dll!SetWindowPos (arg0=0x30060, arg1=0x40056, arg2=0x0, arg3=0x0, arg4=0x0, arg5=0x0, arg6=0x413) -> 0x1
1210 612 user32.dll!GetMonitorInfoW (arg0=0x1, arg1=0x7ffffe13f480) -> 0x1
1211 612 user32.dll!EnumDisplayMonitors (arg0=0x0, arg1=0x0, arg2=0x6ffff6d5ef90, arg3=0x7ffffe13f850) -> 0x0
1212 612 kernel32.dll!CreateThread (arg0=0x0, arg1=0x0, arg2=0x6ffffe9a30c0, arg3=0x7ffffe6a9ea0, arg4=0x4, arg5=0xfe13f880) -> 0x110
1213 612 USER32.dll!SetWindowPos (arg0=0x2008e, arg1=0x0, arg2=0x7fff, arg3=0x80f4, arg4=0x2df, arg5=0xc, arg6=0x215) -> 0x1
1214 612 USER32.dll!SetWindowPos (arg0=0x2008e, arg1=0x30066, arg2=0x0, arg3=0x0, arg4=0x0, arg5=0x0, arg6=0x413) -> 0x1
1215 680 KERNEL32.dll!WaitForSingleObject (arg0=0x80, arg1=0x1) -> 0x102
1216 612 USER32.dll!SetWindowPos (arg0=0x5004e, arg1=0x0, arg2=0x7fff, arg3=0x7ff3, arg4=0x2df, arg5=0xc, arg6=0x215) -> 0x1
1217 612 USER32.dll!SetWindowPos (arg0=0x5004e, arg1=0x2008e, arg2=0x0, arg3=0x0, arg4=0x0, arg5=0x0, arg6=0x413) -> 0x1
1218 612 USER32.dll!SetWindowPos (arg0=0x40056, arg1=0x0, arg2=0x82de, arg3=0x7ff3, arg4=0xc, arg5=0x10d, arg6=0x215) -> 0x1
1219 612 USER32.dll!SetWindowPos (arg0=0x40056, arg1=0x5004e, arg2=0x0, arg3=0x0, arg4=0x0, arg5=0x0, arg6=0x413) -> 0x1
1220 680 KERNEL32.dll!WaitForSingleObject (arg0=0x80, arg1=0x1) -> 0x102
1221 612 USER32.dll!SetWindowPos (arg0=0x30060, arg1=0x0, arg2=0x7ff3, arg3=0x7ff3, arg4=0xc, arg5=0x10d, arg6=0x215) -> 0x1
1222 612 USER32.dll!SetWindowPos (arg0=0x30060, arg1=0x40056, arg2=0x0, arg3=0x0, arg4=0x0, arg5=0x0, arg6=0x413) -> 0x1
1223 680 KERNEL32.dll!WaitForSingleObject (arg0=0x80, arg1=0x1) -> 0x102
1224 612 KERNEL32.dll!WaitForSingleObject (arg0=0x80, arg1=0x2) -> 0x102
1225 612 USER32.dll!SetWindowPos (arg0=0x30066, arg1=0x0, arg2=0x7ffffe91, arg3=0x7fffff86, arg4=0x2df, arg5=0xf5, arg6=0x214) -> 0x1
1226 612 USER32.dll!SetWindowPos (arg0=0x2008e, arg1=0x0, arg2=0x7fff, arg3=0x80f4, arg4=0x2df, arg5=0xc, arg6=0x215) -> 0x1
1227 612 USER32.dll!SetWindowPos (arg0=0x2008e, arg1=0x30066, arg2=0x0, arg3=0x0, arg4=0x0, arg5=0x0, arg6=0x413) -> 0x1
1228 612 USER32.dll!SetWindowPos (arg0=0x5004e, arg1=0x2008e, arg2=0x0, arg3=0x0, arg4=0x0, arg5=0x0, arg6=0x413) -> 0x1
1229 612 USER32.dll!SetWindowPos (arg0=0x40056, arg1=0x0, arg2=0x82de, arg3=0x7ff3, arg4=0xc, arg5=0x10d, arg6=0x215) -> 0x1
1230 612 USER32.dll!SetWindowPos (arg0=0x40056, arg1=0x5004e, arg2=0x0, arg3=0x0, arg4=0x0, arg5=0x0, arg6=0x413) -> 0x1
1231 612 USER32.dll!SetWindowPos (arg0=0x30060, arg1=0x40056, arg2=0x0, arg3=0x0, arg4=0x0, arg5=0x0, arg6=0x413) -> 0x1
1232 612 USER32.dll!DefWindowProcW (arg0=0x30066, arg1=0x18, arg2=0x1, arg3=0x0) -> 0x0
1233 612 USER32.dll!DefWindowProcW (arg0=0x30066, arg1=0x7f, arg2=0x1, arg3=0x0) -> 0x0
1234 612 USER32.dll!DefWindowProcW (arg0=0x30066, arg1=0x7f, arg2=0x0, arg3=0x0) -> 0x0
1235 612 USER32.dll!DefWindowProcW (arg0=0x30066, arg1=0x47, arg2=0x0, arg3=0x7ffffe13f8b8) -> 0x0
1236 612 USER32.dll!ShowWindow (arg0=0x30066, arg1=0x8) -> 0x0
1237 612 GDI32.dll!CreateCompatibleDC (arg0=0x2401004a) -> 0x2410074
1238 612 GDI32.dll!CreateDIBSection (arg0=0x2410074, arg1=0x7ffffe6ac8b8, arg2=0x0, arg3=0xfe6ac930, arg4=0x0, arg5=0x6666666600000000) -> 0x109007d
1239 612 USER32.dll!DefWindowProcW (arg0=0x30066, arg1=0x47, arg2=0x0, arg3=0x7ffffe13f898) -> 0x0
1240 612 USER32.dll!SetWindowPos (arg0=0x30066, arg1=0xffffffffffffffff, arg2=0x0, arg3=0x0, arg4=0x0, arg5=0x0, arg6=0x413) -> 0x1
1241 612 USER32.dll!SetWindowPos (arg0=0x2008e, arg1=0x30066, arg2=0x0, arg3=0x0, arg4=0x0, arg5=0x0, arg6=0x413) -> 0x1
1242 612 USER32.dll!SetWindowPos (arg0=0x5004e, arg1=0x2008e, arg2=0x0, arg3=0x0, arg4=0x0, arg5=0x0, arg6=0x413) -> 0x1
1243 612 USER32.dll!SetWindowPos (arg0=0x40056, arg1=0x5004e, arg2=0x0, arg3=0x0, arg4=0x0, arg5=0x0, arg6=0x413) -> 0x1
1244 612 USER32.dll!SetWindowPos (arg0=0x30060, arg1=0x40056, arg2=0x0, arg3=0x0, arg4=0x0, arg5=0x0, arg6=0x413) -> 0x1
1245 612 USER32.dll!SetWindowPos (arg0=0x2008e, arg1=0x30066, arg2=0x0, arg3=0x0, arg4=0x0, arg5=0x0, arg6=0x413) -> 0x1
1246 612 USER32.dll!SetWindowPos (arg0=0x5004e, arg1=0x2008e, arg2=0x0, arg3=0x0, arg4=0x0, arg5=0x0, arg6=0x413) -> 0x1
1247 612 USER32.dll!SetWindowPos (arg0=0x40056, arg1=0x5004e, arg2=0x0, arg3=0x0, arg4=0x0, arg5=0x0, arg6=0x413) -> 0x1
1248 612 USER32.dll!SetWindowPos (arg0=0x30060, arg1=0x40056, arg2=0x0, arg3=0x0, arg4=0x0, arg5=0x0, arg6=0x413) -> 0x1
1249 612 USER32.dll!SetWindowPos (arg0=0x30066, arg1=0x0, arg2=0x0, arg3=0x0, arg4=0x0, arg5=0x0, arg6=0x413) -> 0x1
1250 612 USER32.dll!SetWindowPos (arg0=0x2008e, arg1=0x30066, arg2=0x0, arg3=0x0, arg4=0x0, arg5=0x0, arg6=0x413) -> 0x1
1251 612 USER32.dll!SetWindowPos (arg0=0x5004e, arg1=0x2008e, arg2=0x0, arg3=0x0, arg4=0x0, arg5=0x0, arg6=0x413) -> 0x1
1252 612 USER32.dll!SetWindowPos (arg0=0x40056, arg1=0x5004e, arg2=0x0, arg3=0x0, arg4=0x0, arg5=0x0, arg6=0x413) -> 0x1
1253 612 USER32.dll!SetWindowPos (arg0=0x30060, arg1=0x40056, arg2=0x0, arg3=0x0, arg4=0x0, arg5=0x0, arg6=0x413) -> 0x1
1254 612 KERNEL32.dll!CreateFileW (arg0=0x7ffffe6accf4, arg1=0x40000000, arg2=0x1, arg3=0x0, arg4=0x4, arg5=0x80, arg6=0x0) -> 0x130
1255 612 kernel32.dll!CreateThread (arg0=0x0, arg1=0x0, arg2=0x6ffffe9a30c0, arg3=0x7ffffe6aa140, arg4=0x0, arg5=0xfe13f950) -> 0x130
1256 612 kernel32.dll!CreateThread (arg0=0x0, arg1=0x0, arg2=0x6ffffe9a30c0, arg3=0x7ffffe6aa1a0, arg4=0x0, arg5=0xfe13f950) -> 0x134
1257 612 kernel32.dll!CreateThread (arg0=0x0, arg1=0x0, arg2=0x6ffffe9a30c0, arg3=0x7ffffe6aa1d0, arg4=0x0, arg5=0xfe13f950) -> 0x138
1258 612 kernel32.dll!CreateThread (arg0=0x0, arg1=0x0, arg2=0x6ffffe9a30c0, arg3=0x7ffffe6aa200, arg4=0x0, arg5=0xfe13f950) -> 0x13c
1259 612 kernel32.dll!CreateThread (arg0=0x0, arg1=0x0, arg2=0x6ffffe9a30c0, arg3=0x7ffffe6aa230, arg4=0x0, arg5=0xfe13f950) -> 0x144
1260 612 kernel32.dll!CreateThread (arg0=0x0, arg1=0x0, arg2=0x6ffffe9a30c0, arg3=0x7ffffe6aa260, arg4=0x0, arg5=0xfe13f950) -> 0x140
1261 612 kernel32.dll!CreateThread (arg0=0x0, arg1=0x0, arg2=0x6ffffe9a30c0, arg3=0x7ffffe6aa290, arg4=0x0, arg5=0xfe13f950) -> 0x148
1262 612 kernel32.dll!CreateThread (arg0=0x0, arg1=0x0, arg2=0x6ffffe9a30c0, arg3=0x7ffffe6aa2c0, arg4=0x0, arg5=0xfe13f950) -> 0x14c
1263 612 kernel32.dll!CreateThread (arg0=0x0, arg1=0x0, arg2=0x6ffffe9a30c0, arg3=0x7ffffe6aa2f0, arg4=0x0, arg5=0xfe13f950) -> 0x150
1264 612 kernel32.dll!CreateThread (arg0=0x0, arg1=0x0, arg2=0x6ffffe9a30c0, arg3=0x7ffffe6aa320, arg4=0x0, arg5=0xfe13f950) -> 0x154
1265 612 kernel32.dll!CreateThread (arg0=0x0, arg1=0x0, arg2=0x6ffffe9a30c0, arg3=0x7ffffe6aa350, arg4=0x0, arg5=0xfe13f950) -> 0x158
1266 612 kernel32.dll!CreateThread (arg0=0x0, arg1=0x0, arg2=0x6ffffe9a30c0, arg3=0x7ffffe6aa380, arg4=0x0, arg5=0xfe13f950) -> 0x15c
1267 612 kernel32.dll!CreateThread (arg0=0x0, arg1=0x0, arg2=0x6ffffe9a30c0, arg3=0x7ffffe6aa3b0, arg4=0x0, arg5=0xfe13f950) -> 0x160
1268 612 kernel32.dll!CreateThread (arg0=0x0, arg1=0x0, arg2=0x6ffffe9a30c0, arg3=0x7ffffe6aa3e0, arg4=0x0, arg5=0xfe13f950) -> 0x164
1269 612 kernel32.dll!CreateThread (arg0=0x0, arg1=0x0, arg2=0x6ffffe9a30c0, arg3=0x7ffffe6aa410, arg4=0x0, arg5=0xfe13f950) -> 0x168
1270 612 kernel32.dll!CreateThread (arg0=0x0, arg1=0x0, arg2=0x6ffffe9a30c0, arg3=0x7ffffe7b7e70, arg4=0x0, arg5=0xfe13f950) -> 0x170
1271 612 kernel32.dll!CreateThread (arg0=0x0, arg1=0x0, arg2=0x6ffffe9a30c0, arg3=0x7ffffe7b7ed0, arg4=0x0, arg5=0xfe13f950) -> 0x16c
1272 612 kernel32.dll!CreateThread (arg0=0x0, arg1=0x0, arg2=0x6ffffe9a30c0, arg3=0x7ffffe7b7f30, arg4=0x0, arg5=0xfe13f950) -> 0x174
1273 612 kernel32.dll!CreateThread (arg0=0x0, arg1=0x0, arg2=0x6ffffe9a30c0, arg3=0x7ffffe7b7f60, arg4=0x0, arg5=0xfe13f950) -> 0x178
1274 612 kernel32.dll!CreateThread (arg0=0x0, arg1=0x0, arg2=0x6ffffe9a30c0, arg3=0x7ffffe7b7f90, arg4=0x0, arg5=0xfe13f950) -> 0x17c
1275 612 KERNEL32.dll!CreateFileW (arg0=0x7ffffe6accf4, arg1=0x40000000, arg2=0x1, arg3=0x0, arg4=0x4, arg5=0x80, arg6=0x0) -> 0x180
1276 744 kernel32.dll!GetProcAddress (arg0=0x6fffffbc0000, arg1=0x6ffff2c0cbd0) -> 0x6fffffc0a1c0
1277 744 kernel32.dll!GetProcAddress (arg0=0x6fffffbc0000, arg1=0x6ffff2c0cc21) -> 0x6fffffc09f10
1278 612 KERNEL32.dll!CreateFileW (arg0=0x7ffffe6accf4, arg1=0x40000000, arg2=0x1, arg3=0x0, arg4=0x4, arg5=0x80, arg6=0x0) -> 0x180
1279 744 advapi32.dll!RegOpenKeyExW (arg0=0xffffffff80000002, arg1=0x7ce2ade1f3f0, arg2=0x0, arg3=0x20019, arg4=0xade1f2d8) -> 0x0
1280 744 kernel32.dll!LoadLibraryW (arg0=0x7ce2ade1f600) -> 0x6ffff2bf0000
1281 744 kernel32.dll!GetProcAddress (arg0=0x6ffff2bf0000, arg1=0x7ce2ade1f2e0) -> 0x6ffff2bfbb60
1282 744 advapi32.dll!RegOpenKeyExW (arg0=0xffffffff80000002, arg1=0x7ce2ade1f3f0, arg2=0x0, arg3=0x20019, arg4=0xade1f2d8) -> 0x0
1283 744 kernel32.dll!LoadLibraryW (arg0=0x7ce2ade1f600) -> 0x6ffff2bf0000
1284 744 kernel32.dll!GetProcAddress (arg0=0x6ffff2bf0000, arg1=0x7ce2ade1f2e0) -> 0x6ffff2bfbc10
1285 744 advapi32.dll!RegOpenKeyExW (arg0=0xffffffff80000002, arg1=0x7ce2ade1f3f0, arg2=0x0, arg3=0x20019, arg4=0xade1f2d8) -> 0x0
1286 744 kernel32.dll!LoadLibraryW (arg0=0x7ce2ade1f600) -> 0x6ffff2bf0000
1287 744 kernel32.dll!GetProcAddress (arg0=0x6ffff2bf0000, arg1=0x7ce2ade1f2e0) -> 0x6ffff2bfc690
1288 744 advapi32.dll!RegOpenKeyExW (arg0=0xffffffff80000002, arg1=0x7ce2ade1f3f0, arg2=0x0, arg3=0x20019, arg4=0xade1f2d8) -> 0x0
1289 744 kernel32.dll!LoadLibraryW (arg0=0x7ce2ade1f600) -> 0x6ffff2bf0000
1290 744 kernel32.dll!GetProcAddress (arg0=0x6ffff2bf0000, arg1=0x7ce2ade1f2e0) -> 0x6ffff2c04300
1291 744 advapi32.dll!RegOpenKeyExW (arg0=0xffffffff80000002, arg1=0x7ce2ade1f3f0, arg2=0x0, arg3=0x20019, arg4=0xade1f2d8) -> 0x0
1292 744 kernel32.dll!LoadLibraryW (arg0=0x7ce2ade1f600) -> 0x6ffff2bf0000
1293 744 kernel32.dll!GetProcAddress (arg0=0x6ffff2bf0000, arg1=0x7ce2ade1f2e0) -> 0x6ffff2bfb600
1294 744 advapi32.dll!RegOpenKeyExW (arg0=0xffffffff80000002, arg1=0x7ce2ade1f3f0, arg2=0x0, arg3=0x20019, arg4=0xade1f2d8) -> 0x0
1295 744 kernel32.dll!LoadLibraryW (arg0=0x7ce2ade1f600) -> 0x6ffff2bf0000
1296 744 kernel32.dll!GetProcAddress (arg0=0x6ffff2bf0000, arg1=0x7ce2ade1f2e0) -> 0x6ffff2bfb360
1297 744 advapi32.dll!RegOpenKeyExW (arg0=0xffffffff80000002, arg1=0x7ce2ade1f3f0, arg2=0x0, arg3=0x20019, arg4=0xade1f2d8) -> 0x2
1298 744 advapi32.dll!RegOpenKeyExW (arg0=0xffffffff80000002, arg1=0x7ce2ade1f3f0, arg2=0x0, arg3=0x20019, arg4=0xade1f2d8) -> 0x0
1299 744 kernel32.dll!LoadLibraryW (arg0=0x7ce2ade1f600) -> 0x6ffff2bf0000
1300 744 kernel32.dll!GetProcAddress (arg0=0x6ffff2bf0000, arg1=0x7ce2ade1f2e0) -> 0x6ffff2bfb7b0
1301 744 kernel32.dll!CreateFileW (arg0=0x7ffffe827ca0, arg1=0x80000000, arg2=0x1, arg3=0x0, arg4=0x3, arg5=0x80, arg6=0x0) -> 0x180
1302 744 kernel32.dll!GetProcAddress (arg0=0x6fffffbc0000, arg1=0x6ffff8cca950) -> 0x6fffffc0a1c0
1303 744 kernel32.dll!GetProcAddress (arg0=0x6fffffbc0000, arg1=0x6ffff8cca9a1) -> 0x6fffffc09f10
1304 744 advapi32.dll!RegOpenKeyExW (arg0=0xffffffff80000002, arg1=0x7ce2ade1f3d0, arg2=0x0, arg3=0x20019, arg4=0xade1f658) -> 0x0
1305 744 kernel32.dll!LoadLibraryW (arg0=0x7ce2ade1f3b0) -> 0x6ffff2bf0000
1306 744 kernel32.dll!GetProcAddress (arg0=0x6ffff2bf0000, arg1=0x7ce2ade1f2a0) -> 0x6ffff2bf8bc0
1307 744 advapi32.dll!RegOpenKeyExW (arg0=0xffffffff80000002, arg1=0x7ce2ade1f3d0, arg2=0x0, arg3=0x20019, arg4=0xade1f658) -> 0x0
1308 744 kernel32.dll!LoadLibraryW (arg0=0x7ce2ade1f3b0) -> 0x6ffff2bf0000
1309 744 kernel32.dll!GetProcAddress (arg0=0x6ffff2bf0000, arg1=0x7ce2ade1f2a0) -> 0x6ffff2bf9700
1310 744 advapi32.dll!RegOpenKeyExW (arg0=0xffffffff80000002, arg1=0x7ce2ade1f3d0, arg2=0x0, arg3=0x20019, arg4=0xade1f658) -> 0x0
1311 744 kernel32.dll!LoadLibraryW (arg0=0x7ce2ade1f3b0) -> 0x6ffff2bf0000
1312 744 kernel32.dll!GetProcAddress (arg0=0x6ffff2bf0000, arg1=0x7ce2ade1f2a0) -> 0x6ffff2bf8b70
1313 744 advapi32.dll!RegOpenKeyExW (arg0=0xffffffff80000002, arg1=0x7ce2ade1f3d0, arg2=0x0, arg3=0x20019, arg4=0xade1f658) -> 0x0
1314 744 kernel32.dll!LoadLibraryW (arg0=0x7ce2ade1f3b0) -> 0x6ffff2bf0000
1315 744 kernel32.dll!GetProcAddress (arg0=0x6ffff2bf0000, arg1=0x7ce2ade1f2a0) -> 0x6ffff2bf9990
1316 744 advapi32.dll!RegOpenKeyExW (arg0=0xffffffff80000002, arg1=0x7ce2ade1f3d0, arg2=0x0, arg3=0x20019, arg4=0xade1f658) -> 0x0
1317 744 kernel32.dll!LoadLibraryW (arg0=0x7ce2ade1f3b0) -> 0x6ffff2bf0000
1318 744 kernel32.dll!GetProcAddress (arg0=0x6ffff2bf0000, arg1=0x7ce2ade1f2a0) -> 0x6ffff2bf9940
1319 744 kernel32.dll!GetProcAddress (arg0=0x6fffffbc0000, arg1=0x6ffffadd9c61) -> 0x6fffffc09f10
1320 744 kernel32.dll!GetProcAddress (arg0=0x6fffffbc0000, arg1=0x6ffff27c5141) -> 0x6fffffc09f10
1321 744 kernel32.dll!GetProcAddress (arg0=0x6fffffbc0000, arg1=0x6ffff8cca962) -> 0x6fffffc0a0e0
1322 744 kernel32.dll!LoadLibraryW (arg0=0x7ffffe7e0f40) -> 0x6ffff2bf0000
1323 744 kernel32.dll!GetProcAddress (arg0=0x6ffff2bf0000, arg1=0x7ffffe7e0f10) -> 0x6ffff2c013b0
1324 744 kernel32.dll!LoadLibraryW (arg0=0x7ffffe7e0f40) -> 0x6ffff2bf0000
1325 744 kernel32.dll!GetProcAddress (arg0=0x6ffff2bf0000, arg1=0x7ffffe7e0f10) -> 0x6ffff2c013b0
1326 612 USER32.dll!PeekMessageW (arg0=0x7ffffe13feb0, arg1=0x0, arg2=0xf, arg3=0xf, arg4=0x1) -> 0x0
1327 612 USER32.dll!GetMessageW (arg0=0x7ffffe13feb0, arg1=0x0, arg2=0x0, arg3=0x0) -> 0x1
1328 612 kernel32.dll!CreateThread (arg0=0x0, arg1=0x0, arg2=0x6ffffe9a30c0, arg3=0x7ffffe7b7f30, arg4=0x4, arg5=0xfe13fe00) -> 0x18c
1329 612 USER32.dll!GetMessageW (arg0=0x7ffffe13feb0, arg1=0x0, arg2=0x0, arg3=0x0) -> 0x1
1330 612 USER32.dll!GetMessageW (arg0=0x7ffffe13feb0, arg1=0x0, arg2=0x0, arg3=0x0) -> 0x1
1331 612 USER32.dll!GetMessageW (arg0=0x7ffffe13feb0, arg1=0x0, arg2=0x0, arg3=0x0) -> 0x1
1332 612 USER32.dll!GetMessageW (arg0=0x7ffffe13feb0, arg1=0x0, arg2=0x0, arg3=0x0) -> 0x1
1333 612 USER32.dll!PeekMessageW (arg0=0x7ffffe13feb0, arg1=0x0, arg2=0xf, arg3=0xf, arg4=0x1) -> 0x0
1334 744 kernel32.dll!CreateEventW (arg0=0x0, arg1=0x0, arg2=0x0, arg3=0x0) -> 0x198
1335 744 advapi32.dll!RegOpenKeyExW (arg0=0x19c, arg1=0x7ce2ade1f140, arg2=0x0, arg3=0x20019, arg4=0xade1f0b8) -> 0x0
1336 744 advapi32.dll!RegOpenKeyExW (arg0=0x19c, arg1=0x7ce2ade1f140, arg2=0x0, arg3=0x20019, arg4=0xade1f0b8) -> 0x0
1337 744 advapi32.dll!RegOpenKeyExW (arg0=0x19c, arg1=0x7ce2ade1f140, arg2=0x0, arg3=0x20019, arg4=0xade1f0b8) -> 0x0
1338 744 advapi32.dll!RegOpenKeyExW (arg0=0x19c, arg1=0x7ce2ade1f140, arg2=0x0, arg3=0x20019, arg4=0xade1f0b8) -> 0x0
1339 744 advapi32.dll!RegOpenKeyExW (arg0=0x19c, arg1=0x7ce2ade1f140, arg2=0x0, arg3=0x20019, arg4=0xade1f0b8) -> 0x0
1340 744 advapi32.dll!RegOpenKeyExW (arg0=0x19c, arg1=0x7ce2ade1f140, arg2=0x0, arg3=0x20019, arg4=0xade1f0b8) -> 0x0
1341 744 advapi32.dll!RegOpenKeyExW (arg0=0x19c, arg1=0x7ce2ade1f140, arg2=0x0, arg3=0x20019, arg4=0xade1f0b8) -> 0x0
1342 744 advapi32.dll!RegOpenKeyExW (arg0=0x19c, arg1=0x7ce2ade1f140, arg2=0x0, arg3=0x20019, arg4=0xade1f0b8) -> 0x0
1343 744 advapi32.dll!RegOpenKeyExW (arg0=0x19c, arg1=0x7ce2ade1f140, arg2=0x0, arg3=0x20019, arg4=0xade1f0b8) -> 0x0
1344 744 advapi32.dll!RegOpenKeyExW (arg0=0x19c, arg1=0x7ce2ade1f140, arg2=0x0, arg3=0x20019, arg4=0xade1f0b8) -> 0x0
1345 744 advapi32.dll!RegOpenKeyExW (arg0=0x19c, arg1=0x7ce2ade1f140, arg2=0x0, arg3=0x20019, arg4=0xade1f0b8) -> 0x0
1346 744 advapi32.dll!RegOpenKeyExW (arg0=0x19c, arg1=0x7ce2ade1f140, arg2=0x0, arg3=0x20019, arg4=0xade1f0b8) -> 0x0
1347 744 advapi32.dll!RegOpenKeyExW (arg0=0x19c, arg1=0x7ce2ade1f140, arg2=0x0, arg3=0x20019, arg4=0xade1f0b8) -> 0x0
1348 744 advapi32.dll!RegOpenKeyExW (arg0=0x19c, arg1=0x7ce2ade1f140, arg2=0x0, arg3=0x20019, arg4=0xade1f0b8) -> 0x0
1349 744 advapi32.dll!RegOpenKeyExW (arg0=0x19c, arg1=0x7ce2ade1f140, arg2=0x0, arg3=0x20019, arg4=0xade1f0b8) -> 0x0
1350 744 advapi32.dll!RegOpenKeyExW (arg0=0x19c, arg1=0x7ce2ade1f140, arg2=0x0, arg3=0x20019, arg4=0xade1f0b8) -> 0x0
1351 744 advapi32.dll!RegOpenKeyExW (arg0=0x19c, arg1=0x7ce2ade1f140, arg2=0x0, arg3=0x20019, arg4=0xade1f0b8) -> 0x0
1352 744 advapi32.dll!RegOpenKeyExW (arg0=0x19c, arg1=0x7ce2ade1f140, arg2=0x0, arg3=0x20019, arg4=0xade1f0b8) -> 0x0
1353 744 advapi32.dll!RegOpenKeyExW (arg0=0x19c, arg1=0x7ce2ade1f140, arg2=0x0, arg3=0x20019, arg4=0xade1f0b8) -> 0x0
1354 744 advapi32.dll!RegOpenKeyExW (arg0=0x19c, arg1=0x7ce2ade1f140, arg2=0x0, arg3=0x20019, arg4=0xade1f0b8) -> 0x0
1355 744 advapi32.dll!RegOpenKeyExW (arg0=0x19c, arg1=0x7ce2ade1f140, arg2=0x0, arg3=0x20019, arg4=0xade1f0b8) -> 0x0
1356 744 advapi32.dll!RegOpenKeyExW (arg0=0x19c, arg1=0x7ce2ade1f140, arg2=0x0, arg3=0x20019, arg4=0xade1f0b8) -> 0x0
1357 744 advapi32.dll!RegOpenKeyExW (arg0=0x19c, arg1=0x7ce2ade1f140, arg2=0x0, arg3=0x20019, arg4=0xade1f0b8) -> 0x0
1358 744 advapi32.dll!RegOpenKeyExW (arg0=0x19c, arg1=0x7ce2ade1f140, arg2=0x0, arg3=0x20019, arg4=0xade1f0b8) -> 0x0
1359 744 advapi32.dll!RegOpenKeyExW (arg0=0x19c, arg1=0x7ce2ade1f140, arg2=0x0, arg3=0x20019, arg4=0xade1f0b8) -> 0x0
1360 744 advapi32.dll!RegOpenKeyExW (arg0=0x19c, arg1=0x7ce2ade1f140, arg2=0x0, arg3=0x20019, arg4=0xade1f0b8) -> 0x0
1361 744 advapi32.dll!RegOpenKeyExW (arg0=0x19c, arg1=0x7ce2ade1f140, arg2=0x0, arg3=0x20019, arg4=0xade1f0b8) -> 0x0
1362 744 advapi32.dll!RegOpenKeyExW (arg0=0x19c, arg1=0x7ce2ade1f140, arg2=0x0, arg3=0x20019, arg4=0xade1f0b8) -> 0x0
1363 744 advapi32.dll!RegOpenKeyExW (arg0=0x19c, arg1=0x7ce2ade1f140, arg2=0x0, arg3=0x20019, arg4=0xade1f0b8) -> 0x0
1364 744 advapi32.dll!RegOpenKeyExW (arg0=0x19c, arg1=0x7ce2ade1f140, arg2=0x0, arg3=0x20019, arg4=0xade1f0b8) -> 0x0
1365 744 advapi32.dll!RegOpenKeyExW (arg0=0x19c, arg1=0x7ce2ade1f140, arg2=0x0, arg3=0x20019, arg4=0xade1f0b8) -> 0x0
1366 744 advapi32.dll!RegOpenKeyExW (arg0=0x19c, arg1=0x7ce2ade1f140, arg2=0x0, arg3=0x20019, arg4=0xade1f0b8) -> 0x0
1367 744 advapi32.dll!RegOpenKeyExW (arg0=0x19c, arg1=0x7ce2ade1f140, arg2=0x0, arg3=0x20019, arg4=0xade1f0b8) -> 0x0
1368 744 advapi32.dll!RegOpenKeyExW (arg0=0x19c, arg1=0x7ce2ade1f140, arg2=0x0, arg3=0x20019, arg4=0xade1f0b8) -> 0x0
1369 744 advapi32.dll!RegOpenKeyExW (arg0=0x19c, arg1=0x7ce2ade1f140, arg2=0x0, arg3=0x20019, arg4=0xade1f0b8) -> 0x0
1370 744 advapi32.dll!RegOpenKeyExW (arg0=0x19c, arg1=0x7ce2ade1f140, arg2=0x0, arg3=0x20019, arg4=0xade1f0b8) -> 0x0
1371 744 advapi32.dll!RegOpenKeyExW (arg0=0x19c, arg1=0x7ce2ade1f140, arg2=0x0, arg3=0x20019, arg4=0xade1f0b8) -> 0x0
1372 744 advapi32.dll!RegOpenKeyExW (arg0=0x19c, arg1=0x7ce2ade1f140, arg2=0x0, arg3=0x20019, arg4=0xade1f0b8) -> 0x0
1373 744 advapi32.dll!RegOpenKeyExW (arg0=0x19c, arg1=0x7ce2ade1f140, arg2=0x0, arg3=0x20019, arg4=0xade1f0b8) -> 0x0
1374 744 advapi32.dll!RegOpenKeyExW (arg0=0x19c, arg1=0x7ce2ade1f140, arg2=0x0, arg3=0x20019, arg4=0xade1f0b8) -> 0x0
1375 744 advapi32.dll!RegOpenKeyExW (arg0=0x19c, arg1=0x7ce2ade1f140, arg2=0x0, arg3=0x20019, arg4=0xade1f0b8) -> 0x0
1376 744 advapi32.dll!RegOpenKeyExW (arg0=0x19c, arg1=0x7ce2ade1f140, arg2=0x0, arg3=0x20019, arg4=0xade1f0b8) -> 0x0
1377 744 advapi32.dll!RegOpenKeyExW (arg0=0x19c, arg1=0x7ce2ade1f140, arg2=0x0, arg3=0x20019, arg4=0xade1f0b8) -> 0x0
1378 744 advapi32.dll!RegOpenKeyExW (arg0=0x19c, arg1=0x7ce2ade1f140, arg2=0x0, arg3=0x20019, arg4=0xade1f0b8) -> 0x0
1379 744 advapi32.dll!RegOpenKeyExW (arg0=0x19c, arg1=0x7ce2ade1f140, arg2=0x0, arg3=0x20019, arg4=0xade1f0b8) -> 0x0
1380 744 advapi32.dll!RegOpenKeyExW (arg0=0x19c, arg1=0x7ce2ade1f140, arg2=0x0, arg3=0x20019, arg4=0xade1f0b8) -> 0x0
1381 744 advapi32.dll!RegOpenKeyExW (arg0=0x19c, arg1=0x7ce2ade1f140, arg2=0x0, arg3=0x20019, arg4=0xade1f0b8) -> 0x0
1382 744 advapi32.dll!RegOpenKeyExW (arg0=0x19c, arg1=0x7ce2ade1f140, arg2=0x0, arg3=0x20019, arg4=0xade1f0b8) -> 0x0
1383 744 advapi32.dll!RegOpenKeyExW (arg0=0x19c, arg1=0x7ce2ade1f140, arg2=0x0, arg3=0x20019, arg4=0xade1f0b8) -> 0x0
1384 744 advapi32.dll!RegOpenKeyExW (arg0=0x19c, arg1=0x7ce2ade1f140, arg2=0x0, arg3=0x20019, arg4=0xade1f0b8) -> 0x0
1385 744 advapi32.dll!RegOpenKeyExW (arg0=0x19c, arg1=0x7ce2ade1f140, arg2=0x0, arg3=0x20019, arg4=0xade1f0b8) -> 0x0
1386 744 advapi32.dll!RegOpenKeyExW (arg0=0x19c, arg1=0x7ce2ade1f140, arg2=0x0, arg3=0x20019, arg4=0xade1f0b8) -> 0x0
1387 744 advapi32.dll!RegOpenKeyExW (arg0=0x19c, arg1=0x7ce2ade1f140, arg2=0x0, arg3=0x20019, arg4=0xade1f0b8) -> 0x0
1388 744 advapi32.dll!RegOpenKeyExW (arg0=0x19c, arg1=0x7ce2ade1f140, arg2=0x0, arg3=0x20019, arg4=0xade1f0b8) -> 0x0
1389 744 advapi32.dll!RegOpenKeyExW (arg0=0x19c, arg1=0x7ce2ade1f140, arg2=0x0, arg3=0x20019, arg4=0xade1f0b8) -> 0x0
1390 744 advapi32.dll!RegOpenKeyExW (arg0=0x19c, arg1=0x7ce2ade1f140, arg2=0x0, arg3=0x20019, arg4=0xade1f0b8) -> 0x0
1391 744 advapi32.dll!RegOpenKeyExW (arg0=0x19c, arg1=0x7ce2ade1f140, arg2=0x0, arg3=0x20019, arg4=0xade1f0b8) -> 0x0
1392 744 advapi32.dll!RegOpenKeyExW (arg0=0x19c, arg1=0x7ce2ade1f140, arg2=0x0, arg3=0x20019, arg4=0xade1f0b8) -> 0x0
1393 744 advapi32.dll!RegOpenKeyExW (arg0=0x19c, arg1=0x7ce2ade1f140, arg2=0x0, arg3=0x20019, arg4=0xade1f0b8) -> 0x0
1394 744 advapi32.dll!RegOpenKeyExW (arg0=0x19c, arg1=0x7ce2ade1f140, arg2=0x0, arg3=0x20019, arg4=0xade1f0b8) -> 0x0
1395 744 advapi32.dll!RegOpenKeyExW (arg0=0x19c, arg1=0x7ce2ade1f140, arg2=0x0, arg3=0x20019, arg4=0xade1f0b8) -> 0x0
1396 744 advapi32.dll!RegOpenKeyExW (arg0=0x19c, arg1=0x7ce2ade1f140, arg2=0x0, arg3=0x20019, arg4=0xade1f0b8) -> 0x0
1397 744 advapi32.dll!RegOpenKeyExW (arg0=0x19c, arg1=0x7ce2ade1f140, arg2=0x0, arg3=0x20019, arg4=0xade1f0b8) -> 0x0
1398 744 advapi32.dll!RegOpenKeyExW (arg0=0x19c, arg1=0x7ce2ade1f140, arg2=0x0, arg3=0x20019, arg4=0xade1f0b8) -> 0x0
1399 744 advapi32.dll!RegOpenKeyExW (arg0=0x19c, arg1=0x7ce2ade1f140, arg2=0x0, arg3=0x20019, arg4=0xade1f0b8) -> 0x0
1400 744 advapi32.dll!RegOpenKeyExW (arg0=0x19c, arg1=0x7ce2ade1f140, arg2=0x0, arg3=0x20019, arg4=0xade1f0b8) -> 0x0
1401 744 advapi32.dll!RegOpenKeyExW (arg0=0x19c, arg1=0x7ce2ade1f140, arg2=0x0, arg3=0x20019, arg4=0xade1f0b8) -> 0x0
1402 744 advapi32.dll!RegOpenKeyExW (arg0=0x19c, arg1=0x7ce2ade1f140, arg2=0x0, arg3=0x20019, arg4=0xade1f0b8) -> 0x0
1403 744 advapi32.dll!RegOpenKeyExW (arg0=0x19c, arg1=0x7ce2ade1f140, arg2=0x0, arg3=0x20019, arg4=0xade1f0b8) -> 0x0
1404 744 advapi32.dll!RegOpenKeyExW (arg0=0x19c, arg1=0x7ce2ade1f140, arg2=0x0, arg3=0x20019, arg4=0xade1f0b8) -> 0x0
1405 744 advapi32.dll!RegOpenKeyExW (arg0=0x19c, arg1=0x7ce2ade1f140, arg2=0x0, arg3=0x20019, arg4=0xade1f0b8) -> 0x0
1406 744 advapi32.dll!RegOpenKeyExW (arg0=0x19c, arg1=0x7ce2ade1f140, arg2=0x0, arg3=0x20019, arg4=0xade1f0b8) -> 0x0
1407 744 advapi32.dll!RegOpenKeyExW (arg0=0x19c, arg1=0x7ce2ade1f140, arg2=0x0, arg3=0x20019, arg4=0xade1f0b8) -> 0x0
1408 744 advapi32.dll!RegOpenKeyExW (arg0=0x19c, arg1=0x7ce2ade1f140, arg2=0x0, arg3=0x20019, arg4=0xade1f0b8) -> 0x0
1409 744 advapi32.dll!RegOpenKeyExW (arg0=0x19c, arg1=0x7ce2ade1f140, arg2=0x0, arg3=0x20019, arg4=0xade1f0b8) -> 0x0
1410 744 advapi32.dll!RegOpenKeyExW (arg0=0x19c, arg1=0x7ce2ade1f140, arg2=0x0, arg3=0x20019, arg4=0xade1f0b8) -> 0x0
1411 744 advapi32.dll!RegOpenKeyExW (arg0=0x19c, arg1=0x7ce2ade1f140, arg2=0x0, arg3=0x20019, arg4=0xade1f0b8) -> 0x0
1412 744 advapi32.dll!RegOpenKeyExW (arg0=0x19c, arg1=0x7ce2ade1f140, arg2=0x0, arg3=0x20019, arg4=0xade1f0b8) -> 0x0
1413 744 advapi32.dll!RegOpenKeyExW (arg0=0x19c, arg1=0x7ce2ade1f140, arg2=0x0, arg3=0x20019, arg4=0xade1f0b8) -> 0x0
1414 744 advapi32.dll!RegOpenKeyExW (arg0=0x19c, arg1=0x7ce2ade1f140, arg2=0x0, arg3=0x20019, arg4=0xade1f0b8) -> 0x0
1415 744 advapi32.dll!RegOpenKeyExW (arg0=0x19c, arg1=0x7ce2ade1f140, arg2=0x0, arg3=0x20019, arg4=0xade1f0b8) -> 0x0
1416 744 advapi32.dll!RegOpenKeyExW (arg0=0x19c, arg1=0x7ce2ade1f140, arg2=0x0, arg3=0x20019, arg4=0xade1f0b8) -> 0x0
1417 744 advapi32.dll!RegOpenKeyExW (arg0=0x19c, arg1=0x7ce2ade1f140, arg2=0x0, arg3=0x20019, arg4=0xade1f0b8) -> 0x0
1418 744 advapi32.dll!RegOpenKeyExW (arg0=0x19c, arg1=0x7ce2ade1f140, arg2=0x0, arg3=0x20019, arg4=0xade1f0b8) -> 0x0
1419 744 advapi32.dll!RegOpenKeyExW (arg0=0x19c, arg1=0x7ce2ade1f140, arg2=0x0, arg3=0x20019, arg4=0xade1f0b8) -> 0x0
1420 744 advapi32.dll!RegOpenKeyExW (arg0=0x19c, arg1=0x7ce2ade1f140, arg2=0x0, arg3=0x20019, arg4=0xade1f0b8) -> 0x0
1421 744 advapi32.dll!RegOpenKeyExW (arg0=0x19c, arg1=0x7ce2ade1f140, arg2=0x0, arg3=0x20019, arg4=0xade1f0b8) -> 0x0
1422 744 advapi32.dll!RegOpenKeyExW (arg0=0x19c, arg1=0x7ce2ade1f140, arg2=0x0, arg3=0x20019, arg4=0xade1f0b8) -> 0x0
1423 744 advapi32.dll!RegOpenKeyExW (arg0=0x19c, arg1=0x7ce2ade1f140, arg2=0x0, arg3=0x20019, arg4=0xade1f0b8) -> 0x0
1424 744 advapi32.dll!RegOpenKeyExW (arg0=0x19c, arg1=0x7ce2ade1f140, arg2=0x0, arg3=0x20019, arg4=0xade1f0b8) -> 0x0
1425 744 advapi32.dll!RegOpenKeyExW (arg0=0x19c, arg1=0x7ce2ade1f140, arg2=0x0, arg3=0x20019, arg4=0xade1f0b8) -> 0x0
1426 744 advapi32.dll!RegOpenKeyExW (arg0=0x19c, arg1=0x7ce2ade1f140, arg2=0x0, arg3=0x20019, arg4=0xade1f0b8) -> 0x0
1427 744 advapi32.dll!RegOpenKeyExW (arg0=0x19c, arg1=0x7ce2ade1f140, arg2=0x0, arg3=0x20019, arg4=0xade1f0b8) -> 0x0
1428 744 advapi32.dll!RegOpenKeyExW (arg0=0x19c, arg1=0x7ce2ade1f140, arg2=0x0, arg3=0x20019, arg4=0xade1f0b8) -> 0x0
1429 744 advapi32.dll!RegOpenKeyExW (arg0=0x19c, arg1=0x7ce2ade1f140, arg2=0x0, arg3=0x20019, arg4=0xade1f0b8) -> 0x0
1430 744 advapi32.dll!RegOpenKeyExW (arg0=0x19c, arg1=0x7ce2ade1f140, arg2=0x0, arg3=0x20019, arg4=0xade1f0b8) -> 0x0
1431 744 advapi32.dll!RegOpenKeyExW (arg0=0x19c, arg1=0x7ce2ade1f140, arg2=0x0, arg3=0x20019, arg4=0xade1f0b8) -> 0x0
1432 744 advapi32.dll!RegOpenKeyExW (arg0=0x19c, arg1=0x7ce2ade1f140, arg2=0x0, arg3=0x20019, arg4=0xade1f0b8) -> 0x0
1433 744 advapi32.dll!RegOpenKeyExW (arg0=0x19c, arg1=0x7ce2ade1f140, arg2=0x0, arg3=0x20019, arg4=0xade1f0b8) -> 0x0
1434 744 advapi32.dll!RegOpenKeyExW (arg0=0x19c, arg1=0x7ce2ade1f140, arg2=0x0, arg3=0x20019, arg4=0xade1f0b8) -> 0x0
1435 744 advapi32.dll!RegOpenKeyExW (arg0=0x19c, arg1=0x7ce2ade1f140, arg2=0x0, arg3=0x20019, arg4=0xade1f0b8) -> 0x0
1436 744 advapi32.dll!RegOpenKeyExW (arg0=0x19c, arg1=0x7ce2ade1f140, arg2=0x0, arg3=0x20019, arg4=0xade1f0b8) -> 0x0
1437 744 advapi32.dll!RegOpenKeyExW (arg0=0x19c, arg1=0x7ce2ade1f140, arg2=0x0, arg3=0x20019, arg4=0xade1f0b8) -> 0x0
1438 744 advapi32.dll!RegOpenKeyExW (arg0=0x19c, arg1=0x7ce2ade1f140, arg2=0x0, arg3=0x20019, arg4=0xade1f0b8) -> 0x0
1439 744 advapi32.dll!RegOpenKeyExW (arg0=0x19c, arg1=0x7ce2ade1f140, arg2=0x0, arg3=0x20019, arg4=0xade1f0b8) -> 0x0
1440 744 advapi32.dll!RegOpenKeyExW (arg0=0x19c, arg1=0x7ce2ade1f140, arg2=0x0, arg3=0x20019, arg4=0xade1f0b8) -> 0x0
1441 744 advapi32.dll!RegOpenKeyExW (arg0=0x19c, arg1=0x7ce2ade1f140, arg2=0x0, arg3=0x20019, arg4=0xade1f0b8) -> 0x0
1442 744 advapi32.dll!RegOpenKeyExW (arg0=0x19c, arg1=0x7ce2ade1f140, arg2=0x0, arg3=0x20019, arg4=0xade1f0b8) -> 0x0
1443 744 advapi32.dll!RegOpenKeyExW (arg0=0x19c, arg1=0x7ce2ade1f140, arg2=0x0, arg3=0x20019, arg4=0xade1f0b8) -> 0x0
1444 744 advapi32.dll!RegOpenKeyExW (arg0=0x19c, arg1=0x7ce2ade1f140, arg2=0x0, arg3=0x20019, arg4=0xade1f0b8) -> 0x0
1445 744 advapi32.dll!RegOpenKeyExW (arg0=0x19c, arg1=0x7ce2ade1f140, arg2=0x0, arg3=0x20019, arg4=0xade1f0b8) -> 0x0
1446 744 advapi32.dll!RegOpenKeyExW (arg0=0x19c, arg1=0x7ce2ade1f140, arg2=0x0, arg3=0x20019, arg4=0xade1f0b8) -> 0x0
1447 744 advapi32.dll!RegOpenKeyExW (arg0=0x19c, arg1=0x7ce2ade1f140, arg2=0x0, arg3=0x20019, arg4=0xade1f0b8) -> 0x0
1448 744 advapi32.dll!RegOpenKeyExW (arg0=0x19c, arg1=0x7ce2ade1f140, arg2=0x0, arg3=0x20019, arg4=0xade1f0b8) -> 0x0
1449 744 advapi32.dll!RegOpenKeyExW (arg0=0x19c, arg1=0x7ce2ade1f140, arg2=0x0, arg3=0x20019, arg4=0xade1f0b8) -> 0x0
1450 744 advapi32.dll!RegOpenKeyExW (arg0=0x19c, arg1=0x7ce2ade1f140, arg2=0x0, arg3=0x20019, arg4=0xade1f0b8) -> 0x0
1451 744 advapi32.dll!RegOpenKeyExW (arg0=0x19c, arg1=0x7ce2ade1f140, arg2=0x0, arg3=0x20019, arg4=0xade1f0b8) -> 0x0
1452 744 advapi32.dll!RegOpenKeyExW (arg0=0x19c, arg1=0x7ce2ade1f140, arg2=0x0, arg3=0x20019, arg4=0xade1f0b8) -> 0x0
1453 744 advapi32.dll!RegOpenKeyExW (arg0=0x19c, arg1=0x7ce2ade1f140, arg2=0x0, arg3=0x20019, arg4=0xade1f0b8) -> 0x0
1454 744 advapi32.dll!RegOpenKeyExW (arg0=0x19c, arg1=0x7ce2ade1f140, arg2=0x0, arg3=0x20019, arg4=0xade1f0b8) -> 0x0
1455 744 advapi32.dll!RegOpenKeyExW (arg0=0x19c, arg1=0x7ce2ade1f140, arg2=0x0, arg3=0x20019, arg4=0xade1f0b8) -> 0x0
1456 744 advapi32.dll!RegOpenKeyExW (arg0=0x19c, arg1=0x7ce2ade1f140, arg2=0x0, arg3=0x20019, arg4=0xade1f0b8) -> 0x0
1457 744 advapi32.dll!RegOpenKeyExW (arg0=0x19c, arg1=0x7ce2ade1f140, arg2=0x0, arg3=0x20019, arg4=0xade1f0b8) -> 0x0
1458 744 advapi32.dll!RegOpenKeyExW (arg0=0x19c, arg1=0x7ce2ade1f140, arg2=0x0, arg3=0x20019, arg4=0xade1f0b8) -> 0x0
1459 744 advapi32.dll!RegOpenKeyExW (arg0=0x19c, arg1=0x7ce2ade1f140, arg2=0x0, arg3=0x20019, arg4=0xade1f0b8) -> 0x0
1460 744 advapi32.dll!RegOpenKeyExW (arg0=0xffffffff80000002, arg1=0x6ffff8cc6be0, arg2=0x0, arg3=0xf003f, arg4=0xade1f080) -> 0x0
1461 744 kernel32.dll!CreateEventW (arg0=0x0, arg1=0x0, arg2=0x0, arg3=0x0) -> 0x1ac
1462 744 kernel32.dll!CreateEventW (arg0=0x0, arg1=0x0, arg2=0x0, arg3=0x0) -> 0x1b4
1463 744 kernel32.dll!CreateEventW (arg0=0x0, arg1=0x0, arg2=0x0, arg3=0x0) -> 0x1bc
1464 744 kernel32.dll!CreateEventW (arg0=0x0, arg1=0x0, arg2=0x0, arg3=0x0) -> 0x1c4
1465 744 kernel32.dll!CreateEventW (arg0=0x0, arg1=0x0, arg2=0x0, arg3=0x0) -> 0x1cc
1466 744 kernel32.dll!CreateEventW (arg0=0x0, arg1=0x0, arg2=0x0, arg3=0x0) -> 0x1d4
1467 744 kernel32.dll!GetProcAddress (arg0=0x6fffffbc0000, arg1=0x6ffff8cca974) -> 0x6fffffc09dd0
1468 744 kernel32.dll!CreateEventW (arg0=0x0, arg1=0x0, arg2=0x0, arg3=0x0) -> 0x1a0
1469 744 advapi32.dll!RegOpenKeyExW (arg0=0x1a4, arg1=0x7ce2ade1f0b0, arg2=0x0, arg3=0x20019, arg4=0xade1f028) -> 0x0
1470 744 advapi32.dll!RegOpenKeyExW (arg0=0x1a4, arg1=0x7ce2ade1f0b0, arg2=0x0, arg3=0x20019, arg4=0xade1f028) -> 0x0
1471 744 advapi32.dll!RegOpenKeyExW (arg0=0x1a4, arg1=0x7ce2ade1f0b0, arg2=0x0, arg3=0x20019, arg4=0xade1f028) -> 0x0
1472 744 advapi32.dll!RegOpenKeyExW (arg0=0x1a4, arg1=0x7ce2ade1f0b0, arg2=0x0, arg3=0x20019, arg4=0xade1f028) -> 0x0
1473 744 advapi32.dll!RegOpenKeyExW (arg0=0x1a4, arg1=0x7ce2ade1f0b0, arg2=0x0, arg3=0x20019, arg4=0xade1f028) -> 0x0
1474 744 advapi32.dll!RegOpenKeyExW (arg0=0x1a4, arg1=0x7ce2ade1f0b0, arg2=0x0, arg3=0x20019, arg4=0xade1f028) -> 0x0
1475 744 advapi32.dll!RegOpenKeyExW (arg0=0x1a4, arg1=0x7ce2ade1f0b0, arg2=0x0, arg3=0x20019, arg4=0xade1f028) -> 0x0
1476 744 advapi32.dll!RegOpenKeyExW (arg0=0x1a4, arg1=0x7ce2ade1f0b0, arg2=0x0, arg3=0x20019, arg4=0xade1f028) -> 0x0
1477 744 advapi32.dll!RegOpenKeyExW (arg0=0x1a4, arg1=0x7ce2ade1f0b0, arg2=0x0, arg3=0x20019, arg4=0xade1f028) -> 0x0
1478 744 advapi32.dll!RegOpenKeyExW (arg0=0x1a4, arg1=0x7ce2ade1f0b0, arg2=0x0, arg3=0x20019, arg4=0xade1f028) -> 0x0
1479 744 advapi32.dll!RegOpenKeyExW (arg0=0x1a4, arg1=0x7ce2ade1f0b0, arg2=0x0, arg3=0x20019, arg4=0xade1f028) -> 0x0
1480 744 advapi32.dll!RegOpenKeyExW (arg0=0x1a4, arg1=0x7ce2ade1f0b0, arg2=0x0, arg3=0x20019, arg4=0xade1f028) -> 0x0
1481 744 advapi32.dll!RegOpenKeyExW (arg0=0x1a4, arg1=0x7ce2ade1f0b0, arg2=0x0, arg3=0x20019, arg4=0xade1f028) -> 0x0
1482 744 advapi32.dll!RegOpenKeyExW (arg0=0x1a4, arg1=0x7ce2ade1f0b0, arg2=0x0, arg3=0x20019, arg4=0xade1f028) -> 0x0
1483 744 advapi32.dll!RegOpenKeyExW (arg0=0x1a4, arg1=0x7ce2ade1f0b0, arg2=0x0, arg3=0x20019, arg4=0xade1f028) -> 0x0
1484 744 advapi32.dll!RegOpenKeyExW (arg0=0x1a4, arg1=0x7ce2ade1f0b0, arg2=0x0, arg3=0x20019, arg4=0xade1f028) -> 0x0
1485 744 advapi32.dll!RegOpenKeyExW (arg0=0x1a4, arg1=0x7ce2ade1f0b0, arg2=0x0, arg3=0x20019, arg4=0xade1f028) -> 0x0
1486 744 advapi32.dll!RegOpenKeyExW (arg0=0x1a4, arg1=0x7ce2ade1f0b0, arg2=0x0, arg3=0x20019, arg4=0xade1f028) -> 0x0
1487 744 advapi32.dll!RegOpenKeyExW (arg0=0x1a4, arg1=0x7ce2ade1f0b0, arg2=0x0, arg3=0x20019, arg4=0xade1f028) -> 0x0
1488 744 advapi32.dll!RegOpenKeyExW (arg0=0x1a4, arg1=0x7ce2ade1f0b0, arg2=0x0, arg3=0x20019, arg4=0xade1f028) -> 0x0
1489 744 advapi32.dll!RegOpenKeyExW (arg0=0x1a4, arg1=0x7ce2ade1f0b0, arg2=0x0, arg3=0x20019, arg4=0xade1f028) -> 0x0
1490 744 advapi32.dll!RegOpenKeyExW (arg0=0x1a4, arg1=0x7ce2ade1f0b0, arg2=0x0, arg3=0x20019, arg4=0xade1f028) -> 0x0
1491 744 advapi32.dll!RegOpenKeyExW (arg0=0x1a4, arg1=0x7ce2ade1f0b0, arg2=0x0, arg3=0x20019, arg4=0xade1f028) -> 0x0
1492 744 advapi32.dll!RegOpenKeyExW (arg0=0x1a4, arg1=0x7ce2ade1f0b0, arg2=0x0, arg3=0x20019, arg4=0xade1f028) -> 0x0
1493 744 advapi32.dll!RegOpenKeyExW (arg0=0x1a4, arg1=0x7ce2ade1f0b0, arg2=0x0, arg3=0x20019, arg4=0xade1f028) -> 0x0
1494 744 advapi32.dll!RegOpenKeyExW (arg0=0x1a4, arg1=0x7ce2ade1f0b0, arg2=0x0, arg3=0x20019, arg4=0xade1f028) -> 0x0
1495 744 advapi32.dll!RegOpenKeyExW (arg0=0x1a4, arg1=0x7ce2ade1f0b0, arg2=0x0, arg3=0x20019, arg4=0xade1f028) -> 0x0
1496 744 advapi32.dll!RegOpenKeyExW (arg0=0x1a4, arg1=0x7ce2ade1f0b0, arg2=0x0, arg3=0x20019, arg4=0xade1f028) -> 0x0
1497 744 advapi32.dll!RegOpenKeyExW (arg0=0x1a4, arg1=0x7ce2ade1f0b0, arg2=0x0, arg3=0x20019, arg4=0xade1f028) -> 0x0
1498 744 advapi32.dll!RegOpenKeyExW (arg0=0x1a4, arg1=0x7ce2ade1f0b0, arg2=0x0, arg3=0x20019, arg4=0xade1f028) -> 0x0
1499 744 advapi32.dll!RegOpenKeyExW (arg0=0x1a4, arg1=0x7ce2ade1f0b0, arg2=0x0, arg3=0x20019, arg4=0xade1f028) -> 0x0
1500 744 advapi32.dll!RegOpenKeyExW (arg0=0x1a4, arg1=0x7ce2ade1f0b0, arg2=0x0, arg3=0x20019, arg4=0xade1f028) -> 0x0
1501 744 advapi32.dll!RegOpenKeyExW (arg0=0x1a4, arg1=0x7ce2ade1f0b0, arg2=0x0, arg3=0x20019, arg4=0xade1f028) -> 0x0
1502 744 advapi32.dll!RegOpenKeyExW (arg0=0x1a4, arg1=0x7ce2ade1f0b0, arg2=0x0, arg3=0x20019, arg4=0xade1f028) -> 0x0
1503 744 advapi32.dll!RegOpenKeyExW (arg0=0x1a4, arg1=0x7ce2ade1f0b0, arg2=0x0, arg3=0x20019, arg4=0xade1f028) -> 0x0
1504 744 advapi32.dll!RegOpenKeyExW (arg0=0x1a4, arg1=0x7ce2ade1f0b0, arg2=0x0, arg3=0x20019, arg4=0xade1f028) -> 0x0
1505 744 advapi32.dll!RegOpenKeyExW (arg0=0x1a4, arg1=0x7ce2ade1f0b0, arg2=0x0, arg3=0x20019, arg4=0xade1f028) -> 0x0
1506 744 advapi32.dll!RegOpenKeyExW (arg0=0x1a4, arg1=0x7ce2ade1f0b0, arg2=0x0, arg3=0x20019, arg4=0xade1f028) -> 0x0
1507 744 advapi32.dll!RegOpenKeyExW (arg0=0x1a4, arg1=0x7ce2ade1f0b0, arg2=0x0, arg3=0x20019, arg4=0xade1f028) -> 0x0
1508 744 advapi32.dll!RegOpenKeyExW (arg0=0x1a4, arg1=0x7ce2ade1f0b0, arg2=0x0, arg3=0x20019, arg4=0xade1f028) -> 0x0
1509 744 advapi32.dll!RegOpenKeyExW (arg0=0x1a4, arg1=0x7ce2ade1f0b0, arg2=0x0, arg3=0x20019, arg4=0xade1f028) -> 0x0
1510 744 advapi32.dll!RegOpenKeyExW (arg0=0x1a4, arg1=0x7ce2ade1f0b0, arg2=0x0, arg3=0x20019, arg4=0xade1f028) -> 0x0
1511 744 advapi32.dll!RegOpenKeyExW (arg0=0x1a4, arg1=0x7ce2ade1f0b0, arg2=0x0, arg3=0x20019, arg4=0xade1f028) -> 0x0
1512 744 advapi32.dll!RegOpenKeyExW (arg0=0x1a4, arg1=0x7ce2ade1f0b0, arg2=0x0, arg3=0x20019, arg4=0xade1f028) -> 0x0
1513 744 advapi32.dll!RegOpenKeyExW (arg0=0x1a4, arg1=0x7ce2ade1f0b0, arg2=0x0, arg3=0x20019, arg4=0xade1f028) -> 0x0
1514 744 advapi32.dll!RegOpenKeyExW (arg0=0x1a4, arg1=0x7ce2ade1f0b0, arg2=0x0, arg3=0x20019, arg4=0xade1f028) -> 0x0
1515 744 advapi32.dll!RegOpenKeyExW (arg0=0x1a4, arg1=0x7ce2ade1f0b0, arg2=0x0, arg3=0x20019, arg4=0xade1f028) -> 0x0
1516 744 advapi32.dll!RegOpenKeyExW (arg0=0x1a4, arg1=0x7ce2ade1f0b0, arg2=0x0, arg3=0x20019, arg4=0xade1f028) -> 0x0
1517 744 advapi32.dll!RegOpenKeyExW (arg0=0x1a4, arg1=0x7ce2ade1f0b0, arg2=0x0, arg3=0x20019, arg4=0xade1f028) -> 0x0
1518 744 advapi32.dll!RegOpenKeyExW (arg0=0x1a4, arg1=0x7ce2ade1f0b0, arg2=0x0, arg3=0x20019, arg4=0xade1f028) -> 0x0
1519 744 advapi32.dll!RegOpenKeyExW (arg0=0x1a4, arg1=0x7ce2ade1f0b0, arg2=0x0, arg3=0x20019, arg4=0xade1f028) -> 0x0
1520 744 advapi32.dll!RegOpenKeyExW (arg0=0x1a4, arg1=0x7ce2ade1f0b0, arg2=0x0, arg3=0x20019, arg4=0xade1f028) -> 0x0
1521 744 advapi32.dll!RegOpenKeyExW (arg0=0x1a4, arg1=0x7ce2ade1f0b0, arg2=0x0, arg3=0x20019, arg4=0xade1f028) -> 0x0
1522 744 advapi32.dll!RegOpenKeyExW (arg0=0x1a4, arg1=0x7ce2ade1f0b0, arg2=0x0, arg3=0x20019, arg4=0xade1f028) -> 0x0
1523 744 advapi32.dll!RegOpenKeyExW (arg0=0x1a4, arg1=0x7ce2ade1f0b0, arg2=0x0, arg3=0x20019, arg4=0xade1f028) -> 0x0
1524 744 advapi32.dll!RegOpenKeyExW (arg0=0x1a4, arg1=0x7ce2ade1f0b0, arg2=0x0, arg3=0x20019, arg4=0xade1f028) -> 0x0
1525 744 advapi32.dll!RegOpenKeyExW (arg0=0x1a4, arg1=0x7ce2ade1f0b0, arg2=0x0, arg3=0x20019, arg4=0xade1f028) -> 0x0
1526 744 advapi32.dll!RegOpenKeyExW (arg0=0x1a4, arg1=0x7ce2ade1f0b0, arg2=0x0, arg3=0x20019, arg4=0xade1f028) -> 0x0
1527 744 advapi32.dll!RegOpenKeyExW (arg0=0x1a4, arg1=0x7ce2ade1f0b0, arg2=0x0, arg3=0x20019, arg4=0xade1f028) -> 0x0
1528 744 advapi32.dll!RegOpenKeyExW (arg0=0x1a4, arg1=0x7ce2ade1f0b0, arg2=0x0, arg3=0x20019, arg4=0xade1f028) -> 0x0
1529 744 advapi32.dll!RegOpenKeyExW (arg0=0x1a4, arg1=0x7ce2ade1f0b0, arg2=0x0, arg3=0x20019, arg4=0xade1f028) -> 0x0
1530 744 advapi32.dll!RegOpenKeyExW (arg0=0x1a4, arg1=0x7ce2ade1f0b0, arg2=0x0, arg3=0x20019, arg4=0xade1f028) -> 0x0
1531 744 advapi32.dll!RegOpenKeyExW (arg0=0x1a4, arg1=0x7ce2ade1f0b0, arg2=0x0, arg3=0x20019, arg4=0xade1f028) -> 0x0
1532 744 advapi32.dll!RegOpenKeyExW (arg0=0x1a4, arg1=0x7ce2ade1f0b0, arg2=0x0, arg3=0x20019, arg4=0xade1f028) -> 0x0
1533 744 advapi32.dll!RegOpenKeyExW (arg0=0x1a4, arg1=0x7ce2ade1f0b0, arg2=0x0, arg3=0x20019, arg4=0xade1f028) -> 0x0
1534 744 advapi32.dll!RegOpenKeyExW (arg0=0x1a4, arg1=0x7ce2ade1f0b0, arg2=0x0, arg3=0x20019, arg4=0xade1f028) -> 0x0
1535 744 advapi32.dll!RegOpenKeyExW (arg0=0x1a4, arg1=0x7ce2ade1f0b0, arg2=0x0, arg3=0x20019, arg4=0xade1f028) -> 0x0
1536 744 advapi32.dll!RegOpenKeyExW (arg0=0x1a4, arg1=0x7ce2ade1f0b0, arg2=0x0, arg3=0x20019, arg4=0xade1f028) -> 0x0
1537 744 advapi32.dll!RegOpenKeyExW (arg0=0x1a4, arg1=0x7ce2ade1f0b0, arg2=0x0, arg3=0x20019, arg4=0xade1f028) -> 0x0
1538 744 advapi32.dll!RegOpenKeyExW (arg0=0x1a4, arg1=0x7ce2ade1f0b0, arg2=0x0, arg3=0x20019, arg4=0xade1f028) -> 0x0
1539 744 advapi32.dll!RegOpenKeyExW (arg0=0x1a4, arg1=0x7ce2ade1f0b0, arg2=0x0, arg3=0x20019, arg4=0xade1f028) -> 0x0
1540 744 advapi32.dll!RegOpenKeyExW (arg0=0x1a4, arg1=0x7ce2ade1f0b0, arg2=0x0, arg3=0x20019, arg4=0xade1f028) -> 0x0
1541 744 advapi32.dll!RegOpenKeyExW (arg0=0x1a4, arg1=0x7ce2ade1f0b0, arg2=0x0, arg3=0x20019, arg4=0xade1f028) -> 0x0
1542 744 advapi32.dll!RegOpenKeyExW (arg0=0x1a4, arg1=0x7ce2ade1f0b0, arg2=0x0, arg3=0x20019, arg4=0xade1f028) -> 0x0
1543 744 advapi32.dll!RegOpenKeyExW (arg0=0x1a4, arg1=0x7ce2ade1f0b0, arg2=0x0, arg3=0x20019, arg4=0xade1f028) -> 0x0
1544 744 advapi32.dll!RegOpenKeyExW (arg0=0x1a4, arg1=0x7ce2ade1f0b0, arg2=0x0, arg3=0x20019, arg4=0xade1f028) -> 0x0
1545 744 advapi32.dll!RegOpenKeyExW (arg0=0x1a4, arg1=0x7ce2ade1f0b0, arg2=0x0, arg3=0x20019, arg4=0xade1f028) -> 0x0
1546 744 advapi32.dll!RegOpenKeyExW (arg0=0x1a4, arg1=0x7ce2ade1f0b0, arg2=0x0, arg3=0x20019, arg4=0xade1f028) -> 0x0
1547 744 advapi32.dll!RegOpenKeyExW (arg0=0x1a4, arg1=0x7ce2ade1f0b0, arg2=0x0, arg3=0x20019, arg4=0xade1f028) -> 0x0
1548 744 advapi32.dll!RegOpenKeyExW (arg0=0x1a4, arg1=0x7ce2ade1f0b0, arg2=0x0, arg3=0x20019, arg4=0xade1f028) -> 0x0
1549 744 advapi32.dll!RegOpenKeyExW (arg0=0x1a4, arg1=0x7ce2ade1f0b0, arg2=0x0, arg3=0x20019, arg4=0xade1f028) -> 0x0
1550 744 advapi32.dll!RegOpenKeyExW (arg0=0x1a4, arg1=0x7ce2ade1f0b0, arg2=0x0, arg3=0x20019, arg4=0xade1f028) -> 0x0
1551 744 advapi32.dll!RegOpenKeyExW (arg0=0x1a4, arg1=0x7ce2ade1f0b0, arg2=0x0, arg3=0x20019, arg4=0xade1f028) -> 0x0
1552 744 advapi32.dll!RegOpenKeyExW (arg0=0x1a4, arg1=0x7ce2ade1f0b0, arg2=0x0, arg3=0x20019, arg4=0xade1f028) -> 0x0
1553 744 advapi32.dll!RegOpenKeyExW (arg0=0x1a4, arg1=0x7ce2ade1f0b0, arg2=0x0, arg3=0x20019, arg4=0xade1f028) -> 0x0
1554 744 advapi32.dll!RegOpenKeyExW (arg0=0x1a4, arg1=0x7ce2ade1f0b0, arg2=0x0, arg3=0x20019, arg4=0xade1f028) -> 0x0
1555 744 advapi32.dll!RegOpenKeyExW (arg0=0x1a4, arg1=0x7ce2ade1f0b0, arg2=0x0, arg3=0x20019, arg4=0xade1f028) -> 0x0
1556 744 advapi32.dll!RegOpenKeyExW (arg0=0x1a4, arg1=0x7ce2ade1f0b0, arg2=0x0, arg3=0x20019, arg4=0xade1f028) -> 0x0
1557 744 advapi32.dll!RegOpenKeyExW (arg0=0x1a4, arg1=0x7ce2ade1f0b0, arg2=0x0, arg3=0x20019, arg4=0xade1f028) -> 0x0
1558 744 advapi32.dll!RegOpenKeyExW (arg0=0x1a4, arg1=0x7ce2ade1f0b0, arg2=0x0, arg3=0x20019, arg4=0xade1f028) -> 0x0
1559 744 advapi32.dll!RegOpenKeyExW (arg0=0x1a4, arg1=0x7ce2ade1f0b0, arg2=0x0, arg3=0x20019, arg4=0xade1f028) -> 0x0
1560 744 advapi32.dll!RegOpenKeyExW (arg0=0x1a4, arg1=0x7ce2ade1f0b0, arg2=0x0, arg3=0x20019, arg4=0xade1f028) -> 0x0
1561 744 advapi32.dll!RegOpenKeyExW (arg0=0x1a4, arg1=0x7ce2ade1f0b0, arg2=0x0, arg3=0x20019, arg4=0xade1f028) -> 0x0
1562 744 advapi32.dll!RegOpenKeyExW (arg0=0x1a4, arg1=0x7ce2ade1f0b0, arg2=0x0, arg3=0x20019, arg4=0xade1f028) -> 0x0
1563 744 advapi32.dll!RegOpenKeyExW (arg0=0x1a4, arg1=0x7ce2ade1f0b0, arg2=0x0, arg3=0x20019, arg4=0xade1f028) -> 0x0
1564 744 advapi32.dll!RegOpenKeyExW (arg0=0x1a4, arg1=0x7ce2ade1f0b0, arg2=0x0, arg3=0x20019, arg4=0xade1f028) -> 0x0
1565 744 advapi32.dll!RegOpenKeyExW (arg0=0x1a4, arg1=0x7ce2ade1f0b0, arg2=0x0, arg3=0x20019, arg4=0xade1f028) -> 0x0
1566 744 advapi32.dll!RegOpenKeyExW (arg0=0x1a4, arg1=0x7ce2ade1f0b0, arg2=0x0, arg3=0x20019, arg4=0xade1f028) -> 0x0
1567 744 advapi32.dll!RegOpenKeyExW (arg0=0x1a4, arg1=0x7ce2ade1f0b0, arg2=0x0, arg3=0x20019, arg4=0xade1f028) -> 0x0
1568 744 advapi32.dll!RegOpenKeyExW (arg0=0x1a4, arg1=0x7ce2ade1f0b0, arg2=0x0, arg3=0x20019, arg4=0xade1f028) -> 0x0
1569 744 advapi32.dll!RegOpenKeyExW (arg0=0x1a4, arg1=0x7ce2ade1f0b0, arg2=0x0, arg3=0x20019, arg4=0xade1f028) -> 0x0
1570 744 advapi32.dll!RegOpenKeyExW (arg0=0x1a4, arg1=0x7ce2ade1f0b0, arg2=0x0, arg3=0x20019, arg4=0xade1f028) -> 0x0
1571 744 advapi32.dll!RegOpenKeyExW (arg0=0x1a4, arg1=0x7ce2ade1f0b0, arg2=0x0, arg3=0x20019, arg4=0xade1f028) -> 0x0
1572 744 advapi32.dll!RegOpenKeyExW (arg0=0x1a4, arg1=0x7ce2ade1f0b0, arg2=0x0, arg3=0x20019, arg4=0xade1f028) -> 0x0
1573 744 advapi32.dll!RegOpenKeyExW (arg0=0x1a4, arg1=0x7ce2ade1f0b0, arg2=0x0, arg3=0x20019, arg4=0xade1f028) -> 0x0
1574 744 advapi32.dll!RegOpenKeyExW (arg0=0x1a4, arg1=0x7ce2ade1f0b0, arg2=0x0, arg3=0x20019, arg4=0xade1f028) -> 0x0
1575 744 advapi32.dll!RegOpenKeyExW (arg0=0x1a4, arg1=0x7ce2ade1f0b0, arg2=0x0, arg3=0x20019, arg4=0xade1f028) -> 0x0
1576 744 advapi32.dll!RegOpenKeyExW (arg0=0x1a4, arg1=0x7ce2ade1f0b0, arg2=0x0, arg3=0x20019, arg4=0xade1f028) -> 0x0
1577 744 advapi32.dll!RegOpenKeyExW (arg0=0x1a4, arg1=0x7ce2ade1f0b0, arg2=0x0, arg3=0x20019, arg4=0xade1f028) -> 0x0
1578 744 advapi32.dll!RegOpenKeyExW (arg0=0x1a4, arg1=0x7ce2ade1f0b0, arg2=0x0, arg3=0x20019, arg4=0xade1f028) -> 0x0
1579 744 advapi32.dll!RegOpenKeyExW (arg0=0x1a4, arg1=0x7ce2ade1f0b0, arg2=0x0, arg3=0x20019, arg4=0xade1f028) -> 0x0
1580 744 advapi32.dll!RegOpenKeyExW (arg0=0x1a4, arg1=0x7ce2ade1f0b0, arg2=0x0, arg3=0x20019, arg4=0xade1f028) -> 0x0
1581 744 advapi32.dll!RegOpenKeyExW (arg0=0x1a4, arg1=0x7ce2ade1f0b0, arg2=0x0, arg3=0x20019, arg4=0xade1f028) -> 0x0
1582 744 advapi32.dll!RegOpenKeyExW (arg0=0x1a4, arg1=0x7ce2ade1f0b0, arg2=0x0, arg3=0x20019, arg4=0xade1f028) -> 0x0
1583 744 advapi32.dll!RegOpenKeyExW (arg0=0x1a4, arg1=0x7ce2ade1f0b0, arg2=0x0, arg3=0x20019, arg4=0xade1f028) -> 0x0
1584 744 advapi32.dll!RegOpenKeyExW (arg0=0x1a4, arg1=0x7ce2ade1f0b0, arg2=0x0, arg3=0x20019, arg4=0xade1f028) -> 0x0
1585 744 advapi32.dll!RegOpenKeyExW (arg0=0x1a4, arg1=0x7ce2ade1f0b0, arg2=0x0, arg3=0x20019, arg4=0xade1f028) -> 0x0
1586 744 advapi32.dll!RegOpenKeyExW (arg0=0x1a4, arg1=0x7ce2ade1f0b0, arg2=0x0, arg3=0x20019, arg4=0xade1f028) -> 0x0
1587 744 advapi32.dll!RegOpenKeyExW (arg0=0x1a4, arg1=0x7ce2ade1f0b0, arg2=0x0, arg3=0x20019, arg4=0xade1f028) -> 0x0
1588 744 advapi32.dll!RegOpenKeyExW (arg0=0x1a4, arg1=0x7ce2ade1f0b0, arg2=0x0, arg3=0x20019, arg4=0xade1f028) -> 0x0
1589 744 advapi32.dll!RegOpenKeyExW (arg0=0x1a4, arg1=0x7ce2ade1f0b0, arg2=0x0, arg3=0x20019, arg4=0xade1f028) -> 0x0
1590 744 advapi32.dll!RegOpenKeyExW (arg0=0x1a4, arg1=0x7ce2ade1f0b0, arg2=0x0, arg3=0x20019, arg4=0xade1f028) -> 0x0
1591 744 advapi32.dll!RegOpenKeyExW (arg0=0x1a4, arg1=0x7ce2ade1f0b0, arg2=0x0, arg3=0x20019, arg4=0xade1f028) -> 0x0
1592 744 advapi32.dll!RegOpenKeyExW (arg0=0x1a4, arg1=0x7ce2ade1f0b0, arg2=0x0, arg3=0x20019, arg4=0xade1f028) -> 0x0
1593 744 advapi32.dll!RegOpenKeyExW (arg0=0x1a4, arg1=0x7ce2ade1f0b0, arg2=0x0, arg3=0x20019, arg4=0xade1f028) -> 0x0
1594 744 kernel32.dll!CreateEventW (arg0=0x0, arg1=0x0, arg2=0x0, arg3=0x0) -> 0x1a8
1595 744 kernel32.dll!CreateEventW (arg0=0x0, arg1=0x0, arg2=0x0, arg3=0x0) -> 0x1b0
1596 744 kernel32.dll!CreateEventW (arg0=0x0, arg1=0x0, arg2=0x0, arg3=0x0) -> 0x1b8
1597 744 kernel32.dll!CreateEventW (arg0=0x0, arg1=0x0, arg2=0x0, arg3=0x0) -> 0x1c0
1598 744 kernel32.dll!CreateEventW (arg0=0x0, arg1=0x0, arg2=0x0, arg3=0x0) -> 0x1c8
1599 744 kernel32.dll!CreateEventW (arg0=0x0, arg1=0x0, arg2=0x0, arg3=0x0) -> 0x1d0
1600 744 kernel32.dll!WaitForSingleObject (arg0=0x198, arg1=0x0) -> 0x102
1601 744 kernel32.dll!WaitForSingleObject (arg0=0x1a0, arg1=0x0) -> 0x102
1602 744 kernel32.dll!WaitForSingleObject (arg0=0x1a8, arg1=0x0) -> 0x102
1603 744 kernel32.dll!WaitForSingleObject (arg0=0x1b0, arg1=0x0) -> 0x102
1604 744 kernel32.dll!WaitForSingleObject (arg0=0x1b8, arg1=0x0) -> 0x102
1605 744 kernel32.dll!WaitForSingleObject (arg0=0x1c0, arg1=0x0) -> 0x102
1606 744 kernel32.dll!WaitForSingleObject (arg0=0x1c8, arg1=0x0) -> 0x102
1607 744 kernel32.dll!WaitForSingleObject (arg0=0x1d0, arg1=0x0) -> 0x102
1608 744 kernel32.dll!CreateFileW (arg0=0x7ffffe827ca0, arg1=0x80000000, arg2=0x1, arg3=0x0, arg4=0x3, arg5=0x80, arg6=0x0) -> 0x180
1609 612 USER32.dll!GetMessageW (arg0=0x7ffffe13feb0, arg1=0x0, arg2=0x0, arg3=0x0) -> 0x1
1610 612 USER32.dll!GetMessageW (arg0=0x7ffffe13feb0, arg1=0x0, arg2=0x0, arg3=0x0) -> 0x1
1611 612 USER32.dll!PeekMessageW (arg0=0x7ffffe13feb0, arg1=0x0, arg2=0xf, arg3=0xf, arg4=0x1) -> 0x0
1612 612 USER32.dll!GetMessageW (arg0=0x7ffffe13feb0, arg1=0x0, arg2=0x0, arg3=0x0) -> 0x1
1613 612 USER32.dll!PeekMessageW (arg0=0x7ffffe13feb0, arg1=0x0, arg2=0xf, arg3=0xf, arg4=0x1) -> 0x0
1614 612 USER32.dll!GetMessageW (arg0=0x7ffffe13feb0, arg1=0x0, arg2=0x0, arg3=0x0) -> 0x1
1615 612 USER32.dll!PeekMessageW (arg0=0x7ffffe13feb0, arg1=0x0, arg2=0xf, arg3=0xf, arg4=0x1) -> 0x0
1616 612 USER32.dll!GetMessageW (arg0=0x7ffffe13feb0, arg1=0x0, arg2=0x0, arg3=0x0) -> 0x1
1617 612 USER32.dll!PeekMessageW (arg0=0x7ffffe13feb0, arg1=0x0, arg2=0xf, arg3=0xf, arg4=0x1) -> 0x0
1618 612 USER32.dll!GetMessageW (arg0=0x7ffffe13feb0, arg1=0x0, arg2=0x0, arg3=0x0) -> 0x1
1619 612 USER32.dll!PeekMessageW (arg0=0x7ffffe13feb0, arg1=0x0, arg2=0xf, arg3=0xf, arg4=0x1) -> 0x0
1620 612 USER32.dll!GetMessageW (arg0=0x7ffffe13feb0, arg1=0x0, arg2=0x0, arg3=0x0) -> 0x1
1621 612 USER32.dll!PeekMessageW (arg0=0x7ffffe13feb0, arg1=0x0, arg2=0xf, arg3=0xf, arg4=0x1) -> 0x0
1622 612 USER32.dll!GetMessageW (arg0=0x7ffffe13feb0, arg1=0x0, arg2=0x0, arg3=0x0) -> 0x1
1623 612 USER32.dll!PeekMessageW (arg0=0x7ffffe13feb0, arg1=0x0, arg2=0xf, arg3=0xf, arg4=0x1) -> 0x0
1624 612 USER32.dll!GetMessageW (arg0=0x7ffffe13feb0, arg1=0x0, arg2=0x0, arg3=0x0) -> 0x1
1625 612 USER32.dll!PeekMessageW (arg0=0x7ffffe13feb0, arg1=0x0, arg2=0xf, arg3=0xf, arg4=0x1) -> 0x0
1626 612 USER32.dll!GetMessageW (arg0=0x7ffffe13feb0, arg1=0x0, arg2=0x0, arg3=0x0) -> 0x1
1627 612 USER32.dll!PeekMessageW (arg0=0x7ffffe13feb0, arg1=0x0, arg2=0xf, arg3=0xf, arg4=0x1) -> 0x0
1628 612 USER32.dll!GetMessageW (arg0=0x7ffffe13feb0, arg1=0x0, arg2=0x0, arg3=0x0) -> 0x1
1629 612 USER32.dll!PeekMessageW (arg0=0x7ffffe13feb0, arg1=0x0, arg2=0xf, arg3=0xf, arg4=0x1) -> 0x0
1630 612 USER32.dll!GetMessageW (arg0=0x7ffffe13feb0, arg1=0x0, arg2=0x0, arg3=0x0) -> 0x1
1631 612 USER32.dll!PeekMessageW (arg0=0x7ffffe13feb0, arg1=0x0, arg2=0xf, arg3=0xf, arg4=0x1) -> 0x0
1632 612 USER32.dll!GetMessageW (arg0=0x7ffffe13feb0, arg1=0x0, arg2=0x0, arg3=0x0) -> 0x1
1633 612 USER32.dll!PeekMessageW (arg0=0x7ffffe13feb0, arg1=0x0, arg2=0xf, arg3=0xf, arg4=0x1) -> 0x0
1634 612 USER32.dll!GetMessageW (arg0=0x7ffffe13feb0, arg1=0x0, arg2=0x0, arg3=0x0) -> 0x1
1635 612 USER32.dll!PeekMessageW (arg0=0x7ffffe13feb0, arg1=0x0, arg2=0xf, arg3=0xf, arg4=0x1) -> 0x0
1636 612 USER32.dll!GetMessageW (arg0=0x7ffffe13feb0, arg1=0x0, arg2=0x0, arg3=0x0) -> 0x1
1637 612 USER32.dll!PeekMessageW (arg0=0x7ffffe13feb0, arg1=0x0, arg2=0xf, arg3=0xf, arg4=0x1) -> 0x0
1638 612 USER32.dll!GetMessageW (arg0=0x7ffffe13feb0, arg1=0x0, arg2=0x0, arg3=0x0) -> 0x1
1639 612 USER32.dll!PeekMessageW (arg0=0x7ffffe13feb0, arg1=0x0, arg2=0xf, arg3=0xf, arg4=0x1) -> 0x0
1640 612 USER32.dll!GetMessageW (arg0=0x7ffffe13feb0, arg1=0x0, arg2=0x0, arg3=0x0) -> 0x1
1641 612 USER32.dll!PeekMessageW (arg0=0x7ffffe13feb0, arg1=0x0, arg2=0xf, arg3=0xf, arg4=0x1) -> 0x0
1642 612 USER32.dll!GetMessageW (arg0=0x7ffffe13feb0, arg1=0x0, arg2=0x0, arg3=0x0) -> 0x1
1643 612 USER32.dll!PeekMessageW (arg0=0x7ffffe13feb0, arg1=0x0, arg2=0xf, arg3=0xf, arg4=0x1) -> 0x0
1644 612 USER32.dll!GetMessageW (arg0=0x7ffffe13feb0, arg1=0x0, arg2=0x0, arg3=0x0) -> 0x1
1645 612 USER32.dll!PeekMessageW (arg0=0x7ffffe13feb0, arg1=0x0, arg2=0xf, arg3=0xf, arg4=0x1) -> 0x0
1646 612 USER32.dll!GetMessageW (arg0=0x7ffffe13feb0, arg1=0x0, arg2=0x0, arg3=0x0) -> 0x1
1647 612 USER32.dll!PeekMessageW (arg0=0x7ffffe13feb0, arg1=0x0, arg2=0xf, arg3=0xf, arg4=0x1) -> 0x0
1648 612 USER32.dll!GetMessageW (arg0=0x7ffffe13feb0, arg1=0x0, arg2=0x0, arg3=0x0) -> 0x1
1649 612 USER32.dll!PeekMessageW (arg0=0x7ffffe13feb0, arg1=0x0, arg2=0xf, arg3=0xf, arg4=0x1) -> 0x0
1650 612 USER32.dll!GetMessageW (arg0=0x7ffffe13feb0, arg1=0x0, arg2=0x0, arg3=0x0) -> 0x1
1651 612 USER32.dll!PeekMessageW (arg0=0x7ffffe13feb0, arg1=0x0, arg2=0xf, arg3=0xf, arg4=0x1) -> 0x0
1652 612 USER32.dll!GetMessageW (arg0=0x7ffffe13feb0, arg1=0x0, arg2=0x0, arg3=0x0) -> 0x1
1653 612 USER32.dll!PeekMessageW (arg0=0x7ffffe13feb0, arg1=0x0, arg2=0xf, arg3=0xf, arg4=0x1) -> 0x0
1654 612 USER32.dll!GetMessageW (arg0=0x7ffffe13feb0, arg1=0x0, arg2=0x0, arg3=0x0) -> 0x1
1655 612 USER32.dll!PeekMessageW (arg0=0x7ffffe13feb0, arg1=0x0, arg2=0xf, arg3=0xf, arg4=0x1) -> 0x0
1656 612 USER32.dll!GetMessageW (arg0=0x7ffffe13feb0, arg1=0x0, arg2=0x0, arg3=0x0) -> 0x1
1657 612 USER32.dll!PeekMessageW (arg0=0x7ffffe13feb0, arg1=0x0, arg2=0xf, arg3=0xf, arg4=0x1) -> 0x0
1658 612 USER32.dll!GetMessageW (arg0=0x7ffffe13feb0, arg1=0x0, arg2=0x0, arg3=0x0) -> 0x1
1659 612 USER32.dll!PeekMessageW (arg0=0x7ffffe13feb0, arg1=0x0, arg2=0xf, arg3=0xf, arg4=0x1) -> 0x0
1660 612 USER32.dll!GetMessageW (arg0=0x7ffffe13feb0, arg1=0x0, arg2=0x0, arg3=0x0) -> 0x1
1661 612 USER32.dll!PeekMessageW (arg0=0x7ffffe13feb0, arg1=0x0, arg2=0xf, arg3=0xf, arg4=0x1) -> 0x0
1662 612 USER32.dll!GetMessageW (arg0=0x7ffffe13feb0, arg1=0x0, arg2=0x0, arg3=0x0) -> 0x1
1663 612 USER32.dll!PeekMessageW (arg0=0x7ffffe13feb0, arg1=0x0, arg2=0xf, arg3=0xf, arg4=0x1) -> 0x0
1664 612 USER32.dll!GetMessageW (arg0=0x7ffffe13feb0, arg1=0x0, arg2=0x0, arg3=0x0) -> 0x1
1665 612 USER32.dll!PeekMessageW (arg0=0x7ffffe13feb0, arg1=0x0, arg2=0xf, arg3=0xf, arg4=0x1) -> 0x0
1666 612 USER32.dll!GetMessageW (arg0=0x7ffffe13feb0, arg1=0x0, arg2=0x0, arg3=0x0) -> 0x1
1667 612 USER32.dll!PeekMessageW (arg0=0x7ffffe13feb0, arg1=0x0, arg2=0xf, arg3=0xf, arg4=0x1) -> 0x0
1668 612 USER32.dll!GetMessageW (arg0=0x7ffffe13feb0, arg1=0x0, arg2=0x0, arg3=0x0) -> 0x1
1669 612 USER32.dll!PeekMessageW (arg0=0x7ffffe13feb0, arg1=0x0, arg2=0xf, arg3=0xf, arg4=0x1) -> 0x0
1670 612 USER32.dll!GetMessageW (arg0=0x7ffffe13feb0, arg1=0x0, arg2=0x0, arg3=0x0) -> 0x1
1671 612 USER32.dll!PeekMessageW (arg0=0x7ffffe13feb0, arg1=0x0, arg2=0xf, arg3=0xf, arg4=0x1) -> 0x0
1672 612 USER32.dll!GetMessageW (arg0=0x7ffffe13feb0, arg1=0x0, arg2=0x0, arg3=0x0) -> 0x1
1673 612 USER32.dll!PeekMessageW (arg0=0x7ffffe13feb0, arg1=0x0, arg2=0xf, arg3=0xf, arg4=0x1) -> 0x0
1674 612 USER32.dll!GetMessageW (arg0=0x7ffffe13feb0, arg1=0x0, arg2=0x0, arg3=0x0) -> 0x1
1675 612 USER32.dll!PeekMessageW (arg0=0x7ffffe13feb0, arg1=0x0, arg2=0xf, arg3=0xf, arg4=0x1) -> 0x0
1676 612 USER32.dll!GetMessageW (arg0=0x7ffffe13feb0, arg1=0x0, arg2=0x0, arg3=0x0) -> 0x1
1677 612 USER32.dll!PeekMessageW (arg0=0x7ffffe13feb0, arg1=0x0, arg2=0xf, arg3=0xf, arg4=0x1) -> 0x0
1678 612 USER32.dll!GetMessageW (arg0=0x7ffffe13feb0, arg1=0x0, arg2=0x0, arg3=0x0) -> 0x1
1679 612 USER32.dll!PeekMessageW (arg0=0x7ffffe13feb0, arg1=0x0, arg2=0xf, arg3=0xf, arg4=0x1) -> 0x0
1680 612 USER32.dll!GetMessageW (arg0=0x7ffffe13feb0, arg1=0x0, arg2=0x0, arg3=0x0) -> 0x1
1681 612 USER32.dll!PeekMessageW (arg0=0x7ffffe13feb0, arg1=0x0, arg2=0xf, arg3=0xf, arg4=0x1) -> 0x0
1682 612 USER32.dll!GetMessageW (arg0=0x7ffffe13feb0, arg1=0x0, arg2=0x0, arg3=0x0) -> 0x1
1683 612 USER32.dll!PeekMessageW (arg0=0x7ffffe13feb0, arg1=0x0, arg2=0xf, arg3=0xf, arg4=0x1) -> 0x0
1684 612 USER32.dll!GetMessageW (arg0=0x7ffffe13feb0, arg1=0x0, arg2=0x0, arg3=0x0) -> 0x1
1685 612 USER32.dll!PeekMessageW (arg0=0x7ffffe13feb0, arg1=0x0, arg2=0xf, arg3=0xf, arg4=0x1) -> 0x0
1686 612 USER32.dll!GetMessageW (arg0=0x7ffffe13feb0, arg1=0x0, arg2=0x0, arg3=0x0) -> 0x1
1687 612 USER32.dll!PeekMessageW (arg0=0x7ffffe13feb0, arg1=0x0, arg2=0xf, arg3=0xf, arg4=0x1) -> 0x0
1688 612 USER32.dll!GetMessageW (arg0=0x7ffffe13feb0, arg1=0x0, arg2=0x0, arg3=0x0) -> 0x1
1689 612 USER32.dll!PeekMessageW (arg0=0x7ffffe13feb0, arg1=0x0, arg2=0xf, arg3=0xf, arg4=0x1) -> 0x0
1690 612 USER32.dll!GetMessageW (arg0=0x7ffffe13feb0, arg1=0x0, arg2=0x0, arg3=0x0) -> 0x1
1691 612 USER32.dll!PeekMessageW (arg0=0x7ffffe13feb0, arg1=0x0, arg2=0xf, arg3=0xf, arg4=0x1) -> 0x0
1692 612 USER32.dll!GetMessageW (arg0=0x7ffffe13feb0, arg1=0x0, arg2=0x0, arg3=0x0) -> 0x1
1693 612 USER32.dll!PeekMessageW (arg0=0x7ffffe13feb0, arg1=0x0, arg2=0xf, arg3=0xf, arg4=0x1) -> 0x0
1694 612 USER32.dll!GetMessageW (arg0=0x7ffffe13feb0, arg1=0x0, arg2=0x0, arg3=0x0) -> 0x1
1695 612 USER32.dll!PeekMessageW (arg0=0x7ffffe13feb0, arg1=0x0, arg2=0xf, arg3=0xf, arg4=0x1) -> 0x0
1696 612 USER32.dll!GetMessageW (arg0=0x7ffffe13feb0, arg1=0x0, arg2=0x0, arg3=0x0) -> 0x1
1697 612 USER32.dll!PeekMessageW (arg0=0x7ffffe13feb0, arg1=0x0, arg2=0xf, arg3=0xf, arg4=0x1) -> 0x0
1698 612 USER32.dll!GetMessageW (arg0=0x7ffffe13feb0, arg1=0x0, arg2=0x0, arg3=0x0) -> 0x1
1699 612 USER32.dll!PeekMessageW (arg0=0x7ffffe13feb0, arg1=0x0, arg2=0xf, arg3=0xf, arg4=0x1) -> 0x0
1700 612 USER32.dll!GetMessageW (arg0=0x7ffffe13feb0, arg1=0x0, arg2=0x0, arg3=0x0) -> 0x1
1701 612 USER32.dll!PeekMessageW (arg0=0x7ffffe13feb0, arg1=0x0, arg2=0xf, arg3=0xf, arg4=0x1) -> 0x0
1702 612 USER32.dll!GetMessageW (arg0=0x7ffffe13feb0, arg1=0x0, arg2=0x0, arg3=0x0) -> 0x1
1703 612 USER32.dll!PeekMessageW (arg0=0x7ffffe13feb0, arg1=0x0, arg2=0xf, arg3=0xf, arg4=0x1) -> 0x0
1704 612 USER32.dll!GetMessageW (arg0=0x7ffffe13feb0, arg1=0x0, arg2=0x0, arg3=0x0) -> 0x1
1705 612 USER32.dll!PeekMessageW (arg0=0x7ffffe13feb0, arg1=0x0, arg2=0xf, arg3=0xf, arg4=0x1) -> 0x0
1706 612 USER32.dll!GetMessageW (arg0=0x7ffffe13feb0, arg1=0x0, arg2=0x0, arg3=0x0) -> 0x1
1707 612 USER32.dll!PeekMessageW (arg0=0x7ffffe13feb0, arg1=0x0, arg2=0xf, arg3=0xf, arg4=0x1) -> 0x0
1708 612 USER32.dll!GetMessageW (arg0=0x7ffffe13feb0, arg1=0x0, arg2=0x0, arg3=0x0) -> 0x1
1709 612 USER32.dll!GetMessageW (arg0=0x7ffffe13feb0, arg1=0x0, arg2=0x0, arg3=0x0) -> 0x1
1710 612 USER32.dll!PeekMessageW (arg0=0x7ffffe13feb0, arg1=0x0, arg2=0xf, arg3=0xf, arg4=0x1) -> 0x0
1711 612 USER32.dll!GetMessageW (arg0=0x7ffffe13feb0, arg1=0x0, arg2=0x0, arg3=0x0) -> 0x1
1712 612 USER32.dll!PeekMessageW (arg0=0x7ffffe13feb0, arg1=0x0, arg2=0xf, arg3=0xf, arg4=0x1) -> 0x0
1713 612 USER32.dll!GetMessageW (arg0=0x7ffffe13feb0, arg1=0x0, arg2=0x0, arg3=0x0) -> 0x1
1714 612 USER32.dll!PeekMessageW (arg0=0x7ffffe13feb0, arg1=0x0, arg2=0xf, arg3=0xf, arg4=0x1) -> 0x0
1715 612 USER32.dll!GetMessageW (arg0=0x7ffffe13feb0, arg1=0x0, arg2=0x0, arg3=0x0) -> 0x1
1716 612 USER32.dll!PeekMessageW (arg0=0x7ffffe13feb0, arg1=0x0, arg2=0xf, arg3=0xf, arg4=0x1) -> 0x0
1717 612 USER32.dll!GetMessageW (arg0=0x7ffffe13feb0, arg1=0x0, arg2=0x0, arg3=0x0) -> 0x1
1718 612 USER32.dll!PeekMessageW (arg0=0x7ffffe13feb0, arg1=0x0, arg2=0xf, arg3=0xf, arg4=0x1) -> 0x0
1719 612 USER32.dll!GetMessageW (arg0=0x7ffffe13feb0, arg1=0x0, arg2=0x0, arg3=0x0) -> 0x1
1720 612 USER32.dll!PeekMessageW (arg0=0x7ffffe13feb0, arg1=0x0, arg2=0xf, arg3=0xf, arg4=0x1) -> 0x0
1721 612 USER32.dll!GetMessageW (arg0=0x7ffffe13feb0, arg1=0x0, arg2=0x0, arg3=0x0) -> 0x1
1722 612 USER32.dll!PeekMessageW (arg0=0x7ffffe13feb0, arg1=0x0, arg2=0xf, arg3=0xf, arg4=0x1) -> 0x0
1723 612 USER32.dll!GetMessageW (arg0=0x7ffffe13feb0, arg1=0x0, arg2=0x0, arg3=0x0) -> 0x1
1724 612 USER32.dll!PeekMessageW (arg0=0x7ffffe13feb0, arg1=0x0, arg2=0xf, arg3=0xf, arg4=0x1) -> 0x0
1725 612 USER32.dll!GetMessageW (arg0=0x7ffffe13feb0, arg1=0x0, arg2=0x0, arg3=0x0) -> 0x1
1726 612 USER32.dll!PeekMessageW (arg0=0x7ffffe13feb0, arg1=0x0, arg2=0xf, arg3=0xf, arg4=0x1) -> 0x0
1727 612 USER32.dll!GetMessageW (arg0=0x7ffffe13feb0, arg1=0x0, arg2=0x0, arg3=0x0) -> 0x1
1728 612 USER32.dll!PeekMessageW (arg0=0x7ffffe13feb0, arg1=0x0, arg2=0xf, arg3=0xf, arg4=0x1) -> 0x0
1729 612 USER32.dll!GetMessageW (arg0=0x7ffffe13feb0, arg1=0x0, arg2=0x0, arg3=0x0) -> 0x1
1730 612 USER32.dll!PeekMessageW (arg0=0x7ffffe13feb0, arg1=0x0, arg2=0xf, arg3=0xf, arg4=0x1) -> 0x0
1731 612 USER32.dll!GetMessageW (arg0=0x7ffffe13feb0, arg1=0x0, arg2=0x0, arg3=0x0) -> 0x1
1732 612 USER32.dll!PeekMessageW (arg0=0x7ffffe13feb0, arg1=0x0, arg2=0xf, arg3=0xf, arg4=0x1) -> 0x0
1733 612 USER32.dll!GetMessageW (arg0=0x7ffffe13feb0, arg1=0x0, arg2=0x0, arg3=0x0) -> 0x1
1734 612 USER32.dll!PeekMessageW (arg0=0x7ffffe13feb0, arg1=0x0, arg2=0xf, arg3=0xf, arg4=0x1) -> 0x0
1735 612 USER32.dll!GetMessageW (arg0=0x7ffffe13feb0, arg1=0x0, arg2=0x0, arg3=0x0) -> 0x1
1736 612 USER32.dll!PeekMessageW (arg0=0x7ffffe13feb0, arg1=0x0, arg2=0xf, arg3=0xf, arg4=0x1) -> 0x0
1737 612 USER32.dll!GetMessageW (arg0=0x7ffffe13feb0, arg1=0x0, arg2=0x0, arg3=0x0) -> 0x1
1738 612 USER32.dll!PeekMessageW (arg0=0x7ffffe13feb0, arg1=0x0, arg2=0xf, arg3=0xf, arg4=0x1) -> 0x0
1739 612 USER32.dll!GetMessageW (arg0=0x7ffffe13feb0, arg1=0x0, arg2=0x0, arg3=0x0) -> 0x1
1740 612 USER32.dll!PeekMessageW (arg0=0x7ffffe13feb0, arg1=0x0, arg2=0xf, arg3=0xf, arg4=0x1) -> 0x0
1741 612 USER32.dll!GetMessageW (arg0=0x7ffffe13feb0, arg1=0x0, arg2=0x0, arg3=0x0) -> 0x1
1742 612 USER32.dll!PeekMessageW (arg0=0x7ffffe13feb0, arg1=0x0, arg2=0xf, arg3=0xf, arg4=0x1) -> 0x0
1743 612 USER32.dll!GetMessageW (arg0=0x7ffffe13feb0, arg1=0x0, arg2=0x0, arg3=0x0) -> 0x1
1744 612 USER32.dll!PeekMessageW (arg0=0x7ffffe13feb0, arg1=0x0, arg2=0xf, arg3=0xf, arg4=0x1) -> 0x0
1745 612 USER32.dll!GetMessageW (arg0=0x7ffffe13feb0, arg1=0x0, arg2=0x0, arg3=0x0) -> 0x1
1746 612 USER32.dll!PeekMessageW (arg0=0x7ffffe13feb0, arg1=0x0, arg2=0xf, arg3=0xf, arg4=0x1) -> 0x0
1747 612 USER32.dll!GetMessageW (arg0=0x7ffffe13feb0, arg1=0x0, arg2=0x0, arg3=0x0) -> 0x1
1748 612 USER32.dll!PeekMessageW (arg0=0x7ffffe13feb0, arg1=0x0, arg2=0xf, arg3=0xf, arg4=0x1) -> 0x0
1749 612 USER32.dll!GetMessageW (arg0=0x7ffffe13feb0, arg1=0x0, arg2=0x0, arg3=0x0) -> 0x1
1750 612 USER32.dll!PeekMessageW (arg0=0x7ffffe13feb0, arg1=0x0, arg2=0xf, arg3=0xf, arg4=0x1) -> 0x0
1751 612 USER32.dll!GetMessageW (arg0=0x7ffffe13feb0, arg1=0x0, arg2=0x0, arg3=0x0) -> 0x1
1752 612 USER32.dll!PeekMessageW (arg0=0x7ffffe13feb0, arg1=0x0, arg2=0xf, arg3=0xf, arg4=0x1) -> 0x0
1753 612 USER32.dll!GetMessageW (arg0=0x7ffffe13feb0, arg1=0x0, arg2=0x0, arg3=0x0) -> 0x1
1754 612 USER32.dll!PeekMessageW (arg0=0x7ffffe13feb0, arg1=0x0, arg2=0xf, arg3=0xf, arg4=0x1) -> 0x0
1755 612 USER32.dll!GetMessageW (arg0=0x7ffffe13feb0, arg1=0x0, arg2=0x0, arg3=0x0) -> 0x1
1756 612 USER32.dll!PeekMessageW (arg0=0x7ffffe13feb0, arg1=0x0, arg2=0xf, arg3=0xf, arg4=0x1) -> 0x0
1757 612 USER32.dll!GetMessageW (arg0=0x7ffffe13feb0, arg1=0x0, arg2=0x0, arg3=0x0) -> 0x1
1758 612 USER32.dll!PeekMessageW (arg0=0x7ffffe13feb0, arg1=0x0, arg2=0xf, arg3=0xf, arg4=0x1) -> 0x0
1759 612 USER32.dll!GetMessageW (arg0=0x7ffffe13feb0, arg1=0x0, arg2=0x0, arg3=0x0) -> 0x1
1760 612 USER32.dll!PeekMessageW (arg0=0x7ffffe13feb0, arg1=0x0, arg2=0xf, arg3=0xf, arg4=0x1) -> 0x0
1761 612 USER32.dll!GetMessageW (arg0=0x7ffffe13feb0, arg1=0x0, arg2=0x0, arg3=0x0) -> 0x1
1762 612 USER32.dll!PeekMessageW (arg0=0x7ffffe13feb0, arg1=0x0, arg2=0xf, arg3=0xf, arg4=0x1) -> 0x0
1763 612 USER32.dll!GetMessageW (arg0=0x7ffffe13feb0, arg1=0x0, arg2=0x0, arg3=0x0) -> 0x1
1764 612 USER32.dll!PeekMessageW (arg0=0x7ffffe13feb0, arg1=0x0, arg2=0xf, arg3=0xf, arg4=0x1) -> 0x0
1765 612 USER32.dll!GetMessageW (arg0=0x7ffffe13feb0, arg1=0x0, arg2=0x0, arg3=0x0) -> 0x1
1766 612 USER32.dll!PeekMessageW (arg0=0x7ffffe13feb0, arg1=0x0, arg2=0xf, arg3=0xf, arg4=0x1) -> 0x0
1767 612 USER32.dll!GetMessageW (arg0=0x7ffffe13feb0, arg1=0x0, arg2=0x0, arg3=0x0) -> 0x1
1768 612 USER32.dll!PeekMessageW (arg0=0x7ffffe13feb0, arg1=0x0, arg2=0xf, arg3=0xf, arg4=0x1) -> 0x0
1769 612 USER32.dll!GetMessageW (arg0=0x7ffffe13feb0, arg1=0x0, arg2=0x0, arg3=0x0) -> 0x1
1770 612 USER32.dll!PeekMessageW (arg0=0x7ffffe13feb0, arg1=0x0, arg2=0xf, arg3=0xf, arg4=0x1) -> 0x0
1771 612 USER32.dll!GetMessageW (arg0=0x7ffffe13feb0, arg1=0x0, arg2=0x0, arg3=0x0) -> 0x1
1772 612 USER32.dll!PeekMessageW (arg0=0x7ffffe13feb0, arg1=0x0, arg2=0xf, arg3=0xf, arg4=0x1) -> 0x0
1773 612 USER32.dll!GetMessageW (arg0=0x7ffffe13feb0, arg1=0x0, arg2=0x0, arg3=0x0) -> 0x1
1774 612 USER32.dll!PeekMessageW (arg0=0x7ffffe13feb0, arg1=0x0, arg2=0xf, arg3=0xf, arg4=0x1) -> 0x0
1775 612 USER32.dll!GetMessageW (arg0=0x7ffffe13feb0, arg1=0x0, arg2=0x0, arg3=0x0) -> 0x1
1776 612 USER32.dll!PeekMessageW (arg0=0x7ffffe13feb0, arg1=0x0, arg2=0xf, arg3=0xf, arg4=0x1) -> 0x0
1777 612 USER32.dll!GetMessageW (arg0=0x7ffffe13feb0, arg1=0x0, arg2=0x0, arg3=0x0) -> 0x1
1778 612 USER32.dll!PeekMessageW (arg0=0x7ffffe13feb0, arg1=0x0, arg2=0xf, arg3=0xf, arg4=0x1) -> 0x0
1779 612 USER32.dll!GetMessageW (arg0=0x7ffffe13feb0, arg1=0x0, arg2=0x0, arg3=0x0) -> 0x1
1780 612 USER32.dll!PeekMessageW (arg0=0x7ffffe13feb0, arg1=0x0, arg2=0xf, arg3=0xf, arg4=0x1) -> 0x0
1781 612 USER32.dll!GetMessageW (arg0=0x7ffffe13feb0, arg1=0x0, arg2=0x0, arg3=0x0) -> 0x1
1782 612 USER32.dll!PeekMessageW (arg0=0x7ffffe13feb0, arg1=0x0, arg2=0xf, arg3=0xf, arg4=0x1) -> 0x0
1783 612 USER32.dll!GetMessageW (arg0=0x7ffffe13feb0, arg1=0x0, arg2=0x0, arg3=0x0) -> 0x1
1784 612 USER32.dll!PeekMessageW (arg0=0x7ffffe13feb0, arg1=0x0, arg2=0xf, arg3=0xf, arg4=0x1) -> 0x0
1785 612 USER32.dll!GetMessageW (arg0=0x7ffffe13feb0, arg1=0x0, arg2=0x0, arg3=0x0) -> 0x1
1786 612 USER32.dll!PeekMessageW (arg0=0x7ffffe13feb0, arg1=0x0, arg2=0xf, arg3=0xf, arg4=0x1) -> 0x0
1787 612 USER32.dll!GetMessageW (arg0=0x7ffffe13feb0, arg1=0x0, arg2=0x0, arg3=0x0) -> 0x1
1788 612 USER32.dll!PeekMessageW (arg0=0x7ffffe13feb0, arg1=0x0, arg2=0xf, arg3=0xf, arg4=0x1) -> 0x0
1789 612 USER32.dll!GetMessageW (arg0=0x7ffffe13feb0, arg1=0x0, arg2=0x0, arg3=0x0) -> 0x1
1790 612 USER32.dll!PeekMessageW (arg0=0x7ffffe13feb0, arg1=0x0, arg2=0xf, arg3=0xf, arg4=0x1) -> 0x0
1791 612 USER32.dll!GetMessageW (arg0=0x7ffffe13feb0, arg1=0x0, arg2=0x0, arg3=0x0) -> 0x1
1792 612 USER32.dll!PeekMessageW (arg0=0x7ffffe13feb0, arg1=0x0, arg2=0xf, arg3=0xf, arg4=0x1) -> 0x0
1793 612 USER32.dll!GetMessageW (arg0=0x7ffffe13feb0, arg1=0x0, arg2=0x0, arg3=0x0) -> 0x1
1794 612 USER32.dll!PeekMessageW (arg0=0x7ffffe13feb0, arg1=0x0, arg2=0xf, arg3=0xf, arg4=0x1) -> 0x0
1795 612 USER32.dll!GetMessageW (arg0=0x7ffffe13feb0, arg1=0x0, arg2=0x0, arg3=0x0) -> 0x1
1796 612 USER32.dll!PeekMessageW (arg0=0x7ffffe13feb0, arg1=0x0, arg2=0xf, arg3=0xf, arg4=0x1) -> 0x0
1797 612 USER32.dll!GetMessageW (arg0=0x7ffffe13feb0, arg1=0x0, arg2=0x0, arg3=0x0) -> 0x1
1798 612 USER32.dll!PeekMessageW (arg0=0x7ffffe13feb0, arg1=0x0, arg2=0xf, arg3=0xf, arg4=0x1) -> 0x0
1799 612 USER32.dll!GetMessageW (arg0=0x7ffffe13feb0, arg1=0x0, arg2=0x0, arg3=0x0) -> 0x1
1800 612 USER32.dll!PeekMessageW (arg0=0x7ffffe13feb0, arg1=0x0, arg2=0xf, arg3=0xf, arg4=0x1) -> 0x0
1801 612 USER32.dll!GetMessageW (arg0=0x7ffffe13feb0, arg1=0x0, arg2=0x0, arg3=0x0) -> 0x1
1802 612 USER32.dll!PeekMessageW (arg0=0x7ffffe13feb0, arg1=0x0, arg2=0xf, arg3=0xf, arg4=0x1) -> 0x0
1803 612 USER32.dll!GetMessageW (arg0=0x7ffffe13feb0, arg1=0x0, arg2=0x0, arg3=0x0) -> 0x1
1804 612 USER32.dll!PeekMessageW (arg0=0x7ffffe13feb0, arg1=0x0, arg2=0xf, arg3=0xf, arg4=0x1) -> 0x0
1805 612 USER32.dll!GetMessageW (arg0=0x7ffffe13feb0, arg1=0x0, arg2=0x0, arg3=0x0) -> 0x1
1806 612 USER32.dll!PeekMessageW (arg0=0x7ffffe13feb0, arg1=0x0, arg2=0xf, arg3=0xf, arg4=0x1) -> 0x0
1807 612 USER32.dll!GetMessageW (arg0=0x7ffffe13feb0, arg1=0x0, arg2=0x0, arg3=0x0) -> 0x1
1808 612 USER32.dll!PeekMessageW (arg0=0x7ffffe13feb0, arg1=0x0, arg2=0xf, arg3=0xf, arg4=0x1) -> 0x0
1809 612 USER32.dll!GetMessageW (arg0=0x7ffffe13feb0, arg1=0x0, arg2=0x0, arg3=0x0) -> 0x1
1810 612 USER32.dll!GetMessageW (arg0=0x7ffffe13feb0, arg1=0x0, arg2=0x0, arg3=0x0) -> 0x1
1811 612 USER32.dll!PeekMessageW (arg0=0x7ffffe13feb0, arg1=0x0, arg2=0xf, arg3=0xf, arg4=0x1) -> 0x0
1812 612 USER32.dll!GetMessageW (arg0=0x7ffffe13feb0, arg1=0x0, arg2=0x0, arg3=0x0) -> 0x1
1813 612 USER32.dll!PeekMessageW (arg0=0x7ffffe13feb0, arg1=0x0, arg2=0xf, arg3=0xf, arg4=0x1) -> 0x0
1814 612 USER32.dll!GetMessageW (arg0=0x7ffffe13feb0, arg1=0x0, arg2=0x0, arg3=0x0) -> 0x1
1815 612 USER32.dll!PeekMessageW (arg0=0x7ffffe13feb0, arg1=0x0, arg2=0xf, arg3=0xf, arg4=0x1) -> 0x0
1816 612 USER32.dll!GetMessageW (arg0=0x7ffffe13feb0, arg1=0x0, arg2=0x0, arg3=0x0) -> 0x1
1817 612 USER32.dll!PeekMessageW (arg0=0x7ffffe13feb0, arg1=0x0, arg2=0xf, arg3=0xf, arg4=0x1) -> 0x0
1818 612 USER32.dll!GetMessageW (arg0=0x7ffffe13feb0, arg1=0x0, arg2=0x0, arg3=0x0) -> 0x1
1819 612 USER32.dll!PeekMessageW (arg0=0x7ffffe13feb0, arg1=0x0, arg2=0xf, arg3=0xf, arg4=0x1) -> 0x0
1820 612 USER32.dll!GetMessageW (arg0=0x7ffffe13feb0, arg1=0x0, arg2=0x0, arg3=0x0) -> 0x1
1821 612 USER32.dll!PeekMessageW (arg0=0x7ffffe13feb0, arg1=0x0, arg2=0xf, arg3=0xf, arg4=0x1) -> 0x0
1822 612 USER32.dll!GetMessageW (arg0=0x7ffffe13feb0, arg1=0x0, arg2=0x0, arg3=0x0) -> 0x1
1823 612 USER32.dll!PeekMessageW (arg0=0x7ffffe13feb0, arg1=0x0, arg2=0xf, arg3=0xf, arg4=0x1) -> 0x0
1824 612 USER32.dll!GetMessageW (arg0=0x7ffffe13feb0, arg1=0x0, arg2=0x0, arg3=0x0) -> 0x1
1825 612 USER32.dll!PeekMessageW (arg0=0x7ffffe13feb0, arg1=0x0, arg2=0xf, arg3=0xf, arg4=0x1) -> 0x0
1826 612 USER32.dll!GetMessageW (arg0=0x7ffffe13feb0, arg1=0x0, arg2=0x0, arg3=0x0) -> 0x1
1827 612 USER32.dll!PeekMessageW (arg0=0x7ffffe13feb0, arg1=0x0, arg2=0xf, arg3=0xf, arg4=0x1) -> 0x0
1828 612 USER32.dll!GetMessageW (arg0=0x7ffffe13feb0, arg1=0x0, arg2=0x0, arg3=0x0) -> 0x1
1829 612 USER32.dll!PeekMessageW (arg0=0x7ffffe13feb0, arg1=0x0, arg2=0xf, arg3=0xf, arg4=0x1) -> 0x0
1830 612 USER32.dll!GetMessageW (arg0=0x7ffffe13feb0, arg1=0x0, arg2=0x0, arg3=0x0) -> 0x1
1831 612 USER32.dll!PeekMessageW (arg0=0x7ffffe13feb0, arg1=0x0, arg2=0xf, arg3=0xf, arg4=0x1) -> 0x0
1832 612 USER32.dll!GetMessageW (arg0=0x7ffffe13feb0, arg1=0x0, arg2=0x0, arg3=0x0) -> 0x1
1833 612 USER32.dll!PeekMessageW (arg0=0x7ffffe13feb0, arg1=0x0, arg2=0xf, arg3=0xf, arg4=0x1) -> 0x0
1834 612 USER32.dll!GetMessageW (arg0=0x7ffffe13feb0, arg1=0x0, arg2=0x0, arg3=0x0) -> 0x1
1835 612 USER32.dll!PeekMessageW (arg0=0x7ffffe13feb0, arg1=0x0, arg2=0xf, arg3=0xf, arg4=0x1) -> 0x0
1836 612 USER32.dll!GetMessageW (arg0=0x7ffffe13feb0, arg1=0x0, arg2=0x0, arg3=0x0) -> 0x1
1837 612 USER32.dll!PeekMessageW (arg0=0x7ffffe13feb0, arg1=0x0, arg2=0xf, arg3=0xf, arg4=0x1) -> 0x0
1838 612 USER32.dll!GetMessageW (arg0=0x7ffffe13feb0, arg1=0x0, arg2=0x0, arg3=0x0) -> 0x1
1839 612 USER32.dll!PeekMessageW (arg0=0x7ffffe13feb0, arg1=0x0, arg2=0xf, arg3=0xf, arg4=0x1) -> 0x0
1840 612 USER32.dll!GetMessageW (arg0=0x7ffffe13feb0, arg1=0x0, arg2=0x0, arg3=0x0) -> 0x1
1841 612 USER32.dll!PeekMessageW (arg0=0x7ffffe13feb0, arg1=0x0, arg2=0xf, arg3=0xf, arg4=0x1) -> 0x0
1842 612 USER32.dll!GetMessageW (arg0=0x7ffffe13feb0, arg1=0x0, arg2=0x0, arg3=0x0) -> 0x1
1843 612 USER32.dll!PeekMessageW (arg0=0x7ffffe13feb0, arg1=0x0, arg2=0xf, arg3=0xf, arg4=0x1) -> 0x0
1844 612 USER32.dll!GetMessageW (arg0=0x7ffffe13feb0, arg1=0x0, arg2=0x0, arg3=0x0) -> 0x1
1845 612 USER32.dll!PeekMessageW (arg0=0x7ffffe13feb0, arg1=0x0, arg2=0xf, arg3=0xf, arg4=0x1) -> 0x0
1846 612 USER32.dll!GetMessageW (arg0=0x7ffffe13feb0, arg1=0x0, arg2=0x0, arg3=0x0) -> 0x1
1847 612 USER32.dll!PeekMessageW (arg0=0x7ffffe13feb0, arg1=0x0, arg2=0xf, arg3=0xf, arg4=0x1) -> 0x0
1848 612 USER32.dll!GetMessageW (arg0=0x7ffffe13feb0, arg1=0x0, arg2=0x0, arg3=0x0) -> 0x1
1849 612 USER32.dll!PeekMessageW (arg0=0x7ffffe13feb0, arg1=0x0, arg2=0xf, arg3=0xf, arg4=0x1) -> 0x0
1850 612 USER32.dll!GetMessageW (arg0=0x7ffffe13feb0, arg1=0x0, arg2=0x0, arg3=0x0) -> 0x1
1851 612 USER32.dll!PeekMessageW (arg0=0x7ffffe13feb0, arg1=0x0, arg2=0xf, arg3=0xf, arg4=0x1) -> 0x0
1852 612 USER32.dll!GetMessageW (arg0=0x7ffffe13feb0, arg1=0x0, arg2=0x0, arg3=0x0) -> 0x1
1853 612 USER32.dll!PeekMessageW (arg0=0x7ffffe13feb0, arg1=0x0, arg2=0xf, arg3=0xf, arg4=0x1) -> 0x0
1854 612 USER32.dll!GetMessageW (arg0=0x7ffffe13feb0, arg1=0x0, arg2=0x0, arg3=0x0) -> 0x1
1855 612 USER32.dll!PeekMessageW (arg0=0x7ffffe13feb0, arg1=0x0, arg2=0xf, arg3=0xf, arg4=0x1) -> 0x0
1856 612 USER32.dll!GetMessageW (arg0=0x7ffffe13feb0, arg1=0x0, arg2=0x0, arg3=0x0) -> 0x1
1857 612 USER32.dll!PeekMessageW (arg0=0x7ffffe13feb0, arg1=0x0, arg2=0xf, arg3=0xf, arg4=0x1) -> 0x0
1858 612 USER32.dll!GetMessageW (arg0=0x7ffffe13feb0, arg1=0x0, arg2=0x0, arg3=0x0) -> 0x1
1859 612 USER32.dll!PeekMessageW (arg0=0x7ffffe13feb0, arg1=0x0, arg2=0xf, arg3=0xf, arg4=0x1) -> 0x0
1860 612 USER32.dll!GetMessageW (arg0=0x7ffffe13feb0, arg1=0x0, arg2=0x0, arg3=0x0) -> 0x1
1861 612 USER32.dll!PeekMessageW (arg0=0x7ffffe13feb0, arg1=0x0, arg2=0xf, arg3=0xf, arg4=0x1) -> 0x0
1862 612 USER32.dll!GetMessageW (arg0=0x7ffffe13feb0, arg1=0x0, arg2=0x0, arg3=0x0) -> 0x1
1863 612 USER32.dll!PeekMessageW (arg0=0x7ffffe13feb0, arg1=0x0, arg2=0xf, arg3=0xf, arg4=0x1) -> 0x0
1864 612 USER32.dll!GetMessageW (arg0=0x7ffffe13feb0, arg1=0x0, arg2=0x0, arg3=0x0) -> 0x1
1865 612 USER32.dll!PeekMessageW (arg0=0x7ffffe13feb0, arg1=0x0, arg2=0xf, arg3=0xf, arg4=0x1) -> 0x0
1866 612 USER32.dll!GetMessageW (arg0=0x7ffffe13feb0, arg1=0x0, arg2=0x0, arg3=0x0) -> 0x1
1867 612 USER32.dll!PeekMessageW (arg0=0x7ffffe13feb0, arg1=0x0, arg2=0xf, arg3=0xf, arg4=0x1) -> 0x0
1868 612 USER32.dll!GetMessageW (arg0=0x7ffffe13feb0, arg1=0x0, arg2=0x0, arg3=0x0) -> 0x1
1869 612 USER32.dll!PeekMessageW (arg0=0x7ffffe13feb0, arg1=0x0, arg2=0xf, arg3=0xf, arg4=0x1) -> 0x0
1870 612 USER32.dll!GetMessageW (arg0=0x7ffffe13feb0, arg1=0x0, arg2=0x0, arg3=0x0) -> 0x1
1871 612 USER32.dll!PeekMessageW (arg0=0x7ffffe13feb0, arg1=0x0, arg2=0xf, arg3=0xf, arg4=0x1) -> 0x0
1872 612 USER32.dll!GetMessageW (arg0=0x7ffffe13feb0, arg1=0x0, arg2=0x0, arg3=0x0) -> 0x1
1873 612 USER32.dll!PeekMessageW (arg0=0x7ffffe13feb0, arg1=0x0, arg2=0xf, arg3=0xf, arg4=0x1) -> 0x0
1874 612 USER32.dll!GetMessageW (arg0=0x7ffffe13feb0, arg1=0x0, arg2=0x0, arg3=0x0) -> 0x1
1875 612 USER32.dll!PeekMessageW (arg0=0x7ffffe13feb0, arg1=0x0, arg2=0xf, arg3=0xf, arg4=0x1) -> 0x0
1876 612 USER32.dll!GetMessageW (arg0=0x7ffffe13feb0, arg1=0x0, arg2=0x0, arg3=0x0) -> 0x1
1877 612 USER32.dll!PeekMessageW (arg0=0x7ffffe13feb0, arg1=0x0, arg2=0xf, arg3=0xf, arg4=0x1) -> 0x0
1878 612 USER32.dll!GetMessageW (arg0=0x7ffffe13feb0, arg1=0x0, arg2=0x0, arg3=0x0) -> 0x1
1879 612 USER32.dll!PeekMessageW (arg0=0x7ffffe13feb0, arg1=0x0, arg2=0xf, arg3=0xf, arg4=0x1) -> 0x0
1880 612 USER32.dll!GetMessageW (arg0=0x7ffffe13feb0, arg1=0x0, arg2=0x0, arg3=0x0) -> 0x1
1881 612 USER32.dll!PeekMessageW (arg0=0x7ffffe13feb0, arg1=0x0, arg2=0xf, arg3=0xf, arg4=0x1) -> 0x0
1882 612 USER32.dll!GetMessageW (arg0=0x7ffffe13feb0, arg1=0x0, arg2=0x0, arg3=0x0) -> 0x1
1883 612 USER32.dll!PeekMessageW (arg0=0x7ffffe13feb0, arg1=0x0, arg2=0xf, arg3=0xf, arg4=0x1) -> 0x0
1884 612 USER32.dll!GetMessageW (arg0=0x7ffffe13feb0, arg1=0x0, arg2=0x0, arg3=0x0) -> 0x1
1885 612 USER32.dll!PeekMessageW (arg0=0x7ffffe13feb0, arg1=0x0, arg2=0xf, arg3=0xf, arg4=0x1) -> 0x0
1886 612 USER32.dll!GetMessageW (arg0=0x7ffffe13feb0, arg1=0x0, arg2=0x0, arg3=0x0) -> 0x1
1887 612 USER32.dll!PeekMessageW (arg0=0x7ffffe13feb0, arg1=0x0, arg2=0xf, arg3=0xf, arg4=0x1) -> 0x0
1888 612 USER32.dll!GetMessageW (arg0=0x7ffffe13feb0, arg1=0x0, arg2=0x0, arg3=0x0) -> 0x1
1889 612 USER32.dll!PeekMessageW (arg0=0x7ffffe13feb0, arg1=0x0, arg2=0xf, arg3=0xf, arg4=0x1) -> 0x0
1890 612 USER32.dll!GetMessageW (arg0=0x7ffffe13feb0, arg1=0x0, arg2=0x0, arg3=0x0) -> 0x1
1891 612 USER32.dll!PeekMessageW (arg0=0x7ffffe13feb0, arg1=0x0, arg2=0xf, arg3=0xf, arg4=0x1) -> 0x0
1892 612 USER32.dll!GetMessageW (arg0=0x7ffffe13feb0, arg1=0x0, arg2=0x0, arg3=0x0) -> 0x1
1893 612 USER32.dll!PeekMessageW (arg0=0x7ffffe13feb0, arg1=0x0, arg2=0xf, arg3=0xf, arg4=0x1) -> 0x0
1894 612 USER32.dll!GetMessageW (arg0=0x7ffffe13feb0, arg1=0x0, arg2=0x0, arg3=0x0) -> 0x1
1895 612 USER32.dll!PeekMessageW (arg0=0x7ffffe13feb0, arg1=0x0, arg2=0xf, arg3=0xf, arg4=0x1) -> 0x0
1896 612 USER32.dll!GetMessageW (arg0=0x7ffffe13feb0, arg1=0x0, arg2=0x0, arg3=0x0) -> 0x1
1897 612 USER32.dll!PeekMessageW (arg0=0x7ffffe13feb0, arg1=0x0, arg2=0xf, arg3=0xf, arg4=0x1) -> 0x0
