libEGL warning: DRI3 error: Could not get DRI3 device
libEGL warning: Ensure your X server supports DRI3 to get accelerated rendering
00b4:fixme:wineusb:query_id Unhandled ID query type 0x5.
00b4:fixme:wineusb:query_id Unhandled ID query type 0x5.
00b4:fixme:wineusb:query_id Unhandled ID query type 0x5.
libEGL warning: DRI3 error: Could not get DRI3 device
libEGL warning: Ensure your X server supports DRI3 to get accelerated rendering
0024:fixme:d3d:wined3d_guess_card No card selector available for card vendor 0000 (using GL_RENDERER "llvmpipe (LLVM 21.1.8, 256 bits)").
0024:fixme:ntdll:NtQuerySystemInformation info_class SYSTEM_PERFORMANCE_INFORMATION
0024:fixme:dxgi:DXGID3D10CreateDevice Ignoring flags 0x20.
0024:fixme:font:find_matching_face Untranslated charset 255
0024:fixme:font:get_nearest_charset returning DEFAULT_CHARSET face->fs.fsCsb[0] = 00000000 file = L"\\??\\Z:\\usr\\share\\fonts\\truetype\\noto\\NotoKufiArabic-Regular.ttf"
0024:fixme:font:find_matching_face Untranslated charset 255
0024:fixme:font:get_nearest_charset returning DEFAULT_CHARSET face->fs.fsCsb[0] = 00000000 file = L"\\??\\Z:\\usr\\share\\fonts\\truetype\\noto\\NotoKufiArabic-Black.ttf"
0024:fixme:font:find_matching_face Untranslated charset 255
0024:fixme:font:get_nearest_charset returning DEFAULT_CHARSET face->fs.fsCsb[0] = 00000000 file = L"\\??\\Z:\\usr\\share\\fonts\\truetype\\noto\\NotoKufiArabic-ExtraBold.ttf"
0024:fixme:font:find_matching_face Untranslated charset 255
0024:fixme:font:get_nearest_charset returning DEFAULT_CHARSET face->fs.fsCsb[0] = 00000000 file = L"\\??\\Z:\\usr\\share\\fonts\\truetype\\noto\\NotoKufiArabic-ExtraLight.ttf"
0024:fixme:font:find_matching_face Untranslated charset 255
0024:fixme:font:get_nearest_charset returning DEFAULT_CHARSET face->fs.fsCsb[0] = 00000000 file = L"\\??\\Z:\\usr\\share\\fonts\\truetype\\noto\\NotoKufiArabic-Light.ttf"
0024:fixme:font:find_matching_face Untranslated charset 255
0024:fixme:font:get_nearest_charset returning DEFAULT_CHARSET face->fs.fsCsb[0] = 00000000 file = L"\\??\\Z:\\usr\\share\\fonts\\truetype\\noto\\NotoKufiArabic-Medium.ttf"
0024:fixme:font:find_matching_face Untranslated charset 255
0024:fixme:font:get_nearest_charset returning DEFAULT_CHARSET face->fs.fsCsb[0] = 00000000 file = L"\\??\\Z:\\usr\\share\\fonts\\truetype\\noto\\NotoKufiArabic-SemiBold.ttf"
0024:fixme:font:find_matching_face Untranslated charset 255
0024:fixme:font:get_nearest_charset returning DEFAULT_CHARSET face->fs.fsCsb[0] = 00000000 file = L"\\??\\Z:\\usr\\share\\fonts\\truetype\\noto\\NotoKufiArabic-Thin.ttf"
0024:fixme:file:NtLockFile I/O completion on lock not implemented yet
0024:fixme:advapi:OpenEventLogW ((null),L"System") stub
0024:fixme:advapi:ReadEventLogA (00000000CAFE4242,0x00000009,0x00000000,00007F46D88B5540,0x00010000,00007FFFFE13CF24,00007FFFFE13CF20) stub
0024:fixme:advapi:CloseEventLog (00000000CAFE4242) stub
0024:fixme:win:RegisterTouchHitTestingWindow (000000000001007A 1): stub
0024:fixme:ntdll:RtlGetDeviceFamilyInfoEnum 0000000000000000 00007FFFFE13C9AC 0000000000000000: stub
0024:fixme:ntdll:EtwEventSetInformation (deadbeef, 2, 00000358000D4028, 26) stub
0024:fixme:ntdll:EtwRegisterTraceGuidsW   register trace class {00000000-0000-0000-0000-000000000000}
0024:fixme:ver:GetCurrentApplicationUserModelId (00007FFFFE13C77C 00007FFFFE13C780): stub
0134:fixme:secur32:get_cipher_algid unknown algorithm 23
0134:fixme:secur32:get_mac_algid unknown algorithm 200, cipher 23
0130:fixme:secur32:get_cipher_algid unknown algorithm 23
0130:fixme:secur32:get_mac_algid unknown algorithm 200, cipher 23
0024:fixme:shell:SHGetPropertyStoreForWindow (000000000001007A 00006FFFF57DD1B8 00007FFFFE13A6C0) stub!
0024:fixme:shell:window_prop_store_GetValue 00007F46D8DA1BA0, {{9f4c2855-9f79-4b39-a8d0-e1d42de1d5f3},5}, 00007FFFFE13A6A0
0024:fixme:ver:GetCurrentApplicationUserModelId (00007FFFFE13A6C0 00000358000C43C0): stub
0134:fixme:secur32:get_cipher_algid unknown algorithm 23
0134:fixme:secur32:get_mac_algid unknown algorithm 200, cipher 23
0130:fixme:secur32:get_cipher_algid unknown algorithm 23
0130:fixme:secur32:get_mac_algid unknown algorithm 200, cipher 23
0138:fixme:win:SetProcessLaunchForegroundPolicy (368 4): stub
0174:fixme:ntdll:RtlGetDeviceFamilyInfoEnum 0000000000000000 00007FFFFE83F9C4 0000000000000000: stub
0174:fixme:file:NtLockFile I/O completion on lock not implemented yet
0174:fixme:seh:WerRegisterCustomMetadata (L"OfficialBuild", L"1") stub
0174:fixme:seh:WerRegisterCustomMetadata (L"ProcessType", L"browser") stub
0174:fixme:seh:WerRegisterCustomMetadata (L"Channel", L"none") stub
0174:fixme:seh:WerRegisterCustomMetadata (L"WV", L"CLIPStudio.exe") stub
0174:fixme:seh:WerRegisterCustomMetadata (L"WV_V", L"5.1.4") stub
0174:fixme:process:NtSetInformationProcess (0xffffffffffffffff,0x0000006a,0x7ffffe83fa08,0x00000004) stub
0188:fixme:ntdll:RtlGetDeviceFamilyInfoEnum 0000000000000000 00007FFFFE83F9C4 0000000000000000: stub
0188:fixme:seh:WerRegisterCustomMetadata (L"OfficialBuild", L"1") stub
0188:fixme:seh:WerRegisterCustomMetadata (L"ProcessType", L"crashpad-handler") stub
0188:fixme:seh:WerRegisterCustomMetadata (L"Channel", L"none") stub
0188:fixme:file:NtLockFile I/O completion on lock not implemented yet
0188:fixme:seh:WerRegisterCustomMetadata (L"MetricsClientIdHash", L"5835970181910402727") stub
0188:fixme:seh:WerRegisterCustomMetadata (L"MetricsSessionId", L"1") stub
0188:fixme:seh:WerRegisterCustomMetadata (L"VariationsSeedETag", L"\"lv22sejrDwz4FWj7eRYExmwWZsIbyxJKdnQS2d/KrCo=\"") stub
0188:fixme:seh:WerRegisterCustomMetadata (L"RuntimeVariationsSeedETag", L"\"JHaGKqYIj1q/zMvgOLYKnwxYIg8QAAYadtakLEVvKWY=\"") stub
0188:fixme:seh:WerRegisterCustomMetadata (L"UXConfigCorrelationId", L"") stub
0188:fixme:process:SetProcessShutdownParameters (00000100, 00000001): partial stub.
0174:fixme:virtual:prefetch_memory (process=0xffffffffffffffff,flags=0) NtSetInformationVirtualMemory(VmPrefetchInformation) partial stub
0174:fixme:thread:NtSetInformationThread ThreadPowerThrottling stub!
0174:fixme:thread:NtSetInformationThread ThreadPowerThrottling stub!
0174:fixme:heap:RtlSetHeapInformation HEAP_INFORMATION_CLASS 1 not implemented!
0174:fixme:ntdll:RtlGetDeviceFamilyInfoEnum 0000000000000000 00007FFFFE83EB34 0000000000000000: stub
0174:fixme:ntdll:EtwRegisterTraceGuidsW   register trace class {00000000-0000-0000-0000-000000000000}
0174:fixme:file:ReplaceFileW Ignoring flags 2
0174:fixme:ntdll:NtQuerySystemInformation info_class SYSTEM_PERFORMANCE_INFORMATION
0174:fixme:userenv:RegisterGPNotification 000000000000015C 0
0174:fixme:userenv:RegisterGPNotification 0000000000000160 1
0174:fixme:shcore:IsOS (OS_DOMAINMEMBER) What should we return here?
0174:fixme:combase:RoGetActivationFactory (L"Windows.System.Profile.PlatformDiagnosticsAndUsageDataSettings", {b6e24c1b-7b1c-4b32-8c62-a66597ce723a}, 00006FFFF4117C00): semi-stub
0174:err:combase:RoGetActivationFactory Failed to find library for L"Windows.System.Profile.PlatformDiagnosticsAndUsageDataSettings"
0174:fixme:seh:WerRegisterCustomMetadata (L"MetricsClientIdHash", L"5835970181910402727") stub
0174:fixme:seh:WerRegisterCustomMetadata (L"MetricsSessionId", L"1") stub
0174:fixme:seh:WerRegisterCustomMetadata (L"VariationsSeedETag", L"\"lv22sejrDwz4FWj7eRYExmwWZsIbyxJKdnQS2d/KrCo=\"") stub
0174:fixme:seh:WerRegisterCustomMetadata (L"RuntimeVariationsSeedETag", L"\"JHaGKqYIj1q/zMvgOLYKnwxYIg8QAAYadtakLEVvKWY=\"") stub
0174:fixme:ver:GetCurrentPackageFullName (00007FFFFE83E58C 00007FFFFE83E590): stub
01bc:fixme:thread:NtSetInformationThread info class 24 not supported yet
01bc:fixme:thread:NtSetInformationThread ThreadPowerThrottling stub!
01c8:fixme:thread:NtSetInformationThread info class 24 not supported yet
01cc:fixme:thread:NtSetInformationThread info class 24 not supported yet
01c8:fixme:thread:NtSetInformationThread ThreadPowerThrottling stub!
01cc:fixme:thread:NtSetInformationThread ThreadPowerThrottling stub!
0174:fixme:ntdll:EtwEventSetInformation (deadbeef, 2, 00007750000AA368, 26) stub
0174:fixme:win:RegisterPowerSettingNotification (00000000000100B6,{e00958c0-c213-4ace-ac77-fecced2eeea5},0): stub
0174:fixme:win:RegisterSuspendResumeNotification 00000000000100B6, 0: stub.
01dc:fixme:thread:NtSetInformationThread ThreadPowerThrottling stub!
0174:fixme:process:GetProcessMitigationPolicy (FFFFFFFFFFFFFFFF, 4, 00007FFFFE83EC14, 4): stub
0174:fixme:thread:NtSetInformationThread ThreadPowerThrottling stub!
01e4:fixme:thread:NtSetInformationThread info class 24 not supported yet
01e4:fixme:thread:NtSetInformationThread ThreadPowerThrottling stub!
01ec:fixme:thread:NtSetInformationThread info class 24 not supported yet
01ec:fixme:thread:NtSetInformationThread ThreadPowerThrottling stub!
0174:fixme:win:RegisterPointerDeviceNotifications (00000000000100BA 0): stub
0174:fixme:combase:RoGetActivationFactory (L"Windows.UI.ViewManagement.UIViewSettings", {3694dbf9-8f68-44be-8ff5-195c98ede8a6}, 00007FFFFE83E6A8): semi-stub
0174:fixme:ui:uiviewsettings_get_UserInteractionMode iface 00007FFFFF017A40, value 00007FFFFE83E69C stub!
0174:fixme:wevtapi:EvtQuery (0000000000000000 L"System" L"*[System[Provider[@Name='eventlog'] and (EventID=6005 or EventID=6006 or EventID=6008)]]" 513) stub
0174:fixme:win:GetPointerDevices (00007FFFFE83E064 0000000000000000): partial stub
0174:fixme:win:GetPointerDevices (00007FFFFE83E064 0000000000000000): partial stub
0174:fixme:system:NtUserDisplayConfigGetDeviceInfo Unimplemented packet type 11.
0174:fixme:combase:RoActivateInstance (0000760424771B80, 00007FFFFE83DF78): semi-stub
0174:fixme:combase:RoGetActivationFactory (L"Windows.UI.ViewManagement.UISettings", {00000035-0000-0000-c000-000000000046}, 00007FFFFE83DDD8): semi-stub
0174:fixme:ui:uisettings2_get_TextScaleFactor iface 0000760424752FB8, value 00007FFFFE83DFF0 stub!
01e8:fixme:wtsapi:WTSRegisterSessionNotification Stub 00000000000100BA 0x00000000
0058:fixme:mountmgr:query_property Faking StorageDeviceSeekPenaltyProperty data.
0058:fixme:mountmgr:disk_ioctl Unsupported ioctl 70048 (device=7 access=0 func=12 method=0)
0208:fixme:ntdll:NtSetInformationToken TokenIntegrityLevel stub!
0208:fixme:ntdll:NtSetInformationToken TokenIntegrityLevel stub!
0208:fixme:ntdll:NtFilterToken flags 0x1 unsupported
0208:fixme:ntdll:NtFilterToken support for restricting sids not yet implemented
0208:fixme:advapi:SetEntriesInAclW unhandled access mode 4
0208:fixme:ntdll:NtFilterToken support for restricting sids not yet implemented
0208:fixme:advapi:SetEntriesInAclW unhandled access mode 4
0208:fixme:sync:NtSetInformationJobObject stub: 0x3c8 4 0x7603fcf8eabc 4
0208:fixme:process:GetProcessMitigationPolicy (FFFFFFFFFFFFFFFF, 5, 000000014037B290, 8): stub
0208:fixme:process:validate_proc_thread_attribute Unhandled attribute 26
0174:fixme:seh:WerRegisterCustomMetadata (L"MetricsClientIdHash", L"1542954672516919668") stub
0174:fixme:seh:WerRegisterCustomMetadata (L"MetricsSessionId", L"2") stub
0174:fixme:crypt:CryptProtectMemory (0000775400026E60 32 00000000): stub
01d0:fixme:bcrypt:BCryptCreateHash ignoring object buffer
01d0:fixme:ver:GetFileVersionInfoSizeExW flags 0x2 ignored
0174:fixme:dwrite:dwritefontface5_HasVariations 00007603F7038E90: stub
0208:fixme:ntdll:NtFilterToken flags 0x1 unsupported
0208:fixme:ntdll:NtFilterToken support for restricting sids not yet implemented
0208:fixme:advapi:SetEntriesInAclW unhandled access mode 4
0208:fixme:ntdll:NtSetInformationToken TokenIntegrityLevel stub!
0208:fixme:ntdll:NtFilterToken support for restricting sids not yet implemented
0208:fixme:advapi:SetEntriesInAclW unhandled access mode 4
0208:fixme:ntdll:NtSetInformationToken TokenIntegrityLevel stub!
0208:fixme:advapi:SetSecurityInfo unimplemented type 7, returning success
0208:fixme:sync:NtSetInformationJobObject stub: 0x4c8 4 0x7603fcf8eabc 4
0208:fixme:process:GetProcessMitigationPolicy (FFFFFFFFFFFFFFFF, 5, 000000014037B290, 8): stub
0208:fixme:process:validate_proc_thread_attribute Unhandled attribute 26
01f0:fixme:file:ReplaceFileW Ignoring flags 2
01fc:fixme:file:ReplaceFileW Ignoring flags 2
01f4:fixme:file:ReplaceFileW Ignoring flags 2
0174:fixme:wldp:WldpQueryWindowsLockdownMode 00007FFFFE83D1E4
01f0:fixme:file:ReplaceFileW Ignoring flags 2
01d0:fixme:file:ReplaceFileW Ignoring flags 2
01f8:fixme:file:ReplaceFileW Ignoring flags 2
01fc:fixme:file:ReplaceFileW Ignoring flags 2
01fc:fixme:file:ReplaceFileW Ignoring flags 2
024c:fixme:thread:NtSetInformationThread ThreadPowerThrottling stub!
024c:fixme:file:ReplaceFileW Ignoring flags 2
024c:fixme:thread:NtSetInformationThread ThreadPowerThrottling stub!
0174:fixme:kernelbase:PerfStartProviderEx guid {259c400d-d6de-59ef-3655-4a62cb1f9c41}, context 00007FFFFE83E4C0, provider 00006FFFF40E9338 semi-stub.
0174:fixme:kernelbase:PerfSetCounterSetInfo handle 00007604247531F0, template 00006FFFF3F75890, size 104 semi-stub.
0174:fixme:win:GetPointerDevices (00007FFFFE83E104 0000000000000000): partial stub
0174:fixme:win:GetPointerDevices (00007FFFFE83E104 0000000000000000): partial stub
0174:fixme:ui:uisettings2_add_TextScaleFactorChanged iface 0000760424752FB8, handler 0000775400A21D70, cookie 00006FFFF41379D0 stub!
026c:fixme:thread:NtSetInformationThread info class 24 not supported yet
026c:fixme:thread:NtSetInformationThread ThreadPowerThrottling stub!
0174:fixme:process:NtQueryInformationProcess ProcessCycleTime (0x5a8,0x7ffffe83dcf0,0x00000010,(nil)) stub
0270:fixme:kernelbase:AppPolicyGetThreadInitializationType FFFFFFFFFFFFFFFA, 00007603AAFCFF50
01d0:fixme:file:ReplaceFileW Ignoring flags 2
0174:fixme:win:RegisterPowerSettingNotification (00000000000100BA,{5d3e9a59-e9d5-4b00-a6bd-ff34ff516548},0): stub
0174:fixme:win:RegisterPowerSettingNotification (00000000000100BA,{a7ad8041-b45a-4cae-87a3-eecbb468a9e1},0): stub
01d0:fixme:file:ReplaceFileW Ignoring flags 2
01f4:fixme:combase:RoGetActivationFactory (L"Windows.Devices.Input.PenDevice", {9dfbbe01-0966-5180-bcb4-b85060e39479}, 00006FFFF41E0AE8): semi-stub
01f4:err:combase:RoGetActivationFactory Failed to find library for L"Windows.Devices.Input.PenDevice"
0174:fixme:system:EnableNonClientDpiScaling (00000000000100C8): stub
01e8:fixme:wtsapi:WTSRegisterSessionNotification Stub 00000000000100BA 0x00000000
0174:fixme:ntdll:EtwEventSetInformation (deadbeef, 2, 00006FFFF3AA3BD8, 62) stub
0174:fixme:ntdll:EtwEventSetInformation (deadbeef, 2, 00006FFFF3AA3BD8, 62) stub
0174:fixme:file:GetTempPath2W (260, 00007FFFFE838880) semi-stub
0284:fixme:kernelbase:AppPolicyGetThreadInitializationType FFFFFFFFFFFFFFFA, 0000760393FEFF50
0174:fixme:file:GetTempPath2W (260, 00007FFFFE838920) semi-stub
0174:fixme:file:GetTempPath2W (260, 00007FFFFE838940) semi-stub
0174:fixme:ntdll:EtwEventSetInformation (deadbeef, 2, 00006FFFF3AA3AE1, 46) stub
0174:fixme:kernelbase:PerfCreateInstance handle 00007604247531F0, guid {dd36a036-c923-4794-b696-70577630b5cf}, name L"WorkUnit|1|368|1000|WebView2 Manager", id 1 semi-stub.
0174:fixme:kernelbase:PerfSetCounterRefValue provider 00007604247531F0, instance 00007604243E9B58, counterid 1, address 0000775400DCBC7C semi-stub.
0174:fixme:kernelbase:PerfSetCounterRefValue provider 00007604247531F0, instance 00007604243E9B58, counterid 2, address 0000775400DCBC78 semi-stub.
0174:fixme:kernelbase:PerfCreateInstance handle 00007604247531F0, guid {dd36a036-c923-4794-b696-70577630b5cf}, name L"WorkUnit|2|556|1019|WebView2 Utility: Network Service", id 2 semi-stub.
0174:fixme:kernelbase:PerfSetCounterRefValue provider 00007604247531F0, instance 00007FFFFEFECD28, counterid 1, address 0000775400DCC81C semi-stub.
0174:fixme:kernelbase:PerfSetCounterRefValue provider 00007604247531F0, instance 00007FFFFEFECD28, counterid 2, address 0000775400DCC818 semi-stub.
0024:fixme:msg:ChangeWindowMessageFilterEx 000000000001009E c04b 1 0000000000000000
0024:fixme:msg:ChangeWindowMessageFilterEx 000000000001009E c04c 1 0000000000000000
0024:fixme:msg:ChangeWindowMessageFilterEx 000000000001009E c04d 1 0000000000000000
0024:fixme:msg:ChangeWindowMessageFilterEx 000000000001009E c04e 1 0000000000000000
0174:fixme:ui:uisettings2_get_TextScaleFactor iface 0000760424752FB8, value 00007FFFFE83BF00 stub!
01f0:fixme:crypt:CRYPT_RegControl CERT_STORE_CTRL_AUTO_RESYNC: stub
01f0:fixme:crypt:CRYPT_RegControl CERT_STORE_CTRL_AUTO_RESYNC: stub
01f0:fixme:crypt:CRYPT_RegControl CERT_STORE_CTRL_AUTO_RESYNC: stub
01f0:fixme:crypt:CRYPT_RegControl CERT_STORE_CTRL_AUTO_RESYNC: stub
01f0:fixme:crypt:CRYPT_RegControl CERT_STORE_CTRL_AUTO_RESYNC: stub
01f0:fixme:crypt:CRYPT_RegControl CERT_STORE_CTRL_AUTO_RESYNC: stub
01f0:fixme:crypt:CRYPT_RegControl CERT_STORE_CTRL_AUTO_RESYNC: stub
01f0:fixme:crypt:CRYPT_RegControl CERT_STORE_CTRL_AUTO_RESYNC: stub
01f0:fixme:crypt:CRYPT_RegControl CERT_STORE_CTRL_AUTO_RESYNC: stub
01f0:fixme:crypt:CRYPT_RegControl CERT_STORE_CTRL_AUTO_RESYNC: stub
01f0:fixme:crypt:CRYPT_RegControl CERT_STORE_CTRL_AUTO_RESYNC: stub
01f0:fixme:crypt:CRYPT_RegControl CERT_STORE_CTRL_AUTO_RESYNC: stub
01f0:fixme:crypt:CRYPT_RegControl CERT_STORE_CTRL_AUTO_RESYNC: stub
01f0:fixme:crypt:CRYPT_RegControl CERT_STORE_CTRL_AUTO_RESYNC: stub
01f0:fixme:crypt:CRYPT_RegControl CERT_STORE_CTRL_AUTO_RESYNC: stub
0228:fixme:ntdll:RtlGetDeviceFamilyInfoEnum 0000000000000000 00007FFFFE83F9C4 0000000000000000: stub
0230:fixme:ntdll:RtlGetDeviceFamilyInfoEnum 0000000000000000 00007FFFFE83F9C4 0000000000000000: stub
0228:fixme:seh:WerRegisterCustomMetadata (L"OfficialBuild", L"1") stub
0228:fixme:seh:WerRegisterCustomMetadata (L"ProcessType", L"gpu-process") stub
0228:fixme:seh:WerRegisterCustomMetadata (L"Channel", L"none") stub
0228:fixme:seh:WerRegisterCustomMetadata (L"WV", L"CLIPStudio.exe") stub
0228:fixme:seh:WerRegisterCustomMetadata (L"WV_V", L"5.1.4") stub
0174:fixme:combase:RoGetActivationFactory (L"Windows.Media.ClosedCaptioning.ClosedCaptionProperties", {10aa1f84-cc30-4141-b503-5272289e0c20}, 00007FFFFE83AE78): semi-stub
0230:fixme:seh:WerRegisterCustomMetadata (L"OfficialBuild", L"1") stub
0230:fixme:seh:WerRegisterCustomMetadata (L"ProcessType", L"utility") stub
0230:fixme:seh:WerRegisterCustomMetadata (L"Channel", L"none") stub
0230:fixme:seh:WerRegisterCustomMetadata (L"WV", L"CLIPStudio.exe") stub
0174:fixme:media:captions_get_FontSize iface 00006FFFE3174048, value 00007FFFFE83AE74 semi-stub.
0230:fixme:seh:WerRegisterCustomMetadata (L"WV_V", L"5.1.4") stub
0174:fixme:media:captions_get_FontEffect iface 00006FFFE3174048, value 00007FFFFE83AE70 semi-stub.
0174:fixme:media:captions_get_FontStyle iface 00006FFFE3174048, value 00007FFFFE83AE6C semi-stub.
0174:fixme:media:captions_get_FontColor iface 00006FFFE3174048, value 00007FFFFE83AE68 semi-stub.
0174:fixme:media:captions_get_FontOpacity iface 00006FFFE3174048, value 00007FFFFE83AE64 semi-stub.
0174:fixme:media:captions_get_BackgroundColor iface 00006FFFE3174048, value 00007FFFFE83AE60 semi-stub.
0174:fixme:media:captions_get_BackgroundOpacity iface 00006FFFE3174048, value 00007FFFFE83AE5C semi-stub.
0174:fixme:media:captions_get_RegionColor iface 00006FFFE3174048, value 00007FFFFE83AE58 semi-stub.
0174:fixme:media:captions_get_RegionOpacity iface 00006FFFE3174048, value 00007FFFFE83AE54 semi-stub.
0174:fixme:win:NtUserGetWindowDisplayAffinity 0x100c8, 0x7ffffe83a570: stub
0208:fixme:ntdll:NtFilterToken flags 0x1 unsupported
0208:fixme:ntdll:NtFilterToken support for restricting sids not yet implemented
0208:fixme:advapi:SetEntriesInAclW unhandled access mode 4
0208:fixme:ntdll:NtSetInformationToken TokenIntegrityLevel stub!
0208:fixme:ntdll:NtFilterToken support for restricting sids not yet implemented
0208:fixme:advapi:SetEntriesInAclW unhandled access mode 4
0208:fixme:ntdll:NtSetInformationToken TokenIntegrityLevel stub!
0208:fixme:sync:NtSetInformationJobObject stub: 0x7d4 4 0x7603fcf8eabc 4
0208:fixme:process:GetProcessMitigationPolicy (FFFFFFFFFFFFFFFF, 5, 000000014037B290, 8): stub
0208:fixme:process:validate_proc_thread_attribute Unhandled attribute 26
0174:fixme:manipulation:viewport_ActivateConfiguration 00007603F71D28F0, 823
0174:fixme:manipulation:viewport_SetViewportOptions 00007603F71D28F0, 2
0174:fixme:manipulation:viewport_AddEventHandler 00007603F71D28F0, 00000000000200D0, 00007754010446A0, 00007754010447F0
0174:fixme:manipulation:viewport_Stop 00007603F71D28F0
0174:fixme:manipulation:viewport_RemoveEventHandler 00007603F71D28F0, 0
0174:fixme:manipulation:viewport_Abandon 00007603F71D28F0
0174:fixme:manipulation:direct_manip_Deactivate 00007603F71D2890, 00000000000200D0
0174:fixme:msctf:SetInputScope STUB: 00000000000100C8 0
0174:fixme:manipulation:viewport_ActivateConfiguration 00007603F71D28F0, 823
0174:fixme:manipulation:viewport_SetViewportOptions 00007603F71D28F0, 2
0174:fixme:manipulation:viewport_AddEventHandler 00007603F71D28F0, 00000000000200D0, 00007754010446A0, 00007754010447F0
0174:fixme:manipulation:viewport_Stop 00007603F71D28F0
0174:fixme:manipulation:viewport_RemoveEventHandler 00007603F71D28F0, 0
0174:fixme:manipulation:viewport_Abandon 00007603F71D28F0
0174:fixme:manipulation:direct_manip_Deactivate 00007603F71D2890, 00000000000200D0
0174:fixme:manipulation:viewport_ActivateConfiguration 00007603F71D28F0, 823
0174:fixme:manipulation:viewport_SetViewportOptions 00007603F71D28F0, 2
0174:fixme:manipulation:viewport_AddEventHandler 00007603F71D28F0, 00000000000200D0, 00007754010446A0, 00007754010447F0
0174:fixme:manipulation:viewport_Stop 00007603F71D28F0
0174:fixme:manipulation:viewport_RemoveEventHandler 00007603F71D28F0, 0
0174:fixme:manipulation:viewport_Abandon 00007603F71D28F0
0174:fixme:manipulation:direct_manip_Deactivate 00007603F71D2890, 00000000000200D0
0174:fixme:manipulation:viewport_ActivateConfiguration 00007603F71D28F0, 823
0174:fixme:manipulation:viewport_SetViewportOptions 00007603F71D28F0, 2
0174:fixme:manipulation:viewport_AddEventHandler 00007603F71D28F0, 00000000000200D0, 00007754010444A0, 0000775401044EF0
0174:fixme:manipulation:viewport_Stop 00007603F71D28F0
0174:fixme:manipulation:viewport_RemoveEventHandler 00007603F71D28F0, 0
0174:fixme:manipulation:viewport_Abandon 00007603F71D28F0
0174:fixme:manipulation:direct_manip_Deactivate 00007603F71D2890, 00000000000200D0
0174:fixme:process:NtQueryInformationProcess ProcessCycleTime (0x88c,0x7ffffe83dcf0,0x00000010,(nil)) stub
0024:fixme:menu:NtUserGetSystemMenu not supported on other process window 0x100c8
01d0:fixme:file:ReplaceFileW Ignoring flags 2
0024:fixme:ver:GetCurrentPackageFullName (00007FFFFE13974C 00007FFFFE139750): stub
0174:fixme:manipulation:viewport_ActivateConfiguration 00007603F71D28F0, 823
0174:fixme:manipulation:viewport_SetViewportOptions 00007603F71D28F0, 2
0174:fixme:manipulation:viewport_AddEventHandler 00007603F71D28F0, 00000000000200D0, 0000775401047FA0, 0000775401047EF0
0174:fixme:manipulation:viewport_Stop 00007603F71D28F0
0174:fixme:manipulation:viewport_RemoveEventHandler 00007603F71D28F0, 0
0174:fixme:manipulation:viewport_Abandon 00007603F71D28F0
0174:fixme:manipulation:direct_manip_Deactivate 00007603F71D2890, 00000000000200D0
0024:fixme:shell:SHGetPropertyStoreForWindow (000000000001007A 00006FFFF57DD1B8 00007FFFFE13A6C0) stub!
0024:fixme:shell:window_prop_store_GetValue 00007F46D8D8AD80, {{9f4c2855-9f79-4b39-a8d0-e1d42de1d5f3},5}, 00007FFFFE13A6A0
0024:fixme:ver:GetCurrentApplicationUserModelId (00007FFFFE13A6C0 00000358000C4C80): stub
0174:fixme:manipulation:viewport_ActivateConfiguration 00007603F71D28F0, 823
0174:fixme:manipulation:viewport_SetViewportOptions 00007603F71D28F0, 2
0174:fixme:manipulation:viewport_AddEventHandler 00007603F71D28F0, 00000000000200D0, 0000775401047FA0, 0000775401047EF0
0174:fixme:manipulation:viewport_Stop 00007603F71D28F0
0174:fixme:manipulation:viewport_RemoveEventHandler 00007603F71D28F0, 0
0174:fixme:manipulation:viewport_Abandon 00007603F71D28F0
0174:fixme:manipulation:direct_manip_Deactivate 00007603F71D2890, 00000000000200D0
0174:fixme:system:EnableNonClientDpiScaling (00000000000100DA): stub
0024:fixme:msg:ChangeWindowMessageFilterEx 00000000000100D8 c04b 1 0000000000000000
0024:fixme:msg:ChangeWindowMessageFilterEx 00000000000100D8 c04c 1 0000000000000000
0024:fixme:msg:ChangeWindowMessageFilterEx 00000000000100D8 c04d 1 0000000000000000
0024:fixme:msg:ChangeWindowMessageFilterEx 00000000000100D8 c04e 1 0000000000000000
0174:fixme:combase:RoGetActivationFactory (L"Windows.Media.ClosedCaptioning.ClosedCaptionProperties", {10aa1f84-cc30-4141-b503-5272289e0c20}, 00007FFFFE83B178): semi-stub
0174:fixme:media:captions_get_FontSize iface 00006FFFE3174048, value 00007FFFFE83B174 semi-stub.
0174:fixme:media:captions_get_FontEffect iface 00006FFFE3174048, value 00007FFFFE83B170 semi-stub.
0174:fixme:media:captions_get_FontStyle iface 00006FFFE3174048, value 00007FFFFE83B16C semi-stub.
0174:fixme:media:captions_get_FontColor iface 00006FFFE3174048, value 00007FFFFE83B168 semi-stub.
0174:fixme:media:captions_get_FontOpacity iface 00006FFFE3174048, value 00007FFFFE83B164 semi-stub.
0174:fixme:media:captions_get_BackgroundColor iface 00006FFFE3174048, value 00007FFFFE83B160 semi-stub.
0174:fixme:media:captions_get_BackgroundOpacity iface 00006FFFE3174048, value 00007FFFFE83B15C semi-stub.
0174:fixme:media:captions_get_RegionColor iface 00006FFFE3174048, value 00007FFFFE83B158 semi-stub.
0174:fixme:media:captions_get_RegionOpacity iface 00006FFFE3174048, value 00007FFFFE83B154 semi-stub.
0174:fixme:win:NtUserGetWindowDisplayAffinity 0x100da, 0x7ffffe83a870: stub
0208:fixme:ntdll:NtFilterToken flags 0x1 unsupported
0208:fixme:ntdll:NtFilterToken support for restricting sids not yet implemented
0208:fixme:advapi:SetEntriesInAclW unhandled access mode 4
0208:fixme:ntdll:NtSetInformationToken TokenIntegrityLevel stub!
0208:fixme:ntdll:NtFilterToken support for restricting sids not yet implemented
0174:fixme:manipulation:viewport_ActivateConfiguration 00007603F71D2980, 823
0174:fixme:manipulation:viewport_SetViewportOptions 00007603F71D2980, 2
0174:fixme:manipulation:viewport_AddEventHandler 00007603F71D2980, 00000000000200E2, 000077540114E9A0, 000077540114EA70
0174:fixme:manipulation:viewport_Stop 00007603F71D2980
0174:fixme:manipulation:viewport_RemoveEventHandler 00007603F71D2980, 0
0174:fixme:manipulation:viewport_Abandon 00007603F71D2980
0174:fixme:manipulation:direct_manip_Deactivate 00007603F71D28C0, 00000000000200E2
0208:fixme:advapi:SetEntriesInAclW unhandled access mode 4
0208:fixme:ntdll:NtSetInformationToken TokenIntegrityLevel stub!
0208:fixme:sync:NtSetInformationJobObject stub: 0x91c 4 0x7603fcf8eabc 4
0208:fixme:process:GetProcessMitigationPolicy (FFFFFFFFFFFFFFFF, 5, 000000014037B290, 8): stub
0208:fixme:process:validate_proc_thread_attribute Unhandled attribute 26
0174:fixme:msctf:SetInputScope STUB: 00000000000100DA 0
0174:fixme:manipulation:viewport_ActivateConfiguration 00007603F71D2980, 823
0174:fixme:manipulation:viewport_SetViewportOptions 00007603F71D2980, 2
0174:fixme:manipulation:viewport_AddEventHandler 00007603F71D2980, 00000000000200E2, 000077540114E9A0, 000077540114EA70
0174:fixme:manipulation:viewport_Stop 00007603F71D2980
0174:fixme:manipulation:viewport_RemoveEventHandler 00007603F71D2980, 0
0174:fixme:manipulation:viewport_Abandon 00007603F71D2980
0174:fixme:manipulation:direct_manip_Deactivate 00007603F71D28C0, 00000000000200E2
0174:fixme:manipulation:viewport_ActivateConfiguration 00007603F71D2980, 823
0174:fixme:manipulation:viewport_SetViewportOptions 00007603F71D2980, 2
0174:fixme:manipulation:viewport_AddEventHandler 00007603F71D2980, 00000000000200E2, 000077540114E9A0, 000077540114EA70
0174:fixme:manipulation:viewport_Stop 00007603F71D2980
0174:fixme:manipulation:viewport_RemoveEventHandler 00007603F71D2980, 0
0174:fixme:manipulation:viewport_Abandon 00007603F71D2980
0174:fixme:manipulation:direct_manip_Deactivate 00007603F71D28C0, 00000000000200E2
0244:fixme:ntdll:RtlGetDeviceFamilyInfoEnum 0000000000000000 00007FFFFE83F9C4 0000000000000000: stub
0244:fixme:seh:WerRegisterCustomMetadata (L"OfficialBuild", L"1") stub
0244:fixme:seh:WerRegisterCustomMetadata (L"ProcessType", L"utility") stub
0244:fixme:seh:WerRegisterCustomMetadata (L"Channel", L"none") stub
0244:fixme:seh:WerRegisterCustomMetadata (L"WV", L"CLIPStudio.exe") stub
0244:fixme:seh:WerRegisterCustomMetadata (L"WV_V", L"5.1.4") stub
0174:fixme:manipulation:viewport_ActivateConfiguration 00007603F71D2980, 823
0174:fixme:manipulation:viewport_SetViewportOptions 00007603F71D2980, 2
0174:fixme:manipulation:viewport_AddEventHandler 00007603F71D2980, 00000000000200E2, 000077540114E8A0, 000077540114FB70
0174:fixme:manipulation:viewport_Stop 00007603F71D2980
0174:fixme:manipulation:viewport_RemoveEventHandler 00007603F71D2980, 0
0174:fixme:manipulation:viewport_Abandon 00007603F71D2980
0174:fixme:manipulation:direct_manip_Deactivate 00007603F71D28C0, 00000000000200E2
0174:fixme:process:GetProcessInformation Unsupported information class 4.
0024:fixme:menu:NtUserGetSystemMenu not supported on other process window 0x100da
0174:fixme:manipulation:viewport_ActivateConfiguration 00007603F71D2980, 823
0174:fixme:manipulation:viewport_SetViewportOptions 00007603F71D2980, 2
0174:fixme:manipulation:viewport_AddEventHandler 00007603F71D2980, 00000000000200E2, 00007754013577A0, 0000775401357870
0174:fixme:manipulation:viewport_Stop 00007603F71D2980
0174:fixme:manipulation:viewport_RemoveEventHandler 00007603F71D2980, -269488145
0174:fixme:manipulation:viewport_Abandon 00007603F71D2980
0174:fixme:manipulation:direct_manip_Deactivate 00007603F71D28C0, 00000000000200E2
0174:fixme:manipulation:viewport_ActivateConfiguration 00007603F71D2980, 823
0174:fixme:manipulation:viewport_SetViewportOptions 00007603F71D2980, 2
0174:fixme:manipulation:viewport_AddEventHandler 00007603F71D2980, 00000000000200E2, 00007754013577A0, 0000775401357870
0174:fixme:manipulation:viewport_Stop 00007603F71D2980
0174:fixme:manipulation:viewport_RemoveEventHandler 00007603F71D2980, -269488145
0174:fixme:manipulation:viewport_Abandon 00007603F71D2980
0174:fixme:manipulation:direct_manip_Deactivate 00007603F71D28C0, 00000000000200E2
0024:fixme:shell:SHGetPropertyStoreForWindow (000000000001007A 00006FFFF57DD1B8 00007FFFFE13B920) stub!
0024:fixme:shell:window_prop_store_GetValue 00007F46D8B4FFA0, {{9f4c2855-9f79-4b39-a8d0-e1d42de1d5f3},5}, 00007FFFFE13B900
0024:fixme:ver:GetCurrentApplicationUserModelId (00007FFFFE13B920 00000358000C5400): stub
0174:fixme:system:EnableNonClientDpiScaling (00000000000100EC): stub
0024:fixme:msg:ChangeWindowMessageFilterEx 00000000000100EA c04b 1 0000000000000000
0024:fixme:msg:ChangeWindowMessageFilterEx 00000000000100EA c04c 1 0000000000000000
0024:fixme:msg:ChangeWindowMessageFilterEx 00000000000100EA c04d 1 0000000000000000
0024:fixme:msg:ChangeWindowMessageFilterEx 00000000000100EA c04e 1 0000000000000000
0174:fixme:combase:RoGetActivationFactory (L"Windows.Media.ClosedCaptioning.ClosedCaptionProperties", {10aa1f84-cc30-4141-b503-5272289e0c20}, 00007FFFFE83B178): semi-stub
0174:fixme:media:captions_get_FontSize iface 00006FFFE3174048, value 00007FFFFE83B174 semi-stub.
0174:fixme:media:captions_get_FontEffect iface 00006FFFE3174048, value 00007FFFFE83B170 semi-stub.
0174:fixme:media:captions_get_FontStyle iface 00006FFFE3174048, value 00007FFFFE83B16C semi-stub.
0174:fixme:media:captions_get_FontColor iface 00006FFFE3174048, value 00007FFFFE83B168 semi-stub.
0174:fixme:media:captions_get_FontOpacity iface 00006FFFE3174048, value 00007FFFFE83B164 semi-stub.
0174:fixme:media:captions_get_BackgroundColor iface 00006FFFE3174048, value 00007FFFFE83B160 semi-stub.
0174:fixme:media:captions_get_BackgroundOpacity iface 00006FFFE3174048, value 00007FFFFE83B15C semi-stub.
0174:fixme:media:captions_get_RegionColor iface 00006FFFE3174048, value 00007FFFFE83B158 semi-stub.
0174:fixme:media:captions_get_RegionOpacity iface 00006FFFE3174048, value 00007FFFFE83B154 semi-stub.
0174:fixme:win:NtUserGetWindowDisplayAffinity 0x100ec, 0x7ffffe83a870: stub
0208:fixme:ntdll:NtFilterToken flags 0x1 unsupported
0208:fixme:ntdll:NtFilterToken support for restricting sids not yet implemented
0208:fixme:advapi:SetEntriesInAclW unhandled access mode 4
0208:fixme:ntdll:NtSetInformationToken TokenIntegrityLevel stub!
0174:fixme:manipulation:viewport_ActivateConfiguration 00007603F71D2A10, 823
0174:fixme:manipulation:viewport_SetViewportOptions 00007603F71D2A10, 2
0174:fixme:manipulation:viewport_AddEventHandler 00007603F71D2A10, 00000000000200F4, 0000775401413120, 00007754014131F0
0174:fixme:manipulation:viewport_Stop 00007603F71D2A10
0174:fixme:manipulation:viewport_RemoveEventHandler 00007603F71D2A10, 0
0174:fixme:manipulation:viewport_Abandon 00007603F71D2A10
0174:fixme:manipulation:direct_manip_Deactivate 00007603F71D2920, 00000000000200F4
0208:fixme:ntdll:NtFilterToken support for restricting sids not yet implemented
0208:fixme:advapi:SetEntriesInAclW unhandled access mode 4
0174:fixme:msctf:SetInputScope STUB: 00000000000100EC 0
0208:fixme:ntdll:NtSetInformationToken TokenIntegrityLevel stub!
0208:fixme:sync:NtSetInformationJobObject stub: 0x9cc 4 0x7603fcf8eabc 4
0208:fixme:process:GetProcessMitigationPolicy (FFFFFFFFFFFFFFFF, 5, 000000014037B290, 8): stub
0208:fixme:process:validate_proc_thread_attribute Unhandled attribute 26
0174:fixme:manipulation:viewport_ActivateConfiguration 00007603F71D2A10, 823
0174:fixme:manipulation:viewport_SetViewportOptions 00007603F71D2A10, 2
0174:fixme:manipulation:viewport_AddEventHandler 00007603F71D2A10, 00000000000200F4, 0000775401413120, 00007754014131F0
0174:fixme:manipulation:viewport_Stop 00007603F71D2A10
0174:fixme:manipulation:viewport_RemoveEventHandler 00007603F71D2A10, 0
0174:fixme:manipulation:viewport_Abandon 00007603F71D2A10
0174:fixme:manipulation:direct_manip_Deactivate 00007603F71D2920, 00000000000200F4
0174:fixme:manipulation:viewport_ActivateConfiguration 00007603F71D2A10, 823
0174:fixme:manipulation:viewport_SetViewportOptions 00007603F71D2A10, 2
0174:fixme:manipulation:viewport_AddEventHandler 00007603F71D2A10, 00000000000200F4, 0000775401413120, 00007754014131F0
0174:fixme:manipulation:viewport_Stop 00007603F71D2A10
0174:fixme:manipulation:viewport_RemoveEventHandler 00007603F71D2A10, 0
0174:fixme:manipulation:viewport_Abandon 00007603F71D2A10
0174:fixme:manipulation:direct_manip_Deactivate 00007603F71D2920, 00000000000200F4
0230:fixme:virtual:prefetch_memory (process=0xffffffffffffffff,flags=0) NtSetInformationVirtualMemory(VmPrefetchInformation) partial stub
0174:fixme:manipulation:viewport_ActivateConfiguration 00007603F71D2A10, 823
0174:fixme:manipulation:viewport_SetViewportOptions 00007603F71D2A10, 2
0174:fixme:manipulation:viewport_AddEventHandler 00007603F71D2A10, 00000000000200F4, 0000775401413F20, 0000775401413970
0174:fixme:manipulation:viewport_Stop 00007603F71D2A10
0174:fixme:manipulation:viewport_RemoveEventHandler 00007603F71D2A10, 0
0174:fixme:manipulation:viewport_Abandon 00007603F71D2A10
0174:fixme:manipulation:direct_manip_Deactivate 00007603F71D2920, 00000000000200F4
0174:fixme:process:GetProcessInformation Unsupported information class 4.
0174:fixme:kernelbase:PerfCreateInstance handle 00007604247531F0, guid {dd36a036-c923-4794-b696-70577630b5cf}, name L"WorkUnit|3|576|1019|WebView2 Utility: Storage Service", id 3 semi-stub.
0174:fixme:kernelbase:PerfSetCounterRefValue provider 00007604247531F0, instance 00007FFFFEFECF68, counterid 1, address 000077540172A8FC semi-stub.
0174:fixme:kernelbase:PerfSetCounterRefValue provider 00007604247531F0, instance 00007FFFFEFECF68, counterid 2, address 000077540172A8F8 semi-stub.
0024:fixme:menu:NtUserGetSystemMenu not supported on other process window 0x100ec
0174:fixme:manipulation:viewport_ActivateConfiguration 00007603F71D2A10, 823
0174:fixme:manipulation:viewport_SetViewportOptions 00007603F71D2A10, 2
0174:fixme:manipulation:viewport_AddEventHandler 00007603F71D2A10, 00000000000200F4, 000077540174D1A0, 000077540174D0F0
0174:fixme:manipulation:viewport_Stop 00007603F71D2A10
0174:fixme:manipulation:viewport_RemoveEventHandler 00007603F71D2A10, 0
0174:fixme:manipulation:viewport_Abandon 00007603F71D2A10
0174:fixme:manipulation:direct_manip_Deactivate 00007603F71D2920, 00000000000200F4
0174:fixme:manipulation:viewport_ActivateConfiguration 00007603F71D2A10, 823
0174:fixme:manipulation:viewport_SetViewportOptions 00007603F71D2A10, 2
0174:fixme:manipulation:viewport_AddEventHandler 00007603F71D2A10, 00000000000200F4, 000077540174D1A0, 000077540174D0F0
0174:fixme:manipulation:viewport_Stop 00007603F71D2A10
0174:fixme:manipulation:viewport_RemoveEventHandler 00007603F71D2A10, 0
0174:fixme:manipulation:viewport_Abandon 00007603F71D2A10
0174:fixme:manipulation:direct_manip_Deactivate 00007603F71D2920, 00000000000200F4
0024:fixme:shell:SHGetPropertyStoreForWindow (000000000001007A 00006FFFF57DD1B8 00007FFFFE13B920) stub!
0024:fixme:shell:window_prop_store_GetValue 00007F46D8DB0010, {{9f4c2855-9f79-4b39-a8d0-e1d42de1d5f3},5}, 00007FFFFE13B900
0024:fixme:ver:GetCurrentApplicationUserModelId (00007FFFFE13B920 00000358000C5B80): stub
0228:fixme:virtual:prefetch_memory (process=0xffffffffffffffff,flags=0) NtSetInformationVirtualMemory(VmPrefetchInformation) partial stub
0174:fixme:system:EnableNonClientDpiScaling (00000000000100FE): stub
0024:fixme:msg:ChangeWindowMessageFilterEx 00000000000100FC c04b 1 0000000000000000
0024:fixme:msg:ChangeWindowMessageFilterEx 00000000000100FC c04c 1 0000000000000000
0024:fixme:msg:ChangeWindowMessageFilterEx 00000000000100FC c04d 1 0000000000000000
0024:fixme:msg:ChangeWindowMessageFilterEx 00000000000100FC c04e 1 0000000000000000
0174:fixme:combase:RoGetActivationFactory (L"Windows.Media.ClosedCaptioning.ClosedCaptionProperties", {10aa1f84-cc30-4141-b503-5272289e0c20}, 00007FFFFE83B178): semi-stub
0174:fixme:media:captions_get_FontSize iface 00006FFFE3174048, value 00007FFFFE83B174 semi-stub.
0174:fixme:media:captions_get_FontEffect iface 00006FFFE3174048, value 00007FFFFE83B170 semi-stub.
0174:fixme:media:captions_get_FontStyle iface 00006FFFE3174048, value 00007FFFFE83B16C semi-stub.
0174:fixme:media:captions_get_FontColor iface 00006FFFE3174048, value 00007FFFFE83B168 semi-stub.
0174:fixme:media:captions_get_FontOpacity iface 00006FFFE3174048, value 00007FFFFE83B164 semi-stub.
0174:fixme:media:captions_get_BackgroundColor iface 00006FFFE3174048, value 00007FFFFE83B160 semi-stub.
0174:fixme:media:captions_get_BackgroundOpacity iface 00006FFFE3174048, value 00007FFFFE83B15C semi-stub.
0174:fixme:media:captions_get_RegionColor iface 00006FFFE3174048, value 00007FFFFE83B158 semi-stub.
0174:fixme:media:captions_get_RegionOpacity iface 00006FFFE3174048, value 00007FFFFE83B154 semi-stub.
0174:fixme:win:NtUserGetWindowDisplayAffinity 0x100fe, 0x7ffffe83a870: stub
0208:fixme:ntdll:NtFilterToken flags 0x1 unsupported
0208:fixme:ntdll:NtFilterToken support for restricting sids not yet implemented
0208:fixme:advapi:SetEntriesInAclW unhandled access mode 4
0208:fixme:ntdll:NtSetInformationToken TokenIntegrityLevel stub!
0174:fixme:manipulation:viewport_ActivateConfiguration 00007603F71D2AA0, 823
0174:fixme:manipulation:viewport_SetViewportOptions 00007603F71D2AA0, 2
0174:fixme:manipulation:viewport_AddEventHandler 00007603F71D2AA0, 0000000000020106, 00007754017E9B20, 00007754017E9BF0
0174:fixme:manipulation:viewport_Stop 00007603F71D2AA0
0208:fixme:ntdll:NtFilterToken support for restricting sids not yet implemented
0174:fixme:manipulation:viewport_RemoveEventHandler 00007603F71D2AA0, 0
0174:fixme:manipulation:viewport_Abandon 00007603F71D2AA0
0174:fixme:manipulation:direct_manip_Deactivate 00007603F71D29B0, 0000000000020106
0208:fixme:advapi:SetEntriesInAclW unhandled access mode 4
0208:fixme:ntdll:NtSetInformationToken TokenIntegrityLevel stub!
0208:fixme:sync:NtSetInformationJobObject stub: 0xa64 4 0x7603fcf8eabc 4
0174:fixme:msctf:SetInputScope STUB: 00000000000100FE 0
0208:fixme:process:GetProcessMitigationPolicy (FFFFFFFFFFFFFFFF, 5, 000000014037B290, 8): stub
0208:fixme:process:validate_proc_thread_attribute Unhandled attribute 26
0174:fixme:manipulation:viewport_ActivateConfiguration 00007603F71D2AA0, 823
0174:fixme:manipulation:viewport_SetViewportOptions 00007603F71D2AA0, 2
0174:fixme:manipulation:viewport_AddEventHandler 00007603F71D2AA0, 0000000000020106, 00007754017E9B20, 00007754017E9BF0
0174:fixme:manipulation:viewport_Stop 00007603F71D2AA0
0174:fixme:manipulation:viewport_RemoveEventHandler 00007603F71D2AA0, 0
0174:fixme:manipulation:viewport_Abandon 00007603F71D2AA0
0174:fixme:manipulation:direct_manip_Deactivate 00007603F71D29B0, 0000000000020106
0174:fixme:manipulation:viewport_ActivateConfiguration 00007603F71D2AA0, 823
0174:fixme:manipulation:viewport_SetViewportOptions 00007603F71D2AA0, 2
0174:fixme:manipulation:viewport_AddEventHandler 00007603F71D2AA0, 0000000000020106, 00007754017E9B20, 00007754017E9BF0
0174:fixme:manipulation:viewport_Stop 00007603F71D2AA0
0174:fixme:manipulation:viewport_RemoveEventHandler 00007603F71D2AA0, 0
0174:fixme:manipulation:viewport_Abandon 00007603F71D2AA0
0174:fixme:manipulation:direct_manip_Deactivate 00007603F71D29B0, 0000000000020106
0174:fixme:manipulation:viewport_ActivateConfiguration 00007603F71D2AA0, 823
0174:fixme:manipulation:viewport_SetViewportOptions 00007603F71D2AA0, 2
0174:fixme:manipulation:viewport_AddEventHandler 00007603F71D2AA0, 0000000000020106, 00007754017E99A0, 00007754017EA3F0
0174:fixme:manipulation:viewport_Stop 00007603F71D2AA0
0174:fixme:manipulation:viewport_RemoveEventHandler 00007603F71D2AA0, 0
0174:fixme:manipulation:viewport_Abandon 00007603F71D2AA0
0174:fixme:manipulation:direct_manip_Deactivate 00007603F71D29B0, 0000000000020106
0174:fixme:process:GetProcessInformation Unsupported information class 4.
0024:fixme:menu:NtUserGetSystemMenu not supported on other process window 0x100fe
028c:fixme:ntdll:RtlGetDeviceFamilyInfoEnum 0000000000000000 00007FFFFE83F934 0000000000000000: stub
028c:fixme:seh:WerRegisterCustomMetadata (L"OfficialBuild", L"1") stub
028c:fixme:seh:WerRegisterCustomMetadata (L"ProcessType", L"renderer") stub
028c:fixme:seh:WerRegisterCustomMetadata (L"Channel", L"none") stub
028c:fixme:seh:WerRegisterCustomMetadata (L"WV", L"CLIPStudio.exe") stub
028c:fixme:seh:WerRegisterCustomMetadata (L"WV_V", L"5.1.4") stub
0174:fixme:manipulation:viewport_ActivateConfiguration 00007603F71D2AA0, 823
0174:fixme:manipulation:viewport_SetViewportOptions 00007603F71D2AA0, 2
0174:fixme:manipulation:viewport_AddEventHandler 00007603F71D2AA0, 0000000000020106, 0000775400D65E20, 0000775400D65EF0
0174:fixme:manipulation:viewport_Stop 00007603F71D2AA0
0174:fixme:manipulation:viewport_RemoveEventHandler 00007603F71D2AA0, 0
0174:fixme:manipulation:viewport_Abandon 00007603F71D2AA0
0174:fixme:manipulation:direct_manip_Deactivate 00007603F71D29B0, 0000000000020106
0174:fixme:manipulation:viewport_ActivateConfiguration 00007603F71D2AA0, 823
0174:fixme:manipulation:viewport_SetViewportOptions 00007603F71D2AA0, 2
0174:fixme:manipulation:viewport_AddEventHandler 00007603F71D2AA0, 0000000000020106, 0000775400D65E20, 0000775400D65EF0
0174:fixme:manipulation:viewport_Stop 00007603F71D2AA0
0174:fixme:manipulation:viewport_RemoveEventHandler 00007603F71D2AA0, 0
0174:fixme:manipulation:viewport_Abandon 00007603F71D2AA0
0174:fixme:manipulation:direct_manip_Deactivate 00007603F71D29B0, 0000000000020106
0174:fixme:process:GetProcessInformation Unsupported information class 4.
0174:fixme:manipulation:viewport_ActivateConfiguration 00007603F71D2AA0, 823
0174:fixme:manipulation:viewport_SetViewportOptions 00007603F71D2AA0, 2
0174:fixme:manipulation:viewport_AddEventHandler 00007603F71D2AA0, 00000000000200F4, 00007754019F3AA0, 00007754019F3B70
0174:fixme:manipulation:viewport_Stop 00007603F71D2AA0
0174:fixme:manipulation:viewport_RemoveEventHandler 00007603F71D2AA0, 0
0174:fixme:manipulation:viewport_Abandon 00007603F71D2AA0
0174:fixme:manipulation:direct_manip_Deactivate 00007603F71D29B0, 00000000000200F4
0174:fixme:manipulation:viewport_ActivateConfiguration 00007603F71D2AA0, 823
0174:fixme:manipulation:viewport_SetViewportOptions 00007603F71D2AA0, 2
0174:fixme:manipulation:viewport_AddEventHandler 00007603F71D2AA0, 00000000000200F4, 00007754019F3AA0, 00007754019F3B70
0174:fixme:manipulation:viewport_Stop 00007603F71D2AA0
0174:fixme:manipulation:viewport_RemoveEventHandler 00007603F71D2AA0, 0
0174:fixme:manipulation:viewport_Abandon 00007603F71D2AA0
0174:fixme:manipulation:direct_manip_Deactivate 00007603F71D29B0, 00000000000200F4
0244:fixme:virtual:prefetch_memory (process=0xffffffffffffffff,flags=0) NtSetInformationVirtualMemory(VmPrefetchInformation) partial stub
0024:fixme:win:RegisterTouchHitTestingWindow (000000000001010A 1): stub
0294:fixme:ntdll:RtlGetDeviceFamilyInfoEnum 0000000000000000 00007FFFFE83F934 0000000000000000: stub
0294:fixme:seh:WerRegisterCustomMetadata (L"OfficialBuild", L"1") stub
0294:fixme:seh:WerRegisterCustomMetadata (L"ProcessType", L"renderer") stub
0294:fixme:seh:WerRegisterCustomMetadata (L"Channel", L"none") stub
0294:fixme:seh:WerRegisterCustomMetadata (L"WV", L"CLIPStudio.exe") stub
0294:fixme:seh:WerRegisterCustomMetadata (L"WV_V", L"5.1.4") stub
0230:fixme:process:SetProcessShutdownParameters (0000027f, 00000001): partial stub.
0230:fixme:process:SetProcessShutdownParameters (0000027f, 00000001): partial stub.
0230:fixme:thread:NtSetInformationThread ThreadPowerThrottling stub!
0230:fixme:thread:NtSetInformationThread ThreadPowerThrottling stub!
0230:fixme:heap:RtlSetHeapInformation HEAP_INFORMATION_CLASS 1 not implemented!
028c:fixme:virtual:prefetch_memory (process=0xffffffffffffffff,flags=0) NtSetInformationVirtualMemory(VmPrefetchInformation) partial stub
0230:fixme:ntdll:RtlGetDeviceFamilyInfoEnum 0000000000000000 00007FFFFE83EB34 0000000000000000: stub
0230:fixme:ntdll:EtwRegisterTraceGuidsW   register trace class {00000000-0000-0000-0000-000000000000}
0230:fixme:process:GetProcessMitigationPolicy (FFFFFFFFFFFFFFFF, 4, 00007FFFFE83F1A4, 4): stub
0230:fixme:seh:WerRegisterCustomMetadata (L"MetricsClientIdHash", L"1542954672516919668") stub
0230:fixme:seh:WerRegisterCustomMetadata (L"MetricsSessionId", L"2") stub
0230:fixme:seh:WerRegisterCustomMetadata (L"VariationsSeedETag", L"\"lv22sejrDwz4FWj7eRYExmwWZsIbyxJKdnQS2d/KrCo=\"") stub
0230:fixme:seh:WerRegisterCustomMetadata (L"RuntimeVariationsSeedETag", L"\"JHaGKqYIj1q/zMvgOLYKnwxYIg8QAAYadtakLEVvKWY=\"") stub
02d4:fixme:thread:NtSetInformationThread info class 24 not supported yet
02d4:fixme:thread:NtSetInformationThread ThreadPowerThrottling stub!
0230:fixme:ntdll:EtwEventSetInformation (deadbeef, 2, 00006644000B4028, 26) stub
0230:fixme:ntdll:NtQuerySystemInformation info_class SYSTEM_PERFORMANCE_INFORMATION
02a8:fixme:ntdll:RtlGetDeviceFamilyInfoEnum 0000000000000000 00007FFFFE83F934 0000000000000000: stub
02a8:fixme:seh:WerRegisterCustomMetadata (L"OfficialBuild", L"1") stub
02a8:fixme:seh:WerRegisterCustomMetadata (L"ProcessType", L"renderer") stub
02a8:fixme:seh:WerRegisterCustomMetadata (L"Channel", L"none") stub
02a8:fixme:seh:WerRegisterCustomMetadata (L"WV", L"CLIPStudio.exe") stub
02a8:fixme:seh:WerRegisterCustomMetadata (L"WV_V", L"5.1.4") stub
02b0:fixme:ntdll:RtlGetDeviceFamilyInfoEnum 0000000000000000 00007FFFFE83F934 0000000000000000: stub
02b0:fixme:seh:WerRegisterCustomMetadata (L"OfficialBuild", L"1") stub
02b0:fixme:seh:WerRegisterCustomMetadata (L"ProcessType", L"renderer") stub
02b0:fixme:seh:WerRegisterCustomMetadata (L"Channel", L"none") stub
02b0:fixme:seh:WerRegisterCustomMetadata (L"WV", L"CLIPStudio.exe") stub
02b0:fixme:seh:WerRegisterCustomMetadata (L"WV_V", L"5.1.4") stub
0244:fixme:process:SetProcessShutdownParameters (0000027f, 00000001): partial stub.
0244:fixme:process:SetProcessShutdownParameters (0000027f, 00000001): partial stub.
0244:fixme:thread:NtSetInformationThread ThreadPowerThrottling stub!
0244:fixme:thread:NtSetInformationThread ThreadPowerThrottling stub!
0244:fixme:heap:RtlSetHeapInformation HEAP_INFORMATION_CLASS 1 not implemented!
0244:fixme:ntdll:RtlGetDeviceFamilyInfoEnum 0000000000000000 00007FFFFE83EB34 0000000000000000: stub
0228:fixme:process:SetProcessShutdownParameters (0000027f, 00000001): partial stub.
0228:fixme:process:SetProcessShutdownParameters (0000027f, 00000001): partial stub.
0228:fixme:thread:NtSetInformationThread ThreadPowerThrottling stub!
0228:fixme:thread:NtSetInformationThread ThreadPowerThrottling stub!
0228:fixme:heap:RtlSetHeapInformation HEAP_INFORMATION_CLASS 1 not implemented!
0228:fixme:ntdll:RtlGetDeviceFamilyInfoEnum 0000000000000000 00007FFFFE83EB34 0000000000000000: stub
0244:fixme:ntdll:EtwRegisterTraceGuidsW   register trace class {00000000-0000-0000-0000-000000000000}
0244:fixme:process:GetProcessMitigationPolicy (FFFFFFFFFFFFFFFF, 4, 00007FFFFE83F1A4, 4): stub
0228:fixme:ntdll:EtwRegisterTraceGuidsW   register trace class {00000000-0000-0000-0000-000000000000}
0228:fixme:process:GetProcessMitigationPolicy (FFFFFFFFFFFFFFFF, 4, 00007FFFFE83F1A4, 4): stub
0228:fixme:seh:WerRegisterCustomMetadata (L"MetricsClientIdHash", L"1542954672516919668") stub
0228:fixme:seh:WerRegisterCustomMetadata (L"MetricsSessionId", L"2") stub
0228:fixme:seh:WerRegisterCustomMetadata (L"VariationsSeedETag", L"\"lv22sejrDwz4FWj7eRYExmwWZsIbyxJKdnQS2d/KrCo=\"") stub
0228:fixme:seh:WerRegisterCustomMetadata (L"RuntimeVariationsSeedETag", L"\"JHaGKqYIj1q/zMvgOLYKnwxYIg8QAAYadtakLEVvKWY=\"") stub
0308:fixme:thread:NtSetInformationThread info class 24 not supported yet
0308:fixme:thread:NtSetInformationThread ThreadPowerThrottling stub!
0244:fixme:ntdll:EtwEventSetInformation (deadbeef, 2, 00003FDC000AC028, 26) stub
0244:fixme:ntdll:NtSetInformationToken TokenIntegrityLevel stub!
0244:fixme:process:NtQueryInformationProcess ProcessHandleCount (0xffffffffffffffff,0x7ffffe83e984,0x00000004,(nil)) stub
0244:fixme:process:NtQueryInformationProcess ProcessHandleTable (0xffffffffffffffff,0x1fb0000a1000,0x00000fa0,0x7ffffe83e980) stub
0244:fixme:process:SetProcessMitigationPolicy (2, 00007FFFFE83E9A0, 4): stub
0244:fixme:ntdll:NtQuerySystemInformation info_class SYSTEM_PERFORMANCE_INFORMATION
0310:fixme:thread:QueryThreadCycleTime (FFFFFFFFFFFFFFFE,0000723F4D65F1F0): stub!
01c4:fixme:file:ReplaceFileW Ignoring flags 2
0228:fixme:thread:NtSetInformationThread ThreadPowerThrottling stub!
0314:fixme:thread:NtSetInformationThread info class 24 not supported yet
0314:fixme:thread:NtSetInformationThread ThreadPowerThrottling stub!
0228:fixme:dxcore:dxcore_adapter_factory_CreateAdapterList iface 00006FFFE2FC4030, num_attributes 1, filter_attributes 00007FFFFE83DF80, riid {526c7776-40e9-459b-b711-f32ad76dfc28}, out 00007FFFFE83DEB0 semi-stub!
0294:fixme:virtual:prefetch_memory (process=0xffffffffffffffff,flags=0) NtSetInformationVirtualMemory(VmPrefetchInformation) partial stub
031c:fixme:thread:NtSetInformationThread info class 24 not supported yet
031c:fixme:thread:NtSetInformationThread ThreadPowerThrottling stub!
02d8:fixme:file:NtLockFile I/O completion on lock not implemented yet
02dc:fixme:winsock:setsockopt Ignoring SO_RANDOMIZE_PORT
031c:fixme:thread:NtSetInformationThread ThreadPowerThrottling stub!
0174:fixme:crypt:CryptUnprotectMemory (00007603FC190000 32 00000000): stub
031c:fixme:file:ReplaceFileW Ignoring flags 2
031c:fixme:thread:NtSetInformationThread info class 24 not supported yet
031c:fixme:thread:NtSetInformationThread ThreadPowerThrottling stub!
031c:fixme:thread:NtSetInformationThread ThreadPowerThrottling stub!
031c:fixme:file:ReplaceFileW Ignoring flags 2
031c:fixme:thread:NtSetInformationThread info class 24 not supported yet
031c:fixme:thread:NtSetInformationThread ThreadPowerThrottling stub!
02dc:fixme:crypt:CryptProtectMemory (0000664400009980 32 00000000): stub
libEGL warning: DRI3 error: Could not get DRI3 device
libEGL warning: Ensure your X server supports DRI3 to get accelerated rendering
028c:fixme:process:SetProcessShutdownParameters (0000027f, 00000001): partial stub.
028c:fixme:process:SetProcessShutdownParameters (0000027f, 00000001): partial stub.
028c:fixme:thread:NtSetInformationThread ThreadPowerThrottling stub!
028c:fixme:thread:NtSetInformationThread ThreadPowerThrottling stub!
028c:fixme:heap:RtlSetHeapInformation HEAP_INFORMATION_CLASS 1 not implemented!
028c:fixme:ntdll:RtlGetDeviceFamilyInfoEnum 0000000000000000 00007FFFFE83EAA4 0000000000000000: stub
028c:fixme:ntdll:EtwRegisterTraceGuidsW   register trace class {00000000-0000-0000-0000-000000000000}
028c:fixme:process:GetProcessMitigationPolicy (FFFFFFFFFFFFFFFF, 4, 00007FFFFE83F114, 4): stub
02a8:fixme:virtual:prefetch_memory (process=0xffffffffffffffff,flags=0) NtSetInformationVirtualMemory(VmPrefetchInformation) partial stub
028c:fixme:thread:NtSetInformationThread ThreadPowerThrottling stub!
032c:fixme:thread:NtSetInformationThread info class 24 not supported yet
032c:fixme:thread:NtSetInformationThread ThreadPowerThrottling stub!
028c:fixme:ntdll:NtQuerySystemInformation info_class SYSTEM_PERFORMANCE_INFORMATION
0334:fixme:thread:NtSetInformationThread ThreadPowerThrottling stub!
0174:fixme:process:NtQueryInformationProcess ProcessCycleTime (0x8a4,0x7ffffe83df10,0x00000010,(nil)) stub
028c:fixme:ntdll:EtwEventSetInformation (deadbeef, 2, 00006FFFF3AA3A3E, 8) stub
02b0:fixme:virtual:prefetch_memory (process=0xffffffffffffffff,flags=0) NtSetInformationVirtualMemory(VmPrefetchInformation) partial stub
0228:fixme:d3d:wined3d_guess_card No card selector available for card vendor 0000 (using GL_RENDERER "llvmpipe (LLVM 21.1.8, 256 bits)").
0228:fixme:ntdll:NtQuerySystemInformation info_class SYSTEM_PERFORMANCE_INFORMATION
0228:fixme:dxcore:dxcore_adapter_GetProperty Returning all adapters as Hardware.
0228:fixme:dxcore:dxcore_adapter_IsAttributeSupported iface 00007FFFFEE352C0, attribute {0c9ece4d-2f6e-4f01-8c96-e89e331b47b1} stub!
0228:fixme:dxcore:dxcore_adapter_IsAttributeSupported iface 00007FFFFEE352C0, attribute {8c47866b-7583-450d-f0f0-6bada895af4b} stub!
02a8:fixme:process:SetProcessShutdownParameters (0000027f, 00000001): partial stub.
02a8:fixme:process:SetProcessShutdownParameters (0000027f, 00000001): partial stub.
02a8:fixme:thread:NtSetInformationThread ThreadPowerThrottling stub!
02a8:fixme:thread:NtSetInformationThread ThreadPowerThrottling stub!
02a8:fixme:heap:RtlSetHeapInformation HEAP_INFORMATION_CLASS 1 not implemented!
02a8:fixme:ntdll:RtlGetDeviceFamilyInfoEnum 0000000000000000 00007FFFFE83EAA4 0000000000000000: stub
02a8:fixme:ntdll:EtwRegisterTraceGuidsW   register trace class {00000000-0000-0000-0000-000000000000}
02a8:fixme:process:GetProcessMitigationPolicy (FFFFFFFFFFFFFFFF, 4, 00007FFFFE83F114, 4): stub
0294:fixme:process:SetProcessShutdownParameters (0000027f, 00000001): partial stub.
0294:fixme:process:SetProcessShutdownParameters (0000027f, 00000001): partial stub.
0294:fixme:thread:NtSetInformationThread ThreadPowerThrottling stub!
0294:fixme:thread:NtSetInformationThread ThreadPowerThrottling stub!
0294:fixme:heap:RtlSetHeapInformation HEAP_INFORMATION_CLASS 1 not implemented!
0294:fixme:ntdll:RtlGetDeviceFamilyInfoEnum 0000000000000000 00007FFFFE83EAA4 0000000000000000: stub
0228:fixme:d3d:wined3d_guess_card No card selector available for card vendor 0000 (using GL_RENDERER "llvmpipe (LLVM 21.1.8, 256 bits)").
02a8:fixme:thread:NtSetInformationThread ThreadPowerThrottling stub!
0358:fixme:thread:NtSetInformationThread info class 24 not supported yet
0358:fixme:thread:NtSetInformationThread ThreadPowerThrottling stub!
02a8:fixme:ntdll:NtQuerySystemInformation info_class SYSTEM_PERFORMANCE_INFORMATION
0360:fixme:thread:NtSetInformationThread ThreadPowerThrottling stub!
0294:fixme:ntdll:EtwRegisterTraceGuidsW   register trace class {00000000-0000-0000-0000-000000000000}
0294:fixme:process:GetProcessMitigationPolicy (FFFFFFFFFFFFFFFF, 4, 00007FFFFE83F114, 4): stub
0174:fixme:process:NtQueryInformationProcess ProcessCycleTime (0x9b8,0x7ffffe83df10,0x00000010,(nil)) stub
02a8:fixme:ntdll:EtwEventSetInformation (deadbeef, 2, 00006FFFF3AA3A3E, 8) stub
0370:fixme:kernelbase:AppPolicyGetThreadInitializationType FFFFFFFFFFFFFFFA, 00007A2F49FAFEC0
0294:fixme:thread:NtSetInformationThread ThreadPowerThrottling stub!
037c:fixme:thread:NtSetInformationThread info class 24 not supported yet
037c:fixme:thread:NtSetInformationThread ThreadPowerThrottling stub!
0294:fixme:ntdll:NtQuerySystemInformation info_class SYSTEM_PERFORMANCE_INFORMATION
0384:fixme:thread:NtSetInformationThread ThreadPowerThrottling stub!
0174:fixme:process:NtQueryInformationProcess ProcessCycleTime (0x83c,0x7ffffe83df10,0x00000010,(nil)) stub
0294:fixme:ntdll:EtwEventSetInformation (deadbeef, 2, 00006FFFF3AA3A3E, 8) stub
02b0:fixme:process:SetProcessShutdownParameters (0000027f, 00000001): partial stub.
02b0:fixme:process:SetProcessShutdownParameters (0000027f, 00000001): partial stub.
02b0:fixme:thread:NtSetInformationThread ThreadPowerThrottling stub!
02b0:fixme:thread:NtSetInformationThread ThreadPowerThrottling stub!
02b0:fixme:heap:RtlSetHeapInformation HEAP_INFORMATION_CLASS 1 not implemented!
02b0:fixme:ntdll:RtlGetDeviceFamilyInfoEnum 0000000000000000 00007FFFFE83EAA4 0000000000000000: stub
02b0:fixme:ntdll:EtwRegisterTraceGuidsW   register trace class {00000000-0000-0000-0000-000000000000}
02b0:fixme:process:GetProcessMitigationPolicy (FFFFFFFFFFFFFFFF, 4, 00007FFFFE83F114, 4): stub
0344:fixme:kernelbase:AppPolicyGetThreadInitializationType FFFFFFFFFFFFFFFA, 00007C31BB7DFEC0
02b0:fixme:thread:NtSetInformationThread ThreadPowerThrottling stub!
03a4:fixme:thread:NtSetInformationThread info class 24 not supported yet
03a4:fixme:thread:NtSetInformationThread ThreadPowerThrottling stub!
02b0:fixme:ntdll:NtQuerySystemInformation info_class SYSTEM_PERFORMANCE_INFORMATION
03ac:fixme:thread:NtSetInformationThread ThreadPowerThrottling stub!
0174:fixme:process:NtQueryInformationProcess ProcessCycleTime (0xa78,0x7ffffe83df10,0x00000010,(nil)) stub
02b0:fixme:ntdll:EtwEventSetInformation (deadbeef, 2, 00006FFFF3AA3A3E, 8) stub
03bc:fixme:kernelbase:AppPolicyGetThreadInitializationType FFFFFFFFFFFFFFFA, 00007C0501FAFEC0
0228:fixme:ver:GetPackagesByPackageFamily (L"DolbyLaboratories.DolbyDigitalPlusDecoderOEM_rz1tebttyb220" 00007FFFFE83E03C 0000000000000000 00007FFFFE83E038 0000000000000000): stub
0228:fixme:ver:GetPackagesByPackageFamily (L"DolbyLaboratories.DolbyAC4DecoderOEM_rz1tebttyb220" 00007FFFFE83E03C 0000000000000000 00007FFFFE83E038 0000000000000000): stub
0228:fixme:ver:GetPackagesByPackageFamily (L"Microsoft.HEVCVideoExtension_8wekyb3d8bbwe" 00007FFFFE83E03C 0000000000000000 00007FFFFE83E038 0000000000000000): stub
0228:fixme:ver:GetPackagesByPackageFamily (L"Microsoft.HEVCVideoExtensions_8wekyb3d8bbwe" 00007FFFFE83E03C 0000000000000000 00007FFFFE83E038 0000000000000000): stub
0228:fixme:ver:GetPackagesByPackageFamily (L"DolbyLaboratories.DolbyVisionAccess_rz1tebttyb220" 00007FFFFE83E03C 0000000000000000 00007FFFFE83E038 0000000000000000): stub
0228:fixme:ver:GetPackagesByPackageFamily (L"DolbyLaboratories.DolbyVisionHDR_rz1tebttyb220" 00007FFFFE83E03C 0000000000000000 00007FFFFE83E038 0000000000000000): stub
03c0:fixme:thread:QueryThreadCycleTime (0000000000000124,0000789594BEFD50): stub!
03c4:fixme:thread:NtSetInformationThread ThreadPowerThrottling stub!
03cc:fixme:thread:NtSetInformationThread info class 24 not supported yet
03cc:fixme:thread:NtSetInformationThread ThreadPowerThrottling stub!
028c:fixme:ntdll:EtwEventSetInformation (deadbeef, 2, 00005C3400036E68, 26) stub
028c:fixme:wldp:WldpQueryWindowsLockdownMode 00007FFFFE83EA84
028c:fixme:ntdll:NtSetInformationToken TokenIntegrityLevel stub!
028c:fixme:process:NtQueryInformationProcess ProcessHandleCount (0xffffffffffffffff,0x7ffffe83e974,0x00000004,(nil)) stub
028c:fixme:process:NtQueryInformationProcess ProcessHandleTable (0xffffffffffffffff,0x51200009d000,0x00000fa0,0x7ffffe83e970) stub
0228:fixme:d3d:wined3d_guess_card No card selector available for card vendor 0000 (using GL_RENDERER "llvmpipe (LLVM 21.1.8, 256 bits)").
0228:fixme:d3d11:d3d11_device_CheckFeatureSupport Returning fake Options support data.
0228:fixme:d3d11:d3d11_device_CheckFormatSupport iface 00007FFFFEE30920, format 85, format_support 00007FFFFEE74A20 partial-stub!
0228:fixme:d3d11:d3d11_device_CheckFormatSupport iface 00007FFFFEE30920, format 115, format_support 00007FFFFEE74A28 partial-stub!
0228:fixme:d3d11:d3d11_device_CheckFormatSupport iface 00007FFFFEE30920, format 86, format_support 00007FFFFEE74A30 partial-stub!
0228:fixme:d3d11:d3d11_device_CheckFormatSupport iface 00007FFFFEE30920, format 88, format_support 00007FFFFE83D9F8 partial-stub!
0228:fixme:d3d11:d3d11_device_CheckFormatSupport iface 00007FFFFEE30920, format 88, format_support 00007FFFFE83D9F8 partial-stub!
0228:fixme:d3d11:d3d11_device_CheckFormatSupport iface 00007FFFFEE30920, format 87, format_support 00007FFFFE83D9F8 partial-stub!
0228:fixme:d3d11:d3d11_device_CheckFormatSupport iface 00007FFFFEE30920, format 87, format_support 00007FFFFE83D9F8 partial-stub!
0228:fixme:d3d11:d3d11_device_CheckFormatSupport iface 00007FFFFEE30920, format 87, format_support 00007FFFFE83D9F8 partial-stub!
0228:fixme:d3d11:d3d11_device_CheckFormatSupport iface 00007FFFFEE30920, format 87, format_support 00007FFFFE83D9F8 partial-stub!
0228:fixme:d3d11:d3d11_device_CheckFormatSupport iface 00007FFFFEE30920, format 91, format_support 00007FFFFE83D9F8 partial-stub!
0228:fixme:d3d11:d3d11_device_CheckFormatSupport iface 00007FFFFEE30920, format 91, format_support 00007FFFFE83D9F8 partial-stub!
0228:fixme:d3d11:d3d11_device_CheckFormatSupport iface 00007FFFFEE30920, format 24, format_support 00007FFFFE83D9F8 partial-stub!
0228:fixme:d3d11:d3d11_device_CheckFormatSupport iface 00007FFFFEE30920, format 93, format_support 00007FFFFE83D9F8 partial-stub!
0228:fixme:d3d11:d3d11_device_CheckFormatSupport iface 00007FFFFEE30920, format 93, format_support 00007FFFFE83D9F8 partial-stub!
0228:fixme:d3d11:d3d11_device_CheckFormatSupport iface 00007FFFFEE30920, format 93, format_support 00007FFFFE83D9F8 partial-stub!
0228:fixme:d3d11:d3d11_device_CheckFormatSupport iface 00007FFFFEE30920, format 93, format_support 00007FFFFE83D9F8 partial-stub!
0228:fixme:d3d11:d3d11_device_CheckFormatSupport iface 00007FFFFEE30920, format 65, format_support 00007FFFFE83D9F8 partial-stub!
0228:fixme:d3d11:d3d11_device_CheckFormatSupport iface 00007FFFFEE30920, format 28, format_support 00007FFFFE83D9F8 partial-stub!
0228:fixme:d3d11:d3d11_device_CheckFormatSupport iface 00007FFFFEE30920, format 28, format_support 00007FFFFE83D9F8 partial-stub!
0228:fixme:d3d11:d3d11_device_CheckFormatSupport iface 00007FFFFEE30920, format 28, format_support 00007FFFFE83D9F8 partial-stub!
0228:fixme:d3d11:d3d11_device_CheckFormatSupport iface 00007FFFFEE30920, format 28, format_support 00007FFFFE83D9F8 partial-stub!
0228:fixme:d3d11:d3d11_device_CheckFormatSupport iface 00007FFFFEE30920, format 24, format_support 00007FFFFE83D9F8 partial-stub!
0228:fixme:d3d11:d3d11_device_CheckFormatSupport iface 00007FFFFEE30920, format 11, format_support 00007FFFFE83D9F8 partial-stub!
0228:fixme:d3d11:d3d11_device_CheckFormatSupport iface 00007FFFFEE30920, format 28, format_support 00007FFFFE83D9F8 partial-stub!
0228:fixme:d3d11:d3d11_device_CheckFormatSupport iface 00007FFFFEE30920, format 28, format_support 00007FFFFE83D9F8 partial-stub!
0228:fixme:d3d11:d3d11_device_CheckFormatSupport iface 00007FFFFEE30920, format 28, format_support 00007FFFFE83D9F8 partial-stub!
0228:fixme:d3d11:d3d11_device_CheckFormatSupport iface 00007FFFFEE30920, format 24, format_support 00007FFFFE83D9F8 partial-stub!
0228:fixme:d3d11:d3d11_device_CheckFormatSupport iface 00007FFFFEE30920, format 11, format_support 00007FFFFE83D9F8 partial-stub!
0228:fixme:d3d11:d3d11_device_CheckFormatSupport iface 00007FFFFEE30920, format 55, format_support 00007FFFFE83D9F8 partial-stub!
0228:fixme:d3d11:d3d11_device_CheckFormatSupport iface 00007FFFFEE30920, format 45, format_support 00007FFFFE83D9F8 partial-stub!
0228:fixme:d3d11:d3d11_device_CheckFormatSupport iface 00007FFFFEE30920, format 45, format_support 00007FFFFE83D9F8 partial-stub!
0228:fixme:d3d11:d3d11_device_CheckFormatSupport iface 00007FFFFEE30920, format 61, format_support 00007FFFFE83D9F8 partial-stub!
0228:fixme:d3d11:d3d11_device_CheckFormatSupport iface 00007FFFFEE30920, format 56, format_support 00007FFFFE83D9F8 partial-stub!
0228:fixme:d3d11:d3d11_device_CheckFormatSupport iface 00007FFFFEE30920, format 49, format_support 00007FFFFE83D9F8 partial-stub!
0228:fixme:d3d11:d3d11_device_CheckFormatSupport iface 00007FFFFEE30920, format 35, format_support 00007FFFFE83D9F8 partial-stub!
0228:fixme:d3d11:d3d11_device_CheckFormatSupport iface 00007FFFFEE30920, format 54, format_support 00007FFFFE83D9F8 partial-stub!
0228:fixme:d3d11:d3d11_device_CheckFormatSupport iface 00007FFFFEE30920, format 41, format_support 00007FFFFE83D9F8 partial-stub!
0228:fixme:d3d11:d3d11_device_CheckFormatSupport iface 00007FFFFEE30920, format 34, format_support 00007FFFFE83D9F8 partial-stub!
0228:fixme:d3d11:d3d11_device_CheckFormatSupport iface 00007FFFFEE30920, format 16, format_support 00007FFFFE83D9F8 partial-stub!
0228:fixme:d3d11:d3d11_device_CheckFormatSupport iface 00007FFFFEE30920, format 64, format_support 00007FFFFE83D9F8 partial-stub!
0228:fixme:d3d11:d3d11_device_CheckFormatSupport iface 00007FFFFEE30920, format 62, format_support 00007FFFFE83D9F8 partial-stub!
0228:fixme:d3d11:d3d11_device_CheckFormatSupport iface 00007FFFFEE30920, format 59, format_support 00007FFFFE83D9F8 partial-stub!
0228:fixme:d3d11:d3d11_device_CheckFormatSupport iface 00007FFFFEE30920, format 57, format_support 00007FFFFE83D9F8 partial-stub!
0228:fixme:d3d11:d3d11_device_CheckFormatSupport iface 00007FFFFEE30920, format 43, format_support 00007FFFFE83D9F8 partial-stub!
0228:fixme:d3d11:d3d11_device_CheckFormatSupport iface 00007FFFFEE30920, format 42, format_support 00007FFFFE83D9F8 partial-stub!
0228:fixme:d3d11:d3d11_device_CheckFormatSupport iface 00007FFFFEE30920, format 52, format_support 00007FFFFE83D9F8 partial-stub!
0228:fixme:d3d11:d3d11_device_CheckFormatSupport iface 00007FFFFEE30920, format 50, format_support 00007FFFFE83D9F8 partial-stub!
0228:fixme:d3d11:d3d11_device_CheckFormatSupport iface 00007FFFFEE30920, format 38, format_support 00007FFFFE83D9F8 partial-stub!
0228:fixme:d3d11:d3d11_device_CheckFormatSupport iface 00007FFFFEE30920, format 36, format_support 00007FFFFE83D9F8 partial-stub!
0228:fixme:d3d11:d3d11_device_CheckFormatSupport iface 00007FFFFEE30920, format 18, format_support 00007FFFFE83D9F8 partial-stub!
0228:fixme:d3d11:d3d11_device_CheckFormatSupport iface 00007FFFFEE30920, format 17, format_support 00007FFFFE83D9F8 partial-stub!
0228:fixme:d3d11:d3d11_device_CheckFormatSupport iface 00007FFFFEE30920, format 2, format_support 00007FFFFE83D9F8 partial-stub!
0228:fixme:d3d11:d3d11_device_CheckFormatSupport iface 00007FFFFEE30920, format 2, format_support 00007FFFFE83D9F8 partial-stub!
0228:fixme:d3d11:d3d11_device_CheckFormatSupport iface 00007FFFFEE30920, format 2, format_support 00007FFFFE83D9F8 partial-stub!
0228:fixme:d3d11:d3d11_device_CheckFormatSupport iface 00007FFFFEE30920, format 2, format_support 00007FFFFE83D9F8 partial-stub!
0228:fixme:d3d11:d3d11_device_CheckFormatSupport iface 00007FFFFEE30920, format 2, format_support 00007FFFFE83D9F8 partial-stub!
0228:fixme:d3d11:d3d11_device_CheckFormatSupport iface 00007FFFFEE30920, format 10, format_support 00007FFFFE83D9F8 partial-stub!
0228:fixme:d3d11:d3d11_device_CheckFormatSupport iface 00007FFFFEE30920, format 10, format_support 00007FFFFE83D9F8 partial-stub!
0228:fixme:d3d11:d3d11_device_CheckFormatSupport iface 00007FFFFEE30920, format 10, format_support 00007FFFFE83D9F8 partial-stub!
0228:fixme:d3d11:d3d11_device_CheckFormatSupport iface 00007FFFFEE30920, format 10, format_support 00007FFFFE83D9F8 partial-stub!
0228:fixme:d3d11:d3d11_device_CheckFormatSupport iface 00007FFFFEE30920, format 10, format_support 00007FFFFE83D9F8 partial-stub!
0228:fixme:d3d11:d3d11_device_CheckFormatSupport iface 00007FFFFEE30920, format 45, format_support 00007FFFFE83D9F8 partial-stub!
0228:fixme:d3d11:d3d11_device_CheckFormatSupport iface 00007FFFFEE30920, format 26, format_support 00007FFFFE83D9F8 partial-stub!
0228:fixme:d3d11:d3d11_device_CheckFormatSupport iface 00007FFFFEE30920, format 29, format_support 00007FFFFE83D9F8 partial-stub!
0228:fixme:d3d11:d3d11_device_CheckFormatSupport iface 00007FFFFEE30920, format 29, format_support 00007FFFFE83D9F8 partial-stub!
0228:fixme:d3d11:d3d11_device_CheckFormatSupport iface 00007FFFFEE30920, format 40, format_support 00007FFFFE83D9F8 partial-stub!
0228:fixme:d3d11:d3d11_device_CheckFormatSupport iface 00007FFFFEE30920, format 20, format_support 00007FFFFE83D9F8 partial-stub!
0228:fixme:d3d11:d3d11_device_CheckFormatSupport iface 00007FFFFEE30920, format 45, format_support 00007FFFFE83D9F8 partial-stub!
0228:fixme:d3d11:d3d11_device_CheckFormatSupport iface 00007FFFFEE30920, format 28, format_support 00007FFFFE83D9F8 partial-stub!
0228:fixme:d3d11:d3d11_device_CheckFormatSupport iface 00007FFFFEE30920, format 28, format_support 00007FFFFE83D9F8 partial-stub!
0228:fixme:d3d11:d3d11_device_CheckFormatSupport iface 00007FFFFEE30920, format 3, format_support 00007FFFFE83D9F8 partial-stub!
0228:fixme:d3d11:d3d11_device_CheckFormatSupport iface 00007FFFFEE30920, format 3, format_support 00007FFFFE83D9F8 partial-stub!
0228:fixme:d3d11:d3d11_device_CheckFormatSupport iface 00007FFFFEE30920, format 12, format_support 00007FFFFE83D9F8 partial-stub!
0228:fixme:d3d11:d3d11_device_CheckFormatSupport iface 00007FFFFEE30920, format 12, format_support 00007FFFFE83D9F8 partial-stub!
0228:fixme:d3d11:d3d11_device_CheckFormatSupport iface 00007FFFFEE30920, format 30, format_support 00007FFFFE83D9F8 partial-stub!
0228:fixme:d3d11:d3d11_device_CheckFormatSupport iface 00007FFFFEE30920, format 30, format_support 00007FFFFE83D9F8 partial-stub!
0228:fixme:d3d11:d3d11_device_CheckFormatSupport iface 00007FFFFEE30920, format 4, format_support 00007FFFFE83D9F8 partial-stub!
0228:fixme:d3d11:d3d11_device_CheckFormatSupport iface 00007FFFFEE30920, format 4, format_support 00007FFFFE83D9F8 partial-stub!
0228:fixme:d3d11:d3d11_device_CheckFormatSupport iface 00007FFFFEE30920, format 14, format_support 00007FFFFE83D9F8 partial-stub!
0228:fixme:d3d11:d3d11_device_CheckFormatSupport iface 00007FFFFEE30920, format 14, format_support 00007FFFFE83D9F8 partial-stub!
0228:fixme:d3d11:d3d11_device_CheckFormatSupport iface 00007FFFFEE30920, format 32, format_support 00007FFFFE83D9F8 partial-stub!
0228:fixme:d3d11:d3d11_device_CheckFormatSupport iface 00007FFFFEE30920, format 32, format_support 00007FFFFE83D9F8 partial-stub!
0228:fixme:d3d11:d3d11_device_CheckFormatSupport iface 00007FFFFEE30920, format 63, format_support 00007FFFFE83D9F8 partial-stub!
0228:fixme:d3d11:d3d11_device_CheckFormatSupport iface 00007FFFFEE30920, format 51, format_support 00007FFFFE83D9F8 partial-stub!
0228:fixme:d3d11:d3d11_device_CheckFormatSupport iface 00007FFFFEE30920, format 31, format_support 00007FFFFE83D9F8 partial-stub!
0228:fixme:d3d11:d3d11_device_CheckFormatSupport iface 00007FFFFEE30920, format 31, format_support 00007FFFFE83D9F8 partial-stub!
0228:fixme:d3d11:d3d11_device_CheckFormatSupport iface 00007FFFFEE30920, format 58, format_support 00007FFFFE83D9F8 partial-stub!
0228:fixme:d3d11:d3d11_device_CheckFormatSupport iface 00007FFFFEE30920, format 37, format_support 00007FFFFE83D9F8 partial-stub!
0228:fixme:d3d11:d3d11_device_CheckFormatSupport iface 00007FFFFEE30920, format 13, format_support 00007FFFFE83D9F8 partial-stub!
0228:fixme:d3d11:d3d11_device_CheckFormatSupport iface 00007FFFFEE30920, format 13, format_support 00007FFFFE83D9F8 partial-stub!
0228:fixme:d3d11:d3d11_device_CheckFormatSupport iface 00007FFFFEE30920, format 25, format_support 00007FFFFE83D9F8 partial-stub!
0228:fixme:d3d11:d3d11_device_CheckFormatSupport iface 00007FFFFEE30920, format 56, format_support 00007FFFFE83D9F8 partial-stub!
0228:fixme:d3d11:d3d11_device_CheckFormatSupport iface 00007FFFFEE30920, format 58, format_support 00007FFFFE83D9F8 partial-stub!
0228:fixme:d3d11:d3d11_device_CheckFormatSupport iface 00007FFFFEE30920, format 35, format_support 00007FFFFE83D9F8 partial-stub!
0228:fixme:d3d11:d3d11_device_CheckFormatSupport iface 00007FFFFEE30920, format 37, format_support 00007FFFFE83D9F8 partial-stub!
0228:fixme:d3d11:d3d11_device_CheckFormatSupport iface 00007FFFFEE30920, format 28, format_support 00007FFFFE83D9F8 partial-stub!
0228:fixme:d3d11:d3d11_device_CheckFormatSupport iface 00007FFFFEE30920, format 29, format_support 00007FFFFE83D9F8 partial-stub!
0228:fixme:d3d11:d3d11_device_CheckFormatSupport iface 00007FFFFEE30920, format 28, format_support 00007FFFFE83D9F8 partial-stub!
0228:fixme:d3d11:d3d11_device_CheckFormatSupport iface 00007FFFFEE30920, format 29, format_support 00007FFFFE83D9F8 partial-stub!
0228:fixme:d3d11:d3d11_device_CheckFormatSupport iface 00007FFFFEE30920, format 28, format_support 00007FFFFE83D9F8 partial-stub!
0228:fixme:d3d11:d3d11_device_CheckFormatSupport iface 00007FFFFEE30920, format 29, format_support 00007FFFFE83D9F8 partial-stub!
0228:fixme:d3d11:d3d11_device_CheckFormatSupport iface 00007FFFFEE30920, format 87, format_support 00007FFFFE83D9F8 partial-stub!
0228:fixme:d3d11:d3d11_device_CheckFormatSupport iface 00007FFFFEE30920, format 87, format_support 00007FFFFE83D9F8 partial-stub!
0228:fixme:d3d11:d3d11_device_CheckFormatSupport iface 00007FFFFEE30920, format 88, format_support 00007FFFFE83D9F8 partial-stub!
0228:fixme:d3d11:d3d11_device_CheckFormatSupport iface 00007FFFFEE30920, format 88, format_support 00007FFFFE83D9F8 partial-stub!
0174:fixme:kernelbase:PerfCreateInstance handle 00007604247531F0, guid {dd36a036-c923-4794-b696-70577630b5cf}, name L"WorkUnit|4|656|1014|WebView2 Renderer", id 4 semi-stub.
0174:fixme:kernelbase:PerfSetCounterRefValue provider 00007604247531F0, instance 00007604243E9BF8, counterid 1, address 0000775400FF297C semi-stub.
0174:fixme:kernelbase:PerfSetCounterRefValue provider 00007604247531F0, instance 00007604243E9BF8, counterid 2, address 0000775400FF2978 semi-stub.
0174:fixme:kernelbase:PerfCreateInstance handle 00007604247531F0, guid {dd36a036-c923-4794-b696-70577630b5cf}, name L"WorkUnit|5|676|1014|WebView2 Renderer", id 5 semi-stub.
0174:fixme:kernelbase:PerfSetCounterRefValue provider 00007604247531F0, instance 00007604243E9C98, counterid 1, address 0000775400FF4C5C semi-stub.
0174:fixme:kernelbase:PerfSetCounterRefValue provider 00007604247531F0, instance 00007604243E9C98, counterid 2, address 0000775400FF4C58 semi-stub.
0174:fixme:kernelbase:PerfCreateInstance handle 00007604247531F0, guid {dd36a036-c923-4794-b696-70577630b5cf}, name L"WorkUnit|6|684|1014|WebView2 Renderer", id 6 semi-stub.
0174:fixme:kernelbase:PerfSetCounterRefValue provider 00007604247531F0, instance 00007604243E9D38, counterid 1, address 0000775400FF4CBC semi-stub.
0174:fixme:kernelbase:PerfSetCounterRefValue provider 00007604247531F0, instance 00007604243E9D38, counterid 2, address 0000775400FF4CB8 semi-stub.
0174:fixme:kernelbase:PerfCreateInstance handle 00007604247531F0, guid {dd36a036-c923-4794-b696-70577630b5cf}, name L"WorkUnit|7|648|1005|WebView2: about:blank", id 7 semi-stub.
0174:fixme:kernelbase:PerfSetCounterRefValue provider 00007604247531F0, instance 000076042474B598, counterid 1, address 0000775400FF1BFC semi-stub.
0174:fixme:kernelbase:PerfSetCounterRefValue provider 00007604247531F0, instance 000076042474B598, counterid 2, address 0000775400FF1BF8 semi-stub.
0228:fixme:ntdll:NtSetInformationToken TokenIntegrityLevel stub!
0228:fixme:dcomp:DCompositionCreateDevice3 00007FFFFEE308D0, {5f4633fe-1e08-4cb8-8c75-ce24333f5602}, 00007FFFFE83E4F8.
03dc:fixme:thread:NtSetInformationThread info class 24 not supported yet
03dc:fixme:thread:NtSetInformationThread ThreadPowerThrottling stub!
0228:fixme:ntdll:EtwEventSetInformation (deadbeef, 2, 00001224000704A8, 26) stub
03e4:fixme:thread:NtSetInformationThread ThreadPowerThrottling stub!
03f0:fixme:thread:NtSetInformationThread ThreadPowerThrottling stub!
0174:fixme:process:NtQueryInformationProcess ProcessCycleTime (0x550,0x7ffffe83d600,0x00000010,(nil)) stub
0228:fixme:d3d11:d3d11_device_CheckFormatSupport iface 00007FFFFEE30920, format 103, format_support 00007FFFFE83D554 partial-stub!
0228:fixme:dcomp:device_QueryInterface {85fc5cca-2da6-494c-86b6-4a775c049b8a} not implemented, returning E_NOINTERFACE.
0228:fixme:d3d11:d3d11_device_CheckFormatSupport iface 00007FFFFEE30920, format 103, format_support 00007FFFFE83D554 partial-stub!
0228:fixme:d3d11:d3d11_device_CheckFormatSupport iface 00007FFFFEE30920, format 103, format_support 00007FFFFE83D554 partial-stub!
0228:fixme:d3d11:d3d11_device_CheckFormatSupport iface 00007FFFFEE30920, format 103, format_support 00007FFFFE83D554 partial-stub!
0228:fixme:d3d11:d3d11_device_CheckFormatSupport iface 00007FFFFEE30920, format 103, format_support 00007FFFFE83D554 partial-stub!
0228:fixme:dxgi:dxgi_device_Trim iface 00007FFFFEE308D0 stub!
0334:fixme:thread:QueryThreadCycleTime (FFFFFFFFFFFFFFFE,00007C31C9FAF820): stub!
0228:fixme:d3d11:d3d11_device_CheckFormatSupport iface 00007FFFFEE30920, format 103, format_support 00007FFFFE83D8E4 partial-stub!
0174:fixme:win:GetPointerDevices (00007FFFFE83D1A4 0000000000000000): partial stub
0174:fixme:win:GetPointerDevices (00007FFFFE83D1A4 0000000000000000): partial stub
0174:fixme:system:NtUserDisplayConfigGetDeviceInfo Unimplemented packet type 11.
0174:fixme:ui:uisettings2_get_TextScaleFactor iface 0000760424752FB8, value 00007FFFFE83D130 stub!
0228:fixme:dxgi:dxgi_output_GetDesc1 iface 000078956B0CF010, desc 00007FFFFE83D4F0 semi-stub!
03f0:fixme:d3d11:d3d11_device_CheckFormatSupport iface 00007FFFFEE30920, format 104, format_support 0000789562FCE504 partial-stub!
03f0:fixme:d3d11:wined3dformat_from_dxgi_format Unhandled DXGI_FORMAT 0x68.
03f8:fixme:thread:NtSetInformationThread ThreadPowerThrottling stub!
0228:fixme:d3d11:d3d11_device_CheckFormatSupport iface 00007FFFFEE30920, format 103, format_support 00007FFFFE83D8E4 partial-stub!
03f8:fixme:dwmapi:DwmGetCompositionTimingInfo (0000000000000000 0000789561FAEECC)
03f8:fixme:dxgi:dxgi_factory_IsCurrent iface 00007FFFFEE6D490 stub!
03f8:fixme:dxgi:dxgi_output_WaitForVBlank iface 000078956B0AD5E0 stub!
0228:fixme:dxgi:dxgi_output_GetDesc1 iface 000078956B0CF010, desc 00007FFFFE83D4F0 semi-stub!
03f0:fixme:d3d11:d3d11_device_CheckFormatSupport iface 00007FFFFEE30920, format 104, format_support 0000789562FCE584 partial-stub!
03f0:fixme:d3d11:wined3dformat_from_dxgi_format Unhandled DXGI_FORMAT 0x68.
0228:fixme:d3d11:d3d11_device_CheckFormatSupport iface 00007FFFFEE30920, format 103, format_support 00007FFFFE83D8E4 partial-stub!
0228:fixme:dxgi:dxgi_output_GetDesc1 iface 000078956B0CF090, desc 00007FFFFE83D4F0 semi-stub!
03f0:fixme:d3d11:d3d11_device_CheckFormatSupport iface 00007FFFFEE30920, format 104, format_support 0000789562FCE584 partial-stub!
03f0:fixme:d3d11:wined3dformat_from_dxgi_format Unhandled DXGI_FORMAT 0x68.
0228:fixme:d3d11:d3d11_device_CheckFormatSupport iface 00007FFFFEE30920, format 103, format_support 00007FFFFE83D8E4 partial-stub!
0228:fixme:dxgi:dxgi_output_GetDesc1 iface 000078956B0CF090, desc 00007FFFFE83D4F0 semi-stub!
03f0:fixme:d3d11:d3d11_device_CheckFormatSupport iface 00007FFFFEE30920, format 104, format_support 0000789562FCE584 partial-stub!
03f0:fixme:d3d11:wined3dformat_from_dxgi_format Unhandled DXGI_FORMAT 0x68.
0228:fixme:dxgi:dxgi_factory_CreateSwapChainForComposition iface 00007FFFFEE6D490, device 00007FFFFEE30920, desc 00007FFFFE83D9D0, output 0000000000000000, swapchain 00007FFFFE83D9C8 stub!
0228:fixme:dxgi:wined3d_swapchain_desc_from_dxgi Ignoring alpha mode 0x1.
0228:fixme:d3d:wined3d_swapchain_init Unimplemented swap effect 0x3.
0228:fixme:dxgi:d3d11_swapchain_GetDesc Ignoring ScanlineOrdering and Scaling.
0228:fixme:dxgi:d3d11_swapchain_SetColorSpace1 iface 000078956B076D10, colour_space 0 stub!
vkd3d:03e0:fixme:vkd3d:D3DCompile2VKD3D Ignoring flags 0xc000.
vkd3d:03d8:fixme:vkd3d:D3DCompile2VKD3D Ignoring flags 0xc000.
vkd3d:03d8:fixme:vkd3d:hlsl_yylex Unsupported preprocessor #pragma directive at line 8.
vkd3d:03e0:fixme:vkd3d:hlsl_yylex Unsupported preprocessor #pragma directive at line 7.
0394:fixme:kernelbase:AppPolicyGetThreadInitializationType FFFFFFFFFFFFFFFA, 00007AC9F35CFEC0
0414:fixme:thread:NtSetInformationThread ThreadPowerThrottling stub!
0418:fixme:thread:NtSetInformationThread info class 24 not supported yet
0418:fixme:thread:NtSetInformationThread ThreadPowerThrottling stub!
02a8:fixme:ntdll:EtwEventSetInformation (deadbeef, 2, 00000B4400038068, 26) stub
02a8:fixme:wldp:WldpQueryWindowsLockdownMode 00007FFFFE83EA84
02a8:fixme:ntdll:NtSetInformationToken TokenIntegrityLevel stub!
02a8:fixme:process:NtQueryInformationProcess ProcessHandleCount (0xffffffffffffffff,0x7ffffe83e974,0x00000004,(nil)) stub
02a8:fixme:process:NtQueryInformationProcess ProcessHandleTable (0xffffffffffffffff,0x75d00009d000,0x00000fa0,0x7ffffe83e970) stub
0174:fixme:win:NtUserGetWindowDisplayAffinity 0x100ec, 0x7ffffe83e4c4: stub
03d0:fixme:d3d:state_linepattern_w Setting line patterns is not supported in OpenGL core contexts.
0228:fixme:dxgi:d3d11_swapchain_Present1 Ignored present parameters 00007FFFFE83D310.
0228:fixme:dxgi:dxgi_device_EnqueueSetEvent iface 00007FFFFEE308D0, event 0000000000000354 stub!
0420:fixme:thread:NtSetInformationThread ThreadPowerThrottling stub!
0174:fixme:kernelbase:PerfCreateInstance handle 00007604247531F0, guid {dd36a036-c923-4794-b696-70577630b5cf}, name L"WorkUnit|8|548|1021|WebView2 GPU Process", id 8 semi-stub.
0174:fixme:kernelbase:PerfSetCounterRefValue provider 00007604247531F0, instance 000076042474B648, counterid 1, address 0000775400FF4C5C semi-stub.
0174:fixme:kernelbase:PerfSetCounterRefValue provider 00007604247531F0, instance 000076042474B648, counterid 2, address 0000775400FF4C58 semi-stub.
0174:fixme:kernelbase:PerfCreateInstance handle 00007604247531F0, guid {dd36a036-c923-4794-b696-70577630b5cf}, name L"WorkUnit|9|676|1005|WebView2: online.html", id 9 semi-stub.
0174:fixme:kernelbase:PerfSetCounterRefValue provider 00007604247531F0, instance 000076042474B6F8, counterid 1, address 000077540199383C semi-stub.
0174:fixme:kernelbase:PerfSetCounterRefValue provider 00007604247531F0, instance 000076042474B6F8, counterid 2, address 0000775401993838 semi-stub.
0424:fixme:thread:NtSetInformationThread info class 24 not supported yet
0424:fixme:thread:NtSetInformationThread ThreadPowerThrottling stub!
02b0:fixme:ntdll:EtwEventSetInformation (deadbeef, 2, 0000148400038128, 26) stub
02b0:fixme:wldp:WldpQueryWindowsLockdownMode 00007FFFFE83EA84
02b0:fixme:ntdll:NtSetInformationToken TokenIntegrityLevel stub!
02b0:fixme:process:NtQueryInformationProcess ProcessHandleCount (0xffffffffffffffff,0x7ffffe83e974,0x00000004,(nil)) stub
02b0:fixme:process:NtQueryInformationProcess ProcessHandleTable (0xffffffffffffffff,0x6bd80009d000,0x00000fa0,0x7ffffe83e970) stub
019c:fixme:ntdll:NtQuerySystemInformation info_class SYSTEM_PERFORMANCE_INFORMATION
042c:fixme:thread:NtSetInformationThread ThreadPowerThrottling stub!
0430:fixme:thread:NtSetInformationThread info class 24 not supported yet
0430:fixme:thread:NtSetInformationThread ThreadPowerThrottling stub!
0294:fixme:ntdll:EtwEventSetInformation (deadbeef, 2, 00004D2400038128, 26) stub
0294:fixme:wldp:WldpQueryWindowsLockdownMode 00007FFFFE83EA84
0294:fixme:ntdll:NtSetInformationToken TokenIntegrityLevel stub!
0294:fixme:process:NtQueryInformationProcess ProcessHandleCount (0xffffffffffffffff,0x7ffffe83e974,0x00000004,(nil)) stub
0294:fixme:process:NtQueryInformationProcess ProcessHandleTable (0xffffffffffffffff,0x42c80009d000,0x00000fa0,0x7ffffe83e970) stub
042c:fixme:thread:QueryThreadCycleTime (FFFFFFFFFFFFFFFE,00007AC951E6F210): stub!
0138:fixme:thread:QueryThreadCycleTime (FFFFFFFFFFFFFFFE,00007F479C1EF8E0): stub!
0174:fixme:kernelbase:PerfCreateInstance handle 00007604247531F0, guid {dd36a036-c923-4794-b696-70577630b5cf}, name L"WorkUnit|10|656|1005|WebView2: online.html", id 10 semi-stub.
0174:fixme:kernelbase:PerfSetCounterRefValue provider 00007604247531F0, instance 000076042474B7A8, counterid 1, address 0000775400FF297C semi-stub.
0174:fixme:kernelbase:PerfSetCounterRefValue provider 00007604247531F0, instance 000076042474B7A8, counterid 2, address 0000775400FF2978 semi-stub.
0174:fixme:kernelbase:PerfCreateInstance handle 00007604247531F0, guid {dd36a036-c923-4794-b696-70577630b5cf}, name L"WorkUnit|11|684|1005|WebView2: online.html", id 11 semi-stub.
0174:fixme:kernelbase:PerfSetCounterRefValue provider 00007604247531F0, instance 000076042474B858, counterid 1, address 0000775400FF4CBC semi-stub.
0174:fixme:kernelbase:PerfSetCounterRefValue provider 00007604247531F0, instance 000076042474B858, counterid 2, address 0000775400FF4CB8 semi-stub.
019c:fixme:process:NtQueryInformationProcess (0xe4,info_class=64,0x79e095e7f0e0,0x00000060,0x79e095e7f0dc) Unknown information class
019c:fixme:process:NtQueryInformationProcess ProcessHandleCount (0x1c8,0x79e095e7eb8c,0x00000004,(nil)) stub
019c:fixme:dbghelp:elf_search_auxv can't find symbol in module
01bc:fixme:ntdll:NtQuerySystemInformation (0x00000091,0x7604277ef640,0x00000002,(nil)) stub
01bc:fixme:tbs:Tbsi_GetDeviceInfo (16, 00007604277EF630) stub
01cc:fixme:ver:GetPackagesByPackageFamily (L"Microsoft.AV1VideoExtension_8wekyb3d8bbwe" 00007604257AF22C 0000000000000000 00007604257AF228 0000000000000000): stub
01cc:fixme:ver:GetPackagesByPackageFamily (L"Microsoft.HEVCVideoExtension_8wekyb3d8bbwe" 00007604257AF1AC 0000000000000000 00007604257AF1A8 0000000000000000): stub
01cc:fixme:ver:GetPackagesByPackageFamily (L"Microsoft.HEVCVideoExtensions_8wekyb3d8bbwe" 00007604257AF1AC 0000000000000000 00007604257AF1A8 0000000000000000): stub
01cc:fixme:thread:NtSetInformationThread ThreadPowerThrottling stub!
01cc:fixme:thread:NtSetInformationThread info class 24 not supported yet
01cc:fixme:thread:NtSetInformationThread ThreadPowerThrottling stub!
01c8:fixme:thread:NtSetInformationThread ThreadPowerThrottling stub!
0058:fixme:mountmgr:query_property Faking StorageDeviceProperty data
01c8:fixme:thread:NtSetInformationThread info class 24 not supported yet
01c8:fixme:thread:NtSetInformationThread ThreadPowerThrottling stub!
01c8:fixme:thread:NtSetInformationThread ThreadPowerThrottling stub!
01c8:fixme:thread:NtSetInformationThread info class 24 not supported yet
01c8:fixme:thread:NtSetInformationThread ThreadPowerThrottling stub!
0438:fixme:thread:NtSetInformationThread info class 24 not supported yet
0438:fixme:thread:NtSetInformationThread ThreadPowerThrottling stub!
01cc:fixme:thread:NtSetInformationThread ThreadPowerThrottling stub!
01cc:fixme:ver:GetCurrentPackageFullName (00007604257AF08C 00007604257AF090): stub
01c8:fixme:thread:NtSetInformationThread ThreadPowerThrottling stub!
01c8:fixme:ver:GetCurrentPackageFullName (0000760425FBF08C 0000760425FBF090): stub
01cc:fixme:thread:NtSetInformationThread info class 24 not supported yet
01cc:fixme:thread:NtSetInformationThread ThreadPowerThrottling stub!
01c8:fixme:thread:NtSetInformationThread info class 24 not supported yet
01c8:fixme:thread:NtSetInformationThread ThreadPowerThrottling stub!
01cc:fixme:ver:GetCurrentPackageFullName (00007604257AF08C 00007604257AF090): stub
01c8:fixme:ver:GetCurrentPackageFullName (0000760425FBF08C 0000760425FBF090): stub
01cc:fixme:thread:NtSetInformationThread ThreadPowerThrottling stub!
01cc:fixme:ncrypt:NCryptOpenStorageProvider (00007604257AF410, L"Microsoft Platform Crypto Provider", 0): stub
01cc:fixme:thread:NtSetInformationThread info class 24 not supported yet
01cc:fixme:thread:NtSetInformationThread ThreadPowerThrottling stub!
01cc:fixme:thread:NtSetInformationThread ThreadPowerThrottling stub!
01cc:fixme:thread:NtSetInformationThread info class 24 not supported yet
01cc:fixme:thread:NtSetInformationThread ThreadPowerThrottling stub!
01cc:fixme:thread:NtSetInformationThread ThreadPowerThrottling stub!
01cc:fixme:ncrypt:NCryptOpenStorageProvider (00007604257AF420, L"Microsoft Software Key Storage Provider", 0): stub
01cc:fixme:thread:NtSetInformationThread info class 24 not supported yet
01cc:fixme:thread:NtSetInformationThread ThreadPowerThrottling stub!
01cc:fixme:thread:NtSetInformationThread ThreadPowerThrottling stub!
01cc:fixme:ncrypt:NCryptOpenStorageProvider (00007604257AF3E0, L"Microsoft Software Key Storage Provider", 0): stub
01cc:fixme:thread:NtSetInformationThread info class 24 not supported yet
01cc:fixme:thread:NtSetInformationThread ThreadPowerThrottling stub!
01cc:fixme:thread:NtSetInformationThread ThreadPowerThrottling stub!
01cc:fixme:ncrypt:NCryptCreatePersistedKey Persistent keys are not supported
01cc:fixme:thread:NtSetInformationThread info class 24 not supported yet
01cc:fixme:thread:NtSetInformationThread ThreadPowerThrottling stub!
01cc:fixme:thread:NtSetInformationThread ThreadPowerThrottling stub!
01cc:fixme:thread:NtSetInformationThread info class 24 not supported yet
01cc:fixme:thread:NtSetInformationThread ThreadPowerThrottling stub!
01cc:fixme:thread:NtSetInformationThread ThreadPowerThrottling stub!
01cc:fixme:ncrypt:NCryptOpenStorageProvider (00007604257AF3E0, L"Microsoft Software Key Storage Provider", 0): stub
01cc:fixme:ncrypt:NCryptOpenKey (0x7603f72a62f0, 00007604257AF380, L"ChromeMetricsTestKey", 0, 0): stub
01cc:fixme:thread:NtSetInformationThread info class 24 not supported yet
01cc:fixme:thread:NtSetInformationThread ThreadPowerThrottling stub!
01cc:fixme:thread:NtSetInformationThread ThreadPowerThrottling stub!
01cc:fixme:ncrypt:NCryptSignHash Silent flag not implemented
01cc:fixme:thread:NtSetInformationThread info class 24 not supported yet
01cc:fixme:thread:NtSetInformationThread ThreadPowerThrottling stub!
01cc:fixme:ncrypt:NCryptDeleteKey (0x7603f72a6320, 0x40): stub
01cc:fixme:thread:NtSetInformationThread ThreadPowerThrottling stub!
01cc:fixme:ncrypt:NCryptOpenStorageProvider (00007604257AF3E0, L"Microsoft Platform Crypto Provider", 0): stub
01cc:fixme:thread:NtSetInformationThread info class 24 not supported yet
01cc:fixme:thread:NtSetInformationThread ThreadPowerThrottling stub!
01cc:fixme:thread:NtSetInformationThread ThreadPowerThrottling stub!
01cc:fixme:thread:NtSetInformationThread info class 24 not supported yet
01cc:fixme:thread:NtSetInformationThread ThreadPowerThrottling stub!
01cc:fixme:bcrypt:export_asymmetric_key unsupported blob type L"OpaqueKeyBlob"
01cc:fixme:ncrypt:map_ntstatus unhandled status 0xc0000002
01cc:fixme:file:ReplaceFileW Ignoring flags 2
01c8:fixme:file:ReplaceFileW Ignoring flags 2
01cc:fixme:file:ReplaceFileW Ignoring flags 2
01c8:fixme:file:ReplaceFileW Ignoring flags 2
01cc:fixme:file:ReplaceFileW Ignoring flags 2
01cc:fixme:file:ReplaceFileW Ignoring flags 2
019c:fixme:dbghelp:MiniDumpWriteDump NIY MiniDumpWithDataSegs
019c:fixme:dbghelp:MiniDumpWriteDump NIY MiniDumpWithHandleData
019c:fixme:dbghelp:elf_search_auxv can't find symbol in module
0228:fixme:dcomp:visual_AddVisual iface 000078956B0C3530, visual 000078956B0C35C0, insert_above 0, reference_visual 0000000000000000.
0228:fixme:dcomp:visual_AddVisual iface 000078956B0C35C0, visual 000078956B0C3650, insert_above 0, reference_visual 0000000000000000.
0228:fixme:dcomp:visual_AddVisual iface 000078956B0C3650, visual 000078956B0C36E0, insert_above 0, reference_visual 0000000000000000.
0228:fixme:dcomp:visual_AddVisual iface 000078956B0C3650, visual 000078956B0C3770, insert_above 0, reference_visual 0000000000000000.
0228:fixme:dcomp:visual_SetClip iface 000078956B0C3770, rect 00007FFFFE83D020 stub!
019c:fixme:process:NtQueryInformationProcess (0xe4,info_class=64,0x79e095e7f220,0x00000060,0x79e095e7f21c) Unknown information class
019c:fixme:process:NtQueryInformationProcess ProcessHandleCount (0x1c8,0x79e095e7eccc,0x00000004,(nil)) stub
019c:fixme:dbghelp:elf_search_auxv can't find symbol in module
02dc:fixme:winsock:setsockopt Ignoring SO_RANDOMIZE_PORT
01c4:fixme:thread:NtSetInformationThread ThreadPowerThrottling stub!
01c4:fixme:file:ReplaceFileW Ignoring flags 2
01c4:fixme:thread:NtSetInformationThread ThreadPowerThrottling stub!
01c4:fixme:thread:NtSetInformationThread ThreadPowerThrottling stub!
01c4:fixme:file:ReplaceFileW Ignoring flags 2
01c4:fixme:thread:NtSetInformationThread ThreadPowerThrottling stub!
02d4:fixme:thread:NtSetInformationThread ThreadPowerThrottling stub!
02d4:fixme:file:ReplaceFileW Ignoring flags 2
02d4:fixme:thread:NtSetInformationThread info class 24 not supported yet
02d4:fixme:thread:NtSetInformationThread ThreadPowerThrottling stub!
019c:fixme:dbghelp:MiniDumpWriteDump NIY MiniDumpWithDataSegs
019c:fixme:dbghelp:MiniDumpWriteDump NIY MiniDumpWithHandleData
019c:fixme:dbghelp:elf_search_auxv can't find symbol in module
0174:fixme:process:NtQueryInformationProcess ProcessCycleTime (0x314,0x7ffffe83da50,0x00000010,(nil)) stub
0208:fixme:ntdll:NtFilterToken flags 0x1 unsupported
0208:fixme:ntdll:NtFilterToken support for restricting sids not yet implemented
0208:fixme:advapi:SetEntriesInAclW unhandled access mode 4
0208:fixme:ntdll:NtFilterToken support for restricting sids not yet implemented
0208:fixme:advapi:SetEntriesInAclW unhandled access mode 4
0208:fixme:sync:NtSetInformationJobObject stub: 0x3b0 4 0x7603fcf8eabc 4
0208:fixme:process:GetProcessMitigationPolicy (FFFFFFFFFFFFFFFF, 5, 000000014037B290, 8): stub
0208:fixme:process:validate_proc_thread_attribute Unhandled attribute 26
0024:fixme:shell:SHGetPropertyStoreForWindow (0000000000020096 00006FFFF57DD1B8 00007FFFFE139C90) stub!
0024:fixme:shell:window_prop_store_GetValue 00007F46D8CF0D00, {{9f4c2855-9f79-4b39-a8d0-e1d42de1d5f3},5}, 00007FFFFE139C70
0024:fixme:ver:GetCurrentApplicationUserModelId (00007FFFFE139C90 00000358000C6BC0): stub
0024:fixme:shell:SHGetPropertyStoreForWindow (0000000000020096 00006FFFF57DD1B8 00007FFFFE139C90) stub!
0024:fixme:shell:window_prop_store_GetValue 00007F46D8CF0D30, {{9f4c2855-9f79-4b39-a8d0-e1d42de1d5f3},5}, 00007FFFFE139C70
0024:fixme:ver:GetCurrentApplicationUserModelId (00007FFFFE139C90 00000358000C5F40): stub
0174:fixme:system:EnableNonClientDpiScaling (00000000000300E4): stub
0024:fixme:msg:ChangeWindowMessageFilterEx 0000000000020144 c04b 1 0000000000000000
0024:fixme:msg:ChangeWindowMessageFilterEx 0000000000020144 c04c 1 0000000000000000
0024:fixme:msg:ChangeWindowMessageFilterEx 0000000000020144 c04d 1 0000000000000000
0024:fixme:msg:ChangeWindowMessageFilterEx 0000000000020144 c04e 1 0000000000000000
0174:fixme:combase:RoGetActivationFactory (L"Windows.Media.ClosedCaptioning.ClosedCaptionProperties", {10aa1f84-cc30-4141-b503-5272289e0c20}, 00007FFFFE83B178): semi-stub
0174:fixme:media:captions_get_FontSize iface 00006FFFE3174048, value 00007FFFFE83B174 semi-stub.
0174:fixme:media:captions_get_FontEffect iface 00006FFFE3174048, value 00007FFFFE83B170 semi-stub.
0174:fixme:media:captions_get_FontStyle iface 00006FFFE3174048, value 00007FFFFE83B16C semi-stub.
0174:fixme:media:captions_get_FontColor iface 00006FFFE3174048, value 00007FFFFE83B168 semi-stub.
0174:fixme:media:captions_get_FontOpacity iface 00006FFFE3174048, value 00007FFFFE83B164 semi-stub.
0174:fixme:media:captions_get_BackgroundColor iface 00006FFFE3174048, value 00007FFFFE83B160 semi-stub.
0174:fixme:media:captions_get_BackgroundOpacity iface 00006FFFE3174048, value 00007FFFFE83B15C semi-stub.
0174:fixme:media:captions_get_RegionColor iface 00006FFFE3174048, value 00007FFFFE83B158 semi-stub.
0174:fixme:media:captions_get_RegionOpacity iface 00006FFFE3174048, value 00007FFFFE83B154 semi-stub.
0174:fixme:win:NtUserGetWindowDisplayAffinity 0x300e4, 0x7ffffe83a870: stub
0208:fixme:ntdll:NtFilterToken flags 0x1 unsupported
0208:fixme:ntdll:NtFilterToken support for restricting sids not yet implemented
0208:fixme:advapi:SetEntriesInAclW unhandled access mode 4
0208:fixme:ntdll:NtSetInformationToken TokenIntegrityLevel stub!
0174:fixme:manipulation:viewport_ActivateConfiguration 00007603F71D2B30, 823
0174:fixme:manipulation:viewport_SetViewportOptions 00007603F71D2B30, 2
0174:fixme:manipulation:viewport_AddEventHandler 00007603F71D2B30, 0000000000030116, 0000775400B47720, 0000775400B457F0
0174:fixme:manipulation:viewport_Stop 00007603F71D2B30
0174:fixme:manipulation:viewport_RemoveEventHandler 00007603F71D2B30, 0
0174:fixme:manipulation:viewport_Abandon 00007603F71D2B30
0174:fixme:manipulation:direct_manip_Deactivate 00007603F71D2A40, 0000000000030116
0208:fixme:ntdll:NtFilterToken support for restricting sids not yet implemented
0208:fixme:advapi:SetEntriesInAclW unhandled access mode 4
0208:fixme:ntdll:NtSetInformationToken TokenIntegrityLevel stub!
0174:fixme:msctf:SetInputScope STUB: 00000000000300E4 0
0174:fixme:manipulation:viewport_ActivateConfiguration 00007603F71D2B30, 823
0174:fixme:manipulation:viewport_SetViewportOptions 00007603F71D2B30, 2
0174:fixme:manipulation:viewport_AddEventHandler 00007603F71D2B30, 0000000000030116, 0000775400B47720, 0000775400B457F0
0174:fixme:manipulation:viewport_Stop 00007603F71D2B30
0174:fixme:manipulation:viewport_RemoveEventHandler 00007603F71D2B30, 0
0174:fixme:manipulation:viewport_Abandon 00007603F71D2B30
0174:fixme:manipulation:direct_manip_Deactivate 00007603F71D2A40, 0000000000030116
0208:fixme:sync:NtSetInformationJobObject stub: 0x870 4 0x7603fcf8eabc 4
0174:fixme:manipulation:viewport_ActivateConfiguration 00007603F71D2B30, 823
0174:fixme:manipulation:viewport_SetViewportOptions 00007603F71D2B30, 2
0174:fixme:manipulation:viewport_AddEventHandler 00007603F71D2B30, 0000000000030116, 0000775400B47720, 0000775400B457F0
0174:fixme:manipulation:viewport_Stop 00007603F71D2B30
0174:fixme:manipulation:viewport_RemoveEventHandler 00007603F71D2B30, 0
0174:fixme:manipulation:viewport_Abandon 00007603F71D2B30
0174:fixme:manipulation:direct_manip_Deactivate 00007603F71D2A40, 0000000000030116
0208:fixme:process:GetProcessMitigationPolicy (FFFFFFFFFFFFFFFF, 5, 000000014037B290, 8): stub
0208:fixme:process:validate_proc_thread_attribute Unhandled attribute 26
0174:fixme:manipulation:viewport_ActivateConfiguration 00007603F71D2B30, 823
0174:fixme:manipulation:viewport_SetViewportOptions 00007603F71D2B30, 2
0174:fixme:manipulation:viewport_AddEventHandler 00007603F71D2B30, 0000000000030116, 0000775400B47220, 0000775400B451F0
0174:fixme:manipulation:viewport_Stop 00007603F71D2B30
0174:fixme:manipulation:viewport_RemoveEventHandler 00007603F71D2B30, 0
0174:fixme:manipulation:viewport_Abandon 00007603F71D2B30
0174:fixme:manipulation:direct_manip_Deactivate 00007603F71D2A40, 0000000000030116
0174:fixme:system:EnableNonClientDpiScaling (0000000000020158): stub
0174:fixme:combase:RoGetActivationFactory (L"Windows.Media.ClosedCaptioning.ClosedCaptionProperties", {10aa1f84-cc30-4141-b503-5272289e0c20}, 00007FFFFE83B178): semi-stub
0174:fixme:media:captions_get_FontSize iface 00006FFFE3174048, value 00007FFFFE83B174 semi-stub.
0174:fixme:media:captions_get_FontEffect iface 00006FFFE3174048, value 00007FFFFE83B170 semi-stub.
0174:fixme:media:captions_get_FontStyle iface 00006FFFE3174048, value 00007FFFFE83B16C semi-stub.
0174:fixme:media:captions_get_FontColor iface 00006FFFE3174048, value 00007FFFFE83B168 semi-stub.
0174:fixme:media:captions_get_FontOpacity iface 00006FFFE3174048, value 00007FFFFE83B164 semi-stub.
0174:fixme:media:captions_get_BackgroundColor iface 00006FFFE3174048, value 00007FFFFE83B160 semi-stub.
0174:fixme:media:captions_get_BackgroundOpacity iface 00006FFFE3174048, value 00007FFFFE83B15C semi-stub.
0174:fixme:media:captions_get_RegionColor iface 00006FFFE3174048, value 00007FFFFE83B158 semi-stub.
0174:fixme:media:captions_get_RegionOpacity iface 00006FFFE3174048, value 00007FFFFE83B154 semi-stub.
0174:fixme:win:NtUserGetWindowDisplayAffinity 0x20158, 0x7ffffe83a870: stub
0174:fixme:manipulation:viewport_ActivateConfiguration 00007603F71D2BC0, 823
0174:fixme:manipulation:viewport_SetViewportOptions 00007603F71D2BC0, 2
0174:fixme:manipulation:viewport_AddEventHandler 00007603F71D2BC0, 000000000003014C, 00007754017EB9A0, 00007754017E83F0
0174:fixme:manipulation:viewport_Stop 00007603F71D2BC0
0174:fixme:manipulation:viewport_RemoveEventHandler 00007603F71D2BC0, -230051136
0174:fixme:manipulation:viewport_Abandon 00007603F71D2BC0
0174:fixme:manipulation:direct_manip_Deactivate 00007603F71D2AD0, 000000000003014C
0174:fixme:msctf:SetInputScope STUB: 0000000000020158 0
0174:fixme:manipulation:viewport_ActivateConfiguration 00007603F71D2BC0, 823
0174:fixme:manipulation:viewport_SetViewportOptions 00007603F71D2BC0, 2
0174:fixme:manipulation:viewport_AddEventHandler 00007603F71D2BC0, 000000000003014C, 00007754017EB9A0, 00007754017E83F0
0174:fixme:manipulation:viewport_Stop 00007603F71D2BC0
0174:fixme:manipulation:viewport_RemoveEventHandler 00007603F71D2BC0, -230051136
0174:fixme:manipulation:viewport_Abandon 00007603F71D2BC0
0174:fixme:manipulation:direct_manip_Deactivate 00007603F71D2AD0, 000000000003014C
0174:fixme:manipulation:viewport_ActivateConfiguration 00007603F71D2BC0, 823
0174:fixme:manipulation:viewport_SetViewportOptions 00007603F71D2BC0, 2
0174:fixme:manipulation:viewport_AddEventHandler 00007603F71D2BC0, 000000000003014C, 00007754017EB9A0, 00007754017E83F0
0174:fixme:manipulation:viewport_Stop 00007603F71D2BC0
0174:fixme:manipulation:viewport_RemoveEventHandler 00007603F71D2BC0, -230051136
0174:fixme:manipulation:viewport_Abandon 00007603F71D2BC0
0174:fixme:manipulation:direct_manip_Deactivate 00007603F71D2AD0, 000000000003014C
0208:fixme:ntdll:NtFilterToken flags 0x1 unsupported
0208:fixme:ntdll:NtFilterToken support for restricting sids not yet implemented
0208:fixme:advapi:SetEntriesInAclW unhandled access mode 4
0208:fixme:ntdll:NtSetInformationToken TokenIntegrityLevel stub!
0208:fixme:ntdll:NtFilterToken support for restricting sids not yet implemented
0208:fixme:advapi:SetEntriesInAclW unhandled access mode 4
0208:fixme:ntdll:NtSetInformationToken TokenIntegrityLevel stub!
0208:fixme:sync:NtSetInformationJobObject stub: 0xc84 4 0x7603fcf8eabc 4
0208:fixme:process:GetProcessMitigationPolicy (FFFFFFFFFFFFFFFF, 5, 000000014037B290, 8): stub
0208:fixme:process:validate_proc_thread_attribute Unhandled attribute 26
0174:fixme:manipulation:viewport_ActivateConfiguration 00007603F71D2BC0, 823
0174:fixme:manipulation:viewport_SetViewportOptions 00007603F71D2BC0, 2
0174:fixme:manipulation:viewport_AddEventHandler 00007603F71D2BC0, 000000000003014C, 0000775401AE34A0, 0000775401BADA70
0174:fixme:manipulation:viewport_Stop 00007603F71D2BC0
0174:fixme:manipulation:viewport_RemoveEventHandler 00007603F71D2BC0, 0
0174:fixme:manipulation:viewport_Abandon 00007603F71D2BC0
0174:fixme:manipulation:direct_manip_Deactivate 00007603F71D2AD0, 000000000003014C
0024:fixme:menu:NtUserGetSystemMenu not supported on other process window 0x300e4
0174:fixme:process:GetProcessInformation Unsupported information class 4.
01c8:fixme:ver:GetCurrentPackageFullName (0000760425FBF08C 0000760425FBF090): stub
0024:fixme:msg:ChangeWindowMessageFilterEx 0000000000020130 c04b 1 0000000000000000
0024:fixme:msg:ChangeWindowMessageFilterEx 0000000000020130 c04c 1 0000000000000000
0024:fixme:msg:ChangeWindowMessageFilterEx 0000000000020130 c04d 1 0000000000000000
0024:fixme:msg:ChangeWindowMessageFilterEx 0000000000020130 c04e 1 0000000000000000
0024:fixme:menu:NtUserGetSystemMenu not supported on other process window 0x20158
0440:fixme:ntdll:RtlGetDeviceFamilyInfoEnum 0000000000000000 00007FFFFE83F9C4 0000000000000000: stub
0440:fixme:seh:WerRegisterCustomMetadata (L"OfficialBuild", L"1") stub
0440:fixme:seh:WerRegisterCustomMetadata (L"ProcessType", L"gpu-process") stub
0440:fixme:seh:WerRegisterCustomMetadata (L"Channel", L"none") stub
0440:fixme:seh:WerRegisterCustomMetadata (L"WV", L"CLIPStudio.exe") stub
0440:fixme:seh:WerRegisterCustomMetadata (L"WV_V", L"5.1.4") stub
01cc:fixme:ver:GetCurrentPackageFullName (00007604257AF08C 00007604257AF090): stub
0448:fixme:ntdll:RtlGetDeviceFamilyInfoEnum 0000000000000000 00007FFFFE83F934 0000000000000000: stub
0448:fixme:seh:WerRegisterCustomMetadata (L"OfficialBuild", L"1") stub
0448:fixme:seh:WerRegisterCustomMetadata (L"ProcessType", L"renderer") stub
0448:fixme:seh:WerRegisterCustomMetadata (L"Channel", L"none") stub
0448:fixme:seh:WerRegisterCustomMetadata (L"WV", L"CLIPStudio.exe") stub
0448:fixme:seh:WerRegisterCustomMetadata (L"WV_V", L"5.1.4") stub
0174:fixme:process:GetProcessInformation Unsupported information class 4.
0450:fixme:ntdll:RtlGetDeviceFamilyInfoEnum 0000000000000000 00007FFFFE83F934 0000000000000000: stub
0450:fixme:seh:WerRegisterCustomMetadata (L"OfficialBuild", L"1") stub
0450:fixme:seh:WerRegisterCustomMetadata (L"ProcessType", L"renderer") stub
0450:fixme:seh:WerRegisterCustomMetadata (L"Channel", L"none") stub
0450:fixme:seh:WerRegisterCustomMetadata (L"WV", L"CLIPStudio.exe") stub
0450:fixme:seh:WerRegisterCustomMetadata (L"WV_V", L"5.1.4") stub
0440:fixme:virtual:prefetch_memory (process=0xffffffffffffffff,flags=0) NtSetInformationVirtualMemory(VmPrefetchInformation) partial stub
0448:fixme:virtual:prefetch_memory (process=0xffffffffffffffff,flags=0) NtSetInformationVirtualMemory(VmPrefetchInformation) partial stub
0450:fixme:virtual:prefetch_memory (process=0xffffffffffffffff,flags=0) NtSetInformationVirtualMemory(VmPrefetchInformation) partial stub
0448:fixme:process:SetProcessShutdownParameters (0000027f, 00000001): partial stub.
0448:fixme:process:SetProcessShutdownParameters (0000027f, 00000001): partial stub.
0448:fixme:thread:NtSetInformationThread ThreadPowerThrottling stub!
0448:fixme:thread:NtSetInformationThread ThreadPowerThrottling stub!
0448:fixme:heap:RtlSetHeapInformation HEAP_INFORMATION_CLASS 1 not implemented!
0448:fixme:ntdll:RtlGetDeviceFamilyInfoEnum 0000000000000000 00007FFFFE83EAA4 0000000000000000: stub
0448:fixme:ntdll:EtwRegisterTraceGuidsW   register trace class {00000000-0000-0000-0000-000000000000}
0448:fixme:process:GetProcessMitigationPolicy (FFFFFFFFFFFFFFFF, 4, 00007FFFFE83F114, 4): stub
0440:fixme:process:SetProcessShutdownParameters (0000027f, 00000001): partial stub.
0440:fixme:process:SetProcessShutdownParameters (0000027f, 00000001): partial stub.
0440:fixme:thread:NtSetInformationThread ThreadPowerThrottling stub!
0440:fixme:thread:NtSetInformationThread ThreadPowerThrottling stub!
0440:fixme:heap:RtlSetHeapInformation HEAP_INFORMATION_CLASS 1 not implemented!
0440:fixme:ntdll:RtlGetDeviceFamilyInfoEnum 0000000000000000 00007FFFFE83EB34 0000000000000000: stub
0440:fixme:ntdll:EtwRegisterTraceGuidsW   register trace class {00000000-0000-0000-0000-000000000000}
0440:fixme:process:GetProcessMitigationPolicy (FFFFFFFFFFFFFFFF, 4, 00007FFFFE83F1A4, 4): stub
0440:fixme:seh:WerRegisterCustomMetadata (L"MetricsClientIdHash", L"1542954672516919668") stub
0440:fixme:seh:WerRegisterCustomMetadata (L"MetricsSessionId", L"2") stub
0440:fixme:seh:WerRegisterCustomMetadata (L"VariationsSeedETag", L"\"lv22sejrDwz4FWj7eRYExmwWZsIbyxJKdnQS2d/KrCo=\"") stub
0440:fixme:seh:WerRegisterCustomMetadata (L"RuntimeVariationsSeedETag", L"\"JHaGKqYIj1q/zMvgOLYKnwxYIg8QAAYadtakLEVvKWY=\"") stub
0448:fixme:thread:NtSetInformationThread ThreadPowerThrottling stub!
0464:fixme:thread:NtSetInformationThread info class 24 not supported yet
0464:fixme:thread:NtSetInformationThread ThreadPowerThrottling stub!
0448:fixme:ntdll:NtQuerySystemInformation info_class SYSTEM_PERFORMANCE_INFORMATION
046c:fixme:thread:NtSetInformationThread ThreadPowerThrottling stub!
0174:fixme:process:NtQueryInformationProcess ProcessCycleTime (0x808,0x7ffffe83df10,0x00000010,(nil)) stub
0448:fixme:ntdll:EtwEventSetInformation (deadbeef, 2, 00006FFFF3AA3A3E, 8) stub
0440:fixme:thread:NtSetInformationThread ThreadPowerThrottling stub!
0440:fixme:dxcore:dxcore_adapter_factory_CreateAdapterList iface 00006FFFE2FC4030, num_attributes 1, filter_attributes 00007FFFFE83DF80, riid {526c7776-40e9-459b-b711-f32ad76dfc28}, out 00007FFFFE83DEB0 semi-stub!
libEGL warning: DRI3 error: Could not get DRI3 device
libEGL warning: Ensure your X server supports DRI3 to get accelerated rendering
0450:fixme:process:SetProcessShutdownParameters (0000027f, 00000001): partial stub.
0450:fixme:process:SetProcessShutdownParameters (0000027f, 00000001): partial stub.
0450:fixme:thread:NtSetInformationThread ThreadPowerThrottling stub!
0450:fixme:thread:NtSetInformationThread ThreadPowerThrottling stub!
0450:fixme:heap:RtlSetHeapInformation HEAP_INFORMATION_CLASS 1 not implemented!
0450:fixme:ntdll:RtlGetDeviceFamilyInfoEnum 0000000000000000 00007FFFFE83EAA4 0000000000000000: stub
0450:fixme:ntdll:EtwRegisterTraceGuidsW   register trace class {00000000-0000-0000-0000-000000000000}
0450:fixme:process:GetProcessMitigationPolicy (FFFFFFFFFFFFFFFF, 4, 00007FFFFE83F114, 4): stub
0450:fixme:thread:NtSetInformationThread ThreadPowerThrottling stub!
048c:fixme:thread:NtSetInformationThread info class 24 not supported yet
048c:fixme:thread:NtSetInformationThread ThreadPowerThrottling stub!
0450:fixme:ntdll:NtQuerySystemInformation info_class SYSTEM_PERFORMANCE_INFORMATION
0494:fixme:thread:NtSetInformationThread ThreadPowerThrottling stub!
0174:fixme:process:NtQueryInformationProcess ProcessCycleTime (0xc90,0x7ffffe83df10,0x00000010,(nil)) stub
0450:fixme:ntdll:EtwEventSetInformation (deadbeef, 2, 00006FFFF3AA3A3E, 8) stub
0440:fixme:d3d:wined3d_guess_card No card selector available for card vendor 0000 (using GL_RENDERER "llvmpipe (LLVM 21.1.8, 256 bits)").
0440:fixme:ntdll:NtQuerySystemInformation info_class SYSTEM_PERFORMANCE_INFORMATION
047c:fixme:kernelbase:AppPolicyGetThreadInitializationType FFFFFFFFFFFFFFFA, 00007E2A6D76FEC0
0440:fixme:dxcore:dxcore_adapter_GetProperty Returning all adapters as Hardware.
0440:fixme:dxcore:dxcore_adapter_IsAttributeSupported iface 00007FFFFEE350E0, attribute {0c9ece4d-2f6e-4f01-8c96-e89e331b47b1} stub!
0440:fixme:dxcore:dxcore_adapter_IsAttributeSupported iface 00007FFFFEE350E0, attribute {8c47866b-7583-450d-f0f0-6bada895af4b} stub!
0440:fixme:d3d:wined3d_guess_card No card selector available for card vendor 0000 (using GL_RENDERER "llvmpipe (LLVM 21.1.8, 256 bits)").
0440:fixme:ver:GetPackagesByPackageFamily (L"DolbyLaboratories.DolbyDigitalPlusDecoderOEM_rz1tebttyb220" 00007FFFFE83E03C 0000000000000000 00007FFFFE83E038 0000000000000000): stub
0440:fixme:ver:GetPackagesByPackageFamily (L"DolbyLaboratories.DolbyAC4DecoderOEM_rz1tebttyb220" 00007FFFFE83E03C 0000000000000000 00007FFFFE83E038 0000000000000000): stub
0440:fixme:ver:GetPackagesByPackageFamily (L"Microsoft.HEVCVideoExtension_8wekyb3d8bbwe" 00007FFFFE83E03C 0000000000000000 00007FFFFE83E038 0000000000000000): stub
0440:fixme:ver:GetPackagesByPackageFamily (L"Microsoft.HEVCVideoExtensions_8wekyb3d8bbwe" 00007FFFFE83E03C 0000000000000000 00007FFFFE83E038 0000000000000000): stub
0440:fixme:ver:GetPackagesByPackageFamily (L"DolbyLaboratories.DolbyVisionAccess_rz1tebttyb220" 00007FFFFE83E03C 0000000000000000 00007FFFFE83E038 0000000000000000): stub
0440:fixme:ver:GetPackagesByPackageFamily (L"DolbyLaboratories.DolbyVisionHDR_rz1tebttyb220" 00007FFFFE83E03C 0000000000000000 00007FFFFE83E038 0000000000000000): stub
04ac:fixme:thread:NtSetInformationThread ThreadPowerThrottling stub!
04b4:fixme:thread:NtSetInformationThread info class 24 not supported yet
04b4:fixme:thread:NtSetInformationThread ThreadPowerThrottling stub!
0448:fixme:ntdll:EtwEventSetInformation (deadbeef, 2, 000028A400035D28, 26) stub
0448:fixme:wldp:WldpQueryWindowsLockdownMode 00007FFFFE83EA84
0448:fixme:ntdll:NtSetInformationToken TokenIntegrityLevel stub!
0448:fixme:process:NtQueryInformationProcess ProcessHandleCount (0xffffffffffffffff,0x7ffffe83e974,0x00000004,(nil)) stub
0448:fixme:process:NtQueryInformationProcess ProcessHandleTable (0xffffffffffffffff,0x35d80009d000,0x00000fa0,0x7ffffe83e970) stub
04a8:fixme:thread:QueryThreadCycleTime (0000000000000124,00007589537EFD50): stub!
04a4:fixme:kernelbase:AppPolicyGetThreadInitializationType FFFFFFFFFFFFFFFA, 0000717A777DFEC0
0440:fixme:d3d:wined3d_guess_card No card selector available for card vendor 0000 (using GL_RENDERER "llvmpipe (LLVM 21.1.8, 256 bits)").
0174:fixme:kernelbase:PerfCreateInstance handle 00007604247531F0, guid {dd36a036-c923-4794-b696-70577630b5cf}, name L"WorkUnit|12|1100|1014|WebView2 Renderer", id 12 semi-stub.
0174:fixme:kernelbase:PerfSetCounterRefValue provider 00007604247531F0, instance 00007603F72BA668, counterid 1, address 0000775400B7729C semi-stub.
0174:fixme:kernelbase:PerfSetCounterRefValue provider 00007604247531F0, instance 00007603F72BA668, counterid 2, address 0000775400B77298 semi-stub.
0174:fixme:kernelbase:PerfCreateInstance handle 00007604247531F0, guid {dd36a036-c923-4794-b696-70577630b5cf}, name L"WorkUnit|13|1092|1005|WebView2: about:blank", id 13 semi-stub.
0174:fixme:kernelbase:PerfSetCounterRefValue provider 00007604247531F0, instance 000076042474B648, counterid 1, address 0000775400C0DD3C semi-stub.
0174:fixme:kernelbase:PerfSetCounterRefValue provider 00007604247531F0, instance 000076042474B648, counterid 2, address 0000775400C0DD38 semi-stub.
0440:fixme:d3d11:d3d11_device_CheckFeatureSupport Returning fake Options support data.
0440:fixme:d3d11:d3d11_device_CheckFormatSupport iface 00007FFFFEE30740, format 85, format_support 00007FFFFEE748B0 partial-stub!
0440:fixme:d3d11:d3d11_device_CheckFormatSupport iface 00007FFFFEE30740, format 115, format_support 00007FFFFEE748B8 partial-stub!
0440:fixme:d3d11:d3d11_device_CheckFormatSupport iface 00007FFFFEE30740, format 86, format_support 00007FFFFEE748C0 partial-stub!
0440:fixme:d3d11:d3d11_device_CheckFormatSupport iface 00007FFFFEE30740, format 88, format_support 00007FFFFE83D9F8 partial-stub!
0440:fixme:d3d11:d3d11_device_CheckFormatSupport iface 00007FFFFEE30740, format 88, format_support 00007FFFFE83D9F8 partial-stub!
0440:fixme:d3d11:d3d11_device_CheckFormatSupport iface 00007FFFFEE30740, format 87, format_support 00007FFFFE83D9F8 partial-stub!
0440:fixme:d3d11:d3d11_device_CheckFormatSupport iface 00007FFFFEE30740, format 87, format_support 00007FFFFE83D9F8 partial-stub!
0440:fixme:d3d11:d3d11_device_CheckFormatSupport iface 00007FFFFEE30740, format 87, format_support 00007FFFFE83D9F8 partial-stub!
0440:fixme:d3d11:d3d11_device_CheckFormatSupport iface 00007FFFFEE30740, format 87, format_support 00007FFFFE83D9F8 partial-stub!
0440:fixme:d3d11:d3d11_device_CheckFormatSupport iface 00007FFFFEE30740, format 91, format_support 00007FFFFE83D9F8 partial-stub!
0440:fixme:d3d11:d3d11_device_CheckFormatSupport iface 00007FFFFEE30740, format 91, format_support 00007FFFFE83D9F8 partial-stub!
0440:fixme:d3d11:d3d11_device_CheckFormatSupport iface 00007FFFFEE30740, format 24, format_support 00007FFFFE83D9F8 partial-stub!
0440:fixme:d3d11:d3d11_device_CheckFormatSupport iface 00007FFFFEE30740, format 93, format_support 00007FFFFE83D9F8 partial-stub!
0440:fixme:d3d11:d3d11_device_CheckFormatSupport iface 00007FFFFEE30740, format 93, format_support 00007FFFFE83D9F8 partial-stub!
0440:fixme:d3d11:d3d11_device_CheckFormatSupport iface 00007FFFFEE30740, format 93, format_support 00007FFFFE83D9F8 partial-stub!
0440:fixme:d3d11:d3d11_device_CheckFormatSupport iface 00007FFFFEE30740, format 93, format_support 00007FFFFE83D9F8 partial-stub!
0440:fixme:d3d11:d3d11_device_CheckFormatSupport iface 00007FFFFEE30740, format 65, format_support 00007FFFFE83D9F8 partial-stub!
0440:fixme:d3d11:d3d11_device_CheckFormatSupport iface 00007FFFFEE30740, format 28, format_support 00007FFFFE83D9F8 partial-stub!
0440:fixme:d3d11:d3d11_device_CheckFormatSupport iface 00007FFFFEE30740, format 28, format_support 00007FFFFE83D9F8 partial-stub!
0440:fixme:d3d11:d3d11_device_CheckFormatSupport iface 00007FFFFEE30740, format 28, format_support 00007FFFFE83D9F8 partial-stub!
0440:fixme:d3d11:d3d11_device_CheckFormatSupport iface 00007FFFFEE30740, format 28, format_support 00007FFFFE83D9F8 partial-stub!
0440:fixme:d3d11:d3d11_device_CheckFormatSupport iface 00007FFFFEE30740, format 24, format_support 00007FFFFE83D9F8 partial-stub!
0440:fixme:d3d11:d3d11_device_CheckFormatSupport iface 00007FFFFEE30740, format 11, format_support 00007FFFFE83D9F8 partial-stub!
0440:fixme:d3d11:d3d11_device_CheckFormatSupport iface 00007FFFFEE30740, format 28, format_support 00007FFFFE83D9F8 partial-stub!
0440:fixme:d3d11:d3d11_device_CheckFormatSupport iface 00007FFFFEE30740, format 28, format_support 00007FFFFE83D9F8 partial-stub!
0440:fixme:d3d11:d3d11_device_CheckFormatSupport iface 00007FFFFEE30740, format 28, format_support 00007FFFFE83D9F8 partial-stub!
0440:fixme:d3d11:d3d11_device_CheckFormatSupport iface 00007FFFFEE30740, format 24, format_support 00007FFFFE83D9F8 partial-stub!
0440:fixme:d3d11:d3d11_device_CheckFormatSupport iface 00007FFFFEE30740, format 11, format_support 00007FFFFE83D9F8 partial-stub!
0440:fixme:d3d11:d3d11_device_CheckFormatSupport iface 00007FFFFEE30740, format 55, format_support 00007FFFFE83D9F8 partial-stub!
0440:fixme:d3d11:d3d11_device_CheckFormatSupport iface 00007FFFFEE30740, format 45, format_support 00007FFFFE83D9F8 partial-stub!
0440:fixme:d3d11:d3d11_device_CheckFormatSupport iface 00007FFFFEE30740, format 45, format_support 00007FFFFE83D9F8 partial-stub!
0440:fixme:d3d11:d3d11_device_CheckFormatSupport iface 00007FFFFEE30740, format 61, format_support 00007FFFFE83D9F8 partial-stub!
0440:fixme:d3d11:d3d11_device_CheckFormatSupport iface 00007FFFFEE30740, format 56, format_support 00007FFFFE83D9F8 partial-stub!
0440:fixme:d3d11:d3d11_device_CheckFormatSupport iface 00007FFFFEE30740, format 49, format_support 00007FFFFE83D9F8 partial-stub!
0440:fixme:d3d11:d3d11_device_CheckFormatSupport iface 00007FFFFEE30740, format 35, format_support 00007FFFFE83D9F8 partial-stub!
0440:fixme:d3d11:d3d11_device_CheckFormatSupport iface 00007FFFFEE30740, format 54, format_support 00007FFFFE83D9F8 partial-stub!
0440:fixme:d3d11:d3d11_device_CheckFormatSupport iface 00007FFFFEE30740, format 41, format_support 00007FFFFE83D9F8 partial-stub!
0440:fixme:d3d11:d3d11_device_CheckFormatSupport iface 00007FFFFEE30740, format 34, format_support 00007FFFFE83D9F8 partial-stub!
0440:fixme:d3d11:d3d11_device_CheckFormatSupport iface 00007FFFFEE30740, format 16, format_support 00007FFFFE83D9F8 partial-stub!
0440:fixme:d3d11:d3d11_device_CheckFormatSupport iface 00007FFFFEE30740, format 64, format_support 00007FFFFE83D9F8 partial-stub!
0440:fixme:d3d11:d3d11_device_CheckFormatSupport iface 00007FFFFEE30740, format 62, format_support 00007FFFFE83D9F8 partial-stub!
0440:fixme:d3d11:d3d11_device_CheckFormatSupport iface 00007FFFFEE30740, format 59, format_support 00007FFFFE83D9F8 partial-stub!
0440:fixme:d3d11:d3d11_device_CheckFormatSupport iface 00007FFFFEE30740, format 57, format_support 00007FFFFE83D9F8 partial-stub!
0440:fixme:d3d11:d3d11_device_CheckFormatSupport iface 00007FFFFEE30740, format 43, format_support 00007FFFFE83D9F8 partial-stub!
0440:fixme:d3d11:d3d11_device_CheckFormatSupport iface 00007FFFFEE30740, format 42, format_support 00007FFFFE83D9F8 partial-stub!
0440:fixme:d3d11:d3d11_device_CheckFormatSupport iface 00007FFFFEE30740, format 52, format_support 00007FFFFE83D9F8 partial-stub!
0440:fixme:d3d11:d3d11_device_CheckFormatSupport iface 00007FFFFEE30740, format 50, format_support 00007FFFFE83D9F8 partial-stub!
0440:fixme:d3d11:d3d11_device_CheckFormatSupport iface 00007FFFFEE30740, format 38, format_support 00007FFFFE83D9F8 partial-stub!
0440:fixme:d3d11:d3d11_device_CheckFormatSupport iface 00007FFFFEE30740, format 36, format_support 00007FFFFE83D9F8 partial-stub!
0440:fixme:d3d11:d3d11_device_CheckFormatSupport iface 00007FFFFEE30740, format 18, format_support 00007FFFFE83D9F8 partial-stub!
0440:fixme:d3d11:d3d11_device_CheckFormatSupport iface 00007FFFFEE30740, format 17, format_support 00007FFFFE83D9F8 partial-stub!
0440:fixme:d3d11:d3d11_device_CheckFormatSupport iface 00007FFFFEE30740, format 2, format_support 00007FFFFE83D9F8 partial-stub!
0440:fixme:d3d11:d3d11_device_CheckFormatSupport iface 00007FFFFEE30740, format 2, format_support 00007FFFFE83D9F8 partial-stub!
0440:fixme:d3d11:d3d11_device_CheckFormatSupport iface 00007FFFFEE30740, format 2, format_support 00007FFFFE83D9F8 partial-stub!
0440:fixme:d3d11:d3d11_device_CheckFormatSupport iface 00007FFFFEE30740, format 2, format_support 00007FFFFE83D9F8 partial-stub!
0440:fixme:d3d11:d3d11_device_CheckFormatSupport iface 00007FFFFEE30740, format 2, format_support 00007FFFFE83D9F8 partial-stub!
0440:fixme:d3d11:d3d11_device_CheckFormatSupport iface 00007FFFFEE30740, format 10, format_support 00007FFFFE83D9F8 partial-stub!
0440:fixme:d3d11:d3d11_device_CheckFormatSupport iface 00007FFFFEE30740, format 10, format_support 00007FFFFE83D9F8 partial-stub!
0440:fixme:d3d11:d3d11_device_CheckFormatSupport iface 00007FFFFEE30740, format 10, format_support 00007FFFFE83D9F8 partial-stub!
0440:fixme:d3d11:d3d11_device_CheckFormatSupport iface 00007FFFFEE30740, format 10, format_support 00007FFFFE83D9F8 partial-stub!
0440:fixme:d3d11:d3d11_device_CheckFormatSupport iface 00007FFFFEE30740, format 10, format_support 00007FFFFE83D9F8 partial-stub!
0440:fixme:d3d11:d3d11_device_CheckFormatSupport iface 00007FFFFEE30740, format 45, format_support 00007FFFFE83D9F8 partial-stub!
0440:fixme:d3d11:d3d11_device_CheckFormatSupport iface 00007FFFFEE30740, format 26, format_support 00007FFFFE83D9F8 partial-stub!
0440:fixme:d3d11:d3d11_device_CheckFormatSupport iface 00007FFFFEE30740, format 29, format_support 00007FFFFE83D9F8 partial-stub!
0440:fixme:d3d11:d3d11_device_CheckFormatSupport iface 00007FFFFEE30740, format 29, format_support 00007FFFFE83D9F8 partial-stub!
0440:fixme:d3d11:d3d11_device_CheckFormatSupport iface 00007FFFFEE30740, format 40, format_support 00007FFFFE83D9F8 partial-stub!
0440:fixme:d3d11:d3d11_device_CheckFormatSupport iface 00007FFFFEE30740, format 20, format_support 00007FFFFE83D9F8 partial-stub!
0440:fixme:d3d11:d3d11_device_CheckFormatSupport iface 00007FFFFEE30740, format 45, format_support 00007FFFFE83D9F8 partial-stub!
0440:fixme:d3d11:d3d11_device_CheckFormatSupport iface 00007FFFFEE30740, format 28, format_support 00007FFFFE83D9F8 partial-stub!
0440:fixme:d3d11:d3d11_device_CheckFormatSupport iface 00007FFFFEE30740, format 28, format_support 00007FFFFE83D9F8 partial-stub!
0440:fixme:d3d11:d3d11_device_CheckFormatSupport iface 00007FFFFEE30740, format 3, format_support 00007FFFFE83D9F8 partial-stub!
0440:fixme:d3d11:d3d11_device_CheckFormatSupport iface 00007FFFFEE30740, format 3, format_support 00007FFFFE83D9F8 partial-stub!
0440:fixme:d3d11:d3d11_device_CheckFormatSupport iface 00007FFFFEE30740, format 12, format_support 00007FFFFE83D9F8 partial-stub!
0440:fixme:d3d11:d3d11_device_CheckFormatSupport iface 00007FFFFEE30740, format 12, format_support 00007FFFFE83D9F8 partial-stub!
0440:fixme:d3d11:d3d11_device_CheckFormatSupport iface 00007FFFFEE30740, format 30, format_support 00007FFFFE83D9F8 partial-stub!
0440:fixme:d3d11:d3d11_device_CheckFormatSupport iface 00007FFFFEE30740, format 30, format_support 00007FFFFE83D9F8 partial-stub!
0440:fixme:d3d11:d3d11_device_CheckFormatSupport iface 00007FFFFEE30740, format 4, format_support 00007FFFFE83D9F8 partial-stub!
0440:fixme:d3d11:d3d11_device_CheckFormatSupport iface 00007FFFFEE30740, format 4, format_support 00007FFFFE83D9F8 partial-stub!
0440:fixme:d3d11:d3d11_device_CheckFormatSupport iface 00007FFFFEE30740, format 14, format_support 00007FFFFE83D9F8 partial-stub!
0440:fixme:d3d11:d3d11_device_CheckFormatSupport iface 00007FFFFEE30740, format 14, format_support 00007FFFFE83D9F8 partial-stub!
0440:fixme:d3d11:d3d11_device_CheckFormatSupport iface 00007FFFFEE30740, format 32, format_support 00007FFFFE83D9F8 partial-stub!
0440:fixme:d3d11:d3d11_device_CheckFormatSupport iface 00007FFFFEE30740, format 32, format_support 00007FFFFE83D9F8 partial-stub!
0440:fixme:d3d11:d3d11_device_CheckFormatSupport iface 00007FFFFEE30740, format 63, format_support 00007FFFFE83D9F8 partial-stub!
0440:fixme:d3d11:d3d11_device_CheckFormatSupport iface 00007FFFFEE30740, format 51, format_support 00007FFFFE83D9F8 partial-stub!
0440:fixme:d3d11:d3d11_device_CheckFormatSupport iface 00007FFFFEE30740, format 31, format_support 00007FFFFE83D9F8 partial-stub!
0440:fixme:d3d11:d3d11_device_CheckFormatSupport iface 00007FFFFEE30740, format 31, format_support 00007FFFFE83D9F8 partial-stub!
0440:fixme:d3d11:d3d11_device_CheckFormatSupport iface 00007FFFFEE30740, format 58, format_support 00007FFFFE83D9F8 partial-stub!
0440:fixme:d3d11:d3d11_device_CheckFormatSupport iface 00007FFFFEE30740, format 37, format_support 00007FFFFE83D9F8 partial-stub!
0440:fixme:d3d11:d3d11_device_CheckFormatSupport iface 00007FFFFEE30740, format 13, format_support 00007FFFFE83D9F8 partial-stub!
0440:fixme:d3d11:d3d11_device_CheckFormatSupport iface 00007FFFFEE30740, format 13, format_support 00007FFFFE83D9F8 partial-stub!
0440:fixme:d3d11:d3d11_device_CheckFormatSupport iface 00007FFFFEE30740, format 25, format_support 00007FFFFE83D9F8 partial-stub!
0440:fixme:d3d11:d3d11_device_CheckFormatSupport iface 00007FFFFEE30740, format 56, format_support 00007FFFFE83D9F8 partial-stub!
0440:fixme:d3d11:d3d11_device_CheckFormatSupport iface 00007FFFFEE30740, format 58, format_support 00007FFFFE83D9F8 partial-stub!
0440:fixme:d3d11:d3d11_device_CheckFormatSupport iface 00007FFFFEE30740, format 35, format_support 00007FFFFE83D9F8 partial-stub!
0440:fixme:d3d11:d3d11_device_CheckFormatSupport iface 00007FFFFEE30740, format 37, format_support 00007FFFFE83D9F8 partial-stub!
0440:fixme:d3d11:d3d11_device_CheckFormatSupport iface 00007FFFFEE30740, format 28, format_support 00007FFFFE83D9F8 partial-stub!
0440:fixme:d3d11:d3d11_device_CheckFormatSupport iface 00007FFFFEE30740, format 29, format_support 00007FFFFE83D9F8 partial-stub!
0440:fixme:d3d11:d3d11_device_CheckFormatSupport iface 00007FFFFEE30740, format 28, format_support 00007FFFFE83D9F8 partial-stub!
0440:fixme:d3d11:d3d11_device_CheckFormatSupport iface 00007FFFFEE30740, format 29, format_support 00007FFFFE83D9F8 partial-stub!
0440:fixme:d3d11:d3d11_device_CheckFormatSupport iface 00007FFFFEE30740, format 28, format_support 00007FFFFE83D9F8 partial-stub!
0440:fixme:d3d11:d3d11_device_CheckFormatSupport iface 00007FFFFEE30740, format 29, format_support 00007FFFFE83D9F8 partial-stub!
0440:fixme:d3d11:d3d11_device_CheckFormatSupport iface 00007FFFFEE30740, format 87, format_support 00007FFFFE83D9F8 partial-stub!
0440:fixme:d3d11:d3d11_device_CheckFormatSupport iface 00007FFFFEE30740, format 87, format_support 00007FFFFE83D9F8 partial-stub!
0440:fixme:d3d11:d3d11_device_CheckFormatSupport iface 00007FFFFEE30740, format 88, format_support 00007FFFFE83D9F8 partial-stub!
0440:fixme:d3d11:d3d11_device_CheckFormatSupport iface 00007FFFFEE30740, format 88, format_support 00007FFFFE83D9F8 partial-stub!
0440:fixme:ntdll:NtSetInformationToken TokenIntegrityLevel stub!
0440:fixme:dcomp:DCompositionCreateDevice3 00007FFFFEE306F0, {5f4633fe-1e08-4cb8-8c75-ce24333f5602}, 00007FFFFE83E4F8.
04c4:fixme:thread:NtSetInformationThread info class 24 not supported yet
04c4:fixme:thread:NtSetInformationThread ThreadPowerThrottling stub!
0440:fixme:ntdll:EtwEventSetInformation (deadbeef, 2, 000036640006C568, 26) stub
04cc:fixme:thread:NtSetInformationThread ThreadPowerThrottling stub!
04d8:fixme:thread:NtSetInformationThread ThreadPowerThrottling stub!
0174:fixme:process:NtQueryInformationProcess ProcessCycleTime (0xd10,0x7ffffe83d600,0x00000010,(nil)) stub
0440:fixme:d3d11:d3d11_device_CheckFormatSupport iface 00007FFFFEE30740, format 103, format_support 00007FFFFE83D554 partial-stub!
0440:fixme:dcomp:device_QueryInterface {85fc5cca-2da6-494c-86b6-4a775c049b8a} not implemented, returning E_NOINTERFACE.
0440:fixme:d3d11:d3d11_device_CheckFormatSupport iface 00007FFFFEE30740, format 103, format_support 00007FFFFE83D554 partial-stub!
0440:fixme:d3d11:d3d11_device_CheckFormatSupport iface 00007FFFFEE30740, format 103, format_support 00007FFFFE83D554 partial-stub!
0440:fixme:d3d11:d3d11_device_CheckFormatSupport iface 00007FFFFEE30740, format 103, format_support 00007FFFFE83D554 partial-stub!
0440:fixme:d3d11:d3d11_device_CheckFormatSupport iface 00007FFFFEE30740, format 103, format_support 00007FFFFE83D554 partial-stub!
0440:fixme:d3d11:d3d11_device_CheckFormatSupport iface 00007FFFFEE30740, format 103, format_support 00007FFFFE83D554 partial-stub!
0440:fixme:d3d11:d3d11_device_CheckFormatSupport iface 00007FFFFEE30740, format 103, format_support 00007FFFFE83D554 partial-stub!
04dc:fixme:thread:NtSetInformationThread ThreadPowerThrottling stub!
04e0:fixme:thread:NtSetInformationThread info class 24 not supported yet
04e0:fixme:thread:NtSetInformationThread ThreadPowerThrottling stub!
0450:fixme:ntdll:EtwEventSetInformation (deadbeef, 2, 00005F6400036328, 26) stub
0450:fixme:wldp:WldpQueryWindowsLockdownMode 00007FFFFE83EA84
0450:fixme:ntdll:NtSetInformationToken TokenIntegrityLevel stub!
0450:fixme:process:NtQueryInformationProcess ProcessHandleCount (0xffffffffffffffff,0x7ffffe83e974,0x00000004,(nil)) stub
0450:fixme:process:NtQueryInformationProcess ProcessHandleTable (0xffffffffffffffff,0x5a480009d000,0x00000fa0,0x7ffffe83e970) stub
0440:fixme:d3d11:d3d11_device_CheckFormatSupport iface 00007FFFFEE30740, format 103, format_support 00007FFFFE83D8E4 partial-stub!
0440:fixme:dxgi:dxgi_output_GetDesc1 iface 00007589470CED60, desc 00007FFFFE83D4F0 semi-stub!
04d8:fixme:d3d11:d3d11_device_CheckFormatSupport iface 00007FFFFEE30740, format 104, format_support 000075894379E504 partial-stub!
04d8:fixme:d3d11:wined3dformat_from_dxgi_format Unhandled DXGI_FORMAT 0x68.
04ec:fixme:thread:NtSetInformationThread ThreadPowerThrottling stub!
04ec:fixme:dwmapi:DwmGetCompositionTimingInfo (0000000000000000 000075894277EECC)
04ec:fixme:dxgi:dxgi_factory_IsCurrent iface 00007FFFFEE6D320 stub!
04ec:fixme:dxgi:dxgi_output_WaitForVBlank iface 00007589470AD450 stub!
0440:fixme:d3d11:d3d11_device_CheckFormatSupport iface 00007FFFFEE30740, format 103, format_support 00007FFFFE83D8E4 partial-stub!
0440:fixme:dxgi:dxgi_output_GetDesc1 iface 00007589470CED60, desc 00007FFFFE83D4F0 semi-stub!
04d8:fixme:d3d11:d3d11_device_CheckFormatSupport iface 00007FFFFEE30740, format 104, format_support 000075894379E584 partial-stub!
04d8:fixme:d3d11:wined3dformat_from_dxgi_format Unhandled DXGI_FORMAT 0x68.
0440:fixme:d3d11:d3d11_device_CheckFormatSupport iface 00007FFFFEE30740, format 103, format_support 00007FFFFE83D8E4 partial-stub!
0440:fixme:dxgi:dxgi_output_GetDesc1 iface 00007589470CEDE0, desc 00007FFFFE83D4F0 semi-stub!
04d8:fixme:d3d11:d3d11_device_CheckFormatSupport iface 00007FFFFEE30740, format 104, format_support 000075894379E584 partial-stub!
04d8:fixme:d3d11:wined3dformat_from_dxgi_format Unhandled DXGI_FORMAT 0x68.
0440:fixme:d3d11:d3d11_device_CheckFormatSupport iface 00007FFFFEE30740, format 103, format_support 00007FFFFE83D8E4 partial-stub!
0440:fixme:dxgi:dxgi_output_GetDesc1 iface 00007589470CEE60, desc 00007FFFFE83D4F0 semi-stub!
04d8:fixme:d3d11:d3d11_device_CheckFormatSupport iface 00007FFFFEE30740, format 104, format_support 000075894379E584 partial-stub!
04d8:fixme:d3d11:wined3dformat_from_dxgi_format Unhandled DXGI_FORMAT 0x68.
0440:fixme:d3d11:d3d11_device_CheckFormatSupport iface 00007FFFFEE30740, format 103, format_support 00007FFFFE83D8E4 partial-stub!
0440:fixme:dxgi:dxgi_output_GetDesc1 iface 00007589470CF320, desc 00007FFFFE83D4F0 semi-stub!
04d8:fixme:d3d11:d3d11_device_CheckFormatSupport iface 00007FFFFEE30740, format 104, format_support 000075894379E584 partial-stub!
04d8:fixme:d3d11:wined3dformat_from_dxgi_format Unhandled DXGI_FORMAT 0x68.
0440:fixme:d3d11:d3d11_device_CheckFormatSupport iface 00007FFFFEE30740, format 103, format_support 00007FFFFE83D8E4 partial-stub!
0440:fixme:dxgi:dxgi_output_GetDesc1 iface 000075894734DB80, desc 00007FFFFE83D4F0 semi-stub!
04d8:fixme:d3d11:d3d11_device_CheckFormatSupport iface 00007FFFFEE30740, format 104, format_support 000075894379E584 partial-stub!
04d8:fixme:d3d11:wined3dformat_from_dxgi_format Unhandled DXGI_FORMAT 0x68.
0440:fixme:dxgi:dxgi_factory_CreateSwapChainForComposition iface 00007FFFFEE6D320, device 00007FFFFEE30740, desc 00007FFFFE83D9D0, output 0000000000000000, swapchain 00007FFFFE83D9C8 stub!
0440:fixme:dxgi:wined3d_swapchain_desc_from_dxgi Ignoring alpha mode 0x1.
0440:fixme:d3d:wined3d_swapchain_init Unimplemented swap effect 0x3.
0440:fixme:dxgi:d3d11_swapchain_GetDesc Ignoring ScanlineOrdering and Scaling.
0440:fixme:dxgi:d3d11_swapchain_SetColorSpace1 iface 00007589473605D0, colour_space 0 stub!
vkd3d:04c0:fixme:vkd3d:D3DCompile2VKD3D Ignoring flags 0xc000.
vkd3d:04c8:fixme:vkd3d:D3DCompile2VKD3D Ignoring flags 0xc000.
vkd3d:04c0:fixme:vkd3d:hlsl_yylex Unsupported preprocessor #pragma directive at line 8.
vkd3d:04c8:fixme:vkd3d:hlsl_yylex Unsupported preprocessor #pragma directive at line 7.
04b8:fixme:d3d:state_linepattern_w Setting line patterns is not supported in OpenGL core contexts.
0174:fixme:kernelbase:PerfCreateInstance handle 00007604247531F0, guid {dd36a036-c923-4794-b696-70577630b5cf}, name L"WorkUnit|14|1084|1021|WebView2 GPU Process", id 14 semi-stub.
0174:fixme:kernelbase:PerfSetCounterRefValue provider 00007604247531F0, instance 000076042474B908, counterid 1, address 0000775400B7729C semi-stub.
0174:fixme:kernelbase:PerfSetCounterRefValue provider 00007604247531F0, instance 000076042474B908, counterid 2, address 0000775400B77298 semi-stub.
0174:fixme:kernelbase:PerfCreateInstance handle 00007604247531F0, guid {dd36a036-c923-4794-b696-70577630b5cf}, name L"WorkUnit|15|1100|1005|WebView2: about:blank", id 15 semi-stub.
0174:fixme:kernelbase:PerfSetCounterRefValue provider 00007604247531F0, instance 000076042474B9B8, counterid 1, address 0000775400AEFF1C semi-stub.
0174:fixme:kernelbase:PerfSetCounterRefValue provider 00007604247531F0, instance 000076042474B9B8, counterid 2, address 0000775400AEFF18 semi-stub.
vkd3d:04c8:fixme:vkd3d:D3DCompile2VKD3D Ignoring flags 0xc000.
vkd3d:0518:fixme:vkd3d:D3DCompile2VKD3D Ignoring flags 0xc000.
vkd3d:04c8:fixme:vkd3d:hlsl_yylex Unsupported preprocessor #pragma directive at line 7.
vkd3d:0518:fixme:vkd3d:hlsl_yylex Unsupported preprocessor #pragma directive at line 8.
0440:fixme:dxgi:d3d11_swapchain_Present1 Ignored present parameters 00007FFFFE83D310.
0440:fixme:dxgi:dxgi_device_EnqueueSetEvent iface 00007FFFFEE306F0, event 0000000000000510 stub!
019c:fixme:process:NtQueryInformationProcess (0xe4,info_class=64,0x79e095e7f0e0,0x00000060,0x79e095e7f0dc) Unknown information class
019c:fixme:process:NtQueryInformationProcess ProcessHandleCount (0x200,0x79e095e7eb8c,0x00000004,(nil)) stub
019c:fixme:dbghelp:elf_search_auxv can't find symbol in module
019c:fixme:dbghelp:MiniDumpWriteDump NIY MiniDumpWithDataSegs
019c:fixme:dbghelp:MiniDumpWriteDump NIY MiniDumpWithHandleData
019c:fixme:dbghelp:elf_search_auxv can't find symbol in module
01c4:err:ole:create_server class {daa52b27-8897-50af-ada5-c6c71bb64e17} not registered
01c4:err:ole:com_get_class_object no class object {daa52b27-8897-50af-ada5-c6c71bb64e17} could be created for context 0x4
01c4:err:ole:create_server class {daa52b27-8897-50af-ada5-c6c71bb64e17} not registered
01c4:err:ole:com_get_class_object no class object {daa52b27-8897-50af-ada5-c6c71bb64e17} could be created for context 0x4
01c4:err:ole:create_server class {daa52b27-8897-50af-ada5-c6c71bb64e17} not registered
01c4:err:ole:com_get_class_object no class object {daa52b27-8897-50af-ada5-c6c71bb64e17} could be created for context 0x4
0440:fixme:dcomp:visual_AddVisual iface 00007589470C3800, visual 00007589470C3890, insert_above 0, reference_visual 0000000000000000.
0440:fixme:dcomp:visual_AddVisual iface 00007589470C3890, visual 00007589470C3920, insert_above 0, reference_visual 0000000000000000.
0440:fixme:dcomp:visual_AddVisual iface 00007589470C3920, visual 00007589470C39B0, insert_above 0, reference_visual 0000000000000000.
0440:fixme:dcomp:visual_AddVisual iface 00007589470C3920, visual 00007589470C3A40, insert_above 0, reference_visual 0000000000000000.
0440:fixme:dcomp:visual_SetClip iface 00007589470C3A40, rect 00007FFFFE83D020 stub!
019c:fixme:process:NtQueryInformationProcess (0xe4,info_class=64,0x79e095e7f220,0x00000060,0x79e095e7f21c) Unknown information class
019c:fixme:process:NtQueryInformationProcess ProcessHandleCount (0x200,0x79e095e7eccc,0x00000004,(nil)) stub
019c:fixme:dbghelp:elf_search_auxv can't find symbol in module
01c4:fixme:thread:NtSetInformationThread ThreadPowerThrottling stub!
01c4:fixme:file:ReplaceFileW Ignoring flags 2
01c4:fixme:thread:NtSetInformationThread ThreadPowerThrottling stub!
01c4:fixme:thread:NtSetInformationThread ThreadPowerThrottling stub!
01c4:fixme:file:ReplaceFileW Ignoring flags 2
01c4:fixme:thread:NtSetInformationThread ThreadPowerThrottling stub!
019c:fixme:dbghelp:MiniDumpWriteDump NIY MiniDumpWithDataSegs
019c:fixme:dbghelp:MiniDumpWriteDump NIY MiniDumpWithHandleData
019c:fixme:dbghelp:elf_search_auxv can't find symbol in module
0174:fixme:process:NtQueryInformationProcess ProcessCycleTime (0x330,0x7ffffe83da50,0x00000010,(nil)) stub
0208:fixme:ntdll:NtFilterToken flags 0x1 unsupported
0208:fixme:ntdll:NtFilterToken support for restricting sids not yet implemented
0208:fixme:advapi:SetEntriesInAclW unhandled access mode 4
0208:fixme:ntdll:NtFilterToken support for restricting sids not yet implemented
0208:fixme:advapi:SetEntriesInAclW unhandled access mode 4
0208:fixme:sync:NtSetInformationJobObject stub: 0x3e4 4 0x7603fcf8eabc 4
0208:fixme:process:GetProcessMitigationPolicy (FFFFFFFFFFFFFFFF, 5, 000000014037B290, 8): stub
0208:fixme:process:validate_proc_thread_attribute Unhandled attribute 26
0530:fixme:ntdll:RtlGetDeviceFamilyInfoEnum 0000000000000000 00007FFFFE83F9C4 0000000000000000: stub
0530:fixme:seh:WerRegisterCustomMetadata (L"OfficialBuild", L"1") stub
0530:fixme:seh:WerRegisterCustomMetadata (L"ProcessType", L"gpu-process") stub
0530:fixme:seh:WerRegisterCustomMetadata (L"Channel", L"none") stub
0530:fixme:seh:WerRegisterCustomMetadata (L"WV", L"CLIPStudio.exe") stub
0530:fixme:seh:WerRegisterCustomMetadata (L"WV_V", L"5.1.4") stub
0530:fixme:virtual:prefetch_memory (process=0xffffffffffffffff,flags=0) NtSetInformationVirtualMemory(VmPrefetchInformation) partial stub
0530:fixme:process:SetProcessShutdownParameters (0000027f, 00000001): partial stub.
0530:fixme:process:SetProcessShutdownParameters (0000027f, 00000001): partial stub.
0530:fixme:thread:NtSetInformationThread ThreadPowerThrottling stub!
0530:fixme:thread:NtSetInformationThread ThreadPowerThrottling stub!
0530:fixme:heap:RtlSetHeapInformation HEAP_INFORMATION_CLASS 1 not implemented!
0530:fixme:ntdll:RtlGetDeviceFamilyInfoEnum 0000000000000000 00007FFFFE83EB34 0000000000000000: stub
0530:fixme:ntdll:EtwRegisterTraceGuidsW   register trace class {00000000-0000-0000-0000-000000000000}
0530:fixme:process:GetProcessMitigationPolicy (FFFFFFFFFFFFFFFF, 4, 00007FFFFE83F1A4, 4): stub
0530:fixme:seh:WerRegisterCustomMetadata (L"MetricsClientIdHash", L"1542954672516919668") stub
0530:fixme:seh:WerRegisterCustomMetadata (L"MetricsSessionId", L"2") stub
0530:fixme:seh:WerRegisterCustomMetadata (L"VariationsSeedETag", L"\"lv22sejrDwz4FWj7eRYExmwWZsIbyxJKdnQS2d/KrCo=\"") stub
0530:fixme:seh:WerRegisterCustomMetadata (L"RuntimeVariationsSeedETag", L"\"JHaGKqYIj1q/zMvgOLYKnwxYIg8QAAYadtakLEVvKWY=\"") stub
0530:fixme:thread:NtSetInformationThread ThreadPowerThrottling stub!
0530:fixme:dxcore:dxcore_adapter_factory_CreateAdapterList iface 00006FFFE2FC4030, num_attributes 1, filter_attributes 00007FFFFE83DF80, riid {526c7776-40e9-459b-b711-f32ad76dfc28}, out 00007FFFFE83DEB0 semi-stub!
libEGL warning: DRI3 error: Could not get DRI3 device
libEGL warning: Ensure your X server supports DRI3 to get accelerated rendering
0530:fixme:d3d:wined3d_guess_card No card selector available for card vendor 0000 (using GL_RENDERER "llvmpipe (LLVM 21.1.8, 256 bits)").
0530:fixme:ntdll:NtQuerySystemInformation info_class SYSTEM_PERFORMANCE_INFORMATION
0530:fixme:dxcore:dxcore_adapter_GetProperty Returning all adapters as Hardware.
0530:fixme:dxcore:dxcore_adapter_IsAttributeSupported iface 00007FFFFEE350E0, attribute {0c9ece4d-2f6e-4f01-8c96-e89e331b47b1} stub!
0530:fixme:dxcore:dxcore_adapter_IsAttributeSupported iface 00007FFFFEE350E0, attribute {8c47866b-7583-450d-f0f0-6bada895af4b} stub!
0530:fixme:d3d:wined3d_guess_card No card selector available for card vendor 0000 (using GL_RENDERER "llvmpipe (LLVM 21.1.8, 256 bits)").
0530:fixme:ver:GetPackagesByPackageFamily (L"DolbyLaboratories.DolbyDigitalPlusDecoderOEM_rz1tebttyb220" 00007FFFFE83E03C 0000000000000000 00007FFFFE83E038 0000000000000000): stub
0530:fixme:ver:GetPackagesByPackageFamily (L"DolbyLaboratories.DolbyAC4DecoderOEM_rz1tebttyb220" 00007FFFFE83E03C 0000000000000000 00007FFFFE83E038 0000000000000000): stub
0530:fixme:ver:GetPackagesByPackageFamily (L"Microsoft.HEVCVideoExtension_8wekyb3d8bbwe" 00007FFFFE83E03C 0000000000000000 00007FFFFE83E038 0000000000000000): stub
0530:fixme:ver:GetPackagesByPackageFamily (L"Microsoft.HEVCVideoExtensions_8wekyb3d8bbwe" 00007FFFFE83E03C 0000000000000000 00007FFFFE83E038 0000000000000000): stub
0530:fixme:ver:GetPackagesByPackageFamily (L"DolbyLaboratories.DolbyVisionAccess_rz1tebttyb220" 00007FFFFE83E03C 0000000000000000 00007FFFFE83E038 0000000000000000): stub
0530:fixme:ver:GetPackagesByPackageFamily (L"DolbyLaboratories.DolbyVisionHDR_rz1tebttyb220" 00007FFFFE83E03C 0000000000000000 00007FFFFE83E038 0000000000000000): stub
0530:fixme:d3d:wined3d_guess_card No card selector available for card vendor 0000 (using GL_RENDERER "llvmpipe (LLVM 21.1.8, 256 bits)").
0538:fixme:thread:QueryThreadCycleTime (0000000000000124,00007636D67EFD50): stub!
0530:fixme:d3d11:d3d11_device_CheckFeatureSupport Returning fake Options support data.
0530:fixme:d3d11:d3d11_device_CheckFormatSupport iface 00007FFFFEE30740, format 85, format_support 00007FFFFEE748B0 partial-stub!
0530:fixme:d3d11:d3d11_device_CheckFormatSupport iface 00007FFFFEE30740, format 115, format_support 00007FFFFEE748B8 partial-stub!
0530:fixme:d3d11:d3d11_device_CheckFormatSupport iface 00007FFFFEE30740, format 86, format_support 00007FFFFEE748C0 partial-stub!
0530:fixme:d3d11:d3d11_device_CheckFormatSupport iface 00007FFFFEE30740, format 88, format_support 00007FFFFE83D9F8 partial-stub!
0530:fixme:d3d11:d3d11_device_CheckFormatSupport iface 00007FFFFEE30740, format 88, format_support 00007FFFFE83D9F8 partial-stub!
0530:fixme:d3d11:d3d11_device_CheckFormatSupport iface 00007FFFFEE30740, format 87, format_support 00007FFFFE83D9F8 partial-stub!
0530:fixme:d3d11:d3d11_device_CheckFormatSupport iface 00007FFFFEE30740, format 87, format_support 00007FFFFE83D9F8 partial-stub!
0530:fixme:d3d11:d3d11_device_CheckFormatSupport iface 00007FFFFEE30740, format 87, format_support 00007FFFFE83D9F8 partial-stub!
0530:fixme:d3d11:d3d11_device_CheckFormatSupport iface 00007FFFFEE30740, format 87, format_support 00007FFFFE83D9F8 partial-stub!
0530:fixme:d3d11:d3d11_device_CheckFormatSupport iface 00007FFFFEE30740, format 91, format_support 00007FFFFE83D9F8 partial-stub!
0530:fixme:d3d11:d3d11_device_CheckFormatSupport iface 00007FFFFEE30740, format 91, format_support 00007FFFFE83D9F8 partial-stub!
0530:fixme:d3d11:d3d11_device_CheckFormatSupport iface 00007FFFFEE30740, format 24, format_support 00007FFFFE83D9F8 partial-stub!
0530:fixme:d3d11:d3d11_device_CheckFormatSupport iface 00007FFFFEE30740, format 93, format_support 00007FFFFE83D9F8 partial-stub!
0530:fixme:d3d11:d3d11_device_CheckFormatSupport iface 00007FFFFEE30740, format 93, format_support 00007FFFFE83D9F8 partial-stub!
0530:fixme:d3d11:d3d11_device_CheckFormatSupport iface 00007FFFFEE30740, format 93, format_support 00007FFFFE83D9F8 partial-stub!
0530:fixme:d3d11:d3d11_device_CheckFormatSupport iface 00007FFFFEE30740, format 93, format_support 00007FFFFE83D9F8 partial-stub!
0530:fixme:d3d11:d3d11_device_CheckFormatSupport iface 00007FFFFEE30740, format 65, format_support 00007FFFFE83D9F8 partial-stub!
0530:fixme:d3d11:d3d11_device_CheckFormatSupport iface 00007FFFFEE30740, format 28, format_support 00007FFFFE83D9F8 partial-stub!
0530:fixme:d3d11:d3d11_device_CheckFormatSupport iface 00007FFFFEE30740, format 28, format_support 00007FFFFE83D9F8 partial-stub!
0530:fixme:d3d11:d3d11_device_CheckFormatSupport iface 00007FFFFEE30740, format 28, format_support 00007FFFFE83D9F8 partial-stub!
0530:fixme:d3d11:d3d11_device_CheckFormatSupport iface 00007FFFFEE30740, format 28, format_support 00007FFFFE83D9F8 partial-stub!
0530:fixme:d3d11:d3d11_device_CheckFormatSupport iface 00007FFFFEE30740, format 24, format_support 00007FFFFE83D9F8 partial-stub!
0530:fixme:d3d11:d3d11_device_CheckFormatSupport iface 00007FFFFEE30740, format 11, format_support 00007FFFFE83D9F8 partial-stub!
0530:fixme:d3d11:d3d11_device_CheckFormatSupport iface 00007FFFFEE30740, format 28, format_support 00007FFFFE83D9F8 partial-stub!
0530:fixme:d3d11:d3d11_device_CheckFormatSupport iface 00007FFFFEE30740, format 28, format_support 00007FFFFE83D9F8 partial-stub!
0530:fixme:d3d11:d3d11_device_CheckFormatSupport iface 00007FFFFEE30740, format 28, format_support 00007FFFFE83D9F8 partial-stub!
0530:fixme:d3d11:d3d11_device_CheckFormatSupport iface 00007FFFFEE30740, format 24, format_support 00007FFFFE83D9F8 partial-stub!
0530:fixme:d3d11:d3d11_device_CheckFormatSupport iface 00007FFFFEE30740, format 11, format_support 00007FFFFE83D9F8 partial-stub!
0530:fixme:d3d11:d3d11_device_CheckFormatSupport iface 00007FFFFEE30740, format 55, format_support 00007FFFFE83D9F8 partial-stub!
0530:fixme:d3d11:d3d11_device_CheckFormatSupport iface 00007FFFFEE30740, format 45, format_support 00007FFFFE83D9F8 partial-stub!
0530:fixme:d3d11:d3d11_device_CheckFormatSupport iface 00007FFFFEE30740, format 45, format_support 00007FFFFE83D9F8 partial-stub!
0530:fixme:d3d11:d3d11_device_CheckFormatSupport iface 00007FFFFEE30740, format 61, format_support 00007FFFFE83D9F8 partial-stub!
0530:fixme:d3d11:d3d11_device_CheckFormatSupport iface 00007FFFFEE30740, format 56, format_support 00007FFFFE83D9F8 partial-stub!
0530:fixme:d3d11:d3d11_device_CheckFormatSupport iface 00007FFFFEE30740, format 49, format_support 00007FFFFE83D9F8 partial-stub!
0530:fixme:d3d11:d3d11_device_CheckFormatSupport iface 00007FFFFEE30740, format 35, format_support 00007FFFFE83D9F8 partial-stub!
0530:fixme:d3d11:d3d11_device_CheckFormatSupport iface 00007FFFFEE30740, format 54, format_support 00007FFFFE83D9F8 partial-stub!
0530:fixme:d3d11:d3d11_device_CheckFormatSupport iface 00007FFFFEE30740, format 41, format_support 00007FFFFE83D9F8 partial-stub!
0530:fixme:d3d11:d3d11_device_CheckFormatSupport iface 00007FFFFEE30740, format 34, format_support 00007FFFFE83D9F8 partial-stub!
0530:fixme:d3d11:d3d11_device_CheckFormatSupport iface 00007FFFFEE30740, format 16, format_support 00007FFFFE83D9F8 partial-stub!
0530:fixme:d3d11:d3d11_device_CheckFormatSupport iface 00007FFFFEE30740, format 64, format_support 00007FFFFE83D9F8 partial-stub!
0530:fixme:d3d11:d3d11_device_CheckFormatSupport iface 00007FFFFEE30740, format 62, format_support 00007FFFFE83D9F8 partial-stub!
0530:fixme:d3d11:d3d11_device_CheckFormatSupport iface 00007FFFFEE30740, format 59, format_support 00007FFFFE83D9F8 partial-stub!
0530:fixme:d3d11:d3d11_device_CheckFormatSupport iface 00007FFFFEE30740, format 57, format_support 00007FFFFE83D9F8 partial-stub!
0530:fixme:d3d11:d3d11_device_CheckFormatSupport iface 00007FFFFEE30740, format 43, format_support 00007FFFFE83D9F8 partial-stub!
0530:fixme:d3d11:d3d11_device_CheckFormatSupport iface 00007FFFFEE30740, format 42, format_support 00007FFFFE83D9F8 partial-stub!
0530:fixme:d3d11:d3d11_device_CheckFormatSupport iface 00007FFFFEE30740, format 52, format_support 00007FFFFE83D9F8 partial-stub!
0530:fixme:d3d11:d3d11_device_CheckFormatSupport iface 00007FFFFEE30740, format 50, format_support 00007FFFFE83D9F8 partial-stub!
0530:fixme:d3d11:d3d11_device_CheckFormatSupport iface 00007FFFFEE30740, format 38, format_support 00007FFFFE83D9F8 partial-stub!
0530:fixme:d3d11:d3d11_device_CheckFormatSupport iface 00007FFFFEE30740, format 36, format_support 00007FFFFE83D9F8 partial-stub!
0530:fixme:d3d11:d3d11_device_CheckFormatSupport iface 00007FFFFEE30740, format 18, format_support 00007FFFFE83D9F8 partial-stub!
0530:fixme:d3d11:d3d11_device_CheckFormatSupport iface 00007FFFFEE30740, format 17, format_support 00007FFFFE83D9F8 partial-stub!
0530:fixme:d3d11:d3d11_device_CheckFormatSupport iface 00007FFFFEE30740, format 2, format_support 00007FFFFE83D9F8 partial-stub!
0530:fixme:d3d11:d3d11_device_CheckFormatSupport iface 00007FFFFEE30740, format 2, format_support 00007FFFFE83D9F8 partial-stub!
0530:fixme:d3d11:d3d11_device_CheckFormatSupport iface 00007FFFFEE30740, format 2, format_support 00007FFFFE83D9F8 partial-stub!
0530:fixme:d3d11:d3d11_device_CheckFormatSupport iface 00007FFFFEE30740, format 2, format_support 00007FFFFE83D9F8 partial-stub!
0530:fixme:d3d11:d3d11_device_CheckFormatSupport iface 00007FFFFEE30740, format 2, format_support 00007FFFFE83D9F8 partial-stub!
0530:fixme:d3d11:d3d11_device_CheckFormatSupport iface 00007FFFFEE30740, format 10, format_support 00007FFFFE83D9F8 partial-stub!
0530:fixme:d3d11:d3d11_device_CheckFormatSupport iface 00007FFFFEE30740, format 10, format_support 00007FFFFE83D9F8 partial-stub!
0530:fixme:d3d11:d3d11_device_CheckFormatSupport iface 00007FFFFEE30740, format 10, format_support 00007FFFFE83D9F8 partial-stub!
0530:fixme:d3d11:d3d11_device_CheckFormatSupport iface 00007FFFFEE30740, format 10, format_support 00007FFFFE83D9F8 partial-stub!
0530:fixme:d3d11:d3d11_device_CheckFormatSupport iface 00007FFFFEE30740, format 10, format_support 00007FFFFE83D9F8 partial-stub!
0530:fixme:d3d11:d3d11_device_CheckFormatSupport iface 00007FFFFEE30740, format 45, format_support 00007FFFFE83D9F8 partial-stub!
0530:fixme:d3d11:d3d11_device_CheckFormatSupport iface 00007FFFFEE30740, format 26, format_support 00007FFFFE83D9F8 partial-stub!
0530:fixme:d3d11:d3d11_device_CheckFormatSupport iface 00007FFFFEE30740, format 29, format_support 00007FFFFE83D9F8 partial-stub!
0530:fixme:d3d11:d3d11_device_CheckFormatSupport iface 00007FFFFEE30740, format 29, format_support 00007FFFFE83D9F8 partial-stub!
0530:fixme:d3d11:d3d11_device_CheckFormatSupport iface 00007FFFFEE30740, format 40, format_support 00007FFFFE83D9F8 partial-stub!
0530:fixme:d3d11:d3d11_device_CheckFormatSupport iface 00007FFFFEE30740, format 20, format_support 00007FFFFE83D9F8 partial-stub!
0530:fixme:d3d11:d3d11_device_CheckFormatSupport iface 00007FFFFEE30740, format 45, format_support 00007FFFFE83D9F8 partial-stub!
0530:fixme:d3d11:d3d11_device_CheckFormatSupport iface 00007FFFFEE30740, format 28, format_support 00007FFFFE83D9F8 partial-stub!
0530:fixme:d3d11:d3d11_device_CheckFormatSupport iface 00007FFFFEE30740, format 28, format_support 00007FFFFE83D9F8 partial-stub!
0530:fixme:d3d11:d3d11_device_CheckFormatSupport iface 00007FFFFEE30740, format 3, format_support 00007FFFFE83D9F8 partial-stub!
0530:fixme:d3d11:d3d11_device_CheckFormatSupport iface 00007FFFFEE30740, format 3, format_support 00007FFFFE83D9F8 partial-stub!
0530:fixme:d3d11:d3d11_device_CheckFormatSupport iface 00007FFFFEE30740, format 12, format_support 00007FFFFE83D9F8 partial-stub!
0530:fixme:d3d11:d3d11_device_CheckFormatSupport iface 00007FFFFEE30740, format 12, format_support 00007FFFFE83D9F8 partial-stub!
0530:fixme:d3d11:d3d11_device_CheckFormatSupport iface 00007FFFFEE30740, format 30, format_support 00007FFFFE83D9F8 partial-stub!
0530:fixme:d3d11:d3d11_device_CheckFormatSupport iface 00007FFFFEE30740, format 30, format_support 00007FFFFE83D9F8 partial-stub!
0530:fixme:d3d11:d3d11_device_CheckFormatSupport iface 00007FFFFEE30740, format 4, format_support 00007FFFFE83D9F8 partial-stub!
0530:fixme:d3d11:d3d11_device_CheckFormatSupport iface 00007FFFFEE30740, format 4, format_support 00007FFFFE83D9F8 partial-stub!
0530:fixme:d3d11:d3d11_device_CheckFormatSupport iface 00007FFFFEE30740, format 14, format_support 00007FFFFE83D9F8 partial-stub!
0530:fixme:d3d11:d3d11_device_CheckFormatSupport iface 00007FFFFEE30740, format 14, format_support 00007FFFFE83D9F8 partial-stub!
0530:fixme:d3d11:d3d11_device_CheckFormatSupport iface 00007FFFFEE30740, format 32, format_support 00007FFFFE83D9F8 partial-stub!
0530:fixme:d3d11:d3d11_device_CheckFormatSupport iface 00007FFFFEE30740, format 32, format_support 00007FFFFE83D9F8 partial-stub!
0530:fixme:d3d11:d3d11_device_CheckFormatSupport iface 00007FFFFEE30740, format 63, format_support 00007FFFFE83D9F8 partial-stub!
0530:fixme:d3d11:d3d11_device_CheckFormatSupport iface 00007FFFFEE30740, format 51, format_support 00007FFFFE83D9F8 partial-stub!
0530:fixme:d3d11:d3d11_device_CheckFormatSupport iface 00007FFFFEE30740, format 31, format_support 00007FFFFE83D9F8 partial-stub!
0530:fixme:d3d11:d3d11_device_CheckFormatSupport iface 00007FFFFEE30740, format 31, format_support 00007FFFFE83D9F8 partial-stub!
0530:fixme:d3d11:d3d11_device_CheckFormatSupport iface 00007FFFFEE30740, format 58, format_support 00007FFFFE83D9F8 partial-stub!
0530:fixme:d3d11:d3d11_device_CheckFormatSupport iface 00007FFFFEE30740, format 37, format_support 00007FFFFE83D9F8 partial-stub!
0530:fixme:d3d11:d3d11_device_CheckFormatSupport iface 00007FFFFEE30740, format 13, format_support 00007FFFFE83D9F8 partial-stub!
0530:fixme:d3d11:d3d11_device_CheckFormatSupport iface 00007FFFFEE30740, format 13, format_support 00007FFFFE83D9F8 partial-stub!
0530:fixme:d3d11:d3d11_device_CheckFormatSupport iface 00007FFFFEE30740, format 25, format_support 00007FFFFE83D9F8 partial-stub!
0530:fixme:d3d11:d3d11_device_CheckFormatSupport iface 00007FFFFEE30740, format 56, format_support 00007FFFFE83D9F8 partial-stub!
0530:fixme:d3d11:d3d11_device_CheckFormatSupport iface 00007FFFFEE30740, format 58, format_support 00007FFFFE83D9F8 partial-stub!
0530:fixme:d3d11:d3d11_device_CheckFormatSupport iface 00007FFFFEE30740, format 35, format_support 00007FFFFE83D9F8 partial-stub!
0530:fixme:d3d11:d3d11_device_CheckFormatSupport iface 00007FFFFEE30740, format 37, format_support 00007FFFFE83D9F8 partial-stub!
0530:fixme:d3d11:d3d11_device_CheckFormatSupport iface 00007FFFFEE30740, format 28, format_support 00007FFFFE83D9F8 partial-stub!
0530:fixme:d3d11:d3d11_device_CheckFormatSupport iface 00007FFFFEE30740, format 29, format_support 00007FFFFE83D9F8 partial-stub!
0530:fixme:d3d11:d3d11_device_CheckFormatSupport iface 00007FFFFEE30740, format 28, format_support 00007FFFFE83D9F8 partial-stub!
0530:fixme:d3d11:d3d11_device_CheckFormatSupport iface 00007FFFFEE30740, format 29, format_support 00007FFFFE83D9F8 partial-stub!
0530:fixme:d3d11:d3d11_device_CheckFormatSupport iface 00007FFFFEE30740, format 28, format_support 00007FFFFE83D9F8 partial-stub!
0530:fixme:d3d11:d3d11_device_CheckFormatSupport iface 00007FFFFEE30740, format 29, format_support 00007FFFFE83D9F8 partial-stub!
0530:fixme:d3d11:d3d11_device_CheckFormatSupport iface 00007FFFFEE30740, format 87, format_support 00007FFFFE83D9F8 partial-stub!
0530:fixme:d3d11:d3d11_device_CheckFormatSupport iface 00007FFFFEE30740, format 87, format_support 00007FFFFE83D9F8 partial-stub!
0530:fixme:d3d11:d3d11_device_CheckFormatSupport iface 00007FFFFEE30740, format 88, format_support 00007FFFFE83D9F8 partial-stub!
0530:fixme:d3d11:d3d11_device_CheckFormatSupport iface 00007FFFFEE30740, format 88, format_support 00007FFFFE83D9F8 partial-stub!
0530:fixme:ntdll:NtSetInformationToken TokenIntegrityLevel stub!
0530:fixme:dcomp:DCompositionCreateDevice3 00007FFFFEE306F0, {5f4633fe-1e08-4cb8-8c75-ce24333f5602}, 00007FFFFE83E4F8.
0548:fixme:thread:NtSetInformationThread info class 24 not supported yet
0548:fixme:thread:NtSetInformationThread ThreadPowerThrottling stub!
0530:fixme:ntdll:EtwEventSetInformation (deadbeef, 2, 0000143C0006C568, 26) stub
0550:fixme:thread:NtSetInformationThread ThreadPowerThrottling stub!
055c:fixme:thread:NtSetInformationThread ThreadPowerThrottling stub!
0174:fixme:process:NtQueryInformationProcess ProcessCycleTime (0x380,0x7ffffe83d600,0x00000010,(nil)) stub
0530:fixme:d3d11:d3d11_device_CheckFormatSupport iface 00007FFFFEE30740, format 103, format_support 00007FFFFE83D554 partial-stub!
0530:fixme:dcomp:device_QueryInterface {85fc5cca-2da6-494c-86b6-4a775c049b8a} not implemented, returning E_NOINTERFACE.
0530:fixme:d3d11:d3d11_device_CheckFormatSupport iface 00007FFFFEE30740, format 103, format_support 00007FFFFE83D554 partial-stub!
0530:fixme:d3d11:d3d11_device_CheckFormatSupport iface 00007FFFFEE30740, format 103, format_support 00007FFFFE83D554 partial-stub!
0530:fixme:d3d11:d3d11_device_CheckFormatSupport iface 00007FFFFEE30740, format 103, format_support 00007FFFFE83D554 partial-stub!
0530:fixme:d3d11:d3d11_device_CheckFormatSupport iface 00007FFFFEE30740, format 103, format_support 00007FFFFE83D554 partial-stub!
0530:fixme:d3d11:d3d11_device_CheckFormatSupport iface 00007FFFFEE30740, format 103, format_support 00007FFFFE83D554 partial-stub!
0530:fixme:d3d11:d3d11_device_CheckFormatSupport iface 00007FFFFEE30740, format 103, format_support 00007FFFFE83D554 partial-stub!
0530:fixme:d3d11:d3d11_device_CheckFormatSupport iface 00007FFFFEE30740, format 103, format_support 00007FFFFE83D8E4 partial-stub!
0530:fixme:dxgi:dxgi_output_GetDesc1 iface 00007636D48AED80, desc 00007FFFFE83D4F0 semi-stub!
055c:fixme:d3d11:d3d11_device_CheckFormatSupport iface 00007FFFFEE30740, format 104, format_support 00007636BE75E504 partial-stub!
055c:fixme:d3d11:wined3dformat_from_dxgi_format Unhandled DXGI_FORMAT 0x68.
0564:fixme:thread:NtSetInformationThread ThreadPowerThrottling stub!
0530:fixme:d3d11:d3d11_device_CheckFormatSupport iface 00007FFFFEE30740, format 103, format_support 00007FFFFE83D8E4 partial-stub!
0564:fixme:dwmapi:DwmGetCompositionTimingInfo (0000000000000000 00007636BD73EECC)
0564:fixme:dxgi:dxgi_factory_IsCurrent iface 00007FFFFEE6D320 stub!
0564:fixme:dxgi:dxgi_output_WaitForVBlank iface 00007636D488D350 stub!
0530:fixme:dxgi:dxgi_output_GetDesc1 iface 00007636D48AED80, desc 00007FFFFE83D4F0 semi-stub!
055c:fixme:d3d11:d3d11_device_CheckFormatSupport iface 00007FFFFEE30740, format 104, format_support 00007636BE75E584 partial-stub!
055c:fixme:d3d11:wined3dformat_from_dxgi_format Unhandled DXGI_FORMAT 0x68.
0530:fixme:d3d11:d3d11_device_CheckFormatSupport iface 00007FFFFEE30740, format 103, format_support 00007FFFFE83D8E4 partial-stub!
0530:fixme:dxgi:dxgi_output_GetDesc1 iface 00007636D48AEE00, desc 00007FFFFE83D4F0 semi-stub!
055c:fixme:d3d11:d3d11_device_CheckFormatSupport iface 00007FFFFEE30740, format 104, format_support 00007636BE75E584 partial-stub!
055c:fixme:d3d11:wined3dformat_from_dxgi_format Unhandled DXGI_FORMAT 0x68.
0530:fixme:d3d11:d3d11_device_CheckFormatSupport iface 00007FFFFEE30740, format 103, format_support 00007FFFFE83D8E4 partial-stub!
0530:fixme:dxgi:dxgi_output_GetDesc1 iface 00007636D48AEE80, desc 00007FFFFE83D4F0 semi-stub!
055c:fixme:d3d11:d3d11_device_CheckFormatSupport iface 00007FFFFEE30740, format 104, format_support 00007636BE75E584 partial-stub!
055c:fixme:d3d11:wined3dformat_from_dxgi_format Unhandled DXGI_FORMAT 0x68.
0530:fixme:d3d11:d3d11_device_CheckFormatSupport iface 00007FFFFEE30740, format 103, format_support 00007FFFFE83D8E4 partial-stub!
0530:fixme:dxgi:dxgi_output_GetDesc1 iface 00007636D4A4E8D0, desc 00007FFFFE83D4F0 semi-stub!
055c:fixme:d3d11:d3d11_device_CheckFormatSupport iface 00007FFFFEE30740, format 104, format_support 00007636BE75E584 partial-stub!
055c:fixme:d3d11:wined3dformat_from_dxgi_format Unhandled DXGI_FORMAT 0x68.
0530:fixme:d3d11:d3d11_device_CheckFormatSupport iface 00007FFFFEE30740, format 103, format_support 00007FFFFE83D8E4 partial-stub!
0530:fixme:dxgi:dxgi_output_GetDesc1 iface 00007636D4A4E950, desc 00007FFFFE83D4F0 semi-stub!
055c:fixme:d3d11:d3d11_device_CheckFormatSupport iface 00007FFFFEE30740, format 104, format_support 00007636BE75E584 partial-stub!
055c:fixme:d3d11:wined3dformat_from_dxgi_format Unhandled DXGI_FORMAT 0x68.
0530:fixme:dxgi:dxgi_factory_CreateSwapChainForComposition iface 00007FFFFEE6D320, device 00007FFFFEE30740, desc 00007FFFFE83D9D0, output 0000000000000000, swapchain 00007FFFFE83D9C8 stub!
0530:fixme:dxgi:wined3d_swapchain_desc_from_dxgi Ignoring alpha mode 0x1.
0530:fixme:d3d:wined3d_swapchain_init Unimplemented swap effect 0x3.
0530:fixme:dxgi:d3d11_swapchain_GetDesc Ignoring ScanlineOrdering and Scaling.
0530:fixme:dxgi:d3d11_swapchain_SetColorSpace1 iface 00007636D4A87150, colour_space 0 stub!
vkd3d:054c:fixme:vkd3d:D3DCompile2VKD3D Ignoring flags 0xc000.
vkd3d:0544:fixme:vkd3d:D3DCompile2VKD3D Ignoring flags 0xc000.
vkd3d:0544:fixme:vkd3d:hlsl_yylex Unsupported preprocessor #pragma directive at line 8.
vkd3d:054c:fixme:vkd3d:hlsl_yylex Unsupported preprocessor #pragma directive at line 7.
01dc:fixme:thread:QueryThreadCycleTime (FFFFFFFFFFFFFFFE,000076041EFCF8C0): stub!
0174:fixme:kernelbase:PerfCreateInstance handle 00007604247531F0, guid {dd36a036-c923-4794-b696-70577630b5cf}, name L"WorkUnit|16|1324|1021|WebView2 GPU Process", id 16 semi-stub.
0174:fixme:kernelbase:PerfSetCounterRefValue provider 00007604247531F0, instance 000076042474B908, counterid 1, address 0000775400B6FC1C semi-stub.
0174:fixme:kernelbase:PerfSetCounterRefValue provider 00007604247531F0, instance 000076042474B908, counterid 2, address 0000775400B6FC18 semi-stub.
053c:fixme:d3d:state_linepattern_w Setting line patterns is not supported in OpenGL core contexts.
vkd3d:054c:fixme:vkd3d:D3DCompile2VKD3D Ignoring flags 0xc000.
vkd3d:054c:fixme:vkd3d:hlsl_yylex Unsupported preprocessor #pragma directive at line 7.
vkd3d:057c:fixme:vkd3d:D3DCompile2VKD3D Ignoring flags 0xc000.
vkd3d:057c:fixme:vkd3d:hlsl_yylex Unsupported preprocessor #pragma directive at line 8.
0530:fixme:dxgi:d3d11_swapchain_Present1 Ignored present parameters 00007FFFFE83D310.
0530:fixme:dxgi:dxgi_device_EnqueueSetEvent iface 00007FFFFEE306F0, event 0000000000000508 stub!
019c:fixme:process:NtQueryInformationProcess (0xe4,info_class=64,0x79e095e7f0e0,0x00000060,0x79e095e7f0dc) Unknown information class
019c:fixme:process:NtQueryInformationProcess ProcessHandleCount (0x200,0x79e095e7eb8c,0x00000004,(nil)) stub
019c:fixme:dbghelp:elf_search_auxv can't find symbol in module
01c8:fixme:thread:NtSetInformationThread ThreadPowerThrottling stub!
01c8:fixme:wkscli:NetGetJoinInformation Semi-stub (null) 0000760425FBF758 0000760425FBF754
01c8:fixme:thread:NtSetInformationThread info class 24 not supported yet
01c8:fixme:thread:NtSetInformationThread ThreadPowerThrottling stub!
01c8:fixme:userenv:GetProfileType 0000760425FBF790
019c:fixme:dbghelp:MiniDumpWriteDump NIY MiniDumpWithDataSegs
019c:fixme:dbghelp:MiniDumpWriteDump NIY MiniDumpWithHandleData
019c:fixme:dbghelp:elf_search_auxv can't find symbol in module
0530:fixme:dcomp:visual_AddVisual iface 00007636D48A3570, visual 00007636D48A3600, insert_above 0, reference_visual 0000000000000000.
0530:fixme:dcomp:visual_AddVisual iface 00007636D48A3600, visual 00007636D48A3690, insert_above 0, reference_visual 0000000000000000.
0530:fixme:dcomp:visual_AddVisual iface 00007636D48A3690, visual 00007636D48A3720, insert_above 0, reference_visual 0000000000000000.
0530:fixme:dcomp:visual_AddVisual iface 00007636D48A3690, visual 00007636D48A37B0, insert_above 0, reference_visual 0000000000000000.
0530:fixme:dcomp:visual_SetClip iface 00007636D48A37B0, rect 00007FFFFE83D020 stub!
019c:fixme:process:NtQueryInformationProcess (0xe4,info_class=64,0x79e095e7f220,0x00000060,0x79e095e7f21c) Unknown information class
019c:fixme:process:NtQueryInformationProcess ProcessHandleCount (0x200,0x79e095e7eccc,0x00000004,(nil)) stub
019c:fixme:dbghelp:elf_search_auxv can't find symbol in module
019c:fixme:dbghelp:MiniDumpWriteDump NIY MiniDumpWithDataSegs
019c:fixme:dbghelp:MiniDumpWriteDump NIY MiniDumpWithHandleData
019c:fixme:dbghelp:elf_search_auxv can't find symbol in module
0174:fixme:process:NtQueryInformationProcess ProcessCycleTime (0x330,0x7ffffe83da50,0x00000010,(nil)) stub
0208:fixme:ntdll:NtFilterToken flags 0x1 unsupported
0208:fixme:ntdll:NtFilterToken support for restricting sids not yet implemented
0208:fixme:advapi:SetEntriesInAclW unhandled access mode 4
0208:fixme:ntdll:NtFilterToken support for restricting sids not yet implemented
0208:fixme:advapi:SetEntriesInAclW unhandled access mode 4
0208:fixme:sync:NtSetInformationJobObject stub: 0x3b4 4 0x7603fcf8eabc 4
0208:fixme:process:GetProcessMitigationPolicy (FFFFFFFFFFFFFFFF, 5, 000000014037B290, 8): stub
0208:fixme:process:validate_proc_thread_attribute Unhandled attribute 26
05e4:fixme:ntdll:RtlGetDeviceFamilyInfoEnum 0000000000000000 00007FFFFE83F9C4 0000000000000000: stub
05e4:fixme:seh:WerRegisterCustomMetadata (L"OfficialBuild", L"1") stub
05e4:fixme:seh:WerRegisterCustomMetadata (L"ProcessType", L"gpu-process") stub
05e4:fixme:seh:WerRegisterCustomMetadata (L"Channel", L"none") stub
05e4:fixme:seh:WerRegisterCustomMetadata (L"WV", L"CLIPStudio.exe") stub
05e4:fixme:seh:WerRegisterCustomMetadata (L"WV_V", L"5.1.4") stub
05e4:fixme:virtual:prefetch_memory (process=0xffffffffffffffff,flags=0) NtSetInformationVirtualMemory(VmPrefetchInformation) partial stub
05e4:fixme:process:SetProcessShutdownParameters (0000027f, 00000001): partial stub.
05e4:fixme:process:SetProcessShutdownParameters (0000027f, 00000001): partial stub.
05e4:fixme:thread:NtSetInformationThread ThreadPowerThrottling stub!
05e4:fixme:thread:NtSetInformationThread ThreadPowerThrottling stub!
05e4:fixme:heap:RtlSetHeapInformation HEAP_INFORMATION_CLASS 1 not implemented!
05e4:fixme:ntdll:RtlGetDeviceFamilyInfoEnum 0000000000000000 00007FFFFE83EB34 0000000000000000: stub
05e4:fixme:ntdll:EtwRegisterTraceGuidsW   register trace class {00000000-0000-0000-0000-000000000000}
05e4:fixme:process:GetProcessMitigationPolicy (FFFFFFFFFFFFFFFF, 4, 00007FFFFE83F1A4, 4): stub
05e4:fixme:seh:WerRegisterCustomMetadata (L"MetricsClientIdHash", L"1542954672516919668") stub
05e4:fixme:seh:WerRegisterCustomMetadata (L"MetricsSessionId", L"2") stub
05e4:fixme:seh:WerRegisterCustomMetadata (L"VariationsSeedETag", L"\"lv22sejrDwz4FWj7eRYExmwWZsIbyxJKdnQS2d/KrCo=\"") stub
05e4:fixme:seh:WerRegisterCustomMetadata (L"RuntimeVariationsSeedETag", L"\"JHaGKqYIj1q/zMvgOLYKnwxYIg8QAAYadtakLEVvKWY=\"") stub
05e4:fixme:thread:NtSetInformationThread ThreadPowerThrottling stub!
05e4:fixme:dxcore:dxcore_adapter_factory_CreateAdapterList iface 00006FFFE2FC4030, num_attributes 1, filter_attributes 00007FFFFE83DF80, riid {526c7776-40e9-459b-b711-f32ad76dfc28}, out 00007FFFFE83DEB0 semi-stub!
libEGL warning: DRI3 error: Could not get DRI3 device
libEGL warning: Ensure your X server supports DRI3 to get accelerated rendering
05e4:fixme:d3d:wined3d_guess_card No card selector available for card vendor 0000 (using GL_RENDERER "llvmpipe (LLVM 21.1.8, 256 bits)").
05e4:fixme:ntdll:NtQuerySystemInformation info_class SYSTEM_PERFORMANCE_INFORMATION
05e4:fixme:dxcore:dxcore_adapter_GetProperty Returning all adapters as Hardware.
05e4:fixme:dxcore:dxcore_adapter_IsAttributeSupported iface 00007FFFFEE354A0, attribute {0c9ece4d-2f6e-4f01-8c96-e89e331b47b1} stub!
05e4:fixme:dxcore:dxcore_adapter_IsAttributeSupported iface 00007FFFFEE354A0, attribute {8c47866b-7583-450d-f0f0-6bada895af4b} stub!
05e4:fixme:d3d:wined3d_guess_card No card selector available for card vendor 0000 (using GL_RENDERER "llvmpipe (LLVM 21.1.8, 256 bits)").
05e4:fixme:ver:GetPackagesByPackageFamily (L"DolbyLaboratories.DolbyDigitalPlusDecoderOEM_rz1tebttyb220" 00007FFFFE83E03C 0000000000000000 00007FFFFE83E038 0000000000000000): stub
05e4:fixme:ver:GetPackagesByPackageFamily (L"DolbyLaboratories.DolbyAC4DecoderOEM_rz1tebttyb220" 00007FFFFE83E03C 0000000000000000 00007FFFFE83E038 0000000000000000): stub
05e4:fixme:ver:GetPackagesByPackageFamily (L"Microsoft.HEVCVideoExtension_8wekyb3d8bbwe" 00007FFFFE83E03C 0000000000000000 00007FFFFE83E038 0000000000000000): stub
05e4:fixme:ver:GetPackagesByPackageFamily (L"Microsoft.HEVCVideoExtensions_8wekyb3d8bbwe" 00007FFFFE83E03C 0000000000000000 00007FFFFE83E038 0000000000000000): stub
05e4:fixme:ver:GetPackagesByPackageFamily (L"DolbyLaboratories.DolbyVisionAccess_rz1tebttyb220" 00007FFFFE83E03C 0000000000000000 00007FFFFE83E038 0000000000000000): stub
05e4:fixme:ver:GetPackagesByPackageFamily (L"DolbyLaboratories.DolbyVisionHDR_rz1tebttyb220" 00007FFFFE83E03C 0000000000000000 00007FFFFE83E038 0000000000000000): stub
05ec:fixme:thread:QueryThreadCycleTime (0000000000000124,00007AE6277EFD50): stub!
05f0:fixme:kernelbase:AppPolicyGetThreadInitializationType FFFFFFFFFFFFFFFA, 00007AE626FDFF50
05e4:fixme:ntdll:NtSetInformationToken TokenIntegrityLevel stub!
0600:fixme:thread:NtSetInformationThread info class 24 not supported yet
0600:fixme:thread:NtSetInformationThread ThreadPowerThrottling stub!
05e4:fixme:ntdll:EtwEventSetInformation (deadbeef, 2, 00007CFC0006CB68, 26) stub
0608:fixme:thread:NtSetInformationThread ThreadPowerThrottling stub!
0614:fixme:thread:NtSetInformationThread ThreadPowerThrottling stub!
0174:fixme:process:NtQueryInformationProcess ProcessCycleTime (0x404,0x7ffffe83d600,0x00000010,(nil)) stub
0614:fixme:dwmapi:DwmGetCompositionTimingInfo (0000000000000000 00007AE61979EA2C)
0360:fixme:thread:QueryThreadCycleTime (FFFFFFFFFFFFFFFE,00007A2F4BFEF820): stub!
0174:fixme:kernelbase:PerfCreateInstance handle 00007604247531F0, guid {dd36a036-c923-4794-b696-70577630b5cf}, name L"WorkUnit|17|1504|1021|WebView2 GPU Process", id 17 semi-stub.
0174:fixme:kernelbase:PerfSetCounterRefValue provider 00007604247531F0, instance 000076042474B908, counterid 1, address 00007754002695BC semi-stub.
0174:fixme:kernelbase:PerfSetCounterRefValue provider 00007604247531F0, instance 000076042474B908, counterid 2, address 00007754002695B8 semi-stub.
01d0:fixme:thread:NtSetInformationThread ThreadPowerThrottling stub!
01c4:fixme:thread:NtSetInformationThread ThreadPowerThrottling stub!
01d0:fixme:file:ReplaceFileW Ignoring flags 2
01c4:fixme:file:ReplaceFileW Ignoring flags 2
01c4:fixme:thread:NtSetInformationThread ThreadPowerThrottling stub!
01d0:fixme:thread:NtSetInformationThread ThreadPowerThrottling stub!
02dc:fixme:winsock:setsockopt Ignoring SO_RANDOMIZE_PORT
02dc:fixme:winsock:setsockopt Ignoring SO_RANDOMIZE_PORT
02dc:fixme:winsock:setsockopt Ignoring SO_RANDOMIZE_PORT
01c8:fixme:thread:NtSetInformationThread ThreadPowerThrottling stub!
0634:fixme:ole:CoInitializeSecurity 0000000000000000, -1, 0000000000000000, 0000000000000000, 1, 3, 0000000000000000, 0, 0000000000000000 stub
01c8:fixme:thread:NtSetInformationThread info class 24 not supported yet
01c8:fixme:thread:NtSetInformationThread ThreadPowerThrottling stub!
0648:fixme:qmgr:BackgroundCopyJob_AddFileSet Check for valid filenames and supported protocols
0648:fixme:qmgr:BackgroundCopyJob_SetPriority 00007FFFFE83AEC0, 2: stub
0648:fixme:qmgr:BackgroundCopyJob_SetMinimumRetryDelay 00007FFFFE83AEC0, 60.
0648:fixme:qmgr:BackgroundCopyJob_SetNoProgressTimeout 00007FFFFE83AEC0, 86400.: stub
0208:fixme:ntdll:NtFilterToken flags 0x1 unsupported
0208:fixme:ntdll:NtFilterToken support for restricting sids not yet implemented
0208:fixme:advapi:SetEntriesInAclW unhandled access mode 4
0208:fixme:ntdll:NtSetInformationToken TokenIntegrityLevel stub!
0208:fixme:ntdll:NtFilterToken support for restricting sids not yet implemented
0208:fixme:advapi:SetEntriesInAclW unhandled access mode 4
0208:fixme:ntdll:NtSetInformationToken TokenIntegrityLevel stub!
0208:fixme:sync:NtSetInformationJobObject stub: 0xb84 4 0x7603fcf8eabc 4
0208:fixme:process:GetProcessMitigationPolicy (FFFFFFFFFFFFFFFF, 5, 000000014037B290, 8): stub
0208:fixme:process:validate_proc_thread_attribute Unhandled attribute 26
0174:fixme:process:NtQueryInformationProcess ProcessCycleTime (0xd84,0x7ffffe83dcf0,0x00000010,(nil)) stub
0674:fixme:ntdll:RtlGetDeviceFamilyInfoEnum 0000000000000000 00007FFFFE83F9C4 0000000000000000: stub
0674:fixme:seh:WerRegisterCustomMetadata (L"OfficialBuild", L"1") stub
0674:fixme:seh:WerRegisterCustomMetadata (L"ProcessType", L"utility") stub
0674:fixme:seh:WerRegisterCustomMetadata (L"Channel", L"none") stub
0674:fixme:seh:WerRegisterCustomMetadata (L"WV", L"CLIPStudio.exe") stub
0674:fixme:seh:WerRegisterCustomMetadata (L"WV_V", L"5.1.4") stub
0174:fixme:kernelbase:PerfCreateInstance handle 00007604247531F0, guid {dd36a036-c923-4794-b696-70577630b5cf}, name L"WorkUnit|18|1648|1019|WebView2 Utility: Unzip Service", id 18 semi-stub.
0174:fixme:kernelbase:PerfSetCounterRefValue provider 00007604247531F0, instance 00007FFFFEFED268, counterid 1, address 000077540026A99C semi-stub.
0174:fixme:kernelbase:PerfSetCounterRefValue provider 00007604247531F0, instance 00007FFFFEFED268, counterid 2, address 000077540026A998 semi-stub.
0674:fixme:virtual:prefetch_memory (process=0xffffffffffffffff,flags=0) NtSetInformationVirtualMemory(VmPrefetchInformation) partial stub
0674:fixme:process:SetProcessShutdownParameters (0000027f, 00000001): partial stub.
0674:fixme:process:SetProcessShutdownParameters (0000027f, 00000001): partial stub.
0674:fixme:thread:NtSetInformationThread ThreadPowerThrottling stub!
0674:fixme:thread:NtSetInformationThread ThreadPowerThrottling stub!
0674:fixme:heap:RtlSetHeapInformation HEAP_INFORMATION_CLASS 1 not implemented!
0674:fixme:ntdll:RtlGetDeviceFamilyInfoEnum 0000000000000000 00007FFFFE83EB34 0000000000000000: stub
0674:fixme:ntdll:EtwRegisterTraceGuidsW   register trace class {00000000-0000-0000-0000-000000000000}
0674:fixme:process:GetProcessMitigationPolicy (FFFFFFFFFFFFFFFF, 4, 00007FFFFE83F1A4, 4): stub
0684:fixme:thread:NtSetInformationThread info class 24 not supported yet
0684:fixme:thread:NtSetInformationThread ThreadPowerThrottling stub!
0674:fixme:ntdll:EtwEventSetInformation (deadbeef, 2, 000070EC000BC028, 26) stub
0674:fixme:ntdll:NtSetInformationToken TokenIntegrityLevel stub!
0674:fixme:process:NtQueryInformationProcess ProcessHandleCount (0xffffffffffffffff,0x7ffffe83e984,0x00000004,(nil)) stub
0674:fixme:process:NtQueryInformationProcess ProcessHandleTable (0xffffffffffffffff,0x5390000a1000,0x00000fa0,0x7ffffe83e980) stub
0674:fixme:process:SetProcessMitigationPolicy (2, 00007FFFFE83E9A0, 4): stub
0674:fixme:ntdll:NtQuerySystemInformation info_class SYSTEM_PERFORMANCE_INFORMATION
02dc:fixme:winsock:setsockopt Ignoring SO_RANDOMIZE_PORT
0174:fixme:process:NtQueryInformationProcess ProcessCycleTime (0x818,0x7ffffe83dfe0,0x00000010,(nil)) stub
01c4:fixme:thread:NtSetInformationThread ThreadPowerThrottling stub!
01c4:fixme:file:ReplaceFileW Ignoring flags 2
01c4:fixme:thread:NtSetInformationThread ThreadPowerThrottling stub!
0698:fixme:qmgr:BackgroundCopyJob_AddFileSet Check for valid filenames and supported protocols
0698:fixme:qmgr:BackgroundCopyJob_SetPriority 00007FFFFE83FDB0, 2: stub
0698:fixme:qmgr:BackgroundCopyJob_SetMinimumRetryDelay 00007FFFFE83FDB0, 60.
0698:fixme:qmgr:BackgroundCopyJob_SetNoProgressTimeout 00007FFFFE83FDB0, 86400.: stub
0208:fixme:ntdll:NtFilterToken flags 0x1 unsupported
0208:fixme:ntdll:NtFilterToken support for restricting sids not yet implemented
0208:fixme:advapi:SetEntriesInAclW unhandled access mode 4
0208:fixme:ntdll:NtSetInformationToken TokenIntegrityLevel stub!
0208:fixme:ntdll:NtFilterToken support for restricting sids not yet implemented
0208:fixme:advapi:SetEntriesInAclW unhandled access mode 4
0208:fixme:ntdll:NtSetInformationToken TokenIntegrityLevel stub!
0208:fixme:sync:NtSetInformationJobObject stub: 0xb84 4 0x7603fcf8eabc 4
0208:fixme:process:GetProcessMitigationPolicy (FFFFFFFFFFFFFFFF, 5, 000000014037B290, 8): stub
0208:fixme:process:validate_proc_thread_attribute Unhandled attribute 26
0174:fixme:process:NtQueryInformationProcess ProcessCycleTime (0xd84,0x7ffffe83dcf0,0x00000010,(nil)) stub
06d4:fixme:ntdll:RtlGetDeviceFamilyInfoEnum 0000000000000000 00007FFFFE83F9C4 0000000000000000: stub
06d4:fixme:seh:WerRegisterCustomMetadata (L"OfficialBuild", L"1") stub
06d4:fixme:seh:WerRegisterCustomMetadata (L"ProcessType", L"utility") stub
06d4:fixme:seh:WerRegisterCustomMetadata (L"Channel", L"none") stub
06d4:fixme:seh:WerRegisterCustomMetadata (L"WV", L"CLIPStudio.exe") stub
06d4:fixme:seh:WerRegisterCustomMetadata (L"WV_V", L"5.1.4") stub
0174:fixme:kernelbase:PerfCreateInstance handle 00007604247531F0, guid {dd36a036-c923-4794-b696-70577630b5cf}, name L"WorkUnit|19|1744|1019|WebView2 Utility: Unzip Service", id 19 semi-stub.
0174:fixme:kernelbase:PerfSetCounterRefValue provider 00007604247531F0, instance 00007FFFFEFED268, counterid 1, address 0000775400892FFC semi-stub.
0174:fixme:kernelbase:PerfSetCounterRefValue provider 00007604247531F0, instance 00007FFFFEFED268, counterid 2, address 0000775400892FF8 semi-stub.
06d4:fixme:virtual:prefetch_memory (process=0xffffffffffffffff,flags=0) NtSetInformationVirtualMemory(VmPrefetchInformation) partial stub
06d4:fixme:process:SetProcessShutdownParameters (0000027f, 00000001): partial stub.
06d4:fixme:process:SetProcessShutdownParameters (0000027f, 00000001): partial stub.
06d4:fixme:thread:NtSetInformationThread ThreadPowerThrottling stub!
06d4:fixme:thread:NtSetInformationThread ThreadPowerThrottling stub!
06d4:fixme:heap:RtlSetHeapInformation HEAP_INFORMATION_CLASS 1 not implemented!
06d4:fixme:ntdll:RtlGetDeviceFamilyInfoEnum 0000000000000000 00007FFFFE83EB34 0000000000000000: stub
06d4:fixme:ntdll:EtwRegisterTraceGuidsW   register trace class {00000000-0000-0000-0000-000000000000}
06d4:fixme:process:GetProcessMitigationPolicy (FFFFFFFFFFFFFFFF, 4, 00007FFFFE83F1A4, 4): stub
06e4:fixme:thread:NtSetInformationThread info class 24 not supported yet
06e4:fixme:thread:NtSetInformationThread ThreadPowerThrottling stub!
06d4:fixme:ntdll:EtwEventSetInformation (deadbeef, 2, 00003B24000B4028, 26) stub
06d4:fixme:ntdll:NtSetInformationToken TokenIntegrityLevel stub!
06d4:fixme:process:NtQueryInformationProcess ProcessHandleCount (0xffffffffffffffff,0x7ffffe83e984,0x00000004,(nil)) stub
06d4:fixme:process:NtQueryInformationProcess ProcessHandleTable (0xffffffffffffffff,0x1c90000a1000,0x00000fa0,0x7ffffe83e980) stub
06d4:fixme:process:SetProcessMitigationPolicy (2, 00007FFFFE83E9A0, 4): stub
06d4:fixme:ntdll:NtQuerySystemInformation info_class SYSTEM_PERFORMANCE_INFORMATION
02dc:fixme:winsock:setsockopt Ignoring SO_RANDOMIZE_PORT
0174:fixme:process:NtQueryInformationProcess ProcessCycleTime (0xb70,0x7ffffe83dfe0,0x00000010,(nil)) stub
01c8:fixme:thread:NtSetInformationThread ThreadPowerThrottling stub!
01c8:fixme:thread:NtSetInformationThread info class 24 not supported yet
01c8:fixme:thread:NtSetInformationThread ThreadPowerThrottling stub!
01c8:fixme:file:ReplaceFileW Ignoring flags 2
01c4:fixme:thread:NtSetInformationThread ThreadPowerThrottling stub!
01c4:fixme:file:ReplaceFileW Ignoring flags 2
01c4:fixme:thread:NtSetInformationThread ThreadPowerThrottling stub!
06f8:fixme:qmgr:BackgroundCopyJob_AddFileSet Check for valid filenames and supported protocols
06f8:fixme:qmgr:BackgroundCopyJob_SetPriority 00007FFFFE846570, 2: stub
06f8:fixme:qmgr:BackgroundCopyJob_SetMinimumRetryDelay 00007FFFFE846570, 60.
06f8:fixme:qmgr:BackgroundCopyJob_SetNoProgressTimeout 00007FFFFE846570, 86400.: stub
01c8:fixme:file:ReplaceFileW Ignoring flags 2
0208:fixme:ntdll:NtFilterToken flags 0x1 unsupported
0208:fixme:ntdll:NtFilterToken support for restricting sids not yet implemented
0208:fixme:advapi:SetEntriesInAclW unhandled access mode 4
0208:fixme:ntdll:NtSetInformationToken TokenIntegrityLevel stub!
0208:fixme:ntdll:NtFilterToken support for restricting sids not yet implemented
0208:fixme:advapi:SetEntriesInAclW unhandled access mode 4
0208:fixme:ntdll:NtSetInformationToken TokenIntegrityLevel stub!
0208:fixme:sync:NtSetInformationJobObject stub: 0xd10 4 0x7603fcf8eabc 4
0208:fixme:process:GetProcessMitigationPolicy (FFFFFFFFFFFFFFFF, 5, 000000014037B290, 8): stub
0208:fixme:process:validate_proc_thread_attribute Unhandled attribute 26
0174:fixme:process:NtQueryInformationProcess ProcessCycleTime (0xd8c,0x7ffffe83dcf0,0x00000010,(nil)) stub
071c:fixme:ntdll:RtlGetDeviceFamilyInfoEnum 0000000000000000 00007FFFFE83F9C4 0000000000000000: stub
071c:fixme:seh:WerRegisterCustomMetadata (L"OfficialBuild", L"1") stub
071c:fixme:seh:WerRegisterCustomMetadata (L"ProcessType", L"utility") stub
071c:fixme:seh:WerRegisterCustomMetadata (L"Channel", L"none") stub
071c:fixme:seh:WerRegisterCustomMetadata (L"WV", L"CLIPStudio.exe") stub
071c:fixme:seh:WerRegisterCustomMetadata (L"WV_V", L"5.1.4") stub
0174:fixme:kernelbase:PerfCreateInstance handle 00007604247531F0, guid {dd36a036-c923-4794-b696-70577630b5cf}, name L"WorkUnit|20|1816|1019|WebView2 Utility: Unzip Service", id 20 semi-stub.
0174:fixme:kernelbase:PerfSetCounterRefValue provider 00007604247531F0, instance 00007FFFFEFED268, counterid 1, address 0000775401CD60DC semi-stub.
0174:fixme:kernelbase:PerfSetCounterRefValue provider 00007604247531F0, instance 00007FFFFEFED268, counterid 2, address 0000775401CD60D8 semi-stub.
071c:fixme:virtual:prefetch_memory (process=0xffffffffffffffff,flags=0) NtSetInformationVirtualMemory(VmPrefetchInformation) partial stub
071c:fixme:process:SetProcessShutdownParameters (0000027f, 00000001): partial stub.
071c:fixme:process:SetProcessShutdownParameters (0000027f, 00000001): partial stub.
071c:fixme:thread:NtSetInformationThread ThreadPowerThrottling stub!
071c:fixme:thread:NtSetInformationThread ThreadPowerThrottling stub!
071c:fixme:heap:RtlSetHeapInformation HEAP_INFORMATION_CLASS 1 not implemented!
071c:fixme:ntdll:RtlGetDeviceFamilyInfoEnum 0000000000000000 00007FFFFE83EB34 0000000000000000: stub
071c:fixme:ntdll:EtwRegisterTraceGuidsW   register trace class {00000000-0000-0000-0000-000000000000}
071c:fixme:process:GetProcessMitigationPolicy (FFFFFFFFFFFFFFFF, 4, 00007FFFFE83F1A4, 4): stub
072c:fixme:thread:NtSetInformationThread info class 24 not supported yet
072c:fixme:thread:NtSetInformationThread ThreadPowerThrottling stub!
071c:fixme:ntdll:EtwEventSetInformation (deadbeef, 2, 00005C5C000BC028, 26) stub
071c:fixme:ntdll:NtSetInformationToken TokenIntegrityLevel stub!
071c:fixme:process:NtQueryInformationProcess ProcessHandleCount (0xffffffffffffffff,0x7ffffe83e984,0x00000004,(nil)) stub
071c:fixme:process:NtQueryInformationProcess ProcessHandleTable (0xffffffffffffffff,0x3750000a1000,0x00000fa0,0x7ffffe83e980) stub
071c:fixme:process:SetProcessMitigationPolicy (2, 00007FFFFE83E9A0, 4): stub
071c:fixme:ntdll:NtQuerySystemInformation info_class SYSTEM_PERFORMANCE_INFORMATION
02dc:fixme:winsock:setsockopt Ignoring SO_RANDOMIZE_PORT
0174:fixme:process:NtQueryInformationProcess ProcessCycleTime (0xb70,0x7ffffe83dfe0,0x00000010,(nil)) stub
0230:fixme:thread:QueryThreadCycleTime (FFFFFFFFFFFFFFFE,00007FFFFE83DFE0): stub!
01c4:fixme:thread:NtSetInformationThread ThreadPowerThrottling stub!
01c4:fixme:file:ReplaceFileW Ignoring flags 2
01c4:fixme:thread:NtSetInformationThread ThreadPowerThrottling stub!
073c:fixme:seh:WerRegisterCustomMetadata (L"EdgeUpdateDllVersion", L"1.3.195.49") stub
073c:fixme:wkscli:NetGetJoinInformation Semi-stub (null) 0026FCBC 0026FCC0
073c:fixme:ntdll:EtwEventSetInformation (deadbeef, 2, 7874FEB9, 42) stub
073c:fixme:netapi32:NetGetAadJoinInformation (L"72f988bf-86f1-41af-91ab-2d7cd011db47", 0026FBF0): stub
073c:fixme:process:SetProcessShutdownParameters (00000280, 00000001): partial stub.
073c:fixme:heap:RtlSetHeapInformation HEAP_INFORMATION_CLASS 1 not implemented!
073c:fixme:userenv:GetProfileType 0026FDF8
074c:fixme:advapi:RegisterEventSourceW ((null),L"edgeupdate"): stub
074c:fixme:advapi:ReportEventW (CAFE4242,0x0004,0x0000,0x00000000,00000000,0x0001,0x00000000,00E1FCC8,00000000): stub
074c:fixme:advapi:DeregisterEventSource (CAFE4242) stub
073c:fixme:kernelbase:AppPolicyGetProcessTerminationMethod FFFFFFFA, 0026FEBC
0754:fixme:seh:WerRegisterCustomMetadata (L"EdgeUpdateDllVersion", L"1.3.195.49") stub
0754:fixme:wkscli:NetGetJoinInformation Semi-stub (null) 0026FCBC 0026FCC0
0754:fixme:ntdll:EtwEventSetInformation (deadbeef, 2, 7874FEB9, 42) stub
0754:fixme:netapi32:NetGetAadJoinInformation (L"72f988bf-86f1-41af-91ab-2d7cd011db47", 0026FBF0): stub
0754:fixme:process:SetProcessShutdownParameters (00000280, 00000001): partial stub.
0754:fixme:heap:RtlSetHeapInformation HEAP_INFORMATION_CLASS 1 not implemented!
0754:fixme:userenv:GetProfileType 0026FDF8
0754:fixme:process:WTSGetActiveConsoleSessionId stub
0754:fixme:wtsapi:WTSQuerySessionInformationW returning partial WTSINFO
0174:fixme:process:NtQueryInformationProcess ProcessCycleTime (0x264,0x7ffffe83df90,0x00000010,(nil)) stub
0174:fixme:process:NtQueryInformationProcess ProcessCycleTime (0x8a4,0x7ffffe83df90,0x00000010,(nil)) stub
0174:fixme:process:NtQueryInformationProcess ProcessCycleTime (0x83c,0x7ffffe83df90,0x00000010,(nil)) stub
0174:fixme:process:NtQueryInformationProcess ProcessCycleTime (0x9b8,0x7ffffe83df90,0x00000010,(nil)) stub
0174:fixme:process:NtQueryInformationProcess ProcessCycleTime (0xa78,0x7ffffe83df90,0x00000010,(nil)) stub
0174:fixme:process:NtQueryInformationProcess ProcessCycleTime (0x808,0x7ffffe83df90,0x00000010,(nil)) stub
0174:fixme:process:NtQueryInformationProcess ProcessCycleTime (0xc90,0x7ffffe83df90,0x00000010,(nil)) stub
0174:fixme:process:NtQueryInformationProcess ProcessCycleTime (0x5a8,0x7ffffe83df90,0x00000010,(nil)) stub
0174:fixme:process:NtQueryInformationProcess ProcessCycleTime (0x88c,0x7ffffe83df90,0x00000010,(nil)) stub
0174:fixme:process:NtQueryInformationProcess ProcessCycleTime (0x404,0x7ffffe83df90,0x00000010,(nil)) stub
02dc:fixme:winsock:setsockopt Ignoring SO_RANDOMIZE_PORT
0438:fixme:thread:NtSetInformationThread ThreadPowerThrottling stub!
