[mkprefix] base: wineboot on /home/asdf/projects/csp-wine/state/prefix
[mkprefix] base: Windows version 10 (global)
libEGL warning: DRI3 error: Could not get DRI3 device
libEGL warning: Ensure your X server supports DRI3 to get accelerated rendering
[mkprefix] fonts: corefonts via winetricks (Arial/Times/Courier/Verdana/...) + enumeration fix
Executing cd /usr/bin
winetricks latest version check update disabled in the Debian package for privacy reasons.
You may enable it by setting WINETRICKS_LATEST_VERSION_CHECK=enabled or creating /home/asdf/.config/winetricks/enable-latest-version-check
------------------------------------------------------
warning: You are using a 64-bit WINEPREFIX. Note that many verbs only install 32-bit versions of packages. If you encounter problems, please retest in a clean 32-bit WINEPREFIX before reporting a bug.
------------------------------------------------------
------------------------------------------------------
warning: You appear to be using Wine's new wow64 mode. Note that this is EXPERIMENTAL and not yet fully supported. If reporting an issue, be sure to mention this.
------------------------------------------------------
Using winetricks 20250102 - sha256sum: 9df4af038f04c753f3b0b02817cf60a51d8eac32357d070c45dfd139b93bd3f5 with wine-11.18 and WINEARCH=win64
Executing w_do_call corefonts
------------------------------------------------------
warning: You are using a 64-bit WINEPREFIX. Note that many verbs only install 32-bit versions of packages. If you encounter problems, please retest in a clean 32-bit WINEPREFIX before reporting a bug.
------------------------------------------------------
------------------------------------------------------
warning: You appear to be using Wine's new wow64 mode. Note that this is EXPERIMENTAL and not yet fully supported. If reporting an issue, be sure to mention this.
------------------------------------------------------
Executing load_corefonts 
Executing w_do_call andale
------------------------------------------------------
warning: You are using a 64-bit WINEPREFIX. Note that many verbs only install 32-bit versions of packages. If you encounter problems, please retest in a clean 32-bit WINEPREFIX before reporting a bug.
------------------------------------------------------
------------------------------------------------------
warning: You appear to be using Wine's new wow64 mode. Note that this is EXPERIMENTAL and not yet fully supported. If reporting an issue, be sure to mention this.
------------------------------------------------------
Executing load_andale 
Executing mkdir -p /home/asdf/.cache/winetricks/corefonts
Executing cd /home/asdf/.cache/winetricks/corefonts
Downloading https://github.com/pushcx/corefonts/raw/master/andale32.exe to /home/asdf/.cache/winetricks/corefonts
--2026-10-03 19:11:57--  https://github.com/pushcx/corefonts/raw/master/andale32.exe
Resolving github.com (github.com)... 140.82.113.4
Connecting to github.com (github.com)|140.82.113.4|:443... connected.
HTTP request sent, awaiting response... 302 Found
Location: https://raw.githubusercontent.com/pushcx/corefonts/master/andale32.exe [following]
--2026-10-03 19:11:58--  https://raw.githubusercontent.com/pushcx/corefonts/master/andale32.exe
Resolving raw.githubusercontent.com (raw.githubusercontent.com)... 185.199.110.133, 185.199.111.133, 185.199.108.133, ...
Connecting to raw.githubusercontent.com (raw.githubusercontent.com)|185.199.110.133|:443... connected.
HTTP request sent, awaiting response... 200 OK
Length: 198384 (194K) [application/octet-stream]
Saving to: ‘andale32.exe’

     0K .......... .......... .......... .......... .......... 25%  663K 0s
    50K .......... .......... .......... .......... .......... 51%  683K 0s
   100K .......... .......... .......... .......... .......... 77% 3.23M 0s
   150K .......... .......... .......... .......... ...       100% 1.13M=0.2s

2026-10-03 19:11:58 (962 KB/s) - ‘andale32.exe’ saved [198384/198384]

Executing cd /home/asdf/projects/csp-wine
Executing cabextract -q -d /home/asdf/projects/csp-wine/state/prefix/dosdevices/c:/windows/temp /home/asdf/.cache/winetricks/corefonts/andale32.exe
------------------------------------------------------
warning: Running /home/asdf/projects/csp-wine/wine-install/bin/wineserver -w. This will hang until all wine processes in prefix=/home/asdf/projects/csp-wine/state/prefix terminate
------------------------------------------------------
Executing wine C:\windows\syswow64\regedit.exe /S C:\windows\Temp\_register-font.reg
Executing wine C:\windows\regedit.exe /S C:\windows\Temp\_register-font.reg
Executing cp /home/asdf/projects/csp-wine/state/prefix/dosdevices/c:/windows/temp/_register-font.reg /home/asdf/projects/csp-wine/state/tmp/winetricks.LKSAcJLE/_reg_90ad6a9f_3748979.reg
Executing wine C:\windows\syswow64\regedit.exe /S C:\windows\Temp\_register-font.reg
Executing wine C:\windows\regedit.exe /S C:\windows\Temp\_register-font.reg
Executing cp /home/asdf/projects/csp-wine/state/prefix/dosdevices/c:/windows/temp/_register-font.reg /home/asdf/projects/csp-wine/state/tmp/winetricks.LKSAcJLE/_reg_f6204652_3748979.reg
Executing w_do_call arial
------------------------------------------------------
warning: You are using a 64-bit WINEPREFIX. Note that many verbs only install 32-bit versions of packages. If you encounter problems, please retest in a clean 32-bit WINEPREFIX before reporting a bug.
------------------------------------------------------
------------------------------------------------------
warning: You appear to be using Wine's new wow64 mode. Note that this is EXPERIMENTAL and not yet fully supported. If reporting an issue, be sure to mention this.
------------------------------------------------------
Executing load_arial 
Executing cd /home/asdf/.cache/winetricks/corefonts
Downloading https://github.com/pushcx/corefonts/raw/master/arial32.exe to /home/asdf/.cache/winetricks/corefonts
--2026-10-03 19:12:05--  https://github.com/pushcx/corefonts/raw/master/arial32.exe
Resolving github.com (github.com)... 140.82.113.4
Connecting to github.com (github.com)|140.82.113.4|:443... connected.
HTTP request sent, awaiting response... 302 Found
Location: https://raw.githubusercontent.com/pushcx/corefonts/master/arial32.exe [following]
--2026-10-03 19:12:05--  https://raw.githubusercontent.com/pushcx/corefonts/master/arial32.exe
Resolving raw.githubusercontent.com (raw.githubusercontent.com)... 185.199.110.133, 185.199.109.133, 185.199.108.133, ...
Connecting to raw.githubusercontent.com (raw.githubusercontent.com)|185.199.110.133|:443... connected.
HTTP request sent, awaiting response... 200 OK
Length: 554208 (541K) [application/octet-stream]
Saving to: ‘arial32.exe’

     0K .......... .......... .......... .......... ..........  9%  670K 1s
    50K .......... .......... .......... .......... .......... 18%  866K 1s
   100K .......... .......... .......... .......... .......... 27% 3.21M 0s
   150K .......... .......... .......... .......... .......... 36% 1.20M 0s
   200K .......... .......... .......... .......... .......... 46% 4.00M 0s
   250K .......... .......... .......... .......... .......... 55% 7.52M 0s
   300K .......... .......... .......... .......... .......... 64% 6.68M 0s
   350K .......... .......... .......... .......... .......... 73% 1.17M 0s
   400K .......... .......... .......... .......... .......... 83% 4.75M 0s
   450K .......... .......... .......... .......... .......... 92% 5.92M 0s
   500K .......... .......... .......... .......... .         100%  417M=0.3s

2026-10-03 19:12:06 (1.93 MB/s) - ‘arial32.exe’ saved [554208/554208]

Executing cd /home/asdf/projects/csp-wine
Executing cd /home/asdf/.cache/winetricks/corefonts
Downloading https://github.com/pushcx/corefonts/raw/master/arialb32.exe to /home/asdf/.cache/winetricks/corefonts
--2026-10-03 19:12:06--  https://github.com/pushcx/corefonts/raw/master/arialb32.exe
Resolving github.com (github.com)... 140.82.113.4
Connecting to github.com (github.com)|140.82.113.4|:443... connected.
HTTP request sent, awaiting response... 302 Found
Location: https://raw.githubusercontent.com/pushcx/corefonts/master/arialb32.exe [following]
--2026-10-03 19:12:07--  https://raw.githubusercontent.com/pushcx/corefonts/master/arialb32.exe
Resolving raw.githubusercontent.com (raw.githubusercontent.com)... 185.199.111.133, 185.199.109.133, 185.199.108.133, ...
Connecting to raw.githubusercontent.com (raw.githubusercontent.com)|185.199.111.133|:443... connected.
HTTP request sent, awaiting response... 200 OK
Length: 168176 (164K) [application/octet-stream]
Saving to: ‘arialb32.exe’

     0K .......... .......... .......... .......... .......... 30%  766K 0s
    50K .......... .......... .......... .......... .......... 60%  730K 0s
   100K .......... .......... .......... .......... .......... 91% 3.07M 0s
   150K .......... ....                                       100%  308M=0.1s

2026-10-03 19:12:07 (1.07 MB/s) - ‘arialb32.exe’ saved [168176/168176]

Executing cd /home/asdf/projects/csp-wine
Executing cabextract -q -d /home/asdf/projects/csp-wine/state/prefix/dosdevices/c:/windows/temp /home/asdf/.cache/winetricks/corefonts/arial32.exe
------------------------------------------------------
warning: Running /home/asdf/projects/csp-wine/wine-install/bin/wineserver -w. This will hang until all wine processes in prefix=/home/asdf/projects/csp-wine/state/prefix terminate
------------------------------------------------------
Executing wine C:\windows\syswow64\regedit.exe /S C:\windows\Temp\_register-font.reg
Executing wine C:\windows\regedit.exe /S C:\windows\Temp\_register-font.reg
Executing cp /home/asdf/projects/csp-wine/state/prefix/dosdevices/c:/windows/temp/_register-font.reg /home/asdf/projects/csp-wine/state/tmp/winetricks.LKSAcJLE/_reg_304f5183_3748979.reg
Executing wine C:\windows\syswow64\regedit.exe /S C:\windows\Temp\_register-font.reg
Executing wine C:\windows\regedit.exe /S C:\windows\Temp\_register-font.reg
Executing cp /home/asdf/projects/csp-wine/state/prefix/dosdevices/c:/windows/temp/_register-font.reg /home/asdf/projects/csp-wine/state/tmp/winetricks.LKSAcJLE/_reg_964415d4_3748979.reg
Executing wine C:\windows\syswow64\regedit.exe /S C:\windows\Temp\_register-font.reg
Executing wine C:\windows\regedit.exe /S C:\windows\Temp\_register-font.reg
Executing cp /home/asdf/projects/csp-wine/state/prefix/dosdevices/c:/windows/temp/_register-font.reg /home/asdf/projects/csp-wine/state/tmp/winetricks.LKSAcJLE/_reg_1f616c49_3748979.reg
Executing wine C:\windows\syswow64\regedit.exe /S C:\windows\Temp\_register-font.reg
Executing wine C:\windows\regedit.exe /S C:\windows\Temp\_register-font.reg
Executing cp /home/asdf/projects/csp-wine/state/prefix/dosdevices/c:/windows/temp/_register-font.reg /home/asdf/projects/csp-wine/state/tmp/winetricks.LKSAcJLE/_reg_16f0ad00_3748979.reg
Executing wine C:\windows\syswow64\regedit.exe /S C:\windows\Temp\_register-font.reg
Executing wine C:\windows\regedit.exe /S C:\windows\Temp\_register-font.reg
Executing cp /home/asdf/projects/csp-wine/state/prefix/dosdevices/c:/windows/temp/_register-font.reg /home/asdf/projects/csp-wine/state/tmp/winetricks.LKSAcJLE/_reg_afb17c0c_3748979.reg
Executing wine C:\windows\syswow64\regedit.exe /S C:\windows\Temp\_register-font.reg
Executing wine C:\windows\regedit.exe /S C:\windows\Temp\_register-font.reg
Executing cp /home/asdf/projects/csp-wine/state/prefix/dosdevices/c:/windows/temp/_register-font.reg /home/asdf/projects/csp-wine/state/tmp/winetricks.LKSAcJLE/_reg_4cd1fddd_3748979.reg
Executing wine C:\windows\syswow64\regedit.exe /S C:\windows\Temp\_register-font.reg
Executing wine C:\windows\regedit.exe /S C:\windows\Temp\_register-font.reg
Executing cp /home/asdf/projects/csp-wine/state/prefix/dosdevices/c:/windows/temp/_register-font.reg /home/asdf/projects/csp-wine/state/tmp/winetricks.LKSAcJLE/_reg_dae52f18_3748979.reg
Executing wine C:\windows\syswow64\regedit.exe /S C:\windows\Temp\_register-font.reg
Executing wine C:\windows\regedit.exe /S C:\windows\Temp\_register-font.reg
Executing cp /home/asdf/projects/csp-wine/state/prefix/dosdevices/c:/windows/temp/_register-font.reg /home/asdf/projects/csp-wine/state/tmp/winetricks.LKSAcJLE/_reg_f89c822c_3748979.reg
Executing cabextract -q -d /home/asdf/projects/csp-wine/state/prefix/dosdevices/c:/windows/temp /home/asdf/.cache/winetricks/corefonts/arialb32.exe
------------------------------------------------------
warning: Running /home/asdf/projects/csp-wine/wine-install/bin/wineserver -w. This will hang until all wine processes in prefix=/home/asdf/projects/csp-wine/state/prefix terminate
------------------------------------------------------
Executing wine C:\windows\syswow64\regedit.exe /S C:\windows\Temp\_register-font.reg
Executing wine C:\windows\regedit.exe /S C:\windows\Temp\_register-font.reg
Executing cp /home/asdf/projects/csp-wine/state/prefix/dosdevices/c:/windows/temp/_register-font.reg /home/asdf/projects/csp-wine/state/tmp/winetricks.LKSAcJLE/_reg_66d0267b_3748979.reg
Executing wine C:\windows\syswow64\regedit.exe /S C:\windows\Temp\_register-font.reg
Executing wine C:\windows\regedit.exe /S C:\windows\Temp\_register-font.reg
Executing cp /home/asdf/projects/csp-wine/state/prefix/dosdevices/c:/windows/temp/_register-font.reg /home/asdf/projects/csp-wine/state/tmp/winetricks.LKSAcJLE/_reg_8067e78b_3748979.reg
Executing w_do_call comicsans
------------------------------------------------------
warning: You are using a 64-bit WINEPREFIX. Note that many verbs only install 32-bit versions of packages. If you encounter problems, please retest in a clean 32-bit WINEPREFIX before reporting a bug.
------------------------------------------------------
------------------------------------------------------
warning: You appear to be using Wine's new wow64 mode. Note that this is EXPERIMENTAL and not yet fully supported. If reporting an issue, be sure to mention this.
------------------------------------------------------
Executing load_comicsans 
Executing cd /home/asdf/.cache/winetricks/corefonts
Downloading https://github.com/pushcx/corefonts/raw/master/comic32.exe to /home/asdf/.cache/winetricks/corefonts
--2026-10-03 19:12:18--  https://github.com/pushcx/corefonts/raw/master/comic32.exe
Resolving github.com (github.com)... 140.82.113.4
Connecting to github.com (github.com)|140.82.113.4|:443... connected.
HTTP request sent, awaiting response... 302 Found
Location: https://raw.githubusercontent.com/pushcx/corefonts/master/comic32.exe [following]
--2026-10-03 19:12:19--  https://raw.githubusercontent.com/pushcx/corefonts/master/comic32.exe
Resolving raw.githubusercontent.com (raw.githubusercontent.com)... 185.199.109.133, 185.199.111.133, 185.199.108.133, ...
Connecting to raw.githubusercontent.com (raw.githubusercontent.com)|185.199.109.133|:443... connected.
HTTP request sent, awaiting response... 200 OK
Length: 246008 (240K) [application/octet-stream]
Saving to: ‘comic32.exe’

     0K .......... .......... .......... .......... .......... 20%  742K 0s
    50K .......... .......... .......... .......... .......... 41%  126K 1s
   100K .......... .......... .......... .......... .......... 62%  153K 0s
   150K .......... .......... .......... .......... .......... 83%  811K 0s
   200K .......... .......... .......... ..........           100%  500K=0.9s

2026-10-03 19:12:20 (257 KB/s) - ‘comic32.exe’ saved [246008/246008]

Executing cd /home/asdf/projects/csp-wine
Executing cabextract -q -d /home/asdf/projects/csp-wine/state/prefix/dosdevices/c:/windows/temp /home/asdf/.cache/winetricks/corefonts/comic32.exe
------------------------------------------------------
warning: Running /home/asdf/projects/csp-wine/wine-install/bin/wineserver -w. This will hang until all wine processes in prefix=/home/asdf/projects/csp-wine/state/prefix terminate
------------------------------------------------------
Executing wine C:\windows\syswow64\regedit.exe /S C:\windows\Temp\_register-font.reg
Executing wine C:\windows\regedit.exe /S C:\windows\Temp\_register-font.reg
Executing cp /home/asdf/projects/csp-wine/state/prefix/dosdevices/c:/windows/temp/_register-font.reg /home/asdf/projects/csp-wine/state/tmp/winetricks.LKSAcJLE/_reg_b59fdb6f_3748979.reg
Executing wine C:\windows\syswow64\regedit.exe /S C:\windows\Temp\_register-font.reg
Executing wine C:\windows\regedit.exe /S C:\windows\Temp\_register-font.reg
Executing cp /home/asdf/projects/csp-wine/state/prefix/dosdevices/c:/windows/temp/_register-font.reg /home/asdf/projects/csp-wine/state/tmp/winetricks.LKSAcJLE/_reg_487ea6dc_3748979.reg
Executing wine C:\windows\syswow64\regedit.exe /S C:\windows\Temp\_register-font.reg
Executing wine C:\windows\regedit.exe /S C:\windows\Temp\_register-font.reg
Executing cp /home/asdf/projects/csp-wine/state/prefix/dosdevices/c:/windows/temp/_register-font.reg /home/asdf/projects/csp-wine/state/tmp/winetricks.LKSAcJLE/_reg_39bed46a_3748979.reg
Executing wine C:\windows\syswow64\regedit.exe /S C:\windows\Temp\_register-font.reg
Executing wine C:\windows\regedit.exe /S C:\windows\Temp\_register-font.reg
Executing cp /home/asdf/projects/csp-wine/state/prefix/dosdevices/c:/windows/temp/_register-font.reg /home/asdf/projects/csp-wine/state/tmp/winetricks.LKSAcJLE/_reg_1a737988_3748979.reg
Executing w_do_call courier
------------------------------------------------------
warning: You are using a 64-bit WINEPREFIX. Note that many verbs only install 32-bit versions of packages. If you encounter problems, please retest in a clean 32-bit WINEPREFIX before reporting a bug.
------------------------------------------------------
------------------------------------------------------
warning: You appear to be using Wine's new wow64 mode. Note that this is EXPERIMENTAL and not yet fully supported. If reporting an issue, be sure to mention this.
------------------------------------------------------
Executing load_courier 
Executing cd /home/asdf/.cache/winetricks/corefonts
Downloading https://github.com/pushcx/corefonts/raw/master/courie32.exe to /home/asdf/.cache/winetricks/corefonts
--2026-10-03 19:12:26--  https://github.com/pushcx/corefonts/raw/master/courie32.exe
Resolving github.com (github.com)... 140.82.113.4
Connecting to github.com (github.com)|140.82.113.4|:443... connected.
HTTP request sent, awaiting response... 302 Found
Location: https://raw.githubusercontent.com/pushcx/corefonts/master/courie32.exe [following]
--2026-10-03 19:12:27--  https://raw.githubusercontent.com/pushcx/corefonts/master/courie32.exe
Resolving raw.githubusercontent.com (raw.githubusercontent.com)... 185.199.110.133, 185.199.111.133, 185.199.108.133, ...
Connecting to raw.githubusercontent.com (raw.githubusercontent.com)|185.199.110.133|:443... connected.
HTTP request sent, awaiting response... 200 OK
Length: 646368 (631K) [application/octet-stream]
Saving to: ‘courie32.exe’

     0K .......... .......... .......... .......... ..........  7%  658K 1s
    50K .......... .......... .......... .......... .......... 15%  555K 1s
   100K .......... .......... .......... .......... .......... 23%  579K 1s
   150K .......... .......... .......... .......... .......... 31%  718K 1s
   200K .......... .......... .......... .......... .......... 39% 1.51M 1s
   250K .......... .......... .......... .......... .......... 47% 1.36M 0s
   300K .......... .......... .......... .......... .......... 55%  332K 0s
   350K .......... .......... .......... .......... .......... 63%  204K 0s
   400K .......... .......... .......... .......... .......... 71%  155M 0s
   450K .......... .......... .......... .......... .......... 79%  210K 0s
   500K .......... .......... .......... .......... .......... 87%  385K 0s
   550K .......... .......... .......... .......... .......... 95%  246K 0s
   600K .......... .......... .......... .                    100%  282M=1.4s

2026-10-03 19:12:31 (465 KB/s) - ‘courie32.exe’ saved [646368/646368]

Executing cd /home/asdf/projects/csp-wine
Executing cabextract -q -d /home/asdf/projects/csp-wine/state/prefix/dosdevices/c:/windows/temp /home/asdf/.cache/winetricks/corefonts/courie32.exe
------------------------------------------------------
warning: Running /home/asdf/projects/csp-wine/wine-install/bin/wineserver -w. This will hang until all wine processes in prefix=/home/asdf/projects/csp-wine/state/prefix terminate
------------------------------------------------------
Executing wine C:\windows\syswow64\regedit.exe /S C:\windows\Temp\_register-font.reg
Executing wine C:\windows\regedit.exe /S C:\windows\Temp\_register-font.reg
Executing cp /home/asdf/projects/csp-wine/state/prefix/dosdevices/c:/windows/temp/_register-font.reg /home/asdf/projects/csp-wine/state/tmp/winetricks.LKSAcJLE/_reg_7c2c4123_3748979.reg
Executing wine C:\windows\syswow64\regedit.exe /S C:\windows\Temp\_register-font.reg
Executing wine C:\windows\regedit.exe /S C:\windows\Temp\_register-font.reg
Executing cp /home/asdf/projects/csp-wine/state/prefix/dosdevices/c:/windows/temp/_register-font.reg /home/asdf/projects/csp-wine/state/tmp/winetricks.LKSAcJLE/_reg_891b54d0_3748979.reg
Executing wine C:\windows\syswow64\regedit.exe /S C:\windows\Temp\_register-font.reg
Executing wine C:\windows\regedit.exe /S C:\windows\Temp\_register-font.reg
Executing cp /home/asdf/projects/csp-wine/state/prefix/dosdevices/c:/windows/temp/_register-font.reg /home/asdf/projects/csp-wine/state/tmp/winetricks.LKSAcJLE/_reg_18981059_3748979.reg
Executing wine C:\windows\syswow64\regedit.exe /S C:\windows\Temp\_register-font.reg
Executing wine C:\windows\regedit.exe /S C:\windows\Temp\_register-font.reg
Executing cp /home/asdf/projects/csp-wine/state/prefix/dosdevices/c:/windows/temp/_register-font.reg /home/asdf/projects/csp-wine/state/tmp/winetricks.LKSAcJLE/_reg_d5235b9d_3748979.reg
Executing wine C:\windows\syswow64\regedit.exe /S C:\windows\Temp\_register-font.reg
Executing wine C:\windows\regedit.exe /S C:\windows\Temp\_register-font.reg
Executing cp /home/asdf/projects/csp-wine/state/prefix/dosdevices/c:/windows/temp/_register-font.reg /home/asdf/projects/csp-wine/state/tmp/winetricks.LKSAcJLE/_reg_ca9299dd_3748979.reg
Executing wine C:\windows\syswow64\regedit.exe /S C:\windows\Temp\_register-font.reg
Executing wine C:\windows\regedit.exe /S C:\windows\Temp\_register-font.reg
Executing cp /home/asdf/projects/csp-wine/state/prefix/dosdevices/c:/windows/temp/_register-font.reg /home/asdf/projects/csp-wine/state/tmp/winetricks.LKSAcJLE/_reg_54cc9ff7_3748979.reg
Executing wine C:\windows\syswow64\regedit.exe /S C:\windows\Temp\_register-font.reg
Executing wine C:\windows\regedit.exe /S C:\windows\Temp\_register-font.reg
Executing cp /home/asdf/projects/csp-wine/state/prefix/dosdevices/c:/windows/temp/_register-font.reg /home/asdf/projects/csp-wine/state/tmp/winetricks.LKSAcJLE/_reg_2add04a3_3748979.reg
Executing wine C:\windows\syswow64\regedit.exe /S C:\windows\Temp\_register-font.reg
Executing wine C:\windows\regedit.exe /S C:\windows\Temp\_register-font.reg
Executing cp /home/asdf/projects/csp-wine/state/prefix/dosdevices/c:/windows/temp/_register-font.reg /home/asdf/projects/csp-wine/state/tmp/winetricks.LKSAcJLE/_reg_323957ce_3748979.reg
Executing w_do_call georgia
------------------------------------------------------
warning: You are using a 64-bit WINEPREFIX. Note that many verbs only install 32-bit versions of packages. If you encounter problems, please retest in a clean 32-bit WINEPREFIX before reporting a bug.
------------------------------------------------------
------------------------------------------------------
warning: You appear to be using Wine's new wow64 mode. Note that this is EXPERIMENTAL and not yet fully supported. If reporting an issue, be sure to mention this.
------------------------------------------------------
Executing load_georgia 
Executing cd /home/asdf/.cache/winetricks/corefonts
Downloading https://github.com/pushcx/corefonts/raw/master/georgi32.exe to /home/asdf/.cache/winetricks/corefonts
--2026-10-03 19:12:37--  https://github.com/pushcx/corefonts/raw/master/georgi32.exe
Resolving github.com (github.com)... 140.82.113.4
Connecting to github.com (github.com)|140.82.113.4|:443... connected.
HTTP request sent, awaiting response... 302 Found
Location: https://raw.githubusercontent.com/pushcx/corefonts/master/georgi32.exe [following]
--2026-10-03 19:12:38--  https://raw.githubusercontent.com/pushcx/corefonts/master/georgi32.exe
Resolving raw.githubusercontent.com (raw.githubusercontent.com)... 185.199.108.133, 185.199.109.133, 185.199.110.133, ...
Connecting to raw.githubusercontent.com (raw.githubusercontent.com)|185.199.108.133|:443... connected.
HTTP request sent, awaiting response... 200 OK
Length: 392440 (383K) [application/octet-stream]
Saving to: ‘georgi32.exe’

     0K .......... .......... .......... .......... .......... 13%  745K 0s
    50K .......... .......... .......... .......... .......... 26% 1000K 0s
   100K .......... .......... .......... .......... .......... 39% 3.28M 0s
   150K .......... .......... .......... .......... .......... 52% 1.29M 0s
   200K .......... .......... .......... .......... .......... 65% 5.52M 0s
   250K .......... .......... .......... .......... .......... 78% 6.33M 0s
   300K .......... .......... .......... .......... .......... 91% 7.07M 0s
   350K .......... .......... .......... ...                  100% 6.83M=0.2s

2026-10-03 19:12:38 (1.89 MB/s) - ‘georgi32.exe’ saved [392440/392440]

Executing cd /home/asdf/projects/csp-wine
Executing cabextract -q -d /home/asdf/projects/csp-wine/state/prefix/dosdevices/c:/windows/temp /home/asdf/.cache/winetricks/corefonts/georgi32.exe
------------------------------------------------------
warning: Running /home/asdf/projects/csp-wine/wine-install/bin/wineserver -w. This will hang until all wine processes in prefix=/home/asdf/projects/csp-wine/state/prefix terminate
------------------------------------------------------
Executing wine C:\windows\syswow64\regedit.exe /S C:\windows\Temp\_register-font.reg
Executing wine C:\windows\regedit.exe /S C:\windows\Temp\_register-font.reg
Executing cp /home/asdf/projects/csp-wine/state/prefix/dosdevices/c:/windows/temp/_register-font.reg /home/asdf/projects/csp-wine/state/tmp/winetricks.LKSAcJLE/_reg_7c0d8b91_3748979.reg
Executing wine C:\windows\syswow64\regedit.exe /S C:\windows\Temp\_register-font.reg
Executing wine C:\windows\regedit.exe /S C:\windows\Temp\_register-font.reg
Executing cp /home/asdf/projects/csp-wine/state/prefix/dosdevices/c:/windows/temp/_register-font.reg /home/asdf/projects/csp-wine/state/tmp/winetricks.LKSAcJLE/_reg_537b121d_3748979.reg
Executing wine C:\windows\syswow64\regedit.exe /S C:\windows\Temp\_register-font.reg
Executing wine C:\windows\regedit.exe /S C:\windows\Temp\_register-font.reg
Executing cp /home/asdf/projects/csp-wine/state/prefix/dosdevices/c:/windows/temp/_register-font.reg /home/asdf/projects/csp-wine/state/tmp/winetricks.LKSAcJLE/_reg_d2a59526_3748979.reg
Executing wine C:\windows\syswow64\regedit.exe /S C:\windows\Temp\_register-font.reg
Executing wine C:\windows\regedit.exe /S C:\windows\Temp\_register-font.reg
Executing cp /home/asdf/projects/csp-wine/state/prefix/dosdevices/c:/windows/temp/_register-font.reg /home/asdf/projects/csp-wine/state/tmp/winetricks.LKSAcJLE/_reg_5996c7ae_3748979.reg
Executing wine C:\windows\syswow64\regedit.exe /S C:\windows\Temp\_register-font.reg
Executing wine C:\windows\regedit.exe /S C:\windows\Temp\_register-font.reg
Executing cp /home/asdf/projects/csp-wine/state/prefix/dosdevices/c:/windows/temp/_register-font.reg /home/asdf/projects/csp-wine/state/tmp/winetricks.LKSAcJLE/_reg_4c1b3afe_3748979.reg
Executing wine C:\windows\syswow64\regedit.exe /S C:\windows\Temp\_register-font.reg
Executing wine C:\windows\regedit.exe /S C:\windows\Temp\_register-font.reg
Executing cp /home/asdf/projects/csp-wine/state/prefix/dosdevices/c:/windows/temp/_register-font.reg /home/asdf/projects/csp-wine/state/tmp/winetricks.LKSAcJLE/_reg_d73b8d5d_3748979.reg
Executing wine C:\windows\syswow64\regedit.exe /S C:\windows\Temp\_register-font.reg
Executing wine C:\windows\regedit.exe /S C:\windows\Temp\_register-font.reg
Executing cp /home/asdf/projects/csp-wine/state/prefix/dosdevices/c:/windows/temp/_register-font.reg /home/asdf/projects/csp-wine/state/tmp/winetricks.LKSAcJLE/_reg_7ad937dd_3748979.reg
Executing wine C:\windows\syswow64\regedit.exe /S C:\windows\Temp\_register-font.reg
Executing wine C:\windows\regedit.exe /S C:\windows\Temp\_register-font.reg
Executing cp /home/asdf/projects/csp-wine/state/prefix/dosdevices/c:/windows/temp/_register-font.reg /home/asdf/projects/csp-wine/state/tmp/winetricks.LKSAcJLE/_reg_d7f60a67_3748979.reg
Executing w_do_call impact
------------------------------------------------------
warning: You are using a 64-bit WINEPREFIX. Note that many verbs only install 32-bit versions of packages. If you encounter problems, please retest in a clean 32-bit WINEPREFIX before reporting a bug.
------------------------------------------------------
------------------------------------------------------
warning: You appear to be using Wine's new wow64 mode. Note that this is EXPERIMENTAL and not yet fully supported. If reporting an issue, be sure to mention this.
------------------------------------------------------
Executing load_impact 
Executing cd /home/asdf/.cache/winetricks/corefonts
Downloading https://github.com/pushcx/corefonts/raw/master/impact32.exe to /home/asdf/.cache/winetricks/corefonts
--2026-10-03 19:12:46--  https://github.com/pushcx/corefonts/raw/master/impact32.exe
Resolving github.com (github.com)... 140.82.113.4
Connecting to github.com (github.com)|140.82.113.4|:443... connected.
HTTP request sent, awaiting response... 302 Found
Location: https://raw.githubusercontent.com/pushcx/corefonts/master/impact32.exe [following]
--2026-10-03 19:12:46--  https://raw.githubusercontent.com/pushcx/corefonts/master/impact32.exe
Resolving raw.githubusercontent.com (raw.githubusercontent.com)... 185.199.108.133, 185.199.109.133, 185.199.111.133, ...
Connecting to raw.githubusercontent.com (raw.githubusercontent.com)|185.199.108.133|:443... connected.
HTTP request sent, awaiting response... 200 OK
Length: 173288 (169K) [application/octet-stream]
Saving to: ‘impact32.exe’

     0K .......... .......... .......... .......... .......... 29%  679K 0s
    50K .......... .......... .......... .......... .......... 59%  610K 0s
   100K .......... .......... .......... .......... .......... 88% 2.74M 0s
   150K .......... .........                                  100%  690K=0.2s

2026-10-03 19:12:47 (841 KB/s) - ‘impact32.exe’ saved [173288/173288]

Executing cd /home/asdf/projects/csp-wine
Executing cabextract -q -d /home/asdf/projects/csp-wine/state/prefix/dosdevices/c:/windows/temp /home/asdf/.cache/winetricks/corefonts/impact32.exe
------------------------------------------------------
warning: Running /home/asdf/projects/csp-wine/wine-install/bin/wineserver -w. This will hang until all wine processes in prefix=/home/asdf/projects/csp-wine/state/prefix terminate
------------------------------------------------------
Executing wine C:\windows\syswow64\regedit.exe /S C:\windows\Temp\_register-font.reg
Executing wine C:\windows\regedit.exe /S C:\windows\Temp\_register-font.reg
Executing cp /home/asdf/projects/csp-wine/state/prefix/dosdevices/c:/windows/temp/_register-font.reg /home/asdf/projects/csp-wine/state/tmp/winetricks.LKSAcJLE/_reg_85408d52_3748979.reg
Executing wine C:\windows\syswow64\regedit.exe /S C:\windows\Temp\_register-font.reg
Executing wine C:\windows\regedit.exe /S C:\windows\Temp\_register-font.reg
Executing cp /home/asdf/projects/csp-wine/state/prefix/dosdevices/c:/windows/temp/_register-font.reg /home/asdf/projects/csp-wine/state/tmp/winetricks.LKSAcJLE/_reg_83bd4a0f_3748979.reg
Executing w_do_call times
------------------------------------------------------
warning: You are using a 64-bit WINEPREFIX. Note that many verbs only install 32-bit versions of packages. If you encounter problems, please retest in a clean 32-bit WINEPREFIX before reporting a bug.
------------------------------------------------------
------------------------------------------------------
warning: You appear to be using Wine's new wow64 mode. Note that this is EXPERIMENTAL and not yet fully supported. If reporting an issue, be sure to mention this.
------------------------------------------------------
Executing load_times 
Executing cd /home/asdf/.cache/winetricks/corefonts
Downloading https://github.com/pushcx/corefonts/raw/master/times32.exe to /home/asdf/.cache/winetricks/corefonts
--2026-10-03 19:12:52--  https://github.com/pushcx/corefonts/raw/master/times32.exe
Resolving github.com (github.com)... 140.82.113.4
Connecting to github.com (github.com)|140.82.113.4|:443... connected.
HTTP request sent, awaiting response... 302 Found
Location: https://raw.githubusercontent.com/pushcx/corefonts/master/times32.exe [following]
--2026-10-03 19:12:53--  https://raw.githubusercontent.com/pushcx/corefonts/master/times32.exe
Resolving raw.githubusercontent.com (raw.githubusercontent.com)... 185.199.110.133, 185.199.108.133, 185.199.109.133, ...
Connecting to raw.githubusercontent.com (raw.githubusercontent.com)|185.199.110.133|:443... connected.
HTTP request sent, awaiting response... 200 OK
Length: 661728 (646K) [application/octet-stream]
Saving to: ‘times32.exe’

     0K .......... .......... .......... .......... ..........  7%  804K 1s
    50K .......... .......... .......... .......... .......... 15%  920K 1s
   100K .......... .......... .......... .......... .......... 23% 3.19M 0s
   150K .......... .......... .......... .......... .......... 30% 1.36M 0s
   200K .......... .......... .......... .......... .......... 38% 5.90M 0s
   250K .......... .......... .......... .......... .......... 46% 6.74M 0s
   300K .......... .......... .......... .......... .......... 54% 5.17M 0s
   350K .......... .......... .......... .......... .......... 61% 1.83M 0s
   400K .......... .......... .......... .......... .......... 69% 5.22M 0s
   450K .......... .......... .......... .......... .......... 77% 7.41M 0s
   500K .......... .......... .......... .......... .......... 85% 4.68M 0s
   550K .......... .......... .......... .......... .......... 92%  603M 0s
   600K .......... .......... .......... .......... ......    100% 15.4M=0.2s

2026-10-03 19:12:54 (2.54 MB/s) - ‘times32.exe’ saved [661728/661728]

Executing cd /home/asdf/projects/csp-wine
Executing cabextract -q -d /home/asdf/projects/csp-wine/state/prefix/dosdevices/c:/windows/temp /home/asdf/.cache/winetricks/corefonts/times32.exe
------------------------------------------------------
warning: Running /home/asdf/projects/csp-wine/wine-install/bin/wineserver -w. This will hang until all wine processes in prefix=/home/asdf/projects/csp-wine/state/prefix terminate
------------------------------------------------------
Executing wine C:\windows\syswow64\regedit.exe /S C:\windows\Temp\_register-font.reg
Executing wine C:\windows\regedit.exe /S C:\windows\Temp\_register-font.reg
Executing cp /home/asdf/projects/csp-wine/state/prefix/dosdevices/c:/windows/temp/_register-font.reg /home/asdf/projects/csp-wine/state/tmp/winetricks.LKSAcJLE/_reg_c7df04fe_3748979.reg
Executing wine C:\windows\syswow64\regedit.exe /S C:\windows\Temp\_register-font.reg
Executing wine C:\windows\regedit.exe /S C:\windows\Temp\_register-font.reg
Executing cp /home/asdf/projects/csp-wine/state/prefix/dosdevices/c:/windows/temp/_register-font.reg /home/asdf/projects/csp-wine/state/tmp/winetricks.LKSAcJLE/_reg_882d004f_3748979.reg
Executing wine C:\windows\syswow64\regedit.exe /S C:\windows\Temp\_register-font.reg
Executing wine C:\windows\regedit.exe /S C:\windows\Temp\_register-font.reg
Executing cp /home/asdf/projects/csp-wine/state/prefix/dosdevices/c:/windows/temp/_register-font.reg /home/asdf/projects/csp-wine/state/tmp/winetricks.LKSAcJLE/_reg_a7b0a685_3748979.reg
Executing wine C:\windows\syswow64\regedit.exe /S C:\windows\Temp\_register-font.reg
Executing wine C:\windows\regedit.exe /S C:\windows\Temp\_register-font.reg
Executing cp /home/asdf/projects/csp-wine/state/prefix/dosdevices/c:/windows/temp/_register-font.reg /home/asdf/projects/csp-wine/state/tmp/winetricks.LKSAcJLE/_reg_9523176f_3748979.reg
Executing wine C:\windows\syswow64\regedit.exe /S C:\windows\Temp\_register-font.reg
Executing wine C:\windows\regedit.exe /S C:\windows\Temp\_register-font.reg
Executing cp /home/asdf/projects/csp-wine/state/prefix/dosdevices/c:/windows/temp/_register-font.reg /home/asdf/projects/csp-wine/state/tmp/winetricks.LKSAcJLE/_reg_d6a6cd95_3748979.reg
Executing wine C:\windows\syswow64\regedit.exe /S C:\windows\Temp\_register-font.reg
Executing wine C:\windows\regedit.exe /S C:\windows\Temp\_register-font.reg
Executing cp /home/asdf/projects/csp-wine/state/prefix/dosdevices/c:/windows/temp/_register-font.reg /home/asdf/projects/csp-wine/state/tmp/winetricks.LKSAcJLE/_reg_54e8fd8d_3748979.reg
Executing wine C:\windows\syswow64\regedit.exe /S C:\windows\Temp\_register-font.reg
Executing wine C:\windows\regedit.exe /S C:\windows\Temp\_register-font.reg
Executing cp /home/asdf/projects/csp-wine/state/prefix/dosdevices/c:/windows/temp/_register-font.reg /home/asdf/projects/csp-wine/state/tmp/winetricks.LKSAcJLE/_reg_e1819b6c_3748979.reg
Executing wine C:\windows\syswow64\regedit.exe /S C:\windows\Temp\_register-font.reg
Executing wine C:\windows\regedit.exe /S C:\windows\Temp\_register-font.reg
Executing cp /home/asdf/projects/csp-wine/state/prefix/dosdevices/c:/windows/temp/_register-font.reg /home/asdf/projects/csp-wine/state/tmp/winetricks.LKSAcJLE/_reg_12e799de_3748979.reg
Executing w_do_call trebuchet
------------------------------------------------------
warning: You are using a 64-bit WINEPREFIX. Note that many verbs only install 32-bit versions of packages. If you encounter problems, please retest in a clean 32-bit WINEPREFIX before reporting a bug.
------------------------------------------------------
------------------------------------------------------
warning: You appear to be using Wine's new wow64 mode. Note that this is EXPERIMENTAL and not yet fully supported. If reporting an issue, be sure to mention this.
------------------------------------------------------
Executing load_trebuchet 
Executing cd /home/asdf/.cache/winetricks/corefonts
Downloading https://github.com/pushcx/corefonts/raw/master/trebuc32.exe to /home/asdf/.cache/winetricks/corefonts
--2026-10-03 19:13:00--  https://github.com/pushcx/corefonts/raw/master/trebuc32.exe
Resolving github.com (github.com)... 140.82.113.4
Connecting to github.com (github.com)|140.82.113.4|:443... connected.
HTTP request sent, awaiting response... 302 Found
Location: https://raw.githubusercontent.com/pushcx/corefonts/master/trebuc32.exe [following]
--2026-10-03 19:13:01--  https://raw.githubusercontent.com/pushcx/corefonts/master/trebuc32.exe
Resolving raw.githubusercontent.com (raw.githubusercontent.com)... 185.199.108.133, 185.199.110.133, 185.199.109.133, ...
Connecting to raw.githubusercontent.com (raw.githubusercontent.com)|185.199.108.133|:443... connected.
HTTP request sent, awaiting response... 200 OK
Length: 357200 (349K) [application/octet-stream]
Saving to: ‘trebuc32.exe’

     0K .......... .......... .......... .......... .......... 14%  644K 0s
    50K .......... .......... .......... .......... .......... 28%  770K 0s
   100K .......... .......... .......... .......... .......... 43% 2.98M 0s
   150K .......... .......... .......... .......... .......... 57% 1.30M 0s
   200K .......... .......... .......... .......... .......... 71% 3.31M 0s
   250K .......... .......... .......... .......... .......... 86% 4.62M 0s
   300K .......... .......... .......... .......... ........  100% 9.32M=0.2s

2026-10-03 19:13:02 (1.50 MB/s) - ‘trebuc32.exe’ saved [357200/357200]

Executing cd /home/asdf/projects/csp-wine
Executing cabextract -q -d /home/asdf/projects/csp-wine/state/prefix/dosdevices/c:/windows/temp /home/asdf/.cache/winetricks/corefonts/trebuc32.exe
------------------------------------------------------
warning: Running /home/asdf/projects/csp-wine/wine-install/bin/wineserver -w. This will hang until all wine processes in prefix=/home/asdf/projects/csp-wine/state/prefix terminate
------------------------------------------------------
Executing wine C:\windows\syswow64\regedit.exe /S C:\windows\Temp\_register-font.reg
Executing wine C:\windows\regedit.exe /S C:\windows\Temp\_register-font.reg
Executing cp /home/asdf/projects/csp-wine/state/prefix/dosdevices/c:/windows/temp/_register-font.reg /home/asdf/projects/csp-wine/state/tmp/winetricks.LKSAcJLE/_reg_8000236b_3748979.reg
Executing wine C:\windows\syswow64\regedit.exe /S C:\windows\Temp\_register-font.reg
Executing wine C:\windows\regedit.exe /S C:\windows\Temp\_register-font.reg
Executing cp /home/asdf/projects/csp-wine/state/prefix/dosdevices/c:/windows/temp/_register-font.reg /home/asdf/projects/csp-wine/state/tmp/winetricks.LKSAcJLE/_reg_66ed7d3c_3748979.reg
Executing wine C:\windows\syswow64\regedit.exe /S C:\windows\Temp\_register-font.reg
Executing wine C:\windows\regedit.exe /S C:\windows\Temp\_register-font.reg
Executing cp /home/asdf/projects/csp-wine/state/prefix/dosdevices/c:/windows/temp/_register-font.reg /home/asdf/projects/csp-wine/state/tmp/winetricks.LKSAcJLE/_reg_e03e6b06_3748979.reg
Executing wine C:\windows\syswow64\regedit.exe /S C:\windows\Temp\_register-font.reg
Executing wine C:\windows\regedit.exe /S C:\windows\Temp\_register-font.reg
Executing cp /home/asdf/projects/csp-wine/state/prefix/dosdevices/c:/windows/temp/_register-font.reg /home/asdf/projects/csp-wine/state/tmp/winetricks.LKSAcJLE/_reg_4defd6cc_3748979.reg
Executing wine C:\windows\syswow64\regedit.exe /S C:\windows\Temp\_register-font.reg
Executing wine C:\windows\regedit.exe /S C:\windows\Temp\_register-font.reg
Executing cp /home/asdf/projects/csp-wine/state/prefix/dosdevices/c:/windows/temp/_register-font.reg /home/asdf/projects/csp-wine/state/tmp/winetricks.LKSAcJLE/_reg_9d24ff53_3748979.reg
Executing wine C:\windows\syswow64\regedit.exe /S C:\windows\Temp\_register-font.reg
Executing wine C:\windows\regedit.exe /S C:\windows\Temp\_register-font.reg
Executing cp /home/asdf/projects/csp-wine/state/prefix/dosdevices/c:/windows/temp/_register-font.reg /home/asdf/projects/csp-wine/state/tmp/winetricks.LKSAcJLE/_reg_9539cec7_3748979.reg
Executing wine C:\windows\syswow64\regedit.exe /S C:\windows\Temp\_register-font.reg
Executing wine C:\windows\regedit.exe /S C:\windows\Temp\_register-font.reg
Executing cp /home/asdf/projects/csp-wine/state/prefix/dosdevices/c:/windows/temp/_register-font.reg /home/asdf/projects/csp-wine/state/tmp/winetricks.LKSAcJLE/_reg_c0ce2062_3748979.reg
Executing wine C:\windows\syswow64\regedit.exe /S C:\windows\Temp\_register-font.reg
Executing wine C:\windows\regedit.exe /S C:\windows\Temp\_register-font.reg
Executing cp /home/asdf/projects/csp-wine/state/prefix/dosdevices/c:/windows/temp/_register-font.reg /home/asdf/projects/csp-wine/state/tmp/winetricks.LKSAcJLE/_reg_0d13f97a_3748979.reg
Executing w_do_call verdana
------------------------------------------------------
warning: You are using a 64-bit WINEPREFIX. Note that many verbs only install 32-bit versions of packages. If you encounter problems, please retest in a clean 32-bit WINEPREFIX before reporting a bug.
------------------------------------------------------
------------------------------------------------------
warning: You appear to be using Wine's new wow64 mode. Note that this is EXPERIMENTAL and not yet fully supported. If reporting an issue, be sure to mention this.
------------------------------------------------------
Executing load_verdana 
Executing cd /home/asdf/.cache/winetricks/corefonts
Downloading https://github.com/pushcx/corefonts/raw/master//verdan32.exe to /home/asdf/.cache/winetricks/corefonts
--2026-10-03 19:13:08--  https://github.com/pushcx/corefonts/raw/master//verdan32.exe
Resolving github.com (github.com)... 140.82.113.4
Connecting to github.com (github.com)|140.82.113.4|:443... connected.
HTTP request sent, awaiting response... 302 Found
Location: https://raw.githubusercontent.com/pushcx/corefonts/master/verdan32.exe [following]
--2026-10-03 19:13:09--  https://raw.githubusercontent.com/pushcx/corefonts/master/verdan32.exe
Resolving raw.githubusercontent.com (raw.githubusercontent.com)... 185.199.110.133, 185.199.111.133, 185.199.108.133, ...
Connecting to raw.githubusercontent.com (raw.githubusercontent.com)|185.199.110.133|:443... connected.
HTTP request sent, awaiting response... 200 OK
Length: 351992 (344K) [application/octet-stream]
Saving to: ‘verdan32.exe’

     0K .......... .......... .......... .......... .......... 14%  720K 0s
    50K .......... .......... .......... .......... .......... 29% 1017K 0s
   100K .......... .......... .......... .......... .......... 43% 3.45M 0s
   150K .......... .......... .......... .......... .......... 58% 1.42M 0s
   200K .......... .......... .......... .......... .......... 72% 4.21M 0s
   250K .......... .......... .......... .......... .......... 87% 6.18M 0s
   300K .......... .......... .......... .......... ...       100% 8.46M=0.2s

2026-10-03 19:13:09 (1.75 MB/s) - ‘verdan32.exe’ saved [351992/351992]

Executing cd /home/asdf/projects/csp-wine
Executing cabextract -q -d /home/asdf/projects/csp-wine/state/prefix/dosdevices/c:/windows/temp /home/asdf/.cache/winetricks/corefonts/verdan32.exe
------------------------------------------------------
warning: Running /home/asdf/projects/csp-wine/wine-install/bin/wineserver -w. This will hang until all wine processes in prefix=/home/asdf/projects/csp-wine/state/prefix terminate
------------------------------------------------------
Executing wine C:\windows\syswow64\regedit.exe /S C:\windows\Temp\_register-font.reg
Executing wine C:\windows\regedit.exe /S C:\windows\Temp\_register-font.reg
Executing cp /home/asdf/projects/csp-wine/state/prefix/dosdevices/c:/windows/temp/_register-font.reg /home/asdf/projects/csp-wine/state/tmp/winetricks.LKSAcJLE/_reg_1ae856a5_3748979.reg
Executing wine C:\windows\syswow64\regedit.exe /S C:\windows\Temp\_register-font.reg
Executing wine C:\windows\regedit.exe /S C:\windows\Temp\_register-font.reg
Executing cp /home/asdf/projects/csp-wine/state/prefix/dosdevices/c:/windows/temp/_register-font.reg /home/asdf/projects/csp-wine/state/tmp/winetricks.LKSAcJLE/_reg_3b8c6ecc_3748979.reg
Executing wine C:\windows\syswow64\regedit.exe /S C:\windows\Temp\_register-font.reg
Executing wine C:\windows\regedit.exe /S C:\windows\Temp\_register-font.reg
Executing cp /home/asdf/projects/csp-wine/state/prefix/dosdevices/c:/windows/temp/_register-font.reg /home/asdf/projects/csp-wine/state/tmp/winetricks.LKSAcJLE/_reg_9a3fa42a_3748979.reg
Executing wine C:\windows\syswow64\regedit.exe /S C:\windows\Temp\_register-font.reg
Executing wine C:\windows\regedit.exe /S C:\windows\Temp\_register-font.reg
Executing cp /home/asdf/projects/csp-wine/state/prefix/dosdevices/c:/windows/temp/_register-font.reg /home/asdf/projects/csp-wine/state/tmp/winetricks.LKSAcJLE/_reg_dd6ee781_3748979.reg
Executing wine C:\windows\syswow64\regedit.exe /S C:\windows\Temp\_register-font.reg
Executing wine C:\windows\regedit.exe /S C:\windows\Temp\_register-font.reg
Executing cp /home/asdf/projects/csp-wine/state/prefix/dosdevices/c:/windows/temp/_register-font.reg /home/asdf/projects/csp-wine/state/tmp/winetricks.LKSAcJLE/_reg_55447381_3748979.reg
Executing wine C:\windows\syswow64\regedit.exe /S C:\windows\Temp\_register-font.reg
Executing wine C:\windows\regedit.exe /S C:\windows\Temp\_register-font.reg
Executing cp /home/asdf/projects/csp-wine/state/prefix/dosdevices/c:/windows/temp/_register-font.reg /home/asdf/projects/csp-wine/state/tmp/winetricks.LKSAcJLE/_reg_35f4f98b_3748979.reg
Executing wine C:\windows\syswow64\regedit.exe /S C:\windows\Temp\_register-font.reg
Executing wine C:\windows\regedit.exe /S C:\windows\Temp\_register-font.reg
Executing cp /home/asdf/projects/csp-wine/state/prefix/dosdevices/c:/windows/temp/_register-font.reg /home/asdf/projects/csp-wine/state/tmp/winetricks.LKSAcJLE/_reg_fa2a389b_3748979.reg
Executing wine C:\windows\syswow64\regedit.exe /S C:\windows\Temp\_register-font.reg
Executing wine C:\windows\regedit.exe /S C:\windows\Temp\_register-font.reg
Executing cp /home/asdf/projects/csp-wine/state/prefix/dosdevices/c:/windows/temp/_register-font.reg /home/asdf/projects/csp-wine/state/tmp/winetricks.LKSAcJLE/_reg_a88367ad_3748979.reg
Executing w_do_call webdings
------------------------------------------------------
warning: You are using a 64-bit WINEPREFIX. Note that many verbs only install 32-bit versions of packages. If you encounter problems, please retest in a clean 32-bit WINEPREFIX before reporting a bug.
------------------------------------------------------
------------------------------------------------------
warning: You appear to be using Wine's new wow64 mode. Note that this is EXPERIMENTAL and not yet fully supported. If reporting an issue, be sure to mention this.
------------------------------------------------------
Executing load_webdings 
Executing cd /home/asdf/.cache/winetricks/corefonts
Downloading https://github.com/pushcx/corefonts/raw/master/webdin32.exe to /home/asdf/.cache/winetricks/corefonts
--2026-10-03 19:13:16--  https://github.com/pushcx/corefonts/raw/master/webdin32.exe
Resolving github.com (github.com)... 140.82.113.4
Connecting to github.com (github.com)|140.82.113.4|:443... connected.
HTTP request sent, awaiting response... 302 Found
Location: https://raw.githubusercontent.com/pushcx/corefonts/master/webdin32.exe [following]
--2026-10-03 19:13:17--  https://raw.githubusercontent.com/pushcx/corefonts/master/webdin32.exe
Resolving raw.githubusercontent.com (raw.githubusercontent.com)... 185.199.108.133, 185.199.109.133, 185.199.110.133, ...
Connecting to raw.githubusercontent.com (raw.githubusercontent.com)|185.199.108.133|:443... connected.
HTTP request sent, awaiting response... 200 OK
Length: 185072 (181K) [application/octet-stream]
Saving to: ‘webdin32.exe’

     0K .......... .......... .......... .......... .......... 27%  689K 0s
    50K .......... .......... .......... .......... .......... 55%  932K 0s
   100K .......... .......... .......... .......... .......... 82% 3.78M 0s
   150K .......... .......... ..........                      100% 1.00M=0.2s

2026-10-03 19:13:18 (1.04 MB/s) - ‘webdin32.exe’ saved [185072/185072]

Executing cd /home/asdf/projects/csp-wine
Executing cabextract -q -d /home/asdf/projects/csp-wine/state/prefix/dosdevices/c:/windows/temp /home/asdf/.cache/winetricks/corefonts/webdin32.exe
------------------------------------------------------
warning: Running /home/asdf/projects/csp-wine/wine-install/bin/wineserver -w. This will hang until all wine processes in prefix=/home/asdf/projects/csp-wine/state/prefix terminate
------------------------------------------------------
Executing wine C:\windows\syswow64\regedit.exe /S C:\windows\Temp\_register-font.reg
Executing wine C:\windows\regedit.exe /S C:\windows\Temp\_register-font.reg
Executing cp /home/asdf/projects/csp-wine/state/prefix/dosdevices/c:/windows/temp/_register-font.reg /home/asdf/projects/csp-wine/state/tmp/winetricks.LKSAcJLE/_reg_405b24a4_3748979.reg
Executing wine C:\windows\syswow64\regedit.exe /S C:\windows\Temp\_register-font.reg
Executing wine C:\windows\regedit.exe /S C:\windows\Temp\_register-font.reg
Executing cp /home/asdf/projects/csp-wine/state/prefix/dosdevices/c:/windows/temp/_register-font.reg /home/asdf/projects/csp-wine/state/tmp/winetricks.LKSAcJLE/_reg_70fc14d8_3748979.reg
[mkprefix] cjk: WenQuanYi Micro Hei (asset store + brush names); replaces heavy cjkfonts
[mkprefix] cjk: installed wqy-microhei.ttc
[mkprefix] vcrun2022 (x64+x86) via winetricks
Executing cd /usr/bin
winetricks latest version check update disabled in the Debian package for privacy reasons.
You may enable it by setting WINETRICKS_LATEST_VERSION_CHECK=enabled or creating /home/asdf/.config/winetricks/enable-latest-version-check
------------------------------------------------------
warning: You are using a 64-bit WINEPREFIX. Note that many verbs only install 32-bit versions of packages. If you encounter problems, please retest in a clean 32-bit WINEPREFIX before reporting a bug.
------------------------------------------------------
------------------------------------------------------
warning: You appear to be using Wine's new wow64 mode. Note that this is EXPERIMENTAL and not yet fully supported. If reporting an issue, be sure to mention this.
------------------------------------------------------
Using winetricks 20250102 - sha256sum: 9df4af038f04c753f3b0b02817cf60a51d8eac32357d070c45dfd139b93bd3f5 with wine-11.18 and WINEARCH=win64
Executing w_do_call vcrun2022
------------------------------------------------------
warning: You are using a 64-bit WINEPREFIX. Note that many verbs only install 32-bit versions of packages. If you encounter problems, please retest in a clean 32-bit WINEPREFIX before reporting a bug.
------------------------------------------------------
------------------------------------------------------
warning: You appear to be using Wine's new wow64 mode. Note that this is EXPERIMENTAL and not yet fully supported. If reporting an issue, be sure to mention this.
------------------------------------------------------
Executing load_vcrun2022 
Using native,builtin override for following DLLs: concrt140 msvcp140 msvcp140_1 msvcp140_2 msvcp140_atomic_wait msvcp140_codecvt_ids vcamp140 vccorlib140 vcomp140 vcruntime140
Executing wine C:\windows\syswow64\regedit.exe /S C:\windows\Temp\override-dll.reg
Executing wine C:\windows\regedit.exe /S C:\windows\Temp\override-dll.reg
Executing mkdir -p /home/asdf/.cache/winetricks/vcrun2022
Executing cd /home/asdf/.cache/winetricks/vcrun2022
Downloading https://aka.ms/vs/17/release/vc_redist.x86.exe to /home/asdf/.cache/winetricks/vcrun2022
--2026-10-03 19:13:28--  https://aka.ms/vs/17/release/vc_redist.x86.exe
Resolving aka.ms (aka.ms)... 23.202.105.221
Connecting to aka.ms (aka.ms)|23.202.105.221|:443... connected.
HTTP request sent, awaiting response... 301 Moved Permanently
Location: https://download.visualstudio.microsoft.com/download/pr/bd1c8d9d-ba95-4eee-bc6e-df1fcc876373/0C09F2611660441084CE0DF425C51C11E147E6447963C3690F97E0B25C55ED64/VC_redist.x86.exe [following]
--2026-10-03 19:13:29--  https://download.visualstudio.microsoft.com/download/pr/bd1c8d9d-ba95-4eee-bc6e-df1fcc876373/0C09F2611660441084CE0DF425C51C11E147E6447963C3690F97E0B25C55ED64/VC_redist.x86.exe
Resolving download.visualstudio.microsoft.com (download.visualstudio.microsoft.com)... 23.192.36.199, 23.192.36.228, 2600:1403:d400:302::17c0:24c7, ...
Connecting to download.visualstudio.microsoft.com (download.visualstudio.microsoft.com)|23.192.36.199|:443... connected.
HTTP request sent, awaiting response... 200 OK
Length: 13953392 (13M) [application/octet-stream]
Saving to: ‘vc_redist.x86.exe’

     0K .......... .......... .......... .......... ..........  0% 2.63M 5s
    50K .......... .......... .......... .......... ..........  0%  449K 18s
   100K .......... .......... .......... .......... ..........  1% 2.63M 13s
   150K .......... .......... .......... .......... ..........  1% 1.35M 12s
   200K .......... .......... .......... .......... ..........  1% 2.83M 11s
   250K .......... .......... .......... .......... ..........  2% 2.44M 10s
   300K .......... .......... .......... .......... ..........  2% 4.02M 9s
   350K .......... .......... .......... .......... ..........  2% 4.10M 8s
   400K .......... .......... .......... .......... ..........  3% 6.26M 7s
   450K .......... .......... .......... .......... ..........  3% 4.17M 7s
   500K .......... .......... .......... .......... ..........  4% 4.97M 7s
   550K .......... .......... .......... .......... ..........  4% 6.93M 6s
   600K .......... .......... .......... .......... ..........  4% 5.74M 6s
   650K .......... .......... .......... .......... ..........  5% 8.46M 5s
   700K .......... .......... .......... .......... ..........  5% 6.02M 5s
   750K .......... .......... .......... .......... ..........  5% 10.3M 5s
   800K .......... .......... .......... .......... ..........  6% 8.89M 5s
   850K .......... .......... .......... .......... ..........  6% 10.1M 5s
   900K .......... .......... .......... .......... ..........  6% 9.56M 4s
   950K .......... .......... .......... .......... ..........  7% 11.5M 4s
  1000K .......... .......... .......... .......... ..........  7% 6.59M 4s
  1050K .......... .......... .......... .......... ..........  8% 9.00M 4s
  1100K .......... .......... .......... .......... ..........  8%  269K 6s
  1150K .......... .......... .......... .......... ..........  8%  364M 5s
  1200K .......... .......... .......... .......... ..........  9%  322M 5s
  1250K .......... .......... .......... .......... ..........  9%  450M 5s
  1300K .......... .......... .......... .......... ..........  9%  339M 5s
  1350K .......... .......... .......... .......... .......... 10%  411M 5s
  1400K .......... .......... .......... .......... .......... 10%  262M 4s
  1450K .......... .......... .......... .......... .......... 11%  393M 4s
  1500K .......... .......... .......... .......... .......... 11%  334M 4s
  1550K .......... .......... .......... .......... .......... 11%  285M 4s
  1600K .......... .......... .......... .......... .......... 12%  468M 4s
  1650K .......... .......... .......... .......... .......... 12%  303M 4s
  1700K .......... .......... .......... .......... .......... 12%  449M 4s
  1750K .......... .......... .......... .......... .......... 13%  297M 3s
  1800K .......... .......... .......... .......... .......... 13%  450M 3s
  1850K .......... .......... .......... .......... .......... 13%  295M 3s
  1900K .......... .......... .......... .......... .......... 14%  427M 3s
  1950K .......... .......... .......... .......... .......... 14%  210M 3s
  2000K .......... .......... .......... .......... .......... 15%  334M 3s
  2050K .......... .......... .......... .......... .......... 15%  457M 3s
  2100K .......... .......... .......... .......... .......... 15%  300M 3s
  2150K .......... .......... .......... .......... .......... 16%  434M 3s
  2200K .......... .......... .......... .......... .......... 16%  290M 3s
  2250K .......... .......... .......... .......... .......... 16% 56.8M 3s
  2300K .......... .......... .......... .......... .......... 17% 8.23M 3s
  2350K .......... .......... .......... .......... .......... 17% 4.92M 3s
  2400K .......... .......... .......... .......... .......... 17% 7.98M 3s
  2450K .......... .......... .......... .......... .......... 18% 5.13M 3s
  2500K .......... .......... .......... .......... .......... 18%  304M 2s
  2550K .......... .......... .......... .......... .......... 19% 7.05M 2s
  2600K .......... .......... .......... .......... .......... 19%  253M 2s
  2650K .......... .......... .......... .......... .......... 19% 4.55M 2s
  2700K .......... .......... .......... .......... .......... 20%  198M 2s
  2750K .......... .......... .......... .......... .......... 20% 7.07M 2s
  2800K .......... .......... .......... .......... .......... 20% 4.95M 2s
  2850K .......... .......... .......... .......... .......... 21% 16.5M 2s
  2900K .......... .......... .......... .......... .......... 21% 4.35M 2s
  2950K .......... .......... .......... .......... .......... 22%  270M 2s
  3000K .......... .......... .......... .......... .......... 22% 8.44M 2s
  3050K .......... .......... .......... .......... .......... 22% 8.74M 2s
  3100K .......... .......... .......... .......... .......... 23%  184M 2s
  3150K .......... .......... .......... .......... .......... 23% 4.20M 2s
  3200K .......... .......... .......... .......... .......... 23% 70.7M 2s
  3250K .......... .......... .......... .......... .......... 24% 7.83M 2s
  3300K .......... .......... .......... .......... .......... 24% 70.3M 2s
  3350K .......... .......... .......... .......... .......... 24% 4.39M 2s
  3400K .......... .......... .......... .......... .......... 25% 13.6M 2s
  3450K .......... .......... .......... .......... .......... 25% 4.83M 2s
  3500K .......... .......... .......... .......... .......... 26% 7.14M 2s
  3550K .......... .......... .......... .......... .......... 26% 7.96M 2s
  3600K .......... .......... .......... .......... .......... 26% 14.7M 2s
  3650K .......... .......... .......... .......... .......... 27%  132M 2s
  3700K .......... .......... .......... .......... .......... 27% 7.53M 2s
  3750K .......... .......... .......... .......... .......... 27% 8.81M 2s
  3800K .......... .......... .......... .......... .......... 28% 8.79M 2s
  3850K .......... .......... .......... .......... .......... 28%  619M 2s
  3900K .......... .......... .......... .......... .......... 28% 8.23M 2s
  3950K .......... .......... .......... .......... .......... 29% 8.15M 2s
  4000K .......... .......... .......... .......... .......... 29% 8.26M 2s
  4050K .......... .......... .......... .......... .......... 30% 8.72M 2s
  4100K .......... .......... .......... .......... .......... 30%  416M 2s
  4150K .......... .......... .......... .......... .......... 30% 7.53M 2s
  4200K .......... .......... .......... .......... .......... 31% 8.14M 2s
  4250K .......... .......... .......... .......... .......... 31% 8.63M 2s
  4300K .......... .......... .......... .......... .......... 31% 8.68M 2s
  4350K .......... .......... .......... .......... .......... 32%  451M 2s
  4400K .......... .......... .......... .......... .......... 32% 8.62M 2s
  4450K .......... .......... .......... .......... .......... 33% 7.94M 2s
  4500K .......... .......... .......... .......... .......... 33% 8.35M 2s
  4550K .......... .......... .......... .......... .......... 33%  462M 2s
  4600K .......... .......... .......... .......... .......... 34% 8.27M 1s
  4650K .......... .......... .......... .......... .......... 34% 7.52M 1s
  4700K .......... .......... .......... .......... .......... 34% 14.0M 1s
  4750K .......... .......... .......... .......... .......... 35%  149M 1s
  4800K .......... .......... .......... .......... .......... 35% 7.74M 1s
  4850K .......... .......... .......... .......... .......... 35%  181M 1s
  4900K .......... .......... .......... .......... .......... 36% 9.67M 1s
  4950K .......... .......... .......... .......... .......... 36%  133M 1s
  5000K .......... .......... .......... .......... .......... 37% 7.78M 1s
  5050K .......... .......... .......... .......... .......... 37% 15.4M 1s
  5100K .......... .......... .......... .......... .......... 37% 71.3M 1s
  5150K .......... .......... .......... .......... .......... 38% 8.65M 1s
  5200K .......... .......... .......... .......... .......... 38%  129M 1s
  5250K .......... .......... .......... .......... .......... 38% 6.58M 1s
  5300K .......... .......... .......... .......... .......... 39%  454M 1s
  5350K .......... .......... .......... .......... .......... 39% 9.04M 1s
  5400K .......... .......... .......... .......... .......... 39%  462M 1s
  5450K .......... .......... .......... .......... .......... 40% 6.28M 1s
  5500K .......... .......... .......... .......... .......... 40%  383M 1s
  5550K .......... .......... .......... .......... .......... 41% 8.02M 1s
  5600K .......... .......... .......... .......... .......... 41%  101M 1s
  5650K .......... .......... .......... .......... .......... 41% 8.88M 1s
  5700K .......... .......... .......... .......... .......... 42%  830M 1s
  5750K .......... .......... .......... .......... .......... 42% 8.62M 1s
  5800K .......... .......... .......... .......... .......... 42% 21.0M 1s
  5850K .......... .......... .......... .......... .......... 43% 8.19M 1s
  5900K .......... .......... .......... .......... .......... 43% 22.4M 1s
  5950K .......... .......... .......... .......... .......... 44% 6.92M 1s
  6000K .......... .......... .......... .......... .......... 44%  471M 1s
  6050K .......... .......... .......... .......... .......... 44% 7.28M 1s
  6100K .......... .......... .......... .......... .......... 45%  292M 1s
  6150K .......... .......... .......... .......... .......... 45% 7.13M 1s
  6200K .......... .......... .......... .......... .......... 45% 8.90M 1s
  6250K .......... .......... .......... .......... .......... 46%  353M 1s
  6300K .......... .......... .......... .......... .......... 46% 6.39M 1s
  6350K .......... .......... .......... .......... .......... 46% 16.4M 1s
  6400K .......... .......... .......... .......... .......... 47% 28.6M 1s
  6450K .......... .......... .......... .......... .......... 47% 9.36M 1s
  6500K .......... .......... .......... .......... .......... 48%  524M 1s
  6550K .......... .......... .......... .......... .......... 48% 4.30M 1s
  6600K .......... .......... .......... .......... .......... 48% 14.3M 1s
  6650K .......... .......... .......... .......... .......... 49%  415M 1s
  6700K .......... .......... .......... .......... .......... 49% 8.42M 1s
  6750K .......... .......... .......... .......... .......... 49%  552M 1s
  6800K .......... .......... .......... .......... .......... 50% 7.40M 1s
  6850K .......... .......... .......... .......... .......... 50%  483M 1s
  6900K .......... .......... .......... .......... .......... 51% 6.60M 1s
  6950K .......... .......... .......... .......... .......... 51%  271M 1s
  7000K .......... .......... .......... .......... .......... 51% 5.52M 1s
  7050K .......... .......... .......... .......... .......... 52%  279M 1s
  7100K .......... .......... .......... .......... .......... 52% 4.90M 1s
  7150K .......... .......... .......... .......... .......... 52% 8.35M 1s
  7200K .......... .......... .......... .......... .......... 53%  160M 1s
  7250K .......... .......... .......... .......... .......... 53% 8.90M 1s
  7300K .......... .......... .......... .......... .......... 53% 97.1M 1s
  7350K .......... .......... .......... .......... .......... 54% 7.99M 1s
  7400K .......... .......... .......... .......... .......... 54% 44.9M 1s
  7450K .......... .......... .......... .......... .......... 55% 8.82M 1s
  7500K .......... .......... .......... .......... .......... 55% 10.2M 1s
  7550K .......... .......... .......... .......... .......... 55%  113M 1s
  7600K .......... .......... .......... .......... .......... 56% 9.98M 1s
  7650K .......... .......... .......... .......... .......... 56%  151M 1s
  7700K .......... .......... .......... .......... .......... 56% 9.09M 1s
  7750K .......... .......... .......... .......... .......... 57%  326M 1s
  7800K .......... .......... .......... .......... .......... 57% 8.91M 1s
  7850K .......... .......... .......... .......... .......... 57%  567M 1s
  7900K .......... .......... .......... .......... .......... 58% 6.26M 1s
  7950K .......... .......... .......... .......... .......... 58%  265M 1s
  8000K .......... .......... .......... .......... .......... 59% 8.22M 1s
  8050K .......... .......... .......... .......... .......... 59% 12.9M 1s
  8100K .......... .......... .......... .......... .......... 59% 19.6M 1s
  8150K .......... .......... .......... .......... .......... 60% 8.93M 1s
  8200K .......... .......... .......... .......... .......... 60% 13.7M 1s
  8250K .......... .......... .......... .......... .......... 60%  104M 1s
  8300K .......... .......... .......... .......... .......... 61% 8.23M 1s
  8350K .......... .......... .......... .......... .......... 61% 85.7M 1s
  8400K .......... .......... .......... .......... .......... 62% 11.2M 1s
  8450K .......... .......... .......... .......... .......... 62% 14.7M 1s
  8500K .......... .......... .......... .......... .......... 62%  199M 1s
  8550K .......... .......... .......... .......... .......... 63% 9.13M 1s
  8600K .......... .......... .......... .......... .......... 63% 6.45M 1s
  8650K .......... .......... .......... .......... .......... 63%  328M 1s
  8700K .......... .......... .......... .......... .......... 64% 8.38M 1s
  8750K .......... .......... .......... .......... .......... 64%  198M 1s
  8800K .......... .......... .......... .......... .......... 64% 8.19M 1s
  8850K .......... .......... .......... .......... .......... 65%  116M 1s
  8900K .......... .......... .......... .......... .......... 65% 7.39M 1s
  8950K .......... .......... .......... .......... .......... 66%  685K 1s
  9000K .......... .......... .......... .......... .......... 66% 11.3M 1s
  9050K .......... .......... .......... .......... .......... 66%  309M 1s
  9100K .......... .......... .......... .......... .......... 67%  619M 1s
  9150K .......... .......... .......... .......... .......... 67%  347M 1s
  9200K .......... .......... .......... .......... .......... 67%  590M 1s
  9250K .......... .......... .......... .......... .......... 68%  259M 1s
  9300K .......... .......... .......... .......... .......... 68%  651M 1s
  9350K .......... .......... .......... .......... .......... 68%  371M 1s
  9400K .......... .......... .......... .......... .......... 69%  582M 1s
  9450K .......... .......... .......... .......... .......... 69%  409M 1s
  9500K .......... .......... .......... .......... .......... 70% 12.2M 0s
  9550K .......... .......... .......... .......... .......... 70% 12.3M 0s
  9600K .......... .......... .......... .......... .......... 70% 5.10M 0s
  9650K .......... .......... .......... .......... .......... 71% 4.11M 0s
  9700K .......... .......... .......... .......... .......... 71% 7.55M 0s
  9750K .......... .......... .......... .......... .......... 71% 3.99M 0s
  9800K .......... .......... .......... .......... .......... 72% 3.51M 0s
  9850K .......... .......... .......... .......... .......... 72% 14.9M 0s
  9900K .......... .......... .......... .......... .......... 73% 6.90M 0s
  9950K .......... .......... .......... .......... .......... 73% 11.6M 0s
 10000K .......... .......... .......... .......... .......... 73% 10.9M 0s
 10050K .......... .......... .......... .......... .......... 74% 13.7M 0s
 10100K .......... .......... .......... .......... .......... 74% 16.2M 0s
 10150K .......... .......... .......... .......... .......... 74% 16.4M 0s
 10200K .......... .......... .......... .......... .......... 75% 5.79M 0s
 10250K .......... .......... .......... .......... .......... 75% 1.02M 0s
 10300K .......... .......... .......... .......... .......... 75% 15.8M 0s
 10350K .......... .......... .......... .......... .......... 76% 15.6M 0s
 10400K .......... .......... .......... .......... .......... 76% 12.1M 0s
 10450K .......... .......... .......... .......... .......... 77% 12.9M 0s
 10500K .......... .......... .......... .......... .......... 77% 15.5M 0s
 10550K .......... .......... .......... .......... .......... 77% 11.8M 0s
 10600K .......... .......... .......... .......... .......... 78% 20.0M 0s
 10650K .......... .......... .......... .......... .......... 78% 8.67M 0s
 10700K .......... .......... .......... .......... .......... 78% 34.3M 0s
 10750K .......... .......... .......... .......... .......... 79% 10.6M 0s
 10800K .......... .......... .......... .......... .......... 79% 11.0M 0s
 10850K .......... .......... .......... .......... .......... 79% 17.2M 0s
 10900K .......... .......... .......... .......... .......... 80% 13.8M 0s
 10950K .......... .......... .......... .......... .......... 80% 13.5M 0s
 11000K .......... .......... .......... .......... .......... 81% 12.2M 0s
 11050K .......... .......... .......... .......... .......... 81% 16.3M 0s
 11100K .......... .......... .......... .......... .......... 81% 10.7M 0s
 11150K .......... .......... .......... .......... .......... 82% 18.6M 0s
 11200K .......... .......... .......... .......... .......... 82% 7.73M 0s
 11250K .......... .......... .......... .......... .......... 82% 8.14M 0s
 11300K .......... .......... .......... .......... .......... 83%  314M 0s
 11350K .......... .......... .......... .......... .......... 83% 9.78M 0s
 11400K .......... .......... .......... .......... .......... 84% 8.71M 0s
 11450K .......... .......... .......... .......... .......... 84%  237M 0s
 11500K .......... .......... .......... .......... .......... 84% 10.9M 0s
 11550K .......... .......... .......... .......... .......... 85%  141M 0s
 11600K .......... .......... .......... .......... .......... 85% 10.6M 0s
 11650K .......... .......... .......... .......... .......... 85% 8.15M 0s
 11700K .......... .......... .......... .......... .......... 86%  280M 0s
 11750K .......... .......... .......... .......... .......... 86% 7.67M 0s
 11800K .......... .......... .......... .......... .......... 86%  169M 0s
 11850K .......... .......... .......... .......... .......... 87% 21.9M 0s
 11900K .......... .......... .......... .......... .......... 87% 11.8M 0s
 11950K .......... .......... .......... .......... .......... 88%  103M 0s
 12000K .......... .......... .......... .......... .......... 88% 10.1M 0s
 12050K .......... .......... .......... .......... .......... 88% 9.91M 0s
 12100K .......... .......... .......... .......... .......... 89%  381M 0s
 12150K .......... .......... .......... .......... .......... 89% 6.52M 0s
 12200K .......... .......... .......... .......... .......... 89% 13.4M 0s
 12250K .......... .......... .......... .......... .......... 90%  294M 0s
 12300K .......... .......... .......... .......... .......... 90% 18.6M 0s
 12350K .......... .......... .......... .......... .......... 91% 16.5M 0s
 12400K .......... .......... .......... .......... .......... 91% 11.6M 0s
 12450K .......... .......... .......... .......... .......... 91% 12.3M 0s
 12500K .......... .......... .......... .......... .......... 92% 8.48M 0s
 12550K .......... .......... .......... .......... .......... 92% 13.0M 0s
 12600K .......... .......... .......... .......... .......... 92% 9.97M 0s
 12650K .......... .......... .......... .......... .......... 93% 7.52M 0s
 12700K .......... .......... .......... .......... .......... 93% 18.9M 0s
 12750K .......... .......... .......... .......... .......... 93% 9.83M 0s
 12800K .......... .......... .......... .......... .......... 94% 17.5M 0s
 12850K .......... .......... .......... .......... .......... 94% 11.5M 0s
 12900K .......... .......... .......... .......... .......... 95% 16.8M 0s
 12950K .......... .......... .......... .......... .......... 95% 11.1M 0s
 13000K .......... .......... .......... .......... .......... 95% 20.2M 0s
 13050K .......... .......... .......... .......... .......... 96% 8.63M 0s
 13100K .......... .......... .......... .......... .......... 96% 54.1M 0s
 13150K .......... .......... .......... .......... .......... 96% 12.0M 0s
 13200K .......... .......... .......... .......... .......... 97% 12.9M 0s
 13250K .......... .......... .......... .......... .......... 97% 15.5M 0s
 13300K .......... .......... .......... .......... .......... 97% 19.8M 0s
 13350K .......... .......... .......... .......... .......... 98% 11.7M 0s
 13400K .......... .......... .......... .......... .......... 98% 22.1M 0s
 13450K .......... .......... .......... .......... .......... 99% 12.9M 0s
 13500K .......... .......... .......... .......... .......... 99% 14.2M 0s
 13550K .......... .......... .......... .......... .......... 99% 8.58M 0s
 13600K .......... .......... ......                          100%  446M=1.5s

2026-10-03 19:13:31 (8.62 MB/s) - ‘vc_redist.x86.exe’ saved [13953392/13953392]

Executing cd /home/asdf/projects/csp-wine
------------------------------------------------------
SHA256 mismatch!

URL: https://aka.ms/vs/17/release/vc_redist.x86.exe
Downloaded: 0c09f2611660441084ce0df425c51c11e147e6447963c3690f97e0b25c55ed64
Expected: dd1a8be03398367745a87a5e35bebdab00fdad080cf42af0c3f20802d08c25d4

This is often the result of an updated package such as vcrun2019.
If you are willing to accept the risk, you can bypass this check.
Alternatively, you may use the --force option to ignore this check entirely.

Continue anyway?
------------------------------------------------------
------------------------------------------------------
Unattended mode, not prompting for confirmation
------------------------------------------------------
Executing cabextract -q --directory=/home/asdf/projects/csp-wine/state/prefix/dosdevices/c:/windows/temp/win32 /home/asdf/.cache/winetricks/vcrun2022/vc_redist.x86.exe -F a10
Executing cabextract -q --directory=/home/asdf/projects/csp-wine/state/prefix/dosdevices/c:/windows/syswow64 /home/asdf/projects/csp-wine/state/prefix/dosdevices/c:/windows/temp/win32/a10 -F msvcp140.dll
/home/asdf/projects/csp-wine/state/prefix/dosdevices/c:/windows/temp/win32/a10: WARNING; possible 10368 extra bytes at end of file.
Executing cd /home/asdf/.cache/winetricks/vcrun2022
Executing wine vc_redist.x86.exe /q
libEGL warning: DRI3 error: Could not get DRI3 device
libEGL warning: Ensure your X server supports DRI3 to get accelerated rendering
Using native,builtin override for following DLLs: vcruntime140_1
Executing wine C:\windows\syswow64\regedit.exe /S C:\windows\Temp\override-dll.reg
Executing wine C:\windows\regedit.exe /S C:\windows\Temp\override-dll.reg
Executing cd /home/asdf/.cache/winetricks/vcrun2022
Downloading https://aka.ms/vs/17/release/vc_redist.x64.exe to /home/asdf/.cache/winetricks/vcrun2022
--2026-10-03 19:13:33--  https://aka.ms/vs/17/release/vc_redist.x64.exe
Resolving aka.ms (aka.ms)... 23.202.105.221
Connecting to aka.ms (aka.ms)|23.202.105.221|:443... connected.
HTTP request sent, awaiting response... 301 Moved Permanently
Location: https://download.visualstudio.microsoft.com/download/pr/bd1c8d9d-ba95-4eee-bc6e-df1fcc876373/CC0FF0EB1DC3F5188AE6300FAEF32BF5BEEBA4BDD6E8E445A9184072096B713B/VC_redist.x64.exe [following]
--2026-10-03 19:13:34--  https://download.visualstudio.microsoft.com/download/pr/bd1c8d9d-ba95-4eee-bc6e-df1fcc876373/CC0FF0EB1DC3F5188AE6300FAEF32BF5BEEBA4BDD6E8E445A9184072096B713B/VC_redist.x64.exe
Resolving download.visualstudio.microsoft.com (download.visualstudio.microsoft.com)... 23.192.36.199, 23.192.36.228, 2600:1403:d400:302::17c0:24c7, ...
Connecting to download.visualstudio.microsoft.com (download.visualstudio.microsoft.com)|23.192.36.199|:443... connected.
HTTP request sent, awaiting response... 200 OK
Length: 25635768 (24M) [application/octet-stream]
Saving to: ‘vc_redist.x64.exe’

     0K .......... .......... .......... .......... ..........  0% 2.86M 9s
    50K .......... .......... .......... .......... ..........  0%  467K 31s
   100K .......... .......... .......... .......... ..........  0% 1.85M 25s
   150K .......... .......... .......... .......... ..........  0% 1.92M 22s
   200K .......... .......... .......... .......... ..........  0% 2.25M 20s
   250K .......... .......... .......... .......... ..........  1% 3.18M 18s
   300K .......... .......... .......... .......... ..........  1% 3.65M 16s
   350K .......... .......... .......... .......... ..........  1% 5.45M 14s
   400K .......... .......... .......... .......... ..........  1% 5.01M 13s
   450K .......... .......... .......... .......... ..........  1% 4.52M 13s
   500K .......... .......... .......... .......... ..........  2% 7.48M 12s
   550K .......... .......... .......... .......... ..........  2% 5.42M 11s
   600K .......... .......... .......... .......... ..........  2% 3.75M 11s
   650K .......... .......... .......... .......... ..........  2% 20.8M 10s
   700K .......... .......... .......... .......... ..........  2% 6.40M 10s
   750K .......... .......... .......... .......... ..........  3% 15.0M 9s
   800K .......... .......... .......... .......... ..........  3% 7.37M 9s
   850K .......... .......... .......... .......... ..........  3% 14.0M 8s
   900K .......... .......... .......... .......... ..........  3% 12.4M 8s
   950K .......... .......... .......... .......... ..........  3% 9.25M 8s
  1000K .......... .......... .......... .......... ..........  4% 13.5M 7s
  1050K .......... .......... .......... .......... ..........  4% 13.7M 7s
  1100K .......... .......... .......... .......... ..........  4% 21.2M 7s
  1150K .......... .......... .......... .......... ..........  4% 11.1M 7s
  1200K .......... .......... .......... .......... ..........  4% 7.79M 6s
  1250K .......... .......... .......... .......... ..........  5% 6.39M 6s
  1300K .......... .......... .......... .......... ..........  5% 15.8M 6s
  1350K .......... .......... .......... .......... ..........  5% 11.9M 6s
  1400K .......... .......... .......... .......... ..........  5% 25.5M 6s
  1450K .......... .......... .......... .......... ..........  5% 10.7M 6s
  1500K .......... .......... .......... .......... ..........  6% 15.9M 5s
  1550K .......... .......... .......... .......... ..........  6% 15.9M 5s
  1600K .......... .......... .......... .......... ..........  6% 8.99M 5s
  1650K .......... .......... .......... .......... ..........  6%  219M 5s
  1700K .......... .......... .......... .......... ..........  6% 7.15M 5s
  1750K .......... .......... .......... .......... ..........  7%  435M 5s
  1800K .......... .......... .......... .......... ..........  7% 9.80M 5s
  1850K .......... .......... .......... .......... ..........  7%  620M 5s
  1900K .......... .......... .......... .......... ..........  7% 9.74M 5s
  1950K .......... .......... .......... .......... ..........  7%  128M 4s
  2000K .......... .......... .......... .......... ..........  8% 9.54M 4s
  2050K .......... .......... .......... .......... ..........  8% 1.16G 4s
  2100K .......... .......... .......... .......... ..........  8% 5.60M 4s
  2150K .......... .......... .......... .......... ..........  8% 8.13M 4s
  2200K .......... .......... .......... .......... ..........  8% 7.44M 4s
  2250K .......... .......... .......... .......... ..........  9% 74.2M 4s
  2300K .......... .......... .......... .......... ..........  9% 12.7M 4s
  2350K .......... .......... .......... .......... ..........  9% 58.4M 4s
  2400K .......... .......... .......... .......... ..........  9% 10.4M 4s
  2450K .......... .......... .......... .......... ..........  9% 22.8M 4s
  2500K .......... .......... .......... .......... .......... 10% 26.2M 4s
  2550K .......... .......... .......... .......... .......... 10% 11.7M 4s
  2600K .......... .......... .......... .......... .......... 10% 10.0M 4s
  2650K .......... .......... .......... .......... .......... 10%  638M 4s
  2700K .......... .......... .......... .......... .......... 10% 9.76M 4s
  2750K .......... .......... .......... .......... .......... 11%  430M 4s
  2800K .......... .......... .......... .......... .......... 11% 9.96M 3s
  2850K .......... .......... .......... .......... .......... 11%  830M 3s
  2900K .......... .......... .......... .......... .......... 11% 11.5M 3s
  2950K .......... .......... .......... .......... .......... 11% 15.3M 3s
  3000K .......... .......... .......... .......... .......... 12%  205M 3s
  3050K .......... .......... .......... .......... .......... 12% 7.60M 3s
  3100K .......... .......... .......... .......... .......... 12% 9.30M 3s
  3150K .......... .......... .......... .......... .......... 12% 31.7M 3s
  3200K .......... .......... .......... .......... .......... 12% 20.5M 3s
  3250K .......... .......... .......... .......... .......... 13% 8.62M 3s
  3300K .......... .......... .......... .......... .......... 13%  444M 3s
  3350K .......... .......... .......... .......... .......... 13% 9.28M 3s
  3400K .......... .......... .......... .......... .......... 13%  518M 3s
  3450K .......... .......... .......... .......... .......... 13% 9.79M 3s
  3500K .......... .......... .......... .......... .......... 14%  713M 3s
  3550K .......... .......... .......... .......... .......... 14% 7.82M 3s
  3600K .......... .......... .......... .......... .......... 14%  717M 3s
  3650K .......... .......... .......... .......... .......... 14% 8.11M 3s
  3700K .......... .......... .......... .......... .......... 14%  879M 3s
  3750K .......... .......... .......... .......... .......... 15% 7.43M 3s
  3800K .......... .......... .......... .......... .......... 15% 9.85M 3s
  3850K .......... .......... .......... .......... .......... 15%  424M 3s
  3900K .......... .......... .......... .......... .......... 15% 9.92M 3s
  3950K .......... .......... .......... .......... .......... 15%  771M 3s
  4000K .......... .......... .......... .......... .......... 16% 10.3M 3s
  4050K .......... .......... .......... .......... .......... 16%  814M 3s
  4100K .......... .......... .......... .......... .......... 16% 9.14M 3s
  4150K .......... .......... .......... .......... .......... 16% 9.95M 3s
  4200K .......... .......... .......... .......... .......... 16%  339M 3s
  4250K .......... .......... .......... .......... .......... 17% 8.69M 3s
  4300K .......... .......... .......... .......... .......... 17%  495M 3s
  4350K .......... .......... .......... .......... .......... 17% 14.6M 3s
  4400K .......... .......... .......... .......... .......... 17% 20.1M 3s
  4450K .......... .......... .......... .......... .......... 17% 8.68M 3s
  4500K .......... .......... .......... .......... .......... 18%  270M 2s
  4550K .......... .......... .......... .......... .......... 18% 10.1M 2s
  4600K .......... .......... .......... .......... .......... 18%  288M 2s
  4650K .......... .......... .......... .......... .......... 18% 10.8M 2s
  4700K .......... .......... .......... .......... .......... 18%  310M 2s
  4750K .......... .......... .......... .......... .......... 19% 10.0M 2s
  4800K .......... .......... .......... .......... .......... 19%  429M 2s
  4850K .......... .......... .......... .......... .......... 19% 12.9M 2s
  4900K .......... .......... .......... .......... .......... 19% 9.31M 2s
  4950K .......... .......... .......... .......... .......... 19%  393M 2s
  5000K .......... .......... .......... .......... .......... 20% 9.40M 2s
  5050K .......... .......... .......... .......... .......... 20% 17.4M 2s
  5100K .......... .......... .......... .......... .......... 20% 37.2M 2s
  5150K .......... .......... .......... .......... .......... 20% 13.4M 2s
  5200K .......... .......... .......... .......... .......... 20%  128M 2s
  5250K .......... .......... .......... .......... .......... 21% 9.01M 2s
  5300K .......... .......... .......... .......... .......... 21% 9.08M 2s
  5350K .......... .......... .......... .......... .......... 21% 80.1M 2s
  5400K .......... .......... .......... .......... .......... 21% 11.4M 2s
  5450K .......... .......... .......... .......... .......... 21%  218M 2s
  5500K .......... .......... .......... .......... .......... 22% 8.80M 2s
  5550K .......... .......... .......... .......... .......... 22%  392M 2s
  5600K .......... .......... .......... .......... .......... 22% 10.5M 2s
  5650K .......... .......... .......... .......... .......... 22%  900M 2s
  5700K .......... .......... .......... .......... .......... 22% 6.43M 2s
  5750K .......... .......... .......... .......... .......... 23%  532M 2s
  5800K .......... .......... .......... .......... .......... 23% 21.0M 2s
  5850K .......... .......... .......... .......... .......... 23% 11.5M 2s
  5900K .......... .......... .......... .......... .......... 23%  826M 2s
  5950K .......... .......... .......... .......... .......... 23% 7.61M 2s
  6000K .......... .......... .......... .......... .......... 24%  694M 2s
  6050K .......... .......... .......... .......... .......... 24% 15.0M 2s
  6100K .......... .......... .......... .......... .......... 24% 10.6M 2s
  6150K .......... .......... .......... .......... .......... 24% 9.32M 2s
  6200K .......... .......... .......... .......... .......... 24% 90.9M 2s
  6250K .......... .......... .......... .......... .......... 25% 11.6M 2s
  6300K .......... .......... .......... .......... .......... 25% 51.9M 2s
  6350K .......... .......... .......... .......... .......... 25% 14.0M 2s
  6400K .......... .......... .......... .......... .......... 25%  312M 2s
  6450K .......... .......... .......... .......... .......... 25% 9.54M 2s
  6500K .......... .......... .......... .......... .......... 26% 4.51M 2s
  6550K .......... .......... .......... .......... .......... 26%  297M 2s
  6600K .......... .......... .......... .......... .......... 26% 7.91M 2s
  6650K .......... .......... .......... .......... .......... 26%  281M 2s
  6700K .......... .......... .......... .......... .......... 26% 12.2M 2s
  6750K .......... .......... .......... .......... .......... 27% 9.79M 2s
  6800K .......... .......... .......... .......... .......... 27%  108M 2s
  6850K .......... .......... .......... .......... .......... 27% 11.3M 2s
  6900K .......... .......... .......... .......... .......... 27%  112M 2s
  6950K .......... .......... .......... .......... .......... 27% 11.1M 2s
  7000K .......... .......... .......... .......... .......... 28% 10.4M 2s
  7050K .......... .......... .......... .......... .......... 28% 24.3M 2s
  7100K .......... .......... .......... .......... .......... 28%  221M 2s
  7150K .......... .......... .......... .......... .......... 28%  240K 2s
  7200K .......... .......... .......... .......... .......... 28%  565M 2s
  7250K .......... .......... .......... .......... .......... 29%  530M 2s
  7300K .......... .......... .......... .......... .......... 29%  727M 2s
  7350K .......... .......... .......... .......... .......... 29%  580M 2s
  7400K .......... .......... .......... .......... .......... 29%  492M 2s
  7450K .......... .......... .......... .......... .......... 29%  812M 2s
  7500K .......... .......... .......... .......... .......... 30%  631M 2s
  7550K .......... .......... .......... .......... .......... 30%  878M 2s
  7600K .......... .......... .......... .......... .......... 30%  657M 2s
  7650K .......... .......... .......... .......... .......... 30%  522M 2s
  7700K .......... .......... .......... .......... .......... 30%  828M 2s
  7750K .......... .......... .......... .......... .......... 31%  540M 2s
  7800K .......... .......... .......... .......... .......... 31%  656M 2s
  7850K .......... .......... .......... .......... .......... 31%  654M 2s
  7900K .......... .......... .......... .......... .......... 31%  488M 2s
  7950K .......... .......... .......... .......... .......... 31%  920M 2s
  8000K .......... .......... .......... .......... .......... 32%  544M 2s
  8050K .......... .......... .......... .......... .......... 32%  534M 2s
  8100K .......... .......... .......... .......... .......... 32%  823M 2s
  8150K .......... .......... .......... .......... .......... 32%  553M 2s
  8200K .......... .......... .......... .......... .......... 32%  604M 2s
  8250K .......... .......... .......... .......... .......... 33%  758M 2s
  8300K .......... .......... .......... .......... .......... 33%  600M 2s
  8350K .......... .......... .......... .......... .......... 33%  712M 2s
  8400K .......... .......... .......... .......... .......... 33%  539M 2s
  8450K .......... .......... .......... .......... .......... 33%  521M 2s
  8500K .......... .......... .......... .......... .......... 34%  548M 2s
  8550K .......... .......... .......... .......... .......... 34%  619M 2s
  8600K .......... .......... .......... .......... .......... 34%  548M 2s
  8650K .......... .......... .......... .......... .......... 34%  617M 2s
  8700K .......... .......... .......... .......... .......... 34%  472M 2s
  8750K .......... .......... .......... .......... .......... 35%  879M 2s
  8800K .......... .......... .......... .......... .......... 35%  501M 2s
  8850K .......... .......... .......... .......... .......... 35%  627M 2s
  8900K .......... .......... .......... .......... .......... 35%  623M 2s
  8950K .......... .......... .......... .......... .......... 35%  508M 2s
  9000K .......... .......... .......... .......... .......... 36%  773M 2s
  9050K .......... .......... .......... .......... .......... 36%  544M 2s
  9100K .......... .......... .......... .......... .......... 36%  592M 2s
  9150K .......... .......... .......... .......... .......... 36%  619M 2s
  9200K .......... .......... .......... .......... .......... 36%  488M 2s
  9250K .......... .......... .......... .......... .......... 37%  721M 2s
  9300K .......... .......... .......... .......... .......... 37%  459M 2s
  9350K .......... .......... .......... .......... .......... 37%  471M 2s
  9400K .......... .......... .......... .......... .......... 37%  677M 2s
  9450K .......... .......... .......... .......... .......... 37%  539M 1s
  9500K .......... .......... .......... .......... .......... 38%  655M 1s
  9550K .......... .......... .......... .......... .......... 38%  504M 1s
  9600K .......... .......... .......... .......... .......... 38%  506M 1s
  9650K .......... .......... .......... .......... .......... 38%  792M 1s
  9700K .......... .......... .......... .......... .......... 38%  482M 1s
  9750K .......... .......... .......... .......... .......... 39%  545M 1s
  9800K .......... .......... .......... .......... .......... 39%  505M 1s
  9850K .......... .......... .......... .......... .......... 39%  203M 1s
  9900K .......... .......... .......... .......... .......... 39%  592M 1s
  9950K .......... .......... .......... .......... .......... 39%  444M 1s
 10000K .......... .......... .......... .......... .......... 40%  700M 1s
 10050K .......... .......... .......... .......... .......... 40%  599M 1s
 10100K .......... .......... .......... .......... .......... 40%  605M 1s
 10150K .......... .......... .......... .......... .......... 40% 7.64M 1s
 10200K .......... .......... .......... .......... .......... 40%  374M 1s
 10250K .......... .......... .......... .......... .......... 41%  738K 1s
 10300K .......... .......... .......... .......... .......... 41%  377M 1s
 10350K .......... .......... .......... .......... .......... 41% 9.99M 1s
 10400K .......... .......... .......... .......... .......... 41% 8.89M 1s
 10450K .......... .......... .......... .......... .......... 41%  683M 1s
 10500K .......... .......... .......... .......... .......... 42% 9.44M 1s
 10550K .......... .......... .......... .......... .......... 42%  520M 1s
 10600K .......... .......... .......... .......... .......... 42% 7.76M 1s
 10650K .......... .......... .......... .......... .......... 42% 42.6M 1s
 10700K .......... .......... .......... .......... .......... 42% 14.4M 1s
 10750K .......... .......... .......... .......... .......... 43% 49.8M 1s
 10800K .......... .......... .......... .......... .......... 43% 9.95M 1s
 10850K .......... .......... .......... .......... .......... 43% 15.6M 1s
 10900K .......... .......... .......... .......... .......... 43% 55.0M 1s
 10950K .......... .......... .......... .......... .......... 43% 9.83M 1s
 11000K .......... .......... .......... .......... .......... 44% 13.2M 1s
 11050K .......... .......... .......... .......... .......... 44% 15.1M 1s
 11100K .......... .......... .......... .......... .......... 44%  373M 1s
 11150K .......... .......... .......... .......... .......... 44% 9.71M 1s
 11200K .......... .......... .......... .......... .......... 44% 9.19M 1s
 11250K .......... .......... .......... .......... .......... 45%  473M 1s
 11300K .......... .......... .......... .......... .......... 45% 5.56M 1s
 11350K .......... .......... .......... .......... .......... 45%  616M 1s
 11400K .......... .......... .......... .......... .......... 45% 8.95M 1s
 11450K .......... .......... .......... .......... .......... 45%  578M 1s
 11500K .......... .......... .......... .......... .......... 46% 8.52M 1s
 11550K .......... .......... .......... .......... .......... 46%  489M 1s
 11600K .......... .......... .......... .......... .......... 46% 13.0M 1s
 11650K .......... .......... .......... .......... .......... 46%  112M 1s
 11700K .......... .......... .......... .......... .......... 46% 10.4M 1s
 11750K .......... .......... .......... .......... .......... 47% 8.10M 1s
 11800K .......... .......... .......... .......... .......... 47%  554M 1s
 11850K .......... .......... .......... .......... .......... 47% 8.90M 1s
 11900K .......... .......... .......... .......... .......... 47%  527M 1s
 11950K .......... .......... .......... .......... .......... 47% 6.83M 1s
 12000K .......... .......... .......... .......... .......... 48% 18.7M 1s
 12050K .......... .......... .......... .......... .......... 48%  884M 1s
 12100K .......... .......... .......... .......... .......... 48% 6.70M 1s
 12150K .......... .......... .......... .......... .......... 48% 10.2M 1s
 12200K .......... .......... .......... .......... .......... 48%  519M 1s
 12250K .......... .......... .......... .......... .......... 49% 11.0M 1s
 12300K .......... .......... .......... .......... .......... 49%  331M 1s
 12350K .......... .......... .......... .......... .......... 49% 9.37M 1s
 12400K .......... .......... .......... .......... .......... 49% 15.3M 1s
 12450K .......... .......... .......... .......... .......... 49% 39.9M 1s
 12500K .......... .......... .......... .......... .......... 50% 9.47M 1s
 12550K .......... .......... .......... .......... .......... 50%  439M 1s
 12600K .......... .......... .......... .......... .......... 50% 8.04M 1s
 12650K .......... .......... .......... .......... .......... 50% 13.0M 1s
 12700K .......... .......... .......... .......... .......... 50% 24.4M 1s
 12750K .......... .......... .......... .......... .......... 51% 9.80M 1s
 12800K .......... .......... .......... .......... .......... 51%  447M 1s
 12850K .......... .......... .......... .......... .......... 51% 8.80M 1s
 12900K .......... .......... .......... .......... .......... 51%  473M 1s
 12950K .......... .......... .......... .......... .......... 51% 7.22M 1s
 13000K .......... .......... .......... .......... .......... 52%  916M 1s
 13050K .......... .......... .......... .......... .......... 52% 7.88M 1s
 13100K .......... .......... .......... .......... .......... 52%  794M 1s
 13150K .......... .......... .......... .......... .......... 52% 17.0M 1s
 13200K .......... .......... .......... .......... .......... 52% 8.75M 1s
 13250K .......... .......... .......... .......... .......... 53%  236M 1s
 13300K .......... .......... .......... .......... .......... 53% 9.46M 1s
 13350K .......... .......... .......... .......... .......... 53% 22.2M 1s
 13400K .......... .......... .......... .......... .......... 53% 10.2M 1s
 13450K .......... .......... .......... .......... .......... 53% 61.8M 1s
 13500K .......... .......... .......... .......... .......... 54% 10.4M 1s
 13550K .......... .......... .......... .......... .......... 54% 16.3M 1s
 13600K .......... .......... .......... .......... .......... 54% 10.1M 1s
 13650K .......... .......... .......... .......... .......... 54%  722M 1s
 13700K .......... .......... .......... .......... .......... 54% 7.98M 1s
 13750K .......... .......... .......... .......... .......... 55%  737M 1s
 13800K .......... .......... .......... .......... .......... 55% 9.94M 1s
 13850K .......... .......... .......... .......... .......... 55%  670M 1s
 13900K .......... .......... .......... .......... .......... 55% 9.94M 1s
 13950K .......... .......... .......... .......... .......... 55% 6.88M 1s
 14000K .......... .......... .......... .......... .......... 56%  181M 1s
 14050K .......... .......... .......... .......... .......... 56% 10.7M 1s
 14100K .......... .......... .......... .......... .......... 56% 80.3M 1s
 14150K .......... .......... .......... .......... .......... 56% 10.7M 1s
 14200K .......... .......... .......... .......... .......... 56%  292M 1s
 14250K .......... .......... .......... .......... .......... 57% 7.65M 1s
 14300K .......... .......... .......... .......... .......... 57%  921M 1s
 14350K .......... .......... .......... .......... .......... 57% 6.99M 1s
 14400K .......... .......... .......... .......... .......... 57%  466M 1s
 14450K .......... .......... .......... .......... .......... 57% 5.96M 1s
 14500K .......... .......... .......... .......... .......... 58%  318M 1s
 14550K .......... .......... .......... .......... .......... 58% 6.25M 1s
 14600K .......... .......... .......... .......... .......... 58%  201M 1s
 14650K .......... .......... .......... .......... .......... 58% 8.23M 1s
 14700K .......... .......... .......... .......... .......... 58% 88.5M 1s
 14750K .......... .......... .......... .......... .......... 59% 8.50M 1s
 14800K .......... .......... .......... .......... .......... 59% 39.5M 1s
 14850K .......... .......... .......... .......... .......... 59% 16.5M 1s
 14900K .......... .......... .......... .......... .......... 59% 13.5M 1s
 14950K .......... .......... .......... .......... .......... 59% 9.12M 1s
 15000K .......... .......... .......... .......... .......... 60% 16.3M 1s
 15050K .......... .......... .......... .......... .......... 60%  804M 1s
 15100K .......... .......... .......... .......... .......... 60% 9.85M 1s
 15150K .......... .......... .......... .......... .......... 60%  687M 1s
 15200K .......... .......... .......... .......... .......... 60% 7.41M 1s
 15250K .......... .......... .......... .......... .......... 61% 9.56M 1s
 15300K .......... .......... .......... .......... .......... 61% 13.1M 1s
 15350K .......... .......... .......... .......... .......... 61%  449M 1s
 15400K .......... .......... .......... .......... .......... 61% 9.75M 1s
 15450K .......... .......... .......... .......... .......... 61% 10.7M 1s
 15500K .......... .......... .......... .......... .......... 62%  252M 1s
 15550K .......... .......... .......... .......... .......... 62% 10.9M 1s
 15600K .......... .......... .......... .......... .......... 62%  256M 1s
 15650K .......... .......... .......... .......... .......... 62% 10.8M 1s
 15700K .......... .......... .......... .......... .......... 62% 7.97M 1s
 15750K .......... .......... .......... .......... .......... 63%  269M 1s
 15800K .......... .......... .......... .......... .......... 63% 8.15M 1s
 15850K .......... .......... .......... .......... .......... 63% 8.10M 1s
 15900K .......... .......... .......... .......... .......... 63% 85.9M 1s
 15950K .......... .......... .......... .......... .......... 63% 20.4M 1s
 16000K .......... .......... .......... .......... .......... 64% 10.1M 1s
 16050K .......... .......... .......... .......... .......... 64% 4.67M 1s
 16100K .......... .......... .......... .......... .......... 64%  396M 1s
 16150K .......... .......... .......... .......... .......... 64% 4.63M 1s
 16200K .......... .......... .......... .......... .......... 64% 8.70M 1s
 16250K .......... .......... .......... .......... .......... 65% 5.17M 1s
 16300K .......... .......... .......... .......... .......... 65% 7.85M 1s
 16350K .......... .......... .......... .......... .......... 65%  737M 1s
 16400K .......... .......... .......... .......... .......... 65% 7.23M 1s
 16450K .......... .......... .......... .......... .......... 65% 5.02M 1s
 16500K .......... .......... .......... .......... .......... 66% 7.97M 1s
 16550K .......... .......... .......... .......... .......... 66% 8.06M 1s
 16600K .......... .......... .......... .......... .......... 66% 7.07M 1s
 16650K .......... .......... .......... .......... .......... 66%  313M 1s
 16700K .......... .......... .......... .......... .......... 66% 2.82M 1s
 16750K .......... .......... .......... .......... .......... 67%  869M 1s
 16800K .......... .......... .......... .......... .......... 67% 5.72M 1s
 16850K .......... .......... .......... .......... .......... 67%  478M 1s
 16900K .......... .......... .......... .......... .......... 67% 4.51M 1s
 16950K .......... .......... .......... .......... .......... 67% 4.57M 1s
 17000K .......... .......... .......... .......... .......... 68% 3.58M 1s
 17050K .......... .......... .......... .......... .......... 68% 9.09M 1s
 17100K .......... .......... .......... .......... .......... 68% 6.71M 1s
 17150K .......... .......... .......... .......... .......... 68% 14.2M 1s
 17200K .......... .......... .......... .......... .......... 68% 6.28M 1s
 17250K .......... .......... .......... .......... .......... 69%  420M 1s
 17300K .......... .......... .......... .......... .......... 69% 4.60M 1s
 17350K .......... .......... .......... .......... .......... 69% 4.50M 1s
 17400K .......... .......... .......... .......... .......... 69% 7.91M 1s
 17450K .......... .......... .......... .......... .......... 69%  372M 1s
 17500K .......... .......... .......... .......... .......... 70% 8.70M 1s
 17550K .......... .......... .......... .......... .......... 70% 5.11M 1s
 17600K .......... .......... .......... .......... .......... 70% 84.2M 1s
 17650K .......... .......... .......... .......... .......... 70% 6.03M 1s
 17700K .......... .......... .......... .......... .......... 70%  276M 1s
 17750K .......... .......... .......... .......... .......... 71% 6.42M 1s
 17800K .......... .......... .......... .......... .......... 71% 4.63M 1s
 17850K .......... .......... .......... .......... .......... 71% 8.18M 1s
 17900K .......... .......... .......... .......... .......... 71%  314M 1s
 17950K .......... .......... .......... .......... .......... 71%  296K 1s
 18000K .......... .......... .......... .......... .......... 72%  765M 1s
 18050K .......... .......... .......... .......... .......... 72%  757M 1s
 18100K .......... .......... .......... .......... .......... 72%  649M 1s
 18150K .......... .......... .......... .......... .......... 72%  978M 1s
 18200K .......... .......... .......... .......... .......... 72%  703M 1s
 18250K .......... .......... .......... .......... .......... 73% 1022M 1s
 18300K .......... .......... .......... .......... .......... 73%  687M 1s
 18350K .......... .......... .......... .......... .......... 73%  853M 1s
 18400K .......... .......... .......... .......... .......... 73%  747M 1s
 18450K .......... .......... .......... .......... .......... 73%  719M 1s
 18500K .......... .......... .......... .......... .......... 74%  661M 1s
 18550K .......... .......... .......... .......... .......... 74%  830M 1s
 18600K .......... .......... .......... .......... .......... 74%  893M 1s
 18650K .......... .......... .......... .......... .......... 74%  797M 1s
 18700K .......... .......... .......... .......... .......... 74% 7.19M 1s
 18750K .......... .......... .......... .......... .......... 75% 4.59M 1s
 18800K .......... .......... .......... .......... .......... 75% 4.58M 1s
 18850K .......... .......... .......... .......... .......... 75% 6.28M 1s
 18900K .......... .......... .......... .......... .......... 75%  381M 1s
 18950K .......... .......... .......... .......... .......... 75% 4.72M 1s
 19000K .......... .......... .......... .......... .......... 76% 4.30M 1s
 19050K .......... .......... .......... .......... .......... 76% 1014M 1s
 19100K .......... .......... .......... .......... .......... 76%  361K 1s
 19150K .......... .......... .......... .......... .......... 76% 7.92M 1s
 19200K .......... .......... .......... .......... .......... 76% 6.20M 1s
 19250K .......... .......... .......... .......... .......... 77%  523M 1s
 19300K .......... .......... .......... .......... .......... 77%  945M 1s
 19350K .......... .......... .......... .......... .......... 77%  661M 1s
 19400K .......... .......... .......... .......... .......... 77%  805M 1s
 19450K .......... .......... .......... .......... .......... 77% 6.14M 1s
 19500K .......... .......... .......... .......... .......... 78%  381M 1s
 19550K .......... .......... .......... .......... .......... 78%  723M 1s
 19600K .......... .......... .......... .......... .......... 78%  625M 1s
 19650K .......... .......... .......... .......... .......... 78% 4.77M 1s
 19700K .......... .......... .......... .......... .......... 78%  494M 1s
 19750K .......... .......... .......... .......... .......... 79%  315M 1s
 19800K .......... .......... .......... .......... .......... 79%  376M 1s
 19850K .......... .......... .......... .......... .......... 79%  390M 1s
 19900K .......... .......... .......... .......... .......... 79% 7.12M 1s
 19950K .......... .......... .......... .......... .......... 79%  640M 1s
 20000K .......... .......... .......... .......... .......... 80%  390M 0s
 20050K .......... .......... .......... .......... .......... 80% 6.00M 0s
 20100K .......... .......... .......... .......... .......... 80%  220M 0s
 20150K .......... .......... .......... .......... .......... 80%  349M 0s
 20200K .......... .......... .......... .......... .......... 80%  493M 0s
 20250K .......... .......... .......... .......... .......... 81%  398M 0s
 20300K .......... .......... .......... .......... .......... 81%  443M 0s
 20350K .......... .......... .......... .......... .......... 81%  509M 0s
 20400K .......... .......... .......... .......... .......... 81% 5.05M 0s
 20450K .......... .......... .......... .......... .......... 81% 5.84M 0s
 20500K .......... .......... .......... .......... .......... 82%  942M 0s
 20550K .......... .......... .......... .......... .......... 82%  706M 0s
 20600K .......... .......... .......... .......... .......... 82%  791M 0s
 20650K .......... .......... .......... .......... .......... 82%  962M 0s
 20700K .......... .......... .......... .......... .......... 82% 6.38M 0s
 20750K .......... .......... .......... .......... .......... 83% 1.10G 0s
 20800K .......... .......... .......... .......... .......... 83%  675M 0s
 20850K .......... .......... .......... .......... .......... 83%  758M 0s
 20900K .......... .......... .......... .......... .......... 83% 4.78M 0s
 20950K .......... .......... .......... .......... .......... 83%  325M 0s
 21000K .......... .......... .......... .......... .......... 84%  488M 0s
 21050K .......... .......... .......... .......... .......... 84%  334M 0s
 21100K .......... .......... .......... .......... .......... 84%  427M 0s
 21150K .......... .......... .......... .......... .......... 84% 3.98M 0s
 21200K .......... .......... .......... .......... .......... 84% 18.7M 0s
 21250K .......... .......... .......... .......... .......... 85% 1.65M 0s
 21300K .......... .......... .......... .......... .......... 85% 83.9M 0s
 21350K .......... .......... .......... .......... .......... 85%  149M 0s
 21400K .......... .......... .......... .......... .......... 85%  208M 0s
 21450K .......... .......... .......... .......... .......... 85%  174M 0s
 21500K .......... .......... .......... .......... .......... 86%  238M 0s
 21550K .......... .......... .......... .......... .......... 86%  204M 0s
 21600K .......... .......... .......... .......... .......... 86% 8.46M 0s
 21650K .......... .......... .......... .......... .......... 86%  625M 0s
 21700K .......... .......... .......... .......... .......... 86% 3.84M 0s
 21750K .......... .......... .......... .......... .......... 87% 4.24M 0s
 21800K .......... .......... .......... .......... .......... 87% 9.65M 0s
 21850K .......... .......... .......... .......... .......... 87% 20.7M 0s
 21900K .......... .......... .......... .......... .......... 87% 8.51M 0s
 21950K .......... .......... .......... .......... .......... 87%  126M 0s
 22000K .......... .......... .......... .......... .......... 88% 8.01M 0s
 22050K .......... .......... .......... .......... .......... 88% 4.32M 0s
 22100K .......... .......... .......... .......... .......... 88%  373M 0s
 22150K .......... .......... .......... .......... .......... 88% 7.82M 0s
 22200K .......... .......... .......... .......... .......... 88% 5.34M 0s
 22250K .......... .......... .......... .......... .......... 89% 12.2M 0s
 22300K .......... .......... .......... .......... .......... 89% 17.8M 0s
 22350K .......... .......... .......... .......... .......... 89% 7.78M 0s
 22400K .......... .......... .......... .......... .......... 89% 5.01M 0s
 22450K .......... .......... .......... .......... .......... 89%  160M 0s
 22500K .......... .......... .......... .......... .......... 90% 4.81M 0s
 22550K .......... .......... .......... .......... .......... 90% 6.91M 0s
 22600K .......... .......... .......... .......... .......... 90% 4.69M 0s
 22650K .......... .......... .......... .......... .......... 90% 8.33M 0s
 22700K .......... .......... .......... .......... .......... 90% 6.72M 0s
 22750K .......... .......... .......... .......... .......... 91%  150M 0s
 22800K .......... .......... .......... .......... .......... 91% 9.34M 0s
 22850K .......... .......... .......... .......... .......... 91%  527M 0s
 22900K .......... .......... .......... .......... .......... 91% 5.99M 0s
 22950K .......... .......... .......... .......... .......... 91% 8.92M 0s
 23000K .......... .......... .......... .......... .......... 92% 6.34M 0s
 23050K .......... .......... .......... .......... .......... 92%  604M 0s
 23100K .......... .......... .......... .......... .......... 92% 7.03M 0s
 23150K .......... .......... .......... .......... .......... 92%  529M 0s
 23200K .......... .......... .......... .......... .......... 92% 9.31M 0s
 23250K .......... .......... .......... .......... .......... 93% 6.16M 0s
 23300K .......... .......... .......... .......... .......... 93% 6.23M 0s
 23350K .......... .......... .......... .......... .......... 93%  607M 0s
 23400K .......... .......... .......... .......... .......... 93% 6.81M 0s
 23450K .......... .......... .......... .......... .......... 93% 4.65M 0s
 23500K .......... .......... .......... .......... .......... 94%  455M 0s
 23550K .......... .......... .......... .......... .......... 94% 6.98M 0s
 23600K .......... .......... .......... .......... .......... 94% 4.70M 0s
 23650K .......... .......... .......... .......... .......... 94% 4.51M 0s
 23700K .......... .......... .......... .......... .......... 94%  704M 0s
 23750K .......... .......... .......... .......... .......... 95% 9.64M 0s
 23800K .......... .......... .......... .......... .......... 95%  494M 0s
 23850K .......... .......... .......... .......... .......... 95% 4.58M 0s
 23900K .......... .......... .......... .......... .......... 95% 4.82M 0s
 23950K .......... .......... .......... .......... .......... 95% 9.50M 0s
 24000K .......... .......... .......... .......... .......... 96%  231M 0s
 24050K .......... .......... .......... .......... .......... 96% 6.34M 0s
 24100K .......... .......... .......... .......... .......... 96%  551M 0s
 24150K .......... .......... .......... .......... .......... 96% 4.72M 0s
 24200K .......... .......... .......... .......... .......... 96% 4.72M 0s
 24250K .......... .......... .......... .......... .......... 97% 4.67M 0s
 24300K .......... .......... .......... .......... .......... 97%  295M 0s
 24350K .......... .......... .......... .......... .......... 97% 7.85M 0s
 24400K .......... .......... .......... .......... .......... 97% 9.53M 0s
 24450K .......... .......... .......... .......... .......... 97% 6.09M 0s
 24500K .......... .......... .......... .......... .......... 98%  939M 0s
 24550K .......... .......... .......... .......... .......... 98% 4.50M 0s
 24600K .......... .......... .......... .......... .......... 98% 4.65M 0s
 24650K .......... .......... .......... .......... .......... 98% 4.74M 0s
 24700K .......... .......... .......... .......... .......... 98%  295M 0s
 24750K .......... .......... .......... .......... .......... 99% 7.73M 0s
 24800K .......... .......... .......... .......... .......... 99% 6.52M 0s
 24850K .......... .......... .......... .......... .......... 99%  331M 0s
 24900K .......... .......... .......... .......... .......... 99% 5.98M 0s
 24950K .......... .......... .......... .......... .......... 99% 8.96M 0s
 25000K .......... .......... .......... ....                 100%  577M=2.5s

2026-10-03 19:13:37 (9.82 MB/s) - ‘vc_redist.x64.exe’ saved [25635768/25635768]

Executing cd /home/asdf/.cache/winetricks/vcrun2022
------------------------------------------------------
SHA256 mismatch!

URL: https://aka.ms/vs/17/release/vc_redist.x64.exe
Downloaded: cc0ff0eb1dc3f5188ae6300faef32bf5beeba4bdd6e8e445a9184072096b713b
Expected: 1821577409c35b2b9505ac833e246376cc68a8262972100444010b57226f0940

This is often the result of an updated package such as vcrun2019.
If you are willing to accept the risk, you can bypass this check.
Alternatively, you may use the --force option to ignore this check entirely.

Continue anyway?
------------------------------------------------------
------------------------------------------------------
Unattended mode, not prompting for confirmation
------------------------------------------------------
Executing cabextract -q --directory=/home/asdf/projects/csp-wine/state/prefix/dosdevices/c:/windows/temp/win64 /home/asdf/.cache/winetricks/vcrun2022/vc_redist.x64.exe -F a11
Executing cabextract -q --directory=/home/asdf/projects/csp-wine/state/prefix/dosdevices/c:/windows/system32 /home/asdf/projects/csp-wine/state/prefix/dosdevices/c:/windows/temp/win64/a11 -F msvcp140.dll
/home/asdf/projects/csp-wine/state/prefix/dosdevices/c:/windows/temp/win64/a11: WARNING; possible 10368 extra bytes at end of file.
Executing wine vc_redist.x64.exe /q
[mkprefix] wine-gecko (MSHTML) so IE-based UI renders instead of a blank page
Executing cd /usr/bin
winetricks latest version check update disabled in the Debian package for privacy reasons.
You may enable it by setting WINETRICKS_LATEST_VERSION_CHECK=enabled or creating /home/asdf/.config/winetricks/enable-latest-version-check
------------------------------------------------------
warning: You are using a 64-bit WINEPREFIX. Note that many verbs only install 32-bit versions of packages. If you encounter problems, please retest in a clean 32-bit WINEPREFIX before reporting a bug.
------------------------------------------------------
------------------------------------------------------
warning: You appear to be using Wine's new wow64 mode. Note that this is EXPERIMENTAL and not yet fully supported. If reporting an issue, be sure to mention this.
------------------------------------------------------
Using winetricks 20250102 - sha256sum: 9df4af038f04c753f3b0b02817cf60a51d8eac32357d070c45dfd139b93bd3f5 with wine-11.18 and WINEARCH=win64
Unknown arg gecko
Usage: /usr/bin/winetricks [options] [command|verb|path-to-verb] ...
Executes given verbs.  Each verb installs an application or changes a setting.

Options:
    --country=CC      Set country code to CC and don't detect your IP address
-f, --force           Don't check whether packages were already installed
    --gui             Show gui diagnostics even when driven by commandline
    --gui=OPT         Set OPT to kdialog or zenity to override GUI engine
    --isolate         Install each app or game in its own bottle (WINEPREFIX)
    --self-update     Update this application to the last version (non-Debian)
    --update-rollback Rollback the last self update
    --no-clean        Don't delete temp directories (useful during debugging)
    --optin           Opt in to reporting which verbs you use to the Winetricks maintainers
    --optout          Opt out of reporting which verbs you use to the Winetricks maintainers
-q, --unattended      Don't ask any questions, just install automatically
-t  --torify          Run downloads under torify, if available
    --verify          Run (automated) GUI tests for verbs, if available
-v, --verbose         Echo all commands as they are executed
-h, --help            Display this message and exit
-V, --version         Display version and exit

Commands:
list                  list categories
list-all              list all categories and their verbs
apps list             list verbs in category 'applications'
benchmarks list       list verbs in category 'benchmarks'
dlls list             list verbs in category 'dlls'
fonts list            list verbs in category 'fonts'
settings list         list verbs in category 'settings'
list-cached           list cached-and-ready-to-install verbs
list-download         list verbs which download automatically
list-manual-download  list verbs which download with some help from the user
list-installed        list already-installed verbs
arch=32|64            create wineprefix with 32 or 64 bit, this option must be
                      given before prefix=foobar and will not work in case of
                      the default wineprefix.
prefix=foobar         select WINEPREFIX=/home/asdf/.local/share/wineprefixes/foobar
annihilate            Delete ALL DATA AND APPLICATIONS INSIDE THIS WINEPREFIX
[mkprefix] gecko: failed (continuing)
[mkprefix] dxvk + vkd3d
Executing cd /usr/bin
winetricks latest version check update disabled in the Debian package for privacy reasons.
You may enable it by setting WINETRICKS_LATEST_VERSION_CHECK=enabled or creating /home/asdf/.config/winetricks/enable-latest-version-check
------------------------------------------------------
warning: You are using a 64-bit WINEPREFIX. Note that many verbs only install 32-bit versions of packages. If you encounter problems, please retest in a clean 32-bit WINEPREFIX before reporting a bug.
------------------------------------------------------
------------------------------------------------------
warning: You appear to be using Wine's new wow64 mode. Note that this is EXPERIMENTAL and not yet fully supported. If reporting an issue, be sure to mention this.
------------------------------------------------------
Using winetricks 20250102 - sha256sum: 9df4af038f04c753f3b0b02817cf60a51d8eac32357d070c45dfd139b93bd3f5 with wine-11.18 and WINEARCH=win64
Executing w_do_call dxvk
------------------------------------------------------
warning: You are using a 64-bit WINEPREFIX. Note that many verbs only install 32-bit versions of packages. If you encounter problems, please retest in a clean 32-bit WINEPREFIX before reporting a bug.
------------------------------------------------------
------------------------------------------------------
warning: You appear to be using Wine's new wow64 mode. Note that this is EXPERIMENTAL and not yet fully supported. If reporting an issue, be sure to mention this.
------------------------------------------------------
Executing load_dxvk 
Executing rm -f /home/asdf/projects/csp-wine/state/tmp/winetricks.558ySW0M/release.json
Executing mkdir -p /home/asdf/.cache/winetricks/dxvk
Executing cd /home/asdf/.cache/winetricks/dxvk
Downloading https://github.com/doitsujin/dxvk/releases/download/v3.1.1/dxvk-3.1.1.tar.gz to /home/asdf/.cache/winetricks/dxvk
--2026-10-03 19:13:50--  https://github.com/doitsujin/dxvk/releases/download/v3.1.1/dxvk-3.1.1.tar.gz
Resolving github.com (github.com)... 140.82.113.4
Connecting to github.com (github.com)|140.82.113.4|:443... connected.
HTTP request sent, awaiting response... 302 Found
Location: https://release-assets.githubusercontent.com/github-production-release-asset/106558568/b3b15c2c-f26b-4a99-9c0f-11a51cb0c808?sp=r&sv=2018-11-09&sr=b&spr=https&se=2026-10-04T01%3A00%3A58Z&rscd=attachment%3B+filename%3Ddxvk-3.1.1.tar.gz&rsct=application%2Foctet-stream&skoid=96c2d410-5711-43a1-aedd-ab1947aa7ab0&sktid=398a6654-997b-47e9-b12b-9515b896b4de&skt=2026-10-04T00%3A00%3A33Z&ske=2026-10-04T01%3A00%3A58Z&sks=b&skv=2018-11-09&sig=UOAl0jqCSOUDrfezlxiAPpIUiPCeRnCVO2MVUNqPV8Y%3D&jwt=eyJ0eXAiOiJKV1QiLCJhbGciOiJIUzI1NiJ9.eyJpc3MiOiJnaXRodWIuY29tIiwiYXVkIjoicmVsZWFzZS1hc3NldHMuZ2l0aHVidXNlcmNvbnRlbnQuY29tIiwia2V5Ijoia2V5MSIsImV4cCI6MTc5MTA3NDYzMSwibmJmIjoxNzkxMDcyODMxLCJwYXRoIjoicmVsZWFzZWFzc2V0cHJvZHVjdGlvbi5ibG9iLmNvcmUud2luZG93cy5uZXQifQ.FjffTaHJAnuLNwiJZFjw0JVxVBwiJ3PeF4-mK2z7Ev0&response-content-disposition=attachment%3B%20filename%3Ddxvk-3.1.1.tar.gz&response-content-type=application%2Foctet-stream [following]
--2026-10-03 19:13:51--  https://release-assets.githubusercontent.com/github-production-release-asset/106558568/b3b15c2c-f26b-4a99-9c0f-11a51cb0c808?sp=r&sv=2018-11-09&sr=b&spr=https&se=2026-10-04T01%3A00%3A58Z&rscd=attachment%3B+filename%3Ddxvk-3.1.1.tar.gz&rsct=application%2Foctet-stream&skoid=96c2d410-5711-43a1-aedd-ab1947aa7ab0&sktid=398a6654-997b-47e9-b12b-9515b896b4de&skt=2026-10-04T00%3A00%3A33Z&ske=2026-10-04T01%3A00%3A58Z&sks=b&skv=2018-11-09&sig=UOAl0jqCSOUDrfezlxiAPpIUiPCeRnCVO2MVUNqPV8Y%3D&jwt=eyJ0eXAiOiJKV1QiLCJhbGciOiJIUzI1NiJ9.eyJpc3MiOiJnaXRodWIuY29tIiwiYXVkIjoicmVsZWFzZS1hc3NldHMuZ2l0aHVidXNlcmNvbnRlbnQuY29tIiwia2V5Ijoia2V5MSIsImV4cCI6MTc5MTA3NDYzMSwibmJmIjoxNzkxMDcyODMxLCJwYXRoIjoicmVsZWFzZWFzc2V0cHJvZHVjdGlvbi5ibG9iLmNvcmUud2luZG93cy5uZXQifQ.FjffTaHJAnuLNwiJZFjw0JVxVBwiJ3PeF4-mK2z7Ev0&response-content-disposition=attachment%3B%20filename%3Ddxvk-3.1.1.tar.gz&response-content-type=application%2Foctet-stream
Resolving release-assets.githubusercontent.com (release-assets.githubusercontent.com)... 185.199.110.133, 185.199.108.133, 185.199.109.133, ...
Connecting to release-assets.githubusercontent.com (release-assets.githubusercontent.com)|185.199.110.133|:443... connected.
HTTP request sent, awaiting response... 200 OK
Length: 18041512 (17M) [application/octet-stream]
Saving to: ‘dxvk-3.1.1.tar.gz’

     0K .......... .......... .......... .......... ..........  0%  637K 28s
    50K .......... .......... .......... .......... ..........  0%  808K 25s
   100K .......... .......... .......... .......... ..........  0% 3.61M 18s
   150K .......... .......... .......... .......... ..........  1%  973K 18s
   200K .......... .......... .......... .......... ..........  1% 5.79M 15s
   250K .......... .......... .......... .......... ..........  1% 4.24M 13s
   300K .......... .......... .......... .......... ..........  1% 3.78M 12s
   350K .......... .......... .......... .......... ..........  2% 2.26M 11s
   400K .......... .......... .......... .......... ..........  2% 3.87M 10s
   450K .......... .......... .......... .......... ..........  2% 8.80M 10s
   500K .......... .......... .......... .......... ..........  3% 11.1M 9s
   550K .......... .......... .......... .......... ..........  3% 5.02M 8s
   600K .......... .......... .......... .......... ..........  3% 9.10M 8s
   650K .......... .......... .......... .......... ..........  3% 2.33M 8s
   700K .......... .......... .......... .......... ..........  4% 5.40M 7s
   750K .......... .......... .......... .......... ..........  4% 5.63M 7s
   800K .......... .......... .......... .......... ..........  4%  286M 7s
   850K .......... .......... .......... .......... ..........  5% 4.30M 6s
   900K .......... .......... .......... .......... ..........  5%  891M 6s
   950K .......... .......... .......... .......... ..........  5% 5.49M 6s
  1000K .......... .......... .......... .......... ..........  5% 13.6M 6s
  1050K .......... .......... .......... .......... ..........  6% 68.6M 5s
  1100K .......... .......... .......... .......... ..........  6% 4.66M 5s
  1150K .......... .......... .......... .......... ..........  6%  529M 5s
  1200K .......... .......... .......... .......... ..........  7% 3.77M 5s
  1250K .......... .......... .......... .......... ..........  7% 9.28M 5s
  1300K .......... .......... .......... .......... ..........  7% 8.21M 5s
  1350K .......... .......... .......... .......... ..........  7%  349M 5s
  1400K .......... .......... .......... .......... ..........  8% 7.55M 4s
  1450K .......... .......... .......... .......... ..........  8% 8.53M 4s
  1500K .......... .......... .......... .......... ..........  8% 8.58M 4s
  1550K .......... .......... .......... .......... ..........  9%  441M 4s
  1600K .......... .......... .......... .......... ..........  9% 8.65M 4s
  1650K .......... .......... .......... .......... ..........  9% 4.34M 4s
  1700K .......... .......... .......... .......... ..........  9% 8.14M 4s
  1750K .......... .......... .......... .......... .......... 10% 16.4M 4s
  1800K .......... .......... .......... .......... .......... 10%  606M 4s
  1850K .......... .......... .......... .......... .......... 10% 6.94M 4s
  1900K .......... .......... .......... .......... .......... 11%  283M 4s
  1950K .......... .......... .......... .......... .......... 11% 8.16M 4s
  2000K .......... .......... .......... .......... .......... 11% 7.67M 3s
  2050K .......... .......... .......... .......... .......... 11% 70.1M 3s
  2100K .......... .......... .......... .......... .......... 12% 6.36M 3s
  2150K .......... .......... .......... .......... .......... 12%  109M 3s
  2200K .......... .......... .......... .......... .......... 12% 6.80M 3s
  2250K .......... .......... .......... .......... .......... 13%  153M 3s
  2300K .......... .......... .......... .......... .......... 13% 9.92M 3s
  2350K .......... .......... .......... .......... .......... 13% 7.77M 3s
  2400K .......... .......... .......... .......... .......... 13%  516M 3s
  2450K .......... .......... .......... .......... .......... 14% 8.37M 3s
  2500K .......... .......... .......... .......... .......... 14% 8.98M 3s
  2550K .......... .......... .......... .......... .......... 14% 7.94M 3s
  2600K .......... .......... .......... .......... .......... 15% 4.96M 3s
  2650K .......... .......... .......... .......... .......... 15%  209M 3s
  2700K .......... .......... .......... .......... .......... 15% 8.03M 3s
  2750K .......... .......... .......... .......... .......... 15% 7.94M 3s
  2800K .......... .......... .......... .......... .......... 16% 12.3M 3s
  2850K .......... .......... .......... .......... .......... 16%  118M 3s
  2900K .......... .......... .......... .......... .......... 16% 5.64M 3s
  2950K .......... .......... .......... .......... .......... 17% 36.2M 3s
  3000K .......... .......... .......... .......... .......... 17% 8.24M 3s
  3050K .......... .......... .......... .......... .......... 17%  328M 3s
  3100K .......... .......... .......... .......... .......... 17% 8.92M 3s
  3150K .......... .......... .......... .......... .......... 18% 8.58M 3s
  3200K .......... .......... .......... .......... .......... 18%  347M 2s
  3250K .......... .......... .......... .......... .......... 18% 8.30M 2s
  3300K .......... .......... .......... .......... .......... 19% 7.60M 2s
  3350K .......... .......... .......... .......... .......... 19% 6.06M 2s
  3400K .......... .......... .......... .......... .......... 19%  102M 2s
  3450K .......... .......... .......... .......... .......... 19% 33.6M 2s
  3500K .......... .......... .......... .......... .......... 20% 7.43M 2s
  3550K .......... .......... .......... .......... .......... 20% 8.70M 2s
  3600K .......... .......... .......... .......... .......... 20% 32.0M 2s
  3650K .......... .......... .......... .......... .......... 21% 12.7M 2s
  3700K .......... .......... .......... .......... .......... 21% 8.03M 2s
  3750K .......... .......... .......... .......... .......... 21%  341M 2s
  3800K .......... .......... .......... .......... .......... 21% 2.24M 2s
  3850K .......... .......... .......... .......... .......... 22% 11.3M 2s
  3900K .......... .......... .......... .......... .......... 22% 11.7M 2s
  3950K .......... .......... .......... .......... .......... 22% 7.87M 2s
  4000K .......... .......... .......... .......... .......... 22% 8.55M 2s
  4050K .......... .......... .......... .......... .......... 23% 73.5M 2s
  4100K .......... .......... .......... .......... .......... 23% 9.11M 2s
  4150K .......... .......... .......... .......... .......... 23% 6.99M 2s
  4200K .......... .......... .......... .......... .......... 24%  276M 2s
  4250K .......... .......... .......... .......... .......... 24% 21.3M 2s
  4300K .......... .......... .......... .......... .......... 24% 8.57M 2s
  4350K .......... .......... .......... .......... .......... 24% 7.19M 2s
  4400K .......... .......... .......... .......... .......... 25% 21.1M 2s
  4450K .......... .......... .......... .......... .......... 25% 26.8M 2s
  4500K .......... .......... .......... .......... .......... 25% 8.57M 2s
  4550K .......... .......... .......... .......... .......... 26% 7.99M 2s
  4600K .......... .......... .......... .......... .......... 26% 7.70M 2s
  4650K .......... .......... .......... .......... .......... 26%  119M 2s
  4700K .......... .......... .......... .......... .......... 26% 6.69M 2s
  4750K .......... .......... .......... .......... .......... 27% 11.4M 2s
  4800K .......... .......... .......... .......... .......... 27% 61.5M 2s
  4850K .......... .......... .......... .......... .......... 27% 9.56M 2s
  4900K .......... .......... .......... .......... .......... 28% 4.53M 2s
  4950K .......... .......... .......... .......... .......... 28%  410M 2s
  5000K .......... .......... .......... .......... .......... 28% 4.33M 2s
  5050K .......... .......... .......... .......... .......... 28% 8.75M 2s
  5100K .......... .......... .......... .......... .......... 29% 7.40M 2s
  5150K .......... .......... .......... .......... .......... 29%  220M 2s
  5200K .......... .......... .......... .......... .......... 29% 7.80M 2s
  5250K .......... .......... .......... .......... .......... 30% 8.86M 2s
  5300K .......... .......... .......... .......... .......... 30%  111M 2s
  5350K .......... .......... .......... .......... .......... 30% 8.61M 2s
  5400K .......... .......... .......... .......... .......... 30% 8.80M 2s
  5450K .......... .......... .......... .......... .......... 31% 8.67M 2s
  5500K .......... .......... .......... .......... .......... 31%  664M 2s
  5550K .......... .......... .......... .......... .......... 31% 7.88M 2s
  5600K .......... .......... .......... .......... .......... 32% 7.15M 2s
  5650K .......... .......... .......... .......... .......... 32%  188M 2s
  5700K .......... .......... .......... .......... .......... 32% 7.47M 2s
  5750K .......... .......... .......... .......... .......... 32% 8.62M 2s
  5800K .......... .......... .......... .......... .......... 33% 54.0M 2s
  5850K .......... .......... .......... .......... .......... 33% 7.93M 2s
  5900K .......... .......... .......... .......... .......... 33% 8.09M 2s
  5950K .......... .......... .......... .......... .......... 34%  171M 2s
  6000K .......... .......... .......... .......... .......... 34% 9.01M 2s
  6050K .......... .......... .......... .......... .......... 34% 8.15M 2s
  6100K .......... .......... .......... .......... .......... 34%  617M 2s
  6150K .......... .......... .......... .......... .......... 35% 5.51M 2s
  6200K .......... .......... .......... .......... .......... 35%  862M 2s
  6250K .......... .......... .......... .......... .......... 35% 6.56M 2s
  6300K .......... .......... .......... .......... .......... 36%  182M 2s
  6350K .......... .......... .......... .......... .......... 36% 7.93M 1s
  6400K .......... .......... .......... .......... .......... 36% 7.20M 1s
  6450K .......... .......... .......... .......... .......... 36% 9.73M 1s
  6500K .......... .......... .......... .......... .......... 37%  188M 1s
  6550K .......... .......... .......... .......... .......... 37% 8.04M 1s
  6600K .......... .......... .......... .......... .......... 37% 8.57M 1s
  6650K .......... .......... .......... .......... .......... 38%  461M 1s
  6700K .......... .......... .......... .......... .......... 38% 8.57M 1s
  6750K .......... .......... .......... .......... .......... 38% 7.69M 1s
  6800K .......... .......... .......... .......... .......... 38% 80.7M 1s
  6850K .......... .......... .......... .......... .......... 39% 8.30M 1s
  6900K .......... .......... .......... .......... .......... 39% 8.70M 1s
  6950K .......... .......... .......... .......... .......... 39%  292M 1s
  7000K .......... .......... .......... .......... .......... 40% 8.86M 1s
  7050K .......... .......... .......... .......... .......... 40% 7.85M 1s
  7100K .......... .......... .......... .......... .......... 40%  471M 1s
  7150K .......... .......... .......... .......... .......... 40% 7.41M 1s
  7200K .......... .......... .......... .......... .......... 41% 7.76M 1s
  7250K .......... .......... .......... .......... .......... 41% 74.1M 1s
  7300K .......... .......... .......... .......... .......... 41% 9.22M 1s
  7350K .......... .......... .......... .......... .......... 42% 8.32M 1s
  7400K .......... .......... .......... .......... .......... 42%  275M 1s
  7450K .......... .......... .......... .......... .......... 42% 8.19M 1s
  7500K .......... .......... .......... .......... .......... 42% 7.58M 1s
  7550K .......... .......... .......... .......... .......... 43%  549M 1s
  7600K .......... .......... .......... .......... .......... 43% 8.49M 1s
  7650K .......... .......... .......... .......... .......... 43% 8.31M 1s
  7700K .......... .......... .......... .......... .......... 43% 8.62M 1s
  7750K .......... .......... .......... .......... .......... 44% 69.3M 1s
  7800K .......... .......... .......... .......... .......... 44% 8.89M 1s
  7850K .......... .......... .......... .......... .......... 44% 74.4M 1s
  7900K .......... .......... .......... .......... .......... 45% 8.63M 1s
  7950K .......... .......... .......... .......... .......... 45% 9.52M 1s
  8000K .......... .......... .......... .......... .......... 45% 7.95M 1s
  8050K .......... .......... .......... .......... .......... 45%  428M 1s
  8100K .......... .......... .......... .......... .......... 46% 7.85M 1s
  8150K .......... .......... .......... .......... .......... 46% 8.36M 1s
  8200K .......... .......... .......... .......... .......... 46%  420M 1s
  8250K .......... .......... .......... .......... .......... 47% 8.13M 1s
  8300K .......... .......... .......... .......... .......... 47%  403M 1s
  8350K .......... .......... .......... .......... .......... 47% 6.88M 1s
  8400K .......... .......... .......... .......... .......... 47% 9.12M 1s
  8450K .......... .......... .......... .......... .......... 48% 82.6M 1s
  8500K .......... .......... .......... .......... .......... 48% 9.07M 1s
  8550K .......... .......... .......... .......... .......... 48% 9.34M 1s
  8600K .......... .......... .......... .......... .......... 49% 8.20M 1s
  8650K .......... .......... .......... .......... .......... 49%  276M 1s
  8700K .......... .......... .......... .......... .......... 49% 8.91M 1s
  8750K .......... .......... .......... .......... .......... 49%  265M 1s
  8800K .......... .......... .......... .......... .......... 50% 7.59M 1s
  8850K .......... .......... .......... .......... .......... 50% 8.87M 1s
  8900K .......... .......... .......... .......... .......... 50%  515M 1s
  8950K .......... .......... .......... .......... .......... 51% 7.55M 1s
  9000K .......... .......... .......... .......... .......... 51%  463M 1s
  9050K .......... .......... .......... .......... .......... 51% 8.36M 1s
  9100K .......... .......... .......... .......... .......... 51% 7.62M 1s
  9150K .......... .......... .......... .......... .......... 52%  401M 1s
  9200K .......... .......... .......... .......... .......... 52% 8.89M 1s
  9250K .......... .......... .......... .......... .......... 52%  233M 1s
  9300K .......... .......... .......... .......... .......... 53% 8.95M 1s
  9350K .......... .......... .......... .......... .......... 53% 7.91M 1s
  9400K .......... .......... .......... .......... .......... 53%  371M 1s
  9450K .......... .......... .......... .......... .......... 53% 7.81M 1s
  9500K .......... .......... .......... .......... .......... 54% 8.46M 1s
  9550K .......... .......... .......... .......... .......... 54%  555M 1s
  9600K .......... .......... .......... .......... .......... 54% 8.75M 1s
  9650K .......... .......... .......... .......... .......... 55%  675M 1s
  9700K .......... .......... .......... .......... .......... 55% 7.49M 1s
  9750K .......... .......... .......... .......... .......... 55% 8.75M 1s
  9800K .......... .......... .......... .......... .......... 55%  207M 1s
  9850K .......... .......... .......... .......... .......... 56% 8.15M 1s
  9900K .......... .......... .......... .......... .......... 56% 79.5M 1s
  9950K .......... .......... .......... .......... .......... 56% 7.82M 1s
 10000K .......... .......... .......... .......... .......... 57% 9.18M 1s
 10050K .......... .......... .......... .......... .......... 57%  213M 1s
 10100K .......... .......... .......... .......... .......... 57% 8.57M 1s
 10150K .......... .......... .......... .......... .......... 57%  531M 1s
 10200K .......... .......... .......... .......... .......... 58% 8.17M 1s
 10250K .......... .......... .......... .......... .......... 58% 8.64M 1s
 10300K .......... .......... .......... .......... .......... 58%  486M 1s
 10350K .......... .......... .......... .......... .......... 59% 8.74M 1s
 10400K .......... .......... .......... .......... .......... 59% 8.80M 1s
 10450K .......... .......... .......... .......... .......... 59%  338M 1s
 10500K .......... .......... .......... .......... .......... 59% 8.94M 1s
 10550K .......... .......... .......... .......... .......... 60%  342M 1s
 10600K .......... .......... .......... .......... .......... 60% 8.41M 1s
 10650K .......... .......... .......... .......... .......... 60% 9.68M 1s
 10700K .......... .......... .......... .......... .......... 61%  482M 1s
 10750K .......... .......... .......... .......... .......... 61% 9.11M 1s
 10800K .......... .......... .......... .......... .......... 61%  532M 1s
 10850K .......... .......... .......... .......... .......... 61% 9.53M 1s
 10900K .......... .......... .......... .......... .......... 62%  684M 1s
 10950K .......... .......... .......... .......... .......... 62% 8.69M 1s
 11000K .......... .......... .......... .......... .......... 62%  335M 1s
 11050K .......... .......... .......... .......... .......... 63% 9.44M 1s
 11100K .......... .......... .......... .......... .......... 63%  458M 1s
 11150K .......... .......... .......... .......... .......... 63% 9.59M 1s
 11200K .......... .......... .......... .......... .......... 63% 7.70M 1s
 11250K .......... .......... .......... .......... .......... 64% 13.5M 1s
 11300K .......... .......... .......... .......... .......... 64%  431M 1s
 11350K .......... .......... .......... .......... .......... 64% 8.75M 1s
 11400K .......... .......... .......... .......... .......... 64%  606M 1s
 11450K .......... .......... .......... .......... .......... 65% 9.43M 1s
 11500K .......... .......... .......... .......... .......... 65%  477M 1s
 11550K .......... .......... .......... .......... .......... 65% 8.82M 1s
 11600K .......... .......... .......... .......... .......... 66% 9.18M 1s
 11650K .......... .......... .......... .......... .......... 66%  443M 1s
 11700K .......... .......... .......... .......... .......... 66% 7.09M 1s
 11750K .......... .......... .......... .......... .......... 66%  397M 1s
 11800K .......... .......... .......... .......... .......... 67% 9.91M 1s
 11850K .......... .......... .......... .......... .......... 67%  264M 1s
 11900K .......... .......... .......... .......... .......... 67% 8.64M 1s
 11950K .......... .......... .......... .......... .......... 68%  305M 1s
 12000K .......... .......... .......... .......... .......... 68% 9.49M 1s
 12050K .......... .......... .......... .......... .......... 68%  414M 1s
 12100K .......... .......... .......... .......... .......... 68% 9.23M 1s
 12150K .......... .......... .......... .......... .......... 69% 9.32M 1s
 12200K .......... .......... .......... .......... .......... 69% 94.7M 1s
 12250K .......... .......... .......... .......... .......... 69% 10.4M 1s
 12300K .......... .......... .......... .......... .......... 70% 79.7M 1s
 12350K .......... .......... .......... .......... .......... 70% 9.85M 1s
 12400K .......... .......... .......... .......... .......... 70%  102M 1s
 12450K .......... .......... .......... .......... .......... 70% 10.1M 1s
 12500K .......... .......... .......... .......... .......... 71%  103M 1s
 12550K .......... .......... .......... .......... .......... 71% 9.88M 1s
 12600K .......... .......... .......... .......... .......... 71% 8.47M 1s
 12650K .......... .......... .......... .......... .......... 72% 89.1M 1s
 12700K .......... .......... .......... .......... .......... 72% 10.9M 1s
 12750K .......... .......... .......... .......... .......... 72%  263M 0s
 12800K .......... .......... .......... .......... .......... 72% 14.5M 0s
 12850K .......... .......... .......... .......... .......... 73% 74.5M 0s
 12900K .......... .......... .......... .......... .......... 73% 10.5M 0s
 12950K .......... .......... .......... .......... .......... 73% 9.95M 0s
 13000K .......... .......... .......... .......... .......... 74% 11.3M 0s
 13050K .......... .......... .......... .......... .......... 74%  837M 0s
 13100K .......... .......... .......... .......... .......... 74% 11.9M 0s
 13150K .......... .......... .......... .......... .......... 74% 12.3M 0s
 13200K .......... .......... .......... .......... .......... 75%  312M 0s
 13250K .......... .......... .......... .......... .......... 75% 7.23M 0s
 13300K .......... .......... .......... .......... .......... 75%  580M 0s
 13350K .......... .......... .......... .......... .......... 76% 19.5M 0s
 13400K .......... .......... .......... .......... .......... 76% 9.13M 0s
 13450K .......... .......... .......... .......... .......... 76%  185M 0s
 13500K .......... .......... .......... .......... .......... 76% 10.2M 0s
 13550K .......... .......... .......... .......... .......... 77%  107M 0s
 13600K .......... .......... .......... .......... .......... 77% 11.1M 0s
 13650K .......... .......... .......... .......... .......... 77% 17.9M 0s
 13700K .......... .......... .......... .......... .......... 78% 96.5M 0s
 13750K .......... .......... .......... .......... .......... 78% 8.77M 0s
 13800K .......... .......... .......... .......... .......... 78% 96.6M 0s
 13850K .......... .......... .......... .......... .......... 78% 12.5M 0s
 13900K .......... .......... .......... .......... .......... 79% 10.3M 0s
 13950K .......... .......... .......... .......... .......... 79%  392M 0s
 14000K .......... .......... .......... .......... .......... 79% 10.5M 0s
 14050K .......... .......... .......... .......... .......... 80%  433M 0s
 14100K .......... .......... .......... .......... .......... 80% 9.48M 0s
 14150K .......... .......... .......... .......... .......... 80%  363M 0s
 14200K .......... .......... .......... .......... .......... 80% 9.71M 0s
 14250K .......... .......... .......... .......... .......... 81%  341M 0s
 14300K .......... .......... .......... .......... .......... 81% 17.5M 0s
 14350K .......... .......... .......... .......... .......... 81%  982K 0s
 14400K .......... .......... .......... .......... .......... 82% 8.27M 0s
 14450K .......... .......... .......... .......... .......... 82%  436M 0s
 14500K .......... .......... .......... .......... .......... 82% 6.98M 0s
 14550K .......... .......... .......... .......... .......... 82%  244M 0s
 14600K .......... .......... .......... .......... .......... 83% 7.16M 0s
 14650K .......... .......... .......... .......... .......... 83% 97.2M 0s
 14700K .......... .......... .......... .......... .......... 83% 10.8M 0s
 14750K .......... .......... .......... .......... .......... 84% 92.4M 0s
 14800K .......... .......... .......... .......... .......... 84% 10.9M 0s
 14850K .......... .......... .......... .......... .......... 84% 98.4M 0s
 14900K .......... .......... .......... .......... .......... 84% 11.4M 0s
 14950K .......... .......... .......... .......... .......... 85%  152M 0s
 15000K .......... .......... .......... .......... .......... 85% 12.4M 0s
 15050K .......... .......... .......... .......... .......... 85%  324M 0s
 15100K .......... .......... .......... .......... .......... 85% 3.85M 0s
 15150K .......... .......... .......... .......... .......... 86% 8.04M 0s
 15200K .......... .......... .......... .......... .......... 86%  221M 0s
 15250K .......... .......... .......... .......... .......... 86% 6.82M 0s
 15300K .......... .......... .......... .......... .......... 87%  670M 0s
 15350K .......... .......... .......... .......... .......... 87% 4.95M 0s
 15400K .......... .......... .......... .......... .......... 87%  483M 0s
 15450K .......... .......... .......... .......... .......... 87% 6.79M 0s
 15500K .......... .......... .......... .......... .......... 88%  227M 0s
 15550K .......... .......... .......... .......... .......... 88% 8.73M 0s
 15600K .......... .......... .......... .......... .......... 88% 65.1M 0s
 15650K .......... .......... .......... .......... .......... 89% 10.8M 0s
 15700K .......... .......... .......... .......... .......... 89%  224M 0s
 15750K .......... .......... .......... .......... .......... 89% 5.88M 0s
 15800K .......... .......... .......... .......... .......... 89%  103M 0s
 15850K .......... .......... .......... .......... .......... 90% 6.08M 0s
 15900K .......... .......... .......... .......... .......... 90%  279M 0s
 15950K .......... .......... .......... .......... .......... 90% 6.93M 0s
 16000K .......... .......... .......... .......... .......... 91% 5.33M 0s
 16050K .......... .......... .......... .......... .......... 91%  211M 0s
 16100K .......... .......... .......... .......... .......... 91% 4.53M 0s
 16150K .......... .......... .......... .......... .......... 91%  636M 0s
 16200K .......... .......... .......... .......... .......... 92% 5.22M 0s
 16250K .......... .......... .......... .......... .......... 92% 4.73M 0s
 16300K .......... .......... .......... .......... .......... 92%  125M 0s
 16350K .......... .......... .......... .......... .......... 93% 8.81M 0s
 16400K .......... .......... .......... .......... .......... 93% 84.6M 0s
 16450K .......... .......... .......... .......... .......... 93% 7.62M 0s
 16500K .......... .......... .......... .......... .......... 93% 42.9M 0s
 16550K .......... .......... .......... .......... .......... 94% 12.4M 0s
 16600K .......... .......... .......... .......... .......... 94% 7.34M 0s
 16650K .......... .......... .......... .......... .......... 94%  489M 0s
 16700K .......... .......... .......... .......... .......... 95% 4.77M 0s
 16750K .......... .......... .......... .......... .......... 95% 8.19M 0s
 16800K .......... .......... .......... .......... .......... 95%  218M 0s
 16850K .......... .......... .......... .......... .......... 95% 6.65M 0s
 16900K .......... .......... .......... .......... .......... 96% 12.5M 0s
 16950K .......... .......... .......... .......... .......... 96% 91.4M 0s
 17000K .......... .......... .......... .......... .......... 96% 6.59M 0s
 17050K .......... .......... .......... .......... .......... 97% 8.90M 0s
 17100K .......... .......... .......... .......... .......... 97%  491M 0s
 17150K .......... .......... .......... .......... .......... 97% 7.33M 0s
 17200K .......... .......... .......... .......... .......... 97%  381M 0s
 17250K .......... .......... .......... .......... .......... 98% 8.95M 0s
 17300K .......... .......... .......... .......... .......... 98%  481M 0s
 17350K .......... .......... .......... .......... .......... 98% 7.22M 0s
 17400K .......... .......... .......... .......... .......... 99% 38.6M 0s
 17450K .......... .......... .......... .......... .......... 99% 6.80M 0s
 17500K .......... .......... .......... .......... .......... 99% 58.6M 0s
 17550K .......... .......... .......... .......... .......... 99% 28.8M 0s
 17600K .......... ........                                   100%  110M=1.7s

2026-10-03 19:13:53 (10.1 MB/s) - ‘dxvk-3.1.1.tar.gz’ saved [18041512/18041512]

Executing cd /home/asdf/projects/csp-wine
------------------------------------------------------
warning: Please refer to dxvk version 3.1.1 release notes... See: https://github.com/doitsujin/dxvk/releases/tag/v3.1.1
------------------------------------------------------
------------------------------------------------------
warning: Please refer to current dxvk base graphics driver requirements... See: https://github.com/doitsujin/dxvk/wiki/Driver-support
------------------------------------------------------
Executing tar -C /home/asdf/projects/csp-wine/state/prefix/dosdevices/c:/windows/temp -zxf /home/asdf/.cache/winetricks/dxvk/dxvk-3.1.1.tar.gz
Executing mv /home/asdf/projects/csp-wine/state/prefix/dosdevices/c:/windows/temp/dxvk-3.1.1/x32/dxgi.dll /home/asdf/projects/csp-wine/state/prefix/dosdevices/c:/windows/syswow64/
Executing mv /home/asdf/projects/csp-wine/state/prefix/dosdevices/c:/windows/temp/dxvk-3.1.1/x32/d3d8.dll /home/asdf/projects/csp-wine/state/prefix/dosdevices/c:/windows/syswow64/
Executing mv /home/asdf/projects/csp-wine/state/prefix/dosdevices/c:/windows/temp/dxvk-3.1.1/x32/d3d9.dll /home/asdf/projects/csp-wine/state/prefix/dosdevices/c:/windows/syswow64/
Executing mv /home/asdf/projects/csp-wine/state/prefix/dosdevices/c:/windows/temp/dxvk-3.1.1/x32/d3d10core.dll /home/asdf/projects/csp-wine/state/prefix/dosdevices/c:/windows/syswow64/
Executing mv /home/asdf/projects/csp-wine/state/prefix/dosdevices/c:/windows/temp/dxvk-3.1.1/x32/d3d11.dll /home/asdf/projects/csp-wine/state/prefix/dosdevices/c:/windows/syswow64/
Executing mv /home/asdf/projects/csp-wine/state/prefix/dosdevices/c:/windows/temp/dxvk-3.1.1/x64/dxgi.dll /home/asdf/projects/csp-wine/state/prefix/dosdevices/c:/windows/system32/
Executing mv /home/asdf/projects/csp-wine/state/prefix/dosdevices/c:/windows/temp/dxvk-3.1.1/x64/d3d8.dll /home/asdf/projects/csp-wine/state/prefix/dosdevices/c:/windows/system32/
Executing mv /home/asdf/projects/csp-wine/state/prefix/dosdevices/c:/windows/temp/dxvk-3.1.1/x64/d3d9.dll /home/asdf/projects/csp-wine/state/prefix/dosdevices/c:/windows/system32/
Executing mv /home/asdf/projects/csp-wine/state/prefix/dosdevices/c:/windows/temp/dxvk-3.1.1/x64/d3d10core.dll /home/asdf/projects/csp-wine/state/prefix/dosdevices/c:/windows/system32/
Executing mv /home/asdf/projects/csp-wine/state/prefix/dosdevices/c:/windows/temp/dxvk-3.1.1/x64/d3d11.dll /home/asdf/projects/csp-wine/state/prefix/dosdevices/c:/windows/system32/
Using native override for following DLLs: dxgi d3d8 d3d9 d3d10core d3d11
Executing wine C:\windows\syswow64\regedit.exe /S C:\windows\Temp\override-dll.reg
libEGL warning: DRI3 error: Could not get DRI3 device
libEGL warning: Ensure your X server supports DRI3 to get accelerated rendering
Executing wine C:\windows\regedit.exe /S C:\windows\Temp\override-dll.reg
Executing w_do_call vkd3d
------------------------------------------------------
warning: You are using a 64-bit WINEPREFIX. Note that many verbs only install 32-bit versions of packages. If you encounter problems, please retest in a clean 32-bit WINEPREFIX before reporting a bug.
------------------------------------------------------
------------------------------------------------------
warning: You appear to be using Wine's new wow64 mode. Note that this is EXPERIMENTAL and not yet fully supported. If reporting an issue, be sure to mention this.
------------------------------------------------------
Executing load_vkd3d 
Executing rm -f /home/asdf/projects/csp-wine/state/tmp/winetricks.558ySW0M/release.json
Executing mkdir -p /home/asdf/.cache/winetricks/vkd3d
Executing cd /home/asdf/.cache/winetricks/vkd3d
Downloading https://github.com/HansKristian-Work/vkd3d-proton/releases/download/v3.0.1/vkd3d-proton-3.0.1.tar.zst to /home/asdf/.cache/winetricks/vkd3d
--2026-10-03 19:13:58--  https://github.com/HansKristian-Work/vkd3d-proton/releases/download/v3.0.1/vkd3d-proton-3.0.1.tar.zst
Resolving github.com (github.com)... 140.82.113.4
Connecting to github.com (github.com)|140.82.113.4|:443... connected.
HTTP request sent, awaiting response... 302 Found
Location: https://release-assets.githubusercontent.com/github-production-release-asset/209527239/9d7a8529-25ab-4314-b900-bf9a948cc091?sp=r&sv=2018-11-09&sr=b&spr=https&se=2026-10-04T00%3A58%3A08Z&rscd=attachment%3B+filename%3Dvkd3d-proton-3.0.1.tar.zst&rsct=application%2Foctet-stream&skoid=96c2d410-5711-43a1-aedd-ab1947aa7ab0&sktid=398a6654-997b-47e9-b12b-9515b896b4de&skt=2026-10-03T23%3A57%3A09Z&ske=2026-10-04T00%3A58%3A08Z&sks=b&skv=2018-11-09&sig=SORepMmevLdtk3iyhL9yYIiLtxDD0Dks%2Bj7W0Bx12Dg%3D&jwt=eyJ0eXAiOiJKV1QiLCJhbGciOiJIUzI1NiJ9.eyJpc3MiOiJnaXRodWIuY29tIiwiYXVkIjoicmVsZWFzZS1hc3NldHMuZ2l0aHVidXNlcmNvbnRlbnQuY29tIiwia2V5Ijoia2V5MSIsImV4cCI6MTc5MTA3MzEzOCwibmJmIjoxNzkxMDcyODM4LCJwYXRoIjoicmVsZWFzZWFzc2V0cHJvZHVjdGlvbi5ibG9iLmNvcmUud2luZG93cy5uZXQifQ.-W90Yy59qfdbfA5VACr1FO9JIVz_QJIz7438QG7qyI8&response-content-disposition=attachment%3B%20filename%3Dvkd3d-proton-3.0.1.tar.zst&response-content-type=application%2Foctet-stream [following]
--2026-10-03 19:13:58--  https://release-assets.githubusercontent.com/github-production-release-asset/209527239/9d7a8529-25ab-4314-b900-bf9a948cc091?sp=r&sv=2018-11-09&sr=b&spr=https&se=2026-10-04T00%3A58%3A08Z&rscd=attachment%3B+filename%3Dvkd3d-proton-3.0.1.tar.zst&rsct=application%2Foctet-stream&skoid=96c2d410-5711-43a1-aedd-ab1947aa7ab0&sktid=398a6654-997b-47e9-b12b-9515b896b4de&skt=2026-10-03T23%3A57%3A09Z&ske=2026-10-04T00%3A58%3A08Z&sks=b&skv=2018-11-09&sig=SORepMmevLdtk3iyhL9yYIiLtxDD0Dks%2Bj7W0Bx12Dg%3D&jwt=eyJ0eXAiOiJKV1QiLCJhbGciOiJIUzI1NiJ9.eyJpc3MiOiJnaXRodWIuY29tIiwiYXVkIjoicmVsZWFzZS1hc3NldHMuZ2l0aHVidXNlcmNvbnRlbnQuY29tIiwia2V5Ijoia2V5MSIsImV4cCI6MTc5MTA3MzEzOCwibmJmIjoxNzkxMDcyODM4LCJwYXRoIjoicmVsZWFzZWFzc2V0cHJvZHVjdGlvbi5ibG9iLmNvcmUud2luZG93cy5uZXQifQ.-W90Yy59qfdbfA5VACr1FO9JIVz_QJIz7438QG7qyI8&response-content-disposition=attachment%3B%20filename%3Dvkd3d-proton-3.0.1.tar.zst&response-content-type=application%2Foctet-stream
Resolving release-assets.githubusercontent.com (release-assets.githubusercontent.com)... 185.199.111.133, 185.199.108.133, 185.199.109.133, ...
Connecting to release-assets.githubusercontent.com (release-assets.githubusercontent.com)|185.199.111.133|:443... connected.
HTTP request sent, awaiting response... 200 OK
Length: 5163266 (4.9M) [application/octet-stream]
Saving to: ‘vkd3d-proton-3.0.1.tar.zst’

     0K .......... .......... .......... .......... ..........  0%  637K 8s
    50K .......... .......... .......... .......... ..........  1%  724K 7s
   100K .......... .......... .......... .......... ..........  2% 3.24M 5s
   150K .......... .......... .......... .......... ..........  3% 1.25M 5s
   200K .......... .......... .......... .......... ..........  4% 4.05M 4s
   250K .......... .......... .......... .......... ..........  5% 5.60M 4s
   300K .......... .......... .......... .......... ..........  6% 5.88M 3s
   350K .......... .......... .......... .......... ..........  7% 1.66M 3s
   400K .......... .......... .......... .......... ..........  8% 6.17M 3s
   450K .......... .......... .......... .......... ..........  9% 7.06M 2s
   500K .......... .......... .......... .......... .......... 10% 5.13M 2s
   550K .......... .......... .......... .......... .......... 11% 13.9M 2s
   600K .......... .......... .......... .......... .......... 12% 7.00M 2s
   650K .......... .......... .......... .......... .......... 13% 3.44M 2s
   700K .......... .......... .......... .......... .......... 14%  575M 2s
   750K .......... .......... .......... .......... .......... 15% 2.38M 2s
   800K .......... .......... .......... .......... .......... 16% 9.26M 2s
   850K .......... .......... .......... .......... .......... 17%  201M 2s
   900K .......... .......... .......... .......... .......... 18% 4.22M 1s
   950K .......... .......... .......... .......... .......... 19% 61.6M 1s
  1000K .......... .......... .......... .......... .......... 20% 7.39M 1s
  1050K .......... .......... .......... .......... .......... 21% 13.2M 1s
  1100K .......... .......... .......... .......... .......... 22%  684M 1s
  1150K .......... .......... .......... .......... .......... 23% 3.47M 1s
  1200K .......... .......... .......... .......... .......... 24% 7.79M 1s
  1250K .......... .......... .......... .......... .......... 25%  117M 1s
  1300K .......... .......... .......... .......... .......... 26% 4.22M 1s
  1350K .......... .......... .......... .......... .......... 27% 3.45M 1s
  1400K .......... .......... .......... .......... .......... 28%  110M 1s
  1450K .......... .......... .......... .......... .......... 29% 6.36M 1s
  1500K .......... .......... .......... .......... .......... 30%  213M 1s
  1550K .......... .......... .......... .......... .......... 31% 2.55M 1s
  1600K .......... .......... .......... .......... .......... 32% 43.4M 1s
  1650K .......... .......... .......... .......... .......... 33% 5.38M 1s
  1700K .......... .......... .......... .......... .......... 34% 6.93M 1s
  1750K .......... .......... .......... .......... .......... 35% 7.76M 1s
  1800K .......... .......... .......... .......... .......... 36%  182M 1s
  1850K .......... .......... .......... .......... .......... 37% 7.68M 1s
  1900K .......... .......... .......... .......... .......... 38% 9.95M 1s
  1950K .......... .......... .......... .......... .......... 39% 4.19M 1s
  2000K .......... .......... .......... .......... .......... 40% 98.9M 1s
  2050K .......... .......... .......... .......... .......... 41% 54.8M 1s
  2100K .......... .......... .......... .......... .......... 42% 7.37M 1s
  2150K .......... .......... .......... .......... .......... 43% 9.88M 1s
  2200K .......... .......... .......... .......... .......... 44% 33.1M 1s
  2250K .......... .......... .......... .......... .......... 45% 14.5M 1s
  2300K .......... .......... .......... .......... .......... 46% 35.8M 1s
  2350K .......... .......... .......... .......... .......... 47% 5.15M 1s
  2400K .......... .......... .......... .......... .......... 48% 95.5M 1s
  2450K .......... .......... .......... .......... .......... 49% 10.3M 1s
  2500K .......... .......... .......... .......... .......... 50% 7.97M 1s
  2550K .......... .......... .......... .......... .......... 51%  210M 0s
  2600K .......... .......... .......... .......... .......... 52% 9.43M 0s
  2650K .......... .......... .......... .......... .......... 53%  212M 0s
  2700K .......... .......... .......... .......... .......... 54% 10.0M 0s
  2750K .......... .......... .......... .......... .......... 55%  191M 0s
  2800K .......... .......... .......... .......... .......... 56% 8.29M 0s
  2850K .......... .......... .......... .......... .......... 57%  330M 0s
  2900K .......... .......... .......... .......... .......... 58% 9.61M 0s
  2950K .......... .......... .......... .......... .......... 59%  268M 0s
  3000K .......... .......... .......... .......... .......... 60% 8.90M 0s
  3050K .......... .......... .......... .......... .......... 61% 9.90M 0s
  3100K .......... .......... .......... .......... .......... 62% 80.0M 0s
  3150K .......... .......... .......... .......... .......... 63% 8.11M 0s
  3200K .......... .......... .......... .......... .......... 64% 59.2M 0s
  3250K .......... .......... .......... .......... .......... 65% 13.5M 0s
  3300K .......... .......... .......... .......... .......... 66%  124M 0s
  3350K .......... .......... .......... .......... .......... 67% 9.71M 0s
  3400K .......... .......... .......... .......... .......... 68%  174M 0s
  3450K .......... .......... .......... .......... .......... 69% 8.33M 0s
  3500K .......... .......... .......... .......... .......... 70% 9.96M 0s
  3550K .......... .......... .......... .......... .......... 71%  166M 0s
  3600K .......... .......... .......... .......... .......... 72% 9.10M 0s
  3650K .......... .......... .......... .......... .......... 73%  371M 0s
  3700K .......... .......... .......... .......... .......... 74% 8.38M 0s
  3750K .......... .......... .......... .......... .......... 75%  230M 0s
  3800K .......... .......... .......... .......... .......... 76% 8.76M 0s
  3850K .......... .......... .......... .......... .......... 77%  248M 0s
  3900K .......... .......... .......... .......... .......... 78% 9.53M 0s
  3950K .......... .......... .......... .......... .......... 79% 9.60M 0s
  4000K .......... .......... .......... .......... .......... 80% 63.1M 0s
  4050K .......... .......... .......... .......... .......... 81% 8.79M 0s
  4100K .......... .......... .......... .......... .......... 82% 41.2M 0s
  4150K .......... .......... .......... .......... .......... 83% 14.1M 0s
  4200K .......... .......... .......... .......... .......... 84%  101M 0s
  4250K .......... .......... .......... .......... .......... 85% 9.55M 0s
  4300K .......... .......... .......... .......... .......... 86%  165M 0s
  4350K .......... .......... .......... .......... .......... 87% 10.2M 0s
  4400K .......... .......... .......... .......... .......... 88% 9.81M 0s
  4450K .......... .......... .......... .......... .......... 89%  277M 0s
  4500K .......... .......... .......... .......... .......... 90% 9.24M 0s
  4550K .......... .......... .......... .......... .......... 91%  306M 0s
  4600K .......... .......... .......... .......... .......... 92% 9.14M 0s
  4650K .......... .......... .......... .......... .......... 93%  240M 0s
  4700K .......... .......... .......... .......... .......... 94% 8.75M 0s
  4750K .......... .......... .......... .......... .......... 95% 8.02M 0s
  4800K .......... .......... .......... .......... .......... 96% 81.0M 0s
  4850K .......... .......... .......... .......... .......... 97% 10.4M 0s
  4900K .......... .......... .......... .......... .......... 98% 81.9M 0s
  4950K .......... .......... .......... .......... .......... 99% 18.6M 0s
  5000K .......... .......... .......... .......... ..        100%  107M=0.7s

2026-10-03 19:13:59 (7.41 MB/s) - ‘vkd3d-proton-3.0.1.tar.zst’ saved [5163266/5163266]

Executing cd /home/asdf/projects/csp-wine
------------------------------------------------------
warning: Please refer to vkd3d-proton version 3.0.1 release notes... See: https://github.com/HansKristian-Work/vkd3d-proton/releases/tag/3.0.1
------------------------------------------------------
------------------------------------------------------
warning: Please refer to current vkd3d-proton base graphics driver requirements... See: https://github.com/HansKristian-Work/vkd3d-proton#drivers
------------------------------------------------------
Executing cd /home/asdf/projects/csp-wine/state/prefix/dosdevices/c:/windows/temp
Executing tar --use-compress-program=unzstd -xvf /home/asdf/.cache/winetricks/vkd3d/vkd3d-proton-3.0.1.tar.zst
vkd3d-proton-3.0.1/
vkd3d-proton-3.0.1/setup_vkd3d_proton.sh
vkd3d-proton-3.0.1/x86/
vkd3d-proton-3.0.1/x86/d3d12.dll
vkd3d-proton-3.0.1/x86/d3d12core.dll
vkd3d-proton-3.0.1/x64/
vkd3d-proton-3.0.1/x64/d3d12.dll
vkd3d-proton-3.0.1/x64/d3d12core.dll
Executing mv /home/asdf/projects/csp-wine/state/prefix/dosdevices/c:/windows/temp/vkd3d-proton-3.0.1/x86/d3d12.dll /home/asdf/projects/csp-wine/state/prefix/dosdevices/c:/windows/syswow64/
Executing mv /home/asdf/projects/csp-wine/state/prefix/dosdevices/c:/windows/temp/vkd3d-proton-3.0.1/x86/d3d12core.dll /home/asdf/projects/csp-wine/state/prefix/dosdevices/c:/windows/syswow64/
Executing mv /home/asdf/projects/csp-wine/state/prefix/dosdevices/c:/windows/temp/vkd3d-proton-3.0.1/x64/d3d12.dll /home/asdf/projects/csp-wine/state/prefix/dosdevices/c:/windows/system32/
Executing mv /home/asdf/projects/csp-wine/state/prefix/dosdevices/c:/windows/temp/vkd3d-proton-3.0.1/x64/d3d12core.dll /home/asdf/projects/csp-wine/state/prefix/dosdevices/c:/windows/system32/
Using native override for following DLLs: d3d12 d3d12core
Executing wine C:\windows\syswow64\regedit.exe /S C:\windows\Temp\override-dll.reg
Executing wine C:\windows\regedit.exe /S C:\windows\Temp\override-dll.reg
[mkprefix] dxvk.conf written (pipeline library off: CSP is OpenGL/Qt, not a D3D game)
[mkprefix] regs: DLL overrides + per-executable Windows versions
[mkprefix] regs: done
[mkprefix] prefix ready: /home/asdf/projects/csp-wine/state/prefix
