1: 0 2: 1033 3: 1252 
=== Logging started: 10/3/2026  12:06:57 ===
Message type: 0, Argument: 1033
Message type: 1, Argument: CodeMeter Runtime Kit v8.40a
Action 12:06:57: INSTALL. 
Action start 12:06:57: INSTALL.
1: 0 2: 1033 3: 1252 
1: 0 2: 1033 3: 1252 
=== Logging started: 10/3/2026  12:06:57 ===
Message type: 0, Argument: 1033
Message type: 1, Argument: CodeMeter Runtime Kit v8.40a
Action 12:06:57: INSTALL. 
Action start 12:06:57: INSTALL.
1: CodeMeter Runtime Kit v8.40a 2: {F5234E0C-A06D-4404-8175-DCF5F9CFC337} 
Action 12:06:57: ProgramFiles64Folder.5FFE20C8_2BC6_4EE0_90AA_D6E92F2099AD. 
Action start 12:06:57: ProgramFiles64Folder.5FFE20C8_2BC6_4EE0_90AA_D6E92F2099AD.
Action ended 12:06:57: ProgramFiles64Folder.5FFE20C8_2BC6_4EE0_90AA_D6E92F2099AD. Return value 1.
Action 12:06:57: ProgramMenuFolder.5FFE20C8_2BC6_4EE0_90AA_D6E92F2099AD. 
Action start 12:06:57: ProgramMenuFolder.5FFE20C8_2BC6_4EE0_90AA_D6E92F2099AD.
Action ended 12:06:57: ProgramMenuFolder.5FFE20C8_2BC6_4EE0_90AA_D6E92F2099AD. Return value 1.
Action 12:06:57: ProgramFiles64Folder.573670D2_95A5_4F72_BD6A_63FA56A6342E. 
Action start 12:06:57: ProgramFiles64Folder.573670D2_95A5_4F72_BD6A_63FA56A6342E.
Action ended 12:06:57: ProgramFiles64Folder.573670D2_95A5_4F72_BD6A_63FA56A6342E. Return value 1.
Action 12:06:57: System64Folder.1992E333_D17A_448B_8484_ED047109D182. 
Action start 12:06:57: System64Folder.1992E333_D17A_448B_8484_ED047109D182.
Action ended 12:06:57: System64Folder.1992E333_D17A_448B_8484_ED047109D182. Return value 1.
Action 12:06:57: ProgramMenuFolder.1992E333_D17A_448B_8484_ED047109D182. 
Action start 12:06:57: ProgramMenuFolder.1992E333_D17A_448B_8484_ED047109D182.
Action ended 12:06:57: ProgramMenuFolder.1992E333_D17A_448B_8484_ED047109D182. Return value 1.
Action 12:06:57: CommonFiles64Folder.1992E333_D17A_448B_8484_ED047109D182. 
Action start 12:06:57: CommonFiles64Folder.1992E333_D17A_448B_8484_ED047109D182.
Action ended 12:06:57: CommonFiles64Folder.1992E333_D17A_448B_8484_ED047109D182. Return value 1.
Action 12:06:57: StartupFolder.1992E333_D17A_448B_8484_ED047109D182. 
Action start 12:06:57: StartupFolder.1992E333_D17A_448B_8484_ED047109D182.
Action ended 12:06:57: StartupFolder.1992E333_D17A_448B_8484_ED047109D182. Return value 1.
Action 12:06:57: CommonAppDataFolder.1992E333_D17A_448B_8484_ED047109D182. 
Action start 12:06:57: CommonAppDataFolder.1992E333_D17A_448B_8484_ED047109D182.
Action ended 12:06:57: CommonAppDataFolder.1992E333_D17A_448B_8484_ED047109D182. Return value 1.
Action 12:06:57: ProgramFiles64Folder.1992E333_D17A_448B_8484_ED047109D182. 
Action start 12:06:57: ProgramFiles64Folder.1992E333_D17A_448B_8484_ED047109D182.
Action ended 12:06:57: ProgramFiles64Folder.1992E333_D17A_448B_8484_ED047109D182. Return value 1.
Action 12:06:57: ProgramFilesFolder.1992E333_D17A_448B_8484_ED047109D182. 
Action start 12:06:57: ProgramFilesFolder.1992E333_D17A_448B_8484_ED047109D182.
Action ended 12:06:57: ProgramFilesFolder.1992E333_D17A_448B_8484_ED047109D182. Return value 1.
Action 12:06:57: ProgramFiles64Folder_WA.1992E333_D17A_448B_8484_ED047109D182. 
Action start 12:06:57: ProgramFiles64Folder_WA.1992E333_D17A_448B_8484_ED047109D182.
Action ended 12:06:57: ProgramFiles64Folder_WA.1992E333_D17A_448B_8484_ED047109D182. Return value 1.
Action 12:06:57: CommonFiles64Folder_CmReady.1992E333_D17A_448B_8484_ED047109D182. 
Action start 12:06:57: CommonFiles64Folder_CmReady.1992E333_D17A_448B_8484_ED047109D182.
Action ended 12:06:57: CommonFiles64Folder_CmReady.1992E333_D17A_448B_8484_ED047109D182. Return value 1.
Action 12:06:57: SystemFolder.A961A077_4BD0_4C98_86BC_EE4A98CE550D. 
Action start 12:06:57: SystemFolder.A961A077_4BD0_4C98_86BC_EE4A98CE550D.
Action ended 12:06:57: SystemFolder.A961A077_4BD0_4C98_86BC_EE4A98CE550D. Return value 1.
Action 12:06:57: ProgramFilesFolder.A961A077_4BD0_4C98_86BC_EE4A98CE550D. 
Action start 12:06:57: ProgramFilesFolder.A961A077_4BD0_4C98_86BC_EE4A98CE550D.
Action ended 12:06:57: ProgramFilesFolder.A961A077_4BD0_4C98_86BC_EE4A98CE550D. Return value 1.
Action 12:06:57: FindRelatedProducts. Searching for related applications
Action start 12:06:57: FindRelatedProducts.
Action ended 12:06:57: FindRelatedProducts. Return value 1.
Action 12:06:57: AppSearch. Searching for installed applications
Action start 12:06:57: AppSearch.
Property: CM_CHECK_SDK_AT_STARTUP, Signature: AppFile
Property: CM_REG_RUNTIMEVERSION, Signature: RuntimeVersion
Property: REG_POLICY_USEFILESINUSE, Signature: KEY_POLICY_USEFILESINUSE
Property: REG_POLICY_USEFILESINUSE_32, Signature: KEY_POLICY_USEFILESINUSE_32
Property: NETFRAMEWORK10, Signature: NetFramework10
Property: NETFRAMEWORK11, Signature: NetFramework11
Property: NETFRAMEWORK20, Signature: NetFramework20
Property: NETFRAMEWORK30, Signature: NetFramework30
Property: NETFRAMEWORK35, Signature: NetFramework35
Property: NETFRAMEWORK40FULL, Signature: NetFramework40Full
Property: NETFRAMEWORK40CLIENT, Signature: NetFramework40Client
Property: NETFRAMEWORK45, Signature: NetFramework45
Property: WIXNETFX4RELEASEINSTALLED, Signature: NetFx4ReleaseInstalled
Property: APPS_USE_LIGHT_THEME, Signature: AppsUseLightTheme
Property: OS_CURRENTBUILD32, Signature: OS_W81FFCurrBuild32
Property: OS_CURRENTBUILD64, Signature: OS_W81FFCurrBuild64
Property: OS_INSTALLATIONTYPE32, Signature: OS_W81FFInstallationType32
Property: OS_INSTALLATIONTYPE64, Signature: OS_W81FFInstallationType64
Property: CM_REG_ISNETWORKSERVER_32, Signature: IsNetworkServer_32
Property: CM_REG_REMOTEREAD_32, Signature: RemoteRead_32
Property: CM_REG_ISNETWORKSERVER_64, Signature: IsNetworkServer_64
Property: CM_REG_REMOTEREAD_64, Signature: RemoteRead_64
Property: CM_REG_RUNTIMEVERSION.A961A077_4BD0_4C98_86BC_EE4A98CE550D, Signature: RuntimeVersion.A961A077_4BD0_4C98_86BC_EE4A98CE550D
Property: PROCARCH_CHK.A961A077_4BD0_4C98_86BC_EE4A98CE550D, Signature: CheckProcessorArchitecture.A961A077_4BD0_4C98_86BC_EE4A98CE550D
Property: CM_REG_RUNTIMEVERSION.1992E333_D17A_448B_8484_ED047109D182, Signature: RuntimeVersion.1992E333_D17A_448B_8484_ED047109D182
Property: PROCARCH_CHK.1992E333_D17A_448B_8484_ED047109D182, Signature: CheckProcessorArchitecture.1992E333_D17A_448B_8484_ED047109D182
Property: PROP_WIBUSHELLEXTEXISTS.1992E333_D17A_448B_8484_ED047109D182, Signature: DS_WS_SystemFolder.1992E333_D17A_448B_8484_ED047109D182
Property: CM_CHECK_SDK_AT_STARTUP.1992E333_D17A_448B_8484_ED047109D182, Signature: AppFile.1992E333_D17A_448B_8484_ED047109D182
Property: PFFOLDER_32.1992E333_D17A_448B_8484_ED047109D182, Signature: RS_PFFOLDER_32.1992E333_D17A_448B_8484_ED047109D182
Property: CAPPDFOLDER_32.1992E333_D17A_448B_8484_ED047109D182, Signature: RS_CAPPDFOLDER_32.1992E333_D17A_448B_8484_ED047109D182
Property: CM_WK_REG_VERSION.1992E333_D17A_448B_8484_ED047109D182, Signature: WK_Version.1992E333_D17A_448B_8484_ED047109D182
Property: CM_REG_EXEPATH.1992E333_D17A_448B_8484_ED047109D182, Signature: ExePath.1992E333_D17A_448B_8484_ED047109D182
Property: CM_REG_HELPFILE.1992E333_D17A_448B_8484_ED047109D182, Signature: HelpFile.1992E333_D17A_448B_8484_ED047109D182
Property: CM_REG_LOGPATH.1992E333_D17A_448B_8484_ED047109D182, Signature: LogPath.1992E333_D17A_448B_8484_ED047109D182
Property: CM_REG_STARTALWAYS.1992E333_D17A_448B_8484_ED047109D182, Signature: StartAlways.1992E333_D17A_448B_8484_ED047109D182
Property: CM_REG_USEUMSDA.1992E333_D17A_448B_8484_ED047109D182, Signature: UseUmsDA.1992E333_D17A_448B_8484_ED047109D182
Property: CM_REG_HTTPP_REMOTEWRITE.1992E333_D17A_448B_8484_ED047109D182, Signature: RemoteWrite.1992E333_D17A_448B_8484_ED047109D182
Property: PFFOLDER_64.1992E333_D17A_448B_8484_ED047109D182, Signature: RS_PFFOLDER_64.1992E333_D17A_448B_8484_ED047109D182
Property: CAPPDFOLDER_64.1992E333_D17A_448B_8484_ED047109D182, Signature: RS_CAPPDFOLDER_64.1992E333_D17A_448B_8484_ED047109D182
Property: CM_WK_REG_VERSION_64.1992E333_D17A_448B_8484_ED047109D182, Signature: WK_Version_64.1992E333_D17A_448B_8484_ED047109D182
Property: CM_REG_EXEPATH_64.1992E333_D17A_448B_8484_ED047109D182, Signature: ExePath_64.1992E333_D17A_448B_8484_ED047109D182
Property: CM_REG_HELPFILE_64.1992E333_D17A_448B_8484_ED047109D182, Signature: HelpFile_64.1992E333_D17A_448B_8484_ED047109D182
Property: CM_REG_LOGPATH_64.1992E333_D17A_448B_8484_ED047109D182, Signature: LogPath_64.1992E333_D17A_448B_8484_ED047109D182
Property: CM_REG_STARTALWAYS_64.1992E333_D17A_448B_8484_ED047109D182, Signature: StartAlways_64.1992E333_D17A_448B_8484_ED047109D182
Property: CM_REG_USEUMSDA_64.1992E333_D17A_448B_8484_ED047109D182, Signature: UseUmsDA_64.1992E333_D17A_448B_8484_ED047109D182
Property: CM_REG_HTTPP_REMOTEWRITE_64.1992E333_D17A_448B_8484_ED047109D182, Signature: RemoteWrite_64.1992E333_D17A_448B_8484_ED047109D182
Property: OS_CURRENTBUILD32.1992E333_D17A_448B_8484_ED047109D182, Signature: OS_W81FFCurrBuild32.1992E333_D17A_448B_8484_ED047109D182
Property: OS_CURRENTBUILD64.1992E333_D17A_448B_8484_ED047109D182, Signature: OS_W81FFCurrBuild64.1992E333_D17A_448B_8484_ED047109D182
Property: OS_INSTALLATIONTYPE32.1992E333_D17A_448B_8484_ED047109D182, Signature: OS_W81FFInstallationType32.1992E333_D17A_448B_8484_ED047109D182
Property: OS_INSTALLATIONTYPE64.1992E333_D17A_448B_8484_ED047109D182, Signature: OS_W81FFInstallationType64.1992E333_D17A_448B_8484_ED047109D182
Property: CM_REG_RUNTIMEVERSION.573670D2_95A5_4F72_BD6A_63FA56A6342E, Signature: RuntimeVersion.573670D2_95A5_4F72_BD6A_63FA56A6342E
Property: CM_REG_RUNTIMEVERSION.B396C8F9_0D03_4905_8867_D3D7030330FB, Signature: RuntimeVersion.B396C8F9_0D03_4905_8867_D3D7030330FB
Property: NETFRAMEWORK10.B396C8F9_0D03_4905_8867_D3D7030330FB, Signature: NetFramework10.B396C8F9_0D03_4905_8867_D3D7030330FB
Property: NETFRAMEWORK11.B396C8F9_0D03_4905_8867_D3D7030330FB, Signature: NetFramework11.B396C8F9_0D03_4905_8867_D3D7030330FB
Property: NETFRAMEWORK20.B396C8F9_0D03_4905_8867_D3D7030330FB, Signature: NetFramework20.B396C8F9_0D03_4905_8867_D3D7030330FB
Property: NETFRAMEWORK30.B396C8F9_0D03_4905_8867_D3D7030330FB, Signature: NetFramework30.B396C8F9_0D03_4905_8867_D3D7030330FB
Property: NETFRAMEWORK35.B396C8F9_0D03_4905_8867_D3D7030330FB, Signature: NetFramework35.B396C8F9_0D03_4905_8867_D3D7030330FB
Property: NETFRAMEWORK40FULL.B396C8F9_0D03_4905_8867_D3D7030330FB, Signature: NetFramework40Full.B396C8F9_0D03_4905_8867_D3D7030330FB
Property: NETFRAMEWORK40CLIENT.B396C8F9_0D03_4905_8867_D3D7030330FB, Signature: NetFramework40Client.B396C8F9_0D03_4905_8867_D3D7030330FB
Property: NETFRAMEWORK45.B396C8F9_0D03_4905_8867_D3D7030330FB, Signature: NetFramework45.B396C8F9_0D03_4905_8867_D3D7030330FB
Property: IS_NETFRAMEWORK_40_OR_LATER_INSTALLED.B396C8F9_0D03_4905_8867_D3D7030330FB, Signature: NetFx4ReleaseInstalled.B396C8F9_0D03_4905_8867_D3D7030330FB
Property: CM_REG_RUNTIMEVERSION.5FFE20C8_2BC6_4EE0_90AA_D6E92F2099AD, Signature: RuntimeVersion.5FFE20C8_2BC6_4EE0_90AA_D6E92F2099AD
Property: PREV_USER_HELP_DIR_610A.5FFE20C8_2BC6_4EE0_90AA_D6E92F2099AD, Signature: PrevUHDir610A.5FFE20C8_2BC6_4EE0_90AA_D6E92F2099AD
Property: PREV_USER_HELP_DIR_610B.5FFE20C8_2BC6_4EE0_90AA_D6E92F2099AD, Signature: PrevUHDir610B.5FFE20C8_2BC6_4EE0_90AA_D6E92F2099AD
Property: PREV_USER_HELP_DIR_620.5FFE20C8_2BC6_4EE0_90AA_D6E92F2099AD, Signature: PrevUHDir620.5FFE20C8_2BC6_4EE0_90AA_D6E92F2099AD
Action ended 12:06:57: AppSearch. Return value 1.
Action 12:06:57: SetIS_NETFRAMEWORK_40_OR_LATER_INSTALLED.B396C8F9_0D03_4905_8867_D3D7030330FB. 
Action start 12:06:57: SetIS_NETFRAMEWORK_40_OR_LATER_INSTALLED.B396C8F9_0D03_4905_8867_D3D7030330FB.
Action ended 12:06:57: SetIS_NETFRAMEWORK_40_OR_LATER_INSTALLED.B396C8F9_0D03_4905_8867_D3D7030330FB. Return value 1.
Action 12:06:57: SetIS_NETFRAMEWORK_472_OR_LATER_INSTALLED.B396C8F9_0D03_4905_8867_D3D7030330FB. 
Action start 12:06:57: SetIS_NETFRAMEWORK_472_OR_LATER_INSTALLED.B396C8F9_0D03_4905_8867_D3D7030330FB.
Action ended 12:06:57: SetIS_NETFRAMEWORK_472_OR_LATER_INSTALLED.B396C8F9_0D03_4905_8867_D3D7030330FB. Return value 1.
Action 12:06:57: CA_Prop_SetRUNCMCC.1992E333_D17A_448B_8484_ED047109D182. 
Action start 12:06:57: CA_Prop_SetRUNCMCC.1992E333_D17A_448B_8484_ED047109D182.
Action ended 12:06:57: CA_Prop_SetRUNCMCC.1992E333_D17A_448B_8484_ED047109D182. Return value 1.
Action 12:06:57: CA_Prop_PFFOLDER.1992E333_D17A_448B_8484_ED047109D182. 
Action start 12:06:57: CA_Prop_PFFOLDER.1992E333_D17A_448B_8484_ED047109D182.
Action ended 12:06:57: CA_Prop_PFFOLDER.1992E333_D17A_448B_8484_ED047109D182. Return value 1.
Action 12:06:57: CA_Prop_CAPPDFOLDER.1992E333_D17A_448B_8484_ED047109D182. 
Action start 12:06:57: CA_Prop_CAPPDFOLDER.1992E333_D17A_448B_8484_ED047109D182.
Action ended 12:06:57: CA_Prop_CAPPDFOLDER.1992E333_D17A_448B_8484_ED047109D182. Return value 1.
Action 12:06:57: SetIS_WIN10.1992E333_D17A_448B_8484_ED047109D182. 
Action start 12:06:57: SetIS_WIN10.1992E333_D17A_448B_8484_ED047109D182.
Action ended 12:06:57: SetIS_WIN10.1992E333_D17A_448B_8484_ED047109D182. Return value 1.
Action 12:06:57: SetBmp_Banner_bright. 
Action start 12:06:57: SetBmp_Banner_bright.
Action ended 12:06:57: SetBmp_Banner_bright. Return value 1.
Action 12:06:57: SetBmp_Dialog_bright. 
Action start 12:06:57: SetBmp_Dialog_bright.
Action ended 12:06:57: SetBmp_Dialog_bright. Return value 1.
Action 12:06:57: SetDefaultUIFont_bright. 
Action start 12:06:57: SetDefaultUIFont_bright.
Action ended 12:06:57: SetDefaultUIFont_bright. Return value 1.
Action 12:06:57: SetDlgBiggerFont_bright. 
Action start 12:06:57: SetDlgBiggerFont_bright.
Action ended 12:06:57: SetDlgBiggerFont_bright. Return value 1.
Action 12:06:57: SetDlgDefaultFont_bright. 
Action start 12:06:57: SetDlgDefaultFont_bright.
Action ended 12:06:57: SetDlgDefaultFont_bright. Return value 1.
Action 12:06:57: SetDlgEmphasizedFont_bright. 
Action start 12:06:57: SetDlgEmphasizedFont_bright.
Action ended 12:06:57: SetDlgEmphasizedFont_bright. Return value 1.
Action 12:06:57: SetDlgTitleDescriptionFont_bright. 
Action start 12:06:57: SetDlgTitleDescriptionFont_bright.
Action ended 12:06:57: SetDlgTitleDescriptionFont_bright. Return value 1.
Action 12:06:57: SetDlgTitleFont_bright. 
Action start 12:06:57: SetDlgTitleFont_bright.
Action ended 12:06:57: SetDlgTitleFont_bright. Return value 1.
Action 12:06:57: SetIS_WIN10. 
Action start 12:06:57: SetIS_WIN10.
Action ended 12:06:57: SetIS_WIN10. Return value 1.
Action 12:06:57: SetMSIRMSHUTDOWN. 
Action start 12:06:57: SetMSIRMSHUTDOWN.
Action ended 12:06:57: SetMSIRMSHUTDOWN. Return value 1.
Action 12:06:57: SetUI_Ico_Exclamation_bright. 
Action start 12:06:57: SetUI_Ico_Exclamation_bright.
Action ended 12:06:57: SetUI_Ico_Exclamation_bright. Return value 1.
Action 12:06:57: SetUI_Ico_Info_bright. 
Action start 12:06:57: SetUI_Ico_Info_bright.
Action ended 12:06:57: SetUI_Ico_Info_bright. Return value 1.
Action 12:06:57: SetUI_Ico_New_bright. 
Action start 12:06:57: SetUI_Ico_New_bright.
Action ended 12:06:57: SetUI_Ico_New_bright. Return value 1.
Action 12:06:57: SetUI_Ico_Up_bright. 
Action start 12:06:57: SetUI_Ico_Up_bright.
Action ended 12:06:57: SetUI_Ico_Up_bright. Return value 1.
Action 12:06:57: SetWIX_IS_NETFRAMEWORK_45_OR_LATER_INSTALLED. 
Action start 12:06:57: SetWIX_IS_NETFRAMEWORK_45_OR_LATER_INSTALLED.
Action ended 12:06:57: SetWIX_IS_NETFRAMEWORK_45_OR_LATER_INSTALLED. Return value 1.
Action 12:06:57: CA_P_Abort_OSName. 
Action start 12:06:57: CA_P_Abort_OSName.
Action ended 12:06:57: CA_P_Abort_OSName. Return value 1.
Action 12:06:57: setPROP_CMCC.1992E333_D17A_448B_8484_ED047109D182. 
Action start 12:06:57: setPROP_CMCC.1992E333_D17A_448B_8484_ED047109D182.
Action ended 12:06:57: setPROP_CMCC.1992E333_D17A_448B_8484_ED047109D182. Return value 1.
Action 12:06:57: setPROP_MAKESC.1992E333_D17A_448B_8484_ED047109D182. 
Action start 12:06:57: setPROP_MAKESC.1992E333_D17A_448B_8484_ED047109D182.
Action ended 12:06:57: setPROP_MAKESC.1992E333_D17A_448B_8484_ED047109D182. Return value 1.
Action 12:06:57: CA_P_Abort_OSName.1992E333_D17A_448B_8484_ED047109D182. 
Action start 12:06:57: CA_P_Abort_OSName.1992E333_D17A_448B_8484_ED047109D182.
Action ended 12:06:57: CA_P_Abort_OSName.1992E333_D17A_448B_8484_ED047109D182. Return value 1.
Action 12:06:57: setPROP_CHK_DOTNET.B396C8F9_0D03_4905_8867_D3D7030330FB. 
Action start 12:06:57: setPROP_CHK_DOTNET.B396C8F9_0D03_4905_8867_D3D7030330FB.
Action ended 12:06:57: setPROP_CHK_DOTNET.B396C8F9_0D03_4905_8867_D3D7030330FB. Return value 1.
Action 12:06:57: LaunchConditions. Evaluating launch conditions
Action start 12:06:57: LaunchConditions.
Action ended 12:06:57: LaunchConditions. Return value 1.
Action 12:06:57: setPROP_MAKESC.5FFE20C8_2BC6_4EE0_90AA_D6E92F2099AD. 
Action start 12:06:57: setPROP_MAKESC.5FFE20C8_2BC6_4EE0_90AA_D6E92F2099AD.
Action ended 12:06:57: setPROP_MAKESC.5FFE20C8_2BC6_4EE0_90AA_D6E92F2099AD. Return value 1.
Action 12:06:57: ValidateProductID. 
Action start 12:06:57: ValidateProductID.
Action ended 12:06:57: ValidateProductID. Return value 1.
Action 12:06:57: DIRCA_NEWRETARGETABLEPROPERTY1.B396C8F9_0D03_4905_8867_D3D7030330FB. 
Action start 12:06:57: DIRCA_NEWRETARGETABLEPROPERTY1.B396C8F9_0D03_4905_8867_D3D7030330FB.
Action ended 12:06:57: DIRCA_NEWRETARGETABLEPROPERTY1.B396C8F9_0D03_4905_8867_D3D7030330FB. Return value 1.
Action 12:06:57: CostInitialize. Computing space requirements
Action start 12:06:57: CostInitialize.
Action ended 12:06:57: CostInitialize. Return value 1.
Action 12:06:57: SetUSERNAME. 
Action start 12:06:57: SetUSERNAME.
Action ended 12:06:57: SetUSERNAME. Return value 1.
Action 12:06:57: FileCost. Computing space requirements
Action start 12:06:57: FileCost.
Action ended 12:06:57: FileCost. Return value 1.
Action 12:06:57: ID1011. 
Action start 12:06:57: ID1011.
Action ended 12:06:57: ID1011. Return value 1.
Action 12:06:57: CostFinalize. Computing space requirements
Action start 12:06:57: CostFinalize.
Action ended 12:06:58: CostFinalize. Return value 1.
Action 12:06:58: CA_Prop_SetNotISUNINSTALL.1992E333_D17A_448B_8484_ED047109D182. 
Action start 12:06:58: CA_Prop_SetNotISUNINSTALL.1992E333_D17A_448B_8484_ED047109D182.
Action ended 12:06:58: CA_Prop_SetNotISUNINSTALL.1992E333_D17A_448B_8484_ED047109D182. Return value 1.
Action 12:06:58: CA_Prop_IsNewStdLogs.1992E333_D17A_448B_8484_ED047109D182. 
Action start 12:06:58: CA_Prop_IsNewStdLogs.1992E333_D17A_448B_8484_ED047109D182.
Action ended 12:06:58: CA_Prop_IsNewStdLogs.1992E333_D17A_448B_8484_ED047109D182. Return value 1.
Action 12:06:58: CA_Prop_IsNewStdBackup.1992E333_D17A_448B_8484_ED047109D182. 
Action start 12:06:58: CA_Prop_IsNewStdBackup.1992E333_D17A_448B_8484_ED047109D182.
Action ended 12:06:58: CA_Prop_IsNewStdBackup.1992E333_D17A_448B_8484_ED047109D182. Return value 1.
Action 12:06:58: CA_Prop_OldCmActPath.1992E333_D17A_448B_8484_ED047109D182. 
Action start 12:06:58: CA_Prop_OldCmActPath.1992E333_D17A_448B_8484_ED047109D182.
Action ended 12:06:58: CA_Prop_OldCmActPath.1992E333_D17A_448B_8484_ED047109D182. Return value 1.
Action 12:06:58: CA_Prop_CmActPath.1992E333_D17A_448B_8484_ED047109D182. 
Action start 12:06:58: CA_Prop_CmActPath.1992E333_D17A_448B_8484_ED047109D182.
Action ended 12:06:58: CA_Prop_CmActPath.1992E333_D17A_448B_8484_ED047109D182. Return value 1.
Action 12:06:58: CA_Prop_OldLogPath.1992E333_D17A_448B_8484_ED047109D182. 
Action start 12:06:58: CA_Prop_OldLogPath.1992E333_D17A_448B_8484_ED047109D182.
Action ended 12:06:58: CA_Prop_OldLogPath.1992E333_D17A_448B_8484_ED047109D182. Return value 1.
Action 12:06:58: CA_Prop_OldLogPathBS.1992E333_D17A_448B_8484_ED047109D182. 
Action start 12:06:58: CA_Prop_OldLogPathBS.1992E333_D17A_448B_8484_ED047109D182.
Action ended 12:06:58: CA_Prop_OldLogPathBS.1992E333_D17A_448B_8484_ED047109D182. Return value 1.
Action 12:06:58: CA_Prop_LogPath.1992E333_D17A_448B_8484_ED047109D182. 
Action start 12:06:58: CA_Prop_LogPath.1992E333_D17A_448B_8484_ED047109D182.
Action ended 12:06:58: CA_Prop_LogPath.1992E333_D17A_448B_8484_ED047109D182. Return value 1.
Action 12:06:58: CA_Prop_OldBackupPath.1992E333_D17A_448B_8484_ED047109D182. 
Action start 12:06:58: CA_Prop_OldBackupPath.1992E333_D17A_448B_8484_ED047109D182.
Action ended 12:06:58: CA_Prop_OldBackupPath.1992E333_D17A_448B_8484_ED047109D182. Return value 1.
Action 12:06:58: CA_Prop_OldBackupPathBS.1992E333_D17A_448B_8484_ED047109D182. 
Action start 12:06:58: CA_Prop_OldBackupPathBS.1992E333_D17A_448B_8484_ED047109D182.
Action ended 12:06:58: CA_Prop_OldBackupPathBS.1992E333_D17A_448B_8484_ED047109D182. Return value 1.
Action 12:06:58: CA_Prop_CmRegLogpath.1992E333_D17A_448B_8484_ED047109D182. 
Action start 12:06:58: CA_Prop_CmRegLogpath.1992E333_D17A_448B_8484_ED047109D182.
Action ended 12:06:58: CA_Prop_CmRegLogpath.1992E333_D17A_448B_8484_ED047109D182. Return value 1.
Action 12:06:58: CA_Prop_BackupPath.1992E333_D17A_448B_8484_ED047109D182. 
Action start 12:06:58: CA_Prop_BackupPath.1992E333_D17A_448B_8484_ED047109D182.
Action ended 12:06:58: CA_Prop_BackupPath.1992E333_D17A_448B_8484_ED047109D182. Return value 1.
Action 12:06:58: CA_Prop_CmRegLogpath64.1992E333_D17A_448B_8484_ED047109D182. 
Action start 12:06:58: CA_Prop_CmRegLogpath64.1992E333_D17A_448B_8484_ED047109D182.
Action ended 12:06:58: CA_Prop_CmRegLogpath64.1992E333_D17A_448B_8484_ED047109D182. Return value 1.
Action 12:06:58: CA_Prop_CmRegBackupPath.1992E333_D17A_448B_8484_ED047109D182. 
Action start 12:06:58: CA_Prop_CmRegBackupPath.1992E333_D17A_448B_8484_ED047109D182.
Action ended 12:06:58: CA_Prop_CmRegBackupPath.1992E333_D17A_448B_8484_ED047109D182. Return value 1.
Action 12:06:58: CA_Prop_CmRegBackupPath64.1992E333_D17A_448B_8484_ED047109D182. 
Action start 12:06:58: CA_Prop_CmRegBackupPath64.1992E333_D17A_448B_8484_ED047109D182.
Action ended 12:06:58: CA_Prop_CmRegBackupPath64.1992E333_D17A_448B_8484_ED047109D182. Return value 1.
Action 12:06:58: CA_PropSetCM_RETURNCODE_NoError.1992E333_D17A_448B_8484_ED047109D182. 
Action start 12:06:58: CA_PropSetCM_RETURNCODE_NoError.1992E333_D17A_448B_8484_ED047109D182.
Action ended 12:06:58: CA_PropSetCM_RETURNCODE_NoError.1992E333_D17A_448B_8484_ED047109D182. Return value 1.
Action 12:06:58: Terminate_Process64.1992E333_D17A_448B_8484_ED047109D182. 
Action start 12:06:58: Terminate_Process64.1992E333_D17A_448B_8484_ED047109D182.
Action ended 12:06:58: Terminate_Process64.1992E333_D17A_448B_8484_ED047109D182. Return value 1.
Action 12:06:58: Terminate_Process.1992E333_D17A_448B_8484_ED047109D182. 
Action start 12:06:58: Terminate_Process.1992E333_D17A_448B_8484_ED047109D182.
Action ended 12:06:58: Terminate_Process.1992E333_D17A_448B_8484_ED047109D182. Return value 1.
Action 12:06:58: SetCM_REG_NETWORKPORT.1992E333_D17A_448B_8484_ED047109D182. 
Action start 12:06:58: SetCM_REG_NETWORKPORT.1992E333_D17A_448B_8484_ED047109D182.
Action ended 12:06:58: SetCM_REG_NETWORKPORT.1992E333_D17A_448B_8484_ED047109D182. Return value 1.
Action 12:06:58: SetCM_REG_EXEPATH.1992E333_D17A_448B_8484_ED047109D182. 
Action start 12:06:58: SetCM_REG_EXEPATH.1992E333_D17A_448B_8484_ED047109D182.
Action ended 12:06:58: SetCM_REG_EXEPATH.1992E333_D17A_448B_8484_ED047109D182. Return value 1.
Action 12:06:58: SetCM_REG_HELPFILE.1992E333_D17A_448B_8484_ED047109D182. 
Action start 12:06:58: SetCM_REG_HELPFILE.1992E333_D17A_448B_8484_ED047109D182.
Action ended 12:06:58: SetCM_REG_HELPFILE.1992E333_D17A_448B_8484_ED047109D182. Return value 1.
Action 12:06:58: SetCM_REG_EXEPATH_64.1992E333_D17A_448B_8484_ED047109D182. 
Action start 12:06:58: SetCM_REG_EXEPATH_64.1992E333_D17A_448B_8484_ED047109D182.
Action ended 12:06:58: SetCM_REG_EXEPATH_64.1992E333_D17A_448B_8484_ED047109D182. Return value 1.
Action 12:06:58: SetCM_REG_HELPFILE_64.1992E333_D17A_448B_8484_ED047109D182. 
Action start 12:06:58: SetCM_REG_HELPFILE_64.1992E333_D17A_448B_8484_ED047109D182.
Action ended 12:06:58: SetCM_REG_HELPFILE_64.1992E333_D17A_448B_8484_ED047109D182. Return value 1.
Action 12:06:58: SetCM_REG_LOGPATH.1992E333_D17A_448B_8484_ED047109D182. 
Action start 12:06:58: SetCM_REG_LOGPATH.1992E333_D17A_448B_8484_ED047109D182.
Action ended 12:06:58: SetCM_REG_LOGPATH.1992E333_D17A_448B_8484_ED047109D182. Return value 1.
Action 12:06:58: SetCM_REG_LOGPATH_64.1992E333_D17A_448B_8484_ED047109D182. 
Action start 12:06:58: SetCM_REG_LOGPATH_64.1992E333_D17A_448B_8484_ED047109D182.
Action ended 12:06:58: SetCM_REG_LOGPATH_64.1992E333_D17A_448B_8484_ED047109D182. Return value 1.
Action 12:06:58: CA_Prop_SetNotISUNINSTALL. 
Action start 12:06:58: CA_Prop_SetNotISUNINSTALL.
Action ended 12:06:58: CA_Prop_SetNotISUNINSTALL. Return value 1.
Action 12:06:58: InstallValidate. Validating install
Action start 12:06:58: InstallValidate.
Action ended 12:06:58: InstallValidate. Return value 1.
Action 12:06:58: SetARPINSTALLLOCATION. 
Action start 12:06:58: SetARPINSTALLLOCATION.
Action ended 12:06:58: SetARPINSTALLLOCATION. Return value 1.
Action 12:06:58: InstallInitialize. 
Action start 12:06:58: InstallInitialize.
Action ended 12:06:58: InstallInitialize. Return value 1.
Action 12:06:58: RemoveExistingProducts. Removing applications
Action start 12:06:58: RemoveExistingProducts.
Action ended 12:06:58: RemoveExistingProducts. Return value 1.
Action 12:06:58: ProcessComponents. Updating component registration
Action start 12:06:58: ProcessComponents.
Action ended 12:06:58: ProcessComponents. Return value 1.
Action 12:06:58: MsiUnpublishAssemblies. Unpublishing assembly information
Action start 12:06:58: MsiUnpublishAssemblies.
Action ended 12:06:58: MsiUnpublishAssemblies. Return value 1.
Action 12:06:58: RemoveCmu32SymlinkOn64Bit. 
Action start 12:06:58: RemoveCmu32SymlinkOn64Bit.
Action ended 12:06:58: RemoveCmu32SymlinkOn64Bit. Return value 1.
Action 12:06:58: RemoveCmu32NearCmu64SymlinkOn64Bit. 
Action start 12:06:58: RemoveCmu32NearCmu64SymlinkOn64Bit.
Action ended 12:06:58: RemoveCmu32NearCmu64SymlinkOn64Bit. Return value 1.
Action 12:06:58: CA_Prop_SVCWinmgmt.1992E333_D17A_448B_8484_ED047109D182. 
Action start 12:06:58: CA_Prop_SVCWinmgmt.1992E333_D17A_448B_8484_ED047109D182.
Action ended 12:06:58: CA_Prop_SVCWinmgmt.1992E333_D17A_448B_8484_ED047109D182. Return value 1.
Action 12:06:58: IsWinmgmtRunning64.1992E333_D17A_448B_8484_ED047109D182. 
Action start 12:06:58: IsWinmgmtRunning64.1992E333_D17A_448B_8484_ED047109D182.
IsServiceRunning:   Initialized IsServiceRunning().
IsServiceRunning:   Checking if service 'winmgmt' is running.
IsServiceRunning:   Service is NOT running!
Action ended 12:06:58: IsWinmgmtRunning64.1992E333_D17A_448B_8484_ED047109D182. Return value 1.
Action 12:06:58: CA_Prop_SetSERVICERUNNING1.1992E333_D17A_448B_8484_ED047109D182. 
Action start 12:06:58: CA_Prop_SetSERVICERUNNING1.1992E333_D17A_448B_8484_ED047109D182.
Action ended 12:06:58: CA_Prop_SetSERVICERUNNING1.1992E333_D17A_448B_8484_ED047109D182. Return value 1.
Action 12:06:58: CA_Prop_SVCTcpip.1992E333_D17A_448B_8484_ED047109D182. 
Action start 12:06:58: CA_Prop_SVCTcpip.1992E333_D17A_448B_8484_ED047109D182.
Action ended 12:06:58: CA_Prop_SVCTcpip.1992E333_D17A_448B_8484_ED047109D182. Return value 1.
Action 12:06:58: IsTcpipRunning64.1992E333_D17A_448B_8484_ED047109D182. 
Action start 12:06:58: IsTcpipRunning64.1992E333_D17A_448B_8484_ED047109D182.
IsServiceRunning:   Initialized IsServiceRunning().
IsServiceRunning:   Checking if service 'Tcpip' is running.
IsServiceRunning:   Service is NOT running!
Action ended 12:06:58: IsTcpipRunning64.1992E333_D17A_448B_8484_ED047109D182. Return value 1.
Action 12:06:58: SupportsSSE2_64.1992E333_D17A_448B_8484_ED047109D182. 
Action start 12:06:58: SupportsSSE2_64.1992E333_D17A_448B_8484_ED047109D182.
DoesProcessorSupportSSE2:   Processor supports SSE2!
Action ended 12:06:58: SupportsSSE2_64.1992E333_D17A_448B_8484_ED047109D182. Return value 1.
Action 12:06:58: SupportsSSE3_64.1992E333_D17A_448B_8484_ED047109D182. 
Action start 12:06:58: SupportsSSE3_64.1992E333_D17A_448B_8484_ED047109D182.
DoesProcessorSupportSSE3:   Processor supports SSE3!
Action ended 12:06:58: SupportsSSE3_64.1992E333_D17A_448B_8484_ED047109D182. Return value 1.
Action 12:06:58: UnpublishFeatures. Unpublishing Product Features
Action start 12:06:58: UnpublishFeatures.
Action ended 12:06:58: UnpublishFeatures. Return value 1.
Action 12:06:58: SchedSecureObjectsRollback_x64. 
Action start 12:06:58: SchedSecureObjectsRollback_x64.
SchedSecureObjectsRollback:  Failed to store ACL rollback information with error 0x80070424 - continuing
SchedSecureObjectsRollback:  Failed to store ACL rollback information with error 0x80070424 - continuing
Action ended 12:06:58: SchedSecureObjectsRollback_x64. Return value 1.
Action 12:06:58: StopServices. Stopping services
Action start 12:06:58: StopServices.
Action ended 12:06:58: StopServices. Return value 1.
Action 12:06:58: SetStopCmSvcCmd_WCA.1992E333_D17A_448B_8484_ED047109D182. 
Action start 12:06:58: SetStopCmSvcCmd_WCA.1992E333_D17A_448B_8484_ED047109D182.
Action ended 12:06:58: SetStopCmSvcCmd_WCA.1992E333_D17A_448B_8484_ED047109D182. Return value 1.
Action 12:06:58: StopCmSvcCmd_WCA.1992E333_D17A_448B_8484_ED047109D182. 
Action start 12:06:58: StopCmSvcCmd_WCA.1992E333_D17A_448B_8484_ED047109D182.
Action ended 12:06:58: StopCmSvcCmd_WCA.1992E333_D17A_448B_8484_ED047109D182. Return value 1.
Action 12:06:58: DeleteServices. Deleting services
Action start 12:06:58: DeleteServices.
Action ended 12:06:58: DeleteServices. Return value 1.
Action 12:06:58: SelfUnregModules. Unregistering modules
Action start 12:06:58: SelfUnregModules.
Action ended 12:06:58: SelfUnregModules. Return value 1.
Action 12:06:58: RemoveRegistryValues. Removing system registry values
Action start 12:06:58: RemoveRegistryValues.
Action ended 12:06:58: RemoveRegistryValues. Return value 1.
Action 12:06:58: RemoveShortcuts. Removing shortcuts
Action start 12:06:58: RemoveShortcuts.
Action ended 12:06:58: RemoveShortcuts. Return value 1.
Action 12:06:58: WixSchedFirewallExceptionsUninstall. WixSchedFirewallExceptionsUninstall
Action start 12:06:58: WixSchedFirewallExceptionsUninstall.
SchedFirewallExceptions:  Component 'C_CmFirewallExceptionP22350_TCP' action state (0) doesn't match request (2)
SchedFirewallExceptions:  Component 'C_CmFirewallExceptionP22350_UDP' action state (0) doesn't match request (2)
SchedFirewallExceptions:  Component 'C_CmFirewallExceptionP22350_TCP_64' action state (0) doesn't match request (2)
SchedFirewallExceptions:  Component 'C_CmFirewallExceptionP22350_UDP_64' action state (1) doesn't match request (2)
SchedFirewallExceptions:  Component 'C_CmFirewallExceptionP22352_TCP_32' action state (0) doesn't match request (2)
SchedFirewallExceptions:  Component 'C_CmFirewallExceptionP22353_TCP_32' action state (0) doesn't match request (2)
SchedFirewallExceptions:  Component 'C_CmFirewallExceptionP22352_TCP_64' action state (0) doesn't match request (2)
SchedFirewallExceptions:  Component 'C_CmFirewallExceptionP22353_TCP_64' action state (0) doesn't match request (2)
SchedFirewallExceptions:  No firewall exceptions scheduled
Action ended 12:06:58: WixSchedFirewallExceptionsUninstall. Return value 1.
Action 12:06:58: RemoveFiles. Removing files
Action start 12:06:58: RemoveFiles.
Action ended 12:06:58: RemoveFiles. Return value 1.
Action 12:06:58: RemoveFolders. Removing folders
Action start 12:06:58: RemoveFolders.
Action ended 12:06:58: RemoveFolders. Return value 1.
Action 12:06:58: CreateFolders. Creating folders
Action start 12:06:58: CreateFolders.
Action ended 12:06:58: CreateFolders. Return value 1.
Action 12:06:58: MoveFiles. Moving files
Action start 12:06:58: MoveFiles.
Action ended 12:06:58: MoveFiles. Return value 1.
Action 12:06:58: InstallFiles. Copying new files
Action start 12:06:58: InstallFiles.
Action ended 12:06:58: InstallFiles. Return value 1.
Action 12:06:58: WixSchedFirewallExceptionsInstall. WixSchedFirewallExceptionsInstall
Action start 12:06:58: WixSchedFirewallExceptionsInstall.
SchedFirewallExceptions:  Component 'C_CmFirewallExceptionP22350_TCP' action state (0) doesn't match request (1)
SchedFirewallExceptions:  Component 'C_CmFirewallExceptionP22350_UDP' action state (0) doesn't match request (1)
SchedFirewallExceptions:  Component 'C_CmFirewallExceptionP22350_TCP_64' action state (0) doesn't match request (1)
SchedFirewallExceptions:  Component 'C_CmFirewallExceptionP22352_TCP_32' action state (0) doesn't match request (1)
SchedFirewallExceptions:  Component 'C_CmFirewallExceptionP22353_TCP_32' action state (0) doesn't match request (1)
SchedFirewallExceptions:  Component 'C_CmFirewallExceptionP22352_TCP_64' action state (0) doesn't match request (1)
SchedFirewallExceptions:  Component 'C_CmFirewallExceptionP22353_TCP_64' action state (0) doesn't match request (1)
SchedFirewallExceptions:  Scheduling firewall exception (1€CodeMeterFWExP22350UDP€2147483647€*€1€2€C:\Program Files\CodeMeter\Runtime\bin\CodeMeter.exe€22350€-2147450863€)
Action 12:06:58: WixRollbackFirewallExceptionsInstall. WixRollbackFirewallExceptionsInstall
Action start 12:06:58: WixRollbackFirewallExceptionsInstall.
Action ended 12:06:58: WixRollbackFirewallExceptionsInstall. Return value 1.
Action 12:06:58: WixExecFirewallExceptionsInstall. WixExecFirewallExceptionsInstall
Action start 12:06:58: WixExecFirewallExceptionsInstall.
Action ended 12:06:58: WixExecFirewallExceptionsInstall. Return value 1.
Action ended 12:06:58: WixSchedFirewallExceptionsInstall. Return value 1.
Action 12:06:58: DuplicateFiles. Creating duplicate files
Action start 12:06:58: DuplicateFiles.
Action ended 12:06:58: DuplicateFiles. Return value 1.
Action 12:06:58: CreateShortcuts. Creating shortcuts
Action start 12:06:58: CreateShortcuts.
Action ended 12:06:58: CreateShortcuts. Return value 1.
Action 12:06:58: WriteRegistryValues. Writing system registry values
Action start 12:06:58: WriteRegistryValues.
Action ended 12:06:58: WriteRegistryValues. Return value 1.
Action 12:06:58: SelfRegModules. Registering modules
Action start 12:06:58: SelfRegModules.
Action ended 12:06:58: SelfRegModules. Return value 1.
Action 12:06:58: InstallServices. Installing new services
Action start 12:06:58: InstallServices.
Action ended 12:06:58: InstallServices. Return value 1.
Action 12:06:58: SchedSecureObjects_x64. 
Action start 12:06:58: SchedSecureObjects_x64.
Action 12:06:58: ExecSecureObjects_64. 
Action start 12:06:58: ExecSecureObjects_64.
Action ended 12:06:58: ExecSecureObjects_64. Return value 1.
Action ended 12:06:58: SchedSecureObjects_x64. Return value 1.
Action 12:06:58: StartServices. Starting services
Action start 12:06:58: StartServices.
Action ended 12:06:58: StartServices. Return value 1.
Action 12:06:58: RegisterUser. Registering user
Action start 12:06:58: RegisterUser.
Action ended 12:06:58: RegisterUser. Return value 1.
Action 12:06:58: RegisterProduct. Registering product
Action start 12:06:58: RegisterProduct.
Action ended 12:06:58: RegisterProduct. Return value 1.
Action 12:06:58: MsiPublishAssemblies. Publishing assembly information
Action start 12:06:58: MsiPublishAssemblies.
Action ended 12:06:58: MsiPublishAssemblies. Return value 1.
Action 12:06:58: PublishFeatures. Publishing Product Features
Action start 12:06:58: PublishFeatures.
Action ended 12:06:58: PublishFeatures. Return value 1.
Action 12:06:58: PublishProduct. Publishing product information
Action start 12:06:58: PublishProduct.
Action ended 12:06:58: PublishProduct. Return value 1.
Action 12:06:58: InstallExecute. 
Action start 12:06:58: InstallExecute.
Action 12:06:58: ProcessComponents. Updating component registration
Action start 12:06:58: ProcessComponents.
1: {F5234E0C-A06D-4404-8175-DCF5F9CFC337} 2: {E59FEDBA-2D03-4625-92DE-377C1D492CE4} 3: 02:\SOFTWARE\WIBU-SYSTEMS\CodeMeter\Server\CurrentVersion\IsNetworkServer 
1: {F5234E0C-A06D-4404-8175-DCF5F9CFC337} 2: {C1C460D9-7928-4C4F-8D66-7DC000DEADE3} 3: 02:\SOFTWARE\WIBU-SYSTEMS\CodeMeter\Server\CurrentVersion\HTTP\RemoteRead 
1: {F5234E0C-A06D-4404-8175-DCF5F9CFC337} 2: {6D444038-F45B-440A-85BE-0A3B71713799} 3: 02:\SOFTWARE\WIBU-SYSTEMS\CodeMeter\Server\CurrentVersion\IsNetworkServer 
1: {F5234E0C-A06D-4404-8175-DCF5F9CFC337} 2: {81AFAC5A-E633-4239-B42E-1B064B1D7EB1} 3: 02:\SOFTWARE\WIBU-SYSTEMS\CodeMeter\Server\CurrentVersion\HTTP\RemoteRead 
1: {F5234E0C-A06D-4404-8175-DCF5F9CFC337} 2: {529D055D-15B0-4B62-9D34-7F1E62E2EE40} 3: C:\ 
1: {F5234E0C-A06D-4404-8175-DCF5F9CFC337} 2: {690E3513-D1CA-4690-A905-086E30CCF2F5} 3: C:\ 
1: {F5234E0C-A06D-4404-8175-DCF5F9CFC337} 2: {535651E6-0BCE-4180-95C7-D0ED46A4EF62} 3: C:\ 
1: {F5234E0C-A06D-4404-8175-DCF5F9CFC337} 2: {63E09246-6CD1-474F-89A1-A5BB07D29A4E} 3: C:\ 
1: {F5234E0C-A06D-4404-8175-DCF5F9CFC337} 2: {ED9E0A8F-65C4-424F-BDED-3C9F7BB1A808} 3: C:\ 
1: {F5234E0C-A06D-4404-8175-DCF5F9CFC337} 2: {F11BE6CD-0C41-45A6-942A-C32B63833C2C} 3: C:\ 
1: {F5234E0C-A06D-4404-8175-DCF5F9CFC337} 2: {75026A81-CFB7-42E5-B418-FD1E62650AD3} 3: C:\ 
1: {F5234E0C-A06D-4404-8175-DCF5F9CFC337} 2: {BE13B7E3-6DE7-4109-ADC3-9A80CBE26031} 3: C:\ 
1: {F5234E0C-A06D-4404-8175-DCF5F9CFC337} 2: {F5480D2A-6075-4E06-9F69-89FFDDB3EBDC} 3: C:\Program Files (x86)\CodeMeter\Runtime\bin\CmRmtAct32.dll 
1: {F5234E0C-A06D-4404-8175-DCF5F9CFC337} 2: {66B033F4-C2C6-4723-AD83-EB4192DAD02D} 3: C:\Program Files (x86)\CodeMeter\Runtime\bin\CmRmtAct32.lde 
1: {F5234E0C-A06D-4404-8175-DCF5F9CFC337} 2: {747A7E73-458A-4902-B98D-033FBF17DBC8} 3: C:\Program Files (x86)\CodeMeter\Runtime\bin\CmRmtAct32.lfr 
1: {F5234E0C-A06D-4404-8175-DCF5F9CFC337} 2: {2D777F0A-8BA0-4A5F-ACFF-FD234018ED1F} 3: C:\Program Files (x86)\CodeMeter\Runtime\bin\CmRmtAct32.lit 
1: {F5234E0C-A06D-4404-8175-DCF5F9CFC337} 2: {4CCD5EF8-C988-4B63-8E13-5CF2EBC4B90D} 3: C:\Program Files (x86)\CodeMeter\Runtime\bin\CmRmtAct32.ljp 
1: {F5234E0C-A06D-4404-8175-DCF5F9CFC337} 2: {7871595C-E886-4E5C-9A3C-5EF96AA2FCF3} 3: C:\Program Files (x86)\CodeMeter\Runtime\bin\CmRmtAct32.lcn 
1: {F5234E0C-A06D-4404-8175-DCF5F9CFC337} 2: {6D41C708-8813-4D75-9435-4A9D74C0E6C8} 3: C:\Program Files (x86)\CodeMeter\Runtime\bin\CmRmtAct32.les 
1: {F5234E0C-A06D-4404-8175-DCF5F9CFC337} 2: {A8E7DF80-35E2-4709-A7A1-C8FB7ECCB13D} 3: C:\Program Files (x86)\CodeMeter\Runtime\bin\CmRmtAct32.lru 
1: {F5234E0C-A06D-4404-8175-DCF5F9CFC337} 2: {AF6530A6-43A9-40A4-BA71-123284016E91} 3: C:\Program Files (x86)\CodeMeter\Runtime\bin\WibuCmTrigger32.dll 
1: {F5234E0C-A06D-4404-8175-DCF5F9CFC337} 2: {6D2E906A-B79E-4A26-BDD6-068F603B8824} 3: C:\Program Files (x86)\CodeMeter\Runtime\bin\WibuCmTrigger32.lde 
1: {F5234E0C-A06D-4404-8175-DCF5F9CFC337} 2: {5A30319F-CDE6-4B48-9ACD-92241FB564BC} 3: C:\Program Files (x86)\CodeMeter\Runtime\bin\WibuCmTrigger32.lfr 
1: {F5234E0C-A06D-4404-8175-DCF5F9CFC337} 2: {C3911717-FAC6-4D06-BF78-33A0A0688D8B} 3: C:\Program Files (x86)\CodeMeter\Runtime\bin\WibuCmTrigger32.lit 
1: {F5234E0C-A06D-4404-8175-DCF5F9CFC337} 2: {6D1EEBBD-11C6-4F2B-BF2B-2AD4C4F96CD3} 3: C:\Program Files (x86)\CodeMeter\Runtime\bin\WibuCmTrigger32.ljp 
1: {F5234E0C-A06D-4404-8175-DCF5F9CFC337} 2: {69DF8A25-AB1D-4097-93FE-38901E1B857F} 3: C:\Program Files (x86)\CodeMeter\Runtime\bin\WibuCmTrigger32.lcn 
1: {F5234E0C-A06D-4404-8175-DCF5F9CFC337} 2: {268E51A3-A606-4D34-9460-D44D0543370F} 3: C:\Program Files (x86)\CodeMeter\Runtime\bin\WibuCmTrigger32.les 
1: {F5234E0C-A06D-4404-8175-DCF5F9CFC337} 2: {AC713ECE-6E7C-44EF-8F6D-9E1E425ED31F} 3: C:\Program Files (x86)\CodeMeter\Runtime\bin\WibuCmTrigger32.lru 
1: {F5234E0C-A06D-4404-8175-DCF5F9CFC337} 2: {D6B5221F-1CAF-4008-B840-81037996008B} 3: C:\windows\syswow64\WibuCm32.lde 
1: {F5234E0C-A06D-4404-8175-DCF5F9CFC337} 2: {91CBC7DA-C413-4D19-BC1C-8D332EA0D252} 3: C:\windows\syswow64\WibuCm32.lfr 
1: {F5234E0C-A06D-4404-8175-DCF5F9CFC337} 2: {F8BAB59F-CE67-4A4A-AF54-1230E5E73A87} 3: C:\windows\syswow64\WibuCm32.lit 
1: {F5234E0C-A06D-4404-8175-DCF5F9CFC337} 2: {DD0C0AC4-4163-43B9-AF5C-1F3B810BEBEE} 3: C:\windows\syswow64\WibuCm32.les 
1: {F5234E0C-A06D-4404-8175-DCF5F9CFC337} 2: {39EA6BFB-9C02-4EE0-B140-0924F534480F} 3: C:\windows\syswow64\WibuCm32.ljp 
1: {F5234E0C-A06D-4404-8175-DCF5F9CFC337} 2: {69E23564-A0E2-471F-AB86-E9FCC8C5ABCC} 3: C:\windows\syswow64\WibuCm32.lcn 
1: {F5234E0C-A06D-4404-8175-DCF5F9CFC337} 2: {E7D6E371-1005-4DB2-9E7E-6A627EC4F6B3} 3: C:\windows\syswow64\WibuCm32.lru 
1: {F5234E0C-A06D-4404-8175-DCF5F9CFC337} 2: {01D5B1C2-C3D6-41AE-B92C-AF11D50E4B97} 3: C:\windows\syswow64\WibuCm32.dll 
1: {F5234E0C-A06D-4404-8175-DCF5F9CFC337} 2: {DF8E5F1E-D60A-41BB-8770-7FD8D029E411} 3: C:\windows\syswow64\wibucmJNI.dll 
1: {F5234E0C-A06D-4404-8175-DCF5F9CFC337} 2: {6DFC4C4E-12EE-4F8B-8380-875B4B6143D4} 3: C:\windows\syswow64\WibuXpm4J32.dll 
1: {F5234E0C-A06D-4404-8175-DCF5F9CFC337} 2: {67B90159-19D7-46A9-B2BD-E6816E978FAB} 3: C:\windows\syswow64\cpsrt.dll 
1: {F5234E0C-A06D-4404-8175-DCF5F9CFC337} 2: {B0E4E3DC-6296-44CC-AA87-5314BFC1038F} 3: C:\windows\system32\WibuCm64.lde 
1: {F5234E0C-A06D-4404-8175-DCF5F9CFC337} 2: {B186F3B7-90D4-4311-A602-989BBCD2C4EE} 3: C:\windows\system32\WibuCm64.lfr 
1: {F5234E0C-A06D-4404-8175-DCF5F9CFC337} 2: {F80DBE7B-1426-4913-81CC-6BE7CB600EBF} 3: C:\windows\system32\WibuCm64.lit 
1: {F5234E0C-A06D-4404-8175-DCF5F9CFC337} 2: {08058916-0475-4E55-9C5C-CCAFF08C571D} 3: C:\windows\system32\WibuCm64.les 
1: {F5234E0C-A06D-4404-8175-DCF5F9CFC337} 2: {6696A63E-2016-4CB9-A0B0-77E4A3B15110} 3: C:\windows\system32\WibuCm64.ljp 
1: {F5234E0C-A06D-4404-8175-DCF5F9CFC337} 2: {78B31B95-5DAA-493D-9516-25A128A693A7} 3: C:\windows\system32\WibuCm64.lcn 
1: {F5234E0C-A06D-4404-8175-DCF5F9CFC337} 2: {000A2D48-5AF5-4602-9E5C-148A96FC2AF4} 3: C:\windows\system32\WibuCm64.lru 
1: {F5234E0C-A06D-4404-8175-DCF5F9CFC337} 2: {4D5300EB-8375-42A2-8E72-A659C3230AC5} 3: C:\windows\system32\WibuCm64.dll 
1: {F5234E0C-A06D-4404-8175-DCF5F9CFC337} 2: {7499A84D-5AC2-479B-B54F-0F6F29C0B492} 3: C:\windows\system32\wibucmJNI64.dll 
1: {F5234E0C-A06D-4404-8175-DCF5F9CFC337} 2: {09F9509E-E6EE-47C7-9B51-06E0F5A605F5} 3: C:\windows\system32\WibuXpm4J64.dll 
1: {F5234E0C-A06D-4404-8175-DCF5F9CFC337} 2: {F2C6F2F2-39E6-4518-B27C-831AFA382FBA} 3: C:\windows\system32\cpsrt.dll 
1: {F5234E0C-A06D-4404-8175-DCF5F9CFC337} 2: {D1AE51F3-ED61-453B-912A-4520DA29F929} 3:  
1: {F5234E0C-A06D-4404-8175-DCF5F9CFC337} 2: {36F0FE00-CE1F-474F-B52E-34F6E873EC2C} 3:  
1: {F5234E0C-A06D-4404-8175-DCF5F9CFC337} 2: {5DDE966B-D8B4-48F5-8755-4A8F82F8FD65} 3:  
1: {F5234E0C-A06D-4404-8175-DCF5F9CFC337} 2: {8472F12D-4D70-4714-AF47-2703EA6DC82D} 3: C:\Program Files\CodeMeter\Runtime\bin\WibuCmTrigger64.dll 
1: {F5234E0C-A06D-4404-8175-DCF5F9CFC337} 2: {F46B537E-D209-43C3-928C-C5D0A0F11589} 3: C:\Program Files\CodeMeter\Runtime\bin\WibuCmTrigger64.lde 
1: {F5234E0C-A06D-4404-8175-DCF5F9CFC337} 2: {2540EB1F-FF74-4819-9583-05334F7A9057} 3: C:\Program Files\CodeMeter\Runtime\bin\WibuCmTrigger64.lfr 
1: {F5234E0C-A06D-4404-8175-DCF5F9CFC337} 2: {AE716D6F-4109-40CC-A9FF-59EDA4BF27FF} 3: C:\Program Files\CodeMeter\Runtime\bin\WibuCmTrigger64.lit 
1: {F5234E0C-A06D-4404-8175-DCF5F9CFC337} 2: {BD05EFC2-1750-4CEA-A35B-F571909CF268} 3: C:\Program Files\CodeMeter\Runtime\bin\WibuCmTrigger64.ljp 
1: {F5234E0C-A06D-4404-8175-DCF5F9CFC337} 2: {05F07B87-817A-4406-8508-FB5783B77D28} 3: C:\Program Files\CodeMeter\Runtime\bin\WibuCmTrigger64.lcn 
1: {F5234E0C-A06D-4404-8175-DCF5F9CFC337} 2: {EB234938-5FC0-4B89-8ED9-08A49C3F67B9} 3: C:\Program Files\CodeMeter\Runtime\bin\WibuCmTrigger64.les 
1: {F5234E0C-A06D-4404-8175-DCF5F9CFC337} 2: {14D3798D-441A-46DB-A411-DD6B5FF6FF70} 3: C:\Program Files\CodeMeter\Runtime\bin\WibuCmTrigger64.lru 
1: {F5234E0C-A06D-4404-8175-DCF5F9CFC337} 2: {CB769EF1-C8EF-4EF9-B99C-940AA73C8456} 3: C:\Program Files\CodeMeter\Runtime\bin\CmRmtAct64.dll 
1: {F5234E0C-A06D-4404-8175-DCF5F9CFC337} 2: {EAC60BBF-16AB-44FB-ABE0-A56CECD2052E} 3: C:\Program Files\CodeMeter\Runtime\bin\CmRmtAct64.lde 
1: {F5234E0C-A06D-4404-8175-DCF5F9CFC337} 2: {E338C9C3-1171-4BAA-B325-3D86010A1BF8} 3: C:\Program Files\CodeMeter\Runtime\bin\CmRmtAct64.lfr 
1: {F5234E0C-A06D-4404-8175-DCF5F9CFC337} 2: {47CFD868-2C41-4E13-B089-7C98ACB9337B} 3: C:\Program Files\CodeMeter\Runtime\bin\CmRmtAct64.lit 
1: {F5234E0C-A06D-4404-8175-DCF5F9CFC337} 2: {3414B73C-4BAD-478F-8498-A9DBED789358} 3: C:\Program Files\CodeMeter\Runtime\bin\CmRmtAct64.ljp 
1: {F5234E0C-A06D-4404-8175-DCF5F9CFC337} 2: {9D13521D-72DA-4970-8B48-9C5C165D4DE9} 3: C:\Program Files\CodeMeter\Runtime\bin\CmRmtAct64.lcn 
1: {F5234E0C-A06D-4404-8175-DCF5F9CFC337} 2: {0F273B4A-3CFB-4345-ADD9-8981CEBD6977} 3: C:\Program Files\CodeMeter\Runtime\bin\CmRmtAct64.les 
1: {F5234E0C-A06D-4404-8175-DCF5F9CFC337} 2: {FA3BD0AF-981B-4287-8116-06A157BE387B} 3: C:\Program Files\CodeMeter\Runtime\bin\CmRmtAct64.lru 
1: {F5234E0C-A06D-4404-8175-DCF5F9CFC337} 2: {FE943D82-5C8B-40D2-8E1A-E03B08BF66FC} 3: C:\Program Files\CodeMeter\Runtime\bin\CodeMeter.exe 
1: {F5234E0C-A06D-4404-8175-DCF5F9CFC337} 2: {CC480B45-C131-400B-B1D5-C4D2BBE02781} 3: C:\Program Files\CodeMeter\Runtime\bin\CodeMeter.lde 
1: {F5234E0C-A06D-4404-8175-DCF5F9CFC337} 2: {434F947C-C02B-4F83-BCBB-A73C8F0C15A2} 3: C:\Program Files\CodeMeter\Runtime\bin\CodeMeter.lfr 
1: {F5234E0C-A06D-4404-8175-DCF5F9CFC337} 2: {C34D5F40-82D9-45A1-9DA7-B5A4A34B32CB} 3: C:\Program Files\CodeMeter\Runtime\bin\CodeMeter.lit 
1: {F5234E0C-A06D-4404-8175-DCF5F9CFC337} 2: {B6F5DDF9-0199-477C-B5D7-EB560937302F} 3: C:\Program Files\CodeMeter\Runtime\bin\CodeMeter.les 
1: {F5234E0C-A06D-4404-8175-DCF5F9CFC337} 2: {4CC67D29-0BA5-4A12-B4F8-F0E8C7AC1B14} 3: C:\Program Files\CodeMeter\Runtime\bin\CodeMeter.ljp 
1: {F5234E0C-A06D-4404-8175-DCF5F9CFC337} 2: {A2E486DA-4107-41E8-8731-F179163232CD} 3: C:\Program Files\CodeMeter\Runtime\bin\CodeMeter.lcn 
1: {F5234E0C-A06D-4404-8175-DCF5F9CFC337} 2: {D5771A68-6BAD-44F1-BC79-303B37E611FA} 3: C:\Program Files\CodeMeter\Runtime\bin\CodeMeter.lru 
1: {F5234E0C-A06D-4404-8175-DCF5F9CFC337} 2: {5F42569A-1D46-457B-9E73-013B59CD0906} 3: C:\Program Files\CodeMeter\Runtime\bin\CodeMeterCC.exe 
1: {F5234E0C-A06D-4404-8175-DCF5F9CFC337} 2: {0A7C6F27-7355-453F-A5D1-4BD73C1EF364} 3: C:\Program Files\CodeMeter\Runtime\bin\cmu.exe 
1: {F5234E0C-A06D-4404-8175-DCF5F9CFC337} 2: {029D0231-8A21-40D6-954A-4F0503AB51F7} 3: C:\Program Files\CodeMeter\Runtime\bin\CmWebAdmin.exe 
1: {F5234E0C-A06D-4404-8175-DCF5F9CFC337} 2: {CD069590-390C-4C73-8BCF-1E5FBA7237C7} 3: C:\Program Files\Common Files\WIBU Shared\Plugins\CmReady\cmready.dll 
1: {F5234E0C-A06D-4404-8175-DCF5F9CFC337} 2: {4945836C-49E9-4AD0-8717-5037F2F841CD} 3: C:\Program Files\CodeMeter\Runtime\help\8.40a\OpenSource_en.pdf 
1: {F5234E0C-A06D-4404-8175-DCF5F9CFC337} 2: {792F4CF5-E3FF-4BD8-96CF-CCFE963B96EC} 3: C:\Program Files\CodeMeter\Runtime\bin\ 
1: {F5234E0C-A06D-4404-8175-DCF5F9CFC337} 2: {403C92B0-A275-4C6C-9FED-775BCE61158B} 3: C:\Program Files\Common Files\WIBU Shared\Plugins\CmReady\ 
1: {F5234E0C-A06D-4404-8175-DCF5F9CFC337} 2: {28F35311-4A9C-4A0C-9EE3-500413B7EEF6} 3: C:\ 
1: {F5234E0C-A06D-4404-8175-DCF5F9CFC337} 2: {03082541-ABEF-4B94-A57F-7431119691A6} 3: C:\ProgramData\CodeMeter\Backup\ 
1: {F5234E0C-A06D-4404-8175-DCF5F9CFC337} 2: {672A3B3E-75D6-4011-BE4F-894CB99C3950} 3: C:\ProgramData\CodeMeter\Backup\ 
1: {F5234E0C-A06D-4404-8175-DCF5F9CFC337} 2: {9F965320-7324-4469-A07C-FC1E93FB1653} 3: C:\ProgramData\CodeMeter\Backup\ 
1: {F5234E0C-A06D-4404-8175-DCF5F9CFC337} 2: {82D5B39D-8B1B-4ADF-8E39-02E165FA7296} 3: C:\ProgramData\CodeMeter\Logs\ 
1: {F5234E0C-A06D-4404-8175-DCF5F9CFC337} 2: {A6E03335-A11E-4834-856A-B7BD777C5612} 3: C:\ProgramData\CodeMeter\Logs\ 
1: {F5234E0C-A06D-4404-8175-DCF5F9CFC337} 2: {D5C8C9FA-CFDE-43C1-9D15-93041E3D496F} 3: C:\ProgramData\CodeMeter\Logs\ 
1: {F5234E0C-A06D-4404-8175-DCF5F9CFC337} 2: {32EF1EFC-EB24-4E34-AD8A-6C36D16CA955} 3: C:\ProgramData\CodeMeter\CmAct\ 
1: {F5234E0C-A06D-4404-8175-DCF5F9CFC337} 2: {49E25D94-9A23-4292-9836-B27F56F1C1ED} 3: C:\ProgramData\CodeMeter\CmAct\ 
1: {F5234E0C-A06D-4404-8175-DCF5F9CFC337} 2: {5ED06F70-79EA-4E7B-9315-EE771F3C19F6} 3: C:\ProgramData\CodeMeter\CmCloud\ 
1: {F5234E0C-A06D-4404-8175-DCF5F9CFC337} 2: {64D9FEB8-8599-498C-AD9F-9C3EB20D0FE6} 3: C:\Program Files\CodeMeter\Runtime\bin\ 
1: {F5234E0C-A06D-4404-8175-DCF5F9CFC337} 2: {48DDDEC2-EB96-4A1F-B351-6928E5F9E263} 3: 02:\SOFTWARE\CodeMeterCC\Capabilities\FileAssociations\.wbb 
1: {F5234E0C-A06D-4404-8175-DCF5F9CFC337} 2: {682EDA24-2546-4FC8-8B05-59DC7DD6D502} 3: C:\Program Files\CodeMeter\Runtime\bin\ 
1: {F5234E0C-A06D-4404-8175-DCF5F9CFC337} 2: {12F01609-3C6F-485E-AFA5-A3A3157BB4C4} 3: C:\Program Files\CodeMeter\Runtime\bin\ 
1: {F5234E0C-A06D-4404-8175-DCF5F9CFC337} 2: {AA8A754E-06B4-49DD-AEE9-5D77A7171DD8} 3: C:\Program Files\CodeMeter\Runtime\bin\ 
1: {F5234E0C-A06D-4404-8175-DCF5F9CFC337} 2: {980A50B6-785F-4378-ACB6-6A44460421E6} 3: C:\Program Files\CodeMeter\Runtime\bin\ 
1: {F5234E0C-A06D-4404-8175-DCF5F9CFC337} 2: {760AC7F1-E4BA-4C9C-A39E-972658C65E0F} 3: 02:\SOFTWARE\WIBU-SYSTEMS\CodeMeter\Server\CurrentVersion\ExePath 
1: {F5234E0C-A06D-4404-8175-DCF5F9CFC337} 2: {7E444B9F-FFB3-4457-8468-104E44168C78} 3: 02:\SOFTWARE\WIBU-SYSTEMS\CodeMeter\Server\CurrentVersion\StartAlways 
1: {F5234E0C-A06D-4404-8175-DCF5F9CFC337} 2: {9C3A1F13-17C4-405D-ABF5-E72D57992673} 3: 02:\SOFTWARE\WIBU-SYSTEMS\CodeMeter\Server\CurrentVersion\HelpFile 
1: {F5234E0C-A06D-4404-8175-DCF5F9CFC337} 2: {FC1411DA-96AC-41AF-B36A-84A4098B73EA} 3: 02:\SOFTWARE\WIBU-SYSTEMS\CodeMeter\Server\CurrentVersion\UseUmsDA 
1: {F5234E0C-A06D-4404-8175-DCF5F9CFC337} 2: {5270FD96-A92D-44F7-8577-C8598D63F4CE} 3: C:\ 
1: {F5234E0C-A06D-4404-8175-DCF5F9CFC337} 2: {D8BF929A-02FD-430B-9B73-767B87F8D105} 3: 02:\SOFTWARE\WIBU-SYSTEMS\CodeMeter\Server\CurrentVersion\HTTP\RemoteWrite 
1: {F5234E0C-A06D-4404-8175-DCF5F9CFC337} 2: {D5F5FB7A-DE6D-46FA-8AB3-72C16FF42664} 3: 02:\SOFTWARE\WIBU-SYSTEMS\CodeMeter\Server\CurrentVersion\TimeServerURL1 
1: {F5234E0C-A06D-4404-8175-DCF5F9CFC337} 2: {BCDF5BA7-5335-4338-AD6A-E9FDDBA1BB35} 3: 02:\SOFTWARE\WIBU-SYSTEMS\CodeMeter\Server\CurrentVersion\TimeServerURL2 
1: {F5234E0C-A06D-4404-8175-DCF5F9CFC337} 2: {7BCB4219-B0A0-4218-B41F-697AD0526A24} 3: 02:\SOFTWARE\WIBU-SYSTEMS\CodeMeter\Server\CurrentVersion\TimeServerURL3 
1: {F5234E0C-A06D-4404-8175-DCF5F9CFC337} 2: {EAE7E523-08BB-41D1-9954-DD1C19081B71} 3: 02:\SOFTWARE\WIBU-SYSTEMS\CodeMeter\RuntimeVersion 
1: {F5234E0C-A06D-4404-8175-DCF5F9CFC337} 2: {44454053-A0E1-4E8D-BDBB-ACA049282768} 3: 02:\SOFTWARE\WIBU-SYSTEMS\CodeMeter\RuntimeVersion 
1: {F5234E0C-A06D-4404-8175-DCF5F9CFC337} 2: {3959A96C-6F23-4065-AB82-B5D9B355BA7D} 3: 02:\Software\Microsoft\Windows NT\CurrentVersion\Image File Execution Options\CodeMeter.exe\DisableExceptionChainValidation 
1: {F5234E0C-A06D-4404-8175-DCF5F9CFC337} 2: {608BE949-7AC6-405A-A50D-C7984A32C8B1} 3: 02:\Software\Microsoft\Windows NT\CurrentVersion\Image File Execution Options\CodeMeterCC.exe\DisableExceptionChainValidation 
1: {F5234E0C-A06D-4404-8175-DCF5F9CFC337} 2: {D9A652B9-BC4E-417D-8BD0-F713CFDECB38} 3: 02:\Software\Microsoft\Windows NT\CurrentVersion\Image File Execution Options\cmu.exe\DisableExceptionChainValidation 
1: {F5234E0C-A06D-4404-8175-DCF5F9CFC337} 2: {12584FB4-06C4-4329-A277-EE4692418023} 3: C:\Program Files\CodeMeter\Runtime\bin\ 
1: {F5234E0C-A06D-4404-8175-DCF5F9CFC337} 2: {AB91F80E-0059-4EA6-8BDC-6F7B9D45EB6D} 3: C:\Program Files\WIBU-SYSTEMS\System\WibuShellExt64.dll 
1: {F5234E0C-A06D-4404-8175-DCF5F9CFC337} 2: {CBFC440A-D76F-4D55-BB20-CF4D73BB54F2} 3: C:\Program Files\WIBU-SYSTEMS\System\ 
1: {F5234E0C-A06D-4404-8175-DCF5F9CFC337} 2: {EA99AE5D-909A-EE95-E6A8-92B2E20D2A9B} 3: <\policy.2.0.WibuCmNET,fileVersion="3.34.190.500",version="3.34.190.500",culture="neutral",publicKeyToken="01D86E1EB0C69C23" 
1: {F5234E0C-A06D-4404-8175-DCF5F9CFC337} 2: {F0D37E2F-F78C-FB57-35C5-A180D88C779A} 3: <\policy.2.1.WibuCmNET,fileVersion="3.34.190.500",version="3.34.190.500",culture="neutral",publicKeyToken="01D86E1EB0C69C23" 
1: {F5234E0C-A06D-4404-8175-DCF5F9CFC337} 2: {36C41553-02EF-D285-6EF2-CF256755DEC3} 3: <\policy.2.10.WibuCmNET,fileVersion="3.34.190.500",version="3.34.190.500",culture="neutral",publicKeyToken="01D86E1EB0C69C23" 
1: {F5234E0C-A06D-4404-8175-DCF5F9CFC337} 2: {04AB7C8D-23ED-8002-3BA6-2855EBC479A0} 3: <\policy.2.20.WibuCmNET,fileVersion="3.34.190.500",version="3.34.190.500",culture="neutral",publicKeyToken="01D86E1EB0C69C23" 
1: {F5234E0C-A06D-4404-8175-DCF5F9CFC337} 2: {065C80F7-983D-2150-7BE7-213FDB3E4A3D} 3: <\policy.3.0.WibuCmNET,fileVersion="3.34.190.500",version="3.34.190.500",culture="neutral",publicKeyToken="01D86E1EB0C69C23" 
1: {F5234E0C-A06D-4404-8175-DCF5F9CFC337} 2: {1AF04CDE-AF1E-8A8A-499B-3824D37496CE} 3: <\policy.3.20.WibuCmNET,fileVersion="3.34.190.500",version="3.34.190.500",culture="neutral",publicKeyToken="01D86E1EB0C69C23" 
1: {F5234E0C-A06D-4404-8175-DCF5F9CFC337} 2: {174ACEE4-F933-08DC-133F-ADE8E592A12D} 3: <\policy.3.30.WibuCmNET,fileVersion="3.34.190.500",version="3.34.190.500",culture="neutral",publicKeyToken="01D86E1EB0C69C23" 
1: {F5234E0C-A06D-4404-8175-DCF5F9CFC337} 2: {0AB49175-F763-7854-9E02-825FBE8B5702} 3: <\policy.3.31.WibuCmNET,fileVersion="3.34.190.500",version="3.34.190.500",culture="neutral",publicKeyToken="01D86E1EB0C69C23" 
1: {F5234E0C-A06D-4404-8175-DCF5F9CFC337} 2: {82C49F3F-17E6-44E7-9283-F68BE554B840} 3: <\policy.3.32.WibuCmNET,fileVersion="3.34.190.500",version="3.34.190.500",culture="neutral",publicKeyToken="01D86E1EB0C69C23" 
1: {F5234E0C-A06D-4404-8175-DCF5F9CFC337} 2: {CE9B146E-B656-4CA5-B610-C3BDA69E847A} 3: <\policy.3.33.WibuCmNET,fileVersion="3.34.190.500",version="3.34.190.500",culture="neutral",publicKeyToken="01D86E1EB0C69C23" 
1: {F5234E0C-A06D-4404-8175-DCF5F9CFC337} 2: {21C9B721-2AAA-7981-02CC-39513268F659} 3: <\WibuCmNET,fileVersion="3.34.190.500",version="3.34.190.500",culture="neutral",publicKeyToken="01D86E1EB0C69C23" 
1: {F5234E0C-A06D-4404-8175-DCF5F9CFC337} 2: {449F1CDC-F11C-1656-1CA3-835DB32ACF20} 3: <\WibuCmNET.resources,fileVersion="3.34.190.500",version="3.34.190.500",culture="de",publicKeyToken="01D86E1EB0C69C23" 
1: {F5234E0C-A06D-4404-8175-DCF5F9CFC337} 2: {4663F08D-EF79-B465-90E7-B3CCA0E3B198} 3: <\WibuCmNET.resources,fileVersion="3.34.190.500",version="3.34.190.500",culture="it",publicKeyToken="01D86E1EB0C69C23" 
1: {F5234E0C-A06D-4404-8175-DCF5F9CFC337} 2: {F19D81A4-B0A1-04DB-F763-BF2C9A8B710D} 3: <\WibuCmNET.resources,fileVersion="3.34.190.500",version="3.34.190.500",culture="fr",publicKeyToken="01D86E1EB0C69C23" 
1: {F5234E0C-A06D-4404-8175-DCF5F9CFC337} 2: {4DFC95FE-6EC1-761B-6E47-6CE2DEC4BBD6} 3: <\WibuCmNET.resources,fileVersion="3.34.190.500",version="3.34.190.500",culture="ja",publicKeyToken="01D86E1EB0C69C23" 
1: {F5234E0C-A06D-4404-8175-DCF5F9CFC337} 2: {85EE206D-1E50-9032-13A7-510F9B997BDD} 3: <\WibuCmNET.resources,fileVersion="3.34.190.500",version="3.34.190.500",culture="zh-CHS",publicKeyToken="01D86E1EB0C69C23" 
1: {F5234E0C-A06D-4404-8175-DCF5F9CFC337} 2: {B3A4C078-66BC-70E2-A34F-F868C3D97490} 3: <\policy.4.0.WibuCmNET,fileVersion="6.40.228.501",version="6.40.228.501",culture="neutral",publicKeyToken="01D86E1EB0C69C23" 
1: {F5234E0C-A06D-4404-8175-DCF5F9CFC337} 2: {AC11AE1B-4666-4114-B3F3-65960D051BF2} 3: <\policy.4.0.WibuCmNET,fileVersion="7.22.4682.500",version="7.22.4682.500",culture="neutral",publicKeyToken="01D86E1EB0C69C23",processorArchitecture="MSIL" 
1: {F5234E0C-A06D-4404-8175-DCF5F9CFC337} 2: {194678E8-A624-41A5-B338-DD66DD8B8D56} 3: <\policy.4.0.WibuCmNET,fileVersion="8.40.7120.501",version="8.40.7120.501",culture="neutral",publicKeyToken="01D86E1EB0C69C23",processorArchitecture="MSIL" 
1: {F5234E0C-A06D-4404-8175-DCF5F9CFC337} 2: {B519EF5E-F24D-44DB-FF6C-452CC243F3E6} 3: <\policy.4.1.WibuCmNET,fileVersion="6.40.228.501",version="6.40.228.501",culture="neutral",publicKeyToken="01D86E1EB0C69C23" 
1: {F5234E0C-A06D-4404-8175-DCF5F9CFC337} 2: {A4AA612C-352E-4467-AA3E-43C116142213} 3: <\policy.4.1.WibuCmNET,fileVersion="7.22.4682.500",version="7.22.4682.500",culture="neutral",publicKeyToken="01D86E1EB0C69C23",processorArchitecture="MSIL" 
1: {F5234E0C-A06D-4404-8175-DCF5F9CFC337} 2: {F62AECE0-B96E-49B8-A715-5282ACABBB71} 3: <\policy.4.1.WibuCmNET,fileVersion="8.40.7120.501",version="8.40.7120.501",culture="neutral",publicKeyToken="01D86E1EB0C69C23",processorArchitecture="MSIL" 
1: {F5234E0C-A06D-4404-8175-DCF5F9CFC337} 2: {B9E5EA4B-9E48-17B1-6B9D-3B1618157417} 3: <\policy.4.10.WibuCmNET,fileVersion="6.40.228.501",version="6.40.228.501",culture="neutral",publicKeyToken="01D86E1EB0C69C23" 
1: {F5234E0C-A06D-4404-8175-DCF5F9CFC337} 2: {D54D04A5-9DA3-4F97-9511-C623FD13E998} 3: <\policy.4.10.WibuCmNET,fileVersion="7.22.4682.500",version="7.22.4682.500",culture="neutral",publicKeyToken="01D86E1EB0C69C23",processorArchitecture="MSIL" 
1: {F5234E0C-A06D-4404-8175-DCF5F9CFC337} 2: {0E1BE157-EC4D-44D0-BA83-0A8141D7501C} 3: <\policy.4.10.WibuCmNET,fileVersion="8.40.7120.501",version="8.40.7120.501",culture="neutral",publicKeyToken="01D86E1EB0C69C23",processorArchitecture="MSIL" 
1: {F5234E0C-A06D-4404-8175-DCF5F9CFC337} 2: {CAE5EA4B-9E48-17B1-6B9D-3B1618157406} 3: <\policy.4.20.WibuCmNET,fileVersion="6.40.228.501",version="6.40.228.501",culture="neutral",publicKeyToken="01D86E1EB0C69C23" 
1: {F5234E0C-A06D-4404-8175-DCF5F9CFC337} 2: {BDC70C1A-DD28-4D5A-B378-8D01E93D5F29} 3: <\policy.4.20.WibuCmNET,fileVersion="7.22.4682.500",version="7.22.4682.500",culture="neutral",publicKeyToken="01D86E1EB0C69C23",processorArchitecture="MSIL" 
1: {F5234E0C-A06D-4404-8175-DCF5F9CFC337} 2: {BDA4E66C-1585-48B3-B9B1-B7AA40845157} 3: <\policy.4.20.WibuCmNET,fileVersion="8.40.7120.501",version="8.40.7120.501",culture="neutral",publicKeyToken="01D86E1EB0C69C23",processorArchitecture="MSIL" 
1: {F5234E0C-A06D-4404-8175-DCF5F9CFC337} 2: {18EF584D-FC40-44A5-89B2-8C537A3D3056} 3: <\policy.4.30.WibuCmNET,fileVersion="6.40.228.501",version="6.40.228.501",culture="neutral",publicKeyToken="01D86E1EB0C69C23" 
1: {F5234E0C-A06D-4404-8175-DCF5F9CFC337} 2: {C8AFEFDE-0D1E-4E48-BB3C-BCEF4A5A2C11} 3: <\policy.4.30.WibuCmNET,fileVersion="7.22.4682.500",version="7.22.4682.500",culture="neutral",publicKeyToken="01D86E1EB0C69C23",processorArchitecture="MSIL" 
1: {F5234E0C-A06D-4404-8175-DCF5F9CFC337} 2: {59755655-D008-4C21-ADE8-6DD67F2674C1} 3: <\policy.4.30.WibuCmNET,fileVersion="8.40.7120.501",version="8.40.7120.501",culture="neutral",publicKeyToken="01D86E1EB0C69C23",processorArchitecture="MSIL" 
1: {F5234E0C-A06D-4404-8175-DCF5F9CFC337} 2: {2067BEF5-1D1C-4EDD-A4C5-ADABBADA68B8} 3: <\policy.4.40.WibuCmNET,fileVersion="6.40.228.501",version="6.40.228.501",culture="neutral",publicKeyToken="01D86E1EB0C69C23" 
1: {F5234E0C-A06D-4404-8175-DCF5F9CFC337} 2: {F4462544-E89B-40CD-A062-9DCA8A715302} 3: <\policy.4.40.WibuCmNET,fileVersion="7.22.4682.500",version="7.22.4682.500",culture="neutral",publicKeyToken="01D86E1EB0C69C23",processorArchitecture="MSIL" 
1: {F5234E0C-A06D-4404-8175-DCF5F9CFC337} 2: {704BE758-13C6-4980-B13C-45B528AEB35A} 3: <\policy.4.40.WibuCmNET,fileVersion="8.40.7120.501",version="8.40.7120.501",culture="neutral",publicKeyToken="01D86E1EB0C69C23",processorArchitecture="MSIL" 
1: {F5234E0C-A06D-4404-8175-DCF5F9CFC337} 2: {E6C86030-8326-47B6-AA32-002778B8021B} 3: <\policy.4.50.WibuCmNET,fileVersion="6.40.228.501",version="6.40.228.501",culture="neutral",publicKeyToken="01D86E1EB0C69C23" 
1: {F5234E0C-A06D-4404-8175-DCF5F9CFC337} 2: {E4F2D70C-F552-41A9-B699-E4A3FEE0DA50} 3: <\policy.4.50.WibuCmNET,fileVersion="7.22.4682.500",version="7.22.4682.500",culture="neutral",publicKeyToken="01D86E1EB0C69C23",processorArchitecture="MSIL" 
1: {F5234E0C-A06D-4404-8175-DCF5F9CFC337} 2: {BDFBA09E-2FBC-4B47-9093-BEB8F3A9739C} 3: <\policy.4.50.WibuCmNET,fileVersion="8.40.7120.501",version="8.40.7120.501",culture="neutral",publicKeyToken="01D86E1EB0C69C23",processorArchitecture="MSIL" 
1: {F5234E0C-A06D-4404-8175-DCF5F9CFC337} 2: {E410007E-604E-4F08-B836-7481472C14EE} 3: <\policy.5.0.WibuCmNET,fileVersion="6.40.228.501",version="6.40.228.501",culture="neutral",publicKeyToken="01D86E1EB0C69C23" 
1: {F5234E0C-A06D-4404-8175-DCF5F9CFC337} 2: {DAE1637E-FF17-48D0-B82D-EBE20D7AE0B3} 3: <\policy.5.0.WibuCmNET,fileVersion="7.22.4682.500",version="7.22.4682.500",culture="neutral",publicKeyToken="01D86E1EB0C69C23",processorArchitecture="MSIL" 
1: {F5234E0C-A06D-4404-8175-DCF5F9CFC337} 2: {8F4B693B-6C43-4AAB-BFB6-A4A640C6103F} 3: <\policy.5.0.WibuCmNET,fileVersion="8.40.7120.501",version="8.40.7120.501",culture="neutral",publicKeyToken="01D86E1EB0C69C23",processorArchitecture="MSIL" 
1: {F5234E0C-A06D-4404-8175-DCF5F9CFC337} 2: {4E4F674C-62CE-4EA5-AF22-87FD00A6AC62} 3: <\policy.5.10.WibuCmNET,fileVersion="6.40.228.501",version="6.40.228.501",culture="neutral",publicKeyToken="01D86E1EB0C69C23" 
1: {F5234E0C-A06D-4404-8175-DCF5F9CFC337} 2: {2FFCDFC6-17A5-42E5-96E9-0FB312AF4378} 3: <\policy.5.10.WibuCmNET,fileVersion="7.22.4682.500",version="7.22.4682.500",culture="neutral",publicKeyToken="01D86E1EB0C69C23",processorArchitecture="MSIL" 
1: {F5234E0C-A06D-4404-8175-DCF5F9CFC337} 2: {235E920D-8262-4472-BDC7-5F847CEABD85} 3: <\policy.5.10.WibuCmNET,fileVersion="8.40.7120.501",version="8.40.7120.501",culture="neutral",publicKeyToken="01D86E1EB0C69C23",processorArchitecture="MSIL" 
1: {F5234E0C-A06D-4404-8175-DCF5F9CFC337} 2: {C5B0158F-AB7A-4F9F-9272-975E2EEB8664} 3: <\policy.5.20.WibuCmNET,fileVersion="6.40.228.501",version="6.40.228.501",culture="neutral",publicKeyToken="01D86E1EB0C69C23" 
1: {F5234E0C-A06D-4404-8175-DCF5F9CFC337} 2: {B90979CD-0803-4A24-B1BC-B24F90E51860} 3: <\policy.5.20.WibuCmNET,fileVersion="7.22.4682.500",version="7.22.4682.500",culture="neutral",publicKeyToken="01D86E1EB0C69C23",processorArchitecture="MSIL" 
1: {F5234E0C-A06D-4404-8175-DCF5F9CFC337} 2: {EB8EA9D1-08A8-4658-BC25-A9A330F94ED6} 3: <\policy.5.20.WibuCmNET,fileVersion="8.40.7120.501",version="8.40.7120.501",culture="neutral",publicKeyToken="01D86E1EB0C69C23",processorArchitecture="MSIL" 
1: {F5234E0C-A06D-4404-8175-DCF5F9CFC337} 2: {107C1C2F-977F-4A76-9866-A06C580D4F11} 3: <\policy.5.21.WibuCmNET,fileVersion="6.40.228.501",version="6.40.228.501",culture="neutral",publicKeyToken="01D86E1EB0C69C23" 
1: {F5234E0C-A06D-4404-8175-DCF5F9CFC337} 2: {6C609536-A671-48EE-8741-06B91F80D230} 3: <\policy.5.21.WibuCmNET,fileVersion="7.22.4682.500",version="7.22.4682.500",culture="neutral",publicKeyToken="01D86E1EB0C69C23",processorArchitecture="MSIL" 
1: {F5234E0C-A06D-4404-8175-DCF5F9CFC337} 2: {BB4EDD53-BC15-42B0-BF98-7F315A7D1D6B} 3: <\policy.5.21.WibuCmNET,fileVersion="8.40.7120.501",version="8.40.7120.501",culture="neutral",publicKeyToken="01D86E1EB0C69C23",processorArchitecture="MSIL" 
1: {F5234E0C-A06D-4404-8175-DCF5F9CFC337} 2: {58BFE134-38E1-422E-8DB9-82D614DA975B} 3: <\policy.5.22.WibuCmNET,fileVersion="6.40.228.501",version="6.40.228.501",culture="neutral",publicKeyToken="01D86E1EB0C69C23" 
1: {F5234E0C-A06D-4404-8175-DCF5F9CFC337} 2: {06886811-8AD5-4956-A353-766AD0D2EBC0} 3: <\policy.5.22.WibuCmNET,fileVersion="7.22.4682.500",version="7.22.4682.500",culture="neutral",publicKeyToken="01D86E1EB0C69C23",processorArchitecture="MSIL" 
1: {F5234E0C-A06D-4404-8175-DCF5F9CFC337} 2: {AAAAB167-C768-40CF-8778-9F2A2CC8E4E5} 3: <\policy.5.22.WibuCmNET,fileVersion="8.40.7120.501",version="8.40.7120.501",culture="neutral",publicKeyToken="01D86E1EB0C69C23",processorArchitecture="MSIL" 
1: {F5234E0C-A06D-4404-8175-DCF5F9CFC337} 2: {42A0AFC1-2C0D-46A0-B6BD-CEDFA391217E} 3: <\policy.6.0.WibuCmNET,fileVersion="6.40.228.501",version="6.40.228.501",culture="neutral",publicKeyToken="01D86E1EB0C69C23" 
1: {F5234E0C-A06D-4404-8175-DCF5F9CFC337} 2: {9C21F018-36BD-4945-B9F7-35F9F72D1BDC} 3: <\policy.6.0.WibuCmNET,fileVersion="7.22.4682.500",version="7.22.4682.500",culture="neutral",publicKeyToken="01D86E1EB0C69C23",processorArchitecture="MSIL" 
1: {F5234E0C-A06D-4404-8175-DCF5F9CFC337} 2: {DCEDE8E3-C010-452D-8CD2-575D83991F61} 3: <\policy.6.0.WibuCmNET,fileVersion="8.40.7120.501",version="8.40.7120.501",culture="neutral",publicKeyToken="01D86E1EB0C69C23",processorArchitecture="MSIL" 
1: {F5234E0C-A06D-4404-8175-DCF5F9CFC337} 2: {386D3AE0-DD34-4334-86B1-36E21C1867A1} 3: <\policy.6.10.WibuCmNET,fileVersion="6.40.228.501",version="6.40.228.501",culture="neutral",publicKeyToken="01D86E1EB0C69C23" 
1: {F5234E0C-A06D-4404-8175-DCF5F9CFC337} 2: {4DAEE357-2DDE-4BF9-AE4C-A28BB2C2411D} 3: <\policy.6.10.WibuCmNET,fileVersion="7.22.4682.500",version="7.22.4682.500",culture="neutral",publicKeyToken="01D86E1EB0C69C23",processorArchitecture="MSIL" 
1: {F5234E0C-A06D-4404-8175-DCF5F9CFC337} 2: {18D54597-68AC-49D0-A761-A48055EF3EDD} 3: <\policy.6.10.WibuCmNET,fileVersion="8.40.7120.501",version="8.40.7120.501",culture="neutral",publicKeyToken="01D86E1EB0C69C23",processorArchitecture="MSIL" 
1: {F5234E0C-A06D-4404-8175-DCF5F9CFC337} 2: {9C45AD6D-8765-4256-B912-C2F1902C5B38} 3: <\policy.6.20.WibuCmNET,fileVersion="6.40.228.501",version="6.40.228.501",culture="neutral",publicKeyToken="01D86E1EB0C69C23" 
1: {F5234E0C-A06D-4404-8175-DCF5F9CFC337} 2: {59EAC28E-4A8D-41E9-8177-C4F77F535A54} 3: <\policy.6.20.WibuCmNET,fileVersion="7.22.4682.500",version="7.22.4682.500",culture="neutral",publicKeyToken="01D86E1EB0C69C23",processorArchitecture="MSIL" 
1: {F5234E0C-A06D-4404-8175-DCF5F9CFC337} 2: {C5EA6EE3-2018-46CD-8A0F-272544D76C48} 3: <\policy.6.20.WibuCmNET,fileVersion="8.40.7120.501",version="8.40.7120.501",culture="neutral",publicKeyToken="01D86E1EB0C69C23",processorArchitecture="MSIL" 
1: {F5234E0C-A06D-4404-8175-DCF5F9CFC337} 2: {42CDA88B-7541-4470-AB6F-D7F5C6D03A3A} 3: <\policy.6.30.WibuCmNET,fileVersion="6.40.228.501",version="6.40.228.501",culture="neutral",publicKeyToken="01D86E1EB0C69C23" 
1: {F5234E0C-A06D-4404-8175-DCF5F9CFC337} 2: {4A5510B5-CE9C-4B06-8047-376939F4F18C} 3: <\policy.6.30.WibuCmNET,fileVersion="7.22.4682.500",version="7.22.4682.500",culture="neutral",publicKeyToken="01D86E1EB0C69C23",processorArchitecture="MSIL" 
1: {F5234E0C-A06D-4404-8175-DCF5F9CFC337} 2: {0301BAE5-0DF6-4631-B84B-AC1885F3794F} 3: <\policy.6.30.WibuCmNET,fileVersion="8.40.7120.501",version="8.40.7120.501",culture="neutral",publicKeyToken="01D86E1EB0C69C23",processorArchitecture="MSIL" 
1: {F5234E0C-A06D-4404-8175-DCF5F9CFC337} 2: {3015986F-8EB3-4164-B720-6A1B8B156A4F} 3: <\policy.6.40.WibuCmNET,fileVersion="6.40.228.501",version="6.40.228.501",culture="neutral",publicKeyToken="01D86E1EB0C69C23" 
1: {F5234E0C-A06D-4404-8175-DCF5F9CFC337} 2: {D65188C0-85E3-4342-B176-3148FDFF0190} 3: <\policy.6.40.WibuCmNET,fileVersion="7.22.4682.500",version="7.22.4682.500",culture="neutral",publicKeyToken="01D86E1EB0C69C23",processorArchitecture="MSIL" 
1: {F5234E0C-A06D-4404-8175-DCF5F9CFC337} 2: {E7AD8EB6-C250-4DEA-AE62-BA56A40EA9D4} 3: <\policy.6.40.WibuCmNET,fileVersion="8.40.7120.501",version="8.40.7120.501",culture="neutral",publicKeyToken="01D86E1EB0C69C23",processorArchitecture="MSIL" 
1: {F5234E0C-A06D-4404-8175-DCF5F9CFC337} 2: {16609223-86FA-433D-930A-7071F359950D} 3: <\policy.6.50.WibuCmNET,fileVersion="7.22.4682.500",version="7.22.4682.500",culture="neutral",publicKeyToken="01D86E1EB0C69C23",processorArchitecture="MSIL" 
1: {F5234E0C-A06D-4404-8175-DCF5F9CFC337} 2: {E0577810-329C-4EE9-8F61-178B6AC3308F} 3: <\policy.6.50.WibuCmNET,fileVersion="8.40.7120.501",version="8.40.7120.501",culture="neutral",publicKeyToken="01D86E1EB0C69C23",processorArchitecture="MSIL" 
1: {F5234E0C-A06D-4404-8175-DCF5F9CFC337} 2: {8D75C4E6-0BAE-440F-B91C-831526CC0F22} 3: <\policy.6.60.WibuCmNET,fileVersion="7.22.4682.500",version="7.22.4682.500",culture="neutral",publicKeyToken="01D86E1EB0C69C23",processorArchitecture="MSIL" 
1: {F5234E0C-A06D-4404-8175-DCF5F9CFC337} 2: {18AD8779-9496-4153-8ED4-935F14A265E9} 3: <\policy.6.60.WibuCmNET,fileVersion="8.40.7120.501",version="8.40.7120.501",culture="neutral",publicKeyToken="01D86E1EB0C69C23",processorArchitecture="MSIL" 
1: {F5234E0C-A06D-4404-8175-DCF5F9CFC337} 2: {CF2F0E67-FFCD-4624-A3AA-79EE5D34CC82} 3: <\policy.6.70.WibuCmNET,fileVersion="7.22.4682.500",version="7.22.4682.500",culture="neutral",publicKeyToken="01D86E1EB0C69C23",processorArchitecture="MSIL" 
1: {F5234E0C-A06D-4404-8175-DCF5F9CFC337} 2: {4EE3289C-9513-434F-84E2-A57A4B07CEE0} 3: <\policy.6.70.WibuCmNET,fileVersion="8.40.7120.501",version="8.40.7120.501",culture="neutral",publicKeyToken="01D86E1EB0C69C23",processorArchitecture="MSIL" 
1: {F5234E0C-A06D-4404-8175-DCF5F9CFC337} 2: {DE0C5536-6349-4BE9-A55E-E43B857BF3A6} 3: <\policy.6.80.WibuCmNET,fileVersion="7.22.4682.500",version="7.22.4682.500",culture="neutral",publicKeyToken="01D86E1EB0C69C23",processorArchitecture="MSIL" 
1: {F5234E0C-A06D-4404-8175-DCF5F9CFC337} 2: {5EFD28C8-FB93-4A98-A5DA-BCAC75FBE57F} 3: <\policy.6.80.WibuCmNET,fileVersion="8.40.7120.501",version="8.40.7120.501",culture="neutral",publicKeyToken="01D86E1EB0C69C23",processorArchitecture="MSIL" 
1: {F5234E0C-A06D-4404-8175-DCF5F9CFC337} 2: {6E99AAD6-7B74-4326-8E95-FE7717F27C25} 3: <\policy.6.81.WibuCmNET,fileVersion="7.22.4682.500",version="7.22.4682.500",culture="neutral",publicKeyToken="01D86E1EB0C69C23",processorArchitecture="MSIL" 
1: {F5234E0C-A06D-4404-8175-DCF5F9CFC337} 2: {2B05BC38-8292-4EAF-9B90-2CC954DA0155} 3: <\policy.6.81.WibuCmNET,fileVersion="8.40.7120.501",version="8.40.7120.501",culture="neutral",publicKeyToken="01D86E1EB0C69C23",processorArchitecture="MSIL" 
1: {F5234E0C-A06D-4404-8175-DCF5F9CFC337} 2: {78D630C1-81BA-49EF-BC0A-30CC616B9899} 3: <\policy.6.90.WibuCmNET,fileVersion="7.22.4682.500",version="7.22.4682.500",culture="neutral",publicKeyToken="01D86E1EB0C69C23",processorArchitecture="MSIL" 
1: {F5234E0C-A06D-4404-8175-DCF5F9CFC337} 2: {95649D83-D0DC-4DA7-A734-F17E77798BDD} 3: <\policy.6.90.WibuCmNET,fileVersion="8.40.7120.501",version="8.40.7120.501",culture="neutral",publicKeyToken="01D86E1EB0C69C23",processorArchitecture="MSIL" 
1: {F5234E0C-A06D-4404-8175-DCF5F9CFC337} 2: {F875A257-8E9B-4808-B106-A9157EE17BBB} 3: <\policy.7.0.WibuCmNET,fileVersion="7.22.4682.500",version="7.22.4682.500",culture="neutral",publicKeyToken="01D86E1EB0C69C23",processorArchitecture="MSIL" 
1: {F5234E0C-A06D-4404-8175-DCF5F9CFC337} 2: {65C3F70E-966D-4B5C-B15B-DF10D2A60B08} 3: <\policy.7.0.WibuCmNET,fileVersion="8.40.7120.501",version="8.40.7120.501",culture="neutral",publicKeyToken="01D86E1EB0C69C23",processorArchitecture="MSIL" 
1: {F5234E0C-A06D-4404-8175-DCF5F9CFC337} 2: {DFBCA4A1-6BBC-40BB-B6F6-CC0563D03674} 3: <\policy.7.10.WibuCmNET,fileVersion="7.22.4682.500",version="7.22.4682.500",culture="neutral",publicKeyToken="01D86E1EB0C69C23",processorArchitecture="MSIL" 
1: {F5234E0C-A06D-4404-8175-DCF5F9CFC337} 2: {07BC8148-8F8E-45FF-B6F8-867D706F68C9} 3: <\policy.7.10.WibuCmNET,fileVersion="8.40.7120.501",version="8.40.7120.501",culture="neutral",publicKeyToken="01D86E1EB0C69C23",processorArchitecture="MSIL" 
1: {F5234E0C-A06D-4404-8175-DCF5F9CFC337} 2: {CEBC24C1-FCB5-4EE1-9F10-815C7EAA8C95} 3: <\policy.7.20.WibuCmNET,fileVersion="7.22.4682.500",version="7.22.4682.500",culture="neutral",publicKeyToken="01D86E1EB0C69C23",processorArchitecture="MSIL" 
1: {F5234E0C-A06D-4404-8175-DCF5F9CFC337} 2: {94E81EA7-4C75-4EB3-AA07-C87A89F5FD33} 3: <\policy.7.20.WibuCmNET,fileVersion="8.40.7120.501",version="8.40.7120.501",culture="neutral",publicKeyToken="01D86E1EB0C69C23",processorArchitecture="MSIL" 
1: {F5234E0C-A06D-4404-8175-DCF5F9CFC337} 2: {4CF2AD66-B9BA-47B8-81DC-ED893366DC0C} 3: <\policy.7.21.WibuCmNET,fileVersion="7.22.4682.500",version="7.22.4682.500",culture="neutral",publicKeyToken="01D86E1EB0C69C23",processorArchitecture="MSIL" 
1: {F5234E0C-A06D-4404-8175-DCF5F9CFC337} 2: {797C7E0D-0D6F-436E-8777-8CE9DEFE4A4A} 3: <\policy.7.21.WibuCmNET,fileVersion="8.40.7120.501",version="8.40.7120.501",culture="neutral",publicKeyToken="01D86E1EB0C69C23",processorArchitecture="MSIL" 
1: {F5234E0C-A06D-4404-8175-DCF5F9CFC337} 2: {16197EF4-BE0D-41FD-9677-7BE585CF38E9} 3: <\policy.7.22.WibuCmNET,fileVersion="8.40.7120.501",version="8.40.7120.501",culture="neutral",publicKeyToken="01D86E1EB0C69C23",processorArchitecture="MSIL" 
1: {F5234E0C-A06D-4404-8175-DCF5F9CFC337} 2: {F4D5830C-17B4-C9B0-11B1-303B0BCB7C94} 3: <\policy.7.30.WibuCmNET,fileVersion="8.40.7120.501",version="8.40.7120.501",culture="neutral",publicKeyToken="01D86E1EB0C69C23",processorArchitecture="MSIL" 
1: {F5234E0C-A06D-4404-8175-DCF5F9CFC337} 2: {148D7A33-793C-BAE3-C8C7-7DE1D4DBA97A} 3: <\policy.7.40.WibuCmNET,fileVersion="8.40.7120.501",version="8.40.7120.501",culture="neutral",publicKeyToken="01D86E1EB0C69C23",processorArchitecture="MSIL" 
1: {F5234E0C-A06D-4404-8175-DCF5F9CFC337} 2: {6AEB01D4-FBAE-5F30-983F-3FE0DA09032D} 3: <\policy.7.50.WibuCmNET,fileVersion="8.40.7120.501",version="8.40.7120.501",culture="neutral",publicKeyToken="01D86E1EB0C69C23",processorArchitecture="MSIL" 
1: {F5234E0C-A06D-4404-8175-DCF5F9CFC337} 2: {90EAB77E-E039-C1D6-0384-FD89CB41BB8E} 3: <\policy.7.51.WibuCmNET,fileVersion="8.40.7120.501",version="8.40.7120.501",culture="neutral",publicKeyToken="01D86E1EB0C69C23",processorArchitecture="MSIL" 
1: {F5234E0C-A06D-4404-8175-DCF5F9CFC337} 2: {1CF6635D-74C2-75F2-0CB9-2E22BF8AE94F} 3: <\policy.7.60.WibuCmNET,fileVersion="8.40.7120.501",version="8.40.7120.501",culture="neutral",publicKeyToken="01D86E1EB0C69C23",processorArchitecture="MSIL" 
1: {F5234E0C-A06D-4404-8175-DCF5F9CFC337} 2: {29F234C4-2DA5-8B14-DB13-2FCE8B1BF0E5} 3: <\policy.7.61.WibuCmNET,fileVersion="8.40.7120.501",version="8.40.7120.501",culture="neutral",publicKeyToken="01D86E1EB0C69C23",processorArchitecture="MSIL" 
1: {F5234E0C-A06D-4404-8175-DCF5F9CFC337} 2: {8146406F-4401-8841-D712-55E6CF9AFD03} 3: <\policy.8.0.WibuCmNET,fileVersion="8.40.7120.501",version="8.40.7120.501",culture="neutral",publicKeyToken="01D86E1EB0C69C23",processorArchitecture="MSIL" 
1: {F5234E0C-A06D-4404-8175-DCF5F9CFC337} 2: {6384B6FD-2DEC-50F5-7A97-EBEAA3A94065} 3: <\policy.8.10.WibuCmNET,fileVersion="8.40.7120.501",version="8.40.7120.501",culture="neutral",publicKeyToken="01D86E1EB0C69C23",processorArchitecture="MSIL" 
1: {F5234E0C-A06D-4404-8175-DCF5F9CFC337} 2: {0F1AA512-7E1D-EAFC-BF26-90F9CAB55D04} 3: <\policy.8.20.WibuCmNET,fileVersion="8.40.7120.501",version="8.40.7120.501",culture="neutral",publicKeyToken="01D86E1EB0C69C23",processorArchitecture="MSIL" 
1: {F5234E0C-A06D-4404-8175-DCF5F9CFC337} 2: {F4F33CAC-A346-5251-7BB4-A6A5B0566A9B} 3: <\policy.8.30.WibuCmNET,fileVersion="8.40.7120.501",version="8.40.7120.501",culture="neutral",publicKeyToken="01D86E1EB0C69C23",processorArchitecture="MSIL" 
1: {F5234E0C-A06D-4404-8175-DCF5F9CFC337} 2: {B1EBB89D-7A49-49D8-5042-F78D012BED50} 3: <\policy.8.40.WibuCmNET,fileVersion="8.40.7120.501",version="8.40.7120.501",culture="neutral",publicKeyToken="01D86E1EB0C69C23",processorArchitecture="MSIL" 
1: {F5234E0C-A06D-4404-8175-DCF5F9CFC337} 2: {E41F2151-F9F3-4403-AD79-DB76C2692F3D} 3: <\WibuCmNET,fileVersion="6.40.228.501",version="6.40.228.501",culture="neutral",publicKeyToken="01D86E1EB0C69C23" 
1: {F5234E0C-A06D-4404-8175-DCF5F9CFC337} 2: {19D8CC90-DECE-49A3-91C7-2B9F95CEE536} 3: <\WibuCmNET.resources,fileVersion="6.40.228.501",version="6.40.228.501",culture="de",publicKeyToken="01D86E1EB0C69C23" 
1: {F5234E0C-A06D-4404-8175-DCF5F9CFC337} 2: {8762E41B-7C69-42B8-BB50-1773F0E0935A} 3: <\WibuCmNET.resources,fileVersion="6.40.228.501",version="6.40.228.501",culture="it",publicKeyToken="01D86E1EB0C69C23" 
1: {F5234E0C-A06D-4404-8175-DCF5F9CFC337} 2: {B57D70BF-3EC5-42F6-98C8-C8C2A108F545} 3: <\WibuCmNET.resources,fileVersion="6.40.228.501",version="6.40.228.501",culture="fr",publicKeyToken="01D86E1EB0C69C23" 
1: {F5234E0C-A06D-4404-8175-DCF5F9CFC337} 2: {6708992B-0FE3-4272-94C4-8FF11B251587} 3: <\WibuCmNET.resources,fileVersion="6.40.228.501",version="6.40.228.501",culture="es",publicKeyToken="01D86E1EB0C69C23" 
1: {F5234E0C-A06D-4404-8175-DCF5F9CFC337} 2: {0A26C38D-998E-4861-992B-E3C37B194C4F} 3: <\WibuCmNET.resources,fileVersion="6.40.228.501",version="6.40.228.501",culture="ru",publicKeyToken="01D86E1EB0C69C23" 
1: {F5234E0C-A06D-4404-8175-DCF5F9CFC337} 2: {F1540A9B-78E1-4002-B7E0-1306DDE741BA} 3: <\WibuCmNET.resources,fileVersion="6.40.228.501",version="6.40.228.501",culture="nl",publicKeyToken="01D86E1EB0C69C23" 
1: {F5234E0C-A06D-4404-8175-DCF5F9CFC337} 2: {0E21F3A7-CB1A-4237-BFCC-0E8BF2395E2F} 3: <\WibuCmNET.resources,fileVersion="6.40.228.501",version="6.40.228.501",culture="ja",publicKeyToken="01D86E1EB0C69C23" 
1: {F5234E0C-A06D-4404-8175-DCF5F9CFC337} 2: {8786ECED-D58B-41FE-8378-E60204B2BFCE} 3: <\WibuCmNET.resources,fileVersion="6.40.228.501",version="6.40.228.501",culture="zh-CHS",publicKeyToken="01D86E1EB0C69C23" 
1: {F5234E0C-A06D-4404-8175-DCF5F9CFC337} 2: {DB38AD92-CF18-0D46-8435-8360CA7B959D} 3: <\WibuCmNET,fileVersion="7.22.4682.500",version="7.22.4682.500",culture="neutral",publicKeyToken="01D86E1EB0C69C23",processorArchitecture="MSIL" 
1: {F5234E0C-A06D-4404-8175-DCF5F9CFC337} 2: {644AB20E-0658-413C-60AA-21E4400A4879} 3: <\WibuCmNET.resources,fileVersion="7.22.4682.500",version="7.22.4682.500",culture="de",publicKeyToken="01D86E1EB0C69C23",processorArchitecture="MSIL" 
1: {F5234E0C-A06D-4404-8175-DCF5F9CFC337} 2: {8CEDA7D6-ABE6-5590-754A-12E7CA362E17} 3: <\WibuCmNET.resources,fileVersion="7.22.4682.500",version="7.22.4682.500",culture="it",publicKeyToken="01D86E1EB0C69C23",processorArchitecture="MSIL" 
1: {F5234E0C-A06D-4404-8175-DCF5F9CFC337} 2: {67EA93AD-5611-5726-D850-37762433F415} 3: <\WibuCmNET.resources,fileVersion="7.22.4682.500",version="7.22.4682.500",culture="fr",publicKeyToken="01D86E1EB0C69C23",processorArchitecture="MSIL" 
1: {F5234E0C-A06D-4404-8175-DCF5F9CFC337} 2: {26322D13-7CA5-69D1-515A-31A64518B3F7} 3: <\WibuCmNET.resources,fileVersion="7.22.4682.500",version="7.22.4682.500",culture="es",publicKeyToken="01D86E1EB0C69C23",processorArchitecture="MSIL" 
1: {F5234E0C-A06D-4404-8175-DCF5F9CFC337} 2: {3D12BB56-2964-0598-B4EA-EDDD113D953A} 3: <\WibuCmNET.resources,fileVersion="7.22.4682.500",version="7.22.4682.500",culture="ru",publicKeyToken="01D86E1EB0C69C23",processorArchitecture="MSIL" 
1: {F5234E0C-A06D-4404-8175-DCF5F9CFC337} 2: {CAF68F2D-A36C-5303-ED9D-581179471F6B} 3: <\WibuCmNET.resources,fileVersion="7.22.4682.500",version="7.22.4682.500",culture="nl",publicKeyToken="01D86E1EB0C69C23",processorArchitecture="MSIL" 
1: {F5234E0C-A06D-4404-8175-DCF5F9CFC337} 2: {98B07E0E-9458-00A1-2B63-3EDB43CC2B2B} 3: <\WibuCmNET.resources,fileVersion="7.22.4682.500",version="7.22.4682.500",culture="ja",publicKeyToken="01D86E1EB0C69C23",processorArchitecture="MSIL" 
1: {F5234E0C-A06D-4404-8175-DCF5F9CFC337} 2: {387DACA9-3472-4AF9-9836-168499D2DA5C} 3: <\WibuCmNET.resources,fileVersion="7.22.4682.500",version="7.22.4682.500",culture="zh-Hans",publicKeyToken="01D86E1EB0C69C23",processorArchitecture="MSIL" 
1: {F5234E0C-A06D-4404-8175-DCF5F9CFC337} 2: {34ADC1B9-5371-4BA3-869B-6539DDB79FD0} 3: <\WibuCmNET,fileVersion="8.40.7120.501",version="8.40.7120.501",culture="neutral",publicKeyToken="01D86E1EB0C69C23",processorArchitecture="MSIL" 
1: {F5234E0C-A06D-4404-8175-DCF5F9CFC337} 2: {E61F21B0-41F3-4DC8-8363-9C854C6044FB} 3: C:\users\asdf\AppData\Roaming\Microsoft\Windows\Start Menu\Programs\CodeMeter\Documentation\ 
1: {F5234E0C-A06D-4404-8175-DCF5F9CFC337} 2: {7AA9ABAC-03B9-43DC-8F34-2E97783FA5FE} 3: C:\Program Files\CodeMeter\Runtime\help\8.40a\CmUserHelp\index.html 
1: {F5234E0C-A06D-4404-8175-DCF5F9CFC337} 2: {188879E9-FAB4-4706-94E3-3E8061E396BC} 3: C:\Program Files\CodeMeter\Runtime\help\8.40a\CmUserHelp\de\index.html 
1: {F5234E0C-A06D-4404-8175-DCF5F9CFC337} 2: {2C432F16-A5EE-4515-9E9E-43E1060C911D} 3: C:\Program Files\CodeMeter\Runtime\help\8.40a\CmUserHelp\de\css\hmprojectstyles.css 
1: {F5234E0C-A06D-4404-8175-DCF5F9CFC337} 2: {7843282B-F18D-4C93-9E7F-16D40216DFC0} 3: C:\Program Files\CodeMeter\Runtime\help\8.40a\CmUserHelp\de\images\01_module_items_containerdetails_zoom70.jpg 
1: {F5234E0C-A06D-4404-8175-DCF5F9CFC337} 2: {61F34A3A-BE56-4F73-A569-7324E70A687E} 3: C:\Program Files\CodeMeter\Runtime\help\8.40a\CmUserHelp\de\js\fontSize.js 
1: {F5234E0C-A06D-4404-8175-DCF5F9CFC337} 2: {BF44C7DC-D30B-405B-A395-62E0E4BDE5B6} 3: C:\Program Files\CodeMeter\Runtime\help\8.40a\CmUserHelp\de\jstopics\accesscontrollist.js 
1: {F5234E0C-A06D-4404-8175-DCF5F9CFC337} 2: {62060B45-257E-4A4F-87B6-E127EEDFC43C} 3: C:\Program Files\CodeMeter\Runtime\help\8.40a\CmUserHelp\img\en.jpg 
1: {F5234E0C-A06D-4404-8175-DCF5F9CFC337} 2: {D22E9634-C9D2-47AF-A862-3E1290691AB5} 3: C:\Program Files\CodeMeter\Runtime\help\8.40a\CmUserHelp\us\index.html 
1: {F5234E0C-A06D-4404-8175-DCF5F9CFC337} 2: {3D1FF09A-6E7D-49EB-B9E8-B16CB0359B9E} 3: C:\Program Files\CodeMeter\Runtime\help\8.40a\CmUserHelp\us\css\hmprojectstyles.css 
1: {F5234E0C-A06D-4404-8175-DCF5F9CFC337} 2: {EBFC84CD-69B0-4A5B-9CD0-BFC539744CED} 3: C:\Program Files\CodeMeter\Runtime\help\8.40a\CmUserHelp\us\images\01_module_items_containerdetails_zoom70.jpg 
1: {F5234E0C-A06D-4404-8175-DCF5F9CFC337} 2: {467A6D67-1E9E-4842-9886-0733B33EAB93} 3: C:\Program Files\CodeMeter\Runtime\help\8.40a\CmUserHelp\us\js\fontSize.js 
1: {F5234E0C-A06D-4404-8175-DCF5F9CFC337} 2: {13877AE7-504A-4490-BF32-3B2FA963692C} 3: C:\Program Files\CodeMeter\Runtime\help\8.40a\CmUserHelp\us\jstopics\accesscontrollist.js 
1: {F5234E0C-A06D-4404-8175-DCF5F9CFC337} 2: {E2D76F74-A3B6-4B10-895F-70B069A7BF2C} 3: C:\ 
1: {F5234E0C-A06D-4404-8175-DCF5F9CFC337} 2: {B3566709-5ADB-4BEE-89DE-D8A4EC8CC26F} 3: C:\ 
1: {F5234E0C-A06D-4404-8175-DCF5F9CFC337} 2: {20B402E9-CF9A-4672-BC09-B2C05E4440ED} 3: C:\ 
1: {F5234E0C-A06D-4404-8175-DCF5F9CFC337} 2: {CB509F36-339B-4F11-9A8D-0C86B5D7BBD0} 3: C:\ 
1: {F5234E0C-A06D-4404-8175-DCF5F9CFC337} 2: {B606BB8F-5762-4969-9489-913DB57CF76B} 3: C:\Program Files\CodeMeter\Runtime\help\ 
1: {F5234E0C-A06D-4404-8175-DCF5F9CFC337} 2: {A87E95CC-ECAC-447B-8020-AD334ED72BBB} 3: C:\Program Files\CodeMeter\Runtime\ 
1: {F5234E0C-A06D-4404-8175-DCF5F9CFC337} 2: {2BE34157-9301-4039-AAFE-A52B2E4C7BB4} 3: C:\Program Files\CodeMeter\ 
Action ended 12:06:59: ProcessComponents. Return value 1.
Action 12:06:59: MsiUnpublishAssemblies. Unpublishing assembly information
Action start 12:06:59: MsiUnpublishAssemblies.
Action ended 12:06:59: MsiUnpublishAssemblies. Return value 1.
Action 12:06:59: RemoveCmu32SymlinkOn64Bit. 
Action start 12:06:59: RemoveCmu32SymlinkOn64Bit.
Action ended 12:06:59: RemoveCmu32SymlinkOn64Bit. Return value 1.
Action 12:06:59: RemoveCmu32NearCmu64SymlinkOn64Bit. 
Action start 12:06:59: RemoveCmu32NearCmu64SymlinkOn64Bit.
Action ended 12:06:59: RemoveCmu32NearCmu64SymlinkOn64Bit. Return value 1.
Action 12:06:59: UnpublishFeatures. Unpublishing Product Features
Action start 12:06:59: UnpublishFeatures.
Action ended 12:06:59: UnpublishFeatures. Return value 1.
Action 12:06:59: StopServices. Stopping services
Action start 12:06:59: StopServices.
Service: 
Service: 
Action ended 12:06:59: StopServices. Return value 1.
Action 12:06:59: StopCmSvcCmd_WCA.1992E333_D17A_448B_8484_ED047109D182. 
Action start 12:06:59: StopCmSvcCmd_WCA.1992E333_D17A_448B_8484_ED047109D182.
WixQuietExec64:  Could not get handle to service.
WixQuietExec64:  Error 0x80070002: Command line returned an error.
WixQuietExec64:  Error 0x80070002: QuietExec64 Failed
WixQuietExec64:  Error 0x80070002: Failed in ExecCommon method
Action ended 12:06:59: StopCmSvcCmd_WCA.1992E333_D17A_448B_8484_ED047109D182. Return value 1.
Action 12:06:59: DeleteServices. Deleting services
Action start 12:06:59: DeleteServices.
Action ended 12:06:59: DeleteServices. Return value 1.
Action 12:06:59: SelfUnregModules. Unregistering modules
Action start 12:06:59: SelfUnregModules.
Action ended 12:06:59: SelfUnregModules. Return value 1.
Action 12:06:59: RemoveRegistryValues. Removing system registry values
Action start 12:06:59: RemoveRegistryValues.
Action ended 12:06:59: RemoveRegistryValues. Return value 1.
Action 12:06:59: RemoveShortcuts. Removing shortcuts
Action start 12:06:59: RemoveShortcuts.
Action ended 12:06:59: RemoveShortcuts. Return value 1.
Action 12:06:59: RemoveFiles. Removing files
Action start 12:06:59: RemoveFiles.
File: CmRmtAct32.dll, Directory: BIN.A961A077_4BD0_4C98_86BC_EE4A98CE550D
File: CmRmtAct32.lcn, Directory: BIN.A961A077_4BD0_4C98_86BC_EE4A98CE550D
File: CmRmtAct32.lde, Directory: BIN.A961A077_4BD0_4C98_86BC_EE4A98CE550D
File: CmRmtAct32.les, Directory: BIN.A961A077_4BD0_4C98_86BC_EE4A98CE550D
File: CmRmtAct32.lfr, Directory: BIN.A961A077_4BD0_4C98_86BC_EE4A98CE550D
File: CmRmtAct32.lit, Directory: BIN.A961A077_4BD0_4C98_86BC_EE4A98CE550D
File: CmRmtAct32.ljp, Directory: BIN.A961A077_4BD0_4C98_86BC_EE4A98CE550D
File: CmRmtAct32.lru, Directory: BIN.A961A077_4BD0_4C98_86BC_EE4A98CE550D
File: CmRmtAct64.dll, Directory: BIN64.1992E333_D17A_448B_8484_ED047109D182
File: CmRmtAct64.lcn, Directory: BIN64.1992E333_D17A_448B_8484_ED047109D182
File: CmRmtAct64.lde, Directory: BIN64.1992E333_D17A_448B_8484_ED047109D182
File: CmRmtAct64.les, Directory: BIN64.1992E333_D17A_448B_8484_ED047109D182
File: CmRmtAct64.lfr, Directory: BIN64.1992E333_D17A_448B_8484_ED047109D182
File: CmRmtAct64.lit, Directory: BIN64.1992E333_D17A_448B_8484_ED047109D182
File: CmRmtAct64.ljp, Directory: BIN64.1992E333_D17A_448B_8484_ED047109D182
File: CmRmtAct64.lru, Directory: BIN64.1992E333_D17A_448B_8484_ED047109D182
File: cmu.exe, Directory: BIN64.1992E333_D17A_448B_8484_ED047109D182
File: CmWebAdmin.exe, Directory: BIN_WA64.1992E333_D17A_448B_8484_ED047109D182
File: CodeMeter.exe, Directory: BIN64.1992E333_D17A_448B_8484_ED047109D182
File: CodeMeter.exe.manifest, Directory: BIN64.1992E333_D17A_448B_8484_ED047109D182
File: CodeMeter.lcn, Directory: BIN64.1992E333_D17A_448B_8484_ED047109D182
File: CodeMeter.lde, Directory: BIN64.1992E333_D17A_448B_8484_ED047109D182
File: CodeMeter.les, Directory: BIN64.1992E333_D17A_448B_8484_ED047109D182
File: CodeMeter.lfr, Directory: BIN64.1992E333_D17A_448B_8484_ED047109D182
File: CodeMeter.lit, Directory: BIN64.1992E333_D17A_448B_8484_ED047109D182
File: CodeMeter.ljp, Directory: BIN64.1992E333_D17A_448B_8484_ED047109D182
File: CodeMeter.lru, Directory: BIN64.1992E333_D17A_448B_8484_ED047109D182
File: CodeMeterCC.exe, Directory: BIN64.1992E333_D17A_448B_8484_ED047109D182
File: CodeMeterCC_de.qm, Directory: BIN64.1992E333_D17A_448B_8484_ED047109D182
File: CodeMeterCC_en.qm, Directory: BIN64.1992E333_D17A_448B_8484_ED047109D182
File: CodeMeterCC_es.qm, Directory: BIN64.1992E333_D17A_448B_8484_ED047109D182
File: CodeMeterCC_fr.qm, Directory: BIN64.1992E333_D17A_448B_8484_ED047109D182
File: CodeMeterCC_it.qm, Directory: BIN64.1992E333_D17A_448B_8484_ED047109D182
File: CodeMeterCC_ja.qm, Directory: BIN64.1992E333_D17A_448B_8484_ED047109D182
File: CodeMeterCC_ru.qm, Directory: BIN64.1992E333_D17A_448B_8484_ED047109D182
File: CodeMeterCC_zh.qm, Directory: BIN64.1992E333_D17A_448B_8484_ED047109D182
File: cmready.dll, Directory: D_CmReady.1992E333_D17A_448B_8484_ED047109D182
File: cmready.wbc, Directory: D_CmReady.1992E333_D17A_448B_8484_ED047109D182
File: CodeMeterCommandPrompt.cmd, Directory: BIN64.1992E333_D17A_448B_8484_ED047109D182
File: cpsrt.dll, Directory: SystemFolder.A961A077_4BD0_4C98_86BC_EE4A98CE550D
File: cpsrt.dll, Directory: System64Folder.1992E333_D17A_448B_8484_ED047109D182
File: cpsrtARM64.dll, Directory: System64Folder.1992E333_D17A_448B_8484_ED047109D182
File: OpenSource_en.pdf, Directory: D_OpenSourceDoku_ver.1992E333_D17A_448B_8484_ED047109D182
File: WibuCmARM64.dll, Directory: System64Folder.1992E333_D17A_448B_8484_ED047109D182
File: wibucmJNIARM64.dll, Directory: System64Folder.1992E333_D17A_448B_8484_ED047109D182
File: 02_module_items_pidetails_zoom70.jpg, Directory: dir_9641117ED95A43098D872B9A917FFA35.5FFE20C8_2BC6_4EE0_90AA_D6E92F2099AD
File: hardware-konfiguration-reparieren_zoom70.jpg, Directory: dir_9641117ED95A43098D872B9A917FFA35.5FFE20C8_2BC6_4EE0_90AA_D6E92F2099AD
File: achtung_zoom37.jpg, Directory: dir_9641117ED95A43098D872B9A917FFA35.5FFE20C8_2BC6_4EE0_90AA_D6E92F2099AD
File: hmtoggle_plus0.gif, Directory: dir_9641117ED95A43098D872B9A917FFA35.5FFE20C8_2BC6_4EE0_90AA_D6E92F2099AD
File: acl-objekte.html, Directory: dir_8806771C411545C9B482E8B2239C5A9B.5FFE20C8_2BC6_4EE0_90AA_D6E92F2099AD
File: nameduser_entry.js, Directory: dir_C217E02153EF4FFFB5471191BAECC8B7.5FFE20C8_2BC6_4EE0_90AA_D6E92F2099AD
File: cmcontainer_info.js, Directory: dir_C217E02153EF4FFFB5471191BAECC8B7.5FFE20C8_2BC6_4EE0_90AA_D6E92F2099AD
File: optinstall_zoom53.jpg, Directory: dir_CEE9F0C64FCF441198A38C9673370749.5FFE20C8_2BC6_4EE0_90AA_D6E92F2099AD
File: home.png, Directory: dir_CEE9F0C64FCF441198A38C9673370749.5FFE20C8_2BC6_4EE0_90AA_D6E92F2099AD
File: hmEmbeddedPopups.js, Directory: dir_079197E4E23B4155B10356C291A628DF.5FFE20C8_2BC6_4EE0_90AA_D6E92F2099AD
File: schritt-3-erstellen-einer-acl-.html, Directory: dir_55CD00DB50894F27807C9E8A8886136B.5FFE20C8_2BC6_4EE0_90AA_D6E92F2099AD
File: webadmin_w_zoom60.jpg, Directory: dir_CEE9F0C64FCF441198A38C9673370749.5FFE20C8_2BC6_4EE0_90AA_D6E92F2099AD
File: extra.js, Directory: dir_005CBB5EA0E8477B8178C3341D8A64CF.5FFE20C8_2BC6_4EE0_90AA_D6E92F2099AD
File: webadmin_trusted_origins_enter_zoom59.jpg, Directory: dir_CEE9F0C64FCF441198A38C9673370749.5FFE20C8_2BC6_4EE0_90AA_D6E92F2099AD
File: cmfas_add_license_new_vendor.html, Directory: dir_55CD00DB50894F27807C9E8A8886136B.5FFE20C8_2BC6_4EE0_90AA_D6E92F2099AD
File: cc_sf_loesche_ereig_.jpg, Directory: dir_9641117ED95A43098D872B9A917FFA35.5FFE20C8_2BC6_4EE0_90AA_D6E92F2099AD
File: alt_tipbulb.gif, Directory: dir_CEE9F0C64FCF441198A38C9673370749.5FFE20C8_2BC6_4EE0_90AA_D6E92F2099AD
File: 02_module_items_pidetails_zoom70.jpg, Directory: dir_CEE9F0C64FCF441198A38C9673370749.5FFE20C8_2BC6_4EE0_90AA_D6E92F2099AD
File: stopp_2.png, Directory: dir_CEE9F0C64FCF441198A38C9673370749.5FFE20C8_2BC6_4EE0_90AA_D6E92F2099AD
File: cmfas_create_licenserequest.js, Directory: dir_005CBB5EA0E8477B8178C3341D8A64CF.5FFE20C8_2BC6_4EE0_90AA_D6E92F2099AD
File: linux_kernel_settings.js, Directory: dir_C217E02153EF4FFFB5471191BAECC8B7.5FFE20C8_2BC6_4EE0_90AA_D6E92F2099AD
File: webadmin_container_cmcontainer_infos_zoom70.jpg, Directory: dir_CEE9F0C64FCF441198A38C9673370749.5FFE20C8_2BC6_4EE0_90AA_D6E92F2099AD
File: version_contact_userhelp.html, Directory: dir_55CD00DB50894F27807C9E8A8886136B.5FFE20C8_2BC6_4EE0_90AA_D6E92F2099AD
File: move_n_from_m_transfer.html, Directory: dir_55CD00DB50894F27807C9E8A8886136B.5FFE20C8_2BC6_4EE0_90AA_D6E92F2099AD
File: step3_01_zoom70.jpg, Directory: dir_CEE9F0C64FCF441198A38C9673370749.5FFE20C8_2BC6_4EE0_90AA_D6E92F2099AD
File: hid_to_msd.html, Directory: dir_55CD00DB50894F27807C9E8A8886136B.5FFE20C8_2BC6_4EE0_90AA_D6E92F2099AD
File: update.png, Directory: dir_9641117ED95A43098D872B9A917FFA35.5FFE20C8_2BC6_4EE0_90AA_D6E92F2099AD
File: hmwebhelp_main_tablet.css, Directory: dir_1B3BC25A0DBD43FF9F07EA153624A7BA.5FFE20C8_2BC6_4EE0_90AA_D6E92F2099AD
File: ZoomIn.png, Directory: dir_CEE9F0C64FCF441198A38C9673370749.5FFE20C8_2BC6_4EE0_90AA_D6E92F2099AD
File: cc_datei_menue_lizenz_importieren_zoom45.jpg, Directory: dir_9641117ED95A43098D872B9A917FFA35.5FFE20C8_2BC6_4EE0_90AA_D6E92F2099AD
File: delete_icon_zoom100.jpg, Directory: dir_9641117ED95A43098D872B9A917FFA35.5FFE20C8_2BC6_4EE0_90AA_D6E92F2099AD
File: hid_to_msd.js, Directory: dir_005CBB5EA0E8477B8178C3341D8A64CF.5FFE20C8_2BC6_4EE0_90AA_D6E92F2099AD
File: setupsecondary.jpg, Directory: dir_CEE9F0C64FCF441198A38C9673370749.5FFE20C8_2BC6_4EE0_90AA_D6E92F2099AD
File: cc_cmactlicense_zoom57.jpg, Directory: dir_9641117ED95A43098D872B9A917FFA35.5FFE20C8_2BC6_4EE0_90AA_D6E92F2099AD
File: profiling_accesscontrol.js, Directory: dir_C217E02153EF4FFFB5471191BAECC8B7.5FFE20C8_2BC6_4EE0_90AA_D6E92F2099AD
File: lt_icon_history_zoom120.jpg, Directory: dir_CEE9F0C64FCF441198A38C9673370749.5FFE20C8_2BC6_4EE0_90AA_D6E92F2099AD
File: hmwebhelp_toc_desktop.css, Directory: dir_1B3BC25A0DBD43FF9F07EA153624A7BA.5FFE20C8_2BC6_4EE0_90AA_D6E92F2099AD
File: webadmin_info_zoom60.jpg, Directory: dir_9641117ED95A43098D872B9A917FFA35.5FFE20C8_2BC6_4EE0_90AA_D6E92F2099AD
File: arrow.jpg, Directory: dir_CEE9F0C64FCF441198A38C9673370749.5FFE20C8_2BC6_4EE0_90AA_D6E92F2099AD
File: info.htm, Directory: dir_55CD00DB50894F27807C9E8A8886136B.5FFE20C8_2BC6_4EE0_90AA_D6E92F2099AD
File: wadmin_inhalt_datensicherung_bestaetigung_zoom70.jpg, Directory: dir_9641117ED95A43098D872B9A917FFA35.5FFE20C8_2BC6_4EE0_90AA_D6E92F2099AD
File: proxy.html, Directory: dir_8806771C411545C9B482E8B2239C5A9B.5FFE20C8_2BC6_4EE0_90AA_D6E92F2099AD
File: tmr.html, Directory: dir_55CD00DB50894F27807C9E8A8886136B.5FFE20C8_2BC6_4EE0_90AA_D6E92F2099AD
File: time_update_icon_zoom80.jpg, Directory: dir_CEE9F0C64FCF441198A38C9673370749.5FFE20C8_2BC6_4EE0_90AA_D6E92F2099AD
File: user_data.js, Directory: dir_C217E02153EF4FFFB5471191BAECC8B7.5FFE20C8_2BC6_4EE0_90AA_D6E92F2099AD
File: beispiel_zoom50.jpg, Directory: dir_CEE9F0C64FCF441198A38C9673370749.5FFE20C8_2BC6_4EE0_90AA_D6E92F2099AD
File: favicon.ico, Directory: dir_55CD00DB50894F27807C9E8A8886136B.5FFE20C8_2BC6_4EE0_90AA_D6E92F2099AD
File: formale-spezifikation-der-acl-.js, Directory: dir_C217E02153EF4FFFB5471191BAECC8B7.5FFE20C8_2BC6_4EE0_90AA_D6E92F2099AD
File: classic_navigation_zoom50.jpg, Directory: dir_9641117ED95A43098D872B9A917FFA35.5FFE20C8_2BC6_4EE0_90AA_D6E92F2099AD
File: webadmin_settings_basis_netzwerk_zoom50.jpg, Directory: dir_CEE9F0C64FCF441198A38C9673370749.5FFE20C8_2BC6_4EE0_90AA_D6E92F2099AD
File: webadmin_settings_erweiteret_timeserver_zoom50.jpg, Directory: dir_9641117ED95A43098D872B9A917FFA35.5FFE20C8_2BC6_4EE0_90AA_D6E92F2099AD
File: entry_types.js, Directory: dir_C217E02153EF4FFFB5471191BAECC8B7.5FFE20C8_2BC6_4EE0_90AA_D6E92F2099AD
File: license_monitoring.html, Directory: dir_8806771C411545C9B482E8B2239C5A9B.5FFE20C8_2BC6_4EE0_90AA_D6E92F2099AD
File: acl_start.html, Directory: dir_55CD00DB50894F27807C9E8A8886136B.5FFE20C8_2BC6_4EE0_90AA_D6E92F2099AD
File: installation_windows.html, Directory: dir_8806771C411545C9B482E8B2239C5A9B.5FFE20C8_2BC6_4EE0_90AA_D6E92F2099AD
File: cc_menubar.html, Directory: dir_55CD00DB50894F27807C9E8A8886136B.5FFE20C8_2BC6_4EE0_90AA_D6E92F2099AD
File: fontSize.js, Directory: dir_28FBCDD5F46F4375A8F125191C936317.5FFE20C8_2BC6_4EE0_90AA_D6E92F2099AD
File: cmready_webmin3from4_en_zoom71.jpg, Directory: dir_CEE9F0C64FCF441198A38C9673370749.5FFE20C8_2BC6_4EE0_90AA_D6E92F2099AD
File: rule.html, Directory: dir_8806771C411545C9B482E8B2239C5A9B.5FFE20C8_2BC6_4EE0_90AA_D6E92F2099AD
File: internet.svg, Directory: dir_9641117ED95A43098D872B9A917FFA35.5FFE20C8_2BC6_4EE0_90AA_D6E92F2099AD
File: time_update_icon_zoom60.jpg, Directory: dir_CEE9F0C64FCF441198A38C9673370749.5FFE20C8_2BC6_4EE0_90AA_D6E92F2099AD
File: cmfas_create_receipt.html, Directory: dir_55CD00DB50894F27807C9E8A8886136B.5FFE20C8_2BC6_4EE0_90AA_D6E92F2099AD
File: toc.png, Directory: dir_9641117ED95A43098D872B9A917FFA35.5FFE20C8_2BC6_4EE0_90AA_D6E92F2099AD
File: beispiel_zoom61.jpg, Directory: dir_CEE9F0C64FCF441198A38C9673370749.5FFE20C8_2BC6_4EE0_90AA_D6E92F2099AD
File: win8_logo_zoom10.jpg, Directory: dir_9641117ED95A43098D872B9A917FFA35.5FFE20C8_2BC6_4EE0_90AA_D6E92F2099AD
File: wadmin_einstellungen_zugriffsschutz_hinzufuegen_02_zoom70.jpg, Directory: dir_9641117ED95A43098D872B9A917FFA35.5FFE20C8_2BC6_4EE0_90AA_D6E92F2099AD
File: anmerkungen.js, Directory: dir_005CBB5EA0E8477B8178C3341D8A64CF.5FFE20C8_2BC6_4EE0_90AA_D6E92F2099AD
File: toggleLayoutTable.js, Directory: dir_079197E4E23B4155B10356C291A628DF.5FFE20C8_2BC6_4EE0_90AA_D6E92F2099AD
File: installation_mac.html, Directory: dir_55CD00DB50894F27807C9E8A8886136B.5FFE20C8_2BC6_4EE0_90AA_D6E92F2099AD
File: wadmin_einstellungen_zugriffsschutz_advanced_pc_sample_zoom60.jpg, Directory: dir_CEE9F0C64FCF441198A38C9673370749.5FFE20C8_2BC6_4EE0_90AA_D6E92F2099AD
File: toc_chapter_open.svg, Directory: dir_CEE9F0C64FCF441198A38C9673370749.5FFE20C8_2BC6_4EE0_90AA_D6E92F2099AD
File: erstellen-einer-beispielliste-.js, Directory: dir_005CBB5EA0E8477B8178C3341D8A64CF.5FFE20C8_2BC6_4EE0_90AA_D6E92F2099AD
File: cc_cmactlicense_zoom57.jpg, Directory: dir_CEE9F0C64FCF441198A38C9673370749.5FFE20C8_2BC6_4EE0_90AA_D6E92F2099AD
File: settings.js, Directory: dir_55CD00DB50894F27807C9E8A8886136B.5FFE20C8_2BC6_4EE0_90AA_D6E92F2099AD
File: cmfas_assistant_controlcenter.html, Directory: dir_8806771C411545C9B482E8B2239C5A9B.5FFE20C8_2BC6_4EE0_90AA_D6E92F2099AD
File: tapImage.js, Directory: dir_079197E4E23B4155B10356C291A628DF.5FFE20C8_2BC6_4EE0_90AA_D6E92F2099AD
File: webadmin_config.html, Directory: dir_8806771C411545C9B482E8B2239C5A9B.5FFE20C8_2BC6_4EE0_90AA_D6E92F2099AD
File: 19_empfaengerausleihe_pidetaills_zoom70.jpg, Directory: dir_9641117ED95A43098D872B9A917FFA35.5FFE20C8_2BC6_4EE0_90AA_D6E92F2099AD
File: hm_autotoc.js, Directory: dir_079197E4E23B4155B10356C291A628DF.5FFE20C8_2BC6_4EE0_90AA_D6E92F2099AD
File: hmImageToggleMobile.js, Directory: dir_28FBCDD5F46F4375A8F125191C936317.5FFE20C8_2BC6_4EE0_90AA_D6E92F2099AD
File: schritt-2-erstellen-einer-acl-.js, Directory: dir_C217E02153EF4FFFB5471191BAECC8B7.5FFE20C8_2BC6_4EE0_90AA_D6E92F2099AD
File: helpman_settings.js, Directory: dir_28FBCDD5F46F4375A8F125191C936317.5FFE20C8_2BC6_4EE0_90AA_D6E92F2099AD
File: ZoomClose.png, Directory: dir_9641117ED95A43098D872B9A917FFA35.5FFE20C8_2BC6_4EE0_90AA_D6E92F2099AD
File: installation_macrt.js, Directory: dir_005CBB5EA0E8477B8178C3341D8A64CF.5FFE20C8_2BC6_4EE0_90AA_D6E92F2099AD
File: help_on_help.html, Directory: dir_8806771C411545C9B482E8B2239C5A9B.5FFE20C8_2BC6_4EE0_90AA_D6E92F2099AD
File: entry_types.html, Directory: dir_8806771C411545C9B482E8B2239C5A9B.5FFE20C8_2BC6_4EE0_90AA_D6E92F2099AD
File: certified_time.js, Directory: dir_C217E02153EF4FFFB5471191BAECC8B7.5FFE20C8_2BC6_4EE0_90AA_D6E92F2099AD
File: type_cmstick.png, Directory: dir_CEE9F0C64FCF441198A38C9673370749.5FFE20C8_2BC6_4EE0_90AA_D6E92F2099AD
File: borrow_access_entry.html, Directory: dir_8806771C411545C9B482E8B2239C5A9B.5FFE20C8_2BC6_4EE0_90AA_D6E92F2099AD
File: hm_xTablesInit.js, Directory: dir_28FBCDD5F46F4375A8F125191C936317.5FFE20C8_2BC6_4EE0_90AA_D6E92F2099AD
File: mobileNav.js, Directory: dir_079197E4E23B4155B10356C291A628DF.5FFE20C8_2BC6_4EE0_90AA_D6E92F2099AD
File: globale-regel-fuer-localhost.html, Directory: dir_55CD00DB50894F27807C9E8A8886136B.5FFE20C8_2BC6_4EE0_90AA_D6E92F2099AD
File: default-regeln.js, Directory: dir_C217E02153EF4FFFB5471191BAECC8B7.5FFE20C8_2BC6_4EE0_90AA_D6E92F2099AD
File: optinstall_zoom53.jpg, Directory: dir_9641117ED95A43098D872B9A917FFA35.5FFE20C8_2BC6_4EE0_90AA_D6E92F2099AD
File: data_backup_restore.js, Directory: dir_005CBB5EA0E8477B8178C3341D8A64CF.5FFE20C8_2BC6_4EE0_90AA_D6E92F2099AD
File: user_data.html, Directory: dir_55CD00DB50894F27807C9E8A8886136B.5FFE20C8_2BC6_4EE0_90AA_D6E92F2099AD
File: controlcenter.js, Directory: dir_C217E02153EF4FFFB5471191BAECC8B7.5FFE20C8_2BC6_4EE0_90AA_D6E92F2099AD
File: syst_requirements.html, Directory: dir_8806771C411545C9B482E8B2239C5A9B.5FFE20C8_2BC6_4EE0_90AA_D6E92F2099AD
File: banner_company.jpg, Directory: dir_9641117ED95A43098D872B9A917FFA35.5FFE20C8_2BC6_4EE0_90AA_D6E92F2099AD
File: webadmin_configuration_webadmin_write_access_02_zoom60.jpg, Directory: dir_9641117ED95A43098D872B9A917FFA35.5FFE20C8_2BC6_4EE0_90AA_D6E92F2099AD
File: cc_borrow_tab_leer_zoom69.jpg, Directory: dir_CEE9F0C64FCF441198A38C9673370749.5FFE20C8_2BC6_4EE0_90AA_D6E92F2099AD
File: delete_icon_zoom70.jpg, Directory: dir_9641117ED95A43098D872B9A917FFA35.5FFE20C8_2BC6_4EE0_90AA_D6E92F2099AD
File: cc_sf_restart_.jpg, Directory: dir_9641117ED95A43098D872B9A917FFA35.5FFE20C8_2BC6_4EE0_90AA_D6E92F2099AD
File: codemeter_license_tracking.html, Directory: dir_8806771C411545C9B482E8B2239C5A9B.5FFE20C8_2BC6_4EE0_90AA_D6E92F2099AD
File: installation_macrt.html, Directory: dir_55CD00DB50894F27807C9E8A8886136B.5FFE20C8_2BC6_4EE0_90AA_D6E92F2099AD
File: defrag_v2.png, Directory: dir_9641117ED95A43098D872B9A917FFA35.5FFE20C8_2BC6_4EE0_90AA_D6E92F2099AD
File: schritt-1-erstellen-einer-leer.js, Directory: dir_C217E02153EF4FFFB5471191BAECC8B7.5FFE20C8_2BC6_4EE0_90AA_D6E92F2099AD
File: hmwebhelp_index_tablet.css, Directory: dir_1B3BC25A0DBD43FF9F07EA153624A7BA.5FFE20C8_2BC6_4EE0_90AA_D6E92F2099AD
File: default-regeln.html, Directory: dir_8806771C411545C9B482E8B2239C5A9B.5FFE20C8_2BC6_4EE0_90AA_D6E92F2099AD
File: webadmin_start.js, Directory: dir_C217E02153EF4FFFB5471191BAECC8B7.5FFE20C8_2BC6_4EE0_90AA_D6E92F2099AD
File: installation_windowsrt.js, Directory: dir_005CBB5EA0E8477B8178C3341D8A64CF.5FFE20C8_2BC6_4EE0_90AA_D6E92F2099AD
File: toc_topic.svg, Directory: dir_9641117ED95A43098D872B9A917FFA35.5FFE20C8_2BC6_4EE0_90AA_D6E92F2099AD
File: profiling_serversearchlist.html, Directory: dir_55CD00DB50894F27807C9E8A8886136B.5FFE20C8_2BC6_4EE0_90AA_D6E92F2099AD
File: cc_borrow_tab.html, Directory: dir_8806771C411545C9B482E8B2239C5A9B.5FFE20C8_2BC6_4EE0_90AA_D6E92F2099AD
File: schritt-5-erstellen-einer-acl-.html, Directory: dir_8806771C411545C9B482E8B2239C5A9B.5FFE20C8_2BC6_4EE0_90AA_D6E92F2099AD
File: borrow_access_entry.js, Directory: dir_C217E02153EF4FFFB5471191BAECC8B7.5FFE20C8_2BC6_4EE0_90AA_D6E92F2099AD
File: cc_menubar.js, Directory: dir_C217E02153EF4FFFB5471191BAECC8B7.5FFE20C8_2BC6_4EE0_90AA_D6E92F2099AD
File: codemeterwebadminltbar01_zoom80.jpg, Directory: dir_9641117ED95A43098D872B9A917FFA35.5FFE20C8_2BC6_4EE0_90AA_D6E92F2099AD
File: win.png, Directory: dir_9641117ED95A43098D872B9A917FFA35.5FFE20C8_2BC6_4EE0_90AA_D6E92F2099AD
File: wadmin_einstellungen_zugriffsschutz_advanced_sortdown_zoom70.jpg, Directory: dir_9641117ED95A43098D872B9A917FFA35.5FFE20C8_2BC6_4EE0_90AA_D6E92F2099AD
File: komplexere-acl.html, Directory: dir_8806771C411545C9B482E8B2239C5A9B.5FFE20C8_2BC6_4EE0_90AA_D6E92F2099AD
File: das-json-format-der-acl.html, Directory: dir_8806771C411545C9B482E8B2239C5A9B.5FFE20C8_2BC6_4EE0_90AA_D6E92F2099AD
File: 12amonitor_zoom61.jpg, Directory: dir_CEE9F0C64FCF441198A38C9673370749.5FFE20C8_2BC6_4EE0_90AA_D6E92F2099AD
File: cc_sf_kennwort_aendern_dialog_zoom29.jpg, Directory: dir_CEE9F0C64FCF441198A38C9673370749.5FFE20C8_2BC6_4EE0_90AA_D6E92F2099AD
File: setupsecondary.jpg, Directory: dir_9641117ED95A43098D872B9A917FFA35.5FFE20C8_2BC6_4EE0_90AA_D6E92F2099AD
File: rt_inst_zoom70.jpg, Directory: dir_9641117ED95A43098D872B9A917FFA35.5FFE20C8_2BC6_4EE0_90AA_D6E92F2099AD
File: lizenzanforderungerzeugen02_zoom50.jpg, Directory: dir_9641117ED95A43098D872B9A917FFA35.5FFE20C8_2BC6_4EE0_90AA_D6E92F2099AD
File: hmfile_hash_d88c7c55.jpg, Directory: dir_9641117ED95A43098D872B9A917FFA35.5FFE20C8_2BC6_4EE0_90AA_D6E92F2099AD
File: ZoomIn.png, Directory: dir_9641117ED95A43098D872B9A917FFA35.5FFE20C8_2BC6_4EE0_90AA_D6E92F2099AD
File: hmwebhelp_search_tablet.css, Directory: dir_1B3BC25A0DBD43FF9F07EA153624A7BA.5FFE20C8_2BC6_4EE0_90AA_D6E92F2099AD
File: vdma_logo_zoom17.jpg, Directory: dir_CEE9F0C64FCF441198A38C9673370749.5FFE20C8_2BC6_4EE0_90AA_D6E92F2099AD
File: container.html, Directory: dir_8806771C411545C9B482E8B2239C5A9B.5FFE20C8_2BC6_4EE0_90AA_D6E92F2099AD
File: webadmin_configurationmessage_01_zoom43.jpg, Directory: dir_9641117ED95A43098D872B9A917FFA35.5FFE20C8_2BC6_4EE0_90AA_D6E92F2099AD
File: information_grau_klein26_zoom108.jpg, Directory: dir_CEE9F0C64FCF441198A38C9673370749.5FFE20C8_2BC6_4EE0_90AA_D6E92F2099AD
File: webadmin.png, Directory: dir_9641117ED95A43098D872B9A917FFA35.5FFE20C8_2BC6_4EE0_90AA_D6E92F2099AD
File: td_implement.html, Directory: dir_55CD00DB50894F27807C9E8A8886136B.5FFE20C8_2BC6_4EE0_90AA_D6E92F2099AD
File: hinzufuegen_icon_zoom50.jpg, Directory: dir_CEE9F0C64FCF441198A38C9673370749.5FFE20C8_2BC6_4EE0_90AA_D6E92F2099AD
File: sessions.html, Directory: dir_55CD00DB50894F27807C9E8A8886136B.5FFE20C8_2BC6_4EE0_90AA_D6E92F2099AD
File: close_data.png, Directory: dir_CEE9F0C64FCF441198A38C9673370749.5FFE20C8_2BC6_4EE0_90AA_D6E92F2099AD
File: remote-programming_2.html, Directory: dir_8806771C411545C9B482E8B2239C5A9B.5FFE20C8_2BC6_4EE0_90AA_D6E92F2099AD
File: type_cmactlicense.png, Directory: dir_CEE9F0C64FCF441198A38C9673370749.5FFE20C8_2BC6_4EE0_90AA_D6E92F2099AD
File: kw-page.gif, Directory: dir_CEE9F0C64FCF441198A38C9673370749.5FFE20C8_2BC6_4EE0_90AA_D6E92F2099AD
File: list_of_licenses_entry.html, Directory: dir_8806771C411545C9B482E8B2239C5A9B.5FFE20C8_2BC6_4EE0_90AA_D6E92F2099AD
File: settings.js, Directory: dir_8806771C411545C9B482E8B2239C5A9B.5FFE20C8_2BC6_4EE0_90AA_D6E92F2099AD
File: trusted_origins.html, Directory: dir_55CD00DB50894F27807C9E8A8886136B.5FFE20C8_2BC6_4EE0_90AA_D6E92F2099AD
File: home.png, Directory: dir_9641117ED95A43098D872B9A917FFA35.5FFE20C8_2BC6_4EE0_90AA_D6E92F2099AD
File: pythonaxpnc_setup.js, Directory: dir_005CBB5EA0E8477B8178C3341D8A64CF.5FFE20C8_2BC6_4EE0_90AA_D6E92F2099AD
File: lizenzanforderungerzeugen02hinzu_zoom50.jpg, Directory: dir_CEE9F0C64FCF441198A38C9673370749.5FFE20C8_2BC6_4EE0_90AA_D6E92F2099AD
File: cmfas_extend_existing_license.html, Directory: dir_8806771C411545C9B482E8B2239C5A9B.5FFE20C8_2BC6_4EE0_90AA_D6E92F2099AD
File: borrow_local_license_return.html, Directory: dir_55CD00DB50894F27807C9E8A8886136B.5FFE20C8_2BC6_4EE0_90AA_D6E92F2099AD
File: msd_to_hid.html, Directory: dir_8806771C411545C9B482E8B2239C5A9B.5FFE20C8_2BC6_4EE0_90AA_D6E92F2099AD
File: configuration.js, Directory: dir_C217E02153EF4FFFB5471191BAECC8B7.5FFE20C8_2BC6_4EE0_90AA_D6E92F2099AD
File: webadmin_settings_server_access_advancedmode_zoom40.jpg, Directory: dir_CEE9F0C64FCF441198A38C9673370749.5FFE20C8_2BC6_4EE0_90AA_D6E92F2099AD
File: webadmin.html, Directory: dir_55CD00DB50894F27807C9E8A8886136B.5FFE20C8_2BC6_4EE0_90AA_D6E92F2099AD
File: webadmin_configurationmessage_02_zoom41.jpg, Directory: dir_CEE9F0C64FCF441198A38C9673370749.5FFE20C8_2BC6_4EE0_90AA_D6E92F2099AD
File: linux_zoom78.jpg, Directory: dir_CEE9F0C64FCF441198A38C9673370749.5FFE20C8_2BC6_4EE0_90AA_D6E92F2099AD
File: license_monitoring_details.js, Directory: dir_C217E02153EF4FFFB5471191BAECC8B7.5FFE20C8_2BC6_4EE0_90AA_D6E92F2099AD
File: webadmin_r.jpg, Directory: dir_9641117ED95A43098D872B9A917FFA35.5FFE20C8_2BC6_4EE0_90AA_D6E92F2099AD
File: achtung_zoom72.jpg, Directory: dir_CEE9F0C64FCF441198A38C9673370749.5FFE20C8_2BC6_4EE0_90AA_D6E92F2099AD
File: cc_menubar.js, Directory: dir_005CBB5EA0E8477B8178C3341D8A64CF.5FFE20C8_2BC6_4EE0_90AA_D6E92F2099AD
File: sf_toggle.png, Directory: dir_9641117ED95A43098D872B9A917FFA35.5FFE20C8_2BC6_4EE0_90AA_D6E92F2099AD
File: arrow_right.png, Directory: dir_9641117ED95A43098D872B9A917FFA35.5FFE20C8_2BC6_4EE0_90AA_D6E92F2099AD
File: backup.html, Directory: dir_55CD00DB50894F27807C9E8A8886136B.5FFE20C8_2BC6_4EE0_90AA_D6E92F2099AD
File: webadmin_configurationmessage_02_zoom41.jpg, Directory: dir_9641117ED95A43098D872B9A917FFA35.5FFE20C8_2BC6_4EE0_90AA_D6E92F2099AD
File: licenses_close.jpg, Directory: dir_9641117ED95A43098D872B9A917FFA35.5FFE20C8_2BC6_4EE0_90AA_D6E92F2099AD
File: sdk_setup_03scope.jpg, Directory: dir_CEE9F0C64FCF441198A38C9673370749.5FFE20C8_2BC6_4EE0_90AA_D6E92F2099AD
File: schritt-2-erstellen-einer-acl-.html, Directory: dir_8806771C411545C9B482E8B2239C5A9B.5FFE20C8_2BC6_4EE0_90AA_D6E92F2099AD
File: o.jpg, Directory: dir_9641117ED95A43098D872B9A917FFA35.5FFE20C8_2BC6_4EE0_90AA_D6E92F2099AD
File: bg.png, Directory: dir_9641117ED95A43098D872B9A917FFA35.5FFE20C8_2BC6_4EE0_90AA_D6E92F2099AD
File: webadmin_w.jpg, Directory: dir_CEE9F0C64FCF441198A38C9673370749.5FFE20C8_2BC6_4EE0_90AA_D6E92F2099AD
File: events.js, Directory: dir_005CBB5EA0E8477B8178C3341D8A64CF.5FFE20C8_2BC6_4EE0_90AA_D6E92F2099AD
File: ie_01_zoom50.jpg, Directory: dir_9641117ED95A43098D872B9A917FFA35.5FFE20C8_2BC6_4EE0_90AA_D6E92F2099AD
File: installation_codemeterrt.js, Directory: dir_005CBB5EA0E8477B8178C3341D8A64CF.5FFE20C8_2BC6_4EE0_90AA_D6E92F2099AD
File: toc_chapter_open.svg, Directory: dir_9641117ED95A43098D872B9A917FFA35.5FFE20C8_2BC6_4EE0_90AA_D6E92F2099AD
File: wadmin_einstellungen_zugriffsschutz_advanced_newfirmcode_zoom50.jpg, Directory: dir_CEE9F0C64FCF441198A38C9673370749.5FFE20C8_2BC6_4EE0_90AA_D6E92F2099AD
File: wadmin_einstellungen_ltconfiguration_zoom60.jpg, Directory: dir_CEE9F0C64FCF441198A38C9673370749.5FFE20C8_2BC6_4EE0_90AA_D6E92F2099AD
File: das-all-container-ruleset.js, Directory: dir_005CBB5EA0E8477B8178C3341D8A64CF.5FFE20C8_2BC6_4EE0_90AA_D6E92F2099AD
File: move_license.html, Directory: dir_55CD00DB50894F27807C9E8A8886136B.5FFE20C8_2BC6_4EE0_90AA_D6E92F2099AD
File: wadmin_einstellungen_zugriffsschutz_advanced_productcode_zoom50.jpg, Directory: dir_CEE9F0C64FCF441198A38C9673370749.5FFE20C8_2BC6_4EE0_90AA_D6E92F2099AD
File: webadmin_license_transfer.html, Directory: dir_55CD00DB50894F27807C9E8A8886136B.5FFE20C8_2BC6_4EE0_90AA_D6E92F2099AD
File: profiling_tmr.html, Directory: dir_8806771C411545C9B482E8B2239C5A9B.5FFE20C8_2BC6_4EE0_90AA_D6E92F2099AD
File: borrow_local_license.js, Directory: dir_005CBB5EA0E8477B8178C3341D8A64CF.5FFE20C8_2BC6_4EE0_90AA_D6E92F2099AD
File: codemeterwebadmindetailsrejectedrequests_zoom80.jpg, Directory: dir_CEE9F0C64FCF441198A38C9673370749.5FFE20C8_2BC6_4EE0_90AA_D6E92F2099AD
File: 04_empfaengerlizenzen_containerdetails_zoom70.jpg, Directory: dir_9641117ED95A43098D872B9A917FFA35.5FFE20C8_2BC6_4EE0_90AA_D6E92F2099AD
File: uninstalling_linuxrt.js, Directory: dir_005CBB5EA0E8477B8178C3341D8A64CF.5FFE20C8_2BC6_4EE0_90AA_D6E92F2099AD
File: cc_status_open_webadmin.html, Directory: dir_55CD00DB50894F27807C9E8A8886136B.5FFE20C8_2BC6_4EE0_90AA_D6E92F2099AD
File: 02_senderlizenzen_fidetails_zoom70.jpg, Directory: dir_CEE9F0C64FCF441198A38C9673370749.5FFE20C8_2BC6_4EE0_90AA_D6E92F2099AD
File: trusted_origins.html, Directory: dir_8806771C411545C9B482E8B2239C5A9B.5FFE20C8_2BC6_4EE0_90AA_D6E92F2099AD
File: willkommen_cmfasassi_zoom50.jpg, Directory: dir_9641117ED95A43098D872B9A917FFA35.5FFE20C8_2BC6_4EE0_90AA_D6E92F2099AD
File: tmr_config_webadmin.html, Directory: dir_8806771C411545C9B482E8B2239C5A9B.5FFE20C8_2BC6_4EE0_90AA_D6E92F2099AD
File: allgemeine-constraints.html, Directory: dir_8806771C411545C9B482E8B2239C5A9B.5FFE20C8_2BC6_4EE0_90AA_D6E92F2099AD
File: installation_linuxrt.js, Directory: dir_005CBB5EA0E8477B8178C3341D8A64CF.5FFE20C8_2BC6_4EE0_90AA_D6E92F2099AD
File: cmfas_add_license_new_vendor.js, Directory: dir_C217E02153EF4FFFB5471191BAECC8B7.5FFE20C8_2BC6_4EE0_90AA_D6E92F2099AD
File: cicon_loadindex_ani.gif, Directory: dir_9641117ED95A43098D872B9A917FFA35.5FFE20C8_2BC6_4EE0_90AA_D6E92F2099AD
File: cmfas_assistant_controlcenter.js, Directory: dir_005CBB5EA0E8477B8178C3341D8A64CF.5FFE20C8_2BC6_4EE0_90AA_D6E92F2099AD
File: import.js, Directory: dir_C217E02153EF4FFFB5471191BAECC8B7.5FFE20C8_2BC6_4EE0_90AA_D6E92F2099AD
File: license_borrowing.js, Directory: dir_005CBB5EA0E8477B8178C3341D8A64CF.5FFE20C8_2BC6_4EE0_90AA_D6E92F2099AD
File: webadmin_configurationmessage_03_zoom64.jpg, Directory: dir_9641117ED95A43098D872B9A917FFA35.5FFE20C8_2BC6_4EE0_90AA_D6E92F2099AD
File: help_on_help.js, Directory: dir_C217E02153EF4FFFB5471191BAECC8B7.5FFE20C8_2BC6_4EE0_90AA_D6E92F2099AD
File: wbbfile01_zoom50.jpg, Directory: dir_9641117ED95A43098D872B9A917FFA35.5FFE20C8_2BC6_4EE0_90AA_D6E92F2099AD
File: product_item_details.html, Directory: dir_8806771C411545C9B482E8B2239C5A9B.5FFE20C8_2BC6_4EE0_90AA_D6E92F2099AD
File: licensing_userhelp.js, Directory: dir_C217E02153EF4FFFB5471191BAECC8B7.5FFE20C8_2BC6_4EE0_90AA_D6E92F2099AD
File: icon-32x32-grey-cm.png, Directory: dir_9641117ED95A43098D872B9A917FFA35.5FFE20C8_2BC6_4EE0_90AA_D6E92F2099AD
File: import.js, Directory: dir_005CBB5EA0E8477B8178C3341D8A64CF.5FFE20C8_2BC6_4EE0_90AA_D6E92F2099AD
File: operation.js, Directory: dir_C217E02153EF4FFFB5471191BAECC8B7.5FFE20C8_2BC6_4EE0_90AA_D6E92F2099AD
File: 10_empfaengerlizenzen_containerdetailszurueck_zoom70.jpg, Directory: dir_9641117ED95A43098D872B9A917FFA35.5FFE20C8_2BC6_4EE0_90AA_D6E92F2099AD
File: 05_empfaengerlizenzen_fidetails_zoom70.jpg, Directory: dir_CEE9F0C64FCF441198A38C9673370749.5FFE20C8_2BC6_4EE0_90AA_D6E92F2099AD
File: cc_sf_name_aendern_dialog_zoom40.jpg, Directory: dir_9641117ED95A43098D872B9A917FFA35.5FFE20C8_2BC6_4EE0_90AA_D6E92F2099AD
File: _hmpermalink.html, Directory: dir_8806771C411545C9B482E8B2239C5A9B.5FFE20C8_2BC6_4EE0_90AA_D6E92F2099AD
File: user_data.js, Directory: dir_005CBB5EA0E8477B8178C3341D8A64CF.5FFE20C8_2BC6_4EE0_90AA_D6E92F2099AD
File: transfer_limitation.html, Directory: dir_8806771C411545C9B482E8B2239C5A9B.5FFE20C8_2BC6_4EE0_90AA_D6E92F2099AD
File: cmfas_extend_existing_license.js, Directory: dir_C217E02153EF4FFFB5471191BAECC8B7.5FFE20C8_2BC6_4EE0_90AA_D6E92F2099AD
File: profiling_https.html, Directory: dir_55CD00DB50894F27807C9E8A8886136B.5FFE20C8_2BC6_4EE0_90AA_D6E92F2099AD
File: webadmin_container_cmcontainer_infos_zoom50.jpg, Directory: dir_CEE9F0C64FCF441198A38C9673370749.5FFE20C8_2BC6_4EE0_90AA_D6E92F2099AD
File: edge.png, Directory: dir_4F135336632D4907A8F9913B72BBED92.5FFE20C8_2BC6_4EE0_90AA_D6E92F2099AD
File: tmr.js, Directory: dir_C217E02153EF4FFFB5471191BAECC8B7.5FFE20C8_2BC6_4EE0_90AA_D6E92F2099AD
File: social_mail.png, Directory: dir_CEE9F0C64FCF441198A38C9673370749.5FFE20C8_2BC6_4EE0_90AA_D6E92F2099AD
File: pcruleset.js, Directory: dir_C217E02153EF4FFFB5471191BAECC8B7.5FFE20C8_2BC6_4EE0_90AA_D6E92F2099AD
File: webadmin_start_zoom70.jpg, Directory: dir_9641117ED95A43098D872B9A917FFA35.5FFE20C8_2BC6_4EE0_90AA_D6E92F2099AD
File: sf_pagejump.png, Directory: dir_CEE9F0C64FCF441198A38C9673370749.5FFE20C8_2BC6_4EE0_90AA_D6E92F2099AD
File: linux_zoom98.png, Directory: dir_9641117ED95A43098D872B9A917FFA35.5FFE20C8_2BC6_4EE0_90AA_D6E92F2099AD
File: uninstalling_windows.html, Directory: dir_8806771C411545C9B482E8B2239C5A9B.5FFE20C8_2BC6_4EE0_90AA_D6E92F2099AD
File: 10_empfaengerlizenzen_containerdetailszurueck_zoom70.jpg, Directory: dir_CEE9F0C64FCF441198A38C9673370749.5FFE20C8_2BC6_4EE0_90AA_D6E92F2099AD
File: borrow_return_entry.html, Directory: dir_8806771C411545C9B482E8B2239C5A9B.5FFE20C8_2BC6_4EE0_90AA_D6E92F2099AD
File: webadmin.html, Directory: dir_8806771C411545C9B482E8B2239C5A9B.5FFE20C8_2BC6_4EE0_90AA_D6E92F2099AD
File: help_on_help.js, Directory: dir_005CBB5EA0E8477B8178C3341D8A64CF.5FFE20C8_2BC6_4EE0_90AA_D6E92F2099AD
File: cmcontainer_info.html, Directory: dir_8806771C411545C9B482E8B2239C5A9B.5FFE20C8_2BC6_4EE0_90AA_D6E92F2099AD
File: macos_zoom99.jpg, Directory: dir_CEE9F0C64FCF441198A38C9673370749.5FFE20C8_2BC6_4EE0_90AA_D6E92F2099AD
File: chrome_01_zoom50.jpg, Directory: dir_CEE9F0C64FCF441198A38C9673370749.5FFE20C8_2BC6_4EE0_90AA_D6E92F2099AD
File: cmfas_extend_existing_license.html, Directory: dir_55CD00DB50894F27807C9E8A8886136B.5FFE20C8_2BC6_4EE0_90AA_D6E92F2099AD
File: important_information.html, Directory: dir_55CD00DB50894F27807C9E8A8886136B.5FFE20C8_2BC6_4EE0_90AA_D6E92F2099AD
File: webadmin_settings_basis_netzwerk_02_zoom50.jpg, Directory: dir_9641117ED95A43098D872B9A917FFA35.5FFE20C8_2BC6_4EE0_90AA_D6E92F2099AD
File: komplexere-acl.js, Directory: dir_C217E02153EF4FFFB5471191BAECC8B7.5FFE20C8_2BC6_4EE0_90AA_D6E92F2099AD
File: willkommen_cmfasassi_zoom53.jpg, Directory: dir_CEE9F0C64FCF441198A38C9673370749.5FFE20C8_2BC6_4EE0_90AA_D6E92F2099AD
File: wadmin_einstellungen_zugriffsschutz_advanced_newproductcode_zoom50.jpg, Directory: dir_9641117ED95A43098D872B9A917FFA35.5FFE20C8_2BC6_4EE0_90AA_D6E92F2099AD
File: zoom_search.js, Directory: dir_8806771C411545C9B482E8B2239C5A9B.5FFE20C8_2BC6_4EE0_90AA_D6E92F2099AD
File: defragment_icon_zoom80.jpg, Directory: dir_9641117ED95A43098D872B9A917FFA35.5FFE20C8_2BC6_4EE0_90AA_D6E92F2099AD
File: profiling_tmr.html, Directory: dir_55CD00DB50894F27807C9E8A8886136B.5FFE20C8_2BC6_4EE0_90AA_D6E92F2099AD
File: 16a_ausleihe_ausleihe_monitoring_zoom70.jpg, Directory: dir_9641117ED95A43098D872B9A917FFA35.5FFE20C8_2BC6_4EE0_90AA_D6E92F2099AD
File: profiling_https.js, Directory: dir_005CBB5EA0E8477B8178C3341D8A64CF.5FFE20C8_2BC6_4EE0_90AA_D6E92F2099AD
File: uninstalling_linux.html, Directory: dir_55CD00DB50894F27807C9E8A8886136B.5FFE20C8_2BC6_4EE0_90AA_D6E92F2099AD
File: CM_logo.jpg, Directory: dir_4F135336632D4907A8F9913B72BBED92.5FFE20C8_2BC6_4EE0_90AA_D6E92F2099AD
File: wadmin_einstellungen_zugriffsschutz_advanced_newcontainerrule_right_zoom54.jpg, Directory: dir_CEE9F0C64FCF441198A38C9673370749.5FFE20C8_2BC6_4EE0_90AA_D6E92F2099AD
File: macos.jpg, Directory: dir_CEE9F0C64FCF441198A38C9673370749.5FFE20C8_2BC6_4EE0_90AA_D6E92F2099AD
File: cc_borrow_tab_leer_zoom50.jpg, Directory: dir_9641117ED95A43098D872B9A917FFA35.5FFE20C8_2BC6_4EE0_90AA_D6E92F2099AD
File: borrow_return_entry.js, Directory: dir_C217E02153EF4FFFB5471191BAECC8B7.5FFE20C8_2BC6_4EE0_90AA_D6E92F2099AD
File: profiling_http.html, Directory: dir_8806771C411545C9B482E8B2239C5A9B.5FFE20C8_2BC6_4EE0_90AA_D6E92F2099AD
File: allgemeine-acl-parameter.html, Directory: dir_8806771C411545C9B482E8B2239C5A9B.5FFE20C8_2BC6_4EE0_90AA_D6E92F2099AD
File: up_item_icon_zoom70.jpg, Directory: dir_CEE9F0C64FCF441198A38C9673370749.5FFE20C8_2BC6_4EE0_90AA_D6E92F2099AD
File: codemeterwebadminltbaroverlayhour_zoom80.jpg, Directory: dir_9641117ED95A43098D872B9A917FFA35.5FFE20C8_2BC6_4EE0_90AA_D6E92F2099AD
File: kennworteingeben_zoom50.jpg, Directory: dir_CEE9F0C64FCF441198A38C9673370749.5FFE20C8_2BC6_4EE0_90AA_D6E92F2099AD
File: toc_chapter_closed.svg, Directory: dir_CEE9F0C64FCF441198A38C9673370749.5FFE20C8_2BC6_4EE0_90AA_D6E92F2099AD
File: erstellen-einer-beispielliste-.html, Directory: dir_55CD00DB50894F27807C9E8A8886136B.5FFE20C8_2BC6_4EE0_90AA_D6E92F2099AD
File: rule.js, Directory: dir_005CBB5EA0E8477B8178C3341D8A64CF.5FFE20C8_2BC6_4EE0_90AA_D6E92F2099AD
File: cmfas_import_licenseupdate.html, Directory: dir_8806771C411545C9B482E8B2239C5A9B.5FFE20C8_2BC6_4EE0_90AA_D6E92F2099AD
File: installation_mac.html, Directory: dir_8806771C411545C9B482E8B2239C5A9B.5FFE20C8_2BC6_4EE0_90AA_D6E92F2099AD
File: hid_to_msd.js, Directory: dir_C217E02153EF4FFFB5471191BAECC8B7.5FFE20C8_2BC6_4EE0_90AA_D6E92F2099AD
File: data_backup_restore.html, Directory: dir_8806771C411545C9B482E8B2239C5A9B.5FFE20C8_2BC6_4EE0_90AA_D6E92F2099AD
File: diagnosis.js, Directory: dir_005CBB5EA0E8477B8178C3341D8A64CF.5FFE20C8_2BC6_4EE0_90AA_D6E92F2099AD
File: hmwebhelp_search_desktop.css, Directory: dir_93FB0F7D0CC340B186DBD20391CFB865.5FFE20C8_2BC6_4EE0_90AA_D6E92F2099AD
File: webadmin_settings_basis_netzwerk_03_zoom50.jpg, Directory: dir_9641117ED95A43098D872B9A917FFA35.5FFE20C8_2BC6_4EE0_90AA_D6E92F2099AD
File: schritt-2-erstellen-einer-acl-.js, Directory: dir_005CBB5EA0E8477B8178C3341D8A64CF.5FFE20C8_2BC6_4EE0_90AA_D6E92F2099AD
File: win8_logo_zoom9.jpg, Directory: dir_CEE9F0C64FCF441198A38C9673370749.5FFE20C8_2BC6_4EE0_90AA_D6E92F2099AD
File: hmVideoBox.js, Directory: dir_28FBCDD5F46F4375A8F125191C936317.5FFE20C8_2BC6_4EE0_90AA_D6E92F2099AD
File: __cmembedded_4c_transp.png, Directory: dir_9641117ED95A43098D872B9A917FFA35.5FFE20C8_2BC6_4EE0_90AA_D6E92F2099AD
File: signedlogfile_entry.js, Directory: dir_C217E02153EF4FFFB5471191BAECC8B7.5FFE20C8_2BC6_4EE0_90AA_D6E92F2099AD
File: default-regeln.js, Directory: dir_005CBB5EA0E8477B8178C3341D8A64CF.5FFE20C8_2BC6_4EE0_90AA_D6E92F2099AD
File: jquery.scrollTomin.js, Directory: dir_079197E4E23B4155B10356C291A628DF.5FFE20C8_2BC6_4EE0_90AA_D6E92F2099AD
File: beispiel_en_zoom47.jpg, Directory: dir_CEE9F0C64FCF441198A38C9673370749.5FFE20C8_2BC6_4EE0_90AA_D6E92F2099AD
File: webadmin_cmcontainer_firmitemdetails_zoom60.jpg, Directory: dir_9641117ED95A43098D872B9A917FFA35.5FFE20C8_2BC6_4EE0_90AA_D6E92F2099AD
File: globale-regel-fuer-localhost.html, Directory: dir_8806771C411545C9B482E8B2239C5A9B.5FFE20C8_2BC6_4EE0_90AA_D6E92F2099AD
File: installation_linux.js, Directory: dir_C217E02153EF4FFFB5471191BAECC8B7.5FFE20C8_2BC6_4EE0_90AA_D6E92F2099AD
File: export.js, Directory: dir_005CBB5EA0E8477B8178C3341D8A64CF.5FFE20C8_2BC6_4EE0_90AA_D6E92F2099AD
File: webadmin_settings_erweiteret_timeserver_zoom49.jpg, Directory: dir_CEE9F0C64FCF441198A38C9673370749.5FFE20C8_2BC6_4EE0_90AA_D6E92F2099AD
File: data_backup_restore.js, Directory: dir_C217E02153EF4FFFB5471191BAECC8B7.5FFE20C8_2BC6_4EE0_90AA_D6E92F2099AD
File: move_n_from_m_return.html, Directory: dir_55CD00DB50894F27807C9E8A8886136B.5FFE20C8_2BC6_4EE0_90AA_D6E92F2099AD
File: denial_entry.html, Directory: dir_8806771C411545C9B482E8B2239C5A9B.5FFE20C8_2BC6_4EE0_90AA_D6E92F2099AD
File: cmfas_add_license_new_vendor.html, Directory: dir_8806771C411545C9B482E8B2239C5A9B.5FFE20C8_2BC6_4EE0_90AA_D6E92F2099AD
File: wadmin_einstellungen_zugriffsschutz_advanced_clonefc_zoom60.jpg, Directory: dir_9641117ED95A43098D872B9A917FFA35.5FFE20C8_2BC6_4EE0_90AA_D6E92F2099AD
File: remote-programming.js, Directory: dir_C217E02153EF4FFFB5471191BAECC8B7.5FFE20C8_2BC6_4EE0_90AA_D6E92F2099AD
File: uninstalling_macrt.js, Directory: dir_005CBB5EA0E8477B8178C3341D8A64CF.5FFE20C8_2BC6_4EE0_90AA_D6E92F2099AD
File: wadmin_einstellungen_zugriffsschutz_advanced_productcode_zoom50.jpg, Directory: dir_9641117ED95A43098D872B9A917FFA35.5FFE20C8_2BC6_4EE0_90AA_D6E92F2099AD
File: einstellungen.jpg, Directory: dir_CEE9F0C64FCF441198A38C9673370749.5FFE20C8_2BC6_4EE0_90AA_D6E92F2099AD
File: webadmin_start.html, Directory: dir_55CD00DB50894F27807C9E8A8886136B.5FFE20C8_2BC6_4EE0_90AA_D6E92F2099AD
File: refresh_zoom40.jpg, Directory: dir_9641117ED95A43098D872B9A917FFA35.5FFE20C8_2BC6_4EE0_90AA_D6E92F2099AD
File: webadmin_dashboard_cert_zoom57.jpg, Directory: dir_9641117ED95A43098D872B9A917FFA35.5FFE20C8_2BC6_4EE0_90AA_D6E92F2099AD
File: hmEmbedHelp.js, Directory: dir_079197E4E23B4155B10356C291A628DF.5FFE20C8_2BC6_4EE0_90AA_D6E92F2099AD
File: hmDoCopyCode.js, Directory: dir_28FBCDD5F46F4375A8F125191C936317.5FFE20C8_2BC6_4EE0_90AA_D6E92F2099AD
File: cmcontainer_details.html, Directory: dir_55CD00DB50894F27807C9E8A8886136B.5FFE20C8_2BC6_4EE0_90AA_D6E92F2099AD
File: copyright.html, Directory: dir_55CD00DB50894F27807C9E8A8886136B.5FFE20C8_2BC6_4EE0_90AA_D6E92F2099AD
File: wadmin_einstellungen_zugriffsschutz_advanced_clonepc_zoom60.jpg, Directory: dir_CEE9F0C64FCF441198A38C9673370749.5FFE20C8_2BC6_4EE0_90AA_D6E92F2099AD
File: button_serverexchange_0.png, Directory: dir_CEE9F0C64FCF441198A38C9673370749.5FFE20C8_2BC6_4EE0_90AA_D6E92F2099AD
File: hmwebhelp_index_tablet.css, Directory: dir_93FB0F7D0CC340B186DBD20391CFB865.5FFE20C8_2BC6_4EE0_90AA_D6E92F2099AD
File: edge_03_zoom60.jpg, Directory: dir_CEE9F0C64FCF441198A38C9673370749.5FFE20C8_2BC6_4EE0_90AA_D6E92F2099AD
File: das-all-container-ruleset.html, Directory: dir_8806771C411545C9B482E8B2239C5A9B.5FFE20C8_2BC6_4EE0_90AA_D6E92F2099AD
File: webadmin_configuration_loginforwrite_btn_zoom67.jpg, Directory: dir_CEE9F0C64FCF441198A38C9673370749.5FFE20C8_2BC6_4EE0_90AA_D6E92F2099AD
File: ueberblick_tmr.html, Directory: dir_55CD00DB50894F27807C9E8A8886136B.5FFE20C8_2BC6_4EE0_90AA_D6E92F2099AD
File: logo-image-desk.png, Directory: dir_9641117ED95A43098D872B9A917FFA35.5FFE20C8_2BC6_4EE0_90AA_D6E92F2099AD
File: requirements.html, Directory: dir_55CD00DB50894F27807C9E8A8886136B.5FFE20C8_2BC6_4EE0_90AA_D6E92F2099AD
File: hmwebhelp_main_phone.css, Directory: dir_93FB0F7D0CC340B186DBD20391CFB865.5FFE20C8_2BC6_4EE0_90AA_D6E92F2099AD
File: wadmin_einstellungen_zugriffsschutz_advanced_deletecontainerrule_zoom53.jpg, Directory: dir_9641117ED95A43098D872B9A917FFA35.5FFE20C8_2BC6_4EE0_90AA_D6E92F2099AD
File: webadmin_configuration_https_02_zoom60.jpg, Directory: dir_9641117ED95A43098D872B9A917FFA35.5FFE20C8_2BC6_4EE0_90AA_D6E92F2099AD
File: cmfas_assistant_controlcenter.js, Directory: dir_C217E02153EF4FFFB5471191BAECC8B7.5FFE20C8_2BC6_4EE0_90AA_D6E92F2099AD
File: toc_openbook.png, Directory: dir_CEE9F0C64FCF441198A38C9673370749.5FFE20C8_2BC6_4EE0_90AA_D6E92F2099AD
File: 06amonitor_zoom61.jpg, Directory: dir_CEE9F0C64FCF441198A38C9673370749.5FFE20C8_2BC6_4EE0_90AA_D6E92F2099AD
File: cmdust.js, Directory: dir_C217E02153EF4FFFB5471191BAECC8B7.5FFE20C8_2BC6_4EE0_90AA_D6E92F2099AD
File: release_entry.html, Directory: dir_8806771C411545C9B482E8B2239C5A9B.5FFE20C8_2BC6_4EE0_90AA_D6E92F2099AD
File: wadmin_einstellungen_zugriffsschutz_advanced_newcontainerrule_checkbox_zoom50.jpg, Directory: dir_CEE9F0C64FCF441198A38C9673370749.5FFE20C8_2BC6_4EE0_90AA_D6E92F2099AD
File: cc_borrow_tab.html, Directory: dir_55CD00DB50894F27807C9E8A8886136B.5FFE20C8_2BC6_4EE0_90AA_D6E92F2099AD
File: borrow_local_license_borrow.html, Directory: dir_55CD00DB50894F27807C9E8A8886136B.5FFE20C8_2BC6_4EE0_90AA_D6E92F2099AD
File: signedlogfile_entry.html, Directory: dir_55CD00DB50894F27807C9E8A8886136B.5FFE20C8_2BC6_4EE0_90AA_D6E92F2099AD
File: ie_02_zoom41.jpg, Directory: dir_9641117ED95A43098D872B9A917FFA35.5FFE20C8_2BC6_4EE0_90AA_D6E92F2099AD
File: TextMinus.png, Directory: dir_CEE9F0C64FCF441198A38C9673370749.5FFE20C8_2BC6_4EE0_90AA_D6E92F2099AD
File: msd_to_hid.html, Directory: dir_55CD00DB50894F27807C9E8A8886136B.5FFE20C8_2BC6_4EE0_90AA_D6E92F2099AD
File: uninstalling_windows.js, Directory: dir_005CBB5EA0E8477B8178C3341D8A64CF.5FFE20C8_2BC6_4EE0_90AA_D6E92F2099AD
File: hmSmartPopup.js, Directory: dir_079197E4E23B4155B10356C291A628DF.5FFE20C8_2BC6_4EE0_90AA_D6E92F2099AD
File: 17_empfaengerausleihe_containerdetaills_zoom70.jpg, Directory: dir_CEE9F0C64FCF441198A38C9673370749.5FFE20C8_2BC6_4EE0_90AA_D6E92F2099AD
File: anmerkungen.html, Directory: dir_55CD00DB50894F27807C9E8A8886136B.5FFE20C8_2BC6_4EE0_90AA_D6E92F2099AD
File: webadmin_settings_server_access_advancedmode_zoom40.jpg, Directory: dir_9641117ED95A43098D872B9A917FFA35.5FFE20C8_2BC6_4EE0_90AA_D6E92F2099AD
File: cc_structure_and_navigation.js, Directory: dir_C217E02153EF4FFFB5471191BAECC8B7.5FFE20C8_2BC6_4EE0_90AA_D6E92F2099AD
File: cc_sf_zeige_alle_offenen_handles_.jpg, Directory: dir_CEE9F0C64FCF441198A38C9673370749.5FFE20C8_2BC6_4EE0_90AA_D6E92F2099AD
File: uninstalling_windowsrt.js, Directory: dir_005CBB5EA0E8477B8178C3341D8A64CF.5FFE20C8_2BC6_4EE0_90AA_D6E92F2099AD
File: cc_cmreadycontainer_zoom57.jpg, Directory: dir_9641117ED95A43098D872B9A917FFA35.5FFE20C8_2BC6_4EE0_90AA_D6E92F2099AD
File: firm_item_details.js, Directory: dir_C217E02153EF4FFFB5471191BAECC8B7.5FFE20C8_2BC6_4EE0_90AA_D6E92F2099AD
File: mob_next.png, Directory: dir_9641117ED95A43098D872B9A917FFA35.5FFE20C8_2BC6_4EE0_90AA_D6E92F2099AD
File: installation_linux.html, Directory: dir_55CD00DB50894F27807C9E8A8886136B.5FFE20C8_2BC6_4EE0_90AA_D6E92F2099AD
File: wadmin_einstellungen_zugriffsschutz_advanced_newcontainerrule_right_zoom54.jpg, Directory: dir_9641117ED95A43098D872B9A917FFA35.5FFE20C8_2BC6_4EE0_90AA_D6E92F2099AD
File: lt_icon_options_zoom120.jpg, Directory: dir_9641117ED95A43098D872B9A917FFA35.5FFE20C8_2BC6_4EE0_90AA_D6E92F2099AD
File: move_n_from_m_transfer.js, Directory: dir_005CBB5EA0E8477B8178C3341D8A64CF.5FFE20C8_2BC6_4EE0_90AA_D6E92F2099AD
File: license_entry.js, Directory: dir_005CBB5EA0E8477B8178C3341D8A64CF.5FFE20C8_2BC6_4EE0_90AA_D6E92F2099AD
File: webadmin_configuration_https_01_zoom60.jpg, Directory: dir_9641117ED95A43098D872B9A917FFA35.5FFE20C8_2BC6_4EE0_90AA_D6E92F2099AD
File: fontSize.js, Directory: dir_079197E4E23B4155B10356C291A628DF.5FFE20C8_2BC6_4EE0_90AA_D6E92F2099AD
File: anmerkungen.html, Directory: dir_8806771C411545C9B482E8B2239C5A9B.5FFE20C8_2BC6_4EE0_90AA_D6E92F2099AD
File: licenses_expand.jpg, Directory: dir_CEE9F0C64FCF441198A38C9673370749.5FFE20C8_2BC6_4EE0_90AA_D6E92F2099AD
File: signature_entry.html, Directory: dir_8806771C411545C9B482E8B2239C5A9B.5FFE20C8_2BC6_4EE0_90AA_D6E92F2099AD
File: trusted_origins.js, Directory: dir_005CBB5EA0E8477B8178C3341D8A64CF.5FFE20C8_2BC6_4EE0_90AA_D6E92F2099AD
File: profiling_http.js, Directory: dir_005CBB5EA0E8477B8178C3341D8A64CF.5FFE20C8_2BC6_4EE0_90AA_D6E92F2099AD
File: definitions_and_value_ranges.html, Directory: dir_8806771C411545C9B482E8B2239C5A9B.5FFE20C8_2BC6_4EE0_90AA_D6E92F2099AD
File: bitkom_zoom13.jpg, Directory: dir_CEE9F0C64FCF441198A38C9673370749.5FFE20C8_2BC6_4EE0_90AA_D6E92F2099AD
File: edge_03_zoom60.jpg, Directory: dir_9641117ED95A43098D872B9A917FFA35.5FFE20C8_2BC6_4EE0_90AA_D6E92F2099AD
File: index.html, Directory: dir_8806771C411545C9B482E8B2239C5A9B.5FFE20C8_2BC6_4EE0_90AA_D6E92F2099AD
File: webadmin_trusted_origins_result_zoom56.jpg, Directory: dir_9641117ED95A43098D872B9A917FFA35.5FFE20C8_2BC6_4EE0_90AA_D6E92F2099AD
File: remote-programming_2.js, Directory: dir_C217E02153EF4FFFB5471191BAECC8B7.5FFE20C8_2BC6_4EE0_90AA_D6E92F2099AD
File: webadmin_cmcontainer_productitemdetails_zoom60.jpg, Directory: dir_CEE9F0C64FCF441198A38C9673370749.5FFE20C8_2BC6_4EE0_90AA_D6E92F2099AD
File: codemeterwebadmindetailsallevents_zoom80.jpg, Directory: dir_9641117ED95A43098D872B9A917FFA35.5FFE20C8_2BC6_4EE0_90AA_D6E92F2099AD
File: chrome_03_zoom50.jpg, Directory: dir_CEE9F0C64FCF441198A38C9673370749.5FFE20C8_2BC6_4EE0_90AA_D6E92F2099AD
File: cc_importing_updating_licenses.html, Directory: dir_8806771C411545C9B482E8B2239C5A9B.5FFE20C8_2BC6_4EE0_90AA_D6E92F2099AD
File: license_entry.html, Directory: dir_8806771C411545C9B482E8B2239C5A9B.5FFE20C8_2BC6_4EE0_90AA_D6E92F2099AD
File: redirect_zoom60.jpg, Directory: dir_CEE9F0C64FCF441198A38C9673370749.5FFE20C8_2BC6_4EE0_90AA_D6E92F2099AD
File: achtung_zoom35.jpg, Directory: dir_CEE9F0C64FCF441198A38C9673370749.5FFE20C8_2BC6_4EE0_90AA_D6E92F2099AD
File: cc_structure_and_navigation.html, Directory: dir_55CD00DB50894F27807C9E8A8886136B.5FFE20C8_2BC6_4EE0_90AA_D6E92F2099AD
File: hmwebhelp_main_phone.css, Directory: dir_1B3BC25A0DBD43FF9F07EA153624A7BA.5FFE20C8_2BC6_4EE0_90AA_D6E92F2099AD
File: webadmin.js, Directory: dir_C217E02153EF4FFFB5471191BAECC8B7.5FFE20C8_2BC6_4EE0_90AA_D6E92F2099AD
File: hmDoToggle.js, Directory: dir_079197E4E23B4155B10356C291A628DF.5FFE20C8_2BC6_4EE0_90AA_D6E92F2099AD
File: cc_sf_zeige_alle_cmsticks_.jpg, Directory: dir_9641117ED95A43098D872B9A917FFA35.5FFE20C8_2BC6_4EE0_90AA_D6E92F2099AD
File: wadmin_einstellungen_zugriffsschutz_advanced_deletecontainerrule_zoom53.jpg, Directory: dir_CEE9F0C64FCF441198A38C9673370749.5FFE20C8_2BC6_4EE0_90AA_D6E92F2099AD
File: borrow_local_license.html, Directory: dir_55CD00DB50894F27807C9E8A8886136B.5FFE20C8_2BC6_4EE0_90AA_D6E92F2099AD
File: type_cmstick.png, Directory: dir_9641117ED95A43098D872B9A917FFA35.5FFE20C8_2BC6_4EE0_90AA_D6E92F2099AD
File: jquery.js, Directory: dir_079197E4E23B4155B10356C291A628DF.5FFE20C8_2BC6_4EE0_90AA_D6E92F2099AD
File: format_of_the_logfile.js, Directory: dir_005CBB5EA0E8477B8178C3341D8A64CF.5FFE20C8_2BC6_4EE0_90AA_D6E92F2099AD
File: syst_requirements.js, Directory: dir_005CBB5EA0E8477B8178C3341D8A64CF.5FFE20C8_2BC6_4EE0_90AA_D6E92F2099AD
File: signedlogfile_entry.js, Directory: dir_005CBB5EA0E8477B8178C3341D8A64CF.5FFE20C8_2BC6_4EE0_90AA_D6E92F2099AD
File: light.png, Directory: dir_CEE9F0C64FCF441198A38C9673370749.5FFE20C8_2BC6_4EE0_90AA_D6E92F2099AD
File: profiling_serversearchlist.html, Directory: dir_8806771C411545C9B482E8B2239C5A9B.5FFE20C8_2BC6_4EE0_90AA_D6E92F2099AD
File: hmwebhelp_index_desktop.css, Directory: dir_93FB0F7D0CC340B186DBD20391CFB865.5FFE20C8_2BC6_4EE0_90AA_D6E92F2099AD
File: pcruleset.html, Directory: dir_55CD00DB50894F27807C9E8A8886136B.5FFE20C8_2BC6_4EE0_90AA_D6E92F2099AD
File: syst_requirements.js, Directory: dir_C217E02153EF4FFFB5471191BAECC8B7.5FFE20C8_2BC6_4EE0_90AA_D6E92F2099AD
File: icon-32x32-yellow-cm.png, Directory: dir_CEE9F0C64FCF441198A38C9673370749.5FFE20C8_2BC6_4EE0_90AA_D6E92F2099AD
File: hmcontextids.js, Directory: dir_28FBCDD5F46F4375A8F125191C936317.5FFE20C8_2BC6_4EE0_90AA_D6E92F2099AD
File: leftright.png, Directory: dir_CEE9F0C64FCF441198A38C9673370749.5FFE20C8_2BC6_4EE0_90AA_D6E92F2099AD
File: zoom_search.js, Directory: dir_28FBCDD5F46F4375A8F125191C936317.5FFE20C8_2BC6_4EE0_90AA_D6E92F2099AD
File: product_item_details.js, Directory: dir_005CBB5EA0E8477B8178C3341D8A64CF.5FFE20C8_2BC6_4EE0_90AA_D6E92F2099AD
File: jquery.history.js, Directory: dir_28FBCDD5F46F4375A8F125191C936317.5FFE20C8_2BC6_4EE0_90AA_D6E92F2099AD
File: examples.js, Directory: dir_005CBB5EA0E8477B8178C3341D8A64CF.5FFE20C8_2BC6_4EE0_90AA_D6E92F2099AD
File: achtung_zoom37.jpg, Directory: dir_CEE9F0C64FCF441198A38C9673370749.5FFE20C8_2BC6_4EE0_90AA_D6E92F2099AD
File: webadmin_trusted_origins_all_zoom50.jpg, Directory: dir_9641117ED95A43098D872B9A917FFA35.5FFE20C8_2BC6_4EE0_90AA_D6E92F2099AD
File: lizenzanforderungerzeugen04_zoom50.jpg, Directory: dir_9641117ED95A43098D872B9A917FFA35.5FFE20C8_2BC6_4EE0_90AA_D6E92F2099AD
File: 13_senderausleihe_containerdetaills_zoom70.jpg, Directory: dir_9641117ED95A43098D872B9A917FFA35.5FFE20C8_2BC6_4EE0_90AA_D6E92F2099AD
File: mob_next.png, Directory: dir_CEE9F0C64FCF441198A38C9673370749.5FFE20C8_2BC6_4EE0_90AA_D6E92F2099AD
File: access_entry.js, Directory: dir_005CBB5EA0E8477B8178C3341D8A64CF.5FFE20C8_2BC6_4EE0_90AA_D6E92F2099AD
File: 08_senderlizenzen_fidetailszurueck_zoom70.jpg, Directory: dir_CEE9F0C64FCF441198A38C9673370749.5FFE20C8_2BC6_4EE0_90AA_D6E92F2099AD
File: webadmin_config.js, Directory: dir_C217E02153EF4FFFB5471191BAECC8B7.5FFE20C8_2BC6_4EE0_90AA_D6E92F2099AD
File: installation_linux.js, Directory: dir_005CBB5EA0E8477B8178C3341D8A64CF.5FFE20C8_2BC6_4EE0_90AA_D6E92F2099AD
File: requirements.js, Directory: dir_C217E02153EF4FFFB5471191BAECC8B7.5FFE20C8_2BC6_4EE0_90AA_D6E92F2099AD
File: help_overview_en_zoom50.png, Directory: dir_CEE9F0C64FCF441198A38C9673370749.5FFE20C8_2BC6_4EE0_90AA_D6E92F2099AD
File: de.jpg, Directory: dir_4F135336632D4907A8F9913B72BBED92.5FFE20C8_2BC6_4EE0_90AA_D6E92F2099AD
File: toc_hide.png, Directory: dir_9641117ED95A43098D872B9A917FFA35.5FFE20C8_2BC6_4EE0_90AA_D6E92F2099AD
File: linux.png, Directory: dir_9641117ED95A43098D872B9A917FFA35.5FFE20C8_2BC6_4EE0_90AA_D6E92F2099AD
File: tmr_config_webadmin.js, Directory: dir_C217E02153EF4FFFB5471191BAECC8B7.5FFE20C8_2BC6_4EE0_90AA_D6E92F2099AD
File: wadmin_einstellungen_zugriffsschutz_advanced_newcontainerrule_zoom50.jpg, Directory: dir_CEE9F0C64FCF441198A38C9673370749.5FFE20C8_2BC6_4EE0_90AA_D6E92F2099AD
File: webadmin_r.jpg, Directory: dir_CEE9F0C64FCF441198A38C9673370749.5FFE20C8_2BC6_4EE0_90AA_D6E92F2099AD
File: webadmin_configuration_webadmin_read_access_zoom60.jpg, Directory: dir_9641117ED95A43098D872B9A917FFA35.5FFE20C8_2BC6_4EE0_90AA_D6E92F2099AD
File: server_access.html, Directory: dir_8806771C411545C9B482E8B2239C5A9B.5FFE20C8_2BC6_4EE0_90AA_D6E92F2099AD
File: 16_ausleihe_ausleihe_monitoring_zoom70.jpg, Directory: dir_CEE9F0C64FCF441198A38C9673370749.5FFE20C8_2BC6_4EE0_90AA_D6E92F2099AD
File: webadmin_cmcontainer_details_non_hid_zoom50.jpg, Directory: dir_CEE9F0C64FCF441198A38C9673370749.5FFE20C8_2BC6_4EE0_90AA_D6E92F2099AD
File: prod_tip.gif, Directory: dir_CEE9F0C64FCF441198A38C9673370749.5FFE20C8_2BC6_4EE0_90AA_D6E92F2099AD
File: toggleLayoutTable.js, Directory: dir_28FBCDD5F46F4375A8F125191C936317.5FFE20C8_2BC6_4EE0_90AA_D6E92F2099AD
File: webadmin_configuration_webadmin_write_access_02_zoom71.jpg, Directory: dir_CEE9F0C64FCF441198A38C9673370749.5FFE20C8_2BC6_4EE0_90AA_D6E92F2099AD
File: definitions_and_value_ranges.js, Directory: dir_005CBB5EA0E8477B8178C3341D8A64CF.5FFE20C8_2BC6_4EE0_90AA_D6E92F2099AD
File: 11_empfaengerlizenzen_fidetailszurueck_zoom70.jpg, Directory: dir_CEE9F0C64FCF441198A38C9673370749.5FFE20C8_2BC6_4EE0_90AA_D6E92F2099AD
File: icon-32x32-green-cm.png, Directory: dir_CEE9F0C64FCF441198A38C9673370749.5FFE20C8_2BC6_4EE0_90AA_D6E92F2099AD
File: codemeterwebadminltlicenses_zoom80.jpg, Directory: dir_9641117ED95A43098D872B9A917FFA35.5FFE20C8_2BC6_4EE0_90AA_D6E92F2099AD
File: msd_to_hid.js, Directory: dir_005CBB5EA0E8477B8178C3341D8A64CF.5FFE20C8_2BC6_4EE0_90AA_D6E92F2099AD
File: runtimekit_setup_01.jpg, Directory: dir_CEE9F0C64FCF441198A38C9673370749.5FFE20C8_2BC6_4EE0_90AA_D6E92F2099AD
File: license_monitoring.js, Directory: dir_C217E02153EF4FFFB5471191BAECC8B7.5FFE20C8_2BC6_4EE0_90AA_D6E92F2099AD
File: hmcontent.js, Directory: dir_28FBCDD5F46F4375A8F125191C936317.5FFE20C8_2BC6_4EE0_90AA_D6E92F2099AD
File: cc_cmreadycontainer_zoom57.jpg, Directory: dir_CEE9F0C64FCF441198A38C9673370749.5FFE20C8_2BC6_4EE0_90AA_D6E92F2099AD
File: hmSmartPopup.js, Directory: dir_28FBCDD5F46F4375A8F125191C936317.5FFE20C8_2BC6_4EE0_90AA_D6E92F2099AD
File: h.jpg, Directory: dir_9641117ED95A43098D872B9A917FFA35.5FFE20C8_2BC6_4EE0_90AA_D6E92F2099AD
File: licensing_userhelp.html, Directory: dir_55CD00DB50894F27807C9E8A8886136B.5FFE20C8_2BC6_4EE0_90AA_D6E92F2099AD
File: 06_empfaengerlizenzen_pidetails_zoom70.jpg, Directory: dir_CEE9F0C64FCF441198A38C9673370749.5FFE20C8_2BC6_4EE0_90AA_D6E92F2099AD
File: webadmin_configuration_webadmin_config_write_access_zoom64.jpg, Directory: dir_CEE9F0C64FCF441198A38C9673370749.5FFE20C8_2BC6_4EE0_90AA_D6E92F2099AD
File: opc_logo_neu_zoom15.jpg, Directory: dir_CEE9F0C64FCF441198A38C9673370749.5FFE20C8_2BC6_4EE0_90AA_D6E92F2099AD
File: product_item_details_user.html, Directory: dir_55CD00DB50894F27807C9E8A8886136B.5FFE20C8_2BC6_4EE0_90AA_D6E92F2099AD
File: 01_module_items_containerdetails_zoom70.jpg, Directory: dir_CEE9F0C64FCF441198A38C9673370749.5FFE20C8_2BC6_4EE0_90AA_D6E92F2099AD
File: cc_sf_zeige_alle_cmsticks_.jpg, Directory: dir_CEE9F0C64FCF441198A38C9673370749.5FFE20C8_2BC6_4EE0_90AA_D6E92F2099AD
File: licensing_userhelp.js, Directory: dir_005CBB5EA0E8477B8178C3341D8A64CF.5FFE20C8_2BC6_4EE0_90AA_D6E92F2099AD
File: controlcenter.html, Directory: dir_55CD00DB50894F27807C9E8A8886136B.5FFE20C8_2BC6_4EE0_90AA_D6E92F2099AD
File: webadmin_settings_server_access_simplemode_zoom60.jpg, Directory: dir_CEE9F0C64FCF441198A38C9673370749.5FFE20C8_2BC6_4EE0_90AA_D6E92F2099AD
File: toc_closedbook.png, Directory: dir_9641117ED95A43098D872B9A917FFA35.5FFE20C8_2BC6_4EE0_90AA_D6E92F2099AD
File: hmEmbedHelp.js, Directory: dir_28FBCDD5F46F4375A8F125191C936317.5FFE20C8_2BC6_4EE0_90AA_D6E92F2099AD
File: webadmin_dashboard_server_zoom60.jpg, Directory: dir_9641117ED95A43098D872B9A917FFA35.5FFE20C8_2BC6_4EE0_90AA_D6E92F2099AD
File: allgemeine-constraints.html, Directory: dir_55CD00DB50894F27807C9E8A8886136B.5FFE20C8_2BC6_4EE0_90AA_D6E92F2099AD
File: msd_to_hid.js, Directory: dir_C217E02153EF4FFFB5471191BAECC8B7.5FFE20C8_2BC6_4EE0_90AA_D6E92F2099AD
File: codemeterwebadminltbaroverlayday_zoom80.jpg, Directory: dir_CEE9F0C64FCF441198A38C9673370749.5FFE20C8_2BC6_4EE0_90AA_D6E92F2099AD
File: move_n_from_m_transfer.html, Directory: dir_8806771C411545C9B482E8B2239C5A9B.5FFE20C8_2BC6_4EE0_90AA_D6E92F2099AD
File: 18_empfaengerausleihe_fidetaills_zoom70.jpg, Directory: dir_CEE9F0C64FCF441198A38C9673370749.5FFE20C8_2BC6_4EE0_90AA_D6E92F2099AD
File: schritt-4-erstellen-einer-acl-.js, Directory: dir_C217E02153EF4FFFB5471191BAECC8B7.5FFE20C8_2BC6_4EE0_90AA_D6E92F2099AD
File: webadmin_monitoring_license_details_zoom53.jpg, Directory: dir_9641117ED95A43098D872B9A917FFA35.5FFE20C8_2BC6_4EE0_90AA_D6E92F2099AD
File: installation_codemeter.js, Directory: dir_C217E02153EF4FFFB5471191BAECC8B7.5FFE20C8_2BC6_4EE0_90AA_D6E92F2099AD
File: toc_topic.png, Directory: dir_CEE9F0C64FCF441198A38C9673370749.5FFE20C8_2BC6_4EE0_90AA_D6E92F2099AD
File: sf_mail.png, Directory: dir_9641117ED95A43098D872B9A917FFA35.5FFE20C8_2BC6_4EE0_90AA_D6E92F2099AD
File: toc_topic.svg, Directory: dir_CEE9F0C64FCF441198A38C9673370749.5FFE20C8_2BC6_4EE0_90AA_D6E92F2099AD
File: webadmin_configurationmessage_03_zoom64.jpg, Directory: dir_CEE9F0C64FCF441198A38C9673370749.5FFE20C8_2BC6_4EE0_90AA_D6E92F2099AD
File: hmcontent.js, Directory: dir_079197E4E23B4155B10356C291A628DF.5FFE20C8_2BC6_4EE0_90AA_D6E92F2099AD
File: licence_borrowing.html, Directory: dir_55CD00DB50894F27807C9E8A8886136B.5FFE20C8_2BC6_4EE0_90AA_D6E92F2099AD
File: flag_green.gif, Directory: dir_CEE9F0C64FCF441198A38C9673370749.5FFE20C8_2BC6_4EE0_90AA_D6E92F2099AD
File: fcruleset.js, Directory: dir_C217E02153EF4FFFB5471191BAECC8B7.5FFE20C8_2BC6_4EE0_90AA_D6E92F2099AD
File: win8_logo_zoom15.jpg, Directory: dir_9641117ED95A43098D872B9A917FFA35.5FFE20C8_2BC6_4EE0_90AA_D6E92F2099AD
File: acl_start.html, Directory: dir_8806771C411545C9B482E8B2239C5A9B.5FFE20C8_2BC6_4EE0_90AA_D6E92F2099AD
File: 12amonitor_zoom61.jpg, Directory: dir_9641117ED95A43098D872B9A917FFA35.5FFE20C8_2BC6_4EE0_90AA_D6E92F2099AD
File: rule.html, Directory: dir_55CD00DB50894F27807C9E8A8886136B.5FFE20C8_2BC6_4EE0_90AA_D6E92F2099AD
File: profiling_serversearchlist.js, Directory: dir_C217E02153EF4FFFB5471191BAECC8B7.5FFE20C8_2BC6_4EE0_90AA_D6E92F2099AD
File: hid_communication.html, Directory: dir_55CD00DB50894F27807C9E8A8886136B.5FFE20C8_2BC6_4EE0_90AA_D6E92F2099AD
File: wadmin_einstellungen_zugriffsschutz_advanced_globalrule_sample_zoom60.jpg, Directory: dir_CEE9F0C64FCF441198A38C9673370749.5FFE20C8_2BC6_4EE0_90AA_D6E92F2099AD
File: TextMinus.png, Directory: dir_9641117ED95A43098D872B9A917FFA35.5FFE20C8_2BC6_4EE0_90AA_D6E92F2099AD
File: chrome_02_zoom50.jpg, Directory: dir_CEE9F0C64FCF441198A38C9673370749.5FFE20C8_2BC6_4EE0_90AA_D6E92F2099AD
File: codemeterwebadminltbaroverlayday_zoom80.jpg, Directory: dir_9641117ED95A43098D872B9A917FFA35.5FFE20C8_2BC6_4EE0_90AA_D6E92F2099AD
File: pccard_zoom62.jpg, Directory: dir_CEE9F0C64FCF441198A38C9673370749.5FFE20C8_2BC6_4EE0_90AA_D6E92F2099AD
File: profiling_general.html, Directory: dir_55CD00DB50894F27807C9E8A8886136B.5FFE20C8_2BC6_4EE0_90AA_D6E92F2099AD
File: webadmin_w.jpg, Directory: dir_9641117ED95A43098D872B9A917FFA35.5FFE20C8_2BC6_4EE0_90AA_D6E92F2099AD
File: macos_zoom74.jpg, Directory: dir_9641117ED95A43098D872B9A917FFA35.5FFE20C8_2BC6_4EE0_90AA_D6E92F2099AD
File: status_container_aktiviert_solange_angeschlossen_zoom70.jpg, Directory: dir_9641117ED95A43098D872B9A917FFA35.5FFE20C8_2BC6_4EE0_90AA_D6E92F2099AD
File: cc_hid_zoom50.jpg, Directory: dir_9641117ED95A43098D872B9A917FFA35.5FFE20C8_2BC6_4EE0_90AA_D6E92F2099AD
File: lizenzaktualisierungeinspielen01_zoom62.jpg, Directory: dir_CEE9F0C64FCF441198A38C9673370749.5FFE20C8_2BC6_4EE0_90AA_D6E92F2099AD
File: server_access.html, Directory: dir_55CD00DB50894F27807C9E8A8886136B.5FFE20C8_2BC6_4EE0_90AA_D6E92F2099AD
File: move_n_from_m_return.js, Directory: dir_C217E02153EF4FFFB5471191BAECC8B7.5FFE20C8_2BC6_4EE0_90AA_D6E92F2099AD
File: wadmin_einstellungen_zugriffsschutz_advanced_deletepcrule_zoom60.jpg, Directory: dir_9641117ED95A43098D872B9A917FFA35.5FFE20C8_2BC6_4EE0_90AA_D6E92F2099AD
File: brotkrumen_navigation_zoom50.jpg, Directory: dir_CEE9F0C64FCF441198A38C9673370749.5FFE20C8_2BC6_4EE0_90AA_D6E92F2099AD
File: ie_03_zoom60.jpg, Directory: dir_9641117ED95A43098D872B9A917FFA35.5FFE20C8_2BC6_4EE0_90AA_D6E92F2099AD
File: signature_entry.js, Directory: dir_C217E02153EF4FFFB5471191BAECC8B7.5FFE20C8_2BC6_4EE0_90AA_D6E92F2099AD
File: stopp_2.png, Directory: dir_9641117ED95A43098D872B9A917FFA35.5FFE20C8_2BC6_4EE0_90AA_D6E92F2099AD
File: runtimekit_setup_02eula.jpg, Directory: dir_9641117ED95A43098D872B9A917FFA35.5FFE20C8_2BC6_4EE0_90AA_D6E92F2099AD
File: license_access_permissions.html, Directory: dir_8806771C411545C9B482E8B2239C5A9B.5FFE20C8_2BC6_4EE0_90AA_D6E92F2099AD
File: cmcontainer_details.js, Directory: dir_005CBB5EA0E8477B8178C3341D8A64CF.5FFE20C8_2BC6_4EE0_90AA_D6E92F2099AD
File: product_item_details_user.js, Directory: dir_C217E02153EF4FFFB5471191BAECC8B7.5FFE20C8_2BC6_4EE0_90AA_D6E92F2099AD
File: webadmin_monitoring_available_open_zoom56.jpg, Directory: dir_CEE9F0C64FCF441198A38C9673370749.5FFE20C8_2BC6_4EE0_90AA_D6E92F2099AD
File: tipbulb_alsinfo.gif, Directory: dir_CEE9F0C64FCF441198A38C9673370749.5FFE20C8_2BC6_4EE0_90AA_D6E92F2099AD
File: hmImageToggleMobile.js, Directory: dir_079197E4E23B4155B10356C291A628DF.5FFE20C8_2BC6_4EE0_90AA_D6E92F2099AD
File: safari_01_zoom50.jpg, Directory: dir_CEE9F0C64FCF441198A38C9673370749.5FFE20C8_2BC6_4EE0_90AA_D6E92F2099AD
File: tog_plus.gif, Directory: dir_CEE9F0C64FCF441198A38C9673370749.5FFE20C8_2BC6_4EE0_90AA_D6E92F2099AD
File: user_data.html, Directory: dir_8806771C411545C9B482E8B2239C5A9B.5FFE20C8_2BC6_4EE0_90AA_D6E92F2099AD
File: hmcontent.html, Directory: dir_55CD00DB50894F27807C9E8A8886136B.5FFE20C8_2BC6_4EE0_90AA_D6E92F2099AD
File: achtung_zoom35.jpg, Directory: dir_9641117ED95A43098D872B9A917FFA35.5FFE20C8_2BC6_4EE0_90AA_D6E92F2099AD
File: wbbfile02_zoom50.jpg, Directory: dir_9641117ED95A43098D872B9A917FFA35.5FFE20C8_2BC6_4EE0_90AA_D6E92F2099AD
File: 02_senderlizenzen_fidetails_zoom70.jpg, Directory: dir_9641117ED95A43098D872B9A917FFA35.5FFE20C8_2BC6_4EE0_90AA_D6E92F2099AD
File: information_grau_klein26.jpg, Directory: dir_9641117ED95A43098D872B9A917FFA35.5FFE20C8_2BC6_4EE0_90AA_D6E92F2099AD
File: gold_partner_rgb_9.jpg, Directory: dir_9641117ED95A43098D872B9A917FFA35.5FFE20C8_2BC6_4EE0_90AA_D6E92F2099AD
File: tmr_config_webadmin.html, Directory: dir_55CD00DB50894F27807C9E8A8886136B.5FFE20C8_2BC6_4EE0_90AA_D6E92F2099AD
File: borrow_access_entry.html, Directory: dir_55CD00DB50894F27807C9E8A8886136B.5FFE20C8_2BC6_4EE0_90AA_D6E92F2099AD
File: webadmin_trusted_origins_enter_zoom59.jpg, Directory: dir_9641117ED95A43098D872B9A917FFA35.5FFE20C8_2BC6_4EE0_90AA_D6E92F2099AD
File: wadmin_einstellungen_zugriffsschutz_advanced_newpcrule_zoom50.jpg, Directory: dir_CEE9F0C64FCF441198A38C9673370749.5FFE20C8_2BC6_4EE0_90AA_D6E92F2099AD
File: rt_willkommen_zoom70.jpg, Directory: dir_CEE9F0C64FCF441198A38C9673370749.5FFE20C8_2BC6_4EE0_90AA_D6E92F2099AD
File: 16a_ausleihe_ausleihe_monitoring_zoom70.jpg, Directory: dir_CEE9F0C64FCF441198A38C9673370749.5FFE20C8_2BC6_4EE0_90AA_D6E92F2099AD
File: lizenzaktualisierungeinspielen01_zoom50.jpg, Directory: dir_9641117ED95A43098D872B9A917FFA35.5FFE20C8_2BC6_4EE0_90AA_D6E92F2099AD
File: hinzufuegen_icon_zoom80.jpg, Directory: dir_9641117ED95A43098D872B9A917FFA35.5FFE20C8_2BC6_4EE0_90AA_D6E92F2099AD
File: edge_01_zoom50.jpg, Directory: dir_9641117ED95A43098D872B9A917FFA35.5FFE20C8_2BC6_4EE0_90AA_D6E92F2099AD
File: schritt-5-erstellen-einer-acl-.js, Directory: dir_C217E02153EF4FFFB5471191BAECC8B7.5FFE20C8_2BC6_4EE0_90AA_D6E92F2099AD
File: extra.html, Directory: dir_8806771C411545C9B482E8B2239C5A9B.5FFE20C8_2BC6_4EE0_90AA_D6E92F2099AD
File: administrative_entry.js, Directory: dir_005CBB5EA0E8477B8178C3341D8A64CF.5FFE20C8_2BC6_4EE0_90AA_D6E92F2099AD
File: license_access_permissions.html, Directory: dir_55CD00DB50894F27807C9E8A8886136B.5FFE20C8_2BC6_4EE0_90AA_D6E92F2099AD
File: hmImageToggle.js, Directory: dir_28FBCDD5F46F4375A8F125191C936317.5FFE20C8_2BC6_4EE0_90AA_D6E92F2099AD
File: cmfas_create_licenserequest.js, Directory: dir_C217E02153EF4FFFB5471191BAECC8B7.5FFE20C8_2BC6_4EE0_90AA_D6E92F2099AD
File: type_cmcloud.png, Directory: dir_9641117ED95A43098D872B9A917FFA35.5FFE20C8_2BC6_4EE0_90AA_D6E92F2099AD
File: cmfas_import_licenseupdate.js, Directory: dir_005CBB5EA0E8477B8178C3341D8A64CF.5FFE20C8_2BC6_4EE0_90AA_D6E92F2099AD
File: index.js, Directory: dir_005CBB5EA0E8477B8178C3341D8A64CF.5FFE20C8_2BC6_4EE0_90AA_D6E92F2099AD
File: installation_windowsrt.html, Directory: dir_55CD00DB50894F27807C9E8A8886136B.5FFE20C8_2BC6_4EE0_90AA_D6E92F2099AD
File: profiling_topic.html, Directory: dir_8806771C411545C9B482E8B2239C5A9B.5FFE20C8_2BC6_4EE0_90AA_D6E92F2099AD
File: tmr.html, Directory: dir_8806771C411545C9B482E8B2239C5A9B.5FFE20C8_2BC6_4EE0_90AA_D6E92F2099AD
File: installed_files_mac.html, Directory: dir_55CD00DB50894F27807C9E8A8886136B.5FFE20C8_2BC6_4EE0_90AA_D6E92F2099AD
File: cmready_webadmin_logo_zoom51.jpg, Directory: dir_9641117ED95A43098D872B9A917FFA35.5FFE20C8_2BC6_4EE0_90AA_D6E92F2099AD
File: installation_linux.html, Directory: dir_8806771C411545C9B482E8B2239C5A9B.5FFE20C8_2BC6_4EE0_90AA_D6E92F2099AD
File: mob_home.png, Directory: dir_9641117ED95A43098D872B9A917FFA35.5FFE20C8_2BC6_4EE0_90AA_D6E92F2099AD
File: hmwebhelp_toc_desktop.css, Directory: dir_93FB0F7D0CC340B186DBD20391CFB865.5FFE20C8_2BC6_4EE0_90AA_D6E92F2099AD
File: profiling_topic.js, Directory: dir_C217E02153EF4FFFB5471191BAECC8B7.5FFE20C8_2BC6_4EE0_90AA_D6E92F2099AD
File: formale-spezifikation-der-acl-.js, Directory: dir_005CBB5EA0E8477B8178C3341D8A64CF.5FFE20C8_2BC6_4EE0_90AA_D6E92F2099AD
File: acl_start.js, Directory: dir_005CBB5EA0E8477B8178C3341D8A64CF.5FFE20C8_2BC6_4EE0_90AA_D6E92F2099AD
File: cc_sf_restart_.jpg, Directory: dir_CEE9F0C64FCF441198A38C9673370749.5FFE20C8_2BC6_4EE0_90AA_D6E92F2099AD
File: time_update_icon_zoom80.jpg, Directory: dir_9641117ED95A43098D872B9A917FFA35.5FFE20C8_2BC6_4EE0_90AA_D6E92F2099AD
File: webadmin_container_userdata_details_zoom70.jpg, Directory: dir_CEE9F0C64FCF441198A38C9673370749.5FFE20C8_2BC6_4EE0_90AA_D6E92F2099AD
File: license_entry.js, Directory: dir_C217E02153EF4FFFB5471191BAECC8B7.5FFE20C8_2BC6_4EE0_90AA_D6E92F2099AD
File: requirements.html, Directory: dir_8806771C411545C9B482E8B2239C5A9B.5FFE20C8_2BC6_4EE0_90AA_D6E92F2099AD
File: hmwebhelp_search_phone.css, Directory: dir_93FB0F7D0CC340B186DBD20391CFB865.5FFE20C8_2BC6_4EE0_90AA_D6E92F2099AD
File: hmcontent.html, Directory: dir_8806771C411545C9B482E8B2239C5A9B.5FFE20C8_2BC6_4EE0_90AA_D6E92F2099AD
File: tmr--overview.js, Directory: dir_005CBB5EA0E8477B8178C3341D8A64CF.5FFE20C8_2BC6_4EE0_90AA_D6E92F2099AD
File: arrow_right.png, Directory: dir_CEE9F0C64FCF441198A38C9673370749.5FFE20C8_2BC6_4EE0_90AA_D6E92F2099AD
File: status_container_aktiviert_solange_angeschlossen_zoom70.jpg, Directory: dir_CEE9F0C64FCF441198A38C9673370749.5FFE20C8_2BC6_4EE0_90AA_D6E92F2099AD
File: step2_01_zoom70.jpg, Directory: dir_CEE9F0C64FCF441198A38C9673370749.5FFE20C8_2BC6_4EE0_90AA_D6E92F2099AD
File: administrative_entry.html, Directory: dir_55CD00DB50894F27807C9E8A8886136B.5FFE20C8_2BC6_4EE0_90AA_D6E92F2099AD
File: open_data.png, Directory: dir_9641117ED95A43098D872B9A917FFA35.5FFE20C8_2BC6_4EE0_90AA_D6E92F2099AD
File: controlcenter.js, Directory: dir_005CBB5EA0E8477B8178C3341D8A64CF.5FFE20C8_2BC6_4EE0_90AA_D6E92F2099AD
File: das-json-format-der-acl.js, Directory: dir_005CBB5EA0E8477B8178C3341D8A64CF.5FFE20C8_2BC6_4EE0_90AA_D6E92F2099AD
File: cc-broken-license_01_zoom58.jpg, Directory: dir_9641117ED95A43098D872B9A917FFA35.5FFE20C8_2BC6_4EE0_90AA_D6E92F2099AD
File: webadmin_configuration_webadmin_config_read_write_access_zoom67.jpg, Directory: dir_CEE9F0C64FCF441198A38C9673370749.5FFE20C8_2BC6_4EE0_90AA_D6E92F2099AD
File: cmu.html, Directory: dir_8806771C411545C9B482E8B2239C5A9B.5FFE20C8_2BC6_4EE0_90AA_D6E92F2099AD
File: licensing_userhelp.html, Directory: dir_8806771C411545C9B482E8B2239C5A9B.5FFE20C8_2BC6_4EE0_90AA_D6E92F2099AD
File: signature_entry.js, Directory: dir_005CBB5EA0E8477B8178C3341D8A64CF.5FFE20C8_2BC6_4EE0_90AA_D6E92F2099AD
File: quicklinks.js, Directory: dir_005CBB5EA0E8477B8178C3341D8A64CF.5FFE20C8_2BC6_4EE0_90AA_D6E92F2099AD
File: schritt-1-erstellen-einer-leer.html, Directory: dir_55CD00DB50894F27807C9E8A8886136B.5FFE20C8_2BC6_4EE0_90AA_D6E92F2099AD
File: sf_text_size.png, Directory: dir_CEE9F0C64FCF441198A38C9673370749.5FFE20C8_2BC6_4EE0_90AA_D6E92F2099AD
File: dashboard.js, Directory: dir_005CBB5EA0E8477B8178C3341D8A64CF.5FFE20C8_2BC6_4EE0_90AA_D6E92F2099AD
File: wadmin_einstellungen_zeitserver_bestaetigung_zoom70.jpg, Directory: dir_9641117ED95A43098D872B9A917FFA35.5FFE20C8_2BC6_4EE0_90AA_D6E92F2099AD
File: exit.png, Directory: dir_9641117ED95A43098D872B9A917FFA35.5FFE20C8_2BC6_4EE0_90AA_D6E92F2099AD
File: installation_codemeterrt.html, Directory: dir_55CD00DB50894F27807C9E8A8886136B.5FFE20C8_2BC6_4EE0_90AA_D6E92F2099AD
File: cmready_webadmin_logo_zoom51.jpg, Directory: dir_CEE9F0C64FCF441198A38C9673370749.5FFE20C8_2BC6_4EE0_90AA_D6E92F2099AD
File: sf_text_size.png, Directory: dir_9641117ED95A43098D872B9A917FFA35.5FFE20C8_2BC6_4EE0_90AA_D6E92F2099AD
File: webadmin_info_zoom60.jpg, Directory: dir_CEE9F0C64FCF441198A38C9673370749.5FFE20C8_2BC6_4EE0_90AA_D6E92F2099AD
File: profiling_accesscontrol.js, Directory: dir_005CBB5EA0E8477B8178C3341D8A64CF.5FFE20C8_2BC6_4EE0_90AA_D6E92F2099AD
File: cc_borrow_tab_links_zoom40.jpg, Directory: dir_9641117ED95A43098D872B9A917FFA35.5FFE20C8_2BC6_4EE0_90AA_D6E92F2099AD
File: cc_sf_loesche_ereig_.jpg, Directory: dir_CEE9F0C64FCF441198A38C9673370749.5FFE20C8_2BC6_4EE0_90AA_D6E92F2099AD
File: webadmin_settings_server_access_simplemode_zoom50.jpg, Directory: dir_9641117ED95A43098D872B9A917FFA35.5FFE20C8_2BC6_4EE0_90AA_D6E92F2099AD
File: icon-32x32-grey-cm.png, Directory: dir_CEE9F0C64FCF441198A38C9673370749.5FFE20C8_2BC6_4EE0_90AA_D6E92F2099AD
File: containerruleset.js, Directory: dir_005CBB5EA0E8477B8178C3341D8A64CF.5FFE20C8_2BC6_4EE0_90AA_D6E92F2099AD
File: webadmin_configurationmessage_01_zoom43.jpg, Directory: dir_CEE9F0C64FCF441198A38C9673370749.5FFE20C8_2BC6_4EE0_90AA_D6E92F2099AD
File: cc_importing_updating_licenses.js, Directory: dir_005CBB5EA0E8477B8178C3341D8A64CF.5FFE20C8_2BC6_4EE0_90AA_D6E92F2099AD
File: transfer_limitation.html, Directory: dir_55CD00DB50894F27807C9E8A8886136B.5FFE20C8_2BC6_4EE0_90AA_D6E92F2099AD
File: cmdust.html, Directory: dir_55CD00DB50894F27807C9E8A8886136B.5FFE20C8_2BC6_4EE0_90AA_D6E92F2099AD
File: hmtoggle_plus1.gif, Directory: dir_CEE9F0C64FCF441198A38C9673370749.5FFE20C8_2BC6_4EE0_90AA_D6E92F2099AD
File: move_n_from_m_return.html, Directory: dir_8806771C411545C9B482E8B2239C5A9B.5FFE20C8_2BC6_4EE0_90AA_D6E92F2099AD
File: chrome_01_zoom50.jpg, Directory: dir_9641117ED95A43098D872B9A917FFA35.5FFE20C8_2BC6_4EE0_90AA_D6E92F2099AD
File: remote-programming.html, Directory: dir_8806771C411545C9B482E8B2239C5A9B.5FFE20C8_2BC6_4EE0_90AA_D6E92F2099AD
File: cmu.js, Directory: dir_005CBB5EA0E8477B8178C3341D8A64CF.5FFE20C8_2BC6_4EE0_90AA_D6E92F2099AD
File: lt_icon_history_zoom120.jpg, Directory: dir_9641117ED95A43098D872B9A917FFA35.5FFE20C8_2BC6_4EE0_90AA_D6E92F2099AD
File: runtimekit_setup_03scope.jpg, Directory: dir_9641117ED95A43098D872B9A917FFA35.5FFE20C8_2BC6_4EE0_90AA_D6E92F2099AD
File: hid_communication.js, Directory: dir_C217E02153EF4FFFB5471191BAECC8B7.5FFE20C8_2BC6_4EE0_90AA_D6E92F2099AD
File: linux_zoom78.jpg, Directory: dir_9641117ED95A43098D872B9A917FFA35.5FFE20C8_2BC6_4EE0_90AA_D6E92F2099AD
File: wadmin_einstellungen_zugriffsschutz_advanced_deletepcrule_zoom60.jpg, Directory: dir_CEE9F0C64FCF441198A38C9673370749.5FFE20C8_2BC6_4EE0_90AA_D6E92F2099AD
File: status_container_gesperrt_zoom70.jpg, Directory: dir_9641117ED95A43098D872B9A917FFA35.5FFE20C8_2BC6_4EE0_90AA_D6E92F2099AD
File: das-json-format-der-acl.html, Directory: dir_55CD00DB50894F27807C9E8A8886136B.5FFE20C8_2BC6_4EE0_90AA_D6E92F2099AD
File: cc_borrow_tab.js, Directory: dir_C217E02153EF4FFFB5471191BAECC8B7.5FFE20C8_2BC6_4EE0_90AA_D6E92F2099AD
File: defragment_icon_zoom60.jpg, Directory: dir_CEE9F0C64FCF441198A38C9673370749.5FFE20C8_2BC6_4EE0_90AA_D6E92F2099AD
File: server_search_list.html, Directory: dir_8806771C411545C9B482E8B2239C5A9B.5FFE20C8_2BC6_4EE0_90AA_D6E92F2099AD
File: linux_zoom74.jpg, Directory: dir_CEE9F0C64FCF441198A38C9673370749.5FFE20C8_2BC6_4EE0_90AA_D6E92F2099AD
File: lizenzanforderungerzeugenbestaetigung_zoom50.jpg, Directory: dir_CEE9F0C64FCF441198A38C9673370749.5FFE20C8_2BC6_4EE0_90AA_D6E92F2099AD
File: profiling_topic.js, Directory: dir_005CBB5EA0E8477B8178C3341D8A64CF.5FFE20C8_2BC6_4EE0_90AA_D6E92F2099AD
File: borrow_local_license_return.js, Directory: dir_005CBB5EA0E8477B8178C3341D8A64CF.5FFE20C8_2BC6_4EE0_90AA_D6E92F2099AD
File: webadmin_settings_basis_webadmin_zoom50.jpg, Directory: dir_9641117ED95A43098D872B9A917FFA35.5FFE20C8_2BC6_4EE0_90AA_D6E92F2099AD
File: extra.html, Directory: dir_55CD00DB50894F27807C9E8A8886136B.5FFE20C8_2BC6_4EE0_90AA_D6E92F2099AD
File: installation_windows.js, Directory: dir_005CBB5EA0E8477B8178C3341D8A64CF.5FFE20C8_2BC6_4EE0_90AA_D6E92F2099AD
File: hmFeatureHeader.js, Directory: dir_28FBCDD5F46F4375A8F125191C936317.5FFE20C8_2BC6_4EE0_90AA_D6E92F2099AD
File: rule.js, Directory: dir_C217E02153EF4FFFB5471191BAECC8B7.5FFE20C8_2BC6_4EE0_90AA_D6E92F2099AD
File: cmcontainer_info.js, Directory: dir_005CBB5EA0E8477B8178C3341D8A64CF.5FFE20C8_2BC6_4EE0_90AA_D6E92F2099AD
File: macos.jpg, Directory: dir_9641117ED95A43098D872B9A917FFA35.5FFE20C8_2BC6_4EE0_90AA_D6E92F2099AD
File: webadmin_cmcontainer_details_zoom60.jpg, Directory: dir_9641117ED95A43098D872B9A917FFA35.5FFE20C8_2BC6_4EE0_90AA_D6E92F2099AD
File: wadmin_einstellungen_zugriffsschutz_advanced_newcontainerrule_checkbox_zoom50.jpg, Directory: dir_9641117ED95A43098D872B9A917FFA35.5FFE20C8_2BC6_4EE0_90AA_D6E92F2099AD
File: certified_time.html, Directory: dir_55CD00DB50894F27807C9E8A8886136B.5FFE20C8_2BC6_4EE0_90AA_D6E92F2099AD
File: start_v2.png, Directory: dir_9641117ED95A43098D872B9A917FFA35.5FFE20C8_2BC6_4EE0_90AA_D6E92F2099AD
File: configuration.js, Directory: dir_005CBB5EA0E8477B8178C3341D8A64CF.5FFE20C8_2BC6_4EE0_90AA_D6E92F2099AD
File: hm_webhelp.js, Directory: dir_079197E4E23B4155B10356C291A628DF.5FFE20C8_2BC6_4EE0_90AA_D6E92F2099AD
File: en.jpg, Directory: dir_4F135336632D4907A8F9913B72BBED92.5FFE20C8_2BC6_4EE0_90AA_D6E92F2099AD
File: hmFeatureHeaderM.js, Directory: dir_28FBCDD5F46F4375A8F125191C936317.5FFE20C8_2BC6_4EE0_90AA_D6E92F2099AD
File: important_information.js, Directory: dir_005CBB5EA0E8477B8178C3341D8A64CF.5FFE20C8_2BC6_4EE0_90AA_D6E92F2099AD
File: hid_to_msd.html, Directory: dir_8806771C411545C9B482E8B2239C5A9B.5FFE20C8_2BC6_4EE0_90AA_D6E92F2099AD
File: information_grau_klein26_zoom100.jpg, Directory: dir_CEE9F0C64FCF441198A38C9673370749.5FFE20C8_2BC6_4EE0_90AA_D6E92F2099AD
File: nameduser_entry.html, Directory: dir_55CD00DB50894F27807C9E8A8886136B.5FFE20C8_2BC6_4EE0_90AA_D6E92F2099AD
File: safety_instructions_userhelp.html, Directory: dir_55CD00DB50894F27807C9E8A8886136B.5FFE20C8_2BC6_4EE0_90AA_D6E92F2099AD
File: search.png, Directory: dir_CEE9F0C64FCF441198A38C9673370749.5FFE20C8_2BC6_4EE0_90AA_D6E92F2099AD
File: borrow_local_license_borrow.js, Directory: dir_C217E02153EF4FFFB5471191BAECC8B7.5FFE20C8_2BC6_4EE0_90AA_D6E92F2099AD
File: hmftsearch.html, Directory: dir_55CD00DB50894F27807C9E8A8886136B.5FFE20C8_2BC6_4EE0_90AA_D6E92F2099AD
File: profiling_general.html, Directory: dir_8806771C411545C9B482E8B2239C5A9B.5FFE20C8_2BC6_4EE0_90AA_D6E92F2099AD
File: webadmin_settings_server_access_advancedmode_ruleexample_zoom60.jpg, Directory: dir_9641117ED95A43098D872B9A917FFA35.5FFE20C8_2BC6_4EE0_90AA_D6E92F2099AD
File: quicklinks.js, Directory: dir_C217E02153EF4FFFB5471191BAECC8B7.5FFE20C8_2BC6_4EE0_90AA_D6E92F2099AD
File: win8_logo_zoom14.jpg, Directory: dir_CEE9F0C64FCF441198A38C9673370749.5FFE20C8_2BC6_4EE0_90AA_D6E92F2099AD
File: cmfas_create_licenserequest.html, Directory: dir_55CD00DB50894F27807C9E8A8886136B.5FFE20C8_2BC6_4EE0_90AA_D6E92F2099AD
File: macos_zoom99.jpg, Directory: dir_9641117ED95A43098D872B9A917FFA35.5FFE20C8_2BC6_4EE0_90AA_D6E92F2099AD
File: fcruleset.html, Directory: dir_8806771C411545C9B482E8B2239C5A9B.5FFE20C8_2BC6_4EE0_90AA_D6E92F2099AD
File: webadmin_module_item.js, Directory: dir_C217E02153EF4FFFB5471191BAECC8B7.5FFE20C8_2BC6_4EE0_90AA_D6E92F2099AD
File: cc_event_tab.js, Directory: dir_C217E02153EF4FFFB5471191BAECC8B7.5FFE20C8_2BC6_4EE0_90AA_D6E92F2099AD
File: verbund_all_zoom50.jpg, Directory: dir_9641117ED95A43098D872B9A917FFA35.5FFE20C8_2BC6_4EE0_90AA_D6E92F2099AD
File: edit.png, Directory: dir_9641117ED95A43098D872B9A917FFA35.5FFE20C8_2BC6_4EE0_90AA_D6E92F2099AD
File: license_tracking.js, Directory: dir_005CBB5EA0E8477B8178C3341D8A64CF.5FFE20C8_2BC6_4EE0_90AA_D6E92F2099AD
File: aktualisierungbestaetigung_zoom49.jpg, Directory: dir_9641117ED95A43098D872B9A917FFA35.5FFE20C8_2BC6_4EE0_90AA_D6E92F2099AD
File: wbbfile.jpg, Directory: dir_9641117ED95A43098D872B9A917FFA35.5FFE20C8_2BC6_4EE0_90AA_D6E92F2099AD
File: sessions.js, Directory: dir_005CBB5EA0E8477B8178C3341D8A64CF.5FFE20C8_2BC6_4EE0_90AA_D6E92F2099AD
File: hmwebhelp_main_desktop.css, Directory: dir_1B3BC25A0DBD43FF9F07EA153624A7BA.5FFE20C8_2BC6_4EE0_90AA_D6E92F2099AD
File: operation.html, Directory: dir_55CD00DB50894F27807C9E8A8886136B.5FFE20C8_2BC6_4EE0_90AA_D6E92F2099AD
File: webadmin_container_backuprestore_zoom60.jpg, Directory: dir_CEE9F0C64FCF441198A38C9673370749.5FFE20C8_2BC6_4EE0_90AA_D6E92F2099AD
File: 06amonitor_zoom61.jpg, Directory: dir_9641117ED95A43098D872B9A917FFA35.5FFE20C8_2BC6_4EE0_90AA_D6E92F2099AD
File: tapImage.js, Directory: dir_28FBCDD5F46F4375A8F125191C936317.5FFE20C8_2BC6_4EE0_90AA_D6E92F2099AD
File: version_contact_userhelp.js, Directory: dir_005CBB5EA0E8477B8178C3341D8A64CF.5FFE20C8_2BC6_4EE0_90AA_D6E92F2099AD
File: ie_03_zoom60.jpg, Directory: dir_CEE9F0C64FCF441198A38C9673370749.5FFE20C8_2BC6_4EE0_90AA_D6E92F2099AD
File: firm_item_details.html, Directory: dir_55CD00DB50894F27807C9E8A8886136B.5FFE20C8_2BC6_4EE0_90AA_D6E92F2099AD
File: hmwebhelp_search_desktop.css, Directory: dir_1B3BC25A0DBD43FF9F07EA153624A7BA.5FFE20C8_2BC6_4EE0_90AA_D6E92F2099AD
File: move_license.js, Directory: dir_005CBB5EA0E8477B8178C3341D8A64CF.5FFE20C8_2BC6_4EE0_90AA_D6E92F2099AD
File: webadmin_config.html, Directory: dir_55CD00DB50894F27807C9E8A8886136B.5FFE20C8_2BC6_4EE0_90AA_D6E92F2099AD
File: wadmin_einstellungen_zugriffsschutz_advanced_deletefcrule_zoom60.jpg, Directory: dir_9641117ED95A43098D872B9A917FFA35.5FFE20C8_2BC6_4EE0_90AA_D6E92F2099AD
File: borrow_return_entry.js, Directory: dir_005CBB5EA0E8477B8178C3341D8A64CF.5FFE20C8_2BC6_4EE0_90AA_D6E92F2099AD
File: cc_license_tab.js, Directory: dir_005CBB5EA0E8477B8178C3341D8A64CF.5FFE20C8_2BC6_4EE0_90AA_D6E92F2099AD
File: export.html, Directory: dir_55CD00DB50894F27807C9E8A8886136B.5FFE20C8_2BC6_4EE0_90AA_D6E92F2099AD
File: hinzufuegen_icon_zoom50.jpg, Directory: dir_9641117ED95A43098D872B9A917FFA35.5FFE20C8_2BC6_4EE0_90AA_D6E92F2099AD
File: webadmin_container_cmcontainer_infos_zoom70.jpg, Directory: dir_9641117ED95A43098D872B9A917FFA35.5FFE20C8_2BC6_4EE0_90AA_D6E92F2099AD
File: willkommen_cmfasassi_zoom75.jpg, Directory: dir_CEE9F0C64FCF441198A38C9673370749.5FFE20C8_2BC6_4EE0_90AA_D6E92F2099AD
File: webadmin_dashboard_zoom60.jpg, Directory: dir_9641117ED95A43098D872B9A917FFA35.5FFE20C8_2BC6_4EE0_90AA_D6E92F2099AD
File: profiling_accesscontrol.html, Directory: dir_8806771C411545C9B482E8B2239C5A9B.5FFE20C8_2BC6_4EE0_90AA_D6E92F2099AD
File: webadmin_settings_server_access_advancedmode_new_rulead_zoom60.jpg, Directory: dir_9641117ED95A43098D872B9A917FFA35.5FFE20C8_2BC6_4EE0_90AA_D6E92F2099AD
File: uninstalling_macrt.html, Directory: dir_55CD00DB50894F27807C9E8A8886136B.5FFE20C8_2BC6_4EE0_90AA_D6E92F2099AD
File: hmftsearch.html, Directory: dir_8806771C411545C9B482E8B2239C5A9B.5FFE20C8_2BC6_4EE0_90AA_D6E92F2099AD
File: highlight.js, Directory: dir_28FBCDD5F46F4375A8F125191C936317.5FFE20C8_2BC6_4EE0_90AA_D6E92F2099AD
File: borrow_access_entry.js, Directory: dir_005CBB5EA0E8477B8178C3341D8A64CF.5FFE20C8_2BC6_4EE0_90AA_D6E92F2099AD
File: hid_communication.html, Directory: dir_8806771C411545C9B482E8B2239C5A9B.5FFE20C8_2BC6_4EE0_90AA_D6E92F2099AD
File: lizenzanforderungerzeugen04_zoom50.jpg, Directory: dir_CEE9F0C64FCF441198A38C9673370749.5FFE20C8_2BC6_4EE0_90AA_D6E92F2099AD
File: cc_event_tab.js, Directory: dir_005CBB5EA0E8477B8178C3341D8A64CF.5FFE20C8_2BC6_4EE0_90AA_D6E92F2099AD
File: uninstalling_linux.js, Directory: dir_005CBB5EA0E8477B8178C3341D8A64CF.5FFE20C8_2BC6_4EE0_90AA_D6E92F2099AD
File: events.html, Directory: dir_55CD00DB50894F27807C9E8A8886136B.5FFE20C8_2BC6_4EE0_90AA_D6E92F2099AD
File: spacer.gif, Directory: dir_CEE9F0C64FCF441198A38C9673370749.5FFE20C8_2BC6_4EE0_90AA_D6E92F2099AD
File: profiling_tmr.js, Directory: dir_005CBB5EA0E8477B8178C3341D8A64CF.5FFE20C8_2BC6_4EE0_90AA_D6E92F2099AD
File: webadmin3tab_zoom50.jpg, Directory: dir_9641117ED95A43098D872B9A917FFA35.5FFE20C8_2BC6_4EE0_90AA_D6E92F2099AD
File: webadmin_settings_basis_netzwerk_03_zoom50.jpg, Directory: dir_CEE9F0C64FCF441198A38C9673370749.5FFE20C8_2BC6_4EE0_90AA_D6E92F2099AD
File: hmwebhelp_toc_tablet.css, Directory: dir_93FB0F7D0CC340B186DBD20391CFB865.5FFE20C8_2BC6_4EE0_90AA_D6E92F2099AD
File: safety_instructions_userhelp.html, Directory: dir_8806771C411545C9B482E8B2239C5A9B.5FFE20C8_2BC6_4EE0_90AA_D6E92F2099AD
File: proxy.js, Directory: dir_005CBB5EA0E8477B8178C3341D8A64CF.5FFE20C8_2BC6_4EE0_90AA_D6E92F2099AD
File: installation_linuxrt.html, Directory: dir_55CD00DB50894F27807C9E8A8886136B.5FFE20C8_2BC6_4EE0_90AA_D6E92F2099AD
File: TextNormal.png, Directory: dir_CEE9F0C64FCF441198A38C9673370749.5FFE20C8_2BC6_4EE0_90AA_D6E92F2099AD
File: _hmpermalink.html, Directory: dir_55CD00DB50894F27807C9E8A8886136B.5FFE20C8_2BC6_4EE0_90AA_D6E92F2099AD
File: import.html, Directory: dir_8806771C411545C9B482E8B2239C5A9B.5FFE20C8_2BC6_4EE0_90AA_D6E92F2099AD
File: cmfas_import_licenseupdate.js, Directory: dir_C217E02153EF4FFFB5471191BAECC8B7.5FFE20C8_2BC6_4EE0_90AA_D6E92F2099AD
File: wr-logo-2010.png, Directory: dir_CEE9F0C64FCF441198A38C9673370749.5FFE20C8_2BC6_4EE0_90AA_D6E92F2099AD
File: 14_senderausleihe_fidetaills_zoom70.jpg, Directory: dir_CEE9F0C64FCF441198A38C9673370749.5FFE20C8_2BC6_4EE0_90AA_D6E92F2099AD
File: server_access.js, Directory: dir_C217E02153EF4FFFB5471191BAECC8B7.5FFE20C8_2BC6_4EE0_90AA_D6E92F2099AD
File: wadmin_einstellungen_zugriffsschutz_advanced_clonecontainer_zoom50.jpg, Directory: dir_CEE9F0C64FCF441198A38C9673370749.5FFE20C8_2BC6_4EE0_90AA_D6E92F2099AD
File: komplexere-acl.js, Directory: dir_005CBB5EA0E8477B8178C3341D8A64CF.5FFE20C8_2BC6_4EE0_90AA_D6E92F2099AD
File: begriffe-und-definitionen.js, Directory: dir_C217E02153EF4FFFB5471191BAECC8B7.5FFE20C8_2BC6_4EE0_90AA_D6E92F2099AD
File: cc_borrow_tab.js, Directory: dir_005CBB5EA0E8477B8178C3341D8A64CF.5FFE20C8_2BC6_4EE0_90AA_D6E92F2099AD
File: status_expand_close.jpg, Directory: dir_9641117ED95A43098D872B9A917FFA35.5FFE20C8_2BC6_4EE0_90AA_D6E92F2099AD
File: cc_borrow_tab_links_zoom71.jpg, Directory: dir_CEE9F0C64FCF441198A38C9673370749.5FFE20C8_2BC6_4EE0_90AA_D6E92F2099AD
File: wadmin_einstellungen_zugriffsschutz_advanced_clonepc_zoom60.jpg, Directory: dir_9641117ED95A43098D872B9A917FFA35.5FFE20C8_2BC6_4EE0_90AA_D6E92F2099AD
File: license_monitoring.js, Directory: dir_005CBB5EA0E8477B8178C3341D8A64CF.5FFE20C8_2BC6_4EE0_90AA_D6E92F2099AD
File: wadmin_einstellungen_zugriffsschutz_hinzufuegen_02_zoom50.jpg, Directory: dir_CEE9F0C64FCF441198A38C9673370749.5FFE20C8_2BC6_4EE0_90AA_D6E92F2099AD
File: achtung_zoom40.jpg, Directory: dir_9641117ED95A43098D872B9A917FFA35.5FFE20C8_2BC6_4EE0_90AA_D6E92F2099AD
File: wadmin_einstellungen_zugriffsschutz_advanced_sortup_zoom70.jpg, Directory: dir_CEE9F0C64FCF441198A38C9673370749.5FFE20C8_2BC6_4EE0_90AA_D6E92F2099AD
File: definstall_zoom65.jpg, Directory: dir_CEE9F0C64FCF441198A38C9673370749.5FFE20C8_2BC6_4EE0_90AA_D6E92F2099AD
File: 06_empfaengerlizenzen_pidetails_zoom70.jpg, Directory: dir_9641117ED95A43098D872B9A917FFA35.5FFE20C8_2BC6_4EE0_90AA_D6E92F2099AD
File: cc_structure_and_navigation.html, Directory: dir_8806771C411545C9B482E8B2239C5A9B.5FFE20C8_2BC6_4EE0_90AA_D6E92F2099AD
File: sf_leftright.png, Directory: dir_CEE9F0C64FCF441198A38C9673370749.5FFE20C8_2BC6_4EE0_90AA_D6E92F2099AD
File: server_search_list.js, Directory: dir_C217E02153EF4FFFB5471191BAECC8B7.5FFE20C8_2BC6_4EE0_90AA_D6E92F2099AD
File: icon-32x32-green-cm.png, Directory: dir_9641117ED95A43098D872B9A917FFA35.5FFE20C8_2BC6_4EE0_90AA_D6E92F2099AD
File: profiling_serversearchlist.js, Directory: dir_005CBB5EA0E8477B8178C3341D8A64CF.5FFE20C8_2BC6_4EE0_90AA_D6E92F2099AD
File: borrow_local_license_return.js, Directory: dir_C217E02153EF4FFFB5471191BAECC8B7.5FFE20C8_2BC6_4EE0_90AA_D6E92F2099AD
File: helpman_settings.js, Directory: dir_079197E4E23B4155B10356C291A628DF.5FFE20C8_2BC6_4EE0_90AA_D6E92F2099AD
File: move_n_from_m_return.js, Directory: dir_005CBB5EA0E8477B8178C3341D8A64CF.5FFE20C8_2BC6_4EE0_90AA_D6E92F2099AD
File: profiling_general.js, Directory: dir_005CBB5EA0E8477B8178C3341D8A64CF.5FFE20C8_2BC6_4EE0_90AA_D6E92F2099AD
File: uninstalling_mac.js, Directory: dir_005CBB5EA0E8477B8178C3341D8A64CF.5FFE20C8_2BC6_4EE0_90AA_D6E92F2099AD
File: 09_senderlizenzen_pidetails_zurueck_zoom70.jpg, Directory: dir_CEE9F0C64FCF441198A38C9673370749.5FFE20C8_2BC6_4EE0_90AA_D6E92F2099AD
File: wbbfile01_zoom66.jpg, Directory: dir_CEE9F0C64FCF441198A38C9673370749.5FFE20C8_2BC6_4EE0_90AA_D6E92F2099AD
File: leftright.png, Directory: dir_9641117ED95A43098D872B9A917FFA35.5FFE20C8_2BC6_4EE0_90AA_D6E92F2099AD
File: glossary.html, Directory: dir_8806771C411545C9B482E8B2239C5A9B.5FFE20C8_2BC6_4EE0_90AA_D6E92F2099AD
File: status_container_leer_zoom70.jpg, Directory: dir_9641117ED95A43098D872B9A917FFA35.5FFE20C8_2BC6_4EE0_90AA_D6E92F2099AD
File: nameduser_entry.js, Directory: dir_005CBB5EA0E8477B8178C3341D8A64CF.5FFE20C8_2BC6_4EE0_90AA_D6E92F2099AD
File: sf_more.png, Directory: dir_9641117ED95A43098D872B9A917FFA35.5FFE20C8_2BC6_4EE0_90AA_D6E92F2099AD
File: safety_instructions_userhelp.js, Directory: dir_005CBB5EA0E8477B8178C3341D8A64CF.5FFE20C8_2BC6_4EE0_90AA_D6E92F2099AD
File: borrow_return_entry.html, Directory: dir_55CD00DB50894F27807C9E8A8886136B.5FFE20C8_2BC6_4EE0_90AA_D6E92F2099AD
File: cmfas_add_license_new_vendor.js, Directory: dir_005CBB5EA0E8477B8178C3341D8A64CF.5FFE20C8_2BC6_4EE0_90AA_D6E92F2099AD
File: webadmin_settings_basis_netzwerk_02_zoom50.jpg, Directory: dir_CEE9F0C64FCF441198A38C9673370749.5FFE20C8_2BC6_4EE0_90AA_D6E92F2099AD
File: diagnosis.html, Directory: dir_55CD00DB50894F27807C9E8A8886136B.5FFE20C8_2BC6_4EE0_90AA_D6E92F2099AD
File: update.png, Directory: dir_CEE9F0C64FCF441198A38C9673370749.5FFE20C8_2BC6_4EE0_90AA_D6E92F2099AD
File: ueberblick_tmr.js, Directory: dir_005CBB5EA0E8477B8178C3341D8A64CF.5FFE20C8_2BC6_4EE0_90AA_D6E92F2099AD
File: codemeterwebadminltbaroverlaydetails_zoom80.jpg, Directory: dir_CEE9F0C64FCF441198A38C9673370749.5FFE20C8_2BC6_4EE0_90AA_D6E92F2099AD
File: certified_time.js, Directory: dir_005CBB5EA0E8477B8178C3341D8A64CF.5FFE20C8_2BC6_4EE0_90AA_D6E92F2099AD
File: wadmin_einstellungen_zugriffsschutz_advanced_clonecontainer_zoom50.jpg, Directory: dir_9641117ED95A43098D872B9A917FFA35.5FFE20C8_2BC6_4EE0_90AA_D6E92F2099AD
File: containerruleset.html, Directory: dir_55CD00DB50894F27807C9E8A8886136B.5FFE20C8_2BC6_4EE0_90AA_D6E92F2099AD
File: webadmin_requirements.js, Directory: dir_C217E02153EF4FFFB5471191BAECC8B7.5FFE20C8_2BC6_4EE0_90AA_D6E92F2099AD
File: beispiel-de_zoom61.jpg, Directory: dir_9641117ED95A43098D872B9A917FFA35.5FFE20C8_2BC6_4EE0_90AA_D6E92F2099AD
File: profiling_general.js, Directory: dir_C217E02153EF4FFFB5471191BAECC8B7.5FFE20C8_2BC6_4EE0_90AA_D6E92F2099AD
File: profiling_http.js, Directory: dir_C217E02153EF4FFFB5471191BAECC8B7.5FFE20C8_2BC6_4EE0_90AA_D6E92F2099AD
File: usb_zoom15.jpg, Directory: dir_CEE9F0C64FCF441198A38C9673370749.5FFE20C8_2BC6_4EE0_90AA_D6E92F2099AD
File: redirect_zoom60.jpg, Directory: dir_9641117ED95A43098D872B9A917FFA35.5FFE20C8_2BC6_4EE0_90AA_D6E92F2099AD
File: information_weiss_klein26.jpg, Directory: dir_9641117ED95A43098D872B9A917FFA35.5FFE20C8_2BC6_4EE0_90AA_D6E92F2099AD
File: 12_empfaengerlizenzen_pidetailszuueck_zoom70.jpg, Directory: dir_9641117ED95A43098D872B9A917FFA35.5FFE20C8_2BC6_4EE0_90AA_D6E92F2099AD
File: codemeterwebadminltbaroverlayhour_zoom80.jpg, Directory: dir_CEE9F0C64FCF441198A38C9673370749.5FFE20C8_2BC6_4EE0_90AA_D6E92F2099AD
File: cc-broken-license_01_zoom73.jpg, Directory: dir_CEE9F0C64FCF441198A38C9673370749.5FFE20C8_2BC6_4EE0_90AA_D6E92F2099AD
File: webadmin_configuration_https_01_zoom60.jpg, Directory: dir_CEE9F0C64FCF441198A38C9673370749.5FFE20C8_2BC6_4EE0_90AA_D6E92F2099AD
File: chrome_02_zoom50.jpg, Directory: dir_9641117ED95A43098D872B9A917FFA35.5FFE20C8_2BC6_4EE0_90AA_D6E92F2099AD
File: accesscontrollist.js, Directory: dir_C217E02153EF4FFFB5471191BAECC8B7.5FFE20C8_2BC6_4EE0_90AA_D6E92F2099AD
File: delete_icon_zoom100.jpg, Directory: dir_CEE9F0C64FCF441198A38C9673370749.5FFE20C8_2BC6_4EE0_90AA_D6E92F2099AD
File: mob_previous.png, Directory: dir_9641117ED95A43098D872B9A917FFA35.5FFE20C8_2BC6_4EE0_90AA_D6E92F2099AD
File: webadmin_settings_erweiteret_extras_zoom66.jpg, Directory: dir_CEE9F0C64FCF441198A38C9673370749.5FFE20C8_2BC6_4EE0_90AA_D6E92F2099AD
File: beispiel_de_zoom29.jpg, Directory: dir_9641117ED95A43098D872B9A917FFA35.5FFE20C8_2BC6_4EE0_90AA_D6E92F2099AD
File: webadmin_settings_basis_datensicherung_zoom50.jpg, Directory: dir_CEE9F0C64FCF441198A38C9673370749.5FFE20C8_2BC6_4EE0_90AA_D6E92F2099AD
File: format_of_the_logfile.js, Directory: dir_C217E02153EF4FFFB5471191BAECC8B7.5FFE20C8_2BC6_4EE0_90AA_D6E92F2099AD
File: webadmin_settings_basis_datensicherung_zoom50.jpg, Directory: dir_9641117ED95A43098D872B9A917FFA35.5FFE20C8_2BC6_4EE0_90AA_D6E92F2099AD
File: cmu.js, Directory: dir_C217E02153EF4FFFB5471191BAECC8B7.5FFE20C8_2BC6_4EE0_90AA_D6E92F2099AD
File: borrow_local_license.html, Directory: dir_8806771C411545C9B482E8B2239C5A9B.5FFE20C8_2BC6_4EE0_90AA_D6E92F2099AD
File: webadmin_w_zoom60.jpg, Directory: dir_9641117ED95A43098D872B9A917FFA35.5FFE20C8_2BC6_4EE0_90AA_D6E92F2099AD
File: 15a_senderausleihe_pidetaills_zoom70.jpg, Directory: dir_CEE9F0C64FCF441198A38C9673370749.5FFE20C8_2BC6_4EE0_90AA_D6E92F2099AD
File: webadmin_monitoring_available_open_zoom56.jpg, Directory: dir_9641117ED95A43098D872B9A917FFA35.5FFE20C8_2BC6_4EE0_90AA_D6E92F2099AD
File: help_overview_de.png, Directory: dir_9641117ED95A43098D872B9A917FFA35.5FFE20C8_2BC6_4EE0_90AA_D6E92F2099AD
File: pythonaxpnc_setup.html, Directory: dir_55CD00DB50894F27807C9E8A8886136B.5FFE20C8_2BC6_4EE0_90AA_D6E92F2099AD
File: denial_entry.js, Directory: dir_C217E02153EF4FFFB5471191BAECC8B7.5FFE20C8_2BC6_4EE0_90AA_D6E92F2099AD
File: cmfas_assistant_controlcenter.html, Directory: dir_55CD00DB50894F27807C9E8A8886136B.5FFE20C8_2BC6_4EE0_90AA_D6E92F2099AD
File: container.js, Directory: dir_005CBB5EA0E8477B8178C3341D8A64CF.5FFE20C8_2BC6_4EE0_90AA_D6E92F2099AD
File: up_item_icon.jpg, Directory: dir_CEE9F0C64FCF441198A38C9673370749.5FFE20C8_2BC6_4EE0_90AA_D6E92F2099AD
File: hmfile_hash_9f94de6e.jpg, Directory: dir_CEE9F0C64FCF441198A38C9673370749.5FFE20C8_2BC6_4EE0_90AA_D6E92F2099AD
File: webadmin_requirements.js, Directory: dir_005CBB5EA0E8477B8178C3341D8A64CF.5FFE20C8_2BC6_4EE0_90AA_D6E92F2099AD
File: codemeterwebadmindetailsrejectedrequests_zoom80.jpg, Directory: dir_9641117ED95A43098D872B9A917FFA35.5FFE20C8_2BC6_4EE0_90AA_D6E92F2099AD
File: hm_autotoc.js, Directory: dir_28FBCDD5F46F4375A8F125191C936317.5FFE20C8_2BC6_4EE0_90AA_D6E92F2099AD
File: hmprojectstyles.css, Directory: dir_1B3BC25A0DBD43FF9F07EA153624A7BA.5FFE20C8_2BC6_4EE0_90AA_D6E92F2099AD
File: installed_files_mac.js, Directory: dir_005CBB5EA0E8477B8178C3341D8A64CF.5FFE20C8_2BC6_4EE0_90AA_D6E92F2099AD
File: acl-objekte.html, Directory: dir_55CD00DB50894F27807C9E8A8886136B.5FFE20C8_2BC6_4EE0_90AA_D6E92F2099AD
File: tmr__ssh.js, Directory: dir_005CBB5EA0E8477B8178C3341D8A64CF.5FFE20C8_2BC6_4EE0_90AA_D6E92F2099AD
File: dashboard.html, Directory: dir_55CD00DB50894F27807C9E8A8886136B.5FFE20C8_2BC6_4EE0_90AA_D6E92F2099AD
File: toc_chapter_closed.svg, Directory: dir_9641117ED95A43098D872B9A917FFA35.5FFE20C8_2BC6_4EE0_90AA_D6E92F2099AD
File: webadmin_start.js, Directory: dir_005CBB5EA0E8477B8178C3341D8A64CF.5FFE20C8_2BC6_4EE0_90AA_D6E92F2099AD
File: toc.png, Directory: dir_CEE9F0C64FCF441198A38C9673370749.5FFE20C8_2BC6_4EE0_90AA_D6E92F2099AD
File: einstellungen.jpg, Directory: dir_9641117ED95A43098D872B9A917FFA35.5FFE20C8_2BC6_4EE0_90AA_D6E92F2099AD
File: hardware-konfiguration-reparieren_zoom50.jpg, Directory: dir_CEE9F0C64FCF441198A38C9673370749.5FFE20C8_2BC6_4EE0_90AA_D6E92F2099AD
File: step5_01_zoom70.jpg, Directory: dir_9641117ED95A43098D872B9A917FFA35.5FFE20C8_2BC6_4EE0_90AA_D6E92F2099AD
File: product_item_details.html, Directory: dir_55CD00DB50894F27807C9E8A8886136B.5FFE20C8_2BC6_4EE0_90AA_D6E92F2099AD
File: mob_previous.png, Directory: dir_CEE9F0C64FCF441198A38C9673370749.5FFE20C8_2BC6_4EE0_90AA_D6E92F2099AD
File: webadmin_r_zoom60.jpg, Directory: dir_CEE9F0C64FCF441198A38C9673370749.5FFE20C8_2BC6_4EE0_90AA_D6E92F2099AD
File: kennworteingeben_zoom70.jpg, Directory: dir_9641117ED95A43098D872B9A917FFA35.5FFE20C8_2BC6_4EE0_90AA_D6E92F2099AD
File: tmrlofgile_entry.js, Directory: dir_005CBB5EA0E8477B8178C3341D8A64CF.5FFE20C8_2BC6_4EE0_90AA_D6E92F2099AD
File: ueberblick_tmr.js, Directory: dir_C217E02153EF4FFFB5471191BAECC8B7.5FFE20C8_2BC6_4EE0_90AA_D6E92F2099AD
File: cc_datei_menue_lizenz_importieren_zoom40.jpg, Directory: dir_CEE9F0C64FCF441198A38C9673370749.5FFE20C8_2BC6_4EE0_90AA_D6E92F2099AD
File: zoom_index.js, Directory: dir_55CD00DB50894F27807C9E8A8886136B.5FFE20C8_2BC6_4EE0_90AA_D6E92F2099AD
File: _hmXtopic.htm, Directory: dir_8806771C411545C9B482E8B2239C5A9B.5FFE20C8_2BC6_4EE0_90AA_D6E92F2099AD
File: zoom_search.js, Directory: dir_55CD00DB50894F27807C9E8A8886136B.5FFE20C8_2BC6_4EE0_90AA_D6E92F2099AD
File: hmEmbeddedPopups.js, Directory: dir_28FBCDD5F46F4375A8F125191C936317.5FFE20C8_2BC6_4EE0_90AA_D6E92F2099AD
File: win8_logo_zoom12.jpg, Directory: dir_9641117ED95A43098D872B9A917FFA35.5FFE20C8_2BC6_4EE0_90AA_D6E92F2099AD
File: cc_cmcloudcontainer_zoom57.jpg, Directory: dir_9641117ED95A43098D872B9A917FFA35.5FFE20C8_2BC6_4EE0_90AA_D6E92F2099AD
File: windows_embedded_print_zoom9.jpg, Directory: dir_CEE9F0C64FCF441198A38C9673370749.5FFE20C8_2BC6_4EE0_90AA_D6E92F2099AD
File: signedlogfile_entry.html, Directory: dir_8806771C411545C9B482E8B2239C5A9B.5FFE20C8_2BC6_4EE0_90AA_D6E92F2099AD
File: trusted_origins.js, Directory: dir_C217E02153EF4FFFB5471191BAECC8B7.5FFE20C8_2BC6_4EE0_90AA_D6E92F2099AD
File: hmwebhelp_search_phone.css, Directory: dir_1B3BC25A0DBD43FF9F07EA153624A7BA.5FFE20C8_2BC6_4EE0_90AA_D6E92F2099AD
File: webadmin_start_zoom70.jpg, Directory: dir_CEE9F0C64FCF441198A38C9673370749.5FFE20C8_2BC6_4EE0_90AA_D6E92F2099AD
File: profiling_backup.html, Directory: dir_8806771C411545C9B482E8B2239C5A9B.5FFE20C8_2BC6_4EE0_90AA_D6E92F2099AD
File: webadmin_monitoring_session_control_zoom60.jpg, Directory: dir_9641117ED95A43098D872B9A917FFA35.5FFE20C8_2BC6_4EE0_90AA_D6E92F2099AD
File: o.jpg, Directory: dir_CEE9F0C64FCF441198A38C9673370749.5FFE20C8_2BC6_4EE0_90AA_D6E92F2099AD
File: macos_zoom74.jpg, Directory: dir_CEE9F0C64FCF441198A38C9673370749.5FFE20C8_2BC6_4EE0_90AA_D6E92F2099AD
File: sd_zoom55.jpg, Directory: dir_CEE9F0C64FCF441198A38C9673370749.5FFE20C8_2BC6_4EE0_90AA_D6E92F2099AD
File: light.png, Directory: dir_9641117ED95A43098D872B9A917FFA35.5FFE20C8_2BC6_4EE0_90AA_D6E92F2099AD
File: mob_home.png, Directory: dir_CEE9F0C64FCF441198A38C9673370749.5FFE20C8_2BC6_4EE0_90AA_D6E92F2099AD
File: schritt-5-erstellen-einer-acl-.js, Directory: dir_005CBB5EA0E8477B8178C3341D8A64CF.5FFE20C8_2BC6_4EE0_90AA_D6E92F2099AD
File: 09_senderlizenzen_pidetails_zurueck_zoom70.jpg, Directory: dir_9641117ED95A43098D872B9A917FFA35.5FFE20C8_2BC6_4EE0_90AA_D6E92F2099AD
File: hmtoggle_plus0.gif, Directory: dir_CEE9F0C64FCF441198A38C9673370749.5FFE20C8_2BC6_4EE0_90AA_D6E92F2099AD
File: examples.html, Directory: dir_55CD00DB50894F27807C9E8A8886136B.5FFE20C8_2BC6_4EE0_90AA_D6E92F2099AD
File: uninstalling_mac.html, Directory: dir_55CD00DB50894F27807C9E8A8886136B.5FFE20C8_2BC6_4EE0_90AA_D6E92F2099AD
File: access_entry.html, Directory: dir_8806771C411545C9B482E8B2239C5A9B.5FFE20C8_2BC6_4EE0_90AA_D6E92F2099AD
File: eject_v2.png, Directory: dir_9641117ED95A43098D872B9A917FFA35.5FFE20C8_2BC6_4EE0_90AA_D6E92F2099AD
File: help_on_help.html, Directory: dir_55CD00DB50894F27807C9E8A8886136B.5FFE20C8_2BC6_4EE0_90AA_D6E92F2099AD
File: zoom_pageinfo.js, Directory: dir_8806771C411545C9B482E8B2239C5A9B.5FFE20C8_2BC6_4EE0_90AA_D6E92F2099AD
File: hmtoggle_plus1.gif, Directory: dir_9641117ED95A43098D872B9A917FFA35.5FFE20C8_2BC6_4EE0_90AA_D6E92F2099AD
File: icon-32x32-double-cm.png, Directory: dir_CEE9F0C64FCF441198A38C9673370749.5FFE20C8_2BC6_4EE0_90AA_D6E92F2099AD
File: einfache-acl-fuer-container-3-.js, Directory: dir_005CBB5EA0E8477B8178C3341D8A64CF.5FFE20C8_2BC6_4EE0_90AA_D6E92F2099AD
File: webadmin_settings_erweiteret_extras_zoom62.jpg, Directory: dir_9641117ED95A43098D872B9A917FFA35.5FFE20C8_2BC6_4EE0_90AA_D6E92F2099AD
File: runtime_setup_04custom.jpg, Directory: dir_CEE9F0C64FCF441198A38C9673370749.5FFE20C8_2BC6_4EE0_90AA_D6E92F2099AD
File: internet.svg, Directory: dir_CEE9F0C64FCF441198A38C9673370749.5FFE20C8_2BC6_4EE0_90AA_D6E92F2099AD
File: wadmin_inhalt_datensicherung_abfrage_zoom70.jpg, Directory: dir_9641117ED95A43098D872B9A917FFA35.5FFE20C8_2BC6_4EE0_90AA_D6E92F2099AD
File: containerruleset.html, Directory: dir_8806771C411545C9B482E8B2239C5A9B.5FFE20C8_2BC6_4EE0_90AA_D6E92F2099AD
File: accesscontrollist.js, Directory: dir_005CBB5EA0E8477B8178C3341D8A64CF.5FFE20C8_2BC6_4EE0_90AA_D6E92F2099AD
File: profiling_accesscontrol.html, Directory: dir_55CD00DB50894F27807C9E8A8886136B.5FFE20C8_2BC6_4EE0_90AA_D6E92F2099AD
File: lizenzanforderungerzeugen02_zoom50.jpg, Directory: dir_CEE9F0C64FCF441198A38C9673370749.5FFE20C8_2BC6_4EE0_90AA_D6E92F2099AD
File: ZoomClose.png, Directory: dir_CEE9F0C64FCF441198A38C9673370749.5FFE20C8_2BC6_4EE0_90AA_D6E92F2099AD
File: accesscontrollist.html, Directory: dir_8806771C411545C9B482E8B2239C5A9B.5FFE20C8_2BC6_4EE0_90AA_D6E92F2099AD
File: administrative_entry.html, Directory: dir_8806771C411545C9B482E8B2239C5A9B.5FFE20C8_2BC6_4EE0_90AA_D6E92F2099AD
File: wbbfile_rau.jpg, Directory: dir_CEE9F0C64FCF441198A38C9673370749.5FFE20C8_2BC6_4EE0_90AA_D6E92F2099AD
File: webadmin_container_cmcontainer_infos_zoom50.jpg, Directory: dir_9641117ED95A43098D872B9A917FFA35.5FFE20C8_2BC6_4EE0_90AA_D6E92F2099AD
File: webadmin_r_zoom60.jpg, Directory: dir_9641117ED95A43098D872B9A917FFA35.5FFE20C8_2BC6_4EE0_90AA_D6E92F2099AD
File: cc_borrow_tab_rechts_zoom73.jpg, Directory: dir_CEE9F0C64FCF441198A38C9673370749.5FFE20C8_2BC6_4EE0_90AA_D6E92F2099AD
File: webadmin_settings_server_access_advancedmode_new_rule_zoom60.jpg, Directory: dir_9641117ED95A43098D872B9A917FFA35.5FFE20C8_2BC6_4EE0_90AA_D6E92F2099AD
File: _hmXpopup.htm, Directory: dir_55CD00DB50894F27807C9E8A8886136B.5FFE20C8_2BC6_4EE0_90AA_D6E92F2099AD
File: schritt-1-erstellen-einer-leer.js, Directory: dir_005CBB5EA0E8477B8178C3341D8A64CF.5FFE20C8_2BC6_4EE0_90AA_D6E92F2099AD
File: vdma_logo_zoom17.jpg, Directory: dir_9641117ED95A43098D872B9A917FFA35.5FFE20C8_2BC6_4EE0_90AA_D6E92F2099AD
File: illu_cmfas_en_ohne_zoom23.jpg, Directory: dir_CEE9F0C64FCF441198A38C9673370749.5FFE20C8_2BC6_4EE0_90AA_D6E92F2099AD
File: verbund_all_zoom50.jpg, Directory: dir_CEE9F0C64FCF441198A38C9673370749.5FFE20C8_2BC6_4EE0_90AA_D6E92F2099AD
File: webadmin_configuration_webadmin_write_access_02_zoom69.jpg, Directory: dir_CEE9F0C64FCF441198A38C9673370749.5FFE20C8_2BC6_4EE0_90AA_D6E92F2099AD
File: webadmin_configuration_webadmin_config_read_write_access_zoom62.jpg, Directory: dir_9641117ED95A43098D872B9A917FFA35.5FFE20C8_2BC6_4EE0_90AA_D6E92F2099AD
File: webadmin_cmcontainer_details_non_hid_zoom50.jpg, Directory: dir_9641117ED95A43098D872B9A917FFA35.5FFE20C8_2BC6_4EE0_90AA_D6E92F2099AD
File: license_borrowing.html, Directory: dir_55CD00DB50894F27807C9E8A8886136B.5FFE20C8_2BC6_4EE0_90AA_D6E92F2099AD
File: product_item_details_user.html, Directory: dir_8806771C411545C9B482E8B2239C5A9B.5FFE20C8_2BC6_4EE0_90AA_D6E92F2099AD
File: toc_topic.png, Directory: dir_9641117ED95A43098D872B9A917FFA35.5FFE20C8_2BC6_4EE0_90AA_D6E92F2099AD
File: firm_item_details.js, Directory: dir_005CBB5EA0E8477B8178C3341D8A64CF.5FFE20C8_2BC6_4EE0_90AA_D6E92F2099AD
File: borrow_local_license_borrow.js, Directory: dir_005CBB5EA0E8477B8178C3341D8A64CF.5FFE20C8_2BC6_4EE0_90AA_D6E92F2099AD
File: wadmin_einstellungen_zugriffsschutz_advanced_pc_sample_zoom60.jpg, Directory: dir_9641117ED95A43098D872B9A917FFA35.5FFE20C8_2BC6_4EE0_90AA_D6E92F2099AD
File: achtung_zoom40.jpg, Directory: dir_CEE9F0C64FCF441198A38C9673370749.5FFE20C8_2BC6_4EE0_90AA_D6E92F2099AD
File: allgemeine-constraints.js, Directory: dir_C217E02153EF4FFFB5471191BAECC8B7.5FFE20C8_2BC6_4EE0_90AA_D6E92F2099AD
File: info.html, Directory: dir_8806771C411545C9B482E8B2239C5A9B.5FFE20C8_2BC6_4EE0_90AA_D6E92F2099AD
File: schritt-3-erstellen-einer-acl-.js, Directory: dir_C217E02153EF4FFFB5471191BAECC8B7.5FFE20C8_2BC6_4EE0_90AA_D6E92F2099AD
File: linux.png, Directory: dir_CEE9F0C64FCF441198A38C9673370749.5FFE20C8_2BC6_4EE0_90AA_D6E92F2099AD
File: icon-32x32-red-cm.png, Directory: dir_9641117ED95A43098D872B9A917FFA35.5FFE20C8_2BC6_4EE0_90AA_D6E92F2099AD
File: wadmin_einstellungen_zeitserver_bestaetigung_zoom62.jpg, Directory: dir_CEE9F0C64FCF441198A38C9673370749.5FFE20C8_2BC6_4EE0_90AA_D6E92F2099AD
File: wbbfile_rau.jpg, Directory: dir_9641117ED95A43098D872B9A917FFA35.5FFE20C8_2BC6_4EE0_90AA_D6E92F2099AD
File: codemeter_license_tracking.js, Directory: dir_005CBB5EA0E8477B8178C3341D8A64CF.5FFE20C8_2BC6_4EE0_90AA_D6E92F2099AD
File: lizenzquittungbestaetigung_zoom50.jpg, Directory: dir_9641117ED95A43098D872B9A917FFA35.5FFE20C8_2BC6_4EE0_90AA_D6E92F2099AD
File: cmfas_extend_existing_license.js, Directory: dir_005CBB5EA0E8477B8178C3341D8A64CF.5FFE20C8_2BC6_4EE0_90AA_D6E92F2099AD
File: warning_icon_red.jpg, Directory: dir_CEE9F0C64FCF441198A38C9673370749.5FFE20C8_2BC6_4EE0_90AA_D6E92F2099AD
File: closehelp.png, Directory: dir_9641117ED95A43098D872B9A917FFA35.5FFE20C8_2BC6_4EE0_90AA_D6E92F2099AD
File: TextPlus.png, Directory: dir_CEE9F0C64FCF441198A38C9673370749.5FFE20C8_2BC6_4EE0_90AA_D6E92F2099AD
File: 01_senderlizenzen_containerdetails_zoom70.jpg, Directory: dir_CEE9F0C64FCF441198A38C9673370749.5FFE20C8_2BC6_4EE0_90AA_D6E92F2099AD
File: button_serverexchange_0.png, Directory: dir_9641117ED95A43098D872B9A917FFA35.5FFE20C8_2BC6_4EE0_90AA_D6E92F2099AD
File: hmwebhelp_toc_phone.css, Directory: dir_93FB0F7D0CC340B186DBD20391CFB865.5FFE20C8_2BC6_4EE0_90AA_D6E92F2099AD
File: codemeterwebadmindetailsdescribe_zoom80.jpg, Directory: dir_9641117ED95A43098D872B9A917FFA35.5FFE20C8_2BC6_4EE0_90AA_D6E92F2099AD
File: information_grau_klein26.jpg, Directory: dir_CEE9F0C64FCF441198A38C9673370749.5FFE20C8_2BC6_4EE0_90AA_D6E92F2099AD
File: start_v2.png, Directory: dir_CEE9F0C64FCF441198A38C9673370749.5FFE20C8_2BC6_4EE0_90AA_D6E92F2099AD
File: borrow_local_license.js, Directory: dir_C217E02153EF4FFFB5471191BAECC8B7.5FFE20C8_2BC6_4EE0_90AA_D6E92F2099AD
File: tmr_config_webadmin.js, Directory: dir_005CBB5EA0E8477B8178C3341D8A64CF.5FFE20C8_2BC6_4EE0_90AA_D6E92F2099AD
File: tog_plus.gif, Directory: dir_9641117ED95A43098D872B9A917FFA35.5FFE20C8_2BC6_4EE0_90AA_D6E92F2099AD
File: arrow_left.png, Directory: dir_CEE9F0C64FCF441198A38C9673370749.5FFE20C8_2BC6_4EE0_90AA_D6E92F2099AD
File: 15a_senderausleihe_pidetaills_zoom70.jpg, Directory: dir_9641117ED95A43098D872B9A917FFA35.5FFE20C8_2BC6_4EE0_90AA_D6E92F2099AD
File: dashboard.js, Directory: dir_C217E02153EF4FFFB5471191BAECC8B7.5FFE20C8_2BC6_4EE0_90AA_D6E92F2099AD
File: hmFeatureHeader.js, Directory: dir_079197E4E23B4155B10356C291A628DF.5FFE20C8_2BC6_4EE0_90AA_D6E92F2099AD
File: 14_senderausleihe_fidetaills_zoom70.jpg, Directory: dir_9641117ED95A43098D872B9A917FFA35.5FFE20C8_2BC6_4EE0_90AA_D6E92F2099AD
File: license_borrowing.html, Directory: dir_8806771C411545C9B482E8B2239C5A9B.5FFE20C8_2BC6_4EE0_90AA_D6E92F2099AD
File: cmcontainer_info.html, Directory: dir_55CD00DB50894F27807C9E8A8886136B.5FFE20C8_2BC6_4EE0_90AA_D6E92F2099AD
File: examples.html, Directory: dir_8806771C411545C9B482E8B2239C5A9B.5FFE20C8_2BC6_4EE0_90AA_D6E92F2099AD
File: webadmin_cmcontainer_productitemdetails_uvd_zoom52.jpg, Directory: dir_9641117ED95A43098D872B9A917FFA35.5FFE20C8_2BC6_4EE0_90AA_D6E92F2099AD
File: webadmin_license_transfer.html, Directory: dir_8806771C411545C9B482E8B2239C5A9B.5FFE20C8_2BC6_4EE0_90AA_D6E92F2099AD
File: codemeterwebadminltbaroverlaydetails_zoom80.jpg, Directory: dir_9641117ED95A43098D872B9A917FFA35.5FFE20C8_2BC6_4EE0_90AA_D6E92F2099AD
File: nameduser_entry.html, Directory: dir_8806771C411545C9B482E8B2239C5A9B.5FFE20C8_2BC6_4EE0_90AA_D6E92F2099AD
File: wbccloud02_zoom50.jpg, Directory: dir_9641117ED95A43098D872B9A917FFA35.5FFE20C8_2BC6_4EE0_90AA_D6E92F2099AD
File: help_overview_de_zoom40.png, Directory: dir_9641117ED95A43098D872B9A917FFA35.5FFE20C8_2BC6_4EE0_90AA_D6E92F2099AD
File: profiling_backup.js, Directory: dir_C217E02153EF4FFFB5471191BAECC8B7.5FFE20C8_2BC6_4EE0_90AA_D6E92F2099AD
File: win_zoom128.jpg, Directory: dir_CEE9F0C64FCF441198A38C9673370749.5FFE20C8_2BC6_4EE0_90AA_D6E92F2099AD
File: highlight.js, Directory: dir_079197E4E23B4155B10356C291A628DF.5FFE20C8_2BC6_4EE0_90AA_D6E92F2099AD
File: erstellen-einer-beispielliste-.html, Directory: dir_8806771C411545C9B482E8B2239C5A9B.5FFE20C8_2BC6_4EE0_90AA_D6E92F2099AD
File: license_borrowing.js, Directory: dir_C217E02153EF4FFFB5471191BAECC8B7.5FFE20C8_2BC6_4EE0_90AA_D6E92F2099AD
File: webadmin_configuration_http_zoom60.jpg, Directory: dir_9641117ED95A43098D872B9A917FFA35.5FFE20C8_2BC6_4EE0_90AA_D6E92F2099AD
File: win8_logo_zoom10.jpg, Directory: dir_CEE9F0C64FCF441198A38C9673370749.5FFE20C8_2BC6_4EE0_90AA_D6E92F2099AD
File: td_implement.js, Directory: dir_005CBB5EA0E8477B8178C3341D8A64CF.5FFE20C8_2BC6_4EE0_90AA_D6E92F2099AD
File: h.jpg, Directory: dir_CEE9F0C64FCF441198A38C9673370749.5FFE20C8_2BC6_4EE0_90AA_D6E92F2099AD
File: exit.png, Directory: dir_CEE9F0C64FCF441198A38C9673370749.5FFE20C8_2BC6_4EE0_90AA_D6E92F2099AD
File: export.html, Directory: dir_8806771C411545C9B482E8B2239C5A9B.5FFE20C8_2BC6_4EE0_90AA_D6E92F2099AD
File: classic_navigation_zoom50.jpg, Directory: dir_CEE9F0C64FCF441198A38C9673370749.5FFE20C8_2BC6_4EE0_90AA_D6E92F2099AD
File: webadmin_requirements.html, Directory: dir_8806771C411545C9B482E8B2239C5A9B.5FFE20C8_2BC6_4EE0_90AA_D6E92F2099AD
File: 17_empfaengerausleihe_containerdetaills_zoom70.jpg, Directory: dir_9641117ED95A43098D872B9A917FFA35.5FFE20C8_2BC6_4EE0_90AA_D6E92F2099AD
File: webadmin_module_item.js, Directory: dir_005CBB5EA0E8477B8178C3341D8A64CF.5FFE20C8_2BC6_4EE0_90AA_D6E92F2099AD
File: entry_types.html, Directory: dir_55CD00DB50894F27807C9E8A8886136B.5FFE20C8_2BC6_4EE0_90AA_D6E92F2099AD
File: lizenzanforderungerzeugenbestaetigung_zoom50.jpg, Directory: dir_9641117ED95A43098D872B9A917FFA35.5FFE20C8_2BC6_4EE0_90AA_D6E92F2099AD
File: edit.png, Directory: dir_CEE9F0C64FCF441198A38C9673370749.5FFE20C8_2BC6_4EE0_90AA_D6E92F2099AD
File: wadmin_einstellungen_zugriffsschutz_advanced_newpcrule_zoom50.jpg, Directory: dir_9641117ED95A43098D872B9A917FFA35.5FFE20C8_2BC6_4EE0_90AA_D6E92F2099AD
File: webadmin_configuration_loginforwrite_btn_zoom50.jpg, Directory: dir_9641117ED95A43098D872B9A917FFA35.5FFE20C8_2BC6_4EE0_90AA_D6E92F2099AD
File: lizenzaktualisierungeinspielen01_zoom50.jpg, Directory: dir_CEE9F0C64FCF441198A38C9673370749.5FFE20C8_2BC6_4EE0_90AA_D6E92F2099AD
File: 04_empfaengerlizenzen_containerdetails_zoom70.jpg, Directory: dir_CEE9F0C64FCF441198A38C9673370749.5FFE20C8_2BC6_4EE0_90AA_D6E92F2099AD
File: allgemeine-acl-parameter.js, Directory: dir_005CBB5EA0E8477B8178C3341D8A64CF.5FFE20C8_2BC6_4EE0_90AA_D6E92F2099AD
File: webadmin_cmcontainer_productitemdetails_uvd_zoom55.jpg, Directory: dir_CEE9F0C64FCF441198A38C9673370749.5FFE20C8_2BC6_4EE0_90AA_D6E92F2099AD
File: cc_license_tab.js, Directory: dir_C217E02153EF4FFFB5471191BAECC8B7.5FFE20C8_2BC6_4EE0_90AA_D6E92F2099AD
File: webadmin_container_userdata_zoom70.jpg, Directory: dir_CEE9F0C64FCF441198A38C9673370749.5FFE20C8_2BC6_4EE0_90AA_D6E92F2099AD
File: achtung_zoom30.jpg, Directory: dir_9641117ED95A43098D872B9A917FFA35.5FFE20C8_2BC6_4EE0_90AA_D6E92F2099AD
File: codemeterwebadmindetailsallevents_zoom80.jpg, Directory: dir_CEE9F0C64FCF441198A38C9673370749.5FFE20C8_2BC6_4EE0_90AA_D6E92F2099AD
File: defragment_icon_zoom80.jpg, Directory: dir_CEE9F0C64FCF441198A38C9673370749.5FFE20C8_2BC6_4EE0_90AA_D6E92F2099AD
File: copyright.js, Directory: dir_005CBB5EA0E8477B8178C3341D8A64CF.5FFE20C8_2BC6_4EE0_90AA_D6E92F2099AD
File: komplexere-acl.html, Directory: dir_55CD00DB50894F27807C9E8A8886136B.5FFE20C8_2BC6_4EE0_90AA_D6E92F2099AD
File: toc_closedbook.png, Directory: dir_CEE9F0C64FCF441198A38C9673370749.5FFE20C8_2BC6_4EE0_90AA_D6E92F2099AD
File: wbbfile.jpg, Directory: dir_CEE9F0C64FCF441198A38C9673370749.5FFE20C8_2BC6_4EE0_90AA_D6E92F2099AD
File: hm_webhelp.css, Directory: dir_1B3BC25A0DBD43FF9F07EA153624A7BA.5FFE20C8_2BC6_4EE0_90AA_D6E92F2099AD
File: macos_zoom70.jpg, Directory: dir_CEE9F0C64FCF441198A38C9673370749.5FFE20C8_2BC6_4EE0_90AA_D6E92F2099AD
File: acl-objekte.js, Directory: dir_005CBB5EA0E8477B8178C3341D8A64CF.5FFE20C8_2BC6_4EE0_90AA_D6E92F2099AD
File: list_of_licenses_entry.js, Directory: dir_005CBB5EA0E8477B8178C3341D8A64CF.5FFE20C8_2BC6_4EE0_90AA_D6E92F2099AD
File: definitions_and_value_ranges.js, Directory: dir_C217E02153EF4FFFB5471191BAECC8B7.5FFE20C8_2BC6_4EE0_90AA_D6E92F2099AD
File: certified_time.html, Directory: dir_8806771C411545C9B482E8B2239C5A9B.5FFE20C8_2BC6_4EE0_90AA_D6E92F2099AD
File: license_entry.html, Directory: dir_55CD00DB50894F27807C9E8A8886136B.5FFE20C8_2BC6_4EE0_90AA_D6E92F2099AD
File: wadmin_einstellungen_zugriffsschutz_advanced_globalrule_sample_zoom60.jpg, Directory: dir_9641117ED95A43098D872B9A917FFA35.5FFE20C8_2BC6_4EE0_90AA_D6E92F2099AD
File: webadmin_license_transfer.js, Directory: dir_C217E02153EF4FFFB5471191BAECC8B7.5FFE20C8_2BC6_4EE0_90AA_D6E92F2099AD
File: cicon_loadindex_ani.gif, Directory: dir_CEE9F0C64FCF441198A38C9673370749.5FFE20C8_2BC6_4EE0_90AA_D6E92F2099AD
File: webadmin_dashboard_server_zoom60.jpg, Directory: dir_CEE9F0C64FCF441198A38C9673370749.5FFE20C8_2BC6_4EE0_90AA_D6E92F2099AD
File: einfache-acl-fuer-container-3-.js, Directory: dir_C217E02153EF4FFFB5471191BAECC8B7.5FFE20C8_2BC6_4EE0_90AA_D6E92F2099AD
File: allgemeine-acl-parameter.js, Directory: dir_C217E02153EF4FFFB5471191BAECC8B7.5FFE20C8_2BC6_4EE0_90AA_D6E92F2099AD
File: license_tracking.js, Directory: dir_C217E02153EF4FFFB5471191BAECC8B7.5FFE20C8_2BC6_4EE0_90AA_D6E92F2099AD
File: hmfile_hash_872fb759.jpg, Directory: dir_CEE9F0C64FCF441198A38C9673370749.5FFE20C8_2BC6_4EE0_90AA_D6E92F2099AD
File: hm_xTablesInit.js, Directory: dir_079197E4E23B4155B10356C291A628DF.5FFE20C8_2BC6_4EE0_90AA_D6E92F2099AD
File: icon_virtualcontainer_zoom50.jpg, Directory: dir_9641117ED95A43098D872B9A917FFA35.5FFE20C8_2BC6_4EE0_90AA_D6E92F2099AD
File: hmwebhelp_main_print.css, Directory: dir_93FB0F7D0CC340B186DBD20391CFB865.5FFE20C8_2BC6_4EE0_90AA_D6E92F2099AD
File: codemeter_license_tracking.html, Directory: dir_55CD00DB50894F27807C9E8A8886136B.5FFE20C8_2BC6_4EE0_90AA_D6E92F2099AD
File: profiling_https.html, Directory: dir_8806771C411545C9B482E8B2239C5A9B.5FFE20C8_2BC6_4EE0_90AA_D6E92F2099AD
File: codemeter_license_tracking.js, Directory: dir_C217E02153EF4FFFB5471191BAECC8B7.5FFE20C8_2BC6_4EE0_90AA_D6E92F2099AD
File: information_weiss_klein26.jpg, Directory: dir_CEE9F0C64FCF441198A38C9673370749.5FFE20C8_2BC6_4EE0_90AA_D6E92F2099AD
File: info.html, Directory: dir_55CD00DB50894F27807C9E8A8886136B.5FFE20C8_2BC6_4EE0_90AA_D6E92F2099AD
File: codemeterwebadmindetailsdescribe_zoom80.jpg, Directory: dir_CEE9F0C64FCF441198A38C9673370749.5FFE20C8_2BC6_4EE0_90AA_D6E92F2099AD
File: bitkom_zoom13.jpg, Directory: dir_9641117ED95A43098D872B9A917FFA35.5FFE20C8_2BC6_4EE0_90AA_D6E92F2099AD
File: achtung_zoom72.jpg, Directory: dir_9641117ED95A43098D872B9A917FFA35.5FFE20C8_2BC6_4EE0_90AA_D6E92F2099AD
File: sf_print.png, Directory: dir_CEE9F0C64FCF441198A38C9673370749.5FFE20C8_2BC6_4EE0_90AA_D6E92F2099AD
File: edge_01_zoom50.jpg, Directory: dir_CEE9F0C64FCF441198A38C9673370749.5FFE20C8_2BC6_4EE0_90AA_D6E92F2099AD
File: eject_v2.png, Directory: dir_CEE9F0C64FCF441198A38C9673370749.5FFE20C8_2BC6_4EE0_90AA_D6E92F2099AD
File: cc_sf_name_aendern_dialog_zoom55.jpg, Directory: dir_CEE9F0C64FCF441198A38C9673370749.5FFE20C8_2BC6_4EE0_90AA_D6E92F2099AD
File: cc_cmcloudcontainer_zoom57.jpg, Directory: dir_CEE9F0C64FCF441198A38C9673370749.5FFE20C8_2BC6_4EE0_90AA_D6E92F2099AD
File: jquery.js, Directory: dir_28FBCDD5F46F4375A8F125191C936317.5FFE20C8_2BC6_4EE0_90AA_D6E92F2099AD
File: hm_webhelp.js, Directory: dir_28FBCDD5F46F4375A8F125191C936317.5FFE20C8_2BC6_4EE0_90AA_D6E92F2099AD
File: installation_windows.html, Directory: dir_55CD00DB50894F27807C9E8A8886136B.5FFE20C8_2BC6_4EE0_90AA_D6E92F2099AD
File: proxy.js, Directory: dir_C217E02153EF4FFFB5471191BAECC8B7.5FFE20C8_2BC6_4EE0_90AA_D6E92F2099AD
File: webadmin_license_transfer.js, Directory: dir_005CBB5EA0E8477B8178C3341D8A64CF.5FFE20C8_2BC6_4EE0_90AA_D6E92F2099AD
File: beispiel_de_zoom32.jpg, Directory: dir_9641117ED95A43098D872B9A917FFA35.5FFE20C8_2BC6_4EE0_90AA_D6E92F2099AD
File: rt_lizenz_zoom70.jpg, Directory: dir_9641117ED95A43098D872B9A917FFA35.5FFE20C8_2BC6_4EE0_90AA_D6E92F2099AD
File: up_item_icon_zoom70.jpg, Directory: dir_9641117ED95A43098D872B9A917FFA35.5FFE20C8_2BC6_4EE0_90AA_D6E92F2099AD
File: uninstalling_mac.html, Directory: dir_8806771C411545C9B482E8B2239C5A9B.5FFE20C8_2BC6_4EE0_90AA_D6E92F2099AD
File: icon-32x32-red-cm.png, Directory: dir_CEE9F0C64FCF441198A38C9673370749.5FFE20C8_2BC6_4EE0_90AA_D6E92F2099AD
File: chrome_03_zoom50.jpg, Directory: dir_9641117ED95A43098D872B9A917FFA35.5FFE20C8_2BC6_4EE0_90AA_D6E92F2099AD
File: down_item_icon_zoom70.jpg, Directory: dir_CEE9F0C64FCF441198A38C9673370749.5FFE20C8_2BC6_4EE0_90AA_D6E92F2099AD
File: wadmin_einstellungen_zugriffsschutz_advanced_firmcode_10_zoom50.jpg, Directory: dir_CEE9F0C64FCF441198A38C9673370749.5FFE20C8_2BC6_4EE0_90AA_D6E92F2099AD
File: beispiel_en_zoom60.jpg, Directory: dir_CEE9F0C64FCF441198A38C9673370749.5FFE20C8_2BC6_4EE0_90AA_D6E92F2099AD
File: index.js, Directory: dir_C217E02153EF4FFFB5471191BAECC8B7.5FFE20C8_2BC6_4EE0_90AA_D6E92F2099AD
File: profiling_http.html, Directory: dir_55CD00DB50894F27807C9E8A8886136B.5FFE20C8_2BC6_4EE0_90AA_D6E92F2099AD
File: cc_msd_zoom50.jpg, Directory: dir_CEE9F0C64FCF441198A38C9673370749.5FFE20C8_2BC6_4EE0_90AA_D6E92F2099AD
File: containerruleset.js, Directory: dir_C217E02153EF4FFFB5471191BAECC8B7.5FFE20C8_2BC6_4EE0_90AA_D6E92F2099AD
File: glossary.html, Directory: dir_55CD00DB50894F27807C9E8A8886136B.5FFE20C8_2BC6_4EE0_90AA_D6E92F2099AD
File: webadmin_settings_basis_webadmin_zoom50.jpg, Directory: dir_CEE9F0C64FCF441198A38C9673370749.5FFE20C8_2BC6_4EE0_90AA_D6E92F2099AD
File: banner_company.jpg, Directory: dir_CEE9F0C64FCF441198A38C9673370749.5FFE20C8_2BC6_4EE0_90AA_D6E92F2099AD
File: sf_leftright.png, Directory: dir_9641117ED95A43098D872B9A917FFA35.5FFE20C8_2BC6_4EE0_90AA_D6E92F2099AD
File: icon-32x32-double-cm.png, Directory: dir_9641117ED95A43098D872B9A917FFA35.5FFE20C8_2BC6_4EE0_90AA_D6E92F2099AD
File: hmImageToggle.js, Directory: dir_079197E4E23B4155B10356C291A628DF.5FFE20C8_2BC6_4EE0_90AA_D6E92F2099AD
File: diagnosis.html, Directory: dir_8806771C411545C9B482E8B2239C5A9B.5FFE20C8_2BC6_4EE0_90AA_D6E92F2099AD
File: container.html, Directory: dir_55CD00DB50894F27807C9E8A8886136B.5FFE20C8_2BC6_4EE0_90AA_D6E92F2099AD
File: webadmin_cmcontainer_details_zoom60.jpg, Directory: dir_CEE9F0C64FCF441198A38C9673370749.5FFE20C8_2BC6_4EE0_90AA_D6E92F2099AD
File: hmXtopic.js, Directory: dir_079197E4E23B4155B10356C291A628DF.5FFE20C8_2BC6_4EE0_90AA_D6E92F2099AD
File: container.js, Directory: dir_C217E02153EF4FFFB5471191BAECC8B7.5FFE20C8_2BC6_4EE0_90AA_D6E92F2099AD
File: _hmXpopup.htm, Directory: dir_8806771C411545C9B482E8B2239C5A9B.5FFE20C8_2BC6_4EE0_90AA_D6E92F2099AD
File: wadmin_einstellungen_zugriffsschutz_advanced_newglobalrule_zoom60.jpg, Directory: dir_CEE9F0C64FCF441198A38C9673370749.5FFE20C8_2BC6_4EE0_90AA_D6E92F2099AD
File: hmDoCopyCode.js, Directory: dir_079197E4E23B4155B10356C291A628DF.5FFE20C8_2BC6_4EE0_90AA_D6E92F2099AD
File: pcruleset.html, Directory: dir_8806771C411545C9B482E8B2239C5A9B.5FFE20C8_2BC6_4EE0_90AA_D6E92F2099AD
File: tab_display.jpg, Directory: dir_CEE9F0C64FCF441198A38C9673370749.5FFE20C8_2BC6_4EE0_90AA_D6E92F2099AD
File: allgemeine-acl-parameter.html, Directory: dir_55CD00DB50894F27807C9E8A8886136B.5FFE20C8_2BC6_4EE0_90AA_D6E92F2099AD
File: profiling_https.js, Directory: dir_C217E02153EF4FFFB5471191BAECC8B7.5FFE20C8_2BC6_4EE0_90AA_D6E92F2099AD
File: installation_codemeter.html, Directory: dir_55CD00DB50894F27807C9E8A8886136B.5FFE20C8_2BC6_4EE0_90AA_D6E92F2099AD
File: cmfas_create_receipt.js, Directory: dir_005CBB5EA0E8477B8178C3341D8A64CF.5FFE20C8_2BC6_4EE0_90AA_D6E92F2099AD
File: toc_show.png, Directory: dir_CEE9F0C64FCF441198A38C9673370749.5FFE20C8_2BC6_4EE0_90AA_D6E92F2099AD
File: hmfile_hash_9533eb98.jpg, Directory: dir_9641117ED95A43098D872B9A917FFA35.5FFE20C8_2BC6_4EE0_90AA_D6E92F2099AD
File: sf_toggle.png, Directory: dir_CEE9F0C64FCF441198A38C9673370749.5FFE20C8_2BC6_4EE0_90AA_D6E92F2099AD
File: close_data.png, Directory: dir_9641117ED95A43098D872B9A917FFA35.5FFE20C8_2BC6_4EE0_90AA_D6E92F2099AD
File: hm_popup.css, Directory: dir_93FB0F7D0CC340B186DBD20391CFB865.5FFE20C8_2BC6_4EE0_90AA_D6E92F2099AD
File: cc_event_tab.html, Directory: dir_8806771C411545C9B482E8B2239C5A9B.5FFE20C8_2BC6_4EE0_90AA_D6E92F2099AD
File: version_contact_userhelp.html, Directory: dir_8806771C411545C9B482E8B2239C5A9B.5FFE20C8_2BC6_4EE0_90AA_D6E92F2099AD
File: license_access_permissions.js, Directory: dir_C217E02153EF4FFFB5471191BAECC8B7.5FFE20C8_2BC6_4EE0_90AA_D6E92F2099AD
File: information_weiss_klein26_zoom99.jpg, Directory: dir_CEE9F0C64FCF441198A38C9673370749.5FFE20C8_2BC6_4EE0_90AA_D6E92F2099AD
File: webadmin_settings_server_server_zoom50.jpg, Directory: dir_CEE9F0C64FCF441198A38C9673370749.5FFE20C8_2BC6_4EE0_90AA_D6E92F2099AD
File: beispiel-de_zoom50.jpg, Directory: dir_9641117ED95A43098D872B9A917FFA35.5FFE20C8_2BC6_4EE0_90AA_D6E92F2099AD
File: webadmin_configuration_webadmin_read_access_zoom63.jpg, Directory: dir_CEE9F0C64FCF441198A38C9673370749.5FFE20C8_2BC6_4EE0_90AA_D6E92F2099AD
File: cmcontainer_details.js, Directory: dir_C217E02153EF4FFFB5471191BAECC8B7.5FFE20C8_2BC6_4EE0_90AA_D6E92F2099AD
File: logo-image-mobile.png, Directory: dir_CEE9F0C64FCF441198A38C9673370749.5FFE20C8_2BC6_4EE0_90AA_D6E92F2099AD
File: hinzufuegen_icon_zoom80.jpg, Directory: dir_CEE9F0C64FCF441198A38C9673370749.5FFE20C8_2BC6_4EE0_90AA_D6E92F2099AD
File: important_information.html, Directory: dir_8806771C411545C9B482E8B2239C5A9B.5FFE20C8_2BC6_4EE0_90AA_D6E92F2099AD
File: ueberblick_tmr.html, Directory: dir_8806771C411545C9B482E8B2239C5A9B.5FFE20C8_2BC6_4EE0_90AA_D6E92F2099AD
File: backup.js, Directory: dir_005CBB5EA0E8477B8178C3341D8A64CF.5FFE20C8_2BC6_4EE0_90AA_D6E92F2099AD
File: webadmin_container_userdata_zoom70.jpg, Directory: dir_9641117ED95A43098D872B9A917FFA35.5FFE20C8_2BC6_4EE0_90AA_D6E92F2099AD
File: lt_icon_options_zoom120.jpg, Directory: dir_CEE9F0C64FCF441198A38C9673370749.5FFE20C8_2BC6_4EE0_90AA_D6E92F2099AD
File: backup.html, Directory: dir_8806771C411545C9B482E8B2239C5A9B.5FFE20C8_2BC6_4EE0_90AA_D6E92F2099AD
File: wadmin_einstellungen_zugriffsschutz_advanced_firmcode_10_zoom50.jpg, Directory: dir_9641117ED95A43098D872B9A917FFA35.5FFE20C8_2BC6_4EE0_90AA_D6E92F2099AD
File: codemeter-produktreihe.png, Directory: dir_4F135336632D4907A8F9913B72BBED92.5FFE20C8_2BC6_4EE0_90AA_D6E92F2099AD
File: time_v2.png, Directory: dir_9641117ED95A43098D872B9A917FFA35.5FFE20C8_2BC6_4EE0_90AA_D6E92F2099AD
File: ie.png, Directory: dir_4F135336632D4907A8F9913B72BBED92.5FFE20C8_2BC6_4EE0_90AA_D6E92F2099AD
File: begriffe-und-definitionen.js, Directory: dir_005CBB5EA0E8477B8178C3341D8A64CF.5FFE20C8_2BC6_4EE0_90AA_D6E92F2099AD
File: webadmin_cmcontainer_firmitemdetails_zoom60.jpg, Directory: dir_CEE9F0C64FCF441198A38C9673370749.5FFE20C8_2BC6_4EE0_90AA_D6E92F2099AD
File: server_search_list.html, Directory: dir_55CD00DB50894F27807C9E8A8886136B.5FFE20C8_2BC6_4EE0_90AA_D6E92F2099AD
File: schritt-2-erstellen-einer-acl-.html, Directory: dir_55CD00DB50894F27807C9E8A8886136B.5FFE20C8_2BC6_4EE0_90AA_D6E92F2099AD
File: sf_more.png, Directory: dir_CEE9F0C64FCF441198A38C9673370749.5FFE20C8_2BC6_4EE0_90AA_D6E92F2099AD
File: webadmin_container_backuprestore_zoom60.jpg, Directory: dir_9641117ED95A43098D872B9A917FFA35.5FFE20C8_2BC6_4EE0_90AA_D6E92F2099AD
File: administrative_entry.js, Directory: dir_C217E02153EF4FFFB5471191BAECC8B7.5FFE20C8_2BC6_4EE0_90AA_D6E92F2099AD
File: 13_senderausleihe_containerdetaills_zoom70.jpg, Directory: dir_CEE9F0C64FCF441198A38C9673370749.5FFE20C8_2BC6_4EE0_90AA_D6E92F2099AD
File: das-all-container-ruleset.js, Directory: dir_C217E02153EF4FFFB5471191BAECC8B7.5FFE20C8_2BC6_4EE0_90AA_D6E92F2099AD
File: _hmXtopic.htm, Directory: dir_55CD00DB50894F27807C9E8A8886136B.5FFE20C8_2BC6_4EE0_90AA_D6E92F2099AD
File: wbccloud02_zoom50.jpg, Directory: dir_CEE9F0C64FCF441198A38C9673370749.5FFE20C8_2BC6_4EE0_90AA_D6E92F2099AD
File: bg.png, Directory: dir_CEE9F0C64FCF441198A38C9673370749.5FFE20C8_2BC6_4EE0_90AA_D6E92F2099AD
File: product_item_details.js, Directory: dir_C217E02153EF4FFFB5471191BAECC8B7.5FFE20C8_2BC6_4EE0_90AA_D6E92F2099AD
File: cc_hid_zoom50.jpg, Directory: dir_CEE9F0C64FCF441198A38C9673370749.5FFE20C8_2BC6_4EE0_90AA_D6E92F2099AD
File: rt_willkommen_zoom70.jpg, Directory: dir_9641117ED95A43098D872B9A917FFA35.5FFE20C8_2BC6_4EE0_90AA_D6E92F2099AD
File: step3_01_zoom70.jpg, Directory: dir_9641117ED95A43098D872B9A917FFA35.5FFE20C8_2BC6_4EE0_90AA_D6E92F2099AD
File: cc-broken-license_01_repair_error_zoom62.jpg, Directory: dir_9641117ED95A43098D872B9A917FFA35.5FFE20C8_2BC6_4EE0_90AA_D6E92F2099AD
File: fcruleset.html, Directory: dir_55CD00DB50894F27807C9E8A8886136B.5FFE20C8_2BC6_4EE0_90AA_D6E92F2099AD
File: beispiel_de_zoom30.jpg, Directory: dir_9641117ED95A43098D872B9A917FFA35.5FFE20C8_2BC6_4EE0_90AA_D6E92F2099AD
File: profiling_backup.html, Directory: dir_55CD00DB50894F27807C9E8A8886136B.5FFE20C8_2BC6_4EE0_90AA_D6E92F2099AD
File: move_n_from_m_transfer.js, Directory: dir_C217E02153EF4FFFB5471191BAECC8B7.5FFE20C8_2BC6_4EE0_90AA_D6E92F2099AD
File: hmprojectstyles.css, Directory: dir_93FB0F7D0CC340B186DBD20391CFB865.5FFE20C8_2BC6_4EE0_90AA_D6E92F2099AD
File: cmfas_create_receipt.js, Directory: dir_C217E02153EF4FFFB5471191BAECC8B7.5FFE20C8_2BC6_4EE0_90AA_D6E92F2099AD
File: webadmin_module_item.html, Directory: dir_55CD00DB50894F27807C9E8A8886136B.5FFE20C8_2BC6_4EE0_90AA_D6E92F2099AD
File: webadmin_monitoring_session_foreignhandle_zoom54.jpg, Directory: dir_9641117ED95A43098D872B9A917FFA35.5FFE20C8_2BC6_4EE0_90AA_D6E92F2099AD
File: index.html, Directory: dir_BFDEF77BE9EE476CA3A53FCA6FAAB20F.5FFE20C8_2BC6_4EE0_90AA_D6E92F2099AD
File: webadmin_diagnosis_zoom60.jpg, Directory: dir_CEE9F0C64FCF441198A38C9673370749.5FFE20C8_2BC6_4EE0_90AA_D6E92F2099AD
File: hmDoInlineToggle.js, Directory: dir_28FBCDD5F46F4375A8F125191C936317.5FFE20C8_2BC6_4EE0_90AA_D6E92F2099AD
File: webadmin_settings_server_access_advancedmode_new_ad_zoom60.jpg, Directory: dir_CEE9F0C64FCF441198A38C9673370749.5FFE20C8_2BC6_4EE0_90AA_D6E92F2099AD
File: hmcontextids.js, Directory: dir_079197E4E23B4155B10356C291A628DF.5FFE20C8_2BC6_4EE0_90AA_D6E92F2099AD
File: webadmin_config.js, Directory: dir_005CBB5EA0E8477B8178C3341D8A64CF.5FFE20C8_2BC6_4EE0_90AA_D6E92F2099AD
File: hm_webhelp.css, Directory: dir_93FB0F7D0CC340B186DBD20391CFB865.5FFE20C8_2BC6_4EE0_90AA_D6E92F2099AD
File: signature_entry.html, Directory: dir_55CD00DB50894F27807C9E8A8886136B.5FFE20C8_2BC6_4EE0_90AA_D6E92F2099AD
File: configuration.html, Directory: dir_8806771C411545C9B482E8B2239C5A9B.5FFE20C8_2BC6_4EE0_90AA_D6E92F2099AD
File: fcruleset.js, Directory: dir_005CBB5EA0E8477B8178C3341D8A64CF.5FFE20C8_2BC6_4EE0_90AA_D6E92F2099AD
File: 16_ausleihe_ausleihe_monitoring_zoom70.jpg, Directory: dir_9641117ED95A43098D872B9A917FFA35.5FFE20C8_2BC6_4EE0_90AA_D6E92F2099AD
File: beispiel_en_zoom30.jpg, Directory: dir_CEE9F0C64FCF441198A38C9673370749.5FFE20C8_2BC6_4EE0_90AA_D6E92F2099AD
File: 18_empfaengerausleihe_fidetaills_zoom70.jpg, Directory: dir_9641117ED95A43098D872B9A917FFA35.5FFE20C8_2BC6_4EE0_90AA_D6E92F2099AD
File: sessions.html, Directory: dir_8806771C411545C9B482E8B2239C5A9B.5FFE20C8_2BC6_4EE0_90AA_D6E92F2099AD
File: logo-image-mobile.png, Directory: dir_9641117ED95A43098D872B9A917FFA35.5FFE20C8_2BC6_4EE0_90AA_D6E92F2099AD
File: linux_kernel_settings.js, Directory: dir_005CBB5EA0E8477B8178C3341D8A64CF.5FFE20C8_2BC6_4EE0_90AA_D6E92F2099AD
File: glossary.js, Directory: dir_C217E02153EF4FFFB5471191BAECC8B7.5FFE20C8_2BC6_4EE0_90AA_D6E92F2099AD
File: gold_partner_rgb_9.jpg, Directory: dir_CEE9F0C64FCF441198A38C9673370749.5FFE20C8_2BC6_4EE0_90AA_D6E92F2099AD
File: globale-regel-fuer-localhost.js, Directory: dir_005CBB5EA0E8477B8178C3341D8A64CF.5FFE20C8_2BC6_4EE0_90AA_D6E92F2099AD
File: 08_senderlizenzen_fidetailszurueck_zoom70.jpg, Directory: dir_9641117ED95A43098D872B9A917FFA35.5FFE20C8_2BC6_4EE0_90AA_D6E92F2099AD
File: schritt-5-erstellen-einer-acl-.html, Directory: dir_55CD00DB50894F27807C9E8A8886136B.5FFE20C8_2BC6_4EE0_90AA_D6E92F2099AD
File: status_expand_close.jpg, Directory: dir_CEE9F0C64FCF441198A38C9673370749.5FFE20C8_2BC6_4EE0_90AA_D6E92F2099AD
File: cc_sf_zeige_alle_offenen_handles_.jpg, Directory: dir_9641117ED95A43098D872B9A917FFA35.5FFE20C8_2BC6_4EE0_90AA_D6E92F2099AD
File: schritt-4-erstellen-einer-acl-.html, Directory: dir_8806771C411545C9B482E8B2239C5A9B.5FFE20C8_2BC6_4EE0_90AA_D6E92F2099AD
File: status_container_aktiviert_zoom70.jpg, Directory: dir_9641117ED95A43098D872B9A917FFA35.5FFE20C8_2BC6_4EE0_90AA_D6E92F2099AD
File: refresh_zoom40.jpg, Directory: dir_CEE9F0C64FCF441198A38C9673370749.5FFE20C8_2BC6_4EE0_90AA_D6E92F2099AD
File: hmwebhelp_main_desktop.css, Directory: dir_93FB0F7D0CC340B186DBD20391CFB865.5FFE20C8_2BC6_4EE0_90AA_D6E92F2099AD
File: einfache-acl-fuer-container-3-.html, Directory: dir_8806771C411545C9B482E8B2239C5A9B.5FFE20C8_2BC6_4EE0_90AA_D6E92F2099AD
File: erstellen-einer-beispielliste-.js, Directory: dir_C217E02153EF4FFFB5471191BAECC8B7.5FFE20C8_2BC6_4EE0_90AA_D6E92F2099AD
File: cc_mit3tab_zoom67.jpg, Directory: dir_CEE9F0C64FCF441198A38C9673370749.5FFE20C8_2BC6_4EE0_90AA_D6E92F2099AD
File: transfer_limitation.js, Directory: dir_C217E02153EF4FFFB5471191BAECC8B7.5FFE20C8_2BC6_4EE0_90AA_D6E92F2099AD
File: examples.js, Directory: dir_C217E02153EF4FFFB5471191BAECC8B7.5FFE20C8_2BC6_4EE0_90AA_D6E92F2099AD
File: ndex.js, Directory: dir_005CBB5EA0E8477B8178C3341D8A64CF.5FFE20C8_2BC6_4EE0_90AA_D6E92F2099AD
File: cmu.html, Directory: dir_55CD00DB50894F27807C9E8A8886136B.5FFE20C8_2BC6_4EE0_90AA_D6E92F2099AD
File: sf_toggle_off.png, Directory: dir_9641117ED95A43098D872B9A917FFA35.5FFE20C8_2BC6_4EE0_90AA_D6E92F2099AD
File: delete_icon.jpg, Directory: dir_CEE9F0C64FCF441198A38C9673370749.5FFE20C8_2BC6_4EE0_90AA_D6E92F2099AD
File: dashboard.html, Directory: dir_8806771C411545C9B482E8B2239C5A9B.5FFE20C8_2BC6_4EE0_90AA_D6E92F2099AD
File: proxy.html, Directory: dir_55CD00DB50894F27807C9E8A8886136B.5FFE20C8_2BC6_4EE0_90AA_D6E92F2099AD
File: 15_senderausleihe_pidetaills_zoom70.jpg, Directory: dir_CEE9F0C64FCF441198A38C9673370749.5FFE20C8_2BC6_4EE0_90AA_D6E92F2099AD
File: format_of_the_logfile.html, Directory: dir_55CD00DB50894F27807C9E8A8886136B.5FFE20C8_2BC6_4EE0_90AA_D6E92F2099AD
File: webadmin_monitoring_license_details_zoom53.jpg, Directory: dir_CEE9F0C64FCF441198A38C9673370749.5FFE20C8_2BC6_4EE0_90AA_D6E92F2099AD
File: uninstalling_windowsrt.html, Directory: dir_55CD00DB50894F27807C9E8A8886136B.5FFE20C8_2BC6_4EE0_90AA_D6E92F2099AD
File: important_information.js, Directory: dir_C217E02153EF4FFFB5471191BAECC8B7.5FFE20C8_2BC6_4EE0_90AA_D6E92F2099AD
File: serversetup_zoom40.jpg, Directory: dir_CEE9F0C64FCF441198A38C9673370749.5FFE20C8_2BC6_4EE0_90AA_D6E92F2099AD
File: denial_entry.html, Directory: dir_55CD00DB50894F27807C9E8A8886136B.5FFE20C8_2BC6_4EE0_90AA_D6E92F2099AD
File: format_of_the_logfile.html, Directory: dir_8806771C411545C9B482E8B2239C5A9B.5FFE20C8_2BC6_4EE0_90AA_D6E92F2099AD
File: hmwebhelp_index_phone.css, Directory: dir_1B3BC25A0DBD43FF9F07EA153624A7BA.5FFE20C8_2BC6_4EE0_90AA_D6E92F2099AD
File: copyright.html, Directory: dir_8806771C411545C9B482E8B2239C5A9B.5FFE20C8_2BC6_4EE0_90AA_D6E92F2099AD
File: defrag_v2.png, Directory: dir_CEE9F0C64FCF441198A38C9673370749.5FFE20C8_2BC6_4EE0_90AA_D6E92F2099AD
File: index.html, Directory: dir_55CD00DB50894F27807C9E8A8886136B.5FFE20C8_2BC6_4EE0_90AA_D6E92F2099AD
File: type_cmactlicense.png, Directory: dir_9641117ED95A43098D872B9A917FFA35.5FFE20C8_2BC6_4EE0_90AA_D6E92F2099AD
File: uninstalling_linux.html, Directory: dir_8806771C411545C9B482E8B2239C5A9B.5FFE20C8_2BC6_4EE0_90AA_D6E92F2099AD
File: linux_kernel_settings.html, Directory: dir_8806771C411545C9B482E8B2239C5A9B.5FFE20C8_2BC6_4EE0_90AA_D6E92F2099AD
File: list_of_licenses_entry.js, Directory: dir_C217E02153EF4FFFB5471191BAECC8B7.5FFE20C8_2BC6_4EE0_90AA_D6E92F2099AD
File: events.html, Directory: dir_8806771C411545C9B482E8B2239C5A9B.5FFE20C8_2BC6_4EE0_90AA_D6E92F2099AD
File: pccard_zoom63.jpg, Directory: dir_9641117ED95A43098D872B9A917FFA35.5FFE20C8_2BC6_4EE0_90AA_D6E92F2099AD
File: time_v2.png, Directory: dir_CEE9F0C64FCF441198A38C9673370749.5FFE20C8_2BC6_4EE0_90AA_D6E92F2099AD
File: profiling_tmr.js, Directory: dir_C217E02153EF4FFFB5471191BAECC8B7.5FFE20C8_2BC6_4EE0_90AA_D6E92F2099AD
File: config_all_zoom50.jpg, Directory: dir_9641117ED95A43098D872B9A917FFA35.5FFE20C8_2BC6_4EE0_90AA_D6E92F2099AD
File: cc_importing_updating_licenses.js, Directory: dir_C217E02153EF4FFFB5471191BAECC8B7.5FFE20C8_2BC6_4EE0_90AA_D6E92F2099AD
File: config_all_zoom50.jpg, Directory: dir_CEE9F0C64FCF441198A38C9673370749.5FFE20C8_2BC6_4EE0_90AA_D6E92F2099AD
File: win8_logo_zoom14.jpg, Directory: dir_9641117ED95A43098D872B9A917FFA35.5FFE20C8_2BC6_4EE0_90AA_D6E92F2099AD
File: info.js, Directory: dir_005CBB5EA0E8477B8178C3341D8A64CF.5FFE20C8_2BC6_4EE0_90AA_D6E92F2099AD
File: licenses_expand.jpg, Directory: dir_9641117ED95A43098D872B9A917FFA35.5FFE20C8_2BC6_4EE0_90AA_D6E92F2099AD
File: 05_empfaengerlizenzen_fidetails_zoom70.jpg, Directory: dir_9641117ED95A43098D872B9A917FFA35.5FFE20C8_2BC6_4EE0_90AA_D6E92F2099AD
File: time_update_icon_zoom60.jpg, Directory: dir_9641117ED95A43098D872B9A917FFA35.5FFE20C8_2BC6_4EE0_90AA_D6E92F2099AD
File: webadmin_configuration_webadmin_config_write_access_zoom62.jpg, Directory: dir_9641117ED95A43098D872B9A917FFA35.5FFE20C8_2BC6_4EE0_90AA_D6E92F2099AD
File: hm_popup.css, Directory: dir_1B3BC25A0DBD43FF9F07EA153624A7BA.5FFE20C8_2BC6_4EE0_90AA_D6E92F2099AD
File: icon_virtualcontainer_zoom50.jpg, Directory: dir_CEE9F0C64FCF441198A38C9673370749.5FFE20C8_2BC6_4EE0_90AA_D6E92F2099AD
File: tog_minus.gif, Directory: dir_CEE9F0C64FCF441198A38C9673370749.5FFE20C8_2BC6_4EE0_90AA_D6E92F2099AD
File: license_monitoring_details.js, Directory: dir_005CBB5EA0E8477B8178C3341D8A64CF.5FFE20C8_2BC6_4EE0_90AA_D6E92F2099AD
File: _hm_print_window.htm, Directory: dir_8806771C411545C9B482E8B2239C5A9B.5FFE20C8_2BC6_4EE0_90AA_D6E92F2099AD
File: closehelp.png, Directory: dir_CEE9F0C64FCF441198A38C9673370749.5FFE20C8_2BC6_4EE0_90AA_D6E92F2099AD
File: codemeterwebadmindetailsactiveusers_zoom80.jpg, Directory: dir_CEE9F0C64FCF441198A38C9673370749.5FFE20C8_2BC6_4EE0_90AA_D6E92F2099AD
File: product_item_details_user.js, Directory: dir_005CBB5EA0E8477B8178C3341D8A64CF.5FFE20C8_2BC6_4EE0_90AA_D6E92F2099AD
File: uninstalling_linux.js, Directory: dir_C217E02153EF4FFFB5471191BAECC8B7.5FFE20C8_2BC6_4EE0_90AA_D6E92F2099AD
File: hmfile_hash_9f94de6e.jpg, Directory: dir_9641117ED95A43098D872B9A917FFA35.5FFE20C8_2BC6_4EE0_90AA_D6E92F2099AD
File: step5_01_zoom70.jpg, Directory: dir_CEE9F0C64FCF441198A38C9673370749.5FFE20C8_2BC6_4EE0_90AA_D6E92F2099AD
File: linux_kernel_settings.html, Directory: dir_55CD00DB50894F27807C9E8A8886136B.5FFE20C8_2BC6_4EE0_90AA_D6E92F2099AD
File: webadmin_dashboard_zoom60.jpg, Directory: dir_CEE9F0C64FCF441198A38C9673370749.5FFE20C8_2BC6_4EE0_90AA_D6E92F2099AD
File: requirements.js, Directory: dir_005CBB5EA0E8477B8178C3341D8A64CF.5FFE20C8_2BC6_4EE0_90AA_D6E92F2099AD
File: export.js, Directory: dir_C217E02153EF4FFFB5471191BAECC8B7.5FFE20C8_2BC6_4EE0_90AA_D6E92F2099AD
File: hm_mail_feedback.js, Directory: dir_079197E4E23B4155B10356C291A628DF.5FFE20C8_2BC6_4EE0_90AA_D6E92F2099AD
File: wadmin_inhalt_datensicherung_abfrage_zoom50.jpg, Directory: dir_CEE9F0C64FCF441198A38C9673370749.5FFE20C8_2BC6_4EE0_90AA_D6E92F2099AD
File: configuration.html, Directory: dir_55CD00DB50894F27807C9E8A8886136B.5FFE20C8_2BC6_4EE0_90AA_D6E92F2099AD
File: jquery.history.js, Directory: dir_079197E4E23B4155B10356C291A628DF.5FFE20C8_2BC6_4EE0_90AA_D6E92F2099AD
File: cc_sf_kennwort_aendern_dialog_zoom70.jpg, Directory: dir_9641117ED95A43098D872B9A917FFA35.5FFE20C8_2BC6_4EE0_90AA_D6E92F2099AD
File: cc_uebersicht_zoom65.jpg, Directory: dir_CEE9F0C64FCF441198A38C9673370749.5FFE20C8_2BC6_4EE0_90AA_D6E92F2099AD
File: icon-32x32-yellow-cm.png, Directory: dir_9641117ED95A43098D872B9A917FFA35.5FFE20C8_2BC6_4EE0_90AA_D6E92F2099AD
File: webadmin_configuration_http_zoom60.jpg, Directory: dir_CEE9F0C64FCF441198A38C9673370749.5FFE20C8_2BC6_4EE0_90AA_D6E92F2099AD
File: installation_codemeter.html, Directory: dir_8806771C411545C9B482E8B2239C5A9B.5FFE20C8_2BC6_4EE0_90AA_D6E92F2099AD
File: 03_senderlizenzen_pidetails_zoom70.jpg, Directory: dir_9641117ED95A43098D872B9A917FFA35.5FFE20C8_2BC6_4EE0_90AA_D6E92F2099AD
File: hmFeatureHeaderM.js, Directory: dir_079197E4E23B4155B10356C291A628DF.5FFE20C8_2BC6_4EE0_90AA_D6E92F2099AD
File: version_contact_userhelp.js, Directory: dir_C217E02153EF4FFFB5471191BAECC8B7.5FFE20C8_2BC6_4EE0_90AA_D6E92F2099AD
File: 07_senderlizenzen_containerdetails_zurueck_zoom70.jpg, Directory: dir_9641117ED95A43098D872B9A917FFA35.5FFE20C8_2BC6_4EE0_90AA_D6E92F2099AD
File: cc_status_open_webadmin.js, Directory: dir_C217E02153EF4FFFB5471191BAECC8B7.5FFE20C8_2BC6_4EE0_90AA_D6E92F2099AD
File: hm_mail_feedback.js, Directory: dir_28FBCDD5F46F4375A8F125191C936317.5FFE20C8_2BC6_4EE0_90AA_D6E92F2099AD
File: events.js, Directory: dir_C217E02153EF4FFFB5471191BAECC8B7.5FFE20C8_2BC6_4EE0_90AA_D6E92F2099AD
File: server_search_list.js, Directory: dir_005CBB5EA0E8477B8178C3341D8A64CF.5FFE20C8_2BC6_4EE0_90AA_D6E92F2099AD
File: import.html, Directory: dir_55CD00DB50894F27807C9E8A8886136B.5FFE20C8_2BC6_4EE0_90AA_D6E92F2099AD
File: information_grau_klein26_zoom99.jpg, Directory: dir_CEE9F0C64FCF441198A38C9673370749.5FFE20C8_2BC6_4EE0_90AA_D6E92F2099AD
File: 12_empfaengerlizenzen_pidetailszuueck_zoom70.jpg, Directory: dir_CEE9F0C64FCF441198A38C9673370749.5FFE20C8_2BC6_4EE0_90AA_D6E92F2099AD
File: wadmin_einstellungen_zugriffsschutz_advanced_sortup_zoom70.jpg, Directory: dir_9641117ED95A43098D872B9A917FFA35.5FFE20C8_2BC6_4EE0_90AA_D6E92F2099AD
File: browser_safari.png, Directory: dir_4F135336632D4907A8F9913B72BBED92.5FFE20C8_2BC6_4EE0_90AA_D6E92F2099AD
File: warning_icon_red.jpg, Directory: dir_9641117ED95A43098D872B9A917FFA35.5FFE20C8_2BC6_4EE0_90AA_D6E92F2099AD
File: webadmin_diagnosis_zoom60.jpg, Directory: dir_9641117ED95A43098D872B9A917FFA35.5FFE20C8_2BC6_4EE0_90AA_D6E92F2099AD
File: webadmin.png, Directory: dir_CEE9F0C64FCF441198A38C9673370749.5FFE20C8_2BC6_4EE0_90AA_D6E92F2099AD
File: borrow_local_license_return.html, Directory: dir_8806771C411545C9B482E8B2239C5A9B.5FFE20C8_2BC6_4EE0_90AA_D6E92F2099AD
File: webadmin_configuration_https_02_zoom60.jpg, Directory: dir_CEE9F0C64FCF441198A38C9673370749.5FFE20C8_2BC6_4EE0_90AA_D6E92F2099AD
File: codemeterwebadminltbar01_zoom80.jpg, Directory: dir_CEE9F0C64FCF441198A38C9673370749.5FFE20C8_2BC6_4EE0_90AA_D6E92F2099AD
File: installation_mac.js, Directory: dir_005CBB5EA0E8477B8178C3341D8A64CF.5FFE20C8_2BC6_4EE0_90AA_D6E92F2099AD
File: access_entry.js, Directory: dir_C217E02153EF4FFFB5471191BAECC8B7.5FFE20C8_2BC6_4EE0_90AA_D6E92F2099AD
File: edge_02_zoom41.jpg, Directory: dir_9641117ED95A43098D872B9A917FFA35.5FFE20C8_2BC6_4EE0_90AA_D6E92F2099AD
File: access_entry.html, Directory: dir_55CD00DB50894F27807C9E8A8886136B.5FFE20C8_2BC6_4EE0_90AA_D6E92F2099AD
File: beispiel_zoom49.jpg, Directory: dir_CEE9F0C64FCF441198A38C9673370749.5FFE20C8_2BC6_4EE0_90AA_D6E92F2099AD
File: tmr.js, Directory: dir_005CBB5EA0E8477B8178C3341D8A64CF.5FFE20C8_2BC6_4EE0_90AA_D6E92F2099AD
File: extra.js, Directory: dir_C217E02153EF4FFFB5471191BAECC8B7.5FFE20C8_2BC6_4EE0_90AA_D6E92F2099AD
File: lizenzaktualisierungeinspielen01_zoom49.jpg, Directory: dir_9641117ED95A43098D872B9A917FFA35.5FFE20C8_2BC6_4EE0_90AA_D6E92F2099AD
File: hmwebhelp_index_phone.css, Directory: dir_93FB0F7D0CC340B186DBD20391CFB865.5FFE20C8_2BC6_4EE0_90AA_D6E92F2099AD
File: firm_item_details.html, Directory: dir_8806771C411545C9B482E8B2239C5A9B.5FFE20C8_2BC6_4EE0_90AA_D6E92F2099AD
File: kw-page.gif, Directory: dir_9641117ED95A43098D872B9A917FFA35.5FFE20C8_2BC6_4EE0_90AA_D6E92F2099AD
File: logo-image-desk.png, Directory: dir_CEE9F0C64FCF441198A38C9673370749.5FFE20C8_2BC6_4EE0_90AA_D6E92F2099AD
File: einfache-acl-fuer-container-3-.html, Directory: dir_55CD00DB50894F27807C9E8A8886136B.5FFE20C8_2BC6_4EE0_90AA_D6E92F2099AD
File: sf_pagejump.png, Directory: dir_9641117ED95A43098D872B9A917FFA35.5FFE20C8_2BC6_4EE0_90AA_D6E92F2099AD
File: runtimekit_setup_02eula.jpg, Directory: dir_CEE9F0C64FCF441198A38C9673370749.5FFE20C8_2BC6_4EE0_90AA_D6E92F2099AD
File: globale-regel-fuer-localhost.js, Directory: dir_C217E02153EF4FFFB5471191BAECC8B7.5FFE20C8_2BC6_4EE0_90AA_D6E92F2099AD
File: formale-spezifikation-der-acl-.html, Directory: dir_55CD00DB50894F27807C9E8A8886136B.5FFE20C8_2BC6_4EE0_90AA_D6E92F2099AD
File: schritt-3-erstellen-einer-acl-.html, Directory: dir_8806771C411545C9B482E8B2239C5A9B.5FFE20C8_2BC6_4EE0_90AA_D6E92F2099AD
File: hmVideoBox.js, Directory: dir_079197E4E23B4155B10356C291A628DF.5FFE20C8_2BC6_4EE0_90AA_D6E92F2099AD
File: webadmin_module_item.html, Directory: dir_8806771C411545C9B482E8B2239C5A9B.5FFE20C8_2BC6_4EE0_90AA_D6E92F2099AD
File: runtime_setup_04custom.jpg, Directory: dir_9641117ED95A43098D872B9A917FFA35.5FFE20C8_2BC6_4EE0_90AA_D6E92F2099AD
File: installation_mac.js, Directory: dir_C217E02153EF4FFFB5471191BAECC8B7.5FFE20C8_2BC6_4EE0_90AA_D6E92F2099AD
File: favicon.ico, Directory: dir_8806771C411545C9B482E8B2239C5A9B.5FFE20C8_2BC6_4EE0_90AA_D6E92F2099AD
File: license_tracking.html, Directory: dir_55CD00DB50894F27807C9E8A8886136B.5FFE20C8_2BC6_4EE0_90AA_D6E92F2099AD
File: wbccloud01_zoom50.jpg, Directory: dir_CEE9F0C64FCF441198A38C9673370749.5FFE20C8_2BC6_4EE0_90AA_D6E92F2099AD
File: webadmin_monitoring_session_zoom56.jpg, Directory: dir_CEE9F0C64FCF441198A38C9673370749.5FFE20C8_2BC6_4EE0_90AA_D6E92F2099AD
File: begriffe-und-definitionen.html, Directory: dir_8806771C411545C9B482E8B2239C5A9B.5FFE20C8_2BC6_4EE0_90AA_D6E92F2099AD
File: lizenzupdate02_zoom49.jpg, Directory: dir_9641117ED95A43098D872B9A917FFA35.5FFE20C8_2BC6_4EE0_90AA_D6E92F2099AD
File: cmcontainer_details.html, Directory: dir_8806771C411545C9B482E8B2239C5A9B.5FFE20C8_2BC6_4EE0_90AA_D6E92F2099AD
File: __cmembedded_4c_transp.png, Directory: dir_CEE9F0C64FCF441198A38C9673370749.5FFE20C8_2BC6_4EE0_90AA_D6E92F2099AD
File: license_monitoring.html, Directory: dir_55CD00DB50894F27807C9E8A8886136B.5FFE20C8_2BC6_4EE0_90AA_D6E92F2099AD
File: license_tracking.html, Directory: dir_8806771C411545C9B482E8B2239C5A9B.5FFE20C8_2BC6_4EE0_90AA_D6E92F2099AD
File: hmXtopic.js, Directory: dir_28FBCDD5F46F4375A8F125191C936317.5FFE20C8_2BC6_4EE0_90AA_D6E92F2099AD
File: cc_status_open_webadmin.js, Directory: dir_005CBB5EA0E8477B8178C3341D8A64CF.5FFE20C8_2BC6_4EE0_90AA_D6E92F2099AD
File: overview_new.jpg, Directory: dir_9641117ED95A43098D872B9A917FFA35.5FFE20C8_2BC6_4EE0_90AA_D6E92F2099AD
File: usb_zoom15.jpg, Directory: dir_9641117ED95A43098D872B9A917FFA35.5FFE20C8_2BC6_4EE0_90AA_D6E92F2099AD
File: wadmin_einstellungen_zugriffsschutz_advanced_deletefcrule_zoom60.jpg, Directory: dir_CEE9F0C64FCF441198A38C9673370749.5FFE20C8_2BC6_4EE0_90AA_D6E92F2099AD
File: webadmin_settings_basis_proxy_zoom50.jpg, Directory: dir_CEE9F0C64FCF441198A38C9673370749.5FFE20C8_2BC6_4EE0_90AA_D6E92F2099AD
File: hmfile_hash_872fb759.jpg, Directory: dir_9641117ED95A43098D872B9A917FFA35.5FFE20C8_2BC6_4EE0_90AA_D6E92F2099AD
File: webadmin.js, Directory: dir_005CBB5EA0E8477B8178C3341D8A64CF.5FFE20C8_2BC6_4EE0_90AA_D6E92F2099AD
File: uninstalling_mac.js, Directory: dir_C217E02153EF4FFFB5471191BAECC8B7.5FFE20C8_2BC6_4EE0_90AA_D6E92F2099AD
File: linux_zoom74.jpg, Directory: dir_9641117ED95A43098D872B9A917FFA35.5FFE20C8_2BC6_4EE0_90AA_D6E92F2099AD
File: glossary.js, Directory: dir_005CBB5EA0E8477B8178C3341D8A64CF.5FFE20C8_2BC6_4EE0_90AA_D6E92F2099AD
File: webadmin_trusted_origins_all_zoom50.jpg, Directory: dir_CEE9F0C64FCF441198A38C9673370749.5FFE20C8_2BC6_4EE0_90AA_D6E92F2099AD
File: overview_new_zoom55.jpg, Directory: dir_9641117ED95A43098D872B9A917FFA35.5FFE20C8_2BC6_4EE0_90AA_D6E92F2099AD
File: status_container_aktiviert_zoom70.jpg, Directory: dir_CEE9F0C64FCF441198A38C9673370749.5FFE20C8_2BC6_4EE0_90AA_D6E92F2099AD
File: transfer_limitation.js, Directory: dir_005CBB5EA0E8477B8178C3341D8A64CF.5FFE20C8_2BC6_4EE0_90AA_D6E92F2099AD
File: socialsharing.js, Directory: dir_079197E4E23B4155B10356C291A628DF.5FFE20C8_2BC6_4EE0_90AA_D6E92F2099AD
File: cc_menubar.html, Directory: dir_8806771C411545C9B482E8B2239C5A9B.5FFE20C8_2BC6_4EE0_90AA_D6E92F2099AD
File: definitions_and_value_ranges.html, Directory: dir_55CD00DB50894F27807C9E8A8886136B.5FFE20C8_2BC6_4EE0_90AA_D6E92F2099AD
File: installation_codemeter.js, Directory: dir_005CBB5EA0E8477B8178C3341D8A64CF.5FFE20C8_2BC6_4EE0_90AA_D6E92F2099AD
File: accesscontrollist.html, Directory: dir_55CD00DB50894F27807C9E8A8886136B.5FFE20C8_2BC6_4EE0_90AA_D6E92F2099AD
File: cmdust.js, Directory: dir_005CBB5EA0E8477B8178C3341D8A64CF.5FFE20C8_2BC6_4EE0_90AA_D6E92F2099AD
File: search.png, Directory: dir_9641117ED95A43098D872B9A917FFA35.5FFE20C8_2BC6_4EE0_90AA_D6E92F2099AD
File: 15_senderausleihe_pidetaills_zoom70.jpg, Directory: dir_9641117ED95A43098D872B9A917FFA35.5FFE20C8_2BC6_4EE0_90AA_D6E92F2099AD
File: profiling_backup.js, Directory: dir_005CBB5EA0E8477B8178C3341D8A64CF.5FFE20C8_2BC6_4EE0_90AA_D6E92F2099AD
File: wadmin_einstellungen_zugriffsschutz_advanced_clonefc_zoom60.jpg, Directory: dir_CEE9F0C64FCF441198A38C9673370749.5FFE20C8_2BC6_4EE0_90AA_D6E92F2099AD
File: linux_zoom70.jpg, Directory: dir_CEE9F0C64FCF441198A38C9673370749.5FFE20C8_2BC6_4EE0_90AA_D6E92F2099AD
File: tmr-overview.html, Directory: dir_55CD00DB50894F27807C9E8A8886136B.5FFE20C8_2BC6_4EE0_90AA_D6E92F2099AD
File: tog_minus.gif, Directory: dir_9641117ED95A43098D872B9A917FFA35.5FFE20C8_2BC6_4EE0_90AA_D6E92F2099AD
File: schritt-4-erstellen-einer-acl-.html, Directory: dir_55CD00DB50894F27807C9E8A8886136B.5FFE20C8_2BC6_4EE0_90AA_D6E92F2099AD
File: xmessage.js, Directory: dir_079197E4E23B4155B10356C291A628DF.5FFE20C8_2BC6_4EE0_90AA_D6E92F2099AD
File: social_mail.png, Directory: dir_9641117ED95A43098D872B9A917FFA35.5FFE20C8_2BC6_4EE0_90AA_D6E92F2099AD
File: das-all-container-ruleset.html, Directory: dir_55CD00DB50894F27807C9E8A8886136B.5FFE20C8_2BC6_4EE0_90AA_D6E92F2099AD
File: safety_instructions_userhelp.js, Directory: dir_C217E02153EF4FFFB5471191BAECC8B7.5FFE20C8_2BC6_4EE0_90AA_D6E92F2099AD
File: syst_requirements.html, Directory: dir_55CD00DB50894F27807C9E8A8886136B.5FFE20C8_2BC6_4EE0_90AA_D6E92F2099AD
File: hmwebhelp_search_tablet.css, Directory: dir_93FB0F7D0CC340B186DBD20391CFB865.5FFE20C8_2BC6_4EE0_90AA_D6E92F2099AD
File: cc_structure_and_navigation.js, Directory: dir_005CBB5EA0E8477B8178C3341D8A64CF.5FFE20C8_2BC6_4EE0_90AA_D6E92F2099AD
File: hid_communication.js, Directory: dir_005CBB5EA0E8477B8178C3341D8A64CF.5FFE20C8_2BC6_4EE0_90AA_D6E92F2099AD
File: toc_openbook.png, Directory: dir_9641117ED95A43098D872B9A917FFA35.5FFE20C8_2BC6_4EE0_90AA_D6E92F2099AD
File: cc_borrow_tab_rechts_zoom40.jpg, Directory: dir_9641117ED95A43098D872B9A917FFA35.5FFE20C8_2BC6_4EE0_90AA_D6E92F2099AD
File: acl_start.js, Directory: dir_C217E02153EF4FFFB5471191BAECC8B7.5FFE20C8_2BC6_4EE0_90AA_D6E92F2099AD
File: tmr--overview.html, Directory: dir_55CD00DB50894F27807C9E8A8886136B.5FFE20C8_2BC6_4EE0_90AA_D6E92F2099AD
File: profiling_topic.html, Directory: dir_55CD00DB50894F27807C9E8A8886136B.5FFE20C8_2BC6_4EE0_90AA_D6E92F2099AD
File: uninstalling_windows.html, Directory: dir_55CD00DB50894F27807C9E8A8886136B.5FFE20C8_2BC6_4EE0_90AA_D6E92F2099AD
File: codemeterwebadmindetailsactiveusers_zoom80.jpg, Directory: dir_9641117ED95A43098D872B9A917FFA35.5FFE20C8_2BC6_4EE0_90AA_D6E92F2099AD
File: win.png, Directory: dir_CEE9F0C64FCF441198A38C9673370749.5FFE20C8_2BC6_4EE0_90AA_D6E92F2099AD
File: mobileNav.js, Directory: dir_28FBCDD5F46F4375A8F125191C936317.5FFE20C8_2BC6_4EE0_90AA_D6E92F2099AD
File: hmwebhelp_main_tablet.css, Directory: dir_93FB0F7D0CC340B186DBD20391CFB865.5FFE20C8_2BC6_4EE0_90AA_D6E92F2099AD
File: cc_importing_updating_licenses.html, Directory: dir_55CD00DB50894F27807C9E8A8886136B.5FFE20C8_2BC6_4EE0_90AA_D6E92F2099AD
File: definstall_zoom65.jpg, Directory: dir_9641117ED95A43098D872B9A917FFA35.5FFE20C8_2BC6_4EE0_90AA_D6E92F2099AD
File: installation_windows.js, Directory: dir_C217E02153EF4FFFB5471191BAECC8B7.5FFE20C8_2BC6_4EE0_90AA_D6E92F2099AD
File: hmwebhelp_index_desktop.css, Directory: dir_1B3BC25A0DBD43FF9F07EA153624A7BA.5FFE20C8_2BC6_4EE0_90AA_D6E92F2099AD
File: lizenzanforderungerzeugen03_zoom50.jpg, Directory: dir_CEE9F0C64FCF441198A38C9673370749.5FFE20C8_2BC6_4EE0_90AA_D6E92F2099AD
File: licenses_close.jpg, Directory: dir_CEE9F0C64FCF441198A38C9673370749.5FFE20C8_2BC6_4EE0_90AA_D6E92F2099AD
File: move_license.html, Directory: dir_8806771C411545C9B482E8B2239C5A9B.5FFE20C8_2BC6_4EE0_90AA_D6E92F2099AD
File: linux_zoom71.jpg, Directory: dir_9641117ED95A43098D872B9A917FFA35.5FFE20C8_2BC6_4EE0_90AA_D6E92F2099AD
File: webadmin_settings_server_server_activated_zoom50.jpg, Directory: dir_9641117ED95A43098D872B9A917FFA35.5FFE20C8_2BC6_4EE0_90AA_D6E92F2099AD
File: acl-objekte.js, Directory: dir_C217E02153EF4FFFB5471191BAECC8B7.5FFE20C8_2BC6_4EE0_90AA_D6E92F2099AD
File: lizenzanforderungerzeugen03_zoom50.jpg, Directory: dir_9641117ED95A43098D872B9A917FFA35.5FFE20C8_2BC6_4EE0_90AA_D6E92F2099AD
File: borrow_local_license_borrow.html, Directory: dir_8806771C411545C9B482E8B2239C5A9B.5FFE20C8_2BC6_4EE0_90AA_D6E92F2099AD
File: lizenzquittungbestaetigung_zoom50.jpg, Directory: dir_CEE9F0C64FCF441198A38C9673370749.5FFE20C8_2BC6_4EE0_90AA_D6E92F2099AD
File: entry_types.js, Directory: dir_005CBB5EA0E8477B8178C3341D8A64CF.5FFE20C8_2BC6_4EE0_90AA_D6E92F2099AD
File: delete_icon.jpg, Directory: dir_9641117ED95A43098D872B9A917FFA35.5FFE20C8_2BC6_4EE0_90AA_D6E92F2099AD
File: cc_uebersicht_zoom55.jpg, Directory: dir_9641117ED95A43098D872B9A917FFA35.5FFE20C8_2BC6_4EE0_90AA_D6E92F2099AD
File: denial_entry.js, Directory: dir_005CBB5EA0E8477B8178C3341D8A64CF.5FFE20C8_2BC6_4EE0_90AA_D6E92F2099AD
File: tmr-overview.js, Directory: dir_005CBB5EA0E8477B8178C3341D8A64CF.5FFE20C8_2BC6_4EE0_90AA_D6E92F2099AD
File: zoom_index.js, Directory: dir_8806771C411545C9B482E8B2239C5A9B.5FFE20C8_2BC6_4EE0_90AA_D6E92F2099AD
File: webadmin_requirements.html, Directory: dir_55CD00DB50894F27807C9E8A8886136B.5FFE20C8_2BC6_4EE0_90AA_D6E92F2099AD
File: allgemeine-constraints.js, Directory: dir_005CBB5EA0E8477B8178C3341D8A64CF.5FFE20C8_2BC6_4EE0_90AA_D6E92F2099AD
File: open_data.png, Directory: dir_CEE9F0C64FCF441198A38C9673370749.5FFE20C8_2BC6_4EE0_90AA_D6E92F2099AD
File: das-json-format-der-acl.js, Directory: dir_C217E02153EF4FFFB5471191BAECC8B7.5FFE20C8_2BC6_4EE0_90AA_D6E92F2099AD
File: down_item_icon.jpg, Directory: dir_CEE9F0C64FCF441198A38C9673370749.5FFE20C8_2BC6_4EE0_90AA_D6E92F2099AD
File: codemeterwebadminltlicenses_zoom80.jpg, Directory: dir_CEE9F0C64FCF441198A38C9673370749.5FFE20C8_2BC6_4EE0_90AA_D6E92F2099AD
File: wadmin_einstellungen_zugriffsschutz_advanced_newproductcode_zoom50.jpg, Directory: dir_CEE9F0C64FCF441198A38C9673370749.5FFE20C8_2BC6_4EE0_90AA_D6E92F2099AD
File: cmready_webmin3from4_de_zoom82.jpg, Directory: dir_9641117ED95A43098D872B9A917FFA35.5FFE20C8_2BC6_4EE0_90AA_D6E92F2099AD
File: schritt-1-erstellen-einer-leer.html, Directory: dir_8806771C411545C9B482E8B2239C5A9B.5FFE20C8_2BC6_4EE0_90AA_D6E92F2099AD
File: ie_01_zoom50.jpg, Directory: dir_CEE9F0C64FCF441198A38C9673370749.5FFE20C8_2BC6_4EE0_90AA_D6E92F2099AD
File: webadmin_dashboard_cert_zoom45.jpg, Directory: dir_CEE9F0C64FCF441198A38C9673370749.5FFE20C8_2BC6_4EE0_90AA_D6E92F2099AD
File: win8_logo_zoom15.jpg, Directory: dir_CEE9F0C64FCF441198A38C9673370749.5FFE20C8_2BC6_4EE0_90AA_D6E92F2099AD
File: linux_zoom70.jpg, Directory: dir_9641117ED95A43098D872B9A917FFA35.5FFE20C8_2BC6_4EE0_90AA_D6E92F2099AD
File: toc_show.png, Directory: dir_9641117ED95A43098D872B9A917FFA35.5FFE20C8_2BC6_4EE0_90AA_D6E92F2099AD
File: sf_mail.png, Directory: dir_CEE9F0C64FCF441198A38C9673370749.5FFE20C8_2BC6_4EE0_90AA_D6E92F2099AD
File: jquery.scrollTomin.js, Directory: dir_28FBCDD5F46F4375A8F125191C936317.5FFE20C8_2BC6_4EE0_90AA_D6E92F2099AD
File: webadmin_monitoring_session_control_zoom60.jpg, Directory: dir_CEE9F0C64FCF441198A38C9673370749.5FFE20C8_2BC6_4EE0_90AA_D6E92F2099AD
File: type_cmcloud.png, Directory: dir_CEE9F0C64FCF441198A38C9673370749.5FFE20C8_2BC6_4EE0_90AA_D6E92F2099AD
File: 01_module_items_containerdetails_zoom70.jpg, Directory: dir_9641117ED95A43098D872B9A917FFA35.5FFE20C8_2BC6_4EE0_90AA_D6E92F2099AD
File: webadmin_trusted_origins_result_zoom56.jpg, Directory: dir_CEE9F0C64FCF441198A38C9673370749.5FFE20C8_2BC6_4EE0_90AA_D6E92F2099AD
File: cc-broken-license_01_repair_error_zoom62.jpg, Directory: dir_CEE9F0C64FCF441198A38C9673370749.5FFE20C8_2BC6_4EE0_90AA_D6E92F2099AD
File: xmessage.js, Directory: dir_28FBCDD5F46F4375A8F125191C936317.5FFE20C8_2BC6_4EE0_90AA_D6E92F2099AD
File: data_backup_restore.html, Directory: dir_55CD00DB50894F27807C9E8A8886136B.5FFE20C8_2BC6_4EE0_90AA_D6E92F2099AD
File: formale-spezifikation-der-acl-.html, Directory: dir_8806771C411545C9B482E8B2239C5A9B.5FFE20C8_2BC6_4EE0_90AA_D6E92F2099AD
File: arrow_left.png, Directory: dir_9641117ED95A43098D872B9A917FFA35.5FFE20C8_2BC6_4EE0_90AA_D6E92F2099AD
File: quicklinks.html, Directory: dir_55CD00DB50894F27807C9E8A8886136B.5FFE20C8_2BC6_4EE0_90AA_D6E92F2099AD
File: webadmin_settings_erweiteret_lizenzausleihe_zoom50.jpg, Directory: dir_9641117ED95A43098D872B9A917FFA35.5FFE20C8_2BC6_4EE0_90AA_D6E92F2099AD
File: cmdust.html, Directory: dir_8806771C411545C9B482E8B2239C5A9B.5FFE20C8_2BC6_4EE0_90AA_D6E92F2099AD
File: move_license.js, Directory: dir_C217E02153EF4FFFB5471191BAECC8B7.5FFE20C8_2BC6_4EE0_90AA_D6E92F2099AD
File: hmwebhelp_toc_phone.css, Directory: dir_1B3BC25A0DBD43FF9F07EA153624A7BA.5FFE20C8_2BC6_4EE0_90AA_D6E92F2099AD
File: zoom_pageinfo.js, Directory: dir_55CD00DB50894F27807C9E8A8886136B.5FFE20C8_2BC6_4EE0_90AA_D6E92F2099AD
File: runtimekit_setup_01.jpg, Directory: dir_9641117ED95A43098D872B9A917FFA35.5FFE20C8_2BC6_4EE0_90AA_D6E92F2099AD
File: wbbfile02_zoom66.jpg, Directory: dir_CEE9F0C64FCF441198A38C9673370749.5FFE20C8_2BC6_4EE0_90AA_D6E92F2099AD
File: TextNormal.png, Directory: dir_9641117ED95A43098D872B9A917FFA35.5FFE20C8_2BC6_4EE0_90AA_D6E92F2099AD
File: backup.js, Directory: dir_C217E02153EF4FFFB5471191BAECC8B7.5FFE20C8_2BC6_4EE0_90AA_D6E92F2099AD
File: sf_toggle_off.png, Directory: dir_CEE9F0C64FCF441198A38C9673370749.5FFE20C8_2BC6_4EE0_90AA_D6E92F2099AD
File: webadmin_container_userdata_details_zoom70.jpg, Directory: dir_9641117ED95A43098D872B9A917FFA35.5FFE20C8_2BC6_4EE0_90AA_D6E92F2099AD
File: server_access.js, Directory: dir_005CBB5EA0E8477B8178C3341D8A64CF.5FFE20C8_2BC6_4EE0_90AA_D6E92F2099AD
File: wadmin_inhalt_datensicherung_bestaetigung_zoom50.jpg, Directory: dir_CEE9F0C64FCF441198A38C9673370749.5FFE20C8_2BC6_4EE0_90AA_D6E92F2099AD
File: schritt-3-erstellen-einer-acl-.js, Directory: dir_005CBB5EA0E8477B8178C3341D8A64CF.5FFE20C8_2BC6_4EE0_90AA_D6E92F2099AD
File: wadmin_einstellungen_ltconfiguration_zoom60.jpg, Directory: dir_9641117ED95A43098D872B9A917FFA35.5FFE20C8_2BC6_4EE0_90AA_D6E92F2099AD
File: controlcenter.html, Directory: dir_8806771C411545C9B482E8B2239C5A9B.5FFE20C8_2BC6_4EE0_90AA_D6E92F2099AD
File: license_access_permissions.js, Directory: dir_005CBB5EA0E8477B8178C3341D8A64CF.5FFE20C8_2BC6_4EE0_90AA_D6E92F2099AD
File: step2_01_zoom70.jpg, Directory: dir_9641117ED95A43098D872B9A917FFA35.5FFE20C8_2BC6_4EE0_90AA_D6E92F2099AD
File: release_entry.html, Directory: dir_55CD00DB50894F27807C9E8A8886136B.5FFE20C8_2BC6_4EE0_90AA_D6E92F2099AD
File: anmerkungen.js, Directory: dir_C217E02153EF4FFFB5471191BAECC8B7.5FFE20C8_2BC6_4EE0_90AA_D6E92F2099AD
File: copyright.js, Directory: dir_C217E02153EF4FFFB5471191BAECC8B7.5FFE20C8_2BC6_4EE0_90AA_D6E92F2099AD
File: down_item_icon_zoom70.jpg, Directory: dir_9641117ED95A43098D872B9A917FFA35.5FFE20C8_2BC6_4EE0_90AA_D6E92F2099AD
File: wadmin_einstellungen_zugriffsschutz_advanced_newfirmcode_zoom50.jpg, Directory: dir_9641117ED95A43098D872B9A917FFA35.5FFE20C8_2BC6_4EE0_90AA_D6E92F2099AD
File: webadmin_start.html, Directory: dir_8806771C411545C9B482E8B2239C5A9B.5FFE20C8_2BC6_4EE0_90AA_D6E92F2099AD
File: hmwebhelp_toc_tablet.css, Directory: dir_1B3BC25A0DBD43FF9F07EA153624A7BA.5FFE20C8_2BC6_4EE0_90AA_D6E92F2099AD
File: hmDoInlineToggle.js, Directory: dir_079197E4E23B4155B10356C291A628DF.5FFE20C8_2BC6_4EE0_90AA_D6E92F2099AD
File: cc_event_tab.html, Directory: dir_55CD00DB50894F27807C9E8A8886136B.5FFE20C8_2BC6_4EE0_90AA_D6E92F2099AD
File: cc_msd_zoom50.jpg, Directory: dir_9641117ED95A43098D872B9A917FFA35.5FFE20C8_2BC6_4EE0_90AA_D6E92F2099AD
File: schritt-4-erstellen-einer-acl-.js, Directory: dir_005CBB5EA0E8477B8178C3341D8A64CF.5FFE20C8_2BC6_4EE0_90AA_D6E92F2099AD
File: 11_empfaengerlizenzen_fidetailszurueck_zoom70.jpg, Directory: dir_9641117ED95A43098D872B9A917FFA35.5FFE20C8_2BC6_4EE0_90AA_D6E92F2099AD
File: _hm_print_window.htm, Directory: dir_55CD00DB50894F27807C9E8A8886136B.5FFE20C8_2BC6_4EE0_90AA_D6E92F2099AD
File: illu_cmfas_de_ohne_zoom19.jpg, Directory: dir_9641117ED95A43098D872B9A917FFA35.5FFE20C8_2BC6_4EE0_90AA_D6E92F2099AD
File: safari_01_zoom50.jpg, Directory: dir_9641117ED95A43098D872B9A917FFA35.5FFE20C8_2BC6_4EE0_90AA_D6E92F2099AD
File: tmr__ssh.html, Directory: dir_55CD00DB50894F27807C9E8A8886136B.5FFE20C8_2BC6_4EE0_90AA_D6E92F2099AD
File: socialsharing.js, Directory: dir_28FBCDD5F46F4375A8F125191C936317.5FFE20C8_2BC6_4EE0_90AA_D6E92F2099AD
File: webadmin_settings_erweiteret_lizenzausleihe_zoom50.jpg, Directory: dir_CEE9F0C64FCF441198A38C9673370749.5FFE20C8_2BC6_4EE0_90AA_D6E92F2099AD
File: delete_icon_zoom70.jpg, Directory: dir_CEE9F0C64FCF441198A38C9673370749.5FFE20C8_2BC6_4EE0_90AA_D6E92F2099AD
File: down_item_icon.jpg, Directory: dir_9641117ED95A43098D872B9A917FFA35.5FFE20C8_2BC6_4EE0_90AA_D6E92F2099AD
File: 19_empfaengerausleihe_pidetaills_zoom70.jpg, Directory: dir_CEE9F0C64FCF441198A38C9673370749.5FFE20C8_2BC6_4EE0_90AA_D6E92F2099AD
File: lizenzanforderungerzeugen02hinzu_zoom50.jpg, Directory: dir_9641117ED95A43098D872B9A917FFA35.5FFE20C8_2BC6_4EE0_90AA_D6E92F2099AD
File: sdk_setup_03scope.jpg, Directory: dir_9641117ED95A43098D872B9A917FFA35.5FFE20C8_2BC6_4EE0_90AA_D6E92F2099AD
File: status_container_leer_zoom70.jpg, Directory: dir_CEE9F0C64FCF441198A38C9673370749.5FFE20C8_2BC6_4EE0_90AA_D6E92F2099AD
File: quicklinks.html, Directory: dir_8806771C411545C9B482E8B2239C5A9B.5FFE20C8_2BC6_4EE0_90AA_D6E92F2099AD
File: webadmin_settings_basis_proxy_zoom50.jpg, Directory: dir_9641117ED95A43098D872B9A917FFA35.5FFE20C8_2BC6_4EE0_90AA_D6E92F2099AD
File: release_entry.js, Directory: dir_C217E02153EF4FFFB5471191BAECC8B7.5FFE20C8_2BC6_4EE0_90AA_D6E92F2099AD
File: operation.html, Directory: dir_8806771C411545C9B482E8B2239C5A9B.5FFE20C8_2BC6_4EE0_90AA_D6E92F2099AD
File: license_monitoring_details.html, Directory: dir_8806771C411545C9B482E8B2239C5A9B.5FFE20C8_2BC6_4EE0_90AA_D6E92F2099AD
File: default-regeln.html, Directory: dir_55CD00DB50894F27807C9E8A8886136B.5FFE20C8_2BC6_4EE0_90AA_D6E92F2099AD
File: 07_senderlizenzen_containerdetails_zurueck_zoom70.jpg, Directory: dir_CEE9F0C64FCF441198A38C9673370749.5FFE20C8_2BC6_4EE0_90AA_D6E92F2099AD
File: 03_senderlizenzen_pidetails_zoom70.jpg, Directory: dir_CEE9F0C64FCF441198A38C9673370749.5FFE20C8_2BC6_4EE0_90AA_D6E92F2099AD
File: info.js, Directory: dir_C217E02153EF4FFFB5471191BAECC8B7.5FFE20C8_2BC6_4EE0_90AA_D6E92F2099AD
File: list_of_licenses_entry.html, Directory: dir_55CD00DB50894F27807C9E8A8886136B.5FFE20C8_2BC6_4EE0_90AA_D6E92F2099AD
File: status_container_gesperrt_zoom70.jpg, Directory: dir_CEE9F0C64FCF441198A38C9673370749.5FFE20C8_2BC6_4EE0_90AA_D6E92F2099AD
File: operation.js, Directory: dir_005CBB5EA0E8477B8178C3341D8A64CF.5FFE20C8_2BC6_4EE0_90AA_D6E92F2099AD
File: webadmin_monitoring_session_zoom56.jpg, Directory: dir_9641117ED95A43098D872B9A917FFA35.5FFE20C8_2BC6_4EE0_90AA_D6E92F2099AD
File: release_entry.js, Directory: dir_005CBB5EA0E8477B8178C3341D8A64CF.5FFE20C8_2BC6_4EE0_90AA_D6E92F2099AD
File: spacer.gif, Directory: dir_9641117ED95A43098D872B9A917FFA35.5FFE20C8_2BC6_4EE0_90AA_D6E92F2099AD
File: cmfas_create_licenserequest.html, Directory: dir_8806771C411545C9B482E8B2239C5A9B.5FFE20C8_2BC6_4EE0_90AA_D6E92F2099AD
File: achtung_zoom30.jpg, Directory: dir_CEE9F0C64FCF441198A38C9673370749.5FFE20C8_2BC6_4EE0_90AA_D6E92F2099AD
File: TextPlus.png, Directory: dir_9641117ED95A43098D872B9A917FFA35.5FFE20C8_2BC6_4EE0_90AA_D6E92F2099AD
File: brotkrumen_navigation_zoom50.jpg, Directory: dir_9641117ED95A43098D872B9A917FFA35.5FFE20C8_2BC6_4EE0_90AA_D6E92F2099AD
File: sessions.js, Directory: dir_C217E02153EF4FFFB5471191BAECC8B7.5FFE20C8_2BC6_4EE0_90AA_D6E92F2099AD
File: cmfas_create_receipt.html, Directory: dir_8806771C411545C9B482E8B2239C5A9B.5FFE20C8_2BC6_4EE0_90AA_D6E92F2099AD
File: cc_license_tab.html, Directory: dir_8806771C411545C9B482E8B2239C5A9B.5FFE20C8_2BC6_4EE0_90AA_D6E92F2099AD
File: cc_license_tab.html, Directory: dir_55CD00DB50894F27807C9E8A8886136B.5FFE20C8_2BC6_4EE0_90AA_D6E92F2099AD
File: diagnosis.js, Directory: dir_C217E02153EF4FFFB5471191BAECC8B7.5FFE20C8_2BC6_4EE0_90AA_D6E92F2099AD
File: macos_zoom70.jpg, Directory: dir_9641117ED95A43098D872B9A917FFA35.5FFE20C8_2BC6_4EE0_90AA_D6E92F2099AD
File: webadmin_cmcontainer_productitemdetails_zoom60.jpg, Directory: dir_9641117ED95A43098D872B9A917FFA35.5FFE20C8_2BC6_4EE0_90AA_D6E92F2099AD
File: license_monitoring_details.html, Directory: dir_55CD00DB50894F27807C9E8A8886136B.5FFE20C8_2BC6_4EE0_90AA_D6E92F2099AD
File: webadmin_settings_basis_netzwerk_zoom50.jpg, Directory: dir_9641117ED95A43098D872B9A917FFA35.5FFE20C8_2BC6_4EE0_90AA_D6E92F2099AD
File: wbccloud01_zoom50.jpg, Directory: dir_9641117ED95A43098D872B9A917FFA35.5FFE20C8_2BC6_4EE0_90AA_D6E92F2099AD
File: wadmin_einstellungen_zugriffsschutz_advanced_sortdown_zoom70.jpg, Directory: dir_CEE9F0C64FCF441198A38C9673370749.5FFE20C8_2BC6_4EE0_90AA_D6E92F2099AD
File: toc_hide.png, Directory: dir_CEE9F0C64FCF441198A38C9673370749.5FFE20C8_2BC6_4EE0_90AA_D6E92F2099AD
File: browser_chrome.png, Directory: dir_4F135336632D4907A8F9913B72BBED92.5FFE20C8_2BC6_4EE0_90AA_D6E92F2099AD
File: webadmin_monitoring_session_foreignhandle_zoom53.jpg, Directory: dir_CEE9F0C64FCF441198A38C9673370749.5FFE20C8_2BC6_4EE0_90AA_D6E92F2099AD
File: windows_embedded_print_zoom9.jpg, Directory: dir_9641117ED95A43098D872B9A917FFA35.5FFE20C8_2BC6_4EE0_90AA_D6E92F2099AD
File: help_overview_en.png, Directory: dir_CEE9F0C64FCF441198A38C9673370749.5FFE20C8_2BC6_4EE0_90AA_D6E92F2099AD
File: cmfas_import_licenseupdate.html, Directory: dir_55CD00DB50894F27807C9E8A8886136B.5FFE20C8_2BC6_4EE0_90AA_D6E92F2099AD
File: logo-image-mobile.png.png, Directory: dir_CEE9F0C64FCF441198A38C9673370749.5FFE20C8_2BC6_4EE0_90AA_D6E92F2099AD
File: begriffe-und-definitionen.html, Directory: dir_55CD00DB50894F27807C9E8A8886136B.5FFE20C8_2BC6_4EE0_90AA_D6E92F2099AD
File: uninstalling_windows.js, Directory: dir_C217E02153EF4FFFB5471191BAECC8B7.5FFE20C8_2BC6_4EE0_90AA_D6E92F2099AD
File: tipbulb.gif, Directory: dir_CEE9F0C64FCF441198A38C9673370749.5FFE20C8_2BC6_4EE0_90AA_D6E92F2099AD
File: cc_status_open_webadmin.html, Directory: dir_8806771C411545C9B482E8B2239C5A9B.5FFE20C8_2BC6_4EE0_90AA_D6E92F2099AD
File: sf_print.png, Directory: dir_9641117ED95A43098D872B9A917FFA35.5FFE20C8_2BC6_4EE0_90AA_D6E92F2099AD
File: pcruleset.js, Directory: dir_005CBB5EA0E8477B8178C3341D8A64CF.5FFE20C8_2BC6_4EE0_90AA_D6E92F2099AD
File: licence_borrowing.js, Directory: dir_005CBB5EA0E8477B8178C3341D8A64CF.5FFE20C8_2BC6_4EE0_90AA_D6E92F2099AD
File: hmDoToggle.js, Directory: dir_28FBCDD5F46F4375A8F125191C936317.5FFE20C8_2BC6_4EE0_90AA_D6E92F2099AD
File: information_weiss_klein26_zoom101.jpg, Directory: dir_9641117ED95A43098D872B9A917FFA35.5FFE20C8_2BC6_4EE0_90AA_D6E92F2099AD
File: tmrlofgile_entry.html, Directory: dir_55CD00DB50894F27807C9E8A8886136B.5FFE20C8_2BC6_4EE0_90AA_D6E92F2099AD
File: up_item_icon.jpg, Directory: dir_9641117ED95A43098D872B9A917FFA35.5FFE20C8_2BC6_4EE0_90AA_D6E92F2099AD
File: 01_senderlizenzen_containerdetails_zoom70.jpg, Directory: dir_9641117ED95A43098D872B9A917FFA35.5FFE20C8_2BC6_4EE0_90AA_D6E92F2099AD
File: sd_zoom42.jpg, Directory: dir_9641117ED95A43098D872B9A917FFA35.5FFE20C8_2BC6_4EE0_90AA_D6E92F2099AD
File: zoom_search.js, Directory: dir_079197E4E23B4155B10356C291A628DF.5FFE20C8_2BC6_4EE0_90AA_D6E92F2099AD
File: uninstalling_linuxrt.html, Directory: dir_55CD00DB50894F27807C9E8A8886136B.5FFE20C8_2BC6_4EE0_90AA_D6E92F2099AD
File: arrow.jpg, Directory: dir_9641117ED95A43098D872B9A917FFA35.5FFE20C8_2BC6_4EE0_90AA_D6E92F2099AD
File: wr-logo-2010.png, Directory: dir_9641117ED95A43098D872B9A917FFA35.5FFE20C8_2BC6_4EE0_90AA_D6E92F2099AD
File: hmwebhelp_main_print.css, Directory: dir_1B3BC25A0DBD43FF9F07EA153624A7BA.5FFE20C8_2BC6_4EE0_90AA_D6E92F2099AD
File: wadmin_einstellungen_zugriffsschutz_advanced_newcontainerrule_zoom50.jpg, Directory: dir_9641117ED95A43098D872B9A917FFA35.5FFE20C8_2BC6_4EE0_90AA_D6E92F2099AD
File: policy_wibucmnet_2.0_3.34.config, Directory: _BDE921E53D204265BA4DCA4C36E5A17F.B396C8F9_0D03_4905_8867_D3D7030330FB
File: policy.2.0.WibuCmNET.dll, Directory: _BDE921E53D204265BA4DCA4C36E5A17F.B396C8F9_0D03_4905_8867_D3D7030330FB
File: policy_wibucmnet_2.1_3.34.config, Directory: _8F8096B1BF404E4E81346AAC2D672357.B396C8F9_0D03_4905_8867_D3D7030330FB
File: policy.2.1.WibuCmNET.dll, Directory: _8F8096B1BF404E4E81346AAC2D672357.B396C8F9_0D03_4905_8867_D3D7030330FB
File: policy_wibucmnet_2.10_3.34.config, Directory: _3D19DFC9BCEB44588E378E2D38E43023.B396C8F9_0D03_4905_8867_D3D7030330FB
File: policy.2.10.WibuCmNET.dll, Directory: _3D19DFC9BCEB44588E378E2D38E43023.B396C8F9_0D03_4905_8867_D3D7030330FB
File: policy_wibucmnet_2.20_3.34.config, Directory: _4F6274CB94AA4268BE6610442ADBF91D.B396C8F9_0D03_4905_8867_D3D7030330FB
File: policy.2.20.WibuCmNET.dll, Directory: _4F6274CB94AA4268BE6610442ADBF91D.B396C8F9_0D03_4905_8867_D3D7030330FB
File: policy_wibucmnet_3.0_3.34.config, Directory: _937A72F4B834461FAB256A7D96E36816.B396C8F9_0D03_4905_8867_D3D7030330FB
File: policy.3.0.WibuCmNET.dll, Directory: _937A72F4B834461FAB256A7D96E36816.B396C8F9_0D03_4905_8867_D3D7030330FB
File: policy_wibucmnet_3.20_3.34.config, Directory: _A8D475B1B52A4BCB9F6DFAB63633EE34.B396C8F9_0D03_4905_8867_D3D7030330FB
File: policy.3.20.WibuCmNET.dll, Directory: _A8D475B1B52A4BCB9F6DFAB63633EE34.B396C8F9_0D03_4905_8867_D3D7030330FB
File: policy_wibucmnet_3.30_3.34.config, Directory: _7735A8BAB6E047B0B4B18EF72CF8D625.B396C8F9_0D03_4905_8867_D3D7030330FB
File: policy.3.30.WibuCmNET.dll, Directory: _7735A8BAB6E047B0B4B18EF72CF8D625.B396C8F9_0D03_4905_8867_D3D7030330FB
File: policy_wibucmnet_3.31_3.34.config, Directory: _0729192706BA4EB4A25BD0AB68189FAB.B396C8F9_0D03_4905_8867_D3D7030330FB
File: policy.3.31.WibuCmNET.dll, Directory: _0729192706BA4EB4A25BD0AB68189FAB.B396C8F9_0D03_4905_8867_D3D7030330FB
File: policy_wibucmnet_3.32_3.34.config, Directory: _DB1932C3135441ABB4366A625320EEC9.B396C8F9_0D03_4905_8867_D3D7030330FB
File: policy.3.32.WibuCmNET.dll, Directory: _DB1932C3135441ABB4366A625320EEC9.B396C8F9_0D03_4905_8867_D3D7030330FB
File: policy_wibucmnet_3.33_3.34.config, Directory: _DE59B22558E84BCCADEEB27AAFFD3293.B396C8F9_0D03_4905_8867_D3D7030330FB
File: policy.3.33.WibuCmNET.dll, Directory: _DE59B22558E84BCCADEEB27AAFFD3293.B396C8F9_0D03_4905_8867_D3D7030330FB
File: policy_wibucmnet_4.0_6.40.config, Directory: _49EA09E700F643309DFA68083AE3B90E.B396C8F9_0D03_4905_8867_D3D7030330FB
File: policy_wibucmnet_4.0_7.22.config, Directory: _2800C743B689402A92ABBE9D5981CF11.B396C8F9_0D03_4905_8867_D3D7030330FB
File: policy_wibucmnet_4.0_8.40.config, Directory: _CA8335B5312540C9A81212E99AECAA58.B396C8F9_0D03_4905_8867_D3D7030330FB
File: policy.4.0.WibuCmNET.dll, Directory: _49EA09E700F643309DFA68083AE3B90E.B396C8F9_0D03_4905_8867_D3D7030330FB
File: policy.4.0.WibuCmNET.dll, Directory: _2800C743B689402A92ABBE9D5981CF11.B396C8F9_0D03_4905_8867_D3D7030330FB
File: policy.4.0.WibuCmNET.dll, Directory: _CA8335B5312540C9A81212E99AECAA58.B396C8F9_0D03_4905_8867_D3D7030330FB
File: policy_wibucmnet_4.1_6.40.config, Directory: _4395748C913244D382C61176FD44E375.B396C8F9_0D03_4905_8867_D3D7030330FB
File: policy_wibucmnet_4.1_7.22.config, Directory: _065E9B10DBD44B00B23EC828E3135E22.B396C8F9_0D03_4905_8867_D3D7030330FB
File: policy_wibucmnet_4.1_8.40.config, Directory: _A93DB616E1444FA2B6575440AD91EC22.B396C8F9_0D03_4905_8867_D3D7030330FB
File: policy.4.1.WibuCmNET.dll, Directory: _4395748C913244D382C61176FD44E375.B396C8F9_0D03_4905_8867_D3D7030330FB
File: policy.4.1.WibuCmNET.dll, Directory: _065E9B10DBD44B00B23EC828E3135E22.B396C8F9_0D03_4905_8867_D3D7030330FB
File: policy.4.1.WibuCmNET.dll, Directory: _A93DB616E1444FA2B6575440AD91EC22.B396C8F9_0D03_4905_8867_D3D7030330FB
File: policy_wibucmnet_4.10_6.40.config, Directory: _1798E0E42CFA472D9F2F651561539AF4.B396C8F9_0D03_4905_8867_D3D7030330FB
File: policy_wibucmnet_4.10_7.22.config, Directory: _3904760BEEA84C2C86C46F6A0F7AE749.B396C8F9_0D03_4905_8867_D3D7030330FB
File: policy_wibucmnet_4.10_8.40.config, Directory: _351706DE952A4194871D856EEF8D9B7B.B396C8F9_0D03_4905_8867_D3D7030330FB
File: policy.4.10.WibuCmNET.dll, Directory: _1798E0E42CFA472D9F2F651561539AF4.B396C8F9_0D03_4905_8867_D3D7030330FB
File: policy.4.10.WibuCmNET.dll, Directory: _3904760BEEA84C2C86C46F6A0F7AE749.B396C8F9_0D03_4905_8867_D3D7030330FB
File: policy.4.10.WibuCmNET.dll, Directory: _351706DE952A4194871D856EEF8D9B7B.B396C8F9_0D03_4905_8867_D3D7030330FB
File: policy_wibucmnet_4.20_6.40.config, Directory: _2898E0E42CFA472D9F2F651561539AE3.B396C8F9_0D03_4905_8867_D3D7030330FB
File: policy_wibucmnet_4.20_7.22.config, Directory: _D8581FE2F1D64C36989ECADFB2AF46AA.B396C8F9_0D03_4905_8867_D3D7030330FB
File: policy_wibucmnet_4.20_8.40.config, Directory: _BCCD80EF86ED49FFBAB0640AB976F85C.B396C8F9_0D03_4905_8867_D3D7030330FB
File: policy.4.20.WibuCmNET.dll, Directory: _2898E0E42CFA472D9F2F651561539AE3.B396C8F9_0D03_4905_8867_D3D7030330FB
File: policy.4.20.WibuCmNET.dll, Directory: _D8581FE2F1D64C36989ECADFB2AF46AA.B396C8F9_0D03_4905_8867_D3D7030330FB
File: policy.4.20.WibuCmNET.dll, Directory: _BCCD80EF86ED49FFBAB0640AB976F85C.B396C8F9_0D03_4905_8867_D3D7030330FB
File: policy_wibucmnet_4.30_6.40.config, Directory: _C1A13D29F8CD452F9EC878A9D908A6AC.B396C8F9_0D03_4905_8867_D3D7030330FB
File: policy_wibucmnet_4.30_7.22.config, Directory: _ECDADEC77A93488DB3268CC94621C786.B396C8F9_0D03_4905_8867_D3D7030330FB
File: policy_wibucmnet_4.30_8.40.config, Directory: _2687A05C8D734CCFBC471B0C7ECA1204.B396C8F9_0D03_4905_8867_D3D7030330FB
File: policy.4.30.WibuCmNET.dll, Directory: _C1A13D29F8CD452F9EC878A9D908A6AC.B396C8F9_0D03_4905_8867_D3D7030330FB
File: policy.4.30.WibuCmNET.dll, Directory: _ECDADEC77A93488DB3268CC94621C786.B396C8F9_0D03_4905_8867_D3D7030330FB
File: policy.4.30.WibuCmNET.dll, Directory: _2687A05C8D734CCFBC471B0C7ECA1204.B396C8F9_0D03_4905_8867_D3D7030330FB
File: policy_wibucmnet_4.40_6.40.config, Directory: _D76078CD01444B01B64CF4E4017444DF.B396C8F9_0D03_4905_8867_D3D7030330FB
File: policy_wibucmnet_4.40_7.22.config, Directory: _E0E4307BED094382900E1BB3833E9501.B396C8F9_0D03_4905_8867_D3D7030330FB
File: policy_wibucmnet_4.40_8.40.config, Directory: _E94448236CC345C796E9AB2A814F2E76.B396C8F9_0D03_4905_8867_D3D7030330FB
File: policy.4.40.WibuCmNET.dll, Directory: _D76078CD01444B01B64CF4E4017444DF.B396C8F9_0D03_4905_8867_D3D7030330FB
File: policy.4.40.WibuCmNET.dll, Directory: _E0E4307BED094382900E1BB3833E9501.B396C8F9_0D03_4905_8867_D3D7030330FB
File: policy.4.40.WibuCmNET.dll, Directory: _E94448236CC345C796E9AB2A814F2E76.B396C8F9_0D03_4905_8867_D3D7030330FB
File: policy_wibucmnet_4.50_6.40.config, Directory: _9A557BC465B6423D927118F9C1D383CB.B396C8F9_0D03_4905_8867_D3D7030330FB
File: policy_wibucmnet_4.50_7.22.config, Directory: _50FF08443E224C179EC524349855A4EA.B396C8F9_0D03_4905_8867_D3D7030330FB
File: policy_wibucmnet_4.50_8.40.config, Directory: _EB1F31B0B77E476BBB1A00D05F33BB88.B396C8F9_0D03_4905_8867_D3D7030330FB
File: policy.4.50.WibuCmNET.dll, Directory: _9A557BC465B6423D927118F9C1D383CB.B396C8F9_0D03_4905_8867_D3D7030330FB
File: policy.4.50.WibuCmNET.dll, Directory: _50FF08443E224C179EC524349855A4EA.B396C8F9_0D03_4905_8867_D3D7030330FB
File: policy.4.50.WibuCmNET.dll, Directory: _EB1F31B0B77E476BBB1A00D05F33BB88.B396C8F9_0D03_4905_8867_D3D7030330FB
File: policy_wibucmnet_5.0_6.40.config, Directory: _6aad6053df064d229bca237cbb6fb176.B396C8F9_0D03_4905_8867_D3D7030330FB
File: policy_wibucmnet_5.0_7.22.config, Directory: _1874c53edc2545158528d2186bb4c4ac.B396C8F9_0D03_4905_8867_D3D7030330FB
File: policy_wibucmnet_5.0_8.40.config, Directory: _b8c5c1c23b664271bce60ecdf178c894.B396C8F9_0D03_4905_8867_D3D7030330FB
File: policy.5.0.WibuCmNET.dll, Directory: _6aad6053df064d229bca237cbb6fb176.B396C8F9_0D03_4905_8867_D3D7030330FB
File: policy.5.0.WibuCmNET.dll, Directory: _1874c53edc2545158528d2186bb4c4ac.B396C8F9_0D03_4905_8867_D3D7030330FB
File: policy.5.0.WibuCmNET.dll, Directory: _b8c5c1c23b664271bce60ecdf178c894.B396C8F9_0D03_4905_8867_D3D7030330FB
File: policy_wibucmnet_5.10_6.40.config, Directory: _14ac7661aefa427dbcc03fb567098063.B396C8F9_0D03_4905_8867_D3D7030330FB
File: policy_wibucmnet_5.10_7.22.config, Directory: _0354bbeba50e4443ae294e16ccd1fbb6.B396C8F9_0D03_4905_8867_D3D7030330FB
File: policy_wibucmnet_5.10_8.40.config, Directory: _c2a130afa7e94ac0b807467c7c04e441.B396C8F9_0D03_4905_8867_D3D7030330FB
File: policy.5.10.WibuCmNET.dll, Directory: _14ac7661aefa427dbcc03fb567098063.B396C8F9_0D03_4905_8867_D3D7030330FB
File: policy.5.10.WibuCmNET.dll, Directory: _0354bbeba50e4443ae294e16ccd1fbb6.B396C8F9_0D03_4905_8867_D3D7030330FB
File: policy.5.10.WibuCmNET.dll, Directory: _c2a130afa7e94ac0b807467c7c04e441.B396C8F9_0D03_4905_8867_D3D7030330FB
File: policy_wibucmnet_5.20_6.40.config, Directory: _ffe86cee346443219740248b7ef0fe0b.B396C8F9_0D03_4905_8867_D3D7030330FB
File: policy_wibucmnet_5.20_7.22.config, Directory: _237f656519394c0a8b2ed860a119499d.B396C8F9_0D03_4905_8867_D3D7030330FB
File: policy_wibucmnet_5.20_8.40.config, Directory: _51bef933eef242848ed1b8826904c073.B396C8F9_0D03_4905_8867_D3D7030330FB
File: policy.5.20.WibuCmNET.dll, Directory: _ffe86cee346443219740248b7ef0fe0b.B396C8F9_0D03_4905_8867_D3D7030330FB
File: policy.5.20.WibuCmNET.dll, Directory: _237f656519394c0a8b2ed860a119499d.B396C8F9_0D03_4905_8867_D3D7030330FB
File: policy.5.20.WibuCmNET.dll, Directory: _51bef933eef242848ed1b8826904c073.B396C8F9_0D03_4905_8867_D3D7030330FB
File: policy_wibucmnet_5.21_6.40.config, Directory: _a36ac02edfe14e1e9ddc6930183c0ff1.B396C8F9_0D03_4905_8867_D3D7030330FB
File: policy_wibucmnet_5.21_7.22.config, Directory: _06843e992bf140429585d1663b75230f.B396C8F9_0D03_4905_8867_D3D7030330FB
File: policy_wibucmnet_5.21_8.40.config, Directory: _98de4524e66f4f2396abb8bf5ac6047e.B396C8F9_0D03_4905_8867_D3D7030330FB
File: policy.5.21.WibuCmNET.dll, Directory: _a36ac02edfe14e1e9ddc6930183c0ff1.B396C8F9_0D03_4905_8867_D3D7030330FB
File: policy.5.21.WibuCmNET.dll, Directory: _06843e992bf140429585d1663b75230f.B396C8F9_0D03_4905_8867_D3D7030330FB
File: policy.5.21.WibuCmNET.dll, Directory: _98de4524e66f4f2396abb8bf5ac6047e.B396C8F9_0D03_4905_8867_D3D7030330FB
File: policy_wibucmnet_5.22_6.40.config, Directory: _b281bc1c86304930b8c028cd5eb66def.B396C8F9_0D03_4905_8867_D3D7030330FB
File: policy_wibucmnet_5.22_7.22.config, Directory: _341788ae143f4f7d8c00eae55c7ad4ba.B396C8F9_0D03_4905_8867_D3D7030330FB
File: policy_wibucmnet_5.22_8.40.config, Directory: _c3e9106d4f3b4124bef50edd3aea1358.B396C8F9_0D03_4905_8867_D3D7030330FB
File: policy.5.22.WibuCmNET.dll, Directory: _b281bc1c86304930b8c028cd5eb66def.B396C8F9_0D03_4905_8867_D3D7030330FB
File: policy.5.22.WibuCmNET.dll, Directory: _341788ae143f4f7d8c00eae55c7ad4ba.B396C8F9_0D03_4905_8867_D3D7030330FB
File: policy.5.22.WibuCmNET.dll, Directory: _c3e9106d4f3b4124bef50edd3aea1358.B396C8F9_0D03_4905_8867_D3D7030330FB
File: policy_wibucmnet_6.0_6.40.config, Directory: _75df1af250f94ff6ac57091e7a5355a3.B396C8F9_0D03_4905_8867_D3D7030330FB
File: policy_wibucmnet_6.0_7.22.config, Directory: _e60d6adab3b847a3aba0a19b9ed7acfd.B396C8F9_0D03_4905_8867_D3D7030330FB
File: policy_wibucmnet_6.0_8.40.config, Directory: _ef800e9ba81d45c2bdf114d62ad16c98.B396C8F9_0D03_4905_8867_D3D7030330FB
File: policy.6.0.WibuCmNET.dll, Directory: _75df1af250f94ff6ac57091e7a5355a3.B396C8F9_0D03_4905_8867_D3D7030330FB
File: policy.6.0.WibuCmNET.dll, Directory: _e60d6adab3b847a3aba0a19b9ed7acfd.B396C8F9_0D03_4905_8867_D3D7030330FB
File: policy.6.0.WibuCmNET.dll, Directory: _ef800e9ba81d45c2bdf114d62ad16c98.B396C8F9_0D03_4905_8867_D3D7030330FB
File: policy_wibucmnet_6.10_6.40.config, Directory: _269fcdb3e2f7453daebbe2ccbfab9008.B396C8F9_0D03_4905_8867_D3D7030330FB
File: policy_wibucmnet_6.10_7.22.config, Directory: _1dc74c877e5044a78c602f668299915b.B396C8F9_0D03_4905_8867_D3D7030330FB
File: policy_wibucmnet_6.10_8.40.config, Directory: _8c7916e6e28a46969c40a3fa534cf5fb.B396C8F9_0D03_4905_8867_D3D7030330FB
File: policy.6.10.WibuCmNET.dll, Directory: _269fcdb3e2f7453daebbe2ccbfab9008.B396C8F9_0D03_4905_8867_D3D7030330FB
File: policy.6.10.WibuCmNET.dll, Directory: _1dc74c877e5044a78c602f668299915b.B396C8F9_0D03_4905_8867_D3D7030330FB
File: policy.6.10.WibuCmNET.dll, Directory: _8c7916e6e28a46969c40a3fa534cf5fb.B396C8F9_0D03_4905_8867_D3D7030330FB
File: policy_wibucmnet_6.20_6.40.config, Directory: _d58fa84791634284b1cf585cc2993016.B396C8F9_0D03_4905_8867_D3D7030330FB
File: policy_wibucmnet_6.20_7.22.config, Directory: _84c49b288e9d47b68555a787877a63da.B396C8F9_0D03_4905_8867_D3D7030330FB
File: policy_wibucmnet_6.20_8.40.config, Directory: _edf314609c6c41098005eb99f8bd3d18.B396C8F9_0D03_4905_8867_D3D7030330FB
File: policy.6.20.WibuCmNET.dll, Directory: _d58fa84791634284b1cf585cc2993016.B396C8F9_0D03_4905_8867_D3D7030330FB
File: policy.6.20.WibuCmNET.dll, Directory: _84c49b288e9d47b68555a787877a63da.B396C8F9_0D03_4905_8867_D3D7030330FB
File: policy.6.20.WibuCmNET.dll, Directory: _edf314609c6c41098005eb99f8bd3d18.B396C8F9_0D03_4905_8867_D3D7030330FB
File: policy_wibucmnet_6.30_6.40.config, Directory: _f8afe8a8b6164767af6c39365b0adad9.B396C8F9_0D03_4905_8867_D3D7030330FB
File: policy_wibucmnet_6.30_7.22.config, Directory: _76ba478b703144a2adb7be5eb0459fc2.B396C8F9_0D03_4905_8867_D3D7030330FB
File: policy_wibucmnet_6.30_8.40.config, Directory: _a86063a085044f2b9060c979efd2519d.B396C8F9_0D03_4905_8867_D3D7030330FB
File: policy.6.30.WibuCmNET.dll, Directory: _f8afe8a8b6164767af6c39365b0adad9.B396C8F9_0D03_4905_8867_D3D7030330FB
File: policy.6.30.WibuCmNET.dll, Directory: _76ba478b703144a2adb7be5eb0459fc2.B396C8F9_0D03_4905_8867_D3D7030330FB
File: policy.6.30.WibuCmNET.dll, Directory: _a86063a085044f2b9060c979efd2519d.B396C8F9_0D03_4905_8867_D3D7030330FB
File: policy_wibucmnet_6.40_6.40.config, Directory: _43f52d7da0354d3fb35812f23ace2b7a.B396C8F9_0D03_4905_8867_D3D7030330FB
File: policy_wibucmnet_6.40_7.22.config, Directory: _ccd74b078d754d599268cc8a4439d00b.B396C8F9_0D03_4905_8867_D3D7030330FB
File: policy_wibucmnet_6.40_8.40.config, Directory: _e70c94a163584a9d9014dbdb8f07ce71.B396C8F9_0D03_4905_8867_D3D7030330FB
File: policy.6.40.WibuCmNET.dll, Directory: _43f52d7da0354d3fb35812f23ace2b7a.B396C8F9_0D03_4905_8867_D3D7030330FB
File: policy.6.40.WibuCmNET.dll, Directory: _ccd74b078d754d599268cc8a4439d00b.B396C8F9_0D03_4905_8867_D3D7030330FB
File: policy.6.40.WibuCmNET.dll, Directory: _e70c94a163584a9d9014dbdb8f07ce71.B396C8F9_0D03_4905_8867_D3D7030330FB
File: policy_wibucmnet_6.50_7.22.config, Directory: _c1e76095e03241e78f7e7e9c83b84b4b.B396C8F9_0D03_4905_8867_D3D7030330FB
File: policy_wibucmnet_6.50_8.40.config, Directory: _0bff6a2475b54943957054fb5d46531e.B396C8F9_0D03_4905_8867_D3D7030330FB
File: policy.6.50.WibuCmNET.dll, Directory: _c1e76095e03241e78f7e7e9c83b84b4b.B396C8F9_0D03_4905_8867_D3D7030330FB
File: policy.6.50.WibuCmNET.dll, Directory: _0bff6a2475b54943957054fb5d46531e.B396C8F9_0D03_4905_8867_D3D7030330FB
File: policy_wibucmnet_6.60_7.22.config, Directory: _da70bcc4cf7f449e91478b1934a2877e.B396C8F9_0D03_4905_8867_D3D7030330FB
File: policy_wibucmnet_6.60_8.40.config, Directory: _e5d7b40ef73a4dbea9ffe13d0455d2ce.B396C8F9_0D03_4905_8867_D3D7030330FB
File: policy.6.60.WibuCmNET.dll, Directory: _da70bcc4cf7f449e91478b1934a2877e.B396C8F9_0D03_4905_8867_D3D7030330FB
File: policy.6.60.WibuCmNET.dll, Directory: _e5d7b40ef73a4dbea9ffe13d0455d2ce.B396C8F9_0D03_4905_8867_D3D7030330FB
File: policy_wibucmnet_6.70_7.22.config, Directory: _d431342a75444893b27e0fa780759a76.B396C8F9_0D03_4905_8867_D3D7030330FB
File: policy_wibucmnet_6.70_8.40.config, Directory: _771852d8248845719ec41f98052bf18f.B396C8F9_0D03_4905_8867_D3D7030330FB
File: policy.6.70.WibuCmNET.dll, Directory: _d431342a75444893b27e0fa780759a76.B396C8F9_0D03_4905_8867_D3D7030330FB
File: policy.6.70.WibuCmNET.dll, Directory: _771852d8248845719ec41f98052bf18f.B396C8F9_0D03_4905_8867_D3D7030330FB
File: policy_wibucmnet_6.80_7.22.config, Directory: _44b04f44a6de4ce484ab8f9d04df05cd.B396C8F9_0D03_4905_8867_D3D7030330FB
File: policy_wibucmnet_6.80_8.40.config, Directory: _bf95d4338e4c4dd993d8fc3bcb22bc89.B396C8F9_0D03_4905_8867_D3D7030330FB
File: policy.6.80.WibuCmNET.dll, Directory: _44b04f44a6de4ce484ab8f9d04df05cd.B396C8F9_0D03_4905_8867_D3D7030330FB
File: policy.6.80.WibuCmNET.dll, Directory: _bf95d4338e4c4dd993d8fc3bcb22bc89.B396C8F9_0D03_4905_8867_D3D7030330FB
File: policy_wibucmnet_6.81_7.22.config, Directory: _994be6ea0ea240d1b82057b25f10bfc1.B396C8F9_0D03_4905_8867_D3D7030330FB
File: policy_wibucmnet_6.81_8.40.config, Directory: _b4892a8610bc47f494d298d657c6e79e.B396C8F9_0D03_4905_8867_D3D7030330FB
File: policy.6.81.WibuCmNET.dll, Directory: _994be6ea0ea240d1b82057b25f10bfc1.B396C8F9_0D03_4905_8867_D3D7030330FB
File: policy.6.81.WibuCmNET.dll, Directory: _b4892a8610bc47f494d298d657c6e79e.B396C8F9_0D03_4905_8867_D3D7030330FB
File: policy_wibucmnet_6.90_7.22.config, Directory: _17b763dd89ff4b739e7d73eed9dfc3c5.B396C8F9_0D03_4905_8867_D3D7030330FB
File: policy_wibucmnet_6.90_8.40.config, Directory: _c47d2247ae2a42d3b95f76db536ad356.B396C8F9_0D03_4905_8867_D3D7030330FB
File: policy.6.90.WibuCmNET.dll, Directory: _17b763dd89ff4b739e7d73eed9dfc3c5.B396C8F9_0D03_4905_8867_D3D7030330FB
File: policy.6.90.WibuCmNET.dll, Directory: _c47d2247ae2a42d3b95f76db536ad356.B396C8F9_0D03_4905_8867_D3D7030330FB
File: policy_wibucmnet_7.0_7.22.config, Directory: _a8207053aa9149db96dec1f7c40fb665.B396C8F9_0D03_4905_8867_D3D7030330FB
File: policy_wibucmnet_7.0_8.40.config, Directory: _c0a662a147234fe9a3c7efcab52f5b96.B396C8F9_0D03_4905_8867_D3D7030330FB
File: policy.7.0.WibuCmNET.dll, Directory: _a8207053aa9149db96dec1f7c40fb665.B396C8F9_0D03_4905_8867_D3D7030330FB
File: policy.7.0.WibuCmNET.dll, Directory: _c0a662a147234fe9a3c7efcab52f5b96.B396C8F9_0D03_4905_8867_D3D7030330FB
File: policy_wibucmnet_7.10_7.22.config, Directory: _2e6c28205b9a474c81815d0e5b802126.B396C8F9_0D03_4905_8867_D3D7030330FB
File: policy_wibucmnet_7.10_8.40.config, Directory: _b9223612f04e4fdf9ea0f6761607d22f.B396C8F9_0D03_4905_8867_D3D7030330FB
File: policy.7.10.WibuCmNET.dll, Directory: _2e6c28205b9a474c81815d0e5b802126.B396C8F9_0D03_4905_8867_D3D7030330FB
File: policy.7.10.WibuCmNET.dll, Directory: _b9223612f04e4fdf9ea0f6761607d22f.B396C8F9_0D03_4905_8867_D3D7030330FB
File: policy_wibucmnet_7.20_7.22.config, Directory: _36f7889d9f67453ab12a5e310b9a33b2.B396C8F9_0D03_4905_8867_D3D7030330FB
File: policy_wibucmnet_7.20_8.40.config, Directory: _fb37372b7e7946269cf941a5dc7b0146.B396C8F9_0D03_4905_8867_D3D7030330FB
File: policy.7.20.WibuCmNET.dll, Directory: _36f7889d9f67453ab12a5e310b9a33b2.B396C8F9_0D03_4905_8867_D3D7030330FB
File: policy.7.20.WibuCmNET.dll, Directory: _fb37372b7e7946269cf941a5dc7b0146.B396C8F9_0D03_4905_8867_D3D7030330FB
File: policy_wibucmnet_7.21_7.22.config, Directory: _be8d9c6182c54dc19a044bb314444fdd.B396C8F9_0D03_4905_8867_D3D7030330FB
File: policy_wibucmnet_7.21_8.40.config, Directory: _f9113d6deefb4fdfb0d63a22218803d7.B396C8F9_0D03_4905_8867_D3D7030330FB
File: policy.7.21.WibuCmNET.dll, Directory: _be8d9c6182c54dc19a044bb314444fdd.B396C8F9_0D03_4905_8867_D3D7030330FB
File: policy.7.21.WibuCmNET.dll, Directory: _f9113d6deefb4fdfb0d63a22218803d7.B396C8F9_0D03_4905_8867_D3D7030330FB
File: policy_wibucmnet_7.22_8.40.config, Directory: _3a3f6a7a85e040d0b7a040145766c519.B396C8F9_0D03_4905_8867_D3D7030330FB
File: policy.7.22.WibuCmNET.dll, Directory: _3a3f6a7a85e040d0b7a040145766c519.B396C8F9_0D03_4905_8867_D3D7030330FB
File: policy_wibucmnet_7.30_8.40.config, Directory: _f07c8bdfa1beba58a2464b82562189a8.B396C8F9_0D03_4905_8867_D3D7030330FB
File: policy.7.30.WibuCmNET.dll, Directory: _f07c8bdfa1beba58a2464b82562189a8.B396C8F9_0D03_4905_8867_D3D7030330FB
File: policy_wibucmnet_7.40_8.40.config, Directory: _5b4b8dd6659aa891f2b419531e8b011b.B396C8F9_0D03_4905_8867_D3D7030330FB
File: policy.7.40.WibuCmNET.dll, Directory: _5b4b8dd6659aa891f2b419531e8b011b.B396C8F9_0D03_4905_8867_D3D7030330FB
File: policy_wibucmnet_7.50_8.40.config, Directory: _5bea103d2ac3a18637f7256b583a5f10.B396C8F9_0D03_4905_8867_D3D7030330FB
File: policy.7.50.WibuCmNET.dll, Directory: _5bea103d2ac3a18637f7256b583a5f10.B396C8F9_0D03_4905_8867_D3D7030330FB
File: policy_wibucmnet_7.51_8.40.config, Directory: _c310f0ada6b2228f7db8c449583d2d15.B396C8F9_0D03_4905_8867_D3D7030330FB
File: policy.7.51.WibuCmNET.dll, Directory: _c310f0ada6b2228f7db8c449583d2d15.B396C8F9_0D03_4905_8867_D3D7030330FB
File: policy_wibucmnet_7.60_8.40.config, Directory: _acd878340b92b94ca0e68ac6746603fb.B396C8F9_0D03_4905_8867_D3D7030330FB
File: policy.7.60.WibuCmNET.dll, Directory: _acd878340b92b94ca0e68ac6746603fb.B396C8F9_0D03_4905_8867_D3D7030330FB
File: policy_wibucmnet_7.61_8.40.config, Directory: _cac188037c73cdaf3c2fa0572f4c1324.B396C8F9_0D03_4905_8867_D3D7030330FB
File: policy.7.61.WibuCmNET.dll, Directory: _cac188037c73cdaf3c2fa0572f4c1324.B396C8F9_0D03_4905_8867_D3D7030330FB
File: policy_wibucmnet_8.0_8.40.config, Directory: _22ddfa3ffb629f93a0e31fe67e207504.B396C8F9_0D03_4905_8867_D3D7030330FB
File: policy.8.0.WibuCmNET.dll, Directory: _22ddfa3ffb629f93a0e31fe67e207504.B396C8F9_0D03_4905_8867_D3D7030330FB
File: policy_wibucmnet_8.10_8.40.config, Directory: _8cc9070685304479385285ee1edeff06.B396C8F9_0D03_4905_8867_D3D7030330FB
File: policy.8.10.WibuCmNET.dll, Directory: _8cc9070685304479385285ee1edeff06.B396C8F9_0D03_4905_8867_D3D7030330FB
File: policy_wibucmnet_8.20_8.40.config, Directory: _3310f8b7ef83372c5ebd4a4b26229f2d.B396C8F9_0D03_4905_8867_D3D7030330FB
File: policy.8.20.WibuCmNET.dll, Directory: _3310f8b7ef83372c5ebd4a4b26229f2d.B396C8F9_0D03_4905_8867_D3D7030330FB
File: policy_wibucmnet_8.30_8.40.config, Directory: _b43d546ab994e9fbe7fe2cefb4612810.B396C8F9_0D03_4905_8867_D3D7030330FB
File: policy.8.30.WibuCmNET.dll, Directory: _b43d546ab994e9fbe7fe2cefb4612810.B396C8F9_0D03_4905_8867_D3D7030330FB
File: policy_wibucmnet_8.40_8.40.config, Directory: _0215bb5f46ecfcde15631cd431377a24.B396C8F9_0D03_4905_8867_D3D7030330FB
File: policy.8.40.WibuCmNET.dll, Directory: _0215bb5f46ecfcde15631cd431377a24.B396C8F9_0D03_4905_8867_D3D7030330FB
File: WibuCm32.dll, Directory: SystemFolder.A961A077_4BD0_4C98_86BC_EE4A98CE550D
File: WibuCm32.lcn, Directory: SystemFolder.A961A077_4BD0_4C98_86BC_EE4A98CE550D
File: WibuCm32.lde, Directory: SystemFolder.A961A077_4BD0_4C98_86BC_EE4A98CE550D
File: WibuCm32.les, Directory: SystemFolder.A961A077_4BD0_4C98_86BC_EE4A98CE550D
File: WibuCm32.lfr, Directory: SystemFolder.A961A077_4BD0_4C98_86BC_EE4A98CE550D
File: WibuCm32.lit, Directory: SystemFolder.A961A077_4BD0_4C98_86BC_EE4A98CE550D
File: WibuCm32.ljp, Directory: SystemFolder.A961A077_4BD0_4C98_86BC_EE4A98CE550D
File: WibuCm32.lru, Directory: SystemFolder.A961A077_4BD0_4C98_86BC_EE4A98CE550D
File: WibuCm64.dll, Directory: System64Folder.1992E333_D17A_448B_8484_ED047109D182
File: WibuCm64.lcn, Directory: System64Folder.1992E333_D17A_448B_8484_ED047109D182
File: WibuCm64.lde, Directory: System64Folder.1992E333_D17A_448B_8484_ED047109D182
File: WibuCm64.les, Directory: System64Folder.1992E333_D17A_448B_8484_ED047109D182
File: WibuCm64.lfr, Directory: System64Folder.1992E333_D17A_448B_8484_ED047109D182
File: WibuCm64.lit, Directory: System64Folder.1992E333_D17A_448B_8484_ED047109D182
File: WibuCm64.ljp, Directory: System64Folder.1992E333_D17A_448B_8484_ED047109D182
File: WibuCm64.lru, Directory: System64Folder.1992E333_D17A_448B_8484_ED047109D182
File: wibucmJNI.dll, Directory: SystemFolder.A961A077_4BD0_4C98_86BC_EE4A98CE550D
File: wibucmJNI64.dll, Directory: System64Folder.1992E333_D17A_448B_8484_ED047109D182
File: WibuCmNET.dll, Directory: _BD89FC6B0396445FA15ECE837D15C4C0.B396C8F9_0D03_4905_8867_D3D7030330FB
File: WibuCmNET.dll, Directory: _B1687738B8034BC58B2D3FE2710DE5BF.B396C8F9_0D03_4905_8867_D3D7030330FB
File: WibuCmNET.dll, Directory: _F0FA17936BEE43068A76279556872805.B396C8F9_0D03_4905_8867_D3D7030330FB
File: WibuCmNET.dll, Directory: _14770BCD8CA6487B98A6C4C288CF4CBF.B396C8F9_0D03_4905_8867_D3D7030330FB
File: WibuCmNET.resources.dll, Directory: _48BB3C1F8DD44AAE945FEDC3C945BDB4.B396C8F9_0D03_4905_8867_D3D7030330FB
File: WibuCmNET.resources.dll, Directory: _55EC186CF4104A6997D70B242259B4AE.B396C8F9_0D03_4905_8867_D3D7030330FB
File: WibuCmNET.resources.dll, Directory: _1FE03FDFC5B94978B5B9B61D3181E50A.B396C8F9_0D03_4905_8867_D3D7030330FB
File: WibuCmNET.resources.dll, Directory: _FF2156591FBC4E1FA92252A7BBD0DAB5.B396C8F9_0D03_4905_8867_D3D7030330FB
File: WibuCmNET.resources.dll, Directory: _2B3170ABB18841D8A2E70E3BFD4A281E.B396C8F9_0D03_4905_8867_D3D7030330FB
File: WibuCmNET.resources.dll, Directory: _D238E6CE4D574D32AFF0011AF6D992D9.B396C8F9_0D03_4905_8867_D3D7030330FB
File: WibuCmNET.resources.dll, Directory: _8D87445996564A31B72FA308B3B29F22.B396C8F9_0D03_4905_8867_D3D7030330FB
File: WibuCmNET.resources.dll, Directory: _238C9EFB5E4346D98D58C57B7AAEEA77.B396C8F9_0D03_4905_8867_D3D7030330FB
File: WibuCmNET.resources.dll, Directory: _6DE0165882A94BDB90CE4DDA2737AB45.B396C8F9_0D03_4905_8867_D3D7030330FB
File: WibuCmNET.resources.dll, Directory: _D868C6C1415545B0ADA27B3E4267E1A8.B396C8F9_0D03_4905_8867_D3D7030330FB
File: WibuCmNET.resources.dll, Directory: _EB13657A6EFE4A00B7D3B9AAD1071A0F.B396C8F9_0D03_4905_8867_D3D7030330FB
File: WibuCmNET.resources.dll, Directory: _2FAE5C0EE6BE4128BFAC3DCB5384C178.B396C8F9_0D03_4905_8867_D3D7030330FB
File: WibuCmNET.resources.dll, Directory: _482459D3B4C0451D8707D725DD61394C.B396C8F9_0D03_4905_8867_D3D7030330FB
File: WibuCmNET.resources.dll, Directory: _5249A9AC7F624B46A07EB2D80EEA52E6.B396C8F9_0D03_4905_8867_D3D7030330FB
File: WibuCmNET.resources.dll, Directory: _98672C937EFF4335BE1547C6987149D1.B396C8F9_0D03_4905_8867_D3D7030330FB
File: WibuCmNET.resources.dll, Directory: _FDB1AEEDB3A94C37A76A87DB6FA495DA.B396C8F9_0D03_4905_8867_D3D7030330FB
File: WibuCmNET.resources.dll, Directory: _0FB00F8C89754F0B93FFC9C37E13BC01.B396C8F9_0D03_4905_8867_D3D7030330FB
File: WibuCmNET.resources.dll, Directory: _F1540A9B78E14002B7E01306DDE741BA.B396C8F9_0D03_4905_8867_D3D7030330FB
File: WibuCmNET.resources.dll, Directory: _0F457739B798430791B65553C6994F8C.B396C8F9_0D03_4905_8867_D3D7030330FB
File: WibuCmNET.resources.dll, Directory: _435BCD2571644966B35E5D26211EE260.B396C8F9_0D03_4905_8867_D3D7030330FB
File: WibuCmNET.resources.dll, Directory: _46EA3DCD744D4073B7F8136B6229D4C8.B396C8F9_0D03_4905_8867_D3D7030330FB
File: WibuCmTrigger32.dll, Directory: BIN.A961A077_4BD0_4C98_86BC_EE4A98CE550D
File: WibuCmTrigger32.lcn, Directory: BIN.A961A077_4BD0_4C98_86BC_EE4A98CE550D
File: WibuCmTrigger32.lde, Directory: BIN.A961A077_4BD0_4C98_86BC_EE4A98CE550D
File: WibuCmTrigger32.les, Directory: BIN.A961A077_4BD0_4C98_86BC_EE4A98CE550D
File: WibuCmTrigger32.lfr, Directory: BIN.A961A077_4BD0_4C98_86BC_EE4A98CE550D
File: WibuCmTrigger32.lit, Directory: BIN.A961A077_4BD0_4C98_86BC_EE4A98CE550D
File: WibuCmTrigger32.ljp, Directory: BIN.A961A077_4BD0_4C98_86BC_EE4A98CE550D
File: WibuCmTrigger32.lru, Directory: BIN.A961A077_4BD0_4C98_86BC_EE4A98CE550D
File: WibuCmTrigger64.dll, Directory: BIN64.1992E333_D17A_448B_8484_ED047109D182
File: WibuCmTrigger64.lcn, Directory: BIN64.1992E333_D17A_448B_8484_ED047109D182
File: WibuCmTrigger64.lde, Directory: BIN64.1992E333_D17A_448B_8484_ED047109D182
File: WibuCmTrigger64.les, Directory: BIN64.1992E333_D17A_448B_8484_ED047109D182
File: WibuCmTrigger64.lfr, Directory: BIN64.1992E333_D17A_448B_8484_ED047109D182
File: WibuCmTrigger64.lit, Directory: BIN64.1992E333_D17A_448B_8484_ED047109D182
File: WibuCmTrigger64.ljp, Directory: BIN64.1992E333_D17A_448B_8484_ED047109D182
File: WibuCmTrigger64.lru, Directory: BIN64.1992E333_D17A_448B_8484_ED047109D182
File: WibuShellExt64.dll, Directory: System.573670D2_95A5_4F72_BD6A_63FA56A6342E
File: WibuShellExtRepair.cmd, Directory: System.573670D2_95A5_4F72_BD6A_63FA56A6342E
File: WibuXpm4J32.dll, Directory: SystemFolder.A961A077_4BD0_4C98_86BC_EE4A98CE550D
File: WibuXpm4J64.dll, Directory: System64Folder.1992E333_D17A_448B_8484_ED047109D182
Action ended 12:06:59: RemoveFiles. Return value 1.
Action 12:06:59: RemoveFolders. Removing folders
Action start 12:06:59: RemoveFolders.
Action ended 12:06:59: RemoveFolders. Return value 1.
Action 12:06:59: CreateFolders. Creating folders
Action start 12:06:59: CreateFolders.
Folder: TARGETDIR
Folder: FWINSTALLDIR
Folder: BIN.A961A077_4BD0_4C98_86BC_EE4A98CE550D
Folder: SystemFolder.A961A077_4BD0_4C98_86BC_EE4A98CE550D
Folder: SystemFolder.A961A077_4BD0_4C98_86BC_EE4A98CE550D
Folder: SystemFolder.A961A077_4BD0_4C98_86BC_EE4A98CE550D
Folder: SystemFolder.A961A077_4BD0_4C98_86BC_EE4A98CE550D
Folder: SystemFolder.A961A077_4BD0_4C98_86BC_EE4A98CE550D
Folder: SystemFolder.A961A077_4BD0_4C98_86BC_EE4A98CE550D
Folder: SystemFolder.A961A077_4BD0_4C98_86BC_EE4A98CE550D
Folder: SystemFolder.A961A077_4BD0_4C98_86BC_EE4A98CE550D
Folder: SystemFolder.A961A077_4BD0_4C98_86BC_EE4A98CE550D
Folder: SystemFolder.A961A077_4BD0_4C98_86BC_EE4A98CE550D
Folder: CMINSTALLDIR.1992E333_D17A_448B_8484_ED047109D182
Folder: CMINSTALLDIR.1992E333_D17A_448B_8484_ED047109D182
Folder: System64Folder.1992E333_D17A_448B_8484_ED047109D182
Folder: BackupCmnApp.1992E333_D17A_448B_8484_ED047109D182
Folder: BackupCmnApp.1992E333_D17A_448B_8484_ED047109D182
Folder: BackupCmnApp.1992E333_D17A_448B_8484_ED047109D182
Folder: LogsCmnApp.1992E333_D17A_448B_8484_ED047109D182
Folder: LogsCmnApp.1992E333_D17A_448B_8484_ED047109D182
Folder: LogsCmnApp.1992E333_D17A_448B_8484_ED047109D182
Folder: CmActCmnApp.1992E333_D17A_448B_8484_ED047109D182
Folder: CmActCmnApp.1992E333_D17A_448B_8484_ED047109D182
Folder: CmCloudCmnApp.1992E333_D17A_448B_8484_ED047109D182
Folder: BIN64.1992E333_D17A_448B_8484_ED047109D182
Folder: BIN64.1992E333_D17A_448B_8484_ED047109D182
Folder: BIN64.1992E333_D17A_448B_8484_ED047109D182
Folder: BIN64.1992E333_D17A_448B_8484_ED047109D182
Folder: BIN_WA64.1992E333_D17A_448B_8484_ED047109D182
Folder: Documentation.5FFE20C8_2BC6_4EE0_90AA_D6E92F2099AD
Folder: RunTime.5FFE20C8_2BC6_4EE0_90AA_D6E92F2099AD
Folder: help.5FFE20C8_2BC6_4EE0_90AA_D6E92F2099AD
Folder: CodeMeter.5FFE20C8_2BC6_4EE0_90AA_D6E92F2099AD
Action ended 12:06:59: CreateFolders. Return value 1.
Action 12:06:59: MoveFiles. Moving files
Action start 12:06:59: MoveFiles.
File: Backup1FolderFilesCopyId.1992E333_D17A_448B_8484_ED047109D182,  Directory: C:\ProgramData\CodeMeter\Backup,  Size: 1
File: LogsFolderFilesCopyId.1992E333_D17A_448B_8484_ED047109D182,  Directory: C:\ProgramData\CodeMeter\Logs,  Size: 1
Action ended 12:06:59: MoveFiles. Return value 1.
Action 12:06:59: InstallFiles. Copying new files
Action start 12:06:59: InstallFiles.
File: CmRmtAct32.dll,  Directory: BIN.A961A077_4BD0_4C98_86BC_EE4A98CE550D,  Size: 3151352
File: CmRmtAct32.lcn,  Directory: BIN.A961A077_4BD0_4C98_86BC_EE4A98CE550D,  Size: 18936
File: CmRmtAct32.lde,  Directory: BIN.A961A077_4BD0_4C98_86BC_EE4A98CE550D,  Size: 23544
File: CmRmtAct32.les,  Directory: BIN.A961A077_4BD0_4C98_86BC_EE4A98CE550D,  Size: 22520
File: CmRmtAct32.lfr,  Directory: BIN.A961A077_4BD0_4C98_86BC_EE4A98CE550D,  Size: 22520
File: CmRmtAct32.lit,  Directory: BIN.A961A077_4BD0_4C98_86BC_EE4A98CE550D,  Size: 21496
File: CmRmtAct32.ljp,  Directory: BIN.A961A077_4BD0_4C98_86BC_EE4A98CE550D,  Size: 20472
File: CmRmtAct32.lru,  Directory: BIN.A961A077_4BD0_4C98_86BC_EE4A98CE550D,  Size: 18424
File: CmRmtAct64.dll,  Directory: BIN64.1992E333_D17A_448B_8484_ED047109D182,  Size: 3747320
File: CmRmtAct64.lcn,  Directory: BIN64.1992E333_D17A_448B_8484_ED047109D182,  Size: 18936
File: CmRmtAct64.lde,  Directory: BIN64.1992E333_D17A_448B_8484_ED047109D182,  Size: 23544
File: CmRmtAct64.les,  Directory: BIN64.1992E333_D17A_448B_8484_ED047109D182,  Size: 22520
File: CmRmtAct64.lfr,  Directory: BIN64.1992E333_D17A_448B_8484_ED047109D182,  Size: 22520
File: CmRmtAct64.lit,  Directory: BIN64.1992E333_D17A_448B_8484_ED047109D182,  Size: 21496
File: CmRmtAct64.ljp,  Directory: BIN64.1992E333_D17A_448B_8484_ED047109D182,  Size: 20472
File: CmRmtAct64.lru,  Directory: BIN64.1992E333_D17A_448B_8484_ED047109D182,  Size: 18424
File: cmu.exe,  Directory: BIN64.1992E333_D17A_448B_8484_ED047109D182,  Size: 2275320
File: CmWebAdmin.exe,  Directory: BIN_WA64.1992E333_D17A_448B_8484_ED047109D182,  Size: 12902904
File: CodeMeter.exe,  Directory: BIN64.1992E333_D17A_448B_8484_ED047109D182,  Size: 51652088
File: CodeMeter.exe.manifest,  Directory: BIN64.1992E333_D17A_448B_8484_ED047109D182,  Size: 1205
File: CodeMeter.lcn,  Directory: BIN64.1992E333_D17A_448B_8484_ED047109D182,  Size: 224248
File: CodeMeter.lde,  Directory: BIN64.1992E333_D17A_448B_8484_ED047109D182,  Size: 229368
File: CodeMeter.les,  Directory: BIN64.1992E333_D17A_448B_8484_ED047109D182,  Size: 228344
File: CodeMeter.lfr,  Directory: BIN64.1992E333_D17A_448B_8484_ED047109D182,  Size: 229368
File: CodeMeter.lit,  Directory: BIN64.1992E333_D17A_448B_8484_ED047109D182,  Size: 228856
File: CodeMeter.ljp,  Directory: BIN64.1992E333_D17A_448B_8484_ED047109D182,  Size: 226296
File: CodeMeter.lru,  Directory: BIN64.1992E333_D17A_448B_8484_ED047109D182,  Size: 227832
File: CodeMeterCC.exe,  Directory: BIN64.1992E333_D17A_448B_8484_ED047109D182,  Size: 13696504
File: CodeMeterCC_de.qm,  Directory: BIN64.1992E333_D17A_448B_8484_ED047109D182,  Size: 124297
File: CodeMeterCC_en.qm,  Directory: BIN64.1992E333_D17A_448B_8484_ED047109D182,  Size: 53445
File: CodeMeterCC_es.qm,  Directory: BIN64.1992E333_D17A_448B_8484_ED047109D182,  Size: 125149
File: CodeMeterCC_fr.qm,  Directory: BIN64.1992E333_D17A_448B_8484_ED047109D182,  Size: 122071
File: CodeMeterCC_it.qm,  Directory: BIN64.1992E333_D17A_448B_8484_ED047109D182,  Size: 124581
File: CodeMeterCC_ja.qm,  Directory: BIN64.1992E333_D17A_448B_8484_ED047109D182,  Size: 89590
File: CodeMeterCC_ru.qm,  Directory: BIN64.1992E333_D17A_448B_8484_ED047109D182,  Size: 115156
File: CodeMeterCC_zh.qm,  Directory: BIN64.1992E333_D17A_448B_8484_ED047109D182,  Size: 77906
File: cmready.dll,  Directory: D_CmReady.1992E333_D17A_448B_8484_ED047109D182,  Size: 1052720
File: cmready.wbc,  Directory: D_CmReady.1992E333_D17A_448B_8484_ED047109D182,  Size: 1062
File: CodeMeterCommandPrompt.cmd,  Directory: BIN64.1992E333_D17A_448B_8484_ED047109D182,  Size: 585
File: cpsrt.dll,  Directory: SystemFolder.A961A077_4BD0_4C98_86BC_EE4A98CE550D,  Size: 17896952
File: cpsrt.dll,  Directory: System64Folder.1992E333_D17A_448B_8484_ED047109D182,  Size: 18512376
File: cpsrtARM64.dll,  Directory: System64Folder.1992E333_D17A_448B_8484_ED047109D182,  Size: 18417144
File: OpenSource_en.pdf,  Directory: D_OpenSourceDoku_ver.1992E333_D17A_448B_8484_ED047109D182,  Size: 2274362
File: WibuCmARM64.dll,  Directory: System64Folder.1992E333_D17A_448B_8484_ED047109D182,  Size: 7410680
File: wibucmJNIARM64.dll,  Directory: System64Folder.1992E333_D17A_448B_8484_ED047109D182,  Size: 1416184
File: 02_module_items_pidetails_zoom70.jpg,  Directory: dir_9641117ED95A43098D872B9A917FFA35.5FFE20C8_2BC6_4EE0_90AA_D6E92F2099AD,  Size: 88565
File: hardware-konfiguration-reparieren_zoom70.jpg,  Directory: dir_9641117ED95A43098D872B9A917FFA35.5FFE20C8_2BC6_4EE0_90AA_D6E92F2099AD,  Size: 19261
File: achtung_zoom37.jpg,  Directory: dir_9641117ED95A43098D872B9A917FFA35.5FFE20C8_2BC6_4EE0_90AA_D6E92F2099AD,  Size: 1079
File: hmtoggle_plus0.gif,  Directory: dir_9641117ED95A43098D872B9A917FFA35.5FFE20C8_2BC6_4EE0_90AA_D6E92F2099AD,  Size: 875
File: acl-objekte.html,  Directory: dir_8806771C411545C9B482E8B2239C5A9B.5FFE20C8_2BC6_4EE0_90AA_D6E92F2099AD,  Size: 41349
File: nameduser_entry.js,  Directory: dir_C217E02153EF4FFFB5471191BAECC8B7.5FFE20C8_2BC6_4EE0_90AA_D6E92F2099AD,  Size: 8520
File: cmcontainer_info.js,  Directory: dir_C217E02153EF4FFFB5471191BAECC8B7.5FFE20C8_2BC6_4EE0_90AA_D6E92F2099AD,  Size: 18212
File: optinstall_zoom53.jpg,  Directory: dir_CEE9F0C64FCF441198A38C9673370749.5FFE20C8_2BC6_4EE0_90AA_D6E92F2099AD,  Size: 994
File: home.png,  Directory: dir_CEE9F0C64FCF441198A38C9673370749.5FFE20C8_2BC6_4EE0_90AA_D6E92F2099AD,  Size: 803
File: hmEmbeddedPopups.js,  Directory: dir_079197E4E23B4155B10356C291A628DF.5FFE20C8_2BC6_4EE0_90AA_D6E92F2099AD,  Size: 31202
File: schritt-3-erstellen-einer-acl-.html,  Directory: dir_55CD00DB50894F27807C9E8A8886136B.5FFE20C8_2BC6_4EE0_90AA_D6E92F2099AD,  Size: 73037
File: webadmin_w_zoom60.jpg,  Directory: dir_CEE9F0C64FCF441198A38C9673370749.5FFE20C8_2BC6_4EE0_90AA_D6E92F2099AD,  Size: 829
File: extra.js,  Directory: dir_005CBB5EA0E8477B8178C3341D8A64CF.5FFE20C8_2BC6_4EE0_90AA_D6E92F2099AD,  Size: 25573
File: webadmin_trusted_origins_enter_zoom59.jpg,  Directory: dir_CEE9F0C64FCF441198A38C9673370749.5FFE20C8_2BC6_4EE0_90AA_D6E92F2099AD,  Size: 8912
File: cmfas_add_license_new_vendor.html,  Directory: dir_55CD00DB50894F27807C9E8A8886136B.5FFE20C8_2BC6_4EE0_90AA_D6E92F2099AD,  Size: 46447
File: cc_sf_loesche_ereig_.jpg,  Directory: dir_9641117ED95A43098D872B9A917FFA35.5FFE20C8_2BC6_4EE0_90AA_D6E92F2099AD,  Size: 840
File: alt_tipbulb.gif,  Directory: dir_CEE9F0C64FCF441198A38C9673370749.5FFE20C8_2BC6_4EE0_90AA_D6E92F2099AD,  Size: 1212
File: 02_module_items_pidetails_zoom70.jpg,  Directory: dir_CEE9F0C64FCF441198A38C9673370749.5FFE20C8_2BC6_4EE0_90AA_D6E92F2099AD,  Size: 86946
File: stopp_2.png,  Directory: dir_CEE9F0C64FCF441198A38C9673370749.5FFE20C8_2BC6_4EE0_90AA_D6E92F2099AD,  Size: 832
File: cmfas_create_licenserequest.js,  Directory: dir_005CBB5EA0E8477B8178C3341D8A64CF.5FFE20C8_2BC6_4EE0_90AA_D6E92F2099AD,  Size: 2208
File: linux_kernel_settings.js,  Directory: dir_C217E02153EF4FFFB5471191BAECC8B7.5FFE20C8_2BC6_4EE0_90AA_D6E92F2099AD,  Size: 9533
File: webadmin_container_cmcontainer_infos_zoom70.jpg,  Directory: dir_CEE9F0C64FCF441198A38C9673370749.5FFE20C8_2BC6_4EE0_90AA_D6E92F2099AD,  Size: 89867
File: version_contact_userhelp.html,  Directory: dir_55CD00DB50894F27807C9E8A8886136B.5FFE20C8_2BC6_4EE0_90AA_D6E92F2099AD,  Size: 43609
File: move_n_from_m_transfer.html,  Directory: dir_55CD00DB50894F27807C9E8A8886136B.5FFE20C8_2BC6_4EE0_90AA_D6E92F2099AD,  Size: 43873
File: step3_01_zoom70.jpg,  Directory: dir_CEE9F0C64FCF441198A38C9673370749.5FFE20C8_2BC6_4EE0_90AA_D6E92F2099AD,  Size: 29412
File: hid_to_msd.html,  Directory: dir_55CD00DB50894F27807C9E8A8886136B.5FFE20C8_2BC6_4EE0_90AA_D6E92F2099AD,  Size: 51037
File: update.png,  Directory: dir_9641117ED95A43098D872B9A917FFA35.5FFE20C8_2BC6_4EE0_90AA_D6E92F2099AD,  Size: 677
File: hmwebhelp_main_tablet.css,  Directory: dir_1B3BC25A0DBD43FF9F07EA153624A7BA.5FFE20C8_2BC6_4EE0_90AA_D6E92F2099AD,  Size: 24905
File: ZoomIn.png,  Directory: dir_CEE9F0C64FCF441198A38C9673370749.5FFE20C8_2BC6_4EE0_90AA_D6E92F2099AD,  Size: 3908
File: cc_datei_menue_lizenz_importieren_zoom45.jpg,  Directory: dir_9641117ED95A43098D872B9A917FFA35.5FFE20C8_2BC6_4EE0_90AA_D6E92F2099AD,  Size: 13372
File: delete_icon_zoom100.jpg,  Directory: dir_9641117ED95A43098D872B9A917FFA35.5FFE20C8_2BC6_4EE0_90AA_D6E92F2099AD,  Size: 1068
File: hid_to_msd.js,  Directory: dir_005CBB5EA0E8477B8178C3341D8A64CF.5FFE20C8_2BC6_4EE0_90AA_D6E92F2099AD,  Size: 10913
File: setupsecondary.jpg,  Directory: dir_CEE9F0C64FCF441198A38C9673370749.5FFE20C8_2BC6_4EE0_90AA_D6E92F2099AD,  Size: 13102
File: cc_cmactlicense_zoom57.jpg,  Directory: dir_9641117ED95A43098D872B9A917FFA35.5FFE20C8_2BC6_4EE0_90AA_D6E92F2099AD,  Size: 9480
File: profiling_accesscontrol.js,  Directory: dir_C217E02153EF4FFFB5471191BAECC8B7.5FFE20C8_2BC6_4EE0_90AA_D6E92F2099AD,  Size: 6532
File: lt_icon_history_zoom120.jpg,  Directory: dir_CEE9F0C64FCF441198A38C9673370749.5FFE20C8_2BC6_4EE0_90AA_D6E92F2099AD,  Size: 962
File: hmwebhelp_toc_desktop.css,  Directory: dir_1B3BC25A0DBD43FF9F07EA153624A7BA.5FFE20C8_2BC6_4EE0_90AA_D6E92F2099AD,  Size: 3067
File: webadmin_info_zoom60.jpg,  Directory: dir_9641117ED95A43098D872B9A917FFA35.5FFE20C8_2BC6_4EE0_90AA_D6E92F2099AD,  Size: 63016
File: arrow.jpg,  Directory: dir_CEE9F0C64FCF441198A38C9673370749.5FFE20C8_2BC6_4EE0_90AA_D6E92F2099AD,  Size: 783
File: info.htm,  Directory: dir_55CD00DB50894F27807C9E8A8886136B.5FFE20C8_2BC6_4EE0_90AA_D6E92F2099AD,  Size: 41831
File: wadmin_inhalt_datensicherung_bestaetigung_zoom70.jpg,  Directory: dir_9641117ED95A43098D872B9A917FFA35.5FFE20C8_2BC6_4EE0_90AA_D6E92F2099AD,  Size: 8709
File: proxy.html,  Directory: dir_8806771C411545C9B482E8B2239C5A9B.5FFE20C8_2BC6_4EE0_90AA_D6E92F2099AD,  Size: 49037
File: tmr.html,  Directory: dir_55CD00DB50894F27807C9E8A8886136B.5FFE20C8_2BC6_4EE0_90AA_D6E92F2099AD,  Size: 42815
File: time_update_icon_zoom80.jpg,  Directory: dir_CEE9F0C64FCF441198A38C9673370749.5FFE20C8_2BC6_4EE0_90AA_D6E92F2099AD,  Size: 991
File: user_data.js,  Directory: dir_C217E02153EF4FFFB5471191BAECC8B7.5FFE20C8_2BC6_4EE0_90AA_D6E92F2099AD,  Size: 1972
File: beispiel_zoom50.jpg,  Directory: dir_CEE9F0C64FCF441198A38C9673370749.5FFE20C8_2BC6_4EE0_90AA_D6E92F2099AD,  Size: 952
File: favicon.ico,  Directory: dir_55CD00DB50894F27807C9E8A8886136B.5FFE20C8_2BC6_4EE0_90AA_D6E92F2099AD,  Size: 1754
File: formale-spezifikation-der-acl-.js,  Directory: dir_C217E02153EF4FFFB5471191BAECC8B7.5FFE20C8_2BC6_4EE0_90AA_D6E92F2099AD,  Size: 11625
File: classic_navigation_zoom50.jpg,  Directory: dir_9641117ED95A43098D872B9A917FFA35.5FFE20C8_2BC6_4EE0_90AA_D6E92F2099AD,  Size: 3557
File: webadmin_settings_basis_netzwerk_zoom50.jpg,  Directory: dir_CEE9F0C64FCF441198A38C9673370749.5FFE20C8_2BC6_4EE0_90AA_D6E92F2099AD,  Size: 20259
File: webadmin_settings_erweiteret_timeserver_zoom50.jpg,  Directory: dir_9641117ED95A43098D872B9A917FFA35.5FFE20C8_2BC6_4EE0_90AA_D6E92F2099AD,  Size: 31117
File: entry_types.js,  Directory: dir_C217E02153EF4FFFB5471191BAECC8B7.5FFE20C8_2BC6_4EE0_90AA_D6E92F2099AD,  Size: 1861
File: license_monitoring.html,  Directory: dir_8806771C411545C9B482E8B2239C5A9B.5FFE20C8_2BC6_4EE0_90AA_D6E92F2099AD,  Size: 47683
File: acl_start.html,  Directory: dir_55CD00DB50894F27807C9E8A8886136B.5FFE20C8_2BC6_4EE0_90AA_D6E92F2099AD,  Size: 46814
File: installation_windows.html,  Directory: dir_8806771C411545C9B482E8B2239C5A9B.5FFE20C8_2BC6_4EE0_90AA_D6E92F2099AD,  Size: 59862
File: cc_menubar.html,  Directory: dir_55CD00DB50894F27807C9E8A8886136B.5FFE20C8_2BC6_4EE0_90AA_D6E92F2099AD,  Size: 72654
File: fontSize.js,  Directory: dir_28FBCDD5F46F4375A8F125191C936317.5FFE20C8_2BC6_4EE0_90AA_D6E92F2099AD,  Size: 2539
File: cmready_webmin3from4_en_zoom71.jpg,  Directory: dir_CEE9F0C64FCF441198A38C9673370749.5FFE20C8_2BC6_4EE0_90AA_D6E92F2099AD,  Size: 73248
File: rule.html,  Directory: dir_8806771C411545C9B482E8B2239C5A9B.5FFE20C8_2BC6_4EE0_90AA_D6E92F2099AD,  Size: 49535
File: internet.svg,  Directory: dir_9641117ED95A43098D872B9A917FFA35.5FFE20C8_2BC6_4EE0_90AA_D6E92F2099AD,  Size: 1358
File: time_update_icon_zoom60.jpg,  Directory: dir_CEE9F0C64FCF441198A38C9673370749.5FFE20C8_2BC6_4EE0_90AA_D6E92F2099AD,  Size: 884
File: cmfas_create_receipt.html,  Directory: dir_55CD00DB50894F27807C9E8A8886136B.5FFE20C8_2BC6_4EE0_90AA_D6E92F2099AD,  Size: 45448
File: toc.png,  Directory: dir_9641117ED95A43098D872B9A917FFA35.5FFE20C8_2BC6_4EE0_90AA_D6E92F2099AD,  Size: 309
File: beispiel_zoom61.jpg,  Directory: dir_CEE9F0C64FCF441198A38C9673370749.5FFE20C8_2BC6_4EE0_90AA_D6E92F2099AD,  Size: 1183
File: win8_logo_zoom10.jpg,  Directory: dir_9641117ED95A43098D872B9A917FFA35.5FFE20C8_2BC6_4EE0_90AA_D6E92F2099AD,  Size: 771
File: wadmin_einstellungen_zugriffsschutz_hinzufuegen_02_zoom70.jpg,  Directory: dir_9641117ED95A43098D872B9A917FFA35.5FFE20C8_2BC6_4EE0_90AA_D6E92F2099AD,  Size: 8984
File: anmerkungen.js,  Directory: dir_005CBB5EA0E8477B8178C3341D8A64CF.5FFE20C8_2BC6_4EE0_90AA_D6E92F2099AD,  Size: 1280
File: toggleLayoutTable.js,  Directory: dir_079197E4E23B4155B10356C291A628DF.5FFE20C8_2BC6_4EE0_90AA_D6E92F2099AD,  Size: 2236
File: installation_mac.html,  Directory: dir_55CD00DB50894F27807C9E8A8886136B.5FFE20C8_2BC6_4EE0_90AA_D6E92F2099AD,  Size: 58464
File: wadmin_einstellungen_zugriffsschutz_advanced_pc_sample_zoom60.jpg,  Directory: dir_CEE9F0C64FCF441198A38C9673370749.5FFE20C8_2BC6_4EE0_90AA_D6E92F2099AD,  Size: 27777
File: toc_chapter_open.svg,  Directory: dir_CEE9F0C64FCF441198A38C9673370749.5FFE20C8_2BC6_4EE0_90AA_D6E92F2099AD,  Size: 552
File: erstellen-einer-beispielliste-.js,  Directory: dir_005CBB5EA0E8477B8178C3341D8A64CF.5FFE20C8_2BC6_4EE0_90AA_D6E92F2099AD,  Size: 2933
File: cc_cmactlicense_zoom57.jpg,  Directory: dir_CEE9F0C64FCF441198A38C9673370749.5FFE20C8_2BC6_4EE0_90AA_D6E92F2099AD,  Size: 9033
File: settings.js,  Directory: dir_55CD00DB50894F27807C9E8A8886136B.5FFE20C8_2BC6_4EE0_90AA_D6E92F2099AD,  Size: 2407
File: cmfas_assistant_controlcenter.html,  Directory: dir_8806771C411545C9B482E8B2239C5A9B.5FFE20C8_2BC6_4EE0_90AA_D6E92F2099AD,  Size: 45546
File: tapImage.js,  Directory: dir_079197E4E23B4155B10356C291A628DF.5FFE20C8_2BC6_4EE0_90AA_D6E92F2099AD,  Size: 2133
File: webadmin_config.html,  Directory: dir_8806771C411545C9B482E8B2239C5A9B.5FFE20C8_2BC6_4EE0_90AA_D6E92F2099AD,  Size: 78083
File: 19_empfaengerausleihe_pidetaills_zoom70.jpg,  Directory: dir_9641117ED95A43098D872B9A917FFA35.5FFE20C8_2BC6_4EE0_90AA_D6E92F2099AD,  Size: 51323
File: hm_autotoc.js,  Directory: dir_079197E4E23B4155B10356C291A628DF.5FFE20C8_2BC6_4EE0_90AA_D6E92F2099AD,  Size: 7754
File: hmImageToggleMobile.js,  Directory: dir_28FBCDD5F46F4375A8F125191C936317.5FFE20C8_2BC6_4EE0_90AA_D6E92F2099AD,  Size: 4280
File: schritt-2-erstellen-einer-acl-.js,  Directory: dir_C217E02153EF4FFFB5471191BAECC8B7.5FFE20C8_2BC6_4EE0_90AA_D6E92F2099AD,  Size: 19793
File: helpman_settings.js,  Directory: dir_28FBCDD5F46F4375A8F125191C936317.5FFE20C8_2BC6_4EE0_90AA_D6E92F2099AD,  Size: 311
File: ZoomClose.png,  Directory: dir_9641117ED95A43098D872B9A917FFA35.5FFE20C8_2BC6_4EE0_90AA_D6E92F2099AD,  Size: 14303
File: installation_macrt.js,  Directory: dir_005CBB5EA0E8477B8178C3341D8A64CF.5FFE20C8_2BC6_4EE0_90AA_D6E92F2099AD,  Size: 19017
File: help_on_help.html,  Directory: dir_8806771C411545C9B482E8B2239C5A9B.5FFE20C8_2BC6_4EE0_90AA_D6E92F2099AD,  Size: 56679
File: entry_types.html,  Directory: dir_8806771C411545C9B482E8B2239C5A9B.5FFE20C8_2BC6_4EE0_90AA_D6E92F2099AD,  Size: 42005
File: certified_time.js,  Directory: dir_C217E02153EF4FFFB5471191BAECC8B7.5FFE20C8_2BC6_4EE0_90AA_D6E92F2099AD,  Size: 8030
File: type_cmstick.png,  Directory: dir_CEE9F0C64FCF441198A38C9673370749.5FFE20C8_2BC6_4EE0_90AA_D6E92F2099AD,  Size: 3760
File: borrow_access_entry.html,  Directory: dir_8806771C411545C9B482E8B2239C5A9B.5FFE20C8_2BC6_4EE0_90AA_D6E92F2099AD,  Size: 44222
File: hm_xTablesInit.js,  Directory: dir_28FBCDD5F46F4375A8F125191C936317.5FFE20C8_2BC6_4EE0_90AA_D6E92F2099AD,  Size: 9321
File: mobileNav.js,  Directory: dir_079197E4E23B4155B10356C291A628DF.5FFE20C8_2BC6_4EE0_90AA_D6E92F2099AD,  Size: 10363
File: globale-regel-fuer-localhost.html,  Directory: dir_55CD00DB50894F27807C9E8A8886136B.5FFE20C8_2BC6_4EE0_90AA_D6E92F2099AD,  Size: 47102
File: default-regeln.js,  Directory: dir_C217E02153EF4FFFB5471191BAECC8B7.5FFE20C8_2BC6_4EE0_90AA_D6E92F2099AD,  Size: 3107
File: optinstall_zoom53.jpg,  Directory: dir_9641117ED95A43098D872B9A917FFA35.5FFE20C8_2BC6_4EE0_90AA_D6E92F2099AD,  Size: 994
File: data_backup_restore.js,  Directory: dir_005CBB5EA0E8477B8178C3341D8A64CF.5FFE20C8_2BC6_4EE0_90AA_D6E92F2099AD,  Size: 12128
File: user_data.html,  Directory: dir_55CD00DB50894F27807C9E8A8886136B.5FFE20C8_2BC6_4EE0_90AA_D6E92F2099AD,  Size: 42545
File: controlcenter.js,  Directory: dir_C217E02153EF4FFFB5471191BAECC8B7.5FFE20C8_2BC6_4EE0_90AA_D6E92F2099AD,  Size: 20014
File: syst_requirements.html,  Directory: dir_8806771C411545C9B482E8B2239C5A9B.5FFE20C8_2BC6_4EE0_90AA_D6E92F2099AD,  Size: 45650
File: banner_company.jpg,  Directory: dir_9641117ED95A43098D872B9A917FFA35.5FFE20C8_2BC6_4EE0_90AA_D6E92F2099AD,  Size: 11387
File: webadmin_configuration_webadmin_write_access_02_zoom60.jpg,  Directory: dir_9641117ED95A43098D872B9A917FFA35.5FFE20C8_2BC6_4EE0_90AA_D6E92F2099AD,  Size: 9288
File: cc_borrow_tab_leer_zoom69.jpg,  Directory: dir_CEE9F0C64FCF441198A38C9673370749.5FFE20C8_2BC6_4EE0_90AA_D6E92F2099AD,  Size: 27541
File: delete_icon_zoom70.jpg,  Directory: dir_9641117ED95A43098D872B9A917FFA35.5FFE20C8_2BC6_4EE0_90AA_D6E92F2099AD,  Size: 829
File: cc_sf_restart_.jpg,  Directory: dir_9641117ED95A43098D872B9A917FFA35.5FFE20C8_2BC6_4EE0_90AA_D6E92F2099AD,  Size: 931
File: codemeter_license_tracking.html,  Directory: dir_8806771C411545C9B482E8B2239C5A9B.5FFE20C8_2BC6_4EE0_90AA_D6E92F2099AD,  Size: 51002
File: installation_macrt.html,  Directory: dir_55CD00DB50894F27807C9E8A8886136B.5FFE20C8_2BC6_4EE0_90AA_D6E92F2099AD,  Size: 58625
File: defrag_v2.png,  Directory: dir_9641117ED95A43098D872B9A917FFA35.5FFE20C8_2BC6_4EE0_90AA_D6E92F2099AD,  Size: 836
File: schritt-1-erstellen-einer-leer.js,  Directory: dir_C217E02153EF4FFFB5471191BAECC8B7.5FFE20C8_2BC6_4EE0_90AA_D6E92F2099AD,  Size: 11349
File: hmwebhelp_index_tablet.css,  Directory: dir_1B3BC25A0DBD43FF9F07EA153624A7BA.5FFE20C8_2BC6_4EE0_90AA_D6E92F2099AD,  Size: 4158
File: default-regeln.html,  Directory: dir_8806771C411545C9B482E8B2239C5A9B.5FFE20C8_2BC6_4EE0_90AA_D6E92F2099AD,  Size: 43163
File: webadmin_start.js,  Directory: dir_C217E02153EF4FFFB5471191BAECC8B7.5FFE20C8_2BC6_4EE0_90AA_D6E92F2099AD,  Size: 11897
File: installation_windowsrt.js,  Directory: dir_005CBB5EA0E8477B8178C3341D8A64CF.5FFE20C8_2BC6_4EE0_90AA_D6E92F2099AD,  Size: 21798
File: toc_topic.svg,  Directory: dir_9641117ED95A43098D872B9A917FFA35.5FFE20C8_2BC6_4EE0_90AA_D6E92F2099AD,  Size: 534
File: profiling_serversearchlist.html,  Directory: dir_55CD00DB50894F27807C9E8A8886136B.5FFE20C8_2BC6_4EE0_90AA_D6E92F2099AD,  Size: 47864
File: cc_borrow_tab.html,  Directory: dir_8806771C411545C9B482E8B2239C5A9B.5FFE20C8_2BC6_4EE0_90AA_D6E92F2099AD,  Size: 48762
File: schritt-5-erstellen-einer-acl-.html,  Directory: dir_8806771C411545C9B482E8B2239C5A9B.5FFE20C8_2BC6_4EE0_90AA_D6E92F2099AD,  Size: 58104
File: borrow_access_entry.js,  Directory: dir_C217E02153EF4FFFB5471191BAECC8B7.5FFE20C8_2BC6_4EE0_90AA_D6E92F2099AD,  Size: 4057
File: cc_menubar.js,  Directory: dir_C217E02153EF4FFFB5471191BAECC8B7.5FFE20C8_2BC6_4EE0_90AA_D6E92F2099AD,  Size: 39646
File: codemeterwebadminltbar01_zoom80.jpg,  Directory: dir_9641117ED95A43098D872B9A917FFA35.5FFE20C8_2BC6_4EE0_90AA_D6E92F2099AD,  Size: 21882
File: win.png,  Directory: dir_9641117ED95A43098D872B9A917FFA35.5FFE20C8_2BC6_4EE0_90AA_D6E92F2099AD,  Size: 806
File: wadmin_einstellungen_zugriffsschutz_advanced_sortdown_zoom70.jpg,  Directory: dir_9641117ED95A43098D872B9A917FFA35.5FFE20C8_2BC6_4EE0_90AA_D6E92F2099AD,  Size: 717
File: komplexere-acl.html,  Directory: dir_8806771C411545C9B482E8B2239C5A9B.5FFE20C8_2BC6_4EE0_90AA_D6E92F2099AD,  Size: 65457
File: das-json-format-der-acl.html,  Directory: dir_8806771C411545C9B482E8B2239C5A9B.5FFE20C8_2BC6_4EE0_90AA_D6E92F2099AD,  Size: 44666
File: 12amonitor_zoom61.jpg,  Directory: dir_CEE9F0C64FCF441198A38C9673370749.5FFE20C8_2BC6_4EE0_90AA_D6E92F2099AD,  Size: 14622
File: cc_sf_kennwort_aendern_dialog_zoom29.jpg,  Directory: dir_CEE9F0C64FCF441198A38C9673370749.5FFE20C8_2BC6_4EE0_90AA_D6E92F2099AD,  Size: 5761
File: setupsecondary.jpg,  Directory: dir_9641117ED95A43098D872B9A917FFA35.5FFE20C8_2BC6_4EE0_90AA_D6E92F2099AD,  Size: 18416
File: rt_inst_zoom70.jpg,  Directory: dir_9641117ED95A43098D872B9A917FFA35.5FFE20C8_2BC6_4EE0_90AA_D6E92F2099AD,  Size: 19319
File: lizenzanforderungerzeugen02_zoom50.jpg,  Directory: dir_9641117ED95A43098D872B9A917FFA35.5FFE20C8_2BC6_4EE0_90AA_D6E92F2099AD,  Size: 16254
File: hmfile_hash_d88c7c55.jpg,  Directory: dir_9641117ED95A43098D872B9A917FFA35.5FFE20C8_2BC6_4EE0_90AA_D6E92F2099AD,  Size: 8925
File: ZoomIn.png,  Directory: dir_9641117ED95A43098D872B9A917FFA35.5FFE20C8_2BC6_4EE0_90AA_D6E92F2099AD,  Size: 3908
File: hmwebhelp_search_tablet.css,  Directory: dir_1B3BC25A0DBD43FF9F07EA153624A7BA.5FFE20C8_2BC6_4EE0_90AA_D6E92F2099AD,  Size: 6321
File: vdma_logo_zoom17.jpg,  Directory: dir_CEE9F0C64FCF441198A38C9673370749.5FFE20C8_2BC6_4EE0_90AA_D6E92F2099AD,  Size: 1690
File: container.html,  Directory: dir_8806771C411545C9B482E8B2239C5A9B.5FFE20C8_2BC6_4EE0_90AA_D6E92F2099AD,  Size: 43982
File: webadmin_configurationmessage_01_zoom43.jpg,  Directory: dir_9641117ED95A43098D872B9A917FFA35.5FFE20C8_2BC6_4EE0_90AA_D6E92F2099AD,  Size: 8080
File: information_grau_klein26_zoom108.jpg,  Directory: dir_CEE9F0C64FCF441198A38C9673370749.5FFE20C8_2BC6_4EE0_90AA_D6E92F2099AD,  Size: 1013
File: webadmin.png,  Directory: dir_9641117ED95A43098D872B9A917FFA35.5FFE20C8_2BC6_4EE0_90AA_D6E92F2099AD,  Size: 970
File: td_implement.html,  Directory: dir_55CD00DB50894F27807C9E8A8886136B.5FFE20C8_2BC6_4EE0_90AA_D6E92F2099AD,  Size: 41222
File: hinzufuegen_icon_zoom50.jpg,  Directory: dir_CEE9F0C64FCF441198A38C9673370749.5FFE20C8_2BC6_4EE0_90AA_D6E92F2099AD,  Size: 818
File: sessions.html,  Directory: dir_55CD00DB50894F27807C9E8A8886136B.5FFE20C8_2BC6_4EE0_90AA_D6E92F2099AD,  Size: 44631
File: close_data.png,  Directory: dir_CEE9F0C64FCF441198A38C9673370749.5FFE20C8_2BC6_4EE0_90AA_D6E92F2099AD,  Size: 2029
File: remote-programming_2.html,  Directory: dir_8806771C411545C9B482E8B2239C5A9B.5FFE20C8_2BC6_4EE0_90AA_D6E92F2099AD,  Size: 40810
File: type_cmactlicense.png,  Directory: dir_CEE9F0C64FCF441198A38C9673370749.5FFE20C8_2BC6_4EE0_90AA_D6E92F2099AD,  Size: 3429
File: kw-page.gif,  Directory: dir_CEE9F0C64FCF441198A38C9673370749.5FFE20C8_2BC6_4EE0_90AA_D6E92F2099AD,  Size: 886
File: list_of_licenses_entry.html,  Directory: dir_8806771C411545C9B482E8B2239C5A9B.5FFE20C8_2BC6_4EE0_90AA_D6E92F2099AD,  Size: 44281
File: settings.js,  Directory: dir_8806771C411545C9B482E8B2239C5A9B.5FFE20C8_2BC6_4EE0_90AA_D6E92F2099AD,  Size: 2407
File: trusted_origins.html,  Directory: dir_55CD00DB50894F27807C9E8A8886136B.5FFE20C8_2BC6_4EE0_90AA_D6E92F2099AD,  Size: 48793
File: home.png,  Directory: dir_9641117ED95A43098D872B9A917FFA35.5FFE20C8_2BC6_4EE0_90AA_D6E92F2099AD,  Size: 803
File: pythonaxpnc_setup.js,  Directory: dir_005CBB5EA0E8477B8178C3341D8A64CF.5FFE20C8_2BC6_4EE0_90AA_D6E92F2099AD,  Size: 689
File: lizenzanforderungerzeugen02hinzu_zoom50.jpg,  Directory: dir_CEE9F0C64FCF441198A38C9673370749.5FFE20C8_2BC6_4EE0_90AA_D6E92F2099AD,  Size: 10077
File: cmfas_extend_existing_license.html,  Directory: dir_8806771C411545C9B482E8B2239C5A9B.5FFE20C8_2BC6_4EE0_90AA_D6E92F2099AD,  Size: 44755
File: borrow_local_license_return.html,  Directory: dir_55CD00DB50894F27807C9E8A8886136B.5FFE20C8_2BC6_4EE0_90AA_D6E92F2099AD,  Size: 43917
File: msd_to_hid.html,  Directory: dir_8806771C411545C9B482E8B2239C5A9B.5FFE20C8_2BC6_4EE0_90AA_D6E92F2099AD,  Size: 51135
File: configuration.js,  Directory: dir_C217E02153EF4FFFB5471191BAECC8B7.5FFE20C8_2BC6_4EE0_90AA_D6E92F2099AD,  Size: 1829
File: webadmin_settings_server_access_advancedmode_zoom40.jpg,  Directory: dir_CEE9F0C64FCF441198A38C9673370749.5FFE20C8_2BC6_4EE0_90AA_D6E92F2099AD,  Size: 26571
File: webadmin.html,  Directory: dir_55CD00DB50894F27807C9E8A8886136B.5FFE20C8_2BC6_4EE0_90AA_D6E92F2099AD,  Size: 71617
File: webadmin_configurationmessage_02_zoom41.jpg,  Directory: dir_CEE9F0C64FCF441198A38C9673370749.5FFE20C8_2BC6_4EE0_90AA_D6E92F2099AD,  Size: 14902
File: linux_zoom78.jpg,  Directory: dir_CEE9F0C64FCF441198A38C9673370749.5FFE20C8_2BC6_4EE0_90AA_D6E92F2099AD,  Size: 827
File: license_monitoring_details.js,  Directory: dir_C217E02153EF4FFFB5471191BAECC8B7.5FFE20C8_2BC6_4EE0_90AA_D6E92F2099AD,  Size: 13147
File: webadmin_r.jpg,  Directory: dir_9641117ED95A43098D872B9A917FFA35.5FFE20C8_2BC6_4EE0_90AA_D6E92F2099AD,  Size: 1080
File: achtung_zoom72.jpg,  Directory: dir_CEE9F0C64FCF441198A38C9673370749.5FFE20C8_2BC6_4EE0_90AA_D6E92F2099AD,  Size: 1042
File: cc_menubar.js,  Directory: dir_005CBB5EA0E8477B8178C3341D8A64CF.5FFE20C8_2BC6_4EE0_90AA_D6E92F2099AD,  Size: 34432
File: sf_toggle.png,  Directory: dir_9641117ED95A43098D872B9A917FFA35.5FFE20C8_2BC6_4EE0_90AA_D6E92F2099AD,  Size: 359
File: arrow_right.png,  Directory: dir_9641117ED95A43098D872B9A917FFA35.5FFE20C8_2BC6_4EE0_90AA_D6E92F2099AD,  Size: 873
File: backup.html,  Directory: dir_55CD00DB50894F27807C9E8A8886136B.5FFE20C8_2BC6_4EE0_90AA_D6E92F2099AD,  Size: 46712
File: webadmin_configurationmessage_02_zoom41.jpg,  Directory: dir_9641117ED95A43098D872B9A917FFA35.5FFE20C8_2BC6_4EE0_90AA_D6E92F2099AD,  Size: 15059
File: licenses_close.jpg,  Directory: dir_9641117ED95A43098D872B9A917FFA35.5FFE20C8_2BC6_4EE0_90AA_D6E92F2099AD,  Size: 1074
File: sdk_setup_03scope.jpg,  Directory: dir_CEE9F0C64FCF441198A38C9673370749.5FFE20C8_2BC6_4EE0_90AA_D6E92F2099AD,  Size: 44672
File: schritt-2-erstellen-einer-acl-.html,  Directory: dir_8806771C411545C9B482E8B2239C5A9B.5FFE20C8_2BC6_4EE0_90AA_D6E92F2099AD,  Size: 59021
File: o.jpg,  Directory: dir_9641117ED95A43098D872B9A917FFA35.5FFE20C8_2BC6_4EE0_90AA_D6E92F2099AD,  Size: 1094
File: bg.png,  Directory: dir_9641117ED95A43098D872B9A917FFA35.5FFE20C8_2BC6_4EE0_90AA_D6E92F2099AD,  Size: 2357
File: webadmin_w.jpg,  Directory: dir_CEE9F0C64FCF441198A38C9673370749.5FFE20C8_2BC6_4EE0_90AA_D6E92F2099AD,  Size: 1069
File: events.js,  Directory: dir_005CBB5EA0E8477B8178C3341D8A64CF.5FFE20C8_2BC6_4EE0_90AA_D6E92F2099AD,  Size: 2816
File: ie_01_zoom50.jpg,  Directory: dir_9641117ED95A43098D872B9A917FFA35.5FFE20C8_2BC6_4EE0_90AA_D6E92F2099AD,  Size: 12383
File: installation_codemeterrt.js,  Directory: dir_005CBB5EA0E8477B8178C3341D8A64CF.5FFE20C8_2BC6_4EE0_90AA_D6E92F2099AD,  Size: 2535
File: toc_chapter_open.svg,  Directory: dir_9641117ED95A43098D872B9A917FFA35.5FFE20C8_2BC6_4EE0_90AA_D6E92F2099AD,  Size: 552
File: wadmin_einstellungen_zugriffsschutz_advanced_newfirmcode_zoom50.jpg,  Directory: dir_CEE9F0C64FCF441198A38C9673370749.5FFE20C8_2BC6_4EE0_90AA_D6E92F2099AD,  Size: 5156
File: wadmin_einstellungen_ltconfiguration_zoom60.jpg,  Directory: dir_CEE9F0C64FCF441198A38C9673370749.5FFE20C8_2BC6_4EE0_90AA_D6E92F2099AD,  Size: 21612
File: das-all-container-ruleset.js,  Directory: dir_005CBB5EA0E8477B8178C3341D8A64CF.5FFE20C8_2BC6_4EE0_90AA_D6E92F2099AD,  Size: 2955
File: move_license.html,  Directory: dir_55CD00DB50894F27807C9E8A8886136B.5FFE20C8_2BC6_4EE0_90AA_D6E92F2099AD,  Size: 42013
File: wadmin_einstellungen_zugriffsschutz_advanced_productcode_zoom50.jpg,  Directory: dir_CEE9F0C64FCF441198A38C9673370749.5FFE20C8_2BC6_4EE0_90AA_D6E92F2099AD,  Size: 11398
File: webadmin_license_transfer.html,  Directory: dir_55CD00DB50894F27807C9E8A8886136B.5FFE20C8_2BC6_4EE0_90AA_D6E92F2099AD,  Size: 55765
File: profiling_tmr.html,  Directory: dir_8806771C411545C9B482E8B2239C5A9B.5FFE20C8_2BC6_4EE0_90AA_D6E92F2099AD,  Size: 43696
File: borrow_local_license.js,  Directory: dir_005CBB5EA0E8477B8178C3341D8A64CF.5FFE20C8_2BC6_4EE0_90AA_D6E92F2099AD,  Size: 1477
File: codemeterwebadmindetailsrejectedrequests_zoom80.jpg,  Directory: dir_CEE9F0C64FCF441198A38C9673370749.5FFE20C8_2BC6_4EE0_90AA_D6E92F2099AD,  Size: 19740
File: 04_empfaengerlizenzen_containerdetails_zoom70.jpg,  Directory: dir_9641117ED95A43098D872B9A917FFA35.5FFE20C8_2BC6_4EE0_90AA_D6E92F2099AD,  Size: 28567
File: uninstalling_linuxrt.js,  Directory: dir_005CBB5EA0E8477B8178C3341D8A64CF.5FFE20C8_2BC6_4EE0_90AA_D6E92F2099AD,  Size: 2045
File: cc_status_open_webadmin.html,  Directory: dir_55CD00DB50894F27807C9E8A8886136B.5FFE20C8_2BC6_4EE0_90AA_D6E92F2099AD,  Size: 43321
File: 02_senderlizenzen_fidetails_zoom70.jpg,  Directory: dir_CEE9F0C64FCF441198A38C9673370749.5FFE20C8_2BC6_4EE0_90AA_D6E92F2099AD,  Size: 46360
File: trusted_origins.html,  Directory: dir_8806771C411545C9B482E8B2239C5A9B.5FFE20C8_2BC6_4EE0_90AA_D6E92F2099AD,  Size: 48153
File: willkommen_cmfasassi_zoom50.jpg,  Directory: dir_9641117ED95A43098D872B9A917FFA35.5FFE20C8_2BC6_4EE0_90AA_D6E92F2099AD,  Size: 15233
File: tmr_config_webadmin.html,  Directory: dir_8806771C411545C9B482E8B2239C5A9B.5FFE20C8_2BC6_4EE0_90AA_D6E92F2099AD,  Size: 44249
File: allgemeine-constraints.html,  Directory: dir_8806771C411545C9B482E8B2239C5A9B.5FFE20C8_2BC6_4EE0_90AA_D6E92F2099AD,  Size: 42273
File: installation_linuxrt.js,  Directory: dir_005CBB5EA0E8477B8178C3341D8A64CF.5FFE20C8_2BC6_4EE0_90AA_D6E92F2099AD,  Size: 24570
File: cmfas_add_license_new_vendor.js,  Directory: dir_C217E02153EF4FFFB5471191BAECC8B7.5FFE20C8_2BC6_4EE0_90AA_D6E92F2099AD,  Size: 5361
File: cicon_loadindex_ani.gif,  Directory: dir_9641117ED95A43098D872B9A917FFA35.5FFE20C8_2BC6_4EE0_90AA_D6E92F2099AD,  Size: 7657
File: cmfas_assistant_controlcenter.js,  Directory: dir_005CBB5EA0E8477B8178C3341D8A64CF.5FFE20C8_2BC6_4EE0_90AA_D6E92F2099AD,  Size: 4586
File: import.js,  Directory: dir_C217E02153EF4FFFB5471191BAECC8B7.5FFE20C8_2BC6_4EE0_90AA_D6E92F2099AD,  Size: 2134
File: license_borrowing.js,  Directory: dir_005CBB5EA0E8477B8178C3341D8A64CF.5FFE20C8_2BC6_4EE0_90AA_D6E92F2099AD,  Size: 6094
File: webadmin_configurationmessage_03_zoom64.jpg,  Directory: dir_9641117ED95A43098D872B9A917FFA35.5FFE20C8_2BC6_4EE0_90AA_D6E92F2099AD,  Size: 28333
File: help_on_help.js,  Directory: dir_C217E02153EF4FFFB5471191BAECC8B7.5FFE20C8_2BC6_4EE0_90AA_D6E92F2099AD,  Size: 17414
File: wbbfile01_zoom50.jpg,  Directory: dir_9641117ED95A43098D872B9A917FFA35.5FFE20C8_2BC6_4EE0_90AA_D6E92F2099AD,  Size: 14363
File: product_item_details.html,  Directory: dir_8806771C411545C9B482E8B2239C5A9B.5FFE20C8_2BC6_4EE0_90AA_D6E92F2099AD,  Size: 51551
File: licensing_userhelp.js,  Directory: dir_C217E02153EF4FFFB5471191BAECC8B7.5FFE20C8_2BC6_4EE0_90AA_D6E92F2099AD,  Size: 5832
File: icon-32x32-grey-cm.png,  Directory: dir_9641117ED95A43098D872B9A917FFA35.5FFE20C8_2BC6_4EE0_90AA_D6E92F2099AD,  Size: 1641
File: import.js,  Directory: dir_005CBB5EA0E8477B8178C3341D8A64CF.5FFE20C8_2BC6_4EE0_90AA_D6E92F2099AD,  Size: 2194
File: operation.js,  Directory: dir_C217E02153EF4FFFB5471191BAECC8B7.5FFE20C8_2BC6_4EE0_90AA_D6E92F2099AD,  Size: 20410
File: 10_empfaengerlizenzen_containerdetailszurueck_zoom70.jpg,  Directory: dir_9641117ED95A43098D872B9A917FFA35.5FFE20C8_2BC6_4EE0_90AA_D6E92F2099AD,  Size: 33993
File: 05_empfaengerlizenzen_fidetails_zoom70.jpg,  Directory: dir_CEE9F0C64FCF441198A38C9673370749.5FFE20C8_2BC6_4EE0_90AA_D6E92F2099AD,  Size: 27907
File: cc_sf_name_aendern_dialog_zoom40.jpg,  Directory: dir_9641117ED95A43098D872B9A917FFA35.5FFE20C8_2BC6_4EE0_90AA_D6E92F2099AD,  Size: 3850
File: _hmpermalink.html,  Directory: dir_8806771C411545C9B482E8B2239C5A9B.5FFE20C8_2BC6_4EE0_90AA_D6E92F2099AD,  Size: 367
File: user_data.js,  Directory: dir_005CBB5EA0E8477B8178C3341D8A64CF.5FFE20C8_2BC6_4EE0_90AA_D6E92F2099AD,  Size: 2056
File: transfer_limitation.html,  Directory: dir_8806771C411545C9B482E8B2239C5A9B.5FFE20C8_2BC6_4EE0_90AA_D6E92F2099AD,  Size: 44570
File: cmfas_extend_existing_license.js,  Directory: dir_C217E02153EF4FFFB5471191BAECC8B7.5FFE20C8_2BC6_4EE0_90AA_D6E92F2099AD,  Size: 4599
File: profiling_https.html,  Directory: dir_55CD00DB50894F27807C9E8A8886136B.5FFE20C8_2BC6_4EE0_90AA_D6E92F2099AD,  Size: 51367
File: webadmin_container_cmcontainer_infos_zoom50.jpg,  Directory: dir_CEE9F0C64FCF441198A38C9673370749.5FFE20C8_2BC6_4EE0_90AA_D6E92F2099AD,  Size: 51936
File: edge.png,  Directory: dir_4F135336632D4907A8F9913B72BBED92.5FFE20C8_2BC6_4EE0_90AA_D6E92F2099AD,  Size: 211583
File: tmr.js,  Directory: dir_C217E02153EF4FFFB5471191BAECC8B7.5FFE20C8_2BC6_4EE0_90AA_D6E92F2099AD,  Size: 37221
File: social_mail.png,  Directory: dir_CEE9F0C64FCF441198A38C9673370749.5FFE20C8_2BC6_4EE0_90AA_D6E92F2099AD,  Size: 2652
File: pcruleset.js,  Directory: dir_C217E02153EF4FFFB5471191BAECC8B7.5FFE20C8_2BC6_4EE0_90AA_D6E92F2099AD,  Size: 9153
File: webadmin_start_zoom70.jpg,  Directory: dir_9641117ED95A43098D872B9A917FFA35.5FFE20C8_2BC6_4EE0_90AA_D6E92F2099AD,  Size: 77377
File: sf_pagejump.png,  Directory: dir_CEE9F0C64FCF441198A38C9673370749.5FFE20C8_2BC6_4EE0_90AA_D6E92F2099AD,  Size: 285
File: linux_zoom98.png,  Directory: dir_9641117ED95A43098D872B9A917FFA35.5FFE20C8_2BC6_4EE0_90AA_D6E92F2099AD,  Size: 707
File: uninstalling_windows.html,  Directory: dir_8806771C411545C9B482E8B2239C5A9B.5FFE20C8_2BC6_4EE0_90AA_D6E92F2099AD,  Size: 42319
File: 10_empfaengerlizenzen_containerdetailszurueck_zoom70.jpg,  Directory: dir_CEE9F0C64FCF441198A38C9673370749.5FFE20C8_2BC6_4EE0_90AA_D6E92F2099AD,  Size: 32492
File: borrow_return_entry.html,  Directory: dir_8806771C411545C9B482E8B2239C5A9B.5FFE20C8_2BC6_4EE0_90AA_D6E92F2099AD,  Size: 43848
File: webadmin.html,  Directory: dir_8806771C411545C9B482E8B2239C5A9B.5FFE20C8_2BC6_4EE0_90AA_D6E92F2099AD,  Size: 73103
File: help_on_help.js,  Directory: dir_005CBB5EA0E8477B8178C3341D8A64CF.5FFE20C8_2BC6_4EE0_90AA_D6E92F2099AD,  Size: 15325
File: cmcontainer_info.html,  Directory: dir_8806771C411545C9B482E8B2239C5A9B.5FFE20C8_2BC6_4EE0_90AA_D6E92F2099AD,  Size: 57318
File: macos_zoom99.jpg,  Directory: dir_CEE9F0C64FCF441198A38C9673370749.5FFE20C8_2BC6_4EE0_90AA_D6E92F2099AD,  Size: 897
File: chrome_01_zoom50.jpg,  Directory: dir_CEE9F0C64FCF441198A38C9673370749.5FFE20C8_2BC6_4EE0_90AA_D6E92F2099AD,  Size: 8236
File: cmfas_extend_existing_license.html,  Directory: dir_55CD00DB50894F27807C9E8A8886136B.5FFE20C8_2BC6_4EE0_90AA_D6E92F2099AD,  Size: 45446
File: important_information.html,  Directory: dir_55CD00DB50894F27807C9E8A8886136B.5FFE20C8_2BC6_4EE0_90AA_D6E92F2099AD,  Size: 69724
File: webadmin_settings_basis_netzwerk_02_zoom50.jpg,  Directory: dir_9641117ED95A43098D872B9A917FFA35.5FFE20C8_2BC6_4EE0_90AA_D6E92F2099AD,  Size: 15376
File: komplexere-acl.js,  Directory: dir_C217E02153EF4FFFB5471191BAECC8B7.5FFE20C8_2BC6_4EE0_90AA_D6E92F2099AD,  Size: 26486
File: willkommen_cmfasassi_zoom53.jpg,  Directory: dir_CEE9F0C64FCF441198A38C9673370749.5FFE20C8_2BC6_4EE0_90AA_D6E92F2099AD,  Size: 14246
File: wadmin_einstellungen_zugriffsschutz_advanced_newproductcode_zoom50.jpg,  Directory: dir_9641117ED95A43098D872B9A917FFA35.5FFE20C8_2BC6_4EE0_90AA_D6E92F2099AD,  Size: 9756
File: zoom_search.js,  Directory: dir_8806771C411545C9B482E8B2239C5A9B.5FFE20C8_2BC6_4EE0_90AA_D6E92F2099AD,  Size: 58422
File: defragment_icon_zoom80.jpg,  Directory: dir_9641117ED95A43098D872B9A917FFA35.5FFE20C8_2BC6_4EE0_90AA_D6E92F2099AD,  Size: 1019
File: profiling_tmr.html,  Directory: dir_55CD00DB50894F27807C9E8A8886136B.5FFE20C8_2BC6_4EE0_90AA_D6E92F2099AD,  Size: 44110
File: 16a_ausleihe_ausleihe_monitoring_zoom70.jpg,  Directory: dir_9641117ED95A43098D872B9A917FFA35.5FFE20C8_2BC6_4EE0_90AA_D6E92F2099AD,  Size: 14437
File: profiling_https.js,  Directory: dir_005CBB5EA0E8477B8178C3341D8A64CF.5FFE20C8_2BC6_4EE0_90AA_D6E92F2099AD,  Size: 12301
File: uninstalling_linux.html,  Directory: dir_55CD00DB50894F27807C9E8A8886136B.5FFE20C8_2BC6_4EE0_90AA_D6E92F2099AD,  Size: 42309
File: CM_logo.jpg,  Directory: dir_4F135336632D4907A8F9913B72BBED92.5FFE20C8_2BC6_4EE0_90AA_D6E92F2099AD,  Size: 1672
File: wadmin_einstellungen_zugriffsschutz_advanced_newcontainerrule_right_zoom54.jpg,  Directory: dir_CEE9F0C64FCF441198A38C9673370749.5FFE20C8_2BC6_4EE0_90AA_D6E92F2099AD,  Size: 8682
File: macos.jpg,  Directory: dir_CEE9F0C64FCF441198A38C9673370749.5FFE20C8_2BC6_4EE0_90AA_D6E92F2099AD,  Size: 897
File: cc_borrow_tab_leer_zoom50.jpg,  Directory: dir_9641117ED95A43098D872B9A917FFA35.5FFE20C8_2BC6_4EE0_90AA_D6E92F2099AD,  Size: 16236
File: borrow_return_entry.js,  Directory: dir_C217E02153EF4FFFB5471191BAECC8B7.5FFE20C8_2BC6_4EE0_90AA_D6E92F2099AD,  Size: 3667
File: profiling_http.html,  Directory: dir_8806771C411545C9B482E8B2239C5A9B.5FFE20C8_2BC6_4EE0_90AA_D6E92F2099AD,  Size: 60740
File: allgemeine-acl-parameter.html,  Directory: dir_8806771C411545C9B482E8B2239C5A9B.5FFE20C8_2BC6_4EE0_90AA_D6E92F2099AD,  Size: 44359
File: up_item_icon_zoom70.jpg,  Directory: dir_CEE9F0C64FCF441198A38C9673370749.5FFE20C8_2BC6_4EE0_90AA_D6E92F2099AD,  Size: 823
File: codemeterwebadminltbaroverlayhour_zoom80.jpg,  Directory: dir_9641117ED95A43098D872B9A917FFA35.5FFE20C8_2BC6_4EE0_90AA_D6E92F2099AD,  Size: 7042
File: kennworteingeben_zoom50.jpg,  Directory: dir_CEE9F0C64FCF441198A38C9673370749.5FFE20C8_2BC6_4EE0_90AA_D6E92F2099AD,  Size: 9344
File: toc_chapter_closed.svg,  Directory: dir_CEE9F0C64FCF441198A38C9673370749.5FFE20C8_2BC6_4EE0_90AA_D6E92F2099AD,  Size: 536
File: erstellen-einer-beispielliste-.html,  Directory: dir_55CD00DB50894F27807C9E8A8886136B.5FFE20C8_2BC6_4EE0_90AA_D6E92F2099AD,  Size: 43462
File: rule.js,  Directory: dir_005CBB5EA0E8477B8178C3341D8A64CF.5FFE20C8_2BC6_4EE0_90AA_D6E92F2099AD,  Size: 9828
File: cmfas_import_licenseupdate.html,  Directory: dir_8806771C411545C9B482E8B2239C5A9B.5FFE20C8_2BC6_4EE0_90AA_D6E92F2099AD,  Size: 45330
File: installation_mac.html,  Directory: dir_8806771C411545C9B482E8B2239C5A9B.5FFE20C8_2BC6_4EE0_90AA_D6E92F2099AD,  Size: 57575
File: hid_to_msd.js,  Directory: dir_C217E02153EF4FFFB5471191BAECC8B7.5FFE20C8_2BC6_4EE0_90AA_D6E92F2099AD,  Size: 10409
File: data_backup_restore.html,  Directory: dir_8806771C411545C9B482E8B2239C5A9B.5FFE20C8_2BC6_4EE0_90AA_D6E92F2099AD,  Size: 51623
File: diagnosis.js,  Directory: dir_005CBB5EA0E8477B8178C3341D8A64CF.5FFE20C8_2BC6_4EE0_90AA_D6E92F2099AD,  Size: 1047
File: hmwebhelp_search_desktop.css,  Directory: dir_93FB0F7D0CC340B186DBD20391CFB865.5FFE20C8_2BC6_4EE0_90AA_D6E92F2099AD,  Size: 7036
File: webadmin_settings_basis_netzwerk_03_zoom50.jpg,  Directory: dir_9641117ED95A43098D872B9A917FFA35.5FFE20C8_2BC6_4EE0_90AA_D6E92F2099AD,  Size: 13484
File: schritt-2-erstellen-einer-acl-.js,  Directory: dir_005CBB5EA0E8477B8178C3341D8A64CF.5FFE20C8_2BC6_4EE0_90AA_D6E92F2099AD,  Size: 21859
File: win8_logo_zoom9.jpg,  Directory: dir_CEE9F0C64FCF441198A38C9673370749.5FFE20C8_2BC6_4EE0_90AA_D6E92F2099AD,  Size: 771
File: hmVideoBox.js,  Directory: dir_28FBCDD5F46F4375A8F125191C936317.5FFE20C8_2BC6_4EE0_90AA_D6E92F2099AD,  Size: 6638
File: __cmembedded_4c_transp.png,  Directory: dir_9641117ED95A43098D872B9A917FFA35.5FFE20C8_2BC6_4EE0_90AA_D6E92F2099AD,  Size: 34829
File: signedlogfile_entry.js,  Directory: dir_C217E02153EF4FFFB5471191BAECC8B7.5FFE20C8_2BC6_4EE0_90AA_D6E92F2099AD,  Size: 8614
File: default-regeln.js,  Directory: dir_005CBB5EA0E8477B8178C3341D8A64CF.5FFE20C8_2BC6_4EE0_90AA_D6E92F2099AD,  Size: 3204
File: jquery.scrollTomin.js,  Directory: dir_079197E4E23B4155B10356C291A628DF.5FFE20C8_2BC6_4EE0_90AA_D6E92F2099AD,  Size: 3388
File: beispiel_en_zoom47.jpg,  Directory: dir_CEE9F0C64FCF441198A38C9673370749.5FFE20C8_2BC6_4EE0_90AA_D6E92F2099AD,  Size: 936
File: webadmin_cmcontainer_firmitemdetails_zoom60.jpg,  Directory: dir_9641117ED95A43098D872B9A917FFA35.5FFE20C8_2BC6_4EE0_90AA_D6E92F2099AD,  Size: 72926
File: globale-regel-fuer-localhost.html,  Directory: dir_8806771C411545C9B482E8B2239C5A9B.5FFE20C8_2BC6_4EE0_90AA_D6E92F2099AD,  Size: 46131
File: installation_linux.js,  Directory: dir_C217E02153EF4FFFB5471191BAECC8B7.5FFE20C8_2BC6_4EE0_90AA_D6E92F2099AD,  Size: 25085
File: export.js,  Directory: dir_005CBB5EA0E8477B8178C3341D8A64CF.5FFE20C8_2BC6_4EE0_90AA_D6E92F2099AD,  Size: 1411
File: webadmin_settings_erweiteret_timeserver_zoom49.jpg,  Directory: dir_CEE9F0C64FCF441198A38C9673370749.5FFE20C8_2BC6_4EE0_90AA_D6E92F2099AD,  Size: 28014
File: data_backup_restore.js,  Directory: dir_C217E02153EF4FFFB5471191BAECC8B7.5FFE20C8_2BC6_4EE0_90AA_D6E92F2099AD,  Size: 11986
File: move_n_from_m_return.html,  Directory: dir_55CD00DB50894F27807C9E8A8886136B.5FFE20C8_2BC6_4EE0_90AA_D6E92F2099AD,  Size: 43944
File: denial_entry.html,  Directory: dir_8806771C411545C9B482E8B2239C5A9B.5FFE20C8_2BC6_4EE0_90AA_D6E92F2099AD,  Size: 44764
File: cmfas_add_license_new_vendor.html,  Directory: dir_8806771C411545C9B482E8B2239C5A9B.5FFE20C8_2BC6_4EE0_90AA_D6E92F2099AD,  Size: 45472
File: wadmin_einstellungen_zugriffsschutz_advanced_clonefc_zoom60.jpg,  Directory: dir_9641117ED95A43098D872B9A917FFA35.5FFE20C8_2BC6_4EE0_90AA_D6E92F2099AD,  Size: 7215
File: remote-programming.js,  Directory: dir_C217E02153EF4FFFB5471191BAECC8B7.5FFE20C8_2BC6_4EE0_90AA_D6E92F2099AD,  Size: 389
File: uninstalling_macrt.js,  Directory: dir_005CBB5EA0E8477B8178C3341D8A64CF.5FFE20C8_2BC6_4EE0_90AA_D6E92F2099AD,  Size: 2256
File: wadmin_einstellungen_zugriffsschutz_advanced_productcode_zoom50.jpg,  Directory: dir_9641117ED95A43098D872B9A917FFA35.5FFE20C8_2BC6_4EE0_90AA_D6E92F2099AD,  Size: 10548
File: einstellungen.jpg,  Directory: dir_CEE9F0C64FCF441198A38C9673370749.5FFE20C8_2BC6_4EE0_90AA_D6E92F2099AD,  Size: 953
File: webadmin_start.html,  Directory: dir_55CD00DB50894F27807C9E8A8886136B.5FFE20C8_2BC6_4EE0_90AA_D6E92F2099AD,  Size: 52916
File: refresh_zoom40.jpg,  Directory: dir_9641117ED95A43098D872B9A917FFA35.5FFE20C8_2BC6_4EE0_90AA_D6E92F2099AD,  Size: 818
File: webadmin_dashboard_cert_zoom57.jpg,  Directory: dir_9641117ED95A43098D872B9A917FFA35.5FFE20C8_2BC6_4EE0_90AA_D6E92F2099AD,  Size: 11955
File: hmEmbedHelp.js,  Directory: dir_079197E4E23B4155B10356C291A628DF.5FFE20C8_2BC6_4EE0_90AA_D6E92F2099AD,  Size: 20639
File: hmDoCopyCode.js,  Directory: dir_28FBCDD5F46F4375A8F125191C936317.5FFE20C8_2BC6_4EE0_90AA_D6E92F2099AD,  Size: 886
File: cmcontainer_details.html,  Directory: dir_55CD00DB50894F27807C9E8A8886136B.5FFE20C8_2BC6_4EE0_90AA_D6E92F2099AD,  Size: 49386
File: copyright.html,  Directory: dir_55CD00DB50894F27807C9E8A8886136B.5FFE20C8_2BC6_4EE0_90AA_D6E92F2099AD,  Size: 49280
File: wadmin_einstellungen_zugriffsschutz_advanced_clonepc_zoom60.jpg,  Directory: dir_CEE9F0C64FCF441198A38C9673370749.5FFE20C8_2BC6_4EE0_90AA_D6E92F2099AD,  Size: 10576
File: button_serverexchange_0.png,  Directory: dir_CEE9F0C64FCF441198A38C9673370749.5FFE20C8_2BC6_4EE0_90AA_D6E92F2099AD,  Size: 1093
File: hmwebhelp_index_tablet.css,  Directory: dir_93FB0F7D0CC340B186DBD20391CFB865.5FFE20C8_2BC6_4EE0_90AA_D6E92F2099AD,  Size: 4158
File: edge_03_zoom60.jpg,  Directory: dir_CEE9F0C64FCF441198A38C9673370749.5FFE20C8_2BC6_4EE0_90AA_D6E92F2099AD,  Size: 1299
File: das-all-container-ruleset.html,  Directory: dir_8806771C411545C9B482E8B2239C5A9B.5FFE20C8_2BC6_4EE0_90AA_D6E92F2099AD,  Size: 42858
File: webadmin_configuration_loginforwrite_btn_zoom67.jpg,  Directory: dir_CEE9F0C64FCF441198A38C9673370749.5FFE20C8_2BC6_4EE0_90AA_D6E92F2099AD,  Size: 2169
File: ueberblick_tmr.html,  Directory: dir_55CD00DB50894F27807C9E8A8886136B.5FFE20C8_2BC6_4EE0_90AA_D6E92F2099AD,  Size: 48946
File: logo-image-desk.png,  Directory: dir_9641117ED95A43098D872B9A917FFA35.5FFE20C8_2BC6_4EE0_90AA_D6E92F2099AD,  Size: 8775
File: requirements.html,  Directory: dir_55CD00DB50894F27807C9E8A8886136B.5FFE20C8_2BC6_4EE0_90AA_D6E92F2099AD,  Size: 58503
File: hmwebhelp_main_phone.css,  Directory: dir_93FB0F7D0CC340B186DBD20391CFB865.5FFE20C8_2BC6_4EE0_90AA_D6E92F2099AD,  Size: 21625
File: wadmin_einstellungen_zugriffsschutz_advanced_deletecontainerrule_zoom53.jpg,  Directory: dir_9641117ED95A43098D872B9A917FFA35.5FFE20C8_2BC6_4EE0_90AA_D6E92F2099AD,  Size: 6593
File: webadmin_configuration_https_02_zoom60.jpg,  Directory: dir_9641117ED95A43098D872B9A917FFA35.5FFE20C8_2BC6_4EE0_90AA_D6E92F2099AD,  Size: 17038
File: cmfas_assistant_controlcenter.js,  Directory: dir_C217E02153EF4FFFB5471191BAECC8B7.5FFE20C8_2BC6_4EE0_90AA_D6E92F2099AD,  Size: 5572
File: toc_openbook.png,  Directory: dir_CEE9F0C64FCF441198A38C9673370749.5FFE20C8_2BC6_4EE0_90AA_D6E92F2099AD,  Size: 3109
File: 06amonitor_zoom61.jpg,  Directory: dir_CEE9F0C64FCF441198A38C9673370749.5FFE20C8_2BC6_4EE0_90AA_D6E92F2099AD,  Size: 14487
File: cmdust.js,  Directory: dir_C217E02153EF4FFFB5471191BAECC8B7.5FFE20C8_2BC6_4EE0_90AA_D6E92F2099AD,  Size: 19540
File: release_entry.html,  Directory: dir_8806771C411545C9B482E8B2239C5A9B.5FFE20C8_2BC6_4EE0_90AA_D6E92F2099AD,  Size: 43691
File: wadmin_einstellungen_zugriffsschutz_advanced_newcontainerrule_checkbox_zoom50.jpg,  Directory: dir_CEE9F0C64FCF441198A38C9673370749.5FFE20C8_2BC6_4EE0_90AA_D6E92F2099AD,  Size: 8079
File: cc_borrow_tab.html,  Directory: dir_55CD00DB50894F27807C9E8A8886136B.5FFE20C8_2BC6_4EE0_90AA_D6E92F2099AD,  Size: 48747
File: borrow_local_license_borrow.html,  Directory: dir_55CD00DB50894F27807C9E8A8886136B.5FFE20C8_2BC6_4EE0_90AA_D6E92F2099AD,  Size: 43906
File: signedlogfile_entry.html,  Directory: dir_55CD00DB50894F27807C9E8A8886136B.5FFE20C8_2BC6_4EE0_90AA_D6E92F2099AD,  Size: 47715
File: ie_02_zoom41.jpg,  Directory: dir_9641117ED95A43098D872B9A917FFA35.5FFE20C8_2BC6_4EE0_90AA_D6E92F2099AD,  Size: 15872
File: TextMinus.png,  Directory: dir_CEE9F0C64FCF441198A38C9673370749.5FFE20C8_2BC6_4EE0_90AA_D6E92F2099AD,  Size: 1030
File: msd_to_hid.html,  Directory: dir_55CD00DB50894F27807C9E8A8886136B.5FFE20C8_2BC6_4EE0_90AA_D6E92F2099AD,  Size: 51572
File: uninstalling_windows.js,  Directory: dir_005CBB5EA0E8477B8178C3341D8A64CF.5FFE20C8_2BC6_4EE0_90AA_D6E92F2099AD,  Size: 1536
File: hmSmartPopup.js,  Directory: dir_079197E4E23B4155B10356C291A628DF.5FFE20C8_2BC6_4EE0_90AA_D6E92F2099AD,  Size: 20327
File: 17_empfaengerausleihe_containerdetaills_zoom70.jpg,  Directory: dir_CEE9F0C64FCF441198A38C9673370749.5FFE20C8_2BC6_4EE0_90AA_D6E92F2099AD,  Size: 27748
File: anmerkungen.html,  Directory: dir_55CD00DB50894F27807C9E8A8886136B.5FFE20C8_2BC6_4EE0_90AA_D6E92F2099AD,  Size: 41750
File: webadmin_settings_server_access_advancedmode_zoom40.jpg,  Directory: dir_9641117ED95A43098D872B9A917FFA35.5FFE20C8_2BC6_4EE0_90AA_D6E92F2099AD,  Size: 25512
File: cc_structure_and_navigation.js,  Directory: dir_C217E02153EF4FFFB5471191BAECC8B7.5FFE20C8_2BC6_4EE0_90AA_D6E92F2099AD,  Size: 18508
File: cc_sf_zeige_alle_offenen_handles_.jpg,  Directory: dir_CEE9F0C64FCF441198A38C9673370749.5FFE20C8_2BC6_4EE0_90AA_D6E92F2099AD,  Size: 876
File: uninstalling_windowsrt.js,  Directory: dir_005CBB5EA0E8477B8178C3341D8A64CF.5FFE20C8_2BC6_4EE0_90AA_D6E92F2099AD,  Size: 1972
File: cc_cmreadycontainer_zoom57.jpg,  Directory: dir_9641117ED95A43098D872B9A917FFA35.5FFE20C8_2BC6_4EE0_90AA_D6E92F2099AD,  Size: 9062
File: firm_item_details.js,  Directory: dir_C217E02153EF4FFFB5471191BAECC8B7.5FFE20C8_2BC6_4EE0_90AA_D6E92F2099AD,  Size: 7195
File: mob_next.png,  Directory: dir_9641117ED95A43098D872B9A917FFA35.5FFE20C8_2BC6_4EE0_90AA_D6E92F2099AD,  Size: 247
File: installation_linux.html,  Directory: dir_55CD00DB50894F27807C9E8A8886136B.5FFE20C8_2BC6_4EE0_90AA_D6E92F2099AD,  Size: 63450
File: wadmin_einstellungen_zugriffsschutz_advanced_newcontainerrule_right_zoom54.jpg,  Directory: dir_9641117ED95A43098D872B9A917FFA35.5FFE20C8_2BC6_4EE0_90AA_D6E92F2099AD,  Size: 8392
File: lt_icon_options_zoom120.jpg,  Directory: dir_9641117ED95A43098D872B9A917FFA35.5FFE20C8_2BC6_4EE0_90AA_D6E92F2099AD,  Size: 974
File: move_n_from_m_transfer.js,  Directory: dir_005CBB5EA0E8477B8178C3341D8A64CF.5FFE20C8_2BC6_4EE0_90AA_D6E92F2099AD,  Size: 3439
File: license_entry.js,  Directory: dir_005CBB5EA0E8477B8178C3341D8A64CF.5FFE20C8_2BC6_4EE0_90AA_D6E92F2099AD,  Size: 7903
File: webadmin_configuration_https_01_zoom60.jpg,  Directory: dir_9641117ED95A43098D872B9A917FFA35.5FFE20C8_2BC6_4EE0_90AA_D6E92F2099AD,  Size: 25482
File: fontSize.js,  Directory: dir_079197E4E23B4155B10356C291A628DF.5FFE20C8_2BC6_4EE0_90AA_D6E92F2099AD,  Size: 2539
File: anmerkungen.html,  Directory: dir_8806771C411545C9B482E8B2239C5A9B.5FFE20C8_2BC6_4EE0_90AA_D6E92F2099AD,  Size: 41365
File: licenses_expand.jpg,  Directory: dir_CEE9F0C64FCF441198A38C9673370749.5FFE20C8_2BC6_4EE0_90AA_D6E92F2099AD,  Size: 1126
File: signature_entry.html,  Directory: dir_8806771C411545C9B482E8B2239C5A9B.5FFE20C8_2BC6_4EE0_90AA_D6E92F2099AD,  Size: 45716
File: trusted_origins.js,  Directory: dir_005CBB5EA0E8477B8178C3341D8A64CF.5FFE20C8_2BC6_4EE0_90AA_D6E92F2099AD,  Size: 8636
File: profiling_http.js,  Directory: dir_005CBB5EA0E8477B8178C3341D8A64CF.5FFE20C8_2BC6_4EE0_90AA_D6E92F2099AD,  Size: 23167
File: definitions_and_value_ranges.html,  Directory: dir_8806771C411545C9B482E8B2239C5A9B.5FFE20C8_2BC6_4EE0_90AA_D6E92F2099AD,  Size: 53319
File: bitkom_zoom13.jpg,  Directory: dir_CEE9F0C64FCF441198A38C9673370749.5FFE20C8_2BC6_4EE0_90AA_D6E92F2099AD,  Size: 1368
File: edge_03_zoom60.jpg,  Directory: dir_9641117ED95A43098D872B9A917FFA35.5FFE20C8_2BC6_4EE0_90AA_D6E92F2099AD,  Size: 1299
File: index.html,  Directory: dir_8806771C411545C9B482E8B2239C5A9B.5FFE20C8_2BC6_4EE0_90AA_D6E92F2099AD,  Size: 46355
File: webadmin_trusted_origins_result_zoom56.jpg,  Directory: dir_9641117ED95A43098D872B9A917FFA35.5FFE20C8_2BC6_4EE0_90AA_D6E92F2099AD,  Size: 17076
File: remote-programming_2.js,  Directory: dir_C217E02153EF4FFFB5471191BAECC8B7.5FFE20C8_2BC6_4EE0_90AA_D6E92F2099AD,  Size: 389
File: webadmin_cmcontainer_productitemdetails_zoom60.jpg,  Directory: dir_CEE9F0C64FCF441198A38C9673370749.5FFE20C8_2BC6_4EE0_90AA_D6E92F2099AD,  Size: 74999
File: codemeterwebadmindetailsallevents_zoom80.jpg,  Directory: dir_9641117ED95A43098D872B9A917FFA35.5FFE20C8_2BC6_4EE0_90AA_D6E92F2099AD,  Size: 60248
File: chrome_03_zoom50.jpg,  Directory: dir_CEE9F0C64FCF441198A38C9673370749.5FFE20C8_2BC6_4EE0_90AA_D6E92F2099AD,  Size: 1203
File: cc_importing_updating_licenses.html,  Directory: dir_8806771C411545C9B482E8B2239C5A9B.5FFE20C8_2BC6_4EE0_90AA_D6E92F2099AD,  Size: 44153
File: license_entry.html,  Directory: dir_8806771C411545C9B482E8B2239C5A9B.5FFE20C8_2BC6_4EE0_90AA_D6E92F2099AD,  Size: 47521
File: redirect_zoom60.jpg,  Directory: dir_CEE9F0C64FCF441198A38C9673370749.5FFE20C8_2BC6_4EE0_90AA_D6E92F2099AD,  Size: 18360
File: achtung_zoom35.jpg,  Directory: dir_CEE9F0C64FCF441198A38C9673370749.5FFE20C8_2BC6_4EE0_90AA_D6E92F2099AD,  Size: 1026
File: cc_structure_and_navigation.html,  Directory: dir_55CD00DB50894F27807C9E8A8886136B.5FFE20C8_2BC6_4EE0_90AA_D6E92F2099AD,  Size: 58186
File: hmwebhelp_main_phone.css,  Directory: dir_1B3BC25A0DBD43FF9F07EA153624A7BA.5FFE20C8_2BC6_4EE0_90AA_D6E92F2099AD,  Size: 21626
File: webadmin.js,  Directory: dir_C217E02153EF4FFFB5471191BAECC8B7.5FFE20C8_2BC6_4EE0_90AA_D6E92F2099AD,  Size: 35059
File: hmDoToggle.js,  Directory: dir_079197E4E23B4155B10356C291A628DF.5FFE20C8_2BC6_4EE0_90AA_D6E92F2099AD,  Size: 7795
File: cc_sf_zeige_alle_cmsticks_.jpg,  Directory: dir_9641117ED95A43098D872B9A917FFA35.5FFE20C8_2BC6_4EE0_90AA_D6E92F2099AD,  Size: 865
File: wadmin_einstellungen_zugriffsschutz_advanced_deletecontainerrule_zoom53.jpg,  Directory: dir_CEE9F0C64FCF441198A38C9673370749.5FFE20C8_2BC6_4EE0_90AA_D6E92F2099AD,  Size: 6447
File: borrow_local_license.html,  Directory: dir_55CD00DB50894F27807C9E8A8886136B.5FFE20C8_2BC6_4EE0_90AA_D6E92F2099AD,  Size: 42042
File: type_cmstick.png,  Directory: dir_9641117ED95A43098D872B9A917FFA35.5FFE20C8_2BC6_4EE0_90AA_D6E92F2099AD,  Size: 3760
File: jquery.js,  Directory: dir_079197E4E23B4155B10356C291A628DF.5FFE20C8_2BC6_4EE0_90AA_D6E92F2099AD,  Size: 87538
File: format_of_the_logfile.js,  Directory: dir_005CBB5EA0E8477B8178C3341D8A64CF.5FFE20C8_2BC6_4EE0_90AA_D6E92F2099AD,  Size: 2760
File: syst_requirements.js,  Directory: dir_005CBB5EA0E8477B8178C3341D8A64CF.5FFE20C8_2BC6_4EE0_90AA_D6E92F2099AD,  Size: 5501
File: signedlogfile_entry.js,  Directory: dir_005CBB5EA0E8477B8178C3341D8A64CF.5FFE20C8_2BC6_4EE0_90AA_D6E92F2099AD,  Size: 7488
File: light.png,  Directory: dir_CEE9F0C64FCF441198A38C9673370749.5FFE20C8_2BC6_4EE0_90AA_D6E92F2099AD,  Size: 1192
File: profiling_serversearchlist.html,  Directory: dir_8806771C411545C9B482E8B2239C5A9B.5FFE20C8_2BC6_4EE0_90AA_D6E92F2099AD,  Size: 47379
File: hmwebhelp_index_desktop.css,  Directory: dir_93FB0F7D0CC340B186DBD20391CFB865.5FFE20C8_2BC6_4EE0_90AA_D6E92F2099AD,  Size: 4305
File: pcruleset.html,  Directory: dir_55CD00DB50894F27807C9E8A8886136B.5FFE20C8_2BC6_4EE0_90AA_D6E92F2099AD,  Size: 49211
File: syst_requirements.js,  Directory: dir_C217E02153EF4FFFB5471191BAECC8B7.5FFE20C8_2BC6_4EE0_90AA_D6E92F2099AD,  Size: 5645
File: icon-32x32-yellow-cm.png,  Directory: dir_CEE9F0C64FCF441198A38C9673370749.5FFE20C8_2BC6_4EE0_90AA_D6E92F2099AD,  Size: 2166
File: hmcontextids.js,  Directory: dir_28FBCDD5F46F4375A8F125191C936317.5FFE20C8_2BC6_4EE0_90AA_D6E92F2099AD,  Size: 479
File: leftright.png,  Directory: dir_CEE9F0C64FCF441198A38C9673370749.5FFE20C8_2BC6_4EE0_90AA_D6E92F2099AD,  Size: 6826
File: zoom_search.js,  Directory: dir_28FBCDD5F46F4375A8F125191C936317.5FFE20C8_2BC6_4EE0_90AA_D6E92F2099AD,  Size: 58344
File: product_item_details.js,  Directory: dir_005CBB5EA0E8477B8178C3341D8A64CF.5FFE20C8_2BC6_4EE0_90AA_D6E92F2099AD,  Size: 10880
File: jquery.history.js,  Directory: dir_28FBCDD5F46F4375A8F125191C936317.5FFE20C8_2BC6_4EE0_90AA_D6E92F2099AD,  Size: 22933
File: examples.js,  Directory: dir_005CBB5EA0E8477B8178C3341D8A64CF.5FFE20C8_2BC6_4EE0_90AA_D6E92F2099AD,  Size: 882
File: achtung_zoom37.jpg,  Directory: dir_CEE9F0C64FCF441198A38C9673370749.5FFE20C8_2BC6_4EE0_90AA_D6E92F2099AD,  Size: 1079
File: webadmin_trusted_origins_all_zoom50.jpg,  Directory: dir_9641117ED95A43098D872B9A917FFA35.5FFE20C8_2BC6_4EE0_90AA_D6E92F2099AD,  Size: 24463
File: lizenzanforderungerzeugen04_zoom50.jpg,  Directory: dir_9641117ED95A43098D872B9A917FFA35.5FFE20C8_2BC6_4EE0_90AA_D6E92F2099AD,  Size: 13240
File: 13_senderausleihe_containerdetaills_zoom70.jpg,  Directory: dir_9641117ED95A43098D872B9A917FFA35.5FFE20C8_2BC6_4EE0_90AA_D6E92F2099AD,  Size: 29229
File: mob_next.png,  Directory: dir_CEE9F0C64FCF441198A38C9673370749.5FFE20C8_2BC6_4EE0_90AA_D6E92F2099AD,  Size: 247
File: access_entry.js,  Directory: dir_005CBB5EA0E8477B8178C3341D8A64CF.5FFE20C8_2BC6_4EE0_90AA_D6E92F2099AD,  Size: 4779
File: 08_senderlizenzen_fidetailszurueck_zoom70.jpg,  Directory: dir_CEE9F0C64FCF441198A38C9673370749.5FFE20C8_2BC6_4EE0_90AA_D6E92F2099AD,  Size: 50104
File: webadmin_config.js,  Directory: dir_C217E02153EF4FFFB5471191BAECC8B7.5FFE20C8_2BC6_4EE0_90AA_D6E92F2099AD,  Size: 40263
File: installation_linux.js,  Directory: dir_005CBB5EA0E8477B8178C3341D8A64CF.5FFE20C8_2BC6_4EE0_90AA_D6E92F2099AD,  Size: 24145
File: requirements.js,  Directory: dir_C217E02153EF4FFFB5471191BAECC8B7.5FFE20C8_2BC6_4EE0_90AA_D6E92F2099AD,  Size: 19079
File: help_overview_en_zoom50.png,  Directory: dir_CEE9F0C64FCF441198A38C9673370749.5FFE20C8_2BC6_4EE0_90AA_D6E92F2099AD,  Size: 92212
File: de.jpg,  Directory: dir_4F135336632D4907A8F9913B72BBED92.5FFE20C8_2BC6_4EE0_90AA_D6E92F2099AD,  Size: 1144
File: toc_hide.png,  Directory: dir_9641117ED95A43098D872B9A917FFA35.5FFE20C8_2BC6_4EE0_90AA_D6E92F2099AD,  Size: 536
File: linux.png,  Directory: dir_9641117ED95A43098D872B9A917FFA35.5FFE20C8_2BC6_4EE0_90AA_D6E92F2099AD,  Size: 707
File: tmr_config_webadmin.js,  Directory: dir_C217E02153EF4FFFB5471191BAECC8B7.5FFE20C8_2BC6_4EE0_90AA_D6E92F2099AD,  Size: 3964
File: wadmin_einstellungen_zugriffsschutz_advanced_newcontainerrule_zoom50.jpg,  Directory: dir_CEE9F0C64FCF441198A38C9673370749.5FFE20C8_2BC6_4EE0_90AA_D6E92F2099AD,  Size: 4618
File: webadmin_r.jpg,  Directory: dir_CEE9F0C64FCF441198A38C9673370749.5FFE20C8_2BC6_4EE0_90AA_D6E92F2099AD,  Size: 1080
File: webadmin_configuration_webadmin_read_access_zoom60.jpg,  Directory: dir_9641117ED95A43098D872B9A917FFA35.5FFE20C8_2BC6_4EE0_90AA_D6E92F2099AD,  Size: 9156
File: server_access.html,  Directory: dir_8806771C411545C9B482E8B2239C5A9B.5FFE20C8_2BC6_4EE0_90AA_D6E92F2099AD,  Size: 51538
File: 16_ausleihe_ausleihe_monitoring_zoom70.jpg,  Directory: dir_CEE9F0C64FCF441198A38C9673370749.5FFE20C8_2BC6_4EE0_90AA_D6E92F2099AD,  Size: 19224
File: webadmin_cmcontainer_details_non_hid_zoom50.jpg,  Directory: dir_CEE9F0C64FCF441198A38C9673370749.5FFE20C8_2BC6_4EE0_90AA_D6E92F2099AD,  Size: 24848
File: prod_tip.gif,  Directory: dir_CEE9F0C64FCF441198A38C9673370749.5FFE20C8_2BC6_4EE0_90AA_D6E92F2099AD,  Size: 1367
File: toggleLayoutTable.js,  Directory: dir_28FBCDD5F46F4375A8F125191C936317.5FFE20C8_2BC6_4EE0_90AA_D6E92F2099AD,  Size: 2236
File: webadmin_configuration_webadmin_write_access_02_zoom71.jpg,  Directory: dir_CEE9F0C64FCF441198A38C9673370749.5FFE20C8_2BC6_4EE0_90AA_D6E92F2099AD,  Size: 8980
File: definitions_and_value_ranges.js,  Directory: dir_005CBB5EA0E8477B8178C3341D8A64CF.5FFE20C8_2BC6_4EE0_90AA_D6E92F2099AD,  Size: 14332
File: 11_empfaengerlizenzen_fidetailszurueck_zoom70.jpg,  Directory: dir_CEE9F0C64FCF441198A38C9673370749.5FFE20C8_2BC6_4EE0_90AA_D6E92F2099AD,  Size: 57071
File: icon-32x32-green-cm.png,  Directory: dir_CEE9F0C64FCF441198A38C9673370749.5FFE20C8_2BC6_4EE0_90AA_D6E92F2099AD,  Size: 2126
File: codemeterwebadminltlicenses_zoom80.jpg,  Directory: dir_9641117ED95A43098D872B9A917FFA35.5FFE20C8_2BC6_4EE0_90AA_D6E92F2099AD,  Size: 6452
File: msd_to_hid.js,  Directory: dir_005CBB5EA0E8477B8178C3341D8A64CF.5FFE20C8_2BC6_4EE0_90AA_D6E92F2099AD,  Size: 11477
File: runtimekit_setup_01.jpg,  Directory: dir_CEE9F0C64FCF441198A38C9673370749.5FFE20C8_2BC6_4EE0_90AA_D6E92F2099AD,  Size: 36169
File: license_monitoring.js,  Directory: dir_C217E02153EF4FFFB5471191BAECC8B7.5FFE20C8_2BC6_4EE0_90AA_D6E92F2099AD,  Size: 7824
File: hmcontent.js,  Directory: dir_28FBCDD5F46F4375A8F125191C936317.5FFE20C8_2BC6_4EE0_90AA_D6E92F2099AD,  Size: 22576
File: cc_cmreadycontainer_zoom57.jpg,  Directory: dir_CEE9F0C64FCF441198A38C9673370749.5FFE20C8_2BC6_4EE0_90AA_D6E92F2099AD,  Size: 9175
File: hmSmartPopup.js,  Directory: dir_28FBCDD5F46F4375A8F125191C936317.5FFE20C8_2BC6_4EE0_90AA_D6E92F2099AD,  Size: 20198
File: h.jpg,  Directory: dir_9641117ED95A43098D872B9A917FFA35.5FFE20C8_2BC6_4EE0_90AA_D6E92F2099AD,  Size: 1095
File: licensing_userhelp.html,  Directory: dir_55CD00DB50894F27807C9E8A8886136B.5FFE20C8_2BC6_4EE0_90AA_D6E92F2099AD,  Size: 45930
File: 06_empfaengerlizenzen_pidetails_zoom70.jpg,  Directory: dir_CEE9F0C64FCF441198A38C9673370749.5FFE20C8_2BC6_4EE0_90AA_D6E92F2099AD,  Size: 40321
File: webadmin_configuration_webadmin_config_write_access_zoom64.jpg,  Directory: dir_CEE9F0C64FCF441198A38C9673370749.5FFE20C8_2BC6_4EE0_90AA_D6E92F2099AD,  Size: 5298
File: opc_logo_neu_zoom15.jpg,  Directory: dir_CEE9F0C64FCF441198A38C9673370749.5FFE20C8_2BC6_4EE0_90AA_D6E92F2099AD,  Size: 2395
File: product_item_details_user.html,  Directory: dir_55CD00DB50894F27807C9E8A8886136B.5FFE20C8_2BC6_4EE0_90AA_D6E92F2099AD,  Size: 42394
File: 01_module_items_containerdetails_zoom70.jpg,  Directory: dir_CEE9F0C64FCF441198A38C9673370749.5FFE20C8_2BC6_4EE0_90AA_D6E92F2099AD,  Size: 87679
File: cc_sf_zeige_alle_cmsticks_.jpg,  Directory: dir_CEE9F0C64FCF441198A38C9673370749.5FFE20C8_2BC6_4EE0_90AA_D6E92F2099AD,  Size: 865
File: licensing_userhelp.js,  Directory: dir_005CBB5EA0E8477B8178C3341D8A64CF.5FFE20C8_2BC6_4EE0_90AA_D6E92F2099AD,  Size: 5837
File: controlcenter.html,  Directory: dir_55CD00DB50894F27807C9E8A8886136B.5FFE20C8_2BC6_4EE0_90AA_D6E92F2099AD,  Size: 58739
File: webadmin_settings_server_access_simplemode_zoom60.jpg,  Directory: dir_CEE9F0C64FCF441198A38C9673370749.5FFE20C8_2BC6_4EE0_90AA_D6E92F2099AD,  Size: 39767
File: toc_closedbook.png,  Directory: dir_9641117ED95A43098D872B9A917FFA35.5FFE20C8_2BC6_4EE0_90AA_D6E92F2099AD,  Size: 2983
File: hmEmbedHelp.js,  Directory: dir_28FBCDD5F46F4375A8F125191C936317.5FFE20C8_2BC6_4EE0_90AA_D6E92F2099AD,  Size: 20629
File: webadmin_dashboard_server_zoom60.jpg,  Directory: dir_9641117ED95A43098D872B9A917FFA35.5FFE20C8_2BC6_4EE0_90AA_D6E92F2099AD,  Size: 12859
File: allgemeine-constraints.html,  Directory: dir_55CD00DB50894F27807C9E8A8886136B.5FFE20C8_2BC6_4EE0_90AA_D6E92F2099AD,  Size: 42619
File: msd_to_hid.js,  Directory: dir_C217E02153EF4FFFB5471191BAECC8B7.5FFE20C8_2BC6_4EE0_90AA_D6E92F2099AD,  Size: 11362
File: codemeterwebadminltbaroverlayday_zoom80.jpg,  Directory: dir_CEE9F0C64FCF441198A38C9673370749.5FFE20C8_2BC6_4EE0_90AA_D6E92F2099AD,  Size: 7239
File: move_n_from_m_transfer.html,  Directory: dir_8806771C411545C9B482E8B2239C5A9B.5FFE20C8_2BC6_4EE0_90AA_D6E92F2099AD,  Size: 43524
File: 18_empfaengerausleihe_fidetaills_zoom70.jpg,  Directory: dir_CEE9F0C64FCF441198A38C9673370749.5FFE20C8_2BC6_4EE0_90AA_D6E92F2099AD,  Size: 50904
File: schritt-4-erstellen-einer-acl-.js,  Directory: dir_C217E02153EF4FFFB5471191BAECC8B7.5FFE20C8_2BC6_4EE0_90AA_D6E92F2099AD,  Size: 12038
File: webadmin_monitoring_license_details_zoom53.jpg,  Directory: dir_9641117ED95A43098D872B9A917FFA35.5FFE20C8_2BC6_4EE0_90AA_D6E92F2099AD,  Size: 85750
File: installation_codemeter.js,  Directory: dir_C217E02153EF4FFFB5471191BAECC8B7.5FFE20C8_2BC6_4EE0_90AA_D6E92F2099AD,  Size: 2146
File: toc_topic.png,  Directory: dir_CEE9F0C64FCF441198A38C9673370749.5FFE20C8_2BC6_4EE0_90AA_D6E92F2099AD,  Size: 469
File: sf_mail.png,  Directory: dir_9641117ED95A43098D872B9A917FFA35.5FFE20C8_2BC6_4EE0_90AA_D6E92F2099AD,  Size: 308
File: toc_topic.svg,  Directory: dir_CEE9F0C64FCF441198A38C9673370749.5FFE20C8_2BC6_4EE0_90AA_D6E92F2099AD,  Size: 534
File: webadmin_configurationmessage_03_zoom64.jpg,  Directory: dir_CEE9F0C64FCF441198A38C9673370749.5FFE20C8_2BC6_4EE0_90AA_D6E92F2099AD,  Size: 22894
File: hmcontent.js,  Directory: dir_079197E4E23B4155B10356C291A628DF.5FFE20C8_2BC6_4EE0_90AA_D6E92F2099AD,  Size: 22978
File: licence_borrowing.html,  Directory: dir_55CD00DB50894F27807C9E8A8886136B.5FFE20C8_2BC6_4EE0_90AA_D6E92F2099AD,  Size: 46522
File: flag_green.gif,  Directory: dir_CEE9F0C64FCF441198A38C9673370749.5FFE20C8_2BC6_4EE0_90AA_D6E92F2099AD,  Size: 1181
File: fcruleset.js,  Directory: dir_C217E02153EF4FFFB5471191BAECC8B7.5FFE20C8_2BC6_4EE0_90AA_D6E92F2099AD,  Size: 7844
File: win8_logo_zoom15.jpg,  Directory: dir_9641117ED95A43098D872B9A917FFA35.5FFE20C8_2BC6_4EE0_90AA_D6E92F2099AD,  Size: 919
File: acl_start.html,  Directory: dir_8806771C411545C9B482E8B2239C5A9B.5FFE20C8_2BC6_4EE0_90AA_D6E92F2099AD,  Size: 46009
File: 12amonitor_zoom61.jpg,  Directory: dir_9641117ED95A43098D872B9A917FFA35.5FFE20C8_2BC6_4EE0_90AA_D6E92F2099AD,  Size: 14719
File: rule.html,  Directory: dir_55CD00DB50894F27807C9E8A8886136B.5FFE20C8_2BC6_4EE0_90AA_D6E92F2099AD,  Size: 49740
File: profiling_serversearchlist.js,  Directory: dir_C217E02153EF4FFFB5471191BAECC8B7.5FFE20C8_2BC6_4EE0_90AA_D6E92F2099AD,  Size: 8415
File: hid_communication.html,  Directory: dir_55CD00DB50894F27807C9E8A8886136B.5FFE20C8_2BC6_4EE0_90AA_D6E92F2099AD,  Size: 43887
File: wadmin_einstellungen_zugriffsschutz_advanced_globalrule_sample_zoom60.jpg,  Directory: dir_CEE9F0C64FCF441198A38C9673370749.5FFE20C8_2BC6_4EE0_90AA_D6E92F2099AD,  Size: 11326
File: TextMinus.png,  Directory: dir_9641117ED95A43098D872B9A917FFA35.5FFE20C8_2BC6_4EE0_90AA_D6E92F2099AD,  Size: 1030
File: chrome_02_zoom50.jpg,  Directory: dir_CEE9F0C64FCF441198A38C9673370749.5FFE20C8_2BC6_4EE0_90AA_D6E92F2099AD,  Size: 12789
File: codemeterwebadminltbaroverlayday_zoom80.jpg,  Directory: dir_9641117ED95A43098D872B9A917FFA35.5FFE20C8_2BC6_4EE0_90AA_D6E92F2099AD,  Size: 7167
File: pccard_zoom62.jpg,  Directory: dir_CEE9F0C64FCF441198A38C9673370749.5FFE20C8_2BC6_4EE0_90AA_D6E92F2099AD,  Size: 1390
File: profiling_general.html,  Directory: dir_55CD00DB50894F27807C9E8A8886136B.5FFE20C8_2BC6_4EE0_90AA_D6E92F2099AD,  Size: 186752
File: webadmin_w.jpg,  Directory: dir_9641117ED95A43098D872B9A917FFA35.5FFE20C8_2BC6_4EE0_90AA_D6E92F2099AD,  Size: 1069
File: macos_zoom74.jpg,  Directory: dir_9641117ED95A43098D872B9A917FFA35.5FFE20C8_2BC6_4EE0_90AA_D6E92F2099AD,  Size: 784
File: status_container_aktiviert_solange_angeschlossen_zoom70.jpg,  Directory: dir_9641117ED95A43098D872B9A917FFA35.5FFE20C8_2BC6_4EE0_90AA_D6E92F2099AD,  Size: 785
File: cc_hid_zoom50.jpg,  Directory: dir_9641117ED95A43098D872B9A917FFA35.5FFE20C8_2BC6_4EE0_90AA_D6E92F2099AD,  Size: 18424
File: lizenzaktualisierungeinspielen01_zoom62.jpg,  Directory: dir_CEE9F0C64FCF441198A38C9673370749.5FFE20C8_2BC6_4EE0_90AA_D6E92F2099AD,  Size: 21278
File: server_access.html,  Directory: dir_55CD00DB50894F27807C9E8A8886136B.5FFE20C8_2BC6_4EE0_90AA_D6E92F2099AD,  Size: 51194
File: move_n_from_m_return.js,  Directory: dir_C217E02153EF4FFFB5471191BAECC8B7.5FFE20C8_2BC6_4EE0_90AA_D6E92F2099AD,  Size: 3468
File: wadmin_einstellungen_zugriffsschutz_advanced_deletepcrule_zoom60.jpg,  Directory: dir_9641117ED95A43098D872B9A917FFA35.5FFE20C8_2BC6_4EE0_90AA_D6E92F2099AD,  Size: 7408
File: brotkrumen_navigation_zoom50.jpg,  Directory: dir_CEE9F0C64FCF441198A38C9673370749.5FFE20C8_2BC6_4EE0_90AA_D6E92F2099AD,  Size: 2092
File: ie_03_zoom60.jpg,  Directory: dir_9641117ED95A43098D872B9A917FFA35.5FFE20C8_2BC6_4EE0_90AA_D6E92F2099AD,  Size: 1249
File: signature_entry.js,  Directory: dir_C217E02153EF4FFFB5471191BAECC8B7.5FFE20C8_2BC6_4EE0_90AA_D6E92F2099AD,  Size: 5691
File: stopp_2.png,  Directory: dir_9641117ED95A43098D872B9A917FFA35.5FFE20C8_2BC6_4EE0_90AA_D6E92F2099AD,  Size: 832
File: runtimekit_setup_02eula.jpg,  Directory: dir_9641117ED95A43098D872B9A917FFA35.5FFE20C8_2BC6_4EE0_90AA_D6E92F2099AD,  Size: 74868
File: license_access_permissions.html,  Directory: dir_8806771C411545C9B482E8B2239C5A9B.5FFE20C8_2BC6_4EE0_90AA_D6E92F2099AD,  Size: 140382
File: cmcontainer_details.js,  Directory: dir_005CBB5EA0E8477B8178C3341D8A64CF.5FFE20C8_2BC6_4EE0_90AA_D6E92F2099AD,  Size: 9291
File: product_item_details_user.js,  Directory: dir_C217E02153EF4FFFB5471191BAECC8B7.5FFE20C8_2BC6_4EE0_90AA_D6E92F2099AD,  Size: 1750
File: webadmin_monitoring_available_open_zoom56.jpg,  Directory: dir_CEE9F0C64FCF441198A38C9673370749.5FFE20C8_2BC6_4EE0_90AA_D6E92F2099AD,  Size: 52604
File: tipbulb_alsinfo.gif,  Directory: dir_CEE9F0C64FCF441198A38C9673370749.5FFE20C8_2BC6_4EE0_90AA_D6E92F2099AD,  Size: 1576
File: hmImageToggleMobile.js,  Directory: dir_079197E4E23B4155B10356C291A628DF.5FFE20C8_2BC6_4EE0_90AA_D6E92F2099AD,  Size: 4280
File: safari_01_zoom50.jpg,  Directory: dir_CEE9F0C64FCF441198A38C9673370749.5FFE20C8_2BC6_4EE0_90AA_D6E92F2099AD,  Size: 7995
File: tog_plus.gif,  Directory: dir_CEE9F0C64FCF441198A38C9673370749.5FFE20C8_2BC6_4EE0_90AA_D6E92F2099AD,  Size: 141
File: user_data.html,  Directory: dir_8806771C411545C9B482E8B2239C5A9B.5FFE20C8_2BC6_4EE0_90AA_D6E92F2099AD,  Size: 42152
File: hmcontent.html,  Directory: dir_55CD00DB50894F27807C9E8A8886136B.5FFE20C8_2BC6_4EE0_90AA_D6E92F2099AD,  Size: 36403
File: achtung_zoom35.jpg,  Directory: dir_9641117ED95A43098D872B9A917FFA35.5FFE20C8_2BC6_4EE0_90AA_D6E92F2099AD,  Size: 1026
File: wbbfile02_zoom50.jpg,  Directory: dir_9641117ED95A43098D872B9A917FFA35.5FFE20C8_2BC6_4EE0_90AA_D6E92F2099AD,  Size: 13295
File: 02_senderlizenzen_fidetails_zoom70.jpg,  Directory: dir_9641117ED95A43098D872B9A917FFA35.5FFE20C8_2BC6_4EE0_90AA_D6E92F2099AD,  Size: 50401
File: information_grau_klein26.jpg,  Directory: dir_9641117ED95A43098D872B9A917FFA35.5FFE20C8_2BC6_4EE0_90AA_D6E92F2099AD,  Size: 1033
File: gold_partner_rgb_9.jpg,  Directory: dir_9641117ED95A43098D872B9A917FFA35.5FFE20C8_2BC6_4EE0_90AA_D6E92F2099AD,  Size: 4849
File: tmr_config_webadmin.html,  Directory: dir_55CD00DB50894F27807C9E8A8886136B.5FFE20C8_2BC6_4EE0_90AA_D6E92F2099AD,  Size: 45250
File: borrow_access_entry.html,  Directory: dir_55CD00DB50894F27807C9E8A8886136B.5FFE20C8_2BC6_4EE0_90AA_D6E92F2099AD,  Size: 44622
File: webadmin_trusted_origins_enter_zoom59.jpg,  Directory: dir_9641117ED95A43098D872B9A917FFA35.5FFE20C8_2BC6_4EE0_90AA_D6E92F2099AD,  Size: 9578
File: wadmin_einstellungen_zugriffsschutz_advanced_newpcrule_zoom50.jpg,  Directory: dir_CEE9F0C64FCF441198A38C9673370749.5FFE20C8_2BC6_4EE0_90AA_D6E92F2099AD,  Size: 10024
File: rt_willkommen_zoom70.jpg,  Directory: dir_CEE9F0C64FCF441198A38C9673370749.5FFE20C8_2BC6_4EE0_90AA_D6E92F2099AD,  Size: 17782
File: 16a_ausleihe_ausleihe_monitoring_zoom70.jpg,  Directory: dir_CEE9F0C64FCF441198A38C9673370749.5FFE20C8_2BC6_4EE0_90AA_D6E92F2099AD,  Size: 18966
File: lizenzaktualisierungeinspielen01_zoom50.jpg,  Directory: dir_9641117ED95A43098D872B9A917FFA35.5FFE20C8_2BC6_4EE0_90AA_D6E92F2099AD,  Size: 16609
File: hinzufuegen_icon_zoom80.jpg,  Directory: dir_9641117ED95A43098D872B9A917FFA35.5FFE20C8_2BC6_4EE0_90AA_D6E92F2099AD,  Size: 1104
File: edge_01_zoom50.jpg,  Directory: dir_9641117ED95A43098D872B9A917FFA35.5FFE20C8_2BC6_4EE0_90AA_D6E92F2099AD,  Size: 10941
File: schritt-5-erstellen-einer-acl-.js,  Directory: dir_C217E02153EF4FFFB5471191BAECC8B7.5FFE20C8_2BC6_4EE0_90AA_D6E92F2099AD,  Size: 18688
File: extra.html,  Directory: dir_8806771C411545C9B482E8B2239C5A9B.5FFE20C8_2BC6_4EE0_90AA_D6E92F2099AD,  Size: 66048
File: administrative_entry.js,  Directory: dir_005CBB5EA0E8477B8178C3341D8A64CF.5FFE20C8_2BC6_4EE0_90AA_D6E92F2099AD,  Size: 5852
File: license_access_permissions.html,  Directory: dir_55CD00DB50894F27807C9E8A8886136B.5FFE20C8_2BC6_4EE0_90AA_D6E92F2099AD,  Size: 142653
File: hmImageToggle.js,  Directory: dir_28FBCDD5F46F4375A8F125191C936317.5FFE20C8_2BC6_4EE0_90AA_D6E92F2099AD,  Size: 5175
File: cmfas_create_licenserequest.js,  Directory: dir_C217E02153EF4FFFB5471191BAECC8B7.5FFE20C8_2BC6_4EE0_90AA_D6E92F2099AD,  Size: 2024
File: type_cmcloud.png,  Directory: dir_9641117ED95A43098D872B9A917FFA35.5FFE20C8_2BC6_4EE0_90AA_D6E92F2099AD,  Size: 3099
File: cmfas_import_licenseupdate.js,  Directory: dir_005CBB5EA0E8477B8178C3341D8A64CF.5FFE20C8_2BC6_4EE0_90AA_D6E92F2099AD,  Size: 5554
File: index.js,  Directory: dir_005CBB5EA0E8477B8178C3341D8A64CF.5FFE20C8_2BC6_4EE0_90AA_D6E92F2099AD,  Size: 6260
File: installation_windowsrt.html,  Directory: dir_55CD00DB50894F27807C9E8A8886136B.5FFE20C8_2BC6_4EE0_90AA_D6E92F2099AD,  Size: 61302
File: profiling_topic.html,  Directory: dir_8806771C411545C9B482E8B2239C5A9B.5FFE20C8_2BC6_4EE0_90AA_D6E92F2099AD,  Size: 50894
File: tmr.html,  Directory: dir_8806771C411545C9B482E8B2239C5A9B.5FFE20C8_2BC6_4EE0_90AA_D6E92F2099AD,  Size: 75668
File: installed_files_mac.html,  Directory: dir_55CD00DB50894F27807C9E8A8886136B.5FFE20C8_2BC6_4EE0_90AA_D6E92F2099AD,  Size: 58307
File: cmready_webadmin_logo_zoom51.jpg,  Directory: dir_9641117ED95A43098D872B9A917FFA35.5FFE20C8_2BC6_4EE0_90AA_D6E92F2099AD,  Size: 1290
File: installation_linux.html,  Directory: dir_8806771C411545C9B482E8B2239C5A9B.5FFE20C8_2BC6_4EE0_90AA_D6E92F2099AD,  Size: 63906
File: mob_home.png,  Directory: dir_9641117ED95A43098D872B9A917FFA35.5FFE20C8_2BC6_4EE0_90AA_D6E92F2099AD,  Size: 648
File: hmwebhelp_toc_desktop.css,  Directory: dir_93FB0F7D0CC340B186DBD20391CFB865.5FFE20C8_2BC6_4EE0_90AA_D6E92F2099AD,  Size: 3068
File: profiling_topic.js,  Directory: dir_C217E02153EF4FFFB5471191BAECC8B7.5FFE20C8_2BC6_4EE0_90AA_D6E92F2099AD,  Size: 11318
File: formale-spezifikation-der-acl-.js,  Directory: dir_005CBB5EA0E8477B8178C3341D8A64CF.5FFE20C8_2BC6_4EE0_90AA_D6E92F2099AD,  Size: 12873
File: acl_start.js,  Directory: dir_005CBB5EA0E8477B8178C3341D8A64CF.5FFE20C8_2BC6_4EE0_90AA_D6E92F2099AD,  Size: 6469
File: cc_sf_restart_.jpg,  Directory: dir_CEE9F0C64FCF441198A38C9673370749.5FFE20C8_2BC6_4EE0_90AA_D6E92F2099AD,  Size: 931
File: time_update_icon_zoom80.jpg,  Directory: dir_9641117ED95A43098D872B9A917FFA35.5FFE20C8_2BC6_4EE0_90AA_D6E92F2099AD,  Size: 991
File: webadmin_container_userdata_details_zoom70.jpg,  Directory: dir_CEE9F0C64FCF441198A38C9673370749.5FFE20C8_2BC6_4EE0_90AA_D6E92F2099AD,  Size: 86431
File: license_entry.js,  Directory: dir_C217E02153EF4FFFB5471191BAECC8B7.5FFE20C8_2BC6_4EE0_90AA_D6E92F2099AD,  Size: 7593
File: requirements.html,  Directory: dir_8806771C411545C9B482E8B2239C5A9B.5FFE20C8_2BC6_4EE0_90AA_D6E92F2099AD,  Size: 58322
File: hmwebhelp_search_phone.css,  Directory: dir_93FB0F7D0CC340B186DBD20391CFB865.5FFE20C8_2BC6_4EE0_90AA_D6E92F2099AD,  Size: 6472
File: hmcontent.html,  Directory: dir_8806771C411545C9B482E8B2239C5A9B.5FFE20C8_2BC6_4EE0_90AA_D6E92F2099AD,  Size: 36313
File: tmr--overview.js,  Directory: dir_005CBB5EA0E8477B8178C3341D8A64CF.5FFE20C8_2BC6_4EE0_90AA_D6E92F2099AD,  Size: 10274
File: arrow_right.png,  Directory: dir_CEE9F0C64FCF441198A38C9673370749.5FFE20C8_2BC6_4EE0_90AA_D6E92F2099AD,  Size: 873
File: status_container_aktiviert_solange_angeschlossen_zoom70.jpg,  Directory: dir_CEE9F0C64FCF441198A38C9673370749.5FFE20C8_2BC6_4EE0_90AA_D6E92F2099AD,  Size: 785
File: step2_01_zoom70.jpg,  Directory: dir_CEE9F0C64FCF441198A38C9673370749.5FFE20C8_2BC6_4EE0_90AA_D6E92F2099AD,  Size: 29812
File: administrative_entry.html,  Directory: dir_55CD00DB50894F27807C9E8A8886136B.5FFE20C8_2BC6_4EE0_90AA_D6E92F2099AD,  Size: 46185
File: open_data.png,  Directory: dir_9641117ED95A43098D872B9A917FFA35.5FFE20C8_2BC6_4EE0_90AA_D6E92F2099AD,  Size: 2021
File: controlcenter.js,  Directory: dir_005CBB5EA0E8477B8178C3341D8A64CF.5FFE20C8_2BC6_4EE0_90AA_D6E92F2099AD,  Size: 19337
File: das-json-format-der-acl.js,  Directory: dir_005CBB5EA0E8477B8178C3341D8A64CF.5FFE20C8_2BC6_4EE0_90AA_D6E92F2099AD,  Size: 4721
File: cc-broken-license_01_zoom58.jpg,  Directory: dir_9641117ED95A43098D872B9A917FFA35.5FFE20C8_2BC6_4EE0_90AA_D6E92F2099AD,  Size: 16551
File: webadmin_configuration_webadmin_config_read_write_access_zoom67.jpg,  Directory: dir_CEE9F0C64FCF441198A38C9673370749.5FFE20C8_2BC6_4EE0_90AA_D6E92F2099AD,  Size: 11256
File: cmu.html,  Directory: dir_8806771C411545C9B482E8B2239C5A9B.5FFE20C8_2BC6_4EE0_90AA_D6E92F2099AD,  Size: 233126
File: licensing_userhelp.html,  Directory: dir_8806771C411545C9B482E8B2239C5A9B.5FFE20C8_2BC6_4EE0_90AA_D6E92F2099AD,  Size: 45668
File: signature_entry.js,  Directory: dir_005CBB5EA0E8477B8178C3341D8A64CF.5FFE20C8_2BC6_4EE0_90AA_D6E92F2099AD,  Size: 5328
File: quicklinks.js,  Directory: dir_005CBB5EA0E8477B8178C3341D8A64CF.5FFE20C8_2BC6_4EE0_90AA_D6E92F2099AD,  Size: 3095
File: schritt-1-erstellen-einer-leer.html,  Directory: dir_55CD00DB50894F27807C9E8A8886136B.5FFE20C8_2BC6_4EE0_90AA_D6E92F2099AD,  Size: 50658
File: sf_text_size.png,  Directory: dir_CEE9F0C64FCF441198A38C9673370749.5FFE20C8_2BC6_4EE0_90AA_D6E92F2099AD,  Size: 283
File: dashboard.js,  Directory: dir_005CBB5EA0E8477B8178C3341D8A64CF.5FFE20C8_2BC6_4EE0_90AA_D6E92F2099AD,  Size: 6008
File: wadmin_einstellungen_zeitserver_bestaetigung_zoom70.jpg,  Directory: dir_9641117ED95A43098D872B9A917FFA35.5FFE20C8_2BC6_4EE0_90AA_D6E92F2099AD,  Size: 8509
File: exit.png,  Directory: dir_9641117ED95A43098D872B9A917FFA35.5FFE20C8_2BC6_4EE0_90AA_D6E92F2099AD,  Size: 865
File: installation_codemeterrt.html,  Directory: dir_55CD00DB50894F27807C9E8A8886136B.5FFE20C8_2BC6_4EE0_90AA_D6E92F2099AD,  Size: 43105
File: cmready_webadmin_logo_zoom51.jpg,  Directory: dir_CEE9F0C64FCF441198A38C9673370749.5FFE20C8_2BC6_4EE0_90AA_D6E92F2099AD,  Size: 1290
File: sf_text_size.png,  Directory: dir_9641117ED95A43098D872B9A917FFA35.5FFE20C8_2BC6_4EE0_90AA_D6E92F2099AD,  Size: 283
File: webadmin_info_zoom60.jpg,  Directory: dir_CEE9F0C64FCF441198A38C9673370749.5FFE20C8_2BC6_4EE0_90AA_D6E92F2099AD,  Size: 62440
File: profiling_accesscontrol.js,  Directory: dir_005CBB5EA0E8477B8178C3341D8A64CF.5FFE20C8_2BC6_4EE0_90AA_D6E92F2099AD,  Size: 6578
File: cc_borrow_tab_links_zoom40.jpg,  Directory: dir_9641117ED95A43098D872B9A917FFA35.5FFE20C8_2BC6_4EE0_90AA_D6E92F2099AD,  Size: 5603
File: cc_sf_loesche_ereig_.jpg,  Directory: dir_CEE9F0C64FCF441198A38C9673370749.5FFE20C8_2BC6_4EE0_90AA_D6E92F2099AD,  Size: 840
File: webadmin_settings_server_access_simplemode_zoom50.jpg,  Directory: dir_9641117ED95A43098D872B9A917FFA35.5FFE20C8_2BC6_4EE0_90AA_D6E92F2099AD,  Size: 31943
File: icon-32x32-grey-cm.png,  Directory: dir_CEE9F0C64FCF441198A38C9673370749.5FFE20C8_2BC6_4EE0_90AA_D6E92F2099AD,  Size: 1641
File: containerruleset.js,  Directory: dir_005CBB5EA0E8477B8178C3341D8A64CF.5FFE20C8_2BC6_4EE0_90AA_D6E92F2099AD,  Size: 6230
File: webadmin_configurationmessage_01_zoom43.jpg,  Directory: dir_CEE9F0C64FCF441198A38C9673370749.5FFE20C8_2BC6_4EE0_90AA_D6E92F2099AD,  Size: 9860
File: cc_importing_updating_licenses.js,  Directory: dir_005CBB5EA0E8477B8178C3341D8A64CF.5FFE20C8_2BC6_4EE0_90AA_D6E92F2099AD,  Size: 3912
File: transfer_limitation.html,  Directory: dir_55CD00DB50894F27807C9E8A8886136B.5FFE20C8_2BC6_4EE0_90AA_D6E92F2099AD,  Size: 45094
File: cmdust.html,  Directory: dir_55CD00DB50894F27807C9E8A8886136B.5FFE20C8_2BC6_4EE0_90AA_D6E92F2099AD,  Size: 58940
File: hmtoggle_plus1.gif,  Directory: dir_CEE9F0C64FCF441198A38C9673370749.5FFE20C8_2BC6_4EE0_90AA_D6E92F2099AD,  Size: 871
File: move_n_from_m_return.html,  Directory: dir_8806771C411545C9B482E8B2239C5A9B.5FFE20C8_2BC6_4EE0_90AA_D6E92F2099AD,  Size: 43590
File: chrome_01_zoom50.jpg,  Directory: dir_9641117ED95A43098D872B9A917FFA35.5FFE20C8_2BC6_4EE0_90AA_D6E92F2099AD,  Size: 8236
File: remote-programming.html,  Directory: dir_8806771C411545C9B482E8B2239C5A9B.5FFE20C8_2BC6_4EE0_90AA_D6E92F2099AD,  Size: 40802
File: cmu.js,  Directory: dir_005CBB5EA0E8477B8178C3341D8A64CF.5FFE20C8_2BC6_4EE0_90AA_D6E92F2099AD,  Size: 212441
File: lt_icon_history_zoom120.jpg,  Directory: dir_9641117ED95A43098D872B9A917FFA35.5FFE20C8_2BC6_4EE0_90AA_D6E92F2099AD,  Size: 962
File: runtimekit_setup_03scope.jpg,  Directory: dir_9641117ED95A43098D872B9A917FFA35.5FFE20C8_2BC6_4EE0_90AA_D6E92F2099AD,  Size: 47065
File: hid_communication.js,  Directory: dir_C217E02153EF4FFFB5471191BAECC8B7.5FFE20C8_2BC6_4EE0_90AA_D6E92F2099AD,  Size: 3307
File: linux_zoom78.jpg,  Directory: dir_9641117ED95A43098D872B9A917FFA35.5FFE20C8_2BC6_4EE0_90AA_D6E92F2099AD,  Size: 827
File: wadmin_einstellungen_zugriffsschutz_advanced_deletepcrule_zoom60.jpg,  Directory: dir_CEE9F0C64FCF441198A38C9673370749.5FFE20C8_2BC6_4EE0_90AA_D6E92F2099AD,  Size: 6474
File: status_container_gesperrt_zoom70.jpg,  Directory: dir_9641117ED95A43098D872B9A917FFA35.5FFE20C8_2BC6_4EE0_90AA_D6E92F2099AD,  Size: 823
File: das-json-format-der-acl.html,  Directory: dir_55CD00DB50894F27807C9E8A8886136B.5FFE20C8_2BC6_4EE0_90AA_D6E92F2099AD,  Size: 45093
File: cc_borrow_tab.js,  Directory: dir_C217E02153EF4FFFB5471191BAECC8B7.5FFE20C8_2BC6_4EE0_90AA_D6E92F2099AD,  Size: 8852
File: defragment_icon_zoom60.jpg,  Directory: dir_CEE9F0C64FCF441198A38C9673370749.5FFE20C8_2BC6_4EE0_90AA_D6E92F2099AD,  Size: 871
File: server_search_list.html,  Directory: dir_8806771C411545C9B482E8B2239C5A9B.5FFE20C8_2BC6_4EE0_90AA_D6E92F2099AD,  Size: 60124
File: linux_zoom74.jpg,  Directory: dir_CEE9F0C64FCF441198A38C9673370749.5FFE20C8_2BC6_4EE0_90AA_D6E92F2099AD,  Size: 829
File: lizenzanforderungerzeugenbestaetigung_zoom50.jpg,  Directory: dir_CEE9F0C64FCF441198A38C9673370749.5FFE20C8_2BC6_4EE0_90AA_D6E92F2099AD,  Size: 10388
File: profiling_topic.js,  Directory: dir_005CBB5EA0E8477B8178C3341D8A64CF.5FFE20C8_2BC6_4EE0_90AA_D6E92F2099AD,  Size: 13055
File: borrow_local_license_return.js,  Directory: dir_005CBB5EA0E8477B8178C3341D8A64CF.5FFE20C8_2BC6_4EE0_90AA_D6E92F2099AD,  Size: 3483
File: webadmin_settings_basis_webadmin_zoom50.jpg,  Directory: dir_9641117ED95A43098D872B9A917FFA35.5FFE20C8_2BC6_4EE0_90AA_D6E92F2099AD,  Size: 36470
File: extra.html,  Directory: dir_55CD00DB50894F27807C9E8A8886136B.5FFE20C8_2BC6_4EE0_90AA_D6E92F2099AD,  Size: 64586
File: installation_windows.js,  Directory: dir_005CBB5EA0E8477B8178C3341D8A64CF.5FFE20C8_2BC6_4EE0_90AA_D6E92F2099AD,  Size: 22502
File: hmFeatureHeader.js,  Directory: dir_28FBCDD5F46F4375A8F125191C936317.5FFE20C8_2BC6_4EE0_90AA_D6E92F2099AD,  Size: 3361
File: rule.js,  Directory: dir_C217E02153EF4FFFB5471191BAECC8B7.5FFE20C8_2BC6_4EE0_90AA_D6E92F2099AD,  Size: 9933
File: cmcontainer_info.js,  Directory: dir_005CBB5EA0E8477B8178C3341D8A64CF.5FFE20C8_2BC6_4EE0_90AA_D6E92F2099AD,  Size: 18033
File: macos.jpg,  Directory: dir_9641117ED95A43098D872B9A917FFA35.5FFE20C8_2BC6_4EE0_90AA_D6E92F2099AD,  Size: 897
File: webadmin_cmcontainer_details_zoom60.jpg,  Directory: dir_9641117ED95A43098D872B9A917FFA35.5FFE20C8_2BC6_4EE0_90AA_D6E92F2099AD,  Size: 60542
File: wadmin_einstellungen_zugriffsschutz_advanced_newcontainerrule_checkbox_zoom50.jpg,  Directory: dir_9641117ED95A43098D872B9A917FFA35.5FFE20C8_2BC6_4EE0_90AA_D6E92F2099AD,  Size: 8886
File: certified_time.html,  Directory: dir_55CD00DB50894F27807C9E8A8886136B.5FFE20C8_2BC6_4EE0_90AA_D6E92F2099AD,  Size: 48702
File: start_v2.png,  Directory: dir_9641117ED95A43098D872B9A917FFA35.5FFE20C8_2BC6_4EE0_90AA_D6E92F2099AD,  Size: 849
File: configuration.js,  Directory: dir_005CBB5EA0E8477B8178C3341D8A64CF.5FFE20C8_2BC6_4EE0_90AA_D6E92F2099AD,  Size: 1822
File: hm_webhelp.js,  Directory: dir_079197E4E23B4155B10356C291A628DF.5FFE20C8_2BC6_4EE0_90AA_D6E92F2099AD,  Size: 82932
File: en.jpg,  Directory: dir_4F135336632D4907A8F9913B72BBED92.5FFE20C8_2BC6_4EE0_90AA_D6E92F2099AD,  Size: 3061
File: hmFeatureHeaderM.js,  Directory: dir_28FBCDD5F46F4375A8F125191C936317.5FFE20C8_2BC6_4EE0_90AA_D6E92F2099AD,  Size: 2904
File: important_information.js,  Directory: dir_005CBB5EA0E8477B8178C3341D8A64CF.5FFE20C8_2BC6_4EE0_90AA_D6E92F2099AD,  Size: 30811
File: hid_to_msd.html,  Directory: dir_8806771C411545C9B482E8B2239C5A9B.5FFE20C8_2BC6_4EE0_90AA_D6E92F2099AD,  Size: 50239
File: information_grau_klein26_zoom100.jpg,  Directory: dir_CEE9F0C64FCF441198A38C9673370749.5FFE20C8_2BC6_4EE0_90AA_D6E92F2099AD,  Size: 1033
File: nameduser_entry.html,  Directory: dir_55CD00DB50894F27807C9E8A8886136B.5FFE20C8_2BC6_4EE0_90AA_D6E92F2099AD,  Size: 48769
File: safety_instructions_userhelp.html,  Directory: dir_55CD00DB50894F27807C9E8A8886136B.5FFE20C8_2BC6_4EE0_90AA_D6E92F2099AD,  Size: 44525
File: search.png,  Directory: dir_CEE9F0C64FCF441198A38C9673370749.5FFE20C8_2BC6_4EE0_90AA_D6E92F2099AD,  Size: 753
File: borrow_local_license_borrow.js,  Directory: dir_C217E02153EF4FFFB5471191BAECC8B7.5FFE20C8_2BC6_4EE0_90AA_D6E92F2099AD,  Size: 3392
File: hmftsearch.html,  Directory: dir_55CD00DB50894F27807C9E8A8886136B.5FFE20C8_2BC6_4EE0_90AA_D6E92F2099AD,  Size: 22400
File: profiling_general.html,  Directory: dir_8806771C411545C9B482E8B2239C5A9B.5FFE20C8_2BC6_4EE0_90AA_D6E92F2099AD,  Size: 182470
File: webadmin_settings_server_access_advancedmode_ruleexample_zoom60.jpg,  Directory: dir_9641117ED95A43098D872B9A917FFA35.5FFE20C8_2BC6_4EE0_90AA_D6E92F2099AD,  Size: 9975
File: quicklinks.js,  Directory: dir_C217E02153EF4FFFB5471191BAECC8B7.5FFE20C8_2BC6_4EE0_90AA_D6E92F2099AD,  Size: 2928
File: win8_logo_zoom14.jpg,  Directory: dir_CEE9F0C64FCF441198A38C9673370749.5FFE20C8_2BC6_4EE0_90AA_D6E92F2099AD,  Size: 919
File: cmfas_create_licenserequest.html,  Directory: dir_55CD00DB50894F27807C9E8A8886136B.5FFE20C8_2BC6_4EE0_90AA_D6E92F2099AD,  Size: 42802
File: macos_zoom99.jpg,  Directory: dir_9641117ED95A43098D872B9A917FFA35.5FFE20C8_2BC6_4EE0_90AA_D6E92F2099AD,  Size: 897
File: fcruleset.html,  Directory: dir_8806771C411545C9B482E8B2239C5A9B.5FFE20C8_2BC6_4EE0_90AA_D6E92F2099AD,  Size: 47564
File: webadmin_module_item.js,  Directory: dir_C217E02153EF4FFFB5471191BAECC8B7.5FFE20C8_2BC6_4EE0_90AA_D6E92F2099AD,  Size: 3815
File: cc_event_tab.js,  Directory: dir_C217E02153EF4FFFB5471191BAECC8B7.5FFE20C8_2BC6_4EE0_90AA_D6E92F2099AD,  Size: 7615
File: verbund_all_zoom50.jpg,  Directory: dir_9641117ED95A43098D872B9A917FFA35.5FFE20C8_2BC6_4EE0_90AA_D6E92F2099AD,  Size: 38399
File: edit.png,  Directory: dir_9641117ED95A43098D872B9A917FFA35.5FFE20C8_2BC6_4EE0_90AA_D6E92F2099AD,  Size: 563
File: license_tracking.js,  Directory: dir_005CBB5EA0E8477B8178C3341D8A64CF.5FFE20C8_2BC6_4EE0_90AA_D6E92F2099AD,  Size: 27053
File: aktualisierungbestaetigung_zoom49.jpg,  Directory: dir_9641117ED95A43098D872B9A917FFA35.5FFE20C8_2BC6_4EE0_90AA_D6E92F2099AD,  Size: 11626
File: wbbfile.jpg,  Directory: dir_9641117ED95A43098D872B9A917FFA35.5FFE20C8_2BC6_4EE0_90AA_D6E92F2099AD,  Size: 821
File: sessions.js,  Directory: dir_005CBB5EA0E8477B8178C3341D8A64CF.5FFE20C8_2BC6_4EE0_90AA_D6E92F2099AD,  Size: 4279
File: hmwebhelp_main_desktop.css,  Directory: dir_1B3BC25A0DBD43FF9F07EA153624A7BA.5FFE20C8_2BC6_4EE0_90AA_D6E92F2099AD,  Size: 26176
File: operation.html,  Directory: dir_55CD00DB50894F27807C9E8A8886136B.5FFE20C8_2BC6_4EE0_90AA_D6E92F2099AD,  Size: 59836
File: webadmin_container_backuprestore_zoom60.jpg,  Directory: dir_CEE9F0C64FCF441198A38C9673370749.5FFE20C8_2BC6_4EE0_90AA_D6E92F2099AD,  Size: 63470
File: 06amonitor_zoom61.jpg,  Directory: dir_9641117ED95A43098D872B9A917FFA35.5FFE20C8_2BC6_4EE0_90AA_D6E92F2099AD,  Size: 14803
File: tapImage.js,  Directory: dir_28FBCDD5F46F4375A8F125191C936317.5FFE20C8_2BC6_4EE0_90AA_D6E92F2099AD,  Size: 2133
File: version_contact_userhelp.js,  Directory: dir_005CBB5EA0E8477B8178C3341D8A64CF.5FFE20C8_2BC6_4EE0_90AA_D6E92F2099AD,  Size: 3209
File: ie_03_zoom60.jpg,  Directory: dir_CEE9F0C64FCF441198A38C9673370749.5FFE20C8_2BC6_4EE0_90AA_D6E92F2099AD,  Size: 1249
File: firm_item_details.html,  Directory: dir_55CD00DB50894F27807C9E8A8886136B.5FFE20C8_2BC6_4EE0_90AA_D6E92F2099AD,  Size: 46998
File: hmwebhelp_search_desktop.css,  Directory: dir_1B3BC25A0DBD43FF9F07EA153624A7BA.5FFE20C8_2BC6_4EE0_90AA_D6E92F2099AD,  Size: 7036
File: move_license.js,  Directory: dir_005CBB5EA0E8477B8178C3341D8A64CF.5FFE20C8_2BC6_4EE0_90AA_D6E92F2099AD,  Size: 1495
File: webadmin_config.html,  Directory: dir_55CD00DB50894F27807C9E8A8886136B.5FFE20C8_2BC6_4EE0_90AA_D6E92F2099AD,  Size: 81303
File: wadmin_einstellungen_zugriffsschutz_advanced_deletefcrule_zoom60.jpg,  Directory: dir_9641117ED95A43098D872B9A917FFA35.5FFE20C8_2BC6_4EE0_90AA_D6E92F2099AD,  Size: 10433
File: borrow_return_entry.js,  Directory: dir_005CBB5EA0E8477B8178C3341D8A64CF.5FFE20C8_2BC6_4EE0_90AA_D6E92F2099AD,  Size: 3818
File: cc_license_tab.js,  Directory: dir_005CBB5EA0E8477B8178C3341D8A64CF.5FFE20C8_2BC6_4EE0_90AA_D6E92F2099AD,  Size: 37367
File: export.html,  Directory: dir_55CD00DB50894F27807C9E8A8886136B.5FFE20C8_2BC6_4EE0_90AA_D6E92F2099AD,  Size: 41856
File: hinzufuegen_icon_zoom50.jpg,  Directory: dir_9641117ED95A43098D872B9A917FFA35.5FFE20C8_2BC6_4EE0_90AA_D6E92F2099AD,  Size: 818
File: webadmin_container_cmcontainer_infos_zoom70.jpg,  Directory: dir_9641117ED95A43098D872B9A917FFA35.5FFE20C8_2BC6_4EE0_90AA_D6E92F2099AD,  Size: 81963
File: willkommen_cmfasassi_zoom75.jpg,  Directory: dir_CEE9F0C64FCF441198A38C9673370749.5FFE20C8_2BC6_4EE0_90AA_D6E92F2099AD,  Size: 28779
File: webadmin_dashboard_zoom60.jpg,  Directory: dir_9641117ED95A43098D872B9A917FFA35.5FFE20C8_2BC6_4EE0_90AA_D6E92F2099AD,  Size: 46911
File: profiling_accesscontrol.html,  Directory: dir_8806771C411545C9B482E8B2239C5A9B.5FFE20C8_2BC6_4EE0_90AA_D6E92F2099AD,  Size: 45624
File: webadmin_settings_server_access_advancedmode_new_rulead_zoom60.jpg,  Directory: dir_9641117ED95A43098D872B9A917FFA35.5FFE20C8_2BC6_4EE0_90AA_D6E92F2099AD,  Size: 13425
File: uninstalling_macrt.html,  Directory: dir_55CD00DB50894F27807C9E8A8886136B.5FFE20C8_2BC6_4EE0_90AA_D6E92F2099AD,  Size: 42744
File: hmftsearch.html,  Directory: dir_8806771C411545C9B482E8B2239C5A9B.5FFE20C8_2BC6_4EE0_90AA_D6E92F2099AD,  Size: 22328
File: highlight.js,  Directory: dir_28FBCDD5F46F4375A8F125191C936317.5FFE20C8_2BC6_4EE0_90AA_D6E92F2099AD,  Size: 9036
File: borrow_access_entry.js,  Directory: dir_005CBB5EA0E8477B8178C3341D8A64CF.5FFE20C8_2BC6_4EE0_90AA_D6E92F2099AD,  Size: 4183
File: hid_communication.html,  Directory: dir_8806771C411545C9B482E8B2239C5A9B.5FFE20C8_2BC6_4EE0_90AA_D6E92F2099AD,  Size: 43542
File: lizenzanforderungerzeugen04_zoom50.jpg,  Directory: dir_CEE9F0C64FCF441198A38C9673370749.5FFE20C8_2BC6_4EE0_90AA_D6E92F2099AD,  Size: 11473
File: cc_event_tab.js,  Directory: dir_005CBB5EA0E8477B8178C3341D8A64CF.5FFE20C8_2BC6_4EE0_90AA_D6E92F2099AD,  Size: 7703
File: uninstalling_linux.js,  Directory: dir_005CBB5EA0E8477B8178C3341D8A64CF.5FFE20C8_2BC6_4EE0_90AA_D6E92F2099AD,  Size: 1651
File: events.html,  Directory: dir_55CD00DB50894F27807C9E8A8886136B.5FFE20C8_2BC6_4EE0_90AA_D6E92F2099AD,  Size: 43235
File: spacer.gif,  Directory: dir_CEE9F0C64FCF441198A38C9673370749.5FFE20C8_2BC6_4EE0_90AA_D6E92F2099AD,  Size: 88
File: profiling_tmr.js,  Directory: dir_005CBB5EA0E8477B8178C3341D8A64CF.5FFE20C8_2BC6_4EE0_90AA_D6E92F2099AD,  Size: 4493
File: webadmin3tab_zoom50.jpg,  Directory: dir_9641117ED95A43098D872B9A917FFA35.5FFE20C8_2BC6_4EE0_90AA_D6E92F2099AD,  Size: 15389
File: webadmin_settings_basis_netzwerk_03_zoom50.jpg,  Directory: dir_CEE9F0C64FCF441198A38C9673370749.5FFE20C8_2BC6_4EE0_90AA_D6E92F2099AD,  Size: 11522
File: hmwebhelp_toc_tablet.css,  Directory: dir_93FB0F7D0CC340B186DBD20391CFB865.5FFE20C8_2BC6_4EE0_90AA_D6E92F2099AD,  Size: 3113
File: safety_instructions_userhelp.html,  Directory: dir_8806771C411545C9B482E8B2239C5A9B.5FFE20C8_2BC6_4EE0_90AA_D6E92F2099AD,  Size: 43986
File: proxy.js,  Directory: dir_005CBB5EA0E8477B8178C3341D8A64CF.5FFE20C8_2BC6_4EE0_90AA_D6E92F2099AD,  Size: 9705
File: installation_linuxrt.html,  Directory: dir_55CD00DB50894F27807C9E8A8886136B.5FFE20C8_2BC6_4EE0_90AA_D6E92F2099AD,  Size: 63729
File: TextNormal.png,  Directory: dir_CEE9F0C64FCF441198A38C9673370749.5FFE20C8_2BC6_4EE0_90AA_D6E92F2099AD,  Size: 1300
File: _hmpermalink.html,  Directory: dir_55CD00DB50894F27807C9E8A8886136B.5FFE20C8_2BC6_4EE0_90AA_D6E92F2099AD,  Size: 367
File: import.html,  Directory: dir_8806771C411545C9B482E8B2239C5A9B.5FFE20C8_2BC6_4EE0_90AA_D6E92F2099AD,  Size: 42234
File: cmfas_import_licenseupdate.js,  Directory: dir_C217E02153EF4FFFB5471191BAECC8B7.5FFE20C8_2BC6_4EE0_90AA_D6E92F2099AD,  Size: 5245
File: wr-logo-2010.png,  Directory: dir_CEE9F0C64FCF441198A38C9673370749.5FFE20C8_2BC6_4EE0_90AA_D6E92F2099AD,  Size: 32637
File: 14_senderausleihe_fidetaills_zoom70.jpg,  Directory: dir_CEE9F0C64FCF441198A38C9673370749.5FFE20C8_2BC6_4EE0_90AA_D6E92F2099AD,  Size: 50672
File: server_access.js,  Directory: dir_C217E02153EF4FFFB5471191BAECC8B7.5FFE20C8_2BC6_4EE0_90AA_D6E92F2099AD,  Size: 11903
File: wadmin_einstellungen_zugriffsschutz_advanced_clonecontainer_zoom50.jpg,  Directory: dir_CEE9F0C64FCF441198A38C9673370749.5FFE20C8_2BC6_4EE0_90AA_D6E92F2099AD,  Size: 5474
File: komplexere-acl.js,  Directory: dir_005CBB5EA0E8477B8178C3341D8A64CF.5FFE20C8_2BC6_4EE0_90AA_D6E92F2099AD,  Size: 30236
File: begriffe-und-definitionen.js,  Directory: dir_C217E02153EF4FFFB5471191BAECC8B7.5FFE20C8_2BC6_4EE0_90AA_D6E92F2099AD,  Size: 7484
File: cc_borrow_tab.js,  Directory: dir_005CBB5EA0E8477B8178C3341D8A64CF.5FFE20C8_2BC6_4EE0_90AA_D6E92F2099AD,  Size: 8467
File: status_expand_close.jpg,  Directory: dir_9641117ED95A43098D872B9A917FFA35.5FFE20C8_2BC6_4EE0_90AA_D6E92F2099AD,  Size: 1004
File: cc_borrow_tab_links_zoom71.jpg,  Directory: dir_CEE9F0C64FCF441198A38C9673370749.5FFE20C8_2BC6_4EE0_90AA_D6E92F2099AD,  Size: 11277
File: wadmin_einstellungen_zugriffsschutz_advanced_clonepc_zoom60.jpg,  Directory: dir_9641117ED95A43098D872B9A917FFA35.5FFE20C8_2BC6_4EE0_90AA_D6E92F2099AD,  Size: 11278
File: license_monitoring.js,  Directory: dir_005CBB5EA0E8477B8178C3341D8A64CF.5FFE20C8_2BC6_4EE0_90AA_D6E92F2099AD,  Size: 8910
File: wadmin_einstellungen_zugriffsschutz_hinzufuegen_02_zoom50.jpg,  Directory: dir_CEE9F0C64FCF441198A38C9673370749.5FFE20C8_2BC6_4EE0_90AA_D6E92F2099AD,  Size: 4945
File: achtung_zoom40.jpg,  Directory: dir_9641117ED95A43098D872B9A917FFA35.5FFE20C8_2BC6_4EE0_90AA_D6E92F2099AD,  Size: 1064
File: wadmin_einstellungen_zugriffsschutz_advanced_sortup_zoom70.jpg,  Directory: dir_CEE9F0C64FCF441198A38C9673370749.5FFE20C8_2BC6_4EE0_90AA_D6E92F2099AD,  Size: 707
File: definstall_zoom65.jpg,  Directory: dir_CEE9F0C64FCF441198A38C9673370749.5FFE20C8_2BC6_4EE0_90AA_D6E92F2099AD,  Size: 1133
File: 06_empfaengerlizenzen_pidetails_zoom70.jpg,  Directory: dir_9641117ED95A43098D872B9A917FFA35.5FFE20C8_2BC6_4EE0_90AA_D6E92F2099AD,  Size: 43247
File: cc_structure_and_navigation.html,  Directory: dir_8806771C411545C9B482E8B2239C5A9B.5FFE20C8_2BC6_4EE0_90AA_D6E92F2099AD,  Size: 57748
File: sf_leftright.png,  Directory: dir_CEE9F0C64FCF441198A38C9673370749.5FFE20C8_2BC6_4EE0_90AA_D6E92F2099AD,  Size: 317
File: server_search_list.js,  Directory: dir_C217E02153EF4FFFB5471191BAECC8B7.5FFE20C8_2BC6_4EE0_90AA_D6E92F2099AD,  Size: 21120
File: icon-32x32-green-cm.png,  Directory: dir_9641117ED95A43098D872B9A917FFA35.5FFE20C8_2BC6_4EE0_90AA_D6E92F2099AD,  Size: 2126
File: profiling_serversearchlist.js,  Directory: dir_005CBB5EA0E8477B8178C3341D8A64CF.5FFE20C8_2BC6_4EE0_90AA_D6E92F2099AD,  Size: 8447
File: borrow_local_license_return.js,  Directory: dir_C217E02153EF4FFFB5471191BAECC8B7.5FFE20C8_2BC6_4EE0_90AA_D6E92F2099AD,  Size: 3421
File: helpman_settings.js,  Directory: dir_079197E4E23B4155B10356C291A628DF.5FFE20C8_2BC6_4EE0_90AA_D6E92F2099AD,  Size: 311
File: move_n_from_m_return.js,  Directory: dir_005CBB5EA0E8477B8178C3341D8A64CF.5FFE20C8_2BC6_4EE0_90AA_D6E92F2099AD,  Size: 3509
File: profiling_general.js,  Directory: dir_005CBB5EA0E8477B8178C3341D8A64CF.5FFE20C8_2BC6_4EE0_90AA_D6E92F2099AD,  Size: 157463
File: uninstalling_mac.js,  Directory: dir_005CBB5EA0E8477B8178C3341D8A64CF.5FFE20C8_2BC6_4EE0_90AA_D6E92F2099AD,  Size: 1625
File: 09_senderlizenzen_pidetails_zurueck_zoom70.jpg,  Directory: dir_CEE9F0C64FCF441198A38C9673370749.5FFE20C8_2BC6_4EE0_90AA_D6E92F2099AD,  Size: 58005
File: wbbfile01_zoom66.jpg,  Directory: dir_CEE9F0C64FCF441198A38C9673370749.5FFE20C8_2BC6_4EE0_90AA_D6E92F2099AD,  Size: 22771
File: leftright.png,  Directory: dir_9641117ED95A43098D872B9A917FFA35.5FFE20C8_2BC6_4EE0_90AA_D6E92F2099AD,  Size: 6826
File: glossary.html,  Directory: dir_8806771C411545C9B482E8B2239C5A9B.5FFE20C8_2BC6_4EE0_90AA_D6E92F2099AD,  Size: 50167
File: status_container_leer_zoom70.jpg,  Directory: dir_9641117ED95A43098D872B9A917FFA35.5FFE20C8_2BC6_4EE0_90AA_D6E92F2099AD,  Size: 762
File: nameduser_entry.js,  Directory: dir_005CBB5EA0E8477B8178C3341D8A64CF.5FFE20C8_2BC6_4EE0_90AA_D6E92F2099AD,  Size: 8576
File: sf_more.png,  Directory: dir_9641117ED95A43098D872B9A917FFA35.5FFE20C8_2BC6_4EE0_90AA_D6E92F2099AD,  Size: 226
File: safety_instructions_userhelp.js,  Directory: dir_005CBB5EA0E8477B8178C3341D8A64CF.5FFE20C8_2BC6_4EE0_90AA_D6E92F2099AD,  Size: 3979
File: borrow_return_entry.html,  Directory: dir_55CD00DB50894F27807C9E8A8886136B.5FFE20C8_2BC6_4EE0_90AA_D6E92F2099AD,  Size: 44273
File: cmfas_add_license_new_vendor.js,  Directory: dir_005CBB5EA0E8477B8178C3341D8A64CF.5FFE20C8_2BC6_4EE0_90AA_D6E92F2099AD,  Size: 6037
File: webadmin_settings_basis_netzwerk_02_zoom50.jpg,  Directory: dir_CEE9F0C64FCF441198A38C9673370749.5FFE20C8_2BC6_4EE0_90AA_D6E92F2099AD,  Size: 13726
File: diagnosis.html,  Directory: dir_55CD00DB50894F27807C9E8A8886136B.5FFE20C8_2BC6_4EE0_90AA_D6E92F2099AD,  Size: 41590
File: update.png,  Directory: dir_CEE9F0C64FCF441198A38C9673370749.5FFE20C8_2BC6_4EE0_90AA_D6E92F2099AD,  Size: 677
File: ueberblick_tmr.js,  Directory: dir_005CBB5EA0E8477B8178C3341D8A64CF.5FFE20C8_2BC6_4EE0_90AA_D6E92F2099AD,  Size: 8611
File: codemeterwebadminltbaroverlaydetails_zoom80.jpg,  Directory: dir_CEE9F0C64FCF441198A38C9673370749.5FFE20C8_2BC6_4EE0_90AA_D6E92F2099AD,  Size: 8310
File: certified_time.js,  Directory: dir_005CBB5EA0E8477B8178C3341D8A64CF.5FFE20C8_2BC6_4EE0_90AA_D6E92F2099AD,  Size: 8620
File: wadmin_einstellungen_zugriffsschutz_advanced_clonecontainer_zoom50.jpg,  Directory: dir_9641117ED95A43098D872B9A917FFA35.5FFE20C8_2BC6_4EE0_90AA_D6E92F2099AD,  Size: 5331
File: containerruleset.html,  Directory: dir_55CD00DB50894F27807C9E8A8886136B.5FFE20C8_2BC6_4EE0_90AA_D6E92F2099AD,  Size: 46426
File: webadmin_requirements.js,  Directory: dir_C217E02153EF4FFFB5471191BAECC8B7.5FFE20C8_2BC6_4EE0_90AA_D6E92F2099AD,  Size: 13121
File: beispiel-de_zoom61.jpg,  Directory: dir_9641117ED95A43098D872B9A917FFA35.5FFE20C8_2BC6_4EE0_90AA_D6E92F2099AD,  Size: 1146
File: profiling_general.js,  Directory: dir_C217E02153EF4FFFB5471191BAECC8B7.5FFE20C8_2BC6_4EE0_90AA_D6E92F2099AD,  Size: 153572
File: profiling_http.js,  Directory: dir_C217E02153EF4FFFB5471191BAECC8B7.5FFE20C8_2BC6_4EE0_90AA_D6E92F2099AD,  Size: 22785
File: usb_zoom15.jpg,  Directory: dir_CEE9F0C64FCF441198A38C9673370749.5FFE20C8_2BC6_4EE0_90AA_D6E92F2099AD,  Size: 1279
File: redirect_zoom60.jpg,  Directory: dir_9641117ED95A43098D872B9A917FFA35.5FFE20C8_2BC6_4EE0_90AA_D6E92F2099AD,  Size: 18360
File: information_weiss_klein26.jpg,  Directory: dir_9641117ED95A43098D872B9A917FFA35.5FFE20C8_2BC6_4EE0_90AA_D6E92F2099AD,  Size: 1054
File: 12_empfaengerlizenzen_pidetailszuueck_zoom70.jpg,  Directory: dir_9641117ED95A43098D872B9A917FFA35.5FFE20C8_2BC6_4EE0_90AA_D6E92F2099AD,  Size: 42555
File: codemeterwebadminltbaroverlayhour_zoom80.jpg,  Directory: dir_CEE9F0C64FCF441198A38C9673370749.5FFE20C8_2BC6_4EE0_90AA_D6E92F2099AD,  Size: 7085
File: cc-broken-license_01_zoom73.jpg,  Directory: dir_CEE9F0C64FCF441198A38C9673370749.5FFE20C8_2BC6_4EE0_90AA_D6E92F2099AD,  Size: 21164
File: webadmin_configuration_https_01_zoom60.jpg,  Directory: dir_CEE9F0C64FCF441198A38C9673370749.5FFE20C8_2BC6_4EE0_90AA_D6E92F2099AD,  Size: 21964
File: chrome_02_zoom50.jpg,  Directory: dir_9641117ED95A43098D872B9A917FFA35.5FFE20C8_2BC6_4EE0_90AA_D6E92F2099AD,  Size: 12789
File: accesscontrollist.js,  Directory: dir_C217E02153EF4FFFB5471191BAECC8B7.5FFE20C8_2BC6_4EE0_90AA_D6E92F2099AD,  Size: 5705
File: delete_icon_zoom100.jpg,  Directory: dir_CEE9F0C64FCF441198A38C9673370749.5FFE20C8_2BC6_4EE0_90AA_D6E92F2099AD,  Size: 1068
File: mob_previous.png,  Directory: dir_9641117ED95A43098D872B9A917FFA35.5FFE20C8_2BC6_4EE0_90AA_D6E92F2099AD,  Size: 248
File: webadmin_settings_erweiteret_extras_zoom66.jpg,  Directory: dir_CEE9F0C64FCF441198A38C9673370749.5FFE20C8_2BC6_4EE0_90AA_D6E92F2099AD,  Size: 49785
File: beispiel_de_zoom29.jpg,  Directory: dir_9641117ED95A43098D872B9A917FFA35.5FFE20C8_2BC6_4EE0_90AA_D6E92F2099AD,  Size: 956
File: webadmin_settings_basis_datensicherung_zoom50.jpg,  Directory: dir_CEE9F0C64FCF441198A38C9673370749.5FFE20C8_2BC6_4EE0_90AA_D6E92F2099AD,  Size: 19604
File: format_of_the_logfile.js,  Directory: dir_C217E02153EF4FFFB5471191BAECC8B7.5FFE20C8_2BC6_4EE0_90AA_D6E92F2099AD,  Size: 2557
File: webadmin_settings_basis_datensicherung_zoom50.jpg,  Directory: dir_9641117ED95A43098D872B9A917FFA35.5FFE20C8_2BC6_4EE0_90AA_D6E92F2099AD,  Size: 20474
File: cmu.js,  Directory: dir_C217E02153EF4FFFB5471191BAECC8B7.5FFE20C8_2BC6_4EE0_90AA_D6E92F2099AD,  Size: 207095
File: borrow_local_license.html,  Directory: dir_8806771C411545C9B482E8B2239C5A9B.5FFE20C8_2BC6_4EE0_90AA_D6E92F2099AD,  Size: 41674
File: webadmin_w_zoom60.jpg,  Directory: dir_9641117ED95A43098D872B9A917FFA35.5FFE20C8_2BC6_4EE0_90AA_D6E92F2099AD,  Size: 829
File: 15a_senderausleihe_pidetaills_zoom70.jpg,  Directory: dir_CEE9F0C64FCF441198A38C9673370749.5FFE20C8_2BC6_4EE0_90AA_D6E92F2099AD,  Size: 63607
File: webadmin_monitoring_available_open_zoom56.jpg,  Directory: dir_9641117ED95A43098D872B9A917FFA35.5FFE20C8_2BC6_4EE0_90AA_D6E92F2099AD,  Size: 49305
File: help_overview_de.png,  Directory: dir_9641117ED95A43098D872B9A917FFA35.5FFE20C8_2BC6_4EE0_90AA_D6E92F2099AD,  Size: 78993
File: pythonaxpnc_setup.html,  Directory: dir_55CD00DB50894F27807C9E8A8886136B.5FFE20C8_2BC6_4EE0_90AA_D6E92F2099AD,  Size: 41358
File: denial_entry.js,  Directory: dir_C217E02153EF4FFFB5471191BAECC8B7.5FFE20C8_2BC6_4EE0_90AA_D6E92F2099AD,  Size: 4679
File: cmfas_assistant_controlcenter.html,  Directory: dir_55CD00DB50894F27807C9E8A8886136B.5FFE20C8_2BC6_4EE0_90AA_D6E92F2099AD,  Size: 44915
File: container.js,  Directory: dir_005CBB5EA0E8477B8178C3341D8A64CF.5FFE20C8_2BC6_4EE0_90AA_D6E92F2099AD,  Size: 4269
File: up_item_icon.jpg,  Directory: dir_CEE9F0C64FCF441198A38C9673370749.5FFE20C8_2BC6_4EE0_90AA_D6E92F2099AD,  Size: 1072
File: hmfile_hash_9f94de6e.jpg,  Directory: dir_CEE9F0C64FCF441198A38C9673370749.5FFE20C8_2BC6_4EE0_90AA_D6E92F2099AD,  Size: 5667
File: webadmin_requirements.js,  Directory: dir_005CBB5EA0E8477B8178C3341D8A64CF.5FFE20C8_2BC6_4EE0_90AA_D6E92F2099AD,  Size: 13332
File: codemeterwebadmindetailsrejectedrequests_zoom80.jpg,  Directory: dir_9641117ED95A43098D872B9A917FFA35.5FFE20C8_2BC6_4EE0_90AA_D6E92F2099AD,  Size: 35127
File: hm_autotoc.js,  Directory: dir_28FBCDD5F46F4375A8F125191C936317.5FFE20C8_2BC6_4EE0_90AA_D6E92F2099AD,  Size: 7726
File: hmprojectstyles.css,  Directory: dir_1B3BC25A0DBD43FF9F07EA153624A7BA.5FFE20C8_2BC6_4EE0_90AA_D6E92F2099AD,  Size: 20887
File: installed_files_mac.js,  Directory: dir_005CBB5EA0E8477B8178C3341D8A64CF.5FFE20C8_2BC6_4EE0_90AA_D6E92F2099AD,  Size: 18512
File: acl-objekte.html,  Directory: dir_55CD00DB50894F27807C9E8A8886136B.5FFE20C8_2BC6_4EE0_90AA_D6E92F2099AD,  Size: 46008
File: tmr__ssh.js,  Directory: dir_005CBB5EA0E8477B8178C3341D8A64CF.5FFE20C8_2BC6_4EE0_90AA_D6E92F2099AD,  Size: 2653
File: dashboard.html,  Directory: dir_55CD00DB50894F27807C9E8A8886136B.5FFE20C8_2BC6_4EE0_90AA_D6E92F2099AD,  Size: 46144
File: toc_chapter_closed.svg,  Directory: dir_9641117ED95A43098D872B9A917FFA35.5FFE20C8_2BC6_4EE0_90AA_D6E92F2099AD,  Size: 536
File: webadmin_start.js,  Directory: dir_005CBB5EA0E8477B8178C3341D8A64CF.5FFE20C8_2BC6_4EE0_90AA_D6E92F2099AD,  Size: 13088
File: toc.png,  Directory: dir_CEE9F0C64FCF441198A38C9673370749.5FFE20C8_2BC6_4EE0_90AA_D6E92F2099AD,  Size: 309
File: einstellungen.jpg,  Directory: dir_9641117ED95A43098D872B9A917FFA35.5FFE20C8_2BC6_4EE0_90AA_D6E92F2099AD,  Size: 953
File: hardware-konfiguration-reparieren_zoom50.jpg,  Directory: dir_CEE9F0C64FCF441198A38C9673370749.5FFE20C8_2BC6_4EE0_90AA_D6E92F2099AD,  Size: 9341
File: step5_01_zoom70.jpg,  Directory: dir_9641117ED95A43098D872B9A917FFA35.5FFE20C8_2BC6_4EE0_90AA_D6E92F2099AD,  Size: 13506
File: product_item_details.html,  Directory: dir_55CD00DB50894F27807C9E8A8886136B.5FFE20C8_2BC6_4EE0_90AA_D6E92F2099AD,  Size: 50773
File: mob_previous.png,  Directory: dir_CEE9F0C64FCF441198A38C9673370749.5FFE20C8_2BC6_4EE0_90AA_D6E92F2099AD,  Size: 248
File: webadmin_r_zoom60.jpg,  Directory: dir_CEE9F0C64FCF441198A38C9673370749.5FFE20C8_2BC6_4EE0_90AA_D6E92F2099AD,  Size: 821
File: kennworteingeben_zoom70.jpg,  Directory: dir_9641117ED95A43098D872B9A917FFA35.5FFE20C8_2BC6_4EE0_90AA_D6E92F2099AD,  Size: 15828
File: tmrlofgile_entry.js,  Directory: dir_005CBB5EA0E8477B8178C3341D8A64CF.5FFE20C8_2BC6_4EE0_90AA_D6E92F2099AD,  Size: 7096
File: ueberblick_tmr.js,  Directory: dir_C217E02153EF4FFFB5471191BAECC8B7.5FFE20C8_2BC6_4EE0_90AA_D6E92F2099AD,  Size: 6506
File: cc_datei_menue_lizenz_importieren_zoom40.jpg,  Directory: dir_CEE9F0C64FCF441198A38C9673370749.5FFE20C8_2BC6_4EE0_90AA_D6E92F2099AD,  Size: 11423
File: zoom_index.js,  Directory: dir_55CD00DB50894F27807C9E8A8886136B.5FFE20C8_2BC6_4EE0_90AA_D6E92F2099AD,  Size: 250886
File: _hmXtopic.htm,  Directory: dir_8806771C411545C9B482E8B2239C5A9B.5FFE20C8_2BC6_4EE0_90AA_D6E92F2099AD,  Size: 2820
File: zoom_search.js,  Directory: dir_55CD00DB50894F27807C9E8A8886136B.5FFE20C8_2BC6_4EE0_90AA_D6E92F2099AD,  Size: 58422
File: hmEmbeddedPopups.js,  Directory: dir_28FBCDD5F46F4375A8F125191C936317.5FFE20C8_2BC6_4EE0_90AA_D6E92F2099AD,  Size: 31167
File: win8_logo_zoom12.jpg,  Directory: dir_9641117ED95A43098D872B9A917FFA35.5FFE20C8_2BC6_4EE0_90AA_D6E92F2099AD,  Size: 782
File: cc_cmcloudcontainer_zoom57.jpg,  Directory: dir_9641117ED95A43098D872B9A917FFA35.5FFE20C8_2BC6_4EE0_90AA_D6E92F2099AD,  Size: 10820
File: windows_embedded_print_zoom9.jpg,  Directory: dir_CEE9F0C64FCF441198A38C9673370749.5FFE20C8_2BC6_4EE0_90AA_D6E92F2099AD,  Size: 2728
File: signedlogfile_entry.html,  Directory: dir_8806771C411545C9B482E8B2239C5A9B.5FFE20C8_2BC6_4EE0_90AA_D6E92F2099AD,  Size: 48486
File: trusted_origins.js,  Directory: dir_C217E02153EF4FFFB5471191BAECC8B7.5FFE20C8_2BC6_4EE0_90AA_D6E92F2099AD,  Size: 8319
File: hmwebhelp_search_phone.css,  Directory: dir_1B3BC25A0DBD43FF9F07EA153624A7BA.5FFE20C8_2BC6_4EE0_90AA_D6E92F2099AD,  Size: 6472
File: webadmin_start_zoom70.jpg,  Directory: dir_CEE9F0C64FCF441198A38C9673370749.5FFE20C8_2BC6_4EE0_90AA_D6E92F2099AD,  Size: 67963
File: profiling_backup.html,  Directory: dir_8806771C411545C9B482E8B2239C5A9B.5FFE20C8_2BC6_4EE0_90AA_D6E92F2099AD,  Size: 49858
File: webadmin_monitoring_session_control_zoom60.jpg,  Directory: dir_9641117ED95A43098D872B9A917FFA35.5FFE20C8_2BC6_4EE0_90AA_D6E92F2099AD,  Size: 2923
File: o.jpg,  Directory: dir_CEE9F0C64FCF441198A38C9673370749.5FFE20C8_2BC6_4EE0_90AA_D6E92F2099AD,  Size: 1094
File: macos_zoom74.jpg,  Directory: dir_CEE9F0C64FCF441198A38C9673370749.5FFE20C8_2BC6_4EE0_90AA_D6E92F2099AD,  Size: 784
File: sd_zoom55.jpg,  Directory: dir_CEE9F0C64FCF441198A38C9673370749.5FFE20C8_2BC6_4EE0_90AA_D6E92F2099AD,  Size: 1429
File: light.png,  Directory: dir_9641117ED95A43098D872B9A917FFA35.5FFE20C8_2BC6_4EE0_90AA_D6E92F2099AD,  Size: 1192
File: mob_home.png,  Directory: dir_CEE9F0C64FCF441198A38C9673370749.5FFE20C8_2BC6_4EE0_90AA_D6E92F2099AD,  Size: 648
File: schritt-5-erstellen-einer-acl-.js,  Directory: dir_005CBB5EA0E8477B8178C3341D8A64CF.5FFE20C8_2BC6_4EE0_90AA_D6E92F2099AD,  Size: 19859
File: 09_senderlizenzen_pidetails_zurueck_zoom70.jpg,  Directory: dir_9641117ED95A43098D872B9A917FFA35.5FFE20C8_2BC6_4EE0_90AA_D6E92F2099AD,  Size: 60416
File: hmtoggle_plus0.gif,  Directory: dir_CEE9F0C64FCF441198A38C9673370749.5FFE20C8_2BC6_4EE0_90AA_D6E92F2099AD,  Size: 875
File: examples.html,  Directory: dir_55CD00DB50894F27807C9E8A8886136B.5FFE20C8_2BC6_4EE0_90AA_D6E92F2099AD,  Size: 41387
File: uninstalling_mac.html,  Directory: dir_55CD00DB50894F27807C9E8A8886136B.5FFE20C8_2BC6_4EE0_90AA_D6E92F2099AD,  Size: 42290
File: access_entry.html,  Directory: dir_8806771C411545C9B482E8B2239C5A9B.5FFE20C8_2BC6_4EE0_90AA_D6E92F2099AD,  Size: 44769
File: eject_v2.png,  Directory: dir_9641117ED95A43098D872B9A917FFA35.5FFE20C8_2BC6_4EE0_90AA_D6E92F2099AD,  Size: 867
File: help_on_help.html,  Directory: dir_55CD00DB50894F27807C9E8A8886136B.5FFE20C8_2BC6_4EE0_90AA_D6E92F2099AD,  Size: 55059
File: zoom_pageinfo.js,  Directory: dir_8806771C411545C9B482E8B2239C5A9B.5FFE20C8_2BC6_4EE0_90AA_D6E92F2099AD,  Size: 30767
File: hmtoggle_plus1.gif,  Directory: dir_9641117ED95A43098D872B9A917FFA35.5FFE20C8_2BC6_4EE0_90AA_D6E92F2099AD,  Size: 871
File: icon-32x32-double-cm.png,  Directory: dir_CEE9F0C64FCF441198A38C9673370749.5FFE20C8_2BC6_4EE0_90AA_D6E92F2099AD,  Size: 2219
File: einfache-acl-fuer-container-3-.js,  Directory: dir_005CBB5EA0E8477B8178C3341D8A64CF.5FFE20C8_2BC6_4EE0_90AA_D6E92F2099AD,  Size: 12664
File: webadmin_settings_erweiteret_extras_zoom62.jpg,  Directory: dir_9641117ED95A43098D872B9A917FFA35.5FFE20C8_2BC6_4EE0_90AA_D6E92F2099AD,  Size: 48940
File: runtime_setup_04custom.jpg,  Directory: dir_CEE9F0C64FCF441198A38C9673370749.5FFE20C8_2BC6_4EE0_90AA_D6E92F2099AD,  Size: 53540
File: internet.svg,  Directory: dir_CEE9F0C64FCF441198A38C9673370749.5FFE20C8_2BC6_4EE0_90AA_D6E92F2099AD,  Size: 1358
File: wadmin_inhalt_datensicherung_abfrage_zoom70.jpg,  Directory: dir_9641117ED95A43098D872B9A917FFA35.5FFE20C8_2BC6_4EE0_90AA_D6E92F2099AD,  Size: 8405
File: containerruleset.html,  Directory: dir_8806771C411545C9B482E8B2239C5A9B.5FFE20C8_2BC6_4EE0_90AA_D6E92F2099AD,  Size: 46075
File: accesscontrollist.js,  Directory: dir_005CBB5EA0E8477B8178C3341D8A64CF.5FFE20C8_2BC6_4EE0_90AA_D6E92F2099AD,  Size: 2322
File: profiling_accesscontrol.html,  Directory: dir_55CD00DB50894F27807C9E8A8886136B.5FFE20C8_2BC6_4EE0_90AA_D6E92F2099AD,  Size: 46120
File: lizenzanforderungerzeugen02_zoom50.jpg,  Directory: dir_CEE9F0C64FCF441198A38C9673370749.5FFE20C8_2BC6_4EE0_90AA_D6E92F2099AD,  Size: 16226
File: ZoomClose.png,  Directory: dir_CEE9F0C64FCF441198A38C9673370749.5FFE20C8_2BC6_4EE0_90AA_D6E92F2099AD,  Size: 14303
File: accesscontrollist.html,  Directory: dir_8806771C411545C9B482E8B2239C5A9B.5FFE20C8_2BC6_4EE0_90AA_D6E92F2099AD,  Size: 45610
File: administrative_entry.html,  Directory: dir_8806771C411545C9B482E8B2239C5A9B.5FFE20C8_2BC6_4EE0_90AA_D6E92F2099AD,  Size: 45913
File: wbbfile_rau.jpg,  Directory: dir_CEE9F0C64FCF441198A38C9673370749.5FFE20C8_2BC6_4EE0_90AA_D6E92F2099AD,  Size: 834
File: webadmin_container_cmcontainer_infos_zoom50.jpg,  Directory: dir_9641117ED95A43098D872B9A917FFA35.5FFE20C8_2BC6_4EE0_90AA_D6E92F2099AD,  Size: 47900
File: webadmin_r_zoom60.jpg,  Directory: dir_9641117ED95A43098D872B9A917FFA35.5FFE20C8_2BC6_4EE0_90AA_D6E92F2099AD,  Size: 821
File: cc_borrow_tab_rechts_zoom73.jpg,  Directory: dir_CEE9F0C64FCF441198A38C9673370749.5FFE20C8_2BC6_4EE0_90AA_D6E92F2099AD,  Size: 12774
File: webadmin_settings_server_access_advancedmode_new_rule_zoom60.jpg,  Directory: dir_9641117ED95A43098D872B9A917FFA35.5FFE20C8_2BC6_4EE0_90AA_D6E92F2099AD,  Size: 12679
File: _hmXpopup.htm,  Directory: dir_55CD00DB50894F27807C9E8A8886136B.5FFE20C8_2BC6_4EE0_90AA_D6E92F2099AD,  Size: 4378
File: schritt-1-erstellen-einer-leer.js,  Directory: dir_005CBB5EA0E8477B8178C3341D8A64CF.5FFE20C8_2BC6_4EE0_90AA_D6E92F2099AD,  Size: 10628
File: vdma_logo_zoom17.jpg,  Directory: dir_9641117ED95A43098D872B9A917FFA35.5FFE20C8_2BC6_4EE0_90AA_D6E92F2099AD,  Size: 1690
File: illu_cmfas_en_ohne_zoom23.jpg,  Directory: dir_CEE9F0C64FCF441198A38C9673370749.5FFE20C8_2BC6_4EE0_90AA_D6E92F2099AD,  Size: 21424
File: verbund_all_zoom50.jpg,  Directory: dir_CEE9F0C64FCF441198A38C9673370749.5FFE20C8_2BC6_4EE0_90AA_D6E92F2099AD,  Size: 39236
File: webadmin_configuration_webadmin_write_access_02_zoom69.jpg,  Directory: dir_CEE9F0C64FCF441198A38C9673370749.5FFE20C8_2BC6_4EE0_90AA_D6E92F2099AD,  Size: 8851
File: webadmin_configuration_webadmin_config_read_write_access_zoom62.jpg,  Directory: dir_9641117ED95A43098D872B9A917FFA35.5FFE20C8_2BC6_4EE0_90AA_D6E92F2099AD,  Size: 13398
File: webadmin_cmcontainer_details_non_hid_zoom50.jpg,  Directory: dir_9641117ED95A43098D872B9A917FFA35.5FFE20C8_2BC6_4EE0_90AA_D6E92F2099AD,  Size: 24848
File: license_borrowing.html,  Directory: dir_55CD00DB50894F27807C9E8A8886136B.5FFE20C8_2BC6_4EE0_90AA_D6E92F2099AD,  Size: 46460
File: product_item_details_user.html,  Directory: dir_8806771C411545C9B482E8B2239C5A9B.5FFE20C8_2BC6_4EE0_90AA_D6E92F2099AD,  Size: 42023
File: toc_topic.png,  Directory: dir_9641117ED95A43098D872B9A917FFA35.5FFE20C8_2BC6_4EE0_90AA_D6E92F2099AD,  Size: 469
File: firm_item_details.js,  Directory: dir_005CBB5EA0E8477B8178C3341D8A64CF.5FFE20C8_2BC6_4EE0_90AA_D6E92F2099AD,  Size: 6825
File: borrow_local_license_borrow.js,  Directory: dir_005CBB5EA0E8477B8178C3341D8A64CF.5FFE20C8_2BC6_4EE0_90AA_D6E92F2099AD,  Size: 3478
File: wadmin_einstellungen_zugriffsschutz_advanced_pc_sample_zoom60.jpg,  Directory: dir_9641117ED95A43098D872B9A917FFA35.5FFE20C8_2BC6_4EE0_90AA_D6E92F2099AD,  Size: 24567
File: achtung_zoom40.jpg,  Directory: dir_CEE9F0C64FCF441198A38C9673370749.5FFE20C8_2BC6_4EE0_90AA_D6E92F2099AD,  Size: 1064
File: allgemeine-constraints.js,  Directory: dir_C217E02153EF4FFFB5471191BAECC8B7.5FFE20C8_2BC6_4EE0_90AA_D6E92F2099AD,  Size: 2080
File: info.html,  Directory: dir_8806771C411545C9B482E8B2239C5A9B.5FFE20C8_2BC6_4EE0_90AA_D6E92F2099AD,  Size: 41469
File: schritt-3-erstellen-einer-acl-.js,  Directory: dir_C217E02153EF4FFFB5471191BAECC8B7.5FFE20C8_2BC6_4EE0_90AA_D6E92F2099AD,  Size: 30905
File: linux.png,  Directory: dir_CEE9F0C64FCF441198A38C9673370749.5FFE20C8_2BC6_4EE0_90AA_D6E92F2099AD,  Size: 707
File: icon-32x32-red-cm.png,  Directory: dir_9641117ED95A43098D872B9A917FFA35.5FFE20C8_2BC6_4EE0_90AA_D6E92F2099AD,  Size: 2178
File: wadmin_einstellungen_zeitserver_bestaetigung_zoom62.jpg,  Directory: dir_CEE9F0C64FCF441198A38C9673370749.5FFE20C8_2BC6_4EE0_90AA_D6E92F2099AD,  Size: 6428
File: wbbfile_rau.jpg,  Directory: dir_9641117ED95A43098D872B9A917FFA35.5FFE20C8_2BC6_4EE0_90AA_D6E92F2099AD,  Size: 834
File: codemeter_license_tracking.js,  Directory: dir_005CBB5EA0E8477B8178C3341D8A64CF.5FFE20C8_2BC6_4EE0_90AA_D6E92F2099AD,  Size: 11832
File: lizenzquittungbestaetigung_zoom50.jpg,  Directory: dir_9641117ED95A43098D872B9A917FFA35.5FFE20C8_2BC6_4EE0_90AA_D6E92F2099AD,  Size: 10787
File: cmfas_extend_existing_license.js,  Directory: dir_005CBB5EA0E8477B8178C3341D8A64CF.5FFE20C8_2BC6_4EE0_90AA_D6E92F2099AD,  Size: 5001
File: warning_icon_red.jpg,  Directory: dir_CEE9F0C64FCF441198A38C9673370749.5FFE20C8_2BC6_4EE0_90AA_D6E92F2099AD,  Size: 1187
File: closehelp.png,  Directory: dir_9641117ED95A43098D872B9A917FFA35.5FFE20C8_2BC6_4EE0_90AA_D6E92F2099AD,  Size: 14303
File: TextPlus.png,  Directory: dir_CEE9F0C64FCF441198A38C9673370749.5FFE20C8_2BC6_4EE0_90AA_D6E92F2099AD,  Size: 1152
File: 01_senderlizenzen_containerdetails_zoom70.jpg,  Directory: dir_CEE9F0C64FCF441198A38C9673370749.5FFE20C8_2BC6_4EE0_90AA_D6E92F2099AD,  Size: 27384
File: button_serverexchange_0.png,  Directory: dir_9641117ED95A43098D872B9A917FFA35.5FFE20C8_2BC6_4EE0_90AA_D6E92F2099AD,  Size: 1093
File: hmwebhelp_toc_phone.css,  Directory: dir_93FB0F7D0CC340B186DBD20391CFB865.5FFE20C8_2BC6_4EE0_90AA_D6E92F2099AD,  Size: 3163
File: codemeterwebadmindetailsdescribe_zoom80.jpg,  Directory: dir_9641117ED95A43098D872B9A917FFA35.5FFE20C8_2BC6_4EE0_90AA_D6E92F2099AD,  Size: 10595
File: information_grau_klein26.jpg,  Directory: dir_CEE9F0C64FCF441198A38C9673370749.5FFE20C8_2BC6_4EE0_90AA_D6E92F2099AD,  Size: 1033
File: start_v2.png,  Directory: dir_CEE9F0C64FCF441198A38C9673370749.5FFE20C8_2BC6_4EE0_90AA_D6E92F2099AD,  Size: 849
File: borrow_local_license.js,  Directory: dir_C217E02153EF4FFFB5471191BAECC8B7.5FFE20C8_2BC6_4EE0_90AA_D6E92F2099AD,  Size: 1413
File: tmr_config_webadmin.js,  Directory: dir_005CBB5EA0E8477B8178C3341D8A64CF.5FFE20C8_2BC6_4EE0_90AA_D6E92F2099AD,  Size: 4758
File: tog_plus.gif,  Directory: dir_9641117ED95A43098D872B9A917FFA35.5FFE20C8_2BC6_4EE0_90AA_D6E92F2099AD,  Size: 141
File: arrow_left.png,  Directory: dir_CEE9F0C64FCF441198A38C9673370749.5FFE20C8_2BC6_4EE0_90AA_D6E92F2099AD,  Size: 872
File: 15a_senderausleihe_pidetaills_zoom70.jpg,  Directory: dir_9641117ED95A43098D872B9A917FFA35.5FFE20C8_2BC6_4EE0_90AA_D6E92F2099AD,  Size: 61066
File: dashboard.js,  Directory: dir_C217E02153EF4FFFB5471191BAECC8B7.5FFE20C8_2BC6_4EE0_90AA_D6E92F2099AD,  Size: 6457
File: hmFeatureHeader.js,  Directory: dir_079197E4E23B4155B10356C291A628DF.5FFE20C8_2BC6_4EE0_90AA_D6E92F2099AD,  Size: 3361
File: 14_senderausleihe_fidetaills_zoom70.jpg,  Directory: dir_9641117ED95A43098D872B9A917FFA35.5FFE20C8_2BC6_4EE0_90AA_D6E92F2099AD,  Size: 49719
File: license_borrowing.html,  Directory: dir_8806771C411545C9B482E8B2239C5A9B.5FFE20C8_2BC6_4EE0_90AA_D6E92F2099AD,  Size: 45904
File: cmcontainer_info.html,  Directory: dir_55CD00DB50894F27807C9E8A8886136B.5FFE20C8_2BC6_4EE0_90AA_D6E92F2099AD,  Size: 57493
File: examples.html,  Directory: dir_8806771C411545C9B482E8B2239C5A9B.5FFE20C8_2BC6_4EE0_90AA_D6E92F2099AD,  Size: 41043
File: webadmin_cmcontainer_productitemdetails_uvd_zoom52.jpg,  Directory: dir_9641117ED95A43098D872B9A917FFA35.5FFE20C8_2BC6_4EE0_90AA_D6E92F2099AD,  Size: 82282
File: webadmin_license_transfer.html,  Directory: dir_8806771C411545C9B482E8B2239C5A9B.5FFE20C8_2BC6_4EE0_90AA_D6E92F2099AD,  Size: 55562
File: codemeterwebadminltbaroverlaydetails_zoom80.jpg,  Directory: dir_9641117ED95A43098D872B9A917FFA35.5FFE20C8_2BC6_4EE0_90AA_D6E92F2099AD,  Size: 8112
File: nameduser_entry.html,  Directory: dir_8806771C411545C9B482E8B2239C5A9B.5FFE20C8_2BC6_4EE0_90AA_D6E92F2099AD,  Size: 48419
File: wbccloud02_zoom50.jpg,  Directory: dir_9641117ED95A43098D872B9A917FFA35.5FFE20C8_2BC6_4EE0_90AA_D6E92F2099AD,  Size: 14141
File: help_overview_de_zoom40.png,  Directory: dir_9641117ED95A43098D872B9A917FFA35.5FFE20C8_2BC6_4EE0_90AA_D6E92F2099AD,  Size: 67632
File: profiling_backup.js,  Directory: dir_C217E02153EF4FFFB5471191BAECC8B7.5FFE20C8_2BC6_4EE0_90AA_D6E92F2099AD,  Size: 11154
File: win_zoom128.jpg,  Directory: dir_CEE9F0C64FCF441198A38C9673370749.5FFE20C8_2BC6_4EE0_90AA_D6E92F2099AD,  Size: 952
File: highlight.js,  Directory: dir_079197E4E23B4155B10356C291A628DF.5FFE20C8_2BC6_4EE0_90AA_D6E92F2099AD,  Size: 9038
File: erstellen-einer-beispielliste-.html,  Directory: dir_8806771C411545C9B482E8B2239C5A9B.5FFE20C8_2BC6_4EE0_90AA_D6E92F2099AD,  Size: 43067
File: license_borrowing.js,  Directory: dir_C217E02153EF4FFFB5471191BAECC8B7.5FFE20C8_2BC6_4EE0_90AA_D6E92F2099AD,  Size: 5846
File: webadmin_configuration_http_zoom60.jpg,  Directory: dir_9641117ED95A43098D872B9A917FFA35.5FFE20C8_2BC6_4EE0_90AA_D6E92F2099AD,  Size: 13279
File: win8_logo_zoom10.jpg,  Directory: dir_CEE9F0C64FCF441198A38C9673370749.5FFE20C8_2BC6_4EE0_90AA_D6E92F2099AD,  Size: 771
File: td_implement.js,  Directory: dir_005CBB5EA0E8477B8178C3341D8A64CF.5FFE20C8_2BC6_4EE0_90AA_D6E92F2099AD,  Size: 557
File: h.jpg,  Directory: dir_CEE9F0C64FCF441198A38C9673370749.5FFE20C8_2BC6_4EE0_90AA_D6E92F2099AD,  Size: 1095
File: exit.png,  Directory: dir_CEE9F0C64FCF441198A38C9673370749.5FFE20C8_2BC6_4EE0_90AA_D6E92F2099AD,  Size: 865
File: export.html,  Directory: dir_8806771C411545C9B482E8B2239C5A9B.5FFE20C8_2BC6_4EE0_90AA_D6E92F2099AD,  Size: 41469
File: classic_navigation_zoom50.jpg,  Directory: dir_CEE9F0C64FCF441198A38C9673370749.5FFE20C8_2BC6_4EE0_90AA_D6E92F2099AD,  Size: 3557
File: webadmin_requirements.html,  Directory: dir_8806771C411545C9B482E8B2239C5A9B.5FFE20C8_2BC6_4EE0_90AA_D6E92F2099AD,  Size: 52637
File: 17_empfaengerausleihe_containerdetaills_zoom70.jpg,  Directory: dir_9641117ED95A43098D872B9A917FFA35.5FFE20C8_2BC6_4EE0_90AA_D6E92F2099AD,  Size: 28699
File: webadmin_module_item.js,  Directory: dir_005CBB5EA0E8477B8178C3341D8A64CF.5FFE20C8_2BC6_4EE0_90AA_D6E92F2099AD,  Size: 4045
File: entry_types.html,  Directory: dir_55CD00DB50894F27807C9E8A8886136B.5FFE20C8_2BC6_4EE0_90AA_D6E92F2099AD,  Size: 42466
File: lizenzanforderungerzeugenbestaetigung_zoom50.jpg,  Directory: dir_9641117ED95A43098D872B9A917FFA35.5FFE20C8_2BC6_4EE0_90AA_D6E92F2099AD,  Size: 11187
File: edit.png,  Directory: dir_CEE9F0C64FCF441198A38C9673370749.5FFE20C8_2BC6_4EE0_90AA_D6E92F2099AD,  Size: 563
File: wadmin_einstellungen_zugriffsschutz_advanced_newpcrule_zoom50.jpg,  Directory: dir_9641117ED95A43098D872B9A917FFA35.5FFE20C8_2BC6_4EE0_90AA_D6E92F2099AD,  Size: 11967
File: webadmin_configuration_loginforwrite_btn_zoom50.jpg,  Directory: dir_9641117ED95A43098D872B9A917FFA35.5FFE20C8_2BC6_4EE0_90AA_D6E92F2099AD,  Size: 2256
File: lizenzaktualisierungeinspielen01_zoom50.jpg,  Directory: dir_CEE9F0C64FCF441198A38C9673370749.5FFE20C8_2BC6_4EE0_90AA_D6E92F2099AD,  Size: 14907
File: 04_empfaengerlizenzen_containerdetails_zoom70.jpg,  Directory: dir_CEE9F0C64FCF441198A38C9673370749.5FFE20C8_2BC6_4EE0_90AA_D6E92F2099AD,  Size: 26517
File: allgemeine-acl-parameter.js,  Directory: dir_005CBB5EA0E8477B8178C3341D8A64CF.5FFE20C8_2BC6_4EE0_90AA_D6E92F2099AD,  Size: 4570
File: webadmin_cmcontainer_productitemdetails_uvd_zoom55.jpg,  Directory: dir_CEE9F0C64FCF441198A38C9673370749.5FFE20C8_2BC6_4EE0_90AA_D6E92F2099AD,  Size: 81729
File: cc_license_tab.js,  Directory: dir_C217E02153EF4FFFB5471191BAECC8B7.5FFE20C8_2BC6_4EE0_90AA_D6E92F2099AD,  Size: 36808
File: webadmin_container_userdata_zoom70.jpg,  Directory: dir_CEE9F0C64FCF441198A38C9673370749.5FFE20C8_2BC6_4EE0_90AA_D6E92F2099AD,  Size: 74846
File: achtung_zoom30.jpg,  Directory: dir_9641117ED95A43098D872B9A917FFA35.5FFE20C8_2BC6_4EE0_90AA_D6E92F2099AD,  Size: 972
File: codemeterwebadmindetailsallevents_zoom80.jpg,  Directory: dir_CEE9F0C64FCF441198A38C9673370749.5FFE20C8_2BC6_4EE0_90AA_D6E92F2099AD,  Size: 56028
File: defragment_icon_zoom80.jpg,  Directory: dir_CEE9F0C64FCF441198A38C9673370749.5FFE20C8_2BC6_4EE0_90AA_D6E92F2099AD,  Size: 1019
File: copyright.js,  Directory: dir_005CBB5EA0E8477B8178C3341D8A64CF.5FFE20C8_2BC6_4EE0_90AA_D6E92F2099AD,  Size: 9038
File: komplexere-acl.html,  Directory: dir_55CD00DB50894F27807C9E8A8886136B.5FFE20C8_2BC6_4EE0_90AA_D6E92F2099AD,  Size: 69505
File: toc_closedbook.png,  Directory: dir_CEE9F0C64FCF441198A38C9673370749.5FFE20C8_2BC6_4EE0_90AA_D6E92F2099AD,  Size: 2983
File: wbbfile.jpg,  Directory: dir_CEE9F0C64FCF441198A38C9673370749.5FFE20C8_2BC6_4EE0_90AA_D6E92F2099AD,  Size: 821
File: hm_webhelp.css,  Directory: dir_1B3BC25A0DBD43FF9F07EA153624A7BA.5FFE20C8_2BC6_4EE0_90AA_D6E92F2099AD,  Size: 13634
File: macos_zoom70.jpg,  Directory: dir_CEE9F0C64FCF441198A38C9673370749.5FFE20C8_2BC6_4EE0_90AA_D6E92F2099AD,  Size: 784
File: acl-objekte.js,  Directory: dir_005CBB5EA0E8477B8178C3341D8A64CF.5FFE20C8_2BC6_4EE0_90AA_D6E92F2099AD,  Size: 5800
File: list_of_licenses_entry.js,  Directory: dir_005CBB5EA0E8477B8178C3341D8A64CF.5FFE20C8_2BC6_4EE0_90AA_D6E92F2099AD,  Size: 4213
File: definitions_and_value_ranges.js,  Directory: dir_C217E02153EF4FFFB5471191BAECC8B7.5FFE20C8_2BC6_4EE0_90AA_D6E92F2099AD,  Size: 14082
File: certified_time.html,  Directory: dir_8806771C411545C9B482E8B2239C5A9B.5FFE20C8_2BC6_4EE0_90AA_D6E92F2099AD,  Size: 47832
File: license_entry.html,  Directory: dir_55CD00DB50894F27807C9E8A8886136B.5FFE20C8_2BC6_4EE0_90AA_D6E92F2099AD,  Size: 48106
File: wadmin_einstellungen_zugriffsschutz_advanced_globalrule_sample_zoom60.jpg,  Directory: dir_9641117ED95A43098D872B9A917FFA35.5FFE20C8_2BC6_4EE0_90AA_D6E92F2099AD,  Size: 15669
File: webadmin_license_transfer.js,  Directory: dir_C217E02153EF4FFFB5471191BAECC8B7.5FFE20C8_2BC6_4EE0_90AA_D6E92F2099AD,  Size: 16484
File: cicon_loadindex_ani.gif,  Directory: dir_CEE9F0C64FCF441198A38C9673370749.5FFE20C8_2BC6_4EE0_90AA_D6E92F2099AD,  Size: 7657
File: webadmin_dashboard_server_zoom60.jpg,  Directory: dir_CEE9F0C64FCF441198A38C9673370749.5FFE20C8_2BC6_4EE0_90AA_D6E92F2099AD,  Size: 11677
File: einfache-acl-fuer-container-3-.js,  Directory: dir_C217E02153EF4FFFB5471191BAECC8B7.5FFE20C8_2BC6_4EE0_90AA_D6E92F2099AD,  Size: 11109
File: allgemeine-acl-parameter.js,  Directory: dir_C217E02153EF4FFFB5471191BAECC8B7.5FFE20C8_2BC6_4EE0_90AA_D6E92F2099AD,  Size: 4374
File: license_tracking.js,  Directory: dir_C217E02153EF4FFFB5471191BAECC8B7.5FFE20C8_2BC6_4EE0_90AA_D6E92F2099AD,  Size: 25276
File: hmfile_hash_872fb759.jpg,  Directory: dir_CEE9F0C64FCF441198A38C9673370749.5FFE20C8_2BC6_4EE0_90AA_D6E92F2099AD,  Size: 6479
File: hm_xTablesInit.js,  Directory: dir_079197E4E23B4155B10356C291A628DF.5FFE20C8_2BC6_4EE0_90AA_D6E92F2099AD,  Size: 9321
File: icon_virtualcontainer_zoom50.jpg,  Directory: dir_9641117ED95A43098D872B9A917FFA35.5FFE20C8_2BC6_4EE0_90AA_D6E92F2099AD,  Size: 1099
File: hmwebhelp_main_print.css,  Directory: dir_93FB0F7D0CC340B186DBD20391CFB865.5FFE20C8_2BC6_4EE0_90AA_D6E92F2099AD,  Size: 1966
File: codemeter_license_tracking.html,  Directory: dir_55CD00DB50894F27807C9E8A8886136B.5FFE20C8_2BC6_4EE0_90AA_D6E92F2099AD,  Size: 51880
File: profiling_https.html,  Directory: dir_8806771C411545C9B482E8B2239C5A9B.5FFE20C8_2BC6_4EE0_90AA_D6E92F2099AD,  Size: 50656
File: codemeter_license_tracking.js,  Directory: dir_C217E02153EF4FFFB5471191BAECC8B7.5FFE20C8_2BC6_4EE0_90AA_D6E92F2099AD,  Size: 11224
File: information_weiss_klein26.jpg,  Directory: dir_CEE9F0C64FCF441198A38C9673370749.5FFE20C8_2BC6_4EE0_90AA_D6E92F2099AD,  Size: 1054
File: info.html,  Directory: dir_55CD00DB50894F27807C9E8A8886136B.5FFE20C8_2BC6_4EE0_90AA_D6E92F2099AD,  Size: 41836
File: codemeterwebadmindetailsdescribe_zoom80.jpg,  Directory: dir_CEE9F0C64FCF441198A38C9673370749.5FFE20C8_2BC6_4EE0_90AA_D6E92F2099AD,  Size: 9353
File: bitkom_zoom13.jpg,  Directory: dir_9641117ED95A43098D872B9A917FFA35.5FFE20C8_2BC6_4EE0_90AA_D6E92F2099AD,  Size: 1368
File: achtung_zoom72.jpg,  Directory: dir_9641117ED95A43098D872B9A917FFA35.5FFE20C8_2BC6_4EE0_90AA_D6E92F2099AD,  Size: 1042
File: sf_print.png,  Directory: dir_CEE9F0C64FCF441198A38C9673370749.5FFE20C8_2BC6_4EE0_90AA_D6E92F2099AD,  Size: 307
File: edge_01_zoom50.jpg,  Directory: dir_CEE9F0C64FCF441198A38C9673370749.5FFE20C8_2BC6_4EE0_90AA_D6E92F2099AD,  Size: 10941
File: eject_v2.png,  Directory: dir_CEE9F0C64FCF441198A38C9673370749.5FFE20C8_2BC6_4EE0_90AA_D6E92F2099AD,  Size: 867
File: cc_sf_name_aendern_dialog_zoom55.jpg,  Directory: dir_CEE9F0C64FCF441198A38C9673370749.5FFE20C8_2BC6_4EE0_90AA_D6E92F2099AD,  Size: 5400
File: cc_cmcloudcontainer_zoom57.jpg,  Directory: dir_CEE9F0C64FCF441198A38C9673370749.5FFE20C8_2BC6_4EE0_90AA_D6E92F2099AD,  Size: 10619
File: jquery.js,  Directory: dir_28FBCDD5F46F4375A8F125191C936317.5FFE20C8_2BC6_4EE0_90AA_D6E92F2099AD,  Size: 87538
File: hm_webhelp.js,  Directory: dir_28FBCDD5F46F4375A8F125191C936317.5FFE20C8_2BC6_4EE0_90AA_D6E92F2099AD,  Size: 82770
File: installation_windows.html,  Directory: dir_55CD00DB50894F27807C9E8A8886136B.5FFE20C8_2BC6_4EE0_90AA_D6E92F2099AD,  Size: 62088
File: proxy.js,  Directory: dir_C217E02153EF4FFFB5471191BAECC8B7.5FFE20C8_2BC6_4EE0_90AA_D6E92F2099AD,  Size: 9281
File: webadmin_license_transfer.js,  Directory: dir_005CBB5EA0E8477B8178C3341D8A64CF.5FFE20C8_2BC6_4EE0_90AA_D6E92F2099AD,  Size: 16353
File: beispiel_de_zoom32.jpg,  Directory: dir_9641117ED95A43098D872B9A917FFA35.5FFE20C8_2BC6_4EE0_90AA_D6E92F2099AD,  Size: 988
File: rt_lizenz_zoom70.jpg,  Directory: dir_9641117ED95A43098D872B9A917FFA35.5FFE20C8_2BC6_4EE0_90AA_D6E92F2099AD,  Size: 34060
File: up_item_icon_zoom70.jpg,  Directory: dir_9641117ED95A43098D872B9A917FFA35.5FFE20C8_2BC6_4EE0_90AA_D6E92F2099AD,  Size: 823
File: uninstalling_mac.html,  Directory: dir_8806771C411545C9B482E8B2239C5A9B.5FFE20C8_2BC6_4EE0_90AA_D6E92F2099AD,  Size: 41824
File: icon-32x32-red-cm.png,  Directory: dir_CEE9F0C64FCF441198A38C9673370749.5FFE20C8_2BC6_4EE0_90AA_D6E92F2099AD,  Size: 2178
File: chrome_03_zoom50.jpg,  Directory: dir_9641117ED95A43098D872B9A917FFA35.5FFE20C8_2BC6_4EE0_90AA_D6E92F2099AD,  Size: 1203
File: down_item_icon_zoom70.jpg,  Directory: dir_CEE9F0C64FCF441198A38C9673370749.5FFE20C8_2BC6_4EE0_90AA_D6E92F2099AD,  Size: 820
File: wadmin_einstellungen_zugriffsschutz_advanced_firmcode_10_zoom50.jpg,  Directory: dir_CEE9F0C64FCF441198A38C9673370749.5FFE20C8_2BC6_4EE0_90AA_D6E92F2099AD,  Size: 8504
File: beispiel_en_zoom60.jpg,  Directory: dir_CEE9F0C64FCF441198A38C9673370749.5FFE20C8_2BC6_4EE0_90AA_D6E92F2099AD,  Size: 1127
File: index.js,  Directory: dir_C217E02153EF4FFFB5471191BAECC8B7.5FFE20C8_2BC6_4EE0_90AA_D6E92F2099AD,  Size: 6437
File: profiling_http.html,  Directory: dir_55CD00DB50894F27807C9E8A8886136B.5FFE20C8_2BC6_4EE0_90AA_D6E92F2099AD,  Size: 61565
File: cc_msd_zoom50.jpg,  Directory: dir_CEE9F0C64FCF441198A38C9673370749.5FFE20C8_2BC6_4EE0_90AA_D6E92F2099AD,  Size: 24279
File: containerruleset.js,  Directory: dir_C217E02153EF4FFFB5471191BAECC8B7.5FFE20C8_2BC6_4EE0_90AA_D6E92F2099AD,  Size: 6185
File: glossary.html,  Directory: dir_55CD00DB50894F27807C9E8A8886136B.5FFE20C8_2BC6_4EE0_90AA_D6E92F2099AD,  Size: 49889
File: webadmin_settings_basis_webadmin_zoom50.jpg,  Directory: dir_CEE9F0C64FCF441198A38C9673370749.5FFE20C8_2BC6_4EE0_90AA_D6E92F2099AD,  Size: 32650
File: banner_company.jpg,  Directory: dir_CEE9F0C64FCF441198A38C9673370749.5FFE20C8_2BC6_4EE0_90AA_D6E92F2099AD,  Size: 11387
File: sf_leftright.png,  Directory: dir_9641117ED95A43098D872B9A917FFA35.5FFE20C8_2BC6_4EE0_90AA_D6E92F2099AD,  Size: 317
File: icon-32x32-double-cm.png,  Directory: dir_9641117ED95A43098D872B9A917FFA35.5FFE20C8_2BC6_4EE0_90AA_D6E92F2099AD,  Size: 2219
File: hmImageToggle.js,  Directory: dir_079197E4E23B4155B10356C291A628DF.5FFE20C8_2BC6_4EE0_90AA_D6E92F2099AD,  Size: 5175
File: diagnosis.html,  Directory: dir_8806771C411545C9B482E8B2239C5A9B.5FFE20C8_2BC6_4EE0_90AA_D6E92F2099AD,  Size: 41137
File: container.html,  Directory: dir_55CD00DB50894F27807C9E8A8886136B.5FFE20C8_2BC6_4EE0_90AA_D6E92F2099AD,  Size: 44616
File: webadmin_cmcontainer_details_zoom60.jpg,  Directory: dir_CEE9F0C64FCF441198A38C9673370749.5FFE20C8_2BC6_4EE0_90AA_D6E92F2099AD,  Size: 64950
File: hmXtopic.js,  Directory: dir_079197E4E23B4155B10356C291A628DF.5FFE20C8_2BC6_4EE0_90AA_D6E92F2099AD,  Size: 7685
File: container.js,  Directory: dir_C217E02153EF4FFFB5471191BAECC8B7.5FFE20C8_2BC6_4EE0_90AA_D6E92F2099AD,  Size: 3929
File: _hmXpopup.htm,  Directory: dir_8806771C411545C9B482E8B2239C5A9B.5FFE20C8_2BC6_4EE0_90AA_D6E92F2099AD,  Size: 4378
File: wadmin_einstellungen_zugriffsschutz_advanced_newglobalrule_zoom60.jpg,  Directory: dir_CEE9F0C64FCF441198A38C9673370749.5FFE20C8_2BC6_4EE0_90AA_D6E92F2099AD,  Size: 12098
File: hmDoCopyCode.js,  Directory: dir_079197E4E23B4155B10356C291A628DF.5FFE20C8_2BC6_4EE0_90AA_D6E92F2099AD,  Size: 909
File: pcruleset.html,  Directory: dir_8806771C411545C9B482E8B2239C5A9B.5FFE20C8_2BC6_4EE0_90AA_D6E92F2099AD,  Size: 48798
File: tab_display.jpg,  Directory: dir_CEE9F0C64FCF441198A38C9673370749.5FFE20C8_2BC6_4EE0_90AA_D6E92F2099AD,  Size: 3556
File: allgemeine-acl-parameter.html,  Directory: dir_55CD00DB50894F27807C9E8A8886136B.5FFE20C8_2BC6_4EE0_90AA_D6E92F2099AD,  Size: 44862
File: profiling_https.js,  Directory: dir_C217E02153EF4FFFB5471191BAECC8B7.5FFE20C8_2BC6_4EE0_90AA_D6E92F2099AD,  Size: 12025
File: installation_codemeter.html,  Directory: dir_55CD00DB50894F27807C9E8A8886136B.5FFE20C8_2BC6_4EE0_90AA_D6E92F2099AD,  Size: 43056
File: cmfas_create_receipt.js,  Directory: dir_005CBB5EA0E8477B8178C3341D8A64CF.5FFE20C8_2BC6_4EE0_90AA_D6E92F2099AD,  Size: 5111
File: toc_show.png,  Directory: dir_CEE9F0C64FCF441198A38C9673370749.5FFE20C8_2BC6_4EE0_90AA_D6E92F2099AD,  Size: 532
File: hmfile_hash_9533eb98.jpg,  Directory: dir_9641117ED95A43098D872B9A917FFA35.5FFE20C8_2BC6_4EE0_90AA_D6E92F2099AD,  Size: 3445
File: sf_toggle.png,  Directory: dir_CEE9F0C64FCF441198A38C9673370749.5FFE20C8_2BC6_4EE0_90AA_D6E92F2099AD,  Size: 359
File: close_data.png,  Directory: dir_9641117ED95A43098D872B9A917FFA35.5FFE20C8_2BC6_4EE0_90AA_D6E92F2099AD,  Size: 2029
File: hm_popup.css,  Directory: dir_93FB0F7D0CC340B186DBD20391CFB865.5FFE20C8_2BC6_4EE0_90AA_D6E92F2099AD,  Size: 2694
File: cc_event_tab.html,  Directory: dir_8806771C411545C9B482E8B2239C5A9B.5FFE20C8_2BC6_4EE0_90AA_D6E92F2099AD,  Size: 47510
File: version_contact_userhelp.html,  Directory: dir_8806771C411545C9B482E8B2239C5A9B.5FFE20C8_2BC6_4EE0_90AA_D6E92F2099AD,  Size: 43438
File: license_access_permissions.js,  Directory: dir_C217E02153EF4FFFB5471191BAECC8B7.5FFE20C8_2BC6_4EE0_90AA_D6E92F2099AD,  Size: 105815
File: information_weiss_klein26_zoom99.jpg,  Directory: dir_CEE9F0C64FCF441198A38C9673370749.5FFE20C8_2BC6_4EE0_90AA_D6E92F2099AD,  Size: 1054
File: webadmin_settings_server_server_zoom50.jpg,  Directory: dir_CEE9F0C64FCF441198A38C9673370749.5FFE20C8_2BC6_4EE0_90AA_D6E92F2099AD,  Size: 23488
File: beispiel-de_zoom50.jpg,  Directory: dir_9641117ED95A43098D872B9A917FFA35.5FFE20C8_2BC6_4EE0_90AA_D6E92F2099AD,  Size: 952
File: webadmin_configuration_webadmin_read_access_zoom63.jpg,  Directory: dir_CEE9F0C64FCF441198A38C9673370749.5FFE20C8_2BC6_4EE0_90AA_D6E92F2099AD,  Size: 9186
File: cmcontainer_details.js,  Directory: dir_C217E02153EF4FFFB5471191BAECC8B7.5FFE20C8_2BC6_4EE0_90AA_D6E92F2099AD,  Size: 8666
File: logo-image-mobile.png,  Directory: dir_CEE9F0C64FCF441198A38C9673370749.5FFE20C8_2BC6_4EE0_90AA_D6E92F2099AD,  Size: 7650
File: hinzufuegen_icon_zoom80.jpg,  Directory: dir_CEE9F0C64FCF441198A38C9673370749.5FFE20C8_2BC6_4EE0_90AA_D6E92F2099AD,  Size: 1104
File: important_information.html,  Directory: dir_8806771C411545C9B482E8B2239C5A9B.5FFE20C8_2BC6_4EE0_90AA_D6E92F2099AD,  Size: 69426
File: ueberblick_tmr.html,  Directory: dir_8806771C411545C9B482E8B2239C5A9B.5FFE20C8_2BC6_4EE0_90AA_D6E92F2099AD,  Size: 46654
File: backup.js,  Directory: dir_005CBB5EA0E8477B8178C3341D8A64CF.5FFE20C8_2BC6_4EE0_90AA_D6E92F2099AD,  Size: 6542
File: webadmin_container_userdata_zoom70.jpg,  Directory: dir_9641117ED95A43098D872B9A917FFA35.5FFE20C8_2BC6_4EE0_90AA_D6E92F2099AD,  Size: 68453
File: lt_icon_options_zoom120.jpg,  Directory: dir_CEE9F0C64FCF441198A38C9673370749.5FFE20C8_2BC6_4EE0_90AA_D6E92F2099AD,  Size: 974
File: backup.html,  Directory: dir_8806771C411545C9B482E8B2239C5A9B.5FFE20C8_2BC6_4EE0_90AA_D6E92F2099AD,  Size: 46342
File: wadmin_einstellungen_zugriffsschutz_advanced_firmcode_10_zoom50.jpg,  Directory: dir_9641117ED95A43098D872B9A917FFA35.5FFE20C8_2BC6_4EE0_90AA_D6E92F2099AD,  Size: 7453
File: codemeter-produktreihe.png,  Directory: dir_4F135336632D4907A8F9913B72BBED92.5FFE20C8_2BC6_4EE0_90AA_D6E92F2099AD,  Size: 36574
File: time_v2.png,  Directory: dir_9641117ED95A43098D872B9A917FFA35.5FFE20C8_2BC6_4EE0_90AA_D6E92F2099AD,  Size: 865
File: ie.png,  Directory: dir_4F135336632D4907A8F9913B72BBED92.5FFE20C8_2BC6_4EE0_90AA_D6E92F2099AD,  Size: 4151
File: begriffe-und-definitionen.js,  Directory: dir_005CBB5EA0E8477B8178C3341D8A64CF.5FFE20C8_2BC6_4EE0_90AA_D6E92F2099AD,  Size: 7437
File: webadmin_cmcontainer_firmitemdetails_zoom60.jpg,  Directory: dir_CEE9F0C64FCF441198A38C9673370749.5FFE20C8_2BC6_4EE0_90AA_D6E92F2099AD,  Size: 78192
File: server_search_list.html,  Directory: dir_55CD00DB50894F27807C9E8A8886136B.5FFE20C8_2BC6_4EE0_90AA_D6E92F2099AD,  Size: 60480
File: schritt-2-erstellen-einer-acl-.html,  Directory: dir_55CD00DB50894F27807C9E8A8886136B.5FFE20C8_2BC6_4EE0_90AA_D6E92F2099AD,  Size: 61379
File: sf_more.png,  Directory: dir_CEE9F0C64FCF441198A38C9673370749.5FFE20C8_2BC6_4EE0_90AA_D6E92F2099AD,  Size: 226
File: webadmin_container_backuprestore_zoom60.jpg,  Directory: dir_9641117ED95A43098D872B9A917FFA35.5FFE20C8_2BC6_4EE0_90AA_D6E92F2099AD,  Size: 64352
File: administrative_entry.js,  Directory: dir_C217E02153EF4FFFB5471191BAECC8B7.5FFE20C8_2BC6_4EE0_90AA_D6E92F2099AD,  Size: 5863
File: 13_senderausleihe_containerdetaills_zoom70.jpg,  Directory: dir_CEE9F0C64FCF441198A38C9673370749.5FFE20C8_2BC6_4EE0_90AA_D6E92F2099AD,  Size: 27836
File: das-all-container-ruleset.js,  Directory: dir_C217E02153EF4FFFB5471191BAECC8B7.5FFE20C8_2BC6_4EE0_90AA_D6E92F2099AD,  Size: 2707
File: _hmXtopic.htm,  Directory: dir_55CD00DB50894F27807C9E8A8886136B.5FFE20C8_2BC6_4EE0_90AA_D6E92F2099AD,  Size: 2820
File: wbccloud02_zoom50.jpg,  Directory: dir_CEE9F0C64FCF441198A38C9673370749.5FFE20C8_2BC6_4EE0_90AA_D6E92F2099AD,  Size: 12710
File: bg.png,  Directory: dir_CEE9F0C64FCF441198A38C9673370749.5FFE20C8_2BC6_4EE0_90AA_D6E92F2099AD,  Size: 2357
File: product_item_details.js,  Directory: dir_C217E02153EF4FFFB5471191BAECC8B7.5FFE20C8_2BC6_4EE0_90AA_D6E92F2099AD,  Size: 12037
File: cc_hid_zoom50.jpg,  Directory: dir_CEE9F0C64FCF441198A38C9673370749.5FFE20C8_2BC6_4EE0_90AA_D6E92F2099AD,  Size: 18205
File: rt_willkommen_zoom70.jpg,  Directory: dir_9641117ED95A43098D872B9A917FFA35.5FFE20C8_2BC6_4EE0_90AA_D6E92F2099AD,  Size: 25225
File: step3_01_zoom70.jpg,  Directory: dir_9641117ED95A43098D872B9A917FFA35.5FFE20C8_2BC6_4EE0_90AA_D6E92F2099AD,  Size: 33265
File: cc-broken-license_01_repair_error_zoom62.jpg,  Directory: dir_9641117ED95A43098D872B9A917FFA35.5FFE20C8_2BC6_4EE0_90AA_D6E92F2099AD,  Size: 7511
File: fcruleset.html,  Directory: dir_55CD00DB50894F27807C9E8A8886136B.5FFE20C8_2BC6_4EE0_90AA_D6E92F2099AD,  Size: 48042
File: beispiel_de_zoom30.jpg,  Directory: dir_9641117ED95A43098D872B9A917FFA35.5FFE20C8_2BC6_4EE0_90AA_D6E92F2099AD,  Size: 956
File: profiling_backup.html,  Directory: dir_55CD00DB50894F27807C9E8A8886136B.5FFE20C8_2BC6_4EE0_90AA_D6E92F2099AD,  Size: 50325
File: move_n_from_m_transfer.js,  Directory: dir_C217E02153EF4FFFB5471191BAECC8B7.5FFE20C8_2BC6_4EE0_90AA_D6E92F2099AD,  Size: 3401
File: hmprojectstyles.css,  Directory: dir_93FB0F7D0CC340B186DBD20391CFB865.5FFE20C8_2BC6_4EE0_90AA_D6E92F2099AD,  Size: 19656
File: cmfas_create_receipt.js,  Directory: dir_C217E02153EF4FFFB5471191BAECC8B7.5FFE20C8_2BC6_4EE0_90AA_D6E92F2099AD,  Size: 4791
File: webadmin_module_item.html,  Directory: dir_55CD00DB50894F27807C9E8A8886136B.5FFE20C8_2BC6_4EE0_90AA_D6E92F2099AD,  Size: 44461
File: webadmin_monitoring_session_foreignhandle_zoom54.jpg,  Directory: dir_9641117ED95A43098D872B9A917FFA35.5FFE20C8_2BC6_4EE0_90AA_D6E92F2099AD,  Size: 8931
File: index.html,  Directory: dir_BFDEF77BE9EE476CA3A53FCA6FAAB20F.5FFE20C8_2BC6_4EE0_90AA_D6E92F2099AD,  Size: 2798
File: webadmin_diagnosis_zoom60.jpg,  Directory: dir_CEE9F0C64FCF441198A38C9673370749.5FFE20C8_2BC6_4EE0_90AA_D6E92F2099AD,  Size: 74168
File: hmDoInlineToggle.js,  Directory: dir_28FBCDD5F46F4375A8F125191C936317.5FFE20C8_2BC6_4EE0_90AA_D6E92F2099AD,  Size: 1482
File: webadmin_settings_server_access_advancedmode_new_ad_zoom60.jpg,  Directory: dir_CEE9F0C64FCF441198A38C9673370749.5FFE20C8_2BC6_4EE0_90AA_D6E92F2099AD,  Size: 10904
File: hmcontextids.js,  Directory: dir_079197E4E23B4155B10356C291A628DF.5FFE20C8_2BC6_4EE0_90AA_D6E92F2099AD,  Size: 479
File: webadmin_config.js,  Directory: dir_005CBB5EA0E8477B8178C3341D8A64CF.5FFE20C8_2BC6_4EE0_90AA_D6E92F2099AD,  Size: 43289
File: hm_webhelp.css,  Directory: dir_93FB0F7D0CC340B186DBD20391CFB865.5FFE20C8_2BC6_4EE0_90AA_D6E92F2099AD,  Size: 13603
File: signature_entry.html,  Directory: dir_55CD00DB50894F27807C9E8A8886136B.5FFE20C8_2BC6_4EE0_90AA_D6E92F2099AD,  Size: 45657
File: configuration.html,  Directory: dir_8806771C411545C9B482E8B2239C5A9B.5FFE20C8_2BC6_4EE0_90AA_D6E92F2099AD,  Size: 42028
File: fcruleset.js,  Directory: dir_005CBB5EA0E8477B8178C3341D8A64CF.5FFE20C8_2BC6_4EE0_90AA_D6E92F2099AD,  Size: 8015
File: 16_ausleihe_ausleihe_monitoring_zoom70.jpg,  Directory: dir_9641117ED95A43098D872B9A917FFA35.5FFE20C8_2BC6_4EE0_90AA_D6E92F2099AD,  Size: 18153
File: beispiel_en_zoom30.jpg,  Directory: dir_CEE9F0C64FCF441198A38C9673370749.5FFE20C8_2BC6_4EE0_90AA_D6E92F2099AD,  Size: 786
File: 18_empfaengerausleihe_fidetaills_zoom70.jpg,  Directory: dir_9641117ED95A43098D872B9A917FFA35.5FFE20C8_2BC6_4EE0_90AA_D6E92F2099AD,  Size: 51659
File: sessions.html,  Directory: dir_8806771C411545C9B482E8B2239C5A9B.5FFE20C8_2BC6_4EE0_90AA_D6E92F2099AD,  Size: 44698
File: logo-image-mobile.png,  Directory: dir_9641117ED95A43098D872B9A917FFA35.5FFE20C8_2BC6_4EE0_90AA_D6E92F2099AD,  Size: 10024
File: linux_kernel_settings.js,  Directory: dir_005CBB5EA0E8477B8178C3341D8A64CF.5FFE20C8_2BC6_4EE0_90AA_D6E92F2099AD,  Size: 9505
File: glossary.js,  Directory: dir_C217E02153EF4FFFB5471191BAECC8B7.5FFE20C8_2BC6_4EE0_90AA_D6E92F2099AD,  Size: 10559
File: gold_partner_rgb_9.jpg,  Directory: dir_CEE9F0C64FCF441198A38C9673370749.5FFE20C8_2BC6_4EE0_90AA_D6E92F2099AD,  Size: 4849
File: globale-regel-fuer-localhost.js,  Directory: dir_005CBB5EA0E8477B8178C3341D8A64CF.5FFE20C8_2BC6_4EE0_90AA_D6E92F2099AD,  Size: 6687
File: 08_senderlizenzen_fidetailszurueck_zoom70.jpg,  Directory: dir_9641117ED95A43098D872B9A917FFA35.5FFE20C8_2BC6_4EE0_90AA_D6E92F2099AD,  Size: 49722
File: schritt-5-erstellen-einer-acl-.html,  Directory: dir_55CD00DB50894F27807C9E8A8886136B.5FFE20C8_2BC6_4EE0_90AA_D6E92F2099AD,  Size: 59593
File: status_expand_close.jpg,  Directory: dir_CEE9F0C64FCF441198A38C9673370749.5FFE20C8_2BC6_4EE0_90AA_D6E92F2099AD,  Size: 1004
File: cc_sf_zeige_alle_offenen_handles_.jpg,  Directory: dir_9641117ED95A43098D872B9A917FFA35.5FFE20C8_2BC6_4EE0_90AA_D6E92F2099AD,  Size: 876
File: schritt-4-erstellen-einer-acl-.html,  Directory: dir_8806771C411545C9B482E8B2239C5A9B.5FFE20C8_2BC6_4EE0_90AA_D6E92F2099AD,  Size: 51789
File: status_container_aktiviert_zoom70.jpg,  Directory: dir_9641117ED95A43098D872B9A917FFA35.5FFE20C8_2BC6_4EE0_90AA_D6E92F2099AD,  Size: 817
File: refresh_zoom40.jpg,  Directory: dir_CEE9F0C64FCF441198A38C9673370749.5FFE20C8_2BC6_4EE0_90AA_D6E92F2099AD,  Size: 818
File: hmwebhelp_main_desktop.css,  Directory: dir_93FB0F7D0CC340B186DBD20391CFB865.5FFE20C8_2BC6_4EE0_90AA_D6E92F2099AD,  Size: 26177
File: einfache-acl-fuer-container-3-.html,  Directory: dir_8806771C411545C9B482E8B2239C5A9B.5FFE20C8_2BC6_4EE0_90AA_D6E92F2099AD,  Size: 51022
File: erstellen-einer-beispielliste-.js,  Directory: dir_C217E02153EF4FFFB5471191BAECC8B7.5FFE20C8_2BC6_4EE0_90AA_D6E92F2099AD,  Size: 2845
File: cc_mit3tab_zoom67.jpg,  Directory: dir_CEE9F0C64FCF441198A38C9673370749.5FFE20C8_2BC6_4EE0_90AA_D6E92F2099AD,  Size: 25676
File: transfer_limitation.js,  Directory: dir_C217E02153EF4FFFB5471191BAECC8B7.5FFE20C8_2BC6_4EE0_90AA_D6E92F2099AD,  Size: 4490
File: examples.js,  Directory: dir_C217E02153EF4FFFB5471191BAECC8B7.5FFE20C8_2BC6_4EE0_90AA_D6E92F2099AD,  Size: 839
File: ndex.js,  Directory: dir_005CBB5EA0E8477B8178C3341D8A64CF.5FFE20C8_2BC6_4EE0_90AA_D6E92F2099AD,  Size: 6259
File: cmu.html,  Directory: dir_55CD00DB50894F27807C9E8A8886136B.5FFE20C8_2BC6_4EE0_90AA_D6E92F2099AD,  Size: 238760
File: sf_toggle_off.png,  Directory: dir_9641117ED95A43098D872B9A917FFA35.5FFE20C8_2BC6_4EE0_90AA_D6E92F2099AD,  Size: 347
File: delete_icon.jpg,  Directory: dir_CEE9F0C64FCF441198A38C9673370749.5FFE20C8_2BC6_4EE0_90AA_D6E92F2099AD,  Size: 1068
File: dashboard.html,  Directory: dir_8806771C411545C9B482E8B2239C5A9B.5FFE20C8_2BC6_4EE0_90AA_D6E92F2099AD,  Size: 46273
File: proxy.html,  Directory: dir_55CD00DB50894F27807C9E8A8886136B.5FFE20C8_2BC6_4EE0_90AA_D6E92F2099AD,  Size: 49771
File: 15_senderausleihe_pidetaills_zoom70.jpg,  Directory: dir_CEE9F0C64FCF441198A38C9673370749.5FFE20C8_2BC6_4EE0_90AA_D6E92F2099AD,  Size: 63168
File: format_of_the_logfile.html,  Directory: dir_55CD00DB50894F27807C9E8A8886136B.5FFE20C8_2BC6_4EE0_90AA_D6E92F2099AD,  Size: 43274
File: webadmin_monitoring_license_details_zoom53.jpg,  Directory: dir_CEE9F0C64FCF441198A38C9673370749.5FFE20C8_2BC6_4EE0_90AA_D6E92F2099AD,  Size: 86016
File: uninstalling_windowsrt.html,  Directory: dir_55CD00DB50894F27807C9E8A8886136B.5FFE20C8_2BC6_4EE0_90AA_D6E92F2099AD,  Size: 42499
File: important_information.js,  Directory: dir_C217E02153EF4FFFB5471191BAECC8B7.5FFE20C8_2BC6_4EE0_90AA_D6E92F2099AD,  Size: 30847
File: serversetup_zoom40.jpg,  Directory: dir_CEE9F0C64FCF441198A38C9673370749.5FFE20C8_2BC6_4EE0_90AA_D6E92F2099AD,  Size: 28897
File: denial_entry.html,  Directory: dir_55CD00DB50894F27807C9E8A8886136B.5FFE20C8_2BC6_4EE0_90AA_D6E92F2099AD,  Size: 45228
File: format_of_the_logfile.html,  Directory: dir_8806771C411545C9B482E8B2239C5A9B.5FFE20C8_2BC6_4EE0_90AA_D6E92F2099AD,  Size: 42764
File: hmwebhelp_index_phone.css,  Directory: dir_1B3BC25A0DBD43FF9F07EA153624A7BA.5FFE20C8_2BC6_4EE0_90AA_D6E92F2099AD,  Size: 4177
File: copyright.html,  Directory: dir_8806771C411545C9B482E8B2239C5A9B.5FFE20C8_2BC6_4EE0_90AA_D6E92F2099AD,  Size: 48887
File: defrag_v2.png,  Directory: dir_CEE9F0C64FCF441198A38C9673370749.5FFE20C8_2BC6_4EE0_90AA_D6E92F2099AD,  Size: 836
File: index.html,  Directory: dir_55CD00DB50894F27807C9E8A8886136B.5FFE20C8_2BC6_4EE0_90AA_D6E92F2099AD,  Size: 46566
File: type_cmactlicense.png,  Directory: dir_9641117ED95A43098D872B9A917FFA35.5FFE20C8_2BC6_4EE0_90AA_D6E92F2099AD,  Size: 3429
File: uninstalling_linux.html,  Directory: dir_8806771C411545C9B482E8B2239C5A9B.5FFE20C8_2BC6_4EE0_90AA_D6E92F2099AD,  Size: 42260
File: linux_kernel_settings.html,  Directory: dir_8806771C411545C9B482E8B2239C5A9B.5FFE20C8_2BC6_4EE0_90AA_D6E92F2099AD,  Size: 49379
File: list_of_licenses_entry.js,  Directory: dir_C217E02153EF4FFFB5471191BAECC8B7.5FFE20C8_2BC6_4EE0_90AA_D6E92F2099AD,  Size: 4114
File: events.html,  Directory: dir_8806771C411545C9B482E8B2239C5A9B.5FFE20C8_2BC6_4EE0_90AA_D6E92F2099AD,  Size: 42846
File: pccard_zoom63.jpg,  Directory: dir_9641117ED95A43098D872B9A917FFA35.5FFE20C8_2BC6_4EE0_90AA_D6E92F2099AD,  Size: 1506
File: time_v2.png,  Directory: dir_CEE9F0C64FCF441198A38C9673370749.5FFE20C8_2BC6_4EE0_90AA_D6E92F2099AD,  Size: 865
File: profiling_tmr.js,  Directory: dir_C217E02153EF4FFFB5471191BAECC8B7.5FFE20C8_2BC6_4EE0_90AA_D6E92F2099AD,  Size: 4530
File: config_all_zoom50.jpg,  Directory: dir_9641117ED95A43098D872B9A917FFA35.5FFE20C8_2BC6_4EE0_90AA_D6E92F2099AD,  Size: 39236
File: cc_importing_updating_licenses.js,  Directory: dir_C217E02153EF4FFFB5471191BAECC8B7.5FFE20C8_2BC6_4EE0_90AA_D6E92F2099AD,  Size: 3764
File: config_all_zoom50.jpg,  Directory: dir_CEE9F0C64FCF441198A38C9673370749.5FFE20C8_2BC6_4EE0_90AA_D6E92F2099AD,  Size: 38562
File: win8_logo_zoom14.jpg,  Directory: dir_9641117ED95A43098D872B9A917FFA35.5FFE20C8_2BC6_4EE0_90AA_D6E92F2099AD,  Size: 919
File: info.js,  Directory: dir_005CBB5EA0E8477B8178C3341D8A64CF.5FFE20C8_2BC6_4EE0_90AA_D6E92F2099AD,  Size: 1334
File: licenses_expand.jpg,  Directory: dir_9641117ED95A43098D872B9A917FFA35.5FFE20C8_2BC6_4EE0_90AA_D6E92F2099AD,  Size: 1126
File: 05_empfaengerlizenzen_fidetails_zoom70.jpg,  Directory: dir_9641117ED95A43098D872B9A917FFA35.5FFE20C8_2BC6_4EE0_90AA_D6E92F2099AD,  Size: 50442
File: time_update_icon_zoom60.jpg,  Directory: dir_9641117ED95A43098D872B9A917FFA35.5FFE20C8_2BC6_4EE0_90AA_D6E92F2099AD,  Size: 884
File: webadmin_configuration_webadmin_config_write_access_zoom62.jpg,  Directory: dir_9641117ED95A43098D872B9A917FFA35.5FFE20C8_2BC6_4EE0_90AA_D6E92F2099AD,  Size: 6562
File: hm_popup.css,  Directory: dir_1B3BC25A0DBD43FF9F07EA153624A7BA.5FFE20C8_2BC6_4EE0_90AA_D6E92F2099AD,  Size: 2694
File: icon_virtualcontainer_zoom50.jpg,  Directory: dir_CEE9F0C64FCF441198A38C9673370749.5FFE20C8_2BC6_4EE0_90AA_D6E92F2099AD,  Size: 1099
File: tog_minus.gif,  Directory: dir_CEE9F0C64FCF441198A38C9673370749.5FFE20C8_2BC6_4EE0_90AA_D6E92F2099AD,  Size: 74
File: license_monitoring_details.js,  Directory: dir_005CBB5EA0E8477B8178C3341D8A64CF.5FFE20C8_2BC6_4EE0_90AA_D6E92F2099AD,  Size: 13337
File: _hm_print_window.htm,  Directory: dir_8806771C411545C9B482E8B2239C5A9B.5FFE20C8_2BC6_4EE0_90AA_D6E92F2099AD,  Size: 2172
File: closehelp.png,  Directory: dir_CEE9F0C64FCF441198A38C9673370749.5FFE20C8_2BC6_4EE0_90AA_D6E92F2099AD,  Size: 14303
File: codemeterwebadmindetailsactiveusers_zoom80.jpg,  Directory: dir_CEE9F0C64FCF441198A38C9673370749.5FFE20C8_2BC6_4EE0_90AA_D6E92F2099AD,  Size: 32970
File: product_item_details_user.js,  Directory: dir_005CBB5EA0E8477B8178C3341D8A64CF.5FFE20C8_2BC6_4EE0_90AA_D6E92F2099AD,  Size: 1808
File: uninstalling_linux.js,  Directory: dir_C217E02153EF4FFFB5471191BAECC8B7.5FFE20C8_2BC6_4EE0_90AA_D6E92F2099AD,  Size: 2064
File: hmfile_hash_9f94de6e.jpg,  Directory: dir_9641117ED95A43098D872B9A917FFA35.5FFE20C8_2BC6_4EE0_90AA_D6E92F2099AD,  Size: 6453
File: step5_01_zoom70.jpg,  Directory: dir_CEE9F0C64FCF441198A38C9673370749.5FFE20C8_2BC6_4EE0_90AA_D6E92F2099AD,  Size: 11671
File: linux_kernel_settings.html,  Directory: dir_55CD00DB50894F27807C9E8A8886136B.5FFE20C8_2BC6_4EE0_90AA_D6E92F2099AD,  Size: 49649
File: webadmin_dashboard_zoom60.jpg,  Directory: dir_CEE9F0C64FCF441198A38C9673370749.5FFE20C8_2BC6_4EE0_90AA_D6E92F2099AD,  Size: 47374
File: requirements.js,  Directory: dir_005CBB5EA0E8477B8178C3341D8A64CF.5FFE20C8_2BC6_4EE0_90AA_D6E92F2099AD,  Size: 18916
File: export.js,  Directory: dir_C217E02153EF4FFFB5471191BAECC8B7.5FFE20C8_2BC6_4EE0_90AA_D6E92F2099AD,  Size: 1323
File: hm_mail_feedback.js,  Directory: dir_079197E4E23B4155B10356C291A628DF.5FFE20C8_2BC6_4EE0_90AA_D6E92F2099AD,  Size: 4653
File: wadmin_inhalt_datensicherung_abfrage_zoom50.jpg,  Directory: dir_CEE9F0C64FCF441198A38C9673370749.5FFE20C8_2BC6_4EE0_90AA_D6E92F2099AD,  Size: 5273
File: configuration.html,  Directory: dir_55CD00DB50894F27807C9E8A8886136B.5FFE20C8_2BC6_4EE0_90AA_D6E92F2099AD,  Size: 42336
File: jquery.history.js,  Directory: dir_079197E4E23B4155B10356C291A628DF.5FFE20C8_2BC6_4EE0_90AA_D6E92F2099AD,  Size: 22933
File: cc_sf_kennwort_aendern_dialog_zoom70.jpg,  Directory: dir_9641117ED95A43098D872B9A917FFA35.5FFE20C8_2BC6_4EE0_90AA_D6E92F2099AD,  Size: 23897
File: cc_uebersicht_zoom65.jpg,  Directory: dir_CEE9F0C64FCF441198A38C9673370749.5FFE20C8_2BC6_4EE0_90AA_D6E92F2099AD,  Size: 27135
File: icon-32x32-yellow-cm.png,  Directory: dir_9641117ED95A43098D872B9A917FFA35.5FFE20C8_2BC6_4EE0_90AA_D6E92F2099AD,  Size: 2166
File: webadmin_configuration_http_zoom60.jpg,  Directory: dir_CEE9F0C64FCF441198A38C9673370749.5FFE20C8_2BC6_4EE0_90AA_D6E92F2099AD,  Size: 11699
File: installation_codemeter.html,  Directory: dir_8806771C411545C9B482E8B2239C5A9B.5FFE20C8_2BC6_4EE0_90AA_D6E92F2099AD,  Size: 42324
File: 03_senderlizenzen_pidetails_zoom70.jpg,  Directory: dir_9641117ED95A43098D872B9A917FFA35.5FFE20C8_2BC6_4EE0_90AA_D6E92F2099AD,  Size: 61946
File: hmFeatureHeaderM.js,  Directory: dir_079197E4E23B4155B10356C291A628DF.5FFE20C8_2BC6_4EE0_90AA_D6E92F2099AD,  Size: 2904
File: version_contact_userhelp.js,  Directory: dir_C217E02153EF4FFFB5471191BAECC8B7.5FFE20C8_2BC6_4EE0_90AA_D6E92F2099AD,  Size: 3348
File: 07_senderlizenzen_containerdetails_zurueck_zoom70.jpg,  Directory: dir_9641117ED95A43098D872B9A917FFA35.5FFE20C8_2BC6_4EE0_90AA_D6E92F2099AD,  Size: 28411
File: cc_status_open_webadmin.js,  Directory: dir_C217E02153EF4FFFB5471191BAECC8B7.5FFE20C8_2BC6_4EE0_90AA_D6E92F2099AD,  Size: 2514
File: hm_mail_feedback.js,  Directory: dir_28FBCDD5F46F4375A8F125191C936317.5FFE20C8_2BC6_4EE0_90AA_D6E92F2099AD,  Size: 4641
File: events.js,  Directory: dir_C217E02153EF4FFFB5471191BAECC8B7.5FFE20C8_2BC6_4EE0_90AA_D6E92F2099AD,  Size: 2733
File: server_search_list.js,  Directory: dir_005CBB5EA0E8477B8178C3341D8A64CF.5FFE20C8_2BC6_4EE0_90AA_D6E92F2099AD,  Size: 21153
File: import.html,  Directory: dir_55CD00DB50894F27807C9E8A8886136B.5FFE20C8_2BC6_4EE0_90AA_D6E92F2099AD,  Size: 42595
File: information_grau_klein26_zoom99.jpg,  Directory: dir_CEE9F0C64FCF441198A38C9673370749.5FFE20C8_2BC6_4EE0_90AA_D6E92F2099AD,  Size: 1033
File: 12_empfaengerlizenzen_pidetailszuueck_zoom70.jpg,  Directory: dir_CEE9F0C64FCF441198A38C9673370749.5FFE20C8_2BC6_4EE0_90AA_D6E92F2099AD,  Size: 43149
File: wadmin_einstellungen_zugriffsschutz_advanced_sortup_zoom70.jpg,  Directory: dir_9641117ED95A43098D872B9A917FFA35.5FFE20C8_2BC6_4EE0_90AA_D6E92F2099AD,  Size: 707
File: browser_safari.png,  Directory: dir_4F135336632D4907A8F9913B72BBED92.5FFE20C8_2BC6_4EE0_90AA_D6E92F2099AD,  Size: 16339
File: warning_icon_red.jpg,  Directory: dir_9641117ED95A43098D872B9A917FFA35.5FFE20C8_2BC6_4EE0_90AA_D6E92F2099AD,  Size: 1187
File: webadmin_diagnosis_zoom60.jpg,  Directory: dir_9641117ED95A43098D872B9A917FFA35.5FFE20C8_2BC6_4EE0_90AA_D6E92F2099AD,  Size: 77831
File: webadmin.png,  Directory: dir_CEE9F0C64FCF441198A38C9673370749.5FFE20C8_2BC6_4EE0_90AA_D6E92F2099AD,  Size: 970
File: borrow_local_license_return.html,  Directory: dir_8806771C411545C9B482E8B2239C5A9B.5FFE20C8_2BC6_4EE0_90AA_D6E92F2099AD,  Size: 43542
File: webadmin_configuration_https_02_zoom60.jpg,  Directory: dir_CEE9F0C64FCF441198A38C9673370749.5FFE20C8_2BC6_4EE0_90AA_D6E92F2099AD,  Size: 14711
File: codemeterwebadminltbar01_zoom80.jpg,  Directory: dir_CEE9F0C64FCF441198A38C9673370749.5FFE20C8_2BC6_4EE0_90AA_D6E92F2099AD,  Size: 23436
File: installation_mac.js,  Directory: dir_005CBB5EA0E8477B8178C3341D8A64CF.5FFE20C8_2BC6_4EE0_90AA_D6E92F2099AD,  Size: 18722
File: access_entry.js,  Directory: dir_C217E02153EF4FFFB5471191BAECC8B7.5FFE20C8_2BC6_4EE0_90AA_D6E92F2099AD,  Size: 4693
File: edge_02_zoom41.jpg,  Directory: dir_9641117ED95A43098D872B9A917FFA35.5FFE20C8_2BC6_4EE0_90AA_D6E92F2099AD,  Size: 9856
File: access_entry.html,  Directory: dir_55CD00DB50894F27807C9E8A8886136B.5FFE20C8_2BC6_4EE0_90AA_D6E92F2099AD,  Size: 45136
File: beispiel_zoom49.jpg,  Directory: dir_CEE9F0C64FCF441198A38C9673370749.5FFE20C8_2BC6_4EE0_90AA_D6E92F2099AD,  Size: 952
File: tmr.js,  Directory: dir_005CBB5EA0E8477B8178C3341D8A64CF.5FFE20C8_2BC6_4EE0_90AA_D6E92F2099AD,  Size: 2282
File: extra.js,  Directory: dir_C217E02153EF4FFFB5471191BAECC8B7.5FFE20C8_2BC6_4EE0_90AA_D6E92F2099AD,  Size: 27583
File: lizenzaktualisierungeinspielen01_zoom49.jpg,  Directory: dir_9641117ED95A43098D872B9A917FFA35.5FFE20C8_2BC6_4EE0_90AA_D6E92F2099AD,  Size: 15986
File: hmwebhelp_index_phone.css,  Directory: dir_93FB0F7D0CC340B186DBD20391CFB865.5FFE20C8_2BC6_4EE0_90AA_D6E92F2099AD,  Size: 4177
File: firm_item_details.html,  Directory: dir_8806771C411545C9B482E8B2239C5A9B.5FFE20C8_2BC6_4EE0_90AA_D6E92F2099AD,  Size: 47035
File: kw-page.gif,  Directory: dir_9641117ED95A43098D872B9A917FFA35.5FFE20C8_2BC6_4EE0_90AA_D6E92F2099AD,  Size: 886
File: logo-image-desk.png,  Directory: dir_CEE9F0C64FCF441198A38C9673370749.5FFE20C8_2BC6_4EE0_90AA_D6E92F2099AD,  Size: 8775
File: einfache-acl-fuer-container-3-.html,  Directory: dir_55CD00DB50894F27807C9E8A8886136B.5FFE20C8_2BC6_4EE0_90AA_D6E92F2099AD,  Size: 52880
File: sf_pagejump.png,  Directory: dir_9641117ED95A43098D872B9A917FFA35.5FFE20C8_2BC6_4EE0_90AA_D6E92F2099AD,  Size: 285
File: runtimekit_setup_02eula.jpg,  Directory: dir_CEE9F0C64FCF441198A38C9673370749.5FFE20C8_2BC6_4EE0_90AA_D6E92F2099AD,  Size: 78590
File: globale-regel-fuer-localhost.js,  Directory: dir_C217E02153EF4FFFB5471191BAECC8B7.5FFE20C8_2BC6_4EE0_90AA_D6E92F2099AD,  Size: 6024
File: formale-spezifikation-der-acl-.html,  Directory: dir_55CD00DB50894F27807C9E8A8886136B.5FFE20C8_2BC6_4EE0_90AA_D6E92F2099AD,  Size: 52712
File: schritt-3-erstellen-einer-acl-.html,  Directory: dir_8806771C411545C9B482E8B2239C5A9B.5FFE20C8_2BC6_4EE0_90AA_D6E92F2099AD,  Size: 69534
File: hmVideoBox.js,  Directory: dir_079197E4E23B4155B10356C291A628DF.5FFE20C8_2BC6_4EE0_90AA_D6E92F2099AD,  Size: 6638
File: webadmin_module_item.html,  Directory: dir_8806771C411545C9B482E8B2239C5A9B.5FFE20C8_2BC6_4EE0_90AA_D6E92F2099AD,  Size: 43932
File: runtime_setup_04custom.jpg,  Directory: dir_9641117ED95A43098D872B9A917FFA35.5FFE20C8_2BC6_4EE0_90AA_D6E92F2099AD,  Size: 60298
File: installation_mac.js,  Directory: dir_C217E02153EF4FFFB5471191BAECC8B7.5FFE20C8_2BC6_4EE0_90AA_D6E92F2099AD,  Size: 18233
File: favicon.ico,  Directory: dir_8806771C411545C9B482E8B2239C5A9B.5FFE20C8_2BC6_4EE0_90AA_D6E92F2099AD,  Size: 1754
File: license_tracking.html,  Directory: dir_55CD00DB50894F27807C9E8A8886136B.5FFE20C8_2BC6_4EE0_90AA_D6E92F2099AD,  Size: 65982
File: wbccloud01_zoom50.jpg,  Directory: dir_CEE9F0C64FCF441198A38C9673370749.5FFE20C8_2BC6_4EE0_90AA_D6E92F2099AD,  Size: 5465
File: webadmin_monitoring_session_zoom56.jpg,  Directory: dir_CEE9F0C64FCF441198A38C9673370749.5FFE20C8_2BC6_4EE0_90AA_D6E92F2099AD,  Size: 123051
File: begriffe-und-definitionen.html,  Directory: dir_8806771C411545C9B482E8B2239C5A9B.5FFE20C8_2BC6_4EE0_90AA_D6E92F2099AD,  Size: 47241
File: lizenzupdate02_zoom49.jpg,  Directory: dir_9641117ED95A43098D872B9A917FFA35.5FFE20C8_2BC6_4EE0_90AA_D6E92F2099AD,  Size: 11543
File: cmcontainer_details.html,  Directory: dir_8806771C411545C9B482E8B2239C5A9B.5FFE20C8_2BC6_4EE0_90AA_D6E92F2099AD,  Size: 48499
File: __cmembedded_4c_transp.png,  Directory: dir_CEE9F0C64FCF441198A38C9673370749.5FFE20C8_2BC6_4EE0_90AA_D6E92F2099AD,  Size: 34829
File: license_monitoring.html,  Directory: dir_55CD00DB50894F27807C9E8A8886136B.5FFE20C8_2BC6_4EE0_90AA_D6E92F2099AD,  Size: 49024
File: license_tracking.html,  Directory: dir_8806771C411545C9B482E8B2239C5A9B.5FFE20C8_2BC6_4EE0_90AA_D6E92F2099AD,  Size: 63942
File: hmXtopic.js,  Directory: dir_28FBCDD5F46F4375A8F125191C936317.5FFE20C8_2BC6_4EE0_90AA_D6E92F2099AD,  Size: 7632
File: cc_status_open_webadmin.js,  Directory: dir_005CBB5EA0E8477B8178C3341D8A64CF.5FFE20C8_2BC6_4EE0_90AA_D6E92F2099AD,  Size: 2758
File: overview_new.jpg,  Directory: dir_9641117ED95A43098D872B9A917FFA35.5FFE20C8_2BC6_4EE0_90AA_D6E92F2099AD,  Size: 95982
File: usb_zoom15.jpg,  Directory: dir_9641117ED95A43098D872B9A917FFA35.5FFE20C8_2BC6_4EE0_90AA_D6E92F2099AD,  Size: 1279
File: wadmin_einstellungen_zugriffsschutz_advanced_deletefcrule_zoom60.jpg,  Directory: dir_CEE9F0C64FCF441198A38C9673370749.5FFE20C8_2BC6_4EE0_90AA_D6E92F2099AD,  Size: 9889
File: webadmin_settings_basis_proxy_zoom50.jpg,  Directory: dir_CEE9F0C64FCF441198A38C9673370749.5FFE20C8_2BC6_4EE0_90AA_D6E92F2099AD,  Size: 26140
File: hmfile_hash_872fb759.jpg,  Directory: dir_9641117ED95A43098D872B9A917FFA35.5FFE20C8_2BC6_4EE0_90AA_D6E92F2099AD,  Size: 6722
File: webadmin.js,  Directory: dir_005CBB5EA0E8477B8178C3341D8A64CF.5FFE20C8_2BC6_4EE0_90AA_D6E92F2099AD,  Size: 33097
File: uninstalling_mac.js,  Directory: dir_C217E02153EF4FFFB5471191BAECC8B7.5FFE20C8_2BC6_4EE0_90AA_D6E92F2099AD,  Size: 1607
File: linux_zoom74.jpg,  Directory: dir_9641117ED95A43098D872B9A917FFA35.5FFE20C8_2BC6_4EE0_90AA_D6E92F2099AD,  Size: 829
File: glossary.js,  Directory: dir_005CBB5EA0E8477B8178C3341D8A64CF.5FFE20C8_2BC6_4EE0_90AA_D6E92F2099AD,  Size: 9928
File: webadmin_trusted_origins_all_zoom50.jpg,  Directory: dir_CEE9F0C64FCF441198A38C9673370749.5FFE20C8_2BC6_4EE0_90AA_D6E92F2099AD,  Size: 21856
File: overview_new_zoom55.jpg,  Directory: dir_9641117ED95A43098D872B9A917FFA35.5FFE20C8_2BC6_4EE0_90AA_D6E92F2099AD,  Size: 45841
File: status_container_aktiviert_zoom70.jpg,  Directory: dir_CEE9F0C64FCF441198A38C9673370749.5FFE20C8_2BC6_4EE0_90AA_D6E92F2099AD,  Size: 817
File: transfer_limitation.js,  Directory: dir_005CBB5EA0E8477B8178C3341D8A64CF.5FFE20C8_2BC6_4EE0_90AA_D6E92F2099AD,  Size: 4709
File: socialsharing.js,  Directory: dir_079197E4E23B4155B10356C291A628DF.5FFE20C8_2BC6_4EE0_90AA_D6E92F2099AD,  Size: 3891
File: cc_menubar.html,  Directory: dir_8806771C411545C9B482E8B2239C5A9B.5FFE20C8_2BC6_4EE0_90AA_D6E92F2099AD,  Size: 77237
File: definitions_and_value_ranges.html,  Directory: dir_55CD00DB50894F27807C9E8A8886136B.5FFE20C8_2BC6_4EE0_90AA_D6E92F2099AD,  Size: 53839
File: installation_codemeter.js,  Directory: dir_005CBB5EA0E8477B8178C3341D8A64CF.5FFE20C8_2BC6_4EE0_90AA_D6E92F2099AD,  Size: 2382
File: accesscontrollist.html,  Directory: dir_55CD00DB50894F27807C9E8A8886136B.5FFE20C8_2BC6_4EE0_90AA_D6E92F2099AD,  Size: 42724
File: cmdust.js,  Directory: dir_005CBB5EA0E8477B8178C3341D8A64CF.5FFE20C8_2BC6_4EE0_90AA_D6E92F2099AD,  Size: 19372
File: search.png,  Directory: dir_9641117ED95A43098D872B9A917FFA35.5FFE20C8_2BC6_4EE0_90AA_D6E92F2099AD,  Size: 753
File: 15_senderausleihe_pidetaills_zoom70.jpg,  Directory: dir_9641117ED95A43098D872B9A917FFA35.5FFE20C8_2BC6_4EE0_90AA_D6E92F2099AD,  Size: 61764
File: profiling_backup.js,  Directory: dir_005CBB5EA0E8477B8178C3341D8A64CF.5FFE20C8_2BC6_4EE0_90AA_D6E92F2099AD,  Size: 11169
File: wadmin_einstellungen_zugriffsschutz_advanced_clonefc_zoom60.jpg,  Directory: dir_CEE9F0C64FCF441198A38C9673370749.5FFE20C8_2BC6_4EE0_90AA_D6E92F2099AD,  Size: 6542
File: linux_zoom70.jpg,  Directory: dir_CEE9F0C64FCF441198A38C9673370749.5FFE20C8_2BC6_4EE0_90AA_D6E92F2099AD,  Size: 824
File: tmr-overview.html,  Directory: dir_55CD00DB50894F27807C9E8A8886136B.5FFE20C8_2BC6_4EE0_90AA_D6E92F2099AD,  Size: 50435
File: tog_minus.gif,  Directory: dir_9641117ED95A43098D872B9A917FFA35.5FFE20C8_2BC6_4EE0_90AA_D6E92F2099AD,  Size: 74
File: schritt-4-erstellen-einer-acl-.html,  Directory: dir_55CD00DB50894F27807C9E8A8886136B.5FFE20C8_2BC6_4EE0_90AA_D6E92F2099AD,  Size: 52421
File: xmessage.js,  Directory: dir_079197E4E23B4155B10356C291A628DF.5FFE20C8_2BC6_4EE0_90AA_D6E92F2099AD,  Size: 7964
File: social_mail.png,  Directory: dir_9641117ED95A43098D872B9A917FFA35.5FFE20C8_2BC6_4EE0_90AA_D6E92F2099AD,  Size: 2652
File: das-all-container-ruleset.html,  Directory: dir_55CD00DB50894F27807C9E8A8886136B.5FFE20C8_2BC6_4EE0_90AA_D6E92F2099AD,  Size: 43391
File: safety_instructions_userhelp.js,  Directory: dir_C217E02153EF4FFFB5471191BAECC8B7.5FFE20C8_2BC6_4EE0_90AA_D6E92F2099AD,  Size: 3741
File: syst_requirements.html,  Directory: dir_55CD00DB50894F27807C9E8A8886136B.5FFE20C8_2BC6_4EE0_90AA_D6E92F2099AD,  Size: 45822
File: hmwebhelp_search_tablet.css,  Directory: dir_93FB0F7D0CC340B186DBD20391CFB865.5FFE20C8_2BC6_4EE0_90AA_D6E92F2099AD,  Size: 6321
File: cc_structure_and_navigation.js,  Directory: dir_005CBB5EA0E8477B8178C3341D8A64CF.5FFE20C8_2BC6_4EE0_90AA_D6E92F2099AD,  Size: 18643
File: hid_communication.js,  Directory: dir_005CBB5EA0E8477B8178C3341D8A64CF.5FFE20C8_2BC6_4EE0_90AA_D6E92F2099AD,  Size: 3337
File: toc_openbook.png,  Directory: dir_9641117ED95A43098D872B9A917FFA35.5FFE20C8_2BC6_4EE0_90AA_D6E92F2099AD,  Size: 3109
File: cc_borrow_tab_rechts_zoom40.jpg,  Directory: dir_9641117ED95A43098D872B9A917FFA35.5FFE20C8_2BC6_4EE0_90AA_D6E92F2099AD,  Size: 5713
File: acl_start.js,  Directory: dir_C217E02153EF4FFFB5471191BAECC8B7.5FFE20C8_2BC6_4EE0_90AA_D6E92F2099AD,  Size: 5978
File: tmr--overview.html,  Directory: dir_55CD00DB50894F27807C9E8A8886136B.5FFE20C8_2BC6_4EE0_90AA_D6E92F2099AD,  Size: 50540
File: profiling_topic.html,  Directory: dir_55CD00DB50894F27807C9E8A8886136B.5FFE20C8_2BC6_4EE0_90AA_D6E92F2099AD,  Size: 52973
File: uninstalling_windows.html,  Directory: dir_55CD00DB50894F27807C9E8A8886136B.5FFE20C8_2BC6_4EE0_90AA_D6E92F2099AD,  Size: 42256
File: codemeterwebadmindetailsactiveusers_zoom80.jpg,  Directory: dir_9641117ED95A43098D872B9A917FFA35.5FFE20C8_2BC6_4EE0_90AA_D6E92F2099AD,  Size: 59815
File: win.png,  Directory: dir_CEE9F0C64FCF441198A38C9673370749.5FFE20C8_2BC6_4EE0_90AA_D6E92F2099AD,  Size: 806
File: mobileNav.js,  Directory: dir_28FBCDD5F46F4375A8F125191C936317.5FFE20C8_2BC6_4EE0_90AA_D6E92F2099AD,  Size: 10365
File: hmwebhelp_main_tablet.css,  Directory: dir_93FB0F7D0CC340B186DBD20391CFB865.5FFE20C8_2BC6_4EE0_90AA_D6E92F2099AD,  Size: 24904
File: cc_importing_updating_licenses.html,  Directory: dir_55CD00DB50894F27807C9E8A8886136B.5FFE20C8_2BC6_4EE0_90AA_D6E92F2099AD,  Size: 44641
File: definstall_zoom65.jpg,  Directory: dir_9641117ED95A43098D872B9A917FFA35.5FFE20C8_2BC6_4EE0_90AA_D6E92F2099AD,  Size: 1133
File: installation_windows.js,  Directory: dir_C217E02153EF4FFFB5471191BAECC8B7.5FFE20C8_2BC6_4EE0_90AA_D6E92F2099AD,  Size: 20654
File: hmwebhelp_index_desktop.css,  Directory: dir_1B3BC25A0DBD43FF9F07EA153624A7BA.5FFE20C8_2BC6_4EE0_90AA_D6E92F2099AD,  Size: 4305
File: lizenzanforderungerzeugen03_zoom50.jpg,  Directory: dir_CEE9F0C64FCF441198A38C9673370749.5FFE20C8_2BC6_4EE0_90AA_D6E92F2099AD,  Size: 14185
File: licenses_close.jpg,  Directory: dir_CEE9F0C64FCF441198A38C9673370749.5FFE20C8_2BC6_4EE0_90AA_D6E92F2099AD,  Size: 1074
File: move_license.html,  Directory: dir_8806771C411545C9B482E8B2239C5A9B.5FFE20C8_2BC6_4EE0_90AA_D6E92F2099AD,  Size: 41612
File: linux_zoom71.jpg,  Directory: dir_9641117ED95A43098D872B9A917FFA35.5FFE20C8_2BC6_4EE0_90AA_D6E92F2099AD,  Size: 824
File: webadmin_settings_server_server_activated_zoom50.jpg,  Directory: dir_9641117ED95A43098D872B9A917FFA35.5FFE20C8_2BC6_4EE0_90AA_D6E92F2099AD,  Size: 26513
File: acl-objekte.js,  Directory: dir_C217E02153EF4FFFB5471191BAECC8B7.5FFE20C8_2BC6_4EE0_90AA_D6E92F2099AD,  Size: 1183
File: lizenzanforderungerzeugen03_zoom50.jpg,  Directory: dir_9641117ED95A43098D872B9A917FFA35.5FFE20C8_2BC6_4EE0_90AA_D6E92F2099AD,  Size: 15130
File: borrow_local_license_borrow.html,  Directory: dir_8806771C411545C9B482E8B2239C5A9B.5FFE20C8_2BC6_4EE0_90AA_D6E92F2099AD,  Size: 43513
File: lizenzquittungbestaetigung_zoom50.jpg,  Directory: dir_CEE9F0C64FCF441198A38C9673370749.5FFE20C8_2BC6_4EE0_90AA_D6E92F2099AD,  Size: 10168
File: entry_types.js,  Directory: dir_005CBB5EA0E8477B8178C3341D8A64CF.5FFE20C8_2BC6_4EE0_90AA_D6E92F2099AD,  Size: 2022
File: delete_icon.jpg,  Directory: dir_9641117ED95A43098D872B9A917FFA35.5FFE20C8_2BC6_4EE0_90AA_D6E92F2099AD,  Size: 1068
File: cc_uebersicht_zoom55.jpg,  Directory: dir_9641117ED95A43098D872B9A917FFA35.5FFE20C8_2BC6_4EE0_90AA_D6E92F2099AD,  Size: 20459
File: denial_entry.js,  Directory: dir_005CBB5EA0E8477B8178C3341D8A64CF.5FFE20C8_2BC6_4EE0_90AA_D6E92F2099AD,  Size: 4875
File: tmr-overview.js,  Directory: dir_005CBB5EA0E8477B8178C3341D8A64CF.5FFE20C8_2BC6_4EE0_90AA_D6E92F2099AD,  Size: 10177
File: zoom_index.js,  Directory: dir_8806771C411545C9B482E8B2239C5A9B.5FFE20C8_2BC6_4EE0_90AA_D6E92F2099AD,  Size: 164927
File: webadmin_requirements.html,  Directory: dir_55CD00DB50894F27807C9E8A8886136B.5FFE20C8_2BC6_4EE0_90AA_D6E92F2099AD,  Size: 53141
File: allgemeine-constraints.js,  Directory: dir_005CBB5EA0E8477B8178C3341D8A64CF.5FFE20C8_2BC6_4EE0_90AA_D6E92F2099AD,  Size: 2122
File: open_data.png,  Directory: dir_CEE9F0C64FCF441198A38C9673370749.5FFE20C8_2BC6_4EE0_90AA_D6E92F2099AD,  Size: 2021
File: das-json-format-der-acl.js,  Directory: dir_C217E02153EF4FFFB5471191BAECC8B7.5FFE20C8_2BC6_4EE0_90AA_D6E92F2099AD,  Size: 4588
File: down_item_icon.jpg,  Directory: dir_CEE9F0C64FCF441198A38C9673370749.5FFE20C8_2BC6_4EE0_90AA_D6E92F2099AD,  Size: 1077
File: codemeterwebadminltlicenses_zoom80.jpg,  Directory: dir_CEE9F0C64FCF441198A38C9673370749.5FFE20C8_2BC6_4EE0_90AA_D6E92F2099AD,  Size: 6210
File: wadmin_einstellungen_zugriffsschutz_advanced_newproductcode_zoom50.jpg,  Directory: dir_CEE9F0C64FCF441198A38C9673370749.5FFE20C8_2BC6_4EE0_90AA_D6E92F2099AD,  Size: 7221
File: cmready_webmin3from4_de_zoom82.jpg,  Directory: dir_9641117ED95A43098D872B9A917FFA35.5FFE20C8_2BC6_4EE0_90AA_D6E92F2099AD,  Size: 91129
File: schritt-1-erstellen-einer-leer.html,  Directory: dir_8806771C411545C9B482E8B2239C5A9B.5FFE20C8_2BC6_4EE0_90AA_D6E92F2099AD,  Size: 51057
File: ie_01_zoom50.jpg,  Directory: dir_CEE9F0C64FCF441198A38C9673370749.5FFE20C8_2BC6_4EE0_90AA_D6E92F2099AD,  Size: 12383
File: webadmin_dashboard_cert_zoom45.jpg,  Directory: dir_CEE9F0C64FCF441198A38C9673370749.5FFE20C8_2BC6_4EE0_90AA_D6E92F2099AD,  Size: 5358
File: win8_logo_zoom15.jpg,  Directory: dir_CEE9F0C64FCF441198A38C9673370749.5FFE20C8_2BC6_4EE0_90AA_D6E92F2099AD,  Size: 919
File: linux_zoom70.jpg,  Directory: dir_9641117ED95A43098D872B9A917FFA35.5FFE20C8_2BC6_4EE0_90AA_D6E92F2099AD,  Size: 824
File: toc_show.png,  Directory: dir_9641117ED95A43098D872B9A917FFA35.5FFE20C8_2BC6_4EE0_90AA_D6E92F2099AD,  Size: 532
File: sf_mail.png,  Directory: dir_CEE9F0C64FCF441198A38C9673370749.5FFE20C8_2BC6_4EE0_90AA_D6E92F2099AD,  Size: 308
File: jquery.scrollTomin.js,  Directory: dir_28FBCDD5F46F4375A8F125191C936317.5FFE20C8_2BC6_4EE0_90AA_D6E92F2099AD,  Size: 3401
File: webadmin_monitoring_session_control_zoom60.jpg,  Directory: dir_CEE9F0C64FCF441198A38C9673370749.5FFE20C8_2BC6_4EE0_90AA_D6E92F2099AD,  Size: 3165
File: type_cmcloud.png,  Directory: dir_CEE9F0C64FCF441198A38C9673370749.5FFE20C8_2BC6_4EE0_90AA_D6E92F2099AD,  Size: 3099
File: 01_module_items_containerdetails_zoom70.jpg,  Directory: dir_9641117ED95A43098D872B9A917FFA35.5FFE20C8_2BC6_4EE0_90AA_D6E92F2099AD,  Size: 89836
File: webadmin_trusted_origins_result_zoom56.jpg,  Directory: dir_CEE9F0C64FCF441198A38C9673370749.5FFE20C8_2BC6_4EE0_90AA_D6E92F2099AD,  Size: 18355
File: cc-broken-license_01_repair_error_zoom62.jpg,  Directory: dir_CEE9F0C64FCF441198A38C9673370749.5FFE20C8_2BC6_4EE0_90AA_D6E92F2099AD,  Size: 7553
File: xmessage.js,  Directory: dir_28FBCDD5F46F4375A8F125191C936317.5FFE20C8_2BC6_4EE0_90AA_D6E92F2099AD,  Size: 7964
File: data_backup_restore.html,  Directory: dir_55CD00DB50894F27807C9E8A8886136B.5FFE20C8_2BC6_4EE0_90AA_D6E92F2099AD,  Size: 52038
File: formale-spezifikation-der-acl-.html,  Directory: dir_8806771C411545C9B482E8B2239C5A9B.5FFE20C8_2BC6_4EE0_90AA_D6E92F2099AD,  Size: 51161
File: arrow_left.png,  Directory: dir_9641117ED95A43098D872B9A917FFA35.5FFE20C8_2BC6_4EE0_90AA_D6E92F2099AD,  Size: 872
File: quicklinks.html,  Directory: dir_55CD00DB50894F27807C9E8A8886136B.5FFE20C8_2BC6_4EE0_90AA_D6E92F2099AD,  Size: 43511
File: webadmin_settings_erweiteret_lizenzausleihe_zoom50.jpg,  Directory: dir_9641117ED95A43098D872B9A917FFA35.5FFE20C8_2BC6_4EE0_90AA_D6E92F2099AD,  Size: 25806
File: cmdust.html,  Directory: dir_8806771C411545C9B482E8B2239C5A9B.5FFE20C8_2BC6_4EE0_90AA_D6E92F2099AD,  Size: 58774
File: move_license.js,  Directory: dir_C217E02153EF4FFFB5471191BAECC8B7.5FFE20C8_2BC6_4EE0_90AA_D6E92F2099AD,  Size: 1400
File: hmwebhelp_toc_phone.css,  Directory: dir_1B3BC25A0DBD43FF9F07EA153624A7BA.5FFE20C8_2BC6_4EE0_90AA_D6E92F2099AD,  Size: 3163
File: zoom_pageinfo.js,  Directory: dir_55CD00DB50894F27807C9E8A8886136B.5FFE20C8_2BC6_4EE0_90AA_D6E92F2099AD,  Size: 34959
File: runtimekit_setup_01.jpg,  Directory: dir_9641117ED95A43098D872B9A917FFA35.5FFE20C8_2BC6_4EE0_90AA_D6E92F2099AD,  Size: 37170
File: wbbfile02_zoom66.jpg,  Directory: dir_CEE9F0C64FCF441198A38C9673370749.5FFE20C8_2BC6_4EE0_90AA_D6E92F2099AD,  Size: 22480
File: TextNormal.png,  Directory: dir_9641117ED95A43098D872B9A917FFA35.5FFE20C8_2BC6_4EE0_90AA_D6E92F2099AD,  Size: 1300
File: backup.js,  Directory: dir_C217E02153EF4FFFB5471191BAECC8B7.5FFE20C8_2BC6_4EE0_90AA_D6E92F2099AD,  Size: 6501
File: sf_toggle_off.png,  Directory: dir_CEE9F0C64FCF441198A38C9673370749.5FFE20C8_2BC6_4EE0_90AA_D6E92F2099AD,  Size: 347
File: webadmin_container_userdata_details_zoom70.jpg,  Directory: dir_9641117ED95A43098D872B9A917FFA35.5FFE20C8_2BC6_4EE0_90AA_D6E92F2099AD,  Size: 85184
File: server_access.js,  Directory: dir_005CBB5EA0E8477B8178C3341D8A64CF.5FFE20C8_2BC6_4EE0_90AA_D6E92F2099AD,  Size: 11169
File: wadmin_inhalt_datensicherung_bestaetigung_zoom50.jpg,  Directory: dir_CEE9F0C64FCF441198A38C9673370749.5FFE20C8_2BC6_4EE0_90AA_D6E92F2099AD,  Size: 5445
File: schritt-3-erstellen-einer-acl-.js,  Directory: dir_005CBB5EA0E8477B8178C3341D8A64CF.5FFE20C8_2BC6_4EE0_90AA_D6E92F2099AD,  Size: 34232
File: wadmin_einstellungen_ltconfiguration_zoom60.jpg,  Directory: dir_9641117ED95A43098D872B9A917FFA35.5FFE20C8_2BC6_4EE0_90AA_D6E92F2099AD,  Size: 23165
File: controlcenter.html,  Directory: dir_8806771C411545C9B482E8B2239C5A9B.5FFE20C8_2BC6_4EE0_90AA_D6E92F2099AD,  Size: 59066
File: license_access_permissions.js,  Directory: dir_005CBB5EA0E8477B8178C3341D8A64CF.5FFE20C8_2BC6_4EE0_90AA_D6E92F2099AD,  Size: 107588
File: step2_01_zoom70.jpg,  Directory: dir_9641117ED95A43098D872B9A917FFA35.5FFE20C8_2BC6_4EE0_90AA_D6E92F2099AD,  Size: 34200
File: release_entry.html,  Directory: dir_55CD00DB50894F27807C9E8A8886136B.5FFE20C8_2BC6_4EE0_90AA_D6E92F2099AD,  Size: 44062
File: anmerkungen.js,  Directory: dir_C217E02153EF4FFFB5471191BAECC8B7.5FFE20C8_2BC6_4EE0_90AA_D6E92F2099AD,  Size: 1178
File: copyright.js,  Directory: dir_C217E02153EF4FFFB5471191BAECC8B7.5FFE20C8_2BC6_4EE0_90AA_D6E92F2099AD,  Size: 8935
File: down_item_icon_zoom70.jpg,  Directory: dir_9641117ED95A43098D872B9A917FFA35.5FFE20C8_2BC6_4EE0_90AA_D6E92F2099AD,  Size: 820
File: wadmin_einstellungen_zugriffsschutz_advanced_newfirmcode_zoom50.jpg,  Directory: dir_9641117ED95A43098D872B9A917FFA35.5FFE20C8_2BC6_4EE0_90AA_D6E92F2099AD,  Size: 6737
File: webadmin_start.html,  Directory: dir_8806771C411545C9B482E8B2239C5A9B.5FFE20C8_2BC6_4EE0_90AA_D6E92F2099AD,  Size: 51504
File: hmwebhelp_toc_tablet.css,  Directory: dir_1B3BC25A0DBD43FF9F07EA153624A7BA.5FFE20C8_2BC6_4EE0_90AA_D6E92F2099AD,  Size: 3113
File: hmDoInlineToggle.js,  Directory: dir_079197E4E23B4155B10356C291A628DF.5FFE20C8_2BC6_4EE0_90AA_D6E92F2099AD,  Size: 1482
File: cc_event_tab.html,  Directory: dir_55CD00DB50894F27807C9E8A8886136B.5FFE20C8_2BC6_4EE0_90AA_D6E92F2099AD,  Size: 47938
File: cc_msd_zoom50.jpg,  Directory: dir_9641117ED95A43098D872B9A917FFA35.5FFE20C8_2BC6_4EE0_90AA_D6E92F2099AD,  Size: 27228
File: schritt-4-erstellen-einer-acl-.js,  Directory: dir_005CBB5EA0E8477B8178C3341D8A64CF.5FFE20C8_2BC6_4EE0_90AA_D6E92F2099AD,  Size: 12329
File: 11_empfaengerlizenzen_fidetailszurueck_zoom70.jpg,  Directory: dir_9641117ED95A43098D872B9A917FFA35.5FFE20C8_2BC6_4EE0_90AA_D6E92F2099AD,  Size: 57810
File: _hm_print_window.htm,  Directory: dir_55CD00DB50894F27807C9E8A8886136B.5FFE20C8_2BC6_4EE0_90AA_D6E92F2099AD,  Size: 2172
File: illu_cmfas_de_ohne_zoom19.jpg,  Directory: dir_9641117ED95A43098D872B9A917FFA35.5FFE20C8_2BC6_4EE0_90AA_D6E92F2099AD,  Size: 17336
File: safari_01_zoom50.jpg,  Directory: dir_9641117ED95A43098D872B9A917FFA35.5FFE20C8_2BC6_4EE0_90AA_D6E92F2099AD,  Size: 7995
File: tmr__ssh.html,  Directory: dir_55CD00DB50894F27807C9E8A8886136B.5FFE20C8_2BC6_4EE0_90AA_D6E92F2099AD,  Size: 43213
File: socialsharing.js,  Directory: dir_28FBCDD5F46F4375A8F125191C936317.5FFE20C8_2BC6_4EE0_90AA_D6E92F2099AD,  Size: 3887
File: webadmin_settings_erweiteret_lizenzausleihe_zoom50.jpg,  Directory: dir_CEE9F0C64FCF441198A38C9673370749.5FFE20C8_2BC6_4EE0_90AA_D6E92F2099AD,  Size: 20374
File: delete_icon_zoom70.jpg,  Directory: dir_CEE9F0C64FCF441198A38C9673370749.5FFE20C8_2BC6_4EE0_90AA_D6E92F2099AD,  Size: 829
File: down_item_icon.jpg,  Directory: dir_9641117ED95A43098D872B9A917FFA35.5FFE20C8_2BC6_4EE0_90AA_D6E92F2099AD,  Size: 1077
File: 19_empfaengerausleihe_pidetaills_zoom70.jpg,  Directory: dir_CEE9F0C64FCF441198A38C9673370749.5FFE20C8_2BC6_4EE0_90AA_D6E92F2099AD,  Size: 48753
File: lizenzanforderungerzeugen02hinzu_zoom50.jpg,  Directory: dir_9641117ED95A43098D872B9A917FFA35.5FFE20C8_2BC6_4EE0_90AA_D6E92F2099AD,  Size: 11229
File: sdk_setup_03scope.jpg,  Directory: dir_9641117ED95A43098D872B9A917FFA35.5FFE20C8_2BC6_4EE0_90AA_D6E92F2099AD,  Size: 44415
File: status_container_leer_zoom70.jpg,  Directory: dir_CEE9F0C64FCF441198A38C9673370749.5FFE20C8_2BC6_4EE0_90AA_D6E92F2099AD,  Size: 762
File: quicklinks.html,  Directory: dir_8806771C411545C9B482E8B2239C5A9B.5FFE20C8_2BC6_4EE0_90AA_D6E92F2099AD,  Size: 43041
File: webadmin_settings_basis_proxy_zoom50.jpg,  Directory: dir_9641117ED95A43098D872B9A917FFA35.5FFE20C8_2BC6_4EE0_90AA_D6E92F2099AD,  Size: 27951
File: release_entry.js,  Directory: dir_C217E02153EF4FFFB5471191BAECC8B7.5FFE20C8_2BC6_4EE0_90AA_D6E92F2099AD,  Size: 3546
File: operation.html,  Directory: dir_8806771C411545C9B482E8B2239C5A9B.5FFE20C8_2BC6_4EE0_90AA_D6E92F2099AD,  Size: 59232
File: license_monitoring_details.html,  Directory: dir_8806771C411545C9B482E8B2239C5A9B.5FFE20C8_2BC6_4EE0_90AA_D6E92F2099AD,  Size: 52844
File: default-regeln.html,  Directory: dir_55CD00DB50894F27807C9E8A8886136B.5FFE20C8_2BC6_4EE0_90AA_D6E92F2099AD,  Size: 43559
File: 07_senderlizenzen_containerdetails_zurueck_zoom70.jpg,  Directory: dir_CEE9F0C64FCF441198A38C9673370749.5FFE20C8_2BC6_4EE0_90AA_D6E92F2099AD,  Size: 26286
File: 03_senderlizenzen_pidetails_zoom70.jpg,  Directory: dir_CEE9F0C64FCF441198A38C9673370749.5FFE20C8_2BC6_4EE0_90AA_D6E92F2099AD,  Size: 58711
File: info.js,  Directory: dir_C217E02153EF4FFFB5471191BAECC8B7.5FFE20C8_2BC6_4EE0_90AA_D6E92F2099AD,  Size: 1272
File: list_of_licenses_entry.html,  Directory: dir_55CD00DB50894F27807C9E8A8886136B.5FFE20C8_2BC6_4EE0_90AA_D6E92F2099AD,  Size: 44657
File: status_container_gesperrt_zoom70.jpg,  Directory: dir_CEE9F0C64FCF441198A38C9673370749.5FFE20C8_2BC6_4EE0_90AA_D6E92F2099AD,  Size: 823
File: operation.js,  Directory: dir_005CBB5EA0E8477B8178C3341D8A64CF.5FFE20C8_2BC6_4EE0_90AA_D6E92F2099AD,  Size: 20706
File: webadmin_monitoring_session_zoom56.jpg,  Directory: dir_9641117ED95A43098D872B9A917FFA35.5FFE20C8_2BC6_4EE0_90AA_D6E92F2099AD,  Size: 124937
File: release_entry.js,  Directory: dir_005CBB5EA0E8477B8178C3341D8A64CF.5FFE20C8_2BC6_4EE0_90AA_D6E92F2099AD,  Size: 3643
File: spacer.gif,  Directory: dir_9641117ED95A43098D872B9A917FFA35.5FFE20C8_2BC6_4EE0_90AA_D6E92F2099AD,  Size: 88
File: cmfas_create_licenserequest.html,  Directory: dir_8806771C411545C9B482E8B2239C5A9B.5FFE20C8_2BC6_4EE0_90AA_D6E92F2099AD,  Size: 42308
File: achtung_zoom30.jpg,  Directory: dir_CEE9F0C64FCF441198A38C9673370749.5FFE20C8_2BC6_4EE0_90AA_D6E92F2099AD,  Size: 972
File: TextPlus.png,  Directory: dir_9641117ED95A43098D872B9A917FFA35.5FFE20C8_2BC6_4EE0_90AA_D6E92F2099AD,  Size: 1152
File: brotkrumen_navigation_zoom50.jpg,  Directory: dir_9641117ED95A43098D872B9A917FFA35.5FFE20C8_2BC6_4EE0_90AA_D6E92F2099AD,  Size: 2092
File: sessions.js,  Directory: dir_C217E02153EF4FFFB5471191BAECC8B7.5FFE20C8_2BC6_4EE0_90AA_D6E92F2099AD,  Size: 4692
File: cmfas_create_receipt.html,  Directory: dir_8806771C411545C9B482E8B2239C5A9B.5FFE20C8_2BC6_4EE0_90AA_D6E92F2099AD,  Size: 44834
File: cc_license_tab.html,  Directory: dir_8806771C411545C9B482E8B2239C5A9B.5FFE20C8_2BC6_4EE0_90AA_D6E92F2099AD,  Size: 74928
File: cc_license_tab.html,  Directory: dir_55CD00DB50894F27807C9E8A8886136B.5FFE20C8_2BC6_4EE0_90AA_D6E92F2099AD,  Size: 75784
File: diagnosis.js,  Directory: dir_C217E02153EF4FFFB5471191BAECC8B7.5FFE20C8_2BC6_4EE0_90AA_D6E92F2099AD,  Size: 889
File: macos_zoom70.jpg,  Directory: dir_9641117ED95A43098D872B9A917FFA35.5FFE20C8_2BC6_4EE0_90AA_D6E92F2099AD,  Size: 784
File: webadmin_cmcontainer_productitemdetails_zoom60.jpg,  Directory: dir_9641117ED95A43098D872B9A917FFA35.5FFE20C8_2BC6_4EE0_90AA_D6E92F2099AD,  Size: 85593
File: license_monitoring_details.html,  Directory: dir_55CD00DB50894F27807C9E8A8886136B.5FFE20C8_2BC6_4EE0_90AA_D6E92F2099AD,  Size: 53354
File: webadmin_settings_basis_netzwerk_zoom50.jpg,  Directory: dir_9641117ED95A43098D872B9A917FFA35.5FFE20C8_2BC6_4EE0_90AA_D6E92F2099AD,  Size: 19598
File: wbccloud01_zoom50.jpg,  Directory: dir_9641117ED95A43098D872B9A917FFA35.5FFE20C8_2BC6_4EE0_90AA_D6E92F2099AD,  Size: 6159
File: wadmin_einstellungen_zugriffsschutz_advanced_sortdown_zoom70.jpg,  Directory: dir_CEE9F0C64FCF441198A38C9673370749.5FFE20C8_2BC6_4EE0_90AA_D6E92F2099AD,  Size: 717
File: toc_hide.png,  Directory: dir_CEE9F0C64FCF441198A38C9673370749.5FFE20C8_2BC6_4EE0_90AA_D6E92F2099AD,  Size: 536
File: browser_chrome.png,  Directory: dir_4F135336632D4907A8F9913B72BBED92.5FFE20C8_2BC6_4EE0_90AA_D6E92F2099AD,  Size: 24210
File: webadmin_monitoring_session_foreignhandle_zoom53.jpg,  Directory: dir_CEE9F0C64FCF441198A38C9673370749.5FFE20C8_2BC6_4EE0_90AA_D6E92F2099AD,  Size: 10411
File: windows_embedded_print_zoom9.jpg,  Directory: dir_9641117ED95A43098D872B9A917FFA35.5FFE20C8_2BC6_4EE0_90AA_D6E92F2099AD,  Size: 2728
File: help_overview_en.png,  Directory: dir_CEE9F0C64FCF441198A38C9673370749.5FFE20C8_2BC6_4EE0_90AA_D6E92F2099AD,  Size: 101824
File: cmfas_import_licenseupdate.html,  Directory: dir_55CD00DB50894F27807C9E8A8886136B.5FFE20C8_2BC6_4EE0_90AA_D6E92F2099AD,  Size: 45969
File: logo-image-mobile.png.png,  Directory: dir_CEE9F0C64FCF441198A38C9673370749.5FFE20C8_2BC6_4EE0_90AA_D6E92F2099AD,  Size: 7650
File: begriffe-und-definitionen.html,  Directory: dir_55CD00DB50894F27807C9E8A8886136B.5FFE20C8_2BC6_4EE0_90AA_D6E92F2099AD,  Size: 47505
File: uninstalling_windows.js,  Directory: dir_C217E02153EF4FFFB5471191BAECC8B7.5FFE20C8_2BC6_4EE0_90AA_D6E92F2099AD,  Size: 2085
File: tipbulb.gif,  Directory: dir_CEE9F0C64FCF441198A38C9673370749.5FFE20C8_2BC6_4EE0_90AA_D6E92F2099AD,  Size: 1212
File: cc_status_open_webadmin.html,  Directory: dir_8806771C411545C9B482E8B2239C5A9B.5FFE20C8_2BC6_4EE0_90AA_D6E92F2099AD,  Size: 42778
File: sf_print.png,  Directory: dir_9641117ED95A43098D872B9A917FFA35.5FFE20C8_2BC6_4EE0_90AA_D6E92F2099AD,  Size: 307
File: pcruleset.js,  Directory: dir_005CBB5EA0E8477B8178C3341D8A64CF.5FFE20C8_2BC6_4EE0_90AA_D6E92F2099AD,  Size: 9261
File: licence_borrowing.js,  Directory: dir_005CBB5EA0E8477B8178C3341D8A64CF.5FFE20C8_2BC6_4EE0_90AA_D6E92F2099AD,  Size: 6035
File: hmDoToggle.js,  Directory: dir_28FBCDD5F46F4375A8F125191C936317.5FFE20C8_2BC6_4EE0_90AA_D6E92F2099AD,  Size: 7783
File: information_weiss_klein26_zoom101.jpg,  Directory: dir_9641117ED95A43098D872B9A917FFA35.5FFE20C8_2BC6_4EE0_90AA_D6E92F2099AD,  Size: 1054
File: tmrlofgile_entry.html,  Directory: dir_55CD00DB50894F27807C9E8A8886136B.5FFE20C8_2BC6_4EE0_90AA_D6E92F2099AD,  Size: 47361
File: up_item_icon.jpg,  Directory: dir_9641117ED95A43098D872B9A917FFA35.5FFE20C8_2BC6_4EE0_90AA_D6E92F2099AD,  Size: 1072
File: 01_senderlizenzen_containerdetails_zoom70.jpg,  Directory: dir_9641117ED95A43098D872B9A917FFA35.5FFE20C8_2BC6_4EE0_90AA_D6E92F2099AD,  Size: 28436
File: sd_zoom42.jpg,  Directory: dir_9641117ED95A43098D872B9A917FFA35.5FFE20C8_2BC6_4EE0_90AA_D6E92F2099AD,  Size: 1159
File: zoom_search.js,  Directory: dir_079197E4E23B4155B10356C291A628DF.5FFE20C8_2BC6_4EE0_90AA_D6E92F2099AD,  Size: 58344
File: uninstalling_linuxrt.html,  Directory: dir_55CD00DB50894F27807C9E8A8886136B.5FFE20C8_2BC6_4EE0_90AA_D6E92F2099AD,  Size: 42537
File: arrow.jpg,  Directory: dir_9641117ED95A43098D872B9A917FFA35.5FFE20C8_2BC6_4EE0_90AA_D6E92F2099AD,  Size: 783
File: wr-logo-2010.png,  Directory: dir_9641117ED95A43098D872B9A917FFA35.5FFE20C8_2BC6_4EE0_90AA_D6E92F2099AD,  Size: 32637
File: hmwebhelp_main_print.css,  Directory: dir_1B3BC25A0DBD43FF9F07EA153624A7BA.5FFE20C8_2BC6_4EE0_90AA_D6E92F2099AD,  Size: 1966
File: wadmin_einstellungen_zugriffsschutz_advanced_newcontainerrule_zoom50.jpg,  Directory: dir_9641117ED95A43098D872B9A917FFA35.5FFE20C8_2BC6_4EE0_90AA_D6E92F2099AD,  Size: 5229
File: policy_wibucmnet_2.0_3.34.config,  Directory: _BDE921E53D204265BA4DCA4C36E5A17F.B396C8F9_0D03_4905_8867_D3D7030330FB,  Size: 551
File: policy.2.0.WibuCmNET.dll,  Directory: _BDE921E53D204265BA4DCA4C36E5A17F.B396C8F9_0D03_4905_8867_D3D7030330FB,  Size: 15352
File: policy_wibucmnet_2.1_3.34.config,  Directory: _8F8096B1BF404E4E81346AAC2D672357.B396C8F9_0D03_4905_8867_D3D7030330FB,  Size: 551
File: policy.2.1.WibuCmNET.dll,  Directory: _8F8096B1BF404E4E81346AAC2D672357.B396C8F9_0D03_4905_8867_D3D7030330FB,  Size: 15352
File: policy_wibucmnet_2.10_3.34.config,  Directory: _3D19DFC9BCEB44588E378E2D38E43023.B396C8F9_0D03_4905_8867_D3D7030330FB,  Size: 552
File: policy.2.10.WibuCmNET.dll,  Directory: _3D19DFC9BCEB44588E378E2D38E43023.B396C8F9_0D03_4905_8867_D3D7030330FB,  Size: 15352
File: policy_wibucmnet_2.20_3.34.config,  Directory: _4F6274CB94AA4268BE6610442ADBF91D.B396C8F9_0D03_4905_8867_D3D7030330FB,  Size: 563
File: policy.2.20.WibuCmNET.dll,  Directory: _4F6274CB94AA4268BE6610442ADBF91D.B396C8F9_0D03_4905_8867_D3D7030330FB,  Size: 15352
File: policy_wibucmnet_3.0_3.34.config,  Directory: _937A72F4B834461FAB256A7D96E36816.B396C8F9_0D03_4905_8867_D3D7030330FB,  Size: 551
File: policy.3.0.WibuCmNET.dll,  Directory: _937A72F4B834461FAB256A7D96E36816.B396C8F9_0D03_4905_8867_D3D7030330FB,  Size: 15352
File: policy_wibucmnet_3.20_3.34.config,  Directory: _A8D475B1B52A4BCB9F6DFAB63633EE34.B396C8F9_0D03_4905_8867_D3D7030330FB,  Size: 553
File: policy.3.20.WibuCmNET.dll,  Directory: _A8D475B1B52A4BCB9F6DFAB63633EE34.B396C8F9_0D03_4905_8867_D3D7030330FB,  Size: 15352
File: policy_wibucmnet_3.30_3.34.config,  Directory: _7735A8BAB6E047B0B4B18EF72CF8D625.B396C8F9_0D03_4905_8867_D3D7030330FB,  Size: 565
File: policy.3.30.WibuCmNET.dll,  Directory: _7735A8BAB6E047B0B4B18EF72CF8D625.B396C8F9_0D03_4905_8867_D3D7030330FB,  Size: 15352
File: policy_wibucmnet_3.31_3.34.config,  Directory: _0729192706BA4EB4A25BD0AB68189FAB.B396C8F9_0D03_4905_8867_D3D7030330FB,  Size: 553
File: policy.3.31.WibuCmNET.dll,  Directory: _0729192706BA4EB4A25BD0AB68189FAB.B396C8F9_0D03_4905_8867_D3D7030330FB,  Size: 15352
File: policy_wibucmnet_3.32_3.34.config,  Directory: _DB1932C3135441ABB4366A625320EEC9.B396C8F9_0D03_4905_8867_D3D7030330FB,  Size: 553
File: policy.3.32.WibuCmNET.dll,  Directory: _DB1932C3135441ABB4366A625320EEC9.B396C8F9_0D03_4905_8867_D3D7030330FB,  Size: 15352
File: policy_wibucmnet_3.33_3.34.config,  Directory: _DE59B22558E84BCCADEEB27AAFFD3293.B396C8F9_0D03_4905_8867_D3D7030330FB,  Size: 565
File: policy.3.33.WibuCmNET.dll,  Directory: _DE59B22558E84BCCADEEB27AAFFD3293.B396C8F9_0D03_4905_8867_D3D7030330FB,  Size: 15352
File: policy_wibucmnet_4.0_6.40.config,  Directory: _49EA09E700F643309DFA68083AE3B90E.B396C8F9_0D03_4905_8867_D3D7030330FB,  Size: 478
File: policy_wibucmnet_4.0_7.22.config,  Directory: _2800C743B689402A92ABBE9D5981CF11.B396C8F9_0D03_4905_8867_D3D7030330FB,  Size: 494
File: policy_wibucmnet_4.0_8.40.config,  Directory: _CA8335B5312540C9A81212E99AECAA58.B396C8F9_0D03_4905_8867_D3D7030330FB,  Size: 494
File: policy.4.0.WibuCmNET.dll,  Directory: _49EA09E700F643309DFA68083AE3B90E.B396C8F9_0D03_4905_8867_D3D7030330FB,  Size: 15352
File: policy.4.0.WibuCmNET.dll,  Directory: _2800C743B689402A92ABBE9D5981CF11.B396C8F9_0D03_4905_8867_D3D7030330FB,  Size: 15352
File: policy.4.0.WibuCmNET.dll,  Directory: _CA8335B5312540C9A81212E99AECAA58.B396C8F9_0D03_4905_8867_D3D7030330FB,  Size: 15352
File: policy_wibucmnet_4.1_6.40.config,  Directory: _4395748C913244D382C61176FD44E375.B396C8F9_0D03_4905_8867_D3D7030330FB,  Size: 478
File: policy_wibucmnet_4.1_7.22.config,  Directory: _065E9B10DBD44B00B23EC828E3135E22.B396C8F9_0D03_4905_8867_D3D7030330FB,  Size: 494
File: policy_wibucmnet_4.1_8.40.config,  Directory: _A93DB616E1444FA2B6575440AD91EC22.B396C8F9_0D03_4905_8867_D3D7030330FB,  Size: 494
File: policy.4.1.WibuCmNET.dll,  Directory: _4395748C913244D382C61176FD44E375.B396C8F9_0D03_4905_8867_D3D7030330FB,  Size: 15352
File: policy.4.1.WibuCmNET.dll,  Directory: _065E9B10DBD44B00B23EC828E3135E22.B396C8F9_0D03_4905_8867_D3D7030330FB,  Size: 15352
File: policy.4.1.WibuCmNET.dll,  Directory: _A93DB616E1444FA2B6575440AD91EC22.B396C8F9_0D03_4905_8867_D3D7030330FB,  Size: 15352
File: policy_wibucmnet_4.10_6.40.config,  Directory: _1798E0E42CFA472D9F2F651561539AF4.B396C8F9_0D03_4905_8867_D3D7030330FB,  Size: 491
File: policy_wibucmnet_4.10_7.22.config,  Directory: _3904760BEEA84C2C86C46F6A0F7AE749.B396C8F9_0D03_4905_8867_D3D7030330FB,  Size: 507
File: policy_wibucmnet_4.10_8.40.config,  Directory: _351706DE952A4194871D856EEF8D9B7B.B396C8F9_0D03_4905_8867_D3D7030330FB,  Size: 507
File: policy.4.10.WibuCmNET.dll,  Directory: _1798E0E42CFA472D9F2F651561539AF4.B396C8F9_0D03_4905_8867_D3D7030330FB,  Size: 15352
File: policy.4.10.WibuCmNET.dll,  Directory: _3904760BEEA84C2C86C46F6A0F7AE749.B396C8F9_0D03_4905_8867_D3D7030330FB,  Size: 15352
File: policy.4.10.WibuCmNET.dll,  Directory: _351706DE952A4194871D856EEF8D9B7B.B396C8F9_0D03_4905_8867_D3D7030330FB,  Size: 15352
File: policy_wibucmnet_4.20_6.40.config,  Directory: _2898E0E42CFA472D9F2F651561539AE3.B396C8F9_0D03_4905_8867_D3D7030330FB,  Size: 479
File: policy_wibucmnet_4.20_7.22.config,  Directory: _D8581FE2F1D64C36989ECADFB2AF46AA.B396C8F9_0D03_4905_8867_D3D7030330FB,  Size: 495
File: policy_wibucmnet_4.20_8.40.config,  Directory: _BCCD80EF86ED49FFBAB0640AB976F85C.B396C8F9_0D03_4905_8867_D3D7030330FB,  Size: 495
File: policy.4.20.WibuCmNET.dll,  Directory: _2898E0E42CFA472D9F2F651561539AE3.B396C8F9_0D03_4905_8867_D3D7030330FB,  Size: 15352
File: policy.4.20.WibuCmNET.dll,  Directory: _D8581FE2F1D64C36989ECADFB2AF46AA.B396C8F9_0D03_4905_8867_D3D7030330FB,  Size: 15352
File: policy.4.20.WibuCmNET.dll,  Directory: _BCCD80EF86ED49FFBAB0640AB976F85C.B396C8F9_0D03_4905_8867_D3D7030330FB,  Size: 15352
File: policy_wibucmnet_4.30_6.40.config,  Directory: _C1A13D29F8CD452F9EC878A9D908A6AC.B396C8F9_0D03_4905_8867_D3D7030330FB,  Size: 479
File: policy_wibucmnet_4.30_7.22.config,  Directory: _ECDADEC77A93488DB3268CC94621C786.B396C8F9_0D03_4905_8867_D3D7030330FB,  Size: 495
File: policy_wibucmnet_4.30_8.40.config,  Directory: _2687A05C8D734CCFBC471B0C7ECA1204.B396C8F9_0D03_4905_8867_D3D7030330FB,  Size: 495
File: policy.4.30.WibuCmNET.dll,  Directory: _C1A13D29F8CD452F9EC878A9D908A6AC.B396C8F9_0D03_4905_8867_D3D7030330FB,  Size: 15352
File: policy.4.30.WibuCmNET.dll,  Directory: _ECDADEC77A93488DB3268CC94621C786.B396C8F9_0D03_4905_8867_D3D7030330FB,  Size: 15352
File: policy.4.30.WibuCmNET.dll,  Directory: _2687A05C8D734CCFBC471B0C7ECA1204.B396C8F9_0D03_4905_8867_D3D7030330FB,  Size: 15352
File: policy_wibucmnet_4.40_6.40.config,  Directory: _D76078CD01444B01B64CF4E4017444DF.B396C8F9_0D03_4905_8867_D3D7030330FB,  Size: 493
File: policy_wibucmnet_4.40_7.22.config,  Directory: _E0E4307BED094382900E1BB3833E9501.B396C8F9_0D03_4905_8867_D3D7030330FB,  Size: 509
File: policy_wibucmnet_4.40_8.40.config,  Directory: _E94448236CC345C796E9AB2A814F2E76.B396C8F9_0D03_4905_8867_D3D7030330FB,  Size: 509
File: policy.4.40.WibuCmNET.dll,  Directory: _D76078CD01444B01B64CF4E4017444DF.B396C8F9_0D03_4905_8867_D3D7030330FB,  Size: 15352
File: policy.4.40.WibuCmNET.dll,  Directory: _E0E4307BED094382900E1BB3833E9501.B396C8F9_0D03_4905_8867_D3D7030330FB,  Size: 15352
File: policy.4.40.WibuCmNET.dll,  Directory: _E94448236CC345C796E9AB2A814F2E76.B396C8F9_0D03_4905_8867_D3D7030330FB,  Size: 15352
File: policy_wibucmnet_4.50_6.40.config,  Directory: _9A557BC465B6423D927118F9C1D383CB.B396C8F9_0D03_4905_8867_D3D7030330FB,  Size: 493
File: policy_wibucmnet_4.50_7.22.config,  Directory: _50FF08443E224C179EC524349855A4EA.B396C8F9_0D03_4905_8867_D3D7030330FB,  Size: 509
File: policy_wibucmnet_4.50_8.40.config,  Directory: _EB1F31B0B77E476BBB1A00D05F33BB88.B396C8F9_0D03_4905_8867_D3D7030330FB,  Size: 509
File: policy.4.50.WibuCmNET.dll,  Directory: _9A557BC465B6423D927118F9C1D383CB.B396C8F9_0D03_4905_8867_D3D7030330FB,  Size: 15352
File: policy.4.50.WibuCmNET.dll,  Directory: _50FF08443E224C179EC524349855A4EA.B396C8F9_0D03_4905_8867_D3D7030330FB,  Size: 15352
File: policy.4.50.WibuCmNET.dll,  Directory: _EB1F31B0B77E476BBB1A00D05F33BB88.B396C8F9_0D03_4905_8867_D3D7030330FB,  Size: 15352
File: policy_wibucmnet_5.0_6.40.config,  Directory: _6aad6053df064d229bca237cbb6fb176.B396C8F9_0D03_4905_8867_D3D7030330FB,  Size: 491
File: policy_wibucmnet_5.0_7.22.config,  Directory: _1874c53edc2545158528d2186bb4c4ac.B396C8F9_0D03_4905_8867_D3D7030330FB,  Size: 507
File: policy_wibucmnet_5.0_8.40.config,  Directory: _b8c5c1c23b664271bce60ecdf178c894.B396C8F9_0D03_4905_8867_D3D7030330FB,  Size: 507
File: policy.5.0.WibuCmNET.dll,  Directory: _6aad6053df064d229bca237cbb6fb176.B396C8F9_0D03_4905_8867_D3D7030330FB,  Size: 15352
File: policy.5.0.WibuCmNET.dll,  Directory: _1874c53edc2545158528d2186bb4c4ac.B396C8F9_0D03_4905_8867_D3D7030330FB,  Size: 15352
File: policy.5.0.WibuCmNET.dll,  Directory: _b8c5c1c23b664271bce60ecdf178c894.B396C8F9_0D03_4905_8867_D3D7030330FB,  Size: 15352
File: policy_wibucmnet_5.10_6.40.config,  Directory: _14ac7661aefa427dbcc03fb567098063.B396C8F9_0D03_4905_8867_D3D7030330FB,  Size: 480
File: policy_wibucmnet_5.10_7.22.config,  Directory: _0354bbeba50e4443ae294e16ccd1fbb6.B396C8F9_0D03_4905_8867_D3D7030330FB,  Size: 496
File: policy_wibucmnet_5.10_8.40.config,  Directory: _c2a130afa7e94ac0b807467c7c04e441.B396C8F9_0D03_4905_8867_D3D7030330FB,  Size: 496
File: policy.5.10.WibuCmNET.dll,  Directory: _14ac7661aefa427dbcc03fb567098063.B396C8F9_0D03_4905_8867_D3D7030330FB,  Size: 15352
File: policy.5.10.WibuCmNET.dll,  Directory: _0354bbeba50e4443ae294e16ccd1fbb6.B396C8F9_0D03_4905_8867_D3D7030330FB,  Size: 15352
File: policy.5.10.WibuCmNET.dll,  Directory: _c2a130afa7e94ac0b807467c7c04e441.B396C8F9_0D03_4905_8867_D3D7030330FB,  Size: 15352
File: policy_wibucmnet_5.20_6.40.config,  Directory: _ffe86cee346443219740248b7ef0fe0b.B396C8F9_0D03_4905_8867_D3D7030330FB,  Size: 493
File: policy_wibucmnet_5.20_7.22.config,  Directory: _237f656519394c0a8b2ed860a119499d.B396C8F9_0D03_4905_8867_D3D7030330FB,  Size: 509
File: policy_wibucmnet_5.20_8.40.config,  Directory: _51bef933eef242848ed1b8826904c073.B396C8F9_0D03_4905_8867_D3D7030330FB,  Size: 509
File: policy.5.20.WibuCmNET.dll,  Directory: _ffe86cee346443219740248b7ef0fe0b.B396C8F9_0D03_4905_8867_D3D7030330FB,  Size: 15352
File: policy.5.20.WibuCmNET.dll,  Directory: _237f656519394c0a8b2ed860a119499d.B396C8F9_0D03_4905_8867_D3D7030330FB,  Size: 15352
File: policy.5.20.WibuCmNET.dll,  Directory: _51bef933eef242848ed1b8826904c073.B396C8F9_0D03_4905_8867_D3D7030330FB,  Size: 15352
File: policy_wibucmnet_5.21_6.40.config,  Directory: _a36ac02edfe14e1e9ddc6930183c0ff1.B396C8F9_0D03_4905_8867_D3D7030330FB,  Size: 480
File: policy_wibucmnet_5.21_7.22.config,  Directory: _06843e992bf140429585d1663b75230f.B396C8F9_0D03_4905_8867_D3D7030330FB,  Size: 496
File: policy_wibucmnet_5.21_8.40.config,  Directory: _98de4524e66f4f2396abb8bf5ac6047e.B396C8F9_0D03_4905_8867_D3D7030330FB,  Size: 496
File: policy.5.21.WibuCmNET.dll,  Directory: _a36ac02edfe14e1e9ddc6930183c0ff1.B396C8F9_0D03_4905_8867_D3D7030330FB,  Size: 15352
File: policy.5.21.WibuCmNET.dll,  Directory: _06843e992bf140429585d1663b75230f.B396C8F9_0D03_4905_8867_D3D7030330FB,  Size: 15352
File: policy.5.21.WibuCmNET.dll,  Directory: _98de4524e66f4f2396abb8bf5ac6047e.B396C8F9_0D03_4905_8867_D3D7030330FB,  Size: 15352
File: policy_wibucmnet_5.22_6.40.config,  Directory: _b281bc1c86304930b8c028cd5eb66def.B396C8F9_0D03_4905_8867_D3D7030330FB,  Size: 480
File: policy_wibucmnet_5.22_7.22.config,  Directory: _341788ae143f4f7d8c00eae55c7ad4ba.B396C8F9_0D03_4905_8867_D3D7030330FB,  Size: 496
File: policy_wibucmnet_5.22_8.40.config,  Directory: _c3e9106d4f3b4124bef50edd3aea1358.B396C8F9_0D03_4905_8867_D3D7030330FB,  Size: 496
File: policy.5.22.WibuCmNET.dll,  Directory: _b281bc1c86304930b8c028cd5eb66def.B396C8F9_0D03_4905_8867_D3D7030330FB,  Size: 15352
File: policy.5.22.WibuCmNET.dll,  Directory: _341788ae143f4f7d8c00eae55c7ad4ba.B396C8F9_0D03_4905_8867_D3D7030330FB,  Size: 15352
File: policy.5.22.WibuCmNET.dll,  Directory: _c3e9106d4f3b4124bef50edd3aea1358.B396C8F9_0D03_4905_8867_D3D7030330FB,  Size: 15352
File: policy_wibucmnet_6.0_6.40.config,  Directory: _75df1af250f94ff6ac57091e7a5355a3.B396C8F9_0D03_4905_8867_D3D7030330FB,  Size: 491
File: policy_wibucmnet_6.0_7.22.config,  Directory: _e60d6adab3b847a3aba0a19b9ed7acfd.B396C8F9_0D03_4905_8867_D3D7030330FB,  Size: 507
File: policy_wibucmnet_6.0_8.40.config,  Directory: _ef800e9ba81d45c2bdf114d62ad16c98.B396C8F9_0D03_4905_8867_D3D7030330FB,  Size: 507
File: policy.6.0.WibuCmNET.dll,  Directory: _75df1af250f94ff6ac57091e7a5355a3.B396C8F9_0D03_4905_8867_D3D7030330FB,  Size: 15352
File: policy.6.0.WibuCmNET.dll,  Directory: _e60d6adab3b847a3aba0a19b9ed7acfd.B396C8F9_0D03_4905_8867_D3D7030330FB,  Size: 15352
File: policy.6.0.WibuCmNET.dll,  Directory: _ef800e9ba81d45c2bdf114d62ad16c98.B396C8F9_0D03_4905_8867_D3D7030330FB,  Size: 15352
File: policy_wibucmnet_6.10_6.40.config,  Directory: _269fcdb3e2f7453daebbe2ccbfab9008.B396C8F9_0D03_4905_8867_D3D7030330FB,  Size: 480
File: policy_wibucmnet_6.10_7.22.config,  Directory: _1dc74c877e5044a78c602f668299915b.B396C8F9_0D03_4905_8867_D3D7030330FB,  Size: 496
File: policy_wibucmnet_6.10_8.40.config,  Directory: _8c7916e6e28a46969c40a3fa534cf5fb.B396C8F9_0D03_4905_8867_D3D7030330FB,  Size: 496
File: policy.6.10.WibuCmNET.dll,  Directory: _269fcdb3e2f7453daebbe2ccbfab9008.B396C8F9_0D03_4905_8867_D3D7030330FB,  Size: 15352
File: policy.6.10.WibuCmNET.dll,  Directory: _1dc74c877e5044a78c602f668299915b.B396C8F9_0D03_4905_8867_D3D7030330FB,  Size: 15352
File: policy.6.10.WibuCmNET.dll,  Directory: _8c7916e6e28a46969c40a3fa534cf5fb.B396C8F9_0D03_4905_8867_D3D7030330FB,  Size: 15352
File: policy_wibucmnet_6.20_6.40.config,  Directory: _d58fa84791634284b1cf585cc2993016.B396C8F9_0D03_4905_8867_D3D7030330FB,  Size: 493
File: policy_wibucmnet_6.20_7.22.config,  Directory: _84c49b288e9d47b68555a787877a63da.B396C8F9_0D03_4905_8867_D3D7030330FB,  Size: 509
File: policy_wibucmnet_6.20_8.40.config,  Directory: _edf314609c6c41098005eb99f8bd3d18.B396C8F9_0D03_4905_8867_D3D7030330FB,  Size: 509
File: policy.6.20.WibuCmNET.dll,  Directory: _d58fa84791634284b1cf585cc2993016.B396C8F9_0D03_4905_8867_D3D7030330FB,  Size: 15352
File: policy.6.20.WibuCmNET.dll,  Directory: _84c49b288e9d47b68555a787877a63da.B396C8F9_0D03_4905_8867_D3D7030330FB,  Size: 15352
File: policy.6.20.WibuCmNET.dll,  Directory: _edf314609c6c41098005eb99f8bd3d18.B396C8F9_0D03_4905_8867_D3D7030330FB,  Size: 15352
File: policy_wibucmnet_6.30_6.40.config,  Directory: _f8afe8a8b6164767af6c39365b0adad9.B396C8F9_0D03_4905_8867_D3D7030330FB,  Size: 493
File: policy_wibucmnet_6.30_7.22.config,  Directory: _76ba478b703144a2adb7be5eb0459fc2.B396C8F9_0D03_4905_8867_D3D7030330FB,  Size: 509
File: policy_wibucmnet_6.30_8.40.config,  Directory: _a86063a085044f2b9060c979efd2519d.B396C8F9_0D03_4905_8867_D3D7030330FB,  Size: 509
File: policy.6.30.WibuCmNET.dll,  Directory: _f8afe8a8b6164767af6c39365b0adad9.B396C8F9_0D03_4905_8867_D3D7030330FB,  Size: 15352
File: policy.6.30.WibuCmNET.dll,  Directory: _76ba478b703144a2adb7be5eb0459fc2.B396C8F9_0D03_4905_8867_D3D7030330FB,  Size: 15352
File: policy.6.30.WibuCmNET.dll,  Directory: _a86063a085044f2b9060c979efd2519d.B396C8F9_0D03_4905_8867_D3D7030330FB,  Size: 15352
File: policy_wibucmnet_6.40_6.40.config,  Directory: _43f52d7da0354d3fb35812f23ace2b7a.B396C8F9_0D03_4905_8867_D3D7030330FB,  Size: 493
File: policy_wibucmnet_6.40_7.22.config,  Directory: _ccd74b078d754d599268cc8a4439d00b.B396C8F9_0D03_4905_8867_D3D7030330FB,  Size: 509
File: policy_wibucmnet_6.40_8.40.config,  Directory: _e70c94a163584a9d9014dbdb8f07ce71.B396C8F9_0D03_4905_8867_D3D7030330FB,  Size: 509
File: policy.6.40.WibuCmNET.dll,  Directory: _43f52d7da0354d3fb35812f23ace2b7a.B396C8F9_0D03_4905_8867_D3D7030330FB,  Size: 15352
File: policy.6.40.WibuCmNET.dll,  Directory: _ccd74b078d754d599268cc8a4439d00b.B396C8F9_0D03_4905_8867_D3D7030330FB,  Size: 15352
File: policy.6.40.WibuCmNET.dll,  Directory: _e70c94a163584a9d9014dbdb8f07ce71.B396C8F9_0D03_4905_8867_D3D7030330FB,  Size: 15352
File: policy_wibucmnet_6.50_7.22.config,  Directory: _c1e76095e03241e78f7e7e9c83b84b4b.B396C8F9_0D03_4905_8867_D3D7030330FB,  Size: 509
File: policy_wibucmnet_6.50_8.40.config,  Directory: _0bff6a2475b54943957054fb5d46531e.B396C8F9_0D03_4905_8867_D3D7030330FB,  Size: 509
File: policy.6.50.WibuCmNET.dll,  Directory: _c1e76095e03241e78f7e7e9c83b84b4b.B396C8F9_0D03_4905_8867_D3D7030330FB,  Size: 15352
File: policy.6.50.WibuCmNET.dll,  Directory: _0bff6a2475b54943957054fb5d46531e.B396C8F9_0D03_4905_8867_D3D7030330FB,  Size: 15352
File: policy_wibucmnet_6.60_7.22.config,  Directory: _da70bcc4cf7f449e91478b1934a2877e.B396C8F9_0D03_4905_8867_D3D7030330FB,  Size: 509
File: policy_wibucmnet_6.60_8.40.config,  Directory: _e5d7b40ef73a4dbea9ffe13d0455d2ce.B396C8F9_0D03_4905_8867_D3D7030330FB,  Size: 509
File: policy.6.60.WibuCmNET.dll,  Directory: _da70bcc4cf7f449e91478b1934a2877e.B396C8F9_0D03_4905_8867_D3D7030330FB,  Size: 15352
File: policy.6.60.WibuCmNET.dll,  Directory: _e5d7b40ef73a4dbea9ffe13d0455d2ce.B396C8F9_0D03_4905_8867_D3D7030330FB,  Size: 15352
File: policy_wibucmnet_6.70_7.22.config,  Directory: _d431342a75444893b27e0fa780759a76.B396C8F9_0D03_4905_8867_D3D7030330FB,  Size: 496
File: policy_wibucmnet_6.70_8.40.config,  Directory: _771852d8248845719ec41f98052bf18f.B396C8F9_0D03_4905_8867_D3D7030330FB,  Size: 496
File: policy.6.70.WibuCmNET.dll,  Directory: _d431342a75444893b27e0fa780759a76.B396C8F9_0D03_4905_8867_D3D7030330FB,  Size: 15352
File: policy.6.70.WibuCmNET.dll,  Directory: _771852d8248845719ec41f98052bf18f.B396C8F9_0D03_4905_8867_D3D7030330FB,  Size: 15352
File: policy_wibucmnet_6.80_7.22.config,  Directory: _44b04f44a6de4ce484ab8f9d04df05cd.B396C8F9_0D03_4905_8867_D3D7030330FB,  Size: 496
File: policy_wibucmnet_6.80_8.40.config,  Directory: _bf95d4338e4c4dd993d8fc3bcb22bc89.B396C8F9_0D03_4905_8867_D3D7030330FB,  Size: 496
File: policy.6.80.WibuCmNET.dll,  Directory: _44b04f44a6de4ce484ab8f9d04df05cd.B396C8F9_0D03_4905_8867_D3D7030330FB,  Size: 15352
File: policy.6.80.WibuCmNET.dll,  Directory: _bf95d4338e4c4dd993d8fc3bcb22bc89.B396C8F9_0D03_4905_8867_D3D7030330FB,  Size: 15352
File: policy_wibucmnet_6.81_7.22.config,  Directory: _994be6ea0ea240d1b82057b25f10bfc1.B396C8F9_0D03_4905_8867_D3D7030330FB,  Size: 496
File: policy_wibucmnet_6.81_8.40.config,  Directory: _b4892a8610bc47f494d298d657c6e79e.B396C8F9_0D03_4905_8867_D3D7030330FB,  Size: 496
File: policy.6.81.WibuCmNET.dll,  Directory: _994be6ea0ea240d1b82057b25f10bfc1.B396C8F9_0D03_4905_8867_D3D7030330FB,  Size: 15352
File: policy.6.81.WibuCmNET.dll,  Directory: _b4892a8610bc47f494d298d657c6e79e.B396C8F9_0D03_4905_8867_D3D7030330FB,  Size: 15352
File: policy_wibucmnet_6.90_7.22.config,  Directory: _17b763dd89ff4b739e7d73eed9dfc3c5.B396C8F9_0D03_4905_8867_D3D7030330FB,  Size: 509
File: policy_wibucmnet_6.90_8.40.config,  Directory: _c47d2247ae2a42d3b95f76db536ad356.B396C8F9_0D03_4905_8867_D3D7030330FB,  Size: 509
File: policy.6.90.WibuCmNET.dll,  Directory: _17b763dd89ff4b739e7d73eed9dfc3c5.B396C8F9_0D03_4905_8867_D3D7030330FB,  Size: 15352
File: policy.6.90.WibuCmNET.dll,  Directory: _c47d2247ae2a42d3b95f76db536ad356.B396C8F9_0D03_4905_8867_D3D7030330FB,  Size: 15352
File: policy_wibucmnet_7.0_7.22.config,  Directory: _a8207053aa9149db96dec1f7c40fb665.B396C8F9_0D03_4905_8867_D3D7030330FB,  Size: 507
File: policy_wibucmnet_7.0_8.40.config,  Directory: _c0a662a147234fe9a3c7efcab52f5b96.B396C8F9_0D03_4905_8867_D3D7030330FB,  Size: 507
File: policy.7.0.WibuCmNET.dll,  Directory: _a8207053aa9149db96dec1f7c40fb665.B396C8F9_0D03_4905_8867_D3D7030330FB,  Size: 15352
File: policy.7.0.WibuCmNET.dll,  Directory: _c0a662a147234fe9a3c7efcab52f5b96.B396C8F9_0D03_4905_8867_D3D7030330FB,  Size: 15352
File: policy_wibucmnet_7.10_7.22.config,  Directory: _2e6c28205b9a474c81815d0e5b802126.B396C8F9_0D03_4905_8867_D3D7030330FB,  Size: 511
File: policy_wibucmnet_7.10_8.40.config,  Directory: _b9223612f04e4fdf9ea0f6761607d22f.B396C8F9_0D03_4905_8867_D3D7030330FB,  Size: 511
File: policy.7.10.WibuCmNET.dll,  Directory: _2e6c28205b9a474c81815d0e5b802126.B396C8F9_0D03_4905_8867_D3D7030330FB,  Size: 15352
File: policy.7.10.WibuCmNET.dll,  Directory: _b9223612f04e4fdf9ea0f6761607d22f.B396C8F9_0D03_4905_8867_D3D7030330FB,  Size: 15352
File: policy_wibucmnet_7.20_7.22.config,  Directory: _36f7889d9f67453ab12a5e310b9a33b2.B396C8F9_0D03_4905_8867_D3D7030330FB,  Size: 511
File: policy_wibucmnet_7.20_8.40.config,  Directory: _fb37372b7e7946269cf941a5dc7b0146.B396C8F9_0D03_4905_8867_D3D7030330FB,  Size: 511
File: policy.7.20.WibuCmNET.dll,  Directory: _36f7889d9f67453ab12a5e310b9a33b2.B396C8F9_0D03_4905_8867_D3D7030330FB,  Size: 15352
File: policy.7.20.WibuCmNET.dll,  Directory: _fb37372b7e7946269cf941a5dc7b0146.B396C8F9_0D03_4905_8867_D3D7030330FB,  Size: 15352
File: policy_wibucmnet_7.21_7.22.config,  Directory: _be8d9c6182c54dc19a044bb314444fdd.B396C8F9_0D03_4905_8867_D3D7030330FB,  Size: 511
File: policy_wibucmnet_7.21_8.40.config,  Directory: _f9113d6deefb4fdfb0d63a22218803d7.B396C8F9_0D03_4905_8867_D3D7030330FB,  Size: 511
File: policy.7.21.WibuCmNET.dll,  Directory: _be8d9c6182c54dc19a044bb314444fdd.B396C8F9_0D03_4905_8867_D3D7030330FB,  Size: 15352
File: policy.7.21.WibuCmNET.dll,  Directory: _f9113d6deefb4fdfb0d63a22218803d7.B396C8F9_0D03_4905_8867_D3D7030330FB,  Size: 15352
File: policy_wibucmnet_7.22_8.40.config,  Directory: _3a3f6a7a85e040d0b7a040145766c519.B396C8F9_0D03_4905_8867_D3D7030330FB,  Size: 497
File: policy.7.22.WibuCmNET.dll,  Directory: _3a3f6a7a85e040d0b7a040145766c519.B396C8F9_0D03_4905_8867_D3D7030330FB,  Size: 15352
File: policy_wibucmnet_7.30_8.40.config,  Directory: _f07c8bdfa1beba58a2464b82562189a8.B396C8F9_0D03_4905_8867_D3D7030330FB,  Size: 511
File: policy.7.30.WibuCmNET.dll,  Directory: _f07c8bdfa1beba58a2464b82562189a8.B396C8F9_0D03_4905_8867_D3D7030330FB,  Size: 15352
File: policy_wibucmnet_7.40_8.40.config,  Directory: _5b4b8dd6659aa891f2b419531e8b011b.B396C8F9_0D03_4905_8867_D3D7030330FB,  Size: 511
File: policy.7.40.WibuCmNET.dll,  Directory: _5b4b8dd6659aa891f2b419531e8b011b.B396C8F9_0D03_4905_8867_D3D7030330FB,  Size: 15352
File: policy_wibucmnet_7.50_8.40.config,  Directory: _5bea103d2ac3a18637f7256b583a5f10.B396C8F9_0D03_4905_8867_D3D7030330FB,  Size: 497
File: policy.7.50.WibuCmNET.dll,  Directory: _5bea103d2ac3a18637f7256b583a5f10.B396C8F9_0D03_4905_8867_D3D7030330FB,  Size: 15352
File: policy_wibucmnet_7.51_8.40.config,  Directory: _c310f0ada6b2228f7db8c449583d2d15.B396C8F9_0D03_4905_8867_D3D7030330FB,  Size: 511
File: policy.7.51.WibuCmNET.dll,  Directory: _c310f0ada6b2228f7db8c449583d2d15.B396C8F9_0D03_4905_8867_D3D7030330FB,  Size: 15352
File: policy_wibucmnet_7.60_8.40.config,  Directory: _acd878340b92b94ca0e68ac6746603fb.B396C8F9_0D03_4905_8867_D3D7030330FB,  Size: 511
File: policy.7.60.WibuCmNET.dll,  Directory: _acd878340b92b94ca0e68ac6746603fb.B396C8F9_0D03_4905_8867_D3D7030330FB,  Size: 15352
File: policy_wibucmnet_7.61_8.40.config,  Directory: _cac188037c73cdaf3c2fa0572f4c1324.B396C8F9_0D03_4905_8867_D3D7030330FB,  Size: 511
File: policy.7.61.WibuCmNET.dll,  Directory: _cac188037c73cdaf3c2fa0572f4c1324.B396C8F9_0D03_4905_8867_D3D7030330FB,  Size: 15352
File: policy_wibucmnet_8.0_8.40.config,  Directory: _22ddfa3ffb629f93a0e31fe67e207504.B396C8F9_0D03_4905_8867_D3D7030330FB,  Size: 509
File: policy.8.0.WibuCmNET.dll,  Directory: _22ddfa3ffb629f93a0e31fe67e207504.B396C8F9_0D03_4905_8867_D3D7030330FB,  Size: 15352
File: policy_wibucmnet_8.10_8.40.config,  Directory: _8cc9070685304479385285ee1edeff06.B396C8F9_0D03_4905_8867_D3D7030330FB,  Size: 511
File: policy.8.10.WibuCmNET.dll,  Directory: _8cc9070685304479385285ee1edeff06.B396C8F9_0D03_4905_8867_D3D7030330FB,  Size: 15352
File: policy_wibucmnet_8.20_8.40.config,  Directory: _3310f8b7ef83372c5ebd4a4b26229f2d.B396C8F9_0D03_4905_8867_D3D7030330FB,  Size: 511
File: policy.8.20.WibuCmNET.dll,  Directory: _3310f8b7ef83372c5ebd4a4b26229f2d.B396C8F9_0D03_4905_8867_D3D7030330FB,  Size: 15352
File: policy_wibucmnet_8.30_8.40.config,  Directory: _b43d546ab994e9fbe7fe2cefb4612810.B396C8F9_0D03_4905_8867_D3D7030330FB,  Size: 511
File: policy.8.30.WibuCmNET.dll,  Directory: _b43d546ab994e9fbe7fe2cefb4612810.B396C8F9_0D03_4905_8867_D3D7030330FB,  Size: 15352
File: policy_wibucmnet_8.40_8.40.config,  Directory: _0215bb5f46ecfcde15631cd431377a24.B396C8F9_0D03_4905_8867_D3D7030330FB,  Size: 497
File: policy.8.40.WibuCmNET.dll,  Directory: _0215bb5f46ecfcde15631cd431377a24.B396C8F9_0D03_4905_8867_D3D7030330FB,  Size: 15352
File: WibuCm32.dll,  Directory: SystemFolder.A961A077_4BD0_4C98_86BC_EE4A98CE550D,  Size: 1175032
File: WibuCm32.lcn,  Directory: SystemFolder.A961A077_4BD0_4C98_86BC_EE4A98CE550D,  Size: 34808
File: WibuCm32.lde,  Directory: SystemFolder.A961A077_4BD0_4C98_86BC_EE4A98CE550D,  Size: 69624
File: WibuCm32.les,  Directory: SystemFolder.A961A077_4BD0_4C98_86BC_EE4A98CE550D,  Size: 68088
File: WibuCm32.lfr,  Directory: SystemFolder.A961A077_4BD0_4C98_86BC_EE4A98CE550D,  Size: 67064
File: WibuCm32.lit,  Directory: SystemFolder.A961A077_4BD0_4C98_86BC_EE4A98CE550D,  Size: 68600
File: WibuCm32.ljp,  Directory: SystemFolder.A961A077_4BD0_4C98_86BC_EE4A98CE550D,  Size: 45048
File: WibuCm32.lru,  Directory: SystemFolder.A961A077_4BD0_4C98_86BC_EE4A98CE550D,  Size: 63480
File: WibuCm64.dll,  Directory: System64Folder.1992E333_D17A_448B_8484_ED047109D182,  Size: 1252344
File: WibuCm64.lcn,  Directory: System64Folder.1992E333_D17A_448B_8484_ED047109D182,  Size: 34808
File: WibuCm64.lde,  Directory: System64Folder.1992E333_D17A_448B_8484_ED047109D182,  Size: 69624
File: WibuCm64.les,  Directory: System64Folder.1992E333_D17A_448B_8484_ED047109D182,  Size: 68088
File: WibuCm64.lfr,  Directory: System64Folder.1992E333_D17A_448B_8484_ED047109D182,  Size: 67064
File: WibuCm64.lit,  Directory: System64Folder.1992E333_D17A_448B_8484_ED047109D182,  Size: 68600
File: WibuCm64.ljp,  Directory: System64Folder.1992E333_D17A_448B_8484_ED047109D182,  Size: 45048
File: WibuCm64.lru,  Directory: System64Folder.1992E333_D17A_448B_8484_ED047109D182,  Size: 63480
File: wibucmJNI.dll,  Directory: SystemFolder.A961A077_4BD0_4C98_86BC_EE4A98CE550D,  Size: 212984
File: wibucmJNI64.dll,  Directory: System64Folder.1992E333_D17A_448B_8484_ED047109D182,  Size: 259064
File: WibuCmNET.dll,  Directory: _BD89FC6B0396445FA15ECE837D15C4C0.B396C8F9_0D03_4905_8867_D3D7030330FB,  Size: 220152
File: WibuCmNET.dll,  Directory: _B1687738B8034BC58B2D3FE2710DE5BF.B396C8F9_0D03_4905_8867_D3D7030330FB,  Size: 346616
File: WibuCmNET.dll,  Directory: _F0FA17936BEE43068A76279556872805.B396C8F9_0D03_4905_8867_D3D7030330FB,  Size: 809464
File: WibuCmNET.dll,  Directory: _14770BCD8CA6487B98A6C4C288CF4CBF.B396C8F9_0D03_4905_8867_D3D7030330FB,  Size: 735224
File: WibuCmNET.resources.dll,  Directory: _48BB3C1F8DD44AAE945FEDC3C945BDB4.B396C8F9_0D03_4905_8867_D3D7030330FB,  Size: 40952
File: WibuCmNET.resources.dll,  Directory: _55EC186CF4104A6997D70B242259B4AE.B396C8F9_0D03_4905_8867_D3D7030330FB,  Size: 41464
File: WibuCmNET.resources.dll,  Directory: _1FE03FDFC5B94978B5B9B61D3181E50A.B396C8F9_0D03_4905_8867_D3D7030330FB,  Size: 40440
File: WibuCmNET.resources.dll,  Directory: _FF2156591FBC4E1FA92252A7BBD0DAB5.B396C8F9_0D03_4905_8867_D3D7030330FB,  Size: 39416
File: WibuCmNET.resources.dll,  Directory: _2B3170ABB18841D8A2E70E3BFD4A281E.B396C8F9_0D03_4905_8867_D3D7030330FB,  Size: 44024
File: WibuCmNET.resources.dll,  Directory: _D238E6CE4D574D32AFF0011AF6D992D9.B396C8F9_0D03_4905_8867_D3D7030330FB,  Size: 38904
File: WibuCmNET.resources.dll,  Directory: _8D87445996564A31B72FA308B3B29F22.B396C8F9_0D03_4905_8867_D3D7030330FB,  Size: 46584
File: WibuCmNET.resources.dll,  Directory: _238C9EFB5E4346D98D58C57B7AAEEA77.B396C8F9_0D03_4905_8867_D3D7030330FB,  Size: 47608
File: WibuCmNET.resources.dll,  Directory: _6DE0165882A94BDB90CE4DDA2737AB45.B396C8F9_0D03_4905_8867_D3D7030330FB,  Size: 47608
File: WibuCmNET.resources.dll,  Directory: _D868C6C1415545B0ADA27B3E4267E1A8.B396C8F9_0D03_4905_8867_D3D7030330FB,  Size: 43512
File: WibuCmNET.resources.dll,  Directory: _EB13657A6EFE4A00B7D3B9AAD1071A0F.B396C8F9_0D03_4905_8867_D3D7030330FB,  Size: 47608
File: WibuCmNET.resources.dll,  Directory: _2FAE5C0EE6BE4128BFAC3DCB5384C178.B396C8F9_0D03_4905_8867_D3D7030330FB,  Size: 43512
File: WibuCmNET.resources.dll,  Directory: _482459D3B4C0451D8707D725DD61394C.B396C8F9_0D03_4905_8867_D3D7030330FB,  Size: 51704
File: WibuCmNET.resources.dll,  Directory: _5249A9AC7F624B46A07EB2D80EEA52E6.B396C8F9_0D03_4905_8867_D3D7030330FB,  Size: 51704
File: WibuCmNET.resources.dll,  Directory: _98672C937EFF4335BE1547C6987149D1.B396C8F9_0D03_4905_8867_D3D7030330FB,  Size: 51704
File: WibuCmNET.resources.dll,  Directory: _FDB1AEEDB3A94C37A76A87DB6FA495DA.B396C8F9_0D03_4905_8867_D3D7030330FB,  Size: 51704
File: WibuCmNET.resources.dll,  Directory: _0FB00F8C89754F0B93FFC9C37E13BC01.B396C8F9_0D03_4905_8867_D3D7030330FB,  Size: 55800
File: WibuCmNET.resources.dll,  Directory: _F1540A9B78E14002B7E01306DDE741BA.B396C8F9_0D03_4905_8867_D3D7030330FB,  Size: 47608
File: WibuCmNET.resources.dll,  Directory: _0F457739B798430791B65553C6994F8C.B396C8F9_0D03_4905_8867_D3D7030330FB,  Size: 55800
File: WibuCmNET.resources.dll,  Directory: _435BCD2571644966B35E5D26211EE260.B396C8F9_0D03_4905_8867_D3D7030330FB,  Size: 47608
File: WibuCmNET.resources.dll,  Directory: _46EA3DCD744D4073B7F8136B6229D4C8.B396C8F9_0D03_4905_8867_D3D7030330FB,  Size: 36344
File: WibuCmTrigger32.dll,  Directory: BIN.A961A077_4BD0_4C98_86BC_EE4A98CE550D,  Size: 349688
File: WibuCmTrigger32.lcn,  Directory: BIN.A961A077_4BD0_4C98_86BC_EE4A98CE550D,  Size: 18424
File: WibuCmTrigger32.lde,  Directory: BIN.A961A077_4BD0_4C98_86BC_EE4A98CE550D,  Size: 24056
File: WibuCmTrigger32.les,  Directory: BIN.A961A077_4BD0_4C98_86BC_EE4A98CE550D,  Size: 24056
File: WibuCmTrigger32.lfr,  Directory: BIN.A961A077_4BD0_4C98_86BC_EE4A98CE550D,  Size: 24056
File: WibuCmTrigger32.lit,  Directory: BIN.A961A077_4BD0_4C98_86BC_EE4A98CE550D,  Size: 23032
File: WibuCmTrigger32.ljp,  Directory: BIN.A961A077_4BD0_4C98_86BC_EE4A98CE550D,  Size: 20984
File: WibuCmTrigger32.lru,  Directory: BIN.A961A077_4BD0_4C98_86BC_EE4A98CE550D,  Size: 23544
File: WibuCmTrigger64.dll,  Directory: BIN64.1992E333_D17A_448B_8484_ED047109D182,  Size: 426488
File: WibuCmTrigger64.lcn,  Directory: BIN64.1992E333_D17A_448B_8484_ED047109D182,  Size: 18424
File: WibuCmTrigger64.lde,  Directory: BIN64.1992E333_D17A_448B_8484_ED047109D182,  Size: 24056
File: WibuCmTrigger64.les,  Directory: BIN64.1992E333_D17A_448B_8484_ED047109D182,  Size: 24056
File: WibuCmTrigger64.lfr,  Directory: BIN64.1992E333_D17A_448B_8484_ED047109D182,  Size: 24056
File: WibuCmTrigger64.lit,  Directory: BIN64.1992E333_D17A_448B_8484_ED047109D182,  Size: 23032
File: WibuCmTrigger64.ljp,  Directory: BIN64.1992E333_D17A_448B_8484_ED047109D182,  Size: 20984
File: WibuCmTrigger64.lru,  Directory: BIN64.1992E333_D17A_448B_8484_ED047109D182,  Size: 23544
File: WibuShellExt64.dll,  Directory: System.573670D2_95A5_4F72_BD6A_63FA56A6342E,  Size: 2935800
File: WibuShellExtRepair.cmd,  Directory: System.573670D2_95A5_4F72_BD6A_63FA56A6342E,  Size: 4057
File: WibuXpm4J32.dll,  Directory: SystemFolder.A961A077_4BD0_4C98_86BC_EE4A98CE550D,  Size: 11264504
File: WibuXpm4J64.dll,  Directory: System64Folder.1992E333_D17A_448B_8484_ED047109D182,  Size: 9054712
Action ended 12:07:03: InstallFiles. Return value 1.
Action 12:07:03: WixExecFirewallExceptionsInstall. 
Action start 12:07:03: WixExecFirewallExceptionsInstall.
ExecFirewallExceptions:  Installing firewall exception2 CodeMeterFWExP22350UDP (C:\Program Files\CodeMeter\Runtime\bin\CodeMeter.exe)
ExecFirewallExceptions:  Error 0x80004001: failed trying to find existing app
Action ended 12:07:03: WixExecFirewallExceptionsInstall. Return value 1.
Action 12:07:03: DuplicateFiles. Creating duplicate files
Action start 12:07:03: DuplicateFiles.
Action ended 12:07:03: DuplicateFiles. Return value 1.
Action 12:07:03: CreateShortcuts. Creating shortcuts
Action start 12:07:03: CreateShortcuts.
Shortcut: cmu.exe.1992E333_D17A_448B_8484_ED047109D182
Shortcut: CODEME3.EXECodeMeterCC.exe_64.1992E333_D17A_448B_8484_ED047109D182
Shortcut: SC_BackupCmnApp.1992E333_D17A_448B_8484_ED047109D182
Shortcut: SC_BackupCmnAppF.1992E333_D17A_448B_8484_ED047109D182
Shortcut: SC_LogsCmnApp.1992E333_D17A_448B_8484_ED047109D182
Shortcut: SC_LogsCmnAppF.1992E333_D17A_448B_8484_ED047109D182
Shortcut: SC_CmActCmnApp.1992E333_D17A_448B_8484_ED047109D182
Shortcut: SC_CmActCmnAppF.1992E333_D17A_448B_8484_ED047109D182
Shortcut: CODEME3.EXECodeMeterCC.exe1_64.1992E333_D17A_448B_8484_ED047109D182
Shortcut: cmu_cmd_64.1992E333_D17A_448B_8484_ED047109D182
Shortcut: INDEX1.HTMindex.html.5FFE20C8_2BC6_4EE0_90AA_D6E92F2099AD
Action ended 12:07:03: CreateShortcuts. Return value 1.
Action 12:07:03: WriteRegistryValues. Writing system registry values
Action start 12:07:03: WriteRegistryValues.
Key: HKEY_CLASSES_ROOT\.WibuCmRaC\ShellEx\{00021500-0000-0000-C000-000000000046}, Name: , Value: {00020006-0000-1100-8005-0000C06B5161}
Key: HKEY_CLASSES_ROOT\.WibuCmRaC, Name: , Value: WibuSystems.CtrlFile
Key: HKEY_CLASSES_ROOT\.WibuCmRaM\ShellEx\{00021500-0000-0000-C000-000000000046}, Name: , Value: {00020008-0000-1100-8005-0000C06B5161}
Key: HKEY_CLASSES_ROOT\.WibuCmRaM, Name: , Value: WibuSystems.CtrlFile
Key: HKEY_LOCAL_MACHINE\Software\WIBU-SYSTEMS\Shell Extension\01.00\Setting\0004\.WibuCmRaC, Name: Ref, Value: {00020006-0000-1100-8005-0000C06B5161}
Key: HKEY_LOCAL_MACHINE\Software\WIBU-SYSTEMS\Shell Extension\01.00\Setting\0004\.WibuCmRaM, Name: Ref, Value: {00020008-0000-1100-8005-0000C06B5161}
Key: HKEY_LOCAL_MACHINE\Software\WIBU-SYSTEMS\Shell Extension\01.00\Setting\0004\{00020006-0000-1100-8005-0000C06B5161}\Menu\1, Name: , Value: Update from CmDongle
Key: HKEY_LOCAL_MACHINE\Software\WIBU-SYSTEMS\Shell Extension\01.00\Setting\0004\{00020006-0000-1100-8005-0000C06B5161}\Menu\1, Name: Command, Value: rundll32.exe "C:\Program Files (x86)\CodeMeter\Runtime\bin\CmRmtAct32.dll",CmShellGetRemoteContext "%1"
Key: HKEY_LOCAL_MACHINE\Software\WIBU-SYSTEMS\Shell Extension\01.00\Setting\0004\{00020006-0000-1100-8005-0000C06B5161}\Menu\1, Name: Help, Value: Transfer current CmDongle(s) contents into this file
Key: HKEY_LOCAL_MACHINE\Software\WIBU-SYSTEMS\Shell Extension\01.00\Setting\0004\{00020006-0000-1100-8005-0000C06B5161}\New, Name: , Value: CmDongle Remote Programming Kontext-Datei
Key: HKEY_LOCAL_MACHINE\Software\WIBU-SYSTEMS\Shell Extension\01.00\Setting\0004\{00020006-0000-1100-8005-0000C06B5161}\New, Name: Command, Value: rundll32.exe "C:\Program Files (x86)\CodeMeter\Runtime\bin\CmRmtAct32.dll",CmShellGetRemoteContext "%1"
Key: HKEY_LOCAL_MACHINE\Software\WIBU-SYSTEMS\Shell Extension\01.00\Setting\0004\{00020006-0000-1100-8005-0000C06B5161}\New, Name: FileName, Value: MyCmDongle.WibuCmRaC
Key: HKEY_LOCAL_MACHINE\Software\WIBU-SYSTEMS\Shell Extension\01.00\Setting\0004\{00020006-0000-1100-8005-0000C06B5161}\New, Name: Options, Value: 
Key: HKEY_LOCAL_MACHINE\Software\WIBU-SYSTEMS\Shell Extension\01.00\Setting\0004\{00020006-0000-1100-8005-0000C06B5161}\Open, Name: CmdMenu, Value: 
Key: HKEY_LOCAL_MACHINE\Software\WIBU-SYSTEMS\Shell Extension\01.00\Setting\0004\{00020006-0000-1100-8005-0000C06B5161}\Open, Name: Ask, Value: Do you want to transfer current CmDongle(s) contents into the file\n%1?
Key: HKEY_LOCAL_MACHINE\Software\WIBU-SYSTEMS\Shell Extension\01.00\Setting\0004\{00020006-0000-1100-8005-0000C06B5161}, Name: , Value: CodeMeter Remote Activation Context
Key: HKEY_LOCAL_MACHINE\Software\WIBU-SYSTEMS\Shell Extension\01.00\Setting\0004\{00020006-0000-1100-8005-0000C06B5161}, Name: Icon, Value: "C:\Program Files (x86)\CodeMeter\Runtime\bin\CmRmtAct32.dll",0
Key: HKEY_LOCAL_MACHINE\Software\WIBU-SYSTEMS\Shell Extension\01.00\Setting\0004\{00020006-0000-1100-8005-0000C06B5161}, Name: Wbc, Value: 
Key: HKEY_LOCAL_MACHINE\Software\WIBU-SYSTEMS\Shell Extension\01.00\Setting\0004\{00020008-0000-1100-8005-0000C06B5161}, Name: , Value: CodeMeter modified context file
Key: HKEY_LOCAL_MACHINE\Software\WIBU-SYSTEMS\Shell Extension\01.00\Setting\0004\{00020008-0000-1100-8005-0000C06B5161}, Name: Icon, Value: "C:\Program Files (x86)\CodeMeter\Runtime\bin\CmRmtAct32.dll",2
Key: HKEY_LOCAL_MACHINE\Software\WIBU-SYSTEMS\Shell Extension\01.00\Setting\0004\{00020008-0000-1100-8005-0000C06B5161}, Name: Wbc, Value: 
Key: HKEY_LOCAL_MACHINE\Software\WIBU-SYSTEMS\Shell Extension\01.00\Setting\0004\{00070001-0000-1101-8005-0000C06B5161}\Open, Name: CmdStd, Value: 
Key: HKEY_LOCAL_MACHINE\Software\WIBU-SYSTEMS\Shell Extension\01.00\Setting\0004\{00070001-0000-1101-8005-0000C06B5161}, Name: , Value: CmAct License File
Key: HKEY_LOCAL_MACHINE\Software\WIBU-SYSTEMS\Shell Extension\01.00\Setting\0004\{00070001-0000-1101-8005-0000C06B5161}, Name: Icon, Value: "C:\Program Files (x86)\CodeMeter\Runtime\bin\CmRmtAct32.dll",3
Key: HKEY_LOCAL_MACHINE\Software\WIBU-SYSTEMS\Shell Extension\01.00\Setting\0004\{00070001-0000-1101-8005-0000C06B5161}, Name: Wbb, Value: 
Key: HKEY_LOCAL_MACHINE\Software\WIBU-SYSTEMS\Shell Extension\01.00\Setting\0004\{00070001-0000-1101-8005-0000C06B5161}\Open, Name: Ask, Value: Do you want to import the License File?
Key: HKEY_LOCAL_MACHINE\Software\WIBU-SYSTEMS\Shell Extension\01.00\Setting\0004\{00070001-0000-1101-8005-0000C06B5161}\Open, Name: Command, Value: "C:\Program Files (x86)\CodeMeter\Runtime\bin\CodeMeterCC.exe" "%1"
Key: HKEY_LOCAL_MACHINE\Software\WIBU-SYSTEMS\Shell Extension\01.00\Setting\0004\{00070001-0000-1101-8005-0000C06B5161}\Open, Name: CmdMenu, Value: 
Key: HKEY_LOCAL_MACHINE\Software\WIBU-SYSTEMS\Shell Extension\01.00\Setting\0007\.WibuCmRaC, Name: Ref, Value: {00020006-0000-1100-8005-0000C06B5161}
Key: HKEY_LOCAL_MACHINE\Software\WIBU-SYSTEMS\Shell Extension\01.00\Setting\0007\.WibuCmRaM, Name: Ref, Value: {00020008-0000-1100-8005-0000C06B5161}
Key: HKEY_LOCAL_MACHINE\Software\WIBU-SYSTEMS\Shell Extension\01.00\Setting\0007\{00020006-0000-1100-8005-0000C06B5161}\Menu\1, Name: , Value: Mit den Daten aus dem CmDongle aktualisieren
Key: HKEY_LOCAL_MACHINE\Software\WIBU-SYSTEMS\Shell Extension\01.00\Setting\0007\{00020006-0000-1100-8005-0000C06B5161}\Menu\1, Name: Command, Value: rundll32.exe "C:\Program Files (x86)\CodeMeter\Runtime\bin\CmRmtAct32.dll",CmShellGetRemoteContext "%1"
Key: HKEY_LOCAL_MACHINE\Software\WIBU-SYSTEMS\Shell Extension\01.00\Setting\0007\{00020006-0000-1100-8005-0000C06B5161}\Menu\1, Name: Help, Value: Transfer current CmDongle(s) contents into this file
Key: HKEY_LOCAL_MACHINE\Software\WIBU-SYSTEMS\Shell Extension\01.00\Setting\0007\{00020006-0000-1100-8005-0000C06B5161}\New, Name: , Value: CmDongle Remote Programming Kontext-Datei
Key: HKEY_LOCAL_MACHINE\Software\WIBU-SYSTEMS\Shell Extension\01.00\Setting\0007\{00020006-0000-1100-8005-0000C06B5161}\New, Name: Command, Value: rundll32.exe "C:\Program Files (x86)\CodeMeter\Runtime\bin\CmRmtAct32.dll",CmShellGetRemoteContext "%1"
Key: HKEY_LOCAL_MACHINE\Software\WIBU-SYSTEMS\Shell Extension\01.00\Setting\0007\{00020006-0000-1100-8005-0000C06B5161}\New, Name: FileName, Value: MyCmDongle.WibuCmRaC
Key: HKEY_LOCAL_MACHINE\Software\WIBU-SYSTEMS\Shell Extension\01.00\Setting\0007\{00020006-0000-1100-8005-0000C06B5161}\New, Name: Options, Value: 
Key: HKEY_LOCAL_MACHINE\Software\WIBU-SYSTEMS\Shell Extension\01.00\Setting\0007\{00020006-0000-1100-8005-0000C06B5161}\Open, Name: CmdMenu, Value: 
Key: HKEY_LOCAL_MACHINE\Software\WIBU-SYSTEMS\Shell Extension\01.00\Setting\0007\{00020006-0000-1100-8005-0000C06B5161}\Open, Name: Ask, Value: Do you want to transfer current CmDongle(s) contents into the file\n%1?
Key: HKEY_LOCAL_MACHINE\Software\WIBU-SYSTEMS\Shell Extension\01.00\Setting\0007\{00020006-0000-1100-8005-0000C06B5161}, Name: , Value: CodeMeter Remote Programming Kontext
Key: HKEY_LOCAL_MACHINE\Software\WIBU-SYSTEMS\Shell Extension\01.00\Setting\0007\{00020006-0000-1100-8005-0000C06B5161}, Name: Icon, Value: "C:\Program Files (x86)\CodeMeter\Runtime\bin\CmRmtAct32.dll",0
Key: HKEY_LOCAL_MACHINE\Software\WIBU-SYSTEMS\Shell Extension\01.00\Setting\0007\{00020006-0000-1100-8005-0000C06B5161}, Name: Wbc, Value: 
Key: HKEY_LOCAL_MACHINE\Software\WIBU-SYSTEMS\Shell Extension\01.00\Setting\0007\{00020006-0001-1100-8005-0000C06B5161}\Menu\1, Name: , Value: Erstelle aktualisierte Lizenzanforderungsdatei
Key: HKEY_LOCAL_MACHINE\Software\WIBU-SYSTEMS\Shell Extension\01.00\Setting\0007\{00020006-0001-1100-8005-0000C06B5161}\Menu\1, Name: Command, Value: rundll32.exe "C:\Program Files (x86)\CodeMeter\Runtime\bin\CmRmtAct32.dll",CmShellGetRemoteContext "%1"
Key: HKEY_LOCAL_MACHINE\Software\WIBU-SYSTEMS\Shell Extension\01.00\Setting\0007\{00020006-0001-1100-8005-0000C06B5161}\Menu\1, Name: Help, Value: Transfer current CmAct contents into this file
Key: HKEY_LOCAL_MACHINE\Software\WIBU-SYSTEMS\Shell Extension\01.00\Setting\0007\{00020006-0001-1100-8005-0000C06B5161}\New, Name: , Value: CmActLicense-Lizenzanforderungsdatei
Key: HKEY_LOCAL_MACHINE\Software\WIBU-SYSTEMS\Shell Extension\01.00\Setting\0007\{00020006-0001-1100-8005-0000C06B5161}\New, Name: Command, Value: rundll32.exe "C:\Program Files (x86)\CodeMeter\Runtime\bin\CmRmtAct32.dll",CmShellGetRemoteContextAct "%1"
Key: HKEY_LOCAL_MACHINE\Software\WIBU-SYSTEMS\Shell Extension\01.00\Setting\0007\{00020006-0001-1100-8005-0000C06B5161}\New, Name: FileName, Value: LicenseInformation.WibuCmRaC
Key: HKEY_LOCAL_MACHINE\Software\WIBU-SYSTEMS\Shell Extension\01.00\Setting\0007\{00020006-0001-1100-8005-0000C06B5161}\New, Name: Options, Value: 
Key: HKEY_LOCAL_MACHINE\Software\WIBU-SYSTEMS\Shell Extension\01.00\Setting\0007\{00020006-0001-1100-8005-0000C06B5161}\Open, Name: CmdMenu, Value: 
Key: HKEY_LOCAL_MACHINE\Software\WIBU-SYSTEMS\Shell Extension\01.00\Setting\0007\{00020006-0001-1100-8005-0000C06B5161}\Open, Name: Ask, Value: Do you want to transfer current CmAct contents into the file\n%1?
Key: HKEY_LOCAL_MACHINE\Software\WIBU-SYSTEMS\Shell Extension\01.00\Setting\0007\{00020006-0001-1100-8005-0000C06B5161}, Name: , Value: CmActLicense-Lizenzanforderung
Key: HKEY_LOCAL_MACHINE\Software\WIBU-SYSTEMS\Shell Extension\01.00\Setting\0007\{00020006-0001-1100-8005-0000C06B5161}, Name: Icon, Value: "C:\Program Files (x86)\CodeMeter\Runtime\bin\CmRmtAct32.dll",0
Key: HKEY_LOCAL_MACHINE\Software\WIBU-SYSTEMS\Shell Extension\01.00\Setting\0007\{00020006-0001-1100-8005-0000C06B5161}, Name: Wbc, Value: 
Key: HKEY_LOCAL_MACHINE\Software\WIBU-SYSTEMS\Shell Extension\01.00\Setting\0007\{00020008-0000-1100-8005-0000C06B5161}, Name: , Value: CodeMeter modifizierte Kontext-Datei
Key: HKEY_LOCAL_MACHINE\Software\WIBU-SYSTEMS\Shell Extension\01.00\Setting\0007\{00020008-0000-1100-8005-0000C06B5161}, Name: Icon, Value: "C:\Program Files (x86)\CodeMeter\Runtime\bin\CmRmtAct32.dll",2
Key: HKEY_LOCAL_MACHINE\Software\WIBU-SYSTEMS\Shell Extension\01.00\Setting\0007\{00020008-0000-1100-8005-0000C06B5161}, Name: Wbc, Value: 
Key: HKEY_LOCAL_MACHINE\Software\WIBU-SYSTEMS\Shell Extension\01.00\Setting\0007\{00070001-0000-1101-8005-0000C06B5161}\Open, Name: CmdStd, Value: 
Key: HKEY_LOCAL_MACHINE\Software\WIBU-SYSTEMS\Shell Extension\01.00\Setting\0007\{00070001-0000-1101-8005-0000C06B5161}, Name: , Value: CmActLicense-Datei
Key: HKEY_LOCAL_MACHINE\Software\WIBU-SYSTEMS\Shell Extension\01.00\Setting\0007\{00070001-0000-1101-8005-0000C06B5161}, Name: Icon, Value: "C:\Program Files (x86)\CodeMeter\Runtime\bin\CmRmtAct32.dll",3
Key: HKEY_LOCAL_MACHINE\Software\WIBU-SYSTEMS\Shell Extension\01.00\Setting\0007\{00070001-0000-1101-8005-0000C06B5161}, Name: Wbb, Value: 
Key: HKEY_LOCAL_MACHINE\Software\WIBU-SYSTEMS\Shell Extension\01.00\Setting\0007\{00070001-0000-1101-8005-0000C06B5161}\Open, Name: Ask, Value: Do you want to import the License File?
Key: HKEY_LOCAL_MACHINE\Software\WIBU-SYSTEMS\Shell Extension\01.00\Setting\0007\{00070001-0000-1101-8005-0000C06B5161}\Open, Name: Command, Value: "C:\Program Files (x86)\CodeMeter\Runtime\bin\CodeMeterCC.exe" "%1"
Key: HKEY_LOCAL_MACHINE\Software\WIBU-SYSTEMS\Shell Extension\01.00\Setting\0007\{00070001-0000-1101-8005-0000C06B5161}\Open, Name: CmdMenu, Value: 
Key: HKEY_LOCAL_MACHINE\Software\WIBU-SYSTEMS\Shell Extension\01.00\Setting\0009\.WibuCmRaC, Name: Ref, Value: {00020006-0000-1100-8005-0000C06B5161}
Key: HKEY_LOCAL_MACHINE\Software\WIBU-SYSTEMS\Shell Extension\01.00\Setting\0009\.WibuCmRaM, Name: Ref, Value: {00020008-0000-1100-8005-0000C06B5161}
Key: HKEY_LOCAL_MACHINE\Software\WIBU-SYSTEMS\Shell Extension\01.00\Setting\0009\{00020006-0000-1100-8005-0000C06B5161}\Menu\1, Name: , Value: Update from CmDongle
Key: HKEY_LOCAL_MACHINE\Software\WIBU-SYSTEMS\Shell Extension\01.00\Setting\0009\{00020006-0000-1100-8005-0000C06B5161}\Menu\1, Name: Command, Value: rundll32.exe "C:\Program Files (x86)\CodeMeter\Runtime\bin\CmRmtAct32.dll",CmShellGetRemoteContext "%1"
Key: HKEY_LOCAL_MACHINE\Software\WIBU-SYSTEMS\Shell Extension\01.00\Setting\0009\{00020006-0000-1100-8005-0000C06B5161}\Menu\1, Name: Help, Value: Transfer current CmDongle(s) contents into this file
Key: HKEY_LOCAL_MACHINE\Software\WIBU-SYSTEMS\Shell Extension\01.00\Setting\0009\{00020006-0000-1100-8005-0000C06B5161}\New, Name: , Value: CmDongle Remote Programming Context file
Key: HKEY_LOCAL_MACHINE\Software\WIBU-SYSTEMS\Shell Extension\01.00\Setting\0009\{00020006-0000-1100-8005-0000C06B5161}\New, Name: Command, Value: rundll32.exe "C:\Program Files (x86)\CodeMeter\Runtime\bin\CmRmtAct32.dll",CmShellGetRemoteContext "%1"
Key: HKEY_LOCAL_MACHINE\Software\WIBU-SYSTEMS\Shell Extension\01.00\Setting\0009\{00020006-0000-1100-8005-0000C06B5161}\New, Name: FileName, Value: MyCmDongle.WibuCmRaC
Key: HKEY_LOCAL_MACHINE\Software\WIBU-SYSTEMS\Shell Extension\01.00\Setting\0009\{00020006-0000-1100-8005-0000C06B5161}\New, Name: Options, Value: 
Key: HKEY_LOCAL_MACHINE\Software\WIBU-SYSTEMS\Shell Extension\01.00\Setting\0009\{00020006-0000-1100-8005-0000C06B5161}\Open, Name: CmdMenu, Value: 
Key: HKEY_LOCAL_MACHINE\Software\WIBU-SYSTEMS\Shell Extension\01.00\Setting\0009\{00020006-0000-1100-8005-0000C06B5161}\Open, Name: Ask, Value: Do you want to transfer current CmDongle(s) contents into the file\n%1?
Key: HKEY_LOCAL_MACHINE\Software\WIBU-SYSTEMS\Shell Extension\01.00\Setting\0009\{00020006-0000-1100-8005-0000C06B5161}, Name: , Value: CodeMeter Remote Activation Context
Key: HKEY_LOCAL_MACHINE\Software\WIBU-SYSTEMS\Shell Extension\01.00\Setting\0009\{00020006-0000-1100-8005-0000C06B5161}, Name: Icon, Value: "C:\Program Files (x86)\CodeMeter\Runtime\bin\CmRmtAct32.dll",0
Key: HKEY_LOCAL_MACHINE\Software\WIBU-SYSTEMS\Shell Extension\01.00\Setting\0009\{00020006-0000-1100-8005-0000C06B5161}, Name: Wbc, Value: 
Key: HKEY_LOCAL_MACHINE\Software\WIBU-SYSTEMS\Shell Extension\01.00\Setting\0009\{00020006-0001-1100-8005-0000C06B5161}\Menu\1, Name: , Value: Update from License
Key: HKEY_LOCAL_MACHINE\Software\WIBU-SYSTEMS\Shell Extension\01.00\Setting\0009\{00020006-0001-1100-8005-0000C06B5161}\Menu\1, Name: Command, Value: rundll32.exe "C:\Program Files (x86)\CodeMeter\Runtime\bin\CmRmtAct32.dll",CmShellGetRemoteContextAct "%1"
Key: HKEY_LOCAL_MACHINE\Software\WIBU-SYSTEMS\Shell Extension\01.00\Setting\0009\{00020006-0001-1100-8005-0000C06B5161}\Menu\1, Name: Help, Value: Transfer current CmAct contents into this file
Key: HKEY_LOCAL_MACHINE\Software\WIBU-SYSTEMS\Shell Extension\01.00\Setting\0009\{00020006-0001-1100-8005-0000C06B5161}\New, Name: , Value: CodeMeterAct License Request File
Key: HKEY_LOCAL_MACHINE\Software\WIBU-SYSTEMS\Shell Extension\01.00\Setting\0009\{00020006-0001-1100-8005-0000C06B5161}\New, Name: Command, Value: rundll32.exe "C:\Program Files (x86)\CodeMeter\Runtime\bin\CmRmtAct32.dll",CmShellGetRemoteContextAct "%1"
Key: HKEY_LOCAL_MACHINE\Software\WIBU-SYSTEMS\Shell Extension\01.00\Setting\0009\{00020006-0001-1100-8005-0000C06B5161}\New, Name: FileName, Value: LicenseRequest.WibuCmRaC
Key: HKEY_LOCAL_MACHINE\Software\WIBU-SYSTEMS\Shell Extension\01.00\Setting\0009\{00020006-0001-1100-8005-0000C06B5161}\New, Name: Options, Value: 
Key: HKEY_LOCAL_MACHINE\Software\WIBU-SYSTEMS\Shell Extension\01.00\Setting\0009\{00020006-0001-1100-8005-0000C06B5161}\Open, Name: CmdMenu, Value: 
Key: HKEY_LOCAL_MACHINE\Software\WIBU-SYSTEMS\Shell Extension\01.00\Setting\0009\{00020006-0001-1100-8005-0000C06B5161}\Open, Name: Ask, Value: Do you want to transfer current CmAct contents into the file\n%1?
Key: HKEY_LOCAL_MACHINE\Software\WIBU-SYSTEMS\Shell Extension\01.00\Setting\0009\{00020006-0001-1100-8005-0000C06B5161}, Name: , Value: CodeMeterAct License Request File
Key: HKEY_LOCAL_MACHINE\Software\WIBU-SYSTEMS\Shell Extension\01.00\Setting\0009\{00020006-0001-1100-8005-0000C06B5161}, Name: Icon, Value: "C:\Program Files (x86)\CodeMeter\Runtime\bin\CmRmtAct32.dll",0
Key: HKEY_LOCAL_MACHINE\Software\WIBU-SYSTEMS\Shell Extension\01.00\Setting\0009\{00020006-0001-1100-8005-0000C06B5161}, Name: Wbc, Value: 
Key: HKEY_LOCAL_MACHINE\Software\WIBU-SYSTEMS\Shell Extension\01.00\Setting\0009\{00020008-0000-1100-8005-0000C06B5161}, Name: , Value: CodeMeter modified context file
Key: HKEY_LOCAL_MACHINE\Software\WIBU-SYSTEMS\Shell Extension\01.00\Setting\0009\{00020008-0000-1100-8005-0000C06B5161}, Name: Icon, Value: "C:\Program Files (x86)\CodeMeter\Runtime\bin\CmRmtAct32.dll",2
Key: HKEY_LOCAL_MACHINE\Software\WIBU-SYSTEMS\Shell Extension\01.00\Setting\0009\{00020008-0000-1100-8005-0000C06B5161}, Name: Wbc, Value: 
Key: HKEY_LOCAL_MACHINE\Software\WIBU-SYSTEMS\Shell Extension\01.00\Setting\0009\{00070001-0000-1101-8005-0000C06B5161}\Open, Name: CmdStd, Value: 
Key: HKEY_LOCAL_MACHINE\Software\WIBU-SYSTEMS\Shell Extension\01.00\Setting\0009\{00070001-0000-1101-8005-0000C06B5161}, Name: , Value: CmAct License File
Key: HKEY_LOCAL_MACHINE\Software\WIBU-SYSTEMS\Shell Extension\01.00\Setting\0009\{00070001-0000-1101-8005-0000C06B5161}, Name: Icon, Value: "C:\Program Files (x86)\CodeMeter\Runtime\bin\CmRmtAct32.dll",3
Key: HKEY_LOCAL_MACHINE\Software\WIBU-SYSTEMS\Shell Extension\01.00\Setting\0009\{00070001-0000-1101-8005-0000C06B5161}, Name: Wbb, Value: 
Key: HKEY_LOCAL_MACHINE\Software\WIBU-SYSTEMS\Shell Extension\01.00\Setting\0009\{00070001-0000-1101-8005-0000C06B5161}\Open, Name: Ask, Value: Do you want to import the License File?
Key: HKEY_LOCAL_MACHINE\Software\WIBU-SYSTEMS\Shell Extension\01.00\Setting\0009\{00070001-0000-1101-8005-0000C06B5161}\Open, Name: Command, Value: "C:\Program Files (x86)\CodeMeter\Runtime\bin\CodeMeterCC.exe" "%1"
Key: HKEY_LOCAL_MACHINE\Software\WIBU-SYSTEMS\Shell Extension\01.00\Setting\0009\{00070001-0000-1101-8005-0000C06B5161}\Open, Name: CmdMenu, Value: 
Key: HKEY_LOCAL_MACHINE\Software\WIBU-SYSTEMS\Shell Extension\01.00\Setting\000a\.WibuCmRaC, Name: Ref, Value: {00020006-0000-1100-8005-0000C06B5161}
Key: HKEY_LOCAL_MACHINE\Software\WIBU-SYSTEMS\Shell Extension\01.00\Setting\000a\.WibuCmRaM, Name: Ref, Value: {00020008-0000-1100-8005-0000C06B5161}
Key: HKEY_LOCAL_MACHINE\Software\WIBU-SYSTEMS\Shell Extension\01.00\Setting\000a\{00020006-0000-1100-8005-0000C06B5161}\Menu\1, Name: , Value: Update from CmDongle
Key: HKEY_LOCAL_MACHINE\Software\WIBU-SYSTEMS\Shell Extension\01.00\Setting\000a\{00020006-0000-1100-8005-0000C06B5161}\Menu\1, Name: Command, Value: rundll32.exe "C:\Program Files (x86)\CodeMeter\Runtime\bin\CmRmtAct32.dll",CmShellGetRemoteContext "%1"
Key: HKEY_LOCAL_MACHINE\Software\WIBU-SYSTEMS\Shell Extension\01.00\Setting\000a\{00020006-0000-1100-8005-0000C06B5161}\Menu\1, Name: Help, Value: Transferir el contenido del CmDongle(s) actual(es) a este archivo
Key: HKEY_LOCAL_MACHINE\Software\WIBU-SYSTEMS\Shell Extension\01.00\Setting\000a\{00020006-0000-1100-8005-0000C06B5161}\New, Name: , Value: CmDongle Remote Programming Context file
Key: HKEY_LOCAL_MACHINE\Software\WIBU-SYSTEMS\Shell Extension\01.00\Setting\000a\{00020006-0000-1100-8005-0000C06B5161}\New, Name: Command, Value: rundll32.exe "C:\Program Files (x86)\CodeMeter\Runtime\bin\CmRmtAct32.dll",CmShellGetRemoteContext "%1"
Key: HKEY_LOCAL_MACHINE\Software\WIBU-SYSTEMS\Shell Extension\01.00\Setting\000a\{00020006-0000-1100-8005-0000C06B5161}\New, Name: FileName, Value: MyCmDongle.WibuCmRaC
Key: HKEY_LOCAL_MACHINE\Software\WIBU-SYSTEMS\Shell Extension\01.00\Setting\000a\{00020006-0000-1100-8005-0000C06B5161}\New, Name: Options, Value: 
Key: HKEY_LOCAL_MACHINE\Software\WIBU-SYSTEMS\Shell Extension\01.00\Setting\000a\{00020006-0000-1100-8005-0000C06B5161}\Open, Name: CmdMenu, Value: 
Key: HKEY_LOCAL_MACHINE\Software\WIBU-SYSTEMS\Shell Extension\01.00\Setting\000a\{00020006-0000-1100-8005-0000C06B5161}\Open, Name: Ask, Value: Desea transferir el contenido del CmDongle(s) actual(es) al archivo\n%1?
Key: HKEY_LOCAL_MACHINE\Software\WIBU-SYSTEMS\Shell Extension\01.00\Setting\000a\{00020006-0000-1100-8005-0000C06B5161}, Name: , Value: CodeMeter Remote Activation Context
Key: HKEY_LOCAL_MACHINE\Software\WIBU-SYSTEMS\Shell Extension\01.00\Setting\000a\{00020006-0000-1100-8005-0000C06B5161}, Name: Icon, Value: "C:\Program Files (x86)\CodeMeter\Runtime\bin\CmRmtAct32.dll",0
Key: HKEY_LOCAL_MACHINE\Software\WIBU-SYSTEMS\Shell Extension\01.00\Setting\000a\{00020006-0000-1100-8005-0000C06B5161}, Name: Wbc, Value: 
Key: HKEY_LOCAL_MACHINE\Software\WIBU-SYSTEMS\Shell Extension\01.00\Setting\000a\{00020008-0000-1100-8005-0000C06B5161}, Name: , Value: Archivo de contexto modificado de CodeMeter
Key: HKEY_LOCAL_MACHINE\Software\WIBU-SYSTEMS\Shell Extension\01.00\Setting\000a\{00020008-0000-1100-8005-0000C06B5161}, Name: Icon, Value: "C:\Program Files (x86)\CodeMeter\Runtime\bin\CmRmtAct32.dll",2
Key: HKEY_LOCAL_MACHINE\Software\WIBU-SYSTEMS\Shell Extension\01.00\Setting\000a\{00020008-0000-1100-8005-0000C06B5161}, Name: Wbc, Value: 
Key: HKEY_LOCAL_MACHINE\Software\WIBU-SYSTEMS\Shell Extension\01.00\Setting\000a\{00070001-0000-1101-8005-0000C06B5161}\Open, Name: CmdStd, Value: 
Key: HKEY_LOCAL_MACHINE\Software\WIBU-SYSTEMS\Shell Extension\01.00\Setting\000a\{00070001-0000-1101-8005-0000C06B5161}, Name: , Value: Archivo de licencia de CmAct
Key: HKEY_LOCAL_MACHINE\Software\WIBU-SYSTEMS\Shell Extension\01.00\Setting\000a\{00070001-0000-1101-8005-0000C06B5161}, Name: Icon, Value: "C:\Program Files (x86)\CodeMeter\Runtime\bin\CmRmtAct32.dll",3
Key: HKEY_LOCAL_MACHINE\Software\WIBU-SYSTEMS\Shell Extension\01.00\Setting\000a\{00070001-0000-1101-8005-0000C06B5161}, Name: Wbb, Value: 
Key: HKEY_LOCAL_MACHINE\Software\WIBU-SYSTEMS\Shell Extension\01.00\Setting\000a\{00070001-0000-1101-8005-0000C06B5161}\Open, Name: Ask, Value: Do you want to import the License File?
Key: HKEY_LOCAL_MACHINE\Software\WIBU-SYSTEMS\Shell Extension\01.00\Setting\000a\{00070001-0000-1101-8005-0000C06B5161}\Open, Name: Command, Value: "C:\Program Files (x86)\CodeMeter\Runtime\bin\CodeMeterCC.exe" "%1"
Key: HKEY_LOCAL_MACHINE\Software\WIBU-SYSTEMS\Shell Extension\01.00\Setting\000a\{00070001-0000-1101-8005-0000C06B5161}\Open, Name: CmdMenu, Value: 
Key: HKEY_LOCAL_MACHINE\Software\WIBU-SYSTEMS\Shell Extension\01.00\Setting\000c\.WibuCmRaC, Name: Ref, Value: {00020006-0000-1100-8005-0000C06B5161}
Key: HKEY_LOCAL_MACHINE\Software\WIBU-SYSTEMS\Shell Extension\01.00\Setting\000c\.WibuCmRaM, Name: Ref, Value: {00020008-0000-1100-8005-0000C06B5161}
Key: HKEY_LOCAL_MACHINE\Software\WIBU-SYSTEMS\Shell Extension\01.00\Setting\000c\{00020006-0000-1100-8005-0000C06B5161}\Menu\1, Name: , Value: Update from CmDongle
Key: HKEY_LOCAL_MACHINE\Software\WIBU-SYSTEMS\Shell Extension\01.00\Setting\000c\{00020006-0000-1100-8005-0000C06B5161}\Menu\1, Name: Command, Value: rundll32.exe "C:\Program Files (x86)\CodeMeter\Runtime\bin\CmRmtAct32.dll",CmShellGetRemoteContext "%1"
Key: HKEY_LOCAL_MACHINE\Software\WIBU-SYSTEMS\Shell Extension\01.00\Setting\000c\{00020006-0000-1100-8005-0000C06B5161}\Menu\1, Name: Help, Value: Transfer current CmDongle(s) contents into this file
Key: HKEY_LOCAL_MACHINE\Software\WIBU-SYSTEMS\Shell Extension\01.00\Setting\000c\{00020006-0000-1100-8005-0000C06B5161}\New, Name: , Value: CmDongle Remote Programming Context file
Key: HKEY_LOCAL_MACHINE\Software\WIBU-SYSTEMS\Shell Extension\01.00\Setting\000c\{00020006-0000-1100-8005-0000C06B5161}\New, Name: Command, Value: rundll32.exe "C:\Program Files (x86)\CodeMeter\Runtime\bin\CmRmtAct32.dll",CmShellGetRemoteContext "%1"
Key: HKEY_LOCAL_MACHINE\Software\WIBU-SYSTEMS\Shell Extension\01.00\Setting\000c\{00020006-0000-1100-8005-0000C06B5161}\New, Name: FileName, Value: MyCmDongle.WibuCmRaC
Key: HKEY_LOCAL_MACHINE\Software\WIBU-SYSTEMS\Shell Extension\01.00\Setting\000c\{00020006-0000-1100-8005-0000C06B5161}\New, Name: Options, Value: 
Key: HKEY_LOCAL_MACHINE\Software\WIBU-SYSTEMS\Shell Extension\01.00\Setting\000c\{00020006-0000-1100-8005-0000C06B5161}\Open, Name: CmdMenu, Value: 
Key: HKEY_LOCAL_MACHINE\Software\WIBU-SYSTEMS\Shell Extension\01.00\Setting\000c\{00020006-0000-1100-8005-0000C06B5161}\Open, Name: Ask, Value: Do you want to transfer current CmDongle(s) contents into the file\n%1?
Key: HKEY_LOCAL_MACHINE\Software\WIBU-SYSTEMS\Shell Extension\01.00\Setting\000c\{00020006-0000-1100-8005-0000C06B5161}, Name: , Value: CodeMeter Remote Activation Context
Key: HKEY_LOCAL_MACHINE\Software\WIBU-SYSTEMS\Shell Extension\01.00\Setting\000c\{00020006-0000-1100-8005-0000C06B5161}, Name: Icon, Value: "C:\Program Files (x86)\CodeMeter\Runtime\bin\CmRmtAct32.dll",0
Key: HKEY_LOCAL_MACHINE\Software\WIBU-SYSTEMS\Shell Extension\01.00\Setting\000c\{00020006-0000-1100-8005-0000C06B5161}, Name: Wbc, Value: 
Key: HKEY_LOCAL_MACHINE\Software\WIBU-SYSTEMS\Shell Extension\01.00\Setting\000c\{00020008-0000-1100-8005-0000C06B5161}, Name: , Value: CodeMeter modified context file
Key: HKEY_LOCAL_MACHINE\Software\WIBU-SYSTEMS\Shell Extension\01.00\Setting\000c\{00020008-0000-1100-8005-0000C06B5161}, Name: Icon, Value: "C:\Program Files (x86)\CodeMeter\Runtime\bin\CmRmtAct32.dll",2
Key: HKEY_LOCAL_MACHINE\Software\WIBU-SYSTEMS\Shell Extension\01.00\Setting\000c\{00020008-0000-1100-8005-0000C06B5161}, Name: Wbc, Value: 
Key: HKEY_LOCAL_MACHINE\Software\WIBU-SYSTEMS\Shell Extension\01.00\Setting\000c\{00070001-0000-1101-8005-0000C06B5161}\Open, Name: CmdStd, Value: 
Key: HKEY_LOCAL_MACHINE\Software\WIBU-SYSTEMS\Shell Extension\01.00\Setting\000c\{00070001-0000-1101-8005-0000C06B5161}, Name: , Value: CmAct License File
Key: HKEY_LOCAL_MACHINE\Software\WIBU-SYSTEMS\Shell Extension\01.00\Setting\000c\{00070001-0000-1101-8005-0000C06B5161}, Name: Icon, Value: "C:\Program Files (x86)\CodeMeter\Runtime\bin\CmRmtAct32.dll",3
Key: HKEY_LOCAL_MACHINE\Software\WIBU-SYSTEMS\Shell Extension\01.00\Setting\000c\{00070001-0000-1101-8005-0000C06B5161}, Name: Wbb, Value: 
Key: HKEY_LOCAL_MACHINE\Software\WIBU-SYSTEMS\Shell Extension\01.00\Setting\000c\{00070001-0000-1101-8005-0000C06B5161}\Open, Name: Ask, Value: Do you want to import the License File?
Key: HKEY_LOCAL_MACHINE\Software\WIBU-SYSTEMS\Shell Extension\01.00\Setting\000c\{00070001-0000-1101-8005-0000C06B5161}\Open, Name: Command, Value: "C:\Program Files (x86)\CodeMeter\Runtime\bin\CodeMeterCC.exe" "%1"
Key: HKEY_LOCAL_MACHINE\Software\WIBU-SYSTEMS\Shell Extension\01.00\Setting\000c\{00070001-0000-1101-8005-0000C06B5161}\Open, Name: CmdMenu, Value: 
Key: HKEY_LOCAL_MACHINE\Software\WIBU-SYSTEMS\Shell Extension\01.00\Setting\000e\.WibuCmRaC, Name: Ref, Value: {00020006-0000-1100-8005-0000C06B5161}
Key: HKEY_LOCAL_MACHINE\Software\WIBU-SYSTEMS\Shell Extension\01.00\Setting\000e\.WibuCmRaM, Name: Ref, Value: {00020008-0000-1100-8005-0000C06B5161}
Key: HKEY_LOCAL_MACHINE\Software\WIBU-SYSTEMS\Shell Extension\01.00\Setting\000e\{00020006-0000-1100-8005-0000C06B5161}\Menu\1, Name: , Value: Update from CmDongle
Key: HKEY_LOCAL_MACHINE\Software\WIBU-SYSTEMS\Shell Extension\01.00\Setting\000e\{00020006-0000-1100-8005-0000C06B5161}\Menu\1, Name: Command, Value: rundll32.exe "C:\Program Files (x86)\CodeMeter\Runtime\bin\CmRmtAct32.dll",CmShellGetRemoteContext "%1"
Key: HKEY_LOCAL_MACHINE\Software\WIBU-SYSTEMS\Shell Extension\01.00\Setting\000e\{00020006-0000-1100-8005-0000C06B5161}\Menu\1, Name: Help, Value: Transfer current CmDongle(s) contents into this file
Key: HKEY_LOCAL_MACHINE\Software\WIBU-SYSTEMS\Shell Extension\01.00\Setting\000e\{00020006-0000-1100-8005-0000C06B5161}\New, Name: , Value: CmDongle Remote Programming Context file
Key: HKEY_LOCAL_MACHINE\Software\WIBU-SYSTEMS\Shell Extension\01.00\Setting\000e\{00020006-0000-1100-8005-0000C06B5161}\New, Name: Command, Value: rundll32.exe "C:\Program Files (x86)\CodeMeter\Runtime\bin\CmRmtAct32.dll",CmShellGetRemoteContext "%1"
Key: HKEY_LOCAL_MACHINE\Software\WIBU-SYSTEMS\Shell Extension\01.00\Setting\000e\{00020006-0000-1100-8005-0000C06B5161}\New, Name: FileName, Value: MyCmDongle.WibuCmRaC
Key: HKEY_LOCAL_MACHINE\Software\WIBU-SYSTEMS\Shell Extension\01.00\Setting\000e\{00020006-0000-1100-8005-0000C06B5161}\New, Name: Options, Value: 
Key: HKEY_LOCAL_MACHINE\Software\WIBU-SYSTEMS\Shell Extension\01.00\Setting\000e\{00020006-0000-1100-8005-0000C06B5161}\Open, Name: CmdMenu, Value: 
Key: HKEY_LOCAL_MACHINE\Software\WIBU-SYSTEMS\Shell Extension\01.00\Setting\000e\{00020006-0000-1100-8005-0000C06B5161}\Open, Name: Ask, Value: Do you want to transfer current CmDongle(s) contents into the file\n%1?
Key: HKEY_LOCAL_MACHINE\Software\WIBU-SYSTEMS\Shell Extension\01.00\Setting\000e\{00020006-0000-1100-8005-0000C06B5161}, Name: , Value: CodeMeter Remote Activation Context
Key: HKEY_LOCAL_MACHINE\Software\WIBU-SYSTEMS\Shell Extension\01.00\Setting\000e\{00020006-0000-1100-8005-0000C06B5161}, Name: Icon, Value: "C:\Program Files (x86)\CodeMeter\Runtime\bin\CmRmtAct32.dll",0
Key: HKEY_LOCAL_MACHINE\Software\WIBU-SYSTEMS\Shell Extension\01.00\Setting\000e\{00020006-0000-1100-8005-0000C06B5161}, Name: Wbc, Value: 
Key: HKEY_LOCAL_MACHINE\Software\WIBU-SYSTEMS\Shell Extension\01.00\Setting\000e\{00020008-0000-1100-8005-0000C06B5161}, Name: , Value: CodeMeter modified context file
Key: HKEY_LOCAL_MACHINE\Software\WIBU-SYSTEMS\Shell Extension\01.00\Setting\000e\{00020008-0000-1100-8005-0000C06B5161}, Name: Icon, Value: "C:\Program Files (x86)\CodeMeter\Runtime\bin\CmRmtAct32.dll",2
Key: HKEY_LOCAL_MACHINE\Software\WIBU-SYSTEMS\Shell Extension\01.00\Setting\000e\{00020008-0000-1100-8005-0000C06B5161}, Name: Wbc, Value: 
Key: HKEY_LOCAL_MACHINE\Software\WIBU-SYSTEMS\Shell Extension\01.00\Setting\000e\{00070001-0000-1101-8005-0000C06B5161}\Open, Name: CmdStd, Value: 
Key: HKEY_LOCAL_MACHINE\Software\WIBU-SYSTEMS\Shell Extension\01.00\Setting\000e\{00070001-0000-1101-8005-0000C06B5161}, Name: , Value: CmAct License File
Key: HKEY_LOCAL_MACHINE\Software\WIBU-SYSTEMS\Shell Extension\01.00\Setting\000e\{00070001-0000-1101-8005-0000C06B5161}, Name: Icon, Value: "C:\Program Files (x86)\CodeMeter\Runtime\bin\CmRmtAct32.dll",3
Key: HKEY_LOCAL_MACHINE\Software\WIBU-SYSTEMS\Shell Extension\01.00\Setting\000e\{00070001-0000-1101-8005-0000C06B5161}, Name: Wbb, Value: 
Key: HKEY_LOCAL_MACHINE\Software\WIBU-SYSTEMS\Shell Extension\01.00\Setting\000e\{00070001-0000-1101-8005-0000C06B5161}\Open, Name: Ask, Value: Do you want to import the License File?
Key: HKEY_LOCAL_MACHINE\Software\WIBU-SYSTEMS\Shell Extension\01.00\Setting\000e\{00070001-0000-1101-8005-0000C06B5161}\Open, Name: Command, Value: "C:\Program Files (x86)\CodeMeter\Runtime\bin\CodeMeterCC.exe" "%1"
Key: HKEY_LOCAL_MACHINE\Software\WIBU-SYSTEMS\Shell Extension\01.00\Setting\000e\{00070001-0000-1101-8005-0000C06B5161}\Open, Name: CmdMenu, Value: 
Key: HKEY_LOCAL_MACHINE\Software\WIBU-SYSTEMS\Shell Extension\01.00\Setting\0010\.WibuCmRaC, Name: Ref, Value: {00020006-0000-1100-8005-0000C06B5161}
Key: HKEY_LOCAL_MACHINE\Software\WIBU-SYSTEMS\Shell Extension\01.00\Setting\0010\.WibuCmRaM, Name: Ref, Value: {00020008-0000-1100-8005-0000C06B5161}
Key: HKEY_LOCAL_MACHINE\Software\WIBU-SYSTEMS\Shell Extension\01.00\Setting\0010\{00020006-0000-1100-8005-0000C06B5161}\Menu\1, Name: , Value: Aggiornare dal CmDongle
Key: HKEY_LOCAL_MACHINE\Software\WIBU-SYSTEMS\Shell Extension\01.00\Setting\0010\{00020006-0000-1100-8005-0000C06B5161}\Menu\1, Name: Command, Value: rundll32.exe "C:\Program Files (x86)\CodeMeter\Runtime\bin\CmRmtAct32.dll",CmShellGetRemoteContext "%1"
Key: HKEY_LOCAL_MACHINE\Software\WIBU-SYSTEMS\Shell Extension\01.00\Setting\0010\{00020006-0000-1100-8005-0000C06B5161}\Menu\1, Name: Help, Value: Transfer current CmDongle(s) contents into this file
Key: HKEY_LOCAL_MACHINE\Software\WIBU-SYSTEMS\Shell Extension\01.00\Setting\0010\{00020006-0000-1100-8005-0000C06B5161}\New, Name: , Value: File di contesto programmazione remota CmDongle
Key: HKEY_LOCAL_MACHINE\Software\WIBU-SYSTEMS\Shell Extension\01.00\Setting\0010\{00020006-0000-1100-8005-0000C06B5161}\New, Name: Command, Value: rundll32.exe "C:\Program Files (x86)\CodeMeter\Runtime\bin\CmRmtAct32.dll",CmShellGetRemoteContext "%1"
Key: HKEY_LOCAL_MACHINE\Software\WIBU-SYSTEMS\Shell Extension\01.00\Setting\0010\{00020006-0000-1100-8005-0000C06B5161}\New, Name: FileName, Value: MyCmDongle.WibuCmRaC
Key: HKEY_LOCAL_MACHINE\Software\WIBU-SYSTEMS\Shell Extension\01.00\Setting\0010\{00020006-0000-1100-8005-0000C06B5161}\New, Name: Options, Value: 
Key: HKEY_LOCAL_MACHINE\Software\WIBU-SYSTEMS\Shell Extension\01.00\Setting\0010\{00020006-0000-1100-8005-0000C06B5161}\Open, Name: CmdMenu, Value: 
Key: HKEY_LOCAL_MACHINE\Software\WIBU-SYSTEMS\Shell Extension\01.00\Setting\0010\{00020006-0000-1100-8005-0000C06B5161}\Open, Name: Ask, Value: Vuole trasferire i contenuti dei CmDongle(es) attuali dentro al file\n%1?
Key: HKEY_LOCAL_MACHINE\Software\WIBU-SYSTEMS\Shell Extension\01.00\Setting\0010\{00020006-0000-1100-8005-0000C06B5161}, Name: , Value: Contesto di programmazione remota CodeMeter
Key: HKEY_LOCAL_MACHINE\Software\WIBU-SYSTEMS\Shell Extension\01.00\Setting\0010\{00020006-0000-1100-8005-0000C06B5161}, Name: Icon, Value: "C:\Program Files (x86)\CodeMeter\Runtime\bin\CmRmtAct32.dll",0
Key: HKEY_LOCAL_MACHINE\Software\WIBU-SYSTEMS\Shell Extension\01.00\Setting\0010\{00020006-0000-1100-8005-0000C06B5161}, Name: Wbc, Value: 
Key: HKEY_LOCAL_MACHINE\Software\WIBU-SYSTEMS\Shell Extension\01.00\Setting\0010\{00020008-0000-1100-8005-0000C06B5161}, Name: , Value: CodeMeter modified context file
Key: HKEY_LOCAL_MACHINE\Software\WIBU-SYSTEMS\Shell Extension\01.00\Setting\0010\{00020008-0000-1100-8005-0000C06B5161}, Name: Icon, Value: "C:\Program Files (x86)\CodeMeter\Runtime\bin\CmRmtAct32.dll",2
Key: HKEY_LOCAL_MACHINE\Software\WIBU-SYSTEMS\Shell Extension\01.00\Setting\0010\{00020008-0000-1100-8005-0000C06B5161}, Name: Wbc, Value: 
Key: HKEY_LOCAL_MACHINE\Software\WIBU-SYSTEMS\Shell Extension\01.00\Setting\0010\{00070001-0000-1101-8005-0000C06B5161}\Open, Name: CmdStd, Value: 
Key: HKEY_LOCAL_MACHINE\Software\WIBU-SYSTEMS\Shell Extension\01.00\Setting\0010\{00070001-0000-1101-8005-0000C06B5161}, Name: , Value: CmAct License File
Key: HKEY_LOCAL_MACHINE\Software\WIBU-SYSTEMS\Shell Extension\01.00\Setting\0010\{00070001-0000-1101-8005-0000C06B5161}, Name: Icon, Value: "C:\Program Files (x86)\CodeMeter\Runtime\bin\CmRmtAct32.dll",3
Key: HKEY_LOCAL_MACHINE\Software\WIBU-SYSTEMS\Shell Extension\01.00\Setting\0010\{00070001-0000-1101-8005-0000C06B5161}, Name: Wbb, Value: 
Key: HKEY_LOCAL_MACHINE\Software\WIBU-SYSTEMS\Shell Extension\01.00\Setting\0010\{00070001-0000-1101-8005-0000C06B5161}\Open, Name: Ask, Value: Do you want to import the License File?
Key: HKEY_LOCAL_MACHINE\Software\WIBU-SYSTEMS\Shell Extension\01.00\Setting\0010\{00070001-0000-1101-8005-0000C06B5161}\Open, Name: Command, Value: "C:\Program Files (x86)\CodeMeter\Runtime\bin\CodeMeterCC.exe" "%1"
Key: HKEY_LOCAL_MACHINE\Software\WIBU-SYSTEMS\Shell Extension\01.00\Setting\0010\{00070001-0000-1101-8005-0000C06B5161}\Open, Name: CmdMenu, Value: 
Key: HKEY_LOCAL_MACHINE\Software\WIBU-SYSTEMS\Shell Extension\01.00\Setting\0011\.WibuCmRaC, Name: Ref, Value: {00020006-0000-1100-8005-0000C06B5161}
Key: HKEY_LOCAL_MACHINE\Software\WIBU-SYSTEMS\Shell Extension\01.00\Setting\0011\.WibuCmRaM, Name: Ref, Value: {00020008-0000-1100-8005-0000C06B5161}
Key: HKEY_LOCAL_MACHINE\Software\WIBU-SYSTEMS\Shell Extension\01.00\Setting\0011\{00020006-0000-1100-8005-0000C06B5161}\Menu\1, Name: , Value: Update from CmDongle
Key: HKEY_LOCAL_MACHINE\Software\WIBU-SYSTEMS\Shell Extension\01.00\Setting\0011\{00020006-0000-1100-8005-0000C06B5161}\Menu\1, Name: Command, Value: rundll32.exe "C:\Program Files (x86)\CodeMeter\Runtime\bin\CmRmtAct32.dll",CmShellGetRemoteContext "%1"
Key: HKEY_LOCAL_MACHINE\Software\WIBU-SYSTEMS\Shell Extension\01.00\Setting\0011\{00020006-0000-1100-8005-0000C06B5161}\Menu\1, Name: Help, Value: Transfer current CmDongle(s) contents into this file
Key: HKEY_LOCAL_MACHINE\Software\WIBU-SYSTEMS\Shell Extension\01.00\Setting\0011\{00020006-0000-1100-8005-0000C06B5161}\New, Name: , Value: CmDongle Remote Programming Context file
Key: HKEY_LOCAL_MACHINE\Software\WIBU-SYSTEMS\Shell Extension\01.00\Setting\0011\{00020006-0000-1100-8005-0000C06B5161}\New, Name: Command, Value: rundll32.exe "C:\Program Files (x86)\CodeMeter\Runtime\bin\CmRmtAct32.dll",CmShellGetRemoteContext "%1"
Key: HKEY_LOCAL_MACHINE\Software\WIBU-SYSTEMS\Shell Extension\01.00\Setting\0011\{00020006-0000-1100-8005-0000C06B5161}\New, Name: FileName, Value: MyCmDongle.WibuCmRaC
Key: HKEY_LOCAL_MACHINE\Software\WIBU-SYSTEMS\Shell Extension\01.00\Setting\0011\{00020006-0000-1100-8005-0000C06B5161}\New, Name: Options, Value: 
Key: HKEY_LOCAL_MACHINE\Software\WIBU-SYSTEMS\Shell Extension\01.00\Setting\0011\{00020006-0000-1100-8005-0000C06B5161}\Open, Name: CmdMenu, Value: 
Key: HKEY_LOCAL_MACHINE\Software\WIBU-SYSTEMS\Shell Extension\01.00\Setting\0011\{00020006-0000-1100-8005-0000C06B5161}\Open, Name: Ask, Value: Do you want to transfer current CmDongle(s) contents into the file\n%1?
Key: HKEY_LOCAL_MACHINE\Software\WIBU-SYSTEMS\Shell Extension\01.00\Setting\0011\{00020006-0000-1100-8005-0000C06B5161}, Name: , Value: CodeMeter Remote Programming Context
Key: HKEY_LOCAL_MACHINE\Software\WIBU-SYSTEMS\Shell Extension\01.00\Setting\0011\{00020006-0000-1100-8005-0000C06B5161}, Name: Icon, Value: "C:\Program Files (x86)\CodeMeter\Runtime\bin\CmRmtAct32.dll",0
Key: HKEY_LOCAL_MACHINE\Software\WIBU-SYSTEMS\Shell Extension\01.00\Setting\0011\{00020006-0000-1100-8005-0000C06B5161}, Name: Wbc, Value: 
Key: HKEY_LOCAL_MACHINE\Software\WIBU-SYSTEMS\Shell Extension\01.00\Setting\0011\{00020008-0000-1100-8005-0000C06B5161}, Name: , Value: CodeMeter modified context file
Key: HKEY_LOCAL_MACHINE\Software\WIBU-SYSTEMS\Shell Extension\01.00\Setting\0011\{00020008-0000-1100-8005-0000C06B5161}, Name: Icon, Value: "C:\Program Files (x86)\CodeMeter\Runtime\bin\CmRmtAct32.dll",2
Key: HKEY_LOCAL_MACHINE\Software\WIBU-SYSTEMS\Shell Extension\01.00\Setting\0011\{00020008-0000-1100-8005-0000C06B5161}, Name: Wbc, Value: 
Key: HKEY_LOCAL_MACHINE\Software\WIBU-SYSTEMS\Shell Extension\01.00\Setting\0011\{00070001-0000-1101-8005-0000C06B5161}\Open, Name: CmdStd, Value: 
Key: HKEY_LOCAL_MACHINE\Software\WIBU-SYSTEMS\Shell Extension\01.00\Setting\0011\{00070001-0000-1101-8005-0000C06B5161}, Name: , Value: CmAct License File
Key: HKEY_LOCAL_MACHINE\Software\WIBU-SYSTEMS\Shell Extension\01.00\Setting\0011\{00070001-0000-1101-8005-0000C06B5161}, Name: Icon, Value: "C:\Program Files (x86)\CodeMeter\Runtime\bin\CmRmtAct32.dll",3
Key: HKEY_LOCAL_MACHINE\Software\WIBU-SYSTEMS\Shell Extension\01.00\Setting\0011\{00070001-0000-1101-8005-0000C06B5161}, Name: Wbb, Value: 
Key: HKEY_LOCAL_MACHINE\Software\WIBU-SYSTEMS\Shell Extension\01.00\Setting\0011\{00070001-0000-1101-8005-0000C06B5161}\Open, Name: Ask, Value: Do you want to import the License File?
Key: HKEY_LOCAL_MACHINE\Software\WIBU-SYSTEMS\Shell Extension\01.00\Setting\0011\{00070001-0000-1101-8005-0000C06B5161}\Open, Name: Command, Value: "C:\Program Files (x86)\CodeMeter\Runtime\bin\CodeMeterCC.exe" "%1"
Key: HKEY_LOCAL_MACHINE\Software\WIBU-SYSTEMS\Shell Extension\01.00\Setting\0011\{00070001-0000-1101-8005-0000C06B5161}\Open, Name: CmdMenu, Value: 
Key: HKEY_LOCAL_MACHINE\Software\WIBU-SYSTEMS\Shell Extension\01.00\Setting\0019\.WibuCmRaC, Name: Ref, Value: {00020006-0000-1100-8005-0000C06B5161}
Key: HKEY_LOCAL_MACHINE\Software\WIBU-SYSTEMS\Shell Extension\01.00\Setting\0019\.WibuCmRaM, Name: Ref, Value: {00020008-0000-1100-8005-0000C06B5161}
Key: HKEY_LOCAL_MACHINE\Software\WIBU-SYSTEMS\Shell Extension\01.00\Setting\0019\{00020006-0000-1100-8005-0000C06B5161}\Menu\1, Name: , Value: Update from CmDongle
Key: HKEY_LOCAL_MACHINE\Software\WIBU-SYSTEMS\Shell Extension\01.00\Setting\0019\{00020006-0000-1100-8005-0000C06B5161}\Menu\1, Name: Command, Value: rundll32.exe "C:\Program Files (x86)\CodeMeter\Runtime\bin\CmRmtAct32.dll",CmShellGetRemoteContext "%1"
Key: HKEY_LOCAL_MACHINE\Software\WIBU-SYSTEMS\Shell Extension\01.00\Setting\0019\{00020006-0000-1100-8005-0000C06B5161}\Menu\1, Name: Help, Value: Transfer current CmDongle(s) contents into this file
Key: HKEY_LOCAL_MACHINE\Software\WIBU-SYSTEMS\Shell Extension\01.00\Setting\0019\{00020006-0000-1100-8005-0000C06B5161}\New, Name: , Value: CmDongle Remote Programming Context file
Key: HKEY_LOCAL_MACHINE\Software\WIBU-SYSTEMS\Shell Extension\01.00\Setting\0019\{00020006-0000-1100-8005-0000C06B5161}\New, Name: Command, Value: rundll32.exe "C:\Program Files (x86)\CodeMeter\Runtime\bin\CmRmtAct32.dll",CmShellGetRemoteContext "%1"
Key: HKEY_LOCAL_MACHINE\Software\WIBU-SYSTEMS\Shell Extension\01.00\Setting\0019\{00020006-0000-1100-8005-0000C06B5161}\New, Name: FileName, Value: MyCmDongle.WibuCmRaC
Key: HKEY_LOCAL_MACHINE\Software\WIBU-SYSTEMS\Shell Extension\01.00\Setting\0019\{00020006-0000-1100-8005-0000C06B5161}\New, Name: Options, Value: 
Key: HKEY_LOCAL_MACHINE\Software\WIBU-SYSTEMS\Shell Extension\01.00\Setting\0019\{00020006-0000-1100-8005-0000C06B5161}\Open, Name: CmdMenu, Value: 
Key: HKEY_LOCAL_MACHINE\Software\WIBU-SYSTEMS\Shell Extension\01.00\Setting\0019\{00020006-0000-1100-8005-0000C06B5161}\Open, Name: Ask, Value: Do you want to transfer current CmDongle(s) contents into the file\n%1?
Key: HKEY_LOCAL_MACHINE\Software\WIBU-SYSTEMS\Shell Extension\01.00\Setting\0019\{00020006-0000-1100-8005-0000C06B5161}, Name: , Value: CodeMeter Remote Activation Context
Key: HKEY_LOCAL_MACHINE\Software\WIBU-SYSTEMS\Shell Extension\01.00\Setting\0019\{00020006-0000-1100-8005-0000C06B5161}, Name: Icon, Value: "C:\Program Files (x86)\CodeMeter\Runtime\bin\CmRmtAct32.dll",0
Key: HKEY_LOCAL_MACHINE\Software\WIBU-SYSTEMS\Shell Extension\01.00\Setting\0019\{00020006-0000-1100-8005-0000C06B5161}, Name: Wbc, Value: 
Key: HKEY_LOCAL_MACHINE\Software\WIBU-SYSTEMS\Shell Extension\01.00\Setting\0019\{00020008-0000-1100-8005-0000C06B5161}, Name: , Value: CodeMeter modified context file
Key: HKEY_LOCAL_MACHINE\Software\WIBU-SYSTEMS\Shell Extension\01.00\Setting\0019\{00020008-0000-1100-8005-0000C06B5161}, Name: Icon, Value: "C:\Program Files (x86)\CodeMeter\Runtime\bin\CmRmtAct32.dll",2
Key: HKEY_LOCAL_MACHINE\Software\WIBU-SYSTEMS\Shell Extension\01.00\Setting\0019\{00020008-0000-1100-8005-0000C06B5161}, Name: Wbc, Value: 
Key: HKEY_LOCAL_MACHINE\Software\WIBU-SYSTEMS\Shell Extension\01.00\Setting\0019\{00070001-0000-1101-8005-0000C06B5161}\Open, Name: CmdStd, Value: 
Key: HKEY_LOCAL_MACHINE\Software\WIBU-SYSTEMS\Shell Extension\01.00\Setting\0019\{00070001-0000-1101-8005-0000C06B5161}, Name: , Value: CmAct License File
Key: HKEY_LOCAL_MACHINE\Software\WIBU-SYSTEMS\Shell Extension\01.00\Setting\0019\{00070001-0000-1101-8005-0000C06B5161}, Name: Icon, Value: "C:\Program Files (x86)\CodeMeter\Runtime\bin\CmRmtAct32.dll",3
Key: HKEY_LOCAL_MACHINE\Software\WIBU-SYSTEMS\Shell Extension\01.00\Setting\0019\{00070001-0000-1101-8005-0000C06B5161}, Name: Wbb, Value: 
Key: HKEY_LOCAL_MACHINE\Software\WIBU-SYSTEMS\Shell Extension\01.00\Setting\0019\{00070001-0000-1101-8005-0000C06B5161}\Open, Name: Ask, Value: Do you want to import the License File?
Key: HKEY_LOCAL_MACHINE\Software\WIBU-SYSTEMS\Shell Extension\01.00\Setting\0019\{00070001-0000-1101-8005-0000C06B5161}\Open, Name: Command, Value: "C:\Program Files (x86)\CodeMeter\Runtime\bin\CodeMeterCC.exe" "%1"
Key: HKEY_LOCAL_MACHINE\Software\WIBU-SYSTEMS\Shell Extension\01.00\Setting\0019\{00070001-0000-1101-8005-0000C06B5161}\Open, Name: CmdMenu, Value: 
Key: HKEY_LOCAL_MACHINE\SOFTWARE\CodeMeterCC\Capabilities\FileAssociations, Name: .wbb, Value: CodeMeterCC.wbb
Key: HKEY_LOCAL_MACHINE\SOFTWARE\WIBU-SYSTEMS\CodeMeter\Server\CurrentVersion, Name: ExePath, Value: C:\Program Files\CodeMeter\Runtime\bin
Key: HKEY_LOCAL_MACHINE\SOFTWARE\WIBU-SYSTEMS\CodeMeter\Server\CurrentVersion, Name: StartAlways, Value: 
Key: HKEY_LOCAL_MACHINE\SOFTWARE\WIBU-SYSTEMS\CodeMeter\Server\CurrentVersion, Name: HelpFile, Value: C:\Program Files\CodeMeter\Runtime\help\8.40a
Key: HKEY_LOCAL_MACHINE\SOFTWARE\WIBU-SYSTEMS\CodeMeter\Server\CurrentVersion, Name: UseUmsDA, Value: 
Key: HKEY_LOCAL_MACHINE\SOFTWARE\WIBU-SYSTEMS\CodeMeter\Server\CurrentVersion\HTTP, Name: RemoteWrite, Value: 
Key: HKEY_LOCAL_MACHINE\SOFTWARE\WIBU-SYSTEMS\CodeMeter\Server\CurrentVersion, Name: TimeServerURL1, Value: cmtime.codemeter.com
Key: HKEY_LOCAL_MACHINE\SOFTWARE\WIBU-SYSTEMS\CodeMeter\Server\CurrentVersion, Name: TimeServerURL2, Value: cmtime.codemeter.us
Key: HKEY_LOCAL_MACHINE\SOFTWARE\WIBU-SYSTEMS\CodeMeter\Server\CurrentVersion, Name: TimeServerURL3, Value: cmtime.codemeter.de
Key: HKEY_LOCAL_MACHINE\SOFTWARE\WIBU-SYSTEMS\CodeMeter, Name: RuntimeVersion, Value: 8.40.7120.501
Key: HKEY_LOCAL_MACHINE\SOFTWARE\WIBU-SYSTEMS\CodeMeter, Name: RuntimeVersion, Value: 8.40.7120.501
Key: HKEY_LOCAL_MACHINE\Software\Microsoft\Windows NT\CurrentVersion\Image File Execution Options\CodeMeter.exe, Name: DisableExceptionChainValidation, Value: 
Key: HKEY_LOCAL_MACHINE\Software\Microsoft\Windows NT\CurrentVersion\Image File Execution Options\CodeMeterCC.exe, Name: DisableExceptionChainValidation, Value: 
Key: HKEY_LOCAL_MACHINE\Software\Microsoft\Windows NT\CurrentVersion\Image File Execution Options\cmu.exe, Name: DisableExceptionChainValidation, Value: 
Key: HKEY_CLASSES_ROOT\.WibuCmRaC\ShellEx\{00021500-0000-0000-C000-000000000046}, Name: , Value: {00020006-0000-1100-8005-0000C06B5161}
Key: HKEY_CLASSES_ROOT\.WibuCmRaC, Name: , Value: WibuSystems.CtrlFile
Key: HKEY_CLASSES_ROOT\.WibuCmRaM\ShellEx\{00021500-0000-0000-C000-000000000046}, Name: , Value: {00020008-0000-1100-8005-0000C06B5161}
Key: HKEY_CLASSES_ROOT\.WibuCmRaM, Name: , Value: WibuSystems.CtrlFile
Key: HKEY_LOCAL_MACHINE\Software\WIBU-SYSTEMS\Shell Extension\01.00\Setting\0004\.WibuCmRaC, Name: Ref, Value: {00020006-0000-1100-8005-0000C06B5161}
Key: HKEY_LOCAL_MACHINE\Software\WIBU-SYSTEMS\Shell Extension\01.00\Setting\0004\.WibuCmRaM, Name: Ref, Value: {00020008-0000-1100-8005-0000C06B5161}
Key: HKEY_LOCAL_MACHINE\Software\WIBU-SYSTEMS\Shell Extension\01.00\Setting\0004\{00020006-0000-1100-8005-0000C06B5161}\Menu\1, Name: , Value: Update from CmDongle
Key: HKEY_LOCAL_MACHINE\Software\WIBU-SYSTEMS\Shell Extension\01.00\Setting\0004\{00020006-0000-1100-8005-0000C06B5161}\Menu\1, Name: Command, Value: rundll32.exe "C:\Program Files\CodeMeter\Runtime\bin\CmRmtAct64.dll",CmShellGetRemoteContext "%1"
Key: HKEY_LOCAL_MACHINE\Software\WIBU-SYSTEMS\Shell Extension\01.00\Setting\0004\{00020006-0000-1100-8005-0000C06B5161}\Menu\1, Name: Help, Value: Transfer current CmDongle(s) contents into this file
Key: HKEY_LOCAL_MACHINE\Software\WIBU-SYSTEMS\Shell Extension\01.00\Setting\0004\{00020006-0000-1100-8005-0000C06B5161}\New, Name: , Value: CmDongle Remote Programming Kontext-Datei
Key: HKEY_LOCAL_MACHINE\Software\WIBU-SYSTEMS\Shell Extension\01.00\Setting\0004\{00020006-0000-1100-8005-0000C06B5161}\New, Name: Command, Value: rundll32.exe "C:\Program Files\CodeMeter\Runtime\bin\CmRmtAct64.dll",CmShellGetRemoteContext "%1"
Key: HKEY_LOCAL_MACHINE\Software\WIBU-SYSTEMS\Shell Extension\01.00\Setting\0004\{00020006-0000-1100-8005-0000C06B5161}\New, Name: FileName, Value: MyCmDongle.WibuCmRaC
Key: HKEY_LOCAL_MACHINE\Software\WIBU-SYSTEMS\Shell Extension\01.00\Setting\0004\{00020006-0000-1100-8005-0000C06B5161}\New, Name: Options, Value: 
Key: HKEY_LOCAL_MACHINE\Software\WIBU-SYSTEMS\Shell Extension\01.00\Setting\0004\{00020006-0000-1100-8005-0000C06B5161}\Open, Name: CmdMenu, Value: 
Key: HKEY_LOCAL_MACHINE\Software\WIBU-SYSTEMS\Shell Extension\01.00\Setting\0004\{00020006-0000-1100-8005-0000C06B5161}\Open, Name: Ask, Value: Do you want to transfer current CmDongle(s) contents into the file\n%1?
Key: HKEY_LOCAL_MACHINE\Software\WIBU-SYSTEMS\Shell Extension\01.00\Setting\0004\{00020006-0000-1100-8005-0000C06B5161}, Name: , Value: CodeMeter Remote Activation Context
Key: HKEY_LOCAL_MACHINE\Software\WIBU-SYSTEMS\Shell Extension\01.00\Setting\0004\{00020006-0000-1100-8005-0000C06B5161}, Name: Icon, Value: "C:\Program Files\CodeMeter\Runtime\bin\CmRmtAct64.dll",0
Key: HKEY_LOCAL_MACHINE\Software\WIBU-SYSTEMS\Shell Extension\01.00\Setting\0004\{00020006-0000-1100-8005-0000C06B5161}, Name: Wbc, Value: 
Key: HKEY_LOCAL_MACHINE\Software\WIBU-SYSTEMS\Shell Extension\01.00\Setting\0004\{00020008-0000-1100-8005-0000C06B5161}, Name: , Value: CodeMeter modified context file
Key: HKEY_LOCAL_MACHINE\Software\WIBU-SYSTEMS\Shell Extension\01.00\Setting\0004\{00020008-0000-1100-8005-0000C06B5161}, Name: Icon, Value: "C:\Program Files\CodeMeter\Runtime\bin\CmRmtAct64.dll",2
Key: HKEY_LOCAL_MACHINE\Software\WIBU-SYSTEMS\Shell Extension\01.00\Setting\0004\{00020008-0000-1100-8005-0000C06B5161}, Name: Wbc, Value: 
Key: HKEY_LOCAL_MACHINE\Software\WIBU-SYSTEMS\Shell Extension\01.00\Setting\0004\{00070001-0000-1101-8005-0000C06B5161}\Open, Name: CmdStd, Value: 
Key: HKEY_LOCAL_MACHINE\Software\WIBU-SYSTEMS\Shell Extension\01.00\Setting\0004\{00070001-0000-1101-8005-0000C06B5161}, Name: , Value: CmAct License File
Key: HKEY_LOCAL_MACHINE\Software\WIBU-SYSTEMS\Shell Extension\01.00\Setting\0004\{00070001-0000-1101-8005-0000C06B5161}, Name: Icon, Value: "C:\Program Files\CodeMeter\Runtime\bin\CmRmtAct64.dll",3
Key: HKEY_LOCAL_MACHINE\Software\WIBU-SYSTEMS\Shell Extension\01.00\Setting\0004\{00070001-0000-1101-8005-0000C06B5161}, Name: Wbb, Value: 
Key: HKEY_LOCAL_MACHINE\Software\WIBU-SYSTEMS\Shell Extension\01.00\Setting\0004\{00070001-0000-1101-8005-0000C06B5161}\Open, Name: Ask, Value: Do you want to import the License File?
Key: HKEY_LOCAL_MACHINE\Software\WIBU-SYSTEMS\Shell Extension\01.00\Setting\0004\{00070001-0000-1101-8005-0000C06B5161}\Open, Name: Command, Value: "C:\Program Files\CodeMeter\Runtime\bin\CodeMeterCC.exe" "%1"
Key: HKEY_LOCAL_MACHINE\Software\WIBU-SYSTEMS\Shell Extension\01.00\Setting\0004\{00070001-0000-1101-8005-0000C06B5161}\Open, Name: CmdMenu, Value: 
Key: HKEY_LOCAL_MACHINE\Software\WIBU-SYSTEMS\Shell Extension\01.00\Setting\0007\.WibuCmRaC, Name: Ref, Value: {00020006-0000-1100-8005-0000C06B5161}
Key: HKEY_LOCAL_MACHINE\Software\WIBU-SYSTEMS\Shell Extension\01.00\Setting\0007\.WibuCmRaM, Name: Ref, Value: {00020008-0000-1100-8005-0000C06B5161}
Key: HKEY_LOCAL_MACHINE\Software\WIBU-SYSTEMS\Shell Extension\01.00\Setting\0007\{00020006-0000-1100-8005-0000C06B5161}\Menu\1, Name: , Value: Mit den Daten aus dem CmDongle aktualisieren
Key: HKEY_LOCAL_MACHINE\Software\WIBU-SYSTEMS\Shell Extension\01.00\Setting\0007\{00020006-0000-1100-8005-0000C06B5161}\Menu\1, Name: Command, Value: rundll32.exe "C:\Program Files\CodeMeter\Runtime\bin\CmRmtAct64.dll",CmShellGetRemoteContext "%1"
Key: HKEY_LOCAL_MACHINE\Software\WIBU-SYSTEMS\Shell Extension\01.00\Setting\0007\{00020006-0000-1100-8005-0000C06B5161}\Menu\1, Name: Help, Value: Transfer current CmDongle(s) contents into this file
Key: HKEY_LOCAL_MACHINE\Software\WIBU-SYSTEMS\Shell Extension\01.00\Setting\0007\{00020006-0000-1100-8005-0000C06B5161}\New, Name: , Value: CmDongle Remote Programming Kontext-Datei
Key: HKEY_LOCAL_MACHINE\Software\WIBU-SYSTEMS\Shell Extension\01.00\Setting\0007\{00020006-0000-1100-8005-0000C06B5161}\New, Name: Command, Value: rundll32.exe "C:\Program Files\CodeMeter\Runtime\bin\CmRmtAct64.dll",CmShellGetRemoteContext "%1"
Key: HKEY_LOCAL_MACHINE\Software\WIBU-SYSTEMS\Shell Extension\01.00\Setting\0007\{00020006-0000-1100-8005-0000C06B5161}\New, Name: FileName, Value: MyCmDongle.WibuCmRaC
Key: HKEY_LOCAL_MACHINE\Software\WIBU-SYSTEMS\Shell Extension\01.00\Setting\0007\{00020006-0000-1100-8005-0000C06B5161}\New, Name: Options, Value: 
Key: HKEY_LOCAL_MACHINE\Software\WIBU-SYSTEMS\Shell Extension\01.00\Setting\0007\{00020006-0000-1100-8005-0000C06B5161}\Open, Name: CmdMenu, Value: 
Key: HKEY_LOCAL_MACHINE\Software\WIBU-SYSTEMS\Shell Extension\01.00\Setting\0007\{00020006-0000-1100-8005-0000C06B5161}\Open, Name: Ask, Value: Do you want to transfer current CmDongle(s) contents into the file\n%1?
Key: HKEY_LOCAL_MACHINE\Software\WIBU-SYSTEMS\Shell Extension\01.00\Setting\0007\{00020006-0000-1100-8005-0000C06B5161}, Name: , Value: CodeMeter Remote Programming Kontext
Key: HKEY_LOCAL_MACHINE\Software\WIBU-SYSTEMS\Shell Extension\01.00\Setting\0007\{00020006-0000-1100-8005-0000C06B5161}, Name: Icon, Value: "C:\Program Files\CodeMeter\Runtime\bin\CmRmtAct64.dll",0
Key: HKEY_LOCAL_MACHINE\Software\WIBU-SYSTEMS\Shell Extension\01.00\Setting\0007\{00020006-0000-1100-8005-0000C06B5161}, Name: Wbc, Value: 
Key: HKEY_LOCAL_MACHINE\Software\WIBU-SYSTEMS\Shell Extension\01.00\Setting\0007\{00020006-0001-1100-8005-0000C06B5161}\Menu\1, Name: , Value: Erstelle aktualisierte Lizenzanforderungsdatei
Key: HKEY_LOCAL_MACHINE\Software\WIBU-SYSTEMS\Shell Extension\01.00\Setting\0007\{00020006-0001-1100-8005-0000C06B5161}\Menu\1, Name: Command, Value: rundll32.exe "C:\Program Files\CodeMeter\Runtime\bin\CmRmtAct64.dll",CmShellGetRemoteContext "%1"
Key: HKEY_LOCAL_MACHINE\Software\WIBU-SYSTEMS\Shell Extension\01.00\Setting\0007\{00020006-0001-1100-8005-0000C06B5161}\Menu\1, Name: Help, Value: Transfer current CmAct contents into this file
Key: HKEY_LOCAL_MACHINE\Software\WIBU-SYSTEMS\Shell Extension\01.00\Setting\0007\{00020006-0001-1100-8005-0000C06B5161}\New, Name: , Value: CmActLicense-Lizenzanforderungsdatei
Key: HKEY_LOCAL_MACHINE\Software\WIBU-SYSTEMS\Shell Extension\01.00\Setting\0007\{00020006-0001-1100-8005-0000C06B5161}\New, Name: Command, Value: rundll32.exe "C:\Program Files\CodeMeter\Runtime\bin\CmRmtAct64.dll",CmShellGetRemoteContextAct "%1"
Key: HKEY_LOCAL_MACHINE\Software\WIBU-SYSTEMS\Shell Extension\01.00\Setting\0007\{00020006-0001-1100-8005-0000C06B5161}\New, Name: FileName, Value: LicenseInformation.WibuCmRaC
Key: HKEY_LOCAL_MACHINE\Software\WIBU-SYSTEMS\Shell Extension\01.00\Setting\0007\{00020006-0001-1100-8005-0000C06B5161}\New, Name: Options, Value: 
Key: HKEY_LOCAL_MACHINE\Software\WIBU-SYSTEMS\Shell Extension\01.00\Setting\0007\{00020006-0001-1100-8005-0000C06B5161}\Open, Name: CmdMenu, Value: 
Key: HKEY_LOCAL_MACHINE\Software\WIBU-SYSTEMS\Shell Extension\01.00\Setting\0007\{00020006-0001-1100-8005-0000C06B5161}\Open, Name: Ask, Value: Do you want to transfer current CmAct contents into the file\n%1?
Key: HKEY_LOCAL_MACHINE\Software\WIBU-SYSTEMS\Shell Extension\01.00\Setting\0007\{00020006-0001-1100-8005-0000C06B5161}, Name: , Value: CmActLicense-Lizenzanforderung
Key: HKEY_LOCAL_MACHINE\Software\WIBU-SYSTEMS\Shell Extension\01.00\Setting\0007\{00020006-0001-1100-8005-0000C06B5161}, Name: Icon, Value: "C:\Program Files\CodeMeter\Runtime\bin\CmRmtAct64.dll",0
Key: HKEY_LOCAL_MACHINE\Software\WIBU-SYSTEMS\Shell Extension\01.00\Setting\0007\{00020006-0001-1100-8005-0000C06B5161}, Name: Wbc, Value: 
Key: HKEY_LOCAL_MACHINE\Software\WIBU-SYSTEMS\Shell Extension\01.00\Setting\0007\{00020008-0000-1100-8005-0000C06B5161}, Name: , Value: CodeMeter modifizierte Kontext-Datei
Key: HKEY_LOCAL_MACHINE\Software\WIBU-SYSTEMS\Shell Extension\01.00\Setting\0007\{00020008-0000-1100-8005-0000C06B5161}, Name: Icon, Value: "C:\Program Files\CodeMeter\Runtime\bin\CmRmtAct64.dll",2
Key: HKEY_LOCAL_MACHINE\Software\WIBU-SYSTEMS\Shell Extension\01.00\Setting\0007\{00020008-0000-1100-8005-0000C06B5161}, Name: Wbc, Value: 
Key: HKEY_LOCAL_MACHINE\Software\WIBU-SYSTEMS\Shell Extension\01.00\Setting\0007\{00070001-0000-1101-8005-0000C06B5161}\Open, Name: CmdStd, Value: 
Key: HKEY_LOCAL_MACHINE\Software\WIBU-SYSTEMS\Shell Extension\01.00\Setting\0007\{00070001-0000-1101-8005-0000C06B5161}, Name: , Value: CmActLicense-Datei
Key: HKEY_LOCAL_MACHINE\Software\WIBU-SYSTEMS\Shell Extension\01.00\Setting\0007\{00070001-0000-1101-8005-0000C06B5161}, Name: Icon, Value: "C:\Program Files\CodeMeter\Runtime\bin\CmRmtAct64.dll",3
Key: HKEY_LOCAL_MACHINE\Software\WIBU-SYSTEMS\Shell Extension\01.00\Setting\0007\{00070001-0000-1101-8005-0000C06B5161}, Name: Wbb, Value: 
Key: HKEY_LOCAL_MACHINE\Software\WIBU-SYSTEMS\Shell Extension\01.00\Setting\0007\{00070001-0000-1101-8005-0000C06B5161}\Open, Name: Ask, Value: Do you want to import the License File?
Key: HKEY_LOCAL_MACHINE\Software\WIBU-SYSTEMS\Shell Extension\01.00\Setting\0007\{00070001-0000-1101-8005-0000C06B5161}\Open, Name: Command, Value: "C:\Program Files\CodeMeter\Runtime\bin\CodeMeterCC.exe" "%1"
Key: HKEY_LOCAL_MACHINE\Software\WIBU-SYSTEMS\Shell Extension\01.00\Setting\0007\{00070001-0000-1101-8005-0000C06B5161}\Open, Name: CmdMenu, Value: 
Key: HKEY_LOCAL_MACHINE\Software\WIBU-SYSTEMS\Shell Extension\01.00\Setting\0009\.WibuCmRaC, Name: Ref, Value: {00020006-0000-1100-8005-0000C06B5161}
Key: HKEY_LOCAL_MACHINE\Software\WIBU-SYSTEMS\Shell Extension\01.00\Setting\0009\.WibuCmRaM, Name: Ref, Value: {00020008-0000-1100-8005-0000C06B5161}
Key: HKEY_LOCAL_MACHINE\Software\WIBU-SYSTEMS\Shell Extension\01.00\Setting\0009\{00020006-0000-1100-8005-0000C06B5161}\Menu\1, Name: , Value: Update from CmDongle
Key: HKEY_LOCAL_MACHINE\Software\WIBU-SYSTEMS\Shell Extension\01.00\Setting\0009\{00020006-0000-1100-8005-0000C06B5161}\Menu\1, Name: Command, Value: rundll32.exe "C:\Program Files\CodeMeter\Runtime\bin\CmRmtAct64.dll",CmShellGetRemoteContext "%1"
Key: HKEY_LOCAL_MACHINE\Software\WIBU-SYSTEMS\Shell Extension\01.00\Setting\0009\{00020006-0000-1100-8005-0000C06B5161}\Menu\1, Name: Help, Value: Transfer current CmDongle(s) contents into this file
Key: HKEY_LOCAL_MACHINE\Software\WIBU-SYSTEMS\Shell Extension\01.00\Setting\0009\{00020006-0000-1100-8005-0000C06B5161}\New, Name: , Value: CmDongle Remote Programming Context file
Key: HKEY_LOCAL_MACHINE\Software\WIBU-SYSTEMS\Shell Extension\01.00\Setting\0009\{00020006-0000-1100-8005-0000C06B5161}\New, Name: Command, Value: rundll32.exe "C:\Program Files\CodeMeter\Runtime\bin\CmRmtAct64.dll",CmShellGetRemoteContext "%1"
Key: HKEY_LOCAL_MACHINE\Software\WIBU-SYSTEMS\Shell Extension\01.00\Setting\0009\{00020006-0000-1100-8005-0000C06B5161}\New, Name: FileName, Value: MyCmDongle.WibuCmRaC
Key: HKEY_LOCAL_MACHINE\Software\WIBU-SYSTEMS\Shell Extension\01.00\Setting\0009\{00020006-0000-1100-8005-0000C06B5161}\New, Name: Options, Value: 
Key: HKEY_LOCAL_MACHINE\Software\WIBU-SYSTEMS\Shell Extension\01.00\Setting\0009\{00020006-0000-1100-8005-0000C06B5161}\Open, Name: CmdMenu, Value: 
Key: HKEY_LOCAL_MACHINE\Software\WIBU-SYSTEMS\Shell Extension\01.00\Setting\0009\{00020006-0000-1100-8005-0000C06B5161}\Open, Name: Ask, Value: Do you want to transfer current CmDongle(s) contents into the file\n%1?
Key: HKEY_LOCAL_MACHINE\Software\WIBU-SYSTEMS\Shell Extension\01.00\Setting\0009\{00020006-0000-1100-8005-0000C06B5161}, Name: , Value: CodeMeter Remote Activation Context
Key: HKEY_LOCAL_MACHINE\Software\WIBU-SYSTEMS\Shell Extension\01.00\Setting\0009\{00020006-0000-1100-8005-0000C06B5161}, Name: Icon, Value: "C:\Program Files\CodeMeter\Runtime\bin\CmRmtAct64.dll",0
Key: HKEY_LOCAL_MACHINE\Software\WIBU-SYSTEMS\Shell Extension\01.00\Setting\0009\{00020006-0000-1100-8005-0000C06B5161}, Name: Wbc, Value: 
Key: HKEY_LOCAL_MACHINE\Software\WIBU-SYSTEMS\Shell Extension\01.00\Setting\0009\{00020006-0001-1100-8005-0000C06B5161}\Menu\1, Name: , Value: Update from License
Key: HKEY_LOCAL_MACHINE\Software\WIBU-SYSTEMS\Shell Extension\01.00\Setting\0009\{00020006-0001-1100-8005-0000C06B5161}\Menu\1, Name: Command, Value: rundll32.exe "C:\Program Files\CodeMeter\Runtime\bin\CmRmtAct64.dll",CmShellGetRemoteContextAct "%1"
Key: HKEY_LOCAL_MACHINE\Software\WIBU-SYSTEMS\Shell Extension\01.00\Setting\0009\{00020006-0001-1100-8005-0000C06B5161}\Menu\1, Name: Help, Value: Transfer current CmAct contents into this file
Key: HKEY_LOCAL_MACHINE\Software\WIBU-SYSTEMS\Shell Extension\01.00\Setting\0009\{00020006-0001-1100-8005-0000C06B5161}\New, Name: , Value: CodeMeterAct License Request File
Key: HKEY_LOCAL_MACHINE\Software\WIBU-SYSTEMS\Shell Extension\01.00\Setting\0009\{00020006-0001-1100-8005-0000C06B5161}\New, Name: Command, Value: rundll32.exe "C:\Program Files\CodeMeter\Runtime\bin\CmRmtAct64.dll",CmShellGetRemoteContextAct "%1"
Key: HKEY_LOCAL_MACHINE\Software\WIBU-SYSTEMS\Shell Extension\01.00\Setting\0009\{00020006-0001-1100-8005-0000C06B5161}\New, Name: FileName, Value: LicenseRequest.WibuCmRaC
Key: HKEY_LOCAL_MACHINE\Software\WIBU-SYSTEMS\Shell Extension\01.00\Setting\0009\{00020006-0001-1100-8005-0000C06B5161}\New, Name: Options, Value: 
Key: HKEY_LOCAL_MACHINE\Software\WIBU-SYSTEMS\Shell Extension\01.00\Setting\0009\{00020006-0001-1100-8005-0000C06B5161}\Open, Name: CmdMenu, Value: 
Key: HKEY_LOCAL_MACHINE\Software\WIBU-SYSTEMS\Shell Extension\01.00\Setting\0009\{00020006-0001-1100-8005-0000C06B5161}\Open, Name: Ask, Value: Do you want to transfer current CmAct contents into the file\n%1?
Key: HKEY_LOCAL_MACHINE\Software\WIBU-SYSTEMS\Shell Extension\01.00\Setting\0009\{00020006-0001-1100-8005-0000C06B5161}, Name: , Value: CodeMeterAct License Request File
Key: HKEY_LOCAL_MACHINE\Software\WIBU-SYSTEMS\Shell Extension\01.00\Setting\0009\{00020006-0001-1100-8005-0000C06B5161}, Name: Icon, Value: "C:\Program Files\CodeMeter\Runtime\bin\CmRmtAct64.dll",0
Key: HKEY_LOCAL_MACHINE\Software\WIBU-SYSTEMS\Shell Extension\01.00\Setting\0009\{00020006-0001-1100-8005-0000C06B5161}, Name: Wbc, Value: 
Key: HKEY_LOCAL_MACHINE\Software\WIBU-SYSTEMS\Shell Extension\01.00\Setting\0009\{00020008-0000-1100-8005-0000C06B5161}, Name: , Value: CodeMeter modified context file
Key: HKEY_LOCAL_MACHINE\Software\WIBU-SYSTEMS\Shell Extension\01.00\Setting\0009\{00020008-0000-1100-8005-0000C06B5161}, Name: Icon, Value: "C:\Program Files\CodeMeter\Runtime\bin\CmRmtAct64.dll",2
Key: HKEY_LOCAL_MACHINE\Software\WIBU-SYSTEMS\Shell Extension\01.00\Setting\0009\{00020008-0000-1100-8005-0000C06B5161}, Name: Wbc, Value: 
Key: HKEY_LOCAL_MACHINE\Software\WIBU-SYSTEMS\Shell Extension\01.00\Setting\0009\{00070001-0000-1101-8005-0000C06B5161}\Open, Name: CmdStd, Value: 
Key: HKEY_LOCAL_MACHINE\Software\WIBU-SYSTEMS\Shell Extension\01.00\Setting\0009\{00070001-0000-1101-8005-0000C06B5161}, Name: , Value: CmAct License File
Key: HKEY_LOCAL_MACHINE\Software\WIBU-SYSTEMS\Shell Extension\01.00\Setting\0009\{00070001-0000-1101-8005-0000C06B5161}, Name: Icon, Value: "C:\Program Files\CodeMeter\Runtime\bin\CmRmtAct64.dll",3
Key: HKEY_LOCAL_MACHINE\Software\WIBU-SYSTEMS\Shell Extension\01.00\Setting\0009\{00070001-0000-1101-8005-0000C06B5161}, Name: Wbb, Value: 
Key: HKEY_LOCAL_MACHINE\Software\WIBU-SYSTEMS\Shell Extension\01.00\Setting\0009\{00070001-0000-1101-8005-0000C06B5161}\Open, Name: Ask, Value: Do you want to import the License File?
Key: HKEY_LOCAL_MACHINE\Software\WIBU-SYSTEMS\Shell Extension\01.00\Setting\0009\{00070001-0000-1101-8005-0000C06B5161}\Open, Name: Command, Value: "C:\Program Files\CodeMeter\Runtime\bin\CodeMeterCC.exe" "%1"
Key: HKEY_LOCAL_MACHINE\Software\WIBU-SYSTEMS\Shell Extension\01.00\Setting\0009\{00070001-0000-1101-8005-0000C06B5161}\Open, Name: CmdMenu, Value: 
Key: HKEY_LOCAL_MACHINE\Software\WIBU-SYSTEMS\Shell Extension\01.00\Setting\000a\.WibuCmRaC, Name: Ref, Value: {00020006-0000-1100-8005-0000C06B5161}
Key: HKEY_LOCAL_MACHINE\Software\WIBU-SYSTEMS\Shell Extension\01.00\Setting\000a\.WibuCmRaM, Name: Ref, Value: {00020008-0000-1100-8005-0000C06B5161}
Key: HKEY_LOCAL_MACHINE\Software\WIBU-SYSTEMS\Shell Extension\01.00\Setting\000a\{00020006-0000-1100-8005-0000C06B5161}\Menu\1, Name: , Value: Update from CmDongle
Key: HKEY_LOCAL_MACHINE\Software\WIBU-SYSTEMS\Shell Extension\01.00\Setting\000a\{00020006-0000-1100-8005-0000C06B5161}\Menu\1, Name: Command, Value: rundll32.exe "C:\Program Files\CodeMeter\Runtime\bin\CmRmtAct64.dll",CmShellGetRemoteContext "%1"
Key: HKEY_LOCAL_MACHINE\Software\WIBU-SYSTEMS\Shell Extension\01.00\Setting\000a\{00020006-0000-1100-8005-0000C06B5161}\Menu\1, Name: Help, Value: Transferir el contenido del CmDongle(s) actual(es) a este archivo
Key: HKEY_LOCAL_MACHINE\Software\WIBU-SYSTEMS\Shell Extension\01.00\Setting\000a\{00020006-0000-1100-8005-0000C06B5161}\New, Name: , Value: CmDongle Remote Programming Context file
Key: HKEY_LOCAL_MACHINE\Software\WIBU-SYSTEMS\Shell Extension\01.00\Setting\000a\{00020006-0000-1100-8005-0000C06B5161}\New, Name: Command, Value: rundll32.exe "C:\Program Files\CodeMeter\Runtime\bin\CmRmtAct64.dll",CmShellGetRemoteContext "%1"
Key: HKEY_LOCAL_MACHINE\Software\WIBU-SYSTEMS\Shell Extension\01.00\Setting\000a\{00020006-0000-1100-8005-0000C06B5161}\New, Name: FileName, Value: MyCmDongle.WibuCmRaC
Key: HKEY_LOCAL_MACHINE\Software\WIBU-SYSTEMS\Shell Extension\01.00\Setting\000a\{00020006-0000-1100-8005-0000C06B5161}\New, Name: Options, Value: 
Key: HKEY_LOCAL_MACHINE\Software\WIBU-SYSTEMS\Shell Extension\01.00\Setting\000a\{00020006-0000-1100-8005-0000C06B5161}\Open, Name: CmdMenu, Value: 
Key: HKEY_LOCAL_MACHINE\Software\WIBU-SYSTEMS\Shell Extension\01.00\Setting\000a\{00020006-0000-1100-8005-0000C06B5161}\Open, Name: Ask, Value: Desea transferir el contenido del CmDongle(s) actual(es) al archivo\n%1?
Key: HKEY_LOCAL_MACHINE\Software\WIBU-SYSTEMS\Shell Extension\01.00\Setting\000a\{00020006-0000-1100-8005-0000C06B5161}, Name: , Value: CodeMeter Remote Activation Context
Key: HKEY_LOCAL_MACHINE\Software\WIBU-SYSTEMS\Shell Extension\01.00\Setting\000a\{00020006-0000-1100-8005-0000C06B5161}, Name: Icon, Value: "C:\Program Files\CodeMeter\Runtime\bin\CmRmtAct64.dll",0
Key: HKEY_LOCAL_MACHINE\Software\WIBU-SYSTEMS\Shell Extension\01.00\Setting\000a\{00020006-0000-1100-8005-0000C06B5161}, Name: Wbc, Value: 
Key: HKEY_LOCAL_MACHINE\Software\WIBU-SYSTEMS\Shell Extension\01.00\Setting\000a\{00020008-0000-1100-8005-0000C06B5161}, Name: , Value: Archivo de contexto modificado de CodeMeter
Key: HKEY_LOCAL_MACHINE\Software\WIBU-SYSTEMS\Shell Extension\01.00\Setting\000a\{00020008-0000-1100-8005-0000C06B5161}, Name: Icon, Value: "C:\Program Files\CodeMeter\Runtime\bin\CmRmtAct64.dll",2
Key: HKEY_LOCAL_MACHINE\Software\WIBU-SYSTEMS\Shell Extension\01.00\Setting\000a\{00020008-0000-1100-8005-0000C06B5161}, Name: Wbc, Value: 
Key: HKEY_LOCAL_MACHINE\Software\WIBU-SYSTEMS\Shell Extension\01.00\Setting\000a\{00070001-0000-1101-8005-0000C06B5161}\Open, Name: CmdStd, Value: 
Key: HKEY_LOCAL_MACHINE\Software\WIBU-SYSTEMS\Shell Extension\01.00\Setting\000a\{00070001-0000-1101-8005-0000C06B5161}, Name: , Value: Archivo de licencia de CmAct
Key: HKEY_LOCAL_MACHINE\Software\WIBU-SYSTEMS\Shell Extension\01.00\Setting\000a\{00070001-0000-1101-8005-0000C06B5161}, Name: Icon, Value: "C:\Program Files\CodeMeter\Runtime\bin\CmRmtAct64.dll",3
Key: HKEY_LOCAL_MACHINE\Software\WIBU-SYSTEMS\Shell Extension\01.00\Setting\000a\{00070001-0000-1101-8005-0000C06B5161}, Name: Wbb, Value: 
Key: HKEY_LOCAL_MACHINE\Software\WIBU-SYSTEMS\Shell Extension\01.00\Setting\000a\{00070001-0000-1101-8005-0000C06B5161}\Open, Name: Ask, Value: Do you want to import the License File?
Key: HKEY_LOCAL_MACHINE\Software\WIBU-SYSTEMS\Shell Extension\01.00\Setting\000a\{00070001-0000-1101-8005-0000C06B5161}\Open, Name: Command, Value: "C:\Program Files\CodeMeter\Runtime\bin\CodeMeterCC.exe" "%1"
Key: HKEY_LOCAL_MACHINE\Software\WIBU-SYSTEMS\Shell Extension\01.00\Setting\000a\{00070001-0000-1101-8005-0000C06B5161}\Open, Name: CmdMenu, Value: 
Key: HKEY_LOCAL_MACHINE\Software\WIBU-SYSTEMS\Shell Extension\01.00\Setting\000c\.WibuCmRaC, Name: Ref, Value: {00020006-0000-1100-8005-0000C06B5161}
Key: HKEY_LOCAL_MACHINE\Software\WIBU-SYSTEMS\Shell Extension\01.00\Setting\000c\.WibuCmRaM, Name: Ref, Value: {00020008-0000-1100-8005-0000C06B5161}
Key: HKEY_LOCAL_MACHINE\Software\WIBU-SYSTEMS\Shell Extension\01.00\Setting\000c\{00020006-0000-1100-8005-0000C06B5161}\Menu\1, Name: , Value: Update from CmDongle
Key: HKEY_LOCAL_MACHINE\Software\WIBU-SYSTEMS\Shell Extension\01.00\Setting\000c\{00020006-0000-1100-8005-0000C06B5161}\Menu\1, Name: Command, Value: rundll32.exe "C:\Program Files\CodeMeter\Runtime\bin\CmRmtAct64.dll",CmShellGetRemoteContext "%1"
Key: HKEY_LOCAL_MACHINE\Software\WIBU-SYSTEMS\Shell Extension\01.00\Setting\000c\{00020006-0000-1100-8005-0000C06B5161}\Menu\1, Name: Help, Value: Transfer current CmDongle(s) contents into this file
Key: HKEY_LOCAL_MACHINE\Software\WIBU-SYSTEMS\Shell Extension\01.00\Setting\000c\{00020006-0000-1100-8005-0000C06B5161}\New, Name: , Value: CmDongle Remote Programming Context file
Key: HKEY_LOCAL_MACHINE\Software\WIBU-SYSTEMS\Shell Extension\01.00\Setting\000c\{00020006-0000-1100-8005-0000C06B5161}\New, Name: Command, Value: rundll32.exe "C:\Program Files\CodeMeter\Runtime\bin\CmRmtAct64.dll",CmShellGetRemoteContext "%1"
Key: HKEY_LOCAL_MACHINE\Software\WIBU-SYSTEMS\Shell Extension\01.00\Setting\000c\{00020006-0000-1100-8005-0000C06B5161}\New, Name: FileName, Value: MyCmDongle.WibuCmRaC
Key: HKEY_LOCAL_MACHINE\Software\WIBU-SYSTEMS\Shell Extension\01.00\Setting\000c\{00020006-0000-1100-8005-0000C06B5161}\New, Name: Options, Value: 
Key: HKEY_LOCAL_MACHINE\Software\WIBU-SYSTEMS\Shell Extension\01.00\Setting\000c\{00020006-0000-1100-8005-0000C06B5161}\Open, Name: CmdMenu, Value: 
Key: HKEY_LOCAL_MACHINE\Software\WIBU-SYSTEMS\Shell Extension\01.00\Setting\000c\{00020006-0000-1100-8005-0000C06B5161}\Open, Name: Ask, Value: Do you want to transfer current CmDongle(s) contents into the file\n%1?
Key: HKEY_LOCAL_MACHINE\Software\WIBU-SYSTEMS\Shell Extension\01.00\Setting\000c\{00020006-0000-1100-8005-0000C06B5161}, Name: , Value: CodeMeter Remote Activation Context
Key: HKEY_LOCAL_MACHINE\Software\WIBU-SYSTEMS\Shell Extension\01.00\Setting\000c\{00020006-0000-1100-8005-0000C06B5161}, Name: Icon, Value: "C:\Program Files\CodeMeter\Runtime\bin\CmRmtAct64.dll",0
Key: HKEY_LOCAL_MACHINE\Software\WIBU-SYSTEMS\Shell Extension\01.00\Setting\000c\{00020006-0000-1100-8005-0000C06B5161}, Name: Wbc, Value: 
Key: HKEY_LOCAL_MACHINE\Software\WIBU-SYSTEMS\Shell Extension\01.00\Setting\000c\{00020008-0000-1100-8005-0000C06B5161}, Name: , Value: CodeMeter modified context file
Key: HKEY_LOCAL_MACHINE\Software\WIBU-SYSTEMS\Shell Extension\01.00\Setting\000c\{00020008-0000-1100-8005-0000C06B5161}, Name: Icon, Value: "C:\Program Files\CodeMeter\Runtime\bin\CmRmtAct64.dll",2
Key: HKEY_LOCAL_MACHINE\Software\WIBU-SYSTEMS\Shell Extension\01.00\Setting\000c\{00020008-0000-1100-8005-0000C06B5161}, Name: Wbc, Value: 
Key: HKEY_LOCAL_MACHINE\Software\WIBU-SYSTEMS\Shell Extension\01.00\Setting\000c\{00070001-0000-1101-8005-0000C06B5161}\Open, Name: CmdStd, Value: 
Key: HKEY_LOCAL_MACHINE\Software\WIBU-SYSTEMS\Shell Extension\01.00\Setting\000c\{00070001-0000-1101-8005-0000C06B5161}, Name: , Value: CmAct License File
Key: HKEY_LOCAL_MACHINE\Software\WIBU-SYSTEMS\Shell Extension\01.00\Setting\000c\{00070001-0000-1101-8005-0000C06B5161}, Name: Icon, Value: "C:\Program Files\CodeMeter\Runtime\bin\CmRmtAct64.dll",3
Key: HKEY_LOCAL_MACHINE\Software\WIBU-SYSTEMS\Shell Extension\01.00\Setting\000c\{00070001-0000-1101-8005-0000C06B5161}, Name: Wbb, Value: 
Key: HKEY_LOCAL_MACHINE\Software\WIBU-SYSTEMS\Shell Extension\01.00\Setting\000c\{00070001-0000-1101-8005-0000C06B5161}\Open, Name: Ask, Value: Do you want to import the License File?
Key: HKEY_LOCAL_MACHINE\Software\WIBU-SYSTEMS\Shell Extension\01.00\Setting\000c\{00070001-0000-1101-8005-0000C06B5161}\Open, Name: Command, Value: "C:\Program Files\CodeMeter\Runtime\bin\CodeMeterCC.exe" "%1"
Key: HKEY_LOCAL_MACHINE\Software\WIBU-SYSTEMS\Shell Extension\01.00\Setting\000c\{00070001-0000-1101-8005-0000C06B5161}\Open, Name: CmdMenu, Value: 
Key: HKEY_LOCAL_MACHINE\Software\WIBU-SYSTEMS\Shell Extension\01.00\Setting\000e\.WibuCmRaC, Name: Ref, Value: {00020006-0000-1100-8005-0000C06B5161}
Key: HKEY_LOCAL_MACHINE\Software\WIBU-SYSTEMS\Shell Extension\01.00\Setting\000e\.WibuCmRaM, Name: Ref, Value: {00020008-0000-1100-8005-0000C06B5161}
Key: HKEY_LOCAL_MACHINE\Software\WIBU-SYSTEMS\Shell Extension\01.00\Setting\000e\{00020006-0000-1100-8005-0000C06B5161}\Menu\1, Name: , Value: Update from CmDongle
Key: HKEY_LOCAL_MACHINE\Software\WIBU-SYSTEMS\Shell Extension\01.00\Setting\000e\{00020006-0000-1100-8005-0000C06B5161}\Menu\1, Name: Command, Value: rundll32.exe "C:\Program Files\CodeMeter\Runtime\bin\CmRmtAct64.dll",CmShellGetRemoteContext "%1"
Key: HKEY_LOCAL_MACHINE\Software\WIBU-SYSTEMS\Shell Extension\01.00\Setting\000e\{00020006-0000-1100-8005-0000C06B5161}\Menu\1, Name: Help, Value: Transfer current CmDongle(s) contents into this file
Key: HKEY_LOCAL_MACHINE\Software\WIBU-SYSTEMS\Shell Extension\01.00\Setting\000e\{00020006-0000-1100-8005-0000C06B5161}\New, Name: , Value: CmDongle Remote Programming Context file
Key: HKEY_LOCAL_MACHINE\Software\WIBU-SYSTEMS\Shell Extension\01.00\Setting\000e\{00020006-0000-1100-8005-0000C06B5161}\New, Name: Command, Value: rundll32.exe "C:\Program Files\CodeMeter\Runtime\bin\CmRmtAct64.dll",CmShellGetRemoteContext "%1"
Key: HKEY_LOCAL_MACHINE\Software\WIBU-SYSTEMS\Shell Extension\01.00\Setting\000e\{00020006-0000-1100-8005-0000C06B5161}\New, Name: FileName, Value: MyCmDongle.WibuCmRaC
Key: HKEY_LOCAL_MACHINE\Software\WIBU-SYSTEMS\Shell Extension\01.00\Setting\000e\{00020006-0000-1100-8005-0000C06B5161}\New, Name: Options, Value: 
Key: HKEY_LOCAL_MACHINE\Software\WIBU-SYSTEMS\Shell Extension\01.00\Setting\000e\{00020006-0000-1100-8005-0000C06B5161}\Open, Name: CmdMenu, Value: 
Key: HKEY_LOCAL_MACHINE\Software\WIBU-SYSTEMS\Shell Extension\01.00\Setting\000e\{00020006-0000-1100-8005-0000C06B5161}\Open, Name: Ask, Value: Do you want to transfer current CmDongle(s) contents into the file\n%1?
Key: HKEY_LOCAL_MACHINE\Software\WIBU-SYSTEMS\Shell Extension\01.00\Setting\000e\{00020006-0000-1100-8005-0000C06B5161}, Name: , Value: CodeMeter Remote Activation Context
Key: HKEY_LOCAL_MACHINE\Software\WIBU-SYSTEMS\Shell Extension\01.00\Setting\000e\{00020006-0000-1100-8005-0000C06B5161}, Name: Icon, Value: "C:\Program Files\CodeMeter\Runtime\bin\CmRmtAct64.dll",0
Key: HKEY_LOCAL_MACHINE\Software\WIBU-SYSTEMS\Shell Extension\01.00\Setting\000e\{00020006-0000-1100-8005-0000C06B5161}, Name: Wbc, Value: 
Key: HKEY_LOCAL_MACHINE\Software\WIBU-SYSTEMS\Shell Extension\01.00\Setting\000e\{00020008-0000-1100-8005-0000C06B5161}, Name: , Value: CodeMeter modified context file
Key: HKEY_LOCAL_MACHINE\Software\WIBU-SYSTEMS\Shell Extension\01.00\Setting\000e\{00020008-0000-1100-8005-0000C06B5161}, Name: Icon, Value: "C:\Program Files\CodeMeter\Runtime\bin\CmRmtAct64.dll",2
Key: HKEY_LOCAL_MACHINE\Software\WIBU-SYSTEMS\Shell Extension\01.00\Setting\000e\{00020008-0000-1100-8005-0000C06B5161}, Name: Wbc, Value: 
Key: HKEY_LOCAL_MACHINE\Software\WIBU-SYSTEMS\Shell Extension\01.00\Setting\000e\{00070001-0000-1101-8005-0000C06B5161}\Open, Name: CmdStd, Value: 
Key: HKEY_LOCAL_MACHINE\Software\WIBU-SYSTEMS\Shell Extension\01.00\Setting\000e\{00070001-0000-1101-8005-0000C06B5161}, Name: , Value: CmAct License File
Key: HKEY_LOCAL_MACHINE\Software\WIBU-SYSTEMS\Shell Extension\01.00\Setting\000e\{00070001-0000-1101-8005-0000C06B5161}, Name: Icon, Value: "C:\Program Files\CodeMeter\Runtime\bin\CmRmtAct64.dll",3
Key: HKEY_LOCAL_MACHINE\Software\WIBU-SYSTEMS\Shell Extension\01.00\Setting\000e\{00070001-0000-1101-8005-0000C06B5161}, Name: Wbb, Value: 
Key: HKEY_LOCAL_MACHINE\Software\WIBU-SYSTEMS\Shell Extension\01.00\Setting\000e\{00070001-0000-1101-8005-0000C06B5161}\Open, Name: Ask, Value: Do you want to import the License File?
Key: HKEY_LOCAL_MACHINE\Software\WIBU-SYSTEMS\Shell Extension\01.00\Setting\000e\{00070001-0000-1101-8005-0000C06B5161}\Open, Name: Command, Value: "C:\Program Files\CodeMeter\Runtime\bin\CodeMeterCC.exe" "%1"
Key: HKEY_LOCAL_MACHINE\Software\WIBU-SYSTEMS\Shell Extension\01.00\Setting\000e\{00070001-0000-1101-8005-0000C06B5161}\Open, Name: CmdMenu, Value: 
Key: HKEY_LOCAL_MACHINE\Software\WIBU-SYSTEMS\Shell Extension\01.00\Setting\0010\.WibuCmRaC, Name: Ref, Value: {00020006-0000-1100-8005-0000C06B5161}
Key: HKEY_LOCAL_MACHINE\Software\WIBU-SYSTEMS\Shell Extension\01.00\Setting\0010\.WibuCmRaM, Name: Ref, Value: {00020008-0000-1100-8005-0000C06B5161}
Key: HKEY_LOCAL_MACHINE\Software\WIBU-SYSTEMS\Shell Extension\01.00\Setting\0010\{00020006-0000-1100-8005-0000C06B5161}\Menu\1, Name: , Value: Aggiornare dal CmDongle
Key: HKEY_LOCAL_MACHINE\Software\WIBU-SYSTEMS\Shell Extension\01.00\Setting\0010\{00020006-0000-1100-8005-0000C06B5161}\Menu\1, Name: Command, Value: rundll32.exe "C:\Program Files\CodeMeter\Runtime\bin\CmRmtAct64.dll",CmShellGetRemoteContext "%1"
Key: HKEY_LOCAL_MACHINE\Software\WIBU-SYSTEMS\Shell Extension\01.00\Setting\0010\{00020006-0000-1100-8005-0000C06B5161}\Menu\1, Name: Help, Value: Transfer current CmDongle(s) contents into this file
Key: HKEY_LOCAL_MACHINE\Software\WIBU-SYSTEMS\Shell Extension\01.00\Setting\0010\{00020006-0000-1100-8005-0000C06B5161}\New, Name: , Value: File di contesto programmazione remota CmDongle
Key: HKEY_LOCAL_MACHINE\Software\WIBU-SYSTEMS\Shell Extension\01.00\Setting\0010\{00020006-0000-1100-8005-0000C06B5161}\New, Name: Command, Value: rundll32.exe "C:\Program Files\CodeMeter\Runtime\bin\CmRmtAct64.dll",CmShellGetRemoteContext "%1"
Key: HKEY_LOCAL_MACHINE\Software\WIBU-SYSTEMS\Shell Extension\01.00\Setting\0010\{00020006-0000-1100-8005-0000C06B5161}\New, Name: FileName, Value: MyCmDongle.WibuCmRaC
Key: HKEY_LOCAL_MACHINE\Software\WIBU-SYSTEMS\Shell Extension\01.00\Setting\0010\{00020006-0000-1100-8005-0000C06B5161}\New, Name: Options, Value: 
Key: HKEY_LOCAL_MACHINE\Software\WIBU-SYSTEMS\Shell Extension\01.00\Setting\0010\{00020006-0000-1100-8005-0000C06B5161}\Open, Name: CmdMenu, Value: 
Key: HKEY_LOCAL_MACHINE\Software\WIBU-SYSTEMS\Shell Extension\01.00\Setting\0010\{00020006-0000-1100-8005-0000C06B5161}\Open, Name: Ask, Value: Vuole trasferire i contenuti dei CmDongle(es) attuali dentro al file\n%1?
Key: HKEY_LOCAL_MACHINE\Software\WIBU-SYSTEMS\Shell Extension\01.00\Setting\0010\{00020006-0000-1100-8005-0000C06B5161}, Name: , Value: Contesto di programmazione remota CodeMeter
Key: HKEY_LOCAL_MACHINE\Software\WIBU-SYSTEMS\Shell Extension\01.00\Setting\0010\{00020006-0000-1100-8005-0000C06B5161}, Name: Icon, Value: "C:\Program Files\CodeMeter\Runtime\bin\CmRmtAct64.dll",0
Key: HKEY_LOCAL_MACHINE\Software\WIBU-SYSTEMS\Shell Extension\01.00\Setting\0010\{00020006-0000-1100-8005-0000C06B5161}, Name: Wbc, Value: 
Key: HKEY_LOCAL_MACHINE\Software\WIBU-SYSTEMS\Shell Extension\01.00\Setting\0010\{00020008-0000-1100-8005-0000C06B5161}, Name: , Value: CodeMeter modified context file
Key: HKEY_LOCAL_MACHINE\Software\WIBU-SYSTEMS\Shell Extension\01.00\Setting\0010\{00020008-0000-1100-8005-0000C06B5161}, Name: Icon, Value: "C:\Program Files\CodeMeter\Runtime\bin\CmRmtAct64.dll",2
Key: HKEY_LOCAL_MACHINE\Software\WIBU-SYSTEMS\Shell Extension\01.00\Setting\0010\{00020008-0000-1100-8005-0000C06B5161}, Name: Wbc, Value: 
Key: HKEY_LOCAL_MACHINE\Software\WIBU-SYSTEMS\Shell Extension\01.00\Setting\0010\{00070001-0000-1101-8005-0000C06B5161}\Open, Name: CmdStd, Value: 
Key: HKEY_LOCAL_MACHINE\Software\WIBU-SYSTEMS\Shell Extension\01.00\Setting\0010\{00070001-0000-1101-8005-0000C06B5161}, Name: , Value: CmAct License File
Key: HKEY_LOCAL_MACHINE\Software\WIBU-SYSTEMS\Shell Extension\01.00\Setting\0010\{00070001-0000-1101-8005-0000C06B5161}, Name: Icon, Value: "C:\Program Files\CodeMeter\Runtime\bin\CmRmtAct64.dll",3
Key: HKEY_LOCAL_MACHINE\Software\WIBU-SYSTEMS\Shell Extension\01.00\Setting\0010\{00070001-0000-1101-8005-0000C06B5161}, Name: Wbb, Value: 
Key: HKEY_LOCAL_MACHINE\Software\WIBU-SYSTEMS\Shell Extension\01.00\Setting\0010\{00070001-0000-1101-8005-0000C06B5161}\Open, Name: Ask, Value: Do you want to import the License File?
Key: HKEY_LOCAL_MACHINE\Software\WIBU-SYSTEMS\Shell Extension\01.00\Setting\0010\{00070001-0000-1101-8005-0000C06B5161}\Open, Name: Command, Value: "C:\Program Files\CodeMeter\Runtime\bin\CodeMeterCC.exe" "%1"
Key: HKEY_LOCAL_MACHINE\Software\WIBU-SYSTEMS\Shell Extension\01.00\Setting\0010\{00070001-0000-1101-8005-0000C06B5161}\Open, Name: CmdMenu, Value: 
Key: HKEY_LOCAL_MACHINE\Software\WIBU-SYSTEMS\Shell Extension\01.00\Setting\0011\.WibuCmRaC, Name: Ref, Value: {00020006-0000-1100-8005-0000C06B5161}
Key: HKEY_LOCAL_MACHINE\Software\WIBU-SYSTEMS\Shell Extension\01.00\Setting\0011\.WibuCmRaM, Name: Ref, Value: {00020008-0000-1100-8005-0000C06B5161}
Key: HKEY_LOCAL_MACHINE\Software\WIBU-SYSTEMS\Shell Extension\01.00\Setting\0011\{00020006-0000-1100-8005-0000C06B5161}\Menu\1, Name: , Value: Update from CmDongle
Key: HKEY_LOCAL_MACHINE\Software\WIBU-SYSTEMS\Shell Extension\01.00\Setting\0011\{00020006-0000-1100-8005-0000C06B5161}\Menu\1, Name: Command, Value: rundll32.exe "C:\Program Files\CodeMeter\Runtime\bin\CmRmtAct64.dll",CmShellGetRemoteContext "%1"
Key: HKEY_LOCAL_MACHINE\Software\WIBU-SYSTEMS\Shell Extension\01.00\Setting\0011\{00020006-0000-1100-8005-0000C06B5161}\Menu\1, Name: Help, Value: Transfer current CmDongle(s) contents into this file
Key: HKEY_LOCAL_MACHINE\Software\WIBU-SYSTEMS\Shell Extension\01.00\Setting\0011\{00020006-0000-1100-8005-0000C06B5161}\New, Name: , Value: CmDongle Remote Programming Context file
Key: HKEY_LOCAL_MACHINE\Software\WIBU-SYSTEMS\Shell Extension\01.00\Setting\0011\{00020006-0000-1100-8005-0000C06B5161}\New, Name: Command, Value: rundll32.exe "C:\Program Files\CodeMeter\Runtime\bin\CmRmtAct64.dll",CmShellGetRemoteContext "%1"
Key: HKEY_LOCAL_MACHINE\Software\WIBU-SYSTEMS\Shell Extension\01.00\Setting\0011\{00020006-0000-1100-8005-0000C06B5161}\New, Name: FileName, Value: MyCmDongle.WibuCmRaC
Key: HKEY_LOCAL_MACHINE\Software\WIBU-SYSTEMS\Shell Extension\01.00\Setting\0011\{00020006-0000-1100-8005-0000C06B5161}\New, Name: Options, Value: 
Key: HKEY_LOCAL_MACHINE\Software\WIBU-SYSTEMS\Shell Extension\01.00\Setting\0011\{00020006-0000-1100-8005-0000C06B5161}\Open, Name: CmdMenu, Value: 
Key: HKEY_LOCAL_MACHINE\Software\WIBU-SYSTEMS\Shell Extension\01.00\Setting\0011\{00020006-0000-1100-8005-0000C06B5161}\Open, Name: Ask, Value: Do you want to transfer current CmDongle(s) contents into the file\n%1?
Key: HKEY_LOCAL_MACHINE\Software\WIBU-SYSTEMS\Shell Extension\01.00\Setting\0011\{00020006-0000-1100-8005-0000C06B5161}, Name: , Value: CodeMeter Remote Programming Context
Key: HKEY_LOCAL_MACHINE\Software\WIBU-SYSTEMS\Shell Extension\01.00\Setting\0011\{00020006-0000-1100-8005-0000C06B5161}, Name: Icon, Value: "C:\Program Files\CodeMeter\Runtime\bin\CmRmtAct64.dll",0
Key: HKEY_LOCAL_MACHINE\Software\WIBU-SYSTEMS\Shell Extension\01.00\Setting\0011\{00020006-0000-1100-8005-0000C06B5161}, Name: Wbc, Value: 
Key: HKEY_LOCAL_MACHINE\Software\WIBU-SYSTEMS\Shell Extension\01.00\Setting\0011\{00020008-0000-1100-8005-0000C06B5161}, Name: , Value: CodeMeter modified context file
Key: HKEY_LOCAL_MACHINE\Software\WIBU-SYSTEMS\Shell Extension\01.00\Setting\0011\{00020008-0000-1100-8005-0000C06B5161}, Name: Icon, Value: "C:\Program Files\CodeMeter\Runtime\bin\CmRmtAct64.dll",2
Key: HKEY_LOCAL_MACHINE\Software\WIBU-SYSTEMS\Shell Extension\01.00\Setting\0011\{00020008-0000-1100-8005-0000C06B5161}, Name: Wbc, Value: 
Key: HKEY_LOCAL_MACHINE\Software\WIBU-SYSTEMS\Shell Extension\01.00\Setting\0011\{00070001-0000-1101-8005-0000C06B5161}\Open, Name: CmdStd, Value: 
Key: HKEY_LOCAL_MACHINE\Software\WIBU-SYSTEMS\Shell Extension\01.00\Setting\0011\{00070001-0000-1101-8005-0000C06B5161}, Name: , Value: CmAct License File
Key: HKEY_LOCAL_MACHINE\Software\WIBU-SYSTEMS\Shell Extension\01.00\Setting\0011\{00070001-0000-1101-8005-0000C06B5161}, Name: Icon, Value: "C:\Program Files\CodeMeter\Runtime\bin\CmRmtAct64.dll",3
Key: HKEY_LOCAL_MACHINE\Software\WIBU-SYSTEMS\Shell Extension\01.00\Setting\0011\{00070001-0000-1101-8005-0000C06B5161}, Name: Wbb, Value: 
Key: HKEY_LOCAL_MACHINE\Software\WIBU-SYSTEMS\Shell Extension\01.00\Setting\0011\{00070001-0000-1101-8005-0000C06B5161}\Open, Name: Ask, Value: Do you want to import the License File?
Key: HKEY_LOCAL_MACHINE\Software\WIBU-SYSTEMS\Shell Extension\01.00\Setting\0011\{00070001-0000-1101-8005-0000C06B5161}\Open, Name: Command, Value: "C:\Program Files\CodeMeter\Runtime\bin\CodeMeterCC.exe" "%1"
Key: HKEY_LOCAL_MACHINE\Software\WIBU-SYSTEMS\Shell Extension\01.00\Setting\0011\{00070001-0000-1101-8005-0000C06B5161}\Open, Name: CmdMenu, Value: 
Key: HKEY_LOCAL_MACHINE\Software\WIBU-SYSTEMS\Shell Extension\01.00\Setting\0019\.WibuCmRaC, Name: Ref, Value: {00020006-0000-1100-8005-0000C06B5161}
Key: HKEY_LOCAL_MACHINE\Software\WIBU-SYSTEMS\Shell Extension\01.00\Setting\0019\.WibuCmRaM, Name: Ref, Value: {00020008-0000-1100-8005-0000C06B5161}
Key: HKEY_LOCAL_MACHINE\Software\WIBU-SYSTEMS\Shell Extension\01.00\Setting\0019\{00020006-0000-1100-8005-0000C06B5161}\Menu\1, Name: , Value: Update from CmDongle
Key: HKEY_LOCAL_MACHINE\Software\WIBU-SYSTEMS\Shell Extension\01.00\Setting\0019\{00020006-0000-1100-8005-0000C06B5161}\Menu\1, Name: Command, Value: rundll32.exe "C:\Program Files\CodeMeter\Runtime\bin\CmRmtAct64.dll",CmShellGetRemoteContext "%1"
Key: HKEY_LOCAL_MACHINE\Software\WIBU-SYSTEMS\Shell Extension\01.00\Setting\0019\{00020006-0000-1100-8005-0000C06B5161}\Menu\1, Name: Help, Value: Transfer current CmDongle(s) contents into this file
Key: HKEY_LOCAL_MACHINE\Software\WIBU-SYSTEMS\Shell Extension\01.00\Setting\0019\{00020006-0000-1100-8005-0000C06B5161}\New, Name: , Value: CmDongle Remote Programming Context file
Key: HKEY_LOCAL_MACHINE\Software\WIBU-SYSTEMS\Shell Extension\01.00\Setting\0019\{00020006-0000-1100-8005-0000C06B5161}\New, Name: Command, Value: rundll32.exe "C:\Program Files\CodeMeter\Runtime\bin\CmRmtAct64.dll",CmShellGetRemoteContext "%1"
Key: HKEY_LOCAL_MACHINE\Software\WIBU-SYSTEMS\Shell Extension\01.00\Setting\0019\{00020006-0000-1100-8005-0000C06B5161}\New, Name: FileName, Value: MyCmDongle.WibuCmRaC
Key: HKEY_LOCAL_MACHINE\Software\WIBU-SYSTEMS\Shell Extension\01.00\Setting\0019\{00020006-0000-1100-8005-0000C06B5161}\New, Name: Options, Value: 
Key: HKEY_LOCAL_MACHINE\Software\WIBU-SYSTEMS\Shell Extension\01.00\Setting\0019\{00020006-0000-1100-8005-0000C06B5161}\Open, Name: CmdMenu, Value: 
Key: HKEY_LOCAL_MACHINE\Software\WIBU-SYSTEMS\Shell Extension\01.00\Setting\0019\{00020006-0000-1100-8005-0000C06B5161}\Open, Name: Ask, Value: Do you want to transfer current CmDongle(s) contents into the file\n%1?
Key: HKEY_LOCAL_MACHINE\Software\WIBU-SYSTEMS\Shell Extension\01.00\Setting\0019\{00020006-0000-1100-8005-0000C06B5161}, Name: , Value: CodeMeter Remote Activation Context
Key: HKEY_LOCAL_MACHINE\Software\WIBU-SYSTEMS\Shell Extension\01.00\Setting\0019\{00020006-0000-1100-8005-0000C06B5161}, Name: Icon, Value: "C:\Program Files\CodeMeter\Runtime\bin\CmRmtAct64.dll",0
Key: HKEY_LOCAL_MACHINE\Software\WIBU-SYSTEMS\Shell Extension\01.00\Setting\0019\{00020006-0000-1100-8005-0000C06B5161}, Name: Wbc, Value: 
Key: HKEY_LOCAL_MACHINE\Software\WIBU-SYSTEMS\Shell Extension\01.00\Setting\0019\{00020008-0000-1100-8005-0000C06B5161}, Name: , Value: CodeMeter modified context file
Key: HKEY_LOCAL_MACHINE\Software\WIBU-SYSTEMS\Shell Extension\01.00\Setting\0019\{00020008-0000-1100-8005-0000C06B5161}, Name: Icon, Value: "C:\Program Files\CodeMeter\Runtime\bin\CmRmtAct64.dll",2
Key: HKEY_LOCAL_MACHINE\Software\WIBU-SYSTEMS\Shell Extension\01.00\Setting\0019\{00020008-0000-1100-8005-0000C06B5161}, Name: Wbc, Value: 
Key: HKEY_LOCAL_MACHINE\Software\WIBU-SYSTEMS\Shell Extension\01.00\Setting\0019\{00070001-0000-1101-8005-0000C06B5161}\Open, Name: CmdStd, Value: 
Key: HKEY_LOCAL_MACHINE\Software\WIBU-SYSTEMS\Shell Extension\01.00\Setting\0019\{00070001-0000-1101-8005-0000C06B5161}, Name: , Value: CmAct License File
Key: HKEY_LOCAL_MACHINE\Software\WIBU-SYSTEMS\Shell Extension\01.00\Setting\0019\{00070001-0000-1101-8005-0000C06B5161}, Name: Icon, Value: "C:\Program Files\CodeMeter\Runtime\bin\CmRmtAct64.dll",3
Key: HKEY_LOCAL_MACHINE\Software\WIBU-SYSTEMS\Shell Extension\01.00\Setting\0019\{00070001-0000-1101-8005-0000C06B5161}, Name: Wbb, Value: 
Key: HKEY_LOCAL_MACHINE\Software\WIBU-SYSTEMS\Shell Extension\01.00\Setting\0019\{00070001-0000-1101-8005-0000C06B5161}\Open, Name: Ask, Value: Do you want to import the License File?
Key: HKEY_LOCAL_MACHINE\Software\WIBU-SYSTEMS\Shell Extension\01.00\Setting\0019\{00070001-0000-1101-8005-0000C06B5161}\Open, Name: Command, Value: "C:\Program Files\CodeMeter\Runtime\bin\CodeMeterCC.exe" "%1"
Key: HKEY_LOCAL_MACHINE\Software\WIBU-SYSTEMS\Shell Extension\01.00\Setting\0019\{00070001-0000-1101-8005-0000C06B5161}\Open, Name: CmdMenu, Value: 
Key: HKEY_LOCAL_MACHINE\SYSTEM\CurrentControlSet\Services\EventLog\Application\CodeMeter Runtime Server, Name: EventMessageFile, Value: C:\Program Files\CodeMeter\Runtime\bin\CodeMeter.exe
Key: HKEY_LOCAL_MACHINE\SYSTEM\CurrentControlSet\Services\EventLog\Application\CodeMeter Runtime Server, Name: TypesSupported, Value: 
Key: HKEY_LOCAL_MACHINE\SOFTWARE\CodeMeterCC\Capabilities, Name: ApplicationDescription, Value: CodeMeter Control Center
Key: HKEY_LOCAL_MACHINE\SOFTWARE\CodeMeterCC\Capabilities, Name: ApplicationIcon, Value: C:\Program Files\CodeMeter\Runtime\bin\CodeMeterCC.exe,0
Key: HKEY_LOCAL_MACHINE\SOFTWARE\CodeMeterCC\Capabilities, Name: ApplicationName, Value: CodeMeterCC
Key: HKEY_LOCAL_MACHINE\SOFTWARE\CodeMeterCC\Capabilities\DefaultIcon, Name: , Value: C:\Program Files\CodeMeter\Runtime\bin\CodeMeterCC.exe,1
Key: HKEY_LOCAL_MACHINE\SOFTWARE\CodeMeterCC\Capabilities\shell\Open\command, Name: , Value: "C:\Program Files\CodeMeter\Runtime\bin\CodeMeterCC.exe" "%1"
Key: HKEY_LOCAL_MACHINE\SOFTWARE\RegisteredApplications, Name: CodeMeterCC, Value: SOFTWARE\CodeMeterCC\Capabilities
Key: HKEY_LOCAL_MACHINE\SOFTWARE\Microsoft\Windows\CurrentVersion\App Paths\CodeMeterCC.exe, Name: , Value: C:\PROG~FBU\CODE~F0J\Runtime\bin\CODE~RM4.EXE
Key: HKEY_LOCAL_MACHINE\SOFTWARE\Microsoft\Windows\CurrentVersion\App Paths\CodeMeterCC.exe, Name: Path, Value: C:\Program Files\CodeMeter\Runtime\bin\
Key: HKEY_LOCAL_MACHINE\SOFTWARE\Classes\Applications\CodeMeterCC.exe\shell\open, Name: FriendlyAppName, Value: CodeMeterCC
Key: HKEY_LOCAL_MACHINE\SOFTWARE\CodeMeterCC\Capabilities\FileAssociations, Name: .WibuCmLiF, Value: CodeMeterCC.WibuCmLiF
Key: HKEY_LOCAL_MACHINE\SOFTWARE\CodeMeterCC\Capabilities\MIMEAssociations, Name: application/WibuCmLiF, Value: CodeMeterCC.WibuCmLiF
Key: HKEY_LOCAL_MACHINE\SOFTWARE\Classes\Applications\CodeMeterCC.exe\SupportedTypes, Name: .WibuCmLiF, Value: 
Key: HKEY_LOCAL_MACHINE\SOFTWARE\Classes\CodeMeterCC.WibuCmLiF, Name: FriendlyTypeName, Value: Wibu-Systems CodeMeter License Information File
Key: HKEY_CLASSES_ROOT\CodeMeterCC.WibuCmLiF\shell\open, Name: , Value: open
Key: HKEY_CLASSES_ROOT\CodeMeterCC.WibuCmLiF\shell\open\command, Name: , Value: "C:\Program Files\CodeMeter\Runtime\bin\CodeMeterCC.exe" "%1"
Key: HKEY_CLASSES_ROOT\MIME\Database\Content Type\application/WibuCmLiF, Name: Extension, Value: .WibuCmLiF
Key: HKEY_CLASSES_ROOT\.WibuCmLiF, Name: , Value: CodeMeterCC.WibuCmLiF
Key: HKEY_CLASSES_ROOT\.WibuCmLiF, Name: Content Type, Value: application/WibuCmLiF
Key: HKEY_CLASSES_ROOT\CodeMeterCC.WibuCmLiF, Name: , Value: Wibu-Systems CodeMeter License Information File
Key: HKEY_CLASSES_ROOT\CodeMeterCC.WibuCmLiF\DefaultIcon, Name: , Value: "C:\Program Files\CodeMeter\Runtime\bin\CodeMeterCC.exe",1
Key: HKEY_LOCAL_MACHINE\SOFTWARE\CodeMeterCC\Capabilities\FileAssociations, Name: .WibuCmRaU, Value: CodeMeterCC.WibuCmRaU
Key: HKEY_LOCAL_MACHINE\SOFTWARE\CodeMeterCC\Capabilities\MIMEAssociations, Name: application/WibuCmRaU, Value: CodeMeterCC.WibuCmRaU
Key: HKEY_LOCAL_MACHINE\SOFTWARE\Classes\Applications\CodeMeterCC.exe\SupportedTypes, Name: .WibuCmRaU, Value: 
Key: HKEY_LOCAL_MACHINE\SOFTWARE\Classes\CodeMeterCC.WibuCmRaU, Name: FriendlyTypeName, Value: Wibu-Systems CodeMeter Receipt File
Key: HKEY_CLASSES_ROOT\CodeMeterCC.WibuCmRaU\shell\open, Name: , Value: open
Key: HKEY_CLASSES_ROOT\CodeMeterCC.WibuCmRaU\shell\open\command, Name: , Value: "C:\Program Files\CodeMeter\Runtime\bin\CodeMeterCC.exe" "%1"
Key: HKEY_CLASSES_ROOT\MIME\Database\Content Type\application/WibuCmRaU, Name: Extension, Value: .WibuCmRaU
Key: HKEY_CLASSES_ROOT\.WibuCmRaU, Name: , Value: CodeMeterCC.WibuCmRaU
Key: HKEY_CLASSES_ROOT\.WibuCmRaU, Name: Content Type, Value: application/WibuCmRaU
Key: HKEY_CLASSES_ROOT\CodeMeterCC.WibuCmRaU, Name: , Value: Wibu-Systems CodeMeter Receipt File
Key: HKEY_CLASSES_ROOT\CodeMeterCC.WibuCmRaU\DefaultIcon, Name: , Value: "C:\Program Files\CodeMeter\Runtime\bin\CodeMeterCC.exe",1
Key: HKEY_LOCAL_MACHINE\SOFTWARE\CodeMeterCC\Capabilities\FileAssociations, Name: .WibuCmRaR, Value: CodeMeterCC.WibuCmRaR
Key: HKEY_LOCAL_MACHINE\SOFTWARE\CodeMeterCC\Capabilities\MIMEAssociations, Name: application/WibuCmRaR, Value: CodeMeterCC.WibuCmRaR
Key: HKEY_LOCAL_MACHINE\SOFTWARE\Classes\Applications\CodeMeterCC.exe\SupportedTypes, Name: .WibuCmRaR, Value: 
Key: HKEY_LOCAL_MACHINE\SOFTWARE\Classes\CodeMeterCC.WibuCmRaR, Name: FriendlyTypeName, Value: Wibu-Systems CodeMeter Update File
Key: HKEY_CLASSES_ROOT\CodeMeterCC.WibuCmRaR\shell\open, Name: , Value: open
Key: HKEY_CLASSES_ROOT\CodeMeterCC.WibuCmRaR\shell\open\command, Name: , Value: "C:\Program Files\CodeMeter\Runtime\bin\CodeMeterCC.exe" "%1"
Key: HKEY_CLASSES_ROOT\MIME\Database\Content Type\application/WibuCmRaR, Name: Extension, Value: .WibuCmRaR
Key: HKEY_CLASSES_ROOT\.WibuCmRaR, Name: , Value: CodeMeterCC.WibuCmRaR
Key: HKEY_CLASSES_ROOT\.WibuCmRaR, Name: Content Type, Value: application/WibuCmRaR
Key: HKEY_CLASSES_ROOT\CodeMeterCC.WibuCmRaR, Name: , Value: Wibu-Systems CodeMeter Update File
Key: HKEY_CLASSES_ROOT\CodeMeterCC.WibuCmRaR\DefaultIcon, Name: , Value: "C:\Program Files\CodeMeter\Runtime\bin\CodeMeterCC.exe",1
Key: HKEY_LOCAL_MACHINE\SOFTWARE\CodeMeterCC\Capabilities\MIMEAssociations, Name: application/wbb, Value: CodeMeterCC.wbb
Key: HKEY_LOCAL_MACHINE\SOFTWARE\Classes\Applications\CodeMeterCC.exe\SupportedTypes, Name: .wbb, Value: 
Key: HKEY_LOCAL_MACHINE\SOFTWARE\Classes\CodeMeterCC.wbb, Name: FriendlyTypeName, Value: Wibu-Systems binary file
Key: HKEY_CLASSES_ROOT\CodeMeterCC.wbb\shell\open, Name: , Value: open
Key: HKEY_CLASSES_ROOT\CodeMeterCC.wbb\shell\open\command, Name: , Value: "C:\Program Files\CodeMeter\Runtime\bin\CodeMeterCC.exe" "%1"
Key: HKEY_CLASSES_ROOT\MIME\Database\Content Type\application/wbb, Name: Extension, Value: .wbb
Key: HKEY_CLASSES_ROOT\.wbb, Name: , Value: CodeMeterCC.wbb
Key: HKEY_CLASSES_ROOT\.wbb, Name: Content Type, Value: application/wbb
Key: HKEY_CLASSES_ROOT\CodeMeterCC.wbb, Name: , Value: Wibu-Systems binary file
Key: HKEY_CLASSES_ROOT\CodeMeterCC.wbb\DefaultIcon, Name: , Value: "C:\Program Files\CodeMeter\Runtime\bin\CodeMeterCC.exe",1
Key: HKEY_LOCAL_MACHINE\SOFTWARE\WIBU-SYSTEMS\CodeMeter\Server\CurrentVersion, Name: +, Value: 
Key: HKEY_LOCAL_MACHINE\SOFTWARE\WIBU-SYSTEMS\CodeMeter, Name: +, Value: 
Key: HKEY_LOCAL_MACHINE\SYSTEM\CurrentControlSet\Services\SharedAccess\Parameters\FirewallPolicy\DomainProfile\AuthorizedApplications\List, Name: C:\Program Files (x86)\CodeMeter\Runtime\bin\CodeMeter.exe, Value: C:\Program Files (x86)\CodeMeter\Runtime\bin\CodeMeter.exe:*:Enabled:CodeMeter Runtime Server
Key: HKEY_LOCAL_MACHINE\SYSTEM\CurrentControlSet\Services\SharedAccess\Parameters\FirewallPolicy\StandardProfile\AuthorizedApplications\List, Name: C:\Program Files (x86)\CodeMeter\Runtime\bin\CodeMeter.exe, Value: C:\Program Files (x86)\CodeMeter\Runtime\bin\CodeMeter.exe:*:Enabled:CodeMeter Runtime Server
Key: HKEY_LOCAL_MACHINE\SYSTEM\CurrentControlSet\Services\SharedAccess\Parameters\FirewallPolicy, Name: +, Value: 
Action ended 12:07:04: WriteRegistryValues. Return value 1.
Action 12:07:04: SelfRegModules. Registering modules
Action start 12:07:04: SelfRegModules.
File: WibuCmTrigger32.dll.A961A077_4BD0_4C98_86BC_EE4A98CE550D, Folder: BIN.A961A077_4BD0_4C98_86BC_EE4A98CE550D
File: WibuCmTrigger64.dll.1992E333_D17A_448B_8484_ED047109D182, Folder: BIN64.1992E333_D17A_448B_8484_ED047109D182
Action ended 12:07:04: SelfRegModules. Return value 1.
Action 12:07:04: InstallServices. Installing new services
Action start 12:07:04: InstallServices.
Action ended 12:07:04: InstallServices. Return value 1.
Action 12:07:04: ExecSecureObjects_64. 
Action start 12:07:04: ExecSecureObjects_64.
Action ended 12:07:04: ExecSecureObjects_64. Return value 1.
Action 12:07:04: StartServices. Starting services
Action start 12:07:04: StartServices.
Service: CmWebAdmin
Action ended 12:07:04: StartServices. Return value 1.
Action 12:07:04: RegisterUser. Registering user
Action start 12:07:04: RegisterUser.

Action ended 12:07:04: RegisterUser. Return value 1.
Action 12:07:04: RegisterProduct. Registering product
Action start 12:07:04: RegisterProduct.
{F5234E0C-A06D-4404-8175-DCF5F9CFC337}
Action ended 12:07:04: RegisterProduct. Return value 1.
Action 12:07:04: MsiPublishAssemblies. Publishing assembly information
Action start 12:07:04: MsiPublishAssemblies.
Application Context:, Assembly Name:policy.2.0.WibuCmNET,fileVersion="3.34.190.500",version="3.34.190.500",culture="neutral",publicKeyToken="01D86E1EB0C69C23"
Application Context:, Assembly Name:policy.2.1.WibuCmNET,fileVersion="3.34.190.500",version="3.34.190.500",culture="neutral",publicKeyToken="01D86E1EB0C69C23"
Application Context:, Assembly Name:policy.2.10.WibuCmNET,fileVersion="3.34.190.500",version="3.34.190.500",culture="neutral",publicKeyToken="01D86E1EB0C69C23"
Application Context:, Assembly Name:policy.2.20.WibuCmNET,fileVersion="3.34.190.500",version="3.34.190.500",culture="neutral",publicKeyToken="01D86E1EB0C69C23"
Application Context:, Assembly Name:policy.3.0.WibuCmNET,fileVersion="3.34.190.500",version="3.34.190.500",culture="neutral",publicKeyToken="01D86E1EB0C69C23"
Application Context:, Assembly Name:policy.3.20.WibuCmNET,fileVersion="3.34.190.500",version="3.34.190.500",culture="neutral",publicKeyToken="01D86E1EB0C69C23"
Application Context:, Assembly Name:policy.3.30.WibuCmNET,fileVersion="3.34.190.500",version="3.34.190.500",culture="neutral",publicKeyToken="01D86E1EB0C69C23"
Application Context:, Assembly Name:policy.3.31.WibuCmNET,fileVersion="3.34.190.500",version="3.34.190.500",culture="neutral",publicKeyToken="01D86E1EB0C69C23"
Application Context:, Assembly Name:policy.3.32.WibuCmNET,fileVersion="3.34.190.500",version="3.34.190.500",culture="neutral",publicKeyToken="01D86E1EB0C69C23"
Application Context:, Assembly Name:policy.3.33.WibuCmNET,fileVersion="3.34.190.500",version="3.34.190.500",culture="neutral",publicKeyToken="01D86E1EB0C69C23"
Application Context:, Assembly Name:WibuCmNET,fileVersion="3.34.190.500",version="3.34.190.500",culture="neutral",publicKeyToken="01D86E1EB0C69C23"
Application Context:, Assembly Name:WibuCmNET.resources,fileVersion="3.34.190.500",version="3.34.190.500",culture="de",publicKeyToken="01D86E1EB0C69C23"
Application Context:, Assembly Name:WibuCmNET.resources,fileVersion="3.34.190.500",version="3.34.190.500",culture="it",publicKeyToken="01D86E1EB0C69C23"
Application Context:, Assembly Name:WibuCmNET.resources,fileVersion="3.34.190.500",version="3.34.190.500",culture="fr",publicKeyToken="01D86E1EB0C69C23"
Application Context:, Assembly Name:WibuCmNET.resources,fileVersion="3.34.190.500",version="3.34.190.500",culture="ja",publicKeyToken="01D86E1EB0C69C23"
Application Context:, Assembly Name:WibuCmNET.resources,fileVersion="3.34.190.500",version="3.34.190.500",culture="zh-CHS",publicKeyToken="01D86E1EB0C69C23"
Application Context:, Assembly Name:policy.4.0.WibuCmNET,fileVersion="6.40.228.501",version="6.40.228.501",culture="neutral",publicKeyToken="01D86E1EB0C69C23"
Application Context:, Assembly Name:policy.4.0.WibuCmNET,fileVersion="8.40.7120.501",version="8.40.7120.501",culture="neutral",publicKeyToken="01D86E1EB0C69C23",processorArchitecture="MSIL"
Application Context:, Assembly Name:policy.4.1.WibuCmNET,fileVersion="6.40.228.501",version="6.40.228.501",culture="neutral",publicKeyToken="01D86E1EB0C69C23"
Application Context:, Assembly Name:policy.4.1.WibuCmNET,fileVersion="8.40.7120.501",version="8.40.7120.501",culture="neutral",publicKeyToken="01D86E1EB0C69C23",processorArchitecture="MSIL"
Application Context:, Assembly Name:policy.4.10.WibuCmNET,fileVersion="6.40.228.501",version="6.40.228.501",culture="neutral",publicKeyToken="01D86E1EB0C69C23"
Application Context:, Assembly Name:policy.4.10.WibuCmNET,fileVersion="8.40.7120.501",version="8.40.7120.501",culture="neutral",publicKeyToken="01D86E1EB0C69C23",processorArchitecture="MSIL"
Application Context:, Assembly Name:policy.4.20.WibuCmNET,fileVersion="6.40.228.501",version="6.40.228.501",culture="neutral",publicKeyToken="01D86E1EB0C69C23"
Application Context:, Assembly Name:policy.4.20.WibuCmNET,fileVersion="8.40.7120.501",version="8.40.7120.501",culture="neutral",publicKeyToken="01D86E1EB0C69C23",processorArchitecture="MSIL"
Application Context:, Assembly Name:policy.4.30.WibuCmNET,fileVersion="6.40.228.501",version="6.40.228.501",culture="neutral",publicKeyToken="01D86E1EB0C69C23"
Application Context:, Assembly Name:policy.4.30.WibuCmNET,fileVersion="8.40.7120.501",version="8.40.7120.501",culture="neutral",publicKeyToken="01D86E1EB0C69C23",processorArchitecture="MSIL"
Application Context:, Assembly Name:policy.4.40.WibuCmNET,fileVersion="6.40.228.501",version="6.40.228.501",culture="neutral",publicKeyToken="01D86E1EB0C69C23"
Application Context:, Assembly Name:policy.4.40.WibuCmNET,fileVersion="8.40.7120.501",version="8.40.7120.501",culture="neutral",publicKeyToken="01D86E1EB0C69C23",processorArchitecture="MSIL"
Application Context:, Assembly Name:policy.4.50.WibuCmNET,fileVersion="6.40.228.501",version="6.40.228.501",culture="neutral",publicKeyToken="01D86E1EB0C69C23"
Application Context:, Assembly Name:policy.4.50.WibuCmNET,fileVersion="8.40.7120.501",version="8.40.7120.501",culture="neutral",publicKeyToken="01D86E1EB0C69C23",processorArchitecture="MSIL"
Application Context:, Assembly Name:policy.5.0.WibuCmNET,fileVersion="6.40.228.501",version="6.40.228.501",culture="neutral",publicKeyToken="01D86E1EB0C69C23"
Application Context:, Assembly Name:policy.5.0.WibuCmNET,fileVersion="8.40.7120.501",version="8.40.7120.501",culture="neutral",publicKeyToken="01D86E1EB0C69C23",processorArchitecture="MSIL"
Application Context:, Assembly Name:policy.5.10.WibuCmNET,fileVersion="6.40.228.501",version="6.40.228.501",culture="neutral",publicKeyToken="01D86E1EB0C69C23"
Application Context:, Assembly Name:policy.5.10.WibuCmNET,fileVersion="8.40.7120.501",version="8.40.7120.501",culture="neutral",publicKeyToken="01D86E1EB0C69C23",processorArchitecture="MSIL"
Application Context:, Assembly Name:policy.5.20.WibuCmNET,fileVersion="6.40.228.501",version="6.40.228.501",culture="neutral",publicKeyToken="01D86E1EB0C69C23"
Application Context:, Assembly Name:policy.5.20.WibuCmNET,fileVersion="8.40.7120.501",version="8.40.7120.501",culture="neutral",publicKeyToken="01D86E1EB0C69C23",processorArchitecture="MSIL"
Application Context:, Assembly Name:policy.5.21.WibuCmNET,fileVersion="6.40.228.501",version="6.40.228.501",culture="neutral",publicKeyToken="01D86E1EB0C69C23"
Application Context:, Assembly Name:policy.5.21.WibuCmNET,fileVersion="8.40.7120.501",version="8.40.7120.501",culture="neutral",publicKeyToken="01D86E1EB0C69C23",processorArchitecture="MSIL"
Application Context:, Assembly Name:policy.5.22.WibuCmNET,fileVersion="6.40.228.501",version="6.40.228.501",culture="neutral",publicKeyToken="01D86E1EB0C69C23"
Application Context:, Assembly Name:policy.5.22.WibuCmNET,fileVersion="8.40.7120.501",version="8.40.7120.501",culture="neutral",publicKeyToken="01D86E1EB0C69C23",processorArchitecture="MSIL"
Application Context:, Assembly Name:policy.6.0.WibuCmNET,fileVersion="6.40.228.501",version="6.40.228.501",culture="neutral",publicKeyToken="01D86E1EB0C69C23"
Application Context:, Assembly Name:policy.6.0.WibuCmNET,fileVersion="8.40.7120.501",version="8.40.7120.501",culture="neutral",publicKeyToken="01D86E1EB0C69C23",processorArchitecture="MSIL"
Application Context:, Assembly Name:policy.6.10.WibuCmNET,fileVersion="6.40.228.501",version="6.40.228.501",culture="neutral",publicKeyToken="01D86E1EB0C69C23"
Application Context:, Assembly Name:policy.6.10.WibuCmNET,fileVersion="8.40.7120.501",version="8.40.7120.501",culture="neutral",publicKeyToken="01D86E1EB0C69C23",processorArchitecture="MSIL"
Application Context:, Assembly Name:policy.6.20.WibuCmNET,fileVersion="6.40.228.501",version="6.40.228.501",culture="neutral",publicKeyToken="01D86E1EB0C69C23"
Application Context:, Assembly Name:policy.6.20.WibuCmNET,fileVersion="8.40.7120.501",version="8.40.7120.501",culture="neutral",publicKeyToken="01D86E1EB0C69C23",processorArchitecture="MSIL"
Application Context:, Assembly Name:policy.6.30.WibuCmNET,fileVersion="6.40.228.501",version="6.40.228.501",culture="neutral",publicKeyToken="01D86E1EB0C69C23"
Application Context:, Assembly Name:policy.6.30.WibuCmNET,fileVersion="8.40.7120.501",version="8.40.7120.501",culture="neutral",publicKeyToken="01D86E1EB0C69C23",processorArchitecture="MSIL"
Application Context:, Assembly Name:policy.6.40.WibuCmNET,fileVersion="6.40.228.501",version="6.40.228.501",culture="neutral",publicKeyToken="01D86E1EB0C69C23"
Application Context:, Assembly Name:policy.6.40.WibuCmNET,fileVersion="8.40.7120.501",version="8.40.7120.501",culture="neutral",publicKeyToken="01D86E1EB0C69C23",processorArchitecture="MSIL"
Application Context:, Assembly Name:policy.6.50.WibuCmNET,fileVersion="8.40.7120.501",version="8.40.7120.501",culture="neutral",publicKeyToken="01D86E1EB0C69C23",processorArchitecture="MSIL"
Application Context:, Assembly Name:policy.6.60.WibuCmNET,fileVersion="8.40.7120.501",version="8.40.7120.501",culture="neutral",publicKeyToken="01D86E1EB0C69C23",processorArchitecture="MSIL"
Application Context:, Assembly Name:policy.6.70.WibuCmNET,fileVersion="8.40.7120.501",version="8.40.7120.501",culture="neutral",publicKeyToken="01D86E1EB0C69C23",processorArchitecture="MSIL"
Application Context:, Assembly Name:policy.6.80.WibuCmNET,fileVersion="8.40.7120.501",version="8.40.7120.501",culture="neutral",publicKeyToken="01D86E1EB0C69C23",processorArchitecture="MSIL"
Application Context:, Assembly Name:policy.6.81.WibuCmNET,fileVersion="8.40.7120.501",version="8.40.7120.501",culture="neutral",publicKeyToken="01D86E1EB0C69C23",processorArchitecture="MSIL"
Application Context:, Assembly Name:policy.6.90.WibuCmNET,fileVersion="8.40.7120.501",version="8.40.7120.501",culture="neutral",publicKeyToken="01D86E1EB0C69C23",processorArchitecture="MSIL"
Application Context:, Assembly Name:policy.7.0.WibuCmNET,fileVersion="8.40.7120.501",version="8.40.7120.501",culture="neutral",publicKeyToken="01D86E1EB0C69C23",processorArchitecture="MSIL"
Application Context:, Assembly Name:policy.7.10.WibuCmNET,fileVersion="8.40.7120.501",version="8.40.7120.501",culture="neutral",publicKeyToken="01D86E1EB0C69C23",processorArchitecture="MSIL"
Application Context:, Assembly Name:policy.7.20.WibuCmNET,fileVersion="8.40.7120.501",version="8.40.7120.501",culture="neutral",publicKeyToken="01D86E1EB0C69C23",processorArchitecture="MSIL"
Application Context:, Assembly Name:policy.7.21.WibuCmNET,fileVersion="8.40.7120.501",version="8.40.7120.501",culture="neutral",publicKeyToken="01D86E1EB0C69C23",processorArchitecture="MSIL"
Application Context:, Assembly Name:policy.7.22.WibuCmNET,fileVersion="8.40.7120.501",version="8.40.7120.501",culture="neutral",publicKeyToken="01D86E1EB0C69C23",processorArchitecture="MSIL"
Application Context:, Assembly Name:policy.7.30.WibuCmNET,fileVersion="8.40.7120.501",version="8.40.7120.501",culture="neutral",publicKeyToken="01D86E1EB0C69C23",processorArchitecture="MSIL"
Application Context:, Assembly Name:policy.7.40.WibuCmNET,fileVersion="8.40.7120.501",version="8.40.7120.501",culture="neutral",publicKeyToken="01D86E1EB0C69C23",processorArchitecture="MSIL"
Application Context:, Assembly Name:policy.7.50.WibuCmNET,fileVersion="8.40.7120.501",version="8.40.7120.501",culture="neutral",publicKeyToken="01D86E1EB0C69C23",processorArchitecture="MSIL"
Application Context:, Assembly Name:policy.7.51.WibuCmNET,fileVersion="8.40.7120.501",version="8.40.7120.501",culture="neutral",publicKeyToken="01D86E1EB0C69C23",processorArchitecture="MSIL"
Application Context:, Assembly Name:policy.7.60.WibuCmNET,fileVersion="8.40.7120.501",version="8.40.7120.501",culture="neutral",publicKeyToken="01D86E1EB0C69C23",processorArchitecture="MSIL"
Application Context:, Assembly Name:policy.7.61.WibuCmNET,fileVersion="8.40.7120.501",version="8.40.7120.501",culture="neutral",publicKeyToken="01D86E1EB0C69C23",processorArchitecture="MSIL"
Application Context:, Assembly Name:policy.8.0.WibuCmNET,fileVersion="8.40.7120.501",version="8.40.7120.501",culture="neutral",publicKeyToken="01D86E1EB0C69C23",processorArchitecture="MSIL"
Application Context:, Assembly Name:policy.8.10.WibuCmNET,fileVersion="8.40.7120.501",version="8.40.7120.501",culture="neutral",publicKeyToken="01D86E1EB0C69C23",processorArchitecture="MSIL"
Application Context:, Assembly Name:policy.8.20.WibuCmNET,fileVersion="8.40.7120.501",version="8.40.7120.501",culture="neutral",publicKeyToken="01D86E1EB0C69C23",processorArchitecture="MSIL"
Application Context:, Assembly Name:policy.8.30.WibuCmNET,fileVersion="8.40.7120.501",version="8.40.7120.501",culture="neutral",publicKeyToken="01D86E1EB0C69C23",processorArchitecture="MSIL"
Application Context:, Assembly Name:policy.8.40.WibuCmNET,fileVersion="8.40.7120.501",version="8.40.7120.501",culture="neutral",publicKeyToken="01D86E1EB0C69C23",processorArchitecture="MSIL"
Application Context:, Assembly Name:WibuCmNET,fileVersion="6.40.228.501",version="6.40.228.501",culture="neutral",publicKeyToken="01D86E1EB0C69C23"
Application Context:, Assembly Name:WibuCmNET.resources,fileVersion="6.40.228.501",version="6.40.228.501",culture="de",publicKeyToken="01D86E1EB0C69C23"
Application Context:, Assembly Name:WibuCmNET.resources,fileVersion="6.40.228.501",version="6.40.228.501",culture="it",publicKeyToken="01D86E1EB0C69C23"
Application Context:, Assembly Name:WibuCmNET.resources,fileVersion="6.40.228.501",version="6.40.228.501",culture="fr",publicKeyToken="01D86E1EB0C69C23"
Application Context:, Assembly Name:WibuCmNET.resources,fileVersion="6.40.228.501",version="6.40.228.501",culture="es",publicKeyToken="01D86E1EB0C69C23"
Application Context:, Assembly Name:WibuCmNET.resources,fileVersion="6.40.228.501",version="6.40.228.501",culture="ru",publicKeyToken="01D86E1EB0C69C23"
Application Context:, Assembly Name:WibuCmNET.resources,fileVersion="6.40.228.501",version="6.40.228.501",culture="nl",publicKeyToken="01D86E1EB0C69C23"
Application Context:, Assembly Name:WibuCmNET.resources,fileVersion="6.40.228.501",version="6.40.228.501",culture="ja",publicKeyToken="01D86E1EB0C69C23"
Application Context:, Assembly Name:WibuCmNET.resources,fileVersion="6.40.228.501",version="6.40.228.501",culture="zh-CHS",publicKeyToken="01D86E1EB0C69C23"
Application Context:, Assembly Name:WibuCmNET,fileVersion="8.40.7120.501",version="8.40.7120.501",culture="neutral",publicKeyToken="01D86E1EB0C69C23",processorArchitecture="MSIL"
Action ended 12:07:04: MsiPublishAssemblies. Return value 1.
Action 12:07:04: PublishFeatures. Publishing Product Features
Action start 12:07:04: PublishFeatures.
Feature: DotNET_Modules
Feature: EnableNetworkServer
Feature: Complete
Feature: WibuShellExtension
Feature: User_Help
Feature: AutomaticServerSearch
Feature: AccessToWebAdmin
Action ended 12:07:04: PublishFeatures. Return value 1.
Action 12:07:04: PublishProduct. Publishing product information
Action start 12:07:04: PublishProduct.
1: {F5234E0C-A06D-4404-8175-DCF5F9CFC337} 
Action ended 12:07:05: PublishProduct. Return value 1.
Action ended 12:07:05: InstallExecute. Return value 1.
Action 12:07:05: MakeCmu32SymlinkOn64Bit. 
Action start 12:07:05: MakeCmu32SymlinkOn64Bit.
Action ended 12:07:05: MakeCmu32SymlinkOn64Bit. Return value 1.
Action 12:07:05: MakeCmu32NearCmu64SymlinkOn64Bit. 
Action start 12:07:05: MakeCmu32NearCmu64SymlinkOn64Bit.
Action ended 12:07:05: MakeCmu32NearCmu64SymlinkOn64Bit. Return value 1.
Action 12:07:05: SetUpdateFirewallRemoveCmd. 
Action start 12:07:05: SetUpdateFirewallRemoveCmd.
Action ended 12:07:05: SetUpdateFirewallRemoveCmd. Return value 1.
Action 12:07:05: SetUpdateFirewallRemoveCmRtSvrCmd. 
Action start 12:07:05: SetUpdateFirewallRemoveCmRtSvrCmd.
Action ended 12:07:05: SetUpdateFirewallRemoveCmRtSvrCmd. Return value 1.
Action 12:07:05: UpdateFirewallRemoveCmRtSvr. 
Action start 12:07:05: UpdateFirewallRemoveCmRtSvr.
Action ended 12:07:05: UpdateFirewallRemoveCmRtSvr. Return value 1.
Action 12:07:05: SetUpdateFirewallRemoveWebAdmCmd. 
Action start 12:07:05: SetUpdateFirewallRemoveWebAdmCmd.
Action ended 12:07:05: SetUpdateFirewallRemoveWebAdmCmd. Return value 1.
Action 12:07:05: UpdateFirewallRemoveWebAdm. 
Action start 12:07:05: UpdateFirewallRemoveWebAdm.
Action ended 12:07:05: UpdateFirewallRemoveWebAdm. Return value 1.
Action 12:07:05: UpdateFirewallRemove. 
Action start 12:07:05: UpdateFirewallRemove.
Action ended 12:07:05: UpdateFirewallRemove. Return value 1.
Action 12:07:05: SetInstCmSvcCmd_WCA.1992E333_D17A_448B_8484_ED047109D182. 
Action start 12:07:05: SetInstCmSvcCmd_WCA.1992E333_D17A_448B_8484_ED047109D182.
Action ended 12:07:05: SetInstCmSvcCmd_WCA.1992E333_D17A_448B_8484_ED047109D182. Return value 1.
Action 12:07:05: InstCmSvcCmd_WCA.1992E333_D17A_448B_8484_ED047109D182. 
Action start 12:07:05: InstCmSvcCmd_WCA.1992E333_D17A_448B_8484_ED047109D182.
Action ended 12:07:05: InstCmSvcCmd_WCA.1992E333_D17A_448B_8484_ED047109D182. Return value 1.
Action 12:07:05: SetStartCmSvcCmd_WCA.1992E333_D17A_448B_8484_ED047109D182. 
Action start 12:07:05: SetStartCmSvcCmd_WCA.1992E333_D17A_448B_8484_ED047109D182.
Action ended 12:07:05: SetStartCmSvcCmd_WCA.1992E333_D17A_448B_8484_ED047109D182. Return value 1.
Action 12:07:05: StartCmSvcCmd_WCA.1992E333_D17A_448B_8484_ED047109D182. 
Action start 12:07:05: StartCmSvcCmd_WCA.1992E333_D17A_448B_8484_ED047109D182.
Action ended 12:07:05: StartCmSvcCmd_WCA.1992E333_D17A_448B_8484_ED047109D182. Return value 1.
Action 12:07:05: InstallFinalize. 
Action start 12:07:05: InstallFinalize.
Action 12:07:05: MakeCmu32SymlinkOn64Bit. 
Action start 12:07:05: MakeCmu32SymlinkOn64Bit.
Action ended 12:07:05: MakeCmu32SymlinkOn64Bit. Return value 1.
Action 12:07:05: MakeCmu32NearCmu64SymlinkOn64Bit. 
Action start 12:07:05: MakeCmu32NearCmu64SymlinkOn64Bit.
Action ended 12:07:05: MakeCmu32NearCmu64SymlinkOn64Bit. Return value 1.
Action 12:07:05: UpdateFirewallRemoveCmRtSvr. 
Action start 12:07:05: UpdateFirewallRemoveCmRtSvr.
Action ended 12:07:05: UpdateFirewallRemoveCmRtSvr. Return value 1.
Action 12:07:05: UpdateFirewallRemoveWebAdm. 
Action start 12:07:05: UpdateFirewallRemoveWebAdm.
Action ended 12:07:05: UpdateFirewallRemoveWebAdm. Return value 1.
Action 12:07:05: UpdateFirewallRemove. 
Action start 12:07:05: UpdateFirewallRemove.
Action ended 12:07:06: UpdateFirewallRemove. Return value 1.
Action 12:07:06: InstCmSvcCmd_WCA.1992E333_D17A_448B_8484_ED047109D182. 
Action start 12:07:06: InstCmSvcCmd_WCA.1992E333_D17A_448B_8484_ED047109D182.
Action ended 12:07:11: InstCmSvcCmd_WCA.1992E333_D17A_448B_8484_ED047109D182. Return value 1.
Action 12:07:11: StartCmSvcCmd_WCA.1992E333_D17A_448B_8484_ED047109D182. 
Action start 12:07:11: StartCmSvcCmd_WCA.1992E333_D17A_448B_8484_ED047109D182.
WixQuietExec64:  The CodeMeter Runtime Server service is starting.
WixQuietExec64:  Service already running.
WixQuietExec64:  Error 0x80070001: Command line returned an error.
WixQuietExec64:  Error 0x80070001: QuietExec64 Failed
WixQuietExec64:  Error 0x80070001: Failed in ExecCommon method
Action ended 12:07:12: StartCmSvcCmd_WCA.1992E333_D17A_448B_8484_ED047109D182. Return value 1.
Action ended 12:07:12: InstallFinalize. Return value 1.
Action 12:07:12: CA_Prop_SetSERVICERUNNING2.1992E333_D17A_448B_8484_ED047109D182. 
Action start 12:07:12: CA_Prop_SetSERVICERUNNING2.1992E333_D17A_448B_8484_ED047109D182.
Action ended 12:07:12: CA_Prop_SetSERVICERUNNING2.1992E333_D17A_448B_8484_ED047109D182. Return value 1.
Action 12:07:12: CA_Prop_SVCCodeMeter.1992E333_D17A_448B_8484_ED047109D182. 
Action start 12:07:12: CA_Prop_SVCCodeMeter.1992E333_D17A_448B_8484_ED047109D182.
Action ended 12:07:12: CA_Prop_SVCCodeMeter.1992E333_D17A_448B_8484_ED047109D182. Return value 1.
Action 12:07:12: IsCodeMeterRunning64.1992E333_D17A_448B_8484_ED047109D182. 
Action start 12:07:12: IsCodeMeterRunning64.1992E333_D17A_448B_8484_ED047109D182.
IsServiceRunning:   Initialized IsServiceRunning().
IsServiceRunning:   Checking if service 'CodeMeter.exe' is running.
IsServiceRunning:   Service is running.
Action ended 12:07:12: IsCodeMeterRunning64.1992E333_D17A_448B_8484_ED047109D182. Return value 1.
Action 12:07:12: CA_Prop_ResultCodeMeter.1992E333_D17A_448B_8484_ED047109D182. 
Action start 12:07:12: CA_Prop_ResultCodeMeter.1992E333_D17A_448B_8484_ED047109D182.
Action ended 12:07:12: CA_Prop_ResultCodeMeter.1992E333_D17A_448B_8484_ED047109D182. Return value 1.
Action 12:07:12: CA_Prop_NonElevatedParams64.1992E333_D17A_448B_8484_ED047109D182. 
Action start 12:07:12: CA_Prop_NonElevatedParams64.1992E333_D17A_448B_8484_ED047109D182.
Action ended 12:07:12: CA_Prop_NonElevatedParams64.1992E333_D17A_448B_8484_ED047109D182. Return value 1.
Action 12:07:12: CA_Prop_NonElevated64.1992E333_D17A_448B_8484_ED047109D182. 
Action start 12:07:12: CA_Prop_NonElevated64.1992E333_D17A_448B_8484_ED047109D182.
Action ended 12:07:12: CA_Prop_NonElevated64.1992E333_D17A_448B_8484_ED047109D182. Return value 1.
Action 12:07:12: Start_CodeMeterCC64.1992E333_D17A_448B_8484_ED047109D182. 
Action start 12:07:12: Start_CodeMeterCC64.1992E333_D17A_448B_8484_ED047109D182.
RunNonElevatedCCC:   Initialized RunNonElevatedCCC().
RunNonElevatedCCC:   Searching CodeMeter path in registry.
RunNonElevatedCCC:   CodeMeterCC.exe found - trying to run non elevated.
RunNonElevatedCCC:   RunNonElevatedCCC failed!
Action ended 12:07:12: Start_CodeMeterCC64.1992E333_D17A_448B_8484_ED047109D182. Return value 1.
Action ended 12:07:12: INSTALL. Return value 1.
1: CodeMeter Runtime Kit v8.40a 2: {F5234E0C-A06D-4404-8175-DCF5F9CFC337} 3: 1 
Property(S): DiskPrompt = CodeMeter Runtime Kit v8.40a Installation 
Property(S): UpgradeCode = {CA3262B1-A5FA-4AC8-A3F0-72873B23C30C}
Property(S): WixRollbackFirewallExceptionsInstall = 1?CodeMeterFWExP22350UDP?2147483647?*?1?2?C:\Program Files\CodeMeter\Runtime\bin\CodeMeter.exe?22350?-2147450863?
Property(S): WixExecFirewallExceptionsInstall = 1?CodeMeterFWExP22350UDP?2147483647?*?1?2?C:\Program Files\CodeMeter\Runtime\bin\CodeMeter.exe?22350?-2147450863?
Property(S): NETFRAMEWORK40FULL = #1
Property(S): NETFRAMEWORK40CLIENT = #1
Property(S): NETFRAMEWORK45 = #528049
Property(S): WIXNETFX4RELEASEINSTALLED = #528049
Property(S): OS_CURRENTBUILD32 = 19045
Property(S): OS_CURRENTBUILD64 = 19045
Property(S): OS_INSTALLATIONTYPE32 = Client
Property(S): OS_INSTALLATIONTYPE64 = Client
Property(S): CM_REG_ISNETWORKSERVER_32 = #0
Property(S): CM_REG_REMOTEREAD_32 = #0
Property(S): CM_REG_ISNETWORKSERVER_64 = #0
Property(S): CM_REG_REMOTEREAD_64 = #0
Property(S): TARGETDIR = C:\
Property(S): FWINSTALLDIR = C:\
Property(S): WixUIRMOption = UseRM
Property(S): ALLUSERS = 1
Property(S): USERNAME = asdf
Property(S): ARPINSTALLLOCATION = C:\Program Files\CodeMeter\
Property(S): MSIRMSHUTDOWN = 1
Property(S): WIX_IS_NETFRAMEWORK_45_OR_LATER_INSTALLED = 1
Property(S): Bmp_Dialog = DialogBmp_bright
Property(S): Bmp_Banner = BannerBmp_bright
Property(S): UI_Ico_Exclamation = ExclamationIco_bright
Property(S): UI_Ico_Info = InfoIco_bright
Property(S): UI_Ico_New = NewIco_bright
Property(S): UI_Ico_Up = UpIco_bright
Property(S): DlgTitleFont = {&WixUI_Font_Title_Bright}
Property(S): DlgBiggerFont = {&WixUI_Font_Bigger_Bright}
Property(S): DlgTitleDescriptionFont = {&Font_DescriptionRGB_Bright}
Property(S): DlgDefaultFont = {&WixUI_Font_Normal_Bright}
Property(S): DlgEmphasizedFont = {&WixUI_Font_Emphasized_Bright}
Property(S): DefaultUIFont = WixUI_Font_Normal_Bright
Property(S): IS_WIN70 = 0
Property(S): IS_WIN80 = 0
Property(S): IS_WIN81 = 0
Property(S): IS_WIN10 = 1
Property(S): IS_WIN11 = 0
Property(S): IS_WINSERVER2016 = 0
Property(S): IS_WINSERVER2019 = 0
Property(S): IS_WINSERVER2022 = 0
Property(S): CM_OS_NAME = Windows 10
Property(S): UpdateFirewallRemove = "netsh" advfirewall firewall delete rule name="CodeMeterFWEx1"
Property(S): UpdateFirewallRemoveWebAdm = "netsh" advfirewall firewall delete rule name="CmWebAdminFWEx1"
Property(S): UpdateFirewallRemoveCmRtSvr = "netsh" advfirewall firewall delete rule name="CodeMeter Runtime Server"
Property(S): CM_ISUNINSTALL = no
Property(S): SystemFolder = C:\windows\syswow64\
Property(S): System64Folder = C:\windows\system32\
Property(S): APPLICATIONFOLDER = C:\Program Files\CodeMeter\
Property(S): ProgramFiles64Folder = C:\Program Files\
Property(S): SourceDir = Z:\run\media\asdf\Windows\mastercam-media\SetupPrerequisites\
Property(S): BIN_cmu = C:\Program Files\CodeMeter\Runtime\bin\
Property(S): Runtime_cmu = C:\Program Files\CodeMeter\Runtime\
Property(S): VersionNT = 603
Property(S): CM_ArchitectureInfo = (Win64 / x64)
Property(S): CM_ApplicationFolderName = CodeMeter Runtime Kit v8.40a
Property(S): WixAppFolder = WixPerMachineFolder
Property(S): ARPCOMMENTS = WIBU-SYSTEMS AG
Property(S): ARPCONTACT = support@wibu.com
Property(S): ARPPRODUCTICON = CodeMeter_ico
Property(S): ARPHELPLINK = www.wibu.com
Property(S): ARPREADME = www.wibu.com
Property(S): ARPURLINFOABOUT = www.wibu.com
Property(S): ARPURLUPDATEINFO = www.wibu.com
Property(S): ARPHELPTELEPHONE = ++49-721-93172-0
Property(S): ARPAUTHORIZEDCDFPREFIX = www.wibu.com
Property(S): ARPSIZE = 3
Property(S): Manufacturer = WIBU-SYSTEMS AG
Property(S): ProductCode = {F5234E0C-A06D-4404-8175-DCF5F9CFC337}
Property(S): ProductLanguage = 1033
Property(S): ProductName = CodeMeter Runtime Kit v8.40a
Property(S): ProductVersion = 8.40.7120.501
Property(S): Bmp_Dialog_bright = DialogBmp_bright
Property(S): Bmp_Banner_bright = BannerBmp_bright
Property(S): UIExclamationIco_bright = ExclamationIco_bright
Property(S): UIInfoIco_bright = InfoIco_bright
Property(S): UINewIco_bright = NewIco_bright
Property(S): UIUpIco_bright = UpIco_bright
Property(S): DlgTitleFont_bright = {&WixUI_Font_Title_Bright}
Property(S): DlgBiggerFont_bright = {&WixUI_Font_Bigger_Bright}
Property(S): DlgTitleDescriptionFont_bright = {&Font_DescriptionRGB_Bright}
Property(S): DlgDefaultFont_bright = {&WixUI_Font_Normal_Bright}
Property(S): DlgEmphasizedFont_bright = {&WixUI_Font_Emphasized_Bright}
Property(S): WarningFont_bright = {&Font_WarningRGB_Bright}
Property(S): DlgTitleFont_dark = {&WixUI_Font_Title_Dark}
Property(S): DlgBiggerFont_dark = {&WixUI_Font_Bigger_Dark}
Property(S): DlgTitleDescriptionFont_dark = {&Font_DescriptionRGB_Dark}
Property(S): DlgDefaultFont_dark = {&WixUI_Font_Normal_Dark}
Property(S): DlgEmphasizedFont_dark = {&WixUI_Font_Emphasized_Dark}
Property(S): WixUI_Mode = FeatureTree
Property(S): ErrorDialog = ErrorDlg
Property(S): CM_HIDE_WEBADMIN = no
Property(S): SecureCustomProperties = CM_HIDE_WEBADMIN;CM_REG_ISNETWORKSERVER_32;CM_REG_ISNETWORKSERVER_64;CM_REG_REMOTEREAD_32;CM_REG_REMOTEREAD_64;MSIRMSHUTDOWN;NETFRAMEWORK10;NETFRAMEWORK11;NETFRAMEWORK20;NETFRAMEWORK30;NETFRAMEWORK35;NETFRAMEWORK40CLIENT;NETFRAMEWORK40FULL;NETFRAMEWORK45;NEWERFOUND;PREVIOUSFOUND;PROP_CM_ISUPDLWR430;PROP_CM_ISUPDLWR500;PROP_CM_ISUPDLWR760;SELFFOUND;WIX_IS_NETFRAMEWORK_45_OR_LATER_INSTALLED;WIXNETFX4RELEASEINSTALLED
Property(S): BIN.A961A077_4BD0_4C98_86BC_EE4A98CE550D = C:\Program Files (x86)\CodeMeter\Runtime\bin\
Property(S): Runtime.A961A077_4BD0_4C98_86BC_EE4A98CE550D = C:\Program Files (x86)\CodeMeter\Runtime\
Property(S): SystemFolder.A961A077_4BD0_4C98_86BC_EE4A98CE550D = C:\windows\syswow64\
Property(S): CMINSTALLDIR.A961A077_4BD0_4C98_86BC_EE4A98CE550D = C:\
Property(S): CodeMeter.A961A077_4BD0_4C98_86BC_EE4A98CE550D = C:\Program Files (x86)\CodeMeter\
Property(S): ProgramFilesFolder.A961A077_4BD0_4C98_86BC_EE4A98CE550D = C:\Program Files (x86)\
Property(S): PROCARCH_CHK.A961A077_4BD0_4C98_86BC_EE4A98CE550D = AMD64
Property(S): PROP_CHK_ISSDK.A961A077_4BD0_4C98_86BC_EE4A98CE550D = no
Property(S): CM_RTFIRST64.A961A077_4BD0_4C98_86BC_EE4A98CE550D = 8.00.5967.500
Property(S): CM_RTCHECK_430.A961A077_4BD0_4C98_86BC_EE4A98CE550D = 4.30.0.0
Property(S): CM_RUNTIMETOINSTALL.A961A077_4BD0_4C98_86BC_EE4A98CE550D = 8.40.7120.501
Property(S): CMINSTALLDIR.1992E333_D17A_448B_8484_ED047109D182 = C:\
Property(S): System64Folder.1992E333_D17A_448B_8484_ED047109D182 = C:\windows\system32\
Property(S): CodeMeterCmnApp.1992E333_D17A_448B_8484_ED047109D182 = C:\ProgramData\CodeMeter\
Property(S): BackupCmnApp.1992E333_D17A_448B_8484_ED047109D182 = C:\ProgramData\CodeMeter\Backup\
Property(S): LogsCmnApp.1992E333_D17A_448B_8484_ED047109D182 = C:\ProgramData\CodeMeter\Logs\
Property(S): CmActCmnApp.1992E333_D17A_448B_8484_ED047109D182 = C:\ProgramData\CodeMeter\CmAct\
Property(S): CmCloudCmnApp.1992E333_D17A_448B_8484_ED047109D182 = C:\ProgramData\CodeMeter\CmCloud\
Property(S): Runtime64.1992E333_D17A_448B_8484_ED047109D182 = C:\Program Files\CodeMeter\Runtime\
Property(S): BIN64.1992E333_D17A_448B_8484_ED047109D182 = C:\Program Files\CodeMeter\Runtime\bin\
Property(S): Runtime_WA64.1992E333_D17A_448B_8484_ED047109D182 = C:\Program Files\CodeMeter\Runtime\
Property(S): BIN_WA64.1992E333_D17A_448B_8484_ED047109D182 = C:\Program Files\CodeMeter\Runtime\bin\
Property(S): D_Plugins__CmReady.1992E333_D17A_448B_8484_ED047109D182 = C:\Program Files\Common Files\WIBU Shared\Plugins\
Property(S): D_CmReady.1992E333_D17A_448B_8484_ED047109D182 = C:\Program Files\Common Files\WIBU Shared\Plugins\CmReady\
Property(S): D_OpenSourceDoku_help.1992E333_D17A_448B_8484_ED047109D182 = C:\Program Files\CodeMeter\Runtime\help\
Property(S): D_OpenSourceDoku_ver.1992E333_D17A_448B_8484_ED047109D182 = C:\Program Files\CodeMeter\Runtime\help\8.40a\
Property(S): CodeMeter1_64.1992E333_D17A_448B_8484_ED047109D182 = C:\users\asdf\AppData\Roaming\Microsoft\Windows\Start Menu\Programs\CodeMeter\
Property(S): Tools_64.1992E333_D17A_448B_8484_ED047109D182 = C:\users\asdf\AppData\Roaming\Microsoft\Windows\Start Menu\Programs\CodeMeter\Tools\
Property(S): ProgramMenuFolder.1992E333_D17A_448B_8484_ED047109D182 = C:\users\asdf\AppData\Roaming\Microsoft\Windows\Start Menu\Programs\
Property(S): CommonFiles64Folder.1992E333_D17A_448B_8484_ED047109D182 = C:\Program Files\Common Files\
Property(S): StartupFolder.1992E333_D17A_448B_8484_ED047109D182 = C:\users\asdf\AppData\Roaming\Microsoft\Windows\Start Menu\Programs\StartUp\
Property(S): CommonAppDataFolder.1992E333_D17A_448B_8484_ED047109D182 = C:\ProgramData\
Property(S): CodeMeter64.1992E333_D17A_448B_8484_ED047109D182 = C:\Program Files\CodeMeter\
Property(S): ProgramFiles64Folder.1992E333_D17A_448B_8484_ED047109D182 = C:\Program Files\
Property(S): Runtime.1992E333_D17A_448B_8484_ED047109D182 = C:\Program Files (x86)\CodeMeter\Runtime\
Property(S): BIN.1992E333_D17A_448B_8484_ED047109D182 = C:\Program Files (x86)\CodeMeter\Runtime\bin\
Property(S): CodeMeter.1992E333_D17A_448B_8484_ED047109D182 = C:\Program Files (x86)\CodeMeter\
Property(S): ProgramFilesFolder.1992E333_D17A_448B_8484_ED047109D182 = C:\Program Files (x86)\
Property(S): CodeMeter_WA64.1992E333_D17A_448B_8484_ED047109D182 = C:\Program Files\CodeMeter\
Property(S): ProgramFiles64Folder_WA.1992E333_D17A_448B_8484_ED047109D182 = C:\Program Files\
Property(S): D_WIBU_Shared_CmReady.1992E333_D17A_448B_8484_ED047109D182 = C:\Program Files\Common Files\WIBU Shared\
Property(S): CommonFiles64Folder_CmReady.1992E333_D17A_448B_8484_ED047109D182 = C:\Program Files\Common Files\
Property(S): StopCmSvcCmd_WCA.1992E333_D17A_448B_8484_ED047109D182 = "C:\windows\system32\net.exe" stop CodeMeter.exe /Y
Property(S): InstCmSvcCmd_WCA.1992E333_D17A_448B_8484_ED047109D182 = "C:\Program Files\CodeMeter\Runtime\bin\CodeMeter.exe" -i
Property(S): StartCmSvcCmd_WCA.1992E333_D17A_448B_8484_ED047109D182 = "C:\windows\system32\net.exe" start CodeMeter.exe /Y
Property(S): PROCARCH_CHK.1992E333_D17A_448B_8484_ED047109D182 = AMD64
Property(S): PFFOLDER_32.1992E333_D17A_448B_8484_ED047109D182 = C:\Program Files (x86)
Property(S): CAPPDFOLDER_32.1992E333_D17A_448B_8484_ED047109D182 = C:\ProgramData
Property(S): CM_REG_EXEPATH.1992E333_D17A_448B_8484_ED047109D182 = C:\Program Files (x86)\CodeMeter\Runtime\bin
Property(S): CM_REG_HELPFILE.1992E333_D17A_448B_8484_ED047109D182 = C:\Program Files (x86)\CodeMeter\Runtime\help\8.40a
Property(S): CM_REG_LOGPATH.1992E333_D17A_448B_8484_ED047109D182 = C:\ProgramData\CodeMeter\Logs
Property(S): CM_REG_STARTALWAYS.1992E333_D17A_448B_8484_ED047109D182 = #1
Property(S): CM_REG_USEUMSDA.1992E333_D17A_448B_8484_ED047109D182 = #1
Property(S): CM_REG_HTTPP_REMOTEWRITE.1992E333_D17A_448B_8484_ED047109D182 = #0
Property(S): PFFOLDER_64.1992E333_D17A_448B_8484_ED047109D182 = C:\Program Files
Property(S): CAPPDFOLDER_64.1992E333_D17A_448B_8484_ED047109D182 = C:\ProgramData
Property(S): CM_REG_EXEPATH_64.1992E333_D17A_448B_8484_ED047109D182 = C:\Program Files\CodeMeter\Runtime\bin
Property(S): CM_REG_HELPFILE_64.1992E333_D17A_448B_8484_ED047109D182 = C:\Program Files\CodeMeter\Runtime\help\8.40a
Property(S): CM_REG_LOGPATH_64.1992E333_D17A_448B_8484_ED047109D182 = C:\ProgramData\CodeMeter\Logs
Property(S): CM_REG_STARTALWAYS_64.1992E333_D17A_448B_8484_ED047109D182 = #1
Property(S): CM_REG_USEUMSDA_64.1992E333_D17A_448B_8484_ED047109D182 = #1
Property(S): CM_REG_HTTPP_REMOTEWRITE_64.1992E333_D17A_448B_8484_ED047109D182 = #0
Property(S): OS_CURRENTBUILD32.1992E333_D17A_448B_8484_ED047109D182 = 19045
Property(S): OS_CURRENTBUILD64.1992E333_D17A_448B_8484_ED047109D182 = 19045
Property(S): OS_INSTALLATIONTYPE32.1992E333_D17A_448B_8484_ED047109D182 = Client
Property(S): OS_INSTALLATIONTYPE64.1992E333_D17A_448B_8484_ED047109D182 = Client
Property(S): PROP_CHK_ISSDK.1992E333_D17A_448B_8484_ED047109D182 = no
Property(S): CM_SERVICENAME.1992E333_D17A_448B_8484_ED047109D182 = CodeMeter.exe
Property(S): CM_SERVICERUNNING.1992E333_D17A_448B_8484_ED047109D182 = 1
Property(S): CM_PATHVAR.1992E333_D17A_448B_8484_ED047109D182 = set Path=%Path%;&&
Property(S): CM_RUNCMCC.1992E333_D17A_448B_8484_ED047109D182 = yes
Property(S): CM_IS_NEW_STDLOGS.1992E333_D17A_448B_8484_ED047109D182 = yes
Property(S): CM_IS_NEW_STDBACKUP.1992E333_D17A_448B_8484_ED047109D182 = yes
Property(S): CM_RETURNCODE.1992E333_D17A_448B_8484_ED047109D182 = 0
Property(S): IS_WIN70.1992E333_D17A_448B_8484_ED047109D182 = 0
Property(S): IS_WIN80.1992E333_D17A_448B_8484_ED047109D182 = 0
Property(S): IS_WIN81.1992E333_D17A_448B_8484_ED047109D182 = 0
Property(S): IS_WIN10.1992E333_D17A_448B_8484_ED047109D182 = 1
Property(S): IS_WIN11.1992E333_D17A_448B_8484_ED047109D182 = 0
Property(S): IS_WINSERVER2016.1992E333_D17A_448B_8484_ED047109D182 = 0
Property(S): IS_WINSERVER2019.1992E333_D17A_448B_8484_ED047109D182 = 0
Property(S): IS_WINSERVER2022.1992E333_D17A_448B_8484_ED047109D182 = 0
Property(S): CM_RTFIRST64.1992E333_D17A_448B_8484_ED047109D182 = 8.00.5967.500
Property(S): CM_RTCHECK_430.1992E333_D17A_448B_8484_ED047109D182 = 4.30.0.0
Property(S): CM_RUNTIMETOINSTALL.1992E333_D17A_448B_8484_ED047109D182 = 8.40.7120.501
Property(S): CM_SHORTCUTPATH.1992E333_D17A_448B_8484_ED047109D182 = http:\\localhost:22350
Property(S): CM_SHORTCUTPATH1.1992E333_D17A_448B_8484_ED047109D182 = index.html
Property(S): CM_DEF_LOGPATH.1992E333_D17A_448B_8484_ED047109D182 = C:\ProgramData\CodeMeter\Logs
Property(S): CM_REG_TIMESERVERURL1.1992E333_D17A_448B_8484_ED047109D182 = cmtime.codemeter.com
Property(S): CM_REG_TIMESERVERURL2.1992E333_D17A_448B_8484_ED047109D182 = cmtime.codemeter.us
Property(S): CM_REG_TIMESERVERURL3.1992E333_D17A_448B_8484_ED047109D182 = cmtime.codemeter.de
Property(S): CM_DEF_LOGPATH_64.1992E333_D17A_448B_8484_ED047109D182 = C:\ProgramData\CodeMeter\Logs
Property(S): CM_REG_TIMESERVERURL1_64.1992E333_D17A_448B_8484_ED047109D182 = cmtime.codemeter.com
Property(S): CM_REG_TIMESERVERURL2_64.1992E333_D17A_448B_8484_ED047109D182 = cmtime.codemeter.us
Property(S): CM_REG_TIMESERVERURL3_64.1992E333_D17A_448B_8484_ED047109D182 = cmtime.codemeter.de
Property(S): MsiHiddenProperties = ExecSecureObjects_64;ExecSecureObjectsRollback_64
Property(S): CM_RUN_NON_ELEVATED_PATH.1992E333_D17A_448B_8484_ED047109D182 = C:\Program Files\CodeMeter\Runtime\bin\CodeMeterCC.exe
Property(S): CM_RUN_NON_ELEVATED_PARAMS.1992E333_D17A_448B_8484_ED047109D182 = /q
Property(S): CM_CMSVC_RUNNING.1992E333_D17A_448B_8484_ED047109D182 = CodeMeter.exe
Property(S): CM_ISUNINSTALL.1992E333_D17A_448B_8484_ED047109D182 = no
Property(S): CM_PFFOLDER.1992E333_D17A_448B_8484_ED047109D182 = C:\Program Files (x86)\
Property(S): CM_CAPPDFOLDER.1992E333_D17A_448B_8484_ED047109D182 = C:\ProgramData\
Property(S): CM_OLD_CMACTPATH.1992E333_D17A_448B_8484_ED047109D182 = C:\Program Files (x86)\CodeMeter\CmAct
Property(S): CM_CMACTPATH.1992E333_D17A_448B_8484_ED047109D182 = C:\ProgramData\CodeMeter\CmAct
Property(S): CM_OLD_LOGPATH.1992E333_D17A_448B_8484_ED047109D182 = C:\Program Files (x86)\CodeMeter\Logs
Property(S): CM_OLD_LOGPATH_BS.1992E333_D17A_448B_8484_ED047109D182 = C:\Program Files (x86)\CodeMeter\Logs\
Property(S): CM_LOGPATH.1992E333_D17A_448B_8484_ED047109D182 = C:\ProgramData\CodeMeter\Logs
Property(S): CM_OLD_BACKUPPATH.1992E333_D17A_448B_8484_ED047109D182 = C:\Program Files (x86)\CodeMeter\Backup
Property(S): CM_OLD_BACKUPPATH_BS.1992E333_D17A_448B_8484_ED047109D182 = C:\Program Files (x86)\CodeMeter\Backup\
Property(S): CM_BACKUPPATH.1992E333_D17A_448B_8484_ED047109D182 = C:\ProgramData\CodeMeter\Backup
Property(S): CM_REG_BACKUPPATH.1992E333_D17A_448B_8484_ED047109D182 = C:\ProgramData\CodeMeter\Backup
Property(S): CM_REG_BACKUPPATH_64.1992E333_D17A_448B_8484_ED047109D182 = C:\ProgramData\CodeMeter\Backup
Property(S): ExecSecureObjects_64 = CodeMeter.exe?ServiceInstall??Everyone?16?CmWebAdmin.exe?ServiceInstall??Everyone?0
Property(S): CM_REG_NETWORKPORT.1992E333_D17A_448B_8484_ED047109D182 = #22350
Property(S): CM_OS_NAME.1992E333_D17A_448B_8484_ED047109D182 = Windows 10
Property(S): System.573670D2_95A5_4F72_BD6A_63FA56A6342E = C:\Program Files\WIBU-SYSTEMS\System\
Property(S): WIBUSYSTEMS.573670D2_95A5_4F72_BD6A_63FA56A6342E = C:\Program Files\WIBU-SYSTEMS\
Property(S): ProgramFiles64Folder.573670D2_95A5_4F72_BD6A_63FA56A6342E = C:\Program Files\
Property(S): CM_RUNTIMETOINSTALL.573670D2_95A5_4F72_BD6A_63FA56A6342E = 8.40.7120.501
Property(S): _36675BDFB7794BA1960FAB9A60541805.B396C8F9_0D03_4905_8867_D3D7030330FB = C:\
Property(S): _BDE921E53D204265BA4DCA4C36E5A17F.B396C8F9_0D03_4905_8867_D3D7030330FB = C:\
Property(S): _5A3DECFC992044E08C3EA70360A7474A.B396C8F9_0D03_4905_8867_D3D7030330FB = C:\
Property(S): _8F8096B1BF404E4E81346AAC2D672357.B396C8F9_0D03_4905_8867_D3D7030330FB = C:\
Property(S): _487B7CB146AB43EBB4F9EE99CEBE9AD3.B396C8F9_0D03_4905_8867_D3D7030330FB = C:\
Property(S): _3D19DFC9BCEB44588E378E2D38E43023.B396C8F9_0D03_4905_8867_D3D7030330FB = C:\
Property(S): _7A4B36ECD5154AEDA271AAAB3CF4A9C3.B396C8F9_0D03_4905_8867_D3D7030330FB = C:\
Property(S): _4F6274CB94AA4268BE6610442ADBF91D.B396C8F9_0D03_4905_8867_D3D7030330FB = C:\
Property(S): _0C9617C5B44B4C5C9C8945DA497A7E1B.B396C8F9_0D03_4905_8867_D3D7030330FB = C:\
Property(S): _937A72F4B834461FAB256A7D96E36816.B396C8F9_0D03_4905_8867_D3D7030330FB = C:\
Property(S): _D6FC215231A74138AF34E54F3F83B39F.B396C8F9_0D03_4905_8867_D3D7030330FB = C:\
Property(S): _A8D475B1B52A4BCB9F6DFAB63633EE34.B396C8F9_0D03_4905_8867_D3D7030330FB = C:\
Property(S): _A35D718A58914D0C9DCEA3F79F009847.B396C8F9_0D03_4905_8867_D3D7030330FB = C:\
Property(S): _7735A8BAB6E047B0B4B18EF72CF8D625.B396C8F9_0D03_4905_8867_D3D7030330FB = C:\
Property(S): _C8916F8389A74409823EABFEEF856F7C.B396C8F9_0D03_4905_8867_D3D7030330FB = C:\
Property(S): _0729192706BA4EB4A25BD0AB68189FAB.B396C8F9_0D03_4905_8867_D3D7030330FB = C:\
Property(S): _29C5C9C29863434BA22F838A4B6B9B24.B396C8F9_0D03_4905_8867_D3D7030330FB = C:\
Property(S): _DB1932C3135441ABB4366A625320EEC9.B396C8F9_0D03_4905_8867_D3D7030330FB = C:\
Property(S): _4A90ACF419E941B2B29F3B682A657539.B396C8F9_0D03_4905_8867_D3D7030330FB = C:\
Property(S): _DE59B22558E84BCCADEEB27AAFFD3293.B396C8F9_0D03_4905_8867_D3D7030330FB = C:\
Property(S): _D0C935E0C47E4572AFDC648FE50827BD.B396C8F9_0D03_4905_8867_D3D7030330FB = C:\
Property(S): _B1687738B8034BC58B2D3FE2710DE5BF.B396C8F9_0D03_4905_8867_D3D7030330FB = C:\_B1687738B8034BC58B2D3FE2710DE5BF\
Property(S): _36EC8F49C0A846F1AB9256006054926C.B396C8F9_0D03_4905_8867_D3D7030330FB = C:\
Property(S): _238C9EFB5E4346D98D58C57B7AAEEA77.B396C8F9_0D03_4905_8867_D3D7030330FB = C:\_238C9EFB5E4346D98D58C57B7AAEEA77\
Property(S): _006FDC0DA2774F12BBE7E9C05723C3B3.B396C8F9_0D03_4905_8867_D3D7030330FB = C:\
Property(S): _D868C6C1415545B0ADA27B3E4267E1A8.B396C8F9_0D03_4905_8867_D3D7030330FB = C:\_D868C6C1415545B0ADA27B3E4267E1A8\
Property(S): _454B61CE6CBB4692AA3ABE4CA5F09B63.B396C8F9_0D03_4905_8867_D3D7030330FB = C:\
Property(S): _6DE0165882A94BDB90CE4DDA2737AB45.B396C8F9_0D03_4905_8867_D3D7030330FB = C:\_6DE0165882A94BDB90CE4DDA2737AB45\
Property(S): _CAF19A5FD98340D6B68021C0E2A15B7E.B396C8F9_0D03_4905_8867_D3D7030330FB = C:\
Property(S): _EB13657A6EFE4A00B7D3B9AAD1071A0F.B396C8F9_0D03_4905_8867_D3D7030330FB = C:\_EB13657A6EFE4A00B7D3B9AAD1071A0F\
Property(S): _02498452CCD848F8A2D718C2D8D1A22B.B396C8F9_0D03_4905_8867_D3D7030330FB = C:\
Property(S): _2FAE5C0EE6BE4128BFAC3DCB5384C178.B396C8F9_0D03_4905_8867_D3D7030330FB = C:\_2FAE5C0EE6BE4128BFAC3DCB5384C178\
Property(S): _C2C11598DB874D8190E4359404C70565.B396C8F9_0D03_4905_8867_D3D7030330FB = C:\
Property(S): _49EA09E700F643309DFA68083AE3B90E.B396C8F9_0D03_4905_8867_D3D7030330FB = C:\
Property(S): _2800C743B689402A92ABBE9D5981CF11.B396C8F9_0D03_4905_8867_D3D7030330FB = C:\
Property(S): _CA8335B5312540C9A81212E99AECAA58.B396C8F9_0D03_4905_8867_D3D7030330FB = C:\
Property(S): _D6DE566CD56A4F70A58C266D9BC781C9.B396C8F9_0D03_4905_8867_D3D7030330FB = C:\
Property(S): _4395748C913244D382C61176FD44E375.B396C8F9_0D03_4905_8867_D3D7030330FB = C:\
Property(S): _065E9B10DBD44B00B23EC828E3135E22.B396C8F9_0D03_4905_8867_D3D7030330FB = C:\
Property(S): _A93DB616E1444FA2B6575440AD91EC22.B396C8F9_0D03_4905_8867_D3D7030330FB = C:\
Property(S): _5C7035BD666545B7AA93A0785CE10FAE.B396C8F9_0D03_4905_8867_D3D7030330FB = C:\
Property(S): _1798E0E42CFA472D9F2F651561539AF4.B396C8F9_0D03_4905_8867_D3D7030330FB = C:\
Property(S): _3904760BEEA84C2C86C46F6A0F7AE749.B396C8F9_0D03_4905_8867_D3D7030330FB = C:\
Property(S): _351706DE952A4194871D856EEF8D9B7B.B396C8F9_0D03_4905_8867_D3D7030330FB = C:\
Property(S): _6E7035BD666545B7AA93A0785CE10F9D.B396C8F9_0D03_4905_8867_D3D7030330FB = C:\
Property(S): _2898E0E42CFA472D9F2F651561539AE3.B396C8F9_0D03_4905_8867_D3D7030330FB = C:\
Property(S): _D8581FE2F1D64C36989ECADFB2AF46AA.B396C8F9_0D03_4905_8867_D3D7030330FB = C:\
Property(S): _BCCD80EF86ED49FFBAB0640AB976F85C.B396C8F9_0D03_4905_8867_D3D7030330FB = C:\
Property(S): _EBBB0164F96448F2BF66071E6268C618.B396C8F9_0D03_4905_8867_D3D7030330FB = C:\
Property(S): _C1A13D29F8CD452F9EC878A9D908A6AC.B396C8F9_0D03_4905_8867_D3D7030330FB = C:\
Property(S): _ECDADEC77A93488DB3268CC94621C786.B396C8F9_0D03_4905_8867_D3D7030330FB = C:\
Property(S): _2687A05C8D734CCFBC471B0C7ECA1204.B396C8F9_0D03_4905_8867_D3D7030330FB = C:\
Property(S): _43E8CB3701634A0B959B43ADE7B079D7.B396C8F9_0D03_4905_8867_D3D7030330FB = C:\
Property(S): _D76078CD01444B01B64CF4E4017444DF.B396C8F9_0D03_4905_8867_D3D7030330FB = C:\
Property(S): _E0E4307BED094382900E1BB3833E9501.B396C8F9_0D03_4905_8867_D3D7030330FB = C:\
Property(S): _E94448236CC345C796E9AB2A814F2E76.B396C8F9_0D03_4905_8867_D3D7030330FB = C:\
Property(S): _B9397B3E435748F6A0E590453D536D3D.B396C8F9_0D03_4905_8867_D3D7030330FB = C:\
Property(S): _9A557BC465B6423D927118F9C1D383CB.B396C8F9_0D03_4905_8867_D3D7030330FB = C:\
Property(S): _50FF08443E224C179EC524349855A4EA.B396C8F9_0D03_4905_8867_D3D7030330FB = C:\
Property(S): _EB1F31B0B77E476BBB1A00D05F33BB88.B396C8F9_0D03_4905_8867_D3D7030330FB = C:\
Property(S): _6a6f87fb86e9474f921c0244fab24356.B396C8F9_0D03_4905_8867_D3D7030330FB = C:\
Property(S): _6aad6053df064d229bca237cbb6fb176.B396C8F9_0D03_4905_8867_D3D7030330FB = C:\
Property(S): _1874c53edc2545158528d2186bb4c4ac.B396C8F9_0D03_4905_8867_D3D7030330FB = C:\
Property(S): _b8c5c1c23b664271bce60ecdf178c894.B396C8F9_0D03_4905_8867_D3D7030330FB = C:\
Property(S): _710f1f57944b400a9e3965c8856cc152.B396C8F9_0D03_4905_8867_D3D7030330FB = C:\
Property(S): _14ac7661aefa427dbcc03fb567098063.B396C8F9_0D03_4905_8867_D3D7030330FB = C:\
Property(S): _0354bbeba50e4443ae294e16ccd1fbb6.B396C8F9_0D03_4905_8867_D3D7030330FB = C:\
Property(S): _c2a130afa7e94ac0b807467c7c04e441.B396C8F9_0D03_4905_8867_D3D7030330FB = C:\
Property(S): _1eb0ffae17a54dd1bb60727e59b01cca.B396C8F9_0D03_4905_8867_D3D7030330FB = C:\
Property(S): _ffe86cee346443219740248b7ef0fe0b.B396C8F9_0D03_4905_8867_D3D7030330FB = C:\
Property(S): _237f656519394c0a8b2ed860a119499d.B396C8F9_0D03_4905_8867_D3D7030330FB = C:\
Property(S): _51bef933eef242848ed1b8826904c073.B396C8F9_0D03_4905_8867_D3D7030330FB = C:\
Property(S): _1c6c4285ed90494bafcc58b8ba56a89c.B396C8F9_0D03_4905_8867_D3D7030330FB = C:\
Property(S): _a36ac02edfe14e1e9ddc6930183c0ff1.B396C8F9_0D03_4905_8867_D3D7030330FB = C:\
Property(S): _06843e992bf140429585d1663b75230f.B396C8F9_0D03_4905_8867_D3D7030330FB = C:\
Property(S): _98de4524e66f4f2396abb8bf5ac6047e.B396C8F9_0D03_4905_8867_D3D7030330FB = C:\
Property(S): _90692c4ff5c7410199fe861ffc04a90b.B396C8F9_0D03_4905_8867_D3D7030330FB = C:\
Property(S): _b281bc1c86304930b8c028cd5eb66def.B396C8F9_0D03_4905_8867_D3D7030330FB = C:\
Property(S): _341788ae143f4f7d8c00eae55c7ad4ba.B396C8F9_0D03_4905_8867_D3D7030330FB = C:\
Property(S): _c3e9106d4f3b4124bef50edd3aea1358.B396C8F9_0D03_4905_8867_D3D7030330FB = C:\
Property(S): _0b2017379a114968a071986173f497f5.B396C8F9_0D03_4905_8867_D3D7030330FB = C:\
Property(S): _75df1af250f94ff6ac57091e7a5355a3.B396C8F9_0D03_4905_8867_D3D7030330FB = C:\
Property(S): _e60d6adab3b847a3aba0a19b9ed7acfd.B396C8F9_0D03_4905_8867_D3D7030330FB = C:\
Property(S): _ef800e9ba81d45c2bdf114d62ad16c98.B396C8F9_0D03_4905_8867_D3D7030330FB = C:\
Property(S): _c2c03c18abb74dd8bdaf3f9a939fe41f.B396C8F9_0D03_4905_8867_D3D7030330FB = C:\
Property(S): _269fcdb3e2f7453daebbe2ccbfab9008.B396C8F9_0D03_4905_8867_D3D7030330FB = C:\
Property(S): _1dc74c877e5044a78c602f668299915b.B396C8F9_0D03_4905_8867_D3D7030330FB = C:\
Property(S): _8c7916e6e28a46969c40a3fa534cf5fb.B396C8F9_0D03_4905_8867_D3D7030330FB = C:\
Property(S): _ae8aae06954a498b88766d2b5f611f6d.B396C8F9_0D03_4905_8867_D3D7030330FB = C:\
Property(S): _d58fa84791634284b1cf585cc2993016.B396C8F9_0D03_4905_8867_D3D7030330FB = C:\
Property(S): _84c49b288e9d47b68555a787877a63da.B396C8F9_0D03_4905_8867_D3D7030330FB = C:\
Property(S): _edf314609c6c41098005eb99f8bd3d18.B396C8F9_0D03_4905_8867_D3D7030330FB = C:\
Property(S): _26175a5d09ad48da99cca69d70553553.B396C8F9_0D03_4905_8867_D3D7030330FB = C:\
Property(S): _f8afe8a8b6164767af6c39365b0adad9.B396C8F9_0D03_4905_8867_D3D7030330FB = C:\
Property(S): _76ba478b703144a2adb7be5eb0459fc2.B396C8F9_0D03_4905_8867_D3D7030330FB = C:\
Property(S): _a86063a085044f2b9060c979efd2519d.B396C8F9_0D03_4905_8867_D3D7030330FB = C:\
Property(S): _88f618d4e23a4d51bca740eb1b75ea3c.B396C8F9_0D03_4905_8867_D3D7030330FB = C:\
Property(S): _43f52d7da0354d3fb35812f23ace2b7a.B396C8F9_0D03_4905_8867_D3D7030330FB = C:\
Property(S): _ccd74b078d754d599268cc8a4439d00b.B396C8F9_0D03_4905_8867_D3D7030330FB = C:\
Property(S): _e70c94a163584a9d9014dbdb8f07ce71.B396C8F9_0D03_4905_8867_D3D7030330FB = C:\
Property(S): _e7bcd1d5a6e04275b39ad6eac255afda.B396C8F9_0D03_4905_8867_D3D7030330FB = C:\
Property(S): _c1e76095e03241e78f7e7e9c83b84b4b.B396C8F9_0D03_4905_8867_D3D7030330FB = C:\
Property(S): _0bff6a2475b54943957054fb5d46531e.B396C8F9_0D03_4905_8867_D3D7030330FB = C:\
Property(S): _1dac32a82b4746d688f5d75ff44bbd7f.B396C8F9_0D03_4905_8867_D3D7030330FB = C:\
Property(S): _da70bcc4cf7f449e91478b1934a2877e.B396C8F9_0D03_4905_8867_D3D7030330FB = C:\
Property(S): _e5d7b40ef73a4dbea9ffe13d0455d2ce.B396C8F9_0D03_4905_8867_D3D7030330FB = C:\
Property(S): _ed7cd275c3e44331914107ac4cba93d3.B396C8F9_0D03_4905_8867_D3D7030330FB = C:\
Property(S): _d431342a75444893b27e0fa780759a76.B396C8F9_0D03_4905_8867_D3D7030330FB = C:\
Property(S): _771852d8248845719ec41f98052bf18f.B396C8F9_0D03_4905_8867_D3D7030330FB = C:\
Property(S): _5f66f942399a459a97632c2abb18432f.B396C8F9_0D03_4905_8867_D3D7030330FB = C:\
Property(S): _44b04f44a6de4ce484ab8f9d04df05cd.B396C8F9_0D03_4905_8867_D3D7030330FB = C:\
Property(S): _bf95d4338e4c4dd993d8fc3bcb22bc89.B396C8F9_0D03_4905_8867_D3D7030330FB = C:\
Property(S): _665ddd958d4742ceb0c214677564bce6.B396C8F9_0D03_4905_8867_D3D7030330FB = C:\
Property(S): _994be6ea0ea240d1b82057b25f10bfc1.B396C8F9_0D03_4905_8867_D3D7030330FB = C:\
Property(S): _b4892a8610bc47f494d298d657c6e79e.B396C8F9_0D03_4905_8867_D3D7030330FB = C:\
Property(S): _b084e0122a2149ac9293c22e02ff8f80.B396C8F9_0D03_4905_8867_D3D7030330FB = C:\
Property(S): _17b763dd89ff4b739e7d73eed9dfc3c5.B396C8F9_0D03_4905_8867_D3D7030330FB = C:\
Property(S): _c47d2247ae2a42d3b95f76db536ad356.B396C8F9_0D03_4905_8867_D3D7030330FB = C:\
Property(S): _3bb9d51885234d36b307004506e26718.B396C8F9_0D03_4905_8867_D3D7030330FB = C:\
Property(S): _a8207053aa9149db96dec1f7c40fb665.B396C8F9_0D03_4905_8867_D3D7030330FB = C:\
Property(S): _c0a662a147234fe9a3c7efcab52f5b96.B396C8F9_0D03_4905_8867_D3D7030330FB = C:\
Property(S): _2b8b31d7d5864a90a56b8040d62c52e5.B396C8F9_0D03_4905_8867_D3D7030330FB = C:\
Property(S): _2e6c28205b9a474c81815d0e5b802126.B396C8F9_0D03_4905_8867_D3D7030330FB = C:\
Property(S): _b9223612f04e4fdf9ea0f6761607d22f.B396C8F9_0D03_4905_8867_D3D7030330FB = C:\
Property(S): _d9d3f396ca0746328f2c1017fe9b6f54.B396C8F9_0D03_4905_8867_D3D7030330FB = C:\
Property(S): _36f7889d9f67453ab12a5e310b9a33b2.B396C8F9_0D03_4905_8867_D3D7030330FB = C:\
Property(S): _fb37372b7e7946269cf941a5dc7b0146.B396C8F9_0D03_4905_8867_D3D7030330FB = C:\
Property(S): _425077d56c284937b6897159ea16a77d.B396C8F9_0D03_4905_8867_D3D7030330FB = C:\
Property(S): _be8d9c6182c54dc19a044bb314444fdd.B396C8F9_0D03_4905_8867_D3D7030330FB = C:\
Property(S): _f9113d6deefb4fdfb0d63a22218803d7.B396C8F9_0D03_4905_8867_D3D7030330FB = C:\
Property(S): _92a3d017b4c841bfbb36047ee81c04ef.B396C8F9_0D03_4905_8867_D3D7030330FB = C:\
Property(S): _3a3f6a7a85e040d0b7a040145766c519.B396C8F9_0D03_4905_8867_D3D7030330FB = C:\
Property(S): _fe56ce1f08b046dcdb138926310cbf01.B396C8F9_0D03_4905_8867_D3D7030330FB = C:\
Property(S): _f07c8bdfa1beba58a2464b82562189a8.B396C8F9_0D03_4905_8867_D3D7030330FB = C:\
Property(S): _8bb6bf210297153a4c0ce5248e0f869d.B396C8F9_0D03_4905_8867_D3D7030330FB = C:\
Property(S): _5b4b8dd6659aa891f2b419531e8b011b.B396C8F9_0D03_4905_8867_D3D7030330FB = C:\
Property(S): _6a7ce268d59b34a45c3bd57fbc913530.B396C8F9_0D03_4905_8867_D3D7030330FB = C:\
Property(S): _5bea103d2ac3a18637f7256b583a5f10.B396C8F9_0D03_4905_8867_D3D7030330FB = C:\
Property(S): _e35ac6b8aedd1f819c1bb075bf743e52.B396C8F9_0D03_4905_8867_D3D7030330FB = C:\
Property(S): _c310f0ada6b2228f7db8c449583d2d15.B396C8F9_0D03_4905_8867_D3D7030330FB = C:\
Property(S): _3e7c228874c471aeb5ff1e022a9a3b4a.B396C8F9_0D03_4905_8867_D3D7030330FB = C:\
Property(S): _acd878340b92b94ca0e68ac6746603fb.B396C8F9_0D03_4905_8867_D3D7030330FB = C:\
Property(S): _604eb7ee8206a0df083e9a6eb6a06811.B396C8F9_0D03_4905_8867_D3D7030330FB = C:\
Property(S): _cac188037c73cdaf3c2fa0572f4c1324.B396C8F9_0D03_4905_8867_D3D7030330FB = C:\
Property(S): _2409cf29cc98ee987b2ad8bb6da5274f.B396C8F9_0D03_4905_8867_D3D7030330FB = C:\
Property(S): _22ddfa3ffb629f93a0e31fe67e207504.B396C8F9_0D03_4905_8867_D3D7030330FB = C:\
Property(S): _8501267be634c1f8dc39c1288592111f.B396C8F9_0D03_4905_8867_D3D7030330FB = C:\
Property(S): _8cc9070685304479385285ee1edeff06.B396C8F9_0D03_4905_8867_D3D7030330FB = C:\
Property(S): _b74b7a37e2bfa47041b4a2ac4e925f09.B396C8F9_0D03_4905_8867_D3D7030330FB = C:\
Property(S): _3310f8b7ef83372c5ebd4a4b26229f2d.B396C8F9_0D03_4905_8867_D3D7030330FB = C:\
Property(S): _5d8630af222b4893e8394efbdd37c4ee.B396C8F9_0D03_4905_8867_D3D7030330FB = C:\
Property(S): _b43d546ab994e9fbe7fe2cefb4612810.B396C8F9_0D03_4905_8867_D3D7030330FB = C:\
Property(S): _c172287b802bd9fb4cd3d6c1f7b82f80.B396C8F9_0D03_4905_8867_D3D7030330FB = C:\
Property(S): _0215bb5f46ecfcde15631cd431377a24.B396C8F9_0D03_4905_8867_D3D7030330FB = C:\
Property(S): _34F7F81F66464EF4A39AAEE418E91477.B396C8F9_0D03_4905_8867_D3D7030330FB = C:\
Property(S): _F0FA17936BEE43068A76279556872805.B396C8F9_0D03_4905_8867_D3D7030330FB = C:\_F0FA17936BEE43068A76279556872805\
Property(S): _988DBA67C51A4BA98B9A917DA6D43E27.B396C8F9_0D03_4905_8867_D3D7030330FB = C:\
Property(S): _482459D3B4C0451D8707D725DD61394C.B396C8F9_0D03_4905_8867_D3D7030330FB = C:\_482459D3B4C0451D8707D725DD61394C\
Property(S): _60C4DD74F7C2433BB40765D1EE735361.B396C8F9_0D03_4905_8867_D3D7030330FB = C:\
Property(S): _FDB1AEEDB3A94C37A76A87DB6FA495DA.B396C8F9_0D03_4905_8867_D3D7030330FB = C:\_FDB1AEEDB3A94C37A76A87DB6FA495DA\
Property(S): _2B7C7329C0684D2FBC17CE124962E688.B396C8F9_0D03_4905_8867_D3D7030330FB = C:\
Property(S): _98672C937EFF4335BE1547C6987149D1.B396C8F9_0D03_4905_8867_D3D7030330FB = C:\_98672C937EFF4335BE1547C6987149D1\
Property(S): _7ADA14B614B4482AB0C87DE9E62E52AD.B396C8F9_0D03_4905_8867_D3D7030330FB = C:\
Property(S): _5249A9AC7F624B46A07EB2D80EEA52E6.B396C8F9_0D03_4905_8867_D3D7030330FB = C:\_5249A9AC7F624B46A07EB2D80EEA52E6\
Property(S): _E405063EA23E48899AC31802325E456B.B396C8F9_0D03_4905_8867_D3D7030330FB = C:\
Property(S): _0F457739B798430791B65553C6994F8C.B396C8F9_0D03_4905_8867_D3D7030330FB = C:\_0F457739B798430791B65553C6994F8C\
Property(S): _F9E975DE9B214481B0DFD8DA7C2C5A3E.B396C8F9_0D03_4905_8867_D3D7030330FB = C:\
Property(S): _F1540A9B78E14002B7E01306DDE741BA.B396C8F9_0D03_4905_8867_D3D7030330FB = C:\_F1540A9B78E14002B7E01306DDE741BA\
Property(S): _99D5DD6037BB45C6922208AECD0DECE5.B396C8F9_0D03_4905_8867_D3D7030330FB = C:\
Property(S): _0FB00F8C89754F0B93FFC9C37E13BC01.B396C8F9_0D03_4905_8867_D3D7030330FB = C:\_0FB00F8C89754F0B93FFC9C37E13BC01\
Property(S): _306719ACAC4341CBB54E05B48B3759AF.B396C8F9_0D03_4905_8867_D3D7030330FB = C:\
Property(S): _435BCD2571644966B35E5D26211EE260.B396C8F9_0D03_4905_8867_D3D7030330FB = C:\_435BCD2571644966B35E5D26211EE260\
Property(S): _17D5ED5B71804CBAB8BBAB477CCE0BFA.B396C8F9_0D03_4905_8867_D3D7030330FB = C:\
Property(S): _14770BCD8CA6487B98A6C4C288CF4CBF.B396C8F9_0D03_4905_8867_D3D7030330FB = C:\_14770BCD8CA6487B98A6C4C288CF4CBF\
Property(S): _54DABF1D3F5B4EB3B2A2A03C9CF4D0D1.B396C8F9_0D03_4905_8867_D3D7030330FB = C:\
Property(S): _48BB3C1F8DD44AAE945FEDC3C945BDB4.B396C8F9_0D03_4905_8867_D3D7030330FB = C:\_48BB3C1F8DD44AAE945FEDC3C945BDB4\
Property(S): _AB8B5F91B62D4CD8B240883DD19B7D05.B396C8F9_0D03_4905_8867_D3D7030330FB = C:\
Property(S): _FF2156591FBC4E1FA92252A7BBD0DAB5.B396C8F9_0D03_4905_8867_D3D7030330FB = C:\_FF2156591FBC4E1FA92252A7BBD0DAB5\
Property(S): _58D5D2C6ECE04CC79BBEE131F5B77469.B396C8F9_0D03_4905_8867_D3D7030330FB = C:\
Property(S): _1FE03FDFC5B94978B5B9B61D3181E50A.B396C8F9_0D03_4905_8867_D3D7030330FB = C:\_1FE03FDFC5B94978B5B9B61D3181E50A\
Property(S): _E98267B1381143059A9EF75D95076031.B396C8F9_0D03_4905_8867_D3D7030330FB = C:\
Property(S): _55EC186CF4104A6997D70B242259B4AE.B396C8F9_0D03_4905_8867_D3D7030330FB = C:\_55EC186CF4104A6997D70B242259B4AE\
Property(S): _521D8F7815954171A473450CBF9428DC.B396C8F9_0D03_4905_8867_D3D7030330FB = C:\
Property(S): _8D87445996564A31B72FA308B3B29F22.B396C8F9_0D03_4905_8867_D3D7030330FB = C:\_8D87445996564A31B72FA308B3B29F22\
Property(S): _83DDEFA683844329A3240EAEAFAF768A.B396C8F9_0D03_4905_8867_D3D7030330FB = C:\
Property(S): _D238E6CE4D574D32AFF0011AF6D992D9.B396C8F9_0D03_4905_8867_D3D7030330FB = C:\_D238E6CE4D574D32AFF0011AF6D992D9\
Property(S): _DCD529E7A3E34CB0AF1A4CFE9F4469DD.B396C8F9_0D03_4905_8867_D3D7030330FB = C:\
Property(S): _2B3170ABB18841D8A2E70E3BFD4A281E.B396C8F9_0D03_4905_8867_D3D7030330FB = C:\_2B3170ABB18841D8A2E70E3BFD4A281E\
Property(S): _B2E785A4DC304CF3805E6FE85B8B819C.B396C8F9_0D03_4905_8867_D3D7030330FB = C:\
Property(S): _46EA3DCD744D4073B7F8136B6229D4C8.B396C8F9_0D03_4905_8867_D3D7030330FB = C:\_46EA3DCD744D4073B7F8136B6229D4C8\
Property(S): _E9B8E7A32A144CDCAD7A3E5AAE4E9B29.B396C8F9_0D03_4905_8867_D3D7030330FB = C:\
Property(S): _BD89FC6B0396445FA15ECE837D15C4C0.B396C8F9_0D03_4905_8867_D3D7030330FB = C:\_BD89FC6B0396445FA15ECE837D15C4C0\
Property(S): NEWRETARGETABLEPROPERTY1.B396C8F9_0D03_4905_8867_D3D7030330FB = C:\
Property(S): GAC.B396C8F9_0D03_4905_8867_D3D7030330FB = C:\
Property(S): NETFRAMEWORK40FULL.B396C8F9_0D03_4905_8867_D3D7030330FB = #1
Property(S): NETFRAMEWORK40CLIENT.B396C8F9_0D03_4905_8867_D3D7030330FB = #1
Property(S): NETFRAMEWORK45.B396C8F9_0D03_4905_8867_D3D7030330FB = #528049
Property(S): IS_NETFRAMEWORK_40_OR_LATER_INSTALLED.B396C8F9_0D03_4905_8867_D3D7030330FB = 1
Property(S): IS_NETFRAMEWORK_472_OR_LATER_INSTALLED.B396C8F9_0D03_4905_8867_D3D7030330FB = 1
Property(S): CM_RUNTIMETOINSTALL.B396C8F9_0D03_4905_8867_D3D7030330FB = 8.40.7120.501
Property(S): CodeMeter5.5FFE20C8_2BC6_4EE0_90AA_D6E92F2099AD = C:\users\asdf\AppData\Roaming\Microsoft\Windows\Start Menu\Programs\CodeMeter\
Property(S): Documentation.5FFE20C8_2BC6_4EE0_90AA_D6E92F2099AD = C:\users\asdf\AppData\Roaming\Microsoft\Windows\Start Menu\Programs\CodeMeter\Documentation\
Property(S): RunTime.5FFE20C8_2BC6_4EE0_90AA_D6E92F2099AD = C:\Program Files\CodeMeter\Runtime\
Property(S): help.5FFE20C8_2BC6_4EE0_90AA_D6E92F2099AD = C:\Program Files\CodeMeter\Runtime\help\
Property(S): CodeMeter.5FFE20C8_2BC6_4EE0_90AA_D6E92F2099AD = C:\Program Files\CodeMeter\
Property(S): ProgramFiles64Folder.5FFE20C8_2BC6_4EE0_90AA_D6E92F2099AD = C:\Program Files\
Property(S): INSTALLDIR.5FFE20C8_2BC6_4EE0_90AA_D6E92F2099AD = C:\Program Files\CodeMeter\Runtime\help\8.40a\
Property(S): dir_BFDEF77BE9EE476CA3A53FCA6FAAB20F.5FFE20C8_2BC6_4EE0_90AA_D6E92F2099AD = C:\Program Files\CodeMeter\Runtime\help\8.40a\CmUserHelp\
Property(S): dir_55CD00DB50894F27807C9E8A8886136B.5FFE20C8_2BC6_4EE0_90AA_D6E92F2099AD = C:\Program Files\CodeMeter\Runtime\help\8.40a\CmUserHelp\de\
Property(S): dir_1B3BC25A0DBD43FF9F07EA153624A7BA.5FFE20C8_2BC6_4EE0_90AA_D6E92F2099AD = C:\Program Files\CodeMeter\Runtime\help\8.40a\CmUserHelp\de\css\
Property(S): dir_9641117ED95A43098D872B9A917FFA35.5FFE20C8_2BC6_4EE0_90AA_D6E92F2099AD = C:\Program Files\CodeMeter\Runtime\help\8.40a\CmUserHelp\de\images\
Property(S): dir_079197E4E23B4155B10356C291A628DF.5FFE20C8_2BC6_4EE0_90AA_D6E92F2099AD = C:\Program Files\CodeMeter\Runtime\help\8.40a\CmUserHelp\de\js\
Property(S): dir_005CBB5EA0E8477B8178C3341D8A64CF.5FFE20C8_2BC6_4EE0_90AA_D6E92F2099AD = C:\Program Files\CodeMeter\Runtime\help\8.40a\CmUserHelp\de\jstopics\
Property(S): dir_4F135336632D4907A8F9913B72BBED92.5FFE20C8_2BC6_4EE0_90AA_D6E92F2099AD = C:\Program Files\CodeMeter\Runtime\help\8.40a\CmUserHelp\img\
Property(S): dir_8806771C411545C9B482E8B2239C5A9B.5FFE20C8_2BC6_4EE0_90AA_D6E92F2099AD = C:\Program Files\CodeMeter\Runtime\help\8.40a\CmUserHelp\us\
Property(S): dir_93FB0F7D0CC340B186DBD20391CFB865.5FFE20C8_2BC6_4EE0_90AA_D6E92F2099AD = C:\Program Files\CodeMeter\Runtime\help\8.40a\CmUserHelp\us\css\
Property(S): dir_CEE9F0C64FCF441198A38C9673370749.5FFE20C8_2BC6_4EE0_90AA_D6E92F2099AD = C:\Program Files\CodeMeter\Runtime\help\8.40a\CmUserHelp\us\images\
Property(S): dir_28FBCDD5F46F4375A8F125191C936317.5FFE20C8_2BC6_4EE0_90AA_D6E92F2099AD = C:\Program Files\CodeMeter\Runtime\help\8.40a\CmUserHelp\us\js\
Property(S): dir_C217E02153EF4FFFB5471191BAECC8B7.5FFE20C8_2BC6_4EE0_90AA_D6E92F2099AD = C:\Program Files\CodeMeter\Runtime\help\8.40a\CmUserHelp\us\jstopics\
Property(S): ProgramMenuFolder.5FFE20C8_2BC6_4EE0_90AA_D6E92F2099AD = C:\users\asdf\AppData\Roaming\Microsoft\Windows\Start Menu\Programs\
Property(S): CM_RUNTIMETOINSTALL.5FFE20C8_2BC6_4EE0_90AA_D6E92F2099AD = 8.40.7120.501
Property(S): AdminUser = 1
Property(S): Privileged = 1
Property(S): MsiRunningElevated = 1
Property(S): MsiTrueAdminUser = 1
Property(S): CommonAppDataFolder = C:\ProgramData\
Property(S): FavoritesFolder = C:\users\asdf\Favorites\
Property(S): FontsFolder = C:\windows\Fonts\
Property(S): SendToFolder = C:\users\asdf\AppData\Roaming\Microsoft\Windows\SendTo\
Property(S): StartMenuFolder = C:\users\asdf\AppData\Roaming\Microsoft\Windows\Start Menu\
Property(S): StartupFolder = C:\users\asdf\AppData\Roaming\Microsoft\Windows\Start Menu\Programs\StartUp\
Property(S): TemplateFolder = C:\users\asdf\AppData\Roaming\Microsoft\Windows\Templates\
Property(S): DesktopFolder = C:\users\asdf\Desktop\
Property(S): ProgramMenuFolder = C:\users\asdf\AppData\Roaming\Microsoft\Windows\Start Menu\Programs\
Property(S): AdminToolsFolder = C:\users\asdf\AppData\Roaming\Microsoft\Windows\Start Menu\Programs\Administrative Tools\
Property(S): AppDataFolder = C:\users\asdf\AppData\Roaming\
Property(S): System16Folder = C:\windows\system32\
Property(S): LocalAppDataFolder = C:\users\asdf\AppData\Local\
Property(S): MyPicturesFolder = C:\users\asdf\Pictures\
Property(S): PersonalFolder = C:\users\asdf\Documents\
Property(S): WindowsFolder = C:\windows\
Property(S): PrintHoodFolder = C:\users\asdf\AppData\Roaming\Microsoft\Windows\Printer Shortcuts\
Property(S): NetHoodFolder = C:\users\asdf\AppData\Roaming\Microsoft\Windows\Network Shortcuts\
Property(S): RecentFolder = C:\users\asdf\AppData\Roaming\Microsoft\Windows\Recent\
Property(S): PhysicalMemory = 31043
Property(S): WindowsVolume = C:\
Property(S): TempFolder = C:\users\asdf\AppData\Local\Temp\
Property(S): MsiNTProductType = 1
Property(S): WindowsBuild = 9600
Property(S): ServicePackLevel = 0
Property(S): VersionMsi = 5.0
Property(S): VersionDatabase = 500
Property(S): Intel = 6
Property(S): MsiAMD64 = 6
Property(S): Msix64 = 6
Property(S): VersionNT64 = 603
Property(S): ProgramFilesFolder = C:\Program Files (x86)\
Property(S): CommonFiles64Folder = C:\Program Files\Common Files\
Property(S): CommonFilesFolder = C:\Program Files (x86)\Common Files\
Property(S): ScreenX = 1600
Property(S): ScreenY = 1000
Property(S): ColorBits = 32
Property(S): UserSID = S-1-5-21-0-0-0-1000
Property(S): MsiNetAssemblySupport = 4.6.1590.0
Property(S): UserLanguageID = 1033
Property(S): SystemLanguageID = 1033
Property(S): ProductState = -1
Property(S): LogonUser = asdf
Property(S): ComputerName = ASDF-THINKPAD-E
Property(S): UILevel = 2
Property(S): PackageCode = {C45F1EC4-F4C6-4748-AD34-1D75C057DE84}
Property(S): DATABASE = C:\windows\Installer\205d.msi
Property(S): OriginalDatabase = Z:\run\media\asdf\Windows\mastercam-media\SetupPrerequisites\CodeMeterRuntime64.msi
Property(S): SOURCEDIR = Z:\run\media\asdf\Windows\mastercam-media\SetupPrerequisites\
Property(S): ALLOW_BELOW = 1
Property(S): REBOOT = ReallySuppress
Property(S): ACTION = INSTALL
Property(S): EXECUTEACTION = INSTALL
Property(S): CostingComplete = 1
Property(S): ROOTDRIVE = C:\
Property(S): INSTALLLEVEL = 1
Property(S): OutOfDiskSpace = 0
Property(S): OutOfNoRbDiskSpace = 0
Property(S): CM_SSE2.1992E333_D17A_448B_8484_ED047109D182 = 1
Property(S): CM_SSE3.1992E333_D17A_448B_8484_ED047109D182 = 1
Property(S): CustomActionData = "C:\windows\system32\net.exe" start CodeMeter.exe /Y
1: 2 2: 0 
1: 2 2: 1 
Action ended 12:07:12: INSTALL. Return value 1.
