1: 0 2: 0 3: 0 
=== Logging started: 10/3/2026  12:07:50 ===
Message type: 0, Argument: 0
Message type: 1, Argument: Mastercam 2027
Action 12:07:50: INSTALL. 
Action start 12:07:50: INSTALL.
1: 0 2: 0 3: 0 
1: 0 2: 0 3: 0 
=== Logging started: 10/3/2026  12:07:50 ===
Message type: 0, Argument: 0
Message type: 1, Argument: Mastercam 2027
Action 12:07:50: INSTALL. 
Action start 12:07:50: INSTALL.
1: Mastercam 2027 2: {E3A7A159-C187-44D3-93E8-5EF961F4E0DD} 
Action 12:07:50: WindowsFolder.F03DCAB0_5F6D_2EAB_FF1F_C8B3B9A1E18E. 
Action start 12:07:50: WindowsFolder.F03DCAB0_5F6D_2EAB_FF1F_C8B3B9A1E18E.
Action ended 12:07:50: WindowsFolder.F03DCAB0_5F6D_2EAB_FF1F_C8B3B9A1E18E. Return value 1.
Action 12:07:50: SystemFolder.F03DCAB0_5F6D_2EAB_FF1F_C8B3B9A1E18E. 
Action start 12:07:50: SystemFolder.F03DCAB0_5F6D_2EAB_FF1F_C8B3B9A1E18E.
Action ended 12:07:50: SystemFolder.F03DCAB0_5F6D_2EAB_FF1F_C8B3B9A1E18E. Return value 1.
Action 12:07:50: WindowsFolder.09D44781_D142_FE32_FF1F_C8B3B9A1E18E. 
Action start 12:07:50: WindowsFolder.09D44781_D142_FE32_FF1F_C8B3B9A1E18E.
Action ended 12:07:50: WindowsFolder.09D44781_D142_FE32_FF1F_C8B3B9A1E18E. Return value 1.
Action 12:07:50: SystemFolder.09D44781_D142_FE32_FF1F_C8B3B9A1E18E. 
Action start 12:07:50: SystemFolder.09D44781_D142_FE32_FF1F_C8B3B9A1E18E.
Action ended 12:07:50: SystemFolder.09D44781_D142_FE32_FF1F_C8B3B9A1E18E. Return value 1.
Action 12:07:50: WindowsFolder.BDF6E439_056A_10D7_FF1F_C8B3B9A1E18E. 
Action start 12:07:50: WindowsFolder.BDF6E439_056A_10D7_FF1F_C8B3B9A1E18E.
Action ended 12:07:50: WindowsFolder.BDF6E439_056A_10D7_FF1F_C8B3B9A1E18E. Return value 1.
Action 12:07:50: SystemFolder.BDF6E439_056A_10D7_FF1F_C8B3B9A1E18E. 
Action start 12:07:50: SystemFolder.BDF6E439_056A_10D7_FF1F_C8B3B9A1E18E.
Action ended 12:07:50: SystemFolder.BDF6E439_056A_10D7_FF1F_C8B3B9A1E18E. Return value 1.
Action 12:07:50: WindowsFolder.608113E0_F3B6_C6EE_FF1F_C8B3B9A1E18E. 
Action start 12:07:50: WindowsFolder.608113E0_F3B6_C6EE_FF1F_C8B3B9A1E18E.
Action ended 12:07:50: WindowsFolder.608113E0_F3B6_C6EE_FF1F_C8B3B9A1E18E. Return value 1.
Action 12:07:50: SystemFolder.608113E0_F3B6_C6EE_FF1F_C8B3B9A1E18E. 
Action start 12:07:50: SystemFolder.608113E0_F3B6_C6EE_FF1F_C8B3B9A1E18E.
Action ended 12:07:50: SystemFolder.608113E0_F3B6_C6EE_FF1F_C8B3B9A1E18E. Return value 1.
Action 12:07:50: WindowsFolder.543B9DD3_E71B_0D13_FF1F_C8B3B9A1E18E. 
Action start 12:07:50: WindowsFolder.543B9DD3_E71B_0D13_FF1F_C8B3B9A1E18E.
Action ended 12:07:50: WindowsFolder.543B9DD3_E71B_0D13_FF1F_C8B3B9A1E18E. Return value 1.
Action 12:07:50: SystemFolder.543B9DD3_E71B_0D13_FF1F_C8B3B9A1E18E. 
Action start 12:07:50: SystemFolder.543B9DD3_E71B_0D13_FF1F_C8B3B9A1E18E.
Action ended 12:07:50: SystemFolder.543B9DD3_E71B_0D13_FF1F_C8B3B9A1E18E. Return value 1.
Action 12:07:50: WindowsFolder.8731EA9C_B0D8_8F16_FF1F_C8B3B9A1E18E. 
Action start 12:07:50: WindowsFolder.8731EA9C_B0D8_8F16_FF1F_C8B3B9A1E18E.
Action ended 12:07:50: WindowsFolder.8731EA9C_B0D8_8F16_FF1F_C8B3B9A1E18E. Return value 1.
Action 12:07:50: SystemFolder.8731EA9C_B0D8_8F16_FF1F_C8B3B9A1E18E. 
Action start 12:07:50: SystemFolder.8731EA9C_B0D8_8F16_FF1F_C8B3B9A1E18E.
Action ended 12:07:50: SystemFolder.8731EA9C_B0D8_8F16_FF1F_C8B3B9A1E18E. Return value 1.
Action 12:07:50: WindowsFolder.4F6D20F0_CCE5_1492_FF1F_C8B3B9A1E18E. 
Action start 12:07:50: WindowsFolder.4F6D20F0_CCE5_1492_FF1F_C8B3B9A1E18E.
Action ended 12:07:50: WindowsFolder.4F6D20F0_CCE5_1492_FF1F_C8B3B9A1E18E. Return value 1.
Action 12:07:50: SystemFolder.4F6D20F0_CCE5_1492_FF1F_C8B3B9A1E18E. 
Action start 12:07:50: SystemFolder.4F6D20F0_CCE5_1492_FF1F_C8B3B9A1E18E.
Action ended 12:07:50: SystemFolder.4F6D20F0_CCE5_1492_FF1F_C8B3B9A1E18E. Return value 1.
Action 12:07:50: WindowsFolder.844EFBA7_1C24_93B2_FF1F_C8B3B9A1E18E. 
Action start 12:07:50: WindowsFolder.844EFBA7_1C24_93B2_FF1F_C8B3B9A1E18E.
Action ended 12:07:50: WindowsFolder.844EFBA7_1C24_93B2_FF1F_C8B3B9A1E18E. Return value 1.
Action 12:07:50: SystemFolder.844EFBA7_1C24_93B2_FF1F_C8B3B9A1E18E. 
Action start 12:07:50: SystemFolder.844EFBA7_1C24_93B2_FF1F_C8B3B9A1E18E.
Action ended 12:07:50: SystemFolder.844EFBA7_1C24_93B2_FF1F_C8B3B9A1E18E. Return value 1.
Action 12:07:50: WindowsFolder.51B6FD4C_6551_1104_FF1F_C8B3B9A1E18E. 
Action start 12:07:50: WindowsFolder.51B6FD4C_6551_1104_FF1F_C8B3B9A1E18E.
Action ended 12:07:50: WindowsFolder.51B6FD4C_6551_1104_FF1F_C8B3B9A1E18E. Return value 1.
Action 12:07:50: SystemFolder.51B6FD4C_6551_1104_FF1F_C8B3B9A1E18E. 
Action start 12:07:50: SystemFolder.51B6FD4C_6551_1104_FF1F_C8B3B9A1E18E.
Action ended 12:07:50: SystemFolder.51B6FD4C_6551_1104_FF1F_C8B3B9A1E18E. Return value 1.
Action 12:07:50: WindowsFolder.837BF1EB_D770_94EB_FF1F_C8B3B9A1E18E. 
Action start 12:07:50: WindowsFolder.837BF1EB_D770_94EB_FF1F_C8B3B9A1E18E.
Action ended 12:07:50: WindowsFolder.837BF1EB_D770_94EB_FF1F_C8B3B9A1E18E. Return value 1.
Action 12:07:50: SystemFolder.837BF1EB_D770_94EB_FF1F_C8B3B9A1E18E. 
Action start 12:07:50: SystemFolder.837BF1EB_D770_94EB_FF1F_C8B3B9A1E18E.
Action ended 12:07:50: SystemFolder.837BF1EB_D770_94EB_FF1F_C8B3B9A1E18E. Return value 1.
Action 12:07:50: SetDateTimeFormat. 
Action start 12:07:50: SetDateTimeFormat.
InstallShield 12:07:51: Running InstallScript function f12
InstallShield 12:07:51: Opening stream of file C:\users\asdf\AppData\Local\Temp\msiF10A.tmp
InstallShield 12:07:51: Extracting support file IsConfig.ini to C:\users\asdf\AppData\Local\Temp\{70790BF1-41E4-4944-8DBB-D3AF427A5874}\IsConfig.ini
InstallShield 12:07:51: Extracted isconfig.ini to C:\users\asdf\AppData\Local\Temp\{70790BF1-41E4-4944-8DBB-D3AF427A5874}\IsConfig.ini
InstallShield 12:07:51: Got '{09FDC66F-DAA9-4533-B759-FC3CDDD0E777}' for TempPathGuid from isconfig.ini
InstallShield 12:07:51: Using temp folder C:\users\asdf\AppData\Local\Temp\{70790BF1-41E4-4944-8DBB-D3AF427A5874}\
InstallShield 12:07:51: Installing engine...
InstallShield 12:07:51: Using product language 1033
InstallShield 12:07:51: Extracting support file setup.inx to C:\users\asdf\AppData\Local\Temp\{70790BF1-41E4-4944-8DBB-D3AF427A5874}\setup.inx
InstallShield 12:07:51: Extracting support file ISRT.dll to C:\users\asdf\AppData\Local\Temp\{70790BF1-41E4-4944-8DBB-D3AF427A5874}\ISRT.dll
InstallShield 12:07:51: Detected X64 OS
InstallShield 12:07:51: Extracting support file ISBEWX64.exe to C:\users\asdf\AppData\Local\Temp\{70790BF1-41E4-4944-8DBB-D3AF427A5874}\_isF242.exe
InstallShield 12:07:51: Extracting support file _isres_0x0409.dll to C:\users\asdf\AppData\Local\Temp\{70790BF1-41E4-4944-8DBB-D3AF427A5874}\_isres_0x0409.dll
InstallShield 12:07:51: Extracting support file String1033.txt to C:\users\asdf\AppData\Local\Temp\{70790BF1-41E4-4944-8DBB-D3AF427A5874}\String1033.txt
InstallShield 12:07:51: Skipping optional support file _isuser_0x0409.dll
InstallShield 12:07:51: Setting script cmdline...
InstallShield 12:07:51: ProductCode is {E3A7A159-C187-44D3-93E8-5EF961F4E0DD}
InstallShield 12:07:51: Initializing Engine
InstallShield 12:07:53: Done Initializing...
InstallShield 12:07:53: Registering Msi Server...
InstallShield 12:07:53: Invoking script function SetDateTimeFormat
1: (null)0 
InstallShield 12:07:53: Returning script function result
InstallShield 12:07:53: CallScriptFunctionFromMsiCA() ends, result 0x0
Action ended 12:07:53: SetDateTimeFormat. Return value 1.
Action 12:07:53: SetReleaseName. 
Action start 12:07:53: SetReleaseName.
InstallShield 12:07:53: Running InstallScript function f10
InstallShield 12:07:53: Opening stream of file C:\users\asdf\AppData\Local\Temp\msiF10A.tmp
InstallShield 12:07:53: Extracting support file IsConfig.ini to C:\users\asdf\AppData\Local\Temp\{0559B1CF-895D-4472-B80E-9E1CF570A379}\IsConfig.ini
InstallShield 12:07:53: Extracted isconfig.ini to C:\users\asdf\AppData\Local\Temp\{0559B1CF-895D-4472-B80E-9E1CF570A379}\IsConfig.ini
InstallShield 12:07:53: Got '{09FDC66F-DAA9-4533-B759-FC3CDDD0E777}' for TempPathGuid from isconfig.ini
InstallShield 12:07:53: Using temp folder C:\users\asdf\AppData\Local\Temp\{0559B1CF-895D-4472-B80E-9E1CF570A379}\
InstallShield 12:07:53: Installing engine...
InstallShield 12:07:53: Using product language 1033
InstallShield 12:07:53: Extracting support file setup.inx to C:\users\asdf\AppData\Local\Temp\{0559B1CF-895D-4472-B80E-9E1CF570A379}\setup.inx
InstallShield 12:07:53: Extracting support file ISRT.dll to C:\users\asdf\AppData\Local\Temp\{0559B1CF-895D-4472-B80E-9E1CF570A379}\ISRT.dll
InstallShield 12:07:53: Detected X64 OS
InstallShield 12:07:53: Extracting support file ISBEWX64.exe to C:\users\asdf\AppData\Local\Temp\{0559B1CF-895D-4472-B80E-9E1CF570A379}\_isFC2C.exe
InstallShield 12:07:53: Extracting support file _isres_0x0409.dll to C:\users\asdf\AppData\Local\Temp\{0559B1CF-895D-4472-B80E-9E1CF570A379}\_isres_0x0409.dll
InstallShield 12:07:53: Extracting support file String1033.txt to C:\users\asdf\AppData\Local\Temp\{0559B1CF-895D-4472-B80E-9E1CF570A379}\String1033.txt
InstallShield 12:07:53: Skipping optional support file _isuser_0x0409.dll
InstallShield 12:07:53: Setting script cmdline...
InstallShield 12:07:53: ProductCode is {E3A7A159-C187-44D3-93E8-5EF961F4E0DD}
InstallShield 12:07:53: Initializing Engine
InstallShield 12:07:56: Done Initializing...
InstallShield 12:07:56: Registering Msi Server...
InstallShield 12:07:56: Invoking script function SetReleaseName
1: Function: setReleaseName, relName = _MAIN 
InstallShield 12:07:56: Returning script function result
InstallShield 12:07:56: CallScriptFunctionFromMsiCA() ends, result 0x0
Action ended 12:07:56: SetReleaseName. Return value 1.
Action 12:07:56: SetSharedDefaultsProperty. 
Action start 12:07:56: SetSharedDefaultsProperty.
InstallShield 12:07:56: Running InstallScript function f8
InstallShield 12:07:56: Opening stream of file C:\users\asdf\AppData\Local\Temp\msiF10A.tmp
InstallShield 12:07:56: Extracting support file IsConfig.ini to C:\users\asdf\AppData\Local\Temp\{4E9219D8-F56D-450A-9C8D-BA01AF7EDFB3}\IsConfig.ini
InstallShield 12:07:56: Extracted isconfig.ini to C:\users\asdf\AppData\Local\Temp\{4E9219D8-F56D-450A-9C8D-BA01AF7EDFB3}\IsConfig.ini
InstallShield 12:07:56: Got '{09FDC66F-DAA9-4533-B759-FC3CDDD0E777}' for TempPathGuid from isconfig.ini
InstallShield 12:07:56: Using temp folder C:\users\asdf\AppData\Local\Temp\{4E9219D8-F56D-450A-9C8D-BA01AF7EDFB3}\
InstallShield 12:07:56: Installing engine...
InstallShield 12:07:56: Using product language 1033
InstallShield 12:07:56: Extracting support file setup.inx to C:\users\asdf\AppData\Local\Temp\{4E9219D8-F56D-450A-9C8D-BA01AF7EDFB3}\setup.inx
InstallShield 12:07:56: Extracting support file ISRT.dll to C:\users\asdf\AppData\Local\Temp\{4E9219D8-F56D-450A-9C8D-BA01AF7EDFB3}\ISRT.dll
InstallShield 12:07:56: Detected X64 OS
InstallShield 12:07:56: Extracting support file ISBEWX64.exe to C:\users\asdf\AppData\Local\Temp\{4E9219D8-F56D-450A-9C8D-BA01AF7EDFB3}\_is6A4.exe
InstallShield 12:07:56: Extracting support file _isres_0x0409.dll to C:\users\asdf\AppData\Local\Temp\{4E9219D8-F56D-450A-9C8D-BA01AF7EDFB3}\_isres_0x0409.dll
InstallShield 12:07:56: Extracting support file String1033.txt to C:\users\asdf\AppData\Local\Temp\{4E9219D8-F56D-450A-9C8D-BA01AF7EDFB3}\String1033.txt
InstallShield 12:07:56: Skipping optional support file _isuser_0x0409.dll
InstallShield 12:07:56: Setting script cmdline...
InstallShield 12:07:56: ProductCode is {E3A7A159-C187-44D3-93E8-5EF961F4E0DD}
InstallShield 12:07:56: Initializing Engine
InstallShield 12:07:58: Done Initializing...
InstallShield 12:07:58: Registering Msi Server...
InstallShield 12:07:58: Invoking script function SetSharedDefaultsProperty
1: Function: setSharedDefaultsProperty, keyName = Software\CNC Software\Mastercam 2027 
1: Function: setSharedDefaultsProperty, DefaultSharedPath = C:\users\Public\Documents\Shared Mastercam 2027 sharedDir = C:\users\Public\Documents\Shared Mastercam 2027 
InstallShield 12:07:58: Returning script function result
InstallShield 12:07:58: CallScriptFunctionFromMsiCA() ends, result 0x0
Action ended 12:07:58: SetSharedDefaultsProperty. Return value 1.
Action 12:07:58: ISSetAllUsers. 
Action start 12:07:58: ISSetAllUsers.
InstallShield 12:07:58: Begin SetAllUsers()
InstallShield 12:07:58: Getting records from Upgrade table
InstallShield 12:07:58: UpgradeCode: {B6D1AAFC-5EB8-4859-ABB8-AE9489F6FCC4}	MinVersion: 	MaxVersion: 29.0.10172.0	Language: 	Attributes: 258
InstallShield 12:07:58: No related products for UpgradeCode {B6D1AAFC-5EB8-4859-ABB8-AE9489F6FCC4} found
InstallShield 12:07:58: End SetAllUsers()
Action ended 12:07:58: ISSetAllUsers. Return value 1.
Action 12:07:58: SetSUITEGUIDFOLDERProperty. 
Action start 12:07:58: SetSUITEGUIDFOLDERProperty.
InstallShield 12:07:58: Running InstallScript function f32
InstallShield 12:07:58: Opening stream of file C:\users\asdf\AppData\Local\Temp\msiF10A.tmp
InstallShield 12:07:58: Extracting support file IsConfig.ini to C:\users\asdf\AppData\Local\Temp\{4DC21948-A067-48EE-B15E-E8E1429E5A16}\IsConfig.ini
InstallShield 12:07:58: Extracted isconfig.ini to C:\users\asdf\AppData\Local\Temp\{4DC21948-A067-48EE-B15E-E8E1429E5A16}\IsConfig.ini
InstallShield 12:07:58: Got '{09FDC66F-DAA9-4533-B759-FC3CDDD0E777}' for TempPathGuid from isconfig.ini
InstallShield 12:07:58: Using temp folder C:\users\asdf\AppData\Local\Temp\{4DC21948-A067-48EE-B15E-E8E1429E5A16}\
InstallShield 12:07:58: Installing engine...
InstallShield 12:07:58: Using product language 1033
InstallShield 12:07:58: Extracting support file setup.inx to C:\users\asdf\AppData\Local\Temp\{4DC21948-A067-48EE-B15E-E8E1429E5A16}\setup.inx
InstallShield 12:07:58: Extracting support file ISRT.dll to C:\users\asdf\AppData\Local\Temp\{4DC21948-A067-48EE-B15E-E8E1429E5A16}\ISRT.dll
InstallShield 12:07:58: Detected X64 OS
InstallShield 12:07:58: Extracting support file ISBEWX64.exe to C:\users\asdf\AppData\Local\Temp\{4DC21948-A067-48EE-B15E-E8E1429E5A16}\_is101F.exe
InstallShield 12:07:58: Extracting support file _isres_0x0409.dll to C:\users\asdf\AppData\Local\Temp\{4DC21948-A067-48EE-B15E-E8E1429E5A16}\_isres_0x0409.dll
InstallShield 12:07:58: Extracting support file String1033.txt to C:\users\asdf\AppData\Local\Temp\{4DC21948-A067-48EE-B15E-E8E1429E5A16}\String1033.txt
InstallShield 12:07:58: Skipping optional support file _isuser_0x0409.dll
InstallShield 12:07:58: Setting script cmdline...
InstallShield 12:07:58: ProductCode is {E3A7A159-C187-44D3-93E8-5EF961F4E0DD}
InstallShield 12:07:58: Initializing Engine
InstallShield 12:08:01: Done Initializing...
InstallShield 12:08:01: Registering Msi Server...
InstallShield 12:08:01: Invoking script function SetSUITEGUIDFOLDERProperty
1: Function: SetUninstallerPathProperty, suiteGuid = {F25E5DEF-DB04-4C91-A400-2CF4E3FC2989} suiteGuidPath = C:\Program Files (x86)\InstallShield Installation Information\{F25E5DEF-DB04-4C91-A400-2CF4E3FC2989} szMsg = Inside function SetUninstallerPathProperty. The value of SUITEGUIDFOLDER is: "C:\Program Files (x86)\InstallShield Installation Information\{F25E5DEF-DB04-4C91-A400-2CF4E3FC2989}" nResult = 0 
InstallShield 12:08:01: Returning script function result
InstallShield 12:08:01: CallScriptFunctionFromMsiCA() ends, result 0x0
Action ended 12:08:01: SetSUITEGUIDFOLDERProperty. Return value 1.
Action 12:08:01: SetCncProductFamilyNameProperty. 
Action start 12:08:01: SetCncProductFamilyNameProperty.
InstallShield 12:08:01: Running InstallScript function f31
InstallShield 12:08:01: Opening stream of file C:\users\asdf\AppData\Local\Temp\msiF10A.tmp
InstallShield 12:08:01: Extracting support file IsConfig.ini to C:\users\asdf\AppData\Local\Temp\{84F5491F-A9FD-4F84-AE33-3AD172502B69}\IsConfig.ini
InstallShield 12:08:01: Extracted isconfig.ini to C:\users\asdf\AppData\Local\Temp\{84F5491F-A9FD-4F84-AE33-3AD172502B69}\IsConfig.ini
InstallShield 12:08:01: Got '{09FDC66F-DAA9-4533-B759-FC3CDDD0E777}' for TempPathGuid from isconfig.ini
InstallShield 12:08:01: Using temp folder C:\users\asdf\AppData\Local\Temp\{84F5491F-A9FD-4F84-AE33-3AD172502B69}\
InstallShield 12:08:01: Installing engine...
InstallShield 12:08:01: Using product language 1033
InstallShield 12:08:01: Extracting support file setup.inx to C:\users\asdf\AppData\Local\Temp\{84F5491F-A9FD-4F84-AE33-3AD172502B69}\setup.inx
InstallShield 12:08:01: Extracting support file ISRT.dll to C:\users\asdf\AppData\Local\Temp\{84F5491F-A9FD-4F84-AE33-3AD172502B69}\ISRT.dll
InstallShield 12:08:01: Detected X64 OS
InstallShield 12:08:01: Extracting support file ISBEWX64.exe to C:\users\asdf\AppData\Local\Temp\{84F5491F-A9FD-4F84-AE33-3AD172502B69}\_is1B20.exe
InstallShield 12:08:01: Extracting support file _isres_0x0409.dll to C:\users\asdf\AppData\Local\Temp\{84F5491F-A9FD-4F84-AE33-3AD172502B69}\_isres_0x0409.dll
InstallShield 12:08:01: Extracting support file String1033.txt to C:\users\asdf\AppData\Local\Temp\{84F5491F-A9FD-4F84-AE33-3AD172502B69}\String1033.txt
InstallShield 12:08:01: Skipping optional support file _isuser_0x0409.dll
InstallShield 12:08:01: Setting script cmdline...
InstallShield 12:08:01: ProductCode is {E3A7A159-C187-44D3-93E8-5EF961F4E0DD}
InstallShield 12:08:01: Initializing Engine
InstallShield 12:08:04: Done Initializing...
InstallShield 12:08:04: Registering Msi Server...
InstallShield 12:08:04: Invoking script function SetCncProductFamilyNameProperty
1: Function: SetCncProductFamilyNameProperty, cncProdName = Mastercam 2027 
InstallShield 12:08:04: Returning script function result
InstallShield 12:08:04: CallScriptFunctionFromMsiCA() ends, result 0x0
Action ended 12:08:04: SetCncProductFamilyNameProperty. Return value 1.
Action 12:08:04: ISSetupFilesExtract. 
Action start 12:08:04: ISSetupFilesExtract.
1: Starting to extract setup files 
1: Getting SUPPORTDIR property :  
1: Extracting SetupFiles to: C:\users\asdf\AppData\Local\Temp\{499B34F8-0D22-4F81-9020-AD503E00E5AA}\ 
1: Getting ISSetupFile table view 
1: Executing ISSetupFile table view 
1: Extracting Setup File: 
1: C:\users\asdf\AppData\Local\Temp\{499B34F8-0D22-4F81-9020-AD503E00E5AA}\InstallationResourceReader.dll 
1: Setting SUPPORTDIR property to:  
1: Setting ISSETUPFILESCOMPLETED property 
Action ended 12:08:04: ISSetupFilesExtract. Return value 1.
Action 12:08:04: AppSearch. Searching for installed applications
Action start 12:08:04: AppSearch.
Searching for installed applications...
Searching for installed applications...
Searching for installed applications...
Searching for installed applications...
Searching for installed applications...
Searching for installed applications...
Searching for installed applications...
Searching for installed applications...
Searching for installed applications...
Searching for installed applications...
Searching for installed applications...
Searching for installed applications...
Searching for installed applications...
Searching for installed applications...
Searching for installed applications...
Searching for installed applications...
Searching for installed applications...
Searching for installed applications...
Searching for installed applications...
Searching for installed applications...
Action ended 12:08:04: AppSearch. Return value 1.
Action 12:08:04: SetAddonInstallTimeStamp. 
Action start 12:08:04: SetAddonInstallTimeStamp.
InstallShield 12:08:04: Running InstallScript function f2
InstallShield 12:08:04: Opening stream of file C:\users\asdf\AppData\Local\Temp\msiF10A.tmp
InstallShield 12:08:04: Extracting support file IsConfig.ini to C:\users\asdf\AppData\Local\Temp\{7984CFC2-946F-4D3A-90BA-E4239ACC5906}\IsConfig.ini
InstallShield 12:08:04: Extracted isconfig.ini to C:\users\asdf\AppData\Local\Temp\{7984CFC2-946F-4D3A-90BA-E4239ACC5906}\IsConfig.ini
InstallShield 12:08:04: Got '{09FDC66F-DAA9-4533-B759-FC3CDDD0E777}' for TempPathGuid from isconfig.ini
InstallShield 12:08:04: Using temp folder C:\users\asdf\AppData\Local\Temp\{7984CFC2-946F-4D3A-90BA-E4239ACC5906}\
InstallShield 12:08:04: Installing engine...
InstallShield 12:08:04: Using product language 1033
InstallShield 12:08:04: Extracting support file setup.inx to C:\users\asdf\AppData\Local\Temp\{7984CFC2-946F-4D3A-90BA-E4239ACC5906}\setup.inx
InstallShield 12:08:04: Extracting support file ISRT.dll to C:\users\asdf\AppData\Local\Temp\{7984CFC2-946F-4D3A-90BA-E4239ACC5906}\ISRT.dll
InstallShield 12:08:04: Detected X64 OS
InstallShield 12:08:04: Extracting support file ISBEWX64.exe to C:\users\asdf\AppData\Local\Temp\{7984CFC2-946F-4D3A-90BA-E4239ACC5906}\_is2606.exe
InstallShield 12:08:04: Extracting support file _isres_0x0409.dll to C:\users\asdf\AppData\Local\Temp\{7984CFC2-946F-4D3A-90BA-E4239ACC5906}\_isres_0x0409.dll
InstallShield 12:08:04: Extracting support file String1033.txt to C:\users\asdf\AppData\Local\Temp\{7984CFC2-946F-4D3A-90BA-E4239ACC5906}\String1033.txt
InstallShield 12:08:04: Skipping optional support file _isuser_0x0409.dll
InstallShield 12:08:04: Setting script cmdline...
InstallShield 12:08:04: ProductCode is {E3A7A159-C187-44D3-93E8-5EF961F4E0DD}
InstallShield 12:08:04: Initializing Engine
InstallShield 12:08:06: Done Initializing...
InstallShield 12:08:06: Registering Msi Server...
InstallShield 12:08:06: Invoking script function SetAddonInstallTimeStamp
1: CreateTimeStamp, DATE: 10-3-2026 
1: CreateTimeStamp, TIME: 12:08:06 
1: CreateTimeStamp, complete time stamp: 10-3-2026-12-08-06 
InstallShield 12:08:06: Returning script function result
InstallShield 12:08:06: CallScriptFunctionFromMsiCA() ends, result 0x0
Action ended 12:08:06: SetAddonInstallTimeStamp. Return value 1.
Action 12:08:06: IsLaunchConditions.6FC97963_2511_11D4_BB8A_00C04F20D375. 
Action start 12:08:06: IsLaunchConditions.6FC97963_2511_11D4_BB8A_00C04F20D375.
Action ended 12:08:06: IsLaunchConditions.6FC97963_2511_11D4_BB8A_00C04F20D375. Return value 1.
Action 12:08:06: CheckForDCOM.6FC97963_2511_11D4_BB8A_00C04F20D375. 
Action start 12:08:06: CheckForDCOM.6FC97963_2511_11D4_BB8A_00C04F20D375.
Action ended 12:08:06: CheckForDCOM.6FC97963_2511_11D4_BB8A_00C04F20D375. Return value 1.
Action 12:08:06: LaunchConditions. Evaluating launch conditions
Action start 12:08:06: LaunchConditions.
Action ended 12:08:06: LaunchConditions. Return value 1.
Action 12:08:06: FindRelatedProducts. Searching for related applications
Action start 12:08:06: FindRelatedProducts.
Action ended 12:08:06: FindRelatedProducts. Return value 1.
Action 12:08:06: ValidateProductID. 
Action start 12:08:06: ValidateProductID.
Action ended 12:08:06: ValidateProductID. Return value 1.
Action 12:08:06: WindowsFolder.30729.6161.Microsoft_VC90_ATL_x64.QFE.D0CFCDE9_C036_3F28_90FC_6BE9098343C4. 
Action start 12:08:06: WindowsFolder.30729.6161.Microsoft_VC90_ATL_x64.QFE.D0CFCDE9_C036_3F28_90FC_6BE9098343C4.
Action ended 12:08:06: WindowsFolder.30729.6161.Microsoft_VC90_ATL_x64.QFE.D0CFCDE9_C036_3F28_90FC_6BE9098343C4. Return value 1.
Action 12:08:06: WindowsFolder.30729.6161.Microsoft_VC90_CRT_x64.QFE.D11988A5_400E_3D5F_834D_62102379E659. 
Action start 12:08:06: WindowsFolder.30729.6161.Microsoft_VC90_CRT_x64.QFE.D11988A5_400E_3D5F_834D_62102379E659.
Action ended 12:08:06: WindowsFolder.30729.6161.Microsoft_VC90_CRT_x64.QFE.D11988A5_400E_3D5F_834D_62102379E659. Return value 1.
Action 12:08:06: WindowsFolder.30729.6161.Microsoft_VC90_MFC_x64.QFE.1F485807_7F80_30D0_86B6_EE340D54F5FF. 
Action start 12:08:06: WindowsFolder.30729.6161.Microsoft_VC90_MFC_x64.QFE.1F485807_7F80_30D0_86B6_EE340D54F5FF.
Action ended 12:08:06: WindowsFolder.30729.6161.Microsoft_VC90_MFC_x64.QFE.1F485807_7F80_30D0_86B6_EE340D54F5FF. Return value 1.
Action 12:08:06: WindowsFolder.30729.6161.Microsoft_VC90_OpenMP_x64.QFE.BA97773E_5876_394F_B26A_06D5CFA8C890. 
Action start 12:08:06: WindowsFolder.30729.6161.Microsoft_VC90_OpenMP_x64.QFE.BA97773E_5876_394F_B26A_06D5CFA8C890.
Action ended 12:08:06: WindowsFolder.30729.6161.Microsoft_VC90_OpenMP_x64.QFE.BA97773E_5876_394F_B26A_06D5CFA8C890. Return value 1.
Action 12:08:06: WindowsFolder.30729.6161.policy_9_0_Microsoft_VC90_ATL_x64.QFE.CC0E27C9_4499_3E14_870E_C4EDBD98D0B8. 
Action start 12:08:06: WindowsFolder.30729.6161.policy_9_0_Microsoft_VC90_ATL_x64.QFE.CC0E27C9_4499_3E14_870E_C4EDBD98D0B8.
Action ended 12:08:06: WindowsFolder.30729.6161.policy_9_0_Microsoft_VC90_ATL_x64.QFE.CC0E27C9_4499_3E14_870E_C4EDBD98D0B8. Return value 1.
Action 12:08:06: WindowsFolder.30729.6161.policy_9_0_Microsoft_VC90_CRT_x64.QFE.2B64E0BC_8AED_3A12_9FC4_E6C247309FFF. 
Action start 12:08:06: WindowsFolder.30729.6161.policy_9_0_Microsoft_VC90_CRT_x64.QFE.2B64E0BC_8AED_3A12_9FC4_E6C247309FFF.
Action ended 12:08:06: WindowsFolder.30729.6161.policy_9_0_Microsoft_VC90_CRT_x64.QFE.2B64E0BC_8AED_3A12_9FC4_E6C247309FFF. Return value 1.
Action 12:08:06: WindowsFolder.30729.6161.policy_9_0_Microsoft_VC90_MFC_x64.QFE.A2ADBFF3_39A4_3465_8495_2A4B21A67257. 
Action start 12:08:06: WindowsFolder.30729.6161.policy_9_0_Microsoft_VC90_MFC_x64.QFE.A2ADBFF3_39A4_3465_8495_2A4B21A67257.
Action ended 12:08:06: WindowsFolder.30729.6161.policy_9_0_Microsoft_VC90_MFC_x64.QFE.A2ADBFF3_39A4_3465_8495_2A4B21A67257. Return value 1.
Action 12:08:06: WindowsFolder.30729.6161.policy_9_0_Microsoft_VC90_OpenMP_x64.QFE.74B34459_B7EA_33B5_8BB4_E7885E3207D2. 
Action start 12:08:06: WindowsFolder.30729.6161.policy_9_0_Microsoft_VC90_OpenMP_x64.QFE.74B34459_B7EA_33B5_8BB4_E7885E3207D2.
Action ended 12:08:06: WindowsFolder.30729.6161.policy_9_0_Microsoft_VC90_OpenMP_x64.QFE.74B34459_B7EA_33B5_8BB4_E7885E3207D2. Return value 1.
Action 12:08:06: CostInitialize. Computing space requirements
Action start 12:08:06: CostInitialize.
Action ended 12:08:07: CostInitialize. Return value 1.
Action 12:08:07: ResolveSource. 
Action start 12:08:07: ResolveSource.
Action ended 12:08:07: ResolveSource. Return value 1.
Action 12:08:07: FileCost. Computing space requirements
Action start 12:08:07: FileCost.
Action ended 12:08:07: FileCost. Return value 1.
Action 12:08:07: IsolateComponents. 
Action start 12:08:07: IsolateComponents.
Action ended 12:08:07: IsolateComponents. Return value 1.
Action 12:08:07: setUserProfileNT. 
Action start 12:08:07: setUserProfileNT.
Action ended 12:08:07: setUserProfileNT. Return value 1.
Action 12:08:07: setAllUsersProfile2K. 
Action start 12:08:07: setAllUsersProfile2K.
Action ended 12:08:07: setAllUsersProfile2K. Return value 1.
Action 12:08:07: setPublicProfileVista. 
Action start 12:08:07: setPublicProfileVista.
Action ended 12:08:07: setPublicProfileVista. Return value 1.
Action 12:08:07: setSysArmProfileVista. 
Action start 12:08:07: setSysArmProfileVista.
Action ended 12:08:07: setSysArmProfileVista. Return value 1.
Action 12:08:07: CostFinalize. Computing space requirements
Action start 12:08:07: CostFinalize.
Action ended 12:08:08: CostFinalize. Return value 1.
Action 12:08:08: RegisterMastercamFontProperties. 
Action start 12:08:08: RegisterMastercamFontProperties.
Action ended 12:08:08: RegisterMastercamFontProperties. Return value 1.
Action 12:08:08: UnregisterMastercamFontProperties. 
Action start 12:08:08: UnregisterMastercamFontProperties.
Action ended 12:08:08: UnregisterMastercamFontProperties. Return value 1.
Action 12:08:08: SetInstallDirectory. 
Action start 12:08:08: SetInstallDirectory.
InstallShield 12:08:08: Running InstallScript function f3
InstallShield 12:08:08: Opening stream of file C:\users\asdf\AppData\Local\Temp\msiF10A.tmp
InstallShield 12:08:08: Extracting support file IsConfig.ini to C:\users\asdf\AppData\Local\Temp\{C81459AA-D39E-4051-B820-F3E1A2C5CE0E}\IsConfig.ini
InstallShield 12:08:08: Extracted isconfig.ini to C:\users\asdf\AppData\Local\Temp\{C81459AA-D39E-4051-B820-F3E1A2C5CE0E}\IsConfig.ini
InstallShield 12:08:08: Got '{09FDC66F-DAA9-4533-B759-FC3CDDD0E777}' for TempPathGuid from isconfig.ini
InstallShield 12:08:08: Using temp folder C:\users\asdf\AppData\Local\Temp\{C81459AA-D39E-4051-B820-F3E1A2C5CE0E}\
InstallShield 12:08:08: Installing engine...
InstallShield 12:08:08: Using product language 1033
InstallShield 12:08:08: Extracting support file setup.inx to C:\users\asdf\AppData\Local\Temp\{C81459AA-D39E-4051-B820-F3E1A2C5CE0E}\setup.inx
InstallShield 12:08:08: Extracting support file ISRT.dll to C:\users\asdf\AppData\Local\Temp\{C81459AA-D39E-4051-B820-F3E1A2C5CE0E}\ISRT.dll
InstallShield 12:08:08: Detected X64 OS
InstallShield 12:08:08: Extracting support file ISBEWX64.exe to C:\users\asdf\AppData\Local\Temp\{C81459AA-D39E-4051-B820-F3E1A2C5CE0E}\_is3440.exe
InstallShield 12:08:08: Extracting support file _isres_0x0409.dll to C:\users\asdf\AppData\Local\Temp\{C81459AA-D39E-4051-B820-F3E1A2C5CE0E}\_isres_0x0409.dll
InstallShield 12:08:08: Extracting support file String1033.txt to C:\users\asdf\AppData\Local\Temp\{C81459AA-D39E-4051-B820-F3E1A2C5CE0E}\String1033.txt
InstallShield 12:08:08: Skipping optional support file _isuser_0x0409.dll
InstallShield 12:08:08: Setting script cmdline...
InstallShield 12:08:08: ProductCode is {E3A7A159-C187-44D3-93E8-5EF961F4E0DD}
InstallShield 12:08:08: Initializing Engine
InstallShield 12:08:10: Done Initializing...
InstallShield 12:08:10: Registering Msi Server...
InstallShield 12:08:10: Invoking script function SetInstallDirectory
1: Function: setInstallDirectory, destDir =  relFlag = MASTERCAM, COMMON_SUPPORT, CODEMETER, X64_ONLY, MCAM_FAMILY 
1: Function: setInstallDirectory, _MAIN, INSTALLDIR = C:\Program Files\Mastercam 2027\ 
InstallShield 12:08:10: Returning script function result
InstallShield 12:08:10: CallScriptFunctionFromMsiCA() ends, result 0x0
Action ended 12:08:10: SetInstallDirectory. Return value 1.
Action 12:08:10: MigrateFeatureStates. Migrating feature states from related applications
Action start 12:08:10: MigrateFeatureStates.
Action ended 12:08:10: MigrateFeatureStates. Return value 1.
Action 12:08:10: SetInstallLanguageProperties. 
Action start 12:08:10: SetInstallLanguageProperties.
InstallShield 12:08:10: Running InstallScript function f25
InstallShield 12:08:10: Opening stream of file C:\users\asdf\AppData\Local\Temp\msiF10A.tmp
InstallShield 12:08:10: Extracting support file IsConfig.ini to C:\users\asdf\AppData\Local\Temp\{C1B18A87-1402-447D-9C12-0D87D0FDBC9A}\IsConfig.ini
InstallShield 12:08:10: Extracted isconfig.ini to C:\users\asdf\AppData\Local\Temp\{C1B18A87-1402-447D-9C12-0D87D0FDBC9A}\IsConfig.ini
InstallShield 12:08:10: Got '{09FDC66F-DAA9-4533-B759-FC3CDDD0E777}' for TempPathGuid from isconfig.ini
InstallShield 12:08:10: Using temp folder C:\users\asdf\AppData\Local\Temp\{C1B18A87-1402-447D-9C12-0D87D0FDBC9A}\
InstallShield 12:08:10: Installing engine...
InstallShield 12:08:10: Using product language 1033
InstallShield 12:08:10: Extracting support file setup.inx to C:\users\asdf\AppData\Local\Temp\{C1B18A87-1402-447D-9C12-0D87D0FDBC9A}\setup.inx
InstallShield 12:08:10: Extracting support file ISRT.dll to C:\users\asdf\AppData\Local\Temp\{C1B18A87-1402-447D-9C12-0D87D0FDBC9A}\ISRT.dll
InstallShield 12:08:10: Detected X64 OS
InstallShield 12:08:10: Extracting support file ISBEWX64.exe to C:\users\asdf\AppData\Local\Temp\{C1B18A87-1402-447D-9C12-0D87D0FDBC9A}\_is3E79.exe
InstallShield 12:08:10: Extracting support file _isres_0x0409.dll to C:\users\asdf\AppData\Local\Temp\{C1B18A87-1402-447D-9C12-0D87D0FDBC9A}\_isres_0x0409.dll
InstallShield 12:08:10: Extracting support file String1033.txt to C:\users\asdf\AppData\Local\Temp\{C1B18A87-1402-447D-9C12-0D87D0FDBC9A}\String1033.txt
InstallShield 12:08:10: Skipping optional support file _isuser_0x0409.dll
InstallShield 12:08:10: Setting script cmdline...
InstallShield 12:08:10: ProductCode is {E3A7A159-C187-44D3-93E8-5EF961F4E0DD}
InstallShield 12:08:10: Initializing Engine
InstallShield 12:08:13: Done Initializing...
InstallShield 12:08:13: Registering Msi Server...
InstallShield 12:08:13: Invoking script function SetInstallLanguageProperties
InstallShield 12:08:13: Returning script function result
InstallShield 12:08:13: CallScriptFunctionFromMsiCA() ends, result 0x0
Action ended 12:08:13: SetInstallLanguageProperties. Return value 1.
Action 12:08:13: SetSUITEGUIDFOLDER. 
Action start 12:08:13: SetSUITEGUIDFOLDER.
Action ended 12:08:13: SetSUITEGUIDFOLDER. Return value 1.
Action 12:08:13: SetARPINSTALLLOCATION. 
Action start 12:08:13: SetARPINSTALLLOCATION.
Action ended 12:08:13: SetARPINSTALLLOCATION. Return value 1.
Action 12:08:13: SetODBCFolders. Initializing ODBC directories
Action start 12:08:13: SetODBCFolders.
Action ended 12:08:13: SetODBCFolders. Return value 1.
Action 12:08:13: StopCodeMeterService. 
Action start 12:08:13: StopCodeMeterService.
InstallShield 12:08:13: Running InstallScript function f15
InstallShield 12:08:13: Opening stream of file C:\users\asdf\AppData\Local\Temp\msiF10A.tmp
InstallShield 12:08:13: Extracting support file IsConfig.ini to C:\users\asdf\AppData\Local\Temp\{0952BFC9-012B-4682-BDC8-D32938029E24}\IsConfig.ini
InstallShield 12:08:13: Extracted isconfig.ini to C:\users\asdf\AppData\Local\Temp\{0952BFC9-012B-4682-BDC8-D32938029E24}\IsConfig.ini
InstallShield 12:08:13: Got '{09FDC66F-DAA9-4533-B759-FC3CDDD0E777}' for TempPathGuid from isconfig.ini
InstallShield 12:08:13: Using temp folder C:\users\asdf\AppData\Local\Temp\{0952BFC9-012B-4682-BDC8-D32938029E24}\
InstallShield 12:08:13: Installing engine...
InstallShield 12:08:13: Using product language 1033
InstallShield 12:08:13: Extracting support file setup.inx to C:\users\asdf\AppData\Local\Temp\{0952BFC9-012B-4682-BDC8-D32938029E24}\setup.inx
InstallShield 12:08:13: Extracting support file ISRT.dll to C:\users\asdf\AppData\Local\Temp\{0952BFC9-012B-4682-BDC8-D32938029E24}\ISRT.dll
InstallShield 12:08:13: Detected X64 OS
InstallShield 12:08:13: Extracting support file ISBEWX64.exe to C:\users\asdf\AppData\Local\Temp\{0952BFC9-012B-4682-BDC8-D32938029E24}\_is4842.exe
InstallShield 12:08:13: Extracting support file _isres_0x0409.dll to C:\users\asdf\AppData\Local\Temp\{0952BFC9-012B-4682-BDC8-D32938029E24}\_isres_0x0409.dll
InstallShield 12:08:13: Extracting support file String1033.txt to C:\users\asdf\AppData\Local\Temp\{0952BFC9-012B-4682-BDC8-D32938029E24}\String1033.txt
InstallShield 12:08:13: Skipping optional support file _isuser_0x0409.dll
InstallShield 12:08:13: Setting script cmdline...
InstallShield 12:08:13: ProductCode is {E3A7A159-C187-44D3-93E8-5EF961F4E0DD}
InstallShield 12:08:13: Initializing Engine
InstallShield 12:08:15: Done Initializing...
InstallShield 12:08:15: Registering Msi Server...
InstallShield 12:08:15: Invoking script function StopCodeMeterService
InstallShield 12:08:16: Returning script function result
InstallShield 12:08:16: CallScriptFunctionFromMsiCA() ends, result 0x0
Action ended 12:08:16: StopCodeMeterService. Return value 1.
Action 12:08:16: InstallValidate. Validating install
Action start 12:08:16: InstallValidate.
Action ended 12:08:16: InstallValidate. Return value 1.
Action 12:08:16: ISLockPermissionsCost. Gathering permissions information for objects...
Action start 12:08:16: ISLockPermissionsCost.
InstallShield 12:08:16: Attempting to determine component state for MastercamRegistryComponent
InstallShield 12:08:16: Install state of component is 2, action is 3
Action ended 12:08:16: ISLockPermissionsCost. Return value 1.
Action 12:08:16: RemoveExistingProducts. Removing applications
Action start 12:08:16: RemoveExistingProducts.
Action ended 12:08:16: RemoveExistingProducts. Return value 1.
Action 12:08:16: InstallInitialize. 
Action start 12:08:16: InstallInitialize.
Action ended 12:08:16: InstallInitialize. Return value 1.
Action 12:08:16: StartCodeMeterServiceOnRollback. 
Action start 12:08:16: StartCodeMeterServiceOnRollback.
Action ended 12:08:16: StartCodeMeterServiceOnRollback. Return value 1.
Action 12:08:16: SxsInstallCA. 
Action start 12:08:16: SxsInstallCA.
1: sxsdelca 2: traceop 3: 1256 4: 0 
1: sxsdelca 2: traceop 3: 1257 4: 0 
1: sxsdelca 2: traceop 3: 1258 4: 0 
1: sxsdelca 2: traceop 3: 1284 4: 0 
1: sxsdelca 2: traceop 3: 1288 4: 0 
1: sxsdelca 2: traceop 3: 1289 4: 0 
1: sxsdelca 2: traceop 3: 1290 4: 0 
1: sxsdelca 2: traceop 3: 1292 4: 0 
1: sxsdelca 2: traceop 3: 1306 4: 0 
1: sxsdelca 2: traceop 3: 1307 4: 0 
1: sxsdelca 2: traceop 3: 796 4: 0 
1: sxsdelca 2: traceop 3: 801 4: 0 
1: sxsdelca 2: traceop 3: 802 4: 0 
1: sxsdelca 2: traceop 3: 803 4: 0 
1: sxsdelca 2: traceop 3: 805 4: 0 
1: sxsdelca 2: traceop 3: 812 4: 0 
1: sxsdelca 2: traceop 3: 813 4: 0 
1: sxsdelca 2: traceop 3: 814 4: 0 
1: sxsdelca 2: traceop 3: 819 4: 0 
1: sxsdelca 2: traceop 3: 820 4: 0 
1: sxsdelca 2: traceop 3: 821 4: 0 
1: sxsdelca 2: traceop 3: 827 4: 0 
1: sxsdelca 2: traceop 3: 831 4: 0 
1: sxsdelca 2: traceop 3: 827 4: 0 
1: sxsdelca 2: traceop 3: 831 4: 0 
1: sxsdelca 2: traceop 3: 827 4: 0 
1: sxsdelca 2: traceop 3: 831 4: 0 
1: sxsdelca 2: traceop 3: 827 4: 259 
1: sxsdelca 2: traceop 3: 1311 4: 0 
1: sxsdelca 2: traceop 3: 1312 4: 0 
1: sxsdelca 2: traceop 3: 1077 4: 0 
1: sxsdelca 2: traceop 3: 1081 4: 0 
1: sxsdelca 2: traceop 3: 1083 4: 0 
1: sxsdelca 2: traceop 3: 1087 4: 0 
1: sxsdelca 2: traceop 3: 1093 4: 0 
1: sxsdelca 2: traceop 3: 1097 4: 0 
1: sxsdelca 2: traceop 3: 1093 4: 0 
1: sxsdelca 2: traceop 3: 1101 4: 0 
1: sxsdelca 2: traceop 3: 1093 4: 0 
1: sxsdelca 2: traceop 3: 1105 4: 0 
1: sxsdelca 2: traceop 3: 1093 4: 0 
1: sxsdelca 2: traceop 3: 1109 4: 0 
1: sxsdelca 2: traceop 3: 1093 4: 0 
1: sxsdelca 2: traceop 3: 1113 4: 0 
1: sxsdelca 2: traceop 3: 1093 4: 0 
1: sxsdelca 2: traceop 3: 1117 4: 0 
1: sxsdelca 2: traceop 3: 1121 4: 0 
1: sxsdelca 2: traceop 3: 1313 4: 0 
1: sxsdelca 2: traceop 3: 1314 4: 0 
1: sxsdelca: Added reg value for  2: uplevel.837BF1EB_D770_94EB_FF1F_C8B3B9A1E18E 
1: sxsdelca 2: traceop 3: 1284 4: 0 
1: sxsdelca 2: traceop 3: 1288 4: 0 
1: sxsdelca 2: traceop 3: 1289 4: 0 
1: sxsdelca 2: traceop 3: 1290 4: 0 
1: sxsdelca 2: traceop 3: 1292 4: 0 
1: sxsdelca 2: traceop 3: 1318 4: 0 
1: sxsdelca: Skipping component  2: downlevel_payload.8.0.50727.762.837BF1EB_D770_94EB_FF1F_C8B3B9A1E18E 
1: sxsdelca 2: traceop 3: 1284 4: 0 
1: sxsdelca 2: traceop 3: 1288 4: 0 
1: sxsdelca 2: traceop 3: 1289 4: 0 
1: sxsdelca 2: traceop 3: 1290 4: 0 
1: sxsdelca 2: traceop 3: 1292 4: 0 
1: sxsdelca 2: traceop 3: 1318 4: 0 
1: sxsdelca: Skipping component  2: downlevel_manifest.8.0.50727.762.837BF1EB_D770_94EB_FF1F_C8B3B9A1E18E 
1: sxsdelca 2: traceop 3: 1284 4: 0 
1: sxsdelca 2: traceop 3: 1288 4: 0 
1: sxsdelca 2: traceop 3: 1289 4: 0 
1: sxsdelca 2: traceop 3: 1290 4: 0 
1: sxsdelca 2: traceop 3: 1292 4: 0 
1: sxsdelca 2: traceop 3: 1318 4: 0 
1: sxsdelca: Skipping component  2: downlevel_payload.837BF1EB_D770_94EB_FF1F_C8B3B9A1E18E 
1: sxsdelca 2: traceop 3: 1284 4: 0 
1: sxsdelca 2: traceop 3: 1288 4: 0 
1: sxsdelca 2: traceop 3: 1289 4: 0 
1: sxsdelca 2: traceop 3: 1290 4: 0 
1: sxsdelca 2: traceop 3: 1292 4: 0 
1: sxsdelca 2: traceop 3: 1318 4: 0 
1: sxsdelca: Skipping component  2: downlevel_manifest.837BF1EB_D770_94EB_FF1F_C8B3B9A1E18E 
1: sxsdelca 2: traceop 3: 1284 4: 0 
1: sxsdelca 2: traceop 3: 1288 4: 0 
1: sxsdelca 2: traceop 3: 1289 4: 0 
1: sxsdelca 2: traceop 3: 1290 4: 0 
1: sxsdelca 2: traceop 3: 1292 4: 0 
1: sxsdelca 2: traceop 3: 1318 4: 0 
1: sxsdelca: Skipping component  2: downlevel_payload.8.0.50727.96.837BF1EB_D770_94EB_FF1F_C8B3B9A1E18E 
1: sxsdelca 2: traceop 3: 1284 4: 0 
1: sxsdelca 2: traceop 3: 1288 4: 0 
1: sxsdelca 2: traceop 3: 1289 4: 0 
1: sxsdelca 2: traceop 3: 1290 4: 0 
1: sxsdelca 2: traceop 3: 1292 4: 0 
1: sxsdelca 2: traceop 3: 1318 4: 0 
1: sxsdelca: Skipping component  2: downlevel_payload.8.0.50727.89.837BF1EB_D770_94EB_FF1F_C8B3B9A1E18E 
1: sxsdelca 2: traceop 3: 1284 4: 0 
1: sxsdelca 2: traceop 3: 1288 4: 0 
1: sxsdelca 2: traceop 3: 1289 4: 0 
1: sxsdelca 2: traceop 3: 1290 4: 0 
1: sxsdelca 2: traceop 3: 1292 4: 0 
1: sxsdelca 2: traceop 3: 1318 4: 0 
1: sxsdelca: Skipping component  2: downlevel_payload.8.0.50727.95.837BF1EB_D770_94EB_FF1F_C8B3B9A1E18E 
1: sxsdelca 2: traceop 3: 1284 4: 0 
1: sxsdelca 2: traceop 3: 1288 4: 0 
1: sxsdelca 2: traceop 3: 1289 4: 0 
1: sxsdelca 2: traceop 3: 1290 4: 0 
1: sxsdelca 2: traceop 3: 1292 4: 0 
1: sxsdelca 2: traceop 3: 1318 4: 0 
1: sxsdelca: Skipping component  2: downlevel_payload.8.0.50727.94.837BF1EB_D770_94EB_FF1F_C8B3B9A1E18E 
1: sxsdelca 2: traceop 3: 1284 4: 0 
1: sxsdelca 2: traceop 3: 1288 4: 0 
1: sxsdelca 2: traceop 3: 1289 4: 0 
1: sxsdelca 2: traceop 3: 1290 4: 0 
1: sxsdelca 2: traceop 3: 1292 4: 0 
1: sxsdelca 2: traceop 3: 1318 4: 0 
1: sxsdelca: Skipping component  2: downlevel_payload.8.0.50727.93.837BF1EB_D770_94EB_FF1F_C8B3B9A1E18E 
1: sxsdelca 2: traceop 3: 1284 4: 0 
1: sxsdelca 2: traceop 3: 1288 4: 0 
1: sxsdelca 2: traceop 3: 1289 4: 0 
1: sxsdelca 2: traceop 3: 1290 4: 0 
1: sxsdelca 2: traceop 3: 1292 4: 0 
1: sxsdelca 2: traceop 3: 1318 4: 0 
1: sxsdelca: Skipping component  2: downlevel_manifest.8.0.50727.89.837BF1EB_D770_94EB_FF1F_C8B3B9A1E18E 
1: sxsdelca 2: traceop 3: 1284 4: 0 
1: sxsdelca 2: traceop 3: 1288 4: 0 
1: sxsdelca 2: traceop 3: 1289 4: 0 
1: sxsdelca 2: traceop 3: 1290 4: 0 
1: sxsdelca 2: traceop 3: 1292 4: 0 
1: sxsdelca 2: traceop 3: 1318 4: 0 
1: sxsdelca: Skipping component  2: downlevel_payload.8.0.50727.98.837BF1EB_D770_94EB_FF1F_C8B3B9A1E18E 
1: sxsdelca 2: traceop 3: 1284 4: 0 
1: sxsdelca 2: traceop 3: 1288 4: 0 
1: sxsdelca 2: traceop 3: 1289 4: 0 
1: sxsdelca 2: traceop 3: 1290 4: 0 
1: sxsdelca 2: traceop 3: 1292 4: 0 
1: sxsdelca 2: traceop 3: 1318 4: 0 
1: sxsdelca: Skipping component  2: downlevel_manifest.8.0.50727.93.837BF1EB_D770_94EB_FF1F_C8B3B9A1E18E 
1: sxsdelca 2: traceop 3: 1284 4: 0 
1: sxsdelca 2: traceop 3: 1288 4: 0 
1: sxsdelca 2: traceop 3: 1289 4: 0 
1: sxsdelca 2: traceop 3: 1290 4: 0 
1: sxsdelca 2: traceop 3: 1292 4: 0 
1: sxsdelca 2: traceop 3: 1318 4: 0 
1: sxsdelca: Skipping component  2: downlevel_manifest.8.0.50727.94.837BF1EB_D770_94EB_FF1F_C8B3B9A1E18E 
1: sxsdelca 2: traceop 3: 1284 4: 0 
1: sxsdelca 2: traceop 3: 1288 4: 0 
1: sxsdelca 2: traceop 3: 1289 4: 0 
1: sxsdelca 2: traceop 3: 1290 4: 0 
1: sxsdelca 2: traceop 3: 1292 4: 0 
1: sxsdelca 2: traceop 3: 1318 4: 0 
1: sxsdelca: Skipping component  2: downlevel_payload.8.0.50727.97.837BF1EB_D770_94EB_FF1F_C8B3B9A1E18E 
1: sxsdelca 2: traceop 3: 1284 4: 0 
1: sxsdelca 2: traceop 3: 1288 4: 0 
1: sxsdelca 2: traceop 3: 1289 4: 0 
1: sxsdelca 2: traceop 3: 1290 4: 0 
1: sxsdelca 2: traceop 3: 1292 4: 0 
1: sxsdelca 2: traceop 3: 1318 4: 0 
1: sxsdelca: Skipping component  2: downlevel_manifest.8.0.50727.95.837BF1EB_D770_94EB_FF1F_C8B3B9A1E18E 
1: sxsdelca 2: traceop 3: 1284 4: 0 
1: sxsdelca 2: traceop 3: 1288 4: 0 
1: sxsdelca 2: traceop 3: 1289 4: 0 
1: sxsdelca 2: traceop 3: 1290 4: 0 
1: sxsdelca 2: traceop 3: 1292 4: 0 
1: sxsdelca 2: traceop 3: 1318 4: 0 
1: sxsdelca: Skipping component  2: downlevel_payload.8.0.50727.99.837BF1EB_D770_94EB_FF1F_C8B3B9A1E18E 
1: sxsdelca 2: traceop 3: 1284 4: 0 
1: sxsdelca 2: traceop 3: 1288 4: 0 
1: sxsdelca 2: traceop 3: 1289 4: 0 
1: sxsdelca 2: traceop 3: 1290 4: 0 
1: sxsdelca 2: traceop 3: 1292 4: 0 
1: sxsdelca 2: traceop 3: 1318 4: 0 
1: sxsdelca: Skipping component  2: downlevel_payload.8.0.50727.100.837BF1EB_D770_94EB_FF1F_C8B3B9A1E18E 
1: sxsdelca 2: traceop 3: 1284 4: 0 
1: sxsdelca 2: traceop 3: 1288 4: 0 
1: sxsdelca 2: traceop 3: 1289 4: 0 
1: sxsdelca 2: traceop 3: 1290 4: 0 
1: sxsdelca 2: traceop 3: 1292 4: 0 
1: sxsdelca 2: traceop 3: 1318 4: 0 
1: sxsdelca: Skipping component  2: downlevel_manifest.8.0.50727.96.837BF1EB_D770_94EB_FF1F_C8B3B9A1E18E 
1: sxsdelca 2: traceop 3: 1284 4: 0 
1: sxsdelca 2: traceop 3: 1288 4: 0 
1: sxsdelca 2: traceop 3: 1289 4: 0 
1: sxsdelca 2: traceop 3: 1290 4: 0 
1: sxsdelca 2: traceop 3: 1292 4: 0 
1: sxsdelca 2: traceop 3: 1318 4: 0 
1: sxsdelca: Skipping component  2: downlevel_manifest.8.0.50727.97.837BF1EB_D770_94EB_FF1F_C8B3B9A1E18E 
1: sxsdelca 2: traceop 3: 1284 4: 0 
1: sxsdelca 2: traceop 3: 1288 4: 0 
1: sxsdelca 2: traceop 3: 1289 4: 0 
1: sxsdelca 2: traceop 3: 1290 4: 0 
1: sxsdelca 2: traceop 3: 1292 4: 0 
1: sxsdelca 2: traceop 3: 1318 4: 0 
1: sxsdelca: Skipping component  2: downlevel_payload.8.0.50727.101.837BF1EB_D770_94EB_FF1F_C8B3B9A1E18E 
1: sxsdelca 2: traceop 3: 1284 4: 0 
1: sxsdelca 2: traceop 3: 1288 4: 0 
1: sxsdelca 2: traceop 3: 1289 4: 0 
1: sxsdelca 2: traceop 3: 1290 4: 0 
1: sxsdelca 2: traceop 3: 1292 4: 0 
1: sxsdelca 2: traceop 3: 1318 4: 0 
1: sxsdelca: Skipping component  2: downlevel_payload.8.0.50727.103.837BF1EB_D770_94EB_FF1F_C8B3B9A1E18E 
1: sxsdelca 2: traceop 3: 1284 4: 0 
1: sxsdelca 2: traceop 3: 1288 4: 0 
1: sxsdelca 2: traceop 3: 1289 4: 0 
1: sxsdelca 2: traceop 3: 1290 4: 0 
1: sxsdelca 2: traceop 3: 1292 4: 0 
1: sxsdelca 2: traceop 3: 1318 4: 0 
1: sxsdelca: Skipping component  2: downlevel_manifest.8.0.50727.98.837BF1EB_D770_94EB_FF1F_C8B3B9A1E18E 
1: sxsdelca 2: traceop 3: 1284 4: 0 
1: sxsdelca 2: traceop 3: 1288 4: 0 
1: sxsdelca 2: traceop 3: 1289 4: 0 
1: sxsdelca 2: traceop 3: 1290 4: 0 
1: sxsdelca 2: traceop 3: 1292 4: 0 
1: sxsdelca 2: traceop 3: 1318 4: 0 
1: sxsdelca: Skipping component  2: downlevel_manifest.8.0.50727.99.837BF1EB_D770_94EB_FF1F_C8B3B9A1E18E 
1: sxsdelca 2: traceop 3: 1284 4: 0 
1: sxsdelca 2: traceop 3: 1288 4: 0 
1: sxsdelca 2: traceop 3: 1289 4: 0 
1: sxsdelca 2: traceop 3: 1290 4: 0 
1: sxsdelca 2: traceop 3: 1292 4: 0 
1: sxsdelca 2: traceop 3: 1318 4: 0 
1: sxsdelca: Skipping component  2: downlevel_payload.8.0.50727.104.837BF1EB_D770_94EB_FF1F_C8B3B9A1E18E 
1: sxsdelca 2: traceop 3: 1284 4: 0 
1: sxsdelca 2: traceop 3: 1288 4: 0 
1: sxsdelca 2: traceop 3: 1289 4: 0 
1: sxsdelca 2: traceop 3: 1290 4: 0 
1: sxsdelca 2: traceop 3: 1292 4: 0 
1: sxsdelca 2: traceop 3: 1318 4: 0 
1: sxsdelca: Skipping component  2: downlevel_manifest.8.0.50727.100.837BF1EB_D770_94EB_FF1F_C8B3B9A1E18E 
1: sxsdelca 2: traceop 3: 1284 4: 0 
1: sxsdelca 2: traceop 3: 1288 4: 0 
1: sxsdelca 2: traceop 3: 1289 4: 0 
1: sxsdelca 2: traceop 3: 1290 4: 0 
1: sxsdelca 2: traceop 3: 1292 4: 0 
1: sxsdelca 2: traceop 3: 1318 4: 0 
1: sxsdelca: Skipping component  2: downlevel_manifest.8.0.50727.101.837BF1EB_D770_94EB_FF1F_C8B3B9A1E18E 
1: sxsdelca 2: traceop 3: 1284 4: 0 
1: sxsdelca 2: traceop 3: 1288 4: 0 
1: sxsdelca 2: traceop 3: 1289 4: 0 
1: sxsdelca 2: traceop 3: 1290 4: 0 
1: sxsdelca 2: traceop 3: 1292 4: 0 
1: sxsdelca 2: traceop 3: 1318 4: 0 
1: sxsdelca: Skipping component  2: downlevel_payload.8.0.50727.193.837BF1EB_D770_94EB_FF1F_C8B3B9A1E18E 
1: sxsdelca 2: traceop 3: 1284 4: 0 
1: sxsdelca 2: traceop 3: 1288 4: 0 
1: sxsdelca 2: traceop 3: 1289 4: 0 
1: sxsdelca 2: traceop 3: 1290 4: 0 
1: sxsdelca 2: traceop 3: 1292 4: 0 
1: sxsdelca 2: traceop 3: 1318 4: 0 
1: sxsdelca: Skipping component  2: downlevel_manifest.8.0.50727.103.837BF1EB_D770_94EB_FF1F_C8B3B9A1E18E 
1: sxsdelca 2: traceop 3: 1284 4: 0 
1: sxsdelca 2: traceop 3: 1288 4: 0 
1: sxsdelca 2: traceop 3: 1289 4: 0 
1: sxsdelca 2: traceop 3: 1290 4: 0 
1: sxsdelca 2: traceop 3: 1292 4: 0 
1: sxsdelca 2: traceop 3: 1318 4: 0 
1: sxsdelca: Skipping component  2: downlevel_manifest.8.0.50727.104.837BF1EB_D770_94EB_FF1F_C8B3B9A1E18E 
1: sxsdelca 2: traceop 3: 1284 4: 0 
1: sxsdelca 2: traceop 3: 1288 4: 0 
1: sxsdelca 2: traceop 3: 1289 4: 0 
1: sxsdelca 2: traceop 3: 1290 4: 0 
1: sxsdelca 2: traceop 3: 1292 4: 0 
1: sxsdelca 2: traceop 3: 1318 4: 0 
1: sxsdelca: Skipping component  2: downlevel_manifest.8.0.50727.193.837BF1EB_D770_94EB_FF1F_C8B3B9A1E18E 
1: sxsdelca 2: traceop 3: 1284 4: 0 
1: sxsdelca 2: traceop 3: 1288 4: 0 
1: sxsdelca 2: traceop 3: 1289 4: 0 
1: sxsdelca 2: traceop 3: 1290 4: 0 
1: sxsdelca 2: traceop 3: 1292 4: 0 
1: sxsdelca 2: traceop 3: 796 4: 0 
1: sxsdelca 2: traceop 3: 801 4: 0 
1: sxsdelca 2: traceop 3: 802 4: 0 
1: sxsdelca 2: traceop 3: 803 4: 0 
1: sxsdelca 2: traceop 3: 805 4: 0 
1: sxsdelca 2: traceop 3: 812 4: 0 
1: sxsdelca 2: traceop 3: 813 4: 0 
1: sxsdelca 2: traceop 3: 814 4: 0 
1: sxsdelca 2: traceop 3: 819 4: 0 
1: sxsdelca 2: traceop 3: 820 4: 0 
1: sxsdelca 2: traceop 3: 821 4: 0 
1: sxsdelca 2: traceop 3: 827 4: 0 
1: sxsdelca 2: traceop 3: 831 4: 0 
1: sxsdelca 2: traceop 3: 827 4: 0 
1: sxsdelca 2: traceop 3: 831 4: 0 
1: sxsdelca 2: traceop 3: 827 4: 259 
1: sxsdelca 2: traceop 3: 1311 4: 0 
1: sxsdelca 2: traceop 3: 1312 4: 0 
1: sxsdelca 2: traceop 3: 1077 4: 0 
1: sxsdelca 2: traceop 3: 1081 4: 0 
1: sxsdelca 2: traceop 3: 1083 4: 0 
1: sxsdelca 2: traceop 3: 1087 4: 0 
1: sxsdelca 2: traceop 3: 1093 4: 0 
1: sxsdelca 2: traceop 3: 1097 4: 0 
1: sxsdelca 2: traceop 3: 1093 4: 0 
1: sxsdelca 2: traceop 3: 1101 4: 0 
1: sxsdelca 2: traceop 3: 1093 4: 0 
1: sxsdelca 2: traceop 3: 1105 4: 0 
1: sxsdelca 2: traceop 3: 1093 4: 0 
1: sxsdelca 2: traceop 3: 1109 4: 0 
1: sxsdelca 2: traceop 3: 1093 4: 0 
1: sxsdelca 2: traceop 3: 1113 4: 0 
1: sxsdelca 2: traceop 3: 1093 4: 0 
1: sxsdelca 2: traceop 3: 1117 4: 0 
1: sxsdelca 2: traceop 3: 1121 4: 0 
1: sxsdelca 2: traceop 3: 1313 4: 0 
1: sxsdelca 2: traceop 3: 1314 4: 0 
1: sxsdelca: Added reg value for  2: uplevel.51B6FD4C_6551_1104_FF1F_C8B3B9A1E18E 
1: sxsdelca 2: traceop 3: 1284 4: 0 
1: sxsdelca 2: traceop 3: 1288 4: 0 
1: sxsdelca 2: traceop 3: 1289 4: 0 
1: sxsdelca 2: traceop 3: 1290 4: 0 
1: sxsdelca 2: traceop 3: 1292 4: 0 
1: sxsdelca 2: traceop 3: 1318 4: 0 
1: sxsdelca: Skipping component  2: downlevel_manifest.8.0.50727.762.51B6FD4C_6551_1104_FF1F_C8B3B9A1E18E 
1: sxsdelca 2: traceop 3: 1284 4: 0 
1: sxsdelca 2: traceop 3: 1288 4: 0 
1: sxsdelca 2: traceop 3: 1289 4: 0 
1: sxsdelca 2: traceop 3: 1290 4: 0 
1: sxsdelca 2: traceop 3: 1292 4: 0 
1: sxsdelca 2: traceop 3: 1318 4: 0 
1: sxsdelca: Skipping component  2: downlevel_manifest.51B6FD4C_6551_1104_FF1F_C8B3B9A1E18E 
1: sxsdelca 2: traceop 3: 1284 4: 0 
1: sxsdelca 2: traceop 3: 1288 4: 0 
1: sxsdelca 2: traceop 3: 1289 4: 0 
1: sxsdelca 2: traceop 3: 1290 4: 0 
1: sxsdelca 2: traceop 3: 1292 4: 0 
1: sxsdelca 2: traceop 3: 1318 4: 0 
1: sxsdelca: Skipping component  2: downlevel_manifest.8.0.50727.89.51B6FD4C_6551_1104_FF1F_C8B3B9A1E18E 
1: sxsdelca 2: traceop 3: 1284 4: 0 
1: sxsdelca 2: traceop 3: 1288 4: 0 
1: sxsdelca 2: traceop 3: 1289 4: 0 
1: sxsdelca 2: traceop 3: 1290 4: 0 
1: sxsdelca 2: traceop 3: 1292 4: 0 
1: sxsdelca 2: traceop 3: 1318 4: 0 
1: sxsdelca: Skipping component  2: downlevel_manifest.8.0.50727.93.51B6FD4C_6551_1104_FF1F_C8B3B9A1E18E 
1: sxsdelca 2: traceop 3: 1284 4: 0 
1: sxsdelca 2: traceop 3: 1288 4: 0 
1: sxsdelca 2: traceop 3: 1289 4: 0 
1: sxsdelca 2: traceop 3: 1290 4: 0 
1: sxsdelca 2: traceop 3: 1292 4: 0 
1: sxsdelca 2: traceop 3: 1318 4: 0 
1: sxsdelca: Skipping component  2: downlevel_manifest.8.0.50727.94.51B6FD4C_6551_1104_FF1F_C8B3B9A1E18E 
1: sxsdelca 2: traceop 3: 1284 4: 0 
1: sxsdelca 2: traceop 3: 1288 4: 0 
1: sxsdelca 2: traceop 3: 1289 4: 0 
1: sxsdelca 2: traceop 3: 1290 4: 0 
1: sxsdelca 2: traceop 3: 1292 4: 0 
1: sxsdelca 2: traceop 3: 1318 4: 0 
1: sxsdelca: Skipping component  2: downlevel_manifest.8.0.50727.95.51B6FD4C_6551_1104_FF1F_C8B3B9A1E18E 
1: sxsdelca 2: traceop 3: 1284 4: 0 
1: sxsdelca 2: traceop 3: 1288 4: 0 
1: sxsdelca 2: traceop 3: 1289 4: 0 
1: sxsdelca 2: traceop 3: 1290 4: 0 
1: sxsdelca 2: traceop 3: 1292 4: 0 
1: sxsdelca 2: traceop 3: 1318 4: 0 
1: sxsdelca: Skipping component  2: downlevel_manifest.8.0.50727.96.51B6FD4C_6551_1104_FF1F_C8B3B9A1E18E 
1: sxsdelca 2: traceop 3: 1284 4: 0 
1: sxsdelca 2: traceop 3: 1288 4: 0 
1: sxsdelca 2: traceop 3: 1289 4: 0 
1: sxsdelca 2: traceop 3: 1290 4: 0 
1: sxsdelca 2: traceop 3: 1292 4: 0 
1: sxsdelca 2: traceop 3: 1318 4: 0 
1: sxsdelca: Skipping component  2: downlevel_manifest.8.0.50727.97.51B6FD4C_6551_1104_FF1F_C8B3B9A1E18E 
1: sxsdelca 2: traceop 3: 1284 4: 0 
1: sxsdelca 2: traceop 3: 1288 4: 0 
1: sxsdelca 2: traceop 3: 1289 4: 0 
1: sxsdelca 2: traceop 3: 1290 4: 0 
1: sxsdelca 2: traceop 3: 1292 4: 0 
1: sxsdelca 2: traceop 3: 1318 4: 0 
1: sxsdelca: Skipping component  2: downlevel_manifest.8.0.50727.98.51B6FD4C_6551_1104_FF1F_C8B3B9A1E18E 
1: sxsdelca 2: traceop 3: 1284 4: 0 
1: sxsdelca 2: traceop 3: 1288 4: 0 
1: sxsdelca 2: traceop 3: 1289 4: 0 
1: sxsdelca 2: traceop 3: 1290 4: 0 
1: sxsdelca 2: traceop 3: 1292 4: 0 
1: sxsdelca 2: traceop 3: 1318 4: 0 
1: sxsdelca: Skipping component  2: downlevel_manifest.8.0.50727.99.51B6FD4C_6551_1104_FF1F_C8B3B9A1E18E 
1: sxsdelca 2: traceop 3: 1284 4: 0 
1: sxsdelca 2: traceop 3: 1288 4: 0 
1: sxsdelca 2: traceop 3: 1289 4: 0 
1: sxsdelca 2: traceop 3: 1290 4: 0 
1: sxsdelca 2: traceop 3: 1292 4: 0 
1: sxsdelca 2: traceop 3: 1318 4: 0 
1: sxsdelca: Skipping component  2: downlevel_manifest.8.0.50727.100.51B6FD4C_6551_1104_FF1F_C8B3B9A1E18E 
1: sxsdelca 2: traceop 3: 1284 4: 0 
1: sxsdelca 2: traceop 3: 1288 4: 0 
1: sxsdelca 2: traceop 3: 1289 4: 0 
1: sxsdelca 2: traceop 3: 1290 4: 0 
1: sxsdelca 2: traceop 3: 1292 4: 0 
1: sxsdelca 2: traceop 3: 1318 4: 0 
1: sxsdelca: Skipping component  2: downlevel_manifest.8.0.50727.101.51B6FD4C_6551_1104_FF1F_C8B3B9A1E18E 
1: sxsdelca 2: traceop 3: 1284 4: 0 
1: sxsdelca 2: traceop 3: 1288 4: 0 
1: sxsdelca 2: traceop 3: 1289 4: 0 
1: sxsdelca 2: traceop 3: 1290 4: 0 
1: sxsdelca 2: traceop 3: 1292 4: 0 
1: sxsdelca 2: traceop 3: 1318 4: 0 
1: sxsdelca: Skipping component  2: downlevel_manifest.8.0.50727.103.51B6FD4C_6551_1104_FF1F_C8B3B9A1E18E 
1: sxsdelca 2: traceop 3: 1284 4: 0 
1: sxsdelca 2: traceop 3: 1288 4: 0 
1: sxsdelca 2: traceop 3: 1289 4: 0 
1: sxsdelca 2: traceop 3: 1290 4: 0 
1: sxsdelca 2: traceop 3: 1292 4: 0 
1: sxsdelca 2: traceop 3: 1318 4: 0 
1: sxsdelca: Skipping component  2: downlevel_manifest.8.0.50727.104.51B6FD4C_6551_1104_FF1F_C8B3B9A1E18E 
1: sxsdelca 2: traceop 3: 1284 4: 0 
1: sxsdelca 2: traceop 3: 1288 4: 0 
1: sxsdelca 2: traceop 3: 1289 4: 0 
1: sxsdelca 2: traceop 3: 1290 4: 0 
1: sxsdelca 2: traceop 3: 1292 4: 0 
1: sxsdelca 2: traceop 3: 1318 4: 0 
1: sxsdelca: Skipping component  2: downlevel_manifest.8.0.50727.193.51B6FD4C_6551_1104_FF1F_C8B3B9A1E18E 
1: sxsdelca 2: traceop 3: 1284 4: 0 
1: sxsdelca 2: traceop 3: 1288 4: 0 
1: sxsdelca 2: traceop 3: 1289 4: 0 
1: sxsdelca 2: traceop 3: 1290 4: 0 
1: sxsdelca 2: traceop 3: 1292 4: 0 
1: sxsdelca 2: traceop 3: 796 4: 0 
1: sxsdelca 2: traceop 3: 801 4: 0 
1: sxsdelca 2: traceop 3: 802 4: 0 
1: sxsdelca 2: traceop 3: 803 4: 0 
1: sxsdelca 2: traceop 3: 805 4: 0 
1: sxsdelca 2: traceop 3: 812 4: 0 
1: sxsdelca 2: traceop 3: 813 4: 0 
1: sxsdelca 2: traceop 3: 814 4: 0 
1: sxsdelca 2: traceop 3: 819 4: 0 
1: sxsdelca 2: traceop 3: 820 4: 0 
1: sxsdelca 2: traceop 3: 821 4: 0 
1: sxsdelca 2: traceop 3: 827 4: 0 
1: sxsdelca 2: traceop 3: 831 4: 0 
1: sxsdelca 2: traceop 3: 827 4: 0 
1: sxsdelca 2: traceop 3: 831 4: 0 
1: sxsdelca 2: traceop 3: 827 4: 0 
1: sxsdelca 2: traceop 3: 831 4: 0 
1: sxsdelca 2: traceop 3: 827 4: 0 
1: sxsdelca 2: traceop 3: 831 4: 0 
1: sxsdelca 2: traceop 3: 827 4: 0 
1: sxsdelca 2: traceop 3: 831 4: 0 
1: sxsdelca 2: traceop 3: 827 4: 259 
1: sxsdelca 2: traceop 3: 1311 4: 0 
1: sxsdelca 2: traceop 3: 1312 4: 0 
1: sxsdelca 2: traceop 3: 1077 4: 0 
1: sxsdelca 2: traceop 3: 1081 4: 0 
1: sxsdelca 2: traceop 3: 1083 4: 0 
1: sxsdelca 2: traceop 3: 1087 4: 0 
1: sxsdelca 2: traceop 3: 1093 4: 0 
1: sxsdelca 2: traceop 3: 1097 4: 0 
1: sxsdelca 2: traceop 3: 1093 4: 0 
1: sxsdelca 2: traceop 3: 1101 4: 0 
1: sxsdelca 2: traceop 3: 1093 4: 0 
1: sxsdelca 2: traceop 3: 1105 4: 0 
1: sxsdelca 2: traceop 3: 1093 4: 0 
1: sxsdelca 2: traceop 3: 1109 4: 0 
1: sxsdelca 2: traceop 3: 1093 4: 0 
1: sxsdelca 2: traceop 3: 1113 4: 0 
1: sxsdelca 2: traceop 3: 1093 4: 0 
1: sxsdelca 2: traceop 3: 1117 4: 0 
1: sxsdelca 2: traceop 3: 1121 4: 0 
1: sxsdelca 2: traceop 3: 1313 4: 0 
1: sxsdelca 2: traceop 3: 1314 4: 0 
1: sxsdelca: Added reg value for  2: uplevel.844EFBA7_1C24_93B2_FF1F_C8B3B9A1E18E 
1: sxsdelca 2: traceop 3: 1284 4: 0 
1: sxsdelca 2: traceop 3: 1288 4: 0 
1: sxsdelca 2: traceop 3: 1289 4: 0 
1: sxsdelca 2: traceop 3: 1290 4: 0 
1: sxsdelca 2: traceop 3: 1292 4: 0 
1: sxsdelca 2: traceop 3: 1318 4: 0 
1: sxsdelca: Skipping component  2: downlevel_payload.8.0.50727.762.844EFBA7_1C24_93B2_FF1F_C8B3B9A1E18E 
1: sxsdelca 2: traceop 3: 1284 4: 0 
1: sxsdelca 2: traceop 3: 1288 4: 0 
1: sxsdelca 2: traceop 3: 1289 4: 0 
1: sxsdelca 2: traceop 3: 1290 4: 0 
1: sxsdelca 2: traceop 3: 1292 4: 0 
1: sxsdelca 2: traceop 3: 1318 4: 0 
1: sxsdelca: Skipping component  2: downlevel_manifest.8.0.50727.762.844EFBA7_1C24_93B2_FF1F_C8B3B9A1E18E 
1: sxsdelca 2: traceop 3: 1284 4: 0 
1: sxsdelca 2: traceop 3: 1288 4: 0 
1: sxsdelca 2: traceop 3: 1289 4: 0 
1: sxsdelca 2: traceop 3: 1290 4: 0 
1: sxsdelca 2: traceop 3: 1292 4: 0 
1: sxsdelca 2: traceop 3: 1318 4: 0 
1: sxsdelca: Skipping component  2: downlevel_payload.844EFBA7_1C24_93B2_FF1F_C8B3B9A1E18E 
1: sxsdelca 2: traceop 3: 1284 4: 0 
1: sxsdelca 2: traceop 3: 1288 4: 0 
1: sxsdelca 2: traceop 3: 1289 4: 0 
1: sxsdelca 2: traceop 3: 1290 4: 0 
1: sxsdelca 2: traceop 3: 1292 4: 0 
1: sxsdelca 2: traceop 3: 1318 4: 0 
1: sxsdelca: Skipping component  2: downlevel_manifest.844EFBA7_1C24_93B2_FF1F_C8B3B9A1E18E 
1: sxsdelca 2: traceop 3: 1284 4: 0 
1: sxsdelca 2: traceop 3: 1288 4: 0 
1: sxsdelca 2: traceop 3: 1289 4: 0 
1: sxsdelca 2: traceop 3: 1290 4: 0 
1: sxsdelca 2: traceop 3: 1292 4: 0 
1: sxsdelca 2: traceop 3: 1318 4: 0 
1: sxsdelca: Skipping component  2: downlevel_manifest.8.0.50727.89.844EFBA7_1C24_93B2_FF1F_C8B3B9A1E18E 
1: sxsdelca 2: traceop 3: 1284 4: 0 
1: sxsdelca 2: traceop 3: 1288 4: 0 
1: sxsdelca 2: traceop 3: 1289 4: 0 
1: sxsdelca 2: traceop 3: 1290 4: 0 
1: sxsdelca 2: traceop 3: 1292 4: 0 
1: sxsdelca 2: traceop 3: 1318 4: 0 
1: sxsdelca: Skipping component  2: downlevel_manifest.8.0.50727.93.844EFBA7_1C24_93B2_FF1F_C8B3B9A1E18E 
1: sxsdelca 2: traceop 3: 1284 4: 0 
1: sxsdelca 2: traceop 3: 1288 4: 0 
1: sxsdelca 2: traceop 3: 1289 4: 0 
1: sxsdelca 2: traceop 3: 1290 4: 0 
1: sxsdelca 2: traceop 3: 1292 4: 0 
1: sxsdelca 2: traceop 3: 1318 4: 0 
1: sxsdelca: Skipping component  2: downlevel_manifest.8.0.50727.95.844EFBA7_1C24_93B2_FF1F_C8B3B9A1E18E 
1: sxsdelca 2: traceop 3: 1284 4: 0 
1: sxsdelca 2: traceop 3: 1288 4: 0 
1: sxsdelca 2: traceop 3: 1289 4: 0 
1: sxsdelca 2: traceop 3: 1290 4: 0 
1: sxsdelca 2: traceop 3: 1292 4: 0 
1: sxsdelca 2: traceop 3: 1318 4: 0 
1: sxsdelca: Skipping component  2: downlevel_payload.8.0.50727.89.844EFBA7_1C24_93B2_FF1F_C8B3B9A1E18E 
1: sxsdelca 2: traceop 3: 1284 4: 0 
1: sxsdelca 2: traceop 3: 1288 4: 0 
1: sxsdelca 2: traceop 3: 1289 4: 0 
1: sxsdelca 2: traceop 3: 1290 4: 0 
1: sxsdelca 2: traceop 3: 1292 4: 0 
1: sxsdelca 2: traceop 3: 1318 4: 0 
1: sxsdelca: Skipping component  2: downlevel_manifest.8.0.50727.94.844EFBA7_1C24_93B2_FF1F_C8B3B9A1E18E 
1: sxsdelca 2: traceop 3: 1284 4: 0 
1: sxsdelca 2: traceop 3: 1288 4: 0 
1: sxsdelca 2: traceop 3: 1289 4: 0 
1: sxsdelca 2: traceop 3: 1290 4: 0 
1: sxsdelca 2: traceop 3: 1292 4: 0 
1: sxsdelca 2: traceop 3: 1318 4: 0 
1: sxsdelca: Skipping component  2: downlevel_payload.8.0.50727.93.844EFBA7_1C24_93B2_FF1F_C8B3B9A1E18E 
1: sxsdelca 2: traceop 3: 1284 4: 0 
1: sxsdelca 2: traceop 3: 1288 4: 0 
1: sxsdelca 2: traceop 3: 1289 4: 0 
1: sxsdelca 2: traceop 3: 1290 4: 0 
1: sxsdelca 2: traceop 3: 1292 4: 0 
1: sxsdelca 2: traceop 3: 1318 4: 0 
1: sxsdelca: Skipping component  2: downlevel_payload.8.0.50727.95.844EFBA7_1C24_93B2_FF1F_C8B3B9A1E18E 
1: sxsdelca 2: traceop 3: 1284 4: 0 
1: sxsdelca 2: traceop 3: 1288 4: 0 
1: sxsdelca 2: traceop 3: 1289 4: 0 
1: sxsdelca 2: traceop 3: 1290 4: 0 
1: sxsdelca 2: traceop 3: 1292 4: 0 
1: sxsdelca 2: traceop 3: 1318 4: 0 
1: sxsdelca: Skipping component  2: downlevel_payload.8.0.50727.94.844EFBA7_1C24_93B2_FF1F_C8B3B9A1E18E 
1: sxsdelca 2: traceop 3: 1284 4: 0 
1: sxsdelca 2: traceop 3: 1288 4: 0 
1: sxsdelca 2: traceop 3: 1289 4: 0 
1: sxsdelca 2: traceop 3: 1290 4: 0 
1: sxsdelca 2: traceop 3: 1292 4: 0 
1: sxsdelca 2: traceop 3: 1318 4: 0 
1: sxsdelca: Skipping component  2: downlevel_manifest.8.0.50727.97.844EFBA7_1C24_93B2_FF1F_C8B3B9A1E18E 
1: sxsdelca 2: traceop 3: 1284 4: 0 
1: sxsdelca 2: traceop 3: 1288 4: 0 
1: sxsdelca 2: traceop 3: 1289 4: 0 
1: sxsdelca 2: traceop 3: 1290 4: 0 
1: sxsdelca 2: traceop 3: 1292 4: 0 
1: sxsdelca 2: traceop 3: 1318 4: 0 
1: sxsdelca: Skipping component  2: downlevel_manifest.8.0.50727.96.844EFBA7_1C24_93B2_FF1F_C8B3B9A1E18E 
1: sxsdelca 2: traceop 3: 1284 4: 0 
1: sxsdelca 2: traceop 3: 1288 4: 0 
1: sxsdelca 2: traceop 3: 1289 4: 0 
1: sxsdelca 2: traceop 3: 1290 4: 0 
1: sxsdelca 2: traceop 3: 1292 4: 0 
1: sxsdelca 2: traceop 3: 1318 4: 0 
1: sxsdelca: Skipping component  2: downlevel_manifest.8.0.50727.98.844EFBA7_1C24_93B2_FF1F_C8B3B9A1E18E 
1: sxsdelca 2: traceop 3: 1284 4: 0 
1: sxsdelca 2: traceop 3: 1288 4: 0 
1: sxsdelca 2: traceop 3: 1289 4: 0 
1: sxsdelca 2: traceop 3: 1290 4: 0 
1: sxsdelca 2: traceop 3: 1292 4: 0 
1: sxsdelca 2: traceop 3: 1318 4: 0 
1: sxsdelca: Skipping component  2: downlevel_payload.8.0.50727.96.844EFBA7_1C24_93B2_FF1F_C8B3B9A1E18E 
1: sxsdelca 2: traceop 3: 1284 4: 0 
1: sxsdelca 2: traceop 3: 1288 4: 0 
1: sxsdelca 2: traceop 3: 1289 4: 0 
1: sxsdelca 2: traceop 3: 1290 4: 0 
1: sxsdelca 2: traceop 3: 1292 4: 0 
1: sxsdelca 2: traceop 3: 1318 4: 0 
1: sxsdelca: Skipping component  2: downlevel_manifest.8.0.50727.99.844EFBA7_1C24_93B2_FF1F_C8B3B9A1E18E 
1: sxsdelca 2: traceop 3: 1284 4: 0 
1: sxsdelca 2: traceop 3: 1288 4: 0 
1: sxsdelca 2: traceop 3: 1289 4: 0 
1: sxsdelca 2: traceop 3: 1290 4: 0 
1: sxsdelca 2: traceop 3: 1292 4: 0 
1: sxsdelca 2: traceop 3: 1318 4: 0 
1: sxsdelca: Skipping component  2: downlevel_payload.8.0.50727.97.844EFBA7_1C24_93B2_FF1F_C8B3B9A1E18E 
1: sxsdelca 2: traceop 3: 1284 4: 0 
1: sxsdelca 2: traceop 3: 1288 4: 0 
1: sxsdelca 2: traceop 3: 1289 4: 0 
1: sxsdelca 2: traceop 3: 1290 4: 0 
1: sxsdelca 2: traceop 3: 1292 4: 0 
1: sxsdelca 2: traceop 3: 1318 4: 0 
1: sxsdelca: Skipping component  2: downlevel_manifest.8.0.50727.100.844EFBA7_1C24_93B2_FF1F_C8B3B9A1E18E 
1: sxsdelca 2: traceop 3: 1284 4: 0 
1: sxsdelca 2: traceop 3: 1288 4: 0 
1: sxsdelca 2: traceop 3: 1289 4: 0 
1: sxsdelca 2: traceop 3: 1290 4: 0 
1: sxsdelca 2: traceop 3: 1292 4: 0 
1: sxsdelca 2: traceop 3: 1318 4: 0 
1: sxsdelca: Skipping component  2: downlevel_payload.8.0.50727.98.844EFBA7_1C24_93B2_FF1F_C8B3B9A1E18E 
1: sxsdelca 2: traceop 3: 1284 4: 0 
1: sxsdelca 2: traceop 3: 1288 4: 0 
1: sxsdelca 2: traceop 3: 1289 4: 0 
1: sxsdelca 2: traceop 3: 1290 4: 0 
1: sxsdelca 2: traceop 3: 1292 4: 0 
1: sxsdelca 2: traceop 3: 1318 4: 0 
1: sxsdelca: Skipping component  2: downlevel_manifest.8.0.50727.101.844EFBA7_1C24_93B2_FF1F_C8B3B9A1E18E 
1: sxsdelca 2: traceop 3: 1284 4: 0 
1: sxsdelca 2: traceop 3: 1288 4: 0 
1: sxsdelca 2: traceop 3: 1289 4: 0 
1: sxsdelca 2: traceop 3: 1290 4: 0 
1: sxsdelca 2: traceop 3: 1292 4: 0 
1: sxsdelca 2: traceop 3: 1318 4: 0 
1: sxsdelca: Skipping component  2: downlevel_payload.8.0.50727.99.844EFBA7_1C24_93B2_FF1F_C8B3B9A1E18E 
1: sxsdelca 2: traceop 3: 1284 4: 0 
1: sxsdelca 2: traceop 3: 1288 4: 0 
1: sxsdelca 2: traceop 3: 1289 4: 0 
1: sxsdelca 2: traceop 3: 1290 4: 0 
1: sxsdelca 2: traceop 3: 1292 4: 0 
1: sxsdelca 2: traceop 3: 1318 4: 0 
1: sxsdelca: Skipping component  2: downlevel_manifest.8.0.50727.103.844EFBA7_1C24_93B2_FF1F_C8B3B9A1E18E 
1: sxsdelca 2: traceop 3: 1284 4: 0 
1: sxsdelca 2: traceop 3: 1288 4: 0 
1: sxsdelca 2: traceop 3: 1289 4: 0 
1: sxsdelca 2: traceop 3: 1290 4: 0 
1: sxsdelca 2: traceop 3: 1292 4: 0 
1: sxsdelca 2: traceop 3: 1318 4: 0 
1: sxsdelca: Skipping component  2: downlevel_payload.8.0.50727.100.844EFBA7_1C24_93B2_FF1F_C8B3B9A1E18E 
1: sxsdelca 2: traceop 3: 1284 4: 0 
1: sxsdelca 2: traceop 3: 1288 4: 0 
1: sxsdelca 2: traceop 3: 1289 4: 0 
1: sxsdelca 2: traceop 3: 1290 4: 0 
1: sxsdelca 2: traceop 3: 1292 4: 0 
1: sxsdelca 2: traceop 3: 1318 4: 0 
1: sxsdelca: Skipping component  2: downlevel_manifest.8.0.50727.104.844EFBA7_1C24_93B2_FF1F_C8B3B9A1E18E 
1: sxsdelca 2: traceop 3: 1284 4: 0 
1: sxsdelca 2: traceop 3: 1288 4: 0 
1: sxsdelca 2: traceop 3: 1289 4: 0 
1: sxsdelca 2: traceop 3: 1290 4: 0 
1: sxsdelca 2: traceop 3: 1292 4: 0 
1: sxsdelca 2: traceop 3: 1318 4: 0 
1: sxsdelca: Skipping component  2: downlevel_payload.8.0.50727.101.844EFBA7_1C24_93B2_FF1F_C8B3B9A1E18E 
1: sxsdelca 2: traceop 3: 1284 4: 0 
1: sxsdelca 2: traceop 3: 1288 4: 0 
1: sxsdelca 2: traceop 3: 1289 4: 0 
1: sxsdelca 2: traceop 3: 1290 4: 0 
1: sxsdelca 2: traceop 3: 1292 4: 0 
1: sxsdelca 2: traceop 3: 1318 4: 0 
1: sxsdelca: Skipping component  2: downlevel_payload.8.0.50727.103.844EFBA7_1C24_93B2_FF1F_C8B3B9A1E18E 
1: sxsdelca 2: traceop 3: 1284 4: 0 
1: sxsdelca 2: traceop 3: 1288 4: 0 
1: sxsdelca 2: traceop 3: 1289 4: 0 
1: sxsdelca 2: traceop 3: 1290 4: 0 
1: sxsdelca 2: traceop 3: 1292 4: 0 
1: sxsdelca 2: traceop 3: 1318 4: 0 
1: sxsdelca: Skipping component  2: downlevel_manifest.8.0.50727.193.844EFBA7_1C24_93B2_FF1F_C8B3B9A1E18E 
1: sxsdelca 2: traceop 3: 1284 4: 0 
1: sxsdelca 2: traceop 3: 1288 4: 0 
1: sxsdelca 2: traceop 3: 1289 4: 0 
1: sxsdelca 2: traceop 3: 1290 4: 0 
1: sxsdelca 2: traceop 3: 1292 4: 0 
1: sxsdelca 2: traceop 3: 1318 4: 0 
1: sxsdelca: Skipping component  2: downlevel_payload.8.0.50727.104.844EFBA7_1C24_93B2_FF1F_C8B3B9A1E18E 
1: sxsdelca 2: traceop 3: 1284 4: 0 
1: sxsdelca 2: traceop 3: 1288 4: 0 
1: sxsdelca 2: traceop 3: 1289 4: 0 
1: sxsdelca 2: traceop 3: 1290 4: 0 
1: sxsdelca 2: traceop 3: 1292 4: 0 
1: sxsdelca 2: traceop 3: 1318 4: 0 
1: sxsdelca: Skipping component  2: downlevel_payload.8.0.50727.193.844EFBA7_1C24_93B2_FF1F_C8B3B9A1E18E 
1: sxsdelca 2: traceop 3: 1284 4: 0 
1: sxsdelca 2: traceop 3: 1288 4: 0 
1: sxsdelca 2: traceop 3: 1289 4: 0 
1: sxsdelca 2: traceop 3: 1290 4: 0 
1: sxsdelca 2: traceop 3: 1292 4: 0 
1: sxsdelca 2: traceop 3: 796 4: 0 
1: sxsdelca 2: traceop 3: 801 4: 0 
1: sxsdelca 2: traceop 3: 802 4: 0 
1: sxsdelca 2: traceop 3: 803 4: 0 
1: sxsdelca 2: traceop 3: 805 4: 0 
1: sxsdelca 2: traceop 3: 812 4: 0 
1: sxsdelca 2: traceop 3: 813 4: 0 
1: sxsdelca 2: traceop 3: 814 4: 0 
1: sxsdelca 2: traceop 3: 819 4: 0 
1: sxsdelca 2: traceop 3: 820 4: 0 
1: sxsdelca 2: traceop 3: 821 4: 0 
1: sxsdelca 2: traceop 3: 827 4: 0 
1: sxsdelca 2: traceop 3: 831 4: 0 
1: sxsdelca 2: traceop 3: 827 4: 0 
1: sxsdelca 2: traceop 3: 831 4: 0 
1: sxsdelca 2: traceop 3: 827 4: 259 
1: sxsdelca 2: traceop 3: 1311 4: 0 
1: sxsdelca 2: traceop 3: 1312 4: 0 
1: sxsdelca 2: traceop 3: 1077 4: 0 
1: sxsdelca 2: traceop 3: 1081 4: 0 
1: sxsdelca 2: traceop 3: 1083 4: 0 
1: sxsdelca 2: traceop 3: 1087 4: 0 
1: sxsdelca 2: traceop 3: 1093 4: 0 
1: sxsdelca 2: traceop 3: 1097 4: 0 
1: sxsdelca 2: traceop 3: 1093 4: 0 
1: sxsdelca 2: traceop 3: 1101 4: 0 
1: sxsdelca 2: traceop 3: 1093 4: 0 
1: sxsdelca 2: traceop 3: 1105 4: 0 
1: sxsdelca 2: traceop 3: 1093 4: 0 
1: sxsdelca 2: traceop 3: 1109 4: 0 
1: sxsdelca 2: traceop 3: 1093 4: 0 
1: sxsdelca 2: traceop 3: 1113 4: 0 
1: sxsdelca 2: traceop 3: 1093 4: 0 
1: sxsdelca 2: traceop 3: 1117 4: 0 
1: sxsdelca 2: traceop 3: 1121 4: 0 
1: sxsdelca 2: traceop 3: 1313 4: 0 
1: sxsdelca 2: traceop 3: 1314 4: 0 
1: sxsdelca: Added reg value for  2: uplevel.4F6D20F0_CCE5_1492_FF1F_C8B3B9A1E18E 
1: sxsdelca 2: traceop 3: 1284 4: 0 
1: sxsdelca 2: traceop 3: 1288 4: 0 
1: sxsdelca 2: traceop 3: 1289 4: 0 
1: sxsdelca 2: traceop 3: 1290 4: 0 
1: sxsdelca 2: traceop 3: 1292 4: 0 
1: sxsdelca 2: traceop 3: 1318 4: 0 
1: sxsdelca: Skipping component  2: downlevel_manifest.8.0.50727.762.4F6D20F0_CCE5_1492_FF1F_C8B3B9A1E18E 
1: sxsdelca 2: traceop 3: 1284 4: 0 
1: sxsdelca 2: traceop 3: 1288 4: 0 
1: sxsdelca 2: traceop 3: 1289 4: 0 
1: sxsdelca 2: traceop 3: 1290 4: 0 
1: sxsdelca 2: traceop 3: 1292 4: 0 
1: sxsdelca 2: traceop 3: 1318 4: 0 
1: sxsdelca: Skipping component  2: downlevel_manifest.4F6D20F0_CCE5_1492_FF1F_C8B3B9A1E18E 
1: sxsdelca 2: traceop 3: 1284 4: 0 
1: sxsdelca 2: traceop 3: 1288 4: 0 
1: sxsdelca 2: traceop 3: 1289 4: 0 
1: sxsdelca 2: traceop 3: 1290 4: 0 
1: sxsdelca 2: traceop 3: 1292 4: 0 
1: sxsdelca 2: traceop 3: 1318 4: 0 
1: sxsdelca: Skipping component  2: downlevel_manifest.8.0.50727.89.4F6D20F0_CCE5_1492_FF1F_C8B3B9A1E18E 
1: sxsdelca 2: traceop 3: 1284 4: 0 
1: sxsdelca 2: traceop 3: 1288 4: 0 
1: sxsdelca 2: traceop 3: 1289 4: 0 
1: sxsdelca 2: traceop 3: 1290 4: 0 
1: sxsdelca 2: traceop 3: 1292 4: 0 
1: sxsdelca 2: traceop 3: 1318 4: 0 
1: sxsdelca: Skipping component  2: downlevel_manifest.8.0.50727.93.4F6D20F0_CCE5_1492_FF1F_C8B3B9A1E18E 
1: sxsdelca 2: traceop 3: 1284 4: 0 
1: sxsdelca 2: traceop 3: 1288 4: 0 
1: sxsdelca 2: traceop 3: 1289 4: 0 
1: sxsdelca 2: traceop 3: 1290 4: 0 
1: sxsdelca 2: traceop 3: 1292 4: 0 
1: sxsdelca 2: traceop 3: 1318 4: 0 
1: sxsdelca: Skipping component  2: downlevel_manifest.8.0.50727.94.4F6D20F0_CCE5_1492_FF1F_C8B3B9A1E18E 
1: sxsdelca 2: traceop 3: 1284 4: 0 
1: sxsdelca 2: traceop 3: 1288 4: 0 
1: sxsdelca 2: traceop 3: 1289 4: 0 
1: sxsdelca 2: traceop 3: 1290 4: 0 
1: sxsdelca 2: traceop 3: 1292 4: 0 
1: sxsdelca 2: traceop 3: 1318 4: 0 
1: sxsdelca: Skipping component  2: downlevel_manifest.8.0.50727.95.4F6D20F0_CCE5_1492_FF1F_C8B3B9A1E18E 
1: sxsdelca 2: traceop 3: 1284 4: 0 
1: sxsdelca 2: traceop 3: 1288 4: 0 
1: sxsdelca 2: traceop 3: 1289 4: 0 
1: sxsdelca 2: traceop 3: 1290 4: 0 
1: sxsdelca 2: traceop 3: 1292 4: 0 
1: sxsdelca 2: traceop 3: 1318 4: 0 
1: sxsdelca: Skipping component  2: downlevel_manifest.8.0.50727.96.4F6D20F0_CCE5_1492_FF1F_C8B3B9A1E18E 
1: sxsdelca 2: traceop 3: 1284 4: 0 
1: sxsdelca 2: traceop 3: 1288 4: 0 
1: sxsdelca 2: traceop 3: 1289 4: 0 
1: sxsdelca 2: traceop 3: 1290 4: 0 
1: sxsdelca 2: traceop 3: 1292 4: 0 
1: sxsdelca 2: traceop 3: 1318 4: 0 
1: sxsdelca: Skipping component  2: downlevel_manifest.8.0.50727.97.4F6D20F0_CCE5_1492_FF1F_C8B3B9A1E18E 
1: sxsdelca 2: traceop 3: 1284 4: 0 
1: sxsdelca 2: traceop 3: 1288 4: 0 
1: sxsdelca 2: traceop 3: 1289 4: 0 
1: sxsdelca 2: traceop 3: 1290 4: 0 
1: sxsdelca 2: traceop 3: 1292 4: 0 
1: sxsdelca 2: traceop 3: 1318 4: 0 
1: sxsdelca: Skipping component  2: downlevel_manifest.8.0.50727.98.4F6D20F0_CCE5_1492_FF1F_C8B3B9A1E18E 
1: sxsdelca 2: traceop 3: 1284 4: 0 
1: sxsdelca 2: traceop 3: 1288 4: 0 
1: sxsdelca 2: traceop 3: 1289 4: 0 
1: sxsdelca 2: traceop 3: 1290 4: 0 
1: sxsdelca 2: traceop 3: 1292 4: 0 
1: sxsdelca 2: traceop 3: 1318 4: 0 
1: sxsdelca: Skipping component  2: downlevel_manifest.8.0.50727.99.4F6D20F0_CCE5_1492_FF1F_C8B3B9A1E18E 
1: sxsdelca 2: traceop 3: 1284 4: 0 
1: sxsdelca 2: traceop 3: 1288 4: 0 
1: sxsdelca 2: traceop 3: 1289 4: 0 
1: sxsdelca 2: traceop 3: 1290 4: 0 
1: sxsdelca 2: traceop 3: 1292 4: 0 
1: sxsdelca 2: traceop 3: 1318 4: 0 
1: sxsdelca: Skipping component  2: downlevel_manifest.8.0.50727.100.4F6D20F0_CCE5_1492_FF1F_C8B3B9A1E18E 
1: sxsdelca 2: traceop 3: 1284 4: 0 
1: sxsdelca 2: traceop 3: 1288 4: 0 
1: sxsdelca 2: traceop 3: 1289 4: 0 
1: sxsdelca 2: traceop 3: 1290 4: 0 
1: sxsdelca 2: traceop 3: 1292 4: 0 
1: sxsdelca 2: traceop 3: 1318 4: 0 
1: sxsdelca: Skipping component  2: downlevel_manifest.8.0.50727.101.4F6D20F0_CCE5_1492_FF1F_C8B3B9A1E18E 
1: sxsdelca 2: traceop 3: 1284 4: 0 
1: sxsdelca 2: traceop 3: 1288 4: 0 
1: sxsdelca 2: traceop 3: 1289 4: 0 
1: sxsdelca 2: traceop 3: 1290 4: 0 
1: sxsdelca 2: traceop 3: 1292 4: 0 
1: sxsdelca 2: traceop 3: 1318 4: 0 
1: sxsdelca: Skipping component  2: downlevel_manifest.8.0.50727.103.4F6D20F0_CCE5_1492_FF1F_C8B3B9A1E18E 
1: sxsdelca 2: traceop 3: 1284 4: 0 
1: sxsdelca 2: traceop 3: 1288 4: 0 
1: sxsdelca 2: traceop 3: 1289 4: 0 
1: sxsdelca 2: traceop 3: 1290 4: 0 
1: sxsdelca 2: traceop 3: 1292 4: 0 
1: sxsdelca 2: traceop 3: 1318 4: 0 
1: sxsdelca: Skipping component  2: downlevel_manifest.8.0.50727.104.4F6D20F0_CCE5_1492_FF1F_C8B3B9A1E18E 
1: sxsdelca 2: traceop 3: 1284 4: 0 
1: sxsdelca 2: traceop 3: 1288 4: 0 
1: sxsdelca 2: traceop 3: 1289 4: 0 
1: sxsdelca 2: traceop 3: 1290 4: 0 
1: sxsdelca 2: traceop 3: 1292 4: 0 
1: sxsdelca 2: traceop 3: 1318 4: 0 
1: sxsdelca: Skipping component  2: downlevel_manifest.8.0.50727.193.4F6D20F0_CCE5_1492_FF1F_C8B3B9A1E18E 
1: sxsdelca 2: traceop 3: 1284 4: 0 
1: sxsdelca 2: traceop 3: 1288 4: 0 
1: sxsdelca 2: traceop 3: 1289 4: 0 
1: sxsdelca 2: traceop 3: 1290 4: 0 
1: sxsdelca 2: traceop 3: 1292 4: 0 
1: sxsdelca 2: traceop 3: 1318 4: 0 
1: sxsdelca: Skipping component  2: downlevel_manifest.8.0.50727.762.8731EA9C_B0D8_8F16_FF1F_C8B3B9A1E18E 
1: sxsdelca 2: traceop 3: 1284 4: 0 
1: sxsdelca 2: traceop 3: 1288 4: 0 
1: sxsdelca 2: traceop 3: 1289 4: 0 
1: sxsdelca 2: traceop 3: 1290 4: 0 
1: sxsdelca 2: traceop 3: 1292 4: 0 
1: sxsdelca 2: traceop 3: 796 4: 0 
1: sxsdelca 2: traceop 3: 801 4: 0 
1: sxsdelca 2: traceop 3: 802 4: 0 
1: sxsdelca 2: traceop 3: 803 4: 0 
1: sxsdelca 2: traceop 3: 805 4: 0 
1: sxsdelca 2: traceop 3: 812 4: 0 
1: sxsdelca 2: traceop 3: 813 4: 0 
1: sxsdelca 2: traceop 3: 814 4: 0 
1: sxsdelca 2: traceop 3: 819 4: 0 
1: sxsdelca 2: traceop 3: 820 4: 0 
1: sxsdelca 2: traceop 3: 821 4: 0 
1: sxsdelca 2: traceop 3: 827 4: 0 
1: sxsdelca 2: traceop 3: 831 4: 0 
1: sxsdelca 2: traceop 3: 827 4: 0 
1: sxsdelca 2: traceop 3: 831 4: 0 
1: sxsdelca 2: traceop 3: 827 4: 0 
1: sxsdelca 2: traceop 3: 831 4: 0 
1: sxsdelca 2: traceop 3: 827 4: 0 
1: sxsdelca 2: traceop 3: 831 4: 0 
1: sxsdelca 2: traceop 3: 827 4: 0 
1: sxsdelca 2: traceop 3: 831 4: 0 
1: sxsdelca 2: traceop 3: 827 4: 0 
1: sxsdelca 2: traceop 3: 831 4: 0 
1: sxsdelca 2: traceop 3: 827 4: 259 
1: sxsdelca 2: traceop 3: 1311 4: 0 
1: sxsdelca 2: traceop 3: 1312 4: 0 
1: sxsdelca 2: traceop 3: 1077 4: 0 
1: sxsdelca 2: traceop 3: 1081 4: 0 
1: sxsdelca 2: traceop 3: 1083 4: 0 
1: sxsdelca 2: traceop 3: 1087 4: 0 
1: sxsdelca 2: traceop 3: 1093 4: 0 
1: sxsdelca 2: traceop 3: 1097 4: 0 
1: sxsdelca 2: traceop 3: 1093 4: 0 
1: sxsdelca 2: traceop 3: 1101 4: 0 
1: sxsdelca 2: traceop 3: 1093 4: 0 
1: sxsdelca 2: traceop 3: 1105 4: 0 
1: sxsdelca 2: traceop 3: 1093 4: 0 
1: sxsdelca 2: traceop 3: 1109 4: 0 
1: sxsdelca 2: traceop 3: 1093 4: 0 
1: sxsdelca 2: traceop 3: 1113 4: 0 
1: sxsdelca 2: traceop 3: 1093 4: 0 
1: sxsdelca 2: traceop 3: 1117 4: 0 
1: sxsdelca 2: traceop 3: 1121 4: 0 
1: sxsdelca 2: traceop 3: 1313 4: 0 
1: sxsdelca 2: traceop 3: 1314 4: 0 
1: sxsdelca: Added reg value for  2: uplevel.8731EA9C_B0D8_8F16_FF1F_C8B3B9A1E18E 
1: sxsdelca 2: traceop 3: 1284 4: 0 
1: sxsdelca 2: traceop 3: 1288 4: 0 
1: sxsdelca 2: traceop 3: 1289 4: 0 
1: sxsdelca 2: traceop 3: 1290 4: 0 
1: sxsdelca 2: traceop 3: 1292 4: 0 
1: sxsdelca 2: traceop 3: 1318 4: 0 
1: sxsdelca: Skipping component  2: downlevel_payload.8.0.50727.762.8731EA9C_B0D8_8F16_FF1F_C8B3B9A1E18E 
1: sxsdelca 2: traceop 3: 1284 4: 0 
1: sxsdelca 2: traceop 3: 1288 4: 0 
1: sxsdelca 2: traceop 3: 1289 4: 0 
1: sxsdelca 2: traceop 3: 1290 4: 0 
1: sxsdelca 2: traceop 3: 1292 4: 0 
1: sxsdelca 2: traceop 3: 1318 4: 0 
1: sxsdelca: Skipping component  2: downlevel_payload.8731EA9C_B0D8_8F16_FF1F_C8B3B9A1E18E 
1: sxsdelca 2: traceop 3: 1284 4: 0 
1: sxsdelca 2: traceop 3: 1288 4: 0 
1: sxsdelca 2: traceop 3: 1289 4: 0 
1: sxsdelca 2: traceop 3: 1290 4: 0 
1: sxsdelca 2: traceop 3: 1292 4: 0 
1: sxsdelca 2: traceop 3: 1318 4: 0 
1: sxsdelca: Skipping component  2: downlevel_manifest.8731EA9C_B0D8_8F16_FF1F_C8B3B9A1E18E 
1: sxsdelca 2: traceop 3: 1284 4: 0 
1: sxsdelca 2: traceop 3: 1288 4: 0 
1: sxsdelca 2: traceop 3: 1289 4: 0 
1: sxsdelca 2: traceop 3: 1290 4: 0 
1: sxsdelca 2: traceop 3: 1292 4: 0 
1: sxsdelca 2: traceop 3: 1318 4: 0 
1: sxsdelca: Skipping component  2: downlevel_manifest.8.0.50727.89.8731EA9C_B0D8_8F16_FF1F_C8B3B9A1E18E 
1: sxsdelca 2: traceop 3: 1284 4: 0 
1: sxsdelca 2: traceop 3: 1288 4: 0 
1: sxsdelca 2: traceop 3: 1289 4: 0 
1: sxsdelca 2: traceop 3: 1290 4: 0 
1: sxsdelca 2: traceop 3: 1292 4: 0 
1: sxsdelca 2: traceop 3: 1318 4: 0 
1: sxsdelca: Skipping component  2: downlevel_manifest.8.0.50727.93.8731EA9C_B0D8_8F16_FF1F_C8B3B9A1E18E 
1: sxsdelca 2: traceop 3: 1284 4: 0 
1: sxsdelca 2: traceop 3: 1288 4: 0 
1: sxsdelca 2: traceop 3: 1289 4: 0 
1: sxsdelca 2: traceop 3: 1290 4: 0 
1: sxsdelca 2: traceop 3: 1292 4: 0 
1: sxsdelca 2: traceop 3: 1318 4: 0 
1: sxsdelca: Skipping component  2: downlevel_payload.8.0.50727.89.8731EA9C_B0D8_8F16_FF1F_C8B3B9A1E18E 
1: sxsdelca 2: traceop 3: 1284 4: 0 
1: sxsdelca 2: traceop 3: 1288 4: 0 
1: sxsdelca 2: traceop 3: 1289 4: 0 
1: sxsdelca 2: traceop 3: 1290 4: 0 
1: sxsdelca 2: traceop 3: 1292 4: 0 
1: sxsdelca 2: traceop 3: 1318 4: 0 
1: sxsdelca: Skipping component  2: downlevel_manifest.8.0.50727.95.8731EA9C_B0D8_8F16_FF1F_C8B3B9A1E18E 
1: sxsdelca 2: traceop 3: 1284 4: 0 
1: sxsdelca 2: traceop 3: 1288 4: 0 
1: sxsdelca 2: traceop 3: 1289 4: 0 
1: sxsdelca 2: traceop 3: 1290 4: 0 
1: sxsdelca 2: traceop 3: 1292 4: 0 
1: sxsdelca 2: traceop 3: 1318 4: 0 
1: sxsdelca: Skipping component  2: downlevel_payload.8.0.50727.93.8731EA9C_B0D8_8F16_FF1F_C8B3B9A1E18E 
1: sxsdelca 2: traceop 3: 1284 4: 0 
1: sxsdelca 2: traceop 3: 1288 4: 0 
1: sxsdelca 2: traceop 3: 1289 4: 0 
1: sxsdelca 2: traceop 3: 1290 4: 0 
1: sxsdelca 2: traceop 3: 1292 4: 0 
1: sxsdelca 2: traceop 3: 1318 4: 0 
1: sxsdelca: Skipping component  2: downlevel_manifest.8.0.50727.94.8731EA9C_B0D8_8F16_FF1F_C8B3B9A1E18E 
1: sxsdelca 2: traceop 3: 1284 4: 0 
1: sxsdelca 2: traceop 3: 1288 4: 0 
1: sxsdelca 2: traceop 3: 1289 4: 0 
1: sxsdelca 2: traceop 3: 1290 4: 0 
1: sxsdelca 2: traceop 3: 1292 4: 0 
1: sxsdelca 2: traceop 3: 1318 4: 0 
1: sxsdelca: Skipping component  2: downlevel_manifest.8.0.50727.96.8731EA9C_B0D8_8F16_FF1F_C8B3B9A1E18E 
1: sxsdelca 2: traceop 3: 1284 4: 0 
1: sxsdelca 2: traceop 3: 1288 4: 0 
1: sxsdelca 2: traceop 3: 1289 4: 0 
1: sxsdelca 2: traceop 3: 1290 4: 0 
1: sxsdelca 2: traceop 3: 1292 4: 0 
1: sxsdelca 2: traceop 3: 1318 4: 0 
1: sxsdelca: Skipping component  2: downlevel_payload.8.0.50727.95.8731EA9C_B0D8_8F16_FF1F_C8B3B9A1E18E 
1: sxsdelca 2: traceop 3: 1284 4: 0 
1: sxsdelca 2: traceop 3: 1288 4: 0 
1: sxsdelca 2: traceop 3: 1289 4: 0 
1: sxsdelca 2: traceop 3: 1290 4: 0 
1: sxsdelca 2: traceop 3: 1292 4: 0 
1: sxsdelca 2: traceop 3: 1318 4: 0 
1: sxsdelca: Skipping component  2: downlevel_payload.8.0.50727.94.8731EA9C_B0D8_8F16_FF1F_C8B3B9A1E18E 
1: sxsdelca 2: traceop 3: 1284 4: 0 
1: sxsdelca 2: traceop 3: 1288 4: 0 
1: sxsdelca 2: traceop 3: 1289 4: 0 
1: sxsdelca 2: traceop 3: 1290 4: 0 
1: sxsdelca 2: traceop 3: 1292 4: 0 
1: sxsdelca 2: traceop 3: 1318 4: 0 
1: sxsdelca: Skipping component  2: downlevel_manifest.8.0.50727.97.8731EA9C_B0D8_8F16_FF1F_C8B3B9A1E18E 
1: sxsdelca 2: traceop 3: 1284 4: 0 
1: sxsdelca 2: traceop 3: 1288 4: 0 
1: sxsdelca 2: traceop 3: 1289 4: 0 
1: sxsdelca 2: traceop 3: 1290 4: 0 
1: sxsdelca 2: traceop 3: 1292 4: 0 
1: sxsdelca 2: traceop 3: 1318 4: 0 
1: sxsdelca: Skipping component  2: downlevel_payload.8.0.50727.96.8731EA9C_B0D8_8F16_FF1F_C8B3B9A1E18E 
1: sxsdelca 2: traceop 3: 1284 4: 0 
1: sxsdelca 2: traceop 3: 1288 4: 0 
1: sxsdelca 2: traceop 3: 1289 4: 0 
1: sxsdelca 2: traceop 3: 1290 4: 0 
1: sxsdelca 2: traceop 3: 1292 4: 0 
1: sxsdelca 2: traceop 3: 1318 4: 0 
1: sxsdelca: Skipping component  2: downlevel_manifest.8.0.50727.98.8731EA9C_B0D8_8F16_FF1F_C8B3B9A1E18E 
1: sxsdelca 2: traceop 3: 1284 4: 0 
1: sxsdelca 2: traceop 3: 1288 4: 0 
1: sxsdelca 2: traceop 3: 1289 4: 0 
1: sxsdelca 2: traceop 3: 1290 4: 0 
1: sxsdelca 2: traceop 3: 1292 4: 0 
1: sxsdelca 2: traceop 3: 1318 4: 0 
1: sxsdelca: Skipping component  2: downlevel_payload.8.0.50727.97.8731EA9C_B0D8_8F16_FF1F_C8B3B9A1E18E 
1: sxsdelca 2: traceop 3: 1284 4: 0 
1: sxsdelca 2: traceop 3: 1288 4: 0 
1: sxsdelca 2: traceop 3: 1289 4: 0 
1: sxsdelca 2: traceop 3: 1290 4: 0 
1: sxsdelca 2: traceop 3: 1292 4: 0 
1: sxsdelca 2: traceop 3: 1318 4: 0 
1: sxsdelca: Skipping component  2: downlevel_manifest.8.0.50727.99.8731EA9C_B0D8_8F16_FF1F_C8B3B9A1E18E 
1: sxsdelca 2: traceop 3: 1284 4: 0 
1: sxsdelca 2: traceop 3: 1288 4: 0 
1: sxsdelca 2: traceop 3: 1289 4: 0 
1: sxsdelca 2: traceop 3: 1290 4: 0 
1: sxsdelca 2: traceop 3: 1292 4: 0 
1: sxsdelca 2: traceop 3: 1318 4: 0 
1: sxsdelca: Skipping component  2: downlevel_payload.8.0.50727.98.8731EA9C_B0D8_8F16_FF1F_C8B3B9A1E18E 
1: sxsdelca 2: traceop 3: 1284 4: 0 
1: sxsdelca 2: traceop 3: 1288 4: 0 
1: sxsdelca 2: traceop 3: 1289 4: 0 
1: sxsdelca 2: traceop 3: 1290 4: 0 
1: sxsdelca 2: traceop 3: 1292 4: 0 
1: sxsdelca 2: traceop 3: 1318 4: 0 
1: sxsdelca: Skipping component  2: downlevel_manifest.8.0.50727.100.8731EA9C_B0D8_8F16_FF1F_C8B3B9A1E18E 
1: sxsdelca 2: traceop 3: 1284 4: 0 
1: sxsdelca 2: traceop 3: 1288 4: 0 
1: sxsdelca 2: traceop 3: 1289 4: 0 
1: sxsdelca 2: traceop 3: 1290 4: 0 
1: sxsdelca 2: traceop 3: 1292 4: 0 
1: sxsdelca 2: traceop 3: 1318 4: 0 
1: sxsdelca: Skipping component  2: downlevel_payload.8.0.50727.99.8731EA9C_B0D8_8F16_FF1F_C8B3B9A1E18E 
1: sxsdelca 2: traceop 3: 1284 4: 0 
1: sxsdelca 2: traceop 3: 1288 4: 0 
1: sxsdelca 2: traceop 3: 1289 4: 0 
1: sxsdelca 2: traceop 3: 1290 4: 0 
1: sxsdelca 2: traceop 3: 1292 4: 0 
1: sxsdelca 2: traceop 3: 1318 4: 0 
1: sxsdelca: Skipping component  2: downlevel_manifest.8.0.50727.101.8731EA9C_B0D8_8F16_FF1F_C8B3B9A1E18E 
1: sxsdelca 2: traceop 3: 1284 4: 0 
1: sxsdelca 2: traceop 3: 1288 4: 0 
1: sxsdelca 2: traceop 3: 1289 4: 0 
1: sxsdelca 2: traceop 3: 1290 4: 0 
1: sxsdelca 2: traceop 3: 1292 4: 0 
1: sxsdelca 2: traceop 3: 1318 4: 0 
1: sxsdelca: Skipping component  2: downlevel_payload.8.0.50727.100.8731EA9C_B0D8_8F16_FF1F_C8B3B9A1E18E 
1: sxsdelca 2: traceop 3: 1284 4: 0 
1: sxsdelca 2: traceop 3: 1288 4: 0 
1: sxsdelca 2: traceop 3: 1289 4: 0 
1: sxsdelca 2: traceop 3: 1290 4: 0 
1: sxsdelca 2: traceop 3: 1292 4: 0 
1: sxsdelca 2: traceop 3: 1318 4: 0 
1: sxsdelca: Skipping component  2: downlevel_manifest.8.0.50727.103.8731EA9C_B0D8_8F16_FF1F_C8B3B9A1E18E 
1: sxsdelca 2: traceop 3: 1284 4: 0 
1: sxsdelca 2: traceop 3: 1288 4: 0 
1: sxsdelca 2: traceop 3: 1289 4: 0 
1: sxsdelca 2: traceop 3: 1290 4: 0 
1: sxsdelca 2: traceop 3: 1292 4: 0 
1: sxsdelca 2: traceop 3: 1318 4: 0 
1: sxsdelca: Skipping component  2: downlevel_payload.8.0.50727.101.8731EA9C_B0D8_8F16_FF1F_C8B3B9A1E18E 
1: sxsdelca 2: traceop 3: 1284 4: 0 
1: sxsdelca 2: traceop 3: 1288 4: 0 
1: sxsdelca 2: traceop 3: 1289 4: 0 
1: sxsdelca 2: traceop 3: 1290 4: 0 
1: sxsdelca 2: traceop 3: 1292 4: 0 
1: sxsdelca 2: traceop 3: 1318 4: 0 
1: sxsdelca: Skipping component  2: downlevel_manifest.8.0.50727.104.8731EA9C_B0D8_8F16_FF1F_C8B3B9A1E18E 
1: sxsdelca 2: traceop 3: 1284 4: 0 
1: sxsdelca 2: traceop 3: 1288 4: 0 
1: sxsdelca 2: traceop 3: 1289 4: 0 
1: sxsdelca 2: traceop 3: 1290 4: 0 
1: sxsdelca 2: traceop 3: 1292 4: 0 
1: sxsdelca 2: traceop 3: 1318 4: 0 
1: sxsdelca: Skipping component  2: downlevel_payload.8.0.50727.103.8731EA9C_B0D8_8F16_FF1F_C8B3B9A1E18E 
1: sxsdelca 2: traceop 3: 1284 4: 0 
1: sxsdelca 2: traceop 3: 1288 4: 0 
1: sxsdelca 2: traceop 3: 1289 4: 0 
1: sxsdelca 2: traceop 3: 1290 4: 0 
1: sxsdelca 2: traceop 3: 1292 4: 0 
1: sxsdelca 2: traceop 3: 1318 4: 0 
1: sxsdelca: Skipping component  2: downlevel_payload.8.0.50727.104.8731EA9C_B0D8_8F16_FF1F_C8B3B9A1E18E 
1: sxsdelca 2: traceop 3: 1284 4: 0 
1: sxsdelca 2: traceop 3: 1288 4: 0 
1: sxsdelca 2: traceop 3: 1289 4: 0 
1: sxsdelca 2: traceop 3: 1290 4: 0 
1: sxsdelca 2: traceop 3: 1292 4: 0 
1: sxsdelca 2: traceop 3: 1318 4: 0 
1: sxsdelca: Skipping component  2: downlevel_manifest.8.0.50727.193.8731EA9C_B0D8_8F16_FF1F_C8B3B9A1E18E 
1: sxsdelca 2: traceop 3: 1284 4: 0 
1: sxsdelca 2: traceop 3: 1288 4: 0 
1: sxsdelca 2: traceop 3: 1289 4: 0 
1: sxsdelca 2: traceop 3: 1290 4: 0 
1: sxsdelca 2: traceop 3: 1292 4: 0 
1: sxsdelca 2: traceop 3: 1318 4: 0 
1: sxsdelca: Skipping component  2: downlevel_payload.8.0.50727.193.8731EA9C_B0D8_8F16_FF1F_C8B3B9A1E18E 
1: sxsdelca 2: traceop 3: 1284 4: 0 
1: sxsdelca 2: traceop 3: 1288 4: 0 
1: sxsdelca 2: traceop 3: 1289 4: 0 
1: sxsdelca 2: traceop 3: 1290 4: 0 
1: sxsdelca 2: traceop 3: 1292 4: 0 
1: sxsdelca 2: traceop 3: 796 4: 0 
1: sxsdelca 2: traceop 3: 801 4: 0 
1: sxsdelca 2: traceop 3: 802 4: 0 
1: sxsdelca 2: traceop 3: 803 4: 0 
1: sxsdelca 2: traceop 3: 805 4: 0 
1: sxsdelca 2: traceop 3: 812 4: 0 
1: sxsdelca 2: traceop 3: 813 4: 0 
1: sxsdelca 2: traceop 3: 814 4: 0 
1: sxsdelca 2: traceop 3: 819 4: 0 
1: sxsdelca 2: traceop 3: 820 4: 0 
1: sxsdelca 2: traceop 3: 821 4: 0 
1: sxsdelca 2: traceop 3: 827 4: 0 
1: sxsdelca 2: traceop 3: 831 4: 0 
1: sxsdelca 2: traceop 3: 827 4: 0 
1: sxsdelca 2: traceop 3: 831 4: 0 
1: sxsdelca 2: traceop 3: 827 4: 259 
1: sxsdelca 2: traceop 3: 1311 4: 0 
1: sxsdelca 2: traceop 3: 1312 4: 0 
1: sxsdelca 2: traceop 3: 1077 4: 0 
1: sxsdelca 2: traceop 3: 1081 4: 0 
1: sxsdelca 2: traceop 3: 1083 4: 0 
1: sxsdelca 2: traceop 3: 1087 4: 0 
1: sxsdelca 2: traceop 3: 1093 4: 0 
1: sxsdelca 2: traceop 3: 1097 4: 0 
1: sxsdelca 2: traceop 3: 1093 4: 0 
1: sxsdelca 2: traceop 3: 1101 4: 0 
1: sxsdelca 2: traceop 3: 1093 4: 0 
1: sxsdelca 2: traceop 3: 1105 4: 0 
1: sxsdelca 2: traceop 3: 1093 4: 0 
1: sxsdelca 2: traceop 3: 1109 4: 0 
1: sxsdelca 2: traceop 3: 1093 4: 0 
1: sxsdelca 2: traceop 3: 1113 4: 0 
1: sxsdelca 2: traceop 3: 1093 4: 0 
1: sxsdelca 2: traceop 3: 1117 4: 0 
1: sxsdelca 2: traceop 3: 1121 4: 0 
1: sxsdelca 2: traceop 3: 1313 4: 0 
1: sxsdelca 2: traceop 3: 1314 4: 0 
1: sxsdelca: Added reg value for  2: uplevel.543B9DD3_E71B_0D13_FF1F_C8B3B9A1E18E 
1: sxsdelca 2: traceop 3: 1284 4: 0 
1: sxsdelca 2: traceop 3: 1288 4: 0 
1: sxsdelca 2: traceop 3: 1289 4: 0 
1: sxsdelca 2: traceop 3: 1290 4: 0 
1: sxsdelca 2: traceop 3: 1292 4: 0 
1: sxsdelca 2: traceop 3: 1318 4: 0 
1: sxsdelca: Skipping component  2: downlevel_manifest.8.0.50727.762.543B9DD3_E71B_0D13_FF1F_C8B3B9A1E18E 
1: sxsdelca 2: traceop 3: 1284 4: 0 
1: sxsdelca 2: traceop 3: 1288 4: 0 
1: sxsdelca 2: traceop 3: 1289 4: 0 
1: sxsdelca 2: traceop 3: 1290 4: 0 
1: sxsdelca 2: traceop 3: 1292 4: 0 
1: sxsdelca 2: traceop 3: 1318 4: 0 
1: sxsdelca: Skipping component  2: downlevel_manifest.543B9DD3_E71B_0D13_FF1F_C8B3B9A1E18E 
1: sxsdelca 2: traceop 3: 1284 4: 0 
1: sxsdelca 2: traceop 3: 1288 4: 0 
1: sxsdelca 2: traceop 3: 1289 4: 0 
1: sxsdelca 2: traceop 3: 1290 4: 0 
1: sxsdelca 2: traceop 3: 1292 4: 0 
1: sxsdelca 2: traceop 3: 1318 4: 0 
1: sxsdelca: Skipping component  2: downlevel_manifest.8.0.50727.89.543B9DD3_E71B_0D13_FF1F_C8B3B9A1E18E 
1: sxsdelca 2: traceop 3: 1284 4: 0 
1: sxsdelca 2: traceop 3: 1288 4: 0 
1: sxsdelca 2: traceop 3: 1289 4: 0 
1: sxsdelca 2: traceop 3: 1290 4: 0 
1: sxsdelca 2: traceop 3: 1292 4: 0 
1: sxsdelca 2: traceop 3: 1318 4: 0 
1: sxsdelca: Skipping component  2: downlevel_manifest.8.0.50727.93.543B9DD3_E71B_0D13_FF1F_C8B3B9A1E18E 
1: sxsdelca 2: traceop 3: 1284 4: 0 
1: sxsdelca 2: traceop 3: 1288 4: 0 
1: sxsdelca 2: traceop 3: 1289 4: 0 
1: sxsdelca 2: traceop 3: 1290 4: 0 
1: sxsdelca 2: traceop 3: 1292 4: 0 
1: sxsdelca 2: traceop 3: 1318 4: 0 
1: sxsdelca: Skipping component  2: downlevel_manifest.8.0.50727.94.543B9DD3_E71B_0D13_FF1F_C8B3B9A1E18E 
1: sxsdelca 2: traceop 3: 1284 4: 0 
1: sxsdelca 2: traceop 3: 1288 4: 0 
1: sxsdelca 2: traceop 3: 1289 4: 0 
1: sxsdelca 2: traceop 3: 1290 4: 0 
1: sxsdelca 2: traceop 3: 1292 4: 0 
1: sxsdelca 2: traceop 3: 1318 4: 0 
1: sxsdelca: Skipping component  2: downlevel_manifest.8.0.50727.95.543B9DD3_E71B_0D13_FF1F_C8B3B9A1E18E 
1: sxsdelca 2: traceop 3: 1284 4: 0 
1: sxsdelca 2: traceop 3: 1288 4: 0 
1: sxsdelca 2: traceop 3: 1289 4: 0 
1: sxsdelca 2: traceop 3: 1290 4: 0 
1: sxsdelca 2: traceop 3: 1292 4: 0 
1: sxsdelca 2: traceop 3: 1318 4: 0 
1: sxsdelca: Skipping component  2: downlevel_manifest.8.0.50727.96.543B9DD3_E71B_0D13_FF1F_C8B3B9A1E18E 
1: sxsdelca 2: traceop 3: 1284 4: 0 
1: sxsdelca 2: traceop 3: 1288 4: 0 
1: sxsdelca 2: traceop 3: 1289 4: 0 
1: sxsdelca 2: traceop 3: 1290 4: 0 
1: sxsdelca 2: traceop 3: 1292 4: 0 
1: sxsdelca 2: traceop 3: 1318 4: 0 
1: sxsdelca: Skipping component  2: downlevel_manifest.8.0.50727.97.543B9DD3_E71B_0D13_FF1F_C8B3B9A1E18E 
1: sxsdelca 2: traceop 3: 1284 4: 0 
1: sxsdelca 2: traceop 3: 1288 4: 0 
1: sxsdelca 2: traceop 3: 1289 4: 0 
1: sxsdelca 2: traceop 3: 1290 4: 0 
1: sxsdelca 2: traceop 3: 1292 4: 0 
1: sxsdelca 2: traceop 3: 1318 4: 0 
1: sxsdelca: Skipping component  2: downlevel_manifest.8.0.50727.98.543B9DD3_E71B_0D13_FF1F_C8B3B9A1E18E 
1: sxsdelca 2: traceop 3: 1284 4: 0 
1: sxsdelca 2: traceop 3: 1288 4: 0 
1: sxsdelca 2: traceop 3: 1289 4: 0 
1: sxsdelca 2: traceop 3: 1290 4: 0 
1: sxsdelca 2: traceop 3: 1292 4: 0 
1: sxsdelca 2: traceop 3: 1318 4: 0 
1: sxsdelca: Skipping component  2: downlevel_manifest.8.0.50727.99.543B9DD3_E71B_0D13_FF1F_C8B3B9A1E18E 
1: sxsdelca 2: traceop 3: 1284 4: 0 
1: sxsdelca 2: traceop 3: 1288 4: 0 
1: sxsdelca 2: traceop 3: 1289 4: 0 
1: sxsdelca 2: traceop 3: 1290 4: 0 
1: sxsdelca 2: traceop 3: 1292 4: 0 
1: sxsdelca 2: traceop 3: 1318 4: 0 
1: sxsdelca: Skipping component  2: downlevel_manifest.8.0.50727.100.543B9DD3_E71B_0D13_FF1F_C8B3B9A1E18E 
1: sxsdelca 2: traceop 3: 1284 4: 0 
1: sxsdelca 2: traceop 3: 1288 4: 0 
1: sxsdelca 2: traceop 3: 1289 4: 0 
1: sxsdelca 2: traceop 3: 1290 4: 0 
1: sxsdelca 2: traceop 3: 1292 4: 0 
1: sxsdelca 2: traceop 3: 1318 4: 0 
1: sxsdelca: Skipping component  2: downlevel_manifest.8.0.50727.101.543B9DD3_E71B_0D13_FF1F_C8B3B9A1E18E 
1: sxsdelca 2: traceop 3: 1284 4: 0 
1: sxsdelca 2: traceop 3: 1288 4: 0 
1: sxsdelca 2: traceop 3: 1289 4: 0 
1: sxsdelca 2: traceop 3: 1290 4: 0 
1: sxsdelca 2: traceop 3: 1292 4: 0 
1: sxsdelca 2: traceop 3: 1318 4: 0 
1: sxsdelca: Skipping component  2: downlevel_manifest.8.0.50727.103.543B9DD3_E71B_0D13_FF1F_C8B3B9A1E18E 
1: sxsdelca 2: traceop 3: 1284 4: 0 
1: sxsdelca 2: traceop 3: 1288 4: 0 
1: sxsdelca 2: traceop 3: 1289 4: 0 
1: sxsdelca 2: traceop 3: 1290 4: 0 
1: sxsdelca 2: traceop 3: 1292 4: 0 
1: sxsdelca 2: traceop 3: 1318 4: 0 
1: sxsdelca: Skipping component  2: downlevel_manifest.8.0.50727.104.543B9DD3_E71B_0D13_FF1F_C8B3B9A1E18E 
1: sxsdelca 2: traceop 3: 1284 4: 0 
1: sxsdelca 2: traceop 3: 1288 4: 0 
1: sxsdelca 2: traceop 3: 1289 4: 0 
1: sxsdelca 2: traceop 3: 1290 4: 0 
1: sxsdelca 2: traceop 3: 1292 4: 0 
1: sxsdelca 2: traceop 3: 1318 4: 0 
1: sxsdelca: Skipping component  2: downlevel_manifest.8.0.50727.193.543B9DD3_E71B_0D13_FF1F_C8B3B9A1E18E 
1: sxsdelca 2: traceop 3: 1284 4: 0 
1: sxsdelca 2: traceop 3: 1288 4: 0 
1: sxsdelca 2: traceop 3: 1289 4: 0 
1: sxsdelca 2: traceop 3: 1290 4: 0 
1: sxsdelca 2: traceop 3: 1292 4: 0 
1: sxsdelca 2: traceop 3: 796 4: 0 
1: sxsdelca 2: traceop 3: 801 4: 0 
1: sxsdelca 2: traceop 3: 802 4: 0 
1: sxsdelca 2: traceop 3: 803 4: 0 
1: sxsdelca 2: traceop 3: 805 4: 0 
1: sxsdelca 2: traceop 3: 812 4: 0 
1: sxsdelca 2: traceop 3: 813 4: 0 
1: sxsdelca 2: traceop 3: 814 4: 0 
1: sxsdelca 2: traceop 3: 819 4: 0 
1: sxsdelca 2: traceop 3: 820 4: 0 
1: sxsdelca 2: traceop 3: 821 4: 0 
1: sxsdelca 2: traceop 3: 827 4: 0 
1: sxsdelca 2: traceop 3: 831 4: 0 
1: sxsdelca 2: traceop 3: 827 4: 0 
1: sxsdelca 2: traceop 3: 831 4: 0 
1: sxsdelca 2: traceop 3: 827 4: 0 
1: sxsdelca 2: traceop 3: 831 4: 0 
1: sxsdelca 2: traceop 3: 827 4: 0 
1: sxsdelca 2: traceop 3: 831 4: 0 
1: sxsdelca 2: traceop 3: 827 4: 0 
1: sxsdelca 2: traceop 3: 831 4: 0 
1: sxsdelca 2: traceop 3: 827 4: 0 
1: sxsdelca 2: traceop 3: 831 4: 0 
1: sxsdelca 2: traceop 3: 827 4: 0 
1: sxsdelca 2: traceop 3: 831 4: 0 
1: sxsdelca 2: traceop 3: 827 4: 0 
1: sxsdelca 2: traceop 3: 831 4: 0 
1: sxsdelca 2: traceop 3: 827 4: 0 
1: sxsdelca 2: traceop 3: 831 4: 0 
1: sxsdelca 2: traceop 3: 827 4: 0 
1: sxsdelca 2: traceop 3: 831 4: 0 
1: sxsdelca 2: traceop 3: 827 4: 0 
1: sxsdelca 2: traceop 3: 831 4: 0 
1: sxsdelca 2: traceop 3: 827 4: 259 
1: sxsdelca 2: traceop 3: 1311 4: 0 
1: sxsdelca 2: traceop 3: 1312 4: 0 
1: sxsdelca 2: traceop 3: 1077 4: 0 
1: sxsdelca 2: traceop 3: 1081 4: 0 
1: sxsdelca 2: traceop 3: 1083 4: 0 
1: sxsdelca 2: traceop 3: 1087 4: 0 
1: sxsdelca 2: traceop 3: 1093 4: 0 
1: sxsdelca 2: traceop 3: 1097 4: 0 
1: sxsdelca 2: traceop 3: 1093 4: 0 
1: sxsdelca 2: traceop 3: 1101 4: 0 
1: sxsdelca 2: traceop 3: 1093 4: 0 
1: sxsdelca 2: traceop 3: 1105 4: 0 
1: sxsdelca 2: traceop 3: 1093 4: 0 
1: sxsdelca 2: traceop 3: 1109 4: 0 
1: sxsdelca 2: traceop 3: 1093 4: 0 
1: sxsdelca 2: traceop 3: 1113 4: 0 
1: sxsdelca 2: traceop 3: 1093 4: 0 
1: sxsdelca 2: traceop 3: 1117 4: 0 
1: sxsdelca 2: traceop 3: 1121 4: 0 
1: sxsdelca 2: traceop 3: 1313 4: 0 
1: sxsdelca 2: traceop 3: 1314 4: 0 
1: sxsdelca: Added reg value for  2: uplevel.608113E0_F3B6_C6EE_FF1F_C8B3B9A1E18E 
1: sxsdelca 2: traceop 3: 1284 4: 0 
1: sxsdelca 2: traceop 3: 1288 4: 0 
1: sxsdelca 2: traceop 3: 1289 4: 0 
1: sxsdelca 2: traceop 3: 1290 4: 0 
1: sxsdelca 2: traceop 3: 1292 4: 0 
1: sxsdelca 2: traceop 3: 1318 4: 0 
1: sxsdelca: Skipping component  2: downlevel_payload.8.0.50727.762.608113E0_F3B6_C6EE_FF1F_C8B3B9A1E18E 
1: sxsdelca 2: traceop 3: 1284 4: 0 
1: sxsdelca 2: traceop 3: 1288 4: 0 
1: sxsdelca 2: traceop 3: 1289 4: 0 
1: sxsdelca 2: traceop 3: 1290 4: 0 
1: sxsdelca 2: traceop 3: 1292 4: 0 
1: sxsdelca 2: traceop 3: 1318 4: 0 
1: sxsdelca: Skipping component  2: downlevel_manifest.8.0.50727.762.608113E0_F3B6_C6EE_FF1F_C8B3B9A1E18E 
1: sxsdelca 2: traceop 3: 1284 4: 0 
1: sxsdelca 2: traceop 3: 1288 4: 0 
1: sxsdelca 2: traceop 3: 1289 4: 0 
1: sxsdelca 2: traceop 3: 1290 4: 0 
1: sxsdelca 2: traceop 3: 1292 4: 0 
1: sxsdelca 2: traceop 3: 1318 4: 0 
1: sxsdelca: Skipping component  2: downlevel_payload.608113E0_F3B6_C6EE_FF1F_C8B3B9A1E18E 
1: sxsdelca 2: traceop 3: 1284 4: 0 
1: sxsdelca 2: traceop 3: 1288 4: 0 
1: sxsdelca 2: traceop 3: 1289 4: 0 
1: sxsdelca 2: traceop 3: 1290 4: 0 
1: sxsdelca 2: traceop 3: 1292 4: 0 
1: sxsdelca 2: traceop 3: 1318 4: 0 
1: sxsdelca: Skipping component  2: downlevel_manifest.608113E0_F3B6_C6EE_FF1F_C8B3B9A1E18E 
1: sxsdelca 2: traceop 3: 1284 4: 0 
1: sxsdelca 2: traceop 3: 1288 4: 0 
1: sxsdelca 2: traceop 3: 1289 4: 0 
1: sxsdelca 2: traceop 3: 1290 4: 0 
1: sxsdelca 2: traceop 3: 1292 4: 0 
1: sxsdelca 2: traceop 3: 1318 4: 0 
1: sxsdelca: Skipping component  2: downlevel_manifest.8.0.50727.96.608113E0_F3B6_C6EE_FF1F_C8B3B9A1E18E 
1: sxsdelca 2: traceop 3: 1284 4: 0 
1: sxsdelca 2: traceop 3: 1288 4: 0 
1: sxsdelca 2: traceop 3: 1289 4: 0 
1: sxsdelca 2: traceop 3: 1290 4: 0 
1: sxsdelca 2: traceop 3: 1292 4: 0 
1: sxsdelca 2: traceop 3: 1318 4: 0 
1: sxsdelca: Skipping component  2: downlevel_manifest.8.0.50727.93.608113E0_F3B6_C6EE_FF1F_C8B3B9A1E18E 
1: sxsdelca 2: traceop 3: 1284 4: 0 
1: sxsdelca 2: traceop 3: 1288 4: 0 
1: sxsdelca 2: traceop 3: 1289 4: 0 
1: sxsdelca 2: traceop 3: 1290 4: 0 
1: sxsdelca 2: traceop 3: 1292 4: 0 
1: sxsdelca 2: traceop 3: 1318 4: 0 
1: sxsdelca: Skipping component  2: downlevel_manifest.8.0.50727.89.608113E0_F3B6_C6EE_FF1F_C8B3B9A1E18E 
1: sxsdelca 2: traceop 3: 1284 4: 0 
1: sxsdelca 2: traceop 3: 1288 4: 0 
1: sxsdelca 2: traceop 3: 1289 4: 0 
1: sxsdelca 2: traceop 3: 1290 4: 0 
1: sxsdelca 2: traceop 3: 1292 4: 0 
1: sxsdelca 2: traceop 3: 1318 4: 0 
1: sxsdelca: Skipping component  2: downlevel_payload.8.0.50727.89.608113E0_F3B6_C6EE_FF1F_C8B3B9A1E18E 
1: sxsdelca 2: traceop 3: 1284 4: 0 
1: sxsdelca 2: traceop 3: 1288 4: 0 
1: sxsdelca 2: traceop 3: 1289 4: 0 
1: sxsdelca 2: traceop 3: 1290 4: 0 
1: sxsdelca 2: traceop 3: 1292 4: 0 
1: sxsdelca 2: traceop 3: 1318 4: 0 
1: sxsdelca: Skipping component  2: downlevel_payload.8.0.50727.93.608113E0_F3B6_C6EE_FF1F_C8B3B9A1E18E 
1: sxsdelca 2: traceop 3: 1284 4: 0 
1: sxsdelca 2: traceop 3: 1288 4: 0 
1: sxsdelca 2: traceop 3: 1289 4: 0 
1: sxsdelca 2: traceop 3: 1290 4: 0 
1: sxsdelca 2: traceop 3: 1292 4: 0 
1: sxsdelca 2: traceop 3: 1318 4: 0 
1: sxsdelca: Skipping component  2: downlevel_manifest.8.0.50727.97.608113E0_F3B6_C6EE_FF1F_C8B3B9A1E18E 
1: sxsdelca 2: traceop 3: 1284 4: 0 
1: sxsdelca 2: traceop 3: 1288 4: 0 
1: sxsdelca 2: traceop 3: 1289 4: 0 
1: sxsdelca 2: traceop 3: 1290 4: 0 
1: sxsdelca 2: traceop 3: 1292 4: 0 
1: sxsdelca 2: traceop 3: 1318 4: 0 
1: sxsdelca: Skipping component  2: downlevel_manifest.8.0.50727.95.608113E0_F3B6_C6EE_FF1F_C8B3B9A1E18E 
1: sxsdelca 2: traceop 3: 1284 4: 0 
1: sxsdelca 2: traceop 3: 1288 4: 0 
1: sxsdelca 2: traceop 3: 1289 4: 0 
1: sxsdelca 2: traceop 3: 1290 4: 0 
1: sxsdelca 2: traceop 3: 1292 4: 0 
1: sxsdelca 2: traceop 3: 1318 4: 0 
1: sxsdelca: Skipping component  2: downlevel_manifest.8.0.50727.94.608113E0_F3B6_C6EE_FF1F_C8B3B9A1E18E 
1: sxsdelca 2: traceop 3: 1284 4: 0 
1: sxsdelca 2: traceop 3: 1288 4: 0 
1: sxsdelca 2: traceop 3: 1289 4: 0 
1: sxsdelca 2: traceop 3: 1290 4: 0 
1: sxsdelca 2: traceop 3: 1292 4: 0 
1: sxsdelca 2: traceop 3: 1318 4: 0 
1: sxsdelca: Skipping component  2: downlevel_payload.8.0.50727.96.608113E0_F3B6_C6EE_FF1F_C8B3B9A1E18E 
1: sxsdelca 2: traceop 3: 1284 4: 0 
1: sxsdelca 2: traceop 3: 1288 4: 0 
1: sxsdelca 2: traceop 3: 1289 4: 0 
1: sxsdelca 2: traceop 3: 1290 4: 0 
1: sxsdelca 2: traceop 3: 1292 4: 0 
1: sxsdelca 2: traceop 3: 1318 4: 0 
1: sxsdelca: Skipping component  2: downlevel_payload.8.0.50727.95.608113E0_F3B6_C6EE_FF1F_C8B3B9A1E18E 
1: sxsdelca 2: traceop 3: 1284 4: 0 
1: sxsdelca 2: traceop 3: 1288 4: 0 
1: sxsdelca 2: traceop 3: 1289 4: 0 
1: sxsdelca 2: traceop 3: 1290 4: 0 
1: sxsdelca 2: traceop 3: 1292 4: 0 
1: sxsdelca 2: traceop 3: 1318 4: 0 
1: sxsdelca: Skipping component  2: downlevel_payload.8.0.50727.94.608113E0_F3B6_C6EE_FF1F_C8B3B9A1E18E 
1: sxsdelca 2: traceop 3: 1284 4: 0 
1: sxsdelca 2: traceop 3: 1288 4: 0 
1: sxsdelca 2: traceop 3: 1289 4: 0 
1: sxsdelca 2: traceop 3: 1290 4: 0 
1: sxsdelca 2: traceop 3: 1292 4: 0 
1: sxsdelca 2: traceop 3: 1318 4: 0 
1: sxsdelca: Skipping component  2: downlevel_manifest.8.0.50727.98.608113E0_F3B6_C6EE_FF1F_C8B3B9A1E18E 
1: sxsdelca 2: traceop 3: 1284 4: 0 
1: sxsdelca 2: traceop 3: 1288 4: 0 
1: sxsdelca 2: traceop 3: 1289 4: 0 
1: sxsdelca 2: traceop 3: 1290 4: 0 
1: sxsdelca 2: traceop 3: 1292 4: 0 
1: sxsdelca 2: traceop 3: 1318 4: 0 
1: sxsdelca: Skipping component  2: downlevel_payload.8.0.50727.97.608113E0_F3B6_C6EE_FF1F_C8B3B9A1E18E 
1: sxsdelca 2: traceop 3: 1284 4: 0 
1: sxsdelca 2: traceop 3: 1288 4: 0 
1: sxsdelca 2: traceop 3: 1289 4: 0 
1: sxsdelca 2: traceop 3: 1290 4: 0 
1: sxsdelca 2: traceop 3: 1292 4: 0 
1: sxsdelca 2: traceop 3: 1318 4: 0 
1: sxsdelca: Skipping component  2: downlevel_manifest.8.0.50727.99.608113E0_F3B6_C6EE_FF1F_C8B3B9A1E18E 
1: sxsdelca 2: traceop 3: 1284 4: 0 
1: sxsdelca 2: traceop 3: 1288 4: 0 
1: sxsdelca 2: traceop 3: 1289 4: 0 
1: sxsdelca 2: traceop 3: 1290 4: 0 
1: sxsdelca 2: traceop 3: 1292 4: 0 
1: sxsdelca 2: traceop 3: 1318 4: 0 
1: sxsdelca: Skipping component  2: downlevel_payload.8.0.50727.98.608113E0_F3B6_C6EE_FF1F_C8B3B9A1E18E 
1: sxsdelca 2: traceop 3: 1284 4: 0 
1: sxsdelca 2: traceop 3: 1288 4: 0 
1: sxsdelca 2: traceop 3: 1289 4: 0 
1: sxsdelca 2: traceop 3: 1290 4: 0 
1: sxsdelca 2: traceop 3: 1292 4: 0 
1: sxsdelca 2: traceop 3: 1318 4: 0 
1: sxsdelca: Skipping component  2: downlevel_payload.8.0.50727.99.608113E0_F3B6_C6EE_FF1F_C8B3B9A1E18E 
1: sxsdelca 2: traceop 3: 1284 4: 0 
1: sxsdelca 2: traceop 3: 1288 4: 0 
1: sxsdelca 2: traceop 3: 1289 4: 0 
1: sxsdelca 2: traceop 3: 1290 4: 0 
1: sxsdelca 2: traceop 3: 1292 4: 0 
1: sxsdelca 2: traceop 3: 1318 4: 0 
1: sxsdelca: Skipping component  2: downlevel_manifest.8.0.50727.100.608113E0_F3B6_C6EE_FF1F_C8B3B9A1E18E 
1: sxsdelca 2: traceop 3: 1284 4: 0 
1: sxsdelca 2: traceop 3: 1288 4: 0 
1: sxsdelca 2: traceop 3: 1289 4: 0 
1: sxsdelca 2: traceop 3: 1290 4: 0 
1: sxsdelca 2: traceop 3: 1292 4: 0 
1: sxsdelca 2: traceop 3: 1318 4: 0 
1: sxsdelca: Skipping component  2: downlevel_payload.8.0.50727.100.608113E0_F3B6_C6EE_FF1F_C8B3B9A1E18E 
1: sxsdelca 2: traceop 3: 1284 4: 0 
1: sxsdelca 2: traceop 3: 1288 4: 0 
1: sxsdelca 2: traceop 3: 1289 4: 0 
1: sxsdelca 2: traceop 3: 1290 4: 0 
1: sxsdelca 2: traceop 3: 1292 4: 0 
1: sxsdelca 2: traceop 3: 1318 4: 0 
1: sxsdelca: Skipping component  2: downlevel_manifest.8.0.50727.101.608113E0_F3B6_C6EE_FF1F_C8B3B9A1E18E 
1: sxsdelca 2: traceop 3: 1284 4: 0 
1: sxsdelca 2: traceop 3: 1288 4: 0 
1: sxsdelca 2: traceop 3: 1289 4: 0 
1: sxsdelca 2: traceop 3: 1290 4: 0 
1: sxsdelca 2: traceop 3: 1292 4: 0 
1: sxsdelca 2: traceop 3: 1318 4: 0 
1: sxsdelca: Skipping component  2: downlevel_payload.8.0.50727.101.608113E0_F3B6_C6EE_FF1F_C8B3B9A1E18E 
1: sxsdelca 2: traceop 3: 1284 4: 0 
1: sxsdelca 2: traceop 3: 1288 4: 0 
1: sxsdelca 2: traceop 3: 1289 4: 0 
1: sxsdelca 2: traceop 3: 1290 4: 0 
1: sxsdelca 2: traceop 3: 1292 4: 0 
1: sxsdelca 2: traceop 3: 1318 4: 0 
1: sxsdelca: Skipping component  2: downlevel_manifest.8.0.50727.103.608113E0_F3B6_C6EE_FF1F_C8B3B9A1E18E 
1: sxsdelca 2: traceop 3: 1284 4: 0 
1: sxsdelca 2: traceop 3: 1288 4: 0 
1: sxsdelca 2: traceop 3: 1289 4: 0 
1: sxsdelca 2: traceop 3: 1290 4: 0 
1: sxsdelca 2: traceop 3: 1292 4: 0 
1: sxsdelca 2: traceop 3: 1318 4: 0 
1: sxsdelca: Skipping component  2: downlevel_payload.8.0.50727.103.608113E0_F3B6_C6EE_FF1F_C8B3B9A1E18E 
1: sxsdelca 2: traceop 3: 1284 4: 0 
1: sxsdelca 2: traceop 3: 1288 4: 0 
1: sxsdelca 2: traceop 3: 1289 4: 0 
1: sxsdelca 2: traceop 3: 1290 4: 0 
1: sxsdelca 2: traceop 3: 1292 4: 0 
1: sxsdelca 2: traceop 3: 1318 4: 0 
1: sxsdelca: Skipping component  2: downlevel_manifest.8.0.50727.104.608113E0_F3B6_C6EE_FF1F_C8B3B9A1E18E 
1: sxsdelca 2: traceop 3: 1284 4: 0 
1: sxsdelca 2: traceop 3: 1288 4: 0 
1: sxsdelca 2: traceop 3: 1289 4: 0 
1: sxsdelca 2: traceop 3: 1290 4: 0 
1: sxsdelca 2: traceop 3: 1292 4: 0 
1: sxsdelca 2: traceop 3: 1318 4: 0 
1: sxsdelca: Skipping component  2: downlevel_payload.8.0.50727.104.608113E0_F3B6_C6EE_FF1F_C8B3B9A1E18E 
1: sxsdelca 2: traceop 3: 1284 4: 0 
1: sxsdelca 2: traceop 3: 1288 4: 0 
1: sxsdelca 2: traceop 3: 1289 4: 0 
1: sxsdelca 2: traceop 3: 1290 4: 0 
1: sxsdelca 2: traceop 3: 1292 4: 0 
1: sxsdelca 2: traceop 3: 1318 4: 0 
1: sxsdelca: Skipping component  2: downlevel_manifest.8.0.50727.193.608113E0_F3B6_C6EE_FF1F_C8B3B9A1E18E 
1: sxsdelca 2: traceop 3: 1284 4: 0 
1: sxsdelca 2: traceop 3: 1288 4: 0 
1: sxsdelca 2: traceop 3: 1289 4: 0 
1: sxsdelca 2: traceop 3: 1290 4: 0 
1: sxsdelca 2: traceop 3: 1292 4: 0 
1: sxsdelca 2: traceop 3: 1318 4: 0 
1: sxsdelca: Skipping component  2: downlevel_payload.8.0.50727.193.608113E0_F3B6_C6EE_FF1F_C8B3B9A1E18E 
1: sxsdelca 2: traceop 3: 1284 4: 0 
1: sxsdelca 2: traceop 3: 1288 4: 0 
1: sxsdelca 2: traceop 3: 1289 4: 0 
1: sxsdelca 2: traceop 3: 1290 4: 0 
1: sxsdelca 2: traceop 3: 1292 4: 0 
1: sxsdelca 2: traceop 3: 796 4: 0 
1: sxsdelca 2: traceop 3: 801 4: 0 
1: sxsdelca 2: traceop 3: 802 4: 0 
1: sxsdelca 2: traceop 3: 803 4: 0 
1: sxsdelca 2: traceop 3: 805 4: 0 
1: sxsdelca 2: traceop 3: 812 4: 0 
1: sxsdelca 2: traceop 3: 813 4: 0 
1: sxsdelca 2: traceop 3: 814 4: 0 
1: sxsdelca 2: traceop 3: 819 4: 0 
1: sxsdelca 2: traceop 3: 820 4: 0 
1: sxsdelca 2: traceop 3: 821 4: 0 
1: sxsdelca 2: traceop 3: 827 4: 0 
1: sxsdelca 2: traceop 3: 831 4: 0 
1: sxsdelca 2: traceop 3: 827 4: 0 
1: sxsdelca 2: traceop 3: 831 4: 0 
1: sxsdelca 2: traceop 3: 827 4: 259 
1: sxsdelca 2: traceop 3: 1311 4: 0 
1: sxsdelca 2: traceop 3: 1312 4: 0 
1: sxsdelca 2: traceop 3: 1077 4: 0 
1: sxsdelca 2: traceop 3: 1081 4: 0 
1: sxsdelca 2: traceop 3: 1083 4: 0 
1: sxsdelca 2: traceop 3: 1087 4: 0 
1: sxsdelca 2: traceop 3: 1093 4: 0 
1: sxsdelca 2: traceop 3: 1097 4: 0 
1: sxsdelca 2: traceop 3: 1093 4: 0 
1: sxsdelca 2: traceop 3: 1101 4: 0 
1: sxsdelca 2: traceop 3: 1093 4: 0 
1: sxsdelca 2: traceop 3: 1105 4: 0 
1: sxsdelca 2: traceop 3: 1093 4: 0 
1: sxsdelca 2: traceop 3: 1109 4: 0 
1: sxsdelca 2: traceop 3: 1093 4: 0 
1: sxsdelca 2: traceop 3: 1113 4: 0 
1: sxsdelca 2: traceop 3: 1093 4: 0 
1: sxsdelca 2: traceop 3: 1117 4: 0 
1: sxsdelca 2: traceop 3: 1121 4: 0 
1: sxsdelca 2: traceop 3: 1313 4: 0 
1: sxsdelca 2: traceop 3: 1314 4: 0 
1: sxsdelca: Added reg value for  2: uplevel.BDF6E439_056A_10D7_FF1F_C8B3B9A1E18E 
1: sxsdelca 2: traceop 3: 1284 4: 0 
1: sxsdelca 2: traceop 3: 1288 4: 0 
1: sxsdelca 2: traceop 3: 1289 4: 0 
1: sxsdelca 2: traceop 3: 1290 4: 0 
1: sxsdelca 2: traceop 3: 1292 4: 0 
1: sxsdelca 2: traceop 3: 1318 4: 0 
1: sxsdelca: Skipping component  2: downlevel_manifest.8.0.50727.762.BDF6E439_056A_10D7_FF1F_C8B3B9A1E18E 
1: sxsdelca 2: traceop 3: 1284 4: 0 
1: sxsdelca 2: traceop 3: 1288 4: 0 
1: sxsdelca 2: traceop 3: 1289 4: 0 
1: sxsdelca 2: traceop 3: 1290 4: 0 
1: sxsdelca 2: traceop 3: 1292 4: 0 
1: sxsdelca 2: traceop 3: 1318 4: 0 
1: sxsdelca: Skipping component  2: downlevel_manifest.BDF6E439_056A_10D7_FF1F_C8B3B9A1E18E 
1: sxsdelca 2: traceop 3: 1284 4: 0 
1: sxsdelca 2: traceop 3: 1288 4: 0 
1: sxsdelca 2: traceop 3: 1289 4: 0 
1: sxsdelca 2: traceop 3: 1290 4: 0 
1: sxsdelca 2: traceop 3: 1292 4: 0 
1: sxsdelca 2: traceop 3: 1318 4: 0 
1: sxsdelca: Skipping component  2: downlevel_manifest.8.0.50727.89.BDF6E439_056A_10D7_FF1F_C8B3B9A1E18E 
1: sxsdelca 2: traceop 3: 1284 4: 0 
1: sxsdelca 2: traceop 3: 1288 4: 0 
1: sxsdelca 2: traceop 3: 1289 4: 0 
1: sxsdelca 2: traceop 3: 1290 4: 0 
1: sxsdelca 2: traceop 3: 1292 4: 0 
1: sxsdelca 2: traceop 3: 1318 4: 0 
1: sxsdelca: Skipping component  2: downlevel_manifest.8.0.50727.93.BDF6E439_056A_10D7_FF1F_C8B3B9A1E18E 
1: sxsdelca 2: traceop 3: 1284 4: 0 
1: sxsdelca 2: traceop 3: 1288 4: 0 
1: sxsdelca 2: traceop 3: 1289 4: 0 
1: sxsdelca 2: traceop 3: 1290 4: 0 
1: sxsdelca 2: traceop 3: 1292 4: 0 
1: sxsdelca 2: traceop 3: 1318 4: 0 
1: sxsdelca: Skipping component  2: downlevel_manifest.8.0.50727.94.BDF6E439_056A_10D7_FF1F_C8B3B9A1E18E 
1: sxsdelca 2: traceop 3: 1284 4: 0 
1: sxsdelca 2: traceop 3: 1288 4: 0 
1: sxsdelca 2: traceop 3: 1289 4: 0 
1: sxsdelca 2: traceop 3: 1290 4: 0 
1: sxsdelca 2: traceop 3: 1292 4: 0 
1: sxsdelca 2: traceop 3: 1318 4: 0 
1: sxsdelca: Skipping component  2: downlevel_manifest.8.0.50727.95.BDF6E439_056A_10D7_FF1F_C8B3B9A1E18E 
1: sxsdelca 2: traceop 3: 1284 4: 0 
1: sxsdelca 2: traceop 3: 1288 4: 0 
1: sxsdelca 2: traceop 3: 1289 4: 0 
1: sxsdelca 2: traceop 3: 1290 4: 0 
1: sxsdelca 2: traceop 3: 1292 4: 0 
1: sxsdelca 2: traceop 3: 1318 4: 0 
1: sxsdelca: Skipping component  2: downlevel_manifest.8.0.50727.96.BDF6E439_056A_10D7_FF1F_C8B3B9A1E18E 
1: sxsdelca 2: traceop 3: 1284 4: 0 
1: sxsdelca 2: traceop 3: 1288 4: 0 
1: sxsdelca 2: traceop 3: 1289 4: 0 
1: sxsdelca 2: traceop 3: 1290 4: 0 
1: sxsdelca 2: traceop 3: 1292 4: 0 
1: sxsdelca 2: traceop 3: 1318 4: 0 
1: sxsdelca: Skipping component  2: downlevel_manifest.8.0.50727.97.BDF6E439_056A_10D7_FF1F_C8B3B9A1E18E 
1: sxsdelca 2: traceop 3: 1284 4: 0 
1: sxsdelca 2: traceop 3: 1288 4: 0 
1: sxsdelca 2: traceop 3: 1289 4: 0 
1: sxsdelca 2: traceop 3: 1290 4: 0 
1: sxsdelca 2: traceop 3: 1292 4: 0 
1: sxsdelca 2: traceop 3: 1318 4: 0 
1: sxsdelca: Skipping component  2: downlevel_manifest.8.0.50727.98.BDF6E439_056A_10D7_FF1F_C8B3B9A1E18E 
1: sxsdelca 2: traceop 3: 1284 4: 0 
1: sxsdelca 2: traceop 3: 1288 4: 0 
1: sxsdelca 2: traceop 3: 1289 4: 0 
1: sxsdelca 2: traceop 3: 1290 4: 0 
1: sxsdelca 2: traceop 3: 1292 4: 0 
1: sxsdelca 2: traceop 3: 1318 4: 0 
1: sxsdelca: Skipping component  2: downlevel_manifest.8.0.50727.99.BDF6E439_056A_10D7_FF1F_C8B3B9A1E18E 
1: sxsdelca 2: traceop 3: 1284 4: 0 
1: sxsdelca 2: traceop 3: 1288 4: 0 
1: sxsdelca 2: traceop 3: 1289 4: 0 
1: sxsdelca 2: traceop 3: 1290 4: 0 
1: sxsdelca 2: traceop 3: 1292 4: 0 
1: sxsdelca 2: traceop 3: 1318 4: 0 
1: sxsdelca: Skipping component  2: downlevel_manifest.8.0.50727.100.BDF6E439_056A_10D7_FF1F_C8B3B9A1E18E 
1: sxsdelca 2: traceop 3: 1284 4: 0 
1: sxsdelca 2: traceop 3: 1288 4: 0 
1: sxsdelca 2: traceop 3: 1289 4: 0 
1: sxsdelca 2: traceop 3: 1290 4: 0 
1: sxsdelca 2: traceop 3: 1292 4: 0 
1: sxsdelca 2: traceop 3: 1318 4: 0 
1: sxsdelca: Skipping component  2: downlevel_manifest.8.0.50727.101.BDF6E439_056A_10D7_FF1F_C8B3B9A1E18E 
1: sxsdelca 2: traceop 3: 1284 4: 0 
1: sxsdelca 2: traceop 3: 1288 4: 0 
1: sxsdelca 2: traceop 3: 1289 4: 0 
1: sxsdelca 2: traceop 3: 1290 4: 0 
1: sxsdelca 2: traceop 3: 1292 4: 0 
1: sxsdelca 2: traceop 3: 1318 4: 0 
1: sxsdelca: Skipping component  2: downlevel_manifest.8.0.50727.103.BDF6E439_056A_10D7_FF1F_C8B3B9A1E18E 
1: sxsdelca 2: traceop 3: 1284 4: 0 
1: sxsdelca 2: traceop 3: 1288 4: 0 
1: sxsdelca 2: traceop 3: 1289 4: 0 
1: sxsdelca 2: traceop 3: 1290 4: 0 
1: sxsdelca 2: traceop 3: 1292 4: 0 
1: sxsdelca 2: traceop 3: 1318 4: 0 
1: sxsdelca: Skipping component  2: downlevel_manifest.8.0.50727.104.BDF6E439_056A_10D7_FF1F_C8B3B9A1E18E 
1: sxsdelca 2: traceop 3: 1284 4: 0 
1: sxsdelca 2: traceop 3: 1288 4: 0 
1: sxsdelca 2: traceop 3: 1289 4: 0 
1: sxsdelca 2: traceop 3: 1290 4: 0 
1: sxsdelca 2: traceop 3: 1292 4: 0 
1: sxsdelca 2: traceop 3: 1318 4: 0 
1: sxsdelca: Skipping component  2: downlevel_manifest.8.0.50727.193.BDF6E439_056A_10D7_FF1F_C8B3B9A1E18E 
1: sxsdelca 2: traceop 3: 1284 4: 0 
1: sxsdelca 2: traceop 3: 1288 4: 0 
1: sxsdelca 2: traceop 3: 1289 4: 0 
1: sxsdelca 2: traceop 3: 1290 4: 0 
1: sxsdelca 2: traceop 3: 1292 4: 0 
1: sxsdelca 2: traceop 3: 1318 4: 0 
1: sxsdelca: Skipping component  2: downlevel_payload.30729.6161.Microsoft_VC90_ATL_x64.QFE.D0CFCDE9_C036_3F28_90FC_6BE9098343C4 
1: sxsdelca 2: traceop 3: 1284 4: 0 
1: sxsdelca 2: traceop 3: 1288 4: 0 
1: sxsdelca 2: traceop 3: 1289 4: 0 
1: sxsdelca 2: traceop 3: 1290 4: 0 
1: sxsdelca 2: traceop 3: 1292 4: 0 
1: sxsdelca 2: traceop 3: 1318 4: 0 
1: sxsdelca: Skipping component  2: downlevel_manifest.30729.6161.Microsoft_VC90_ATL_x64.QFE.D0CFCDE9_C036_3F28_90FC_6BE9098343C4 
1: sxsdelca 2: traceop 3: 1284 4: 0 
1: sxsdelca 2: traceop 3: 1288 4: 0 
1: sxsdelca 2: traceop 3: 1289 4: 0 
1: sxsdelca 2: traceop 3: 1290 4: 0 
1: sxsdelca 2: traceop 3: 1292 4: 0 
1: sxsdelca 2: traceop 3: 1318 4: 0 
1: sxsdelca: Skipping component  2: downlevel_payload.30729.6161.Microsoft_VC90_CRT_x64.QFE.D11988A5_400E_3D5F_834D_62102379E659 
1: sxsdelca 2: traceop 3: 1284 4: 0 
1: sxsdelca 2: traceop 3: 1288 4: 0 
1: sxsdelca 2: traceop 3: 1289 4: 0 
1: sxsdelca 2: traceop 3: 1290 4: 0 
1: sxsdelca 2: traceop 3: 1292 4: 0 
1: sxsdelca 2: traceop 3: 1318 4: 0 
1: sxsdelca: Skipping component  2: downlevel_manifest.30729.6161.Microsoft_VC90_CRT_x64.QFE.D11988A5_400E_3D5F_834D_62102379E659 
1: sxsdelca 2: traceop 3: 1284 4: 0 
1: sxsdelca 2: traceop 3: 1288 4: 0 
1: sxsdelca 2: traceop 3: 1289 4: 0 
1: sxsdelca 2: traceop 3: 1290 4: 0 
1: sxsdelca 2: traceop 3: 1292 4: 0 
1: sxsdelca 2: traceop 3: 1318 4: 0 
1: sxsdelca: Skipping component  2: downlevel_payload.30729.6161.Microsoft_VC90_MFC_x64.QFE.1F485807_7F80_30D0_86B6_EE340D54F5FF 
1: sxsdelca 2: traceop 3: 1284 4: 0 
1: sxsdelca 2: traceop 3: 1288 4: 0 
1: sxsdelca 2: traceop 3: 1289 4: 0 
1: sxsdelca 2: traceop 3: 1290 4: 0 
1: sxsdelca 2: traceop 3: 1292 4: 0 
1: sxsdelca 2: traceop 3: 1318 4: 0 
1: sxsdelca: Skipping component  2: downlevel_manifest.30729.6161.Microsoft_VC90_MFC_x64.QFE.1F485807_7F80_30D0_86B6_EE340D54F5FF 
1: sxsdelca 2: traceop 3: 1284 4: 0 
1: sxsdelca 2: traceop 3: 1288 4: 0 
1: sxsdelca 2: traceop 3: 1289 4: 0 
1: sxsdelca 2: traceop 3: 1290 4: 0 
1: sxsdelca 2: traceop 3: 1292 4: 0 
1: sxsdelca 2: traceop 3: 1318 4: 0 
1: sxsdelca: Skipping component  2: downlevel_payload.30729.6161.Microsoft_VC90_OpenMP_x64.QFE.BA97773E_5876_394F_B26A_06D5CFA8C890 
1: sxsdelca 2: traceop 3: 1284 4: 0 
1: sxsdelca 2: traceop 3: 1288 4: 0 
1: sxsdelca 2: traceop 3: 1289 4: 0 
1: sxsdelca 2: traceop 3: 1290 4: 0 
1: sxsdelca 2: traceop 3: 1292 4: 0 
1: sxsdelca 2: traceop 3: 1318 4: 0 
1: sxsdelca: Skipping component  2: downlevel_manifest.30729.6161.Microsoft_VC90_OpenMP_x64.QFE.BA97773E_5876_394F_B26A_06D5CFA8C890 
1: sxsdelca 2: traceop 3: 1284 4: 0 
1: sxsdelca 2: traceop 3: 1288 4: 0 
1: sxsdelca 2: traceop 3: 1289 4: 0 
1: sxsdelca 2: traceop 3: 1290 4: 0 
1: sxsdelca 2: traceop 3: 1292 4: 0 
1: sxsdelca 2: traceop 3: 796 4: 0 
1: sxsdelca 2: traceop 3: 801 4: 0 
1: sxsdelca 2: traceop 3: 802 4: 0 
1: sxsdelca 2: traceop 3: 803 4: 0 
1: sxsdelca 2: traceop 3: 805 4: 0 
1: sxsdelca 2: traceop 3: 812 4: 0 
1: sxsdelca 2: traceop 3: 813 4: 0 
1: sxsdelca 2: traceop 3: 814 4: 0 
1: sxsdelca 2: traceop 3: 819 4: 0 
1: sxsdelca 2: traceop 3: 820 4: 0 
1: sxsdelca 2: traceop 3: 821 4: 0 
1: sxsdelca 2: traceop 3: 827 4: 0 
1: sxsdelca 2: traceop 3: 831 4: 0 
1: sxsdelca 2: traceop 3: 827 4: 0 
1: sxsdelca 2: traceop 3: 831 4: 0 
1: sxsdelca 2: traceop 3: 827 4: 0 
1: sxsdelca 2: traceop 3: 831 4: 0 
1: sxsdelca 2: traceop 3: 827 4: 259 
1: sxsdelca 2: traceop 3: 1311 4: 0 
1: sxsdelca 2: traceop 3: 1312 4: 0 
1: sxsdelca 2: traceop 3: 1077 4: 0 
1: sxsdelca 2: traceop 3: 1081 4: 0 
1: sxsdelca 2: traceop 3: 1083 4: 0 
1: sxsdelca 2: traceop 3: 1087 4: 0 
1: sxsdelca 2: traceop 3: 1093 4: 0 
1: sxsdelca 2: traceop 3: 1097 4: 0 
1: sxsdelca 2: traceop 3: 1093 4: 0 
1: sxsdelca 2: traceop 3: 1101 4: 0 
1: sxsdelca 2: traceop 3: 1093 4: 0 
1: sxsdelca 2: traceop 3: 1105 4: 0 
1: sxsdelca 2: traceop 3: 1093 4: 0 
1: sxsdelca 2: traceop 3: 1109 4: 0 
1: sxsdelca 2: traceop 3: 1093 4: 0 
1: sxsdelca 2: traceop 3: 1113 4: 0 
1: sxsdelca 2: traceop 3: 1093 4: 0 
1: sxsdelca 2: traceop 3: 1117 4: 0 
1: sxsdelca 2: traceop 3: 1121 4: 0 
1: sxsdelca 2: traceop 3: 1313 4: 0 
1: sxsdelca 2: traceop 3: 1314 4: 0 
1: sxsdelca: Added reg value for  2: uplevel.09D44781_D142_FE32_FF1F_C8B3B9A1E18E 
1: sxsdelca 2: traceop 3: 1284 4: 0 
1: sxsdelca 2: traceop 3: 1288 4: 0 
1: sxsdelca 2: traceop 3: 1289 4: 0 
1: sxsdelca 2: traceop 3: 1290 4: 0 
1: sxsdelca 2: traceop 3: 1292 4: 0 
1: sxsdelca 2: traceop 3: 1318 4: 0 
1: sxsdelca: Skipping component  2: downlevel_payload.8.0.50727.762.09D44781_D142_FE32_FF1F_C8B3B9A1E18E 
1: sxsdelca 2: traceop 3: 1284 4: 0 
1: sxsdelca 2: traceop 3: 1288 4: 0 
1: sxsdelca 2: traceop 3: 1289 4: 0 
1: sxsdelca 2: traceop 3: 1290 4: 0 
1: sxsdelca 2: traceop 3: 1292 4: 0 
1: sxsdelca 2: traceop 3: 1318 4: 0 
1: sxsdelca: Skipping component  2: downlevel_manifest.8.0.50727.762.09D44781_D142_FE32_FF1F_C8B3B9A1E18E 
1: sxsdelca 2: traceop 3: 1284 4: 0 
1: sxsdelca 2: traceop 3: 1288 4: 0 
1: sxsdelca 2: traceop 3: 1289 4: 0 
1: sxsdelca 2: traceop 3: 1290 4: 0 
1: sxsdelca 2: traceop 3: 1292 4: 0 
1: sxsdelca 2: traceop 3: 1318 4: 0 
1: sxsdelca: Skipping component  2: downlevel_payload.09D44781_D142_FE32_FF1F_C8B3B9A1E18E 
1: sxsdelca 2: traceop 3: 1284 4: 0 
1: sxsdelca 2: traceop 3: 1288 4: 0 
1: sxsdelca 2: traceop 3: 1289 4: 0 
1: sxsdelca 2: traceop 3: 1290 4: 0 
1: sxsdelca 2: traceop 3: 1292 4: 0 
1: sxsdelca 2: traceop 3: 1318 4: 0 
1: sxsdelca: Skipping component  2: downlevel_manifest.09D44781_D142_FE32_FF1F_C8B3B9A1E18E 
1: sxsdelca 2: traceop 3: 1284 4: 0 
1: sxsdelca 2: traceop 3: 1288 4: 0 
1: sxsdelca 2: traceop 3: 1289 4: 0 
1: sxsdelca 2: traceop 3: 1290 4: 0 
1: sxsdelca 2: traceop 3: 1292 4: 0 
1: sxsdelca 2: traceop 3: 1318 4: 0 
1: sxsdelca: Skipping component  2: downlevel_payload.8.0.50727.96.09D44781_D142_FE32_FF1F_C8B3B9A1E18E 
1: sxsdelca 2: traceop 3: 1284 4: 0 
1: sxsdelca 2: traceop 3: 1288 4: 0 
1: sxsdelca 2: traceop 3: 1289 4: 0 
1: sxsdelca 2: traceop 3: 1290 4: 0 
1: sxsdelca 2: traceop 3: 1292 4: 0 
1: sxsdelca 2: traceop 3: 1318 4: 0 
1: sxsdelca: Skipping component  2: downlevel_payload.8.0.50727.89.09D44781_D142_FE32_FF1F_C8B3B9A1E18E 
1: sxsdelca 2: traceop 3: 1284 4: 0 
1: sxsdelca 2: traceop 3: 1288 4: 0 
1: sxsdelca 2: traceop 3: 1289 4: 0 
1: sxsdelca 2: traceop 3: 1290 4: 0 
1: sxsdelca 2: traceop 3: 1292 4: 0 
1: sxsdelca 2: traceop 3: 1318 4: 0 
1: sxsdelca: Skipping component  2: downlevel_payload.8.0.50727.95.09D44781_D142_FE32_FF1F_C8B3B9A1E18E 
1: sxsdelca 2: traceop 3: 1284 4: 0 
1: sxsdelca 2: traceop 3: 1288 4: 0 
1: sxsdelca 2: traceop 3: 1289 4: 0 
1: sxsdelca 2: traceop 3: 1290 4: 0 
1: sxsdelca 2: traceop 3: 1292 4: 0 
1: sxsdelca 2: traceop 3: 1318 4: 0 
1: sxsdelca: Skipping component  2: downlevel_payload.8.0.50727.94.09D44781_D142_FE32_FF1F_C8B3B9A1E18E 
1: sxsdelca 2: traceop 3: 1284 4: 0 
1: sxsdelca 2: traceop 3: 1288 4: 0 
1: sxsdelca 2: traceop 3: 1289 4: 0 
1: sxsdelca 2: traceop 3: 1290 4: 0 
1: sxsdelca 2: traceop 3: 1292 4: 0 
1: sxsdelca 2: traceop 3: 1318 4: 0 
1: sxsdelca: Skipping component  2: downlevel_payload.8.0.50727.93.09D44781_D142_FE32_FF1F_C8B3B9A1E18E 
1: sxsdelca 2: traceop 3: 1284 4: 0 
1: sxsdelca 2: traceop 3: 1288 4: 0 
1: sxsdelca 2: traceop 3: 1289 4: 0 
1: sxsdelca 2: traceop 3: 1290 4: 0 
1: sxsdelca 2: traceop 3: 1292 4: 0 
1: sxsdelca 2: traceop 3: 1318 4: 0 
1: sxsdelca: Skipping component  2: downlevel_manifest.8.0.50727.89.09D44781_D142_FE32_FF1F_C8B3B9A1E18E 
1: sxsdelca 2: traceop 3: 1284 4: 0 
1: sxsdelca 2: traceop 3: 1288 4: 0 
1: sxsdelca 2: traceop 3: 1289 4: 0 
1: sxsdelca 2: traceop 3: 1290 4: 0 
1: sxsdelca 2: traceop 3: 1292 4: 0 
1: sxsdelca 2: traceop 3: 1318 4: 0 
1: sxsdelca: Skipping component  2: downlevel_payload.8.0.50727.98.09D44781_D142_FE32_FF1F_C8B3B9A1E18E 
1: sxsdelca 2: traceop 3: 1284 4: 0 
1: sxsdelca 2: traceop 3: 1288 4: 0 
1: sxsdelca 2: traceop 3: 1289 4: 0 
1: sxsdelca 2: traceop 3: 1290 4: 0 
1: sxsdelca 2: traceop 3: 1292 4: 0 
1: sxsdelca 2: traceop 3: 1318 4: 0 
1: sxsdelca: Skipping component  2: downlevel_manifest.8.0.50727.93.09D44781_D142_FE32_FF1F_C8B3B9A1E18E 
1: sxsdelca 2: traceop 3: 1284 4: 0 
1: sxsdelca 2: traceop 3: 1288 4: 0 
1: sxsdelca 2: traceop 3: 1289 4: 0 
1: sxsdelca 2: traceop 3: 1290 4: 0 
1: sxsdelca 2: traceop 3: 1292 4: 0 
1: sxsdelca 2: traceop 3: 1318 4: 0 
1: sxsdelca: Skipping component  2: downlevel_manifest.8.0.50727.94.09D44781_D142_FE32_FF1F_C8B3B9A1E18E 
1: sxsdelca 2: traceop 3: 1284 4: 0 
1: sxsdelca 2: traceop 3: 1288 4: 0 
1: sxsdelca 2: traceop 3: 1289 4: 0 
1: sxsdelca 2: traceop 3: 1290 4: 0 
1: sxsdelca 2: traceop 3: 1292 4: 0 
1: sxsdelca 2: traceop 3: 1318 4: 0 
1: sxsdelca: Skipping component  2: downlevel_payload.8.0.50727.97.09D44781_D142_FE32_FF1F_C8B3B9A1E18E 
1: sxsdelca 2: traceop 3: 1284 4: 0 
1: sxsdelca 2: traceop 3: 1288 4: 0 
1: sxsdelca 2: traceop 3: 1289 4: 0 
1: sxsdelca 2: traceop 3: 1290 4: 0 
1: sxsdelca 2: traceop 3: 1292 4: 0 
1: sxsdelca 2: traceop 3: 1318 4: 0 
1: sxsdelca: Skipping component  2: downlevel_manifest.8.0.50727.95.09D44781_D142_FE32_FF1F_C8B3B9A1E18E 
1: sxsdelca 2: traceop 3: 1284 4: 0 
1: sxsdelca 2: traceop 3: 1288 4: 0 
1: sxsdelca 2: traceop 3: 1289 4: 0 
1: sxsdelca 2: traceop 3: 1290 4: 0 
1: sxsdelca 2: traceop 3: 1292 4: 0 
1: sxsdelca 2: traceop 3: 1318 4: 0 
1: sxsdelca: Skipping component  2: downlevel_payload.8.0.50727.99.09D44781_D142_FE32_FF1F_C8B3B9A1E18E 
1: sxsdelca 2: traceop 3: 1284 4: 0 
1: sxsdelca 2: traceop 3: 1288 4: 0 
1: sxsdelca 2: traceop 3: 1289 4: 0 
1: sxsdelca 2: traceop 3: 1290 4: 0 
1: sxsdelca 2: traceop 3: 1292 4: 0 
1: sxsdelca 2: traceop 3: 1318 4: 0 
1: sxsdelca: Skipping component  2: downlevel_payload.8.0.50727.100.09D44781_D142_FE32_FF1F_C8B3B9A1E18E 
1: sxsdelca 2: traceop 3: 1284 4: 0 
1: sxsdelca 2: traceop 3: 1288 4: 0 
1: sxsdelca 2: traceop 3: 1289 4: 0 
1: sxsdelca 2: traceop 3: 1290 4: 0 
1: sxsdelca 2: traceop 3: 1292 4: 0 
1: sxsdelca 2: traceop 3: 1318 4: 0 
1: sxsdelca: Skipping component  2: downlevel_manifest.8.0.50727.96.09D44781_D142_FE32_FF1F_C8B3B9A1E18E 
1: sxsdelca 2: traceop 3: 1284 4: 0 
1: sxsdelca 2: traceop 3: 1288 4: 0 
1: sxsdelca 2: traceop 3: 1289 4: 0 
1: sxsdelca 2: traceop 3: 1290 4: 0 
1: sxsdelca 2: traceop 3: 1292 4: 0 
1: sxsdelca 2: traceop 3: 1318 4: 0 
1: sxsdelca: Skipping component  2: downlevel_manifest.8.0.50727.97.09D44781_D142_FE32_FF1F_C8B3B9A1E18E 
1: sxsdelca 2: traceop 3: 1284 4: 0 
1: sxsdelca 2: traceop 3: 1288 4: 0 
1: sxsdelca 2: traceop 3: 1289 4: 0 
1: sxsdelca 2: traceop 3: 1290 4: 0 
1: sxsdelca 2: traceop 3: 1292 4: 0 
1: sxsdelca 2: traceop 3: 1318 4: 0 
1: sxsdelca: Skipping component  2: downlevel_payload.8.0.50727.101.09D44781_D142_FE32_FF1F_C8B3B9A1E18E 
1: sxsdelca 2: traceop 3: 1284 4: 0 
1: sxsdelca 2: traceop 3: 1288 4: 0 
1: sxsdelca 2: traceop 3: 1289 4: 0 
1: sxsdelca 2: traceop 3: 1290 4: 0 
1: sxsdelca 2: traceop 3: 1292 4: 0 
1: sxsdelca 2: traceop 3: 1318 4: 0 
1: sxsdelca: Skipping component  2: downlevel_payload.8.0.50727.103.09D44781_D142_FE32_FF1F_C8B3B9A1E18E 
1: sxsdelca 2: traceop 3: 1284 4: 0 
1: sxsdelca 2: traceop 3: 1288 4: 0 
1: sxsdelca 2: traceop 3: 1289 4: 0 
1: sxsdelca 2: traceop 3: 1290 4: 0 
1: sxsdelca 2: traceop 3: 1292 4: 0 
1: sxsdelca 2: traceop 3: 1318 4: 0 
1: sxsdelca: Skipping component  2: downlevel_manifest.8.0.50727.98.09D44781_D142_FE32_FF1F_C8B3B9A1E18E 
1: sxsdelca 2: traceop 3: 1284 4: 0 
1: sxsdelca 2: traceop 3: 1288 4: 0 
1: sxsdelca 2: traceop 3: 1289 4: 0 
1: sxsdelca 2: traceop 3: 1290 4: 0 
1: sxsdelca 2: traceop 3: 1292 4: 0 
1: sxsdelca 2: traceop 3: 1318 4: 0 
1: sxsdelca: Skipping component  2: downlevel_manifest.8.0.50727.99.09D44781_D142_FE32_FF1F_C8B3B9A1E18E 
1: sxsdelca 2: traceop 3: 1284 4: 0 
1: sxsdelca 2: traceop 3: 1288 4: 0 
1: sxsdelca 2: traceop 3: 1289 4: 0 
1: sxsdelca 2: traceop 3: 1290 4: 0 
1: sxsdelca 2: traceop 3: 1292 4: 0 
1: sxsdelca 2: traceop 3: 1318 4: 0 
1: sxsdelca: Skipping component  2: downlevel_payload.8.0.50727.104.09D44781_D142_FE32_FF1F_C8B3B9A1E18E 
1: sxsdelca 2: traceop 3: 1284 4: 0 
1: sxsdelca 2: traceop 3: 1288 4: 0 
1: sxsdelca 2: traceop 3: 1289 4: 0 
1: sxsdelca 2: traceop 3: 1290 4: 0 
1: sxsdelca 2: traceop 3: 1292 4: 0 
1: sxsdelca 2: traceop 3: 1318 4: 0 
1: sxsdelca: Skipping component  2: downlevel_manifest.8.0.50727.100.09D44781_D142_FE32_FF1F_C8B3B9A1E18E 
1: sxsdelca 2: traceop 3: 1284 4: 0 
1: sxsdelca 2: traceop 3: 1288 4: 0 
1: sxsdelca 2: traceop 3: 1289 4: 0 
1: sxsdelca 2: traceop 3: 1290 4: 0 
1: sxsdelca 2: traceop 3: 1292 4: 0 
1: sxsdelca 2: traceop 3: 1318 4: 0 
1: sxsdelca: Skipping component  2: downlevel_manifest.8.0.50727.101.09D44781_D142_FE32_FF1F_C8B3B9A1E18E 
1: sxsdelca 2: traceop 3: 1284 4: 0 
1: sxsdelca 2: traceop 3: 1288 4: 0 
1: sxsdelca 2: traceop 3: 1289 4: 0 
1: sxsdelca 2: traceop 3: 1290 4: 0 
1: sxsdelca 2: traceop 3: 1292 4: 0 
1: sxsdelca 2: traceop 3: 1318 4: 0 
1: sxsdelca: Skipping component  2: downlevel_payload.8.0.50727.193.09D44781_D142_FE32_FF1F_C8B3B9A1E18E 
1: sxsdelca 2: traceop 3: 1284 4: 0 
1: sxsdelca 2: traceop 3: 1288 4: 0 
1: sxsdelca 2: traceop 3: 1289 4: 0 
1: sxsdelca 2: traceop 3: 1290 4: 0 
1: sxsdelca 2: traceop 3: 1292 4: 0 
1: sxsdelca 2: traceop 3: 1318 4: 0 
1: sxsdelca: Skipping component  2: downlevel_manifest.8.0.50727.103.09D44781_D142_FE32_FF1F_C8B3B9A1E18E 
1: sxsdelca 2: traceop 3: 1284 4: 0 
1: sxsdelca 2: traceop 3: 1288 4: 0 
1: sxsdelca 2: traceop 3: 1289 4: 0 
1: sxsdelca 2: traceop 3: 1290 4: 0 
1: sxsdelca 2: traceop 3: 1292 4: 0 
1: sxsdelca 2: traceop 3: 1318 4: 0 
1: sxsdelca: Skipping component  2: downlevel_manifest.8.0.50727.104.09D44781_D142_FE32_FF1F_C8B3B9A1E18E 
1: sxsdelca 2: traceop 3: 1284 4: 0 
1: sxsdelca 2: traceop 3: 1288 4: 0 
1: sxsdelca 2: traceop 3: 1289 4: 0 
1: sxsdelca 2: traceop 3: 1290 4: 0 
1: sxsdelca 2: traceop 3: 1292 4: 0 
1: sxsdelca 2: traceop 3: 1318 4: 0 
1: sxsdelca: Skipping component  2: downlevel_manifest.8.0.50727.193.09D44781_D142_FE32_FF1F_C8B3B9A1E18E 
1: sxsdelca 2: traceop 3: 1284 4: 0 
1: sxsdelca 2: traceop 3: 1288 4: 0 
1: sxsdelca 2: traceop 3: 1289 4: 0 
1: sxsdelca 2: traceop 3: 1290 4: 0 
1: sxsdelca 2: traceop 3: 1292 4: 0 
1: sxsdelca 2: traceop 3: 796 4: 0 
1: sxsdelca 2: traceop 3: 801 4: 0 
1: sxsdelca 2: traceop 3: 802 4: 0 
1: sxsdelca 2: traceop 3: 803 4: 0 
1: sxsdelca 2: traceop 3: 805 4: 0 
1: sxsdelca 2: traceop 3: 812 4: 0 
1: sxsdelca 2: traceop 3: 813 4: 0 
1: sxsdelca 2: traceop 3: 814 4: 0 
1: sxsdelca 2: traceop 3: 819 4: 0 
1: sxsdelca 2: traceop 3: 820 4: 0 
1: sxsdelca 2: traceop 3: 821 4: 0 
1: sxsdelca 2: traceop 3: 827 4: 0 
1: sxsdelca 2: traceop 3: 831 4: 0 
1: sxsdelca 2: traceop 3: 827 4: 0 
1: sxsdelca 2: traceop 3: 831 4: 0 
1: sxsdelca 2: traceop 3: 827 4: 259 
1: sxsdelca 2: traceop 3: 1311 4: 0 
1: sxsdelca 2: traceop 3: 1312 4: 0 
1: sxsdelca 2: traceop 3: 1077 4: 0 
1: sxsdelca 2: traceop 3: 1081 4: 0 
1: sxsdelca 2: traceop 3: 1083 4: 0 
1: sxsdelca 2: traceop 3: 1087 4: 0 
1: sxsdelca 2: traceop 3: 1093 4: 0 
1: sxsdelca 2: traceop 3: 1097 4: 0 
1: sxsdelca 2: traceop 3: 1093 4: 0 
1: sxsdelca 2: traceop 3: 1101 4: 0 
1: sxsdelca 2: traceop 3: 1093 4: 0 
1: sxsdelca 2: traceop 3: 1105 4: 0 
1: sxsdelca 2: traceop 3: 1093 4: 0 
1: sxsdelca 2: traceop 3: 1109 4: 0 
1: sxsdelca 2: traceop 3: 1093 4: 0 
1: sxsdelca 2: traceop 3: 1113 4: 0 
1: sxsdelca 2: traceop 3: 1093 4: 0 
1: sxsdelca 2: traceop 3: 1117 4: 0 
1: sxsdelca 2: traceop 3: 1121 4: 0 
1: sxsdelca 2: traceop 3: 1313 4: 0 
1: sxsdelca 2: traceop 3: 1314 4: 0 
1: sxsdelca: Added reg value for  2: uplevel.F03DCAB0_5F6D_2EAB_FF1F_C8B3B9A1E18E 
1: sxsdelca 2: traceop 3: 1284 4: 0 
1: sxsdelca 2: traceop 3: 1288 4: 0 
1: sxsdelca 2: traceop 3: 1289 4: 0 
1: sxsdelca 2: traceop 3: 1290 4: 0 
1: sxsdelca 2: traceop 3: 1292 4: 0 
1: sxsdelca 2: traceop 3: 1318 4: 0 
1: sxsdelca: Skipping component  2: downlevel_manifest.8.0.50727.762.F03DCAB0_5F6D_2EAB_FF1F_C8B3B9A1E18E 
1: sxsdelca 2: traceop 3: 1284 4: 0 
1: sxsdelca 2: traceop 3: 1288 4: 0 
1: sxsdelca 2: traceop 3: 1289 4: 0 
1: sxsdelca 2: traceop 3: 1290 4: 0 
1: sxsdelca 2: traceop 3: 1292 4: 0 
1: sxsdelca 2: traceop 3: 1318 4: 0 
1: sxsdelca: Skipping component  2: downlevel_manifest.F03DCAB0_5F6D_2EAB_FF1F_C8B3B9A1E18E 
1: sxsdelca 2: traceop 3: 1284 4: 0 
1: sxsdelca 2: traceop 3: 1288 4: 0 
1: sxsdelca 2: traceop 3: 1289 4: 0 
1: sxsdelca 2: traceop 3: 1290 4: 0 
1: sxsdelca 2: traceop 3: 1292 4: 0 
1: sxsdelca 2: traceop 3: 1318 4: 0 
1: sxsdelca: Skipping component  2: downlevel_manifest.8.0.50727.89.F03DCAB0_5F6D_2EAB_FF1F_C8B3B9A1E18E 
1: sxsdelca 2: traceop 3: 1284 4: 0 
1: sxsdelca 2: traceop 3: 1288 4: 0 
1: sxsdelca 2: traceop 3: 1289 4: 0 
1: sxsdelca 2: traceop 3: 1290 4: 0 
1: sxsdelca 2: traceop 3: 1292 4: 0 
1: sxsdelca 2: traceop 3: 1318 4: 0 
1: sxsdelca: Skipping component  2: downlevel_manifest.8.0.50727.93.F03DCAB0_5F6D_2EAB_FF1F_C8B3B9A1E18E 
1: sxsdelca 2: traceop 3: 1284 4: 0 
1: sxsdelca 2: traceop 3: 1288 4: 0 
1: sxsdelca 2: traceop 3: 1289 4: 0 
1: sxsdelca 2: traceop 3: 1290 4: 0 
1: sxsdelca 2: traceop 3: 1292 4: 0 
1: sxsdelca 2: traceop 3: 1318 4: 0 
1: sxsdelca: Skipping component  2: downlevel_manifest.8.0.50727.94.F03DCAB0_5F6D_2EAB_FF1F_C8B3B9A1E18E 
1: sxsdelca 2: traceop 3: 1284 4: 0 
1: sxsdelca 2: traceop 3: 1288 4: 0 
1: sxsdelca 2: traceop 3: 1289 4: 0 
1: sxsdelca 2: traceop 3: 1290 4: 0 
1: sxsdelca 2: traceop 3: 1292 4: 0 
1: sxsdelca 2: traceop 3: 1318 4: 0 
1: sxsdelca: Skipping component  2: downlevel_manifest.8.0.50727.95.F03DCAB0_5F6D_2EAB_FF1F_C8B3B9A1E18E 
1: sxsdelca 2: traceop 3: 1284 4: 0 
1: sxsdelca 2: traceop 3: 1288 4: 0 
1: sxsdelca 2: traceop 3: 1289 4: 0 
1: sxsdelca 2: traceop 3: 1290 4: 0 
1: sxsdelca 2: traceop 3: 1292 4: 0 
1: sxsdelca 2: traceop 3: 1318 4: 0 
1: sxsdelca: Skipping component  2: downlevel_manifest.8.0.50727.96.F03DCAB0_5F6D_2EAB_FF1F_C8B3B9A1E18E 
1: sxsdelca 2: traceop 3: 1284 4: 0 
1: sxsdelca 2: traceop 3: 1288 4: 0 
1: sxsdelca 2: traceop 3: 1289 4: 0 
1: sxsdelca 2: traceop 3: 1290 4: 0 
1: sxsdelca 2: traceop 3: 1292 4: 0 
1: sxsdelca 2: traceop 3: 1318 4: 0 
1: sxsdelca: Skipping component  2: downlevel_manifest.8.0.50727.97.F03DCAB0_5F6D_2EAB_FF1F_C8B3B9A1E18E 
1: sxsdelca 2: traceop 3: 1284 4: 0 
1: sxsdelca 2: traceop 3: 1288 4: 0 
1: sxsdelca 2: traceop 3: 1289 4: 0 
1: sxsdelca 2: traceop 3: 1290 4: 0 
1: sxsdelca 2: traceop 3: 1292 4: 0 
1: sxsdelca 2: traceop 3: 1318 4: 0 
1: sxsdelca: Skipping component  2: downlevel_manifest.8.0.50727.98.F03DCAB0_5F6D_2EAB_FF1F_C8B3B9A1E18E 
1: sxsdelca 2: traceop 3: 1284 4: 0 
1: sxsdelca 2: traceop 3: 1288 4: 0 
1: sxsdelca 2: traceop 3: 1289 4: 0 
1: sxsdelca 2: traceop 3: 1290 4: 0 
1: sxsdelca 2: traceop 3: 1292 4: 0 
1: sxsdelca 2: traceop 3: 1318 4: 0 
1: sxsdelca: Skipping component  2: downlevel_manifest.8.0.50727.99.F03DCAB0_5F6D_2EAB_FF1F_C8B3B9A1E18E 
1: sxsdelca 2: traceop 3: 1284 4: 0 
1: sxsdelca 2: traceop 3: 1288 4: 0 
1: sxsdelca 2: traceop 3: 1289 4: 0 
1: sxsdelca 2: traceop 3: 1290 4: 0 
1: sxsdelca 2: traceop 3: 1292 4: 0 
1: sxsdelca 2: traceop 3: 1318 4: 0 
1: sxsdelca: Skipping component  2: downlevel_manifest.8.0.50727.100.F03DCAB0_5F6D_2EAB_FF1F_C8B3B9A1E18E 
1: sxsdelca 2: traceop 3: 1284 4: 0 
1: sxsdelca 2: traceop 3: 1288 4: 0 
1: sxsdelca 2: traceop 3: 1289 4: 0 
1: sxsdelca 2: traceop 3: 1290 4: 0 
1: sxsdelca 2: traceop 3: 1292 4: 0 
1: sxsdelca 2: traceop 3: 1318 4: 0 
1: sxsdelca: Skipping component  2: downlevel_manifest.8.0.50727.101.F03DCAB0_5F6D_2EAB_FF1F_C8B3B9A1E18E 
1: sxsdelca 2: traceop 3: 1284 4: 0 
1: sxsdelca 2: traceop 3: 1288 4: 0 
1: sxsdelca 2: traceop 3: 1289 4: 0 
1: sxsdelca 2: traceop 3: 1290 4: 0 
1: sxsdelca 2: traceop 3: 1292 4: 0 
1: sxsdelca 2: traceop 3: 1318 4: 0 
1: sxsdelca: Skipping component  2: downlevel_manifest.8.0.50727.103.F03DCAB0_5F6D_2EAB_FF1F_C8B3B9A1E18E 
1: sxsdelca 2: traceop 3: 1284 4: 0 
1: sxsdelca 2: traceop 3: 1288 4: 0 
1: sxsdelca 2: traceop 3: 1289 4: 0 
1: sxsdelca 2: traceop 3: 1290 4: 0 
1: sxsdelca 2: traceop 3: 1292 4: 0 
1: sxsdelca 2: traceop 3: 1318 4: 0 
1: sxsdelca: Skipping component  2: downlevel_manifest.8.0.50727.104.F03DCAB0_5F6D_2EAB_FF1F_C8B3B9A1E18E 
1: sxsdelca 2: traceop 3: 1284 4: 0 
1: sxsdelca 2: traceop 3: 1288 4: 0 
1: sxsdelca 2: traceop 3: 1289 4: 0 
1: sxsdelca 2: traceop 3: 1290 4: 0 
1: sxsdelca 2: traceop 3: 1292 4: 0 
1: sxsdelca 2: traceop 3: 1318 4: 0 
1: sxsdelca: Skipping component  2: downlevel_manifest.8.0.50727.193.F03DCAB0_5F6D_2EAB_FF1F_C8B3B9A1E18E 
1: sxsdelca 2: traceop 3: 1284 4: 0 
1: sxsdelca 2: traceop 3: 1288 4: 0 
1: sxsdelca 2: traceop 3: 1289 4: 0 
1: sxsdelca 2: traceop 3: 1290 4: 0 
1: sxsdelca 2: traceop 3: 1292 4: 0 
1: sxsdelca 2: traceop 3: 1318 4: 0 
1: sxsdelca: Skipping component  2: downlevel_manifest.30729.6161.policy_9_0_Microsoft_VC90_ATL_x64.QFE.CC0E27C9_4499_3E14_870E_C4EDBD98D0B8 
1: sxsdelca 2: traceop 3: 1284 4: 0 
1: sxsdelca 2: traceop 3: 1288 4: 0 
1: sxsdelca 2: traceop 3: 1289 4: 0 
1: sxsdelca 2: traceop 3: 1290 4: 0 
1: sxsdelca 2: traceop 3: 1292 4: 0 
1: sxsdelca 2: traceop 3: 1318 4: 0 
1: sxsdelca: Skipping component  2: downlevel_manifest.30729.6161.policy_9_0_Microsoft_VC90_CRT_x64.QFE.2B64E0BC_8AED_3A12_9FC4_E6C247309FFF 
1: sxsdelca 2: traceop 3: 1284 4: 0 
1: sxsdelca 2: traceop 3: 1288 4: 0 
1: sxsdelca 2: traceop 3: 1289 4: 0 
1: sxsdelca 2: traceop 3: 1290 4: 0 
1: sxsdelca 2: traceop 3: 1292 4: 0 
1: sxsdelca 2: traceop 3: 1318 4: 0 
1: sxsdelca: Skipping component  2: downlevel_manifest.30729.6161.policy_9_0_Microsoft_VC90_MFC_x64.QFE.A2ADBFF3_39A4_3465_8495_2A4B21A67257 
1: sxsdelca 2: traceop 3: 1284 4: 0 
1: sxsdelca 2: traceop 3: 1288 4: 0 
1: sxsdelca 2: traceop 3: 1289 4: 0 
1: sxsdelca 2: traceop 3: 1290 4: 0 
1: sxsdelca 2: traceop 3: 1292 4: 0 
1: sxsdelca 2: traceop 3: 1318 4: 0 
1: sxsdelca: Skipping component  2: downlevel_manifest.30729.6161.policy_9_0_Microsoft_VC90_OpenMP_x64.QFE.74B34459_B7EA_33B5_8BB4_E7885E3207D2 
1: sxsdelca 2: traceop 3: 1284 4: 259 
1: sxsdelca 2: SxsMsmInstall completed 3: 0 4: 0 
Action ended 12:08:18: SxsInstallCA. Return value 1.
Action 12:08:18: AllocateRegistrySpace. Allocating registry space
Action start 12:08:18: AllocateRegistrySpace.
Allocating registry space...
Action ended 12:08:18: AllocateRegistrySpace. Return value 1.
Action 12:08:18: ProcessComponents. Updating component registration
Action start 12:08:18: ProcessComponents.
Action ended 12:08:18: ProcessComponents. Return value 1.
Action 12:08:18: UnpublishComponents. Unpublishing Qualified Components
Action start 12:08:18: UnpublishComponents.
Action ended 12:08:18: UnpublishComponents. Return value 1.
Action 12:08:18: MsiUnpublishAssemblies. 
Action start 12:08:18: MsiUnpublishAssemblies.
Action ended 12:08:18: MsiUnpublishAssemblies. Return value 1.
Action 12:08:18: UnpublishFeatures. Unpublishing product features
Action start 12:08:18: UnpublishFeatures.
Action ended 12:08:18: UnpublishFeatures. Return value 1.
Action 12:08:18: StopServices. Stopping services
Action start 12:08:18: StopServices.
Action ended 12:08:18: StopServices. Return value 1.
Action 12:08:18: DeleteServices. Deleting services
Action start 12:08:18: DeleteServices.
Action ended 12:08:18: DeleteServices. Return value 1.
Action 12:08:18: UnregisterComPlus. Unregistering COM+ Applications and Components
Action start 12:08:18: UnregisterComPlus.
Action ended 12:08:18: UnregisterComPlus. Return value 1.
Action 12:08:18: SelfUnregModules. Unregistering modules
Action start 12:08:18: SelfUnregModules.
Action ended 12:08:18: SelfUnregModules. Return value 1.
Action 12:08:18: UnregisterTypeLibraries. Unregistering type libraries
Action start 12:08:18: UnregisterTypeLibraries.
Action ended 12:08:18: UnregisterTypeLibraries. Return value 1.
Action 12:08:18: RemoveODBC. Removing ODBC components
Action start 12:08:18: RemoveODBC.
Action ended 12:08:18: RemoveODBC. Return value 1.
Action 12:08:18: RemoveRegistryValues. Removing system registry values
Action start 12:08:18: RemoveRegistryValues.
Action ended 12:08:18: RemoveRegistryValues. Return value 1.
Action 12:08:18: UnregisterClassInfo. Unregister class servers
Action start 12:08:18: UnregisterClassInfo.
Action ended 12:08:18: UnregisterClassInfo. Return value 1.
Action 12:08:18: UnregisterExtensionInfo. Unregistering extension servers
Action start 12:08:18: UnregisterExtensionInfo.
Action ended 12:08:18: UnregisterExtensionInfo. Return value 1.
Action 12:08:18: UnregisterProgIdInfo. Unregistering program identifiers
Action start 12:08:18: UnregisterProgIdInfo.
Action ended 12:08:18: UnregisterProgIdInfo. Return value 1.
Action 12:08:18: UnregisterMIMEInfo. Unregistering MIME info
Action start 12:08:18: UnregisterMIMEInfo.
Action ended 12:08:18: UnregisterMIMEInfo. Return value 1.
Action 12:08:18: RemoveIniValues. Removing INI file entries
Action start 12:08:18: RemoveIniValues.
Action ended 12:08:18: RemoveIniValues. Return value 1.
Action 12:08:18: RemoveShortcuts. Removing shortcuts
Action start 12:08:18: RemoveShortcuts.
Action ended 12:08:18: RemoveShortcuts. Return value 1.
Action 12:08:18: RemoveEnvironmentStrings. Updating environment strings
Action start 12:08:18: RemoveEnvironmentStrings.
Action ended 12:08:18: RemoveEnvironmentStrings. Return value 1.
Action 12:08:18: RegisterMastercamFilesProperties. 
Action start 12:08:18: RegisterMastercamFilesProperties.
Action ended 12:08:18: RegisterMastercamFilesProperties. Return value 1.
Action 12:08:18: UninstallNGENPropertyValues. 
Action start 12:08:18: UninstallNGENPropertyValues.
Action ended 12:08:18: UninstallNGENPropertyValues. Return value 1.
Action 12:08:18: RemoveDuplicateFiles. Removing duplicated files
Action start 12:08:18: RemoveDuplicateFiles.
Action ended 12:08:18: RemoveDuplicateFiles. Return value 1.
Action 12:08:18: RemoveFiles. Removing files
Action start 12:08:18: RemoveFiles.
Action ended 12:08:18: RemoveFiles. Return value 1.
Action 12:08:18: RemoveFolders. Removing folders
Action start 12:08:18: RemoveFolders.
Action ended 12:08:18: RemoveFolders. Return value 1.
Action 12:08:18: CreateFolders. Creating folders
Action start 12:08:18: CreateFolders.
Action ended 12:08:18: CreateFolders. Return value 1.
Action 12:08:18: MoveFiles. Moving files
Action start 12:08:18: MoveFiles.
Action ended 12:08:18: MoveFiles. Return value 1.
Action 12:08:18: InstallFiles. Copying new files
Action start 12:08:18: InstallFiles.
Action ended 12:08:18: InstallFiles. Return value 1.
Action 12:08:18: PatchFiles. Patching files
Action start 12:08:18: PatchFiles.
Action ended 12:08:18: PatchFiles. Return value 1.
Action 12:08:18: RunNGenPropertyValues. 
Action start 12:08:18: RunNGenPropertyValues.
Action ended 12:08:18: RunNGenPropertyValues. Return value 1.
Action 12:08:18: RunNGEN. 
Action start 12:08:18: RunNGEN.
Action ended 12:08:18: RunNGEN. Return value 1.
Action 12:08:18: DuplicateFiles. Creating duplicate files
Action start 12:08:18: DuplicateFiles.
Action ended 12:08:18: DuplicateFiles. Return value 1.
Action 12:08:18: BindImage. Binding executables
Action start 12:08:18: BindImage.
Action ended 12:08:18: BindImage. Return value 1.
Action 12:08:18: CreateShortcuts. Creating shortcuts
Action start 12:08:18: CreateShortcuts.
Action ended 12:08:18: CreateShortcuts. Return value 1.
Action 12:08:18: RegisterClassInfo. Registering class servers
Action start 12:08:18: RegisterClassInfo.
Action ended 12:08:18: RegisterClassInfo. Return value 1.
Action 12:08:18: RegisterExtensionInfo. Registering extension servers
Action start 12:08:18: RegisterExtensionInfo.
Action ended 12:08:18: RegisterExtensionInfo. Return value 1.
Action 12:08:18: RegisterProgIdInfo. Registering program identifiers
Action start 12:08:18: RegisterProgIdInfo.
Action ended 12:08:18: RegisterProgIdInfo. Return value 1.
Action 12:08:18: RegisterMIMEInfo. Registering MIME info
Action start 12:08:18: RegisterMIMEInfo.
Action ended 12:08:18: RegisterMIMEInfo. Return value 1.
Action 12:08:18: WriteRegistryValues. Writing system registry values
Action start 12:08:18: WriteRegistryValues.
Action ended 12:08:18: WriteRegistryValues. Return value 1.
Action 12:08:18: WriteIniValues. Writing INI file values
Action start 12:08:18: WriteIniValues.
Action ended 12:08:18: WriteIniValues. Return value 1.
Action 12:08:18: WriteEnvironmentStrings. Updating environment strings
Action start 12:08:18: WriteEnvironmentStrings.
Action ended 12:08:18: WriteEnvironmentStrings. Return value 1.
Action 12:08:18: RegisterMastercamFont. 
Action start 12:08:18: RegisterMastercamFont.
Action ended 12:08:18: RegisterMastercamFont. Return value 1.
Action 12:08:18: InstallODBC. Installing ODBC components
Action start 12:08:18: InstallODBC.
Action ended 12:08:18: InstallODBC. Return value 1.
Action 12:08:18: RegisterTypeLibraries. Registering type libraries
Action start 12:08:18: RegisterTypeLibraries.
Action ended 12:08:18: RegisterTypeLibraries. Return value 1.
Action 12:08:18: SelfRegModules. Registering modules
Action start 12:08:18: SelfRegModules.
Action ended 12:08:18: SelfRegModules. Return value 1.
Action 12:08:18: RegisterComPlus. Registering COM+ Applications and Components
Action start 12:08:18: RegisterComPlus.
Action ended 12:08:18: RegisterComPlus. Return value 1.
Action 12:08:18: InstallServices. Installing new services
Action start 12:08:18: InstallServices.
Action ended 12:08:18: InstallServices. Return value 1.
Action 12:08:18: StartServices. Starting services
Action start 12:08:18: StartServices.
Action ended 12:08:18: StartServices. Return value 1.
Action 12:08:18: ISLockPermissionsInstall. Applying permissions information for objects...
Action start 12:08:18: ISLockPermissionsInstall.
Action ended 12:08:18: ISLockPermissionsInstall. Return value 1.
Action 12:08:18: RegisterUser. Registering user
Action start 12:08:18: RegisterUser.
Action ended 12:08:18: RegisterUser. Return value 1.
Action 12:08:18: RegisterProduct. Registering product
Action start 12:08:18: RegisterProduct.
Action ended 12:08:18: RegisterProduct. Return value 1.
Action 12:08:18: PublishComponents. Publishing qualified components
Action start 12:08:18: PublishComponents.
Action ended 12:08:18: PublishComponents. Return value 1.
Action 12:08:18: MsiPublishAssemblies. 
Action start 12:08:18: MsiPublishAssemblies.
Action ended 12:08:18: MsiPublishAssemblies. Return value 1.
Action 12:08:18: PublishFeatures. Publishing product features
Action start 12:08:18: PublishFeatures.
Action ended 12:08:18: PublishFeatures. Return value 1.
Action 12:08:18: PublishProduct. Publishing product information
Action start 12:08:18: PublishProduct.
Action ended 12:08:18: PublishProduct. Return value 1.
Action 12:08:18: RegisterMastercamFiles. 
Action start 12:08:18: RegisterMastercamFiles.
Action ended 12:08:18: RegisterMastercamFiles. Return value 1.
Action 12:08:18: InstallFinalize. 
Action start 12:08:18: InstallFinalize.
Action 12:08:18: ProcessComponents. Updating component registration
Action start 12:08:18: ProcessComponents.
1: {E3A7A159-C187-44D3-93E8-5EF961F4E0DD} 2: {CE9B7779-FD03-47DD-9791-2F3E0F80BF6A} 3: C:\Program Files\Mastercam 2027\chooks\atp\XATP.dll 
1: {E3A7A159-C187-44D3-93E8-5EF961F4E0DD} 2: {EF11B39E-FD0F-4673-B86E-AFF8B6DE93D6} 3: C:\Program Files\Mastercam 2027\chooks\atp.ft 
1: {E3A7A159-C187-44D3-93E8-5EF961F4E0DD} 2: {6545E965-8BAC-42D3-A5DA-33D2E482553E} 3: C:\Program Files\Mastercam 2027\common\Editors\CIMCOEdit\ 
1: {E3A7A159-C187-44D3-93E8-5EF961F4E0DD} 2: {8A501059-5AFB-4248-9826-094153D25572} 3: C:\Program Files\Mastercam 2027\crashservice\Cnc.Utilities.Core.Windows.dll 
1: {E3A7A159-C187-44D3-93E8-5EF961F4E0DD} 2: {A7F95A98-9366-42D9-AC23-70C058827593} 3: C:\Program Files\Mastercam 2027\crashservice\Cnc.Utilities.Core.dll 
1: {E3A7A159-C187-44D3-93E8-5EF961F4E0DD} 2: {F41A6CE0-4A77-4F81-ADEF-CC485013127E} 3: C:\Program Files\Mastercam 2027\crashservice\CrashReporter.exe 
1: {E3A7A159-C187-44D3-93E8-5EF961F4E0DD} 2: {3D1FA6CD-189B-492C-B191-DB8297DD8ED2} 3: C:\Program Files\Mastercam 2027\crashservice\CrashService.dll 
1: {E3A7A159-C187-44D3-93E8-5EF961F4E0DD} 2: {401A86FC-6A3B-47F8-B3C4-102048357F95} 3: <\CrashServiceManaged,Version="1.0.9643.26320",Culture="neutral",ProcessorArchitecture="Amd64" 
1: {E3A7A159-C187-44D3-93E8-5EF961F4E0DD} 2: {E64DA039-B4D8-41E2-9EB3-E2B0CD67C14A} 3: C:\Program Files\Mastercam 2027\crashservice\managed\CrashServiceManaged.runtimeconfig.json 
1: {E3A7A159-C187-44D3-93E8-5EF961F4E0DD} 2: {10303AB7-709A-441D-9779-50B8F503232E} 3: <\Sentry,Version="5.16.2.0",PublicKeyToken="FBA2EC45388E2AF0",Culture="neutral",FileVersion="5.16.2.0",ProcessorArchitecture="MSIL" 
1: {E3A7A159-C187-44D3-93E8-5EF961F4E0DD} 2: {BDE4F2E6-89C6-4C75-89BD-2E767867A253} 3: C:\Program Files\Mastercam 2027\crashservice\crashpad_handler.exe 
1: {E3A7A159-C187-44D3-93E8-5EF961F4E0DD} 2: {9E5E74C6-D8FD-451F-AFE0-437E3C2BF6DD} 3: C:\Program Files\Mastercam 2027\crashservice\crashpad_wer.dll 
1: {E3A7A159-C187-44D3-93E8-5EF961F4E0DD} 2: {39A2B363-FFDE-4280-AAF6-C02D11C32FEC} 3: C:\Program Files\Mastercam 2027\crashservice\sentry.dll 
1: {E3A7A159-C187-44D3-93E8-5EF961F4E0DD} 2: {2BE9B0FF-5F1A-4D97-ACBE-9D9245A06CC8} 3: C:\ProgramData\Mastercam\MachineSimulation\MachSim\ 
1: {E3A7A159-C187-44D3-93E8-5EF961F4E0DD} 2: {C93D90F9-12EB-4DED-A501-73288B3ACB11} 3: C:\Program Files\Common Files\Mastercam\MCIconHandler.dll 
1: {E3A7A159-C187-44D3-93E8-5EF961F4E0DD} 2: {4B17AD1A-E226-4AF2-B1C9-0B1259CF5D89} 3: C:\Program Files\Common Files\Mastercam\MCPreviewHandler.dll 
1: {E3A7A159-C187-44D3-93E8-5EF961F4E0DD} 2: {6DBF6822-70AD-41DE-8A7F-FE142EDE41A4} 3: C:\Program Files\Common Files\Mastercam\MCShellTooltipHandler.dll 
1: {E3A7A159-C187-44D3-93E8-5EF961F4E0DD} 2: {AF61D6E4-C48A-4701-BA80-B132F60C8BCC} 3: C:\Program Files\Common Files\Mastercam\MCdescr.dll 
1: {E3A7A159-C187-44D3-93E8-5EF961F4E0DD} 2: {72AFCE16-36EC-4DE6-964A-FCFD8BB32A76} 3: C:\Program Files\Common Files\Mastercam\mcview.dll 
1: {E3A7A159-C187-44D3-93E8-5EF961F4E0DD} 2: {7516D4AC-187C-47F8-9CFB-6E52372FF9E5} 3: C:\Program Files (x86)\InstallShield Installation Information\{F25E5DEF-DB04-4C91-A400-2CF4E3FC2989}\ 
1: {E3A7A159-C187-44D3-93E8-5EF961F4E0DD} 2: {AD8E63CF-03B1-4772-88C7-96A5C796119E} 3: C:\ProgramData\Mastercam\wire\Power\AGIE.POWER 
1: {E3A7A159-C187-44D3-93E8-5EF961F4E0DD} 2: {5047EE65-2CEA-44B3-86C1-4015009CA02E} 3: C:\ProgramData\Mastercam\common\SolidHoleDatabase\.HoleStandards\ANSI_Inch.xml 
1: {E3A7A159-C187-44D3-93E8-5EF961F4E0DD} 2: {810B0462-9E1A-481B-9656-5475015E2A37} 3: C:\ProgramData\Mastercam\common\SolidHoleDatabase\.HoleStandards\ANSI_Metric.xml 
1: {E3A7A159-C187-44D3-93E8-5EF961F4E0DD} 2: {CFF97783-4957-4B67-B550-6817C64DD07C} 3: C:\ProgramData\Mastercam\ATP\Definitions\ 
1: {E3A7A159-C187-44D3-93E8-5EF961F4E0DD} 2: {CC51F354-916D-47E0-BFAC-D60E6DF91146} 3: C:\Program Files\Mastercam 2027\common\AcadData\ 
1: {E3A7A159-C187-44D3-93E8-5EF961F4E0DD} 2: {2A468C8D-98D9-4027-843C-6BBD877E3D5A} 3: C:\ProgramData\Mastercam\wire\Power\AccuteX\ 
1: {E3A7A159-C187-44D3-93E8-5EF961F4E0DD} 2: {DB86A8E4-ADEB-48D0-AEBE-655AE8446CFF} 3: <\ActiveReports_Common,Version="29.0.0.0",Culture="neutral",FileVersion="29.0.10172.0",ProcessorArchitecture="Amd64" 
1: {E3A7A159-C187-44D3-93E8-5EF961F4E0DD} 2: {48082FBC-B0D6-4EBB-8F7C-C09C5BC65425} 3: C:\Program Files\Mastercam 2027\common\reports\ActiveReports_Designer.exe 
1: {E3A7A159-C187-44D3-93E8-5EF961F4E0DD} 2: {AEECE018-02DB-469E-8B8F-B50D70481314} 3: C:\Program Files\Mastercam 2027\common\reports\ActiveReports_Designer.exe.config 
1: {E3A7A159-C187-44D3-93E8-5EF961F4E0DD} 2: {80937B08-96DF-4A87-9EB9-FFAC046E00DA} 3: C:\Program Files\Mastercam 2027\common\reports\ActiveReports_Viewer.exe 
1: {E3A7A159-C187-44D3-93E8-5EF961F4E0DD} 2: {44964F25-7965-413E-B0BD-4BCA3E55C328} 3: C:\Program Files\Mastercam 2027\common\reports\ActiveReports_Viewer.exe.config 
1: {E3A7A159-C187-44D3-93E8-5EF961F4E0DD} 2: {8E7A53A3-B9BB-43DE-90D1-BCD68028449C} 3: C:\ProgramData\Mastercam\Add-Ins\ 
1: {E3A7A159-C187-44D3-93E8-5EF961F4E0DD} 2: {4E24467A-FFF9-4D8D-82F5-50E619C48CE8} 3: C:\Program Files\Mastercam 2027\common\UserDefaults\Add-Ins\ 
1: {E3A7A159-C187-44D3-93E8-5EF961F4E0DD} 2: {FB1D89DD-6C43-4F4C-9DA7-6D125FF4C735} 3: C:\Program Files\Mastercam 2027\ 
1: {E3A7A159-C187-44D3-93E8-5EF961F4E0DD} 2: {DE6A9B2D-C679-4BCA-9E4F-270D433E62E6} 3: C:\Program Files\Mastercam 2027\Backplot.dll 
1: {E3A7A159-C187-44D3-93E8-5EF961F4E0DD} 2: {664AAD6A-0411-4527-AFDB-CE56631BDDC0} 3: C:\Program Files\Mastercam 2027\BackplotBNCI.dll 
1: {E3A7A159-C187-44D3-93E8-5EF961F4E0DD} 2: {94803E42-5B57-4A1C-8032-EB7114E1CD38} 3: <\BouncyCastle.Crypto,Version="1.8.2.0",PublicKeyToken="0E99375E54769942",Culture="neutral",FileVersion="1.8.2.223",ProcessorArchitecture="MSIL" 
1: {E3A7A159-C187-44D3-93E8-5EF961F4E0DD} 2: {33D80AA3-FB20-481A-82FF-B9056E705C58} 3: C:\Program Files\Mastercam 2027\CHookAPI.dll 
1: {E3A7A159-C187-44D3-93E8-5EF961F4E0DD} 2: {A19523B7-02FD-4D93-9217-E44D756A5E3C} 3: C:\Program Files\Mastercam 2027\CHookAPI.xml 
1: {E3A7A159-C187-44D3-93E8-5EF961F4E0DD} 2: {3790781E-C016-4EBD-A952-DD081E2E3332} 3: C:\ProgramData\Mastercam\common\ToolData\CatalogConnectionData.csv 
1: {E3A7A159-C187-44D3-93E8-5EF961F4E0DD} 2: {4D9F7AC9-6A4D-4FCD-AFC7-F0CC4A188DAD} 3: <\CfpCommandTracker.Interop,Version="29.0.0.0",Culture="neutral",FileVersion="29.0.10172.0",ProcessorArchitecture="Amd64" 
1: {E3A7A159-C187-44D3-93E8-5EF961F4E0DD} 2: {1535E173-5D23-451A-907A-FD5B5798320A} 3: C:\Program Files\Mastercam 2027\Cnc.Math.GridCompute.Client.Windows.dll 
1: {E3A7A159-C187-44D3-93E8-5EF961F4E0DD} 2: {CA5615FE-9C58-4238-82C0-63AE4E6BF644} 3: C:\Program Files\Mastercam 2027\Cnc.Math.GridCompute.Server.Windows.exe 
1: {E3A7A159-C187-44D3-93E8-5EF961F4E0DD} 2: {5129E533-2A7E-4F4E-BFAF-36DC5E70B7A0} 3: C:\Program Files\Mastercam 2027\Cnc.Math.GridCompute.Windows.dll 
1: {E3A7A159-C187-44D3-93E8-5EF961F4E0DD} 2: {0AB0987C-A574-434F-8FBB-94E55AA03D8E} 3: C:\Program Files\Mastercam 2027\Cnc.Math.Linear.Windows.dll 
1: {E3A7A159-C187-44D3-93E8-5EF961F4E0DD} 2: {AD78E290-1F67-440F-8FCC-0CD31DBFCF70} 3: C:\Program Files\Mastercam 2027\Cnc.Math.Measure.Windows.dll 
1: {E3A7A159-C187-44D3-93E8-5EF961F4E0DD} 2: {56749EF5-301D-43A8-AAAB-FDB500F83D99} 3: C:\Program Files\Mastercam 2027\Cnc.Math.Partition.Windows.dll 
1: {E3A7A159-C187-44D3-93E8-5EF961F4E0DD} 2: {38FEE08D-4E17-41C8-AF37-C0BB6DDC9BD7} 3: C:\Program Files\Mastercam 2027\Cnc.Math.Windows.dll 
1: {E3A7A159-C187-44D3-93E8-5EF961F4E0DD} 2: {E29EFEF2-EE45-4720-95AD-86C64C675470} 3: C:\Program Files\Mastercam 2027\Cnc.Modules.Core.MFC.dll 
1: {E3A7A159-C187-44D3-93E8-5EF961F4E0DD} 2: {27CF6AEA-7FB4-42CE-AC94-7BD9790569FB} 3: C:\Program Files\Mastercam 2027\Cnc.Modules.Core.Windows.dll 
1: {E3A7A159-C187-44D3-93E8-5EF961F4E0DD} 2: {101C4894-F36C-4B17-A3AD-516A00E6AB4F} 3: C:\Program Files\Mastercam 2027\Cnc.Modules.Core.dll 
1: {E3A7A159-C187-44D3-93E8-5EF961F4E0DD} 2: {425FD904-209F-4CAB-8CAC-E539C9FA1346} 3: C:\Program Files\Mastercam 2027\Cnc.TestAutomation.Windows.dll 
1: {E3A7A159-C187-44D3-93E8-5EF961F4E0DD} 2: {7A405687-4252-4847-B89D-FC5D11116967} 3: C:\Program Files\Mastercam 2027\Cnc.Tool.Core.dll 
1: {E3A7A159-C187-44D3-93E8-5EF961F4E0DD} 2: {56B361BE-A299-457D-AD8D-B68E0C8DC4AF} 3: C:\Program Files\Mastercam 2027\Cnc.Utilities.Core.Windows.dll 
1: {E3A7A159-C187-44D3-93E8-5EF961F4E0DD} 2: {FF39FC92-088F-43F7-808E-91373037A98F} 3: C:\Program Files\Mastercam 2027\Cnc.Utilities.Core.dll 
1: {E3A7A159-C187-44D3-93E8-5EF961F4E0DD} 2: {C3BDF4A0-2A75-4948-91BC-F7D64DA7B77D} 3: C:\Program Files\Mastercam 2027\CncReducedMKL.dll 
1: {E3A7A159-C187-44D3-93E8-5EF961F4E0DD} 2: {5DB1DFD2-1442-49E3-B2FB-9230A1DF4EFC} 3: C:\ProgramData\Mastercam\common\FBM\ 
1: {E3A7A159-C187-44D3-93E8-5EF961F4E0DD} 2: {040FF80A-70B7-48F4-A36C-83E227B47A1D} 3: C:\ProgramData\Mastercam\common\PRM\ 
1: {E3A7A159-C187-44D3-93E8-5EF961F4E0DD} 2: {2291A5B1-045D-4B74-A25F-C14FA36A9F03} 3: C:\Program Files\Mastercam 2027\common\UserDefaults\CONFIG\ 
1: {E3A7A159-C187-44D3-93E8-5EF961F4E0DD} 2: {292876CE-9112-44D3-BF48-E4F7071923F7} 3: C:\Program Files\Mastercam 2027\common\UserDefaults\CONFIG\ 
1: {E3A7A159-C187-44D3-93E8-5EF961F4E0DD} 2: {4D34D0DE-927F-475E-A2A7-9F857C4F348C} 3: C:\Program Files\Mastercam 2027\common\UserDefaults\CONFIG\ 
1: {E3A7A159-C187-44D3-93E8-5EF961F4E0DD} 2: {6834D75D-80E7-4572-B5DD-16E40FA746DF} 3: C:\Program Files\Mastercam 2027\common\UserDefaults\CONFIG\ 
1: {E3A7A159-C187-44D3-93E8-5EF961F4E0DD} 2: {F5B000C1-86E2-402F-8524-B8F04A2FF0FE} 3: C:\Program Files\Mastercam 2027\common\UserDefaults\CONFIG\ 
1: {E3A7A159-C187-44D3-93E8-5EF961F4E0DD} 2: {893F36AE-A42B-4F71-A9AC-DC91F27A985B} 3: C:\Program Files\Mastercam 2027\common\Icons\CustomOp\ 
1: {E3A7A159-C187-44D3-93E8-5EF961F4E0DD} 2: {418C776A-E73E-435E-875F-5C6C05E73464} 3: C:\Program Files\Mastercam 2027\Database.dll 
1: {E3A7A159-C187-44D3-93E8-5EF961F4E0DD} 2: {C2A4FF0A-2A60-478B-9BAC-AF84449ED065} 3: C:\ProgramData\Mastercam\common\ToolData\DatabaseCatalog.tooldb 
1: {E3A7A159-C187-44D3-93E8-5EF961F4E0DD} 2: {8EE7B3B9-2B71-4443-A078-C2CB154503A4} 3: C:\ProgramData\Mastercam\common\ToolData\DatabaseDefaults.tooldb 
1: {E3A7A159-C187-44D3-93E8-5EF961F4E0DD} 2: {D6222A00-F9D4-4941-9731-0C2979422A39} 3: <\DebuggingClientServerShared,Version="29.0.0.0",PublicKeyToken="627BB7160E82E73B",Culture="neutral",FileVersion="29.0.10172.0",ProcessorArchitecture="Amd64" 
1: {E3A7A159-C187-44D3-93E8-5EF961F4E0DD} 2: {232B9C69-C005-408F-BB33-D2BD8808C55F} 3: C:\Program Files\Mastercam 2027\common\reports\Designer.gclicx 
1: {E3A7A159-C187-44D3-93E8-5EF961F4E0DD} 2: {03A4F5D2-B056-498C-A8DC-984647FEA5E8} 3: C:\Program Files\Mastercam 2027\common\TEMP\ 
1: {E3A7A159-C187-44D3-93E8-5EF961F4E0DD} 2: {41442EA0-36C3-48A8-992B-70B6712830C4} 3: <\DocumentFormat.OpenXml,Version="2.12.1.0",PublicKeyToken="8FB06CB64D019A17",Culture="neutral",FileVersion="2.12.1.0",ProcessorArchitecture="MSIL" 
1: {E3A7A159-C187-44D3-93E8-5EF961F4E0DD} 2: {7F8D83DC-B284-4AB8-85DE-524E814EB6BE} 3: C:\ProgramData\Mastercam\engrave\ESTAMP.TXT 
1: {E3A7A159-C187-44D3-93E8-5EF961F4E0DD} 2: {D4F2BF6D-CDC8-4757-93A6-1976FA7B00FB} 3: C:\ProgramData\Mastercam\engrave\EST_DAT.TXT 
1: {E3A7A159-C187-44D3-93E8-5EF961F4E0DD} 2: {D3551563-027C-4447-A605-DFBB5A5DB19A} 3: C:\ProgramData\Mastercam\engrave\rast2vec\EStamp1.TXT 
1: {E3A7A159-C187-44D3-93E8-5EF961F4E0DD} 2: {D78F51EC-F86B-4ACC-9F6C-B75EBE3E1549} 3: C:\ProgramData\Mastercam\engrave\EStamp7.exe 
1: {E3A7A159-C187-44D3-93E8-5EF961F4E0DD} 2: {97793366-0C4D-42AE-A677-4D7789F9CE04} 3: C:\ProgramData\Mastercam\engrave\ 
1: {E3A7A159-C187-44D3-93E8-5EF961F4E0DD} 2: {2BA56F30-2647-4577-B465-C1ED6CC0E691} 3: C:\Program Files\Mastercam 2027\common\Fonts\Block\ 
1: {E3A7A159-C187-44D3-93E8-5EF961F4E0DD} 2: {15352411-1A02-48C0-94D3-521EBA7D6604} 3: C:\Program Files\Mastercam 2027\common\Fonts\Box\ 
1: {E3A7A159-C187-44D3-93E8-5EF961F4E0DD} 2: {0C64F1EC-B084-434C-B2C0-C65CE8A11723} 3: C:\Program Files\Mastercam 2027\common\Fonts\Roman\ 
1: {E3A7A159-C187-44D3-93E8-5EF961F4E0DD} 2: {FEB84793-3E15-4C61-AF46-DE4AC22B6E1B} 3: C:\Program Files\Mastercam 2027\common\Fonts\Slant\ 
1: {E3A7A159-C187-44D3-93E8-5EF961F4E0DD} 2: {FDC384D2-03F0-4C22-95D9-CB383A9646CA} 3: C:\Program Files\Mastercam 2027\glf fonts\ 
1: {E3A7A159-C187-44D3-93E8-5EF961F4E0DD} 2: {57F6ACF3-9634-4C83-8128-CFDBF051DC6E} 3: C:\Program Files\Mastercam 2027\common\reports\ 
1: {E3A7A159-C187-44D3-93E8-5EF961F4E0DD} 2: {115C037B-A8F8-441C-9795-1FD92C8EBDFC} 3: C:\Program Files\Mastercam 2027\common\reports\ 
1: {E3A7A159-C187-44D3-93E8-5EF961F4E0DD} 2: {A2D577EE-73ED-49A3-939C-8C982ABADC31} 3: C:\ProgramData\Mastercam\engrave\H4HELP.TXT 
1: {E3A7A159-C187-44D3-93E8-5EF961F4E0DD} 2: {6924F3DF-1B76-41C3-B7A8-8519D946C596} 3: C:\ProgramData\Mastercam\engrave\HEdit.dll 
1: {E3A7A159-C187-44D3-93E8-5EF961F4E0DD} 2: {7F507C8E-6AF6-4C0E-BBC1-09305E66748E} 3: <\IOF.MC,Version="0.0.0.0",Culture="neutral",FileVersion="29.0.10172.0",ProcessorArchitecture="Amd64" 
1: {E3A7A159-C187-44D3-93E8-5EF961F4E0DD} 2: {0744B4A2-8C26-46CF-9077-8556FA86B028} 3: C:\ProgramData\Mastercam\common\SolidHoleDatabase\.HoleStandards\ISO_Metric.xml 
1: {E3A7A159-C187-44D3-93E8-5EF961F4E0DD} 2: {FDEBE47D-EBA3-4B33-A7C2-742B597FEA54} 3: C:\Program Files\Mastercam 2027\Ijwhost.dll 
1: {E3A7A159-C187-44D3-93E8-5EF961F4E0DD} 2: {11A913A8-A125-470E-843D-81A9EAB58D97} 3: C:\Program Files\Mastercam 2027\ImportExportDatakit.dll 
1: {E3A7A159-C187-44D3-93E8-5EF961F4E0DD} 2: {A56315EF-A255-43C8-A762-683FBC8D6EBB} 3: C:\Program Files\Mastercam 2027\ImportExportInterface.dll 
1: {E3A7A159-C187-44D3-93E8-5EF961F4E0DD} 2: {9EEA7B63-DE51-4F6E-AAEE-CE21DBDA008A} 3: C:\Program Files\Mastercam 2027\common\AcadData\InventorDrawingConverter.exe 
1: {E3A7A159-C187-44D3-93E8-5EF961F4E0DD} 2: {0B8D63EF-66EE-4A21-A51B-4210089982FB} 3: C:\ProgramData\Mastercam\common\SolidHoleDatabase\.HoleStandards\JIS_Metric.xml 
1: {E3A7A159-C187-44D3-93E8-5EF961F4E0DD} 2: {836A08EB-51B0-4EDD-9F4A-E12F0BBA2C53} 3: C:\Program Files\Mastercam 2027\JobSetup.dll 
1: {E3A7A159-C187-44D3-93E8-5EF961F4E0DD} 2: {B626EBB4-8F4F-4504-AE61-6F3F6D886B83} 3: C:\Program Files\Mastercam 2027\JobSetupCore.dll 
1: {E3A7A159-C187-44D3-93E8-5EF961F4E0DD} 2: {D683DC42-517D-4B1F-84B3-A353E8929246} 3: C:\Program Files\Mastercam 2027\common\Fonts\Block\ 
1: {E3A7A159-C187-44D3-93E8-5EF961F4E0DD} 2: {F212B55A-6249-4D38-A2CC-51C8603383C8} 3: C:\Program Files\Mastercam 2027\common\Fonts\Box\ 
1: {E3A7A159-C187-44D3-93E8-5EF961F4E0DD} 2: {B1E2CDA4-6CE7-402F-B45E-2CAAC769C064} 3: C:\Program Files\Mastercam 2027\common\Fonts\Roman\ 
1: {E3A7A159-C187-44D3-93E8-5EF961F4E0DD} 2: {00A7A1E5-5E77-40FB-866A-C1266E8B54F9} 3: C:\Program Files\Mastercam 2027\common\Fonts\Slant\ 
1: {E3A7A159-C187-44D3-93E8-5EF961F4E0DD} 2: {E9563F7A-97BE-48C5-963C-7CCD5C811A31} 3: C:\ProgramData\Mastercam\lathe\Ops\ 
1: {E3A7A159-C187-44D3-93E8-5EF961F4E0DD} 2: {94EC9E41-010A-4ABC-B810-4DDE9427146F} 3: C:\ProgramData\Mastercam\lathe\Tools\ 
1: {E3A7A159-C187-44D3-93E8-5EF961F4E0DD} 2: {936A827F-269D-4CF1-A63D-5EF8C4D3BDD9} 3: C:\Program Files\Mastercam 2027\MCCAD.dll 
1: {E3A7A159-C187-44D3-93E8-5EF961F4E0DD} 2: {84477DAF-9FC2-47F8-A2E7-E5E935D91867} 3: C:\Program Files\Mastercam 2027\MCCADUtil.dll 
1: {E3A7A159-C187-44D3-93E8-5EF961F4E0DD} 2: {FD138BC4-4A7D-461C-BE8A-8D359EB0CBA3} 3: C:\Program Files\Mastercam 2027\MCCE.dll 
1: {E3A7A159-C187-44D3-93E8-5EF961F4E0DD} 2: {AC0D516E-1FB2-4EA3-B236-C11CBA60443A} 3: C:\Program Files\Mastercam 2027\MCControl.dll 
1: {E3A7A159-C187-44D3-93E8-5EF961F4E0DD} 2: {FFB7F1A3-FC4C-4379-802F-BA2B0C372C6E} 3: C:\Program Files\Mastercam 2027\MCCore.dll 
1: {E3A7A159-C187-44D3-93E8-5EF961F4E0DD} 2: {475C17C9-90BC-409B-86FC-75E3271FDB3C} 3: C:\Program Files\Mastercam 2027\MCCoreBase.dll 
1: {E3A7A159-C187-44D3-93E8-5EF961F4E0DD} 2: {1FEDD906-288E-4104-B5F5-1E32AC765D56} 3: C:\Program Files\Mastercam 2027\MCCurveSurfGeom.dll 
1: {E3A7A159-C187-44D3-93E8-5EF961F4E0DD} 2: {37961417-2A89-4A0D-A2B0-D0FB7F7C0C18} 3: C:\Program Files\Mastercam 2027\MCDXFToToolProfile.dll 
1: {E3A7A159-C187-44D3-93E8-5EF961F4E0DD} 2: {A09BCD6E-31F4-41A1-BEA5-506314181BFF} 3: C:\Program Files\Mastercam 2027\MCExcel.dll 
1: {E3A7A159-C187-44D3-93E8-5EF961F4E0DD} 2: {CB8E2AC8-3B0F-4E99-B262-2B927143ECF6} 3: C:\Program Files\Mastercam 2027\MCGeomSld.dll 
1: {E3A7A159-C187-44D3-93E8-5EF961F4E0DD} 2: {279F422F-D3C6-47A1-A1D7-4CAFBABFFC03} 3: C:\Program Files\Mastercam 2027\MCGuiBase.dll 
1: {E3A7A159-C187-44D3-93E8-5EF961F4E0DD} 2: {451DDA50-BA46-4320-B59D-6ABF07F1501E} 3: C:\Program Files\Mastercam 2027\MCIk.dll 
1: {E3A7A159-C187-44D3-93E8-5EF961F4E0DD} 2: {3A12B517-5146-4244-8320-327E94148E6C} 3: C:\Program Files\Mastercam 2027\MCKernel.dll 
1: {E3A7A159-C187-44D3-93E8-5EF961F4E0DD} 2: {915C4F98-C147-492D-B945-F66B8E90A7ED} 3: C:\Program Files\Mastercam 2027\MCLathe.dll 
1: {E3A7A159-C187-44D3-93E8-5EF961F4E0DD} 2: {8EDBDBBA-911F-45DD-8332-2C2126653FC1} 3: C:\Program Files\Mastercam 2027\MCLogr.exe 
1: {E3A7A159-C187-44D3-93E8-5EF961F4E0DD} 2: {7E20F049-7051-4CA6-A2BB-D7EA7F72AE81} 3: C:\Program Files\Mastercam 2027\MCMSurf.dll 
1: {E3A7A159-C187-44D3-93E8-5EF961F4E0DD} 2: {EF294EEE-5969-4908-99A6-7C051F114D73} 3: C:\Program Files\Mastercam 2027\MCMachineDef.dll 
1: {E3A7A159-C187-44D3-93E8-5EF961F4E0DD} 2: {356BC99F-620A-4BAE-B2AC-3F05A46E26F3} 3: C:\Program Files\Mastercam 2027\MCMachineDefApi.dll 
1: {E3A7A159-C187-44D3-93E8-5EF961F4E0DD} 2: {3A310F74-A0A3-4C82-8EA6-285E393EC29D} 3: C:\Program Files\Mastercam 2027\MCMill.dll 
1: {E3A7A159-C187-44D3-93E8-5EF961F4E0DD} 2: {A7FF5A24-484C-4271-AF57-49C0FDD267D8} 3: C:\Program Files\Mastercam 2027\MCMpParameters.dll 
1: {E3A7A159-C187-44D3-93E8-5EF961F4E0DD} 2: {15402DD3-2E21-40AF-B419-1A5685796B37} 3: C:\Program Files\Mastercam 2027\MCMultiax.dll 
1: {E3A7A159-C187-44D3-93E8-5EF961F4E0DD} 2: {C3A4C319-8F32-4C39-AFFF-9440D0B7691C} 3: C:\Program Files\Mastercam 2027\MCOReader.dll 
1: {E3A7A159-C187-44D3-93E8-5EF961F4E0DD} 2: {0D7A3190-3596-481B-A66C-527A8F99AAEF} 3: <\MCOReaderCLR,Version="29.0.0.0",Culture="neutral",FileVersion="29.0.10172.0",ProcessorArchitecture="Amd64" 
1: {E3A7A159-C187-44D3-93E8-5EF961F4E0DD} 2: {AC0F880C-8931-4AE3-9190-DAED8E689059} 3: C:\Program Files\Mastercam 2027\MCPartIO.dll 
1: {E3A7A159-C187-44D3-93E8-5EF961F4E0DD} 2: {4722EEDA-7D43-424F-812B-66192D76F349} 3: C:\Program Files\Mastercam 2027\MCPost.dll 
1: {E3A7A159-C187-44D3-93E8-5EF961F4E0DD} 2: {03BE5FA0-1EA1-403B-BDA4-2D182A4B3DF4} 3: C:\Program Files\Mastercam 2027\MCPrvVerFile.dll 
1: {E3A7A159-C187-44D3-93E8-5EF961F4E0DD} 2: {A750CFD9-541B-4CA3-8056-5FEF272A45A9} 3: C:\Program Files\Mastercam 2027\MCRouter.dll 
1: {E3A7A159-C187-44D3-93E8-5EF961F4E0DD} 2: {AE9DB28C-5BC8-45E4-805F-CFC3F2F91C86} 3: C:\Program Files\Mastercam 2027\MCRtClasses.dll 
1: {E3A7A159-C187-44D3-93E8-5EF961F4E0DD} 2: {D706B3AD-9E21-4F37-8822-901D85DCEC77} 3: C:\Program Files\Mastercam 2027\MCTool.dll 
1: {E3A7A159-C187-44D3-93E8-5EF961F4E0DD} 2: {2852BC15-DDEA-4B98-8B28-D659F924D99A} 3: C:\Program Files\Mastercam 2027\MCToolBase.dll 
1: {E3A7A159-C187-44D3-93E8-5EF961F4E0DD} 2: {6DAEE2BC-59A9-4DF7-944B-6A2A02AAE37D} 3: C:\Program Files\Mastercam 2027\MCUI5Ax.dll 
1: {E3A7A159-C187-44D3-93E8-5EF961F4E0DD} 2: {1045DF76-A7AC-47C2-A944-09ACFAF56EE5} 3: C:\Program Files\Mastercam 2027\MCVerify.dll 
1: {E3A7A159-C187-44D3-93E8-5EF961F4E0DD} 2: {8DFF02FB-EB35-47DE-A35B-6DDC0DFD66B2} 3: C:\Program Files\Mastercam 2027\MCWire.dll 
1: {E3A7A159-C187-44D3-93E8-5EF961F4E0DD} 2: {75DF8AFD-6D73-4866-A7D7-E5C36D6BB5E7} 3: C:\ProgramData\Mastercam\engrave\MENUREC.TXT 
1: {E3A7A159-C187-44D3-93E8-5EF961F4E0DD} 2: {DF9E7BF3-4D19-407B-83DA-0DE0CF7F96C1} 3: <\MPDebugClient,Version="29.0.0.0",Culture="neutral",FileVersion="29.0.10172.0",ProcessorArchitecture="Amd64" 
1: {E3A7A159-C187-44D3-93E8-5EF961F4E0DD} 2: {ECAE91D6-ECE8-49C1-B4F1-90A32FD65E04} 3: C:\ProgramData\Mastercam\engrave\MP_PLT.dat 
1: {E3A7A159-C187-44D3-93E8-5EF961F4E0DD} 2: {82F7357F-9586-45F2-AAB1-FC9A4FC26B4F} 3: C:\ProgramData\Mastercam\wire\Power\Makino DUO-Ver6-INCH-V Guide.TECH 
1: {E3A7A159-C187-44D3-93E8-5EF961F4E0DD} 2: {A22740FF-228A-4FE5-AA71-83C81F5566D9} 3: C:\ProgramData\Mastercam\wire\Power\Makino DUO-Ver6-METRIC-V Guide.TECH 
1: {E3A7A159-C187-44D3-93E8-5EF961F4E0DD} 2: {20830EAE-7968-4755-A072-B78E83CBBDE5} 3: C:\ProgramData\Mastercam\wire\Power\Makino (SP43,SP64).tech 
1: {E3A7A159-C187-44D3-93E8-5EF961F4E0DD} 2: {BD722C91-398D-45A0-A961-0EA696D2E5DF} 3: C:\Program Files\Mastercam 2027\Mastercam.Dll 
1: {E3A7A159-C187-44D3-93E8-5EF961F4E0DD} 2: {EE9453D8-9390-4857-BACC-35DCFFA01980} 3: C:\Program Files\Mastercam 2027\Mastercam.exe 
1: {E3A7A159-C187-44D3-93E8-5EF961F4E0DD} 2: {77D42EFF-9B1A-49B2-8AF9-F933CAE83970} 3: C:\Program Files\Mastercam 2027\Mastercam.exe.config 
1: {E3A7A159-C187-44D3-93E8-5EF961F4E0DD} 2: {116F7A9E-9B21-4B87-B526-F2ADB2B73D16} 3: C:\Program Files\Mastercam 2027\Mastercam.ft 
1: {E3A7A159-C187-44D3-93E8-5EF961F4E0DD} 2: {1A76742D-616A-48B6-81BD-168FA1BB35BC} 3: C:\Program Files\Mastercam 2027\MastercamLauncher.exe 
1: {E3A7A159-C187-44D3-93E8-5EF961F4E0DD} 2: {F30A2418-4232-4A77-A8FA-17844BF38ED9} 3: C:\Program Files\Mastercam 2027\McHmm.dll 
1: {E3A7A159-C187-44D3-93E8-5EF961F4E0DD} 2: {B7D2214B-0DF5-45A8-8387-C31597C4281C} 3: C:\Program Files\Mastercam 2027\McIPC.dll 
1: {E3A7A159-C187-44D3-93E8-5EF961F4E0DD} 2: {1456A7C4-D696-42AF-A03D-E7D11B825CA6} 3: C:\Program Files\Mastercam 2027\McamAdvConfig.exe 
1: {E3A7A159-C187-44D3-93E8-5EF961F4E0DD} 2: {D86D7C77-F8C4-477C-885E-355B484CF3AA} 3: C:\Program Files\Common Files\Mastercam\McamVersionSelector.exe 
1: {E3A7A159-C187-44D3-93E8-5EF961F4E0DD} 2: {53BEF2AA-DFFF-44EF-A1CA-D0AE767A3264} 3: C:\ProgramData\Mastercam\wire\Ops\ 
1: {E3A7A159-C187-44D3-93E8-5EF961F4E0DD} 2: {699E1B62-5177-4549-8AD2-5B0A55662AA2} 3: <\Microsoft.Bcl.AsyncInterfaces,Version="5.0.0.0",PublicKeyToken="CC7B13FFCD2DDD51",Culture="neutral",FileVersion="5.0.20.51904",ProcessorArchitecture="MSIL" 
1: {E3A7A159-C187-44D3-93E8-5EF961F4E0DD} 2: {4FADD1BD-280F-4F43-932A-3BBF664FF375} 3: <\Microsoft.VisualStudio.DpiAwareness,Version="6.1.0.0",PublicKeyToken="B03F5F7F11D50A3A",Culture="neutral",FileVersion="6.1.28916.169",ProcessorArchitecture="MSIL" 
1: {E3A7A159-C187-44D3-93E8-5EF961F4E0DD} 2: {BE3ABEFD-ABBF-45CE-95DE-4F8ABD23487E} 3: C:\ProgramData\Mastercam\common\reports\Migrate.json 
1: {E3A7A159-C187-44D3-93E8-5EF961F4E0DD} 2: {79C63C6B-BE19-44D3-BC90-BA13B01EAB4C} 3: C:\ProgramData\Mastercam\mill\Ops\ 
1: {E3A7A159-C187-44D3-93E8-5EF961F4E0DD} 2: {C348E0CF-0603-4302-9622-E312DA6082DB} 3: C:\ProgramData\Mastercam\mill\FORMULA\ 
1: {E3A7A159-C187-44D3-93E8-5EF961F4E0DD} 2: {91491BF0-52FD-407E-8AA5-42F7000017A1} 3: C:\ProgramData\Mastercam\mill\Tools\ 
1: {E3A7A159-C187-44D3-93E8-5EF961F4E0DD} 2: {BFF67F1E-8E42-46FE-BC1E-C731852C5442} 3: C:\ProgramData\Mastercam\Mill Turn\machines\System Inch.machine 
1: {E3A7A159-C187-44D3-93E8-5EF961F4E0DD} 2: {C224F18D-DB25-4E88-8ACA-0725A7E859B5} 3: C:\ProgramData\Mastercam\Mill Turn\tools\ 
1: {E3A7A159-C187-44D3-93E8-5EF961F4E0DD} 2: {F92EA56E-93B4-4375-B85E-3D211E18F652} 3: C:\ProgramData\Mastercam\wire\Power\Mits\ 
1: {E3A7A159-C187-44D3-93E8-5EF961F4E0DD} 2: {22815B62-85C0-4FE9-BE56-843745A95F5B} 3: C:\ProgramData\Mastercam\wire\Power\Mitsubishi FA-S Advance V-Package (Metric).TECH 
1: {E3A7A159-C187-44D3-93E8-5EF961F4E0DD} 2: {6EFD0B74-D274-4A76-A06E-22AFDC686596} 3: C:\ProgramData\Mastercam\wire\Power\Mitsubishi (FA-S).tech 
1: {E3A7A159-C187-44D3-93E8-5EF961F4E0DD} 2: {3CFF67BE-CF8C-41DC-904E-98A281A29EC8} 3: <\ModelessDialogTabHandler,Version="29.0.0.0",Culture="neutral",FileVersion="29.0.10172.0",ProcessorArchitecture="MSIL" 
1: {E3A7A159-C187-44D3-93E8-5EF961F4E0DD} 2: {FD2DBD36-AB55-4C35-B2BA-97ED3495F6EB} 3: C:\Program Files\Mastercam 2027\N64DLL.DLL 
1: {E3A7A159-C187-44D3-93E8-5EF961F4E0DD} 2: {3A043D99-CFC2-4A5A-B829-72CB024DEEF5} 3: <\NETAppStaticAPI,Version="29.0.0.0",Culture="neutral",FileVersion="29.0.10172.0",ProcessorArchitecture="Amd64" 
1: {E3A7A159-C187-44D3-93E8-5EF961F4E0DD} 2: {9D5AFBC5-A117-4D08-83D3-F3B9E6B6B778} 3: <\NETHook3_0,Version="29.0.0.0",Culture="neutral",FileVersion="29.0.10172.0",ProcessorArchitecture="Amd64" 
1: {E3A7A159-C187-44D3-93E8-5EF961F4E0DD} 2: {BF5732EF-104F-4565-9470-4F30DC720999} 3: C:\Program Files\Mastercam 2027\NETHook3_0.runtimeconfig.json 
1: {E3A7A159-C187-44D3-93E8-5EF961F4E0DD} 2: {3C88DE9D-A25E-4571-A62E-EDBA915422E5} 3: C:\Program Files\Mastercam 2027\NETHook3_0.xml 
1: {E3A7A159-C187-44D3-93E8-5EF961F4E0DD} 2: {CE342B6F-A678-4235-AED3-BDB34C62A755} 3: <\NativeResourceReader,Version="29.0.0.0",PublicKeyToken="627BB7160E82E73B",Culture="neutral",FileVersion="29.0.10172.0",ProcessorArchitecture="Amd64" 
1: {E3A7A159-C187-44D3-93E8-5EF961F4E0DD} 2: {38E01BF2-9D02-4298-B00D-F107E2F71A0C} 3: C:\ProgramData\Mastercam\NESTING\ 
1: {E3A7A159-C187-44D3-93E8-5EF961F4E0DD} 2: {0440C88A-5CE0-4E96-9825-87F5C7544BAE} 3: C:\windows\Fonts\OLF_SimpleSansCJKP_OC.ttf 
1: {E3A7A159-C187-44D3-93E8-5EF961F4E0DD} 2: {9BA88087-C12B-4DF6-97FC-94CDED5BBB2C} 3: C:\windows\Fonts\OLF_SimpleSansCJK_OC.ttf 
1: {E3A7A159-C187-44D3-93E8-5EF961F4E0DD} 2: {1DBBBC03-5020-4E13-8C5A-5AC96CFA53D0} 3: C:\ProgramData\Mastercam\wire\Power\ONA.POWER 
1: {E3A7A159-C187-44D3-93E8-5EF961F4E0DD} 2: {B9489794-339C-4CD2-BE27-2C907C9CE0C5} 3: C:\Program Files\Mastercam 2027\ 
1: {E3A7A159-C187-44D3-93E8-5EF961F4E0DD} 2: {8FC8D565-6A40-4051-B1C8-3B51611B72CF} 3: C:\Program Files\Mastercam 2027\common\PSLDDATA\ 
1: {E3A7A159-C187-44D3-93E8-5EF961F4E0DD} 2: {2C8A97A5-C8D7-4978-B566-063A4A0516D9} 3: C:\ProgramData\Mastercam\engrave\rast2vec\ 
1: {E3A7A159-C187-44D3-93E8-5EF961F4E0DD} 2: {439D7D20-9B61-4CE8-B33B-2BF30F0043FD} 3: <\RestApi,Version="1.0.0.0",Culture="neutral",FileVersion="1.0.0.0",ProcessorArchitecture="Amd64" 
1: {E3A7A159-C187-44D3-93E8-5EF961F4E0DD} 2: {564D6111-B0E7-4079-B858-611C1EE6A341} 3: C:\Program Files\Mastercam 2027\ 
1: {E3A7A159-C187-44D3-93E8-5EF961F4E0DD} 2: {D89FEA28-556F-4305-B87C-C7EF3E398FFE} 3: C:\Program Files\Mastercam 2027\RibbonUI.dll 
1: {E3A7A159-C187-44D3-93E8-5EF961F4E0DD} 2: {B4902190-D7F6-4211-B914-659CF5FED7AC} 3: C:\Program Files\Mastercam 2027\common\Fonts\ 
1: {E3A7A159-C187-44D3-93E8-5EF961F4E0DD} 2: {4640736F-B1A0-44F7-AC3B-4142D7303E98} 3: C:\ProgramData\Mastercam\router\OPS\ 
1: {E3A7A159-C187-44D3-93E8-5EF961F4E0DD} 2: {BAABC543-F525-4F95-99D5-607F4D621E29} 3: C:\ProgramData\Mastercam\router\Template\ 
1: {E3A7A159-C187-44D3-93E8-5EF961F4E0DD} 2: {2EB7F82F-9C6C-41ED-8049-375511D1E6A4} 3: C:\ProgramData\Mastercam\router\Tools\ 
1: {E3A7A159-C187-44D3-93E8-5EF961F4E0DD} 2: {45EA62A0-6EAC-4C9A-90AE-9BEEEDA410B7} 3: C:\ProgramData\Mastercam\NET-Scripts\ 
1: {E3A7A159-C187-44D3-93E8-5EF961F4E0DD} 2: {0BF269E2-E04A-4326-8975-EDC537CC376E} 3: C:\Program Files\Mastercam 2027\common\UserDefaults\ 
1: {E3A7A159-C187-44D3-93E8-5EF961F4E0DD} 2: {9AE9776D-2ED5-4919-B4F9-21DC8D7A91D6} 3: C:\Program Files\Mastercam 2027\SimAccess.dll 
1: {E3A7A159-C187-44D3-93E8-5EF961F4E0DD} 2: {6330EDEB-9C01-41CE-9CE6-31942A20DC4C} 3: <\SimAccessManaged.Core,Version="0.0.0.0",Culture="neutral",FileVersion="29.0.10172.0",ProcessorArchitecture="Amd64" 
1: {E3A7A159-C187-44D3-93E8-5EF961F4E0DD} 2: {BC2A32FA-69E4-4F5D-8470-B30923F131E7} 3: C:\Program Files\Mastercam 2027\SimAccessManaged.Core.runtimeconfig.json 
1: {E3A7A159-C187-44D3-93E8-5EF961F4E0DD} 2: {C89BFC61-A647-47AC-9CF0-105C40BC7F44} 3: <\SimAccessManaged,Version="0.0.0.0",Culture="neutral",FileVersion="29.0.10172.0",ProcessorArchitecture="Amd64" 
1: {E3A7A159-C187-44D3-93E8-5EF961F4E0DD} 2: {8E31C86E-CF67-4CEB-9233-F1283E7F239B} 3: C:\Program Files\Mastercam 2027\common\SketchUpData\SketchUpAPI.dll 
1: {E3A7A159-C187-44D3-93E8-5EF961F4E0DD} 2: {CA2D64C2-37F5-4A6F-9B33-31F8D9491C36} 3: C:\Program Files\Mastercam 2027\common\SketchUpData\SketchUpCommonPreferences.dll 
1: {E3A7A159-C187-44D3-93E8-5EF961F4E0DD} 2: {B8FF6F26-9A50-499E-BC0D-EB872FE1663F} 3: C:\ProgramData\Mastercam\common\SolidHoleDatabase\SolidHoleDatabaseSchema.xsd 
1: {E3A7A159-C187-44D3-93E8-5EF961F4E0DD} 2: {080B32EB-EC3A-44FD-AEC7-530BD471188D} 3: C:\ProgramData\Mastercam\DESIGN\ 
1: {E3A7A159-C187-44D3-93E8-5EF961F4E0DD} 2: {28D1DBCA-CBBA-40D7-BE4E-1587B2B9A019} 3: C:\ProgramData\Mastercam\common\reports\SST\Samples\Lathe\ 
1: {E3A7A159-C187-44D3-93E8-5EF961F4E0DD} 2: {C033D8CE-10E0-44AE-98CF-E977FFEFC216} 3: C:\ProgramData\Mastercam\common\reports\SST\Samples\Mill\ 
1: {E3A7A159-C187-44D3-93E8-5EF961F4E0DD} 2: {8826D41A-B847-4909-BBDF-1232994682ED} 3: C:\ProgramData\Mastercam\common\reports\SST\Samples\MillTurn\ 
1: {E3A7A159-C187-44D3-93E8-5EF961F4E0DD} 2: {D63A028D-6CF7-4641-AD4D-963ECD703BB9} 3: C:\ProgramData\Mastercam\common\reports\SST\Samples\Router\ 
1: {E3A7A159-C187-44D3-93E8-5EF961F4E0DD} 2: {30183C24-8842-4866-A6E7-6BF0170CCA52} 3: C:\ProgramData\Mastercam\common\reports\SST\Samples\Wire\ 
1: {E3A7A159-C187-44D3-93E8-5EF961F4E0DD} 2: {361D4F04-CA3B-4BF3-A66D-9D934723DD16} 3: C:\Program Files\Mastercam 2027\SysTypes.dll 
1: {E3A7A159-C187-44D3-93E8-5EF961F4E0DD} 2: {7F6A8ECB-764F-4A60-B62B-F48DC002D380} 3: C:\Program Files\Mastercam 2027\common\reports\ 
1: {E3A7A159-C187-44D3-93E8-5EF961F4E0DD} 2: {48923FBA-24E4-4556-AACC-EFCF7B9C42BC} 3: C:\Program Files\Mastercam 2027\TLCore.dll 
1: {E3A7A159-C187-44D3-93E8-5EF961F4E0DD} 2: {52DFFB5F-FC62-49AA-84C8-1ED957961B66} 3: C:\Program Files\Mastercam 2027\TPFiveAx.dll 
1: {E3A7A159-C187-44D3-93E8-5EF961F4E0DD} 2: {D3B9ECF0-DAC1-49E8-9CC3-23D26F72BF44} 3: C:\Program Files\Mastercam 2027\TPGeom.dll 
1: {E3A7A159-C187-44D3-93E8-5EF961F4E0DD} 2: {25FA0391-34BE-4EA0-B790-09C056B13718} 3: C:\Program Files\Mastercam 2027\TPIFTools.dll 
1: {E3A7A159-C187-44D3-93E8-5EF961F4E0DD} 2: {CC23C87A-B838-477B-A08B-162301F3B60D} 3: C:\ProgramData\Mastercam\common\ToolData\ToolManager.userdb 
1: {E3A7A159-C187-44D3-93E8-5EF961F4E0DD} 2: {4BFB3148-D417-463E-9781-C005A6C53CFC} 3: <\ToolNetApi,Version="29.0.0.0",Culture="neutral",FileVersion="29.0.10172.0",ProcessorArchitecture="Amd64" 
1: {E3A7A159-C187-44D3-93E8-5EF961F4E0DD} 2: {8CE172C8-5E27-4F95-A7DD-F06D6DEBBC5B} 3: C:\Program Files\Mastercam 2027\ToolNetApi.runtimeconfig.json 
1: {E3A7A159-C187-44D3-93E8-5EF961F4E0DD} 2: {0F26D6A3-19FC-4A52-B2C1-6D1AB376ACFA} 3: C:\Program Files\Mastercam 2027\ToolkitPro2430vc170x64U.dll 
1: {E3A7A159-C187-44D3-93E8-5EF961F4E0DD} 2: {D43E9369-EEC7-49FE-9883-DFF19B124DB1} 3: C:\Program Files\Mastercam 2027\UICtrls.dll 
1: {E3A7A159-C187-44D3-93E8-5EF961F4E0DD} 2: {1C337731-6506-4118-80E4-19A2AE70445E} 3: C:\ProgramData\Mastercam\common\SolidHoleDatabase\UserHoleStandards\UserStandards.txt 
1: {E3A7A159-C187-44D3-93E8-5EF961F4E0DD} 2: {A6680DE5-878F-49FE-A74B-9DF8CB23FEA0} 3: C:\Program Files\Mastercam 2027\common\reports\Viewer.gclicx 
1: {E3A7A159-C187-44D3-93E8-5EF961F4E0DD} 2: {DB424099-A47A-4DAE-830E-D59B1C761CEE} 3: C:\Program Files\Mastercam 2027\VistaFileDialogs.dll 
1: {E3A7A159-C187-44D3-93E8-5EF961F4E0DD} 2: {536740B8-4D61-4225-99F2-FC55EDC65F0E} 3: C:\ProgramData\Mastercam\wire\Power\WIRE_INCH.POWER 
1: {E3A7A159-C187-44D3-93E8-5EF961F4E0DD} 2: {83026B55-B063-4ADA-A68E-140042FD854C} 3: C:\ProgramData\Mastercam\wire\Power\WIRE_MM.POWER 
1: {E3A7A159-C187-44D3-93E8-5EF961F4E0DD} 2: {D2693614-E4AC-48A7-911D-4BC6B29DAB46} 3: C:\Program Files\Mastercam 2027\common\UserDefaults\ 
1: {E3A7A159-C187-44D3-93E8-5EF961F4E0DD} 2: {34A1C065-D80F-4845-B615-C1F80D9BE09C} 3: C:\ProgramData\Mastercam\lathe\Posts\ 
1: {E3A7A159-C187-44D3-93E8-5EF961F4E0DD} 2: {72B8EB43-2448-4D4B-9D30-060A7C8DED17} 3: C:\ProgramData\Mastercam\mill\Posts\ 
1: {E3A7A159-C187-44D3-93E8-5EF961F4E0DD} 2: {BC7F904E-05FF-4B13-82EB-E8A7DCA93FB1} 3: C:\ProgramData\Mastercam\router\POSTS\ 
1: {E3A7A159-C187-44D3-93E8-5EF961F4E0DD} 2: {46D78F73-1A35-454F-88BA-E04C13D0353F} 3: C:\ProgramData\Mastercam\wire\Posts\ 
1: {E3A7A159-C187-44D3-93E8-5EF961F4E0DD} 2: {1D2A5BEF-4361-4099-AA5B-5552FA1913DD} 3: C:\ProgramData\Mastercam\wire\Power\agiewires.utc 
1: {E3A7A159-C187-44D3-93E8-5EF961F4E0DD} 2: {B0C775DB-9C34-4101-8BA4-BDF9365F939D} 3: C:\Program Files\Mastercam 2027\bnci.dll 
1: {E3A7A159-C187-44D3-93E8-5EF961F4E0DD} 2: {D26A4490-ADD8-4DE4-934E-F1856CC8F22C} 3: C:\Program Files\Mastercam 2027\cfpLang.dat 
1: {E3A7A159-C187-44D3-93E8-5EF961F4E0DD} 2: {DC97441C-DC15-45B2-9986-187840B1CE05} 3: C:\ProgramData\Mastercam\engrave\corconve.dat 
1: {E3A7A159-C187-44D3-93E8-5EF961F4E0DD} 2: {356CD5A1-5CD3-4E25-AB80-814C6AABD470} 3: C:\ProgramData\Mastercam\common\customize_mastercam.update 
1: {E3A7A159-C187-44D3-93E8-5EF961F4E0DD} 2: {C5347113-5478-4AB0-A765-C2803B7C41A9} 3: C:\ProgramData\Mastercam\common\customize_user.update 
1: {E3A7A159-C187-44D3-93E8-5EF961F4E0DD} 2: {E5C3001D-8567-4675-8568-7B852A80ABC7} 3: C:\Program Files\Mastercam 2027\common\UserDefaults\data\ 
1: {E3A7A159-C187-44D3-93E8-5EF961F4E0DD} 2: {493437CC-6604-4A35-BAAF-8703B018DBEA} 3: C:\Program Files\Mastercam 2027\default.keymap 
1: {E3A7A159-C187-44D3-93E8-5EF961F4E0DD} 2: {9B88D416-DE33-46A8-A388-E53E9CE5F563} 3: C:\Program Files\Mastercam 2027\gafbase.dll 
1: {E3A7A159-C187-44D3-93E8-5EF961F4E0DD} 2: {C41F93F3-61D3-4797-A664-56B35D9C2471} 3: C:\Program Files\Mastercam 2027\gafgr.dll 
1: {E3A7A159-C187-44D3-93E8-5EF961F4E0DD} 2: {F6DDF5A1-5281-430C-8E3C-BE74D3833433} 3: C:\Program Files\Mastercam 2027\gafmt.dll 
1: {E3A7A159-C187-44D3-93E8-5EF961F4E0DD} 2: {F41574DC-CA31-40C4-AABE-A0CF62DFD4CA} 3: C:\Program Files\Mastercam 2027\gafui.dll 
1: {E3A7A159-C187-44D3-93E8-5EF961F4E0DD} 2: {C65F5E53-1539-44A6-9421-D0EE32D568F7} 3: C:\Program Files\Mastercam 2027\gafut.dll 
1: {E3A7A159-C187-44D3-93E8-5EF961F4E0DD} 2: {30BB77A9-4057-4E8D-A878-0FE4B8481D4D} 3: C:\Program Files\Mastercam 2027\ifequicut.dll 
1: {E3A7A159-C187-44D3-93E8-5EF961F4E0DD} 2: {238A8DD1-EA10-472D-BC8E-95705E2C7C68} 3: C:\Program Files\Mastercam 2027\ifoffset.dll 
1: {E3A7A159-C187-44D3-93E8-5EF961F4E0DD} 2: {5945679B-4CB1-4828-B8EC-69859210A885} 3: C:\Program Files\Mastercam 2027\ifsilhouette.dll 
1: {E3A7A159-C187-44D3-93E8-5EF961F4E0DD} 2: {4F9E1C95-67C7-4629-80F4-4DF5FDC2D39B} 3: C:\Program Files\Mastercam 2027\ifsmoop.dll 
1: {E3A7A159-C187-44D3-93E8-5EF961F4E0DD} 2: {9234FA2D-56C3-49AD-8260-E99387E6CCD0} 3: C:\Program Files\Mastercam 2027\ifsphoffset.dll 
1: {E3A7A159-C187-44D3-93E8-5EF961F4E0DD} 2: {0B315F91-5EB7-49F4-BA03-D5CBC06D82A6} 3: C:\Program Files\Mastercam 2027\ifspinsil.dll 
1: {E3A7A159-C187-44D3-93E8-5EF961F4E0DD} 2: {166CCF79-9AB5-4885-AF7B-39269828FBA5} 3: C:\Program Files\Mastercam 2027\ifstitch.dll 
1: {E3A7A159-C187-44D3-93E8-5EF961F4E0DD} 2: {BC82D5B0-C744-4E96-8839-5E70A75E6075} 3: C:\Program Files\Mastercam 2027\ifsweep.dll 
1: {E3A7A159-C187-44D3-93E8-5EF961F4E0DD} 2: {2779CD20-94EB-40F3-A62E-C256CCC6DABC} 3: C:\Program Files\Mastercam 2027\ifuncut.dll 
1: {E3A7A159-C187-44D3-93E8-5EF961F4E0DD} 2: {D47687BA-FFB7-4C28-A0F7-70D04C0AFB81} 3: C:\Program Files\Mastercam 2027\ifunderoffset.dll 
1: {E3A7A159-C187-44D3-93E8-5EF961F4E0DD} 2: {D60623E3-74A2-49CE-9FA2-F3DA60373CF1} 3: C:\Program Files\Mastercam 2027\ifzcut.dll 
1: {E3A7A159-C187-44D3-93E8-5EF961F4E0DD} 2: {CF2FBA57-57DE-4BD3-BB56-690C7928025C} 3: C:\Program Files\Mastercam 2027\interfacial01.dll 
1: {E3A7A159-C187-44D3-93E8-5EF961F4E0DD} 2: {242C140B-DD7B-407C-B887-4794E1A2FC9F} 3: C:\Program Files\Mastercam 2027\interfacial02.dll 
1: {E3A7A159-C187-44D3-93E8-5EF961F4E0DD} 2: {C902841B-DE23-415A-86C1-738F88D15AD2} 3: C:\Program Files\Mastercam 2027\interfacial03.dll 
1: {E3A7A159-C187-44D3-93E8-5EF961F4E0DD} 2: {0F46246C-BE09-4C66-9A73-5D987D0A4D2A} 3: C:\Program Files\Mastercam 2027\interfacial04.dll 
1: {E3A7A159-C187-44D3-93E8-5EF961F4E0DD} 2: {FCA96390-DD20-4621-88F0-73B6B5993107} 3: C:\Program Files\Mastercam 2027\interfacial05.dll 
1: {E3A7A159-C187-44D3-93E8-5EF961F4E0DD} 2: {09AF59EE-4E13-47F0-8D0F-3D9FBBB0F605} 3: C:\Program Files\Mastercam 2027\interfacial06.dll 
1: {E3A7A159-C187-44D3-93E8-5EF961F4E0DD} 2: {500C8C9C-DC1E-46A5-BD69-85D42B0A1584} 3: C:\Program Files\Mastercam 2027\interfacial07.dll 
1: {E3A7A159-C187-44D3-93E8-5EF961F4E0DD} 2: {13C80E73-124C-48C4-8ED4-5CE86A2907C1} 3: C:\Program Files\Mastercam 2027\interfacial08.dll 
1: {E3A7A159-C187-44D3-93E8-5EF961F4E0DD} 2: {5D6468A6-DABD-43DF-AE90-619EF243D0F5} 3: C:\Program Files\Mastercam 2027\interfacial09.dll 
1: {E3A7A159-C187-44D3-93E8-5EF961F4E0DD} 2: {290E11C4-E3E1-47A4-AE2E-8901D515D8CF} 3: C:\Program Files\Mastercam 2027\interfacial10.dll 
1: {E3A7A159-C187-44D3-93E8-5EF961F4E0DD} 2: {64CB2D1D-76F9-4D33-A056-F84317464F8A} 3: C:\Program Files\Mastercam 2027\interfacial11.dll 
1: {E3A7A159-C187-44D3-93E8-5EF961F4E0DD} 2: {D2F96E2F-E308-4BD1-A1E4-EE356FBF35E9} 3: C:\Program Files\Mastercam 2027\interfacial12.dll 
1: {E3A7A159-C187-44D3-93E8-5EF961F4E0DD} 2: {EA97AF65-8FB4-4A03-9A7D-A9BC8DAC1868} 3: C:\Program Files\Mastercam 2027\interfacial13.dll 
1: {E3A7A159-C187-44D3-93E8-5EF961F4E0DD} 2: {D3E29529-6072-4033-A93E-F5198839643D} 3: C:\Program Files\Mastercam 2027\interfacial14.dll 
1: {E3A7A159-C187-44D3-93E8-5EF961F4E0DD} 2: {ED9DF0FF-DB22-4425-A61F-30CA8CCFBF9B} 3: C:\Program Files\Mastercam 2027\interfacial15.dll 
1: {E3A7A159-C187-44D3-93E8-5EF961F4E0DD} 2: {93ECB3EA-CAB2-4E3C-A0A5-719ADA1C75A1} 3: C:\Program Files\Mastercam 2027\interfacial16.dll 
1: {E3A7A159-C187-44D3-93E8-5EF961F4E0DD} 2: {2AB33DB8-D77F-45C4-8749-915381D6707D} 3: C:\Program Files\Mastercam 2027\interfacial17.dll 
1: {E3A7A159-C187-44D3-93E8-5EF961F4E0DD} 2: {668D9A4F-0DC7-469B-A52A-DB71CAC79C2A} 3: C:\Program Files\Mastercam 2027\interfacial20.dll 
1: {E3A7A159-C187-44D3-93E8-5EF961F4E0DD} 2: {F26FBAD9-B95C-41FC-8D19-554C24CFEB94} 3: C:\Program Files\Mastercam 2027\interfacial21.dll 
1: {E3A7A159-C187-44D3-93E8-5EF961F4E0DD} 2: {774416B6-5241-4405-BF9A-A15CF1933DF3} 3: C:\Program Files\Mastercam 2027\interfacial22.dll 
1: {E3A7A159-C187-44D3-93E8-5EF961F4E0DD} 2: {5A49E7DF-BB7E-40FC-B319-D76782576D39} 3: C:\Program Files\Mastercam 2027\interfacial24.dll 
1: {E3A7A159-C187-44D3-93E8-5EF961F4E0DD} 2: {0B42E796-5B31-4C1E-BA27-502501DF6A10} 3: C:\Program Files\Mastercam 2027\interfacial25.dll 
1: {E3A7A159-C187-44D3-93E8-5EF961F4E0DD} 2: {E637CE46-5279-48D9-A5E6-165EB2E0279B} 3: C:\Program Files\Mastercam 2027\interfacial28.dll 
1: {E3A7A159-C187-44D3-93E8-5EF961F4E0DD} 2: {BA5B51FD-5DAE-4908-A8DB-3E5AB08EA620} 3: C:\Program Files\Mastercam 2027\common\UserDefaults\Lathe\NC\ 
1: {E3A7A159-C187-44D3-93E8-5EF961F4E0DD} 2: {37841AA3-4D0D-4057-86E9-DB169E3C42B2} 3: C:\Program Files\Mastercam 2027\common\UserDefaults\Lathe\NCI\ 
1: {E3A7A159-C187-44D3-93E8-5EF961F4E0DD} 2: {F93E2602-563A-41FB-9770-330501B38A72} 3: C:\Program Files\Mastercam 2027\common\3MFData\lib3mf.dll 
1: {E3A7A159-C187-44D3-93E8-5EF961F4E0DD} 2: {101980C9-2D54-4608-857E-D94A7271C878} 3: C:\Program Files\Mastercam 2027\libiomp5md.dll 
1: {E3A7A159-C187-44D3-93E8-5EF961F4E0DD} 2: {29605649-A5A6-4067-920B-45F54DD7ADC0} 3: C:\Program Files\Mastercam 2027\common\UserDefaults\CONFIG\mastercam.kmp 
1: {E3A7A159-C187-44D3-93E8-5EF961F4E0DD} 2: {9025F6F0-B3EF-480B-8B81-83B7D832B3DA} 3: C:\ProgramData\Mastercam\wire\Power\mc_agie.dat 
1: {E3A7A159-C187-44D3-93E8-5EF961F4E0DD} 2: {F3715915-7D6A-482F-8386-FAB73226CFC9} 3: C:\Program Files\Mastercam 2027\common\UserDefaults\Mill\NC\ 
1: {E3A7A159-C187-44D3-93E8-5EF961F4E0DD} 2: {CA4AB5C6-93D2-437F-930B-1B16BAD40F84} 3: C:\Program Files\Mastercam 2027\common\UserDefaults\Mill\NCI\ 
1: {E3A7A159-C187-44D3-93E8-5EF961F4E0DD} 2: {A100A248-0F26-468C-B40C-7E61D0848EB5} 3: C:\Program Files\Mastercam 2027\common\UserDefaults\Mill\Regen\ 
1: {E3A7A159-C187-44D3-93E8-5EF961F4E0DD} 2: {2D18B29C-BE5C-4BF8-9246-88AB3196DCC3} 3: C:\Program Files\Mastercam 2027\common\UserDefaults\Mill Turn\IOF\ 
1: {E3A7A159-C187-44D3-93E8-5EF961F4E0DD} 2: {096A5708-7921-4508-AA23-AFDF256F8543} 3: C:\Program Files\Mastercam 2027\common\UserDefaults\Mill Turn\NC\ 
1: {E3A7A159-C187-44D3-93E8-5EF961F4E0DD} 2: {6CFE1D26-F995-47F2-BD0A-866F9F77608E} 3: C:\Program Files\Mastercam 2027\simulator\mwSupport.lic 
1: {E3A7A159-C187-44D3-93E8-5EF961F4E0DD} 2: {B2E3A662-F769-485D-B0A5-471789B200FB} 3: C:\Program Files\Mastercam 2027\ 
1: {E3A7A159-C187-44D3-93E8-5EF961F4E0DD} 2: {CFF49DA2-E369-455B-A132-1DE018BE68E6} 3: C:\Program Files\Mastercam 2027\psbodyshop.dll 
1: {E3A7A159-C187-44D3-93E8-5EF961F4E0DD} 2: {68520A29-EF5F-47BB-A4F6-484D43CFAE65} 3: C:\Program Files\Mastercam 2027\pskernel.dll 
1: {E3A7A159-C187-44D3-93E8-5EF961F4E0DD} 2: {523D31F2-9BA9-4CE9-A463-E24415D81171} 3: C:\ProgramData\Mastercam\engrave\rast2vec\rast2vec_new.dat 
1: {E3A7A159-C187-44D3-93E8-5EF961F4E0DD} 2: {A5B647CA-046E-4B65-929B-448A31EBBBA9} 3: C:\ProgramData\Mastercam\common\reports\IMG\ 
1: {E3A7A159-C187-44D3-93E8-5EF961F4E0DD} 2: {82E52C00-6C9B-407B-AD92-4BEF617659A4} 3: C:\Program Files\Mastercam 2027\common\UserDefaults\Router\NC\ 
1: {E3A7A159-C187-44D3-93E8-5EF961F4E0DD} 2: {D07A4CFD-80E3-4B48-9DA4-20BC3BFC5E84} 3: C:\Program Files\Mastercam 2027\common\UserDefaults\Router\NCI\ 
1: {E3A7A159-C187-44D3-93E8-5EF961F4E0DD} 2: {73A3B051-9152-444B-9586-277DE0E12076} 3: C:\Program Files\Mastercam 2027\tbb12.dll 
1: {E3A7A159-C187-44D3-93E8-5EF961F4E0DD} 2: {F2FFCAD1-06A8-4520-B9DA-4F7F82216740} 3: C:\Program Files\Mastercam 2027\tbbmalloc.dll 
1: {E3A7A159-C187-44D3-93E8-5EF961F4E0DD} 2: {0F372E00-ABB0-4E07-8C2A-38AF2F258584} 3: C:\Program Files\Mastercam 2027\common\UserDefaults\Wire\NC\ 
1: {E3A7A159-C187-44D3-93E8-5EF961F4E0DD} 2: {FCC86F5D-3F97-475A-9C9E-0679E6EC7E38} 3: C:\Program Files\Mastercam 2027\common\UserDefaults\Wire\NCI\ 
1: {E3A7A159-C187-44D3-93E8-5EF961F4E0DD} 2: {2883F5BD-B71E-4D09-BC40-BBE38DE8364D} 3: <\ActiproSoftware.BarCode.Wpf,Version="25.1.0.0",PublicKeyToken="36FF2196AB5654B9",Culture="neutral",FileVersion="25.1.0.0",ProcessorArchitecture="MSIL" 
1: {E3A7A159-C187-44D3-93E8-5EF961F4E0DD} 2: {A2354613-C96E-44CA-8FFB-A2AE459466EC} 3: <\ActiproSoftware.DataGrid.Contrib.Wpf,Version="25.1.0.0",PublicKeyToken="36FF2196AB5654B9",Culture="neutral",FileVersion="25.1.0.0",ProcessorArchitecture="MSIL" 
1: {E3A7A159-C187-44D3-93E8-5EF961F4E0DD} 2: {AC5B36C3-D322-4A16-AD2F-8D72F91C354E} 3: <\ActiproSoftware.Docking.Wpf,Version="25.1.0.0",PublicKeyToken="36FF2196AB5654B9",Culture="neutral",FileVersion="25.1.0.0",ProcessorArchitecture="MSIL" 
1: {E3A7A159-C187-44D3-93E8-5EF961F4E0DD} 2: {E93DE8ED-9D95-49A4-822B-7400060E540E} 3: <\ActiproSoftware.Editors.Interop.Grids.Wpf,Version="25.1.0.0",PublicKeyToken="36FF2196AB5654B9",Culture="neutral",FileVersion="25.1.0.0",ProcessorArchitecture="MSIL" 
1: {E3A7A159-C187-44D3-93E8-5EF961F4E0DD} 2: {963EDF49-776F-43A2-BF84-448ED495E02C} 3: <\ActiproSoftware.Editors.Wpf,Version="25.1.0.0",PublicKeyToken="36FF2196AB5654B9",Culture="neutral",FileVersion="25.1.0.0",ProcessorArchitecture="MSIL" 
1: {E3A7A159-C187-44D3-93E8-5EF961F4E0DD} 2: {834BA145-2894-4720-895C-96B77AA5D346} 3: <\ActiproSoftware.Gauge.Wpf,Version="25.1.0.0",PublicKeyToken="36FF2196AB5654B9",Culture="neutral",FileVersion="25.1.0.0",ProcessorArchitecture="MSIL" 
1: {E3A7A159-C187-44D3-93E8-5EF961F4E0DD} 2: {9E72C4F6-FFD8-48B6-8E86-F305583DCA7B} 3: <\ActiproSoftware.Grids.Wpf,Version="25.1.0.0",PublicKeyToken="36FF2196AB5654B9",Culture="neutral",FileVersion="25.1.0.0",ProcessorArchitecture="MSIL" 
1: {E3A7A159-C187-44D3-93E8-5EF961F4E0DD} 2: {19CB6769-6E2B-421C-A06B-02FFC70EC203} 3: <\ActiproSoftware.Navigation.Wpf,Version="25.1.0.0",PublicKeyToken="36FF2196AB5654B9",Culture="neutral",FileVersion="25.1.0.0",ProcessorArchitecture="MSIL" 
1: {E3A7A159-C187-44D3-93E8-5EF961F4E0DD} 2: {DD596DBD-9663-4764-9684-F3F5DD8DE4CD} 3: <\ActiproSoftware.Ribbon.Wpf,Version="25.1.0.0",PublicKeyToken="36FF2196AB5654B9",Culture="neutral",FileVersion="25.1.0.0",ProcessorArchitecture="MSIL" 
1: {E3A7A159-C187-44D3-93E8-5EF961F4E0DD} 2: {43AEE3A8-1212-46F0-BEE6-7FE55BE8341C} 3: <\ActiproSoftware.Shared.Wpf,Version="25.1.0.0",PublicKeyToken="36FF2196AB5654B9",Culture="neutral",FileVersion="25.1.0.0",ProcessorArchitecture="MSIL" 
1: {E3A7A159-C187-44D3-93E8-5EF961F4E0DD} 2: {CBC22C1B-D7E9-4302-B703-A5CE91D07805} 3: <\ActiproSoftware.SyntaxEditor.Wpf,Version="25.1.0.0",PublicKeyToken="36FF2196AB5654B9",Culture="neutral",FileVersion="25.1.0.0",ProcessorArchitecture="MSIL" 
1: {E3A7A159-C187-44D3-93E8-5EF961F4E0DD} 2: {AD69E8DC-92C9-4A7A-8776-067F7130C5AC} 3: <\ActiproSoftware.Text.Wpf,Version="25.1.0.0",PublicKeyToken="36FF2196AB5654B9",Culture="neutral",FileVersion="25.1.0.0",ProcessorArchitecture="MSIL" 
1: {E3A7A159-C187-44D3-93E8-5EF961F4E0DD} 2: {E8C97570-932E-40A1-A250-C3CF7E8836B2} 3: <\ActiproSoftware.Views.Wpf,Version="25.1.0.0",PublicKeyToken="36FF2196AB5654B9",Culture="neutral",FileVersion="25.1.0.0",ProcessorArchitecture="MSIL" 
1: {E3A7A159-C187-44D3-93E8-5EF961F4E0DD} 2: {E6F3C822-068A-42C3-9C4C-29A45C54F2FC} 3: <\ActiproSoftware.Wizard.Wpf,Version="25.1.0.0",PublicKeyToken="36FF2196AB5654B9",Culture="neutral",FileVersion="25.1.0.0",ProcessorArchitecture="MSIL" 
1: {E3A7A159-C187-44D3-93E8-5EF961F4E0DD} 2: {41ED71A1-8CA6-4FDE-A2CA-5F98A13A6424} 3: <\AxProtector.UI,Version="29.0.0.0",Culture="neutral",FileVersion="29.0.10172.0",ProcessorArchitecture="Amd64" 
1: {E3A7A159-C187-44D3-93E8-5EF961F4E0DD} 2: {A0DA4213-EDD3-4487-9C11-EDD16E1F8A2C} 3: C:\Program Files\Mastercam 2027\Extensions\ 
1: {E3A7A159-C187-44D3-93E8-5EF961F4E0DD} 2: {9384568C-5F54-46A9-A9D4-C342B2B59D66} 3: C:\Program Files\Mastercam 2027\Extensions\Cnc.Math.GridCompute.Windows.dll 
1: {E3A7A159-C187-44D3-93E8-5EF961F4E0DD} 2: {ACE75384-CF87-4411-BEBD-0F634872FFA4} 3: C:\Program Files\Mastercam 2027\Extensions\Cnc.Math.Partition.Windows.dll 
1: {E3A7A159-C187-44D3-93E8-5EF961F4E0DD} 2: {95B86994-2D6B-40BA-8C4B-B656AAF08DF2} 3: C:\Program Files\Mastercam 2027\Extensions\Cnc.Math.Windows.dll 
1: {E3A7A159-C187-44D3-93E8-5EF961F4E0DD} 2: {8D385F35-CA95-4A24-B51C-1223AD2A3907} 3: C:\Program Files\Mastercam 2027\Extensions\Cnc.Tool.Core.dll 
1: {E3A7A159-C187-44D3-93E8-5EF961F4E0DD} 2: {F0AD54F5-9E30-42BD-82BD-5C378FA16903} 3: <\Cnc.Utilities.Core.Windows.Managed,Version="29.0.0.0",Culture="neutral",FileVersion="29.0.10172.0",ProcessorArchitecture="Amd64" 
1: {E3A7A159-C187-44D3-93E8-5EF961F4E0DD} 2: {F005FDF0-07B8-408A-B81F-4B96BCAE7C4A} 3: C:\Program Files\Mastercam 2027\Extensions\Cnc.Utilities.Core.Windows.dll 
1: {E3A7A159-C187-44D3-93E8-5EF961F4E0DD} 2: {650A897C-DC60-43F7-AED7-569AFAA627CA} 3: C:\Program Files\Mastercam 2027\Extensions\Cnc.Utilities.Core.dll 
1: {E3A7A159-C187-44D3-93E8-5EF961F4E0DD} 2: {AC8C1947-CFEA-4594-AC71-E028E0CCCD67} 3: <\CodeExpert.Interprocess,Version="29.0.0.0",Culture="neutral",FileVersion="29.0.10172.0",ProcessorArchitecture="Amd64" 
1: {E3A7A159-C187-44D3-93E8-5EF961F4E0DD} 2: {B63DEBEE-9121-4741-A53E-4A1D2EA6146F} 3: <\CodeExpert.Shared,Version="29.0.0.0",Culture="neutral",FileVersion="29.0.10172.0",ProcessorArchitecture="Amd64" 
1: {E3A7A159-C187-44D3-93E8-5EF961F4E0DD} 2: {69EDD12C-531E-4E0F-AB9D-EADE2945ED1F} 3: <\CodeExpert.Workspace,Version="29.0.0.0",Culture="neutral",FileVersion="29.0.10172.0",ProcessorArchitecture="Amd64" 
1: {E3A7A159-C187-44D3-93E8-5EF961F4E0DD} 2: {3F39608E-3175-4819-80B6-FF231FD5E566} 3: <\CodeExpert,Version="29.0.0.0",Culture="neutral",FileVersion="29.0.10172.0",ProcessorArchitecture="Amd64" 
1: {E3A7A159-C187-44D3-93E8-5EF961F4E0DD} 2: {E1FDF791-5947-4C59-A8E5-725D274DFF8C} 3: C:\Program Files\Mastercam 2027\Extensions\CodeExpert.exe.config 
1: {E3A7A159-C187-44D3-93E8-5EF961F4E0DD} 2: {0181ABA4-84C1-4405-907A-3CE4DDB78604} 3: <\Editor.Core,Version="29.0.0.0",Culture="neutral",FileVersion="29.0.10172.0",ProcessorArchitecture="Amd64" 
1: {E3A7A159-C187-44D3-93E8-5EF961F4E0DD} 2: {94222EAE-CBDD-4F07-857A-879F261C39AB} 3: <\Editor.Models,Version="29.0.0.0",Culture="neutral",FileVersion="29.0.10172.0",ProcessorArchitecture="Amd64" 
1: {E3A7A159-C187-44D3-93E8-5EF961F4E0DD} 2: {997167A2-FA08-4CFD-9951-563CC79D8A2D} 3: <\Editor.Workspace,Version="29.0.0.0",Culture="neutral",FileVersion="29.0.10172.0",ProcessorArchitecture="Amd64" 
1: {E3A7A159-C187-44D3-93E8-5EF961F4E0DD} 2: {06E739A0-D6CE-4A9F-BA67-F301310B9DAE} 3: <\GAFControl.Interop,Version="29.0.0.0",Culture="neutral",FileVersion="29.0.10172.0",ProcessorArchitecture="Amd64" 
1: {E3A7A159-C187-44D3-93E8-5EF961F4E0DD} 2: {0F2D7710-919B-41E7-81B6-7F3E481A70DF} 3: C:\Program Files\Mastercam 2027\Extensions\GAFControl.dll 
1: {E3A7A159-C187-44D3-93E8-5EF961F4E0DD} 2: {25692907-BB0B-422A-954F-ABD2E4108A39} 3: <\IOFAPI,Version="29.0.0.0",Culture="neutral",FileVersion="29.0.10172.0",ProcessorArchitecture="Amd64" 
1: {E3A7A159-C187-44D3-93E8-5EF961F4E0DD} 2: {12EA665E-3B57-4F75-973E-514C00BE6B8D} 3: C:\Program Files\Mastercam 2027\Extensions\IOFDB.dll 
1: {E3A7A159-C187-44D3-93E8-5EF961F4E0DD} 2: {5EEDDD48-CC8E-41F0-91C6-601806F9D1BE} 3: C:\Program Files\Mastercam 2027\Extensions\IOFLogic.dll 
1: {E3A7A159-C187-44D3-93E8-5EF961F4E0DD} 2: {FDFAF164-E204-4A35-A8A1-9D01527D6CEC} 3: C:\Program Files\Mastercam 2027\Extensions\IOFViewer.exe 
1: {E3A7A159-C187-44D3-93E8-5EF961F4E0DD} 2: {46AD910D-0349-48AB-989F-EDB38D5E1EEE} 3: <\IronPython.Modules,Version="2.7.0.40",PublicKeyToken="7F709C5B713576E1",Culture="neutral",FileVersion="2.7.2.1001",ProcessorArchitecture="MSIL" 
1: {E3A7A159-C187-44D3-93E8-5EF961F4E0DD} 2: {D9343BBA-DA6B-4EFA-BEF9-90E8516930FD} 3: <\IronPython,Version="2.7.0.40",PublicKeyToken="7F709C5B713576E1",Culture="neutral",FileVersion="2.7.2.1001",ProcessorArchitecture="MSIL" 
1: {E3A7A159-C187-44D3-93E8-5EF961F4E0DD} 2: {4EA62717-0489-4883-BA30-1614C86DE7EB} 3: <\Machine.Core,Version="29.0.0.0",Culture="neutral",FileVersion="29.0.10172.0",ProcessorArchitecture="Amd64" 
1: {E3A7A159-C187-44D3-93E8-5EF961F4E0DD} 2: {579187D6-6668-41A6-8D73-EEDA0F376D29} 3: <\Machine.Models,Version="29.0.0.0",Culture="neutral",FileVersion="29.0.10172.0",ProcessorArchitecture="Amd64" 
1: {E3A7A159-C187-44D3-93E8-5EF961F4E0DD} 2: {327CE4FF-782B-4823-BFE0-DFF5EA516005} 3: <\Machine.Serialization,Version="29.0.0.0",Culture="neutral",FileVersion="29.0.10172.0",ProcessorArchitecture="Amd64" 
1: {E3A7A159-C187-44D3-93E8-5EF961F4E0DD} 2: {975DE62E-DBEA-459D-9719-559499B0A8FD} 3: <\MachineBuilder.Models,Version="29.0.0.0",Culture="neutral",FileVersion="29.0.10172.0",ProcessorArchitecture="Amd64" 
1: {E3A7A159-C187-44D3-93E8-5EF961F4E0DD} 2: {EA9A9688-A3C2-467A-BD62-84FB4E49ACD9} 3: <\MastercamExtensions.GAF,Version="29.0.0.0",Culture="neutral",FileVersion="29.0.10172.0",ProcessorArchitecture="Amd64" 
1: {E3A7A159-C187-44D3-93E8-5EF961F4E0DD} 2: {A1FA88E6-E7BF-47C6-BE9A-83F36422E72B} 3: <\MastercamExtensions.ImportExport,Version="29.0.0.0",Culture="neutral",FileVersion="29.0.10172.0",ProcessorArchitecture="Amd64" 
1: {E3A7A159-C187-44D3-93E8-5EF961F4E0DD} 2: {6BEBC312-527E-487C-B638-1B0F523CC74F} 3: <\MastercamExtensions.Infrastructure,Version="29.0.0.0",Culture="neutral",FileVersion="29.0.10172.0",ProcessorArchitecture="Amd64" 
1: {E3A7A159-C187-44D3-93E8-5EF961F4E0DD} 2: {79C44182-ED3C-4385-BE13-2D98FA39B105} 3: <\MastercamExtensions.Licensing,Version="29.0.0.0",Culture="neutral",FileVersion="29.0.10172.0",ProcessorArchitecture="Amd64" 
1: {E3A7A159-C187-44D3-93E8-5EF961F4E0DD} 2: {C90C89C9-392B-4F6C-8861-343BBC025382} 3: <\MastercamExtensions.Localization,Version="29.0.0.0",Culture="neutral",FileVersion="29.0.10172.0",ProcessorArchitecture="Amd64" 
1: {E3A7A159-C187-44D3-93E8-5EF961F4E0DD} 2: {DBC41697-CC1C-4595-81B9-3EAB2F1A4674} 3: <\MastercamExtensions.Shell,Version="29.0.0.0",Culture="neutral",FileVersion="29.0.10172.0",ProcessorArchitecture="Amd64" 
1: {E3A7A159-C187-44D3-93E8-5EF961F4E0DD} 2: {276144DA-B0CE-42A4-B668-9B41FF73B3E2} 3: <\Microsoft.Dynamic,Version="1.1.0.20",PublicKeyToken="7F709C5B713576E1",Culture="neutral",FileVersion="1.1.0.20",ProcessorArchitecture="MSIL" 
1: {E3A7A159-C187-44D3-93E8-5EF961F4E0DD} 2: {6A0DD7BC-69F5-4713-BC7A-1E3E9E62D022} 3: C:\Program Files\Mastercam 2027\Extensions\ 
1: {E3A7A159-C187-44D3-93E8-5EF961F4E0DD} 2: {524A9C6B-B2AE-42E5-A6A8-3C43197E5272} 3: C:\Program Files\Mastercam 2027\Extensions\ 
1: {E3A7A159-C187-44D3-93E8-5EF961F4E0DD} 2: {52F45C42-9B3A-4023-8221-7BE1101AE7D9} 3: C:\Program Files\Mastercam 2027\Extensions\ 
1: {E3A7A159-C187-44D3-93E8-5EF961F4E0DD} 2: {C0592F00-581B-4C34-A205-0D2B1DFBC3F2} 3: <\Microsoft.Practices.EnterpriseLibrary.Common,Version="6.0.0.0",PublicKeyToken="31BF3856AD364E35",Culture="neutral",FileVersion="6.0.1304.0",ProcessorArchitecture="MSIL" 
1: {E3A7A159-C187-44D3-93E8-5EF961F4E0DD} 2: {0EAF34F9-67F9-4E90-AE60-82569214B92E} 3: <\Microsoft.Practices.EnterpriseLibrary.ExceptionHandling.Logging,Version="6.0.0.0",PublicKeyToken="31BF3856AD364E35",Culture="neutral",FileVersion="6.0.1304.0",ProcessorArchitecture="MSIL" 
1: {E3A7A159-C187-44D3-93E8-5EF961F4E0DD} 2: {7A39D07E-D97B-4869-8486-19EF0314C07A} 3: <\Microsoft.Practices.EnterpriseLibrary.ExceptionHandling,Version="6.0.0.0",PublicKeyToken="31BF3856AD364E35",Culture="neutral",FileVersion="6.0.1304.0",ProcessorArchitecture="MSIL" 
1: {E3A7A159-C187-44D3-93E8-5EF961F4E0DD} 2: {4D898DD6-52A7-4C3B-94D2-47DD25D10600} 3: <\Microsoft.Practices.EnterpriseLibrary.Logging,Version="6.0.0.0",PublicKeyToken="31BF3856AD364E35",Culture="neutral",FileVersion="6.0.1304.0",ProcessorArchitecture="MSIL" 
1: {E3A7A159-C187-44D3-93E8-5EF961F4E0DD} 2: {07B3D004-0E0A-4086-BA8F-1054DF1B7EEB} 3: C:\Program Files\Mastercam 2027\Extensions\ 
1: {E3A7A159-C187-44D3-93E8-5EF961F4E0DD} 2: {7DF0C810-90A4-4382-8CE8-EA9D7B5C7CD9} 3: C:\Program Files\Mastercam 2027\Extensions\ 
1: {E3A7A159-C187-44D3-93E8-5EF961F4E0DD} 2: {D2C9336E-BC64-48FE-80AD-AC6AD4C15855} 3: <\Microsoft.Practices.ServiceLocation,Version="1.3.0.0",PublicKeyToken="31BF3856AD364E35",Culture="neutral",FileVersion="1.3.0.0",ProcessorArchitecture="MSIL" 
1: {E3A7A159-C187-44D3-93E8-5EF961F4E0DD} 2: {B8D8DF47-EACE-4DAC-A998-836850F5EACB} 3: <\Microsoft.Practices.Unity.Configuration,Version="4.0.0.0",PublicKeyToken="6D32FF45E0CCC69F",Culture="neutral",FileVersion="4.0.1.0",ProcessorArchitecture="MSIL" 
1: {E3A7A159-C187-44D3-93E8-5EF961F4E0DD} 2: {6212BE5A-BB37-48C5-9E2B-736E63743A9C} 3: <\Microsoft.Practices.Unity.RegistrationByConvention,Version="4.0.0.0",PublicKeyToken="6D32FF45E0CCC69F",Culture="neutral",FileVersion="4.0.1.0",ProcessorArchitecture="MSIL" 
1: {E3A7A159-C187-44D3-93E8-5EF961F4E0DD} 2: {37BD7F35-776E-41D8-8880-7E15993FB193} 3: <\Microsoft.Practices.Unity,Version="4.0.0.0",PublicKeyToken="6D32FF45E0CCC69F",Culture="neutral",FileVersion="4.0.1.0",ProcessorArchitecture="MSIL" 
1: {E3A7A159-C187-44D3-93E8-5EF961F4E0DD} 2: {85FF9B5A-F649-429B-936E-C1A2F5DEBFC1} 3: <\Microsoft.Scripting.Metadata,Version="1.1.0.20",PublicKeyToken="7F709C5B713576E1",Culture="neutral",FileVersion="1.1.0.20",ProcessorArchitecture="MSIL" 
1: {E3A7A159-C187-44D3-93E8-5EF961F4E0DD} 2: {A26270A6-4193-4025-9052-C7C52D5A5737} 3: <\Microsoft.Scripting,Version="1.1.0.20",PublicKeyToken="7F709C5B713576E1",Culture="neutral",FileVersion="1.1.0.20",ProcessorArchitecture="MSIL" 
1: {E3A7A159-C187-44D3-93E8-5EF961F4E0DD} 2: {57A1AEC3-C423-4CDF-841F-37B4041515A9} 3: <\Microsoft.WindowsAPICodePack.Shell,Version="1.1.0.0",Culture="neutral",FileVersion="1.1.0.0" 
1: {E3A7A159-C187-44D3-93E8-5EF961F4E0DD} 2: {60ECD2E8-C3D7-411A-9160-F7432B2FB3E5} 3: <\Microsoft.WindowsAPICodePack,Version="1.1.0.0",Culture="neutral",FileVersion="1.1.0.0" 
1: {E3A7A159-C187-44D3-93E8-5EF961F4E0DD} 2: {24DB7B4B-9B5D-4477-8AB9-2CFA7BC40079} 3: C:\Program Files\Mastercam 2027\Extensions\Script\PostBlockApi.py 
1: {E3A7A159-C187-44D3-93E8-5EF961F4E0DD} 2: {2DFBC4AE-10C8-48F0-9C2B-DE04D59AA07C} 3: <\PostEngine,Version="29.0.0.0",Culture="neutral",FileVersion="29.0.10172.0",ProcessorArchitecture="Amd64" 
1: {E3A7A159-C187-44D3-93E8-5EF961F4E0DD} 2: {3548E6EB-2AD5-4E50-AD7C-BC5686DFD78B} 3: <\Prism.Unity.Wpf,Version="6.3.0.0",PublicKeyToken="40EE6C3A2184DC59",Culture="neutral",FileVersion="6.3.0.0",ProcessorArchitecture="MSIL" 
1: {E3A7A159-C187-44D3-93E8-5EF961F4E0DD} 2: {B00C87DA-3F11-496D-8DE5-9840269A0813} 3: <\Prism.Wpf,Version="6.3.0.0",PublicKeyToken="40EE6C3A2184DC59",Culture="neutral",FileVersion="6.3.0.0",ProcessorArchitecture="MSIL" 
1: {E3A7A159-C187-44D3-93E8-5EF961F4E0DD} 2: {2EEB91A6-BA8B-4695-AFE8-554FC7DFFBCB} 3: <\Prism,Version="6.3.0.0",PublicKeyToken="40EE6C3A2184DC59",Culture="neutral",FileVersion="6.3.0.0",ProcessorArchitecture="MSIL" 
1: {E3A7A159-C187-44D3-93E8-5EF961F4E0DD} 2: {C0020173-8C3E-459E-8857-8888087A50C3} 3: C:\Program Files\Mastercam 2027\Extensions\Script\PythonLib\ 
1: {E3A7A159-C187-44D3-93E8-5EF961F4E0DD} 2: {EF5FF013-3A69-4C4A-B6A9-CDF4BE758B2F} 3: C:\Program Files\Mastercam 2027\Extensions\SQLite.Interop.dll 
1: {E3A7A159-C187-44D3-93E8-5EF961F4E0DD} 2: {36332775-59D2-434B-B74E-A1F641320882} 3: <\ServiceClient,Version="29.0.0.0",Culture="neutral",FileVersion="29.0.10172.0",ProcessorArchitecture="Amd64" 
1: {E3A7A159-C187-44D3-93E8-5EF961F4E0DD} 2: {BF1559AE-1CD4-42DF-AABD-D95CA9A2940D} 3: C:\Program Files\Mastercam 2027\Extensions\ServiceClient.dll.config 
1: {E3A7A159-C187-44D3-93E8-5EF961F4E0DD} 2: {15204EC0-145D-4E5B-87C7-570F811AB705} 3: <\SyncManager.Core,Version="29.0.0.0",Culture="neutral",FileVersion="29.0.10172.0",ProcessorArchitecture="Amd64" 
1: {E3A7A159-C187-44D3-93E8-5EF961F4E0DD} 2: {E154AE43-1B10-4026-9F8C-8A42D700B101} 3: C:\Program Files\Mastercam 2027\Extensions\SysTypes.dll 
1: {E3A7A159-C187-44D3-93E8-5EF961F4E0DD} 2: {E939CD06-462F-4756-82BE-9DA9270C9215} 3: <\System.Configuration.ConfigurationManager,Version="8.0.0.0",PublicKeyToken="CC7B13FFCD2DDD51",Culture="neutral",FileVersion="8.0.23.53103",ProcessorArchitecture="MSIL" 
1: {E3A7A159-C187-44D3-93E8-5EF961F4E0DD} 2: {A8235D3C-19B4-4DC6-8BFC-49F6137AB1DF} 3: <\System.Data.SQLite.Linq,Version="1.0.77.0",PublicKeyToken="DB937BC2D44FF139",Culture="neutral",FileVersion="1.0.77.0",ProcessorArchitecture="MSIL" 
1: {E3A7A159-C187-44D3-93E8-5EF961F4E0DD} 2: {0BA9F6CD-1C22-477A-ADB6-239DB23903BA} 3: <\System.Data.SQLite,Version="1.0.77.0",PublicKeyToken="DB937BC2D44FF139",Culture="neutral",FileVersion="1.0.77.0",ProcessorArchitecture="Amd64" 
1: {E3A7A159-C187-44D3-93E8-5EF961F4E0DD} 2: {02BE986B-7975-4AE2-81BC-73DD7B9713B7} 3: <\System.Linq.Dynamic,Version="2.1.0.0",PublicKeyToken="667E828EB982FF2D",Culture="neutral",FileVersion="2.1.0.0",ProcessorArchitecture="MSIL" 
1: {E3A7A159-C187-44D3-93E8-5EF961F4E0DD} 2: {407B82EA-BC41-4E33-A579-050A187E832F} 3: <\System.Windows.Interactivity,Version="4.5.0.0",PublicKeyToken="31BF3856AD364E35",Culture="neutral",FileVersion="3.0.40218.0",ProcessorArchitecture="MSIL" 
1: {E3A7A159-C187-44D3-93E8-5EF961F4E0DD} 2: {601B13C9-DAA1-4C66-92CF-69EB8037D5FE} 3: <\TDx.SpaceMouse.Navigation3D,Version="1.0.0.0",PublicKeyToken="D44B2A5182364560",Culture="neutral",FileVersion="1.0.0.0",ProcessorArchitecture="MSIL" 
1: {E3A7A159-C187-44D3-93E8-5EF961F4E0DD} 2: {B57FC5D2-C9BC-4FD6-822B-FB16128B9DCC} 3: <\TlCoreAPI,Version="29.0.0.0",Culture="neutral",FileVersion="29.0.10172.0",ProcessorArchitecture="Amd64" 
1: {E3A7A159-C187-44D3-93E8-5EF961F4E0DD} 2: {886D4CF3-84F1-4EEF-9652-D44F62CAE47B} 3: <\ToolManager.Core,Version="29.0.0.0",Culture="neutral",FileVersion="29.0.10172.0",ProcessorArchitecture="Amd64" 
1: {E3A7A159-C187-44D3-93E8-5EF961F4E0DD} 2: {EC913AE4-13E2-40AA-BB78-DF8570CE7941} 3: <\ToolManager.Database,Version="29.0.0.0",Culture="neutral",FileVersion="29.0.10172.0",ProcessorArchitecture="Amd64" 
1: {E3A7A159-C187-44D3-93E8-5EF961F4E0DD} 2: {9C137F9E-DF64-4E05-AF39-9232DC771798} 3: <\ToolManager.Search,Version="29.0.0.0",Culture="neutral",FileVersion="29.0.10172.0",ProcessorArchitecture="Amd64" 
1: {E3A7A159-C187-44D3-93E8-5EF961F4E0DD} 2: {8F6FD8A8-276D-4FB2-A402-9CB201FFDEBD} 3: <\ToolManager.Shared,Version="29.0.0.0",Culture="neutral",FileVersion="29.0.10172.0",ProcessorArchitecture="Amd64" 
1: {E3A7A159-C187-44D3-93E8-5EF961F4E0DD} 2: {4B9C204D-70C3-4CB2-BE0C-F790011F0EC8} 3: <\ToolManager.ToolWizard,Version="29.0.0.0",Culture="neutral",FileVersion="29.0.10172.0",ProcessorArchitecture="Amd64" 
1: {E3A7A159-C187-44D3-93E8-5EF961F4E0DD} 2: {AEB03BC4-5D60-4FA9-8870-0B934B730229} 3: <\ToolManager.Workspace,Version="29.0.0.0",Culture="neutral",FileVersion="29.0.10172.0",ProcessorArchitecture="Amd64" 
1: {E3A7A159-C187-44D3-93E8-5EF961F4E0DD} 2: {42329457-9EC9-40F1-BD7A-396F9B2C83C8} 3: <\ToolManager,Version="29.0.0.0",Culture="neutral",FileVersion="29.0.10172.0",ProcessorArchitecture="Amd64" 
1: {E3A7A159-C187-44D3-93E8-5EF961F4E0DD} 2: {5E05FCD9-57F3-49E4-A0D9-15C5B7D22031} 3: C:\Program Files\Mastercam 2027\Extensions\ToolManager.exe.config 
1: {E3A7A159-C187-44D3-93E8-5EF961F4E0DD} 2: {54665B89-6203-4A02-89D8-DB15770DE7E0} 3: <\UXSharedResources,Version="29.0.0.0",Culture="neutral",FileVersion="29.0.10172.0",ProcessorArchitecture="Amd64" 
1: {E3A7A159-C187-44D3-93E8-5EF961F4E0DD} 2: {8605C214-46E7-4D30-88BE-EE5712D9912A} 3: <\Xceed.Wpf.Controls.v4.3,Version="4.3.12074.17240",PublicKeyToken="BA83FF368B7563C6",Culture="neutral",FileVersion="4.3.12074.17240",ProcessorArchitecture="MSIL" 
1: {E3A7A159-C187-44D3-93E8-5EF961F4E0DD} 2: {9E7C0C6D-96DA-47BF-85F0-0C0B8CE50D7D} 3: <\Xceed.Wpf.DataGrid.ThemePack.1.v4.3,Version="4.3.12074.17240",PublicKeyToken="BA83FF368B7563C6",Culture="neutral",FileVersion="4.3.12074.17240",ProcessorArchitecture="MSIL" 
1: {E3A7A159-C187-44D3-93E8-5EF961F4E0DD} 2: {B2F353A9-19C4-4922-AFD4-0725ACE25F5F} 3: <\Xceed.Wpf.DataGrid.v4.3,Version="4.3.12074.17240",PublicKeyToken="BA83FF368B7563C6",Culture="neutral",FileVersion="4.3.12074.17240",ProcessorArchitecture="MSIL" 
1: {E3A7A159-C187-44D3-93E8-5EF961F4E0DD} 2: {C8009813-6BED-4F6B-AB6A-70BC67B8C84E} 3: C:\Program Files\Mastercam 2027\Extensions\gafbase.dll 
1: {E3A7A159-C187-44D3-93E8-5EF961F4E0DD} 2: {5CB18CCD-42B5-4D8E-A0AA-08F000B52172} 3: C:\Program Files\Mastercam 2027\Extensions\gafgr.dll 
1: {E3A7A159-C187-44D3-93E8-5EF961F4E0DD} 2: {9E9D983E-DA4D-45DC-BA3E-A2E4F4E294D8} 3: C:\Program Files\Mastercam 2027\Extensions\gafmt.dll 
1: {E3A7A159-C187-44D3-93E8-5EF961F4E0DD} 2: {B1084B70-2F3F-44F9-8EF5-672CBBBF536D} 3: C:\Program Files\Mastercam 2027\Extensions\gafui.dll 
1: {E3A7A159-C187-44D3-93E8-5EF961F4E0DD} 2: {68C9A520-ED88-45E0-B442-759B77B15574} 3: C:\Program Files\Mastercam 2027\Extensions\gafut.dll 
1: {E3A7A159-C187-44D3-93E8-5EF961F4E0DD} 2: {1BBB0A49-2AFD-4E74-939D-7164C3AAE467} 3: C:\Program Files\Mastercam 2027\Extensions\glew64.dll 
1: {E3A7A159-C187-44D3-93E8-5EF961F4E0DD} 2: {4F758DB9-EAA6-4103-A320-B4C5A0723D7C} 3: C:\Program Files\Mastercam 2027\glew64.dll 
1: {E3A7A159-C187-44D3-93E8-5EF961F4E0DD} 2: {84853117-342F-43E8-B95F-1DD755C83D97} 3: C:\Program Files\Mastercam 2027\apps\MCFileUpdateTracking.dll 
1: {E3A7A159-C187-44D3-93E8-5EF961F4E0DD} 2: {BE02A0C3-A1D3-4AE7-A7B1-BDF498C7DB09} 3: C:\Program Files\Mastercam 2027\apps\MP.dll 
1: {E3A7A159-C187-44D3-93E8-5EF961F4E0DD} 2: {E1177C00-E450-40D2-9674-3D1CEAB995FA} 3: C:\Program Files\Mastercam 2027\apps\McAggrHead.dll 
1: {E3A7A159-C187-44D3-93E8-5EF961F4E0DD} 2: {7FDEBAD5-3771-49DF-9AAF-170510322D7A} 3: C:\Program Files\Mastercam 2027\apps\NBM.dll 
1: {E3A7A159-C187-44D3-93E8-5EF961F4E0DD} 2: {3FB41510-2027-4D94-B34B-0AC945D1030D} 3: C:\Program Files\Mastercam 2027\apps\Nesting.dll 
1: {E3A7A159-C187-44D3-93E8-5EF961F4E0DD} 2: {4A94069D-BF7B-4E9A-B6B9-8490388A318A} 3: C:\Program Files\Mastercam 2027\apps\PickoffSetup.dll 
1: {E3A7A159-C187-44D3-93E8-5EF961F4E0DD} 2: {20311871-E628-4156-BC26-3D4D4AF1B9EA} 3: C:\Program Files\Mastercam 2027\apps\VersionChecker.dll 
1: {E3A7A159-C187-44D3-93E8-5EF961F4E0DD} 2: {6BC50A9A-3CE9-4290-9467-BC90159319D5} 3: <\ActiproSoftware.Ribbon.Wpf,Version="25.1.0.0",PublicKeyToken="36FF2196AB5654B9",Culture="neutral",FileVersion="25.1.0.0",ProcessorArchitecture="MSIL" 
1: {E3A7A159-C187-44D3-93E8-5EF961F4E0DD} 2: {A1A53183-21FF-42BF-A856-695A27B465E2} 3: <\ActiproSoftware.Shared.Wpf,Version="25.1.0.0",PublicKeyToken="36FF2196AB5654B9",Culture="neutral",FileVersion="25.1.0.0",ProcessorArchitecture="MSIL" 
1: {E3A7A159-C187-44D3-93E8-5EF961F4E0DD} 2: {F9F5ABB3-9C7D-46C3-8239-688E4C5D3805} 3: <\ActiproSoftware.SyntaxEditor.Addons.DotNet.Wpf,Version="25.1.0.0",PublicKeyToken="36FF2196AB5654B9",Culture="neutral",FileVersion="25.1.0.0",ProcessorArchitecture="MSIL" 
1: {E3A7A159-C187-44D3-93E8-5EF961F4E0DD} 2: {491C7064-A2A2-4C93-923C-342B756D3860} 3: <\ActiproSoftware.SyntaxEditor.Wpf,Version="25.1.0.0",PublicKeyToken="36FF2196AB5654B9",Culture="neutral",FileVersion="25.1.0.0",ProcessorArchitecture="MSIL" 
1: {E3A7A159-C187-44D3-93E8-5EF961F4E0DD} 2: {595FC776-87DB-437A-9BBF-A7ADB51A2DD0} 3: <\ActiproSoftware.Text.Addons.DotNet.Wpf,Version="25.1.0.0",PublicKeyToken="36FF2196AB5654B9",Culture="neutral",FileVersion="25.1.0.0",ProcessorArchitecture="MSIL" 
1: {E3A7A159-C187-44D3-93E8-5EF961F4E0DD} 2: {2B922153-20F1-4F56-8465-5514783F813D} 3: <\ActiproSoftware.Text.LLParser.Wpf,Version="25.1.0.0",PublicKeyToken="36FF2196AB5654B9",Culture="neutral",FileVersion="25.1.0.0",ProcessorArchitecture="MSIL" 
1: {E3A7A159-C187-44D3-93E8-5EF961F4E0DD} 2: {00BB0B5E-65E0-47EE-A727-76DD450B213E} 3: <\ActiproSoftware.Text.Wpf,Version="25.1.0.0",PublicKeyToken="36FF2196AB5654B9",Culture="neutral",FileVersion="25.1.0.0",ProcessorArchitecture="MSIL" 
1: {E3A7A159-C187-44D3-93E8-5EF961F4E0DD} 2: {412277C5-AA80-4909-8628-1E84AA8B62B5} 3: C:\Program Files\Mastercam 2027\chooks\Aggregat.dll 
1: {E3A7A159-C187-44D3-93E8-5EF961F4E0DD} 2: {3AC5DDDF-23A8-4C7A-BD60-BB22FE465119} 3: C:\Program Files\Mastercam 2027\chooks\Arc3D.dll 
1: {E3A7A159-C187-44D3-93E8-5EF961F4E0DD} 2: {C4CD020C-1127-49AC-BFA6-6B6249A6094D} 3: C:\Program Files\Mastercam 2027\chooks\ArcMultiEdit.dll 
1: {E3A7A159-C187-44D3-93E8-5EF961F4E0DD} 2: {38AE3DBB-20D5-4045-9C92-D05A3ED583E3} 3: C:\Program Files\Mastercam 2027\chooks\Asphere.dll 
1: {E3A7A159-C187-44D3-93E8-5EF961F4E0DD} 2: {C17B5F7F-0330-41F6-B255-7EC0A7C80D80} 3: C:\Program Files\Mastercam 2027\chooks\Bitangency.dll 
1: {E3A7A159-C187-44D3-93E8-5EF961F4E0DD} 2: {B6E3FCE2-92A6-4CD6-941D-DEB466E981E2} 3: C:\Program Files\Mastercam 2027\chooks\BlankDuplicates.dll 
1: {E3A7A159-C187-44D3-93E8-5EF961F4E0DD} 2: {D41A69E8-ABDE-4781-A433-FCE8DF532CC8} 3: C:\Program Files\Mastercam 2027\chooks\BreakCircles.dll 
1: {E3A7A159-C187-44D3-93E8-5EF961F4E0DD} 2: {11DC4F46-99E4-42B2-8872-09CBC71C5024} 3: <\C1.Zip,Version="2.0.20202.1",PublicKeyToken="79882D576C6336DA",Culture="neutral",FileVersion="2.0.20202.1",ProcessorArchitecture="MSIL" 
1: {E3A7A159-C187-44D3-93E8-5EF961F4E0DD} 2: {1DAF6B11-E9F5-4E72-A338-A96D1CB1F893} 3: C:\Program Files\Mastercam 2027\chooks\CD_Compare\CDC.dll 
1: {E3A7A159-C187-44D3-93E8-5EF961F4E0DD} 2: {5C1580BD-2279-40E5-98B1-032E7040C469} 3: C:\Program Files\Mastercam 2027\chooks\CD_Compare\CD_Compare.dll 
1: {E3A7A159-C187-44D3-93E8-5EF961F4E0DD} 2: {083D7F36-81D6-4C22-A8CD-2EFC28E5ED06} 3: C:\Program Files\Mastercam 2027\chooks\CD_Compare.ft 
1: {E3A7A159-C187-44D3-93E8-5EF961F4E0DD} 2: {F14F2115-D37F-409D-A982-FF0F2A6AA047} 3: C:\Program Files\Mastercam 2027\chooks\CheckHolder.dll 
1: {E3A7A159-C187-44D3-93E8-5EF961F4E0DD} 2: {AAAB8CB3-C338-4FAA-8747-FEEC01444650} 3: C:\Program Files\Mastercam 2027\chooks\Comp3D.dll 
1: {E3A7A159-C187-44D3-93E8-5EF961F4E0DD} 2: {F6AE5C1D-5F7E-4B22-ACDE-95C84956DCC8} 3: C:\Program Files\Mastercam 2027\chooks\ConsToSpline.dll 
1: {E3A7A159-C187-44D3-93E8-5EF961F4E0DD} 2: {C3081CDF-126C-4CC4-A426-055AC97CA1AF} 3: C:\Program Files\Mastercam 2027\chooks\CoonsSurf.dll 
1: {E3A7A159-C187-44D3-93E8-5EF961F4E0DD} 2: {EF4CD5E7-01EB-4D02-A787-5D493E2DF1F7} 3: C:\Program Files\Mastercam 2027\chooks\CreateBoundary.dll 
1: {E3A7A159-C187-44D3-93E8-5EF961F4E0DD} 2: {4514D966-5FBD-4DB0-9C8F-C6147F52A251} 3: C:\Program Files\Mastercam 2027\chooks\CreateBoundary.ft 
1: {E3A7A159-C187-44D3-93E8-5EF961F4E0DD} 2: {8705ABD0-0B45-42A9-993A-5CC6EBD3D6DF} 3: C:\Program Files\Mastercam 2027\chooks\CreateFillets.dll 
1: {E3A7A159-C187-44D3-93E8-5EF961F4E0DD} 2: {89048306-7C6D-4FFA-A5F0-B832A0DE5469} 3: C:\Program Files\Mastercam 2027\chooks\DXFRescuer.dll 
1: {E3A7A159-C187-44D3-93E8-5EF961F4E0DD} 2: {2D107BCB-A9BA-4ED6-999B-767576A550B3} 3: C:\Program Files\Mastercam 2027\chooks\ENGRAVE.FT 
1: {E3A7A159-C187-44D3-93E8-5EF961F4E0DD} 2: {D12B66A0-97EB-4A18-A6DD-E0A90F6D165E} 3: C:\Program Files\Mastercam 2027\chooks\FindOverlap.dll 
1: {E3A7A159-C187-44D3-93E8-5EF961F4E0DD} 2: {D0ADD894-0E06-4C9A-BD5D-8BC5AF76C45C} 3: C:\Program Files\Mastercam 2027\chooks\FlattenSurf.dll 
1: {E3A7A159-C187-44D3-93E8-5EF961F4E0DD} 2: {DC9F1DA2-A269-443C-AA6A-96CEA2585441} 3: C:\Program Files\Mastercam 2027\chooks\Gear.dll 
1: {E3A7A159-C187-44D3-93E8-5EF961F4E0DD} 2: {5158ED23-6B8C-42AE-B3C8-E76EC7652A17} 3: C:\Program Files\Mastercam 2027\chooks\GridPock.dll 
1: {E3A7A159-C187-44D3-93E8-5EF961F4E0DD} 2: {6B300712-33F1-46B1-8C74-E9424FB27C1E} 3: <\IPCServer,Version="29.0.0.0",Culture="neutral",FileVersion="29.0.10172.0",ProcessorArchitecture="Amd64" 
1: {E3A7A159-C187-44D3-93E8-5EF961F4E0DD} 2: {79B17288-F8FC-4277-B218-64F1CCD3B0DE} 3: C:\Program Files\Mastercam 2027\chooks\ 
1: {E3A7A159-C187-44D3-93E8-5EF961F4E0DD} 2: {B11B76AE-F61E-42FA-8EFE-D796113965D5} 3: C:\Program Files\Mastercam 2027\chooks\MCCommandFinder.dll 
1: {E3A7A159-C187-44D3-93E8-5EF961F4E0DD} 2: {F3578F8E-7818-41F2-8F5C-033209FE39C6} 3: C:\Program Files\Mastercam 2027\chooks\MCDigitize.dll 
1: {E3A7A159-C187-44D3-93E8-5EF961F4E0DD} 2: {9CBEAE34-42F6-40D4-A0EC-512B790DD372} 3: C:\Program Files\Mastercam 2027\chooks\MCNetScripting.ft 
1: {E3A7A159-C187-44D3-93E8-5EF961F4E0DD} 2: {592A7D30-07D1-42D1-B8C1-73C305047658} 3: C:\Program Files\Mastercam 2027\chooks\MC_chooks.ft 
1: {E3A7A159-C187-44D3-93E8-5EF961F4E0DD} 2: {D0B37E90-311B-42C6-B654-65C8CDEA48E5} 3: <\MD_CD_PST_Rename,Version="29.0.0.0",Culture="neutral",FileVersion="29.0.10172.0",ProcessorArchitecture="Amd64" 
1: {E3A7A159-C187-44D3-93E8-5EF961F4E0DD} 2: {FDC39F88-1FAA-425B-B239-0854D753CC0F} 3: C:\Program Files\Mastercam 2027\chooks\MD_CD_PST_Rename.ft 
1: {E3A7A159-C187-44D3-93E8-5EF961F4E0DD} 2: {E8508B1F-944C-4A84-969A-0FE2F02F2426} 3: C:\Program Files\Mastercam 2027\chooks\MD_CD_PST_Rename\MD_CD_PST_Rename_Interop.dll 
1: {E3A7A159-C187-44D3-93E8-5EF961F4E0DD} 2: {33055DBC-9D8C-45A7-864C-85D3569A2C1D} 3: C:\Program Files\Mastercam 2027\chooks\MedialAxis.dll 
1: {E3A7A159-C187-44D3-93E8-5EF961F4E0DD} 2: {CEFA2A78-84D6-4FEB-A43F-7365016A8FE8} 3: <\Microsoft.CodeAnalysis.CSharp.Scripting,Version="4.12.0.0",PublicKeyToken="31BF3856AD364E35",Culture="neutral",FileVersion="4.1200.24.57207",ProcessorArchitecture="MSIL" 
1: {E3A7A159-C187-44D3-93E8-5EF961F4E0DD} 2: {241E6ED6-0668-475A-A9F2-47E253A96087} 3: <\Microsoft.CodeAnalysis.CSharp,Version="4.12.0.0",PublicKeyToken="31BF3856AD364E35",Culture="neutral",FileVersion="4.1200.24.57207",ProcessorArchitecture="MSIL" 
1: {E3A7A159-C187-44D3-93E8-5EF961F4E0DD} 2: {5E26EF10-288C-42CC-8061-79113E376B2C} 3: <\Microsoft.CodeAnalysis.Scripting,Version="4.12.0.0",PublicKeyToken="31BF3856AD364E35",Culture="neutral",FileVersion="4.1200.24.57207",ProcessorArchitecture="MSIL" 
1: {E3A7A159-C187-44D3-93E8-5EF961F4E0DD} 2: {34A2FDC5-6524-4F2F-989B-95A3C435C52C} 3: <\Microsoft.CodeAnalysis,Version="4.12.0.0",PublicKeyToken="31BF3856AD364E35",Culture="neutral",FileVersion="4.1200.24.57207",ProcessorArchitecture="MSIL" 
1: {E3A7A159-C187-44D3-93E8-5EF961F4E0DD} 2: {F9C6C208-B6BF-4AAB-BD05-727ADC5AB2AD} 3: <\Microsoft.Extensions.Configuration.Abstractions,Version="8.0.0.0",PublicKeyToken="ADB9793829DDAE60",Culture="neutral",FileVersion="8.0.23.53103",ProcessorArchitecture="MSIL" 
1: {E3A7A159-C187-44D3-93E8-5EF961F4E0DD} 2: {8E7B4086-4483-4D5A-8CA2-2FE86E4B81C5} 3: <\Microsoft.Extensions.Configuration.FileExtensions,Version="8.0.0.0",PublicKeyToken="ADB9793829DDAE60",Culture="neutral",FileVersion="8.0.724.31311",ProcessorArchitecture="MSIL" 
1: {E3A7A159-C187-44D3-93E8-5EF961F4E0DD} 2: {1D7C3694-7C3F-4A70-9F8D-2C745879E464} 3: <\Microsoft.Extensions.Configuration.Json,Version="8.0.0.0",PublicKeyToken="ADB9793829DDAE60",Culture="neutral",FileVersion="8.0.1024.46610",ProcessorArchitecture="MSIL" 
1: {E3A7A159-C187-44D3-93E8-5EF961F4E0DD} 2: {70328FA9-1CCE-4F85-8260-03925221CE1E} 3: <\Microsoft.Extensions.Configuration,Version="8.0.0.0",PublicKeyToken="ADB9793829DDAE60",Culture="neutral",FileVersion="8.0.23.53103",ProcessorArchitecture="MSIL" 
1: {E3A7A159-C187-44D3-93E8-5EF961F4E0DD} 2: {E3397820-D0F1-47F6-9958-7C439B991A9C} 3: <\Microsoft.Extensions.DependencyInjection.Abstractions,Version="8.0.0.0",PublicKeyToken="ADB9793829DDAE60",Culture="neutral",FileVersion="8.0.1024.46610",ProcessorArchitecture="MSIL" 
1: {E3A7A159-C187-44D3-93E8-5EF961F4E0DD} 2: {51A1E823-266F-48E8-8EFE-2B1B478D6BB3} 3: <\Microsoft.Extensions.DependencyInjection.Abstractions,Version="8.0.0.0",PublicKeyToken="ADB9793829DDAE60",Culture="neutral",FileVersion="8.0.1024.46610",ProcessorArchitecture="MSIL" 
1: {E3A7A159-C187-44D3-93E8-5EF961F4E0DD} 2: {D917EA0B-AEE8-4F5E-9C1D-25E12A84E564} 3: <\Microsoft.Extensions.DependencyInjection,Version="8.0.0.0",PublicKeyToken="ADB9793829DDAE60",Culture="neutral",FileVersion="8.0.1024.46610",ProcessorArchitecture="MSIL" 
1: {E3A7A159-C187-44D3-93E8-5EF961F4E0DD} 2: {EEC68452-5C9B-4DC6-BC0F-4F781D88B27A} 3: <\Microsoft.Extensions.DependencyInjection,Version="8.0.0.0",PublicKeyToken="ADB9793829DDAE60",Culture="neutral",FileVersion="8.0.1024.46610",ProcessorArchitecture="MSIL" 
1: {E3A7A159-C187-44D3-93E8-5EF961F4E0DD} 2: {04696868-C492-4FB6-A21F-0AEE83565800} 3: <\Microsoft.Extensions.FileProviders.Abstractions,Version="8.0.0.0",PublicKeyToken="ADB9793829DDAE60",Culture="neutral",FileVersion="8.0.23.53103",ProcessorArchitecture="MSIL" 
1: {E3A7A159-C187-44D3-93E8-5EF961F4E0DD} 2: {1188010D-0A48-47B2-B2E6-74E128E7378D} 3: <\Microsoft.Extensions.FileProviders.Physical,Version="8.0.0.0",PublicKeyToken="ADB9793829DDAE60",Culture="neutral",FileVersion="8.0.23.53103",ProcessorArchitecture="MSIL" 
1: {E3A7A159-C187-44D3-93E8-5EF961F4E0DD} 2: {A33CE9F1-9158-4F48-92E7-A1E9D5A94A10} 3: <\Microsoft.Extensions.FileSystemGlobbing,Version="8.0.0.0",PublicKeyToken="ADB9793829DDAE60",Culture="neutral",FileVersion="8.0.23.53103",ProcessorArchitecture="MSIL" 
1: {E3A7A159-C187-44D3-93E8-5EF961F4E0DD} 2: {6B371AD2-04B3-4740-9613-EC50082E4C00} 3: <\Microsoft.Extensions.Primitives,Version="8.0.0.0",PublicKeyToken="ADB9793829DDAE60",Culture="neutral",FileVersion="8.0.23.53103",ProcessorArchitecture="MSIL" 
1: {E3A7A159-C187-44D3-93E8-5EF961F4E0DD} 2: {B35AC2CE-5A67-4EA2-8404-C1125CF79372} 3: <\Microsoft.Xaml.Behaviors,Version="1.1.0.0",PublicKeyToken="B03F5F7F11D50A3A",Culture="neutral",FileVersion="1.1.19.35512",ProcessorArchitecture="MSIL" 
1: {E3A7A159-C187-44D3-93E8-5EF961F4E0DD} 2: {CF67FB71-C53C-4F9B-8676-8EA7B91FCEA5} 3: <\NetScripting,Version="29.0.0.0",Culture="neutral",FileVersion="29.0.10172.0",ProcessorArchitecture="Amd64" 
1: {E3A7A159-C187-44D3-93E8-5EF961F4E0DD} 2: {C650514C-8325-47DE-A8C5-F881D4AF3169} 3: C:\Program Files\Mastercam 2027\chooks\ 
1: {E3A7A159-C187-44D3-93E8-5EF961F4E0DD} 2: {1AE9D07E-5990-40B4-BCD7-A07C9B722F5D} 3: C:\Program Files\Mastercam 2027\chooks\Pts2Arcs.dll 
1: {E3A7A159-C187-44D3-93E8-5EF961F4E0DD} 2: {A2E31200-CCBC-4D9A-A066-FA4CB261DFF0} 3: C:\Program Files\Mastercam 2027\chooks\Rast2vec.ft 
1: {E3A7A159-C187-44D3-93E8-5EF961F4E0DD} 2: {ECA7E2DF-81D4-4DB9-93AA-15480EA27D34} 3: C:\Program Files\Mastercam 2027\chooks\RestApi.ft 
1: {E3A7A159-C187-44D3-93E8-5EF961F4E0DD} 2: {FFB46394-22B8-4667-A546-F16FD2C2F21D} 3: C:\Program Files\Mastercam 2027\chooks\Rev2Rev.dll 
1: {E3A7A159-C187-44D3-93E8-5EF961F4E0DD} 2: {AEEC10CF-0524-4C96-915D-5DAEE08E2F50} 3: C:\Program Files\Mastercam 2027\chooks\ 
1: {E3A7A159-C187-44D3-93E8-5EF961F4E0DD} 2: {E2D33A79-D381-487D-92B7-CC2BC23D2D04} 3: C:\Program Files\Mastercam 2027\chooks\Rolldie.dll 
1: {E3A7A159-C187-44D3-93E8-5EF961F4E0DD} 2: {8C65D11C-8995-4A4F-B9BC-E0D10A5E338F} 3: C:\Program Files\Mastercam 2027\chooks\MCNetScripting\ 
1: {E3A7A159-C187-44D3-93E8-5EF961F4E0DD} 2: {AD73BBF1-4172-4083-9A23-5F4B8CBFD4B4} 3: C:\Program Files\Mastercam 2027\chooks\ 
1: {E3A7A159-C187-44D3-93E8-5EF961F4E0DD} 2: {51CB4269-05D1-42FB-9399-E0C8692E86C2} 3: C:\Program Files\Mastercam 2027\chooks\SectionNCI.dll 
1: {E3A7A159-C187-44D3-93E8-5EF961F4E0DD} 2: {3725A10C-061F-4B63-B61F-8CF770B9E4C0} 3: C:\Program Files\Mastercam 2027\chooks\SortCircles.dll 
1: {E3A7A159-C187-44D3-93E8-5EF961F4E0DD} 2: {0898A182-9F6E-4BC0-AF67-2D2B48934D5F} 3: C:\Program Files\Mastercam 2027\chooks\Sprocket.dll 
1: {E3A7A159-C187-44D3-93E8-5EF961F4E0DD} 2: {593749B8-2FDE-4D66-B90D-3F737BFEE359} 3: C:\Program Files\Mastercam 2027\chooks\Steadyrest.dll 
1: {E3A7A159-C187-44D3-93E8-5EF961F4E0DD} 2: {18BA880B-0599-4941-8BFB-DBA47F7D352C} 3: C:\Program Files\Mastercam 2027\chooks\Steadyrest.ft 
1: {E3A7A159-C187-44D3-93E8-5EF961F4E0DD} 2: {B3821E26-1857-4C16-8C30-251AF0D8A320} 3: C:\Program Files\Mastercam 2027\chooks\ThreadC.dll 
1: {E3A7A159-C187-44D3-93E8-5EF961F4E0DD} 2: {F2A71C52-CF4C-4912-BF55-C0343DBBFD53} 3: C:\Program Files\Mastercam 2027\chooks\UpdatePost.dll 
1: {E3A7A159-C187-44D3-93E8-5EF961F4E0DD} 2: {C8104A35-9E88-4F7F-BEAE-E0F764E5AE18} 3: C:\Program Files\Mastercam 2027\chooks\Zip2Go\Z2GData.dll 
1: {E3A7A159-C187-44D3-93E8-5EF961F4E0DD} 2: {7BC50B8A-A0CC-45CE-B13C-7BBA78F876A4} 3: C:\Program Files\Mastercam 2027\chooks\Zip2Go.FT 
1: {E3A7A159-C187-44D3-93E8-5EF961F4E0DD} 2: {F257D126-3C56-4509-A5BB-881A6CA0B0C9} 3: <\Zip2Go,Version="29.0.0.0",Culture="neutral",FileVersion="29.0.10172.0",ProcessorArchitecture="Amd64" 
1: {E3A7A159-C187-44D3-93E8-5EF961F4E0DD} 2: {F34D6F4E-A21B-4195-ACBC-2F787724E6E4} 3: C:\Program Files\Mastercam 2027\chooks\3DAnnotationFinder.dll 
1: {E3A7A159-C187-44D3-93E8-5EF961F4E0DD} 2: {8820B23E-BDBC-416B-B14D-5ADAA789445C} 3: C:\Program Files\Mastercam 2027\chooks\ 
1: {E3A7A159-C187-44D3-93E8-5EF961F4E0DD} 2: {BAACAA3C-8A95-4AF9-9F12-9358991017E7} 3: C:\Program Files\Mastercam 2027\chooks\5axmsurf.ft 
1: {E3A7A159-C187-44D3-93E8-5EF961F4E0DD} 2: {BF684EAA-CDA2-4280-9A3F-823AA73CF910} 3: C:\Program Files\Mastercam 2027\chooks\5xUtility.ft 
1: {E3A7A159-C187-44D3-93E8-5EF961F4E0DD} 2: {B628AFD8-E326-45FE-BCDA-F8ECE9B38AFD} 3: C:\Program Files\Mastercam 2027\chooks\agiereg.dll 
1: {E3A7A159-C187-44D3-93E8-5EF961F4E0DD} 2: {ED29EBDC-5969-464F-A5D6-7A54AF9DA5D7} 3: C:\Program Files\Mastercam 2027\chooks\CVIEW.mcam 
1: {E3A7A159-C187-44D3-93E8-5EF961F4E0DD} 2: {57E0EF62-4ECD-486A-BD8C-A2C075F65119} 3: C:\Program Files\Mastercam 2027\chooks\fplot.dll 
1: {E3A7A159-C187-44D3-93E8-5EF961F4E0DD} 2: {63D922EA-3439-441D-BD5E-089BF39165FD} 3: C:\Program Files\Mastercam 2027\chooks\machsim.ft 
1: {E3A7A159-C187-44D3-93E8-5EF961F4E0DD} 2: {2863E968-18CD-4B81-A36C-18C094F94956} 3: C:\Program Files\Mastercam 2027\chooks\map.dll 
1: {E3A7A159-C187-44D3-93E8-5EF961F4E0DD} 2: {9EF68569-CB90-45B7-953F-57A989EF85D5} 3: C:\Program Files\Mastercam 2027\chooks\metafile.dll 
1: {E3A7A159-C187-44D3-93E8-5EF961F4E0DD} 2: {314343CF-1ABD-4F53-9030-C2EA41BE4D44} 3: C:\Program Files\Mastercam 2027\chooks\mpbin.dll 
1: {E3A7A159-C187-44D3-93E8-5EF961F4E0DD} 2: {7FFC2522-6CBB-45F1-B78A-650D5A5C1D05} 3: C:\Program Files\Mastercam 2027\chooks\prob2spl.dll 
1: {E3A7A159-C187-44D3-93E8-5EF961F4E0DD} 2: {3588E90E-725B-4438-8DB2-BDE5B149EC95} 3: C:\Program Files\Mastercam 2027\chooks\txtchain.dll 
1: {E3A7A159-C187-44D3-93E8-5EF961F4E0DD} 2: {79B3E9D8-D265-4C0B-9056-582D2EBD9803} 3: C:\Program Files\Mastercam 2027\chooks\txtchain.ft 
1: {E3A7A159-C187-44D3-93E8-5EF961F4E0DD} 2: {92E8FBCC-2E9F-4E55-BF74-92F37CD38732} 3: C:\Program Files\Mastercam 2027\chooks\vHelix.dll 
1: {E3A7A159-C187-44D3-93E8-5EF961F4E0DD} 2: {C5B50EC6-820B-4CD2-95E1-3ACCB8A43A23} 3: C:\Program Files\Mastercam 2027\chooks\zSpiral.dll 
1: {E3A7A159-C187-44D3-93E8-5EF961F4E0DD} 2: {29AECBEB-C204-4875-97CC-3D267829BEB0} 3: C:\Program Files\Mastercam 2027\importexport\MCDatakit.dll 
1: {E3A7A159-C187-44D3-93E8-5EF961F4E0DD} 2: {40EB69EC-7C38-4EF4-B886-95FF29B8FE86} 3: C:\Program Files\Mastercam 2027\importexport\MCGDML.dll 
1: {E3A7A159-C187-44D3-93E8-5EF961F4E0DD} 2: {458E83F1-9067-4328-AD06-17829283D1D8} 3: C:\Program Files\Mastercam 2027\importexport\MCIGES.dll 
1: {E3A7A159-C187-44D3-93E8-5EF961F4E0DD} 2: {1F1B7564-8F43-4AD3-A523-726847A20263} 3: C:\Program Files\Mastercam 2027\importexport\MCParasolid.dll 
1: {E3A7A159-C187-44D3-93E8-5EF961F4E0DD} 2: {27AC922D-4B07-4D87-981B-5B483CDDE280} 3: C:\Program Files\Mastercam 2027\importexport\MCSketchUp.DLL 
1: {E3A7A159-C187-44D3-93E8-5EF961F4E0DD} 2: {70DC1285-4B6B-47ED-9CF7-4FA783FEA26B} 3: C:\Program Files\Mastercam 2027\importexport\MCStl.dll 
1: {E3A7A159-C187-44D3-93E8-5EF961F4E0DD} 2: {2EEB990F-04CD-47A1-ADB6-471345B02A5B} 3: C:\Program Files\Mastercam 2027\importexport\MCToolStep.dll 
1: {E3A7A159-C187-44D3-93E8-5EF961F4E0DD} 2: {A337D7F0-D2EE-49D6-899B-E154D1E72549} 3: C:\Program Files\Mastercam 2027\importexport\MCVda.dll 
1: {E3A7A159-C187-44D3-93E8-5EF961F4E0DD} 2: {BC781655-AF69-429D-B6A5-2C947C429BB1} 3: C:\Program Files\Mastercam 2027\importexport\McAutoCAD.dll 
1: {E3A7A159-C187-44D3-93E8-5EF961F4E0DD} 2: {ED658EEA-B369-465A-AFAC-B5B5CF2754D6} 3: C:\Program Files\Mastercam 2027\importexport\mc3mf.dll 
1: {E3A7A159-C187-44D3-93E8-5EF961F4E0DD} 2: {6AAFDC3E-1659-424E-B6EA-9C1EA111641A} 3: C:\Program Files\Mastercam 2027\importexport\mcascii.dll 
1: {E3A7A159-C187-44D3-93E8-5EF961F4E0DD} 2: {79F99139-2224-4977-BA3B-D82892BB4B6A} 3: C:\Program Files\Mastercam 2027\importexport\mccadl.dll 
1: {E3A7A159-C187-44D3-93E8-5EF961F4E0DD} 2: {7138240C-B2B5-415C-A95E-382BABD2D4CF} 3: C:\Program Files\Mastercam 2027\importexport\mceps.dll 
1: {E3A7A159-C187-44D3-93E8-5EF961F4E0DD} 2: {44E4B165-B81C-49BC-B086-3C88AA8DC349} 3: C:\Program Files\Mastercam 2027\importexport\mchpgl.dll 
1: {E3A7A159-C187-44D3-93E8-5EF961F4E0DD} 2: {3D70AAD1-55B9-4247-A867-F5E5B9171355} 3: C:\Program Files\Mastercam 2027\importexport\mcrhino.dll 
1: {E3A7A159-C187-44D3-93E8-5EF961F4E0DD} 2: {A547796A-C9E8-424B-86A0-C9E2B00A17EA} 3: <\ActiproSoftware.DataGrid.Contrib.Wpf,Version="25.1.0.0",PublicKeyToken="36FF2196AB5654B9",Culture="neutral",FileVersion="25.1.0.0",ProcessorArchitecture="MSIL" 
1: {E3A7A159-C187-44D3-93E8-5EF961F4E0DD} 2: {6D52876D-8F97-4AD8-9FF3-5B1F77414837} 3: <\ActiproSoftware.Editors.Wpf,Version="25.1.0.0",PublicKeyToken="36FF2196AB5654B9",Culture="neutral",FileVersion="25.1.0.0",ProcessorArchitecture="MSIL" 
1: {E3A7A159-C187-44D3-93E8-5EF961F4E0DD} 2: {CD6B0A25-776B-4239-99AB-0CDAF57F95A8} 3: <\ActiproSoftware.Gauge.Wpf,Version="25.1.0.0",PublicKeyToken="36FF2196AB5654B9",Culture="neutral",FileVersion="25.1.0.0",ProcessorArchitecture="MSIL" 
1: {E3A7A159-C187-44D3-93E8-5EF961F4E0DD} 2: {A7D11F45-B36B-41AD-8F48-DCA562555296} 3: <\ActiproSoftware.Grids.Wpf,Version="25.1.0.0",PublicKeyToken="36FF2196AB5654B9",Culture="neutral",FileVersion="25.1.0.0",ProcessorArchitecture="MSIL" 
1: {E3A7A159-C187-44D3-93E8-5EF961F4E0DD} 2: {5C976B85-A1A7-4A9B-ACD6-E31CDA7D666F} 3: <\ActiproSoftware.Ribbon.Wpf,Version="25.1.0.0",PublicKeyToken="36FF2196AB5654B9",Culture="neutral",FileVersion="25.1.0.0",ProcessorArchitecture="MSIL" 
1: {E3A7A159-C187-44D3-93E8-5EF961F4E0DD} 2: {E700E4A2-8768-4DD5-A6E1-65E394941BBE} 3: <\ActiproSoftware.Shared.Wpf,Version="25.1.0.0",PublicKeyToken="36FF2196AB5654B9",Culture="neutral",FileVersion="25.1.0.0",ProcessorArchitecture="MSIL" 
1: {E3A7A159-C187-44D3-93E8-5EF961F4E0DD} 2: {8CB63791-A789-4BEC-A1D6-E25E78CD5E84} 3: <\ActiproSoftware.Wizard.Wpf,Version="25.1.0.0",PublicKeyToken="36FF2196AB5654B9",Culture="neutral",FileVersion="25.1.0.0",ProcessorArchitecture="MSIL" 
1: {E3A7A159-C187-44D3-93E8-5EF961F4E0DD} 2: {8C19A7BF-706B-498F-98BC-7FC2E3F3155C} 3: <\CNCSoftware.Controls,Version="29.0.0.0",Culture="neutral",FileVersion="29.0.10172.0",ProcessorArchitecture="Amd64" 
1: {E3A7A159-C187-44D3-93E8-5EF961F4E0DD} 2: {0B295BED-E648-4570-A464-9B6A0C9BBC26} 3: <\CNCSoftware.MVVM,Version="29.0.0.0",Culture="neutral",FileVersion="29.0.10172.0",ProcessorArchitecture="Amd64" 
1: {E3A7A159-C187-44D3-93E8-5EF961F4E0DD} 2: {E555C683-7D6E-4070-A619-CEC261EF6C8A} 3: <\Cnc.ActiproLicensing.Wpf,Version="1.0.0.0",Culture="neutral",FileVersion="1.0.0.0",ProcessorArchitecture="MSIL" 
1: {E3A7A159-C187-44D3-93E8-5EF961F4E0DD} 2: {3E1A5C7F-73F7-499A-8635-0CCE934D2DB6} 3: <\Cnc.Localization.Wpf,Version="29.0.0.0",Culture="neutral",FileVersion="29.0.10172.0",ProcessorArchitecture="Amd64" 
1: {E3A7A159-C187-44D3-93E8-5EF961F4E0DD} 2: {C2238B5F-D453-48BE-BE12-A4A60B0D1573} 3: <\JobSetup.Controllers,Version="29.0.0.0",Culture="neutral",FileVersion="29.0.10172.0",ProcessorArchitecture="Amd64" 
1: {E3A7A159-C187-44D3-93E8-5EF961F4E0DD} 2: {8E4684D2-661B-4C07-AE5E-DCC57B502C1D} 3: C:\Program Files\Mastercam 2027\ManagedUI\JobSetup.Controllers.runtimeconfig.json 
1: {E3A7A159-C187-44D3-93E8-5EF961F4E0DD} 2: {EB0477E1-B211-41E5-B39D-411196A83DC7} 3: <\JobSetup.UI,Version="29.0.0.0",Culture="neutral",FileVersion="29.0.10172.0",ProcessorArchitecture="Amd64" 
1: {E3A7A159-C187-44D3-93E8-5EF961F4E0DD} 2: {CCF2B274-CD26-4F0C-9D3E-BF924745F02F} 3: <\JobSetup.ViewModels,Version="29.0.0.0",Culture="neutral",FileVersion="29.0.10172.0",ProcessorArchitecture="Amd64" 
1: {E3A7A159-C187-44D3-93E8-5EF961F4E0DD} 2: {AF99FFED-77B3-4204-A69A-6824AB18861E} 3: C:\Program Files\Mastercam 2027\ManagedUI\JobSetup.ViewModels.runtimeconfig.json 
1: {E3A7A159-C187-44D3-93E8-5EF961F4E0DD} 2: {BC95183D-36E9-4D14-89B2-884061928613} 3: <\MCCAD.Controllers,Version="29.0.0.0",Culture="neutral",FileVersion="29.0.10172.0",ProcessorArchitecture="Amd64" 
1: {E3A7A159-C187-44D3-93E8-5EF961F4E0DD} 2: {A981B4D1-9C2B-4980-8897-7CF51000735E} 3: C:\Program Files\Mastercam 2027\ManagedUI\MCCAD.Controllers.runtimeconfig.json 
1: {E3A7A159-C187-44D3-93E8-5EF961F4E0DD} 2: {E7FE821A-98F8-469B-AF87-43DC6DE3041E} 3: <\MCCAD.UI,Version="29.0.0.0",Culture="neutral",FileVersion="29.0.10172.0",ProcessorArchitecture="Amd64" 
1: {E3A7A159-C187-44D3-93E8-5EF961F4E0DD} 2: {8F2266E4-BC5B-4A4C-92DF-64D6F6284532} 3: <\MCCAD.ViewModels,Version="29.0.0.0",Culture="neutral",FileVersion="29.0.10172.0",ProcessorArchitecture="Amd64" 
1: {E3A7A159-C187-44D3-93E8-5EF961F4E0DD} 2: {B5B78A57-D8F9-4DB2-ABF1-C6326D3F63D6} 3: C:\Program Files\Mastercam 2027\ManagedUI\MCCAD.ViewModels.runtimeconfig.json 
1: {E3A7A159-C187-44D3-93E8-5EF961F4E0DD} 2: {7B9B6637-8548-4865-BD1D-DD78B8FA89E8} 3: <\MCCADUtil.Controllers,Version="29.0.0.0",Culture="neutral",FileVersion="29.0.10172.0",ProcessorArchitecture="Amd64" 
1: {E3A7A159-C187-44D3-93E8-5EF961F4E0DD} 2: {5E3F0DC5-2CEA-4998-A873-A9130110678D} 3: C:\Program Files\Mastercam 2027\ManagedUI\MCCADUtil.Controllers.runtimeconfig.json 
1: {E3A7A159-C187-44D3-93E8-5EF961F4E0DD} 2: {8C359E23-E4E5-48BD-81AA-17230D9D58F6} 3: <\MCCADUtil.UI,Version="29.0.0.0",Culture="neutral",FileVersion="29.0.10172.0",ProcessorArchitecture="Amd64" 
1: {E3A7A159-C187-44D3-93E8-5EF961F4E0DD} 2: {354CE9D0-607E-4A8F-BE72-1ABAD21A69D1} 3: <\MCCADUtil.ViewModels,Version="29.0.0.0",Culture="neutral",FileVersion="29.0.10172.0",ProcessorArchitecture="Amd64" 
1: {E3A7A159-C187-44D3-93E8-5EF961F4E0DD} 2: {763B5DEF-B530-4682-A1F7-70E29A9A4449} 3: C:\Program Files\Mastercam 2027\ManagedUI\MCCADUtil.ViewModels.runtimeconfig.json 
1: {E3A7A159-C187-44D3-93E8-5EF961F4E0DD} 2: {FD98A732-18E4-44C9-BBF5-5DDFA635A837} 3: <\MCCore.Controllers,Version="29.0.0.0",Culture="neutral",FileVersion="29.0.10172.0",ProcessorArchitecture="Amd64" 
1: {E3A7A159-C187-44D3-93E8-5EF961F4E0DD} 2: {BCE5CB5F-AF90-4489-A180-9DB56E2B17D6} 3: C:\Program Files\Mastercam 2027\ManagedUI\MCCore.Controllers.runtimeconfig.json 
1: {E3A7A159-C187-44D3-93E8-5EF961F4E0DD} 2: {F7206F0E-CEE0-411C-9D4B-C660849B259C} 3: <\MCCore.UI,Version="29.0.0.0",Culture="neutral",FileVersion="29.0.10172.0",ProcessorArchitecture="Amd64" 
1: {E3A7A159-C187-44D3-93E8-5EF961F4E0DD} 2: {93DD1A00-18EA-46BA-9660-29BB47BC6A06} 3: <\MCCore.ViewModels,Version="29.0.0.0",Culture="neutral",FileVersion="29.0.10172.0",ProcessorArchitecture="Amd64" 
1: {E3A7A159-C187-44D3-93E8-5EF961F4E0DD} 2: {BE64AEE0-170F-4104-9EF8-6039E2BC6BBF} 3: C:\Program Files\Mastercam 2027\ManagedUI\MCCore.ViewModels.runtimeconfig.json 
1: {E3A7A159-C187-44D3-93E8-5EF961F4E0DD} 2: {82B34021-3EE8-4CFB-9569-7C6FA4BBB096} 3: <\MCCoreBase.Controllers,Version="29.0.0.0",Culture="neutral",FileVersion="29.0.10172.0",ProcessorArchitecture="Amd64" 
1: {E3A7A159-C187-44D3-93E8-5EF961F4E0DD} 2: {D379FA0D-3410-4F96-A6A0-7151FF217E05} 3: C:\Program Files\Mastercam 2027\ManagedUI\MCCoreBase.Controllers.runtimeconfig.json 
1: {E3A7A159-C187-44D3-93E8-5EF961F4E0DD} 2: {53E0FAA1-B0F2-45D1-A889-825B73257C7C} 3: <\MCCoreBase.UI,Version="29.0.0.0",Culture="neutral",FileVersion="29.0.10172.0",ProcessorArchitecture="Amd64" 
1: {E3A7A159-C187-44D3-93E8-5EF961F4E0DD} 2: {89D9C315-E45C-4E86-8505-1F7C8760EF56} 3: <\MCCoreBase.ViewModels,Version="29.0.0.0",Culture="neutral",FileVersion="29.0.10172.0",ProcessorArchitecture="Amd64" 
1: {E3A7A159-C187-44D3-93E8-5EF961F4E0DD} 2: {F55A33E9-168E-4F9B-890A-55C6AF3F4B6B} 3: C:\Program Files\Mastercam 2027\ManagedUI\MCCoreBase.ViewModels.runtimeconfig.json 
1: {E3A7A159-C187-44D3-93E8-5EF961F4E0DD} 2: {4310270A-3A09-4138-B83E-9D2EB423201D} 3: <\MCGeomSld.Controllers,Version="29.0.0.0",Culture="neutral",FileVersion="29.0.10172.0",ProcessorArchitecture="Amd64" 
1: {E3A7A159-C187-44D3-93E8-5EF961F4E0DD} 2: {857835E3-2733-42C5-A53F-ABDF40681D66} 3: C:\Program Files\Mastercam 2027\ManagedUI\MCGeomSld.Controllers.runtimeconfig.json 
1: {E3A7A159-C187-44D3-93E8-5EF961F4E0DD} 2: {72E62D30-68EC-4978-A012-E128E19ACCD7} 3: <\MCGeomSld.UI,Version="29.0.0.0",Culture="neutral",FileVersion="29.0.10172.0",ProcessorArchitecture="Amd64" 
1: {E3A7A159-C187-44D3-93E8-5EF961F4E0DD} 2: {4C25C11A-C57B-45DB-AE3C-D0BE1C46F615} 3: <\MCGeomSld.ViewModels,Version="29.0.0.0",Culture="neutral",FileVersion="29.0.10172.0",ProcessorArchitecture="Amd64" 
1: {E3A7A159-C187-44D3-93E8-5EF961F4E0DD} 2: {49D774F9-B495-430F-A8B0-43117412614B} 3: C:\Program Files\Mastercam 2027\ManagedUI\MCGeomSld.ViewModels.runtimeconfig.json 
1: {E3A7A159-C187-44D3-93E8-5EF961F4E0DD} 2: {6586BBA5-3F6A-4D25-833D-C7AEDD871152} 3: <\MCLathe.Controllers,Version="29.0.0.0",Culture="neutral",FileVersion="29.0.10172.0",ProcessorArchitecture="Amd64" 
1: {E3A7A159-C187-44D3-93E8-5EF961F4E0DD} 2: {E368B719-868B-4D4D-8B64-B2E9C4177D5E} 3: C:\Program Files\Mastercam 2027\ManagedUI\MCLathe.Controllers.runtimeconfig.json 
1: {E3A7A159-C187-44D3-93E8-5EF961F4E0DD} 2: {0F2B357B-0C6E-42DD-9137-20DE812FBB92} 3: <\MCLathe.UI,Version="29.0.0.0",Culture="neutral",FileVersion="29.0.10172.0",ProcessorArchitecture="Amd64" 
1: {E3A7A159-C187-44D3-93E8-5EF961F4E0DD} 2: {54DF9AB3-924A-4928-A26B-FD41E72B5D33} 3: <\MCLathe.ViewModels,Version="29.0.0.0",Culture="neutral",FileVersion="29.0.10172.0",ProcessorArchitecture="Amd64" 
1: {E3A7A159-C187-44D3-93E8-5EF961F4E0DD} 2: {DA5220AC-E7AD-49A2-84C0-AB0444D688EC} 3: C:\Program Files\Mastercam 2027\ManagedUI\MCLathe.ViewModels.runtimeconfig.json 
1: {E3A7A159-C187-44D3-93E8-5EF961F4E0DD} 2: {63D1728C-8D0F-405D-ADC1-3F459F2CE3B4} 3: <\MCMSurf.Controllers,Version="29.0.0.0",Culture="neutral",FileVersion="29.0.10172.0",ProcessorArchitecture="Amd64" 
1: {E3A7A159-C187-44D3-93E8-5EF961F4E0DD} 2: {1FD6758A-CD34-4FE8-8802-7AEE8414ADFB} 3: C:\Program Files\Mastercam 2027\ManagedUI\MCMSurf.Controllers.runtimeconfig.json 
1: {E3A7A159-C187-44D3-93E8-5EF961F4E0DD} 2: {F6F0403B-6C09-42D9-8A14-AC21317E68C5} 3: <\MCMSurf.UI,Version="29.0.0.0",Culture="neutral",FileVersion="29.0.10172.0",ProcessorArchitecture="Amd64" 
1: {E3A7A159-C187-44D3-93E8-5EF961F4E0DD} 2: {10EDF00B-B4BB-4976-A0F6-F1BCA562D4DF} 3: <\MCMSurf.ViewModels,Version="29.0.0.0",Culture="neutral",FileVersion="29.0.10172.0",ProcessorArchitecture="Amd64" 
1: {E3A7A159-C187-44D3-93E8-5EF961F4E0DD} 2: {EB53D178-EC1E-48ED-B4F8-49993FFD9017} 3: C:\Program Files\Mastercam 2027\ManagedUI\MCMSurf.ViewModels.runtimeconfig.json 
1: {E3A7A159-C187-44D3-93E8-5EF961F4E0DD} 2: {8DE8F316-15D5-4EE8-9AF8-AD2DDEDED071} 3: <\MCMachineDef.Controllers,Version="29.0.0.0",Culture="neutral",FileVersion="29.0.10172.0",ProcessorArchitecture="Amd64" 
1: {E3A7A159-C187-44D3-93E8-5EF961F4E0DD} 2: {495B1F66-3DB2-40BE-B7C0-A18593D05BF0} 3: C:\Program Files\Mastercam 2027\ManagedUI\MCMachineDef.Controllers.runtimeconfig.json 
1: {E3A7A159-C187-44D3-93E8-5EF961F4E0DD} 2: {93B21A8C-1DA0-43F6-A056-3D7131139CE3} 3: <\MCMachineDef.UI,Version="29.0.0.0",Culture="neutral",FileVersion="29.0.10172.0",ProcessorArchitecture="Amd64" 
1: {E3A7A159-C187-44D3-93E8-5EF961F4E0DD} 2: {4E0E2178-6C56-4957-BE15-2A281374888D} 3: <\MCMachineDef.ViewModels,Version="29.0.0.0",Culture="neutral",FileVersion="29.0.10172.0",ProcessorArchitecture="Amd64" 
1: {E3A7A159-C187-44D3-93E8-5EF961F4E0DD} 2: {3AC4CCBC-F986-4506-B225-5F4703958EC9} 3: C:\Program Files\Mastercam 2027\ManagedUI\MCMachineDef.ViewModels.runtimeconfig.json 
1: {E3A7A159-C187-44D3-93E8-5EF961F4E0DD} 2: {D4B2EB40-FF54-40FA-8DF1-3A688CC29F50} 3: <\MCMill.Controllers,Version="29.0.0.0",Culture="neutral",FileVersion="29.0.10172.0",ProcessorArchitecture="Amd64" 
1: {E3A7A159-C187-44D3-93E8-5EF961F4E0DD} 2: {75BE514B-DE7C-4BBC-B4B8-A73F67ECC2F9} 3: C:\Program Files\Mastercam 2027\ManagedUI\MCMill.Controllers.runtimeconfig.json 
1: {E3A7A159-C187-44D3-93E8-5EF961F4E0DD} 2: {13830E98-45CE-45FB-91AA-CFE469B16B37} 3: <\MCMill.UI,Version="29.0.0.0",Culture="neutral",FileVersion="29.0.10172.0",ProcessorArchitecture="Amd64" 
1: {E3A7A159-C187-44D3-93E8-5EF961F4E0DD} 2: {EA5E8918-85A3-4CD6-AD5E-DEE5E1A75146} 3: <\MCMill.ViewModels,Version="29.0.0.0",Culture="neutral",FileVersion="29.0.10172.0",ProcessorArchitecture="Amd64" 
1: {E3A7A159-C187-44D3-93E8-5EF961F4E0DD} 2: {D57FE4EF-EDE6-4EC1-A4C0-DA01BD576001} 3: C:\Program Files\Mastercam 2027\ManagedUI\MCMill.ViewModels.runtimeconfig.json 
1: {E3A7A159-C187-44D3-93E8-5EF961F4E0DD} 2: {0BE6034B-455D-45CF-AD7A-F489FDA3F4A4} 3: <\MCTool.Controllers,Version="29.0.0.0",Culture="neutral",FileVersion="29.0.10172.0",ProcessorArchitecture="Amd64" 
1: {E3A7A159-C187-44D3-93E8-5EF961F4E0DD} 2: {7283BEBA-DABD-4874-9FF6-406644D3B160} 3: C:\Program Files\Mastercam 2027\ManagedUI\MCTool.Controllers.runtimeconfig.json 
1: {E3A7A159-C187-44D3-93E8-5EF961F4E0DD} 2: {849F0867-DD29-429E-ADD4-0328F08C83FA} 3: <\MCTool.UI,Version="29.0.0.0",Culture="neutral",FileVersion="29.0.10172.0",ProcessorArchitecture="Amd64" 
1: {E3A7A159-C187-44D3-93E8-5EF961F4E0DD} 2: {B8AA1630-217B-4338-BEE6-DFB75B66F813} 3: <\MCTool.ViewModels,Version="29.0.0.0",Culture="neutral",FileVersion="29.0.10172.0",ProcessorArchitecture="Amd64" 
1: {E3A7A159-C187-44D3-93E8-5EF961F4E0DD} 2: {5E147B49-37B5-4E70-B31F-51D1FAE3E04B} 3: C:\Program Files\Mastercam 2027\ManagedUI\MCTool.ViewModels.runtimeconfig.json 
1: {E3A7A159-C187-44D3-93E8-5EF961F4E0DD} 2: {12D313B4-2033-40B9-B5CA-E0C75F88CAE5} 3: <\ManagedUI.Controllers,Version="29.0.0.0",Culture="neutral",FileVersion="29.0.10172.0",ProcessorArchitecture="Amd64" 
1: {E3A7A159-C187-44D3-93E8-5EF961F4E0DD} 2: {428A34B8-BB85-4F52-8AE8-DDD773D3B848} 3: C:\Program Files\Mastercam 2027\ManagedUI\ManagedUI.Controllers.runtimeconfig.json 
1: {E3A7A159-C187-44D3-93E8-5EF961F4E0DD} 2: {F6C114A3-0822-44A2-A504-971265AA7D4F} 3: <\ManagedUI.Interop,Version="29.0.0.0",Culture="neutral",FileVersion="29.0.10172.0",ProcessorArchitecture="Amd64" 
1: {E3A7A159-C187-44D3-93E8-5EF961F4E0DD} 2: {11B89729-5A74-4BC0-8C0C-4D534C28F985} 3: C:\Program Files\Mastercam 2027\ManagedUI\ManagedUI.Interop.runtimeconfig.json 
1: {E3A7A159-C187-44D3-93E8-5EF961F4E0DD} 2: {864232E6-317A-4615-9EFD-E15B9EE2BE9B} 3: <\ManagedUI.MyMastercam,Version="29.0.0.0",Culture="neutral",FileVersion="29.0.10172.0",ProcessorArchitecture="MSIL" 
1: {E3A7A159-C187-44D3-93E8-5EF961F4E0DD} 2: {39BDB1FA-C310-40C8-8CD9-9D751706539A} 3: <\ManagedUI.Shared,Version="29.0.0.0",Culture="neutral",FileVersion="29.0.10172.0",ProcessorArchitecture="Amd64" 
1: {E3A7A159-C187-44D3-93E8-5EF961F4E0DD} 2: {EEFE84EA-AFC2-4D5E-9CE8-6177713ACDAC} 3: <\Microsoft.ApplicationInsights,Version="2.22.0.997",PublicKeyToken="31BF3856AD364E35",Culture="neutral",FileVersion="2.22.0.997",ProcessorArchitecture="MSIL" 
1: {E3A7A159-C187-44D3-93E8-5EF961F4E0DD} 2: {00782B0E-3E9C-4786-AADD-250F59EACA15} 3: <\Microsoft.Extensions.DependencyInjection.Abstractions,Version="8.0.0.0",PublicKeyToken="ADB9793829DDAE60",Culture="neutral",FileVersion="8.0.1024.46610",ProcessorArchitecture="MSIL" 
1: {E3A7A159-C187-44D3-93E8-5EF961F4E0DD} 2: {D0B0D562-5D83-4165-B1EA-8F0A82237DF6} 3: <\Microsoft.Extensions.Logging.Abstractions,Version="8.0.0.0",PublicKeyToken="ADB9793829DDAE60",Culture="neutral",FileVersion="8.0.1024.46610",ProcessorArchitecture="MSIL" 
1: {E3A7A159-C187-44D3-93E8-5EF961F4E0DD} 2: {AAD20E69-9040-4841-801F-2E4E26A96220} 3: <\Microsoft.Web.WebView2.Core,Version="1.0.2849.39",PublicKeyToken="2A8AB48044D2601E",Culture="neutral",FileVersion="1.0.2849.39",ProcessorArchitecture="MSIL" 
1: {E3A7A159-C187-44D3-93E8-5EF961F4E0DD} 2: {76673370-5A48-4234-89D0-BB6D12A76884} 3: <\Microsoft.Web.WebView2.Wpf,Version="1.0.2849.39",PublicKeyToken="2A8AB48044D2601E",Culture="neutral",FileVersion="1.0.2849.39",ProcessorArchitecture="MSIL" 
1: {E3A7A159-C187-44D3-93E8-5EF961F4E0DD} 2: {4D394C77-D722-47C4-A63D-3B9C29601E8D} 3: <\Newtonsoft.Json,Version="13.0.0.0",PublicKeyToken="30AD4FE6B2A6AEED",Culture="neutral",FileVersion="13.0.1.25517",ProcessorArchitecture="MSIL" 
1: {E3A7A159-C187-44D3-93E8-5EF961F4E0DD} 2: {297ECD65-2408-40AE-86C5-9ED13D11CE12} 3: C:\Program Files\Mastercam 2027\ManagedUI\WebView2Loader.dll 
1: {E3A7A159-C187-44D3-93E8-5EF961F4E0DD} 2: {630A0323-1DE5-4252-8D56-6DC04E1343F6} 3: <\XamlAnimatedGif,Version="2.0.0.0",PublicKeyToken="20A987D8023D9690",Culture="neutral",FileVersion="2.3.1.0",ProcessorArchitecture="MSIL" 
1: {E3A7A159-C187-44D3-93E8-5EF961F4E0DD} 2: {2909D058-F1C0-45C2-AA6B-8D64BB1A1307} 3: C:\Program Files\Mastercam 2027\FreeImage.dll 
1: {E3A7A159-C187-44D3-93E8-5EF961F4E0DD} 2: {D64FB297-9CC8-453E-BD0B-4E8FAC0D1371} 3: C:\Program Files\Mastercam 2027\LibFits.dll 
1: {E3A7A159-C187-44D3-93E8-5EF961F4E0DD} 2: {D02BC982-10AA-4659-A50E-159177F0E6D7} 3: C:\Program Files\Mastercam 2027\chooks\PowerSurface\PowerSurf.dll 
1: {E3A7A159-C187-44D3-93E8-5EF961F4E0DD} 2: {68F2406A-34D3-4A53-88CF-C1B0ABD4B945} 3: C:\Program Files\Mastercam 2027\VBSpline.dll 
1: {E3A7A159-C187-44D3-93E8-5EF961F4E0DD} 2: {F2E11C93-42C4-4953-8C97-46D3BECB6AFA} 3: C:\Program Files\Mastercam 2027\VSMathUtil.dll 
1: {E3A7A159-C187-44D3-93E8-5EF961F4E0DD} 2: {BD7F5DE1-CB84-4378-8EB0-EA5B4371CD77} 3: C:\Program Files\Mastercam 2027\chooks\PowerSurface\Styles\VisualStudio2015.dll 
1: {E3A7A159-C187-44D3-93E8-5EF961F4E0DD} 2: {943E37BA-08B0-472D-9B11-55C323A89AE0} 3: C:\Program Files\Mastercam 2027\chooks\PowerSurface\2VScene.dll 
1: {E3A7A159-C187-44D3-93E8-5EF961F4E0DD} 2: {12AA35A4-AAAA-47D9-B9E7-374D38C43734} 3: C:\Program Files\Mastercam 2027\chooks\PowerSurface\1Verisurf.dll 
1: {E3A7A159-C187-44D3-93E8-5EF961F4E0DD} 2: {85B3839C-CEA2-4F57-B14E-BDBCDE8E318D} 3: C:\Program Files\Mastercam 2027\boost_chrono-vc140-mt-1_63.dll 
1: {E3A7A159-C187-44D3-93E8-5EF961F4E0DD} 2: {B96ADB90-9D3F-4812-B52A-37CD8DE8158F} 3: C:\Program Files\Mastercam 2027\boost_system-vc140-mt-1_63.dll 
1: {E3A7A159-C187-44D3-93E8-5EF961F4E0DD} 2: {132E55AF-1D43-43A5-BB1F-34D33B3838CB} 3: C:\Program Files\Mastercam 2027\boost_thread-vc140-mt-1_63.dll 
1: {E3A7A159-C187-44D3-93E8-5EF961F4E0DD} 2: {24083D72-99CD-45F9-8FC3-4CC4E972B3EF} 3: C:\Program Files\Mastercam 2027\revlibdll.dll 
1: {E3A7A159-C187-44D3-93E8-5EF961F4E0DD} 2: {A97B5C24-9881-43FE-B032-CAA09263D2A7} 3: C:\windows\syswow64\ 
1: {E3A7A159-C187-44D3-93E8-5EF961F4E0DD} 2: {C4444E1B-EA34-4616-8959-98BB300C2474} 3: C:\Program Files\Mastercam 2027\ 
1: {E3A7A159-C187-44D3-93E8-5EF961F4E0DD} 2: {D03BF65B-293F-462D-8A2C-D44E54E6BC19} 3: <\ActiproSoftware.DataGrid.Contrib.Wpf,Version="25.1.0.0",PublicKeyToken="36FF2196AB5654B9",Culture="neutral",FileVersion="25.1.0.0",ProcessorArchitecture="MSIL" 
1: {E3A7A159-C187-44D3-93E8-5EF961F4E0DD} 2: {CCACE3F2-CD55-42C5-A1C1-9A25B8187EBC} 3: <\ActiproSoftware.Docking.Wpf,Version="25.1.0.0",PublicKeyToken="36FF2196AB5654B9",Culture="neutral",FileVersion="25.1.0.0",ProcessorArchitecture="MSIL" 
1: {E3A7A159-C187-44D3-93E8-5EF961F4E0DD} 2: {F5F0B931-13DB-462E-81DB-7FA01969C485} 3: <\ActiproSoftware.Editors.Interop.DataGrid.Wpf,Version="25.1.0.0",PublicKeyToken="36FF2196AB5654B9",Culture="neutral",FileVersion="25.1.0.0",ProcessorArchitecture="MSIL" 
1: {E3A7A159-C187-44D3-93E8-5EF961F4E0DD} 2: {78B84B4B-79CD-4780-9FC5-0B2B4BAF568A} 3: <\ActiproSoftware.Editors.Wpf,Version="25.1.0.0",PublicKeyToken="36FF2196AB5654B9",Culture="neutral",FileVersion="25.1.0.0",ProcessorArchitecture="MSIL" 
1: {E3A7A159-C187-44D3-93E8-5EF961F4E0DD} 2: {2A318733-8E4B-4DB2-A41D-FD88F40ECC8F} 3: <\ActiproSoftware.Grids.Wpf,Version="25.1.0.0",PublicKeyToken="36FF2196AB5654B9",Culture="neutral",FileVersion="25.1.0.0",ProcessorArchitecture="MSIL" 
1: {E3A7A159-C187-44D3-93E8-5EF961F4E0DD} 2: {705767D4-E48B-45C6-BDFF-6474D8CAA07A} 3: <\ActiproSoftware.Ribbon.Wpf,Version="25.1.0.0",PublicKeyToken="36FF2196AB5654B9",Culture="neutral",FileVersion="25.1.0.0",ProcessorArchitecture="MSIL" 
1: {E3A7A159-C187-44D3-93E8-5EF961F4E0DD} 2: {196121C3-7B92-408C-9130-FACDE8C2D639} 3: <\ActiproSoftware.Shared.Wpf,Version="25.1.0.0",PublicKeyToken="36FF2196AB5654B9",Culture="neutral",FileVersion="25.1.0.0",ProcessorArchitecture="MSIL" 
1: {E3A7A159-C187-44D3-93E8-5EF961F4E0DD} 2: {AACA0652-0CF1-4721-83CF-F4FE777EF448} 3: C:\Program Files\Mastercam 2027\simulator\MDESEquipment.dll 
1: {E3A7A159-C187-44D3-93E8-5EF961F4E0DD} 2: {EB5B1F77-335B-44B3-87E6-1FDB7B76B5DC} 3: C:\Program Files\Mastercam 2027\simulator\MXPUI.dll 
1: {E3A7A159-C187-44D3-93E8-5EF961F4E0DD} 2: {68C8A8C3-6C05-45F8-BEF8-45C0E91A771E} 3: <\Microsoft.Xaml.Behaviors,Version="1.1.0.0",PublicKeyToken="B03F5F7F11D50A3A",Culture="neutral",FileVersion="1.1.31.10800",ProcessorArchitecture="MSIL" 
1: {E3A7A159-C187-44D3-93E8-5EF961F4E0DD} 2: {433B1565-633A-457C-AD04-71D791358F15} 3: C:\Program Files\Mastercam 2027\simulator\MultiXPost.dll 
1: {E3A7A159-C187-44D3-93E8-5EF961F4E0DD} 2: {7E23F769-C726-4B0D-B260-F9D1D92E9363} 3: C:\Program Files\Mastercam 2027\simulator\NLib.dll 
1: {E3A7A159-C187-44D3-93E8-5EF961F4E0DD} 2: {3A8917BA-8A42-4BD8-AF9E-47DD28712540} 3: <\OpenTK.GLControl,Version="3.1.0.0",Culture="neutral",FileVersion="3.1.0.0" 
1: {E3A7A159-C187-44D3-93E8-5EF961F4E0DD} 2: {9E0442EE-3CB5-40AA-AF54-6F14F4EEFBD9} 3: <\OpenTK,Version="3.1.0.0",Culture="neutral",FileVersion="3.1.0.0" 
1: {E3A7A159-C187-44D3-93E8-5EF961F4E0DD} 2: {93895E81-316E-42A1-BDF0-FA979183481E} 3: C:\Program Files\Mastercam 2027\simulator\Rast2vec.dll 
1: {E3A7A159-C187-44D3-93E8-5EF961F4E0DD} 2: {B3FB4890-D65B-49BB-93DC-987C3091FC3C} 3: C:\Program Files\Mastercam 2027\simulator\TSNLib.dll 
1: {E3A7A159-C187-44D3-93E8-5EF961F4E0DD} 2: {5E39D98B-D510-4DAE-93D4-171EDFECC849} 3: <\UBVS,Version="2512.2026.527.925",Culture="neutral",FileVersion="2512.2026.527.925",ProcessorArchitecture="Amd64" 
1: {E3A7A159-C187-44D3-93E8-5EF961F4E0DD} 2: {C8DE3AF2-EA6A-486C-B779-338091451B48} 3: <\UbvsResources,Version="2512.2026.527.925",Culture="neutral",FileVersion="2512.2026.527.925",ProcessorArchitecture="MSIL" 
1: {E3A7A159-C187-44D3-93E8-5EF961F4E0DD} 2: {922F4235-B21C-4759-9C87-41D9A043274F} 3: C:\Program Files\Mastercam 2027\simulator\5axcore.dll 
1: {E3A7A159-C187-44D3-93E8-5EF961F4E0DD} 2: {968EBABB-47DD-42C7-84B0-31620DF0345B} 3: C:\Program Files\Mastercam 2027\simulator\5axmfcuiutils.dll 
1: {E3A7A159-C187-44D3-93E8-5EF961F4E0DD} 2: {72403D9C-36C4-4CFD-B4BC-A355C1EA97C1} 3: C:\Program Files\Mastercam 2027\simulator\5axmsurf.dll 
1: {E3A7A159-C187-44D3-93E8-5EF961F4E0DD} 2: {CAB29C63-1B14-4426-BF62-4C4ABA219D3E} 3: <\5axmsurfclr,Version="2512.2026.423.1545",Culture="neutral",FileVersion="2512.2026.423.1545",ProcessorArchitecture="Amd64" 
1: {E3A7A159-C187-44D3-93E8-5EF961F4E0DD} 2: {76B41100-DD5F-4719-9275-58699C00E1B4} 3: <\5axmsurfnet,Version="2512.2026.423.1545",Culture="neutral",FileVersion="2512.2026.423.1545",ProcessorArchitecture="Amd64" 
1: {E3A7A159-C187-44D3-93E8-5EF961F4E0DD} 2: {56A97610-65AB-4A20-9195-3C9CA678BFD3} 3: C:\Program Files\Mastercam 2027\simulator\5axui.dll 
1: {E3A7A159-C187-44D3-93E8-5EF961F4E0DD} 2: {D348DFED-8073-4539-BCAC-C989F41B043E} 3: C:\Program Files\Mastercam 2027\simulator\5axui_res_neutral.dll 
1: {E3A7A159-C187-44D3-93E8-5EF961F4E0DD} 2: {4B2E4065-B83C-442C-A3D4-076F0A6C9910} 3: C:\Program Files\Mastercam 2027\simulator\engrave.dll 
1: {E3A7A159-C187-44D3-93E8-5EF961F4E0DD} 2: {8D3F8026-4E61-4793-AF9C-7C0FDB451ADA} 3: C:\Program Files\Mastercam 2027\simulator\hw_nlib_core.dll 
1: {E3A7A159-C187-44D3-93E8-5EF961F4E0DD} 2: {3891957D-985C-43EE-AA8E-ABE1E2776F58} 3: C:\Program Files\Mastercam 2027\simulator\iges_nlib.dll 
1: {E3A7A159-C187-44D3-93E8-5EF961F4E0DD} 2: {3EAE7266-F111-4791-AA74-E475DB64ACA3} 3: C:\Program Files\Mastercam 2027\simulator\machsim.dll 
1: {E3A7A159-C187-44D3-93E8-5EF961F4E0DD} 2: {F59B8747-DF10-4AE6-A61F-3D528EF5CB52} 3: C:\Program Files\Mastercam 2027\simulator\mwCNCSim.dll 
1: {E3A7A159-C187-44D3-93E8-5EF961F4E0DD} 2: {E32915AD-9C09-423C-943E-36768CEEA0F9} 3: C:\Program Files\Mastercam 2027\simulator\mwCNCSimInterpolationUtil.dll 
1: {E3A7A159-C187-44D3-93E8-5EF961F4E0DD} 2: {9B03BFA5-DD2A-4949-99F4-DE4B69F75D46} 3: C:\Program Files\Mastercam 2027\simulator\mwCNCSimVisualization.dll 
1: {E3A7A159-C187-44D3-93E8-5EF961F4E0DD} 2: {809EAAA6-9445-4B90-A900-568AEFF8D12E} 3: C:\Program Files\Mastercam 2027\simulator\mwCustomStreamService.dll 
1: {E3A7A159-C187-44D3-93E8-5EF961F4E0DD} 2: {B9525E51-A599-48AF-B907-A84D346FFA32} 3: <\mwEntities,Version="2512.2026.423.1545",PublicKeyToken="1940E54DC9B57D60",Culture="neutral",FileVersion="2512.2026.423.1545",ProcessorArchitecture="Amd64" 
1: {E3A7A159-C187-44D3-93E8-5EF961F4E0DD} 2: {BB128553-DE9A-4420-B637-803514B0E5BC} 3: <\mwInterop,Version="2512.2026.423.1545",PublicKeyToken="1940E54DC9B57D60",Culture="neutral",FileVersion="2512.2026.423.1545",ProcessorArchitecture="Amd64" 
1: {E3A7A159-C187-44D3-93E8-5EF961F4E0DD} 2: {6CD601B1-68C7-44C9-A46D-F37E80E6EBEB} 3: C:\Program Files\Mastercam 2027\simulator\mwJobSetup.dll 
1: {E3A7A159-C187-44D3-93E8-5EF961F4E0DD} 2: {6397614A-15F1-492F-9919-B2510D0C1F7D} 3: C:\Program Files\Mastercam 2027\simulator\mwMSimApp.dll 
1: {E3A7A159-C187-44D3-93E8-5EF961F4E0DD} 2: {51784E08-F76A-4BF2-A6C0-BB80891ABB8E} 3: C:\Program Files\Mastercam 2027\simulator\mwMSimCollisionChecker.dll 
1: {E3A7A159-C187-44D3-93E8-5EF961F4E0DD} 2: {CF9CDC96-49DA-4F4B-A7E7-15A84BBA59A0} 3: C:\Program Files\Mastercam 2027\simulator\mwMSimDefGui.dll 
1: {E3A7A159-C187-44D3-93E8-5EF961F4E0DD} 2: {BF12B9E1-9018-4F31-82BA-93C52262023E} 3: C:\Program Files\Mastercam 2027\simulator\mwMSimOperationBuilder.dll 
1: {E3A7A159-C187-44D3-93E8-5EF961F4E0DD} 2: {FB135E2B-47C1-4D8E-9E22-8B31CA186E28} 3: C:\Program Files\Mastercam 2027\simulator\mwMachineConverter.dll 
1: {E3A7A159-C187-44D3-93E8-5EF961F4E0DD} 2: {C40546B7-29FE-48A1-8230-E26E1D741C0F} 3: <\mwManagedUtil,Version="2512.2026.527.925",Culture="neutral",FileVersion="2512.2026.527.925",ProcessorArchitecture="Amd64" 
1: {E3A7A159-C187-44D3-93E8-5EF961F4E0DD} 2: {415B83CB-F13F-47A8-A82E-ED42AEBAFC18} 3: C:\Program Files\Mastercam 2027\simulator\mwMcamSimExt.dll 
1: {E3A7A159-C187-44D3-93E8-5EF961F4E0DD} 2: {463A7052-2585-48A9-8271-55F7E7813D53} 3: C:\Program Files\Mastercam 2027\simulator\mwRaster2Vector.dll 
1: {E3A7A159-C187-44D3-93E8-5EF961F4E0DD} 2: {EE7019D5-26C8-4168-A3EE-1975D2A8E2A3} 3: C:\Program Files\Mastercam 2027\simulator\mwSimMfcUiUtils.dll 
1: {E3A7A159-C187-44D3-93E8-5EF961F4E0DD} 2: {661D1873-8F44-4D61-9D3B-03D94D0D7DFE} 3: <\mwSimStreamManager,Version="0.0.0.0",Culture="neutral",FileVersion="2512.2026.527.925",ProcessorArchitecture="Amd64" 
1: {E3A7A159-C187-44D3-93E8-5EF961F4E0DD} 2: {7E2D7276-60F0-4CFA-8DF5-1CE2308006A7} 3: <\mwUbvsProxy,Version="0.0.0.0",Culture="neutral",FileVersion="2512.2026.527.925",ProcessorArchitecture="Amd64" 
1: {E3A7A159-C187-44D3-93E8-5EF961F4E0DD} 2: {46122D90-30F8-4AFA-AB14-0E0CF2EE321C} 3: C:\Program Files\Mastercam 2027\simulator\mwVerifier.dll 
1: {E3A7A159-C187-44D3-93E8-5EF961F4E0DD} 2: {939D35A9-4F15-4C2A-AC86-74A9C2663F43} 3: C:\Program Files\Mastercam 2027\simulator\mwVerifierGui.dll 
1: {E3A7A159-C187-44D3-93E8-5EF961F4E0DD} 2: {A97F54E6-6D62-4A01-922A-0592E470E8DA} 3: C:\Program Files\Mastercam 2027\simulator\mwVerifierVisualization.dll 
1: {E3A7A159-C187-44D3-93E8-5EF961F4E0DD} 2: {7F26AD60-A8BC-4840-86DF-90D5DFBA306B} 3: C:\Program Files\Mastercam 2027\simulator\mwVisualization.dll 
1: {E3A7A159-C187-44D3-93E8-5EF961F4E0DD} 2: {0152CFC0-8499-4F6B-A630-281980C84FEB} 3: C:\Program Files\Mastercam 2027\simulator\mwgeolib.dll 
1: {E3A7A159-C187-44D3-93E8-5EF961F4E0DD} 2: {901B5F4B-A41C-490F-A84D-FF7321A13BD2} 3: C:\Program Files\Mastercam 2027\simulator\mwutil.dll 
1: {E3A7A159-C187-44D3-93E8-5EF961F4E0DD} 2: {033E7BA1-60FA-4F8A-9343-59A2B2690DF9} 3: C:\Program Files\Mastercam 2027\simulator\simulator.manifest 
1: {E3A7A159-C187-44D3-93E8-5EF961F4E0DD} 2: {3DAB74F0-0C56-5698-D552-FC19D8761DCD} 3: C:\Program Files\Mastercam 2027\common\Editors\CIMCOEdit\CimcoDNC.exe 
1: {E3A7A159-C187-44D3-93E8-5EF961F4E0DD} 2: {FB8145E9-90BD-2A07-D3CF-5E5C04154A54} 3: C:\Program Files\Mastercam 2027\common\Editors\CIMCOEdit\CIMCOEdit.exe 
1: {E3A7A159-C187-44D3-93E8-5EF961F4E0DD} 2: {305C95AF-FC5F-7F88-B54F-4F6FBACE9F31} 3: C:\Program Files\Mastercam 2027\common\Editors\CIMCOEdit\Dll\AdvRenumbering.dll 
1: {E3A7A159-C187-44D3-93E8-5EF961F4E0DD} 2: {71F5675E-EC06-485C-3D19-B2076B5A6E3B} 3: C:\Program Files\Mastercam 2027\common\Editors\CIMCOEdit\Dll\DNCServerConfig.dll 
1: {E3A7A159-C187-44D3-93E8-5EF961F4E0DD} 2: {775C0E36-6DD8-A8C1-89E7-24FDF8CAE121} 3: C:\Program Files\Mastercam 2027\common\Editors\CIMCOEdit\Dll\EditorConfig.dll 
1: {E3A7A159-C187-44D3-93E8-5EF961F4E0DD} 2: {16EDBC91-1D8B-3D36-7AE5-629DA195346C} 3: C:\Program Files\Mastercam 2027\common\Editors\CIMCOEdit\Dll\FileDialogs.dll 
1: {E3A7A159-C187-44D3-93E8-5EF961F4E0DD} 2: {BBC96E79-9884-0442-DCC0-7168216C14F9} 3: C:\Program Files\Mastercam 2027\common\Editors\CIMCOEdit\Dll\FileDirSelector.dll 
1: {E3A7A159-C187-44D3-93E8-5EF961F4E0DD} 2: {5ADAD282-2D76-0857-5552-C551D84237AD} 3: C:\Program Files\Mastercam 2027\common\Editors\CIMCOEdit\Dll\iconv-2.dll 
1: {E3A7A159-C187-44D3-93E8-5EF961F4E0DD} 2: {3E404AE4-4A2F-9246-A06A-471C2556BA75} 3: C:\Program Files\Mastercam 2027\common\Editors\CIMCOEdit\Dll\libxml2.dll 
1: {E3A7A159-C187-44D3-93E8-5EF961F4E0DD} 2: {FA9A4FDD-DE98-29E2-A391-29B1FD311B86} 3: C:\Program Files\Mastercam 2027\common\Editors\CIMCOEdit\Dll\License.dll 
1: {E3A7A159-C187-44D3-93E8-5EF961F4E0DD} 2: {7FEA0ACC-C84F-49A9-E64E-C8B100E44AC1} 3: C:\Program Files\Mastercam 2027\common\Editors\CIMCOEdit\Dll\Localization.dll 
1: {E3A7A159-C187-44D3-93E8-5EF961F4E0DD} 2: {18904CBD-DE69-60E3-6B0D-2610BF855BE2} 3: C:\Program Files\Mastercam 2027\common\Editors\CIMCOEdit\Dll\MachineSetup.dll 
1: {E3A7A159-C187-44D3-93E8-5EF961F4E0DD} 2: {F4D5B840-06DA-1305-80E4-A8F5B3675524} 3: C:\Program Files\Mastercam 2027\common\Editors\CIMCOEdit\Dll\MiscDialogs.dll 
1: {E3A7A159-C187-44D3-93E8-5EF961F4E0DD} 2: {D798EF7D-D50F-CE0B-955B-0B439A6FCDDC} 3: C:\Program Files\Mastercam 2027\common\Editors\CIMCOEdit\Dll\NCFunc.dll 
1: {E3A7A159-C187-44D3-93E8-5EF961F4E0DD} 2: {3DE36B31-1450-834B-E9DC-8870DCB16B3D} 3: C:\Program Files\Mastercam 2027\common\Editors\CIMCOEdit\Dll\Office2016.dll 
1: {E3A7A159-C187-44D3-93E8-5EF961F4E0DD} 2: {9157378B-B430-8935-5EEB-D1AE0A6E0CB8} 3: C:\Program Files\Mastercam 2027\common\Editors\CIMCOEdit\Dll\zlib1.dll 
1: {E3A7A159-C187-44D3-93E8-5EF961F4E0DD} 2: {F757399F-FE39-7727-BC9E-A00C9819427C} 3: C:\Program Files\Mastercam 2027\common\Editors\CIMCOEdit\Help\edit_cz.chm 
1: {E3A7A159-C187-44D3-93E8-5EF961F4E0DD} 2: {7889A62C-C71B-EBC6-EAF8-15C2BBEE94E8} 3: C:\Program Files\Mastercam 2027\common\Editors\CIMCOEdit\Help\edit_de.chm 
1: {E3A7A159-C187-44D3-93E8-5EF961F4E0DD} 2: {0F21C4DF-FFDB-6A3C-3760-35E60A6F47F8} 3: C:\Program Files\Mastercam 2027\common\Editors\CIMCOEdit\Help\edit_fr.chm 
1: {E3A7A159-C187-44D3-93E8-5EF961F4E0DD} 2: {8A658B0B-B98F-A294-8836-8C9F7416E730} 3: C:\Program Files\Mastercam 2027\common\Editors\CIMCOEdit\Help\edit_it.chm 
1: {E3A7A159-C187-44D3-93E8-5EF961F4E0DD} 2: {C07CC530-0B03-B093-FD04-4A2EF5CBC626} 3: C:\Program Files\Mastercam 2027\common\Editors\CIMCOEdit\Help\edit_se.chm 
1: {E3A7A159-C187-44D3-93E8-5EF961F4E0DD} 2: {84AC06DF-F85A-810F-0BD0-D37CB72A626B} 3: C:\Program Files\Mastercam 2027\common\Editors\CIMCOEdit\Help\edit_sp.chm 
1: {E3A7A159-C187-44D3-93E8-5EF961F4E0DD} 2: {82B286F7-72EE-4DFD-642C-888686A4A8B5} 3: C:\Program Files\Mastercam 2027\common\Editors\CIMCOEdit\Help\edit_us.chm 
1: {E3A7A159-C187-44D3-93E8-5EF961F4E0DD} 2: {A9448371-11FB-53B7-44EF-3FF99365E446} 3: C:\Program Files\Mastercam 2027\common\Editors\CIMCOEdit\Msg\ 
1: {E3A7A159-C187-44D3-93E8-5EF961F4E0DD} 2: {52E645ED-D271-9DF4-963E-844B3BC8ECAE} 3: C:\Program Files\Mastercam 2027\common\Editors\CIMCOEdit\Msg\External\ToolkitPro.ResourceArSa.dll 
1: {E3A7A159-C187-44D3-93E8-5EF961F4E0DD} 2: {5375B051-1AB9-BBEB-043B-FD56C8BB1E93} 3: C:\Program Files\Mastercam 2027\common\Editors\CIMCOEdit\Msg\External\ToolkitPro.ResourceBg.dll 
1: {E3A7A159-C187-44D3-93E8-5EF961F4E0DD} 2: {724EF4C6-6E2B-CF78-7CAC-EBBCB7008C3E} 3: C:\Program Files\Mastercam 2027\common\Editors\CIMCOEdit\Msg\External\ToolkitPro.ResourceCs.dll 
1: {E3A7A159-C187-44D3-93E8-5EF961F4E0DD} 2: {A2048ACF-FDEB-34F9-232B-4485110E4E1C} 3: C:\Program Files\Mastercam 2027\common\Editors\CIMCOEdit\Msg\External\ToolkitPro.ResourceDa.dll 
1: {E3A7A159-C187-44D3-93E8-5EF961F4E0DD} 2: {73E96575-5C93-6C2B-0065-F970FF721055} 3: C:\Program Files\Mastercam 2027\common\Editors\CIMCOEdit\Msg\External\ToolkitPro.ResourceDe.dll 
1: {E3A7A159-C187-44D3-93E8-5EF961F4E0DD} 2: {1E211D1B-B042-0700-40D3-25DF224519BF} 3: C:\Program Files\Mastercam 2027\common\Editors\CIMCOEdit\Msg\External\ToolkitPro.ResourceEl.dll 
1: {E3A7A159-C187-44D3-93E8-5EF961F4E0DD} 2: {CD3E6C73-3A07-524C-E15B-535682D2E0DC} 3: C:\Program Files\Mastercam 2027\common\Editors\CIMCOEdit\Msg\External\ToolkitPro.ResourceEn.dll 
1: {E3A7A159-C187-44D3-93E8-5EF961F4E0DD} 2: {03038A25-50BF-3333-A7D4-6384A398E09F} 3: C:\Program Files\Mastercam 2027\common\Editors\CIMCOEdit\Msg\External\ToolkitPro.ResourceEs.dll 
1: {E3A7A159-C187-44D3-93E8-5EF961F4E0DD} 2: {8147953C-C0AB-D5C3-793B-064CA950AC42} 3: C:\Program Files\Mastercam 2027\common\Editors\CIMCOEdit\Msg\External\ToolkitPro.ResourceEt.dll 
1: {E3A7A159-C187-44D3-93E8-5EF961F4E0DD} 2: {81D0F3E3-3347-6D46-32C0-19E6E843A943} 3: C:\Program Files\Mastercam 2027\common\Editors\CIMCOEdit\Msg\External\ToolkitPro.ResourceFi.dll 
1: {E3A7A159-C187-44D3-93E8-5EF961F4E0DD} 2: {42E4ABC5-5A2D-F187-F9DE-E12D7CE29BA7} 3: C:\Program Files\Mastercam 2027\common\Editors\CIMCOEdit\Msg\External\ToolkitPro.ResourceFr.dll 
1: {E3A7A159-C187-44D3-93E8-5EF961F4E0DD} 2: {6108486B-BAE3-989B-8C68-B0BEAC6902F2} 3: C:\Program Files\Mastercam 2027\common\Editors\CIMCOEdit\Msg\External\ToolkitPro.ResourceHe.dll 
1: {E3A7A159-C187-44D3-93E8-5EF961F4E0DD} 2: {56777EBC-C1AD-5F8C-8E4E-2E4D1312F63E} 3: C:\Program Files\Mastercam 2027\common\Editors\CIMCOEdit\Msg\External\ToolkitPro.ResourceHr.dll 
1: {E3A7A159-C187-44D3-93E8-5EF961F4E0DD} 2: {7CE03CE9-99AF-4876-B4DC-C531F3DC220D} 3: C:\Program Files\Mastercam 2027\common\Editors\CIMCOEdit\Msg\External\ToolkitPro.ResourceHu.dll 
1: {E3A7A159-C187-44D3-93E8-5EF961F4E0DD} 2: {AE16C026-66FE-C95B-B6E2-75453ACFB100} 3: C:\Program Files\Mastercam 2027\common\Editors\CIMCOEdit\Msg\External\ToolkitPro.ResourceIt.dll 
1: {E3A7A159-C187-44D3-93E8-5EF961F4E0DD} 2: {E2300125-5A9F-5C66-482F-258AFADE548D} 3: C:\Program Files\Mastercam 2027\common\Editors\CIMCOEdit\Msg\External\ToolkitPro.ResourceJa.dll 
1: {E3A7A159-C187-44D3-93E8-5EF961F4E0DD} 2: {06CC593D-D4AA-8F2D-E777-A2232CED5C3E} 3: C:\Program Files\Mastercam 2027\common\Editors\CIMCOEdit\Msg\External\ToolkitPro.ResourceKo.dll 
1: {E3A7A159-C187-44D3-93E8-5EF961F4E0DD} 2: {A1D35DA3-31E7-0B25-4404-0F80494827A7} 3: C:\Program Files\Mastercam 2027\common\Editors\CIMCOEdit\Msg\External\ToolkitPro.ResourceLt.dll 
1: {E3A7A159-C187-44D3-93E8-5EF961F4E0DD} 2: {4C04FD3E-E821-5CF2-0B33-F86A4B596906} 3: C:\Program Files\Mastercam 2027\common\Editors\CIMCOEdit\Msg\External\ToolkitPro.ResourceLv.dll 
1: {E3A7A159-C187-44D3-93E8-5EF961F4E0DD} 2: {2328A065-5E85-3953-DCD1-5A8436F26B00} 3: C:\Program Files\Mastercam 2027\common\Editors\CIMCOEdit\Msg\External\ToolkitPro.ResourceNl.dll 
1: {E3A7A159-C187-44D3-93E8-5EF961F4E0DD} 2: {63B8703C-C7A6-912C-D350-A6367A311050} 3: C:\Program Files\Mastercam 2027\common\Editors\CIMCOEdit\Msg\External\ToolkitPro.ResourceNo.dll 
1: {E3A7A159-C187-44D3-93E8-5EF961F4E0DD} 2: {6BB729FB-B0C0-1C50-FC5A-656BE0F6652D} 3: C:\Program Files\Mastercam 2027\common\Editors\CIMCOEdit\Msg\External\ToolkitPro.ResourcePl.dll 
1: {E3A7A159-C187-44D3-93E8-5EF961F4E0DD} 2: {24FC0377-7AE9-0610-C20A-BDB3B834F128} 3: C:\Program Files\Mastercam 2027\common\Editors\CIMCOEdit\Msg\External\ToolkitPro.ResourcePt.dll 
1: {E3A7A159-C187-44D3-93E8-5EF961F4E0DD} 2: {416201FC-C98B-7D45-7EC9-B70197783789} 3: C:\Program Files\Mastercam 2027\common\Editors\CIMCOEdit\Msg\External\ToolkitPro.ResourcePtBr.dll 
1: {E3A7A159-C187-44D3-93E8-5EF961F4E0DD} 2: {3A327512-2054-154F-DDE8-B49F1562C3CD} 3: C:\Program Files\Mastercam 2027\common\Editors\CIMCOEdit\Msg\External\ToolkitPro.ResourceRo.dll 
1: {E3A7A159-C187-44D3-93E8-5EF961F4E0DD} 2: {FFAB9EB1-1619-4C38-2C96-1BDB491D55B2} 3: C:\Program Files\Mastercam 2027\common\Editors\CIMCOEdit\Msg\External\ToolkitPro.ResourceRu.dll 
1: {E3A7A159-C187-44D3-93E8-5EF961F4E0DD} 2: {B91514C8-8431-15E3-8007-39F8EAF114AF} 3: C:\Program Files\Mastercam 2027\common\Editors\CIMCOEdit\Msg\External\ToolkitPro.ResourceSk.dll 
1: {E3A7A159-C187-44D3-93E8-5EF961F4E0DD} 2: {B629EEAE-E577-87B4-091E-0CB2B4A481C5} 3: C:\Program Files\Mastercam 2027\common\Editors\CIMCOEdit\Msg\External\ToolkitPro.ResourceSl.dll 
1: {E3A7A159-C187-44D3-93E8-5EF961F4E0DD} 2: {0A97C5EB-B3E6-28CC-4DBF-21B590AAC7EA} 3: C:\Program Files\Mastercam 2027\common\Editors\CIMCOEdit\Msg\External\ToolkitPro.ResourceSr.dll 
1: {E3A7A159-C187-44D3-93E8-5EF961F4E0DD} 2: {A0867A75-591D-4436-37DB-802BE27F2ED3} 3: C:\Program Files\Mastercam 2027\common\Editors\CIMCOEdit\Msg\External\ToolkitPro.ResourceSv.dll 
1: {E3A7A159-C187-44D3-93E8-5EF961F4E0DD} 2: {74E2F17E-E33E-58E9-9B6D-A9932C595748} 3: C:\Program Files\Mastercam 2027\common\Editors\CIMCOEdit\Msg\External\ToolkitPro.ResourceTh.dll 
1: {E3A7A159-C187-44D3-93E8-5EF961F4E0DD} 2: {959C76D7-7E54-85F6-19CA-0D6E3B654049} 3: C:\Program Files\Mastercam 2027\common\Editors\CIMCOEdit\Msg\External\ToolkitPro.ResourceTr.dll 
1: {E3A7A159-C187-44D3-93E8-5EF961F4E0DD} 2: {14631B0B-BD56-1576-F2C7-10E5F28327D9} 3: C:\Program Files\Mastercam 2027\common\Editors\CIMCOEdit\Msg\External\ToolkitPro.ResourceUk.dll 
1: {E3A7A159-C187-44D3-93E8-5EF961F4E0DD} 2: {BE581D06-6068-0716-4BA8-11DB7CE824DB} 3: C:\Program Files\Mastercam 2027\common\Editors\CIMCOEdit\Msg\External\ToolkitPro.ResourceZhCn.dll 
1: {E3A7A159-C187-44D3-93E8-5EF961F4E0DD} 2: {8C1EAA1A-A999-ED28-D711-ED933789C6F9} 3: C:\Program Files\Mastercam 2027\common\Editors\CIMCOEdit\Msg\External\ToolkitPro.ResourceZhTw.dll 
1: {E3A7A159-C187-44D3-93E8-5EF961F4E0DD} 2: {63E0C659-9A56-3199-0386-EFF01E60A68C} 3: C:\Program Files\Mastercam 2027\common\Editors\CIMCOEdit\Protocols\PFtpClient.dll 
1: {E3A7A159-C187-44D3-93E8-5EF961F4E0DD} 2: {FD834B33-3612-2D88-D472-C071017ABE69} 3: C:\Program Files\Mastercam 2027\common\Editors\CIMCOEdit\Protocols\PStandardSerial.dll 
1: {E3A7A159-C187-44D3-93E8-5EF961F4E0DD} 2: {0D5C16B7-7D2B-EA2B-346E-5E4284F993FE} 3: C:\Program Files\Mastercam 2027\common\Editors\CIMCOEdit\Sys\ 
1: {E3A7A159-C187-44D3-93E8-5EF961F4E0DD} 2: {39BAD5D0-082F-8E66-2C71-047EF29DB5E3} 3: C:\Program Files\Mastercam 2027\common\Editors\CIMCOEdit\Templates\ 
1: {E3A7A159-C187-44D3-93E8-5EF961F4E0DD} 2: {1B6EF3A6-60EC-77C8-6401-FDB59E7D2B9D} 3: C:\Program Files\Mastercam 2027\Extensions\BCGCBPRO3220u143.dll 
1: {E3A7A159-C187-44D3-93E8-5EF961F4E0DD} 2: {8CFBF347-7C96-DF80-AED9-BAC49D439541} 3: C:\Program Files\Mastercam 2027\Extensions\BCGPStyle2007Aqua3220.dll 
1: {E3A7A159-C187-44D3-93E8-5EF961F4E0DD} 2: {717D9B6A-ADB2-3090-1608-3C72B89BFE96} 3: C:\Program Files\Mastercam 2027\Extensions\BCGPStyle2007Luna3220.dll 
1: {E3A7A159-C187-44D3-93E8-5EF961F4E0DD} 2: {6F9D9D15-58BD-E0F3-AF7B-1693D9ECCD83} 3: C:\Program Files\Mastercam 2027\Extensions\BCGPStyle2007Obsidian3220.dll 
1: {E3A7A159-C187-44D3-93E8-5EF961F4E0DD} 2: {1BE2FCB4-4AD3-B8F2-7AF5-852608750C03} 3: C:\Program Files\Mastercam 2027\Extensions\BCGPStyle2007Silver3220.dll 
1: {E3A7A159-C187-44D3-93E8-5EF961F4E0DD} 2: {B271D07F-F705-94DB-B7B3-2860A5F7FB0F} 3: C:\Program Files\Mastercam 2027\Extensions\BCGPStyle2010Black3220.dll 
1: {E3A7A159-C187-44D3-93E8-5EF961F4E0DD} 2: {340F17EC-C4A9-7D0B-5631-E782D3870634} 3: C:\Program Files\Mastercam 2027\Extensions\BCGPStyle2010Blue3220.dll 
1: {E3A7A159-C187-44D3-93E8-5EF961F4E0DD} 2: {09B67CB0-0B1C-12E3-3FAE-1B1962460B5E} 3: C:\Program Files\Mastercam 2027\Extensions\BCGPStyle2010White3220.dll 
1: {E3A7A159-C187-44D3-93E8-5EF961F4E0DD} 2: {72217916-65E6-F699-50E8-3341E7D59358} 3: C:\Program Files\Mastercam 2027\Extensions\BCGPStyleCarbon3220.dll 
1: {E3A7A159-C187-44D3-93E8-5EF961F4E0DD} 2: {2FC65ECE-EBB0-CFCF-BD3A-1A8BBF6DE1B4} 3: C:\Program Files\Mastercam 2027\Extensions\BCGPStyleScenic3220.dll 
1: {E3A7A159-C187-44D3-93E8-5EF961F4E0DD} 2: {837BF1EB-D770-94EB-A01F-C8B3B9A1E18E} 3: <\Microsoft.VC80.ATL,type="win32",version="8.0.50727.762",publicKeyToken="1fc8b3b9a1e18e3b",processorArchitecture="amd64" 
1: {E3A7A159-C187-44D3-93E8-5EF961F4E0DD} 2: {86B08636-79D4-CA3F-B01F-C8B3B9A1E18E} 3: 02:\SOFTWARE\Microsoft\Windows\CurrentVersion\SideBySide\Installations\amd64_Microsoft.VC80.ATL_1fc8b3b9a1e18e3b_8.0.50727.762_x-ww_fdbc5a54\downlevel_payload.8.0.50727.762\ 
1: {E3A7A159-C187-44D3-93E8-5EF961F4E0DD} 2: {86B08636-79D4-CA3F-C01F-C8B3B9A1E18E} 3: 02:\SOFTWARE\Microsoft\Windows\CurrentVersion\SideBySide\Installations\amd64_Microsoft.VC80.ATL_1fc8b3b9a1e18e3b_8.0.50727.762_x-ww_fdbc5a54\downlevel_manifest.8.0.50727.762\ 
1: {E3A7A159-C187-44D3-93E8-5EF961F4E0DD} 2: {837BF1EB-D770-94EB-B01F-C8B3B9A1E18E} 3: 02:\SOFTWARE\Microsoft\Windows\CurrentVersion\SideBySide\Installations\amd64_Microsoft.VC80.ATL_1fc8b3b9a1e18e3b_8.0.50727.42_x-ww_a08a3e21\downlevel_payload\ 
1: {E3A7A159-C187-44D3-93E8-5EF961F4E0DD} 2: {837BF1EB-D770-94EB-C01F-C8B3B9A1E18E} 3: 02:\SOFTWARE\Microsoft\Windows\CurrentVersion\SideBySide\Installations\amd64_Microsoft.VC80.ATL_1fc8b3b9a1e18e3b_8.0.50727.42_x-ww_a08a3e21\downlevel_manifest\ 
1: {E3A7A159-C187-44D3-93E8-5EF961F4E0DD} 2: {837BE4F2-E05E-94EB-B01F-C8B3B9A1E18E} 3: 02:\SOFTWARE\Microsoft\Windows\CurrentVersion\SideBySide\Installations\amd64_Microsoft.VC80.ATL_1fc8b3b9a1e18e3b_8.0.50727.96_x-ww_a08f3f60\downlevel_payload.8.0.50727.96\ 
1: {E3A7A159-C187-44D3-93E8-5EF961F4E0DD} 2: {837BE8BE-DE0C-94EB-B01F-C8B3B9A1E18E} 3: 02:\SOFTWARE\Microsoft\Windows\CurrentVersion\SideBySide\Installations\amd64_Microsoft.VC80.ATL_1fc8b3b9a1e18e3b_8.0.50727.89_x-ww_a08e3f24\downlevel_payload.8.0.50727.89\ 
1: {E3A7A159-C187-44D3-93E8-5EF961F4E0DD} 2: {837BE4A1-E082-94EB-B01F-C8B3B9A1E18E} 3: 02:\SOFTWARE\Microsoft\Windows\CurrentVersion\SideBySide\Installations\amd64_Microsoft.VC80.ATL_1fc8b3b9a1e18e3b_8.0.50727.95_x-ww_a08f3f5f\downlevel_payload.8.0.50727.95\ 
1: {E3A7A159-C187-44D3-93E8-5EF961F4E0DD} 2: {837BE450-E0A6-94EB-B01F-C8B3B9A1E18E} 3: 02:\SOFTWARE\Microsoft\Windows\CurrentVersion\SideBySide\Installations\amd64_Microsoft.VC80.ATL_1fc8b3b9a1e18e3b_8.0.50727.94_x-ww_a08f3f5e\downlevel_payload.8.0.50727.94\ 
1: {E3A7A159-C187-44D3-93E8-5EF961F4E0DD} 2: {837BE3FF-E0CA-94EB-B01F-C8B3B9A1E18E} 3: 02:\SOFTWARE\Microsoft\Windows\CurrentVersion\SideBySide\Installations\amd64_Microsoft.VC80.ATL_1fc8b3b9a1e18e3b_8.0.50727.93_x-ww_a08f3f5d\downlevel_payload.8.0.50727.93\ 
1: {E3A7A159-C187-44D3-93E8-5EF961F4E0DD} 2: {837BE8BE-DE0C-94EB-C01F-C8B3B9A1E18E} 3: 02:\SOFTWARE\Microsoft\Windows\CurrentVersion\SideBySide\Installations\amd64_Microsoft.VC80.ATL_1fc8b3b9a1e18e3b_8.0.50727.89_x-ww_a08e3f24\downlevel_manifest.8.0.50727.89\ 
1: {E3A7A159-C187-44D3-93E8-5EF961F4E0DD} 2: {837BE594-E016-94EB-B01F-C8B3B9A1E18E} 3: 02:\SOFTWARE\Microsoft\Windows\CurrentVersion\SideBySide\Installations\amd64_Microsoft.VC80.ATL_1fc8b3b9a1e18e3b_8.0.50727.98_x-ww_a08f3f62\downlevel_payload.8.0.50727.98\ 
1: {E3A7A159-C187-44D3-93E8-5EF961F4E0DD} 2: {837BE3FF-E0CA-94EB-C01F-C8B3B9A1E18E} 3: 02:\SOFTWARE\Microsoft\Windows\CurrentVersion\SideBySide\Installations\amd64_Microsoft.VC80.ATL_1fc8b3b9a1e18e3b_8.0.50727.93_x-ww_a08f3f5d\downlevel_manifest.8.0.50727.93\ 
1: {E3A7A159-C187-44D3-93E8-5EF961F4E0DD} 2: {837BE450-E0A6-94EB-C01F-C8B3B9A1E18E} 3: 02:\SOFTWARE\Microsoft\Windows\CurrentVersion\SideBySide\Installations\amd64_Microsoft.VC80.ATL_1fc8b3b9a1e18e3b_8.0.50727.94_x-ww_a08f3f5e\downlevel_manifest.8.0.50727.94\ 
1: {E3A7A159-C187-44D3-93E8-5EF961F4E0DD} 2: {837BE543-E03A-94EB-B01F-C8B3B9A1E18E} 3: 02:\SOFTWARE\Microsoft\Windows\CurrentVersion\SideBySide\Installations\amd64_Microsoft.VC80.ATL_1fc8b3b9a1e18e3b_8.0.50727.97_x-ww_a08f3f61\downlevel_payload.8.0.50727.97\ 
1: {E3A7A159-C187-44D3-93E8-5EF961F4E0DD} 2: {837BE4A1-E082-94EB-C01F-C8B3B9A1E18E} 3: 02:\SOFTWARE\Microsoft\Windows\CurrentVersion\SideBySide\Installations\amd64_Microsoft.VC80.ATL_1fc8b3b9a1e18e3b_8.0.50727.95_x-ww_a08f3f5f\downlevel_manifest.8.0.50727.95\ 
1: {E3A7A159-C187-44D3-93E8-5EF961F4E0DD} 2: {837BE5E5-DFF2-94EB-B01F-C8B3B9A1E18E} 3: 02:\SOFTWARE\Microsoft\Windows\CurrentVersion\SideBySide\Installations\amd64_Microsoft.VC80.ATL_1fc8b3b9a1e18e3b_8.0.50727.99_x-ww_a08f3f63\downlevel_payload.8.0.50727.99\ 
1: {E3A7A159-C187-44D3-93E8-5EF961F4E0DD} 2: {86B262B8-6EB4-CA3D-B01F-C8B3B9A1E18E} 3: 02:\SOFTWARE\Microsoft\Windows\CurrentVersion\SideBySide\Installations\amd64_Microsoft.VC80.ATL_1fc8b3b9a1e18e3b_8.0.50727.100_x-ww_fac1fbd2\downlevel_payload.8.0.50727.100\ 
1: {E3A7A159-C187-44D3-93E8-5EF961F4E0DD} 2: {837BE4F2-E05E-94EB-C01F-C8B3B9A1E18E} 3: 02:\SOFTWARE\Microsoft\Windows\CurrentVersion\SideBySide\Installations\amd64_Microsoft.VC80.ATL_1fc8b3b9a1e18e3b_8.0.50727.96_x-ww_a08f3f60\downlevel_manifest.8.0.50727.96\ 
1: {E3A7A159-C187-44D3-93E8-5EF961F4E0DD} 2: {837BE543-E03A-94EB-C01F-C8B3B9A1E18E} 3: 02:\SOFTWARE\Microsoft\Windows\CurrentVersion\SideBySide\Installations\amd64_Microsoft.VC80.ATL_1fc8b3b9a1e18e3b_8.0.50727.97_x-ww_a08f3f61\downlevel_manifest.8.0.50727.97\ 
1: {E3A7A159-C187-44D3-93E8-5EF961F4E0DD} 2: {86B17C0F-6EFE-CA3E-B01F-C8B3B9A1E18E} 3: 02:\SOFTWARE\Microsoft\Windows\CurrentVersion\SideBySide\Installations\amd64_Microsoft.VC80.ATL_1fc8b3b9a1e18e3b_8.0.50727.101_x-ww_fac1fbd3\downlevel_payload.8.0.50727.101\ 
1: {E3A7A159-C187-44D3-93E8-5EF961F4E0DD} 2: {86AFAEBD-6F92-CA40-B01F-C8B3B9A1E18E} 3: 02:\SOFTWARE\Microsoft\Windows\CurrentVersion\SideBySide\Installations\amd64_Microsoft.VC80.ATL_1fc8b3b9a1e18e3b_8.0.50727.103_x-ww_fac1fbd5\downlevel_payload.8.0.50727.103\ 
1: {E3A7A159-C187-44D3-93E8-5EF961F4E0DD} 2: {837BE594-E016-94EB-C01F-C8B3B9A1E18E} 3: 02:\SOFTWARE\Microsoft\Windows\CurrentVersion\SideBySide\Installations\amd64_Microsoft.VC80.ATL_1fc8b3b9a1e18e3b_8.0.50727.98_x-ww_a08f3f62\downlevel_manifest.8.0.50727.98\ 
1: {E3A7A159-C187-44D3-93E8-5EF961F4E0DD} 2: {837BE5E5-DFF2-94EB-C01F-C8B3B9A1E18E} 3: 02:\SOFTWARE\Microsoft\Windows\CurrentVersion\SideBySide\Installations\amd64_Microsoft.VC80.ATL_1fc8b3b9a1e18e3b_8.0.50727.99_x-ww_a08f3f63\downlevel_manifest.8.0.50727.99\ 
1: {E3A7A159-C187-44D3-93E8-5EF961F4E0DD} 2: {86AEC814-6FDC-CA41-B01F-C8B3B9A1E18E} 3: 02:\SOFTWARE\Microsoft\Windows\CurrentVersion\SideBySide\Installations\amd64_Microsoft.VC80.ATL_1fc8b3b9a1e18e3b_8.0.50727.104_x-ww_fac1fbd6\downlevel_payload.8.0.50727.104\ 
1: {E3A7A159-C187-44D3-93E8-5EF961F4E0DD} 2: {86B262B8-6EB4-CA3D-C01F-C8B3B9A1E18E} 3: 02:\SOFTWARE\Microsoft\Windows\CurrentVersion\SideBySide\Installations\amd64_Microsoft.VC80.ATL_1fc8b3b9a1e18e3b_8.0.50727.100_x-ww_fac1fbd2\downlevel_manifest.8.0.50727.100\ 
1: {E3A7A159-C187-44D3-93E8-5EF961F4E0DD} 2: {86B17C0F-6EFE-CA3E-C01F-C8B3B9A1E18E} 3: 02:\SOFTWARE\Microsoft\Windows\CurrentVersion\SideBySide\Installations\amd64_Microsoft.VC80.ATL_1fc8b3b9a1e18e3b_8.0.50727.101_x-ww_fac1fbd3\downlevel_manifest.8.0.50727.101\ 
1: {E3A7A159-C187-44D3-93E8-5EF961F4E0DD} 2: {86AFB196-6E4E-CA40-B01F-C8B3B9A1E18E} 3: 02:\SOFTWARE\Microsoft\Windows\CurrentVersion\SideBySide\Installations\amd64_Microsoft.VC80.ATL_1fc8b3b9a1e18e3b_8.0.50727.193_x-ww_facafe0c\downlevel_payload.8.0.50727.193\ 
1: {E3A7A159-C187-44D3-93E8-5EF961F4E0DD} 2: {86AFAEBD-6F92-CA40-C01F-C8B3B9A1E18E} 3: 02:\SOFTWARE\Microsoft\Windows\CurrentVersion\SideBySide\Installations\amd64_Microsoft.VC80.ATL_1fc8b3b9a1e18e3b_8.0.50727.103_x-ww_fac1fbd5\downlevel_manifest.8.0.50727.103\ 
1: {E3A7A159-C187-44D3-93E8-5EF961F4E0DD} 2: {86AEC814-6FDC-CA41-C01F-C8B3B9A1E18E} 3: 02:\SOFTWARE\Microsoft\Windows\CurrentVersion\SideBySide\Installations\amd64_Microsoft.VC80.ATL_1fc8b3b9a1e18e3b_8.0.50727.104_x-ww_fac1fbd6\downlevel_manifest.8.0.50727.104\ 
1: {E3A7A159-C187-44D3-93E8-5EF961F4E0DD} 2: {86AFB196-6E4E-CA40-C01F-C8B3B9A1E18E} 3: 02:\SOFTWARE\Microsoft\Windows\CurrentVersion\SideBySide\Installations\amd64_Microsoft.VC80.ATL_1fc8b3b9a1e18e3b_8.0.50727.193_x-ww_facafe0c\downlevel_manifest.8.0.50727.193\ 
1: {E3A7A159-C187-44D3-93E8-5EF961F4E0DD} 2: {51B6FD4C-6551-1104-A01F-C8B3B9A1E18E} 3: <\policy.8.0.Microsoft.VC80.ATL,type="win32-policy",version="8.0.50727.762",publicKeyToken="1fc8b3b9a1e18e3b",processorArchitecture="amd64" 
1: {E3A7A159-C187-44D3-93E8-5EF961F4E0DD} 2: {54EB9197-07B5-4658-C01F-C8B3B9A1E18E} 3: 02:\SOFTWARE\Microsoft\Windows\CurrentVersion\SideBySide\Installations\amd64_policy.8.0.Microsoft.VC80.ATL_1fc8b3b9a1e18e3b_8.0.50727.762_x-ww_41c0175b\downlevel_manifest.8.0.50727.762\ 
1: {E3A7A159-C187-44D3-93E8-5EF961F4E0DD} 2: {51B6FD4C-6551-1104-C01F-C8B3B9A1E18E} 3: 02:\SOFTWARE\Microsoft\Windows\CurrentVersion\SideBySide\Installations\amd64_policy.8.0.Microsoft.VC80.ATL_1fc8b3b9a1e18e3b_8.0.50727.42_x-ww_e48dfb28\downlevel_manifest\ 
1: {E3A7A159-C187-44D3-93E8-5EF961F4E0DD} 2: {51B6F41F-6BED-1104-C01F-C8B3B9A1E18E} 3: 02:\SOFTWARE\Microsoft\Windows\CurrentVersion\SideBySide\Installations\amd64_policy.8.0.Microsoft.VC80.ATL_1fc8b3b9a1e18e3b_8.0.50727.89_x-ww_e491fc2b\downlevel_manifest.8.0.50727.89\ 
1: {E3A7A159-C187-44D3-93E8-5EF961F4E0DD} 2: {51B6EF60-6EAB-1104-C01F-C8B3B9A1E18E} 3: 02:\SOFTWARE\Microsoft\Windows\CurrentVersion\SideBySide\Installations\amd64_policy.8.0.Microsoft.VC80.ATL_1fc8b3b9a1e18e3b_8.0.50727.93_x-ww_e492fc64\downlevel_manifest.8.0.50727.93\ 
1: {E3A7A159-C187-44D3-93E8-5EF961F4E0DD} 2: {51B6EFB1-6E87-1104-C01F-C8B3B9A1E18E} 3: 02:\SOFTWARE\Microsoft\Windows\CurrentVersion\SideBySide\Installations\amd64_policy.8.0.Microsoft.VC80.ATL_1fc8b3b9a1e18e3b_8.0.50727.94_x-ww_e492fc65\downlevel_manifest.8.0.50727.94\ 
1: {E3A7A159-C187-44D3-93E8-5EF961F4E0DD} 2: {51B6F002-6E63-1104-C01F-C8B3B9A1E18E} 3: 02:\SOFTWARE\Microsoft\Windows\CurrentVersion\SideBySide\Installations\amd64_policy.8.0.Microsoft.VC80.ATL_1fc8b3b9a1e18e3b_8.0.50727.95_x-ww_e492fc66\downlevel_manifest.8.0.50727.95\ 
1: {E3A7A159-C187-44D3-93E8-5EF961F4E0DD} 2: {51B6F053-6E3F-1104-C01F-C8B3B9A1E18E} 3: 02:\SOFTWARE\Microsoft\Windows\CurrentVersion\SideBySide\Installations\amd64_policy.8.0.Microsoft.VC80.ATL_1fc8b3b9a1e18e3b_8.0.50727.96_x-ww_e492fc67\downlevel_manifest.8.0.50727.96\ 
1: {E3A7A159-C187-44D3-93E8-5EF961F4E0DD} 2: {51B6F0A4-6E1B-1104-C01F-C8B3B9A1E18E} 3: 02:\SOFTWARE\Microsoft\Windows\CurrentVersion\SideBySide\Installations\amd64_policy.8.0.Microsoft.VC80.ATL_1fc8b3b9a1e18e3b_8.0.50727.97_x-ww_e492fc68\downlevel_manifest.8.0.50727.97\ 
1: {E3A7A159-C187-44D3-93E8-5EF961F4E0DD} 2: {51B6F0F5-6DF7-1104-C01F-C8B3B9A1E18E} 3: 02:\SOFTWARE\Microsoft\Windows\CurrentVersion\SideBySide\Installations\amd64_policy.8.0.Microsoft.VC80.ATL_1fc8b3b9a1e18e3b_8.0.50727.98_x-ww_e492fc69\downlevel_manifest.8.0.50727.98\ 
1: {E3A7A159-C187-44D3-93E8-5EF961F4E0DD} 2: {51B6F146-6DD3-1104-C01F-C8B3B9A1E18E} 3: 02:\SOFTWARE\Microsoft\Windows\CurrentVersion\SideBySide\Installations\amd64_policy.8.0.Microsoft.VC80.ATL_1fc8b3b9a1e18e3b_8.0.50727.99_x-ww_e492fc6a\downlevel_manifest.8.0.50727.99\ 
1: {E3A7A159-C187-44D3-93E8-5EF961F4E0DD} 2: {54ED6E19-FC95-4655-C01F-C8B3B9A1E18E} 3: 02:\SOFTWARE\Microsoft\Windows\CurrentVersion\SideBySide\Installations\amd64_policy.8.0.Microsoft.VC80.ATL_1fc8b3b9a1e18e3b_8.0.50727.100_x-ww_3ec5b8d9\downlevel_manifest.8.0.50727.100\ 
1: {E3A7A159-C187-44D3-93E8-5EF961F4E0DD} 2: {54EC8770-FCDF-4656-C01F-C8B3B9A1E18E} 3: 02:\SOFTWARE\Microsoft\Windows\CurrentVersion\SideBySide\Installations\amd64_policy.8.0.Microsoft.VC80.ATL_1fc8b3b9a1e18e3b_8.0.50727.101_x-ww_3ec5b8da\downlevel_manifest.8.0.50727.101\ 
1: {E3A7A159-C187-44D3-93E8-5EF961F4E0DD} 2: {54EABA1E-FD73-4658-C01F-C8B3B9A1E18E} 3: 02:\SOFTWARE\Microsoft\Windows\CurrentVersion\SideBySide\Installations\amd64_policy.8.0.Microsoft.VC80.ATL_1fc8b3b9a1e18e3b_8.0.50727.103_x-ww_3ec5b8dc\downlevel_manifest.8.0.50727.103\ 
1: {E3A7A159-C187-44D3-93E8-5EF961F4E0DD} 2: {54E9D375-FDBD-4659-C01F-C8B3B9A1E18E} 3: 02:\SOFTWARE\Microsoft\Windows\CurrentVersion\SideBySide\Installations\amd64_policy.8.0.Microsoft.VC80.ATL_1fc8b3b9a1e18e3b_8.0.50727.104_x-ww_3ec5b8dd\downlevel_manifest.8.0.50727.104\ 
1: {E3A7A159-C187-44D3-93E8-5EF961F4E0DD} 2: {54EABCF7-FC2F-4658-C01F-C8B3B9A1E18E} 3: 02:\SOFTWARE\Microsoft\Windows\CurrentVersion\SideBySide\Installations\amd64_policy.8.0.Microsoft.VC80.ATL_1fc8b3b9a1e18e3b_8.0.50727.193_x-ww_3ecebb13\downlevel_manifest.8.0.50727.193\ 
1: {E3A7A159-C187-44D3-93E8-5EF961F4E0DD} 2: {844EFBA7-1C24-93B2-A01F-C8B3B9A1E18E} 3: <\Microsoft.VC80.CRT,type="win32",version="8.0.50727.762",publicKeyToken="1fc8b3b9a1e18e3b",processorArchitecture="amd64" 
1: {E3A7A159-C187-44D3-93E8-5EF961F4E0DD} 2: {87838FF2-BE88-C905-B01F-C8B3B9A1E18E} 3: 02:\SOFTWARE\Microsoft\Windows\CurrentVersion\SideBySide\Installations\amd64_Microsoft.VC80.CRT_1fc8b3b9a1e18e3b_8.0.50727.762_x-ww_9d1c6ce0\downlevel_payload.8.0.50727.762\ 
1: {E3A7A159-C187-44D3-93E8-5EF961F4E0DD} 2: {87838FF2-BE88-C905-C01F-C8B3B9A1E18E} 3: 02:\SOFTWARE\Microsoft\Windows\CurrentVersion\SideBySide\Installations\amd64_Microsoft.VC80.CRT_1fc8b3b9a1e18e3b_8.0.50727.762_x-ww_9d1c6ce0\downlevel_manifest.8.0.50727.762\ 
1: {E3A7A159-C187-44D3-93E8-5EF961F4E0DD} 2: {844EFBA7-1C24-93B2-B01F-C8B3B9A1E18E} 3: 02:\SOFTWARE\Microsoft\Windows\CurrentVersion\SideBySide\Installations\amd64_Microsoft.VC80.CRT_1fc8b3b9a1e18e3b_8.0.50727.42_x-ww_3fea50ad\downlevel_payload\ 
1: {E3A7A159-C187-44D3-93E8-5EF961F4E0DD} 2: {844EFBA7-1C24-93B2-C01F-C8B3B9A1E18E} 3: 02:\SOFTWARE\Microsoft\Windows\CurrentVersion\SideBySide\Installations\amd64_Microsoft.VC80.CRT_1fc8b3b9a1e18e3b_8.0.50727.42_x-ww_3fea50ad\downlevel_manifest\ 
1: {E3A7A159-C187-44D3-93E8-5EF961F4E0DD} 2: {844EF27A-22C0-93B2-C01F-C8B3B9A1E18E} 3: 02:\SOFTWARE\Microsoft\Windows\CurrentVersion\SideBySide\Installations\amd64_Microsoft.VC80.CRT_1fc8b3b9a1e18e3b_8.0.50727.89_x-ww_3fee51b0\downlevel_manifest.8.0.50727.89\ 
1: {E3A7A159-C187-44D3-93E8-5EF961F4E0DD} 2: {844EEDBB-257E-93B2-C01F-C8B3B9A1E18E} 3: 02:\SOFTWARE\Microsoft\Windows\CurrentVersion\SideBySide\Installations\amd64_Microsoft.VC80.CRT_1fc8b3b9a1e18e3b_8.0.50727.93_x-ww_3fef51e9\downlevel_manifest.8.0.50727.93\ 
1: {E3A7A159-C187-44D3-93E8-5EF961F4E0DD} 2: {844EEE5D-2536-93B2-C01F-C8B3B9A1E18E} 3: 02:\SOFTWARE\Microsoft\Windows\CurrentVersion\SideBySide\Installations\amd64_Microsoft.VC80.CRT_1fc8b3b9a1e18e3b_8.0.50727.95_x-ww_3fef51eb\downlevel_manifest.8.0.50727.95\ 
1: {E3A7A159-C187-44D3-93E8-5EF961F4E0DD} 2: {844EF27A-22C0-93B2-B01F-C8B3B9A1E18E} 3: 02:\SOFTWARE\Microsoft\Windows\CurrentVersion\SideBySide\Installations\amd64_Microsoft.VC80.CRT_1fc8b3b9a1e18e3b_8.0.50727.89_x-ww_3fee51b0\downlevel_payload.8.0.50727.89\ 
1: {E3A7A159-C187-44D3-93E8-5EF961F4E0DD} 2: {844EEE0C-255A-93B2-C01F-C8B3B9A1E18E} 3: 02:\SOFTWARE\Microsoft\Windows\CurrentVersion\SideBySide\Installations\amd64_Microsoft.VC80.CRT_1fc8b3b9a1e18e3b_8.0.50727.94_x-ww_3fef51ea\downlevel_manifest.8.0.50727.94\ 
1: {E3A7A159-C187-44D3-93E8-5EF961F4E0DD} 2: {844EEDBB-257E-93B2-B01F-C8B3B9A1E18E} 3: 02:\SOFTWARE\Microsoft\Windows\CurrentVersion\SideBySide\Installations\amd64_Microsoft.VC80.CRT_1fc8b3b9a1e18e3b_8.0.50727.93_x-ww_3fef51e9\downlevel_payload.8.0.50727.93\ 
1: {E3A7A159-C187-44D3-93E8-5EF961F4E0DD} 2: {844EEE5D-2536-93B2-B01F-C8B3B9A1E18E} 3: 02:\SOFTWARE\Microsoft\Windows\CurrentVersion\SideBySide\Installations\amd64_Microsoft.VC80.CRT_1fc8b3b9a1e18e3b_8.0.50727.95_x-ww_3fef51eb\downlevel_payload.8.0.50727.95\ 
1: {E3A7A159-C187-44D3-93E8-5EF961F4E0DD} 2: {844EEE0C-255A-93B2-B01F-C8B3B9A1E18E} 3: 02:\SOFTWARE\Microsoft\Windows\CurrentVersion\SideBySide\Installations\amd64_Microsoft.VC80.CRT_1fc8b3b9a1e18e3b_8.0.50727.94_x-ww_3fef51ea\downlevel_payload.8.0.50727.94\ 
1: {E3A7A159-C187-44D3-93E8-5EF961F4E0DD} 2: {844EEEFF-24EE-93B2-C01F-C8B3B9A1E18E} 3: 02:\SOFTWARE\Microsoft\Windows\CurrentVersion\SideBySide\Installations\amd64_Microsoft.VC80.CRT_1fc8b3b9a1e18e3b_8.0.50727.97_x-ww_3fef51ed\downlevel_manifest.8.0.50727.97\ 
1: {E3A7A159-C187-44D3-93E8-5EF961F4E0DD} 2: {844EEEAE-2512-93B2-C01F-C8B3B9A1E18E} 3: 02:\SOFTWARE\Microsoft\Windows\CurrentVersion\SideBySide\Installations\amd64_Microsoft.VC80.CRT_1fc8b3b9a1e18e3b_8.0.50727.96_x-ww_3fef51ec\downlevel_manifest.8.0.50727.96\ 
1: {E3A7A159-C187-44D3-93E8-5EF961F4E0DD} 2: {844EEF50-24CA-93B2-C01F-C8B3B9A1E18E} 3: 02:\SOFTWARE\Microsoft\Windows\CurrentVersion\SideBySide\Installations\amd64_Microsoft.VC80.CRT_1fc8b3b9a1e18e3b_8.0.50727.98_x-ww_3fef51ee\downlevel_manifest.8.0.50727.98\ 
1: {E3A7A159-C187-44D3-93E8-5EF961F4E0DD} 2: {844EEEAE-2512-93B2-B01F-C8B3B9A1E18E} 3: 02:\SOFTWARE\Microsoft\Windows\CurrentVersion\SideBySide\Installations\amd64_Microsoft.VC80.CRT_1fc8b3b9a1e18e3b_8.0.50727.96_x-ww_3fef51ec\downlevel_payload.8.0.50727.96\ 
1: {E3A7A159-C187-44D3-93E8-5EF961F4E0DD} 2: {844EEFA1-24A6-93B2-C01F-C8B3B9A1E18E} 3: 02:\SOFTWARE\Microsoft\Windows\CurrentVersion\SideBySide\Installations\amd64_Microsoft.VC80.CRT_1fc8b3b9a1e18e3b_8.0.50727.99_x-ww_3fef51ef\downlevel_manifest.8.0.50727.99\ 
1: {E3A7A159-C187-44D3-93E8-5EF961F4E0DD} 2: {844EEEFF-24EE-93B2-B01F-C8B3B9A1E18E} 3: 02:\SOFTWARE\Microsoft\Windows\CurrentVersion\SideBySide\Installations\amd64_Microsoft.VC80.CRT_1fc8b3b9a1e18e3b_8.0.50727.97_x-ww_3fef51ed\downlevel_payload.8.0.50727.97\ 
1: {E3A7A159-C187-44D3-93E8-5EF961F4E0DD} 2: {87856C74-B368-C903-C01F-C8B3B9A1E18E} 3: 02:\SOFTWARE\Microsoft\Windows\CurrentVersion\SideBySide\Installations\amd64_Microsoft.VC80.CRT_1fc8b3b9a1e18e3b_8.0.50727.100_x-ww_9a220e5e\downlevel_manifest.8.0.50727.100\ 
1: {E3A7A159-C187-44D3-93E8-5EF961F4E0DD} 2: {844EEF50-24CA-93B2-B01F-C8B3B9A1E18E} 3: 02:\SOFTWARE\Microsoft\Windows\CurrentVersion\SideBySide\Installations\amd64_Microsoft.VC80.CRT_1fc8b3b9a1e18e3b_8.0.50727.98_x-ww_3fef51ee\downlevel_payload.8.0.50727.98\ 
1: {E3A7A159-C187-44D3-93E8-5EF961F4E0DD} 2: {878485CB-B3B2-C904-C01F-C8B3B9A1E18E} 3: 02:\SOFTWARE\Microsoft\Windows\CurrentVersion\SideBySide\Installations\amd64_Microsoft.VC80.CRT_1fc8b3b9a1e18e3b_8.0.50727.101_x-ww_9a220e5f\downlevel_manifest.8.0.50727.101\ 
1: {E3A7A159-C187-44D3-93E8-5EF961F4E0DD} 2: {844EEFA1-24A6-93B2-B01F-C8B3B9A1E18E} 3: 02:\SOFTWARE\Microsoft\Windows\CurrentVersion\SideBySide\Installations\amd64_Microsoft.VC80.CRT_1fc8b3b9a1e18e3b_8.0.50727.99_x-ww_3fef51ef\downlevel_payload.8.0.50727.99\ 
1: {E3A7A159-C187-44D3-93E8-5EF961F4E0DD} 2: {8782B879-B446-C906-C01F-C8B3B9A1E18E} 3: 02:\SOFTWARE\Microsoft\Windows\CurrentVersion\SideBySide\Installations\amd64_Microsoft.VC80.CRT_1fc8b3b9a1e18e3b_8.0.50727.103_x-ww_9a220e61\downlevel_manifest.8.0.50727.103\ 
1: {E3A7A159-C187-44D3-93E8-5EF961F4E0DD} 2: {87856C74-B368-C903-B01F-C8B3B9A1E18E} 3: 02:\SOFTWARE\Microsoft\Windows\CurrentVersion\SideBySide\Installations\amd64_Microsoft.VC80.CRT_1fc8b3b9a1e18e3b_8.0.50727.100_x-ww_9a220e5e\downlevel_payload.8.0.50727.100\ 
1: {E3A7A159-C187-44D3-93E8-5EF961F4E0DD} 2: {8781D1D0-B490-C907-C01F-C8B3B9A1E18E} 3: 02:\SOFTWARE\Microsoft\Windows\CurrentVersion\SideBySide\Installations\amd64_Microsoft.VC80.CRT_1fc8b3b9a1e18e3b_8.0.50727.104_x-ww_9a220e62\downlevel_manifest.8.0.50727.104\ 
1: {E3A7A159-C187-44D3-93E8-5EF961F4E0DD} 2: {878485CB-B3B2-C904-B01F-C8B3B9A1E18E} 3: 02:\SOFTWARE\Microsoft\Windows\CurrentVersion\SideBySide\Installations\amd64_Microsoft.VC80.CRT_1fc8b3b9a1e18e3b_8.0.50727.101_x-ww_9a220e5f\downlevel_payload.8.0.50727.101\ 
1: {E3A7A159-C187-44D3-93E8-5EF961F4E0DD} 2: {8782B879-B446-C906-B01F-C8B3B9A1E18E} 3: 02:\SOFTWARE\Microsoft\Windows\CurrentVersion\SideBySide\Installations\amd64_Microsoft.VC80.CRT_1fc8b3b9a1e18e3b_8.0.50727.103_x-ww_9a220e61\downlevel_payload.8.0.50727.103\ 
1: {E3A7A159-C187-44D3-93E8-5EF961F4E0DD} 2: {8782BB52-B302-C906-C01F-C8B3B9A1E18E} 3: 02:\SOFTWARE\Microsoft\Windows\CurrentVersion\SideBySide\Installations\amd64_Microsoft.VC80.CRT_1fc8b3b9a1e18e3b_8.0.50727.193_x-ww_9a2b1098\downlevel_manifest.8.0.50727.193\ 
1: {E3A7A159-C187-44D3-93E8-5EF961F4E0DD} 2: {8781D1D0-B490-C907-B01F-C8B3B9A1E18E} 3: 02:\SOFTWARE\Microsoft\Windows\CurrentVersion\SideBySide\Installations\amd64_Microsoft.VC80.CRT_1fc8b3b9a1e18e3b_8.0.50727.104_x-ww_9a220e62\downlevel_payload.8.0.50727.104\ 
1: {E3A7A159-C187-44D3-93E8-5EF961F4E0DD} 2: {8782BB52-B302-C906-B01F-C8B3B9A1E18E} 3: 02:\SOFTWARE\Microsoft\Windows\CurrentVersion\SideBySide\Installations\amd64_Microsoft.VC80.CRT_1fc8b3b9a1e18e3b_8.0.50727.193_x-ww_9a2b1098\downlevel_payload.8.0.50727.193\ 
1: {E3A7A159-C187-44D3-93E8-5EF961F4E0DD} 2: {4F6D20F0-CCE5-1492-A01F-C8B3B9A1E18E} 3: <\policy.8.0.Microsoft.VC80.CRT,type="win32-policy",version="8.0.50727.762",publicKeyToken="1fc8b3b9a1e18e3b",processorArchitecture="amd64" 
1: {E3A7A159-C187-44D3-93E8-5EF961F4E0DD} 2: {52A1B53B-6F49-49E6-C01F-C8B3B9A1E18E} 3: 02:\SOFTWARE\Microsoft\Windows\CurrentVersion\SideBySide\Installations\amd64_policy.8.0.Microsoft.VC80.CRT_1fc8b3b9a1e18e3b_8.0.50727.762_x-ww_e12029e7\downlevel_manifest.8.0.50727.762\ 
1: {E3A7A159-C187-44D3-93E8-5EF961F4E0DD} 2: {4F6D20F0-CCE5-1492-C01F-C8B3B9A1E18E} 3: 02:\SOFTWARE\Microsoft\Windows\CurrentVersion\SideBySide\Installations\amd64_policy.8.0.Microsoft.VC80.CRT_1fc8b3b9a1e18e3b_8.0.50727.42_x-ww_83ee0db4\downlevel_manifest\ 
1: {E3A7A159-C187-44D3-93E8-5EF961F4E0DD} 2: {4F6D17C3-D381-1492-C01F-C8B3B9A1E18E} 3: 02:\SOFTWARE\Microsoft\Windows\CurrentVersion\SideBySide\Installations\amd64_policy.8.0.Microsoft.VC80.CRT_1fc8b3b9a1e18e3b_8.0.50727.89_x-ww_83f20eb7\downlevel_manifest.8.0.50727.89\ 
1: {E3A7A159-C187-44D3-93E8-5EF961F4E0DD} 2: {4F6D1304-D63F-1492-C01F-C8B3B9A1E18E} 3: 02:\SOFTWARE\Microsoft\Windows\CurrentVersion\SideBySide\Installations\amd64_policy.8.0.Microsoft.VC80.CRT_1fc8b3b9a1e18e3b_8.0.50727.93_x-ww_83f30ef0\downlevel_manifest.8.0.50727.93\ 
1: {E3A7A159-C187-44D3-93E8-5EF961F4E0DD} 2: {4F6D1355-D61B-1492-C01F-C8B3B9A1E18E} 3: 02:\SOFTWARE\Microsoft\Windows\CurrentVersion\SideBySide\Installations\amd64_policy.8.0.Microsoft.VC80.CRT_1fc8b3b9a1e18e3b_8.0.50727.94_x-ww_83f30ef1\downlevel_manifest.8.0.50727.94\ 
1: {E3A7A159-C187-44D3-93E8-5EF961F4E0DD} 2: {4F6D13A6-D5F7-1492-C01F-C8B3B9A1E18E} 3: 02:\SOFTWARE\Microsoft\Windows\CurrentVersion\SideBySide\Installations\amd64_policy.8.0.Microsoft.VC80.CRT_1fc8b3b9a1e18e3b_8.0.50727.95_x-ww_83f30ef2\downlevel_manifest.8.0.50727.95\ 
1: {E3A7A159-C187-44D3-93E8-5EF961F4E0DD} 2: {4F6D13F7-D5D3-1492-C01F-C8B3B9A1E18E} 3: 02:\SOFTWARE\Microsoft\Windows\CurrentVersion\SideBySide\Installations\amd64_policy.8.0.Microsoft.VC80.CRT_1fc8b3b9a1e18e3b_8.0.50727.96_x-ww_83f30ef3\downlevel_manifest.8.0.50727.96\ 
1: {E3A7A159-C187-44D3-93E8-5EF961F4E0DD} 2: {4F6D1448-D5AF-1492-C01F-C8B3B9A1E18E} 3: 02:\SOFTWARE\Microsoft\Windows\CurrentVersion\SideBySide\Installations\amd64_policy.8.0.Microsoft.VC80.CRT_1fc8b3b9a1e18e3b_8.0.50727.97_x-ww_83f30ef4\downlevel_manifest.8.0.50727.97\ 
1: {E3A7A159-C187-44D3-93E8-5EF961F4E0DD} 2: {4F6D1499-D58B-1492-C01F-C8B3B9A1E18E} 3: 02:\SOFTWARE\Microsoft\Windows\CurrentVersion\SideBySide\Installations\amd64_policy.8.0.Microsoft.VC80.CRT_1fc8b3b9a1e18e3b_8.0.50727.98_x-ww_83f30ef5\downlevel_manifest.8.0.50727.98\ 
1: {E3A7A159-C187-44D3-93E8-5EF961F4E0DD} 2: {4F6D14EA-D567-1492-C01F-C8B3B9A1E18E} 3: 02:\SOFTWARE\Microsoft\Windows\CurrentVersion\SideBySide\Installations\amd64_policy.8.0.Microsoft.VC80.CRT_1fc8b3b9a1e18e3b_8.0.50727.99_x-ww_83f30ef6\downlevel_manifest.8.0.50727.99\ 
1: {E3A7A159-C187-44D3-93E8-5EF961F4E0DD} 2: {52A391BD-6429-49E4-C01F-C8B3B9A1E18E} 3: 02:\SOFTWARE\Microsoft\Windows\CurrentVersion\SideBySide\Installations\amd64_policy.8.0.Microsoft.VC80.CRT_1fc8b3b9a1e18e3b_8.0.50727.100_x-ww_de25cb65\downlevel_manifest.8.0.50727.100\ 
1: {E3A7A159-C187-44D3-93E8-5EF961F4E0DD} 2: {52A2AB14-6473-49E5-C01F-C8B3B9A1E18E} 3: 02:\SOFTWARE\Microsoft\Windows\CurrentVersion\SideBySide\Installations\amd64_policy.8.0.Microsoft.VC80.CRT_1fc8b3b9a1e18e3b_8.0.50727.101_x-ww_de25cb66\downlevel_manifest.8.0.50727.101\ 
1: {E3A7A159-C187-44D3-93E8-5EF961F4E0DD} 2: {52A0DDC2-6507-49E7-C01F-C8B3B9A1E18E} 3: 02:\SOFTWARE\Microsoft\Windows\CurrentVersion\SideBySide\Installations\amd64_policy.8.0.Microsoft.VC80.CRT_1fc8b3b9a1e18e3b_8.0.50727.103_x-ww_de25cb68\downlevel_manifest.8.0.50727.103\ 
1: {E3A7A159-C187-44D3-93E8-5EF961F4E0DD} 2: {529FF719-6551-49E8-C01F-C8B3B9A1E18E} 3: 02:\SOFTWARE\Microsoft\Windows\CurrentVersion\SideBySide\Installations\amd64_policy.8.0.Microsoft.VC80.CRT_1fc8b3b9a1e18e3b_8.0.50727.104_x-ww_de25cb69\downlevel_manifest.8.0.50727.104\ 
1: {E3A7A159-C187-44D3-93E8-5EF961F4E0DD} 2: {52A0E09B-63C3-49E7-C01F-C8B3B9A1E18E} 3: 02:\SOFTWARE\Microsoft\Windows\CurrentVersion\SideBySide\Installations\amd64_policy.8.0.Microsoft.VC80.CRT_1fc8b3b9a1e18e3b_8.0.50727.193_x-ww_de2ecd9f\downlevel_manifest.8.0.50727.193\ 
1: {E3A7A159-C187-44D3-93E8-5EF961F4E0DD} 2: {8A667EE7-533C-C46A-C01F-C8B3B9A1E18E} 3: 02:\SOFTWARE\Microsoft\Windows\CurrentVersion\SideBySide\Installations\amd64_Microsoft.VC80.MFC_1fc8b3b9a1e18e3b_8.0.50727.762_x-ww_6e02dfe5\downlevel_manifest.8.0.50727.762\ 
1: {E3A7A159-C187-44D3-93E8-5EF961F4E0DD} 2: {8731EA9C-B0D8-8F16-A01F-C8B3B9A1E18E} 3: <\Microsoft.VC80.MFC,type="win32",version="8.0.50727.762",publicKeyToken="1fc8b3b9a1e18e3b",processorArchitecture="amd64" 
1: {E3A7A159-C187-44D3-93E8-5EF961F4E0DD} 2: {8A667EE7-533C-C46A-B01F-C8B3B9A1E18E} 3: 02:\SOFTWARE\Microsoft\Windows\CurrentVersion\SideBySide\Installations\amd64_Microsoft.VC80.MFC_1fc8b3b9a1e18e3b_8.0.50727.762_x-ww_6e02dfe5\downlevel_payload.8.0.50727.762\ 
1: {E3A7A159-C187-44D3-93E8-5EF961F4E0DD} 2: {8731EA9C-B0D8-8F16-B01F-C8B3B9A1E18E} 3: 02:\SOFTWARE\Microsoft\Windows\CurrentVersion\SideBySide\Installations\amd64_Microsoft.VC80.MFC_1fc8b3b9a1e18e3b_8.0.50727.42_x-ww_10d0c3b2\downlevel_payload\ 
1: {E3A7A159-C187-44D3-93E8-5EF961F4E0DD} 2: {8731EA9C-B0D8-8F16-C01F-C8B3B9A1E18E} 3: 02:\SOFTWARE\Microsoft\Windows\CurrentVersion\SideBySide\Installations\amd64_Microsoft.VC80.MFC_1fc8b3b9a1e18e3b_8.0.50727.42_x-ww_10d0c3b2\downlevel_manifest\ 
1: {E3A7A159-C187-44D3-93E8-5EF961F4E0DD} 2: {8731E16F-B774-8F16-C01F-C8B3B9A1E18E} 3: 02:\SOFTWARE\Microsoft\Windows\CurrentVersion\SideBySide\Installations\amd64_Microsoft.VC80.MFC_1fc8b3b9a1e18e3b_8.0.50727.89_x-ww_10d4c4b5\downlevel_manifest.8.0.50727.89\ 
1: {E3A7A159-C187-44D3-93E8-5EF961F4E0DD} 2: {8731DCB0-BA32-8F16-C01F-C8B3B9A1E18E} 3: 02:\SOFTWARE\Microsoft\Windows\CurrentVersion\SideBySide\Installations\amd64_Microsoft.VC80.MFC_1fc8b3b9a1e18e3b_8.0.50727.93_x-ww_10d5c4ee\downlevel_manifest.8.0.50727.93\ 
1: {E3A7A159-C187-44D3-93E8-5EF961F4E0DD} 2: {8731E16F-B774-8F16-B01F-C8B3B9A1E18E} 3: 02:\SOFTWARE\Microsoft\Windows\CurrentVersion\SideBySide\Installations\amd64_Microsoft.VC80.MFC_1fc8b3b9a1e18e3b_8.0.50727.89_x-ww_10d4c4b5\downlevel_payload.8.0.50727.89\ 
1: {E3A7A159-C187-44D3-93E8-5EF961F4E0DD} 2: {8731DD52-B9EA-8F16-C01F-C8B3B9A1E18E} 3: 02:\SOFTWARE\Microsoft\Windows\CurrentVersion\SideBySide\Installations\amd64_Microsoft.VC80.MFC_1fc8b3b9a1e18e3b_8.0.50727.95_x-ww_10d5c4f0\downlevel_manifest.8.0.50727.95\ 
1: {E3A7A159-C187-44D3-93E8-5EF961F4E0DD} 2: {8731DCB0-BA32-8F16-B01F-C8B3B9A1E18E} 3: 02:\SOFTWARE\Microsoft\Windows\CurrentVersion\SideBySide\Installations\amd64_Microsoft.VC80.MFC_1fc8b3b9a1e18e3b_8.0.50727.93_x-ww_10d5c4ee\downlevel_payload.8.0.50727.93\ 
1: {E3A7A159-C187-44D3-93E8-5EF961F4E0DD} 2: {8731DD01-BA0E-8F16-C01F-C8B3B9A1E18E} 3: 02:\SOFTWARE\Microsoft\Windows\CurrentVersion\SideBySide\Installations\amd64_Microsoft.VC80.MFC_1fc8b3b9a1e18e3b_8.0.50727.94_x-ww_10d5c4ef\downlevel_manifest.8.0.50727.94\ 
1: {E3A7A159-C187-44D3-93E8-5EF961F4E0DD} 2: {8731DDA3-B9C6-8F16-C01F-C8B3B9A1E18E} 3: 02:\SOFTWARE\Microsoft\Windows\CurrentVersion\SideBySide\Installations\amd64_Microsoft.VC80.MFC_1fc8b3b9a1e18e3b_8.0.50727.96_x-ww_10d5c4f1\downlevel_manifest.8.0.50727.96\ 
1: {E3A7A159-C187-44D3-93E8-5EF961F4E0DD} 2: {8731DD52-B9EA-8F16-B01F-C8B3B9A1E18E} 3: 02:\SOFTWARE\Microsoft\Windows\CurrentVersion\SideBySide\Installations\amd64_Microsoft.VC80.MFC_1fc8b3b9a1e18e3b_8.0.50727.95_x-ww_10d5c4f0\downlevel_payload.8.0.50727.95\ 
1: {E3A7A159-C187-44D3-93E8-5EF961F4E0DD} 2: {8731DD01-BA0E-8F16-B01F-C8B3B9A1E18E} 3: 02:\SOFTWARE\Microsoft\Windows\CurrentVersion\SideBySide\Installations\amd64_Microsoft.VC80.MFC_1fc8b3b9a1e18e3b_8.0.50727.94_x-ww_10d5c4ef\downlevel_payload.8.0.50727.94\ 
1: {E3A7A159-C187-44D3-93E8-5EF961F4E0DD} 2: {8731DDF4-B9A2-8F16-C01F-C8B3B9A1E18E} 3: 02:\SOFTWARE\Microsoft\Windows\CurrentVersion\SideBySide\Installations\amd64_Microsoft.VC80.MFC_1fc8b3b9a1e18e3b_8.0.50727.97_x-ww_10d5c4f2\downlevel_manifest.8.0.50727.97\ 
1: {E3A7A159-C187-44D3-93E8-5EF961F4E0DD} 2: {8731DDA3-B9C6-8F16-B01F-C8B3B9A1E18E} 3: 02:\SOFTWARE\Microsoft\Windows\CurrentVersion\SideBySide\Installations\amd64_Microsoft.VC80.MFC_1fc8b3b9a1e18e3b_8.0.50727.96_x-ww_10d5c4f1\downlevel_payload.8.0.50727.96\ 
1: {E3A7A159-C187-44D3-93E8-5EF961F4E0DD} 2: {8731DE45-B97E-8F16-C01F-C8B3B9A1E18E} 3: 02:\SOFTWARE\Microsoft\Windows\CurrentVersion\SideBySide\Installations\amd64_Microsoft.VC80.MFC_1fc8b3b9a1e18e3b_8.0.50727.98_x-ww_10d5c4f3\downlevel_manifest.8.0.50727.98\ 
1: {E3A7A159-C187-44D3-93E8-5EF961F4E0DD} 2: {8731DDF4-B9A2-8F16-B01F-C8B3B9A1E18E} 3: 02:\SOFTWARE\Microsoft\Windows\CurrentVersion\SideBySide\Installations\amd64_Microsoft.VC80.MFC_1fc8b3b9a1e18e3b_8.0.50727.97_x-ww_10d5c4f2\downlevel_payload.8.0.50727.97\ 
1: {E3A7A159-C187-44D3-93E8-5EF961F4E0DD} 2: {8731DE96-B95A-8F16-C01F-C8B3B9A1E18E} 3: 02:\SOFTWARE\Microsoft\Windows\CurrentVersion\SideBySide\Installations\amd64_Microsoft.VC80.MFC_1fc8b3b9a1e18e3b_8.0.50727.99_x-ww_10d5c4f4\downlevel_manifest.8.0.50727.99\ 
1: {E3A7A159-C187-44D3-93E8-5EF961F4E0DD} 2: {8731DE45-B97E-8F16-B01F-C8B3B9A1E18E} 3: 02:\SOFTWARE\Microsoft\Windows\CurrentVersion\SideBySide\Installations\amd64_Microsoft.VC80.MFC_1fc8b3b9a1e18e3b_8.0.50727.98_x-ww_10d5c4f3\downlevel_payload.8.0.50727.98\ 
1: {E3A7A159-C187-44D3-93E8-5EF961F4E0DD} 2: {8A685B69-481C-C468-C01F-C8B3B9A1E18E} 3: 02:\SOFTWARE\Microsoft\Windows\CurrentVersion\SideBySide\Installations\amd64_Microsoft.VC80.MFC_1fc8b3b9a1e18e3b_8.0.50727.100_x-ww_6b088163\downlevel_manifest.8.0.50727.100\ 
1: {E3A7A159-C187-44D3-93E8-5EF961F4E0DD} 2: {8731DE96-B95A-8F16-B01F-C8B3B9A1E18E} 3: 02:\SOFTWARE\Microsoft\Windows\CurrentVersion\SideBySide\Installations\amd64_Microsoft.VC80.MFC_1fc8b3b9a1e18e3b_8.0.50727.99_x-ww_10d5c4f4\downlevel_payload.8.0.50727.99\ 
1: {E3A7A159-C187-44D3-93E8-5EF961F4E0DD} 2: {8A6774C0-4866-C469-C01F-C8B3B9A1E18E} 3: 02:\SOFTWARE\Microsoft\Windows\CurrentVersion\SideBySide\Installations\amd64_Microsoft.VC80.MFC_1fc8b3b9a1e18e3b_8.0.50727.101_x-ww_6b088164\downlevel_manifest.8.0.50727.101\ 
1: {E3A7A159-C187-44D3-93E8-5EF961F4E0DD} 2: {8A685B69-481C-C468-B01F-C8B3B9A1E18E} 3: 02:\SOFTWARE\Microsoft\Windows\CurrentVersion\SideBySide\Installations\amd64_Microsoft.VC80.MFC_1fc8b3b9a1e18e3b_8.0.50727.100_x-ww_6b088163\downlevel_payload.8.0.50727.100\ 
1: {E3A7A159-C187-44D3-93E8-5EF961F4E0DD} 2: {8A65A76E-48FA-C46B-C01F-C8B3B9A1E18E} 3: 02:\SOFTWARE\Microsoft\Windows\CurrentVersion\SideBySide\Installations\amd64_Microsoft.VC80.MFC_1fc8b3b9a1e18e3b_8.0.50727.103_x-ww_6b088166\downlevel_manifest.8.0.50727.103\ 
1: {E3A7A159-C187-44D3-93E8-5EF961F4E0DD} 2: {8A6774C0-4866-C469-B01F-C8B3B9A1E18E} 3: 02:\SOFTWARE\Microsoft\Windows\CurrentVersion\SideBySide\Installations\amd64_Microsoft.VC80.MFC_1fc8b3b9a1e18e3b_8.0.50727.101_x-ww_6b088164\downlevel_payload.8.0.50727.101\ 
1: {E3A7A159-C187-44D3-93E8-5EF961F4E0DD} 2: {8A64C0C5-4944-C46C-C01F-C8B3B9A1E18E} 3: 02:\SOFTWARE\Microsoft\Windows\CurrentVersion\SideBySide\Installations\amd64_Microsoft.VC80.MFC_1fc8b3b9a1e18e3b_8.0.50727.104_x-ww_6b088167\downlevel_manifest.8.0.50727.104\ 
1: {E3A7A159-C187-44D3-93E8-5EF961F4E0DD} 2: {8A65A76E-48FA-C46B-B01F-C8B3B9A1E18E} 3: 02:\SOFTWARE\Microsoft\Windows\CurrentVersion\SideBySide\Installations\amd64_Microsoft.VC80.MFC_1fc8b3b9a1e18e3b_8.0.50727.103_x-ww_6b088166\downlevel_payload.8.0.50727.103\ 
1: {E3A7A159-C187-44D3-93E8-5EF961F4E0DD} 2: {8A64C0C5-4944-C46C-B01F-C8B3B9A1E18E} 3: 02:\SOFTWARE\Microsoft\Windows\CurrentVersion\SideBySide\Installations\amd64_Microsoft.VC80.MFC_1fc8b3b9a1e18e3b_8.0.50727.104_x-ww_6b088167\downlevel_payload.8.0.50727.104\ 
1: {E3A7A159-C187-44D3-93E8-5EF961F4E0DD} 2: {8A65AA47-47B6-C46B-C01F-C8B3B9A1E18E} 3: 02:\SOFTWARE\Microsoft\Windows\CurrentVersion\SideBySide\Installations\amd64_Microsoft.VC80.MFC_1fc8b3b9a1e18e3b_8.0.50727.193_x-ww_6b11839d\downlevel_manifest.8.0.50727.193\ 
1: {E3A7A159-C187-44D3-93E8-5EF961F4E0DD} 2: {8A65AA47-47B6-C46B-B01F-C8B3B9A1E18E} 3: 02:\SOFTWARE\Microsoft\Windows\CurrentVersion\SideBySide\Installations\amd64_Microsoft.VC80.MFC_1fc8b3b9a1e18e3b_8.0.50727.193_x-ww_6b11839d\downlevel_payload.8.0.50727.193\ 
1: {E3A7A159-C187-44D3-93E8-5EF961F4E0DD} 2: {543B9DD3-E71B-0D13-A01F-C8B3B9A1E18E} 3: <\policy.8.0.Microsoft.VC80.MFC,type="win32-policy",version="8.0.50727.762",publicKeyToken="1fc8b3b9a1e18e3b",processorArchitecture="amd64" 
1: {E3A7A159-C187-44D3-93E8-5EF961F4E0DD} 2: {5770321E-897F-4267-C01F-C8B3B9A1E18E} 3: 02:\SOFTWARE\Microsoft\Windows\CurrentVersion\SideBySide\Installations\amd64_policy.8.0.Microsoft.VC80.MFC_1fc8b3b9a1e18e3b_8.0.50727.762_x-ww_b2069cec\downlevel_manifest.8.0.50727.762\ 
1: {E3A7A159-C187-44D3-93E8-5EF961F4E0DD} 2: {543B9DD3-E71B-0D13-C01F-C8B3B9A1E18E} 3: 02:\SOFTWARE\Microsoft\Windows\CurrentVersion\SideBySide\Installations\amd64_policy.8.0.Microsoft.VC80.MFC_1fc8b3b9a1e18e3b_8.0.50727.42_x-ww_54d480b9\downlevel_manifest\ 
1: {E3A7A159-C187-44D3-93E8-5EF961F4E0DD} 2: {543B94A6-EDB7-0D13-C01F-C8B3B9A1E18E} 3: 02:\SOFTWARE\Microsoft\Windows\CurrentVersion\SideBySide\Installations\amd64_policy.8.0.Microsoft.VC80.MFC_1fc8b3b9a1e18e3b_8.0.50727.89_x-ww_54d881bc\downlevel_manifest.8.0.50727.89\ 
1: {E3A7A159-C187-44D3-93E8-5EF961F4E0DD} 2: {543B8FE7-F075-0D13-C01F-C8B3B9A1E18E} 3: 02:\SOFTWARE\Microsoft\Windows\CurrentVersion\SideBySide\Installations\amd64_policy.8.0.Microsoft.VC80.MFC_1fc8b3b9a1e18e3b_8.0.50727.93_x-ww_54d981f5\downlevel_manifest.8.0.50727.93\ 
1: {E3A7A159-C187-44D3-93E8-5EF961F4E0DD} 2: {543B9038-F051-0D13-C01F-C8B3B9A1E18E} 3: 02:\SOFTWARE\Microsoft\Windows\CurrentVersion\SideBySide\Installations\amd64_policy.8.0.Microsoft.VC80.MFC_1fc8b3b9a1e18e3b_8.0.50727.94_x-ww_54d981f6\downlevel_manifest.8.0.50727.94\ 
1: {E3A7A159-C187-44D3-93E8-5EF961F4E0DD} 2: {543B9089-F02D-0D13-C01F-C8B3B9A1E18E} 3: 02:\SOFTWARE\Microsoft\Windows\CurrentVersion\SideBySide\Installations\amd64_policy.8.0.Microsoft.VC80.MFC_1fc8b3b9a1e18e3b_8.0.50727.95_x-ww_54d981f7\downlevel_manifest.8.0.50727.95\ 
1: {E3A7A159-C187-44D3-93E8-5EF961F4E0DD} 2: {543B90DA-F009-0D13-C01F-C8B3B9A1E18E} 3: 02:\SOFTWARE\Microsoft\Windows\CurrentVersion\SideBySide\Installations\amd64_policy.8.0.Microsoft.VC80.MFC_1fc8b3b9a1e18e3b_8.0.50727.96_x-ww_54d981f8\downlevel_manifest.8.0.50727.96\ 
1: {E3A7A159-C187-44D3-93E8-5EF961F4E0DD} 2: {543B912B-EFE5-0D13-C01F-C8B3B9A1E18E} 3: 02:\SOFTWARE\Microsoft\Windows\CurrentVersion\SideBySide\Installations\amd64_policy.8.0.Microsoft.VC80.MFC_1fc8b3b9a1e18e3b_8.0.50727.97_x-ww_54d981f9\downlevel_manifest.8.0.50727.97\ 
1: {E3A7A159-C187-44D3-93E8-5EF961F4E0DD} 2: {543B917C-EFC1-0D13-C01F-C8B3B9A1E18E} 3: 02:\SOFTWARE\Microsoft\Windows\CurrentVersion\SideBySide\Installations\amd64_policy.8.0.Microsoft.VC80.MFC_1fc8b3b9a1e18e3b_8.0.50727.98_x-ww_54d981fa\downlevel_manifest.8.0.50727.98\ 
1: {E3A7A159-C187-44D3-93E8-5EF961F4E0DD} 2: {543B91CD-EF9D-0D13-C01F-C8B3B9A1E18E} 3: 02:\SOFTWARE\Microsoft\Windows\CurrentVersion\SideBySide\Installations\amd64_policy.8.0.Microsoft.VC80.MFC_1fc8b3b9a1e18e3b_8.0.50727.99_x-ww_54d981fb\downlevel_manifest.8.0.50727.99\ 
1: {E3A7A159-C187-44D3-93E8-5EF961F4E0DD} 2: {57720EA0-7E5F-4265-C01F-C8B3B9A1E18E} 3: 02:\SOFTWARE\Microsoft\Windows\CurrentVersion\SideBySide\Installations\amd64_policy.8.0.Microsoft.VC80.MFC_1fc8b3b9a1e18e3b_8.0.50727.100_x-ww_af0c3e6a\downlevel_manifest.8.0.50727.100\ 
1: {E3A7A159-C187-44D3-93E8-5EF961F4E0DD} 2: {577127F7-7EA9-4266-C01F-C8B3B9A1E18E} 3: 02:\SOFTWARE\Microsoft\Windows\CurrentVersion\SideBySide\Installations\amd64_policy.8.0.Microsoft.VC80.MFC_1fc8b3b9a1e18e3b_8.0.50727.101_x-ww_af0c3e6b\downlevel_manifest.8.0.50727.101\ 
1: {E3A7A159-C187-44D3-93E8-5EF961F4E0DD} 2: {576F5AA5-7F3D-4268-C01F-C8B3B9A1E18E} 3: 02:\SOFTWARE\Microsoft\Windows\CurrentVersion\SideBySide\Installations\amd64_policy.8.0.Microsoft.VC80.MFC_1fc8b3b9a1e18e3b_8.0.50727.103_x-ww_af0c3e6d\downlevel_manifest.8.0.50727.103\ 
1: {E3A7A159-C187-44D3-93E8-5EF961F4E0DD} 2: {576E73FC-7F87-4269-C01F-C8B3B9A1E18E} 3: 02:\SOFTWARE\Microsoft\Windows\CurrentVersion\SideBySide\Installations\amd64_policy.8.0.Microsoft.VC80.MFC_1fc8b3b9a1e18e3b_8.0.50727.104_x-ww_af0c3e6e\downlevel_manifest.8.0.50727.104\ 
1: {E3A7A159-C187-44D3-93E8-5EF961F4E0DD} 2: {576F5D7E-7DF9-4268-C01F-C8B3B9A1E18E} 3: 02:\SOFTWARE\Microsoft\Windows\CurrentVersion\SideBySide\Installations\amd64_policy.8.0.Microsoft.VC80.MFC_1fc8b3b9a1e18e3b_8.0.50727.193_x-ww_af1540a4\downlevel_manifest.8.0.50727.193\ 
1: {E3A7A159-C187-44D3-93E8-5EF961F4E0DD} 2: {608113E0-F3B6-C6EE-A01F-C8B3B9A1E18E} 3: <\Microsoft.VC80.MFCLOC,type="win32",version="8.0.50727.762",publicKeyToken="1fc8b3b9a1e18e3b",processorArchitecture="amd64" 
1: {E3A7A159-C187-44D3-93E8-5EF961F4E0DD} 2: {63B5A82B-961A-FC42-B01F-C8B3B9A1E18E} 3: 02:\SOFTWARE\Microsoft\Windows\CurrentVersion\SideBySide\Installations\amd64_Microsoft.VC80.MFCLOC_1fc8b3b9a1e18e3b_8.0.50727.762_x-ww_c351f8e3\downlevel_payload.8.0.50727.762\ 
1: {E3A7A159-C187-44D3-93E8-5EF961F4E0DD} 2: {63B5A82B-961A-FC42-C01F-C8B3B9A1E18E} 3: 02:\SOFTWARE\Microsoft\Windows\CurrentVersion\SideBySide\Installations\amd64_Microsoft.VC80.MFCLOC_1fc8b3b9a1e18e3b_8.0.50727.762_x-ww_c351f8e3\downlevel_manifest.8.0.50727.762\ 
1: {E3A7A159-C187-44D3-93E8-5EF961F4E0DD} 2: {608113E0-F3B6-C6EE-B01F-C8B3B9A1E18E} 3: 02:\SOFTWARE\Microsoft\Windows\CurrentVersion\SideBySide\Installations\amd64_Microsoft.VC80.MFCLOC_1fc8b3b9a1e18e3b_8.0.50727.42_x-ww_661fdcb0\downlevel_payload\ 
1: {E3A7A159-C187-44D3-93E8-5EF961F4E0DD} 2: {608113E0-F3B6-C6EE-C01F-C8B3B9A1E18E} 3: 02:\SOFTWARE\Microsoft\Windows\CurrentVersion\SideBySide\Installations\amd64_Microsoft.VC80.MFCLOC_1fc8b3b9a1e18e3b_8.0.50727.42_x-ww_661fdcb0\downlevel_manifest\ 
1: {E3A7A159-C187-44D3-93E8-5EF961F4E0DD} 2: {608106E7-FCA4-C6EE-C01F-C8B3B9A1E18E} 3: 02:\SOFTWARE\Microsoft\Windows\CurrentVersion\SideBySide\Installations\amd64_Microsoft.VC80.MFCLOC_1fc8b3b9a1e18e3b_8.0.50727.96_x-ww_6624ddef\downlevel_manifest.8.0.50727.96\ 
1: {E3A7A159-C187-44D3-93E8-5EF961F4E0DD} 2: {608105F4-FD10-C6EE-C01F-C8B3B9A1E18E} 3: 02:\SOFTWARE\Microsoft\Windows\CurrentVersion\SideBySide\Installations\amd64_Microsoft.VC80.MFCLOC_1fc8b3b9a1e18e3b_8.0.50727.93_x-ww_6624ddec\downlevel_manifest.8.0.50727.93\ 
1: {E3A7A159-C187-44D3-93E8-5EF961F4E0DD} 2: {60810AB3-FA52-C6EE-C01F-C8B3B9A1E18E} 3: 02:\SOFTWARE\Microsoft\Windows\CurrentVersion\SideBySide\Installations\amd64_Microsoft.VC80.MFCLOC_1fc8b3b9a1e18e3b_8.0.50727.89_x-ww_6623ddb3\downlevel_manifest.8.0.50727.89\ 
1: {E3A7A159-C187-44D3-93E8-5EF961F4E0DD} 2: {60810AB3-FA52-C6EE-B01F-C8B3B9A1E18E} 3: 02:\SOFTWARE\Microsoft\Windows\CurrentVersion\SideBySide\Installations\amd64_Microsoft.VC80.MFCLOC_1fc8b3b9a1e18e3b_8.0.50727.89_x-ww_6623ddb3\downlevel_payload.8.0.50727.89\ 
1: {E3A7A159-C187-44D3-93E8-5EF961F4E0DD} 2: {608105F4-FD10-C6EE-B01F-C8B3B9A1E18E} 3: 02:\SOFTWARE\Microsoft\Windows\CurrentVersion\SideBySide\Installations\amd64_Microsoft.VC80.MFCLOC_1fc8b3b9a1e18e3b_8.0.50727.93_x-ww_6624ddec\downlevel_payload.8.0.50727.93\ 
1: {E3A7A159-C187-44D3-93E8-5EF961F4E0DD} 2: {60810738-FC80-C6EE-C01F-C8B3B9A1E18E} 3: 02:\SOFTWARE\Microsoft\Windows\CurrentVersion\SideBySide\Installations\amd64_Microsoft.VC80.MFCLOC_1fc8b3b9a1e18e3b_8.0.50727.97_x-ww_6624ddf0\downlevel_manifest.8.0.50727.97\ 
1: {E3A7A159-C187-44D3-93E8-5EF961F4E0DD} 2: {60810696-FCC8-C6EE-C01F-C8B3B9A1E18E} 3: 02:\SOFTWARE\Microsoft\Windows\CurrentVersion\SideBySide\Installations\amd64_Microsoft.VC80.MFCLOC_1fc8b3b9a1e18e3b_8.0.50727.95_x-ww_6624ddee\downlevel_manifest.8.0.50727.95\ 
1: {E3A7A159-C187-44D3-93E8-5EF961F4E0DD} 2: {60810645-FCEC-C6EE-C01F-C8B3B9A1E18E} 3: 02:\SOFTWARE\Microsoft\Windows\CurrentVersion\SideBySide\Installations\amd64_Microsoft.VC80.MFCLOC_1fc8b3b9a1e18e3b_8.0.50727.94_x-ww_6624dded\downlevel_manifest.8.0.50727.94\ 
1: {E3A7A159-C187-44D3-93E8-5EF961F4E0DD} 2: {608106E7-FCA4-C6EE-B01F-C8B3B9A1E18E} 3: 02:\SOFTWARE\Microsoft\Windows\CurrentVersion\SideBySide\Installations\amd64_Microsoft.VC80.MFCLOC_1fc8b3b9a1e18e3b_8.0.50727.96_x-ww_6624ddef\downlevel_payload.8.0.50727.96\ 
1: {E3A7A159-C187-44D3-93E8-5EF961F4E0DD} 2: {60810696-FCC8-C6EE-B01F-C8B3B9A1E18E} 3: 02:\SOFTWARE\Microsoft\Windows\CurrentVersion\SideBySide\Installations\amd64_Microsoft.VC80.MFCLOC_1fc8b3b9a1e18e3b_8.0.50727.95_x-ww_6624ddee\downlevel_payload.8.0.50727.95\ 
1: {E3A7A159-C187-44D3-93E8-5EF961F4E0DD} 2: {60810645-FCEC-C6EE-B01F-C8B3B9A1E18E} 3: 02:\SOFTWARE\Microsoft\Windows\CurrentVersion\SideBySide\Installations\amd64_Microsoft.VC80.MFCLOC_1fc8b3b9a1e18e3b_8.0.50727.94_x-ww_6624dded\downlevel_payload.8.0.50727.94\ 
1: {E3A7A159-C187-44D3-93E8-5EF961F4E0DD} 2: {60810789-FC5C-C6EE-C01F-C8B3B9A1E18E} 3: 02:\SOFTWARE\Microsoft\Windows\CurrentVersion\SideBySide\Installations\amd64_Microsoft.VC80.MFCLOC_1fc8b3b9a1e18e3b_8.0.50727.98_x-ww_6624ddf1\downlevel_manifest.8.0.50727.98\ 
1: {E3A7A159-C187-44D3-93E8-5EF961F4E0DD} 2: {60810738-FC80-C6EE-B01F-C8B3B9A1E18E} 3: 02:\SOFTWARE\Microsoft\Windows\CurrentVersion\SideBySide\Installations\amd64_Microsoft.VC80.MFCLOC_1fc8b3b9a1e18e3b_8.0.50727.97_x-ww_6624ddf0\downlevel_payload.8.0.50727.97\ 
1: {E3A7A159-C187-44D3-93E8-5EF961F4E0DD} 2: {608107DA-FC38-C6EE-C01F-C8B3B9A1E18E} 3: 02:\SOFTWARE\Microsoft\Windows\CurrentVersion\SideBySide\Installations\amd64_Microsoft.VC80.MFCLOC_1fc8b3b9a1e18e3b_8.0.50727.99_x-ww_6624ddf2\downlevel_manifest.8.0.50727.99\ 
1: {E3A7A159-C187-44D3-93E8-5EF961F4E0DD} 2: {60810789-FC5C-C6EE-B01F-C8B3B9A1E18E} 3: 02:\SOFTWARE\Microsoft\Windows\CurrentVersion\SideBySide\Installations\amd64_Microsoft.VC80.MFCLOC_1fc8b3b9a1e18e3b_8.0.50727.98_x-ww_6624ddf1\downlevel_payload.8.0.50727.98\ 
1: {E3A7A159-C187-44D3-93E8-5EF961F4E0DD} 2: {608107DA-FC38-C6EE-B01F-C8B3B9A1E18E} 3: 02:\SOFTWARE\Microsoft\Windows\CurrentVersion\SideBySide\Installations\amd64_Microsoft.VC80.MFCLOC_1fc8b3b9a1e18e3b_8.0.50727.99_x-ww_6624ddf2\downlevel_payload.8.0.50727.99\ 
1: {E3A7A159-C187-44D3-93E8-5EF961F4E0DD} 2: {63B784AD-8AFA-FC40-C01F-C8B3B9A1E18E} 3: 02:\SOFTWARE\Microsoft\Windows\CurrentVersion\SideBySide\Installations\amd64_Microsoft.VC80.MFCLOC_1fc8b3b9a1e18e3b_8.0.50727.100_x-ww_c0579a61\downlevel_manifest.8.0.50727.100\ 
1: {E3A7A159-C187-44D3-93E8-5EF961F4E0DD} 2: {63B784AD-8AFA-FC40-B01F-C8B3B9A1E18E} 3: 02:\SOFTWARE\Microsoft\Windows\CurrentVersion\SideBySide\Installations\amd64_Microsoft.VC80.MFCLOC_1fc8b3b9a1e18e3b_8.0.50727.100_x-ww_c0579a61\downlevel_payload.8.0.50727.100\ 
1: {E3A7A159-C187-44D3-93E8-5EF961F4E0DD} 2: {63B69E04-8B44-FC41-C01F-C8B3B9A1E18E} 3: 02:\SOFTWARE\Microsoft\Windows\CurrentVersion\SideBySide\Installations\amd64_Microsoft.VC80.MFCLOC_1fc8b3b9a1e18e3b_8.0.50727.101_x-ww_c0579a62\downlevel_manifest.8.0.50727.101\ 
1: {E3A7A159-C187-44D3-93E8-5EF961F4E0DD} 2: {63B69E04-8B44-FC41-B01F-C8B3B9A1E18E} 3: 02:\SOFTWARE\Microsoft\Windows\CurrentVersion\SideBySide\Installations\amd64_Microsoft.VC80.MFCLOC_1fc8b3b9a1e18e3b_8.0.50727.101_x-ww_c0579a62\downlevel_payload.8.0.50727.101\ 
1: {E3A7A159-C187-44D3-93E8-5EF961F4E0DD} 2: {63B4D0B2-8BD8-FC43-C01F-C8B3B9A1E18E} 3: 02:\SOFTWARE\Microsoft\Windows\CurrentVersion\SideBySide\Installations\amd64_Microsoft.VC80.MFCLOC_1fc8b3b9a1e18e3b_8.0.50727.103_x-ww_c0579a64\downlevel_manifest.8.0.50727.103\ 
1: {E3A7A159-C187-44D3-93E8-5EF961F4E0DD} 2: {63B4D0B2-8BD8-FC43-B01F-C8B3B9A1E18E} 3: 02:\SOFTWARE\Microsoft\Windows\CurrentVersion\SideBySide\Installations\amd64_Microsoft.VC80.MFCLOC_1fc8b3b9a1e18e3b_8.0.50727.103_x-ww_c0579a64\downlevel_payload.8.0.50727.103\ 
1: {E3A7A159-C187-44D3-93E8-5EF961F4E0DD} 2: {63B3EA09-8C22-FC44-C01F-C8B3B9A1E18E} 3: 02:\SOFTWARE\Microsoft\Windows\CurrentVersion\SideBySide\Installations\amd64_Microsoft.VC80.MFCLOC_1fc8b3b9a1e18e3b_8.0.50727.104_x-ww_c0579a65\downlevel_manifest.8.0.50727.104\ 
1: {E3A7A159-C187-44D3-93E8-5EF961F4E0DD} 2: {63B3EA09-8C22-FC44-B01F-C8B3B9A1E18E} 3: 02:\SOFTWARE\Microsoft\Windows\CurrentVersion\SideBySide\Installations\amd64_Microsoft.VC80.MFCLOC_1fc8b3b9a1e18e3b_8.0.50727.104_x-ww_c0579a65\downlevel_payload.8.0.50727.104\ 
1: {E3A7A159-C187-44D3-93E8-5EF961F4E0DD} 2: {63B4D38B-8A94-FC43-C01F-C8B3B9A1E18E} 3: 02:\SOFTWARE\Microsoft\Windows\CurrentVersion\SideBySide\Installations\amd64_Microsoft.VC80.MFCLOC_1fc8b3b9a1e18e3b_8.0.50727.193_x-ww_c0609c9b\downlevel_manifest.8.0.50727.193\ 
1: {E3A7A159-C187-44D3-93E8-5EF961F4E0DD} 2: {63B4D38B-8A94-FC43-B01F-C8B3B9A1E18E} 3: 02:\SOFTWARE\Microsoft\Windows\CurrentVersion\SideBySide\Installations\amd64_Microsoft.VC80.MFCLOC_1fc8b3b9a1e18e3b_8.0.50727.193_x-ww_c0609c9b\downlevel_payload.8.0.50727.193\ 
1: {E3A7A159-C187-44D3-93E8-5EF961F4E0DD} 2: {BDF6E439-056A-10D7-A01F-C8B3B9A1E18E} 3: <\policy.8.0.Microsoft.VC80.MFCLOC,type="win32-policy",version="8.0.50727.762",publicKeyToken="1fc8b3b9a1e18e3b",processorArchitecture="amd64" 
1: {E3A7A159-C187-44D3-93E8-5EF961F4E0DD} 2: {C12B7884-A7CE-462A-C01F-C8B3B9A1E18E} 3: 02:\SOFTWARE\Microsoft\Windows\CurrentVersion\SideBySide\Installations\amd64_policy.8.0.Microsoft.VC80.MFCLOC_1fc8b3b9a1e18e3b_8.0.50727.762_x-ww_f2f7074a\downlevel_manifest.8.0.50727.762\ 
1: {E3A7A159-C187-44D3-93E8-5EF961F4E0DD} 2: {BDF6E439-056A-10D7-C01F-C8B3B9A1E18E} 3: 02:\SOFTWARE\Microsoft\Windows\CurrentVersion\SideBySide\Installations\amd64_policy.8.0.Microsoft.VC80.MFCLOC_1fc8b3b9a1e18e3b_8.0.50727.42_x-ww_95c4eb17\downlevel_manifest\ 
1: {E3A7A159-C187-44D3-93E8-5EF961F4E0DD} 2: {BDF6DB0C-0C06-10D7-C01F-C8B3B9A1E18E} 3: 02:\SOFTWARE\Microsoft\Windows\CurrentVersion\SideBySide\Installations\amd64_policy.8.0.Microsoft.VC80.MFCLOC_1fc8b3b9a1e18e3b_8.0.50727.89_x-ww_95c8ec1a\downlevel_manifest.8.0.50727.89\ 
1: {E3A7A159-C187-44D3-93E8-5EF961F4E0DD} 2: {BDF6D64D-0EC4-10D7-C01F-C8B3B9A1E18E} 3: 02:\SOFTWARE\Microsoft\Windows\CurrentVersion\SideBySide\Installations\amd64_policy.8.0.Microsoft.VC80.MFCLOC_1fc8b3b9a1e18e3b_8.0.50727.93_x-ww_95c9ec53\downlevel_manifest.8.0.50727.93\ 
1: {E3A7A159-C187-44D3-93E8-5EF961F4E0DD} 2: {BDF6D69E-0EA0-10D7-C01F-C8B3B9A1E18E} 3: 02:\SOFTWARE\Microsoft\Windows\CurrentVersion\SideBySide\Installations\amd64_policy.8.0.Microsoft.VC80.MFCLOC_1fc8b3b9a1e18e3b_8.0.50727.94_x-ww_95c9ec54\downlevel_manifest.8.0.50727.94\ 
1: {E3A7A159-C187-44D3-93E8-5EF961F4E0DD} 2: {BDF6D6EF-0E7C-10D7-C01F-C8B3B9A1E18E} 3: 02:\SOFTWARE\Microsoft\Windows\CurrentVersion\SideBySide\Installations\amd64_policy.8.0.Microsoft.VC80.MFCLOC_1fc8b3b9a1e18e3b_8.0.50727.95_x-ww_95c9ec55\downlevel_manifest.8.0.50727.95\ 
1: {E3A7A159-C187-44D3-93E8-5EF961F4E0DD} 2: {BDF6D740-0E58-10D7-C01F-C8B3B9A1E18E} 3: 02:\SOFTWARE\Microsoft\Windows\CurrentVersion\SideBySide\Installations\amd64_policy.8.0.Microsoft.VC80.MFCLOC_1fc8b3b9a1e18e3b_8.0.50727.96_x-ww_95c9ec56\downlevel_manifest.8.0.50727.96\ 
1: {E3A7A159-C187-44D3-93E8-5EF961F4E0DD} 2: {BDF6D791-0E34-10D7-C01F-C8B3B9A1E18E} 3: 02:\SOFTWARE\Microsoft\Windows\CurrentVersion\SideBySide\Installations\amd64_policy.8.0.Microsoft.VC80.MFCLOC_1fc8b3b9a1e18e3b_8.0.50727.97_x-ww_95c9ec57\downlevel_manifest.8.0.50727.97\ 
1: {E3A7A159-C187-44D3-93E8-5EF961F4E0DD} 2: {BDF6D7E2-0E10-10D7-C01F-C8B3B9A1E18E} 3: 02:\SOFTWARE\Microsoft\Windows\CurrentVersion\SideBySide\Installations\amd64_policy.8.0.Microsoft.VC80.MFCLOC_1fc8b3b9a1e18e3b_8.0.50727.98_x-ww_95c9ec58\downlevel_manifest.8.0.50727.98\ 
1: {E3A7A159-C187-44D3-93E8-5EF961F4E0DD} 2: {BDF6D833-0DEC-10D7-C01F-C8B3B9A1E18E} 3: 02:\SOFTWARE\Microsoft\Windows\CurrentVersion\SideBySide\Installations\amd64_policy.8.0.Microsoft.VC80.MFCLOC_1fc8b3b9a1e18e3b_8.0.50727.99_x-ww_95c9ec59\downlevel_manifest.8.0.50727.99\ 
1: {E3A7A159-C187-44D3-93E8-5EF961F4E0DD} 2: {C12D5506-9CAE-4628-C01F-C8B3B9A1E18E} 3: 02:\SOFTWARE\Microsoft\Windows\CurrentVersion\SideBySide\Installations\amd64_policy.8.0.Microsoft.VC80.MFCLOC_1fc8b3b9a1e18e3b_8.0.50727.100_x-ww_effca8c8\downlevel_manifest.8.0.50727.100\ 
1: {E3A7A159-C187-44D3-93E8-5EF961F4E0DD} 2: {C12C6E5D-9CF8-4629-C01F-C8B3B9A1E18E} 3: 02:\SOFTWARE\Microsoft\Windows\CurrentVersion\SideBySide\Installations\amd64_policy.8.0.Microsoft.VC80.MFCLOC_1fc8b3b9a1e18e3b_8.0.50727.101_x-ww_effca8c9\downlevel_manifest.8.0.50727.101\ 
1: {E3A7A159-C187-44D3-93E8-5EF961F4E0DD} 2: {C12AA10B-9D8C-462B-C01F-C8B3B9A1E18E} 3: 02:\SOFTWARE\Microsoft\Windows\CurrentVersion\SideBySide\Installations\amd64_policy.8.0.Microsoft.VC80.MFCLOC_1fc8b3b9a1e18e3b_8.0.50727.103_x-ww_effca8cb\downlevel_manifest.8.0.50727.103\ 
1: {E3A7A159-C187-44D3-93E8-5EF961F4E0DD} 2: {C129BA62-9DD6-462C-C01F-C8B3B9A1E18E} 3: 02:\SOFTWARE\Microsoft\Windows\CurrentVersion\SideBySide\Installations\amd64_policy.8.0.Microsoft.VC80.MFCLOC_1fc8b3b9a1e18e3b_8.0.50727.104_x-ww_effca8cc\downlevel_manifest.8.0.50727.104\ 
1: {E3A7A159-C187-44D3-93E8-5EF961F4E0DD} 2: {C12AA3E4-9C48-462B-C01F-C8B3B9A1E18E} 3: 02:\SOFTWARE\Microsoft\Windows\CurrentVersion\SideBySide\Installations\amd64_policy.8.0.Microsoft.VC80.MFCLOC_1fc8b3b9a1e18e3b_8.0.50727.193_x-ww_f005ab02\downlevel_manifest.8.0.50727.193\ 
1: {E3A7A159-C187-44D3-93E8-5EF961F4E0DD} 2: {74C57B6B-FF6E-3825-BED2-78E14E3E0E3C} 3: <\Microsoft.VC90.ATL,type="win32",version="9.0.30729.6161",publicKeyToken="1fc8b3b9a1e18e3b",processorArchitecture="amd64" 
1: {E3A7A159-C187-44D3-93E8-5EF961F4E0DD} 2: {892CE5EF-394D-3766-A61C-FEAA1BC8EF8A} 3: 02:\SOFTWARE\Microsoft\Windows\CurrentVersion\SideBySide\Installations\amd64_Microsoft.VC90.ATL_1fc8b3b9a1e18e3b_9.0.30729.6161_x-ww_c44f2197\downlevel_payload.9.0.30729.6161\ 
1: {E3A7A159-C187-44D3-93E8-5EF961F4E0DD} 2: {DB4DDF7B-896A-330B-8D82-976CEBB70CF0} 3: 02:\SOFTWARE\Microsoft\Windows\CurrentVersion\SideBySide\Installations\amd64_Microsoft.VC90.ATL_1fc8b3b9a1e18e3b_9.0.30729.6161_x-ww_c44f2197\downlevel_manifest.9.0.30729.6161\ 
1: {E3A7A159-C187-44D3-93E8-5EF961F4E0DD} 2: {22D75DAD-658C-3109-91F7-4CB1A0729109} 3: <\Microsoft.VC90.CRT,type="win32",version="9.0.30729.6161",publicKeyToken="1fc8b3b9a1e18e3b",processorArchitecture="amd64" 
1: {E3A7A159-C187-44D3-93E8-5EF961F4E0DD} 2: {B2C12B31-1923-37C0-B70B-4BE4187094BB} 3: 02:\SOFTWARE\Microsoft\Windows\CurrentVersion\SideBySide\Installations\amd64_Microsoft.VC90.CRT_1fc8b3b9a1e18e3b_9.0.30729.6161_x-ww_63af3423\downlevel_payload.9.0.30729.6161\ 
1: {E3A7A159-C187-44D3-93E8-5EF961F4E0DD} 2: {E5BBF8E7-A39B-3996-87A7-257CF43A40A8} 3: 02:\SOFTWARE\Microsoft\Windows\CurrentVersion\SideBySide\Installations\amd64_Microsoft.VC90.CRT_1fc8b3b9a1e18e3b_9.0.30729.6161_x-ww_63af3423\downlevel_manifest.9.0.30729.6161\ 
1: {E3A7A159-C187-44D3-93E8-5EF961F4E0DD} 2: {66D3DCA5-4396-3023-BB22-E980C88CBE12} 3: <\Microsoft.VC90.MFC,type="win32",version="9.0.30729.6161",publicKeyToken="1fc8b3b9a1e18e3b",processorArchitecture="amd64" 
1: {E3A7A159-C187-44D3-93E8-5EF961F4E0DD} 2: {0470FDC8-9BAE-312A-825C-ECA09B6D88B8} 3: 02:\SOFTWARE\Microsoft\Windows\CurrentVersion\SideBySide\Installations\amd64_Microsoft.VC90.MFC_1fc8b3b9a1e18e3b_9.0.30729.6161_x-ww_3495a728\downlevel_payload.9.0.30729.6161\ 
1: {E3A7A159-C187-44D3-93E8-5EF961F4E0DD} 2: {BD08DDA2-2734-3BBC-ADBF-6FC0F8FF585E} 3: 02:\SOFTWARE\Microsoft\Windows\CurrentVersion\SideBySide\Installations\amd64_Microsoft.VC90.MFC_1fc8b3b9a1e18e3b_9.0.30729.6161_x-ww_3495a728\downlevel_manifest.9.0.30729.6161\ 
1: {E3A7A159-C187-44D3-93E8-5EF961F4E0DD} 2: {2A7022D0-43DD-309A-B84C-5A8AC53F8B4B} 3: <\Microsoft.VC90.OpenMP,type="win32",version="9.0.30729.6161",publicKeyToken="1fc8b3b9a1e18e3b",processorArchitecture="amd64" 
1: {E3A7A159-C187-44D3-93E8-5EF961F4E0DD} 2: {1C15334C-E852-3CF8-918B-7F91D871B89B} 3: 02:\SOFTWARE\Microsoft\Windows\CurrentVersion\SideBySide\Installations\amd64_Microsoft.VC90.OpenMP_1fc8b3b9a1e18e3b_9.0.30729.6161_x-ww_7fe65c7f\downlevel_payload.9.0.30729.6161\ 
1: {E3A7A159-C187-44D3-93E8-5EF961F4E0DD} 2: {B839C54E-9A0E-3215-BD8E-1127607EBEC0} 3: 02:\SOFTWARE\Microsoft\Windows\CurrentVersion\SideBySide\Installations\amd64_Microsoft.VC90.OpenMP_1fc8b3b9a1e18e3b_9.0.30729.6161_x-ww_7fe65c7f\downlevel_manifest.9.0.30729.6161\ 
1: {E3A7A159-C187-44D3-93E8-5EF961F4E0DD} 2: {09D44781-D142-FE32-A01F-C8B3B9A1E18E} 3: <\Microsoft.VC80.OpenMP,type="win32",version="8.0.50727.762",publicKeyToken="1fc8b3b9a1e18e3b",processorArchitecture="amd64" 
1: {E3A7A159-C187-44D3-93E8-5EF961F4E0DD} 2: {0D08DBCC-73A6-3386-B01F-C8B3B9A1E18E} 3: 02:\SOFTWARE\Microsoft\Windows\CurrentVersion\SideBySide\Installations\amd64_Microsoft.VC80.OpenMP_1fc8b3b9a1e18e3b_8.0.50727.762_x-ww_9e223a7a\downlevel_payload.8.0.50727.762\ 
1: {E3A7A159-C187-44D3-93E8-5EF961F4E0DD} 2: {0D08DBCC-73A6-3386-C01F-C8B3B9A1E18E} 3: 02:\SOFTWARE\Microsoft\Windows\CurrentVersion\SideBySide\Installations\amd64_Microsoft.VC80.OpenMP_1fc8b3b9a1e18e3b_8.0.50727.762_x-ww_9e223a7a\downlevel_manifest.8.0.50727.762\ 
1: {E3A7A159-C187-44D3-93E8-5EF961F4E0DD} 2: {09D44781-D142-FE32-B01F-C8B3B9A1E18E} 3: 02:\SOFTWARE\Microsoft\Windows\CurrentVersion\SideBySide\Installations\amd64_Microsoft.VC80.OpenMP_1fc8b3b9a1e18e3b_8.0.50727.42_x-ww_40f01e47\downlevel_payload\ 
1: {E3A7A159-C187-44D3-93E8-5EF961F4E0DD} 2: {09D44781-D142-FE32-C01F-C8B3B9A1E18E} 3: 02:\SOFTWARE\Microsoft\Windows\CurrentVersion\SideBySide\Installations\amd64_Microsoft.VC80.OpenMP_1fc8b3b9a1e18e3b_8.0.50727.42_x-ww_40f01e47\downlevel_manifest\ 
1: {E3A7A159-C187-44D3-93E8-5EF961F4E0DD} 2: {09D43A88-DA30-FE32-B01F-C8B3B9A1E18E} 3: 02:\SOFTWARE\Microsoft\Windows\CurrentVersion\SideBySide\Installations\amd64_Microsoft.VC80.OpenMP_1fc8b3b9a1e18e3b_8.0.50727.96_x-ww_40f51f86\downlevel_payload.8.0.50727.96\ 
1: {E3A7A159-C187-44D3-93E8-5EF961F4E0DD} 2: {09D43E54-D7DE-FE32-B01F-C8B3B9A1E18E} 3: 02:\SOFTWARE\Microsoft\Windows\CurrentVersion\SideBySide\Installations\amd64_Microsoft.VC80.OpenMP_1fc8b3b9a1e18e3b_8.0.50727.89_x-ww_40f41f4a\downlevel_payload.8.0.50727.89\ 
1: {E3A7A159-C187-44D3-93E8-5EF961F4E0DD} 2: {09D43A37-DA54-FE32-B01F-C8B3B9A1E18E} 3: 02:\SOFTWARE\Microsoft\Windows\CurrentVersion\SideBySide\Installations\amd64_Microsoft.VC80.OpenMP_1fc8b3b9a1e18e3b_8.0.50727.95_x-ww_40f51f85\downlevel_payload.8.0.50727.95\ 
1: {E3A7A159-C187-44D3-93E8-5EF961F4E0DD} 2: {09D439E6-DA78-FE32-B01F-C8B3B9A1E18E} 3: 02:\SOFTWARE\Microsoft\Windows\CurrentVersion\SideBySide\Installations\amd64_Microsoft.VC80.OpenMP_1fc8b3b9a1e18e3b_8.0.50727.94_x-ww_40f51f84\downlevel_payload.8.0.50727.94\ 
1: {E3A7A159-C187-44D3-93E8-5EF961F4E0DD} 2: {09D43995-DA9C-FE32-B01F-C8B3B9A1E18E} 3: 02:\SOFTWARE\Microsoft\Windows\CurrentVersion\SideBySide\Installations\amd64_Microsoft.VC80.OpenMP_1fc8b3b9a1e18e3b_8.0.50727.93_x-ww_40f51f83\downlevel_payload.8.0.50727.93\ 
1: {E3A7A159-C187-44D3-93E8-5EF961F4E0DD} 2: {09D43E54-D7DE-FE32-C01F-C8B3B9A1E18E} 3: 02:\SOFTWARE\Microsoft\Windows\CurrentVersion\SideBySide\Installations\amd64_Microsoft.VC80.OpenMP_1fc8b3b9a1e18e3b_8.0.50727.89_x-ww_40f41f4a\downlevel_manifest.8.0.50727.89\ 
1: {E3A7A159-C187-44D3-93E8-5EF961F4E0DD} 2: {09D43B2A-D9E8-FE32-B01F-C8B3B9A1E18E} 3: 02:\SOFTWARE\Microsoft\Windows\CurrentVersion\SideBySide\Installations\amd64_Microsoft.VC80.OpenMP_1fc8b3b9a1e18e3b_8.0.50727.98_x-ww_40f51f88\downlevel_payload.8.0.50727.98\ 
1: {E3A7A159-C187-44D3-93E8-5EF961F4E0DD} 2: {09D43995-DA9C-FE32-C01F-C8B3B9A1E18E} 3: 02:\SOFTWARE\Microsoft\Windows\CurrentVersion\SideBySide\Installations\amd64_Microsoft.VC80.OpenMP_1fc8b3b9a1e18e3b_8.0.50727.93_x-ww_40f51f83\downlevel_manifest.8.0.50727.93\ 
1: {E3A7A159-C187-44D3-93E8-5EF961F4E0DD} 2: {09D439E6-DA78-FE32-C01F-C8B3B9A1E18E} 3: 02:\SOFTWARE\Microsoft\Windows\CurrentVersion\SideBySide\Installations\amd64_Microsoft.VC80.OpenMP_1fc8b3b9a1e18e3b_8.0.50727.94_x-ww_40f51f84\downlevel_manifest.8.0.50727.94\ 
1: {E3A7A159-C187-44D3-93E8-5EF961F4E0DD} 2: {09D43AD9-DA0C-FE32-B01F-C8B3B9A1E18E} 3: 02:\SOFTWARE\Microsoft\Windows\CurrentVersion\SideBySide\Installations\amd64_Microsoft.VC80.OpenMP_1fc8b3b9a1e18e3b_8.0.50727.97_x-ww_40f51f87\downlevel_payload.8.0.50727.97\ 
1: {E3A7A159-C187-44D3-93E8-5EF961F4E0DD} 2: {09D43A37-DA54-FE32-C01F-C8B3B9A1E18E} 3: 02:\SOFTWARE\Microsoft\Windows\CurrentVersion\SideBySide\Installations\amd64_Microsoft.VC80.OpenMP_1fc8b3b9a1e18e3b_8.0.50727.95_x-ww_40f51f85\downlevel_manifest.8.0.50727.95\ 
1: {E3A7A159-C187-44D3-93E8-5EF961F4E0DD} 2: {09D43B7B-D9C4-FE32-B01F-C8B3B9A1E18E} 3: 02:\SOFTWARE\Microsoft\Windows\CurrentVersion\SideBySide\Installations\amd64_Microsoft.VC80.OpenMP_1fc8b3b9a1e18e3b_8.0.50727.99_x-ww_40f51f89\downlevel_payload.8.0.50727.99\ 
1: {E3A7A159-C187-44D3-93E8-5EF961F4E0DD} 2: {0D0AB84E-6886-3384-B01F-C8B3B9A1E18E} 3: 02:\SOFTWARE\Microsoft\Windows\CurrentVersion\SideBySide\Installations\amd64_Microsoft.VC80.OpenMP_1fc8b3b9a1e18e3b_8.0.50727.100_x-ww_9b27dbf8\downlevel_payload.8.0.50727.100\ 
1: {E3A7A159-C187-44D3-93E8-5EF961F4E0DD} 2: {09D43A88-DA30-FE32-C01F-C8B3B9A1E18E} 3: 02:\SOFTWARE\Microsoft\Windows\CurrentVersion\SideBySide\Installations\amd64_Microsoft.VC80.OpenMP_1fc8b3b9a1e18e3b_8.0.50727.96_x-ww_40f51f86\downlevel_manifest.8.0.50727.96\ 
1: {E3A7A159-C187-44D3-93E8-5EF961F4E0DD} 2: {09D43AD9-DA0C-FE32-C01F-C8B3B9A1E18E} 3: 02:\SOFTWARE\Microsoft\Windows\CurrentVersion\SideBySide\Installations\amd64_Microsoft.VC80.OpenMP_1fc8b3b9a1e18e3b_8.0.50727.97_x-ww_40f51f87\downlevel_manifest.8.0.50727.97\ 
1: {E3A7A159-C187-44D3-93E8-5EF961F4E0DD} 2: {0D09D1A5-68D0-3385-B01F-C8B3B9A1E18E} 3: 02:\SOFTWARE\Microsoft\Windows\CurrentVersion\SideBySide\Installations\amd64_Microsoft.VC80.OpenMP_1fc8b3b9a1e18e3b_8.0.50727.101_x-ww_9b27dbf9\downlevel_payload.8.0.50727.101\ 
1: {E3A7A159-C187-44D3-93E8-5EF961F4E0DD} 2: {0D080453-6964-3387-B01F-C8B3B9A1E18E} 3: 02:\SOFTWARE\Microsoft\Windows\CurrentVersion\SideBySide\Installations\amd64_Microsoft.VC80.OpenMP_1fc8b3b9a1e18e3b_8.0.50727.103_x-ww_9b27dbfb\downlevel_payload.8.0.50727.103\ 
1: {E3A7A159-C187-44D3-93E8-5EF961F4E0DD} 2: {09D43B2A-D9E8-FE32-C01F-C8B3B9A1E18E} 3: 02:\SOFTWARE\Microsoft\Windows\CurrentVersion\SideBySide\Installations\amd64_Microsoft.VC80.OpenMP_1fc8b3b9a1e18e3b_8.0.50727.98_x-ww_40f51f88\downlevel_manifest.8.0.50727.98\ 
1: {E3A7A159-C187-44D3-93E8-5EF961F4E0DD} 2: {09D43B7B-D9C4-FE32-C01F-C8B3B9A1E18E} 3: 02:\SOFTWARE\Microsoft\Windows\CurrentVersion\SideBySide\Installations\amd64_Microsoft.VC80.OpenMP_1fc8b3b9a1e18e3b_8.0.50727.99_x-ww_40f51f89\downlevel_manifest.8.0.50727.99\ 
1: {E3A7A159-C187-44D3-93E8-5EF961F4E0DD} 2: {0D071DAA-69AE-3388-B01F-C8B3B9A1E18E} 3: 02:\SOFTWARE\Microsoft\Windows\CurrentVersion\SideBySide\Installations\amd64_Microsoft.VC80.OpenMP_1fc8b3b9a1e18e3b_8.0.50727.104_x-ww_9b27dbfc\downlevel_payload.8.0.50727.104\ 
1: {E3A7A159-C187-44D3-93E8-5EF961F4E0DD} 2: {0D0AB84E-6886-3384-C01F-C8B3B9A1E18E} 3: 02:\SOFTWARE\Microsoft\Windows\CurrentVersion\SideBySide\Installations\amd64_Microsoft.VC80.OpenMP_1fc8b3b9a1e18e3b_8.0.50727.100_x-ww_9b27dbf8\downlevel_manifest.8.0.50727.100\ 
1: {E3A7A159-C187-44D3-93E8-5EF961F4E0DD} 2: {0D09D1A5-68D0-3385-C01F-C8B3B9A1E18E} 3: 02:\SOFTWARE\Microsoft\Windows\CurrentVersion\SideBySide\Installations\amd64_Microsoft.VC80.OpenMP_1fc8b3b9a1e18e3b_8.0.50727.101_x-ww_9b27dbf9\downlevel_manifest.8.0.50727.101\ 
1: {E3A7A159-C187-44D3-93E8-5EF961F4E0DD} 2: {0D08072C-6820-3387-B01F-C8B3B9A1E18E} 3: 02:\SOFTWARE\Microsoft\Windows\CurrentVersion\SideBySide\Installations\amd64_Microsoft.VC80.OpenMP_1fc8b3b9a1e18e3b_8.0.50727.193_x-ww_9b30de32\downlevel_payload.8.0.50727.193\ 
1: {E3A7A159-C187-44D3-93E8-5EF961F4E0DD} 2: {0D080453-6964-3387-C01F-C8B3B9A1E18E} 3: 02:\SOFTWARE\Microsoft\Windows\CurrentVersion\SideBySide\Installations\amd64_Microsoft.VC80.OpenMP_1fc8b3b9a1e18e3b_8.0.50727.103_x-ww_9b27dbfb\downlevel_manifest.8.0.50727.103\ 
1: {E3A7A159-C187-44D3-93E8-5EF961F4E0DD} 2: {0D071DAA-69AE-3388-C01F-C8B3B9A1E18E} 3: 02:\SOFTWARE\Microsoft\Windows\CurrentVersion\SideBySide\Installations\amd64_Microsoft.VC80.OpenMP_1fc8b3b9a1e18e3b_8.0.50727.104_x-ww_9b27dbfc\downlevel_manifest.8.0.50727.104\ 
1: {E3A7A159-C187-44D3-93E8-5EF961F4E0DD} 2: {0D08072C-6820-3387-C01F-C8B3B9A1E18E} 3: 02:\SOFTWARE\Microsoft\Windows\CurrentVersion\SideBySide\Installations\amd64_Microsoft.VC80.OpenMP_1fc8b3b9a1e18e3b_8.0.50727.193_x-ww_9b30de32\downlevel_manifest.8.0.50727.193\ 
1: {E3A7A159-C187-44D3-93E8-5EF961F4E0DD} 2: {F03DCAB0-5F6D-2EAB-A01F-C8B3B9A1E18E} 3: <\policy.8.0.Microsoft.VC80.OpenMP,type="win32-policy",version="8.0.50727.762",publicKeyToken="1fc8b3b9a1e18e3b",processorArchitecture="amd64" 
1: {E3A7A159-C187-44D3-93E8-5EF961F4E0DD} 2: {F3725EFB-01D1-63FF-C01F-C8B3B9A1E18E} 3: 02:\SOFTWARE\Microsoft\Windows\CurrentVersion\SideBySide\Installations\amd64_policy.8.0.Microsoft.VC80.OpenMP_1fc8b3b9a1e18e3b_8.0.50727.762_x-ww_cdc748e1\downlevel_manifest.8.0.50727.762\ 
1: {E3A7A159-C187-44D3-93E8-5EF961F4E0DD} 2: {F03DCAB0-5F6D-2EAB-C01F-C8B3B9A1E18E} 3: 02:\SOFTWARE\Microsoft\Windows\CurrentVersion\SideBySide\Installations\amd64_policy.8.0.Microsoft.VC80.OpenMP_1fc8b3b9a1e18e3b_8.0.50727.42_x-ww_70952cae\downlevel_manifest\ 
1: {E3A7A159-C187-44D3-93E8-5EF961F4E0DD} 2: {F03DC183-6609-2EAB-C01F-C8B3B9A1E18E} 3: 02:\SOFTWARE\Microsoft\Windows\CurrentVersion\SideBySide\Installations\amd64_policy.8.0.Microsoft.VC80.OpenMP_1fc8b3b9a1e18e3b_8.0.50727.89_x-ww_70992db1\downlevel_manifest.8.0.50727.89\ 
1: {E3A7A159-C187-44D3-93E8-5EF961F4E0DD} 2: {F03DBCC4-68C7-2EAB-C01F-C8B3B9A1E18E} 3: 02:\SOFTWARE\Microsoft\Windows\CurrentVersion\SideBySide\Installations\amd64_policy.8.0.Microsoft.VC80.OpenMP_1fc8b3b9a1e18e3b_8.0.50727.93_x-ww_709a2dea\downlevel_manifest.8.0.50727.93\ 
1: {E3A7A159-C187-44D3-93E8-5EF961F4E0DD} 2: {F03DBD15-68A3-2EAB-C01F-C8B3B9A1E18E} 3: 02:\SOFTWARE\Microsoft\Windows\CurrentVersion\SideBySide\Installations\amd64_policy.8.0.Microsoft.VC80.OpenMP_1fc8b3b9a1e18e3b_8.0.50727.94_x-ww_709a2deb\downlevel_manifest.8.0.50727.94\ 
1: {E3A7A159-C187-44D3-93E8-5EF961F4E0DD} 2: {F03DBD66-687F-2EAB-C01F-C8B3B9A1E18E} 3: 02:\SOFTWARE\Microsoft\Windows\CurrentVersion\SideBySide\Installations\amd64_policy.8.0.Microsoft.VC80.OpenMP_1fc8b3b9a1e18e3b_8.0.50727.95_x-ww_709a2dec\downlevel_manifest.8.0.50727.95\ 
1: {E3A7A159-C187-44D3-93E8-5EF961F4E0DD} 2: {F03DBDB7-685B-2EAB-C01F-C8B3B9A1E18E} 3: 02:\SOFTWARE\Microsoft\Windows\CurrentVersion\SideBySide\Installations\amd64_policy.8.0.Microsoft.VC80.OpenMP_1fc8b3b9a1e18e3b_8.0.50727.96_x-ww_709a2ded\downlevel_manifest.8.0.50727.96\ 
1: {E3A7A159-C187-44D3-93E8-5EF961F4E0DD} 2: {F03DBE08-6837-2EAB-C01F-C8B3B9A1E18E} 3: 02:\SOFTWARE\Microsoft\Windows\CurrentVersion\SideBySide\Installations\amd64_policy.8.0.Microsoft.VC80.OpenMP_1fc8b3b9a1e18e3b_8.0.50727.97_x-ww_709a2dee\downlevel_manifest.8.0.50727.97\ 
1: {E3A7A159-C187-44D3-93E8-5EF961F4E0DD} 2: {F03DBE59-6813-2EAB-C01F-C8B3B9A1E18E} 3: 02:\SOFTWARE\Microsoft\Windows\CurrentVersion\SideBySide\Installations\amd64_policy.8.0.Microsoft.VC80.OpenMP_1fc8b3b9a1e18e3b_8.0.50727.98_x-ww_709a2def\downlevel_manifest.8.0.50727.98\ 
1: {E3A7A159-C187-44D3-93E8-5EF961F4E0DD} 2: {F03DBEAA-67EF-2EAB-C01F-C8B3B9A1E18E} 3: 02:\SOFTWARE\Microsoft\Windows\CurrentVersion\SideBySide\Installations\amd64_policy.8.0.Microsoft.VC80.OpenMP_1fc8b3b9a1e18e3b_8.0.50727.99_x-ww_709a2df0\downlevel_manifest.8.0.50727.99\ 
1: {E3A7A159-C187-44D3-93E8-5EF961F4E0DD} 2: {F3743B7D-F6B1-63FC-C01F-C8B3B9A1E18E} 3: 02:\SOFTWARE\Microsoft\Windows\CurrentVersion\SideBySide\Installations\amd64_policy.8.0.Microsoft.VC80.OpenMP_1fc8b3b9a1e18e3b_8.0.50727.100_x-ww_caccea5f\downlevel_manifest.8.0.50727.100\ 
1: {E3A7A159-C187-44D3-93E8-5EF961F4E0DD} 2: {F37354D4-F6FB-63FD-C01F-C8B3B9A1E18E} 3: 02:\SOFTWARE\Microsoft\Windows\CurrentVersion\SideBySide\Installations\amd64_policy.8.0.Microsoft.VC80.OpenMP_1fc8b3b9a1e18e3b_8.0.50727.101_x-ww_caccea60\downlevel_manifest.8.0.50727.101\ 
1: {E3A7A159-C187-44D3-93E8-5EF961F4E0DD} 2: {F3718782-F78F-63FF-C01F-C8B3B9A1E18E} 3: 02:\SOFTWARE\Microsoft\Windows\CurrentVersion\SideBySide\Installations\amd64_policy.8.0.Microsoft.VC80.OpenMP_1fc8b3b9a1e18e3b_8.0.50727.103_x-ww_caccea62\downlevel_manifest.8.0.50727.103\ 
1: {E3A7A159-C187-44D3-93E8-5EF961F4E0DD} 2: {F370A0D9-F7D9-6400-C01F-C8B3B9A1E18E} 3: 02:\SOFTWARE\Microsoft\Windows\CurrentVersion\SideBySide\Installations\amd64_policy.8.0.Microsoft.VC80.OpenMP_1fc8b3b9a1e18e3b_8.0.50727.104_x-ww_caccea63\downlevel_manifest.8.0.50727.104\ 
1: {E3A7A159-C187-44D3-93E8-5EF961F4E0DD} 2: {F3718A5B-F64B-63FF-C01F-C8B3B9A1E18E} 3: 02:\SOFTWARE\Microsoft\Windows\CurrentVersion\SideBySide\Installations\amd64_policy.8.0.Microsoft.VC80.OpenMP_1fc8b3b9a1e18e3b_8.0.50727.193_x-ww_cad5ec99\downlevel_manifest.8.0.50727.193\ 
1: {E3A7A159-C187-44D3-93E8-5EF961F4E0DD} 2: {7EBE1AE9-B7D3-3CE1-A4D3-45F77EE0C487} 3: <\policy.9.0.Microsoft.VC90.ATL,type="win32-policy",version="9.0.30729.6161",publicKeyToken="1fc8b3b9a1e18e3b",processorArchitecture="amd64" 
1: {E3A7A159-C187-44D3-93E8-5EF961F4E0DD} 2: {A727E7A9-2A59-3057-8520-8D8F5229704A} 3: 02:\SOFTWARE\Microsoft\Windows\CurrentVersion\SideBySide\Installations\amd64_policy.9.0.Microsoft.VC90.ATL_1fc8b3b9a1e18e3b_9.0.30729.6161_x-ww_ec4924dd\downlevel_manifest.9.0.30729.6161\ 
1: {E3A7A159-C187-44D3-93E8-5EF961F4E0DD} 2: {1D6945E7-7EB3-31AA-9B66-AB012EDBB7D6} 3: <\policy.9.0.Microsoft.VC90.CRT,type="win32-policy",version="9.0.30729.6161",publicKeyToken="1fc8b3b9a1e18e3b",processorArchitecture="amd64" 
1: {E3A7A159-C187-44D3-93E8-5EF961F4E0DD} 2: {82AA4BE2-D09D-3574-9978-2EC11DA37AEC} 3: 02:\SOFTWARE\Microsoft\Windows\CurrentVersion\SideBySide\Installations\amd64_policy.9.0.Microsoft.VC90.CRT_1fc8b3b9a1e18e3b_9.0.30729.6161_x-ww_8ba93769\downlevel_manifest.9.0.30729.6161\ 
1: {E3A7A159-C187-44D3-93E8-5EF961F4E0DD} 2: {9E2CCBF3-4076-365E-B3AA-F13E878CD6CF} 3: <\policy.9.0.Microsoft.VC90.MFC,type="win32-policy",version="9.0.30729.6161",publicKeyToken="1fc8b3b9a1e18e3b",processorArchitecture="amd64" 
1: {E3A7A159-C187-44D3-93E8-5EF961F4E0DD} 2: {8A7BF5FF-791C-386A-B8B1-9CE5FD6A3727} 3: 02:\SOFTWARE\Microsoft\Windows\CurrentVersion\SideBySide\Installations\amd64_policy.9.0.Microsoft.VC90.MFC_1fc8b3b9a1e18e3b_9.0.30729.6161_x-ww_5c8faa6e\downlevel_manifest.9.0.30729.6161\ 
1: {E3A7A159-C187-44D3-93E8-5EF961F4E0DD} 2: {01A86CE4-F76C-3C57-9138-8BEDD5B7BDE6} 3: <\policy.9.0.Microsoft.VC90.OpenMP,type="win32-policy",version="9.0.30729.6161",publicKeyToken="1fc8b3b9a1e18e3b",processorArchitecture="amd64" 
1: {E3A7A159-C187-44D3-93E8-5EF961F4E0DD} 2: {6CE6FAAA-1259-3FF2-A6F7-D24E911C09FB} 3: 02:\SOFTWARE\Microsoft\Windows\CurrentVersion\SideBySide\Installations\amd64_policy.9.0.Microsoft.VC90.OpenMP_1fc8b3b9a1e18e3b_9.0.30729.6161_x-ww_f45703e7\downlevel_manifest.9.0.30729.6161\ 
1: {E3A7A159-C187-44D3-93E8-5EF961F4E0DD} 2: {49B336E8-8B21-3B1E-04F5-40B4F49172C0} 3: C:\ProgramData\Mastercam\MachineSimulation\MachSim\1_3AXGEN_VMC\ 
1: {E3A7A159-C187-44D3-93E8-5EF961F4E0DD} 2: {5FF3DE9C-CEB0-FBC2-92E4-FAFEAC9A7BBA} 3: C:\ProgramData\Mastercam\MachineSimulation\MachSim\2_4AXGEN_VMCTA\ 
1: {E3A7A159-C187-44D3-93E8-5EF961F4E0DD} 2: {2CD7B65A-AC85-CD17-2B95-063DDA9E7357} 3: C:\ProgramData\Mastercam\MachineSimulation\MachSim\3_4AXGEN_HMCTB\ 
1: {E3A7A159-C187-44D3-93E8-5EF961F4E0DD} 2: {A9D6735E-E20F-81F7-F1FD-83B839CA6C7B} 3: C:\ProgramData\Mastercam\MachineSimulation\MachSim\4_5AXGEN_VMCTTBC\ 
1: {E3A7A159-C187-44D3-93E8-5EF961F4E0DD} 2: {D71BDB8C-C0C1-3AD6-3F2B-BD2F0E521C13} 3: C:\ProgramData\Mastercam\MachineSimulation\MachSim\5AxHeadHead\ 
1: {E3A7A159-C187-44D3-93E8-5EF961F4E0DD} 2: {67240738-838D-B664-D476-DD5B4D5317FA} 3: C:\ProgramData\Mastercam\MachineSimulation\MachSim\5_5AXGEN_VMCTTAB\ 
1: {E3A7A159-C187-44D3-93E8-5EF961F4E0DD} 2: {E5B9B329-950E-493F-0D45-BBA079CD7D76} 3: C:\ProgramData\Mastercam\MachineSimulation\MachSim\6_5AXGEN_VMCHTAC\ 
1: {E3A7A159-C187-44D3-93E8-5EF961F4E0DD} 2: {DE80590B-B3CE-E835-7F4D-463324335CF5} 3: C:\ProgramData\Mastercam\MachineSimulation\MachSim\7_5AXGEN_VMCHTBC\ 
1: {E3A7A159-C187-44D3-93E8-5EF961F4E0DD} 2: {6EF3FD76-6160-B93D-AC08-31B9FB79ACD1} 3: C:\ProgramData\Mastercam\MachineSimulation\MachSim\8_5XDMU_VMCTTBC\ 
1: {E3A7A159-C187-44D3-93E8-5EF961F4E0DD} 2: {B3D31714-43F3-24F9-6DCE-A95B33DA1F4A} 3: C:\ProgramData\Mastercam\MachineSimulation\MachSim\9_5XBOSTO_VMCHTBA\ 
1: {E3A7A159-C187-44D3-93E8-5EF961F4E0DD} 2: {DBC040A3-311C-7F19-F9BC-1E2C672B2BBE} 3: C:\ProgramData\Mastercam\MachineSimulation\MachSim\A1_5XHURCO_VMCTTAC\ 
1: {E3A7A159-C187-44D3-93E8-5EF961F4E0DD} 2: {02E4075A-A2B6-17F3-8844-56B61425E114} 3: C:\ProgramData\Mastercam\MachineSimulation\MachSim\A2_5XKOMO_VMCHHCB\ 
1: {E3A7A159-C187-44D3-93E8-5EF961F4E0DD} 2: {9ABF6129-9E18-8222-1158-76FEA7B895B1} 3: C:\ProgramData\Mastercam\MachineSimulation\MachSim\A3_5XLASER_VMCHHCA\ 
1: {E3A7A159-C187-44D3-93E8-5EF961F4E0DD} 2: {B0FA2CD0-0C21-36CD-0D9E-277367AA960E} 3: C:\ProgramData\Mastercam\MachineSimulation\MachSim\A4_5XMAGNUM_VMCTTBC\ 
1: {E3A7A159-C187-44D3-93E8-5EF961F4E0DD} 2: {BEE4DE59-9AA2-13B0-8413-3A4ABFFA1552} 3: C:\ProgramData\Mastercam\MachineSimulation\MachSim\A5_5XMILLAC_VMCHHBA\ 
1: {E3A7A159-C187-44D3-93E8-5EF961F4E0DD} 2: {57D1AB64-4CE0-D309-0F36-2FA54CFBBCFC} 3: C:\ProgramData\Mastercam\MachineSimulation\MachSim\A6_5XRHINO_VMCHTBA\ 
1: {E3A7A159-C187-44D3-93E8-5EF961F4E0DD} 2: {07B171B3-3D7C-24CF-4453-3A42D459AFA9} 3: C:\ProgramData\Mastercam\MachineSimulation\MachSim\A7_5XRHINO_VMCTTAC\ 
1: {E3A7A159-C187-44D3-93E8-5EF961F4E0DD} 2: {7FE3894A-AAB0-FD12-AA33-651F0DEF6D02} 3: C:\ProgramData\Mastercam\MachineSimulation\MachSim\A8_HERMLE_VMCTTAC\ 
1: {E3A7A159-C187-44D3-93E8-5EF961F4E0DD} 2: {167946B4-4731-D10A-AA88-6A92A057EFD4} 3: C:\ProgramData\Mastercam\MachineSimulation\MachSim\A9_CENTROID_VMCHTAB\ 
1: {E3A7A159-C187-44D3-93E8-5EF961F4E0DD} 2: {F29168ED-DFF1-A0E1-846D-30A954380A36} 3: C:\ProgramData\Mastercam\MachineSimulation\MachSim\Horiz4Front\ 
1: {E3A7A159-C187-44D3-93E8-5EF961F4E0DD} 2: {7FC9406D-D434-0FAC-0BCB-816F2E7DE6A4} 3: C:\Program Files\Mastercam 2027\common\AcadData\InventorPartAssemblyConverter.exe 
1: {E3A7A159-C187-44D3-93E8-5EF961F4E0DD} 2: {3CE2F73B-B15C-7BD0-B138-61050857D3FE} 3: C:\ProgramData\Mastercam\wire\Power\AccuteX\Docs\ 
1: {E3A7A159-C187-44D3-93E8-5EF961F4E0DD} 2: {922C2C1A-AFAE-485E-586F-4FC845734CAF} 3: C:\ProgramData\Mastercam\wire\Power\AccuteX\English\_004 Dia Wire\SKD-Steel\ 
1: {E3A7A159-C187-44D3-93E8-5EF961F4E0DD} 2: {3B5DBB59-9215-C415-485A-EA7BEEDC9491} 3: C:\ProgramData\Mastercam\wire\Power\AccuteX\English\_006 Dia Wire\SKD-Steel\ 
1: {E3A7A159-C187-44D3-93E8-5EF961F4E0DD} 2: {57306AF1-1E22-A500-567B-605F07EDC116} 3: C:\ProgramData\Mastercam\wire\Power\AccuteX\English\_008 Dia Wire\Copper\ 
1: {E3A7A159-C187-44D3-93E8-5EF961F4E0DD} 2: {CF216CC7-700A-ED85-D3FF-361F17E38980} 3: C:\ProgramData\Mastercam\wire\Power\AccuteX\English\_008 Dia Wire\SKD-Steel\ 
1: {E3A7A159-C187-44D3-93E8-5EF961F4E0DD} 2: {6C2386B9-9460-0546-83B3-062048F3A872} 3: C:\ProgramData\Mastercam\wire\Power\AccuteX\English\_008 Dia Wire\Tungsten\ 
1: {E3A7A159-C187-44D3-93E8-5EF961F4E0DD} 2: {3158373E-E819-A045-E263-F43B480E8F92} 3: C:\ProgramData\Mastercam\wire\Power\AccuteX\English\_010 Dia Wire\Aluminum\ 
1: {E3A7A159-C187-44D3-93E8-5EF961F4E0DD} 2: {9FBA5804-4E2C-CE70-64BC-81AFB7D017AD} 3: C:\ProgramData\Mastercam\wire\Power\AccuteX\English\_010 Dia Wire\Copper\ 
1: {E3A7A159-C187-44D3-93E8-5EF961F4E0DD} 2: {762A78EC-C68F-5AAC-170B-1B3EC234D9C7} 3: C:\ProgramData\Mastercam\wire\Power\AccuteX\English\_010 Dia Wire\SKD-Steel\ 
1: {E3A7A159-C187-44D3-93E8-5EF961F4E0DD} 2: {49D45398-8F96-68B1-E7D8-658FEBD7C99A} 3: C:\ProgramData\Mastercam\wire\Power\AccuteX\English\_010 Dia Wire\Tungsten\ 
1: {E3A7A159-C187-44D3-93E8-5EF961F4E0DD} 2: {5B49774D-D7F8-E4F2-E455-392532EB4B5A} 3: C:\ProgramData\Mastercam\wire\Power\AccuteX\English\_012 Dia Wire\Aluminum\ 
1: {E3A7A159-C187-44D3-93E8-5EF961F4E0DD} 2: {77E9BEA9-9808-4352-6A60-E748A783D06A} 3: C:\ProgramData\Mastercam\wire\Power\AccuteX\English\_012 Dia Wire\SKD-Steel\ 
1: {E3A7A159-C187-44D3-93E8-5EF961F4E0DD} 2: {D21D8843-3ED0-D76E-1BC8-34FE2C8CDDC0} 3: C:\ProgramData\Mastercam\wire\Power\AccuteX\Metric\_004 Dia Wire\SKD-Steel\ 
1: {E3A7A159-C187-44D3-93E8-5EF961F4E0DD} 2: {4A9D770C-C2EC-82A2-2B95-C10C65AA848B} 3: C:\ProgramData\Mastercam\wire\Power\AccuteX\Metric\_006 Dia Wire\SKD-Steel\ 
1: {E3A7A159-C187-44D3-93E8-5EF961F4E0DD} 2: {78FD78A8-8320-BC09-77F8-C521AB7D53AE} 3: C:\ProgramData\Mastercam\wire\Power\AccuteX\Metric\_008 Dia Wire\Copper\ 
1: {E3A7A159-C187-44D3-93E8-5EF961F4E0DD} 2: {4A571E5C-C65C-A789-21D3-EF52D8D2CFB5} 3: C:\ProgramData\Mastercam\wire\Power\AccuteX\Metric\_008 Dia Wire\SKD-Steel\ 
1: {E3A7A159-C187-44D3-93E8-5EF961F4E0DD} 2: {BD5CEE39-9536-4DA6-CA09-01DD609788D2} 3: C:\ProgramData\Mastercam\wire\Power\AccuteX\Metric\_008 Dia Wire\Tungsten\ 
1: {E3A7A159-C187-44D3-93E8-5EF961F4E0DD} 2: {5FB3EF15-5A1F-FC95-32FC-DA49E1A6AFF2} 3: C:\ProgramData\Mastercam\wire\Power\AccuteX\Metric\_010 Dia Wire\Aluminum\ 
1: {E3A7A159-C187-44D3-93E8-5EF961F4E0DD} 2: {2A934962-24B5-9110-8AA8-FB926BF72C60} 3: C:\ProgramData\Mastercam\wire\Power\AccuteX\Metric\_010 Dia Wire\Copper\ 
1: {E3A7A159-C187-44D3-93E8-5EF961F4E0DD} 2: {455B6560-0C79-2C6F-8A01-15A702D8F2E2} 3: C:\ProgramData\Mastercam\wire\Power\AccuteX\Metric\_010 Dia Wire\SKD-Steel\ 
1: {E3A7A159-C187-44D3-93E8-5EF961F4E0DD} 2: {55980D35-5ACC-CBB8-3095-383183655623} 3: C:\ProgramData\Mastercam\wire\Power\AccuteX\Metric\_010 Dia Wire\Tungsten\ 
1: {E3A7A159-C187-44D3-93E8-5EF961F4E0DD} 2: {4B1F1FBB-BE51-61C0-F07E-97BB6D234C96} 3: C:\ProgramData\Mastercam\wire\Power\AccuteX\Metric\_012 Dia Wire\Aluminum\ 
1: {E3A7A159-C187-44D3-93E8-5EF961F4E0DD} 2: {B4164C85-5F6F-AEC3-367B-B7DA2EDE6700} 3: C:\ProgramData\Mastercam\wire\Power\AccuteX\Metric\_012 Dia Wire\SKD-Steel\ 
1: {E3A7A159-C187-44D3-93E8-5EF961F4E0DD} 2: {B3F6A4A0-03A2-6AC2-76A1-BA4B33CEB5D3} 3: C:\Program Files\Mastercam 2027\BCGCBPRO3220u143.dll 
1: {E3A7A159-C187-44D3-93E8-5EF961F4E0DD} 2: {7B6340B1-1CF1-720D-D990-BEA20DF157F1} 3: C:\Program Files\Mastercam 2027\BCGPStyle2007Aqua3220.dll 
1: {E3A7A159-C187-44D3-93E8-5EF961F4E0DD} 2: {03268977-7095-5BB0-217F-390A2E867324} 3: C:\Program Files\Mastercam 2027\BCGPStyle2007Luna3220.dll 
1: {E3A7A159-C187-44D3-93E8-5EF961F4E0DD} 2: {2D5DB5A0-0F61-98C4-476A-079FA1287B1C} 3: C:\Program Files\Mastercam 2027\BCGPStyle2007Obsidian3220.dll 
1: {E3A7A159-C187-44D3-93E8-5EF961F4E0DD} 2: {D5DA9527-7D21-BF0E-B799-35F5B90535D9} 3: C:\Program Files\Mastercam 2027\BCGPStyle2007Silver3220.dll 
1: {E3A7A159-C187-44D3-93E8-5EF961F4E0DD} 2: {D62D1F19-9A41-15C6-1FE0-1086896ACBE4} 3: C:\Program Files\Mastercam 2027\BCGPStyle2010Black3220.dll 
1: {E3A7A159-C187-44D3-93E8-5EF961F4E0DD} 2: {67D61E5F-F284-3A88-D036-21359CB8F298} 3: C:\Program Files\Mastercam 2027\BCGPStyle2010Blue3220.dll 
1: {E3A7A159-C187-44D3-93E8-5EF961F4E0DD} 2: {A255385C-C8FF-4D34-A5FC-ED4F1F8D2743} 3: C:\Program Files\Mastercam 2027\BCGPStyle2010White3220.dll 
1: {E3A7A159-C187-44D3-93E8-5EF961F4E0DD} 2: {0BA2F743-34C0-F12C-8814-F9A6E5F587C4} 3: C:\Program Files\Mastercam 2027\BCGPStyleCarbon3220.dll 
1: {E3A7A159-C187-44D3-93E8-5EF961F4E0DD} 2: {60D06B00-024E-1882-B504-01F9037C329E} 3: C:\Program Files\Mastercam 2027\BCGPStyleScenic3220.dll 
1: {E3A7A159-C187-44D3-93E8-5EF961F4E0DD} 2: {1DEE84F4-429A-FE2F-E4B2-F170BE1E5D14} 3: C:\Program Files\Mastercam 2027\common\reports\Gcef.Data.DataEngine.dll 
1: {E3A7A159-C187-44D3-93E8-5EF961F4E0DD} 2: {570800C9-93DE-2A8E-F2F1-E90FB7577B87} 3: C:\Program Files\Mastercam 2027\common\reports\Gcef.Data.ExpressionInfo.dll 
1: {E3A7A159-C187-44D3-93E8-5EF961F4E0DD} 2: {177715C8-80E0-CB01-CF3F-6573815FCD98} 3: C:\Program Files\Mastercam 2027\common\reports\Gcef.Data.VBFunctionLib.dll 
1: {E3A7A159-C187-44D3-93E8-5EF961F4E0DD} 2: {0639B876-6B1F-271D-0341-8F784C38EB4B} 3: C:\Program Files\Mastercam 2027\common\reports\GrapeCity.ActiveReports.Chart.dll 
1: {E3A7A159-C187-44D3-93E8-5EF961F4E0DD} 2: {67DB2C03-3631-A0E1-19DB-972AB1D31B06} 3: C:\Program Files\Mastercam 2027\common\reports\GrapeCity.ActiveReports.Chart.Win.dll 
1: {E3A7A159-C187-44D3-93E8-5EF961F4E0DD} 2: {2AE949CC-CCFF-A4D0-AE63-8CB2960EC1F5} 3: C:\Program Files\Mastercam 2027\common\reports\GrapeCity.ActiveReports.Core.DataProviders.dll 
1: {E3A7A159-C187-44D3-93E8-5EF961F4E0DD} 2: {73FEC81E-EFE8-BFEB-AF2A-36C3A2D5FB10} 3: C:\Program Files\Mastercam 2027\common\reports\GrapeCity.ActiveReports.Core.Document.dll 
1: {E3A7A159-C187-44D3-93E8-5EF961F4E0DD} 2: {5608FE2D-D034-055D-7E5C-34173EDBE167} 3: C:\Program Files\Mastercam 2027\common\reports\GrapeCity.ActiveReports.Core.Document.Drawing.Gc.dll 
1: {E3A7A159-C187-44D3-93E8-5EF961F4E0DD} 2: {45AB3E46-6489-66EE-B02A-C74E711D0EEC} 3: C:\Program Files\Mastercam 2027\common\reports\GrapeCity.ActiveReports.Core.Document.Drawing.Gdi.dll 
1: {E3A7A159-C187-44D3-93E8-5EF961F4E0DD} 2: {596BFAD6-65B4-EE62-FA5E-D7BEAE18B47E} 3: C:\Program Files\Mastercam 2027\common\reports\GrapeCity.ActiveReports.Core.Drawing.Gc.dll 
1: {E3A7A159-C187-44D3-93E8-5EF961F4E0DD} 2: {D29914A4-42A9-FF95-2555-248CB87E84AF} 3: C:\Program Files\Mastercam 2027\common\reports\GrapeCity.ActiveReports.Core.Drawing.Gdi.dll 
1: {E3A7A159-C187-44D3-93E8-5EF961F4E0DD} 2: {ED03A357-7CE6-013B-A9CD-3FC8463E8DA2} 3: C:\Program Files\Mastercam 2027\common\reports\GrapeCity.ActiveReports.Core.Export.Excel.Page.dll 
1: {E3A7A159-C187-44D3-93E8-5EF961F4E0DD} 2: {657D3852-21D5-0117-68B2-4F425C405961} 3: C:\Program Files\Mastercam 2027\common\reports\GrapeCity.ActiveReports.Core.Export.Html.Page.dll 
1: {E3A7A159-C187-44D3-93E8-5EF961F4E0DD} 2: {489C8DF9-987F-3D2E-7B69-A5CA9436AE36} 3: C:\Program Files\Mastercam 2027\common\reports\GrapeCity.ActiveReports.Core.Export.Image.Page.dll 
1: {E3A7A159-C187-44D3-93E8-5EF961F4E0DD} 2: {69A9865F-F497-1887-A97D-716843E5A749} 3: C:\Program Files\Mastercam 2027\common\reports\GrapeCity.ActiveReports.Core.Export.Pdf.Page.dll 
1: {E3A7A159-C187-44D3-93E8-5EF961F4E0DD} 2: {F1AA6E23-3225-AB59-7E6C-B0C842CA87E3} 3: C:\Program Files\Mastercam 2027\common\reports\GrapeCity.ActiveReports.Core.Export.Pdf.Section.dll 
1: {E3A7A159-C187-44D3-93E8-5EF961F4E0DD} 2: {A4D1E8A6-6DBA-99A3-E6FE-5622546A75C0} 3: C:\Program Files\Mastercam 2027\common\reports\GrapeCity.ActiveReports.Core.Export.Svg.Page.dll 
1: {E3A7A159-C187-44D3-93E8-5EF961F4E0DD} 2: {01A90EE2-2BEF-36BA-FCA8-AECAF4CE4B99} 3: C:\Program Files\Mastercam 2027\common\reports\GrapeCity.ActiveReports.Core.Export.Text.Page.dll 
1: {E3A7A159-C187-44D3-93E8-5EF961F4E0DD} 2: {FEB8179C-C6AB-7E31-7FCE-222B1B55000E} 3: C:\Program Files\Mastercam 2027\common\reports\GrapeCity.ActiveReports.Core.Export.Tiff.Section.dll 
1: {E3A7A159-C187-44D3-93E8-5EF961F4E0DD} 2: {0A1BE949-9856-D6AD-5CD0-7D788F9A85CD} 3: C:\Program Files\Mastercam 2027\common\reports\GrapeCity.ActiveReports.Core.Export.Word.Page.dll 
1: {E3A7A159-C187-44D3-93E8-5EF961F4E0DD} 2: {3297308C-CC4A-4F76-3905-E16DA682CD91} 3: C:\Program Files\Mastercam 2027\common\reports\GrapeCity.ActiveReports.Core.Rdl.dll 
1: {E3A7A159-C187-44D3-93E8-5EF961F4E0DD} 2: {50E061CE-EE28-45BA-5285-0B58C520293C} 3: C:\Program Files\Mastercam 2027\common\reports\GrapeCity.ActiveReports.Core.Rendering.dll 
1: {E3A7A159-C187-44D3-93E8-5EF961F4E0DD} 2: {52A39A5C-CE1F-7130-C04C-76BAC82871C0} 3: C:\Program Files\Mastercam 2027\common\reports\GrapeCity.ActiveReports.Core.Scripting.dll 
1: {E3A7A159-C187-44D3-93E8-5EF961F4E0DD} 2: {1E42C4B9-9C87-2BFD-4CBE-702C3DD2F7FB} 3: C:\Program Files\Mastercam 2027\common\reports\GrapeCity.ActiveReports.Core.Svg.dll 
1: {E3A7A159-C187-44D3-93E8-5EF961F4E0DD} 2: {8234E964-412B-A708-C3C1-5DA80D382356} 3: C:\Program Files\Mastercam 2027\common\reports\GrapeCity.ActiveReports.Design.Win.dll 
1: {E3A7A159-C187-44D3-93E8-5EF961F4E0DD} 2: {2E5B7B1A-AEB9-2A9C-592A-84E6DE0B5028} 3: C:\Program Files\Mastercam 2027\common\reports\GrapeCity.ActiveReports.dll 
1: {E3A7A159-C187-44D3-93E8-5EF961F4E0DD} 2: {D77BC110-0485-CA04-7EC9-2B4E58E932CA} 3: C:\Program Files\Mastercam 2027\common\reports\GrapeCity.ActiveReports.Export.Excel.dll 
1: {E3A7A159-C187-44D3-93E8-5EF961F4E0DD} 2: {E33B545D-D680-CAEF-760A-C06C6DDEE39F} 3: C:\Program Files\Mastercam 2027\common\reports\GrapeCity.ActiveReports.Export.Html.dll 
1: {E3A7A159-C187-44D3-93E8-5EF961F4E0DD} 2: {CC732834-4176-23A4-9B0E-327B42BDBCE3} 3: C:\Program Files\Mastercam 2027\common\reports\GrapeCity.ActiveReports.Export.Image.dll 
1: {E3A7A159-C187-44D3-93E8-5EF961F4E0DD} 2: {9BAAC9CD-D5A4-2F4A-51A2-2235415A94D4} 3: C:\Program Files\Mastercam 2027\common\reports\GrapeCity.ActiveReports.Export.Image.Win.dll 
1: {E3A7A159-C187-44D3-93E8-5EF961F4E0DD} 2: {51ED44BF-F093-C10D-35CB-AA0F5D0933A8} 3: C:\Program Files\Mastercam 2027\common\reports\GrapeCity.ActiveReports.Export.Pdf.dll 
1: {E3A7A159-C187-44D3-93E8-5EF961F4E0DD} 2: {CA156938-8CEE-5AB6-2A57-B319541965A8} 3: C:\Program Files\Mastercam 2027\common\reports\GrapeCity.ActiveReports.Export.Pdf.Win.dll 
1: {E3A7A159-C187-44D3-93E8-5EF961F4E0DD} 2: {19E246EB-B7B1-E36C-360D-FEC4EE2333CF} 3: C:\Program Files\Mastercam 2027\common\reports\GrapeCity.ActiveReports.Export.Rdf.dll 
1: {E3A7A159-C187-44D3-93E8-5EF961F4E0DD} 2: {946DD488-85EC-C839-6316-47B00492CA28} 3: C:\Program Files\Mastercam 2027\common\reports\GrapeCity.ActiveReports.Export.Word.dll 
1: {E3A7A159-C187-44D3-93E8-5EF961F4E0DD} 2: {177EC9B0-0C51-DF90-B01D-2BB7765EDD24} 3: C:\Program Files\Mastercam 2027\common\reports\GrapeCity.ActiveReports.Export.Xml.dll 
1: {E3A7A159-C187-44D3-93E8-5EF961F4E0DD} 2: {88D945B9-939F-81E5-A5AF-56B2B04DAB56} 3: C:\Program Files\Mastercam 2027\common\reports\GrapeCity.ActiveReports.Serializer.dll 
1: {E3A7A159-C187-44D3-93E8-5EF961F4E0DD} 2: {4CC9DBC0-0E80-0F6D-712D-8A6B1DF3A399} 3: C:\Program Files\Mastercam 2027\common\reports\GrapeCity.ActiveReports.SpreadBuilder.dll 
1: {E3A7A159-C187-44D3-93E8-5EF961F4E0DD} 2: {0DC8194C-C934-ADC8-874E-07B857834321} 3: C:\Program Files\Mastercam 2027\common\reports\GrapeCity.ActiveReports.Viewer.Common.dll 
1: {E3A7A159-C187-44D3-93E8-5EF961F4E0DD} 2: {282E56E1-1535-DD7E-E64D-2063460FC42E} 3: C:\Program Files\Mastercam 2027\common\reports\GrapeCity.ActiveReports.Viewer.Win.dll 
1: {E3A7A159-C187-44D3-93E8-5EF961F4E0DD} 2: {1BAED5D8-8EAC-982D-FAB0-B7A05AAAD058} 3: C:\Program Files\Mastercam 2027\common\reports\GrapeCity.ActiveReports.Viewer.Wpf.dll 
1: {E3A7A159-C187-44D3-93E8-5EF961F4E0DD} 2: {FFAF10C1-170C-280F-A673-43BA7CC3C07B} 3: C:\Program Files\Mastercam 2027\common\reports\GrapeCity.ActiveReports.Win.dll 
1: {E3A7A159-C187-44D3-93E8-5EF961F4E0DD} 2: {BEBEC211-1887-D97C-5CA1-97C489685C06} 3: C:\Program Files\Mastercam 2027\common\reports\GrapeCity.DataVisualization.Chart.dll 
1: {E3A7A159-C187-44D3-93E8-5EF961F4E0DD} 2: {05434FDA-ADB3-7CA3-12A4-0D2EA3D314B5} 3: C:\Program Files\Mastercam 2027\common\reports\GrapeCity.Documents.DX.Windows.dll 
1: {E3A7A159-C187-44D3-93E8-5EF961F4E0DD} 2: {77867F3A-AA0F-7657-8513-D6D485F1652E} 3: C:\Program Files\Mastercam 2027\common\reports\GrapeCity.Documents.Imaging.dll 
1: {E3A7A159-C187-44D3-93E8-5EF961F4E0DD} 2: {78D8A8FF-FBB4-388D-A5CE-DF08D3693329} 3: C:\Program Files\Mastercam 2027\common\reports\GrapeCity.Documents.Imaging.Windows.dll 
1: {E3A7A159-C187-44D3-93E8-5EF961F4E0DD} 2: {6C4E1279-9E69-7042-0C0D-BCAD628C1CA4} 3: C:\Program Files\Mastercam 2027\common\reports\GrapeCity.Documents.Pdf.dll 
1: {E3A7A159-C187-44D3-93E8-5EF961F4E0DD} 2: {E42F37D7-74DE-E58F-0CF4-952A9C0A8DEC} 3: C:\ProgramData\Mastercam\wire\Power\Mits\English\006 DIA BRASS WIRE\ 
1: {E3A7A159-C187-44D3-93E8-5EF961F4E0DD} 2: {6B7F34D6-6A45-F7AA-D23F-332978F07608} 3: C:\ProgramData\Mastercam\wire\Power\Mits\English\008 DIA BRASS WIRE\ 
1: {E3A7A159-C187-44D3-93E8-5EF961F4E0DD} 2: {9C633093-34D3-C307-8A7C-6E30E65B6383} 3: C:\ProgramData\Mastercam\wire\Power\Mits\English\010 DIA BRASS WIRE\ 
1: {E3A7A159-C187-44D3-93E8-5EF961F4E0DD} 2: {C5CAEC12-22AC-387F-B8C5-880C4B53BB99} 3: C:\ProgramData\Mastercam\wire\Power\Mits\English\012 DIA BRASS WIRE\ 
1: {E3A7A159-C187-44D3-93E8-5EF961F4E0DD} 2: {BE95EF8B-BB2F-9367-A78C-D4B72D8E5A48} 3: C:\ProgramData\Mastercam\wire\Power\Mits\Metric\A0\COPPER\ 
1: {E3A7A159-C187-44D3-93E8-5EF961F4E0DD} 2: {8227DCBB-B49D-2D59-5C83-B9D9882ED08B} 3: C:\ProgramData\Mastercam\wire\Power\Mits\Metric\A0\STEEL\ 
1: {E3A7A159-C187-44D3-93E8-5EF961F4E0DD} 2: {640201CC-CF8E-4F03-F4DD-54477E0B3EB7} 3: C:\ProgramData\Mastercam\wire\Power\Mits\Metric\A1\COPPER\ 
1: {E3A7A159-C187-44D3-93E8-5EF961F4E0DD} 2: {10CED86F-F539-3F4F-B9A6-18E1E43B0DA2} 3: C:\ProgramData\Mastercam\wire\Power\Mits\Metric\A1\STEEL\ 
1: {E3A7A159-C187-44D3-93E8-5EF961F4E0DD} 2: {8729C2CB-B5B0-CF91-E9CA-48D857D5A921} 3: C:\Program Files\Mastercam 2027\ruiSDK_5.3.1.x64.dll 
1: {E3A7A159-C187-44D3-93E8-5EF961F4E0DD} 2: {544FB6ED-D08E-2766-3751-D1886744FEC2} 3: C:\ProgramData\Mastercam\NET-Scripts\ArchiveManager\ 
1: {E3A7A159-C187-44D3-93E8-5EF961F4E0DD} 2: {A9E1C85F-FAB7-6806-8D86-BC0BFE564512} 3: C:\ProgramData\Mastercam\NET-Scripts\BatchImportDxf\ 
1: {E3A7A159-C187-44D3-93E8-5EF961F4E0DD} 2: {4F65D063-3F95-E317-23D2-430F453C8BF4} 3: C:\ProgramData\Mastercam\NET-Scripts\BatchImportX4-X9\ 
1: {E3A7A159-C187-44D3-93E8-5EF961F4E0DD} 2: {1E8B6A47-7587-FA44-B1E0-AB1EC6F81712} 3: C:\ProgramData\Mastercam\NET-Scripts\CreateAndSelectGeometry\ 
1: {E3A7A159-C187-44D3-93E8-5EF961F4E0DD} 2: {EC63FF2D-DAE0-5EEC-D1B6-1A89D99F1629} 3: C:\ProgramData\Mastercam\NET-Scripts\CreateBoltCircle\ 
1: {E3A7A159-C187-44D3-93E8-5EF961F4E0DD} 2: {E17E3B43-3584-4828-96D5-7A950C195C41} 3: C:\ProgramData\Mastercam\NET-Scripts\CreateDXFfile\ 
1: {E3A7A159-C187-44D3-93E8-5EF961F4E0DD} 2: {D77F53C4-4EBE-6CA3-342E-E80BFEFF301C} 3: C:\ProgramData\Mastercam\NET-Scripts\CreateLetters\ 
1: {E3A7A159-C187-44D3-93E8-5EF961F4E0DD} 2: {D9F3282A-AEF9-10D1-7CC0-45E49DEAB14E} 3: C:\ProgramData\Mastercam\NET-Scripts\CreatePanel\ 
1: {E3A7A159-C187-44D3-93E8-5EF961F4E0DD} 2: {5B125E83-3BAB-D6DD-2399-BD2E075C7EEA} 3: C:\ProgramData\Mastercam\NET-Scripts\CreatePoints\ 
1: {E3A7A159-C187-44D3-93E8-5EF961F4E0DD} 2: {9E6432D9-91E1-6E24-6C9D-62F2FF0E574A} 3: C:\ProgramData\Mastercam\NET-Scripts\CreateRectangles\ 
1: {E3A7A159-C187-44D3-93E8-5EF961F4E0DD} 2: {B0436598-8158-502C-F18E-ACB8D06088E7} 3: C:\ProgramData\Mastercam\NET-Scripts\CreateStar\ 
1: {E3A7A159-C187-44D3-93E8-5EF961F4E0DD} 2: {EB4425E4-4B77-ABBB-306E-E65EC4C7C7D6} 3: C:\ProgramData\Mastercam\NET-Scripts\DialogManager\ 
1: {E3A7A159-C187-44D3-93E8-5EF961F4E0DD} 2: {09A2DCAE-E38B-D4A9-F940-82276D7148C1} 3: C:\ProgramData\Mastercam\NET-Scripts\DrillPartFile\ 
1: {E3A7A159-C187-44D3-93E8-5EF961F4E0DD} 2: {472098DF-F6F2-0D9F-5B12-0E129DD5FFD7} 3: C:\ProgramData\Mastercam\NET-Scripts\Entities\ 
1: {E3A7A159-C187-44D3-93E8-5EF961F4E0DD} 2: {8992C76D-D6B7-5BF6-4438-F6FCAEEB66FD} 3: C:\ProgramData\Mastercam\NET-Scripts\Filtering\ 
1: {E3A7A159-C187-44D3-93E8-5EF961F4E0DD} 2: {FCF3F514-4BF8-43A6-6D5D-85ECC650BF04} 3: C:\ProgramData\Mastercam\NET-Scripts\LevelManager\ 
1: {E3A7A159-C187-44D3-93E8-5EF961F4E0DD} 2: {78657F9B-BBE2-78DA-A3C2-C8A689BDA9BE} 3: C:\ProgramData\Mastercam\NET-Scripts\PointsLinesArcs\ 
1: {E3A7A159-C187-44D3-93E8-5EF961F4E0DD} 2: {4ECF0B20-0B8E-E783-19DF-A22618F1AD72} 3: C:\ProgramData\Mastercam\NET-Scripts\RegistryManager\ 
1: {E3A7A159-C187-44D3-93E8-5EF961F4E0DD} 2: {2597C8F6-62F9-B4F8-C459-0BFBFBEBD35C} 3: C:\ProgramData\Mastercam\NET-Scripts\RenameNCI\ 
1: {E3A7A159-C187-44D3-93E8-5EF961F4E0DD} 2: {F081C87A-AB58-F371-2FB0-B05515978D29} 3: C:\ProgramData\Mastercam\NET-Scripts\ReverseChainAndToolSide\ 
1: {E3A7A159-C187-44D3-93E8-5EF961F4E0DD} 2: {80AC1866-66F0-B6D4-EBD6-37842EFF981E} 3: C:\ProgramData\Mastercam\NET-Scripts\RotateGeometry\ 
1: {E3A7A159-C187-44D3-93E8-5EF961F4E0DD} 2: {B18B992B-B300-97E2-B70E-53B76874EF5C} 3: C:\ProgramData\Mastercam\NET-Scripts\SimAccessManaged\ 
1: {E3A7A159-C187-44D3-93E8-5EF961F4E0DD} 2: {73DC7CEB-B9B4-D5CA-B7DF-419B7B199D8C} 3: C:\ProgramData\Mastercam\NET-Scripts\Solids\ 
1: {E3A7A159-C187-44D3-93E8-5EF961F4E0DD} 2: {8CB40249-9B0A-E169-0E0C-186A1C2DD50E} 3: C:\ProgramData\Mastercam\NET-Scripts\ToolNetApi\ 
1: {E3A7A159-C187-44D3-93E8-5EF961F4E0DD} 2: {4E77134D-D4A6-6A09-6319-8F9733E223AA} 3: C:\ProgramData\Mastercam\NET-Scripts\ViewSheets\ 
1: {E3A7A159-C187-44D3-93E8-5EF961F4E0DD} 2: {F8D91984-45C9-ECBB-BD6E-F6357061743B} 3: C:\ProgramData\Mastercam\NET-Scripts\ViewSheets\ViewSheets\ 
1: {E3A7A159-C187-44D3-93E8-5EF961F4E0DD} 2: {8B61F00A-AE05-431D-5671-1A573AD9F357} 3: C:\ProgramData\Mastercam\NET-Scripts\Workplanes\ 
1: {E3A7A159-C187-44D3-93E8-5EF961F4E0DD} 2: {0DB672D8-87E0-EA35-6377-2F984296E41F} 3: C:\ProgramData\Mastercam\NET-Scripts\Workplanes\Workplanes\ 
1: {E3A7A159-C187-44D3-93E8-5EF961F4E0DD} 2: {C7821C77-7505-B628-3847-6AF0CF7ADDC9} 3: C:\Program Files\Mastercam 2027\common\reports\System.Buffers.dll 
1: {E3A7A159-C187-44D3-93E8-5EF961F4E0DD} 2: {101897AC-CD6F-9AAE-5E43-2345D7C61B7D} 3: C:\Program Files\Mastercam 2027\common\reports\System.Drawing.dll 
1: {E3A7A159-C187-44D3-93E8-5EF961F4E0DD} 2: {8F214E34-4BCF-FA9F-EC86-5D4258323466} 3: C:\Program Files\Mastercam 2027\common\reports\System.Memory.dll 
1: {E3A7A159-C187-44D3-93E8-5EF961F4E0DD} 2: {F3926C54-492E-EAE9-BFAA-C9D5C859C48B} 3: C:\Program Files\Mastercam 2027\common\reports\System.Numerics.Vectors.dll 
1: {E3A7A159-C187-44D3-93E8-5EF961F4E0DD} 2: {94C1E0BA-A144-22DA-67ED-1EA7319B3350} 3: C:\Program Files\Mastercam 2027\common\reports\System.Runtime.CompilerServices.Unsafe.dll 
1: {E3A7A159-C187-44D3-93E8-5EF961F4E0DD} 2: {187971E9-9DD9-C3F4-0C44-1D23337D4406} 3: C:\Program Files\Mastercam 2027\common\reports\System.Text.Encodings.Web.dll 
1: {E3A7A159-C187-44D3-93E8-5EF961F4E0DD} 2: {5F3E2913-320F-8950-2CDB-311EE1D77A2E} 3: C:\Program Files\Mastercam 2027\common\reports\System.Text.Json.dll 
1: {E3A7A159-C187-44D3-93E8-5EF961F4E0DD} 2: {9CFDE3A7-75CF-3016-2582-D8E5D6AC8EED} 3: C:\Program Files\Mastercam 2027\common\reports\System.Threading.Tasks.Extensions.dll 
1: {E3A7A159-C187-44D3-93E8-5EF961F4E0DD} 2: {C27E14A9-9D71-A196-2F57-75120608AFE5} 3: C:\Program Files\Mastercam 2027\common\reports\System.ValueTuple.dll 
1: {E3A7A159-C187-44D3-93E8-5EF961F4E0DD} 2: {52B68771-1884-3820-6770-61509FA9D29F} 3: C:\Program Files\Mastercam 2027\common\reports\System.Windows.Forms.dll 
1: {E3A7A159-C187-44D3-93E8-5EF961F4E0DD} 2: {3207D1B1-80E5-11D2-B95D-006097C4DE24} 3: C:\windows\syswow64\comcat.dll 
1: {E3A7A159-C187-44D3-93E8-5EF961F4E0DD} 2: {FC3E0B6E-F62B-11D1-B144-00C04F990B2B} 3: C:\windows\syswow64\comdlg32.ocx 
1: {E3A7A159-C187-44D3-93E8-5EF961F4E0DD} 2: {996512A1-AA46-11D2-B97F-006097C4DE24} 3: C:\windows\syswow64\msbind.dll 
1: {E3A7A159-C187-44D3-93E8-5EF961F4E0DD} 2: {A0A0921F-2C4E-4D00-929D-0B5C4829B846} 3: C:\windows\ 
1: {E3A7A159-C187-44D3-93E8-5EF961F4E0DD} 2: {22056900-C842-11D1-A0DD-00A0C9054277} 3: C:\windows\syswow64\mscomctl.ocx 
1: {E3A7A159-C187-44D3-93E8-5EF961F4E0DD} 2: {1D2B754A-CD9A-11D1-8279-00C04FC21633} 3: C:\windows\syswow64\msstdfmt.dll 
1: {E3A7A159-C187-44D3-93E8-5EF961F4E0DD} 2: {10048713-2C96-11D2-9A97-006097C4E452} 3: C:\windows\syswow64\olepro32.dll 
1: {E3A7A159-C187-44D3-93E8-5EF961F4E0DD} 2: {474F61F1-7342-11D2-A199-00A0C90AB50F} 3: C:\windows\syswow64\stdole2.tlb 
1: {E3A7A159-C187-44D3-93E8-5EF961F4E0DD} 2: {997FA962-E067-11D1-9396-00A0C90F27F9} 3: C:\windows\syswow64\oleaut32.dll 
Action ended 12:08:18: ProcessComponents. Return value 1.
Action 12:08:18: UnpublishComponents. Unpublishing Qualified Components
Action start 12:08:18: UnpublishComponents.
Action ended 12:08:18: UnpublishComponents. Return value 1.
Action 12:08:18: MsiUnpublishAssemblies. 
Action start 12:08:18: MsiUnpublishAssemblies.
Action ended 12:08:18: MsiUnpublishAssemblies. Return value 1.
Action 12:08:18: UnpublishFeatures. Unpublishing product features
Action start 12:08:18: UnpublishFeatures.
Action ended 12:08:18: UnpublishFeatures. Return value 1.
Action 12:08:18: StopServices. Stopping services
Action start 12:08:18: StopServices.
Action ended 12:08:18: StopServices. Return value 1.
Action 12:08:18: DeleteServices. Deleting services
Action start 12:08:18: DeleteServices.
Action ended 12:08:18: DeleteServices. Return value 1.
Action 12:08:18: SelfUnregModules. Unregistering modules
Action start 12:08:18: SelfUnregModules.
Action ended 12:08:18: SelfUnregModules. Return value 1.
Action 12:08:18: UnregisterTypeLibraries. Unregistering type libraries
Action start 12:08:18: UnregisterTypeLibraries.
Action ended 12:08:18: UnregisterTypeLibraries. Return value 1.
Action 12:08:18: RemoveODBC. Removing ODBC components
Action start 12:08:18: RemoveODBC.
Action ended 12:08:18: RemoveODBC. Return value 1.
Action 12:08:18: RemoveRegistryValues. Removing system registry values
Action start 12:08:18: RemoveRegistryValues.
Action ended 12:08:18: RemoveRegistryValues. Return value 1.
Action 12:08:18: UnregisterClassInfo. Unregister class servers
Action start 12:08:18: UnregisterClassInfo.
Action ended 12:08:18: UnregisterClassInfo. Return value 1.
Action 12:08:18: UnregisterExtensionInfo. Unregistering extension servers
Action start 12:08:18: UnregisterExtensionInfo.
Action ended 12:08:18: UnregisterExtensionInfo. Return value 1.
Action 12:08:18: UnregisterProgIdInfo. Unregistering program identifiers
Action start 12:08:18: UnregisterProgIdInfo.
Action ended 12:08:18: UnregisterProgIdInfo. Return value 1.
Action 12:08:18: UnregisterMIMEInfo. Unregistering MIME info
Action start 12:08:18: UnregisterMIMEInfo.
Action ended 12:08:18: UnregisterMIMEInfo. Return value 1.
Action 12:08:18: RemoveIniValues. Removing INI file entries
Action start 12:08:18: RemoveIniValues.
Action ended 12:08:18: RemoveIniValues. Return value 1.
Action 12:08:18: RemoveShortcuts. Removing shortcuts
Action start 12:08:18: RemoveShortcuts.
Action ended 12:08:18: RemoveShortcuts. Return value 1.
Action 12:08:18: RemoveEnvironmentStrings. Updating environment strings
Action start 12:08:18: RemoveEnvironmentStrings.
Action ended 12:08:18: RemoveEnvironmentStrings. Return value 1.
Action 12:08:18: RemoveDuplicateFiles. Removing duplicated files
Action start 12:08:18: RemoveDuplicateFiles.
Action ended 12:08:18: RemoveDuplicateFiles. Return value 1.
Action 12:08:18: RemoveFiles. Removing files
Action start 12:08:18: RemoveFiles.
Removing files...
Removing files...
Removing files...
Removing files...
Removing files...
Removing files...
Removing files...
Removing files...
Removing files...
Removing files...
Removing files...
Removing files...
Removing files...
Removing files...
Removing files...
Removing files...
Removing files...
Removing files...
Removing files...
Removing files...
Removing files...
Removing files...
Removing files...
Removing files...
Removing files...
Removing files...
Removing files...
Removing files...
Removing files...
Removing files...
Removing files...
Removing files...
Removing files...
Removing files...
Removing files...
Removing files...
Removing files...
Removing files...
Removing files...
Removing files...
Removing files...
Removing files...
Removing files...
Removing files...
Removing files...
Removing files...
Removing files...
Removing files...
Removing files...
Removing files...
Removing files...
Removing files...
Removing files...
Removing files...
Removing files...
Removing files...
Removing files...
Removing files...
Removing files...
Removing files...
Removing files...
Removing files...
Removing files...
Removing files...
Removing files...
Removing files...
Removing files...
Removing files...
Removing files...
Removing files...
Removing files...
Removing files...
Removing files...
Removing files...
Removing files...
Removing files...
Removing files...
Removing files...
Removing files...
Removing files...
Removing files...
Removing files...
Removing files...
Removing files...
Removing files...
Removing files...
Removing files...
Removing files...
Removing files...
Removing files...
Removing files...
Removing files...
Removing files...
Removing files...
Removing files...
Removing files...
Removing files...
Removing files...
Removing files...
Removing files...
Removing files...
Removing files...
Removing files...
Removing files...
Removing files...
Removing files...
Removing files...
Removing files...
Removing files...
Removing files...
Removing files...
Removing files...
Removing files...
Removing files...
Removing files...
Removing files...
Removing files...
Removing files...
Removing files...
Removing files...
Removing files...
Removing files...
Removing files...
Removing files...
Removing files...
Removing files...
Removing files...
Removing files...
Removing files...
Removing files...
Removing files...
Removing files...
Removing files...
Removing files...
Removing files...
Removing files...
Removing files...
Removing files...
Removing files...
Removing files...
Removing files...
Removing files...
Removing files...
Removing files...
Removing files...
Removing files...
Removing files...
Removing files...
Removing files...
Removing files...
Removing files...
Removing files...
Removing files...
Removing files...
Removing files...
Removing files...
Removing files...
Removing files...
Removing files...
Removing files...
Removing files...
Removing files...
Removing files...
Removing files...
Removing files...
Removing files...
Removing files...
Removing files...
Removing files...
Removing files...
Removing files...
Removing files...
Removing files...
Removing files...
Removing files...
Removing files...
Removing files...
Removing files...
Removing files...
Removing files...
Removing files...
Removing files...
Removing files...
Removing files...
Removing files...
Removing files...
Removing files...
Removing files...
Removing files...
Removing files...
Removing files...
Removing files...
Removing files...
Removing files...
Removing files...
Removing files...
Removing files...
Removing files...
Removing files...
Removing files...
Removing files...
Removing files...
Removing files...
Removing files...
Removing files...
Removing files...
Removing files...
Removing files...
Removing files...
Removing files...
Removing files...
Removing files...
Removing files...
Removing files...
Removing files...
Removing files...
Removing files...
Removing files...
Removing files...
Removing files...
Removing files...
Removing files...
Removing files...
Removing files...
Removing files...
Removing files...
Removing files...
Removing files...
Removing files...
Removing files...
Removing files...
Removing files...
Removing files...
Removing files...
Removing files...
Removing files...
Removing files...
Removing files...
Removing files...
Removing files...
Removing files...
Removing files...
Removing files...
Removing files...
Removing files...
Removing files...
Removing files...
Removing files...
Removing files...
Removing files...
Removing files...
Removing files...
Removing files...
Removing files...
Removing files...
Removing files...
Removing files...
Removing files...
Removing files...
Removing files...
Removing files...
Removing files...
Removing files...
Removing files...
Removing files...
Removing files...
Removing files...
Removing files...
Removing files...
Removing files...
Removing files...
Removing files...
Removing files...
Removing files...
Removing files...
Removing files...
Removing files...
Removing files...
Removing files...
Removing files...
Removing files...
Removing files...
Removing files...
Removing files...
Removing files...
Removing files...
Removing files...
Removing files...
Removing files...
Removing files...
Removing files...
Removing files...
Removing files...
Removing files...
Removing files...
Removing files...
Removing files...
Removing files...
Removing files...
Removing files...
Removing files...
Removing files...
Removing files...
Removing files...
Removing files...
Removing files...
Removing files...
Removing files...
Removing files...
Removing files...
Removing files...
Removing files...
Removing files...
Removing files...
Removing files...
Removing files...
Removing files...
Removing files...
Removing files...
Removing files...
Removing files...
Removing files...
Removing files...
Removing files...
Removing files...
Removing files...
Removing files...
Removing files...
Removing files...
Removing files...
Removing files...
Removing files...
Removing files...
Removing files...
Removing files...
Removing files...
Removing files...
Removing files...
Removing files...
Removing files...
Removing files...
Removing files...
Removing files...
Removing files...
Removing files...
Removing files...
Removing files...
Removing files...
Removing files...
Removing files...
Removing files...
Removing files...
Removing files...
Removing files...
Removing files...
Removing files...
Removing files...
Removing files...
Removing files...
Removing files...
Removing files...
Removing files...
Removing files...
Removing files...
Removing files...
Removing files...
Removing files...
Removing files...
Removing files...
Removing files...
Removing files...
Removing files...
Removing files...
Removing files...
Removing files...
Removing files...
Removing files...
Removing files...
Removing files...
Removing files...
Removing files...
Removing files...
Removing files...
Removing files...
Removing files...
Removing files...
Removing files...
Removing files...
Removing files...
Removing files...
Removing files...
Removing files...
Removing files...
Removing files...
Removing files...
Removing files...
Removing files...
Removing files...
Removing files...
Removing files...
Removing files...
Removing files...
Removing files...
Removing files...
Removing files...
Removing files...
Removing files...
Removing files...
Removing files...
Removing files...
Removing files...
Removing files...
Removing files...
Removing files...
Removing files...
Removing files...
Removing files...
Removing files...
Removing files...
Removing files...
Removing files...
Removing files...
Removing files...
Removing files...
Removing files...
Removing files...
Removing files...
Removing files...
Removing files...
Removing files...
Removing files...
Removing files...
Removing files...
Removing files...
Removing files...
Removing files...
Removing files...
Removing files...
Removing files...
Removing files...
Removing files...
Removing files...
Removing files...
Removing files...
Removing files...
Removing files...
Removing files...
Removing files...
Removing files...
Removing files...
Removing files...
Removing files...
Removing files...
Removing files...
Removing files...
Removing files...
Removing files...
Removing files...
Removing files...
Removing files...
Removing files...
Removing files...
Removing files...
Removing files...
Removing files...
Removing files...
Removing files...
Removing files...
Removing files...
Removing files...
Removing files...
Removing files...
Removing files...
Removing files...
Removing files...
Removing files...
Removing files...
Removing files...
Removing files...
Removing files...
Removing files...
Removing files...
Removing files...
Removing files...
Removing files...
Removing files...
Removing files...
Removing files...
Removing files...
Removing files...
Removing files...
Removing files...
Removing files...
Removing files...
Removing files...
Removing files...
Removing files...
Removing files...
Removing files...
Removing files...
Removing files...
Removing files...
Removing files...
Removing files...
Removing files...
Removing files...
Removing files...
Removing files...
Removing files...
Removing files...
Removing files...
Removing files...
Removing files...
Removing files...
Removing files...
Removing files...
Removing files...
Removing files...
Removing files...
Removing files...
Removing files...
Removing files...
Removing files...
Removing files...
Removing files...
Removing files...
Removing files...
Removing files...
Removing files...
Removing files...
Removing files...
Removing files...
Removing files...
Removing files...
Removing files...
Removing files...
Removing files...
Removing files...
Removing files...
Removing files...
Removing files...
Removing files...
Removing files...
Removing files...
Removing files...
Removing files...
Removing files...
Removing files...
Removing files...
Removing files...
Removing files...
Removing files...
Removing files...
Removing files...
Removing files...
Removing files...
Removing files...
Removing files...
Removing files...
Removing files...
Removing files...
Removing files...
Removing files...
Removing files...
Removing files...
Removing files...
Removing files...
Removing files...
Removing files...
Removing files...
Removing files...
Removing files...
Removing files...
Removing files...
Removing files...
Removing files...
Removing files...
Removing files...
Removing files...
Removing files...
Removing files...
Removing files...
Removing files...
Removing files...
Removing files...
Removing files...
Removing files...
Removing files...
Removing files...
Removing files...
Removing files...
Removing files...
Removing files...
Removing files...
Removing files...
Removing files...
Removing files...
Removing files...
Removing files...
Removing files...
Removing files...
Removing files...
Removing files...
Removing files...
Removing files...
Removing files...
Removing files...
Removing files...
Removing files...
Removing files...
Removing files...
Removing files...
Removing files...
Removing files...
Removing files...
Removing files...
Removing files...
Removing files...
Removing files...
Removing files...
Removing files...
Removing files...
Removing files...
Removing files...
Removing files...
Removing files...
Removing files...
Removing files...
Removing files...
Removing files...
Removing files...
Removing files...
Removing files...
Removing files...
Removing files...
Removing files...
Removing files...
Removing files...
Removing files...
Removing files...
Removing files...
Removing files...
Removing files...
Removing files...
Removing files...
Removing files...
Removing files...
Removing files...
Removing files...
Removing files...
Removing files...
Removing files...
Removing files...
Removing files...
Removing files...
Removing files...
Removing files...
Removing files...
Removing files...
Removing files...
Removing files...
Removing files...
Removing files...
Removing files...
Removing files...
Removing files...
Removing files...
Removing files...
Removing files...
Removing files...
Removing files...
Removing files...
Removing files...
Removing files...
Removing files...
Removing files...
Removing files...
Removing files...
Removing files...
Removing files...
Removing files...
Removing files...
Removing files...
Removing files...
Removing files...
Removing files...
Removing files...
Removing files...
Removing files...
Removing files...
Removing files...
Removing files...
Removing files...
Removing files...
Removing files...
Removing files...
Removing files...
Removing files...
Removing files...
Removing files...
Removing files...
Removing files...
Removing files...
Removing files...
Removing files...
Removing files...
Removing files...
Removing files...
Removing files...
Removing files...
Removing files...
Removing files...
Removing files...
Removing files...
Removing files...
Removing files...
Removing files...
Removing files...
Removing files...
Removing files...
Removing files...
Removing files...
Removing files...
Removing files...
Removing files...
Removing files...
Removing files...
Removing files...
Removing files...
Removing files...
Removing files...
Removing files...
Removing files...
Removing files...
Removing files...
Removing files...
Removing files...
Removing files...
Removing files...
Removing files...
Removing files...
Removing files...
Removing files...
Removing files...
Removing files...
Removing files...
Removing files...
Removing files...
Removing files...
Removing files...
Removing files...
Removing files...
Removing files...
Removing files...
Removing files...
Removing files...
Removing files...
Removing files...
Removing files...
Removing files...
Removing files...
Removing files...
Removing files...
Removing files...
Removing files...
Removing files...
Removing files...
Removing files...
Removing files...
Removing files...
Removing files...
Removing files...
Removing files...
Removing files...
Removing files...
Removing files...
Removing files...
Removing files...
Removing files...
Removing files...
Removing files...
Removing files...
Removing files...
Removing files...
Removing files...
Removing files...
Removing files...
Removing files...
Removing files...
Removing files...
Removing files...
Removing files...
Removing files...
Removing files...
Removing files...
Removing files...
Removing files...
Removing files...
Removing files...
Removing files...
Removing files...
Removing files...
Removing files...
Removing files...
Removing files...
Removing files...
Removing files...
Removing files...
Removing files...
Removing files...
Removing files...
Removing files...
Removing files...
Removing files...
Removing files...
Removing files...
Removing files...
Removing files...
Removing files...
Removing files...
Removing files...
Removing files...
Removing files...
Removing files...
Removing files...
Removing files...
Removing files...
Removing files...
Removing files...
Removing files...
Removing files...
Removing files...
Removing files...
Removing files...
Removing files...
Removing files...
Removing files...
Removing files...
Removing files...
Removing files...
Removing files...
Removing files...
Removing files...
Removing files...
Removing files...
Removing files...
Removing files...
Removing files...
Removing files...
Removing files...
Removing files...
Removing files...
Removing files...
Removing files...
Removing files...
Removing files...
Removing files...
Removing files...
Removing files...
Removing files...
Removing files...
Removing files...
Removing files...
Removing files...
Removing files...
Removing files...
Removing files...
Removing files...
Removing files...
Removing files...
Removing files...
Removing files...
Removing files...
Removing files...
Removing files...
Removing files...
Removing files...
Removing files...
Removing files...
Removing files...
Removing files...
Removing files...
Removing files...
Removing files...
Removing files...
Removing files...
Removing files...
Removing files...
Removing files...
Removing files...
Removing files...
Removing files...
Removing files...
Removing files...
Removing files...
Removing files...
Removing files...
Removing files...
Removing files...
Removing files...
Removing files...
Removing files...
Removing files...
Removing files...
Removing files...
Removing files...
Removing files...
Removing files...
Removing files...
Removing files...
Removing files...
Removing files...
Removing files...
Removing files...
Removing files...
Removing files...
Removing files...
Removing files...
Removing files...
Removing files...
Removing files...
Removing files...
Removing files...
Removing files...
Removing files...
Removing files...
Removing files...
Removing files...
Removing files...
Removing files...
Removing files...
Removing files...
Removing files...
Removing files...
Removing files...
Removing files...
Removing files...
Removing files...
Removing files...
Removing files...
Removing files...
Removing files...
Removing files...
Removing files...
Removing files...
Removing files...
Removing files...
Removing files...
Removing files...
Removing files...
Removing files...
Removing files...
Removing files...
Removing files...
Removing files...
Removing files...
Removing files...
Removing files...
Removing files...
Removing files...
Removing files...
Removing files...
Removing files...
Removing files...
Removing files...
Removing files...
Removing files...
Removing files...
Removing files...
Removing files...
Removing files...
Removing files...
Removing files...
Removing files...
Removing files...
Removing files...
Removing files...
Removing files...
Removing files...
Removing files...
Removing files...
Removing files...
Removing files...
Removing files...
Removing files...
Removing files...
Removing files...
Removing files...
Removing files...
Removing files...
Removing files...
Removing files...
Removing files...
Removing files...
Removing files...
Removing files...
Removing files...
Removing files...
Removing files...
Removing files...
Removing files...
Removing files...
Removing files...
Removing files...
Removing files...
Removing files...
Removing files...
Removing files...
Removing files...
Removing files...
Removing files...
Removing files...
Removing files...
Removing files...
Removing files...
Removing files...
Removing files...
Removing files...
Removing files...
Removing files...
Removing files...
Removing files...
Removing files...
Removing files...
Removing files...
Removing files...
Removing files...
Removing files...
Removing files...
Removing files...
Removing files...
Removing files...
Removing files...
Removing files...
Removing files...
Removing files...
Removing files...
Removing files...
Removing files...
Removing files...
Removing files...
Removing files...
Removing files...
Removing files...
Removing files...
Removing files...
Removing files...
Removing files...
Removing files...
Removing files...
Removing files...
Removing files...
Removing files...
Removing files...
Removing files...
Removing files...
Removing files...
Removing files...
Removing files...
Removing files...
Removing files...
Removing files...
Removing files...
Removing files...
Removing files...
Removing files...
Removing files...
Removing files...
Removing files...
Removing files...
Removing files...
Removing files...
Removing files...
Removing files...
Removing files...
Removing files...
Removing files...
Removing files...
Removing files...
Removing files...
Removing files...
Removing files...
Removing files...
Removing files...
Removing files...
Removing files...
Removing files...
Removing files...
Removing files...
Removing files...
Removing files...
Removing files...
Removing files...
Removing files...
Removing files...
Removing files...
Removing files...
Removing files...
Removing files...
Removing files...
Removing files...
Removing files...
Removing files...
Removing files...
Removing files...
Removing files...
Removing files...
Removing files...
Removing files...
Removing files...
Removing files...
Removing files...
Removing files...
Removing files...
Removing files...
Removing files...
Removing files...
Removing files...
Removing files...
Removing files...
Removing files...
Removing files...
Removing files...
Removing files...
Removing files...
Removing files...
Removing files...
Removing files...
Removing files...
Removing files...
Removing files...
Removing files...
Removing files...
Removing files...
Removing files...
Removing files...
Removing files...
Removing files...
Removing files...
Removing files...
Removing files...
Removing files...
Removing files...
Removing files...
Removing files...
Removing files...
Removing files...
Removing files...
Removing files...
Removing files...
Removing files...
Removing files...
Removing files...
Removing files...
Removing files...
Removing files...
Removing files...
Removing files...
Removing files...
Removing files...
Removing files...
Removing files...
Removing files...
Removing files...
Removing files...
Removing files...
Removing files...
Removing files...
Removing files...
Removing files...
Removing files...
Removing files...
Removing files...
Removing files...
Removing files...
Removing files...
Removing files...
Removing files...
Removing files...
Removing files...
Removing files...
Removing files...
Removing files...
Removing files...
Removing files...
Removing files...
Removing files...
Removing files...
Removing files...
Removing files...
Removing files...
Removing files...
Removing files...
Removing files...
Removing files...
Removing files...
Removing files...
Removing files...
Removing files...
Removing files...
Removing files...
Removing files...
Removing files...
Removing files...
Removing files...
Removing files...
Removing files...
Removing files...
Removing files...
Removing files...
Removing files...
Removing files...
Removing files...
Removing files...
Removing files...
Removing files...
Removing files...
Removing files...
Removing files...
Removing files...
Removing files...
Removing files...
Removing files...
Removing files...
Removing files...
Removing files...
Removing files...
Removing files...
Removing files...
Removing files...
Removing files...
Removing files...
Removing files...
Removing files...
Removing files...
Removing files...
Removing files...
Removing files...
Removing files...
Removing files...
Removing files...
Removing files...
Removing files...
Removing files...
Removing files...
Removing files...
Removing files...
Removing files...
Removing files...
Removing files...
Removing files...
Removing files...
Removing files...
Removing files...
Removing files...
Removing files...
Removing files...
Removing files...
Removing files...
Removing files...
Removing files...
Removing files...
Removing files...
Removing files...
Removing files...
Removing files...
Removing files...
Removing files...
Removing files...
Removing files...
Removing files...
Removing files...
Removing files...
Removing files...
Removing files...
Removing files...
Removing files...
Removing files...
Removing files...
Removing files...
Removing files...
Removing files...
Removing files...
Removing files...
Removing files...
Removing files...
Removing files...
Removing files...
Removing files...
Removing files...
Removing files...
Removing files...
Removing files...
Removing files...
Removing files...
Removing files...
Removing files...
Removing files...
Removing files...
Removing files...
Removing files...
Removing files...
Removing files...
Removing files...
Removing files...
Removing files...
Removing files...
Removing files...
Removing files...
Removing files...
Removing files...
Removing files...
Removing files...
Removing files...
Removing files...
Removing files...
Removing files...
Removing files...
Removing files...
Removing files...
Removing files...
Removing files...
Removing files...
Removing files...
Removing files...
Removing files...
Removing files...
Removing files...
Removing files...
Removing files...
Removing files...
Removing files...
Removing files...
Removing files...
Removing files...
Removing files...
Removing files...
Removing files...
Removing files...
Removing files...
Removing files...
Removing files...
Removing files...
Removing files...
Removing files...
Removing files...
Removing files...
Removing files...
Removing files...
Removing files...
Removing files...
Removing files...
Removing files...
Removing files...
Removing files...
Removing files...
Removing files...
Removing files...
Removing files...
Removing files...
Removing files...
Removing files...
Removing files...
Removing files...
Removing files...
Removing files...
Removing files...
Removing files...
Removing files...
Removing files...
Removing files...
Removing files...
Removing files...
Removing files...
Removing files...
Removing files...
Removing files...
Removing files...
Removing files...
Removing files...
Removing files...
Removing files...
Removing files...
Removing files...
Removing files...
Removing files...
Removing files...
Removing files...
Removing files...
Removing files...
Removing files...
Removing files...
Removing files...
Removing files...
Removing files...
Removing files...
Removing files...
Removing files...
Removing files...
Removing files...
Removing files...
Removing files...
Removing files...
Removing files...
Removing files...
Removing files...
Removing files...
Removing files...
Removing files...
Removing files...
Removing files...
Removing files...
Removing files...
Removing files...
Removing files...
Removing files...
Removing files...
Removing files...
Removing files...
Removing files...
Removing files...
Removing files...
Removing files...
Removing files...
Removing files...
Removing files...
Removing files...
Removing files...
Removing files...
Removing files...
Removing files...
Removing files...
Removing files...
Removing files...
Removing files...
Removing files...
Removing files...
Removing files...
Removing files...
Removing files...
Removing files...
Removing files...
Removing files...
Removing files...
Removing files...
Removing files...
Removing files...
Removing files...
Removing files...
Removing files...
Removing files...
Removing files...
Removing files...
Removing files...
Removing files...
Removing files...
Removing files...
Removing files...
Removing files...
Removing files...
Removing files...
Removing files...
Removing files...
Removing files...
Removing files...
Removing files...
Removing files...
Removing files...
Removing files...
Removing files...
Removing files...
Removing files...
Removing files...
Removing files...
Removing files...
Removing files...
Removing files...
Removing files...
Removing files...
Removing files...
Removing files...
Removing files...
Removing files...
Removing files...
Removing files...
Removing files...
Removing files...
Removing files...
Removing files...
Removing files...
Removing files...
Removing files...
Removing files...
Removing files...
Removing files...
Removing files...
Removing files...
Removing files...
Removing files...
Removing files...
Removing files...
Removing files...
Removing files...
Removing files...
Removing files...
Removing files...
Removing files...
Removing files...
Removing files...
Removing files...
Removing files...
Removing files...
Removing files...
Removing files...
Removing files...
Removing files...
Removing files...
Removing files...
Removing files...
Removing files...
Removing files...
Removing files...
Removing files...
Removing files...
Removing files...
Removing files...
Removing files...
Removing files...
Removing files...
Removing files...
Removing files...
Removing files...
Removing files...
Removing files...
Removing files...
Removing files...
Removing files...
Removing files...
Removing files...
Removing files...
Removing files...
Removing files...
Removing files...
Removing files...
Removing files...
Removing files...
Removing files...
Removing files...
Removing files...
Removing files...
Removing files...
Removing files...
Removing files...
Removing files...
Removing files...
Removing files...
Removing files...
Removing files...
Removing files...
Removing files...
Removing files...
Removing files...
Removing files...
Removing files...
Removing files...
Removing files...
Removing files...
Removing files...
Removing files...
Removing files...
Removing files...
Removing files...
Removing files...
Removing files...
Removing files...
Removing files...
Removing files...
Removing files...
Removing files...
Removing files...
Removing files...
Removing files...
Removing files...
Removing files...
Removing files...
Removing files...
Removing files...
Removing files...
Removing files...
Removing files...
Removing files...
Removing files...
Removing files...
Removing files...
Removing files...
Removing files...
Removing files...
Removing files...
Removing files...
Removing files...
Removing files...
Removing files...
Removing files...
Removing files...
Removing files...
Removing files...
Removing files...
Removing files...
Removing files...
Removing files...
Removing files...
Removing files...
Removing files...
Removing files...
Removing files...
Removing files...
Removing files...
Removing files...
Removing files...
Removing files...
Removing files...
Removing files...
Removing files...
Removing files...
Removing files...
Removing files...
Removing files...
Removing files...
Removing files...
Removing files...
Removing files...
Removing files...
Removing files...
Removing files...
Removing files...
Removing files...
Removing files...
Removing files...
Removing files...
Removing files...
Removing files...
Removing files...
Removing files...
Removing files...
Removing files...
Removing files...
Removing files...
Removing files...
Removing files...
Removing files...
Removing files...
Removing files...
Removing files...
Removing files...
Removing files...
Removing files...
Removing files...
Removing files...
Removing files...
Removing files...
Removing files...
Removing files...
Removing files...
Removing files...
Removing files...
Removing files...
Removing files...
Removing files...
Removing files...
Removing files...
Removing files...
Removing files...
Removing files...
Removing files...
Removing files...
Removing files...
Removing files...
Removing files...
Removing files...
Removing files...
Removing files...
Removing files...
Removing files...
Removing files...
Removing files...
Removing files...
Removing files...
Removing files...
Removing files...
Removing files...
Removing files...
Removing files...
Removing files...
Removing files...
Removing files...
Removing files...
Removing files...
Removing files...
Removing files...
Removing files...
Removing files...
Removing files...
Removing files...
Removing files...
Removing files...
Removing files...
Removing files...
Removing files...
Removing files...
Removing files...
Removing files...
Removing files...
Removing files...
Removing files...
Removing files...
Removing files...
Removing files...
Removing files...
Removing files...
Removing files...
Removing files...
Removing files...
Removing files...
Removing files...
Removing files...
Removing files...
Removing files...
Removing files...
Removing files...
Removing files...
Removing files...
Removing files...
Removing files...
Removing files...
Removing files...
Removing files...
Removing files...
Removing files...
Removing files...
Removing files...
Removing files...
Removing files...
Removing files...
Removing files...
Removing files...
Removing files...
Removing files...
Removing files...
Removing files...
Removing files...
Removing files...
Removing files...
Removing files...
Removing files...
Removing files...
Removing files...
Removing files...
Removing files...
Removing files...
Removing files...
Removing files...
Removing files...
Removing files...
Removing files...
Removing files...
Removing files...
Removing files...
Removing files...
Removing files...
Removing files...
Removing files...
Removing files...
Removing files...
Removing files...
Removing files...
Removing files...
Removing files...
Removing files...
Removing files...
Removing files...
Removing files...
Removing files...
Removing files...
Removing files...
Removing files...
Removing files...
Removing files...
Removing files...
Removing files...
Removing files...
Removing files...
Removing files...
Removing files...
Removing files...
Removing files...
Removing files...
Removing files...
Removing files...
Removing files...
Removing files...
Removing files...
Removing files...
Removing files...
Removing files...
Removing files...
Removing files...
Removing files...
Removing files...
Removing files...
Removing files...
Removing files...
Removing files...
Removing files...
Removing files...
Removing files...
Removing files...
Removing files...
Removing files...
Removing files...
Removing files...
Removing files...
Removing files...
Removing files...
Removing files...
Removing files...
Removing files...
Removing files...
Removing files...
Removing files...
Removing files...
Removing files...
Removing files...
Removing files...
Removing files...
Removing files...
Removing files...
Removing files...
Removing files...
Removing files...
Removing files...
Removing files...
Removing files...
Removing files...
Removing files...
Removing files...
Removing files...
Removing files...
Removing files...
Removing files...
Removing files...
Removing files...
Removing files...
Removing files...
Removing files...
Removing files...
Removing files...
Removing files...
Removing files...
Removing files...
Removing files...
Removing files...
Removing files...
Removing files...
Removing files...
Removing files...
Removing files...
Removing files...
Removing files...
Removing files...
Removing files...
Removing files...
Removing files...
Removing files...
Removing files...
Removing files...
Removing files...
Removing files...
Removing files...
Removing files...
Removing files...
Removing files...
Removing files...
Removing files...
Removing files...
Removing files...
Removing files...
Removing files...
Removing files...
Removing files...
Removing files...
Removing files...
Removing files...
Removing files...
Removing files...
Removing files...
Removing files...
Removing files...
Removing files...
Removing files...
Removing files...
Removing files...
Removing files...
Removing files...
Removing files...
Removing files...
Removing files...
Removing files...
Removing files...
Removing files...
Removing files...
Removing files...
Removing files...
Removing files...
Removing files...
Removing files...
Removing files...
Removing files...
Removing files...
Removing files...
Removing files...
Removing files...
Removing files...
Removing files...
Removing files...
Removing files...
Removing files...
Removing files...
Removing files...
Removing files...
Removing files...
Removing files...
Removing files...
Removing files...
Removing files...
Removing files...
Removing files...
Removing files...
Removing files...
Removing files...
Removing files...
Removing files...
Removing files...
Removing files...
Removing files...
Removing files...
Removing files...
Removing files...
Removing files...
Removing files...
Removing files...
Removing files...
Removing files...
Removing files...
Removing files...
Removing files...
Removing files...
Removing files...
Removing files...
Removing files...
Removing files...
Removing files...
Removing files...
Removing files...
Removing files...
Removing files...
Removing files...
Removing files...
Removing files...
Removing files...
Removing files...
Removing files...
Removing files...
Removing files...
Removing files...
Removing files...
Removing files...
Removing files...
Removing files...
Removing files...
Removing files...
Removing files...
Removing files...
Removing files...
Removing files...
Removing files...
Removing files...
Removing files...
Removing files...
Removing files...
Removing files...
Removing files...
Removing files...
Removing files...
Removing files...
Removing files...
Removing files...
Removing files...
Removing files...
Removing files...
Removing files...
Removing files...
Removing files...
Removing files...
Removing files...
Removing files...
Removing files...
Removing files...
Removing files...
Removing files...
Removing files...
Removing files...
Removing files...
Removing files...
Removing files...
Removing files...
Removing files...
Removing files...
Removing files...
Removing files...
Removing files...
Removing files...
Removing files...
Removing files...
Removing files...
Removing files...
Removing files...
Removing files...
Removing files...
Removing files...
Removing files...
Removing files...
Removing files...
Removing files...
Removing files...
Removing files...
Removing files...
Removing files...
Removing files...
Removing files...
Removing files...
Removing files...
Removing files...
Removing files...
Removing files...
Removing files...
Removing files...
Removing files...
Removing files...
Removing files...
Removing files...
Removing files...
Removing files...
Removing files...
Removing files...
Removing files...
Removing files...
Removing files...
Removing files...
Removing files...
Removing files...
Removing files...
Removing files...
Removing files...
Removing files...
Removing files...
Removing files...
Removing files...
Removing files...
Removing files...
Removing files...
Removing files...
Removing files...
Removing files...
Removing files...
Removing files...
Removing files...
Removing files...
Removing files...
Removing files...
Removing files...
Removing files...
Removing files...
Removing files...
Removing files...
Removing files...
Removing files...
Removing files...
Removing files...
Removing files...
Removing files...
Removing files...
Removing files...
Removing files...
Removing files...
Removing files...
Removing files...
Removing files...
Removing files...
Removing files...
Removing files...
Removing files...
Removing files...
Removing files...
Removing files...
Removing files...
Removing files...
Removing files...
Removing files...
Removing files...
Removing files...
Removing files...
Removing files...
Removing files...
Removing files...
Removing files...
Removing files...
Removing files...
Removing files...
Removing files...
Removing files...
Removing files...
Removing files...
Removing files...
Removing files...
Removing files...
Removing files...
Removing files...
Removing files...
Removing files...
Removing files...
Removing files...
Removing files...
Removing files...
Removing files...
Removing files...
Removing files...
Removing files...
Removing files...
Removing files...
Removing files...
Removing files...
Removing files...
Removing files...
Removing files...
Removing files...
Removing files...
Removing files...
Removing files...
Removing files...
Removing files...
Removing files...
Removing files...
Removing files...
Removing files...
Removing files...
Removing files...
Removing files...
Removing files...
Removing files...
Removing files...
Removing files...
Removing files...
Removing files...
Removing files...
Removing files...
Removing files...
Removing files...
Removing files...
Removing files...
Removing files...
Removing files...
Removing files...
Removing files...
Removing files...
Removing files...
Removing files...
Removing files...
Removing files...
Removing files...
Removing files...
Removing files...
Removing files...
Removing files...
Removing files...
Removing files...
Removing files...
Removing files...
Removing files...
Removing files...
Removing files...
Removing files...
Removing files...
Removing files...
Removing files...
Removing files...
Removing files...
Removing files...
Removing files...
Removing files...
Removing files...
Removing files...
Removing files...
Removing files...
Removing files...
Removing files...
Removing files...
Removing files...
Removing files...
Removing files...
Removing files...
Removing files...
Removing files...
Removing files...
Removing files...
Removing files...
Removing files...
Removing files...
Removing files...
Removing files...
Removing files...
Removing files...
Removing files...
Removing files...
Removing files...
Removing files...
Removing files...
Removing files...
Removing files...
Removing files...
Removing files...
Removing files...
Removing files...
Removing files...
Removing files...
Removing files...
Removing files...
Removing files...
Removing files...
Removing files...
Removing files...
Removing files...
Removing files...
Removing files...
Removing files...
Removing files...
Removing files...
Removing files...
Removing files...
Removing files...
Removing files...
Removing files...
Removing files...
Removing files...
Removing files...
Removing files...
Removing files...
Removing files...
Removing files...
Removing files...
Removing files...
Removing files...
Removing files...
Removing files...
Removing files...
Removing files...
Removing files...
Removing files...
Removing files...
Removing files...
Removing files...
Removing files...
Removing files...
Removing files...
Removing files...
Removing files...
Removing files...
Removing files...
Removing files...
Removing files...
Removing files...
Removing files...
Removing files...
Removing files...
Removing files...
Removing files...
Removing files...
Removing files...
Removing files...
Removing files...
Removing files...
Removing files...
Removing files...
Removing files...
Removing files...
Removing files...
Removing files...
Removing files...
Removing files...
Removing files...
Removing files...
Removing files...
Removing files...
Removing files...
Removing files...
Removing files...
Removing files...
Removing files...
Removing files...
Removing files...
Removing files...
Removing files...
Removing files...
Removing files...
Removing files...
Removing files...
Removing files...
Removing files...
Removing files...
Removing files...
Removing files...
Removing files...
Removing files...
Removing files...
Removing files...
Removing files...
Removing files...
Removing files...
Removing files...
Removing files...
Removing files...
Removing files...
Removing files...
Removing files...
Removing files...
Removing files...
Removing files...
Removing files...
Removing files...
Removing files...
Removing files...
Removing files...
Removing files...
Removing files...
Removing files...
Removing files...
Removing files...
Removing files...
Removing files...
Removing files...
Removing files...
Removing files...
Removing files...
Removing files...
Removing files...
Removing files...
Removing files...
Removing files...
Removing files...
Removing files...
Removing files...
Removing files...
Removing files...
Removing files...
Removing files...
Removing files...
Removing files...
Removing files...
Removing files...
Removing files...
Removing files...
Removing files...
Removing files...
Removing files...
Removing files...
Removing files...
Removing files...
Removing files...
Removing files...
Removing files...
Removing files...
Removing files...
Removing files...
Removing files...
Removing files...
Removing files...
Removing files...
Removing files...
Removing files...
Removing files...
Removing files...
Removing files...
Removing files...
Removing files...
Removing files...
Removing files...
Removing files...
Removing files...
Removing files...
Removing files...
Removing files...
Removing files...
Removing files...
Removing files...
Removing files...
Removing files...
Removing files...
Removing files...
Removing files...
Removing files...
Removing files...
Removing files...
Removing files...
Removing files...
Removing files...
Removing files...
Removing files...
Removing files...
Removing files...
Removing files...
Removing files...
Removing files...
Removing files...
Removing files...
Removing files...
Removing files...
Removing files...
Removing files...
Removing files...
Removing files...
Removing files...
Removing files...
Removing files...
Removing files...
Removing files...
Removing files...
Removing files...
Removing files...
Removing files...
Removing files...
Removing files...
Removing files...
Removing files...
Removing files...
Removing files...
Removing files...
Removing files...
Removing files...
Removing files...
Removing files...
Removing files...
Removing files...
Removing files...
Removing files...
Removing files...
Removing files...
Removing files...
Removing files...
Removing files...
Removing files...
Removing files...
Removing files...
Removing files...
Removing files...
Removing files...
Removing files...
Removing files...
Removing files...
Removing files...
Removing files...
Removing files...
Removing files...
Removing files...
Removing files...
Removing files...
Removing files...
Removing files...
Removing files...
Removing files...
Removing files...
Removing files...
Removing files...
Removing files...
Removing files...
Removing files...
Removing files...
Removing files...
Removing files...
Removing files...
Removing files...
Removing files...
Removing files...
Removing files...
Removing files...
Removing files...
Removing files...
Removing files...
Removing files...
Removing files...
Removing files...
Removing files...
Removing files...
Removing files...
Removing files...
Removing files...
Removing files...
Removing files...
Removing files...
Removing files...
Removing files...
Removing files...
Removing files...
Removing files...
Removing files...
Removing files...
Removing files...
Removing files...
Removing files...
Removing files...
Removing files...
Removing files...
Removing files...
Removing files...
Removing files...
Removing files...
Removing files...
Removing files...
Removing files...
Removing files...
Removing files...
Removing files...
Removing files...
Removing files...
Removing files...
Removing files...
Removing files...
Removing files...
Removing files...
Removing files...
Removing files...
Removing files...
Removing files...
Removing files...
Removing files...
Removing files...
Removing files...
Removing files...
Removing files...
Removing files...
Removing files...
Removing files...
Removing files...
Removing files...
Removing files...
Removing files...
Removing files...
Removing files...
Removing files...
Removing files...
Removing files...
Removing files...
Removing files...
Removing files...
Removing files...
Removing files...
Removing files...
Removing files...
Removing files...
Removing files...
Removing files...
Removing files...
Removing files...
Removing files...
Removing files...
Removing files...
Removing files...
Removing files...
Removing files...
Removing files...
Removing files...
Removing files...
Removing files...
Removing files...
Removing files...
Removing files...
Removing files...
Removing files...
Removing files...
Removing files...
Removing files...
Removing files...
Removing files...
Removing files...
Removing files...
Removing files...
Removing files...
Removing files...
Removing files...
Removing files...
Removing files...
Removing files...
Removing files...
Removing files...
Removing files...
Removing files...
Removing files...
Removing files...
Removing files...
Removing files...
Removing files...
Removing files...
Removing files...
Removing files...
Removing files...
Removing files...
Removing files...
Removing files...
Removing files...
Removing files...
Removing files...
Removing files...
Removing files...
Removing files...
Removing files...
Removing files...
Removing files...
Removing files...
Removing files...
Removing files...
Removing files...
Removing files...
Removing files...
Removing files...
Removing files...
Removing files...
Removing files...
Removing files...
Removing files...
Removing files...
Removing files...
Removing files...
Removing files...
Removing files...
Removing files...
Removing files...
Removing files...
Removing files...
Removing files...
Removing files...
Removing files...
Removing files...
Removing files...
Removing files...
Removing files...
Removing files...
Removing files...
Removing files...
Removing files...
Removing files...
Removing files...
Removing files...
Removing files...
Removing files...
Removing files...
Removing files...
Removing files...
Removing files...
Removing files...
Removing files...
Removing files...
Removing files...
Removing files...
Removing files...
Removing files...
Removing files...
Removing files...
Removing files...
Removing files...
Removing files...
Removing files...
Removing files...
Removing files...
Removing files...
Removing files...
Removing files...
Removing files...
Removing files...
Removing files...
Removing files...
Removing files...
Removing files...
Removing files...
Removing files...
Removing files...
Removing files...
Removing files...
Removing files...
Removing files...
Removing files...
Removing files...
Removing files...
Removing files...
Removing files...
Removing files...
Removing files...
Removing files...
Removing files...
Removing files...
Removing files...
Removing files...
Removing files...
Removing files...
Removing files...
Removing files...
Removing files...
Removing files...
Removing files...
Removing files...
Removing files...
Removing files...
Removing files...
Removing files...
Removing files...
Removing files...
Removing files...
Removing files...
Removing files...
Removing files...
Removing files...
Removing files...
Removing files...
Removing files...
Removing files...
Removing files...
Removing files...
Removing files...
Removing files...
Removing files...
Removing files...
Removing files...
Removing files...
Removing files...
Removing files...
Removing files...
Removing files...
Removing files...
Removing files...
Removing files...
Removing files...
Removing files...
Removing files...
Removing files...
Removing files...
Removing files...
Removing files...
Removing files...
Removing files...
Removing files...
Removing files...
Removing files...
Removing files...
Removing files...
Removing files...
Removing files...
Removing files...
Removing files...
Removing files...
Removing files...
Removing files...
Removing files...
Removing files...
Removing files...
Removing files...
Removing files...
Removing files...
Removing files...
Removing files...
Removing files...
Removing files...
Removing files...
Removing files...
Removing files...
Removing files...
Removing files...
Removing files...
Removing files...
Removing files...
Removing files...
Removing files...
Removing files...
Removing files...
Removing files...
Removing files...
Removing files...
Removing files...
Removing files...
Removing files...
Removing files...
Removing files...
Removing files...
Removing files...
Removing files...
Removing files...
Removing files...
Removing files...
Removing files...
Removing files...
Removing files...
Removing files...
Removing files...
Removing files...
Removing files...
Removing files...
Removing files...
Removing files...
Removing files...
Removing files...
Removing files...
Removing files...
Removing files...
Removing files...
Removing files...
Removing files...
Removing files...
Removing files...
Removing files...
Removing files...
Removing files...
Removing files...
Removing files...
Removing files...
Removing files...
Removing files...
Removing files...
Removing files...
Removing files...
Removing files...
Removing files...
Removing files...
Removing files...
Removing files...
Removing files...
Removing files...
Removing files...
Removing files...
Removing files...
Removing files...
Removing files...
Removing files...
Removing files...
Removing files...
Removing files...
Removing files...
Removing files...
Removing files...
Removing files...
Removing files...
Removing files...
Removing files...
Removing files...
Removing files...
Removing files...
Removing files...
Removing files...
Removing files...
Removing files...
Removing files...
Removing files...
Removing files...
Removing files...
Removing files...
Removing files...
Removing files...
Removing files...
Removing files...
Removing files...
Removing files...
Removing files...
Removing files...
Removing files...
Removing files...
Removing files...
Removing files...
Removing files...
Removing files...
Removing files...
Removing files...
Removing files...
Removing files...
Removing files...
Removing files...
Removing files...
Removing files...
Removing files...
Removing files...
Removing files...
Removing files...
Removing files...
Removing files...
Removing files...
Removing files...
Removing files...
Removing files...
Removing files...
Removing files...
Removing files...
Removing files...
Removing files...
Removing files...
Removing files...
Removing files...
Removing files...
Removing files...
Removing files...
Removing files...
Removing files...
Removing files...
Removing files...
Removing files...
Removing files...
Removing files...
Removing files...
Removing files...
Removing files...
Removing files...
Removing files...
Removing files...
Removing files...
Removing files...
Removing files...
Removing files...
Removing files...
Removing files...
Removing files...
Removing files...
Removing files...
Removing files...
Removing files...
Removing files...
Removing files...
Removing files...
Removing files...
Removing files...
Removing files...
Removing files...
Removing files...
Removing files...
Removing files...
Removing files...
Removing files...
Removing files...
Removing files...
Removing files...
Removing files...
Removing files...
Removing files...
Removing files...
Removing files...
Removing files...
Removing files...
Removing files...
Removing files...
Removing files...
Removing files...
Removing files...
Removing files...
Removing files...
Removing files...
Removing files...
Removing files...
Removing files...
Removing files...
Removing files...
Removing files...
Removing files...
Removing files...
Removing files...
Removing files...
Removing files...
Removing files...
Removing files...
Removing files...
Removing files...
Removing files...
Removing files...
Removing files...
Removing files...
Removing files...
Removing files...
Removing files...
Removing files...
Removing files...
Removing files...
Removing files...
Removing files...
Removing files...
Removing files...
Removing files...
Removing files...
Removing files...
Removing files...
Removing files...
Removing files...
Removing files...
Removing files...
Removing files...
Removing files...
Removing files...
Removing files...
Removing files...
Removing files...
Removing files...
Removing files...
Removing files...
Removing files...
Removing files...
Removing files...
Removing files...
Removing files...
Removing files...
Removing files...
Removing files...
Removing files...
Removing files...
Removing files...
Removing files...
Removing files...
Removing files...
Removing files...
Removing files...
Removing files...
Removing files...
Removing files...
Removing files...
Removing files...
Removing files...
Removing files...
Removing files...
Removing files...
Removing files...
Removing files...
Removing files...
Removing files...
Removing files...
Removing files...
Removing files...
Removing files...
Removing files...
Removing files...
Removing files...
Removing files...
Removing files...
Removing files...
Removing files...
Removing files...
Removing files...
Removing files...
Removing files...
Removing files...
Removing files...
Removing files...
Removing files...
Removing files...
Removing files...
Removing files...
Removing files...
Removing files...
Removing files...
Removing files...
Removing files...
Removing files...
Removing files...
Removing files...
Removing files...
Removing files...
Removing files...
Removing files...
Removing files...
Removing files...
Removing files...
Removing files...
Removing files...
Removing files...
Removing files...
Removing files...
Removing files...
Removing files...
Removing files...
Removing files...
Removing files...
Removing files...
Removing files...
Removing files...
Removing files...
Removing files...
Removing files...
Removing files...
Removing files...
Removing files...
Removing files...
Removing files...
Removing files...
Removing files...
Removing files...
Removing files...
Removing files...
Removing files...
Removing files...
Removing files...
Removing files...
Removing files...
Removing files...
Removing files...
Removing files...
Removing files...
Removing files...
Removing files...
Removing files...
Removing files...
Removing files...
Removing files...
Removing files...
Removing files...
Removing files...
Removing files...
Removing files...
Removing files...
Removing files...
Removing files...
Removing files...
Removing files...
Removing files...
Removing files...
Removing files...
Removing files...
Removing files...
Removing files...
Removing files...
Removing files...
Removing files...
Removing files...
Removing files...
Removing files...
Removing files...
Removing files...
Removing files...
Removing files...
Removing files...
Removing files...
Removing files...
Removing files...
Removing files...
Removing files...
Removing files...
Removing files...
Removing files...
Removing files...
Removing files...
Removing files...
Removing files...
Removing files...
Removing files...
Removing files...
Removing files...
Removing files...
Removing files...
Removing files...
Removing files...
Removing files...
Removing files...
Removing files...
Removing files...
Removing files...
Removing files...
Removing files...
Removing files...
Removing files...
Removing files...
Removing files...
Removing files...
Removing files...
Removing files...
Removing files...
Removing files...
Removing files...
Removing files...
Removing files...
Removing files...
Removing files...
Removing files...
Removing files...
Removing files...
Removing files...
Removing files...
Removing files...
Removing files...
Removing files...
Removing files...
Removing files...
Removing files...
Removing files...
Removing files...
Removing files...
Removing files...
Removing files...
Removing files...
Removing files...
Removing files...
Removing files...
Removing files...
Removing files...
Removing files...
Removing files...
Removing files...
Removing files...
Removing files...
Removing files...
Removing files...
Removing files...
Removing files...
Removing files...
Removing files...
Removing files...
Removing files...
Removing files...
Removing files...
Removing files...
Removing files...
Removing files...
Removing files...
Removing files...
Removing files...
Removing files...
Removing files...
Removing files...
Removing files...
Removing files...
Removing files...
Removing files...
Removing files...
Removing files...
Removing files...
Removing files...
Removing files...
Removing files...
Removing files...
Removing files...
Removing files...
Removing files...
Removing files...
Removing files...
Removing files...
Removing files...
Removing files...
Removing files...
Removing files...
Removing files...
Removing files...
Removing files...
Removing files...
Removing files...
Removing files...
Removing files...
Removing files...
Removing files...
Removing files...
Removing files...
Removing files...
Removing files...
Removing files...
Removing files...
Removing files...
Removing files...
Removing files...
Removing files...
Removing files...
Removing files...
Removing files...
Removing files...
Removing files...
Removing files...
Removing files...
Removing files...
Removing files...
Removing files...
Removing files...
Removing files...
Removing files...
Removing files...
Removing files...
Removing files...
Removing files...
Removing files...
Removing files...
Removing files...
Removing files...
Removing files...
Removing files...
Removing files...
Removing files...
Removing files...
Removing files...
Removing files...
Removing files...
Removing files...
Removing files...
Removing files...
Removing files...
Removing files...
Removing files...
Removing files...
Removing files...
Removing files...
Removing files...
Removing files...
Removing files...
Removing files...
Removing files...
Removing files...
Removing files...
Removing files...
Removing files...
Removing files...
Removing files...
Removing files...
Removing files...
Removing files...
Removing files...
Removing files...
Removing files...
Removing files...
Removing files...
Removing files...
Removing files...
Removing files...
Removing files...
Removing files...
Removing files...
Removing files...
Removing files...
Removing files...
Removing files...
Removing files...
Removing files...
Removing files...
Removing files...
Removing files...
Removing files...
Removing files...
Removing files...
Removing files...
Removing files...
Removing files...
Removing files...
Removing files...
Removing files...
Removing files...
Removing files...
Removing files...
Removing files...
Removing files...
Removing files...
Removing files...
Removing files...
Removing files...
Removing files...
Removing files...
Removing files...
Removing files...
Removing files...
Removing files...
Removing files...
Removing files...
Removing files...
Removing files...
Removing files...
Removing files...
Removing files...
Removing files...
Removing files...
Removing files...
Removing files...
Removing files...
Removing files...
Removing files...
Removing files...
Removing files...
Removing files...
Removing files...
Removing files...
Removing files...
Removing files...
Removing files...
Removing files...
Removing files...
Removing files...
Removing files...
Removing files...
Removing files...
Removing files...
Removing files...
Removing files...
Removing files...
Removing files...
Removing files...
Removing files...
Removing files...
Removing files...
Removing files...
Removing files...
Removing files...
Removing files...
Removing files...
Removing files...
Removing files...
Removing files...
Removing files...
Removing files...
Removing files...
Removing files...
Removing files...
Removing files...
Removing files...
Removing files...
Removing files...
Removing files...
Removing files...
Removing files...
Removing files...
Removing files...
Removing files...
Removing files...
Removing files...
Removing files...
Removing files...
Removing files...
Removing files...
Removing files...
Removing files...
Removing files...
Removing files...
Removing files...
Removing files...
Removing files...
Removing files...
Removing files...
Removing files...
Removing files...
Removing files...
Removing files...
Removing files...
Removing files...
Removing files...
Removing files...
Removing files...
Removing files...
Removing files...
Removing files...
Removing files...
Removing files...
Removing files...
Removing files...
Removing files...
Removing files...
Removing files...
Removing files...
Removing files...
Removing files...
Removing files...
Removing files...
Removing files...
Removing files...
Removing files...
Removing files...
Removing files...
Removing files...
Removing files...
Removing files...
Removing files...
Removing files...
Removing files...
Removing files...
Removing files...
Removing files...
Removing files...
Removing files...
Removing files...
Removing files...
Removing files...
Removing files...
Removing files...
Removing files...
Removing files...
Removing files...
Removing files...
Removing files...
Removing files...
Removing files...
Removing files...
Removing files...
Removing files...
Removing files...
Removing files...
Removing files...
Removing files...
Removing files...
Removing files...
Removing files...
Removing files...
Removing files...
Removing files...
Removing files...
Removing files...
Removing files...
Removing files...
Removing files...
Removing files...
Removing files...
Removing files...
Removing files...
Removing files...
Removing files...
Removing files...
Removing files...
Removing files...
Removing files...
Removing files...
Removing files...
Removing files...
Removing files...
Removing files...
Removing files...
Removing files...
Removing files...
Removing files...
Removing files...
Removing files...
Removing files...
Removing files...
Removing files...
Removing files...
Removing files...
Removing files...
Removing files...
Removing files...
Removing files...
Removing files...
Removing files...
Removing files...
Removing files...
Removing files...
Removing files...
Removing files...
Removing files...
Removing files...
Removing files...
Removing files...
Removing files...
Removing files...
Removing files...
Removing files...
Removing files...
Removing files...
Removing files...
Removing files...
Removing files...
Removing files...
Removing files...
Removing files...
Removing files...
Removing files...
Removing files...
Removing files...
Removing files...
Removing files...
Removing files...
Removing files...
Removing files...
Removing files...
Removing files...
Removing files...
Removing files...
Removing files...
Removing files...
Removing files...
Removing files...
Removing files...
Removing files...
Removing files...
Removing files...
Removing files...
Removing files...
Removing files...
Removing files...
Removing files...
Removing files...
Removing files...
Removing files...
Removing files...
Removing files...
Removing files...
Removing files...
Removing files...
Removing files...
Removing files...
Removing files...
Removing files...
Removing files...
Removing files...
Removing files...
Removing files...
Removing files...
Removing files...
Removing files...
Removing files...
Removing files...
Removing files...
Removing files...
Removing files...
Removing files...
Removing files...
Removing files...
Removing files...
Removing files...
Removing files...
Removing files...
Removing files...
Removing files...
Removing files...
Removing files...
Removing files...
Removing files...
Removing files...
Removing files...
Removing files...
Removing files...
Removing files...
Removing files...
Removing files...
Removing files...
Removing files...
Removing files...
Removing files...
Removing files...
Removing files...
Removing files...
Removing files...
Removing files...
Removing files...
Removing files...
Removing files...
Removing files...
Removing files...
Removing files...
Removing files...
Removing files...
Removing files...
Removing files...
Removing files...
Removing files...
Removing files...
Removing files...
Removing files...
Removing files...
Removing files...
Removing files...
Removing files...
Removing files...
Removing files...
Removing files...
Removing files...
Removing files...
Removing files...
Removing files...
Removing files...
Removing files...
Removing files...
Removing files...
Removing files...
Removing files...
Removing files...
Removing files...
Removing files...
Removing files...
Removing files...
Removing files...
Removing files...
Removing files...
Removing files...
Removing files...
Removing files...
Removing files...
Removing files...
Removing files...
Removing files...
Removing files...
Removing files...
Removing files...
Removing files...
Removing files...
Removing files...
Removing files...
Removing files...
Removing files...
Removing files...
Removing files...
Removing files...
Removing files...
Removing files...
Removing files...
Removing files...
Removing files...
Removing files...
Removing files...
Removing files...
Removing files...
Removing files...
Removing files...
Removing files...
Removing files...
Removing files...
Removing files...
Removing files...
Removing files...
Removing files...
Removing files...
Removing files...
Removing files...
Removing files...
Removing files...
Removing files...
Removing files...
Removing files...
Removing files...
Removing files...
Action ended 12:08:19: RemoveFiles. Return value 1.
Action 12:08:19: RemoveFolders. Removing folders
Action start 12:08:19: RemoveFolders.
Action ended 12:08:19: RemoveFolders. Return value 1.
Action 12:08:19: CreateFolders. Creating folders
Action start 12:08:19: CreateFolders.
Creating folders...
Creating folders...
Creating folders...
Creating folders...
Creating folders...
Creating folders...
Creating folders...
Creating folders...
Creating folders...
Creating folders...
Creating folders...
Creating folders...
Creating folders...
Creating folders...
Creating folders...
Creating folders...
Creating folders...
Creating folders...
Creating folders...
Creating folders...
Creating folders...
Creating folders...
Creating folders...
Creating folders...
Creating folders...
Creating folders...
Creating folders...
Creating folders...
Creating folders...
Creating folders...
Creating folders...
Creating folders...
Creating folders...
Creating folders...
Creating folders...
Creating folders...
Creating folders...
Creating folders...
Creating folders...
Creating folders...
Creating folders...
Creating folders...
Creating folders...
Creating folders...
Creating folders...
Creating folders...
Creating folders...
Creating folders...
Creating folders...
Creating folders...
Creating folders...
Creating folders...
Creating folders...
Creating folders...
Creating folders...
Creating folders...
Creating folders...
Creating folders...
Creating folders...
Creating folders...
Creating folders...
Creating folders...
Creating folders...
Creating folders...
Creating folders...
Creating folders...
Creating folders...
Creating folders...
Creating folders...
Creating folders...
Creating folders...
Creating folders...
Creating folders...
Creating folders...
Creating folders...
Creating folders...
Creating folders...
Creating folders...
Creating folders...
Creating folders...
Creating folders...
Creating folders...
Creating folders...
Creating folders...
Creating folders...
Creating folders...
Creating folders...
Creating folders...
Creating folders...
Creating folders...
Creating folders...
Creating folders...
Creating folders...
Creating folders...
Creating folders...
Creating folders...
Action ended 12:08:19: CreateFolders. Return value 1.
Action 12:08:19: MoveFiles. Moving files
Action start 12:08:19: MoveFiles.
Action ended 12:08:19: MoveFiles. Return value 1.
Action 12:08:19: InstallFiles. Copying new files
Action start 12:08:19: InstallFiles.
Copying new files...
Copying new files...
Copying new files...
Copying new files...
Copying new files...
Copying new files...
Copying new files...
Copying new files...
Copying new files...
Copying new files...
Copying new files...
Copying new files...
Copying new files...
Copying new files...
Copying new files...
Copying new files...
Copying new files...
Copying new files...
Copying new files...
Copying new files...
Copying new files...
Copying new files...
Copying new files...
Copying new files...
Copying new files...
Copying new files...
Copying new files...
Copying new files...
Copying new files...
Copying new files...
Copying new files...
Copying new files...
Copying new files...
Copying new files...
Copying new files...
Copying new files...
Copying new files...
Copying new files...
Copying new files...
Copying new files...
Copying new files...
Copying new files...
Copying new files...
Copying new files...
Copying new files...
Copying new files...
Copying new files...
Copying new files...
Copying new files...
Copying new files...
Copying new files...
Copying new files...
Copying new files...
Copying new files...
Copying new files...
Copying new files...
Copying new files...
Copying new files...
Copying new files...
Copying new files...
Copying new files...
Copying new files...
Copying new files...
Copying new files...
Copying new files...
Copying new files...
Copying new files...
Copying new files...
Copying new files...
Copying new files...
Copying new files...
Copying new files...
Copying new files...
Copying new files...
Copying new files...
Copying new files...
Copying new files...
Copying new files...
Copying new files...
Copying new files...
Copying new files...
Copying new files...
Copying new files...
Copying new files...
Copying new files...
Copying new files...
Copying new files...
Copying new files...
Copying new files...
Copying new files...
Copying new files...
Copying new files...
Copying new files...
Copying new files...
Copying new files...
Copying new files...
Copying new files...
Copying new files...
Copying new files...
Copying new files...
Copying new files...
Copying new files...
Copying new files...
Copying new files...
Copying new files...
Copying new files...
Copying new files...
Copying new files...
Copying new files...
Copying new files...
Copying new files...
Copying new files...
Copying new files...
Copying new files...
Copying new files...
Copying new files...
Copying new files...
Copying new files...
Copying new files...
Copying new files...
Copying new files...
Copying new files...
Copying new files...
Copying new files...
Copying new files...
Copying new files...
Copying new files...
Copying new files...
Copying new files...
Copying new files...
Copying new files...
Copying new files...
Copying new files...
Copying new files...
Copying new files...
Copying new files...
Copying new files...
Copying new files...
Copying new files...
Copying new files...
Copying new files...
Copying new files...
Copying new files...
Copying new files...
Copying new files...
Copying new files...
Copying new files...
Copying new files...
Copying new files...
Copying new files...
Copying new files...
Copying new files...
Copying new files...
Copying new files...
Copying new files...
Copying new files...
Copying new files...
Copying new files...
Copying new files...
Copying new files...
Copying new files...
Copying new files...
Copying new files...
Copying new files...
Copying new files...
Copying new files...
Copying new files...
Copying new files...
Copying new files...
Copying new files...
Copying new files...
Copying new files...
Copying new files...
Copying new files...
Copying new files...
Copying new files...
Copying new files...
Copying new files...
Copying new files...
Copying new files...
Copying new files...
Copying new files...
Copying new files...
Copying new files...
Copying new files...
Copying new files...
Copying new files...
Copying new files...
Copying new files...
Copying new files...
Copying new files...
Copying new files...
Copying new files...
Copying new files...
Copying new files...
Copying new files...
Copying new files...
Copying new files...
Copying new files...
Copying new files...
Copying new files...
Copying new files...
Copying new files...
Copying new files...
Copying new files...
Copying new files...
Copying new files...
Copying new files...
Copying new files...
Copying new files...
Copying new files...
Copying new files...
Copying new files...
Copying new files...
Copying new files...
Copying new files...
Copying new files...
Copying new files...
Copying new files...
Copying new files...
Copying new files...
Copying new files...
Copying new files...
Copying new files...
Copying new files...
Copying new files...
Copying new files...
Copying new files...
Copying new files...
Copying new files...
Copying new files...
Copying new files...
Copying new files...
Copying new files...
Copying new files...
Copying new files...
Copying new files...
Copying new files...
Copying new files...
Copying new files...
Copying new files...
Copying new files...
Copying new files...
Copying new files...
Copying new files...
Copying new files...
Copying new files...
Copying new files...
Copying new files...
Copying new files...
Copying new files...
Copying new files...
Copying new files...
Copying new files...
Copying new files...
Copying new files...
Copying new files...
Copying new files...
Copying new files...
Copying new files...
Copying new files...
Copying new files...
Copying new files...
Copying new files...
Copying new files...
Copying new files...
Copying new files...
Copying new files...
Copying new files...
Copying new files...
Copying new files...
Copying new files...
Copying new files...
Copying new files...
Copying new files...
Copying new files...
Copying new files...
Copying new files...
Copying new files...
Copying new files...
Copying new files...
Copying new files...
Copying new files...
Copying new files...
Copying new files...
Copying new files...
Copying new files...
Copying new files...
Copying new files...
Copying new files...
Copying new files...
Copying new files...
Copying new files...
Copying new files...
Copying new files...
Copying new files...
Copying new files...
Copying new files...
Copying new files...
Copying new files...
Copying new files...
Copying new files...
Copying new files...
Copying new files...
Copying new files...
Copying new files...
Copying new files...
Copying new files...
Copying new files...
Copying new files...
Copying new files...
Copying new files...
Copying new files...
Copying new files...
Copying new files...
Copying new files...
Copying new files...
Copying new files...
Copying new files...
Copying new files...
Copying new files...
Copying new files...
Copying new files...
Copying new files...
Copying new files...
Copying new files...
Copying new files...
Copying new files...
Copying new files...
Copying new files...
Copying new files...
Copying new files...
Copying new files...
Copying new files...
Copying new files...
Copying new files...
Copying new files...
Copying new files...
Copying new files...
Copying new files...
Copying new files...
Copying new files...
Copying new files...
Copying new files...
Copying new files...
Copying new files...
Copying new files...
Copying new files...
Copying new files...
Copying new files...
Copying new files...
Copying new files...
Copying new files...
Copying new files...
Copying new files...
Copying new files...
Copying new files...
Copying new files...
Copying new files...
Copying new files...
Copying new files...
Copying new files...
Copying new files...
Copying new files...
Copying new files...
Copying new files...
Copying new files...
Copying new files...
Copying new files...
Copying new files...
Copying new files...
Copying new files...
Copying new files...
Copying new files...
Copying new files...
Copying new files...
Copying new files...
Copying new files...
Copying new files...
Copying new files...
Copying new files...
Copying new files...
Copying new files...
Copying new files...
Copying new files...
Copying new files...
Copying new files...
Copying new files...
Copying new files...
Copying new files...
Copying new files...
Copying new files...
Copying new files...
Copying new files...
Copying new files...
Copying new files...
Copying new files...
Copying new files...
Copying new files...
Copying new files...
Copying new files...
Copying new files...
Copying new files...
Copying new files...
Copying new files...
Copying new files...
Copying new files...
Copying new files...
Copying new files...
Copying new files...
Copying new files...
Copying new files...
Copying new files...
Copying new files...
Copying new files...
Copying new files...
Copying new files...
Copying new files...
Copying new files...
Copying new files...
Copying new files...
Copying new files...
Copying new files...
Copying new files...
Copying new files...
Copying new files...
Copying new files...
Copying new files...
Copying new files...
Copying new files...
Copying new files...
Copying new files...
Copying new files...
Copying new files...
Copying new files...
Copying new files...
Copying new files...
Copying new files...
Copying new files...
Copying new files...
Copying new files...
Copying new files...
Copying new files...
Copying new files...
Copying new files...
Copying new files...
Copying new files...
Copying new files...
Copying new files...
Copying new files...
Copying new files...
Copying new files...
Copying new files...
Copying new files...
Copying new files...
Copying new files...
Copying new files...
Copying new files...
Copying new files...
Copying new files...
Copying new files...
Copying new files...
Copying new files...
Copying new files...
Copying new files...
Copying new files...
Copying new files...
Copying new files...
Copying new files...
Copying new files...
Copying new files...
Copying new files...
Copying new files...
Copying new files...
Copying new files...
Copying new files...
Copying new files...
Copying new files...
Copying new files...
Copying new files...
Copying new files...
Copying new files...
Copying new files...
Copying new files...
Copying new files...
Copying new files...
Copying new files...
Copying new files...
Copying new files...
Copying new files...
Copying new files...
Copying new files...
Copying new files...
Copying new files...
Copying new files...
Copying new files...
Copying new files...
Copying new files...
Copying new files...
Copying new files...
Copying new files...
Copying new files...
Copying new files...
Copying new files...
Copying new files...
Copying new files...
Copying new files...
Copying new files...
Copying new files...
Copying new files...
Copying new files...
Copying new files...
Copying new files...
Copying new files...
Copying new files...
Copying new files...
Copying new files...
Copying new files...
Copying new files...
Copying new files...
Copying new files...
Copying new files...
Copying new files...
Copying new files...
Copying new files...
Copying new files...
Copying new files...
Copying new files...
Copying new files...
Copying new files...
Copying new files...
Copying new files...
Copying new files...
Copying new files...
Copying new files...
Copying new files...
Copying new files...
Copying new files...
Copying new files...
Copying new files...
Copying new files...
Copying new files...
Copying new files...
Copying new files...
Copying new files...
Copying new files...
Copying new files...
Copying new files...
Copying new files...
Copying new files...
Copying new files...
Copying new files...
Copying new files...
Copying new files...
Copying new files...
Copying new files...
Copying new files...
Copying new files...
Copying new files...
Copying new files...
Copying new files...
Copying new files...
Copying new files...
Copying new files...
Copying new files...
Copying new files...
Copying new files...
Copying new files...
Copying new files...
Copying new files...
Copying new files...
Copying new files...
Copying new files...
Copying new files...
Copying new files...
Copying new files...
Copying new files...
Copying new files...
Copying new files...
Copying new files...
Copying new files...
Copying new files...
Copying new files...
Copying new files...
Copying new files...
Copying new files...
Copying new files...
Copying new files...
Copying new files...
Copying new files...
Copying new files...
Copying new files...
Copying new files...
Copying new files...
Copying new files...
Copying new files...
Copying new files...
Copying new files...
Copying new files...
Copying new files...
Copying new files...
Copying new files...
Copying new files...
Copying new files...
Copying new files...
Copying new files...
Copying new files...
Copying new files...
Copying new files...
Copying new files...
Copying new files...
Copying new files...
Copying new files...
Copying new files...
Copying new files...
Copying new files...
Copying new files...
Copying new files...
Copying new files...
Copying new files...
Copying new files...
Copying new files...
Copying new files...
Copying new files...
Copying new files...
Copying new files...
Copying new files...
Copying new files...
Copying new files...
Copying new files...
Copying new files...
Copying new files...
Copying new files...
Copying new files...
Copying new files...
Copying new files...
Copying new files...
Copying new files...
Copying new files...
Copying new files...
Copying new files...
Copying new files...
Copying new files...
Copying new files...
Copying new files...
Copying new files...
Copying new files...
Copying new files...
Copying new files...
Copying new files...
Copying new files...
Copying new files...
Copying new files...
Copying new files...
Copying new files...
Copying new files...
Copying new files...
Copying new files...
Copying new files...
Copying new files...
Copying new files...
Copying new files...
Copying new files...
Copying new files...
Copying new files...
Copying new files...
Copying new files...
Copying new files...
Copying new files...
Copying new files...
Copying new files...
Copying new files...
Copying new files...
Copying new files...
Copying new files...
Copying new files...
Copying new files...
Copying new files...
Copying new files...
Copying new files...
Copying new files...
Copying new files...
Copying new files...
Copying new files...
Copying new files...
Copying new files...
Copying new files...
Copying new files...
Copying new files...
Copying new files...
Copying new files...
Copying new files...
Copying new files...
Copying new files...
Copying new files...
Copying new files...
Copying new files...
Copying new files...
Copying new files...
Copying new files...
Copying new files...
Copying new files...
Copying new files...
Copying new files...
Copying new files...
Copying new files...
Copying new files...
Copying new files...
Copying new files...
Copying new files...
Copying new files...
Copying new files...
Copying new files...
Copying new files...
Copying new files...
Copying new files...
Copying new files...
Copying new files...
Copying new files...
Copying new files...
Copying new files...
Copying new files...
Copying new files...
Copying new files...
Copying new files...
Copying new files...
Copying new files...
Copying new files...
Copying new files...
Copying new files...
Copying new files...
Copying new files...
Copying new files...
Copying new files...
Copying new files...
Copying new files...
Copying new files...
Copying new files...
Copying new files...
Copying new files...
Copying new files...
Copying new files...
Copying new files...
Copying new files...
Copying new files...
Copying new files...
Copying new files...
Copying new files...
Copying new files...
Copying new files...
Copying new files...
Copying new files...
Copying new files...
Copying new files...
Copying new files...
Copying new files...
Copying new files...
Copying new files...
Copying new files...
Copying new files...
Copying new files...
Copying new files...
Copying new files...
Copying new files...
Copying new files...
Copying new files...
Copying new files...
Copying new files...
Copying new files...
Copying new files...
Copying new files...
Copying new files...
Copying new files...
Copying new files...
Copying new files...
Copying new files...
Copying new files...
Copying new files...
Copying new files...
Copying new files...
Copying new files...
Copying new files...
Copying new files...
Copying new files...
Copying new files...
Copying new files...
Copying new files...
Copying new files...
Copying new files...
Copying new files...
Copying new files...
Copying new files...
Copying new files...
Copying new files...
Copying new files...
Copying new files...
Copying new files...
Copying new files...
Copying new files...
Copying new files...
Copying new files...
Copying new files...
Copying new files...
Copying new files...
Copying new files...
Copying new files...
Copying new files...
Copying new files...
Copying new files...
Copying new files...
Copying new files...
Copying new files...
Copying new files...
Copying new files...
Copying new files...
Copying new files...
Copying new files...
Copying new files...
Copying new files...
Copying new files...
Copying new files...
Copying new files...
Copying new files...
Copying new files...
Copying new files...
Copying new files...
Copying new files...
Copying new files...
Copying new files...
Copying new files...
Copying new files...
Copying new files...
Copying new files...
Copying new files...
Copying new files...
Copying new files...
Copying new files...
Copying new files...
Copying new files...
Copying new files...
Copying new files...
Copying new files...
Copying new files...
Copying new files...
Copying new files...
Copying new files...
Copying new files...
Copying new files...
Copying new files...
Copying new files...
Copying new files...
Copying new files...
Copying new files...
Copying new files...
Copying new files...
Copying new files...
Copying new files...
Copying new files...
Copying new files...
Copying new files...
Copying new files...
Copying new files...
Copying new files...
Copying new files...
Copying new files...
Copying new files...
Copying new files...
Copying new files...
Copying new files...
Copying new files...
Copying new files...
Copying new files...
Copying new files...
Copying new files...
Copying new files...
Copying new files...
Copying new files...
Copying new files...
Copying new files...
Copying new files...
Copying new files...
Copying new files...
Copying new files...
Copying new files...
Copying new files...
Copying new files...
Copying new files...
Copying new files...
Copying new files...
Copying new files...
Copying new files...
Copying new files...
Copying new files...
Copying new files...
Copying new files...
Copying new files...
Copying new files...
Copying new files...
Copying new files...
Copying new files...
Copying new files...
Copying new files...
Copying new files...
Copying new files...
Copying new files...
Copying new files...
Copying new files...
Copying new files...
Copying new files...
Copying new files...
Copying new files...
Copying new files...
Copying new files...
Copying new files...
Copying new files...
Copying new files...
Copying new files...
Copying new files...
Copying new files...
Copying new files...
Copying new files...
Copying new files...
Copying new files...
Copying new files...
Copying new files...
Copying new files...
Copying new files...
Copying new files...
Copying new files...
Copying new files...
Copying new files...
Copying new files...
Copying new files...
Copying new files...
Copying new files...
Copying new files...
Copying new files...
Copying new files...
Copying new files...
Copying new files...
Copying new files...
Copying new files...
Copying new files...
Copying new files...
Copying new files...
Copying new files...
Copying new files...
Copying new files...
Copying new files...
Copying new files...
Copying new files...
Copying new files...
Copying new files...
Copying new files...
Copying new files...
Copying new files...
Copying new files...
Copying new files...
Copying new files...
Copying new files...
Copying new files...
Copying new files...
Copying new files...
Copying new files...
Copying new files...
Copying new files...
Copying new files...
Copying new files...
Copying new files...
Copying new files...
Copying new files...
Copying new files...
Copying new files...
Copying new files...
Copying new files...
Copying new files...
Copying new files...
Copying new files...
Copying new files...
Copying new files...
Copying new files...
Copying new files...
Copying new files...
Copying new files...
Copying new files...
Copying new files...
Copying new files...
Copying new files...
Copying new files...
Copying new files...
Copying new files...
Copying new files...
Copying new files...
Copying new files...
Copying new files...
Copying new files...
Copying new files...
Copying new files...
Copying new files...
Copying new files...
Copying new files...
Copying new files...
Copying new files...
Copying new files...
Copying new files...
Copying new files...
Copying new files...
Copying new files...
Copying new files...
Copying new files...
Copying new files...
Copying new files...
Copying new files...
Copying new files...
Copying new files...
Copying new files...
Copying new files...
Copying new files...
Copying new files...
Copying new files...
Copying new files...
Copying new files...
Copying new files...
Copying new files...
Copying new files...
Copying new files...
Copying new files...
Copying new files...
Copying new files...
Copying new files...
Copying new files...
Copying new files...
Copying new files...
Copying new files...
Copying new files...
Copying new files...
Copying new files...
Copying new files...
Copying new files...
Copying new files...
Copying new files...
Copying new files...
Copying new files...
Copying new files...
Copying new files...
Copying new files...
Copying new files...
Copying new files...
Copying new files...
Copying new files...
Copying new files...
Copying new files...
Copying new files...
Copying new files...
Copying new files...
Copying new files...
Copying new files...
Copying new files...
Copying new files...
Copying new files...
Copying new files...
Copying new files...
Copying new files...
Copying new files...
Copying new files...
Copying new files...
Copying new files...
Copying new files...
Copying new files...
Copying new files...
Copying new files...
Copying new files...
Copying new files...
Copying new files...
Copying new files...
Copying new files...
Copying new files...
Copying new files...
Copying new files...
Copying new files...
Copying new files...
Copying new files...
Copying new files...
Copying new files...
Copying new files...
Copying new files...
Copying new files...
Copying new files...
Copying new files...
Copying new files...
Copying new files...
Copying new files...
Copying new files...
Copying new files...
Copying new files...
Copying new files...
Copying new files...
Copying new files...
Copying new files...
Copying new files...
Copying new files...
Copying new files...
Copying new files...
Copying new files...
Copying new files...
Copying new files...
Copying new files...
Copying new files...
Copying new files...
Copying new files...
Copying new files...
Copying new files...
Copying new files...
Copying new files...
Copying new files...
Copying new files...
Copying new files...
Copying new files...
Copying new files...
Copying new files...
Copying new files...
Copying new files...
Copying new files...
Copying new files...
Copying new files...
Copying new files...
Copying new files...
Copying new files...
Copying new files...
Copying new files...
Copying new files...
Copying new files...
Copying new files...
Copying new files...
Copying new files...
Copying new files...
Copying new files...
Copying new files...
Copying new files...
Copying new files...
Copying new files...
Copying new files...
Copying new files...
Copying new files...
Copying new files...
Copying new files...
Copying new files...
Copying new files...
Copying new files...
Copying new files...
Copying new files...
Copying new files...
Copying new files...
Copying new files...
Copying new files...
Copying new files...
Copying new files...
Copying new files...
Copying new files...
Copying new files...
Copying new files...
Copying new files...
Copying new files...
Copying new files...
Copying new files...
Copying new files...
Copying new files...
Copying new files...
Copying new files...
Copying new files...
Copying new files...
Copying new files...
Copying new files...
Copying new files...
Copying new files...
Copying new files...
Copying new files...
Copying new files...
Copying new files...
Copying new files...
Copying new files...
Copying new files...
Copying new files...
Copying new files...
Copying new files...
Copying new files...
Copying new files...
Copying new files...
Copying new files...
Copying new files...
Copying new files...
Copying new files...
Copying new files...
Copying new files...
Copying new files...
Copying new files...
Copying new files...
Copying new files...
Copying new files...
Copying new files...
Copying new files...
Copying new files...
Copying new files...
Copying new files...
Copying new files...
Copying new files...
Copying new files...
Copying new files...
Copying new files...
Copying new files...
Copying new files...
Copying new files...
Copying new files...
Copying new files...
Copying new files...
Copying new files...
Copying new files...
Copying new files...
Copying new files...
Copying new files...
Copying new files...
Copying new files...
Copying new files...
Copying new files...
Copying new files...
Copying new files...
Copying new files...
Copying new files...
Copying new files...
Copying new files...
Copying new files...
Copying new files...
Copying new files...
Copying new files...
Copying new files...
Copying new files...
Copying new files...
Copying new files...
Copying new files...
Copying new files...
Copying new files...
Copying new files...
Copying new files...
Copying new files...
Copying new files...
Copying new files...
Copying new files...
Copying new files...
Copying new files...
Copying new files...
Copying new files...
Copying new files...
Copying new files...
Copying new files...
Copying new files...
Copying new files...
Copying new files...
Copying new files...
Copying new files...
Copying new files...
Copying new files...
Copying new files...
Copying new files...
Copying new files...
Copying new files...
Copying new files...
Copying new files...
Copying new files...
Copying new files...
Copying new files...
Copying new files...
Copying new files...
Copying new files...
Copying new files...
Copying new files...
Copying new files...
Copying new files...
Copying new files...
Copying new files...
Copying new files...
Copying new files...
Copying new files...
Copying new files...
Copying new files...
Copying new files...
Copying new files...
Copying new files...
Copying new files...
Copying new files...
Copying new files...
Copying new files...
Copying new files...
Copying new files...
Copying new files...
Copying new files...
Copying new files...
Copying new files...
Copying new files...
Copying new files...
Copying new files...
Copying new files...
Copying new files...
Copying new files...
Copying new files...
Copying new files...
Copying new files...
Copying new files...
Copying new files...
Copying new files...
Copying new files...
Copying new files...
Copying new files...
Copying new files...
Copying new files...
Copying new files...
Copying new files...
Copying new files...
Copying new files...
Copying new files...
Copying new files...
Copying new files...
Copying new files...
Copying new files...
Copying new files...
Copying new files...
Copying new files...
Copying new files...
Copying new files...
Copying new files...
Copying new files...
Copying new files...
Copying new files...
Copying new files...
Copying new files...
Copying new files...
Copying new files...
Copying new files...
Copying new files...
Copying new files...
Copying new files...
Copying new files...
Copying new files...
Copying new files...
Copying new files...
Copying new files...
Copying new files...
Copying new files...
Copying new files...
Copying new files...
Copying new files...
Copying new files...
Copying new files...
Copying new files...
Copying new files...
Copying new files...
Copying new files...
Copying new files...
Copying new files...
Copying new files...
Copying new files...
Copying new files...
Copying new files...
Copying new files...
Copying new files...
Copying new files...
Copying new files...
Copying new files...
Copying new files...
Copying new files...
Copying new files...
Copying new files...
Copying new files...
Copying new files...
Copying new files...
Copying new files...
Copying new files...
Copying new files...
Copying new files...
Copying new files...
Copying new files...
Copying new files...
Copying new files...
Copying new files...
Copying new files...
Copying new files...
Copying new files...
Copying new files...
Copying new files...
Copying new files...
Copying new files...
Copying new files...
Copying new files...
Copying new files...
Copying new files...
Copying new files...
Copying new files...
Copying new files...
Copying new files...
Copying new files...
Copying new files...
Copying new files...
Copying new files...
Copying new files...
Copying new files...
Copying new files...
Copying new files...
Copying new files...
Copying new files...
Copying new files...
Copying new files...
Copying new files...
Copying new files...
Copying new files...
Copying new files...
Copying new files...
Copying new files...
Copying new files...
Copying new files...
Copying new files...
Copying new files...
Copying new files...
Copying new files...
Copying new files...
Copying new files...
Copying new files...
Copying new files...
Copying new files...
Copying new files...
Copying new files...
Copying new files...
Copying new files...
Copying new files...
Copying new files...
Copying new files...
Copying new files...
Copying new files...
Copying new files...
Copying new files...
Copying new files...
Copying new files...
Copying new files...
Copying new files...
Copying new files...
Copying new files...
Copying new files...
Copying new files...
Copying new files...
Copying new files...
Copying new files...
Copying new files...
Copying new files...
Copying new files...
Copying new files...
Copying new files...
Copying new files...
Copying new files...
Copying new files...
Copying new files...
Copying new files...
Copying new files...
Copying new files...
Copying new files...
Copying new files...
Copying new files...
Copying new files...
Copying new files...
Copying new files...
Copying new files...
Copying new files...
Copying new files...
Copying new files...
Copying new files...
Copying new files...
Copying new files...
Copying new files...
Copying new files...
Copying new files...
Copying new files...
Copying new files...
Copying new files...
Copying new files...
Copying new files...
Copying new files...
Copying new files...
Copying new files...
Copying new files...
Copying new files...
Copying new files...
Copying new files...
Copying new files...
Copying new files...
Copying new files...
Copying new files...
Copying new files...
Copying new files...
Copying new files...
Copying new files...
Copying new files...
Copying new files...
Copying new files...
Copying new files...
Copying new files...
Copying new files...
Copying new files...
Copying new files...
Copying new files...
Copying new files...
Copying new files...
Copying new files...
Copying new files...
Copying new files...
Copying new files...
Copying new files...
Copying new files...
Copying new files...
Copying new files...
Copying new files...
Copying new files...
Copying new files...
Copying new files...
Copying new files...
Copying new files...
Copying new files...
Copying new files...
Copying new files...
Copying new files...
Copying new files...
Copying new files...
Copying new files...
Copying new files...
Copying new files...
Copying new files...
Copying new files...
Copying new files...
Copying new files...
Copying new files...
Copying new files...
Copying new files...
Copying new files...
Copying new files...
Copying new files...
Copying new files...
Copying new files...
Copying new files...
Copying new files...
Copying new files...
Copying new files...
Copying new files...
Copying new files...
Copying new files...
Copying new files...
Copying new files...
Copying new files...
Copying new files...
Copying new files...
Copying new files...
Copying new files...
Copying new files...
Copying new files...
Copying new files...
Copying new files...
Copying new files...
Copying new files...
Copying new files...
Copying new files...
Copying new files...
Copying new files...
Copying new files...
Copying new files...
Copying new files...
Copying new files...
Copying new files...
Copying new files...
Copying new files...
Copying new files...
Copying new files...
Copying new files...
Copying new files...
Copying new files...
Copying new files...
Copying new files...
Copying new files...
Copying new files...
Copying new files...
Copying new files...
Copying new files...
Copying new files...
Copying new files...
Copying new files...
Copying new files...
Copying new files...
Copying new files...
Copying new files...
Copying new files...
Copying new files...
Copying new files...
Copying new files...
Copying new files...
Copying new files...
Copying new files...
Copying new files...
Copying new files...
Copying new files...
Copying new files...
Copying new files...
Copying new files...
Copying new files...
Copying new files...
Copying new files...
Copying new files...
Copying new files...
Copying new files...
Copying new files...
Copying new files...
Copying new files...
Copying new files...
Copying new files...
Copying new files...
Copying new files...
Copying new files...
Copying new files...
Copying new files...
Copying new files...
Copying new files...
Copying new files...
Copying new files...
Copying new files...
Copying new files...
Copying new files...
Copying new files...
Copying new files...
Copying new files...
Copying new files...
Copying new files...
Copying new files...
Copying new files...
Copying new files...
Copying new files...
Copying new files...
Copying new files...
Copying new files...
Copying new files...
Copying new files...
Copying new files...
Copying new files...
Copying new files...
Copying new files...
Copying new files...
Copying new files...
Copying new files...
Copying new files...
Copying new files...
Copying new files...
Copying new files...
Copying new files...
Copying new files...
Copying new files...
Copying new files...
Copying new files...
Copying new files...
Copying new files...
Copying new files...
Copying new files...
Copying new files...
Copying new files...
Copying new files...
Copying new files...
Copying new files...
Copying new files...
Copying new files...
Copying new files...
Copying new files...
Copying new files...
Copying new files...
Copying new files...
Copying new files...
Copying new files...
Copying new files...
Copying new files...
Copying new files...
Copying new files...
Copying new files...
Copying new files...
Copying new files...
Copying new files...
Copying new files...
Copying new files...
Copying new files...
Copying new files...
Copying new files...
Copying new files...
Copying new files...
Copying new files...
Copying new files...
Copying new files...
Copying new files...
Copying new files...
Copying new files...
Copying new files...
Copying new files...
Copying new files...
Copying new files...
Copying new files...
Copying new files...
Copying new files...
Copying new files...
Copying new files...
Copying new files...
Copying new files...
Copying new files...
Copying new files...
Copying new files...
Copying new files...
Copying new files...
Copying new files...
Copying new files...
Copying new files...
Copying new files...
Copying new files...
Copying new files...
Copying new files...
Copying new files...
Copying new files...
Copying new files...
Copying new files...
Copying new files...
Copying new files...
Copying new files...
Copying new files...
Copying new files...
Copying new files...
Copying new files...
Copying new files...
Copying new files...
Copying new files...
Copying new files...
Copying new files...
Copying new files...
Copying new files...
Copying new files...
Copying new files...
Copying new files...
Copying new files...
Copying new files...
Copying new files...
Copying new files...
Copying new files...
Copying new files...
Copying new files...
Copying new files...
Copying new files...
Copying new files...
Copying new files...
Copying new files...
Copying new files...
Copying new files...
Copying new files...
Copying new files...
Copying new files...
Copying new files...
Copying new files...
Copying new files...
Copying new files...
Copying new files...
Copying new files...
Copying new files...
Copying new files...
Copying new files...
Copying new files...
Copying new files...
Copying new files...
Copying new files...
Copying new files...
Copying new files...
Copying new files...
Copying new files...
Copying new files...
Copying new files...
Copying new files...
Copying new files...
Copying new files...
Copying new files...
Copying new files...
Copying new files...
Copying new files...
Copying new files...
Copying new files...
Copying new files...
Copying new files...
Copying new files...
Copying new files...
Copying new files...
Copying new files...
Copying new files...
Copying new files...
Copying new files...
Copying new files...
Copying new files...
Copying new files...
Copying new files...
Copying new files...
Copying new files...
Copying new files...
Copying new files...
Copying new files...
Copying new files...
Copying new files...
Copying new files...
Copying new files...
Copying new files...
Copying new files...
Copying new files...
Copying new files...
Copying new files...
Copying new files...
Copying new files...
Copying new files...
Copying new files...
Copying new files...
Copying new files...
Copying new files...
Copying new files...
Copying new files...
Copying new files...
Copying new files...
Copying new files...
Copying new files...
Copying new files...
Copying new files...
Copying new files...
Copying new files...
Copying new files...
Copying new files...
Copying new files...
Copying new files...
Copying new files...
Copying new files...
Copying new files...
Copying new files...
Copying new files...
Copying new files...
Copying new files...
Copying new files...
Copying new files...
Copying new files...
Copying new files...
Copying new files...
Copying new files...
Copying new files...
Copying new files...
Copying new files...
Copying new files...
Copying new files...
Copying new files...
Copying new files...
Copying new files...
Copying new files...
Copying new files...
Copying new files...
Copying new files...
Copying new files...
Copying new files...
Copying new files...
Copying new files...
Copying new files...
Copying new files...
Copying new files...
Copying new files...
Copying new files...
Copying new files...
Copying new files...
Copying new files...
Copying new files...
Copying new files...
Copying new files...
Copying new files...
Copying new files...
Copying new files...
Copying new files...
Copying new files...
Copying new files...
Copying new files...
Copying new files...
Copying new files...
Copying new files...
Copying new files...
Copying new files...
Copying new files...
Copying new files...
Copying new files...
Copying new files...
Copying new files...
Copying new files...
Copying new files...
Copying new files...
Copying new files...
Copying new files...
Copying new files...
Copying new files...
Copying new files...
Copying new files...
Copying new files...
Copying new files...
Copying new files...
Copying new files...
Copying new files...
Copying new files...
Copying new files...
Copying new files...
Copying new files...
Copying new files...
Copying new files...
Copying new files...
Copying new files...
Copying new files...
Copying new files...
Copying new files...
Copying new files...
Copying new files...
Copying new files...
Copying new files...
Copying new files...
Copying new files...
Copying new files...
Copying new files...
Copying new files...
Copying new files...
Copying new files...
Copying new files...
Copying new files...
Copying new files...
Copying new files...
Copying new files...
Copying new files...
Copying new files...
Copying new files...
Copying new files...
Copying new files...
Copying new files...
Copying new files...
Copying new files...
Copying new files...
Copying new files...
Copying new files...
Copying new files...
Copying new files...
Copying new files...
Copying new files...
Copying new files...
Copying new files...
Copying new files...
Copying new files...
Copying new files...
Copying new files...
Copying new files...
Copying new files...
Copying new files...
Copying new files...
Copying new files...
Copying new files...
Copying new files...
Copying new files...
Copying new files...
Copying new files...
Copying new files...
Copying new files...
Copying new files...
Copying new files...
Copying new files...
Copying new files...
Copying new files...
Copying new files...
Copying new files...
Copying new files...
Copying new files...
Copying new files...
Copying new files...
Copying new files...
Copying new files...
Copying new files...
Copying new files...
Copying new files...
Copying new files...
Copying new files...
Copying new files...
Copying new files...
Copying new files...
Copying new files...
Copying new files...
Copying new files...
Copying new files...
Copying new files...
Copying new files...
Copying new files...
Copying new files...
Copying new files...
Copying new files...
Copying new files...
Copying new files...
Copying new files...
Copying new files...
Copying new files...
Copying new files...
Copying new files...
Copying new files...
Copying new files...
Copying new files...
Copying new files...
Copying new files...
Copying new files...
Copying new files...
Copying new files...
Copying new files...
Copying new files...
Copying new files...
Copying new files...
Copying new files...
Copying new files...
Copying new files...
Copying new files...
Copying new files...
Copying new files...
Copying new files...
Copying new files...
Copying new files...
Copying new files...
Copying new files...
Copying new files...
Copying new files...
Copying new files...
Copying new files...
Copying new files...
Copying new files...
Copying new files...
Copying new files...
Copying new files...
Copying new files...
Copying new files...
Copying new files...
Copying new files...
Copying new files...
Copying new files...
Copying new files...
Copying new files...
Copying new files...
Copying new files...
Copying new files...
Copying new files...
Copying new files...
Copying new files...
Copying new files...
Copying new files...
Copying new files...
Copying new files...
Copying new files...
Copying new files...
Copying new files...
Copying new files...
Copying new files...
Copying new files...
Copying new files...
Copying new files...
Copying new files...
Copying new files...
Copying new files...
Copying new files...
Copying new files...
Copying new files...
Copying new files...
Copying new files...
Copying new files...
Copying new files...
Copying new files...
Copying new files...
Copying new files...
Copying new files...
Copying new files...
Copying new files...
Copying new files...
Copying new files...
Copying new files...
Copying new files...
Copying new files...
Copying new files...
Copying new files...
Copying new files...
Copying new files...
Copying new files...
Copying new files...
Copying new files...
Copying new files...
Copying new files...
Copying new files...
Copying new files...
Copying new files...
Copying new files...
Copying new files...
Copying new files...
Copying new files...
Copying new files...
Copying new files...
Copying new files...
Copying new files...
Copying new files...
Copying new files...
Copying new files...
Copying new files...
Copying new files...
Copying new files...
Copying new files...
Copying new files...
Copying new files...
Copying new files...
Copying new files...
Copying new files...
Copying new files...
Copying new files...
Copying new files...
Copying new files...
Copying new files...
Copying new files...
Copying new files...
Copying new files...
Copying new files...
Copying new files...
Copying new files...
Copying new files...
Copying new files...
Copying new files...
Copying new files...
Copying new files...
Copying new files...
Copying new files...
Copying new files...
Copying new files...
Copying new files...
Copying new files...
Copying new files...
Copying new files...
Copying new files...
Copying new files...
Copying new files...
Copying new files...
Copying new files...
Copying new files...
Copying new files...
Copying new files...
Copying new files...
Copying new files...
Copying new files...
Copying new files...
Copying new files...
Copying new files...
Copying new files...
Copying new files...
Copying new files...
Copying new files...
Copying new files...
Copying new files...
Copying new files...
Copying new files...
Copying new files...
Copying new files...
Copying new files...
Copying new files...
Copying new files...
Copying new files...
Copying new files...
Copying new files...
Copying new files...
Copying new files...
Copying new files...
Copying new files...
Copying new files...
Copying new files...
Copying new files...
Copying new files...
Copying new files...
Copying new files...
Copying new files...
Copying new files...
Copying new files...
Copying new files...
Copying new files...
Copying new files...
Copying new files...
Copying new files...
Copying new files...
Copying new files...
Copying new files...
Copying new files...
Copying new files...
Copying new files...
Copying new files...
Copying new files...
Copying new files...
Copying new files...
Copying new files...
Copying new files...
Copying new files...
Copying new files...
Copying new files...
Copying new files...
Copying new files...
Copying new files...
Copying new files...
Copying new files...
Copying new files...
Copying new files...
Copying new files...
Copying new files...
Copying new files...
Copying new files...
Copying new files...
Copying new files...
Copying new files...
Copying new files...
Copying new files...
Copying new files...
Copying new files...
Copying new files...
Copying new files...
Copying new files...
Copying new files...
Copying new files...
Copying new files...
Copying new files...
Copying new files...
Copying new files...
Copying new files...
Copying new files...
Copying new files...
Copying new files...
Copying new files...
Copying new files...
Copying new files...
Copying new files...
Copying new files...
Copying new files...
Copying new files...
Copying new files...
Copying new files...
Copying new files...
Copying new files...
Copying new files...
Copying new files...
Copying new files...
Copying new files...
Copying new files...
Copying new files...
Copying new files...
Copying new files...
Copying new files...
Copying new files...
Copying new files...
Copying new files...
Copying new files...
Copying new files...
Copying new files...
Copying new files...
Copying new files...
Copying new files...
Copying new files...
Copying new files...
Copying new files...
Copying new files...
Copying new files...
Copying new files...
Copying new files...
Copying new files...
Copying new files...
Copying new files...
Copying new files...
Copying new files...
Copying new files...
Copying new files...
Copying new files...
Copying new files...
Copying new files...
Copying new files...
Copying new files...
Copying new files...
Copying new files...
Copying new files...
Copying new files...
Copying new files...
Copying new files...
Copying new files...
Copying new files...
Copying new files...
Copying new files...
Copying new files...
Copying new files...
Copying new files...
Copying new files...
Copying new files...
Copying new files...
Copying new files...
Copying new files...
Copying new files...
Copying new files...
Copying new files...
Copying new files...
Copying new files...
Copying new files...
Copying new files...
Copying new files...
Copying new files...
Copying new files...
Copying new files...
Copying new files...
Copying new files...
Copying new files...
Copying new files...
Copying new files...
Copying new files...
Copying new files...
Copying new files...
Copying new files...
Copying new files...
Copying new files...
Copying new files...
Copying new files...
Copying new files...
Copying new files...
Copying new files...
Copying new files...
Copying new files...
Copying new files...
Copying new files...
Copying new files...
Copying new files...
Copying new files...
Copying new files...
Copying new files...
Copying new files...
Copying new files...
Copying new files...
Copying new files...
Copying new files...
Copying new files...
Copying new files...
Copying new files...
Copying new files...
Copying new files...
Copying new files...
Copying new files...
Copying new files...
Copying new files...
Copying new files...
Copying new files...
Copying new files...
Copying new files...
Copying new files...
Copying new files...
Copying new files...
Copying new files...
Copying new files...
Copying new files...
Copying new files...
Copying new files...
Copying new files...
Copying new files...
Copying new files...
Copying new files...
Copying new files...
Copying new files...
Copying new files...
Copying new files...
Copying new files...
Copying new files...
Copying new files...
Copying new files...
Copying new files...
Copying new files...
Copying new files...
Copying new files...
Copying new files...
Copying new files...
Copying new files...
Copying new files...
Copying new files...
Copying new files...
Copying new files...
Copying new files...
Copying new files...
Copying new files...
Copying new files...
Copying new files...
Copying new files...
Copying new files...
Copying new files...
Copying new files...
Copying new files...
Copying new files...
Copying new files...
Copying new files...
Copying new files...
Copying new files...
Copying new files...
Copying new files...
Copying new files...
Copying new files...
Copying new files...
Copying new files...
Copying new files...
Copying new files...
Copying new files...
Copying new files...
Copying new files...
Copying new files...
Copying new files...
Copying new files...
Copying new files...
Copying new files...
Copying new files...
Copying new files...
Copying new files...
Copying new files...
Copying new files...
Copying new files...
Copying new files...
Copying new files...
Copying new files...
Copying new files...
Copying new files...
Copying new files...
Copying new files...
Copying new files...
Copying new files...
Copying new files...
Copying new files...
Copying new files...
Copying new files...
Copying new files...
Copying new files...
Copying new files...
Copying new files...
Copying new files...
Copying new files...
Copying new files...
Copying new files...
Copying new files...
Copying new files...
Copying new files...
Copying new files...
Copying new files...
Copying new files...
Copying new files...
Copying new files...
Copying new files...
Copying new files...
Copying new files...
Copying new files...
Copying new files...
Copying new files...
Copying new files...
Copying new files...
Copying new files...
Copying new files...
Copying new files...
Copying new files...
Copying new files...
Copying new files...
Copying new files...
Copying new files...
Copying new files...
Copying new files...
Copying new files...
Copying new files...
Copying new files...
Copying new files...
Copying new files...
Copying new files...
Copying new files...
Copying new files...
Copying new files...
Copying new files...
Copying new files...
Copying new files...
Copying new files...
Copying new files...
Copying new files...
Copying new files...
Copying new files...
Copying new files...
Copying new files...
Copying new files...
Copying new files...
Copying new files...
Copying new files...
Copying new files...
Copying new files...
Copying new files...
Copying new files...
Copying new files...
Copying new files...
Copying new files...
Copying new files...
Copying new files...
Copying new files...
Copying new files...
Copying new files...
Copying new files...
Copying new files...
Copying new files...
Copying new files...
Copying new files...
Copying new files...
Copying new files...
Copying new files...
Copying new files...
Copying new files...
Copying new files...
Copying new files...
Copying new files...
Copying new files...
Copying new files...
Copying new files...
Copying new files...
Copying new files...
Copying new files...
Copying new files...
Copying new files...
Copying new files...
Copying new files...
Copying new files...
Copying new files...
Copying new files...
Copying new files...
Copying new files...
Copying new files...
Copying new files...
Copying new files...
Copying new files...
Copying new files...
Copying new files...
Copying new files...
Copying new files...
Copying new files...
Copying new files...
Copying new files...
Copying new files...
Copying new files...
Copying new files...
Copying new files...
Copying new files...
Copying new files...
Copying new files...
Copying new files...
Copying new files...
Copying new files...
Copying new files...
Copying new files...
Copying new files...
Copying new files...
Copying new files...
Copying new files...
Copying new files...
Copying new files...
Copying new files...
Copying new files...
Copying new files...
Copying new files...
Copying new files...
Copying new files...
Copying new files...
Copying new files...
Copying new files...
Copying new files...
Copying new files...
Copying new files...
Copying new files...
Copying new files...
Copying new files...
Copying new files...
Copying new files...
Copying new files...
Copying new files...
Copying new files...
Copying new files...
Copying new files...
Copying new files...
Copying new files...
Copying new files...
Copying new files...
Copying new files...
Copying new files...
Copying new files...
Copying new files...
Copying new files...
Copying new files...
Copying new files...
Copying new files...
Copying new files...
Copying new files...
Copying new files...
Copying new files...
Copying new files...
Copying new files...
Copying new files...
Copying new files...
Copying new files...
Copying new files...
Copying new files...
Copying new files...
Copying new files...
Copying new files...
Copying new files...
Copying new files...
Copying new files...
Copying new files...
Copying new files...
Copying new files...
Copying new files...
Copying new files...
Copying new files...
Copying new files...
Copying new files...
Copying new files...
Copying new files...
Copying new files...
Copying new files...
Copying new files...
Copying new files...
Copying new files...
Copying new files...
Copying new files...
Copying new files...
Copying new files...
Copying new files...
Copying new files...
Copying new files...
Copying new files...
Copying new files...
Copying new files...
Copying new files...
Copying new files...
Copying new files...
Copying new files...
Copying new files...
Copying new files...
Copying new files...
Copying new files...
Copying new files...
Copying new files...
Copying new files...
Copying new files...
Copying new files...
Copying new files...
Copying new files...
Copying new files...
Copying new files...
Copying new files...
Copying new files...
Copying new files...
Copying new files...
Copying new files...
Copying new files...
Copying new files...
Copying new files...
Copying new files...
Copying new files...
Copying new files...
Copying new files...
Copying new files...
Copying new files...
Copying new files...
Copying new files...
Copying new files...
Copying new files...
Copying new files...
Copying new files...
Copying new files...
Copying new files...
Copying new files...
Copying new files...
Copying new files...
Copying new files...
Copying new files...
Copying new files...
Copying new files...
Copying new files...
Copying new files...
Copying new files...
Copying new files...
Copying new files...
Copying new files...
Copying new files...
Copying new files...
Copying new files...
Copying new files...
Copying new files...
Copying new files...
Copying new files...
Copying new files...
Copying new files...
Copying new files...
Copying new files...
Copying new files...
Copying new files...
Copying new files...
Copying new files...
Copying new files...
Copying new files...
Copying new files...
Copying new files...
Copying new files...
Copying new files...
Copying new files...
Copying new files...
Copying new files...
Copying new files...
Copying new files...
Copying new files...
Copying new files...
Copying new files...
Copying new files...
Copying new files...
Copying new files...
Copying new files...
Copying new files...
Copying new files...
Copying new files...
Copying new files...
Copying new files...
Copying new files...
Copying new files...
Copying new files...
Copying new files...
Copying new files...
Copying new files...
Copying new files...
Copying new files...
Copying new files...
Copying new files...
Copying new files...
Copying new files...
Copying new files...
Copying new files...
Copying new files...
Copying new files...
Copying new files...
Copying new files...
Copying new files...
Copying new files...
Copying new files...
Copying new files...
Copying new files...
Copying new files...
Copying new files...
Copying new files...
Copying new files...
Copying new files...
Copying new files...
Copying new files...
Copying new files...
Copying new files...
Copying new files...
Copying new files...
Copying new files...
Copying new files...
Copying new files...
Copying new files...
Copying new files...
Copying new files...
Copying new files...
Copying new files...
Copying new files...
Copying new files...
Copying new files...
Copying new files...
Copying new files...
Copying new files...
Copying new files...
Copying new files...
Copying new files...
Copying new files...
Copying new files...
Copying new files...
Copying new files...
Copying new files...
Copying new files...
Copying new files...
Copying new files...
Copying new files...
Copying new files...
Copying new files...
Copying new files...
Copying new files...
Copying new files...
Copying new files...
Copying new files...
Copying new files...
Copying new files...
Copying new files...
Copying new files...
Copying new files...
Copying new files...
Copying new files...
Copying new files...
Copying new files...
Copying new files...
Copying new files...
Copying new files...
Copying new files...
Copying new files...
Copying new files...
Copying new files...
Copying new files...
Copying new files...
Copying new files...
Copying new files...
Copying new files...
Copying new files...
Copying new files...
Copying new files...
Copying new files...
Copying new files...
Copying new files...
Copying new files...
Copying new files...
Copying new files...
Copying new files...
Copying new files...
Copying new files...
Copying new files...
Copying new files...
Copying new files...
Copying new files...
Copying new files...
Copying new files...
Copying new files...
Copying new files...
Copying new files...
Copying new files...
Copying new files...
Copying new files...
Copying new files...
Copying new files...
Copying new files...
Copying new files...
Copying new files...
Copying new files...
Copying new files...
Copying new files...
Copying new files...
Copying new files...
Copying new files...
Copying new files...
Copying new files...
Copying new files...
Copying new files...
Copying new files...
Copying new files...
Copying new files...
Copying new files...
Copying new files...
Copying new files...
Copying new files...
Copying new files...
Copying new files...
Copying new files...
Copying new files...
Copying new files...
Copying new files...
Copying new files...
Copying new files...
Copying new files...
Copying new files...
Copying new files...
Copying new files...
Copying new files...
Copying new files...
Copying new files...
Copying new files...
Copying new files...
Copying new files...
Copying new files...
Copying new files...
Copying new files...
Copying new files...
Copying new files...
Copying new files...
Copying new files...
Copying new files...
Copying new files...
Copying new files...
Copying new files...
Copying new files...
Copying new files...
Copying new files...
Copying new files...
Copying new files...
Copying new files...
Copying new files...
Copying new files...
Copying new files...
Copying new files...
Copying new files...
Copying new files...
Copying new files...
Copying new files...
Copying new files...
Copying new files...
Copying new files...
Copying new files...
Copying new files...
Copying new files...
Copying new files...
Copying new files...
Copying new files...
Copying new files...
Copying new files...
Copying new files...
Copying new files...
Copying new files...
Copying new files...
Copying new files...
Copying new files...
Copying new files...
Copying new files...
Copying new files...
Copying new files...
Copying new files...
Copying new files...
Copying new files...
Copying new files...
Copying new files...
Copying new files...
Copying new files...
Copying new files...
Copying new files...
Copying new files...
Copying new files...
Copying new files...
Copying new files...
Copying new files...
Copying new files...
Copying new files...
Copying new files...
Copying new files...
Copying new files...
Copying new files...
Copying new files...
Copying new files...
Copying new files...
Copying new files...
Copying new files...
Copying new files...
Copying new files...
Copying new files...
Copying new files...
Copying new files...
Copying new files...
Copying new files...
Copying new files...
Copying new files...
Copying new files...
Copying new files...
Copying new files...
Copying new files...
Copying new files...
Copying new files...
Copying new files...
Copying new files...
Copying new files...
Copying new files...
Copying new files...
Copying new files...
Copying new files...
Copying new files...
Copying new files...
Copying new files...
Copying new files...
Copying new files...
Copying new files...
Copying new files...
Copying new files...
Copying new files...
Copying new files...
Copying new files...
Copying new files...
Copying new files...
Copying new files...
Copying new files...
Copying new files...
Copying new files...
Copying new files...
Copying new files...
Copying new files...
Copying new files...
Copying new files...
Copying new files...
Copying new files...
Copying new files...
Copying new files...
Copying new files...
Copying new files...
Copying new files...
Copying new files...
Copying new files...
Copying new files...
Copying new files...
Copying new files...
Copying new files...
Copying new files...
Copying new files...
Copying new files...
Copying new files...
Copying new files...
Copying new files...
Copying new files...
Copying new files...
Copying new files...
Copying new files...
Copying new files...
Copying new files...
Copying new files...
Copying new files...
Copying new files...
Copying new files...
Copying new files...
Copying new files...
Copying new files...
Copying new files...
Copying new files...
Copying new files...
Copying new files...
Copying new files...
Copying new files...
Copying new files...
Copying new files...
Copying new files...
Copying new files...
Copying new files...
Copying new files...
Copying new files...
Copying new files...
Copying new files...
Copying new files...
Copying new files...
Copying new files...
Copying new files...
Copying new files...
Copying new files...
Copying new files...
Copying new files...
Copying new files...
Copying new files...
Copying new files...
Copying new files...
Copying new files...
Copying new files...
Copying new files...
Copying new files...
Copying new files...
Copying new files...
Copying new files...
Copying new files...
Copying new files...
Copying new files...
Copying new files...
Copying new files...
Copying new files...
Copying new files...
Copying new files...
Copying new files...
Copying new files...
Copying new files...
Copying new files...
Copying new files...
Copying new files...
Copying new files...
Copying new files...
Copying new files...
Copying new files...
Copying new files...
Copying new files...
Copying new files...
Copying new files...
Copying new files...
Copying new files...
Copying new files...
Copying new files...
Copying new files...
Copying new files...
Copying new files...
Copying new files...
Copying new files...
Copying new files...
Copying new files...
Copying new files...
Copying new files...
Copying new files...
Copying new files...
Copying new files...
Copying new files...
Copying new files...
Copying new files...
Copying new files...
Copying new files...
Copying new files...
Copying new files...
Copying new files...
Copying new files...
Copying new files...
Copying new files...
Copying new files...
Copying new files...
Copying new files...
Copying new files...
Copying new files...
Copying new files...
Copying new files...
Copying new files...
Copying new files...
Copying new files...
Copying new files...
Copying new files...
Copying new files...
Copying new files...
Copying new files...
Copying new files...
Copying new files...
Copying new files...
Copying new files...
Copying new files...
Copying new files...
Copying new files...
Copying new files...
Copying new files...
Copying new files...
Copying new files...
Copying new files...
Copying new files...
Copying new files...
Copying new files...
Copying new files...
Copying new files...
Copying new files...
Copying new files...
Copying new files...
Copying new files...
Copying new files...
Copying new files...
Copying new files...
Copying new files...
Copying new files...
Copying new files...
Copying new files...
Copying new files...
Copying new files...
Copying new files...
Copying new files...
Copying new files...
Copying new files...
Copying new files...
Copying new files...
Copying new files...
Copying new files...
Copying new files...
Copying new files...
Copying new files...
Copying new files...
Copying new files...
Copying new files...
Copying new files...
Copying new files...
Copying new files...
Copying new files...
Copying new files...
Copying new files...
Copying new files...
Copying new files...
Copying new files...
Copying new files...
Copying new files...
Copying new files...
Copying new files...
Copying new files...
Copying new files...
Copying new files...
Copying new files...
Copying new files...
Copying new files...
Copying new files...
Copying new files...
Copying new files...
Copying new files...
Copying new files...
Copying new files...
Copying new files...
Copying new files...
Copying new files...
Copying new files...
Copying new files...
Copying new files...
Copying new files...
Copying new files...
Copying new files...
Copying new files...
Copying new files...
Copying new files...
Copying new files...
Copying new files...
Copying new files...
Copying new files...
Copying new files...
Copying new files...
Copying new files...
Copying new files...
Copying new files...
Copying new files...
Copying new files...
Copying new files...
Copying new files...
Copying new files...
Copying new files...
Copying new files...
Copying new files...
Copying new files...
Copying new files...
Copying new files...
Copying new files...
Copying new files...
Copying new files...
Copying new files...
Copying new files...
Copying new files...
Copying new files...
Copying new files...
Copying new files...
Copying new files...
Copying new files...
Copying new files...
Copying new files...
Copying new files...
Copying new files...
Copying new files...
Copying new files...
Copying new files...
Copying new files...
Copying new files...
Copying new files...
Copying new files...
Copying new files...
Copying new files...
Copying new files...
Copying new files...
Copying new files...
Copying new files...
Copying new files...
Copying new files...
Copying new files...
Copying new files...
Copying new files...
Copying new files...
Copying new files...
Copying new files...
Copying new files...
Copying new files...
Copying new files...
Copying new files...
Copying new files...
Copying new files...
Copying new files...
Copying new files...
Copying new files...
Copying new files...
Copying new files...
Copying new files...
Copying new files...
Copying new files...
Copying new files...
Copying new files...
Copying new files...
Copying new files...
Copying new files...
Copying new files...
Copying new files...
Copying new files...
Copying new files...
Copying new files...
Copying new files...
Copying new files...
Copying new files...
Copying new files...
Copying new files...
Copying new files...
Copying new files...
Copying new files...
Copying new files...
Copying new files...
Copying new files...
Copying new files...
Copying new files...
Copying new files...
Copying new files...
Copying new files...
Copying new files...
Copying new files...
Copying new files...
Copying new files...
Copying new files...
Copying new files...
Copying new files...
Copying new files...
Copying new files...
Copying new files...
Copying new files...
Copying new files...
Copying new files...
Copying new files...
Copying new files...
Copying new files...
Copying new files...
Copying new files...
Copying new files...
Copying new files...
Copying new files...
Copying new files...
Copying new files...
Copying new files...
Copying new files...
Copying new files...
Copying new files...
Copying new files...
Copying new files...
Copying new files...
Copying new files...
Copying new files...
Copying new files...
Copying new files...
Copying new files...
Copying new files...
Copying new files...
Copying new files...
Copying new files...
Copying new files...
Copying new files...
Copying new files...
Copying new files...
Copying new files...
Copying new files...
Copying new files...
Copying new files...
Copying new files...
Copying new files...
Copying new files...
Copying new files...
Copying new files...
Copying new files...
Copying new files...
Copying new files...
Copying new files...
Copying new files...
Copying new files...
Copying new files...
Copying new files...
Copying new files...
Copying new files...
Copying new files...
Copying new files...
Copying new files...
Copying new files...
Copying new files...
Copying new files...
Copying new files...
Copying new files...
Copying new files...
Copying new files...
Copying new files...
Copying new files...
Copying new files...
Copying new files...
Copying new files...
Copying new files...
Copying new files...
Copying new files...
Copying new files...
Copying new files...
Copying new files...
Copying new files...
Copying new files...
Copying new files...
Copying new files...
Copying new files...
Copying new files...
Copying new files...
Copying new files...
Copying new files...
Copying new files...
Copying new files...
Copying new files...
Copying new files...
Copying new files...
Copying new files...
Copying new files...
Copying new files...
Copying new files...
Copying new files...
Copying new files...
Copying new files...
Copying new files...
Copying new files...
Copying new files...
Copying new files...
Copying new files...
Copying new files...
Copying new files...
Copying new files...
Copying new files...
Copying new files...
Copying new files...
Copying new files...
Copying new files...
Copying new files...
Copying new files...
Copying new files...
Copying new files...
Copying new files...
Copying new files...
Copying new files...
Copying new files...
Copying new files...
Copying new files...
Copying new files...
Copying new files...
Copying new files...
Copying new files...
Copying new files...
Copying new files...
Copying new files...
Copying new files...
Copying new files...
Copying new files...
Copying new files...
Copying new files...
Copying new files...
Copying new files...
Copying new files...
Copying new files...
Copying new files...
Copying new files...
Copying new files...
Copying new files...
Copying new files...
Copying new files...
Copying new files...
Copying new files...
Copying new files...
Copying new files...
Copying new files...
Copying new files...
Copying new files...
Copying new files...
Copying new files...
Copying new files...
Copying new files...
Copying new files...
Copying new files...
Copying new files...
Copying new files...
Copying new files...
Copying new files...
Copying new files...
Copying new files...
Copying new files...
Copying new files...
Copying new files...
Copying new files...
Copying new files...
Copying new files...
Copying new files...
Copying new files...
Copying new files...
Copying new files...
Copying new files...
Copying new files...
Copying new files...
Copying new files...
Copying new files...
Copying new files...
Copying new files...
Copying new files...
Copying new files...
Copying new files...
Copying new files...
Copying new files...
Copying new files...
Copying new files...
Copying new files...
Copying new files...
Copying new files...
Copying new files...
Copying new files...
Copying new files...
Copying new files...
Copying new files...
Copying new files...
Copying new files...
Copying new files...
Copying new files...
Copying new files...
Copying new files...
Copying new files...
Copying new files...
Copying new files...
Copying new files...
Copying new files...
Copying new files...
Copying new files...
Copying new files...
Copying new files...
Copying new files...
Copying new files...
Copying new files...
Copying new files...
Copying new files...
Copying new files...
Copying new files...
Copying new files...
Copying new files...
Copying new files...
Copying new files...
Copying new files...
Copying new files...
Copying new files...
Copying new files...
Copying new files...
Copying new files...
Copying new files...
Copying new files...
Copying new files...
Copying new files...
Copying new files...
Copying new files...
Copying new files...
Copying new files...
Copying new files...
Copying new files...
Copying new files...
Copying new files...
Copying new files...
Copying new files...
Copying new files...
Copying new files...
Copying new files...
Copying new files...
Copying new files...
Copying new files...
Copying new files...
Copying new files...
Copying new files...
Copying new files...
Copying new files...
Copying new files...
Copying new files...
Copying new files...
Copying new files...
Copying new files...
Copying new files...
Copying new files...
Copying new files...
Copying new files...
Copying new files...
Copying new files...
Copying new files...
Copying new files...
Copying new files...
Copying new files...
Copying new files...
Copying new files...
Copying new files...
Copying new files...
Copying new files...
Copying new files...
Copying new files...
Copying new files...
Copying new files...
Copying new files...
Copying new files...
Copying new files...
Copying new files...
Copying new files...
Copying new files...
Copying new files...
Copying new files...
Copying new files...
Copying new files...
Copying new files...
Copying new files...
Copying new files...
Copying new files...
Copying new files...
Copying new files...
Copying new files...
Copying new files...
Copying new files...
Copying new files...
Copying new files...
Copying new files...
Copying new files...
Copying new files...
Copying new files...
Copying new files...
Copying new files...
Copying new files...
Copying new files...
Copying new files...
Copying new files...
Copying new files...
Copying new files...
Copying new files...
Copying new files...
Copying new files...
Copying new files...
Copying new files...
Copying new files...
Copying new files...
Copying new files...
Copying new files...
Copying new files...
Copying new files...
Copying new files...
Copying new files...
Copying new files...
Copying new files...
Copying new files...
Copying new files...
Copying new files...
Copying new files...
Copying new files...
Copying new files...
Copying new files...
Copying new files...
Copying new files...
Copying new files...
Copying new files...
Copying new files...
Copying new files...
Copying new files...
Copying new files...
Copying new files...
Copying new files...
Copying new files...
Copying new files...
Copying new files...
Copying new files...
Copying new files...
Copying new files...
Copying new files...
Copying new files...
Copying new files...
Copying new files...
Copying new files...
Copying new files...
Copying new files...
Copying new files...
Copying new files...
Copying new files...
Copying new files...
Copying new files...
Copying new files...
Copying new files...
Copying new files...
Copying new files...
Copying new files...
Copying new files...
Copying new files...
Copying new files...
Copying new files...
Copying new files...
Copying new files...
Copying new files...
Copying new files...
Copying new files...
Copying new files...
Copying new files...
Copying new files...
Copying new files...
Copying new files...
Copying new files...
Copying new files...
Copying new files...
Copying new files...
Copying new files...
Copying new files...
Copying new files...
Copying new files...
Copying new files...
Copying new files...
Copying new files...
Copying new files...
Copying new files...
Copying new files...
Copying new files...
Copying new files...
Copying new files...
Copying new files...
Copying new files...
Copying new files...
Copying new files...
Copying new files...
Copying new files...
Copying new files...
Copying new files...
Copying new files...
Copying new files...
Copying new files...
Copying new files...
Copying new files...
Copying new files...
Copying new files...
Copying new files...
Copying new files...
Copying new files...
Copying new files...
Copying new files...
Copying new files...
Copying new files...
Copying new files...
Copying new files...
Copying new files...
Copying new files...
Copying new files...
Copying new files...
Copying new files...
Copying new files...
Copying new files...
Copying new files...
Copying new files...
Copying new files...
Action ended 12:08:58: InstallFiles. Return value 1.
Action 12:08:58: PatchFiles. Patching files
Action start 12:08:58: PatchFiles.
Action ended 12:08:58: PatchFiles. Return value 1.
Action 12:08:58: RunNGEN. 
Action start 12:08:58: RunNGEN.
InstallShield 12:08:58: Running InstallScript function f19
InstallShield 12:08:58: Opening stream of file C:\users\asdf\AppData\Local\Temp\msiF10A.tmp
InstallShield 12:08:58: Extracting support file IsConfig.ini to C:\users\asdf\AppData\Local\Temp\{C325A13C-FB79-4906-8FDF-564A42F78E28}\IsConfig.ini
InstallShield 12:08:58: Extracted isconfig.ini to C:\users\asdf\AppData\Local\Temp\{C325A13C-FB79-4906-8FDF-564A42F78E28}\IsConfig.ini
InstallShield 12:08:58: Got '{09FDC66F-DAA9-4533-B759-FC3CDDD0E777}' for TempPathGuid from isconfig.ini
InstallShield 12:08:58: Using temp folder C:\users\asdf\AppData\Local\Temp\{C325A13C-FB79-4906-8FDF-564A42F78E28}\
InstallShield 12:08:58: Installing engine...
InstallShield 12:08:58: Using product language 1033
InstallShield 12:08:58: Extracting support file setup.inx to C:\users\asdf\AppData\Local\Temp\{C325A13C-FB79-4906-8FDF-564A42F78E28}\setup.inx
InstallShield 12:08:58: Extracting support file ISRT.dll to C:\users\asdf\AppData\Local\Temp\{C325A13C-FB79-4906-8FDF-564A42F78E28}\ISRT.dll
InstallShield 12:08:59: Detected X64 OS
InstallShield 12:08:59: Extracting support file ISBEWX64.exe to C:\users\asdf\AppData\Local\Temp\{C325A13C-FB79-4906-8FDF-564A42F78E28}\_isFAE0.exe
InstallShield 12:08:59: Extracting support file _isres_0x0409.dll to C:\users\asdf\AppData\Local\Temp\{C325A13C-FB79-4906-8FDF-564A42F78E28}\_isres_0x0409.dll
InstallShield 12:08:59: Extracting support file String1033.txt to C:\users\asdf\AppData\Local\Temp\{C325A13C-FB79-4906-8FDF-564A42F78E28}\String1033.txt
InstallShield 12:08:59: Skipping optional support file _isuser_0x0409.dll
InstallShield 12:08:59: Setting script cmdline...
InstallShield 12:08:59: ProductCode is {E3A7A159-C187-44D3-93E8-5EF961F4E0DD}
InstallShield 12:08:59: Initializing Engine
InstallShield 12:09:01: Done Initializing...
InstallShield 12:09:01: Registering Msi Server...
InstallShield 12:09:01: Invoking script function RunNGEN
1: Function: RunNGEN, instDir =  ngenFile = C:\Program Files\Mastercam 2027\ commandLine = install "Extensions\CodeExpert.exe" /nologo /silent 
InstallShield 12:09:01: Returning script function result
InstallShield 12:09:01: CallScriptFunctionFromMsiCA() ends, result 0x0
Action ended 12:09:01: RunNGEN. Return value 1.
Action 12:09:01: DuplicateFiles. Creating duplicate files
Action start 12:09:01: DuplicateFiles.
Action ended 12:09:01: DuplicateFiles. Return value 1.
Action 12:09:01: CreateShortcuts. Creating shortcuts
Action start 12:09:01: CreateShortcuts.
Creating shortcuts...
Action ended 12:09:01: CreateShortcuts. Return value 1.
Action 12:09:01: RegisterClassInfo. Registering class servers
Action start 12:09:01: RegisterClassInfo.
Registering class servers...
Registering class servers...
Registering class servers...
Registering class servers...
Registering class servers...
Registering class servers...
Registering class servers...
Registering class servers...
Registering class servers...
Registering class servers...
Registering class servers...
Registering class servers...
Registering class servers...
Registering class servers...
Registering class servers...
Registering class servers...
Registering class servers...
Registering class servers...
Registering class servers...
Registering class servers...
Registering class servers...
Registering class servers...
Registering class servers...
Registering class servers...
Registering class servers...
Registering class servers...
Registering class servers...
Registering class servers...
Registering class servers...
Registering class servers...
Registering class servers...
Registering class servers...
Registering class servers...
Registering class servers...
Registering class servers...
Registering class servers...
Registering class servers...
Registering class servers...
Registering class servers...
Registering class servers...
Registering class servers...
Registering class servers...
Registering class servers...
Registering class servers...
Registering class servers...
Registering class servers...
Registering class servers...
Registering class servers...
Registering class servers...
Action ended 12:09:01: RegisterClassInfo. Return value 1.
Action 12:09:01: RegisterExtensionInfo. Registering extension servers
Action start 12:09:01: RegisterExtensionInfo.
Registering extension servers...
Registering extension servers...
Registering extension servers...
Registering extension servers...
Registering extension servers...
Registering extension servers...
Registering extension servers...
Registering extension servers...
Registering extension servers...
Registering extension servers...
Registering extension servers...
Registering extension servers...
Registering extension servers...
Registering extension servers...
Registering extension servers...
Registering extension servers...
Registering extension servers...
Registering extension servers...
Registering extension servers...
Registering extension servers...
Registering extension servers...
Registering extension servers...
Registering extension servers...
Action ended 12:09:01: RegisterExtensionInfo. Return value 1.
Action 12:09:01: RegisterProgIdInfo. Registering program identifiers
Action start 12:09:01: RegisterProgIdInfo.
Registering program identifiers...
Registering program identifiers...
Registering program identifiers...
Registering program identifiers...
Registering program identifiers...
Registering program identifiers...
Registering program identifiers...
Registering program identifiers...
Registering program identifiers...
Registering program identifiers...
Registering program identifiers...
Registering program identifiers...
Registering program identifiers...
Registering program identifiers...
Registering program identifiers...
Registering program identifiers...
Registering program identifiers...
Registering program identifiers...
Registering program identifiers...
Registering program identifiers...
Registering program identifiers...
Registering program identifiers...
Registering program identifiers...
Registering program identifiers...
Registering program identifiers...
Registering program identifiers...
Registering program identifiers...
Registering program identifiers...
Registering program identifiers...
Registering program identifiers...
Registering program identifiers...
Registering program identifiers...
Registering program identifiers...
Registering program identifiers...
Registering program identifiers...
Registering program identifiers...
Registering program identifiers...
Registering program identifiers...
Registering program identifiers...
Registering program identifiers...
Registering program identifiers...
Registering program identifiers...
Registering program identifiers...
Registering program identifiers...
Registering program identifiers...
Registering program identifiers...
Registering program identifiers...
Registering program identifiers...
Registering program identifiers...
Registering program identifiers...
Registering program identifiers...
Registering program identifiers...
Registering program identifiers...
Registering program identifiers...
Action ended 12:09:01: RegisterProgIdInfo. Return value 1.
Action 12:09:01: RegisterMIMEInfo. Registering MIME info
Action start 12:09:01: RegisterMIMEInfo.
Action ended 12:09:01: RegisterMIMEInfo. Return value 1.
Action 12:09:01: WriteRegistryValues. Writing system registry values
Action start 12:09:01: WriteRegistryValues.
Writing system registry values...
Writing system registry values...
Writing system registry values...
Writing system registry values...
Writing system registry values...
Writing system registry values...
Writing system registry values...
Writing system registry values...
Writing system registry values...
Writing system registry values...
Writing system registry values...
Writing system registry values...
Writing system registry values...
Writing system registry values...
Writing system registry values...
Writing system registry values...
Writing system registry values...
Writing system registry values...
Writing system registry values...
Writing system registry values...
Writing system registry values...
Writing system registry values...
Writing system registry values...
Writing system registry values...
Writing system registry values...
Writing system registry values...
Writing system registry values...
Writing system registry values...
Writing system registry values...
Writing system registry values...
Writing system registry values...
Writing system registry values...
Writing system registry values...
Writing system registry values...
Writing system registry values...
Writing system registry values...
Writing system registry values...
Writing system registry values...
Writing system registry values...
Writing system registry values...
Writing system registry values...
Writing system registry values...
Writing system registry values...
Writing system registry values...
Writing system registry values...
Writing system registry values...
Writing system registry values...
Writing system registry values...
Writing system registry values...
Writing system registry values...
Writing system registry values...
Writing system registry values...
Writing system registry values...
Writing system registry values...
Writing system registry values...
Writing system registry values...
Writing system registry values...
Writing system registry values...
Writing system registry values...
Writing system registry values...
Writing system registry values...
Writing system registry values...
Writing system registry values...
Writing system registry values...
Writing system registry values...
Writing system registry values...
Writing system registry values...
Writing system registry values...
Writing system registry values...
Writing system registry values...
Writing system registry values...
Writing system registry values...
Writing system registry values...
Writing system registry values...
Writing system registry values...
Writing system registry values...
Writing system registry values...
Writing system registry values...
Writing system registry values...
Writing system registry values...
Writing system registry values...
Writing system registry values...
Writing system registry values...
Writing system registry values...
Writing system registry values...
Writing system registry values...
Writing system registry values...
Writing system registry values...
Writing system registry values...
Writing system registry values...
Writing system registry values...
Writing system registry values...
Writing system registry values...
Writing system registry values...
Writing system registry values...
Writing system registry values...
Writing system registry values...
Writing system registry values...
Writing system registry values...
Writing system registry values...
Writing system registry values...
Writing system registry values...
Writing system registry values...
Writing system registry values...
Writing system registry values...
Writing system registry values...
Writing system registry values...
Writing system registry values...
Writing system registry values...
Writing system registry values...
Writing system registry values...
Writing system registry values...
Writing system registry values...
Writing system registry values...
Writing system registry values...
Writing system registry values...
Writing system registry values...
Writing system registry values...
Writing system registry values...
Writing system registry values...
Writing system registry values...
Writing system registry values...
Writing system registry values...
Writing system registry values...
Writing system registry values...
Writing system registry values...
Writing system registry values...
Writing system registry values...
Writing system registry values...
Writing system registry values...
Writing system registry values...
Writing system registry values...
Writing system registry values...
Writing system registry values...
Writing system registry values...
Writing system registry values...
Writing system registry values...
Writing system registry values...
Writing system registry values...
Writing system registry values...
Writing system registry values...
Writing system registry values...
Writing system registry values...
Writing system registry values...
Writing system registry values...
Writing system registry values...
Writing system registry values...
Writing system registry values...
Writing system registry values...
Writing system registry values...
Writing system registry values...
Writing system registry values...
Writing system registry values...
Writing system registry values...
Writing system registry values...
Writing system registry values...
Writing system registry values...
Writing system registry values...
Writing system registry values...
Writing system registry values...
Writing system registry values...
Writing system registry values...
Writing system registry values...
Writing system registry values...
Writing system registry values...
Writing system registry values...
Writing system registry values...
Writing system registry values...
Writing system registry values...
Writing system registry values...
Writing system registry values...
Writing system registry values...
Writing system registry values...
Writing system registry values...
Writing system registry values...
Writing system registry values...
Writing system registry values...
Writing system registry values...
Writing system registry values...
Writing system registry values...
Writing system registry values...
Writing system registry values...
Writing system registry values...
Writing system registry values...
Writing system registry values...
Writing system registry values...
Writing system registry values...
Writing system registry values...
Writing system registry values...
Writing system registry values...
Writing system registry values...
Writing system registry values...
Writing system registry values...
Writing system registry values...
Writing system registry values...
Writing system registry values...
Writing system registry values...
Writing system registry values...
Writing system registry values...
Writing system registry values...
Writing system registry values...
Writing system registry values...
Writing system registry values...
Writing system registry values...
Writing system registry values...
Writing system registry values...
Writing system registry values...
Writing system registry values...
Writing system registry values...
Writing system registry values...
Writing system registry values...
Writing system registry values...
Writing system registry values...
Writing system registry values...
Writing system registry values...
Writing system registry values...
Writing system registry values...
Writing system registry values...
Writing system registry values...
Writing system registry values...
Writing system registry values...
Writing system registry values...
Writing system registry values...
Writing system registry values...
Writing system registry values...
Writing system registry values...
Writing system registry values...
Writing system registry values...
Writing system registry values...
Writing system registry values...
Writing system registry values...
Writing system registry values...
Writing system registry values...
Writing system registry values...
Writing system registry values...
Writing system registry values...
Writing system registry values...
Writing system registry values...
Writing system registry values...
Writing system registry values...
Writing system registry values...
Writing system registry values...
Writing system registry values...
Writing system registry values...
Writing system registry values...
Writing system registry values...
Writing system registry values...
Writing system registry values...
Writing system registry values...
Writing system registry values...
Writing system registry values...
Writing system registry values...
Writing system registry values...
Writing system registry values...
Writing system registry values...
Writing system registry values...
Writing system registry values...
Writing system registry values...
Writing system registry values...
Writing system registry values...
Writing system registry values...
Writing system registry values...
Writing system registry values...
Writing system registry values...
Writing system registry values...
Writing system registry values...
Writing system registry values...
Writing system registry values...
Writing system registry values...
Writing system registry values...
Writing system registry values...
Writing system registry values...
Writing system registry values...
Writing system registry values...
Writing system registry values...
Writing system registry values...
Writing system registry values...
Writing system registry values...
Writing system registry values...
Writing system registry values...
Writing system registry values...
Writing system registry values...
Writing system registry values...
Writing system registry values...
Writing system registry values...
Writing system registry values...
Writing system registry values...
Writing system registry values...
Writing system registry values...
Writing system registry values...
Writing system registry values...
Writing system registry values...
Writing system registry values...
Writing system registry values...
Writing system registry values...
Writing system registry values...
Writing system registry values...
Writing system registry values...
Writing system registry values...
Writing system registry values...
Writing system registry values...
Writing system registry values...
Writing system registry values...
Writing system registry values...
Writing system registry values...
Writing system registry values...
Writing system registry values...
Writing system registry values...
Writing system registry values...
Writing system registry values...
Writing system registry values...
Writing system registry values...
Writing system registry values...
Writing system registry values...
Writing system registry values...
Writing system registry values...
Writing system registry values...
Writing system registry values...
Writing system registry values...
Writing system registry values...
Writing system registry values...
Writing system registry values...
Writing system registry values...
Writing system registry values...
Writing system registry values...
Writing system registry values...
Writing system registry values...
Writing system registry values...
Writing system registry values...
Writing system registry values...
Writing system registry values...
Writing system registry values...
Writing system registry values...
Writing system registry values...
Writing system registry values...
Writing system registry values...
Writing system registry values...
Writing system registry values...
Writing system registry values...
Writing system registry values...
Writing system registry values...
Writing system registry values...
Writing system registry values...
Writing system registry values...
Writing system registry values...
Writing system registry values...
Writing system registry values...
Writing system registry values...
Writing system registry values...
Writing system registry values...
Writing system registry values...
Writing system registry values...
Writing system registry values...
Writing system registry values...
Writing system registry values...
Writing system registry values...
Writing system registry values...
Writing system registry values...
Writing system registry values...
Writing system registry values...
Writing system registry values...
Writing system registry values...
Writing system registry values...
Writing system registry values...
Writing system registry values...
Writing system registry values...
Writing system registry values...
Writing system registry values...
Writing system registry values...
Writing system registry values...
Writing system registry values...
Writing system registry values...
Writing system registry values...
Writing system registry values...
Writing system registry values...
Writing system registry values...
Writing system registry values...
Writing system registry values...
Writing system registry values...
Writing system registry values...
Writing system registry values...
Writing system registry values...
Writing system registry values...
Writing system registry values...
Writing system registry values...
Writing system registry values...
Writing system registry values...
Writing system registry values...
Writing system registry values...
Writing system registry values...
Writing system registry values...
Writing system registry values...
Writing system registry values...
Writing system registry values...
Writing system registry values...
Writing system registry values...
Writing system registry values...
Writing system registry values...
Writing system registry values...
Writing system registry values...
Writing system registry values...
Writing system registry values...
Writing system registry values...
Writing system registry values...
Writing system registry values...
Writing system registry values...
Writing system registry values...
Writing system registry values...
Writing system registry values...
Writing system registry values...
Writing system registry values...
Writing system registry values...
Writing system registry values...
Writing system registry values...
Writing system registry values...
Writing system registry values...
Writing system registry values...
Writing system registry values...
Writing system registry values...
Writing system registry values...
Writing system registry values...
Writing system registry values...
Writing system registry values...
Writing system registry values...
Writing system registry values...
Writing system registry values...
Writing system registry values...
Writing system registry values...
Writing system registry values...
Writing system registry values...
Writing system registry values...
Writing system registry values...
Writing system registry values...
Writing system registry values...
Writing system registry values...
Writing system registry values...
Writing system registry values...
Writing system registry values...
Writing system registry values...
Writing system registry values...
Writing system registry values...
Writing system registry values...
Writing system registry values...
Writing system registry values...
Writing system registry values...
Writing system registry values...
Writing system registry values...
Writing system registry values...
Writing system registry values...
Writing system registry values...
Writing system registry values...
Writing system registry values...
Writing system registry values...
Writing system registry values...
Writing system registry values...
Writing system registry values...
Writing system registry values...
Writing system registry values...
Writing system registry values...
Writing system registry values...
Writing system registry values...
Writing system registry values...
Writing system registry values...
Writing system registry values...
Writing system registry values...
Writing system registry values...
Writing system registry values...
Writing system registry values...
Writing system registry values...
Writing system registry values...
Writing system registry values...
Writing system registry values...
Writing system registry values...
Writing system registry values...
Writing system registry values...
Writing system registry values...
Writing system registry values...
Writing system registry values...
Writing system registry values...
Writing system registry values...
Writing system registry values...
Writing system registry values...
Writing system registry values...
Writing system registry values...
Writing system registry values...
Writing system registry values...
Writing system registry values...
Writing system registry values...
Writing system registry values...
Writing system registry values...
Writing system registry values...
Writing system registry values...
Writing system registry values...
Writing system registry values...
Writing system registry values...
Writing system registry values...
Writing system registry values...
Writing system registry values...
Writing system registry values...
Writing system registry values...
Writing system registry values...
Writing system registry values...
Writing system registry values...
Writing system registry values...
Writing system registry values...
Writing system registry values...
Writing system registry values...
Writing system registry values...
Writing system registry values...
Writing system registry values...
Writing system registry values...
Writing system registry values...
Writing system registry values...
Writing system registry values...
Writing system registry values...
Writing system registry values...
Writing system registry values...
Writing system registry values...
Writing system registry values...
Writing system registry values...
Writing system registry values...
Writing system registry values...
Writing system registry values...
Writing system registry values...
Writing system registry values...
Writing system registry values...
Writing system registry values...
Writing system registry values...
Writing system registry values...
Writing system registry values...
Writing system registry values...
Writing system registry values...
Writing system registry values...
Writing system registry values...
Writing system registry values...
Writing system registry values...
Writing system registry values...
Writing system registry values...
Writing system registry values...
Writing system registry values...
Writing system registry values...
Writing system registry values...
Writing system registry values...
Writing system registry values...
Writing system registry values...
Writing system registry values...
Writing system registry values...
Writing system registry values...
Writing system registry values...
Writing system registry values...
Writing system registry values...
Writing system registry values...
Writing system registry values...
Writing system registry values...
Writing system registry values...
Writing system registry values...
Writing system registry values...
Writing system registry values...
Writing system registry values...
Writing system registry values...
Writing system registry values...
Writing system registry values...
Writing system registry values...
Writing system registry values...
Writing system registry values...
Writing system registry values...
Writing system registry values...
Writing system registry values...
Writing system registry values...
Writing system registry values...
Writing system registry values...
Writing system registry values...
Writing system registry values...
Writing system registry values...
Writing system registry values...
Writing system registry values...
Writing system registry values...
Writing system registry values...
Writing system registry values...
Writing system registry values...
Writing system registry values...
Writing system registry values...
Writing system registry values...
Writing system registry values...
Writing system registry values...
Writing system registry values...
Writing system registry values...
Writing system registry values...
Writing system registry values...
Writing system registry values...
Writing system registry values...
Writing system registry values...
Writing system registry values...
Writing system registry values...
Writing system registry values...
Writing system registry values...
Writing system registry values...
Writing system registry values...
Writing system registry values...
Writing system registry values...
Writing system registry values...
Writing system registry values...
Writing system registry values...
Writing system registry values...
Writing system registry values...
Writing system registry values...
Writing system registry values...
Writing system registry values...
Writing system registry values...
Writing system registry values...
Writing system registry values...
Writing system registry values...
Writing system registry values...
Writing system registry values...
Writing system registry values...
Writing system registry values...
Writing system registry values...
Writing system registry values...
Writing system registry values...
Writing system registry values...
Writing system registry values...
Writing system registry values...
Writing system registry values...
Writing system registry values...
Writing system registry values...
Writing system registry values...
Writing system registry values...
Writing system registry values...
Writing system registry values...
Writing system registry values...
Writing system registry values...
Writing system registry values...
Writing system registry values...
Writing system registry values...
Writing system registry values...
Writing system registry values...
Writing system registry values...
Writing system registry values...
Writing system registry values...
Writing system registry values...
Writing system registry values...
Writing system registry values...
Writing system registry values...
Writing system registry values...
Writing system registry values...
Writing system registry values...
Writing system registry values...
Writing system registry values...
Writing system registry values...
Writing system registry values...
Writing system registry values...
Writing system registry values...
Writing system registry values...
Writing system registry values...
Writing system registry values...
Writing system registry values...
Writing system registry values...
Writing system registry values...
Writing system registry values...
Writing system registry values...
Writing system registry values...
Writing system registry values...
Writing system registry values...
Writing system registry values...
Writing system registry values...
Writing system registry values...
Writing system registry values...
Writing system registry values...
Writing system registry values...
Action ended 12:09:02: WriteRegistryValues. Return value 1.
Action 12:09:02: WriteIniValues. Writing INI file values
Action start 12:09:02: WriteIniValues.
Action ended 12:09:02: WriteIniValues. Return value 1.
Action 12:09:02: WriteEnvironmentStrings. Updating environment strings
Action start 12:09:02: WriteEnvironmentStrings.
Action ended 12:09:02: WriteEnvironmentStrings. Return value 1.
Action 12:09:02: RegisterMastercamFont. 
Action start 12:09:02: RegisterMastercamFont.
InstallShield 12:09:02: Running InstallScript function f14
InstallShield 12:09:02: Opening stream of file C:\users\asdf\AppData\Local\Temp\msiF10A.tmp
InstallShield 12:09:02: Extracting support file IsConfig.ini to C:\users\asdf\AppData\Local\Temp\{079DFEC3-A492-457E-8FE5-54E3B6064137}\IsConfig.ini
InstallShield 12:09:02: Extracted isconfig.ini to C:\users\asdf\AppData\Local\Temp\{079DFEC3-A492-457E-8FE5-54E3B6064137}\IsConfig.ini
InstallShield 12:09:02: Got '{09FDC66F-DAA9-4533-B759-FC3CDDD0E777}' for TempPathGuid from isconfig.ini
InstallShield 12:09:02: Using temp folder C:\users\asdf\AppData\Local\Temp\{079DFEC3-A492-457E-8FE5-54E3B6064137}\
InstallShield 12:09:02: Installing engine...
InstallShield 12:09:02: Using product language 1033
InstallShield 12:09:02: Extracting support file setup.inx to C:\users\asdf\AppData\Local\Temp\{079DFEC3-A492-457E-8FE5-54E3B6064137}\setup.inx
InstallShield 12:09:02: Extracting support file ISRT.dll to C:\users\asdf\AppData\Local\Temp\{079DFEC3-A492-457E-8FE5-54E3B6064137}\ISRT.dll
InstallShield 12:09:02: Detected X64 OS
InstallShield 12:09:02: Extracting support file ISBEWX64.exe to C:\users\asdf\AppData\Local\Temp\{079DFEC3-A492-457E-8FE5-54E3B6064137}\_is80A.exe
InstallShield 12:09:02: Extracting support file _isres_0x0409.dll to C:\users\asdf\AppData\Local\Temp\{079DFEC3-A492-457E-8FE5-54E3B6064137}\_isres_0x0409.dll
InstallShield 12:09:02: Extracting support file String1033.txt to C:\users\asdf\AppData\Local\Temp\{079DFEC3-A492-457E-8FE5-54E3B6064137}\String1033.txt
InstallShield 12:09:02: Skipping optional support file _isuser_0x0409.dll
InstallShield 12:09:02: Setting script cmdline...
InstallShield 12:09:02: ProductCode is {E3A7A159-C187-44D3-93E8-5EF961F4E0DD}
InstallShield 12:09:02: Initializing Engine
InstallShield 12:09:04: Done Initializing...
InstallShield 12:09:04: Registering Msi Server...
InstallShield 12:09:04: Invoking script function RegisterMastercamFont
1: RegisterFontResource: Register file: C:\windows\Fonts\olf_simplesanscjk_oc.ttf was successful. 
1: RegisterFontResource: Register file: C:\windows\Fonts\olf_simplesanscjkp_oc.ttf was successful. 
1: RegisterMastercamFont completed. 
InstallShield 12:09:10: Returning script function result
InstallShield 12:09:10: CallScriptFunctionFromMsiCA() ends, result 0x0
Action ended 12:09:10: RegisterMastercamFont. Return value 1.
Action 12:09:10: InstallODBC. Installing ODBC components
Action start 12:09:10: InstallODBC.
Action ended 12:09:10: InstallODBC. Return value 1.
Action 12:09:10: RegisterTypeLibraries. Registering type libraries
Action start 12:09:10: RegisterTypeLibraries.
Action ended 12:09:10: RegisterTypeLibraries. Return value 1.
Action 12:09:10: SelfRegModules. Registering modules
Action start 12:09:10: SelfRegModules.
Action ended 12:09:10: SelfRegModules. Return value 1.
Action 12:09:10: InstallServices. Installing new services
Action start 12:09:10: InstallServices.
Action ended 12:09:10: InstallServices. Return value 1.
Action 12:09:10: StartServices. Starting services
Action start 12:09:10: StartServices.
Action ended 12:09:10: StartServices. Return value 1.
Action 12:09:10: ISLockPermissionsInstall. 
Action start 12:09:10: ISLockPermissionsInstall.
InstallShield 12:09:10: Extracted ISBEW64.exe to 'C:\users\asdf\AppData\Local\Temp\{D98A403E-ED77-42C9-A6EA-4768DB97915B}\wac28B9.tmp'
InstallShield 12:09:10: Processing registry object 'MACHINE\SOFTWARE\CNC Software\Mastercam 2027\Flags' in 64-bit outproc
Action ended 12:09:11: ISLockPermissionsInstall. Return value 1.
Action 12:09:11: RegisterUser. Registering user
Action start 12:09:11: RegisterUser.
Registering user...
Action ended 12:09:11: RegisterUser. Return value 1.
Action 12:09:11: RegisterProduct. Registering product
Action start 12:09:11: RegisterProduct.
Registering product...
Action ended 12:09:11: RegisterProduct. Return value 1.
Action 12:09:11: PublishComponents. Publishing qualified components
Action start 12:09:11: PublishComponents.
Action ended 12:09:11: PublishComponents. Return value 1.
Action 12:09:11: MsiPublishAssemblies. 
Action start 12:09:11: MsiPublishAssemblies.
1:  2: CrashServiceManaged,Version="1.0.9643.26320",Culture="neutral",ProcessorArchitecture="Amd64" 
1:  2: Sentry,Version="5.16.2.0",PublicKeyToken="FBA2EC45388E2AF0",Culture="neutral",FileVersion="5.16.2.0",ProcessorArchitecture="MSIL" 
1:  2: ActiveReports_Common,Version="29.0.0.0",Culture="neutral",FileVersion="29.0.10172.0",ProcessorArchitecture="Amd64" 
1:  2: BouncyCastle.Crypto,Version="1.8.2.0",PublicKeyToken="0E99375E54769942",Culture="neutral",FileVersion="1.8.2.223",ProcessorArchitecture="MSIL" 
1:  2: CfpCommandTracker.Interop,Version="29.0.0.0",Culture="neutral",FileVersion="29.0.10172.0",ProcessorArchitecture="Amd64" 
1:  2: DebuggingClientServerShared,Version="29.0.0.0",PublicKeyToken="627BB7160E82E73B",Culture="neutral",FileVersion="29.0.10172.0",ProcessorArchitecture="Amd64" 
1:  2: DocumentFormat.OpenXml,Version="2.12.1.0",PublicKeyToken="8FB06CB64D019A17",Culture="neutral",FileVersion="2.12.1.0",ProcessorArchitecture="MSIL" 
1:  2: IOF.MC,Version="0.0.0.0",Culture="neutral",FileVersion="29.0.10172.0",ProcessorArchitecture="Amd64" 
1:  2: MCOReaderCLR,Version="29.0.0.0",Culture="neutral",FileVersion="29.0.10172.0",ProcessorArchitecture="Amd64" 
1:  2: MPDebugClient,Version="29.0.0.0",Culture="neutral",FileVersion="29.0.10172.0",ProcessorArchitecture="Amd64" 
1:  2: Microsoft.Bcl.AsyncInterfaces,Version="5.0.0.0",PublicKeyToken="CC7B13FFCD2DDD51",Culture="neutral",FileVersion="5.0.20.51904",ProcessorArchitecture="MSIL" 
1:  2: Microsoft.VisualStudio.DpiAwareness,Version="6.1.0.0",PublicKeyToken="B03F5F7F11D50A3A",Culture="neutral",FileVersion="6.1.28916.169",ProcessorArchitecture="MSIL" 
1:  2: ModelessDialogTabHandler,Version="29.0.0.0",Culture="neutral",FileVersion="29.0.10172.0",ProcessorArchitecture="MSIL" 
1:  2: NETAppStaticAPI,Version="29.0.0.0",Culture="neutral",FileVersion="29.0.10172.0",ProcessorArchitecture="Amd64" 
1:  2: NETHook3_0,Version="29.0.0.0",Culture="neutral",FileVersion="29.0.10172.0",ProcessorArchitecture="Amd64" 
1:  2: NativeResourceReader,Version="29.0.0.0",PublicKeyToken="627BB7160E82E73B",Culture="neutral",FileVersion="29.0.10172.0",ProcessorArchitecture="Amd64" 
1:  2: RestApi,Version="1.0.0.0",Culture="neutral",FileVersion="1.0.0.0",ProcessorArchitecture="Amd64" 
1:  2: SimAccessManaged.Core,Version="0.0.0.0",Culture="neutral",FileVersion="29.0.10172.0",ProcessorArchitecture="Amd64" 
1:  2: SimAccessManaged,Version="0.0.0.0",Culture="neutral",FileVersion="29.0.10172.0",ProcessorArchitecture="Amd64" 
1:  2: ToolNetApi,Version="29.0.0.0",Culture="neutral",FileVersion="29.0.10172.0",ProcessorArchitecture="Amd64" 
1:  2: ActiproSoftware.BarCode.Wpf,Version="25.1.0.0",PublicKeyToken="36FF2196AB5654B9",Culture="neutral",FileVersion="25.1.0.0",ProcessorArchitecture="MSIL" 
1:  2: ActiproSoftware.DataGrid.Contrib.Wpf,Version="25.1.0.0",PublicKeyToken="36FF2196AB5654B9",Culture="neutral",FileVersion="25.1.0.0",ProcessorArchitecture="MSIL" 
1:  2: ActiproSoftware.Docking.Wpf,Version="25.1.0.0",PublicKeyToken="36FF2196AB5654B9",Culture="neutral",FileVersion="25.1.0.0",ProcessorArchitecture="MSIL" 
1:  2: ActiproSoftware.Editors.Interop.Grids.Wpf,Version="25.1.0.0",PublicKeyToken="36FF2196AB5654B9",Culture="neutral",FileVersion="25.1.0.0",ProcessorArchitecture="MSIL" 
1:  2: ActiproSoftware.Editors.Wpf,Version="25.1.0.0",PublicKeyToken="36FF2196AB5654B9",Culture="neutral",FileVersion="25.1.0.0",ProcessorArchitecture="MSIL" 
1:  2: ActiproSoftware.Gauge.Wpf,Version="25.1.0.0",PublicKeyToken="36FF2196AB5654B9",Culture="neutral",FileVersion="25.1.0.0",ProcessorArchitecture="MSIL" 
1:  2: ActiproSoftware.Grids.Wpf,Version="25.1.0.0",PublicKeyToken="36FF2196AB5654B9",Culture="neutral",FileVersion="25.1.0.0",ProcessorArchitecture="MSIL" 
1:  2: ActiproSoftware.Navigation.Wpf,Version="25.1.0.0",PublicKeyToken="36FF2196AB5654B9",Culture="neutral",FileVersion="25.1.0.0",ProcessorArchitecture="MSIL" 
1:  2: ActiproSoftware.Ribbon.Wpf,Version="25.1.0.0",PublicKeyToken="36FF2196AB5654B9",Culture="neutral",FileVersion="25.1.0.0",ProcessorArchitecture="MSIL" 
1:  2: ActiproSoftware.Shared.Wpf,Version="25.1.0.0",PublicKeyToken="36FF2196AB5654B9",Culture="neutral",FileVersion="25.1.0.0",ProcessorArchitecture="MSIL" 
1:  2: ActiproSoftware.SyntaxEditor.Wpf,Version="25.1.0.0",PublicKeyToken="36FF2196AB5654B9",Culture="neutral",FileVersion="25.1.0.0",ProcessorArchitecture="MSIL" 
1:  2: ActiproSoftware.Text.Wpf,Version="25.1.0.0",PublicKeyToken="36FF2196AB5654B9",Culture="neutral",FileVersion="25.1.0.0",ProcessorArchitecture="MSIL" 
1:  2: ActiproSoftware.Views.Wpf,Version="25.1.0.0",PublicKeyToken="36FF2196AB5654B9",Culture="neutral",FileVersion="25.1.0.0",ProcessorArchitecture="MSIL" 
1:  2: ActiproSoftware.Wizard.Wpf,Version="25.1.0.0",PublicKeyToken="36FF2196AB5654B9",Culture="neutral",FileVersion="25.1.0.0",ProcessorArchitecture="MSIL" 
1:  2: AxProtector.UI,Version="29.0.0.0",Culture="neutral",FileVersion="29.0.10172.0",ProcessorArchitecture="Amd64" 
1:  2: Cnc.Utilities.Core.Windows.Managed,Version="29.0.0.0",Culture="neutral",FileVersion="29.0.10172.0",ProcessorArchitecture="Amd64" 
1:  2: CodeExpert.Interprocess,Version="29.0.0.0",Culture="neutral",FileVersion="29.0.10172.0",ProcessorArchitecture="Amd64" 
1:  2: CodeExpert.Shared,Version="29.0.0.0",Culture="neutral",FileVersion="29.0.10172.0",ProcessorArchitecture="Amd64" 
1:  2: CodeExpert.Workspace,Version="29.0.0.0",Culture="neutral",FileVersion="29.0.10172.0",ProcessorArchitecture="Amd64" 
1:  2: CodeExpert,Version="29.0.0.0",Culture="neutral",FileVersion="29.0.10172.0",ProcessorArchitecture="Amd64" 
1:  2: Editor.Core,Version="29.0.0.0",Culture="neutral",FileVersion="29.0.10172.0",ProcessorArchitecture="Amd64" 
1:  2: Editor.Models,Version="29.0.0.0",Culture="neutral",FileVersion="29.0.10172.0",ProcessorArchitecture="Amd64" 
1:  2: Editor.Workspace,Version="29.0.0.0",Culture="neutral",FileVersion="29.0.10172.0",ProcessorArchitecture="Amd64" 
1:  2: GAFControl.Interop,Version="29.0.0.0",Culture="neutral",FileVersion="29.0.10172.0",ProcessorArchitecture="Amd64" 
1:  2: IOFAPI,Version="29.0.0.0",Culture="neutral",FileVersion="29.0.10172.0",ProcessorArchitecture="Amd64" 
1:  2: IronPython.Modules,Version="2.7.0.40",PublicKeyToken="7F709C5B713576E1",Culture="neutral",FileVersion="2.7.2.1001",ProcessorArchitecture="MSIL" 
1:  2: IronPython,Version="2.7.0.40",PublicKeyToken="7F709C5B713576E1",Culture="neutral",FileVersion="2.7.2.1001",ProcessorArchitecture="MSIL" 
1:  2: Machine.Core,Version="29.0.0.0",Culture="neutral",FileVersion="29.0.10172.0",ProcessorArchitecture="Amd64" 
1:  2: Machine.Models,Version="29.0.0.0",Culture="neutral",FileVersion="29.0.10172.0",ProcessorArchitecture="Amd64" 
1:  2: Machine.Serialization,Version="29.0.0.0",Culture="neutral",FileVersion="29.0.10172.0",ProcessorArchitecture="Amd64" 
1:  2: MachineBuilder.Models,Version="29.0.0.0",Culture="neutral",FileVersion="29.0.10172.0",ProcessorArchitecture="Amd64" 
1:  2: MastercamExtensions.GAF,Version="29.0.0.0",Culture="neutral",FileVersion="29.0.10172.0",ProcessorArchitecture="Amd64" 
1:  2: MastercamExtensions.ImportExport,Version="29.0.0.0",Culture="neutral",FileVersion="29.0.10172.0",ProcessorArchitecture="Amd64" 
1:  2: MastercamExtensions.Infrastructure,Version="29.0.0.0",Culture="neutral",FileVersion="29.0.10172.0",ProcessorArchitecture="Amd64" 
1:  2: MastercamExtensions.Licensing,Version="29.0.0.0",Culture="neutral",FileVersion="29.0.10172.0",ProcessorArchitecture="Amd64" 
1:  2: MastercamExtensions.Localization,Version="29.0.0.0",Culture="neutral",FileVersion="29.0.10172.0",ProcessorArchitecture="Amd64" 
1:  2: MastercamExtensions.Shell,Version="29.0.0.0",Culture="neutral",FileVersion="29.0.10172.0",ProcessorArchitecture="Amd64" 
1:  2: Microsoft.Dynamic,Version="1.1.0.20",PublicKeyToken="7F709C5B713576E1",Culture="neutral",FileVersion="1.1.0.20",ProcessorArchitecture="MSIL" 
1:  2: Microsoft.Practices.EnterpriseLibrary.Common,Version="6.0.0.0",PublicKeyToken="31BF3856AD364E35",Culture="neutral",FileVersion="6.0.1304.0",ProcessorArchitecture="MSIL" 
1:  2: Microsoft.Practices.EnterpriseLibrary.ExceptionHandling.Logging,Version="6.0.0.0",PublicKeyToken="31BF3856AD364E35",Culture="neutral",FileVersion="6.0.1304.0",ProcessorArchitecture="MSIL" 
1:  2: Microsoft.Practices.EnterpriseLibrary.ExceptionHandling,Version="6.0.0.0",PublicKeyToken="31BF3856AD364E35",Culture="neutral",FileVersion="6.0.1304.0",ProcessorArchitecture="MSIL" 
1:  2: Microsoft.Practices.EnterpriseLibrary.Logging,Version="6.0.0.0",PublicKeyToken="31BF3856AD364E35",Culture="neutral",FileVersion="6.0.1304.0",ProcessorArchitecture="MSIL" 
1:  2: Microsoft.Practices.ServiceLocation,Version="1.3.0.0",PublicKeyToken="31BF3856AD364E35",Culture="neutral",FileVersion="1.3.0.0",ProcessorArchitecture="MSIL" 
1:  2: Microsoft.Practices.Unity.Configuration,Version="4.0.0.0",PublicKeyToken="6D32FF45E0CCC69F",Culture="neutral",FileVersion="4.0.1.0",ProcessorArchitecture="MSIL" 
1:  2: Microsoft.Practices.Unity.RegistrationByConvention,Version="4.0.0.0",PublicKeyToken="6D32FF45E0CCC69F",Culture="neutral",FileVersion="4.0.1.0",ProcessorArchitecture="MSIL" 
1:  2: Microsoft.Practices.Unity,Version="4.0.0.0",PublicKeyToken="6D32FF45E0CCC69F",Culture="neutral",FileVersion="4.0.1.0",ProcessorArchitecture="MSIL" 
1:  2: Microsoft.Scripting.Metadata,Version="1.1.0.20",PublicKeyToken="7F709C5B713576E1",Culture="neutral",FileVersion="1.1.0.20",ProcessorArchitecture="MSIL" 
1:  2: Microsoft.Scripting,Version="1.1.0.20",PublicKeyToken="7F709C5B713576E1",Culture="neutral",FileVersion="1.1.0.20",ProcessorArchitecture="MSIL" 
1:  2: Microsoft.WindowsAPICodePack.Shell,Version="1.1.0.0",Culture="neutral",FileVersion="1.1.0.0" 
1:  2: Microsoft.WindowsAPICodePack,Version="1.1.0.0",Culture="neutral",FileVersion="1.1.0.0" 
1:  2: PostEngine,Version="29.0.0.0",Culture="neutral",FileVersion="29.0.10172.0",ProcessorArchitecture="Amd64" 
1:  2: Prism.Unity.Wpf,Version="6.3.0.0",PublicKeyToken="40EE6C3A2184DC59",Culture="neutral",FileVersion="6.3.0.0",ProcessorArchitecture="MSIL" 
1:  2: Prism.Wpf,Version="6.3.0.0",PublicKeyToken="40EE6C3A2184DC59",Culture="neutral",FileVersion="6.3.0.0",ProcessorArchitecture="MSIL" 
1:  2: Prism,Version="6.3.0.0",PublicKeyToken="40EE6C3A2184DC59",Culture="neutral",FileVersion="6.3.0.0",ProcessorArchitecture="MSIL" 
1:  2: ServiceClient,Version="29.0.0.0",Culture="neutral",FileVersion="29.0.10172.0",ProcessorArchitecture="Amd64" 
1:  2: SyncManager.Core,Version="29.0.0.0",Culture="neutral",FileVersion="29.0.10172.0",ProcessorArchitecture="Amd64" 
1:  2: System.Configuration.ConfigurationManager,Version="8.0.0.0",PublicKeyToken="CC7B13FFCD2DDD51",Culture="neutral",FileVersion="8.0.23.53103",ProcessorArchitecture="MSIL" 
1:  2: System.Data.SQLite.Linq,Version="1.0.77.0",PublicKeyToken="DB937BC2D44FF139",Culture="neutral",FileVersion="1.0.77.0",ProcessorArchitecture="MSIL" 
1:  2: System.Data.SQLite,Version="1.0.77.0",PublicKeyToken="DB937BC2D44FF139",Culture="neutral",FileVersion="1.0.77.0",ProcessorArchitecture="Amd64" 
1:  2: System.Linq.Dynamic,Version="2.1.0.0",PublicKeyToken="667E828EB982FF2D",Culture="neutral",FileVersion="2.1.0.0",ProcessorArchitecture="MSIL" 
1:  2: System.Windows.Interactivity,Version="4.5.0.0",PublicKeyToken="31BF3856AD364E35",Culture="neutral",FileVersion="3.0.40218.0",ProcessorArchitecture="MSIL" 
1:  2: TDx.SpaceMouse.Navigation3D,Version="1.0.0.0",PublicKeyToken="D44B2A5182364560",Culture="neutral",FileVersion="1.0.0.0",ProcessorArchitecture="MSIL" 
1:  2: TlCoreAPI,Version="29.0.0.0",Culture="neutral",FileVersion="29.0.10172.0",ProcessorArchitecture="Amd64" 
1:  2: ToolManager.Core,Version="29.0.0.0",Culture="neutral",FileVersion="29.0.10172.0",ProcessorArchitecture="Amd64" 
1:  2: ToolManager.Database,Version="29.0.0.0",Culture="neutral",FileVersion="29.0.10172.0",ProcessorArchitecture="Amd64" 
1:  2: ToolManager.Search,Version="29.0.0.0",Culture="neutral",FileVersion="29.0.10172.0",ProcessorArchitecture="Amd64" 
1:  2: ToolManager.Shared,Version="29.0.0.0",Culture="neutral",FileVersion="29.0.10172.0",ProcessorArchitecture="Amd64" 
1:  2: ToolManager.ToolWizard,Version="29.0.0.0",Culture="neutral",FileVersion="29.0.10172.0",ProcessorArchitecture="Amd64" 
1:  2: ToolManager.Workspace,Version="29.0.0.0",Culture="neutral",FileVersion="29.0.10172.0",ProcessorArchitecture="Amd64" 
1:  2: ToolManager,Version="29.0.0.0",Culture="neutral",FileVersion="29.0.10172.0",ProcessorArchitecture="Amd64" 
1:  2: UXSharedResources,Version="29.0.0.0",Culture="neutral",FileVersion="29.0.10172.0",ProcessorArchitecture="Amd64" 
1:  2: Xceed.Wpf.Controls.v4.3,Version="4.3.12074.17240",PublicKeyToken="BA83FF368B7563C6",Culture="neutral",FileVersion="4.3.12074.17240",ProcessorArchitecture="MSIL" 
1:  2: Xceed.Wpf.DataGrid.ThemePack.1.v4.3,Version="4.3.12074.17240",PublicKeyToken="BA83FF368B7563C6",Culture="neutral",FileVersion="4.3.12074.17240",ProcessorArchitecture="MSIL" 
1:  2: Xceed.Wpf.DataGrid.v4.3,Version="4.3.12074.17240",PublicKeyToken="BA83FF368B7563C6",Culture="neutral",FileVersion="4.3.12074.17240",ProcessorArchitecture="MSIL" 
1:  2: ActiproSoftware.Ribbon.Wpf,Version="25.1.0.0",PublicKeyToken="36FF2196AB5654B9",Culture="neutral",FileVersion="25.1.0.0",ProcessorArchitecture="MSIL" 
1:  2: ActiproSoftware.Shared.Wpf,Version="25.1.0.0",PublicKeyToken="36FF2196AB5654B9",Culture="neutral",FileVersion="25.1.0.0",ProcessorArchitecture="MSIL" 
1:  2: ActiproSoftware.SyntaxEditor.Addons.DotNet.Wpf,Version="25.1.0.0",PublicKeyToken="36FF2196AB5654B9",Culture="neutral",FileVersion="25.1.0.0",ProcessorArchitecture="MSIL" 
1:  2: ActiproSoftware.SyntaxEditor.Wpf,Version="25.1.0.0",PublicKeyToken="36FF2196AB5654B9",Culture="neutral",FileVersion="25.1.0.0",ProcessorArchitecture="MSIL" 
1:  2: ActiproSoftware.Text.Addons.DotNet.Wpf,Version="25.1.0.0",PublicKeyToken="36FF2196AB5654B9",Culture="neutral",FileVersion="25.1.0.0",ProcessorArchitecture="MSIL" 
1:  2: ActiproSoftware.Text.LLParser.Wpf,Version="25.1.0.0",PublicKeyToken="36FF2196AB5654B9",Culture="neutral",FileVersion="25.1.0.0",ProcessorArchitecture="MSIL" 
1:  2: ActiproSoftware.Text.Wpf,Version="25.1.0.0",PublicKeyToken="36FF2196AB5654B9",Culture="neutral",FileVersion="25.1.0.0",ProcessorArchitecture="MSIL" 
1:  2: C1.Zip,Version="2.0.20202.1",PublicKeyToken="79882D576C6336DA",Culture="neutral",FileVersion="2.0.20202.1",ProcessorArchitecture="MSIL" 
1:  2: IPCServer,Version="29.0.0.0",Culture="neutral",FileVersion="29.0.10172.0",ProcessorArchitecture="Amd64" 
1:  2: MD_CD_PST_Rename,Version="29.0.0.0",Culture="neutral",FileVersion="29.0.10172.0",ProcessorArchitecture="Amd64" 
1:  2: Microsoft.CodeAnalysis.CSharp.Scripting,Version="4.12.0.0",PublicKeyToken="31BF3856AD364E35",Culture="neutral",FileVersion="4.1200.24.57207",ProcessorArchitecture="MSIL" 
1:  2: Microsoft.CodeAnalysis.CSharp,Version="4.12.0.0",PublicKeyToken="31BF3856AD364E35",Culture="neutral",FileVersion="4.1200.24.57207",ProcessorArchitecture="MSIL" 
1:  2: Microsoft.CodeAnalysis.Scripting,Version="4.12.0.0",PublicKeyToken="31BF3856AD364E35",Culture="neutral",FileVersion="4.1200.24.57207",ProcessorArchitecture="MSIL" 
1:  2: Microsoft.CodeAnalysis,Version="4.12.0.0",PublicKeyToken="31BF3856AD364E35",Culture="neutral",FileVersion="4.1200.24.57207",ProcessorArchitecture="MSIL" 
1:  2: Microsoft.Extensions.Configuration.Abstractions,Version="8.0.0.0",PublicKeyToken="ADB9793829DDAE60",Culture="neutral",FileVersion="8.0.23.53103",ProcessorArchitecture="MSIL" 
1:  2: Microsoft.Extensions.Configuration.FileExtensions,Version="8.0.0.0",PublicKeyToken="ADB9793829DDAE60",Culture="neutral",FileVersion="8.0.724.31311",ProcessorArchitecture="MSIL" 
1:  2: Microsoft.Extensions.Configuration.Json,Version="8.0.0.0",PublicKeyToken="ADB9793829DDAE60",Culture="neutral",FileVersion="8.0.1024.46610",ProcessorArchitecture="MSIL" 
1:  2: Microsoft.Extensions.Configuration,Version="8.0.0.0",PublicKeyToken="ADB9793829DDAE60",Culture="neutral",FileVersion="8.0.23.53103",ProcessorArchitecture="MSIL" 
1:  2: Microsoft.Extensions.DependencyInjection.Abstractions,Version="8.0.0.0",PublicKeyToken="ADB9793829DDAE60",Culture="neutral",FileVersion="8.0.1024.46610",ProcessorArchitecture="MSIL" 
1:  2: Microsoft.Extensions.DependencyInjection.Abstractions,Version="8.0.0.0",PublicKeyToken="ADB9793829DDAE60",Culture="neutral",FileVersion="8.0.1024.46610",ProcessorArchitecture="MSIL" 
1:  2: Microsoft.Extensions.DependencyInjection,Version="8.0.0.0",PublicKeyToken="ADB9793829DDAE60",Culture="neutral",FileVersion="8.0.1024.46610",ProcessorArchitecture="MSIL" 
1:  2: Microsoft.Extensions.DependencyInjection,Version="8.0.0.0",PublicKeyToken="ADB9793829DDAE60",Culture="neutral",FileVersion="8.0.1024.46610",ProcessorArchitecture="MSIL" 
1:  2: Microsoft.Extensions.FileProviders.Abstractions,Version="8.0.0.0",PublicKeyToken="ADB9793829DDAE60",Culture="neutral",FileVersion="8.0.23.53103",ProcessorArchitecture="MSIL" 
1:  2: Microsoft.Extensions.FileProviders.Physical,Version="8.0.0.0",PublicKeyToken="ADB9793829DDAE60",Culture="neutral",FileVersion="8.0.23.53103",ProcessorArchitecture="MSIL" 
1:  2: Microsoft.Extensions.FileSystemGlobbing,Version="8.0.0.0",PublicKeyToken="ADB9793829DDAE60",Culture="neutral",FileVersion="8.0.23.53103",ProcessorArchitecture="MSIL" 
1:  2: Microsoft.Extensions.Primitives,Version="8.0.0.0",PublicKeyToken="ADB9793829DDAE60",Culture="neutral",FileVersion="8.0.23.53103",ProcessorArchitecture="MSIL" 
1:  2: Microsoft.Xaml.Behaviors,Version="1.1.0.0",PublicKeyToken="B03F5F7F11D50A3A",Culture="neutral",FileVersion="1.1.19.35512",ProcessorArchitecture="MSIL" 
1:  2: NetScripting,Version="29.0.0.0",Culture="neutral",FileVersion="29.0.10172.0",ProcessorArchitecture="Amd64" 
1:  2: Zip2Go,Version="29.0.0.0",Culture="neutral",FileVersion="29.0.10172.0",ProcessorArchitecture="Amd64" 
1:  2: ActiproSoftware.DataGrid.Contrib.Wpf,Version="25.1.0.0",PublicKeyToken="36FF2196AB5654B9",Culture="neutral",FileVersion="25.1.0.0",ProcessorArchitecture="MSIL" 
1:  2: ActiproSoftware.Editors.Wpf,Version="25.1.0.0",PublicKeyToken="36FF2196AB5654B9",Culture="neutral",FileVersion="25.1.0.0",ProcessorArchitecture="MSIL" 
1:  2: ActiproSoftware.Gauge.Wpf,Version="25.1.0.0",PublicKeyToken="36FF2196AB5654B9",Culture="neutral",FileVersion="25.1.0.0",ProcessorArchitecture="MSIL" 
1:  2: ActiproSoftware.Grids.Wpf,Version="25.1.0.0",PublicKeyToken="36FF2196AB5654B9",Culture="neutral",FileVersion="25.1.0.0",ProcessorArchitecture="MSIL" 
1:  2: ActiproSoftware.Ribbon.Wpf,Version="25.1.0.0",PublicKeyToken="36FF2196AB5654B9",Culture="neutral",FileVersion="25.1.0.0",ProcessorArchitecture="MSIL" 
1:  2: ActiproSoftware.Shared.Wpf,Version="25.1.0.0",PublicKeyToken="36FF2196AB5654B9",Culture="neutral",FileVersion="25.1.0.0",ProcessorArchitecture="MSIL" 
1:  2: ActiproSoftware.Wizard.Wpf,Version="25.1.0.0",PublicKeyToken="36FF2196AB5654B9",Culture="neutral",FileVersion="25.1.0.0",ProcessorArchitecture="MSIL" 
1:  2: CNCSoftware.Controls,Version="29.0.0.0",Culture="neutral",FileVersion="29.0.10172.0",ProcessorArchitecture="Amd64" 
1:  2: CNCSoftware.MVVM,Version="29.0.0.0",Culture="neutral",FileVersion="29.0.10172.0",ProcessorArchitecture="Amd64" 
1:  2: Cnc.ActiproLicensing.Wpf,Version="1.0.0.0",Culture="neutral",FileVersion="1.0.0.0",ProcessorArchitecture="MSIL" 
1:  2: Cnc.Localization.Wpf,Version="29.0.0.0",Culture="neutral",FileVersion="29.0.10172.0",ProcessorArchitecture="Amd64" 
1:  2: JobSetup.Controllers,Version="29.0.0.0",Culture="neutral",FileVersion="29.0.10172.0",ProcessorArchitecture="Amd64" 
1:  2: JobSetup.UI,Version="29.0.0.0",Culture="neutral",FileVersion="29.0.10172.0",ProcessorArchitecture="Amd64" 
1:  2: JobSetup.ViewModels,Version="29.0.0.0",Culture="neutral",FileVersion="29.0.10172.0",ProcessorArchitecture="Amd64" 
1:  2: MCCAD.Controllers,Version="29.0.0.0",Culture="neutral",FileVersion="29.0.10172.0",ProcessorArchitecture="Amd64" 
1:  2: MCCAD.UI,Version="29.0.0.0",Culture="neutral",FileVersion="29.0.10172.0",ProcessorArchitecture="Amd64" 
1:  2: MCCAD.ViewModels,Version="29.0.0.0",Culture="neutral",FileVersion="29.0.10172.0",ProcessorArchitecture="Amd64" 
1:  2: MCCADUtil.Controllers,Version="29.0.0.0",Culture="neutral",FileVersion="29.0.10172.0",ProcessorArchitecture="Amd64" 
1:  2: MCCADUtil.UI,Version="29.0.0.0",Culture="neutral",FileVersion="29.0.10172.0",ProcessorArchitecture="Amd64" 
1:  2: MCCADUtil.ViewModels,Version="29.0.0.0",Culture="neutral",FileVersion="29.0.10172.0",ProcessorArchitecture="Amd64" 
1:  2: MCCore.Controllers,Version="29.0.0.0",Culture="neutral",FileVersion="29.0.10172.0",ProcessorArchitecture="Amd64" 
1:  2: MCCore.UI,Version="29.0.0.0",Culture="neutral",FileVersion="29.0.10172.0",ProcessorArchitecture="Amd64" 
1:  2: MCCore.ViewModels,Version="29.0.0.0",Culture="neutral",FileVersion="29.0.10172.0",ProcessorArchitecture="Amd64" 
1:  2: MCCoreBase.Controllers,Version="29.0.0.0",Culture="neutral",FileVersion="29.0.10172.0",ProcessorArchitecture="Amd64" 
1:  2: MCCoreBase.UI,Version="29.0.0.0",Culture="neutral",FileVersion="29.0.10172.0",ProcessorArchitecture="Amd64" 
1:  2: MCCoreBase.ViewModels,Version="29.0.0.0",Culture="neutral",FileVersion="29.0.10172.0",ProcessorArchitecture="Amd64" 
1:  2: MCGeomSld.Controllers,Version="29.0.0.0",Culture="neutral",FileVersion="29.0.10172.0",ProcessorArchitecture="Amd64" 
1:  2: MCGeomSld.UI,Version="29.0.0.0",Culture="neutral",FileVersion="29.0.10172.0",ProcessorArchitecture="Amd64" 
1:  2: MCGeomSld.ViewModels,Version="29.0.0.0",Culture="neutral",FileVersion="29.0.10172.0",ProcessorArchitecture="Amd64" 
1:  2: MCLathe.Controllers,Version="29.0.0.0",Culture="neutral",FileVersion="29.0.10172.0",ProcessorArchitecture="Amd64" 
1:  2: MCLathe.UI,Version="29.0.0.0",Culture="neutral",FileVersion="29.0.10172.0",ProcessorArchitecture="Amd64" 
1:  2: MCLathe.ViewModels,Version="29.0.0.0",Culture="neutral",FileVersion="29.0.10172.0",ProcessorArchitecture="Amd64" 
1:  2: MCMSurf.Controllers,Version="29.0.0.0",Culture="neutral",FileVersion="29.0.10172.0",ProcessorArchitecture="Amd64" 
1:  2: MCMSurf.UI,Version="29.0.0.0",Culture="neutral",FileVersion="29.0.10172.0",ProcessorArchitecture="Amd64" 
1:  2: MCMSurf.ViewModels,Version="29.0.0.0",Culture="neutral",FileVersion="29.0.10172.0",ProcessorArchitecture="Amd64" 
1:  2: MCMachineDef.Controllers,Version="29.0.0.0",Culture="neutral",FileVersion="29.0.10172.0",ProcessorArchitecture="Amd64" 
1:  2: MCMachineDef.UI,Version="29.0.0.0",Culture="neutral",FileVersion="29.0.10172.0",ProcessorArchitecture="Amd64" 
1:  2: MCMachineDef.ViewModels,Version="29.0.0.0",Culture="neutral",FileVersion="29.0.10172.0",ProcessorArchitecture="Amd64" 
1:  2: MCMill.Controllers,Version="29.0.0.0",Culture="neutral",FileVersion="29.0.10172.0",ProcessorArchitecture="Amd64" 
1:  2: MCMill.UI,Version="29.0.0.0",Culture="neutral",FileVersion="29.0.10172.0",ProcessorArchitecture="Amd64" 
1:  2: MCMill.ViewModels,Version="29.0.0.0",Culture="neutral",FileVersion="29.0.10172.0",ProcessorArchitecture="Amd64" 
1:  2: MCTool.Controllers,Version="29.0.0.0",Culture="neutral",FileVersion="29.0.10172.0",ProcessorArchitecture="Amd64" 
1:  2: MCTool.UI,Version="29.0.0.0",Culture="neutral",FileVersion="29.0.10172.0",ProcessorArchitecture="Amd64" 
1:  2: MCTool.ViewModels,Version="29.0.0.0",Culture="neutral",FileVersion="29.0.10172.0",ProcessorArchitecture="Amd64" 
1:  2: ManagedUI.Controllers,Version="29.0.0.0",Culture="neutral",FileVersion="29.0.10172.0",ProcessorArchitecture="Amd64" 
1:  2: ManagedUI.Interop,Version="29.0.0.0",Culture="neutral",FileVersion="29.0.10172.0",ProcessorArchitecture="Amd64" 
1:  2: ManagedUI.MyMastercam,Version="29.0.0.0",Culture="neutral",FileVersion="29.0.10172.0",ProcessorArchitecture="MSIL" 
1:  2: ManagedUI.Shared,Version="29.0.0.0",Culture="neutral",FileVersion="29.0.10172.0",ProcessorArchitecture="Amd64" 
1:  2: Microsoft.ApplicationInsights,Version="2.22.0.997",PublicKeyToken="31BF3856AD364E35",Culture="neutral",FileVersion="2.22.0.997",ProcessorArchitecture="MSIL" 
1:  2: Microsoft.Extensions.DependencyInjection.Abstractions,Version="8.0.0.0",PublicKeyToken="ADB9793829DDAE60",Culture="neutral",FileVersion="8.0.1024.46610",ProcessorArchitecture="MSIL" 
1:  2: Microsoft.Extensions.Logging.Abstractions,Version="8.0.0.0",PublicKeyToken="ADB9793829DDAE60",Culture="neutral",FileVersion="8.0.1024.46610",ProcessorArchitecture="MSIL" 
1:  2: Microsoft.Web.WebView2.Core,Version="1.0.2849.39",PublicKeyToken="2A8AB48044D2601E",Culture="neutral",FileVersion="1.0.2849.39",ProcessorArchitecture="MSIL" 
1:  2: Microsoft.Web.WebView2.Wpf,Version="1.0.2849.39",PublicKeyToken="2A8AB48044D2601E",Culture="neutral",FileVersion="1.0.2849.39",ProcessorArchitecture="MSIL" 
1:  2: Newtonsoft.Json,Version="13.0.0.0",PublicKeyToken="30AD4FE6B2A6AEED",Culture="neutral",FileVersion="13.0.1.25517",ProcessorArchitecture="MSIL" 
1:  2: XamlAnimatedGif,Version="2.0.0.0",PublicKeyToken="20A987D8023D9690",Culture="neutral",FileVersion="2.3.1.0",ProcessorArchitecture="MSIL" 
1:  2: ActiproSoftware.DataGrid.Contrib.Wpf,Version="25.1.0.0",PublicKeyToken="36FF2196AB5654B9",Culture="neutral",FileVersion="25.1.0.0",ProcessorArchitecture="MSIL" 
1:  2: ActiproSoftware.Docking.Wpf,Version="25.1.0.0",PublicKeyToken="36FF2196AB5654B9",Culture="neutral",FileVersion="25.1.0.0",ProcessorArchitecture="MSIL" 
1:  2: ActiproSoftware.Editors.Interop.DataGrid.Wpf,Version="25.1.0.0",PublicKeyToken="36FF2196AB5654B9",Culture="neutral",FileVersion="25.1.0.0",ProcessorArchitecture="MSIL" 
1:  2: ActiproSoftware.Editors.Wpf,Version="25.1.0.0",PublicKeyToken="36FF2196AB5654B9",Culture="neutral",FileVersion="25.1.0.0",ProcessorArchitecture="MSIL" 
1:  2: ActiproSoftware.Grids.Wpf,Version="25.1.0.0",PublicKeyToken="36FF2196AB5654B9",Culture="neutral",FileVersion="25.1.0.0",ProcessorArchitecture="MSIL" 
1:  2: ActiproSoftware.Ribbon.Wpf,Version="25.1.0.0",PublicKeyToken="36FF2196AB5654B9",Culture="neutral",FileVersion="25.1.0.0",ProcessorArchitecture="MSIL" 
1:  2: ActiproSoftware.Shared.Wpf,Version="25.1.0.0",PublicKeyToken="36FF2196AB5654B9",Culture="neutral",FileVersion="25.1.0.0",ProcessorArchitecture="MSIL" 
1:  2: Microsoft.Xaml.Behaviors,Version="1.1.0.0",PublicKeyToken="B03F5F7F11D50A3A",Culture="neutral",FileVersion="1.1.31.10800",ProcessorArchitecture="MSIL" 
1:  2: OpenTK.GLControl,Version="3.1.0.0",Culture="neutral",FileVersion="3.1.0.0" 
1:  2: OpenTK,Version="3.1.0.0",Culture="neutral",FileVersion="3.1.0.0" 
1:  2: UBVS,Version="2512.2026.527.925",Culture="neutral",FileVersion="2512.2026.527.925",ProcessorArchitecture="Amd64" 
1:  2: UbvsResources,Version="2512.2026.527.925",Culture="neutral",FileVersion="2512.2026.527.925",ProcessorArchitecture="MSIL" 
1:  2: 5axmsurfclr,Version="2512.2026.423.1545",Culture="neutral",FileVersion="2512.2026.423.1545",ProcessorArchitecture="Amd64" 
1:  2: 5axmsurfnet,Version="2512.2026.423.1545",Culture="neutral",FileVersion="2512.2026.423.1545",ProcessorArchitecture="Amd64" 
1:  2: mwEntities,Version="2512.2026.423.1545",PublicKeyToken="1940E54DC9B57D60",Culture="neutral",FileVersion="2512.2026.423.1545",ProcessorArchitecture="Amd64" 
1:  2: mwInterop,Version="2512.2026.423.1545",PublicKeyToken="1940E54DC9B57D60",Culture="neutral",FileVersion="2512.2026.423.1545",ProcessorArchitecture="Amd64" 
1:  2: mwManagedUtil,Version="2512.2026.527.925",Culture="neutral",FileVersion="2512.2026.527.925",ProcessorArchitecture="Amd64" 
1:  2: mwSimStreamManager,Version="0.0.0.0",Culture="neutral",FileVersion="2512.2026.527.925",ProcessorArchitecture="Amd64" 
1:  2: mwUbvsProxy,Version="0.0.0.0",Culture="neutral",FileVersion="2512.2026.527.925",ProcessorArchitecture="Amd64" 
1:  2: Microsoft.VC80.ATL,type="win32",version="8.0.50727.762",publicKeyToken="1fc8b3b9a1e18e3b",processorArchitecture="amd64" 
1:  2: policy.8.0.Microsoft.VC80.ATL,type="win32-policy",version="8.0.50727.762",publicKeyToken="1fc8b3b9a1e18e3b",processorArchitecture="amd64" 
1:  2: Microsoft.VC80.CRT,type="win32",version="8.0.50727.762",publicKeyToken="1fc8b3b9a1e18e3b",processorArchitecture="amd64" 
1:  2: policy.8.0.Microsoft.VC80.CRT,type="win32-policy",version="8.0.50727.762",publicKeyToken="1fc8b3b9a1e18e3b",processorArchitecture="amd64" 
1:  2: Microsoft.VC80.MFC,type="win32",version="8.0.50727.762",publicKeyToken="1fc8b3b9a1e18e3b",processorArchitecture="amd64" 
1:  2: policy.8.0.Microsoft.VC80.MFC,type="win32-policy",version="8.0.50727.762",publicKeyToken="1fc8b3b9a1e18e3b",processorArchitecture="amd64" 
1:  2: Microsoft.VC80.MFCLOC,type="win32",version="8.0.50727.762",publicKeyToken="1fc8b3b9a1e18e3b",processorArchitecture="amd64" 
1:  2: policy.8.0.Microsoft.VC80.MFCLOC,type="win32-policy",version="8.0.50727.762",publicKeyToken="1fc8b3b9a1e18e3b",processorArchitecture="amd64" 
1:  2: Microsoft.VC90.ATL,type="win32",version="9.0.30729.6161",publicKeyToken="1fc8b3b9a1e18e3b",processorArchitecture="amd64" 
1:  2: Microsoft.VC90.CRT,type="win32",version="9.0.30729.6161",publicKeyToken="1fc8b3b9a1e18e3b",processorArchitecture="amd64" 
1:  2: Microsoft.VC90.MFC,type="win32",version="9.0.30729.6161",publicKeyToken="1fc8b3b9a1e18e3b",processorArchitecture="amd64" 
1:  2: Microsoft.VC90.OpenMP,type="win32",version="9.0.30729.6161",publicKeyToken="1fc8b3b9a1e18e3b",processorArchitecture="amd64" 
1:  2: Microsoft.VC80.OpenMP,type="win32",version="8.0.50727.762",publicKeyToken="1fc8b3b9a1e18e3b",processorArchitecture="amd64" 
1:  2: policy.8.0.Microsoft.VC80.OpenMP,type="win32-policy",version="8.0.50727.762",publicKeyToken="1fc8b3b9a1e18e3b",processorArchitecture="amd64" 
1:  2: policy.9.0.Microsoft.VC90.ATL,type="win32-policy",version="9.0.30729.6161",publicKeyToken="1fc8b3b9a1e18e3b",processorArchitecture="amd64" 
1:  2: policy.9.0.Microsoft.VC90.CRT,type="win32-policy",version="9.0.30729.6161",publicKeyToken="1fc8b3b9a1e18e3b",processorArchitecture="amd64" 
1:  2: policy.9.0.Microsoft.VC90.MFC,type="win32-policy",version="9.0.30729.6161",publicKeyToken="1fc8b3b9a1e18e3b",processorArchitecture="amd64" 
1:  2: policy.9.0.Microsoft.VC90.OpenMP,type="win32-policy",version="9.0.30729.6161",publicKeyToken="1fc8b3b9a1e18e3b",processorArchitecture="amd64" 
Action ended 12:09:11: MsiPublishAssemblies. Return value 1.
Action 12:09:11: PublishFeatures. Publishing product features
Action start 12:09:11: PublishFeatures.
Publishing product features...
Publishing product features...
Publishing product features...
Publishing product features...
Publishing product features...
Publishing product features...
Publishing product features...
Publishing product features...
Publishing product features...
Publishing product features...
Publishing product features...
Publishing product features...
Publishing product features...
Publishing product features...
Publishing product features...
Publishing product features...
Publishing product features...
Publishing product features...
Action ended 12:09:11: PublishFeatures. Return value 1.
Action 12:09:11: PublishProduct. Publishing product information
Action start 12:09:11: PublishProduct.
1: {E3A7A159-C187-44D3-93E8-5EF961F4E0DD} 
Action ended 12:09:12: PublishProduct. Return value 1.
Action 12:09:12: RegisterMastercamFiles. 
Action start 12:09:12: RegisterMastercamFiles.
InstallShield 12:09:12: Running InstallScript function f33
InstallShield 12:09:12: Opening stream of file C:\users\asdf\AppData\Local\Temp\msiF10A.tmp
InstallShield 12:09:12: Extracting support file IsConfig.ini to C:\users\asdf\AppData\Local\Temp\{54175AEA-02A0-4D19-89C5-2AB2EA8AA9DE}\IsConfig.ini
InstallShield 12:09:12: Extracted isconfig.ini to C:\users\asdf\AppData\Local\Temp\{54175AEA-02A0-4D19-89C5-2AB2EA8AA9DE}\IsConfig.ini
InstallShield 12:09:12: Got '{09FDC66F-DAA9-4533-B759-FC3CDDD0E777}' for TempPathGuid from isconfig.ini
InstallShield 12:09:12: Using temp folder C:\users\asdf\AppData\Local\Temp\{54175AEA-02A0-4D19-89C5-2AB2EA8AA9DE}\
InstallShield 12:09:12: Installing engine...
InstallShield 12:09:12: Using product language 1033
InstallShield 12:09:12: Extracting support file setup.inx to C:\users\asdf\AppData\Local\Temp\{54175AEA-02A0-4D19-89C5-2AB2EA8AA9DE}\setup.inx
InstallShield 12:09:12: Extracting support file ISRT.dll to C:\users\asdf\AppData\Local\Temp\{54175AEA-02A0-4D19-89C5-2AB2EA8AA9DE}\ISRT.dll
InstallShield 12:09:12: Detected X64 OS
InstallShield 12:09:12: Extracting support file ISBEWX64.exe to C:\users\asdf\AppData\Local\Temp\{54175AEA-02A0-4D19-89C5-2AB2EA8AA9DE}\_is2DEB.exe
InstallShield 12:09:12: Extracting support file _isres_0x0409.dll to C:\users\asdf\AppData\Local\Temp\{54175AEA-02A0-4D19-89C5-2AB2EA8AA9DE}\_isres_0x0409.dll
InstallShield 12:09:12: Extracting support file String1033.txt to C:\users\asdf\AppData\Local\Temp\{54175AEA-02A0-4D19-89C5-2AB2EA8AA9DE}\String1033.txt
InstallShield 12:09:12: Skipping optional support file _isuser_0x0409.dll
InstallShield 12:09:12: Setting script cmdline...
InstallShield 12:09:12: ProductCode is {E3A7A159-C187-44D3-93E8-5EF961F4E0DD}
InstallShield 12:09:12: Initializing Engine
InstallShield 12:09:14: Done Initializing...
InstallShield 12:09:14: Registering Msi Server...
InstallShield 12:09:14: Invoking script function MastercamFilesRegistration
1: Function: MastercamFilesRegistration, begin registering files. nLocation = -1 
1: Function: MastercamFilesRegistration, registering file. commandLine = "C:\Program Files\Common Files\Mastercam\MCPreviewHandler.dll" /s 
1: Function: MastercamFilesRegistration, registering file. commandLine = "C:\Program Files\Common Files\Mastercam\mcview.dll" /s 
1: Function: MastercamFilesRegistration, registering file. commandLine = "C:\Program Files\Common Files\Mastercam\MCIconHandler.dll" /s 
1: Function: MastercamFilesRegistration, instDir = C:\Program Files\Mastercam 2027\ commonDir = C:\Program Files\Common Files\ windowsDir = C:\windows\ registrationParam = /s releaseName = _MAIN 
InstallShield 12:09:16: Returning script function result
InstallShield 12:09:16: CallScriptFunctionFromMsiCA() ends, result 0x0
Action ended 12:09:16: RegisterMastercamFiles. Return value 1.
Action ended 12:09:17: InstallFinalize. Return value 1.
Action 12:09:17: StartCodeMeterService. 
Action start 12:09:17: StartCodeMeterService.
InstallShield 12:09:17: Running InstallScript function f29
InstallShield 12:09:17: Opening stream of file C:\users\asdf\AppData\Local\Temp\msiF10A.tmp
InstallShield 12:09:17: Extracting support file IsConfig.ini to C:\users\asdf\AppData\Local\Temp\{0D346F4C-AC5D-4A2D-841C-F47E7F32EDA7}\IsConfig.ini
InstallShield 12:09:17: Extracted isconfig.ini to C:\users\asdf\AppData\Local\Temp\{0D346F4C-AC5D-4A2D-841C-F47E7F32EDA7}\IsConfig.ini
InstallShield 12:09:17: Got '{09FDC66F-DAA9-4533-B759-FC3CDDD0E777}' for TempPathGuid from isconfig.ini
InstallShield 12:09:17: Using temp folder C:\users\asdf\AppData\Local\Temp\{0D346F4C-AC5D-4A2D-841C-F47E7F32EDA7}\
InstallShield 12:09:17: Installing engine...
InstallShield 12:09:17: Using product language 1033
InstallShield 12:09:17: Extracting support file setup.inx to C:\users\asdf\AppData\Local\Temp\{0D346F4C-AC5D-4A2D-841C-F47E7F32EDA7}\setup.inx
InstallShield 12:09:17: Extracting support file ISRT.dll to C:\users\asdf\AppData\Local\Temp\{0D346F4C-AC5D-4A2D-841C-F47E7F32EDA7}\ISRT.dll
InstallShield 12:09:17: Detected X64 OS
InstallShield 12:09:17: Extracting support file ISBEWX64.exe to C:\users\asdf\AppData\Local\Temp\{0D346F4C-AC5D-4A2D-841C-F47E7F32EDA7}\_is4148.exe
InstallShield 12:09:17: Extracting support file _isres_0x0409.dll to C:\users\asdf\AppData\Local\Temp\{0D346F4C-AC5D-4A2D-841C-F47E7F32EDA7}\_isres_0x0409.dll
InstallShield 12:09:17: Extracting support file String1033.txt to C:\users\asdf\AppData\Local\Temp\{0D346F4C-AC5D-4A2D-841C-F47E7F32EDA7}\String1033.txt
InstallShield 12:09:17: Skipping optional support file _isuser_0x0409.dll
InstallShield 12:09:17: Setting script cmdline...
InstallShield 12:09:17: ProductCode is {E3A7A159-C187-44D3-93E8-5EF961F4E0DD}
InstallShield 12:09:17: Initializing Engine
InstallShield 12:09:19: Done Initializing...
InstallShield 12:09:19: Registering Msi Server...
InstallShield 12:09:19: Invoking script function StartCodeMeterService
InstallShield 12:09:34: Returning script function result
InstallShield 12:09:34: CallScriptFunctionFromMsiCA() ends, result 0x0
Action ended 12:09:34: StartCodeMeterService. Return value 1.
Action 12:09:34: LaunchBatchFile. 
Action start 12:09:34: LaunchBatchFile.
InstallShield 12:09:34: Running InstallScript function f7
InstallShield 12:09:34: Opening stream of file C:\users\asdf\AppData\Local\Temp\msiF10A.tmp
InstallShield 12:09:34: Extracting support file IsConfig.ini to C:\users\asdf\AppData\Local\Temp\{D5763AAE-287E-4D01-B276-E825DC9E348B}\IsConfig.ini
InstallShield 12:09:34: Extracted isconfig.ini to C:\users\asdf\AppData\Local\Temp\{D5763AAE-287E-4D01-B276-E825DC9E348B}\IsConfig.ini
InstallShield 12:09:34: Got '{09FDC66F-DAA9-4533-B759-FC3CDDD0E777}' for TempPathGuid from isconfig.ini
InstallShield 12:09:34: Using temp folder C:\users\asdf\AppData\Local\Temp\{D5763AAE-287E-4D01-B276-E825DC9E348B}\
InstallShield 12:09:34: Installing engine...
InstallShield 12:09:34: Using product language 1033
InstallShield 12:09:34: Extracting support file setup.inx to C:\users\asdf\AppData\Local\Temp\{D5763AAE-287E-4D01-B276-E825DC9E348B}\setup.inx
InstallShield 12:09:34: Extracting support file ISRT.dll to C:\users\asdf\AppData\Local\Temp\{D5763AAE-287E-4D01-B276-E825DC9E348B}\ISRT.dll
InstallShield 12:09:34: Detected X64 OS
InstallShield 12:09:34: Extracting support file ISBEWX64.exe to C:\users\asdf\AppData\Local\Temp\{D5763AAE-287E-4D01-B276-E825DC9E348B}\_is84BF.exe
InstallShield 12:09:34: Extracting support file _isres_0x0409.dll to C:\users\asdf\AppData\Local\Temp\{D5763AAE-287E-4D01-B276-E825DC9E348B}\_isres_0x0409.dll
InstallShield 12:09:34: Extracting support file String1033.txt to C:\users\asdf\AppData\Local\Temp\{D5763AAE-287E-4D01-B276-E825DC9E348B}\String1033.txt
InstallShield 12:09:34: Skipping optional support file _isuser_0x0409.dll
InstallShield 12:09:34: Setting script cmdline...
InstallShield 12:09:34: ProductCode is {E3A7A159-C187-44D3-93E8-5EF961F4E0DD}
InstallShield 12:09:34: Initializing Engine
InstallShield 12:09:36: Done Initializing...
InstallShield 12:09:36: Registering Msi Server...
InstallShield 12:09:36: Invoking script function LaunchBatchFile
1: Function: launchBatchFile, packageFolder = Z:\run\media\asdf\Windows\mastercam-media\mastercam\ sLanguage = en batch_file =  
InstallShield 12:09:36: Returning script function result
InstallShield 12:09:36: CallScriptFunctionFromMsiCA() ends, result 0x0
Action ended 12:09:36: LaunchBatchFile. Return value 1.
Action 12:09:36: ISSetupFilesCleanup. 
Action start 12:09:36: ISSetupFilesCleanup.
Action ended 12:09:36: ISSetupFilesCleanup. Return value 1.
Action ended 12:09:36: INSTALL. Return value 1.
1: Mastercam 2027 2: {E3A7A159-C187-44D3-93E8-5EF961F4E0DD} 3: 1 
Property(S): AdminUser = 1
Property(S): Privileged = 1
Property(S): MsiRunningElevated = 1
Property(S): MsiTrueAdminUser = 1
Property(S): PhysicalMemory = 31043
Property(S): MsiNTProductType = 1
Property(S): WindowsBuild = 9600
Property(S): ServicePackLevel = 0
Property(S): VersionMsi = 5.0
Property(S): VersionDatabase = 500
Property(S): Intel = 6
Property(S): MsiAMD64 = 6
Property(S): Msix64 = 6
Property(S): VersionNT64 = 603
Property(S): ScreenX = 1600
Property(S): ScreenY = 1000
Property(S): ColorBits = 32
Property(S): UserSID = S-1-5-21-0-0-0-1000
Property(S): MsiNetAssemblySupport = 4.6.1590.0
Property(S): UserLanguageID = 1033
Property(S): SystemLanguageID = 1033
Property(S): ProductState = -1
Property(S): LogonUser = asdf
Property(S): ComputerName = ASDF-THINKPAD-E
Property(S): UILevel = 2
Property(S): PackageCode = {5513FBB6-E59B-4358-8728-EAB756786278}
Property(S): DATABASE = C:\windows\Installer\e872.msi
Property(S): OriginalDatabase = Z:\run\media\asdf\Windows\mastercam-media\mastercam\Mastercam_Installer.msi
Property(S): SOURCEDIR = Z:\run\media\asdf\Windows\mastercam-media\mastercam\
Property(S): TRANSFORMS = /run/media/asdf/Windows/mastercam-media/mastercam/1033.mst
Property(S): REBOOT = ReallySuppress
Property(S): ACTION = INSTALL
Property(S): EXECUTEACTION = INSTALL
Property(S): CNC_TIMESTAMP = 10/3/2026 12:07:53
Property(S): CNC_RELEASENAME = _MAIN
Property(S): DiskPrompt = 
Property(S): CNC_PRODUCT_FAMILY_NAME = Mastercam 2027
Property(S): SUPPORTDIR = C:\users\asdf\AppData\Local\Temp\{499B34F8-0D22-4F81-9020-AD503E00E5AA}\
Property(S): ISSETUPFILESCOMPLETED = Completed
Property(S): CNC_ADDON_TIMESTAMP = 10-3-2026-12-08-06
Property(S): DCOMISPRESENT = 1
Property(S): CostingComplete = 1
Property(S): ROOTDRIVE = C:\
Property(S): UpgradeCode = {B6D1AAFC-5EB8-4859-ABB8-AE9489F6FCC4}
Property(S): ProductCode = {E3A7A159-C187-44D3-93E8-5EF961F4E0DD}
Property(S): VersionNT = 603
Property(S): ISLockPermissionsInstall = MACHINE\SOFTWARE\CNC Software\Mastercam 2027\Flags|Registry|ASDF-THINKPAD-E|Everyone|983103|8
Property(S): RegisterMastercamFiles = C:\Program Files\Mastercam 2027\;C:\Program Files\Common Files\;C:\windows\;/s;_MAIN
Property(S): RegisterMastercamFont = C:\windows\Fonts\olf_simplesanscjk_oc.ttf|C:\windows\Fonts\olf_simplesanscjkp_oc.ttf
Property(S): RunNGEN = ;C:\Program Files\Mastercam 2027\
Property(S): UninstallNGEN = ;C:\Program Files\Mastercam 2027\
Property(S): COMMON = C:\Program Files\Mastercam 2027\common\
Property(S): ACADDATA = C:\Program Files\Mastercam 2027\common\AcadData\
Property(S): WIRE_POWER = C:\ProgramData\Mastercam\wire\Power\
Property(S): ACCUTEX = C:\ProgramData\Mastercam\wire\Power\AccuteX\
Property(S): ACIS = C:\Program Files\Mastercam 2027\data\translators\ACIS\
Property(S): TRANSLATORS = C:\Program Files\Mastercam 2027\data\translators\
Property(S): USERDEFAULTS = C:\Program Files\Mastercam 2027\common\UserDefaults\
Property(S): ADD_INS = C:\Program Files\Mastercam 2027\common\UserDefaults\Add-Ins\
Property(S): SHAREDDEFAULTS = C:\ProgramData\Mastercam\
Property(S): ADD_INS1 = C:\ProgramData\Mastercam\Add-Ins\
Property(S): EN_DOCUMENTATION = C:\Program Files\Mastercam 2027\documentation\en\
Property(S): ADMINISTRATORGUIDE = C:\Program Files\Mastercam 2027\documentation\en\AdministratorGuide\
Property(S): TARGETDIR = C:\
Property(S): ALLUSERSPROFILE = C:\ProgramData\
Property(S): AUTODESK = C:\ProgramData\Autodesk\
Property(S): APPLICATIONPLUGINS = C:\ProgramData\Autodesk\ApplicationPlugins\
Property(S): INSTALLDIR = C:\Program Files\Mastercam 2027\
Property(S): APPS = C:\Program Files\Mastercam 2027\apps\
Property(S): ASCII1 = C:\Program Files\Mastercam 2027\data\translators\ASCII\
Property(S): PROE = C:\Program Files\Mastercam 2027\data\translators\ProE\
Property(S): ASM = C:\Program Files\Mastercam 2027\data\translators\ProE\Asm\
Property(S): CHOOKS = C:\Program Files\Mastercam 2027\chooks\
Property(S): ATP = C:\Program Files\Mastercam 2027\chooks\atp\
Property(S): ATP_SHAREDDEFAULTS = C:\ProgramData\Mastercam\ATP\
Property(S): AUTOCAD = C:\Program Files\Mastercam 2027\data\translators\AutoCAD\
Property(S): AUTODESK_INVENTOR = C:\Program Files\Mastercam 2027\data\translators\Autodesk Inventor\
Property(S): AUTOMATEDTESTING = C:\Program Files\Mastercam 2027\AutomatedTesting\
Property(S): AdminToolsFolder = C:\users\asdf\AppData\Roaming\Microsoft\Windows\Start Menu\Programs\Administrative Tools\
Property(S): AppDataFolder = C:\users\asdf\AppData\Roaming\
Property(S): _RDPARTY = C:\Program Files\Mastercam 2027\3rdParty\
Property(S): BCGCBPRO = C:\Program Files\Mastercam 2027\3rdParty\BCGCBPro\
Property(S): FONTS = C:\Program Files\Mastercam 2027\common\Fonts\
Property(S): BLOCK = C:\Program Files\Mastercam 2027\common\Fonts\Block\
Property(S): BOX = C:\Program Files\Mastercam 2027\common\Fonts\Box\
Property(S): CADKEY = C:\Program Files\Mastercam 2027\data\translators\Cadkey\
Property(S): CATIA = C:\Program Files\Mastercam 2027\data\translators\CATIA\
Property(S): CD_COMPARE = C:\Program Files\Mastercam 2027\chooks\CD_Compare\
Property(S): SIMULATOR = C:\Program Files\Mastercam 2027\simulator\
Property(S): CHOOKS1 = C:\Program Files\Mastercam 2027\simulator\chooks\
Property(S): EDITORS = C:\Program Files\Mastercam 2027\common\Editors\
Property(S): CIMCOEDIT = C:\Program Files\Mastercam 2027\common\Editors\CIMCOEdit\
Property(S): CLAMP = C:\Program Files\Mastercam 2027\data\translators\Autodesk Inventor\Clamp\
Property(S): CNC_MACHINES = C:\ProgramData\Mastercam\CNC_MACHINES\
Property(S): CNC_SHAREDDEFAULTS = C:\users\Public\Documents\Shared Mastercam 2027\
Property(S): CommonFiles64Folder = C:\Program Files\Common Files\
Property(S): COMMON64MASTERCAM = C:\Program Files\Common Files\Mastercam\
Property(S): COMMON_SHAREDDEFAULTS = C:\ProgramData\Mastercam\common\
Property(S): CONFIG = C:\Program Files\Mastercam 2027\common\UserDefaults\CONFIG\
Property(S): NGP = C:\Program Files\Mastercam 2027\NGP\
Property(S): CORE = C:\Program Files\Mastercam 2027\NGP\Core\
Property(S): CRASHSERVICE = C:\Program Files\Mastercam 2027\crashservice\
Property(S): HELP = C:\Program Files\Mastercam 2027\help\
Property(S): CS = C:\Program Files\Mastercam 2027\help\cs\
Property(S): DOCUMENTATION = C:\Program Files\Mastercam 2027\documentation\
Property(S): CS1 = C:\Program Files\Mastercam 2027\documentation\cs\
Property(S): CS2 = C:\Program Files\Mastercam 2027\chooks\cs\
Property(S): CS3 = C:\Program Files\Mastercam 2027\cs\
Property(S): ICONS = C:\Program Files\Mastercam 2027\common\Icons\
Property(S): CUSTOMOP = C:\Program Files\Mastercam 2027\common\Icons\CustomOp\
Property(S): CommonAppDataFolder = C:\ProgramData\
Property(S): CommonFilesArmFolder = C:\
Property(S): CommonFilesFolder = C:\Program Files (x86)\Common Files\
Property(S): DATA = C:\Program Files\Mastercam 2027\data\
Property(S): DATA1 = C:\Program Files\Mastercam 2027\data\
Property(S): DATA2 = C:\Program Files\Mastercam 2027\common\UserDefaults\data\
Property(S): ISYourDataBaseDir = C:\Program Files\Mastercam 2027\Database\
Property(S): DATABASEDIR = C:\Program Files\Mastercam 2027\Database\
Property(S): DE = C:\Program Files\Mastercam 2027\documentation\de\
Property(S): DE1 = C:\Program Files\Mastercam 2027\chooks\de\
Property(S): DE2 = C:\Program Files\Mastercam 2027\de\
Property(S): DEFINITIONS = C:\ProgramData\Mastercam\ATP\Definitions\
Property(S): MCX_SAMPLEFILES = C:\Program Files\Mastercam 2027\mcx\
Property(S): DESIGN = C:\Program Files\Mastercam 2027\mcx\design\
Property(S): DESIGN1 = C:\ProgramData\Mastercam\DESIGN\
Property(S): DESIGN_SAMPLES = C:\Program Files\Mastercam 2027\mcx\design\samples\
Property(S): POWERSURFACE = C:\Program Files\Mastercam 2027\chooks\PowerSurface\
Property(S): DEVICES = C:\Program Files\Mastercam 2027\chooks\PowerSurface\Devices\
Property(S): DE_DE1 = C:\Program Files\Mastercam 2027\help\de\
Property(S): DIRECT = C:\Program Files\Mastercam 2027\direct\
Property(S): DOC_FLYOUT_FOLDER_ = C:\DOC_FLYOUT_FOLDER_\
Property(S): FLYOUT_FOLDER_MAIN = C:\users\asdf\AppData\Roaming\Microsoft\Windows\Start Menu\Programs\Mastercam\
Property(S): DOC_FLYOUT_FOLDER_MAIN = C:\users\asdf\AppData\Roaming\Microsoft\Windows\Start Menu\Programs\Mastercam\Documentation\
Property(S): DOC_FLYOUT_FOLDER_RELEASE_NAME_ = C:\DOC_FLYOUT_FOLDER_RELEASE_NAME_\
Property(S): DesktopFolder = C:\users\asdf\Desktop\
Property(S): EDITORS_SHAREDDEFAULTS = C:\ProgramData\Mastercam\common\editors\
Property(S): MACHININGCLOUDIMPORTER = C:\Program Files\Mastercam 2027\chooks\MachiningCloudImporter\
Property(S): EN = C:\Program Files\Mastercam 2027\chooks\MachiningCloudImporter\en\
Property(S): EN1 = C:\Program Files\Mastercam 2027\help\en\
Property(S): MD_CD_PST_RENAME = C:\Program Files\Mastercam 2027\chooks\MD_CD_PST_Rename\
Property(S): EN2 = C:\Program Files\Mastercam 2027\chooks\MD_CD_PST_Rename\en\
Property(S): EN3 = C:\Program Files\Mastercam 2027\chooks\PowerSurface\en\
Property(S): EN4 = C:\Program Files\Mastercam 2027\simulator\en\
Property(S): ENGRAVE = C:\ProgramData\Mastercam\engrave\
Property(S): ENGRAVE_RAST2VEC = C:\ProgramData\Mastercam\engrave\rast2vec\
Property(S): EN_APPS = C:\Program Files\Mastercam 2027\apps\en\
Property(S): EN_ATP = C:\Program Files\Mastercam 2027\chooks\atp\en\
Property(S): EN_CD_COMPARE = C:\Program Files\Mastercam 2027\chooks\CD_Compare\en\
Property(S): EN_CHOOKS = C:\Program Files\Mastercam 2027\chooks\en\
Property(S): EXTENSIONS = C:\Program Files\Mastercam 2027\Extensions\
Property(S): EN_EXTENSIONS = C:\Program Files\Mastercam 2027\Extensions\en\
Property(S): EN_HELP = C:\Program Files\Mastercam 2027\help\en\
Property(S): IMPORTEXPORT = C:\Program Files\Mastercam 2027\importexport\
Property(S): EN_IMPORTEXPORT = C:\Program Files\Mastercam 2027\importexport\en\
Property(S): MANAGEDUI = C:\Program Files\Mastercam 2027\ManagedUI\
Property(S): EN_MANAGEDUI = C:\Program Files\Mastercam 2027\ManagedUI\en\
Property(S): MCNETSCRIPTING = C:\Program Files\Mastercam 2027\chooks\MCNetScripting\
Property(S): EN_NETSCRIPTING = C:\Program Files\Mastercam 2027\chooks\MCNetScripting\en\
Property(S): EN_POWERSURFACE = C:\Program Files\Mastercam 2027\chooks\PowerSurface\en\
Property(S): REPORTS = C:\Program Files\Mastercam 2027\common\reports\
Property(S): EN_REPORTS = C:\Program Files\Mastercam 2027\common\reports\en\
Property(S): EN_ROOT = C:\Program Files\Mastercam 2027\en\
Property(S): EN_SIMULATOR = C:\Program Files\Mastercam 2027\simulator\en\
Property(S): ZIP2GO = C:\Program Files\Mastercam 2027\chooks\Zip2Go\
Property(S): EN_ZIP2GO = C:\Program Files\Mastercam 2027\chooks\Zip2Go\en\
Property(S): EPS = C:\Program Files\Mastercam 2027\data\translators\EPS\
Property(S): ES = C:\Program Files\Mastercam 2027\documentation\es\
Property(S): ES1 = C:\Program Files\Mastercam 2027\chooks\es\
Property(S): ES2 = C:\Program Files\Mastercam 2027\es\
Property(S): ES_ES1 = C:\Program Files\Mastercam 2027\help\es\
Property(S): EVENT_LOGS = C:\Program Files\Mastercam 2027\event logs\
Property(S): FBM = C:\ProgramData\Mastercam\common\FBM\
Property(S): FI = C:\Program Files\Mastercam 2027\fi\
Property(S): ProgramMenuFolder = C:\users\asdf\AppData\Roaming\Microsoft\Windows\Start Menu\Programs\
Property(S): FORMULA = C:\ProgramData\Mastercam\mill\FORMULA\
Property(S): MILL_SHAREDDEFAULTS = C:\ProgramData\Mastercam\mill\
Property(S): FR = C:\Program Files\Mastercam 2027\documentation\fr\
Property(S): FR1 = C:\Program Files\Mastercam 2027\chooks\fr\
Property(S): FR2 = C:\Program Files\Mastercam 2027\fr\
Property(S): FR_FR1 = C:\Program Files\Mastercam 2027\help\fr\
Property(S): FavoritesFolder = C:\users\asdf\Favorites\
Property(S): FontsFolder = C:\windows\Fonts\
Property(S): GLF_FONTS = C:\Program Files\Mastercam 2027\glf fonts\
Property(S): GlobalAssemblyCache = C:\
Property(S): IMG = C:\ProgramData\Mastercam\common\reports\IMG\
Property(S): REPORTS_SHAREDDEFAULTS = C:\ProgramData\Mastercam\common\reports\
Property(S): MCAM = C:\Program Files\mcam\
Property(S): ProgramFilesFolder = C:\Program Files (x86)\
Property(S): INSTALLSHIELD_INSTALLATION_INFORMATION = C:\Program Files (x86)\InstallShield Installation Information\
Property(S): INTERFACES = C:\Program Files\Mastercam 2027\interfaces\
Property(S): IOF = C:\Program Files\Mastercam 2027\common\UserDefaults\Mill Turn\IOF\
Property(S): MILL_TURN1 = C:\Program Files\Mastercam 2027\common\UserDefaults\Mill Turn\
Property(S): ISCommonFilesFolder = C:\Program Files (x86)\Common Files\InstallShield\
Property(S): ISMyCompanyDir = C:\Program Files (x86)\My Company Name\
Property(S): ISMyProductDir = C:\Program Files (x86)\My Company Name\My Product Name\
Property(S): IT = C:\Program Files\Mastercam 2027\it\
Property(S): JA = C:\Program Files\Mastercam 2027\help\ja\
Property(S): JA1 = C:\Program Files\Mastercam 2027\documentation\ja\
Property(S): JA2 = C:\Program Files\Mastercam 2027\chooks\ja\
Property(S): JA3 = C:\Program Files\Mastercam 2027\ja\
Property(S): KO_KR = C:\Program Files\Mastercam 2027\ko-KR\
Property(S): LATHE = C:\Program Files\Mastercam 2027\common\UserDefaults\Lathe\
Property(S): LATHE_SHAREDDEFAULTS = C:\ProgramData\Mastercam\lathe\
Property(S): LATHE_OPS = C:\ProgramData\Mastercam\lathe\Ops\
Property(S): LATHE_POSTS = C:\ProgramData\Mastercam\lathe\Posts\
Property(S): MCX_LATHE = C:\Program Files\Mastercam 2027\mcx\lathe\
Property(S): LATHE_SAMPLES = C:\Program Files\Mastercam 2027\mcx\lathe\samples\
Property(S): LATHE_TOOLS = C:\ProgramData\Mastercam\lathe\Tools\
Property(S): LEVELS = C:\ProgramData\Mastercam\ATP\Levels\
Property(S): LIBX64 = C:\Program Files\Mastercam 2027\3rdParty\BCGCBPro\libx64\
Property(S): LocalAppDataFolder = C:\users\asdf\AppData\Local\
Property(S): MILL_TURN = C:\ProgramData\Mastercam\Mill Turn\
Property(S): MACHINES = C:\ProgramData\Mastercam\Mill Turn\machines\
Property(S): MACHINESIMULATION = C:\ProgramData\Mastercam\MachineSimulation\
Property(S): MILL_TURN_FOR_MT_MACHINES = C:\Program Files\Mastercam 2027\Mill Turn\
Property(S): MACHINES_FOR_MT_MACHINES = C:\Program Files\Mastercam 2027\Mill Turn\machines\
Property(S): MACHSIM1 = C:\ProgramData\Mastercam\MachineSimulation\MachSim\
Property(S): PROBEDATA1 = C:\ProgramData\Mastercam\common\PROBEDATA\
Property(S): MACROS = C:\ProgramData\Mastercam\common\PROBEDATA\Macros\
Property(S): MANAGED = C:\Program Files\Mastercam 2027\crashservice\managed\
Property(S): MASTERCAMBASICS = C:\Program Files\Mastercam 2027\documentation\en\MastercamBasics\
Property(S): MASTERCAM_SHAREDDEFAULTS = C:\ProgramData\Mastercam\common\editors\mastercam\
Property(S): MATERIALS = C:\ProgramData\Mastercam\MATERIALS\
Property(S): ProgramFiles64Folder = C:\Program Files\
Property(S): MCX_MILL = C:\Program Files\Mastercam 2027\mcx\mill\
Property(S): MCX_PROBE_SAMPLES = C:\ProgramData\Mastercam\mcx\
Property(S): MCX_ROUTER = C:\Program Files\Mastercam 2027\mcx\router\
Property(S): MCX_WIRE = C:\Program Files\Mastercam 2027\mcx\wire\
Property(S): MICROMETER___SURFACES_OR_HEAL_SOLID = C:\Program Files\Mastercam 2027\data\translators\ProE\Asm\Micrometer - surfaces or Heal Solid\
Property(S): MILL = C:\Program Files\Mastercam 2027\common\UserDefaults\Mill\
Property(S): REPORTS_SST_SAMPLES = C:\ProgramData\Mastercam\common\reports\SST\Samples\
Property(S): MILLTURN = C:\ProgramData\Mastercam\common\reports\SST\Samples\MillTurn\
Property(S): MILL_OPS = C:\ProgramData\Mastercam\mill\Ops\
Property(S): MILL_POSTS = C:\ProgramData\Mastercam\mill\Posts\
Property(S): MILL_SAMPLES = C:\Program Files\Mastercam 2027\mcx\mill\samples\
Property(S): MILL_SAMPLES_INCH = C:\Program Files\Mastercam 2027\mcx\mill\samples\inch\
Property(S): MILL_SAMPLES_METRIC = C:\Program Files\Mastercam 2027\mcx\mill\samples\metric\
Property(S): MILL_TOOLS = C:\ProgramData\Mastercam\mill\Tools\
Property(S): MISCIMAGES = C:\Program Files\Mastercam 2027\chooks\PowerSurface\Devices\MiscImages\
Property(S): MITS = C:\ProgramData\Mastercam\wire\Power\Mits\
Property(S): MODULEWORKS = C:\ProgramData\Mastercam\ModuleWorks\
Property(S): MODULEWORKS1 = C:\Program Files\Mastercam 2027\3rdParty\ModuleWorks\
Property(S): MSC = C:\ProgramData\Mastercam\common\reports\MSC\
Property(S): MyPicturesFolder = C:\users\asdf\Pictures\
Property(S): NC = C:\Program Files\Mastercam 2027\common\UserDefaults\Lathe\NC\
Property(S): NC1 = C:\Program Files\Mastercam 2027\common\UserDefaults\Mill\NC\
Property(S): ROUTER = C:\Program Files\Mastercam 2027\common\UserDefaults\Router\
Property(S): NC2 = C:\Program Files\Mastercam 2027\common\UserDefaults\Router\NC\
Property(S): WIRE = C:\Program Files\Mastercam 2027\common\UserDefaults\Wire\
Property(S): NC3 = C:\Program Files\Mastercam 2027\common\UserDefaults\Wire\NC\
Property(S): NC5 = C:\Program Files\Mastercam 2027\common\UserDefaults\Mill Turn\NC\
Property(S): NCI = C:\Program Files\Mastercam 2027\common\UserDefaults\Lathe\NCI\
Property(S): NCI1 = C:\Program Files\Mastercam 2027\common\UserDefaults\Mill\NCI\
Property(S): NCI2 = C:\Program Files\Mastercam 2027\common\UserDefaults\Router\NCI\
Property(S): NCI3 = C:\Program Files\Mastercam 2027\common\UserDefaults\Wire\NCI\
Property(S): NESTING = C:\ProgramData\Mastercam\NESTING\
Property(S): NET_SCRIPTS = C:\ProgramData\Mastercam\NET-Scripts\
Property(S): NPL = C:\ProgramData\Mastercam\common\reports\NPL\
Property(S): NST = C:\ProgramData\Mastercam\common\reports\NST\
Property(S): ONSHAPECONNECTCLIENT = C:\Program Files\Mastercam 2027\chooks\OnshapeConnectClient\
Property(S): PARASOLID = C:\Program Files\Mastercam 2027\data\translators\Parasolid\
Property(S): PISTON = C:\Program Files\Mastercam 2027\data\translators\Autodesk Inventor\Piston\
Property(S): PL = C:\Program Files\Mastercam 2027\pl\
Property(S): WIBU_SHARED1 = C:\Program Files (x86)\Common Files\WIBU Shared\
Property(S): PLUGINS1 = C:\Program Files (x86)\Common Files\WIBU Shared\Plugins\
Property(S): WIRE1 = C:\Program Files\Mastercam 2027\wire\
Property(S): POWER = C:\Program Files\Mastercam 2027\wire\power\
Property(S): PRINT_TEMPLATES = C:\Program Files\Mastercam 2027\mcx\Print_Templates\
Property(S): PRM = C:\ProgramData\Mastercam\common\PRM\
Property(S): PROBE_DATABASE = C:\ProgramData\Mastercam\common\PROBEDATA\Probe Database\
Property(S): PRODRILLFOLDER = C:\ProgramData\Mastercam\ProDrill_V5\
Property(S): PRODRILL_PARTS1 = C:\ProgramData\Mastercam\ProDrill_V5\ProDrill_Parts\
Property(S): PROPERTYSHEETS = C:\Program Files\Mastercam 2027\PropertySheets\
Property(S): PRT = C:\Program Files\Mastercam 2027\data\translators\ProE\Prt\
Property(S): PSLDDATA = C:\Program Files\Mastercam 2027\common\PSLDDATA\
Property(S): PT_BR = C:\Program Files\Mastercam 2027\pt-BR\
Property(S): PUBLIC = C:\users\Public\
Property(S): SCRIPT = C:\Program Files\Mastercam 2027\Extensions\Script\
Property(S): PYTHONLIB = C:\Program Files\Mastercam 2027\Extensions\Script\PythonLib\
Property(S): PersonalFolder = C:\users\asdf\Documents\
Property(S): PrimaryVolumePath = C:\
Property(S): ProgramFilesArmFolder = C:\
Property(S): RAST2VEC = C:\Program Files\Mastercam 2027\data\translators\Rast2Vec\
Property(S): REGEN = C:\Program Files\Mastercam 2027\common\UserDefaults\Mill\Regen\
Property(S): SST = C:\ProgramData\Mastercam\common\reports\SST\
Property(S): RESOURCES1 = C:\Program Files\Common Files\Mastercam\resources\
Property(S): RESTAPI = C:\Program Files\Mastercam 2027\chooks\MCNetScripting\RestApi\
Property(S): RHINO = C:\Program Files\Mastercam 2027\data\translators\Rhino\
Property(S): ROMAN = C:\Program Files\Mastercam 2027\common\Fonts\Roman\
Property(S): ROUTER_SHAREDDEFAULTS = C:\ProgramData\Mastercam\router\
Property(S): ROUTER_OPS = C:\ProgramData\Mastercam\router\OPS\
Property(S): ROUTER_POSTS = C:\ProgramData\Mastercam\router\POSTS\
Property(S): ROUTER_SAMPLES = C:\Program Files\Mastercam 2027\mcx\router\samples\
Property(S): ROUTER_TOOLS = C:\ProgramData\Mastercam\router\Tools\
Property(S): SAMPLEFILES = C:\Program Files\Mastercam 2027\samplefiles\
Property(S): SAMPLES_SHARED = C:\SAMPLES_SHARED\
Property(S): SHAREDSAMPLEFILES = C:\SharedSampleFiles\
Property(S): SKETCHUPDATA = C:\Program Files\Mastercam 2027\common\SketchUpData\
Property(S): SLANT = C:\Program Files\Mastercam 2027\common\Fonts\Slant\
Property(S): SOLIDHOLEDATABASE = C:\ProgramData\Mastercam\common\SolidHoleDatabase\
Property(S): SOLIDWORKS = C:\Program Files\Mastercam 2027\data\translators\SolidWorks\
Property(S): SOLID_EDGE = C:\Program Files\Mastercam 2027\data\translators\Solid Edge\
Property(S): SRC = C:\Program Files\Mastercam 2027\3rdParty\BCGCBPro\src\
Property(S): SRC1 = C:\Program Files\Mastercam 2027\3rdParty\ModuleWorks\src\
Property(S): SST_SAMPLES_LATHE = C:\ProgramData\Mastercam\common\reports\SST\Samples\Lathe\
Property(S): SST_SAMPLES_MILL = C:\ProgramData\Mastercam\common\reports\SST\Samples\Mill\
Property(S): SST_SAMPLES_ROUTER = C:\ProgramData\Mastercam\common\reports\SST\Samples\Router\
Property(S): SST_SAMPLES_WIRE = C:\ProgramData\Mastercam\common\reports\SST\Samples\Wire\
Property(S): STEP = C:\Program Files\Mastercam 2027\data\translators\STEP\
Property(S): STL1 = C:\Program Files\Mastercam 2027\data\translators\STL\
Property(S): STRATEGIES = C:\ProgramData\Mastercam\ATP\Strategies\
Property(S): STYLES = C:\Program Files\Mastercam 2027\chooks\PowerSurface\Styles\
Property(S): SUITEGUIDFOLDER = C:\Program Files (x86)\InstallShield Installation Information\{F25E5DEF-DB04-4C91-A400-2CF4E3FC2989}\
Property(S): SUPPORT = C:\Program Files\Mastercam 2027\support\
Property(S): SV = C:\Program Files\Mastercam 2027\sv\
Property(S): SWORKSDATA = C:\Program Files\Mastercam 2027\common\SWORKSDATA\
Property(S): SendToFolder = C:\users\asdf\AppData\Roaming\Microsoft\Windows\SendTo\
Property(S): StartMenuFolder = C:\users\asdf\AppData\Roaming\Microsoft\Windows\Start Menu\
Property(S): StartupFolder = C:\users\asdf\AppData\Roaming\Microsoft\Windows\Start Menu\Programs\StartUp\
Property(S): System16Folder = C:\windows\system32\
Property(S): System64Folder = C:\windows\system32\
Property(S): SystemArmFolder = C:\windows\SysArm32\
Property(S): SystemFolder = C:\windows\syswow64\
Property(S): SourceDir = Z:\run\media\asdf\Windows\mastercam-media\mastercam\
Property(S): TEMP = C:\Program Files\Mastercam 2027\common\TEMP\
Property(S): TEMPLATE = C:\ProgramData\Mastercam\router\Template\
Property(S): TOOLDATA = C:\ProgramData\Mastercam\common\ToolData\
Property(S): TOOLS = C:\ProgramData\Mastercam\Mill Turn\tools\
Property(S): TR = C:\Program Files\Mastercam 2027\tr\
Property(S): TempFolder = C:\users\asdf\AppData\Local\Temp\
Property(S): TemplateFolder = C:\users\asdf\AppData\Roaming\Microsoft\Windows\Templates\
Property(S): UBVS = C:\ProgramData\Mastercam\MachineSimulation\UBVS\
Property(S): USERHOLESTANDARDS = C:\ProgramData\Mastercam\common\SolidHoleDatabase\UserHoleStandards\
Property(S): USERPROFILE = C:\users\asdf\
Property(S): UTILITIES = C:\Program Files\Mastercam 2027\common\utilities\
Property(S): UTILITIES_FLYOUT_FOLDER_MAIN = C:\users\asdf\AppData\Roaming\Microsoft\Windows\Start Menu\Programs\Mastercam\Utilities\
Property(S): VDA = C:\Program Files\Mastercam 2027\data\translators\VDA\
Property(S): WIBU_SHARED = C:\Program Files\Common Files\WIBU Shared\
Property(S): WINMAIN = C:\Program Files (x86)\Common Files\winmain\
Property(S): WIRE_SHAREDDEFAULTS = C:\ProgramData\Mastercam\wire\
Property(S): WIRE_OPS = C:\ProgramData\Mastercam\wire\Ops\
Property(S): WIRE_POSTS = C:\ProgramData\Mastercam\wire\Posts\
Property(S): WIRE_SAMPLES = C:\Program Files\Mastercam 2027\mcx\wire\samples\
Property(S): WindowsFolder = C:\windows\
Property(S): WindowsVolume = C:\
Property(S): X64 = C:\Program Files\Mastercam 2027\direct\x64\
Property(S): X641 = C:\Program Files\Mastercam 2027\x64\
Property(S): XML_SHAREDDEFAULTS = C:\ProgramData\Mastercam\common\reports\XML\
Property(S): ZH_CN = C:\Program Files\Mastercam 2027\zh-CN\
Property(S): ZH_TW = C:\Program Files\Mastercam 2027\zh-TW\
Property(S): _HOLESTANDARDS = C:\ProgramData\Mastercam\common\SolidHoleDatabase\.HoleStandards\
Property(S): _MFDATA = C:\Program Files\Mastercam 2027\common\3MFData\
Property(S): __ASM___SURFACES = C:\Program Files\Mastercam 2027\data\translators\ProE\Asm\3 asm - surfaces\
Property(S): _3DF4B74546DE4BAEBB0D6BADAB0B5F34 = C:\Program Files\Mastercam 2027\common\Editors\CIMCOEdit\Dll\
Property(S): _AE407A30896848448E1A8B87E658B890 = C:\Program Files\Mastercam 2027\common\Editors\CIMCOEdit\Help\
Property(S): _EBD7D62855DE405D8F3689B1B1096759 = C:\Program Files\Mastercam 2027\common\Editors\CIMCOEdit\Msg\
Property(S): _811D61571ACD4C1AA03998E6FC84DCC5 = C:\Program Files\Mastercam 2027\common\Editors\CIMCOEdit\Msg\External\
Property(S): _F4BE3E5895604AB58D15E29D3AE063BD = C:\Program Files\Mastercam 2027\common\Editors\CIMCOEdit\Protocols\
Property(S): _1973C3B0FA29479AB4C8D4C10FAF0DCD = C:\Program Files\Mastercam 2027\common\Editors\CIMCOEdit\Sys\
Property(S): _91BB51FB0BDA498CB7CA59F93E016E37 = C:\Program Files\Mastercam 2027\common\Editors\CIMCOEdit\Templates\
Property(S): WinSxsDirectory.837BF1EB_D770_94EB_FF1F_C8B3B9A1E18E = C:\windows\winsxs\
Property(S): payload_ul.837BF1EB_D770_94EB_FF1F_C8B3B9A1E18E = C:\windows\winsxs\amd64_microsoft.vc80.atl_1fc8b3b9a1e18e3b_8.0.50727.762_none_ca3f79d486b08636\
Property(S): payload.837BF1EB_D770_94EB_FF1F_C8B3B9A1E18E = C:\windows\winsxs\amd64_Microsoft.VC80.ATL_1fc8b3b9a1e18e3b_8.0.50727.42_x-ww_a08a3e21\
Property(S): WinSxsManifests.837BF1EB_D770_94EB_FF1F_C8B3B9A1E18E = C:\windows\winsxs\Manifests\
Property(S): WindowsFolder.837BF1EB_D770_94EB_FF1F_C8B3B9A1E18E = C:\windows\
Property(S): SystemFolder.837BF1EB_D770_94EB_FF1F_C8B3B9A1E18E = C:\windows\syswow64\
Property(S): WinSxsPolicies.837BF1EB_D770_94EB_FF1F_C8B3B9A1E18E = C:\windows\winsxs\Policies\
Property(S): policydir.837BF1EB_D770_94EB_FF1F_C8B3B9A1E18E = C:\windows\winsxs\Policies\amd64_Microsoft.VC80.ATL_1fc8b3b9a1e18e3b_x-ww_8b30cde6\
Property(S): policydir_ul.837BF1EB_D770_94EB_FF1F_C8B3B9A1E18E = C:\windows\winsxs\amd64_Microsoft.VC80.ATL_1fc8b3b9a1e18e3b_8.0.50727.762_x-ww_fdbc5a54\
Property(S): payload.8.0.50727.89.837BF1EB_D770_94EB_FF1F_C8B3B9A1E18E = C:\windows\winsxs\amd64_Microsoft.VC80.ATL_1fc8b3b9a1e18e3b_8.0.50727.89_x-ww_a08e3f24\
Property(S): payload.8.0.50727.93.837BF1EB_D770_94EB_FF1F_C8B3B9A1E18E = C:\windows\winsxs\amd64_Microsoft.VC80.ATL_1fc8b3b9a1e18e3b_8.0.50727.93_x-ww_a08f3f5d\
Property(S): policydir.8.0.50727.89.837BF1EB_D770_94EB_FF1F_C8B3B9A1E18E = C:\windows\winsxs\Policies\amd64_Microsoft.VC80.ATL_1fc8b3b9a1e18e3b_x-ww_8b30cde6\
Property(S): payload.8.0.50727.94.837BF1EB_D770_94EB_FF1F_C8B3B9A1E18E = C:\windows\winsxs\amd64_Microsoft.VC80.ATL_1fc8b3b9a1e18e3b_8.0.50727.94_x-ww_a08f3f5e\
Property(S): policydir.8.0.50727.93.837BF1EB_D770_94EB_FF1F_C8B3B9A1E18E = C:\windows\winsxs\Policies\amd64_Microsoft.VC80.ATL_1fc8b3b9a1e18e3b_x-ww_8b30cde6\
Property(S): policydir.8.0.50727.94.837BF1EB_D770_94EB_FF1F_C8B3B9A1E18E = C:\windows\winsxs\Policies\amd64_Microsoft.VC80.ATL_1fc8b3b9a1e18e3b_x-ww_8b30cde6\
Property(S): payload.8.0.50727.95.837BF1EB_D770_94EB_FF1F_C8B3B9A1E18E = C:\windows\winsxs\amd64_Microsoft.VC80.ATL_1fc8b3b9a1e18e3b_8.0.50727.95_x-ww_a08f3f5f\
Property(S): payload.8.0.50727.96.837BF1EB_D770_94EB_FF1F_C8B3B9A1E18E = C:\windows\winsxs\amd64_Microsoft.VC80.ATL_1fc8b3b9a1e18e3b_8.0.50727.96_x-ww_a08f3f60\
Property(S): policydir.8.0.50727.95.837BF1EB_D770_94EB_FF1F_C8B3B9A1E18E = C:\windows\winsxs\Policies\amd64_Microsoft.VC80.ATL_1fc8b3b9a1e18e3b_x-ww_8b30cde6\
Property(S): payload.8.0.50727.97.837BF1EB_D770_94EB_FF1F_C8B3B9A1E18E = C:\windows\winsxs\amd64_Microsoft.VC80.ATL_1fc8b3b9a1e18e3b_8.0.50727.97_x-ww_a08f3f61\
Property(S): policydir.8.0.50727.96.837BF1EB_D770_94EB_FF1F_C8B3B9A1E18E = C:\windows\winsxs\Policies\amd64_Microsoft.VC80.ATL_1fc8b3b9a1e18e3b_x-ww_8b30cde6\
Property(S): payload.8.0.50727.98.837BF1EB_D770_94EB_FF1F_C8B3B9A1E18E = C:\windows\winsxs\amd64_Microsoft.VC80.ATL_1fc8b3b9a1e18e3b_8.0.50727.98_x-ww_a08f3f62\
Property(S): policydir.8.0.50727.97.837BF1EB_D770_94EB_FF1F_C8B3B9A1E18E = C:\windows\winsxs\Policies\amd64_Microsoft.VC80.ATL_1fc8b3b9a1e18e3b_x-ww_8b30cde6\
Property(S): payload.8.0.50727.99.837BF1EB_D770_94EB_FF1F_C8B3B9A1E18E = C:\windows\winsxs\amd64_Microsoft.VC80.ATL_1fc8b3b9a1e18e3b_8.0.50727.99_x-ww_a08f3f63\
Property(S): policydir.8.0.50727.98.837BF1EB_D770_94EB_FF1F_C8B3B9A1E18E = C:\windows\winsxs\Policies\amd64_Microsoft.VC80.ATL_1fc8b3b9a1e18e3b_x-ww_8b30cde6\
Property(S): payload.8.0.50727.100.837BF1EB_D770_94EB_FF1F_C8B3B9A1E18E = C:\windows\winsxs\amd64_Microsoft.VC80.ATL_1fc8b3b9a1e18e3b_8.0.50727.100_x-ww_fac1fbd2\
Property(S): policydir.8.0.50727.99.837BF1EB_D770_94EB_FF1F_C8B3B9A1E18E = C:\windows\winsxs\Policies\amd64_Microsoft.VC80.ATL_1fc8b3b9a1e18e3b_x-ww_8b30cde6\
Property(S): payload.8.0.50727.101.837BF1EB_D770_94EB_FF1F_C8B3B9A1E18E = C:\windows\winsxs\amd64_Microsoft.VC80.ATL_1fc8b3b9a1e18e3b_8.0.50727.101_x-ww_fac1fbd3\
Property(S): policydir.8.0.50727.100.837BF1EB_D770_94EB_FF1F_C8B3B9A1E18E = C:\windows\winsxs\Policies\amd64_Microsoft.VC80.ATL_1fc8b3b9a1e18e3b_x-ww_8b30cde6\
Property(S): payload.8.0.50727.103.837BF1EB_D770_94EB_FF1F_C8B3B9A1E18E = C:\windows\winsxs\amd64_Microsoft.VC80.ATL_1fc8b3b9a1e18e3b_8.0.50727.103_x-ww_fac1fbd5\
Property(S): policydir.8.0.50727.101.837BF1EB_D770_94EB_FF1F_C8B3B9A1E18E = C:\windows\winsxs\Policies\amd64_Microsoft.VC80.ATL_1fc8b3b9a1e18e3b_x-ww_8b30cde6\
Property(S): payload.8.0.50727.104.837BF1EB_D770_94EB_FF1F_C8B3B9A1E18E = C:\windows\winsxs\amd64_Microsoft.VC80.ATL_1fc8b3b9a1e18e3b_8.0.50727.104_x-ww_fac1fbd6\
Property(S): policydir.8.0.50727.103.837BF1EB_D770_94EB_FF1F_C8B3B9A1E18E = C:\windows\winsxs\Policies\amd64_Microsoft.VC80.ATL_1fc8b3b9a1e18e3b_x-ww_8b30cde6\
Property(S): payload.8.0.50727.193.837BF1EB_D770_94EB_FF1F_C8B3B9A1E18E = C:\windows\winsxs\amd64_Microsoft.VC80.ATL_1fc8b3b9a1e18e3b_8.0.50727.193_x-ww_facafe0c\
Property(S): policydir.8.0.50727.104.837BF1EB_D770_94EB_FF1F_C8B3B9A1E18E = C:\windows\winsxs\Policies\amd64_Microsoft.VC80.ATL_1fc8b3b9a1e18e3b_x-ww_8b30cde6\
Property(S): payload.8.0.50727.762.837BF1EB_D770_94EB_FF1F_C8B3B9A1E18E = C:\windows\winsxs\amd64_Microsoft.VC80.ATL_1fc8b3b9a1e18e3b_8.0.50727.762_x-ww_fdbc5a54\
Property(S): policydir.8.0.50727.193.837BF1EB_D770_94EB_FF1F_C8B3B9A1E18E = C:\windows\winsxs\Policies\amd64_Microsoft.VC80.ATL_1fc8b3b9a1e18e3b_x-ww_8b30cde6\
Property(S): policydir.8.0.50727.762.837BF1EB_D770_94EB_FF1F_C8B3B9A1E18E = C:\windows\winsxs\Policies\amd64_Microsoft.VC80.ATL_1fc8b3b9a1e18e3b_x-ww_8b30cde6\
Property(S): ALLUSERS = 1
Property(S): WinSxsDirectory.51B6FD4C_6551_1104_FF1F_C8B3B9A1E18E = C:\windows\winsxs\
Property(S): payload_ul.51B6FD4C_6551_1104_FF1F_C8B3B9A1E18E = C:\windows\winsxs\amd64_policy.8.0.microsoft.vc80.atl_1fc8b3b9a1e18e3b_8.0.50727.762_none_465807b554eb9197\
Property(S): WinSxsPolicies.51B6FD4C_6551_1104_FF1F_C8B3B9A1E18E = C:\windows\winsxs\Policies\
Property(S): policydir.51B6FD4C_6551_1104_FF1F_C8B3B9A1E18E = C:\windows\winsxs\Policies\amd64_policy.8.0.Microsoft.VC80.ATL_1fc8b3b9a1e18e3b_x-ww_beca5f1f\
Property(S): WindowsFolder.51B6FD4C_6551_1104_FF1F_C8B3B9A1E18E = C:\windows\
Property(S): SystemFolder.51B6FD4C_6551_1104_FF1F_C8B3B9A1E18E = C:\windows\syswow64\
Property(S): WinSxsManifests.51B6FD4C_6551_1104_FF1F_C8B3B9A1E18E = C:\windows\winsxs\Manifests\
Property(S): payload.51B6FD4C_6551_1104_FF1F_C8B3B9A1E18E = C:\windows\winsxs\amd64_policy.8.0.Microsoft.VC80.ATL_1fc8b3b9a1e18e3b_8.0.50727.42_x-ww_e48dfb28\
Property(S): policydir.8.0.50727.103.51B6FD4C_6551_1104_FF1F_C8B3B9A1E18E = C:\windows\winsxs\Policies\amd64_policy.8.0.Microsoft.VC80.ATL_1fc8b3b9a1e18e3b_x-ww_beca5f1f\
Property(S): policydir.8.0.50727.96.51B6FD4C_6551_1104_FF1F_C8B3B9A1E18E = C:\windows\winsxs\Policies\amd64_policy.8.0.Microsoft.VC80.ATL_1fc8b3b9a1e18e3b_x-ww_beca5f1f\
Property(S): policydir_ul.51B6FD4C_6551_1104_FF1F_C8B3B9A1E18E = C:\windows\winsxs\amd64_policy.8.0.Microsoft.VC80.ATL_1fc8b3b9a1e18e3b_8.0.50727.762_x-ww_41c0175b\
Property(S): policydir.8.0.50727.94.51B6FD4C_6551_1104_FF1F_C8B3B9A1E18E = C:\windows\winsxs\Policies\amd64_policy.8.0.Microsoft.VC80.ATL_1fc8b3b9a1e18e3b_x-ww_beca5f1f\
Property(S): policydir.8.0.50727.89.51B6FD4C_6551_1104_FF1F_C8B3B9A1E18E = C:\windows\winsxs\Policies\amd64_policy.8.0.Microsoft.VC80.ATL_1fc8b3b9a1e18e3b_x-ww_beca5f1f\
Property(S): policydir.8.0.50727.95.51B6FD4C_6551_1104_FF1F_C8B3B9A1E18E = C:\windows\winsxs\Policies\amd64_policy.8.0.Microsoft.VC80.ATL_1fc8b3b9a1e18e3b_x-ww_beca5f1f\
Property(S): policydir.8.0.50727.100.51B6FD4C_6551_1104_FF1F_C8B3B9A1E18E = C:\windows\winsxs\Policies\amd64_policy.8.0.Microsoft.VC80.ATL_1fc8b3b9a1e18e3b_x-ww_beca5f1f\
Property(S): policydir.8.0.50727.93.51B6FD4C_6551_1104_FF1F_C8B3B9A1E18E = C:\windows\winsxs\Policies\amd64_policy.8.0.Microsoft.VC80.ATL_1fc8b3b9a1e18e3b_x-ww_beca5f1f\
Property(S): payload.8.0.50727.94.51B6FD4C_6551_1104_FF1F_C8B3B9A1E18E = C:\windows\winsxs\amd64_policy.8.0.Microsoft.VC80.ATL_1fc8b3b9a1e18e3b_8.0.50727.94_x-ww_e492fc65\
Property(S): policydir.8.0.50727.193.51B6FD4C_6551_1104_FF1F_C8B3B9A1E18E = C:\windows\winsxs\Policies\amd64_policy.8.0.Microsoft.VC80.ATL_1fc8b3b9a1e18e3b_x-ww_beca5f1f\
Property(S): policydir.8.0.50727.98.51B6FD4C_6551_1104_FF1F_C8B3B9A1E18E = C:\windows\winsxs\Policies\amd64_policy.8.0.Microsoft.VC80.ATL_1fc8b3b9a1e18e3b_x-ww_beca5f1f\
Property(S): payload.8.0.50727.89.51B6FD4C_6551_1104_FF1F_C8B3B9A1E18E = C:\windows\winsxs\amd64_policy.8.0.Microsoft.VC80.ATL_1fc8b3b9a1e18e3b_8.0.50727.89_x-ww_e491fc2b\
Property(S): policydir.8.0.50727.104.51B6FD4C_6551_1104_FF1F_C8B3B9A1E18E = C:\windows\winsxs\Policies\amd64_policy.8.0.Microsoft.VC80.ATL_1fc8b3b9a1e18e3b_x-ww_beca5f1f\
Property(S): payload.8.0.50727.93.51B6FD4C_6551_1104_FF1F_C8B3B9A1E18E = C:\windows\winsxs\amd64_policy.8.0.Microsoft.VC80.ATL_1fc8b3b9a1e18e3b_8.0.50727.93_x-ww_e492fc64\
Property(S): policydir.8.0.50727.99.51B6FD4C_6551_1104_FF1F_C8B3B9A1E18E = C:\windows\winsxs\Policies\amd64_policy.8.0.Microsoft.VC80.ATL_1fc8b3b9a1e18e3b_x-ww_beca5f1f\
Property(S): policydir.8.0.50727.101.51B6FD4C_6551_1104_FF1F_C8B3B9A1E18E = C:\windows\winsxs\Policies\amd64_policy.8.0.Microsoft.VC80.ATL_1fc8b3b9a1e18e3b_x-ww_beca5f1f\
Property(S): policydir.8.0.50727.97.51B6FD4C_6551_1104_FF1F_C8B3B9A1E18E = C:\windows\winsxs\Policies\amd64_policy.8.0.Microsoft.VC80.ATL_1fc8b3b9a1e18e3b_x-ww_beca5f1f\
Property(S): payload.8.0.50727.95.51B6FD4C_6551_1104_FF1F_C8B3B9A1E18E = C:\windows\winsxs\amd64_policy.8.0.Microsoft.VC80.ATL_1fc8b3b9a1e18e3b_8.0.50727.95_x-ww_e492fc66\
Property(S): payload.8.0.50727.96.51B6FD4C_6551_1104_FF1F_C8B3B9A1E18E = C:\windows\winsxs\amd64_policy.8.0.Microsoft.VC80.ATL_1fc8b3b9a1e18e3b_8.0.50727.96_x-ww_e492fc67\
Property(S): policydir.8.0.50727.762.51B6FD4C_6551_1104_FF1F_C8B3B9A1E18E = C:\windows\winsxs\Policies\amd64_policy.8.0.Microsoft.VC80.ATL_1fc8b3b9a1e18e3b_x-ww_beca5f1f\
Property(S): payload.8.0.50727.97.51B6FD4C_6551_1104_FF1F_C8B3B9A1E18E = C:\windows\winsxs\amd64_policy.8.0.Microsoft.VC80.ATL_1fc8b3b9a1e18e3b_8.0.50727.97_x-ww_e492fc68\
Property(S): payload.8.0.50727.98.51B6FD4C_6551_1104_FF1F_C8B3B9A1E18E = C:\windows\winsxs\amd64_policy.8.0.Microsoft.VC80.ATL_1fc8b3b9a1e18e3b_8.0.50727.98_x-ww_e492fc69\
Property(S): payload.8.0.50727.99.51B6FD4C_6551_1104_FF1F_C8B3B9A1E18E = C:\windows\winsxs\amd64_policy.8.0.Microsoft.VC80.ATL_1fc8b3b9a1e18e3b_8.0.50727.99_x-ww_e492fc6a\
Property(S): payload.8.0.50727.100.51B6FD4C_6551_1104_FF1F_C8B3B9A1E18E = C:\windows\winsxs\amd64_policy.8.0.Microsoft.VC80.ATL_1fc8b3b9a1e18e3b_8.0.50727.100_x-ww_3ec5b8d9\
Property(S): payload.8.0.50727.101.51B6FD4C_6551_1104_FF1F_C8B3B9A1E18E = C:\windows\winsxs\amd64_policy.8.0.Microsoft.VC80.ATL_1fc8b3b9a1e18e3b_8.0.50727.101_x-ww_3ec5b8da\
Property(S): payload.8.0.50727.103.51B6FD4C_6551_1104_FF1F_C8B3B9A1E18E = C:\windows\winsxs\amd64_policy.8.0.Microsoft.VC80.ATL_1fc8b3b9a1e18e3b_8.0.50727.103_x-ww_3ec5b8dc\
Property(S): payload.8.0.50727.104.51B6FD4C_6551_1104_FF1F_C8B3B9A1E18E = C:\windows\winsxs\amd64_policy.8.0.Microsoft.VC80.ATL_1fc8b3b9a1e18e3b_8.0.50727.104_x-ww_3ec5b8dd\
Property(S): payload.8.0.50727.193.51B6FD4C_6551_1104_FF1F_C8B3B9A1E18E = C:\windows\winsxs\amd64_policy.8.0.Microsoft.VC80.ATL_1fc8b3b9a1e18e3b_8.0.50727.193_x-ww_3ecebb13\
Property(S): payload.8.0.50727.762.51B6FD4C_6551_1104_FF1F_C8B3B9A1E18E = C:\windows\winsxs\amd64_policy.8.0.Microsoft.VC80.ATL_1fc8b3b9a1e18e3b_8.0.50727.762_x-ww_41c0175b\
Property(S): WinSxsPolicies.844EFBA7_1C24_93B2_FF1F_C8B3B9A1E18E = C:\windows\winsxs\Policies\
Property(S): policydir.8.0.50727.93.844EFBA7_1C24_93B2_FF1F_C8B3B9A1E18E = C:\windows\winsxs\Policies\amd64_Microsoft.VC80.CRT_1fc8b3b9a1e18e3b_x-ww_a3e7585a\
Property(S): WinSxsDirectory.844EFBA7_1C24_93B2_FF1F_C8B3B9A1E18E = C:\windows\winsxs\
Property(S): payload_ul.844EFBA7_1C24_93B2_FF1F_C8B3B9A1E18E = C:\windows\winsxs\amd64_microsoft.vc80.crt_1fc8b3b9a1e18e3b_8.0.50727.762_none_c905be8887838ff2\
Property(S): payload.844EFBA7_1C24_93B2_FF1F_C8B3B9A1E18E = C:\windows\winsxs\amd64_Microsoft.VC80.CRT_1fc8b3b9a1e18e3b_8.0.50727.42_x-ww_3fea50ad\
Property(S): WinSxsManifests.844EFBA7_1C24_93B2_FF1F_C8B3B9A1E18E = C:\windows\winsxs\Manifests\
Property(S): WindowsFolder.844EFBA7_1C24_93B2_FF1F_C8B3B9A1E18E = C:\windows\
Property(S): SystemFolder.844EFBA7_1C24_93B2_FF1F_C8B3B9A1E18E = C:\windows\syswow64\
Property(S): policydir.844EFBA7_1C24_93B2_FF1F_C8B3B9A1E18E = C:\windows\winsxs\Policies\amd64_Microsoft.VC80.CRT_1fc8b3b9a1e18e3b_x-ww_a3e7585a\
Property(S): policydir.8.0.50727.95.844EFBA7_1C24_93B2_FF1F_C8B3B9A1E18E = C:\windows\winsxs\Policies\amd64_Microsoft.VC80.CRT_1fc8b3b9a1e18e3b_x-ww_a3e7585a\
Property(S): policydir.8.0.50727.94.844EFBA7_1C24_93B2_FF1F_C8B3B9A1E18E = C:\windows\winsxs\Policies\amd64_Microsoft.VC80.CRT_1fc8b3b9a1e18e3b_x-ww_a3e7585a\
Property(S): policydir_ul.844EFBA7_1C24_93B2_FF1F_C8B3B9A1E18E = C:\windows\winsxs\amd64_Microsoft.VC80.CRT_1fc8b3b9a1e18e3b_8.0.50727.762_x-ww_9d1c6ce0\
Property(S): policydir.8.0.50727.97.844EFBA7_1C24_93B2_FF1F_C8B3B9A1E18E = C:\windows\winsxs\Policies\amd64_Microsoft.VC80.CRT_1fc8b3b9a1e18e3b_x-ww_a3e7585a\
Property(S): payload.8.0.50727.89.844EFBA7_1C24_93B2_FF1F_C8B3B9A1E18E = C:\windows\winsxs\amd64_Microsoft.VC80.CRT_1fc8b3b9a1e18e3b_8.0.50727.89_x-ww_3fee51b0\
Property(S): policydir.8.0.50727.96.844EFBA7_1C24_93B2_FF1F_C8B3B9A1E18E = C:\windows\winsxs\Policies\amd64_Microsoft.VC80.CRT_1fc8b3b9a1e18e3b_x-ww_a3e7585a\
Property(S): payload.8.0.50727.93.844EFBA7_1C24_93B2_FF1F_C8B3B9A1E18E = C:\windows\winsxs\amd64_Microsoft.VC80.CRT_1fc8b3b9a1e18e3b_8.0.50727.93_x-ww_3fef51e9\
Property(S): policydir.8.0.50727.98.844EFBA7_1C24_93B2_FF1F_C8B3B9A1E18E = C:\windows\winsxs\Policies\amd64_Microsoft.VC80.CRT_1fc8b3b9a1e18e3b_x-ww_a3e7585a\
Property(S): policydir.8.0.50727.89.844EFBA7_1C24_93B2_FF1F_C8B3B9A1E18E = C:\windows\winsxs\Policies\amd64_Microsoft.VC80.CRT_1fc8b3b9a1e18e3b_x-ww_a3e7585a\
Property(S): payload.8.0.50727.95.844EFBA7_1C24_93B2_FF1F_C8B3B9A1E18E = C:\windows\winsxs\amd64_Microsoft.VC80.CRT_1fc8b3b9a1e18e3b_8.0.50727.95_x-ww_3fef51eb\
Property(S): payload.8.0.50727.94.844EFBA7_1C24_93B2_FF1F_C8B3B9A1E18E = C:\windows\winsxs\amd64_Microsoft.VC80.CRT_1fc8b3b9a1e18e3b_8.0.50727.94_x-ww_3fef51ea\
Property(S): policydir.8.0.50727.101.844EFBA7_1C24_93B2_FF1F_C8B3B9A1E18E = C:\windows\winsxs\Policies\amd64_Microsoft.VC80.CRT_1fc8b3b9a1e18e3b_x-ww_a3e7585a\
Property(S): policydir.8.0.50727.99.844EFBA7_1C24_93B2_FF1F_C8B3B9A1E18E = C:\windows\winsxs\Policies\amd64_Microsoft.VC80.CRT_1fc8b3b9a1e18e3b_x-ww_a3e7585a\
Property(S): policydir.8.0.50727.100.844EFBA7_1C24_93B2_FF1F_C8B3B9A1E18E = C:\windows\winsxs\Policies\amd64_Microsoft.VC80.CRT_1fc8b3b9a1e18e3b_x-ww_a3e7585a\
Property(S): policydir.8.0.50727.103.844EFBA7_1C24_93B2_FF1F_C8B3B9A1E18E = C:\windows\winsxs\Policies\amd64_Microsoft.VC80.CRT_1fc8b3b9a1e18e3b_x-ww_a3e7585a\
Property(S): payload.8.0.50727.96.844EFBA7_1C24_93B2_FF1F_C8B3B9A1E18E = C:\windows\winsxs\amd64_Microsoft.VC80.CRT_1fc8b3b9a1e18e3b_8.0.50727.96_x-ww_3fef51ec\
Property(S): policydir.8.0.50727.104.844EFBA7_1C24_93B2_FF1F_C8B3B9A1E18E = C:\windows\winsxs\Policies\amd64_Microsoft.VC80.CRT_1fc8b3b9a1e18e3b_x-ww_a3e7585a\
Property(S): payload.8.0.50727.97.844EFBA7_1C24_93B2_FF1F_C8B3B9A1E18E = C:\windows\winsxs\amd64_Microsoft.VC80.CRT_1fc8b3b9a1e18e3b_8.0.50727.97_x-ww_3fef51ed\
Property(S): policydir.8.0.50727.762.844EFBA7_1C24_93B2_FF1F_C8B3B9A1E18E = C:\windows\winsxs\Policies\amd64_Microsoft.VC80.CRT_1fc8b3b9a1e18e3b_x-ww_a3e7585a\
Property(S): payload.8.0.50727.98.844EFBA7_1C24_93B2_FF1F_C8B3B9A1E18E = C:\windows\winsxs\amd64_Microsoft.VC80.CRT_1fc8b3b9a1e18e3b_8.0.50727.98_x-ww_3fef51ee\
Property(S): payload.8.0.50727.99.844EFBA7_1C24_93B2_FF1F_C8B3B9A1E18E = C:\windows\winsxs\amd64_Microsoft.VC80.CRT_1fc8b3b9a1e18e3b_8.0.50727.99_x-ww_3fef51ef\
Property(S): payload.8.0.50727.100.844EFBA7_1C24_93B2_FF1F_C8B3B9A1E18E = C:\windows\winsxs\amd64_Microsoft.VC80.CRT_1fc8b3b9a1e18e3b_8.0.50727.100_x-ww_9a220e5e\
Property(S): payload.8.0.50727.101.844EFBA7_1C24_93B2_FF1F_C8B3B9A1E18E = C:\windows\winsxs\amd64_Microsoft.VC80.CRT_1fc8b3b9a1e18e3b_8.0.50727.101_x-ww_9a220e5f\
Property(S): policydir.8.0.50727.193.844EFBA7_1C24_93B2_FF1F_C8B3B9A1E18E = C:\windows\winsxs\Policies\amd64_Microsoft.VC80.CRT_1fc8b3b9a1e18e3b_x-ww_a3e7585a\
Property(S): payload.8.0.50727.103.844EFBA7_1C24_93B2_FF1F_C8B3B9A1E18E = C:\windows\winsxs\amd64_Microsoft.VC80.CRT_1fc8b3b9a1e18e3b_8.0.50727.103_x-ww_9a220e61\
Property(S): payload.8.0.50727.104.844EFBA7_1C24_93B2_FF1F_C8B3B9A1E18E = C:\windows\winsxs\amd64_Microsoft.VC80.CRT_1fc8b3b9a1e18e3b_8.0.50727.104_x-ww_9a220e62\
Property(S): payload.8.0.50727.762.844EFBA7_1C24_93B2_FF1F_C8B3B9A1E18E = C:\windows\winsxs\amd64_Microsoft.VC80.CRT_1fc8b3b9a1e18e3b_8.0.50727.762_x-ww_9d1c6ce0\
Property(S): payload.8.0.50727.193.844EFBA7_1C24_93B2_FF1F_C8B3B9A1E18E = C:\windows\winsxs\amd64_Microsoft.VC80.CRT_1fc8b3b9a1e18e3b_8.0.50727.193_x-ww_9a2b1098\
Property(S): WinSxsDirectory.4F6D20F0_CCE5_1492_FF1F_C8B3B9A1E18E = C:\windows\winsxs\
Property(S): payload_ul.4F6D20F0_CCE5_1492_FF1F_C8B3B9A1E18E = C:\windows\winsxs\amd64_policy.8.0.microsoft.vc80.crt_1fc8b3b9a1e18e3b_8.0.50727.762_none_49e66f4952a1b53b\
Property(S): WinSxsPolicies.4F6D20F0_CCE5_1492_FF1F_C8B3B9A1E18E = C:\windows\winsxs\Policies\
Property(S): policydir.4F6D20F0_CCE5_1492_FF1F_C8B3B9A1E18E = C:\windows\winsxs\Policies\amd64_policy.8.0.Microsoft.VC80.CRT_1fc8b3b9a1e18e3b_x-ww_d780e993\
Property(S): WindowsFolder.4F6D20F0_CCE5_1492_FF1F_C8B3B9A1E18E = C:\windows\
Property(S): SystemFolder.4F6D20F0_CCE5_1492_FF1F_C8B3B9A1E18E = C:\windows\syswow64\
Property(S): WinSxsManifests.4F6D20F0_CCE5_1492_FF1F_C8B3B9A1E18E = C:\windows\winsxs\Manifests\
Property(S): payload.4F6D20F0_CCE5_1492_FF1F_C8B3B9A1E18E = C:\windows\winsxs\amd64_policy.8.0.Microsoft.VC80.CRT_1fc8b3b9a1e18e3b_8.0.50727.42_x-ww_83ee0db4\
Property(S): policydir.8.0.50727.103.4F6D20F0_CCE5_1492_FF1F_C8B3B9A1E18E = C:\windows\winsxs\Policies\amd64_policy.8.0.Microsoft.VC80.CRT_1fc8b3b9a1e18e3b_x-ww_d780e993\
Property(S): policydir.8.0.50727.96.4F6D20F0_CCE5_1492_FF1F_C8B3B9A1E18E = C:\windows\winsxs\Policies\amd64_policy.8.0.Microsoft.VC80.CRT_1fc8b3b9a1e18e3b_x-ww_d780e993\
Property(S): policydir_ul.4F6D20F0_CCE5_1492_FF1F_C8B3B9A1E18E = C:\windows\winsxs\amd64_policy.8.0.Microsoft.VC80.CRT_1fc8b3b9a1e18e3b_8.0.50727.762_x-ww_e12029e7\
Property(S): policydir.8.0.50727.94.4F6D20F0_CCE5_1492_FF1F_C8B3B9A1E18E = C:\windows\winsxs\Policies\amd64_policy.8.0.Microsoft.VC80.CRT_1fc8b3b9a1e18e3b_x-ww_d780e993\
Property(S): policydir.8.0.50727.89.4F6D20F0_CCE5_1492_FF1F_C8B3B9A1E18E = C:\windows\winsxs\Policies\amd64_policy.8.0.Microsoft.VC80.CRT_1fc8b3b9a1e18e3b_x-ww_d780e993\
Property(S): policydir.8.0.50727.95.4F6D20F0_CCE5_1492_FF1F_C8B3B9A1E18E = C:\windows\winsxs\Policies\amd64_policy.8.0.Microsoft.VC80.CRT_1fc8b3b9a1e18e3b_x-ww_d780e993\
Property(S): policydir.8.0.50727.100.4F6D20F0_CCE5_1492_FF1F_C8B3B9A1E18E = C:\windows\winsxs\Policies\amd64_policy.8.0.Microsoft.VC80.CRT_1fc8b3b9a1e18e3b_x-ww_d780e993\
Property(S): policydir.8.0.50727.93.4F6D20F0_CCE5_1492_FF1F_C8B3B9A1E18E = C:\windows\winsxs\Policies\amd64_policy.8.0.Microsoft.VC80.CRT_1fc8b3b9a1e18e3b_x-ww_d780e993\
Property(S): payload.8.0.50727.94.4F6D20F0_CCE5_1492_FF1F_C8B3B9A1E18E = C:\windows\winsxs\amd64_policy.8.0.Microsoft.VC80.CRT_1fc8b3b9a1e18e3b_8.0.50727.94_x-ww_83f30ef1\
Property(S): policydir.8.0.50727.193.4F6D20F0_CCE5_1492_FF1F_C8B3B9A1E18E = C:\windows\winsxs\Policies\amd64_policy.8.0.Microsoft.VC80.CRT_1fc8b3b9a1e18e3b_x-ww_d780e993\
Property(S): policydir.8.0.50727.98.4F6D20F0_CCE5_1492_FF1F_C8B3B9A1E18E = C:\windows\winsxs\Policies\amd64_policy.8.0.Microsoft.VC80.CRT_1fc8b3b9a1e18e3b_x-ww_d780e993\
Property(S): payload.8.0.50727.89.4F6D20F0_CCE5_1492_FF1F_C8B3B9A1E18E = C:\windows\winsxs\amd64_policy.8.0.Microsoft.VC80.CRT_1fc8b3b9a1e18e3b_8.0.50727.89_x-ww_83f20eb7\
Property(S): policydir.8.0.50727.104.4F6D20F0_CCE5_1492_FF1F_C8B3B9A1E18E = C:\windows\winsxs\Policies\amd64_policy.8.0.Microsoft.VC80.CRT_1fc8b3b9a1e18e3b_x-ww_d780e993\
Property(S): payload.8.0.50727.93.4F6D20F0_CCE5_1492_FF1F_C8B3B9A1E18E = C:\windows\winsxs\amd64_policy.8.0.Microsoft.VC80.CRT_1fc8b3b9a1e18e3b_8.0.50727.93_x-ww_83f30ef0\
Property(S): policydir.8.0.50727.99.4F6D20F0_CCE5_1492_FF1F_C8B3B9A1E18E = C:\windows\winsxs\Policies\amd64_policy.8.0.Microsoft.VC80.CRT_1fc8b3b9a1e18e3b_x-ww_d780e993\
Property(S): policydir.8.0.50727.101.4F6D20F0_CCE5_1492_FF1F_C8B3B9A1E18E = C:\windows\winsxs\Policies\amd64_policy.8.0.Microsoft.VC80.CRT_1fc8b3b9a1e18e3b_x-ww_d780e993\
Property(S): policydir.8.0.50727.97.4F6D20F0_CCE5_1492_FF1F_C8B3B9A1E18E = C:\windows\winsxs\Policies\amd64_policy.8.0.Microsoft.VC80.CRT_1fc8b3b9a1e18e3b_x-ww_d780e993\
Property(S): payload.8.0.50727.95.4F6D20F0_CCE5_1492_FF1F_C8B3B9A1E18E = C:\windows\winsxs\amd64_policy.8.0.Microsoft.VC80.CRT_1fc8b3b9a1e18e3b_8.0.50727.95_x-ww_83f30ef2\
Property(S): payload.8.0.50727.96.4F6D20F0_CCE5_1492_FF1F_C8B3B9A1E18E = C:\windows\winsxs\amd64_policy.8.0.Microsoft.VC80.CRT_1fc8b3b9a1e18e3b_8.0.50727.96_x-ww_83f30ef3\
Property(S): policydir.8.0.50727.762.4F6D20F0_CCE5_1492_FF1F_C8B3B9A1E18E = C:\windows\winsxs\Policies\amd64_policy.8.0.Microsoft.VC80.CRT_1fc8b3b9a1e18e3b_x-ww_d780e993\
Property(S): payload.8.0.50727.97.4F6D20F0_CCE5_1492_FF1F_C8B3B9A1E18E = C:\windows\winsxs\amd64_policy.8.0.Microsoft.VC80.CRT_1fc8b3b9a1e18e3b_8.0.50727.97_x-ww_83f30ef4\
Property(S): payload.8.0.50727.98.4F6D20F0_CCE5_1492_FF1F_C8B3B9A1E18E = C:\windows\winsxs\amd64_policy.8.0.Microsoft.VC80.CRT_1fc8b3b9a1e18e3b_8.0.50727.98_x-ww_83f30ef5\
Property(S): payload.8.0.50727.99.4F6D20F0_CCE5_1492_FF1F_C8B3B9A1E18E = C:\windows\winsxs\amd64_policy.8.0.Microsoft.VC80.CRT_1fc8b3b9a1e18e3b_8.0.50727.99_x-ww_83f30ef6\
Property(S): payload.8.0.50727.100.4F6D20F0_CCE5_1492_FF1F_C8B3B9A1E18E = C:\windows\winsxs\amd64_policy.8.0.Microsoft.VC80.CRT_1fc8b3b9a1e18e3b_8.0.50727.100_x-ww_de25cb65\
Property(S): payload.8.0.50727.101.4F6D20F0_CCE5_1492_FF1F_C8B3B9A1E18E = C:\windows\winsxs\amd64_policy.8.0.Microsoft.VC80.CRT_1fc8b3b9a1e18e3b_8.0.50727.101_x-ww_de25cb66\
Property(S): payload.8.0.50727.103.4F6D20F0_CCE5_1492_FF1F_C8B3B9A1E18E = C:\windows\winsxs\amd64_policy.8.0.Microsoft.VC80.CRT_1fc8b3b9a1e18e3b_8.0.50727.103_x-ww_de25cb68\
Property(S): payload.8.0.50727.104.4F6D20F0_CCE5_1492_FF1F_C8B3B9A1E18E = C:\windows\winsxs\amd64_policy.8.0.Microsoft.VC80.CRT_1fc8b3b9a1e18e3b_8.0.50727.104_x-ww_de25cb69\
Property(S): payload.8.0.50727.193.4F6D20F0_CCE5_1492_FF1F_C8B3B9A1E18E = C:\windows\winsxs\amd64_policy.8.0.Microsoft.VC80.CRT_1fc8b3b9a1e18e3b_8.0.50727.193_x-ww_de2ecd9f\
Property(S): payload.8.0.50727.762.4F6D20F0_CCE5_1492_FF1F_C8B3B9A1E18E = C:\windows\winsxs\amd64_policy.8.0.Microsoft.VC80.CRT_1fc8b3b9a1e18e3b_8.0.50727.762_x-ww_e12029e7\
Property(S): WinSxsDirectory.8731EA9C_B0D8_8F16_FF1F_C8B3B9A1E18E = C:\windows\winsxs\
Property(S): payload_ul.8731EA9C_B0D8_8F16_FF1F_C8B3B9A1E18E = C:\windows\winsxs\amd64_microsoft.vc80.mfc_1fc8b3b9a1e18e3b_8.0.50727.762_none_c46a533c8a667ee7\
Property(S): payload.8731EA9C_B0D8_8F16_FF1F_C8B3B9A1E18E = C:\windows\winsxs\amd64_Microsoft.VC80.MFC_1fc8b3b9a1e18e3b_8.0.50727.42_x-ww_10d0c3b2\
Property(S): WinSxsManifests.8731EA9C_B0D8_8F16_FF1F_C8B3B9A1E18E = C:\windows\winsxs\Manifests\
Property(S): WindowsFolder.8731EA9C_B0D8_8F16_FF1F_C8B3B9A1E18E = C:\windows\
Property(S): SystemFolder.8731EA9C_B0D8_8F16_FF1F_C8B3B9A1E18E = C:\windows\syswow64\
Property(S): WinSxsPolicies.8731EA9C_B0D8_8F16_FF1F_C8B3B9A1E18E = C:\windows\winsxs\Policies\
Property(S): policydir.8731EA9C_B0D8_8F16_FF1F_C8B3B9A1E18E = C:\windows\winsxs\Policies\amd64_Microsoft.VC80.MFC_1fc8b3b9a1e18e3b_x-ww_3b9ad415\
Property(S): policydir_ul.8731EA9C_B0D8_8F16_FF1F_C8B3B9A1E18E = C:\windows\winsxs\amd64_Microsoft.VC80.MFC_1fc8b3b9a1e18e3b_8.0.50727.762_x-ww_6e02dfe5\
Property(S): policydir.8.0.50727.100.8731EA9C_B0D8_8F16_FF1F_C8B3B9A1E18E = C:\windows\winsxs\Policies\amd64_Microsoft.VC80.MFC_1fc8b3b9a1e18e3b_x-ww_3b9ad415\
Property(S): policydir.8.0.50727.99.8731EA9C_B0D8_8F16_FF1F_C8B3B9A1E18E = C:\windows\winsxs\Policies\amd64_Microsoft.VC80.MFC_1fc8b3b9a1e18e3b_x-ww_3b9ad415\
Property(S): policydir.8.0.50727.89.8731EA9C_B0D8_8F16_FF1F_C8B3B9A1E18E = C:\windows\winsxs\Policies\amd64_Microsoft.VC80.MFC_1fc8b3b9a1e18e3b_x-ww_3b9ad415\
Property(S): policydir.8.0.50727.93.8731EA9C_B0D8_8F16_FF1F_C8B3B9A1E18E = C:\windows\winsxs\Policies\amd64_Microsoft.VC80.MFC_1fc8b3b9a1e18e3b_x-ww_3b9ad415\
Property(S): policydir.8.0.50727.95.8731EA9C_B0D8_8F16_FF1F_C8B3B9A1E18E = C:\windows\winsxs\Policies\amd64_Microsoft.VC80.MFC_1fc8b3b9a1e18e3b_x-ww_3b9ad415\
Property(S): policydir.8.0.50727.96.8731EA9C_B0D8_8F16_FF1F_C8B3B9A1E18E = C:\windows\winsxs\Policies\amd64_Microsoft.VC80.MFC_1fc8b3b9a1e18e3b_x-ww_3b9ad415\
Property(S): policydir.8.0.50727.94.8731EA9C_B0D8_8F16_FF1F_C8B3B9A1E18E = C:\windows\winsxs\Policies\amd64_Microsoft.VC80.MFC_1fc8b3b9a1e18e3b_x-ww_3b9ad415\
Property(S): payload.8.0.50727.89.8731EA9C_B0D8_8F16_FF1F_C8B3B9A1E18E = C:\windows\winsxs\amd64_Microsoft.VC80.MFC_1fc8b3b9a1e18e3b_8.0.50727.89_x-ww_10d4c4b5\
Property(S): policydir.8.0.50727.762.8731EA9C_B0D8_8F16_FF1F_C8B3B9A1E18E = C:\windows\winsxs\Policies\amd64_Microsoft.VC80.MFC_1fc8b3b9a1e18e3b_x-ww_3b9ad415\
Property(S): payload.8.0.50727.93.8731EA9C_B0D8_8F16_FF1F_C8B3B9A1E18E = C:\windows\winsxs\amd64_Microsoft.VC80.MFC_1fc8b3b9a1e18e3b_8.0.50727.93_x-ww_10d5c4ee\
Property(S): policydir.8.0.50727.98.8731EA9C_B0D8_8F16_FF1F_C8B3B9A1E18E = C:\windows\winsxs\Policies\amd64_Microsoft.VC80.MFC_1fc8b3b9a1e18e3b_x-ww_3b9ad415\
Property(S): policydir.8.0.50727.101.8731EA9C_B0D8_8F16_FF1F_C8B3B9A1E18E = C:\windows\winsxs\Policies\amd64_Microsoft.VC80.MFC_1fc8b3b9a1e18e3b_x-ww_3b9ad415\
Property(S): policydir.8.0.50727.97.8731EA9C_B0D8_8F16_FF1F_C8B3B9A1E18E = C:\windows\winsxs\Policies\amd64_Microsoft.VC80.MFC_1fc8b3b9a1e18e3b_x-ww_3b9ad415\
Property(S): payload.8.0.50727.94.8731EA9C_B0D8_8F16_FF1F_C8B3B9A1E18E = C:\windows\winsxs\amd64_Microsoft.VC80.MFC_1fc8b3b9a1e18e3b_8.0.50727.94_x-ww_10d5c4ef\
Property(S): payload.8.0.50727.95.8731EA9C_B0D8_8F16_FF1F_C8B3B9A1E18E = C:\windows\winsxs\amd64_Microsoft.VC80.MFC_1fc8b3b9a1e18e3b_8.0.50727.95_x-ww_10d5c4f0\
Property(S): policydir.8.0.50727.103.8731EA9C_B0D8_8F16_FF1F_C8B3B9A1E18E = C:\windows\winsxs\Policies\amd64_Microsoft.VC80.MFC_1fc8b3b9a1e18e3b_x-ww_3b9ad415\
Property(S): payload.8.0.50727.96.8731EA9C_B0D8_8F16_FF1F_C8B3B9A1E18E = C:\windows\winsxs\amd64_Microsoft.VC80.MFC_1fc8b3b9a1e18e3b_8.0.50727.96_x-ww_10d5c4f1\
Property(S): policydir.8.0.50727.104.8731EA9C_B0D8_8F16_FF1F_C8B3B9A1E18E = C:\windows\winsxs\Policies\amd64_Microsoft.VC80.MFC_1fc8b3b9a1e18e3b_x-ww_3b9ad415\
Property(S): payload.8.0.50727.97.8731EA9C_B0D8_8F16_FF1F_C8B3B9A1E18E = C:\windows\winsxs\amd64_Microsoft.VC80.MFC_1fc8b3b9a1e18e3b_8.0.50727.97_x-ww_10d5c4f2\
Property(S): payload.8.0.50727.98.8731EA9C_B0D8_8F16_FF1F_C8B3B9A1E18E = C:\windows\winsxs\amd64_Microsoft.VC80.MFC_1fc8b3b9a1e18e3b_8.0.50727.98_x-ww_10d5c4f3\
Property(S): payload.8.0.50727.99.8731EA9C_B0D8_8F16_FF1F_C8B3B9A1E18E = C:\windows\winsxs\amd64_Microsoft.VC80.MFC_1fc8b3b9a1e18e3b_8.0.50727.99_x-ww_10d5c4f4\
Property(S): payload.8.0.50727.100.8731EA9C_B0D8_8F16_FF1F_C8B3B9A1E18E = C:\windows\winsxs\amd64_Microsoft.VC80.MFC_1fc8b3b9a1e18e3b_8.0.50727.100_x-ww_6b088163\
Property(S): payload.8.0.50727.101.8731EA9C_B0D8_8F16_FF1F_C8B3B9A1E18E = C:\windows\winsxs\amd64_Microsoft.VC80.MFC_1fc8b3b9a1e18e3b_8.0.50727.101_x-ww_6b088164\
Property(S): policydir.8.0.50727.193.8731EA9C_B0D8_8F16_FF1F_C8B3B9A1E18E = C:\windows\winsxs\Policies\amd64_Microsoft.VC80.MFC_1fc8b3b9a1e18e3b_x-ww_3b9ad415\
Property(S): payload.8.0.50727.103.8731EA9C_B0D8_8F16_FF1F_C8B3B9A1E18E = C:\windows\winsxs\amd64_Microsoft.VC80.MFC_1fc8b3b9a1e18e3b_8.0.50727.103_x-ww_6b088166\
Property(S): payload.8.0.50727.104.8731EA9C_B0D8_8F16_FF1F_C8B3B9A1E18E = C:\windows\winsxs\amd64_Microsoft.VC80.MFC_1fc8b3b9a1e18e3b_8.0.50727.104_x-ww_6b088167\
Property(S): payload.8.0.50727.193.8731EA9C_B0D8_8F16_FF1F_C8B3B9A1E18E = C:\windows\winsxs\amd64_Microsoft.VC80.MFC_1fc8b3b9a1e18e3b_8.0.50727.193_x-ww_6b11839d\
Property(S): payload.8.0.50727.762.8731EA9C_B0D8_8F16_FF1F_C8B3B9A1E18E = C:\windows\winsxs\amd64_Microsoft.VC80.MFC_1fc8b3b9a1e18e3b_8.0.50727.762_x-ww_6e02dfe5\
Property(S): WinSxsDirectory.543B9DD3_E71B_0D13_FF1F_C8B3B9A1E18E = C:\windows\winsxs\
Property(S): payload_ul.543B9DD3_E71B_0D13_FF1F_C8B3B9A1E18E = C:\windows\winsxs\amd64_policy.8.0.microsoft.vc80.mfc_1fc8b3b9a1e18e3b_8.0.50727.762_none_4267897f5770321e\
Property(S): WinSxsPolicies.543B9DD3_E71B_0D13_FF1F_C8B3B9A1E18E = C:\windows\winsxs\Policies\
Property(S): policydir.543B9DD3_E71B_0D13_FF1F_C8B3B9A1E18E = C:\windows\winsxs\Policies\amd64_policy.8.0.Microsoft.VC80.MFC_1fc8b3b9a1e18e3b_x-ww_6f34654e\
Property(S): WindowsFolder.543B9DD3_E71B_0D13_FF1F_C8B3B9A1E18E = C:\windows\
Property(S): SystemFolder.543B9DD3_E71B_0D13_FF1F_C8B3B9A1E18E = C:\windows\syswow64\
Property(S): WinSxsManifests.543B9DD3_E71B_0D13_FF1F_C8B3B9A1E18E = C:\windows\winsxs\Manifests\
Property(S): payload.543B9DD3_E71B_0D13_FF1F_C8B3B9A1E18E = C:\windows\winsxs\amd64_policy.8.0.Microsoft.VC80.MFC_1fc8b3b9a1e18e3b_8.0.50727.42_x-ww_54d480b9\
Property(S): policydir.8.0.50727.103.543B9DD3_E71B_0D13_FF1F_C8B3B9A1E18E = C:\windows\winsxs\Policies\amd64_policy.8.0.Microsoft.VC80.MFC_1fc8b3b9a1e18e3b_x-ww_6f34654e\
Property(S): policydir.8.0.50727.96.543B9DD3_E71B_0D13_FF1F_C8B3B9A1E18E = C:\windows\winsxs\Policies\amd64_policy.8.0.Microsoft.VC80.MFC_1fc8b3b9a1e18e3b_x-ww_6f34654e\
Property(S): policydir_ul.543B9DD3_E71B_0D13_FF1F_C8B3B9A1E18E = C:\windows\winsxs\amd64_policy.8.0.Microsoft.VC80.MFC_1fc8b3b9a1e18e3b_8.0.50727.762_x-ww_b2069cec\
Property(S): policydir.8.0.50727.94.543B9DD3_E71B_0D13_FF1F_C8B3B9A1E18E = C:\windows\winsxs\Policies\amd64_policy.8.0.Microsoft.VC80.MFC_1fc8b3b9a1e18e3b_x-ww_6f34654e\
Property(S): policydir.8.0.50727.89.543B9DD3_E71B_0D13_FF1F_C8B3B9A1E18E = C:\windows\winsxs\Policies\amd64_policy.8.0.Microsoft.VC80.MFC_1fc8b3b9a1e18e3b_x-ww_6f34654e\
Property(S): policydir.8.0.50727.95.543B9DD3_E71B_0D13_FF1F_C8B3B9A1E18E = C:\windows\winsxs\Policies\amd64_policy.8.0.Microsoft.VC80.MFC_1fc8b3b9a1e18e3b_x-ww_6f34654e\
Property(S): policydir.8.0.50727.100.543B9DD3_E71B_0D13_FF1F_C8B3B9A1E18E = C:\windows\winsxs\Policies\amd64_policy.8.0.Microsoft.VC80.MFC_1fc8b3b9a1e18e3b_x-ww_6f34654e\
Property(S): policydir.8.0.50727.93.543B9DD3_E71B_0D13_FF1F_C8B3B9A1E18E = C:\windows\winsxs\Policies\amd64_policy.8.0.Microsoft.VC80.MFC_1fc8b3b9a1e18e3b_x-ww_6f34654e\
Property(S): payload.8.0.50727.94.543B9DD3_E71B_0D13_FF1F_C8B3B9A1E18E = C:\windows\winsxs\amd64_policy.8.0.Microsoft.VC80.MFC_1fc8b3b9a1e18e3b_8.0.50727.94_x-ww_54d981f6\
Property(S): policydir.8.0.50727.193.543B9DD3_E71B_0D13_FF1F_C8B3B9A1E18E = C:\windows\winsxs\Policies\amd64_policy.8.0.Microsoft.VC80.MFC_1fc8b3b9a1e18e3b_x-ww_6f34654e\
Property(S): policydir.8.0.50727.98.543B9DD3_E71B_0D13_FF1F_C8B3B9A1E18E = C:\windows\winsxs\Policies\amd64_policy.8.0.Microsoft.VC80.MFC_1fc8b3b9a1e18e3b_x-ww_6f34654e\
Property(S): payload.8.0.50727.89.543B9DD3_E71B_0D13_FF1F_C8B3B9A1E18E = C:\windows\winsxs\amd64_policy.8.0.Microsoft.VC80.MFC_1fc8b3b9a1e18e3b_8.0.50727.89_x-ww_54d881bc\
Property(S): policydir.8.0.50727.104.543B9DD3_E71B_0D13_FF1F_C8B3B9A1E18E = C:\windows\winsxs\Policies\amd64_policy.8.0.Microsoft.VC80.MFC_1fc8b3b9a1e18e3b_x-ww_6f34654e\
Property(S): payload.8.0.50727.93.543B9DD3_E71B_0D13_FF1F_C8B3B9A1E18E = C:\windows\winsxs\amd64_policy.8.0.Microsoft.VC80.MFC_1fc8b3b9a1e18e3b_8.0.50727.93_x-ww_54d981f5\
Property(S): policydir.8.0.50727.99.543B9DD3_E71B_0D13_FF1F_C8B3B9A1E18E = C:\windows\winsxs\Policies\amd64_policy.8.0.Microsoft.VC80.MFC_1fc8b3b9a1e18e3b_x-ww_6f34654e\
Property(S): policydir.8.0.50727.101.543B9DD3_E71B_0D13_FF1F_C8B3B9A1E18E = C:\windows\winsxs\Policies\amd64_policy.8.0.Microsoft.VC80.MFC_1fc8b3b9a1e18e3b_x-ww_6f34654e\
Property(S): policydir.8.0.50727.97.543B9DD3_E71B_0D13_FF1F_C8B3B9A1E18E = C:\windows\winsxs\Policies\amd64_policy.8.0.Microsoft.VC80.MFC_1fc8b3b9a1e18e3b_x-ww_6f34654e\
Property(S): payload.8.0.50727.95.543B9DD3_E71B_0D13_FF1F_C8B3B9A1E18E = C:\windows\winsxs\amd64_policy.8.0.Microsoft.VC80.MFC_1fc8b3b9a1e18e3b_8.0.50727.95_x-ww_54d981f7\
Property(S): payload.8.0.50727.96.543B9DD3_E71B_0D13_FF1F_C8B3B9A1E18E = C:\windows\winsxs\amd64_policy.8.0.Microsoft.VC80.MFC_1fc8b3b9a1e18e3b_8.0.50727.96_x-ww_54d981f8\
Property(S): policydir.8.0.50727.762.543B9DD3_E71B_0D13_FF1F_C8B3B9A1E18E = C:\windows\winsxs\Policies\amd64_policy.8.0.Microsoft.VC80.MFC_1fc8b3b9a1e18e3b_x-ww_6f34654e\
Property(S): payload.8.0.50727.97.543B9DD3_E71B_0D13_FF1F_C8B3B9A1E18E = C:\windows\winsxs\amd64_policy.8.0.Microsoft.VC80.MFC_1fc8b3b9a1e18e3b_8.0.50727.97_x-ww_54d981f9\
Property(S): payload.8.0.50727.98.543B9DD3_E71B_0D13_FF1F_C8B3B9A1E18E = C:\windows\winsxs\amd64_policy.8.0.Microsoft.VC80.MFC_1fc8b3b9a1e18e3b_8.0.50727.98_x-ww_54d981fa\
Property(S): payload.8.0.50727.99.543B9DD3_E71B_0D13_FF1F_C8B3B9A1E18E = C:\windows\winsxs\amd64_policy.8.0.Microsoft.VC80.MFC_1fc8b3b9a1e18e3b_8.0.50727.99_x-ww_54d981fb\
Property(S): payload.8.0.50727.100.543B9DD3_E71B_0D13_FF1F_C8B3B9A1E18E = C:\windows\winsxs\amd64_policy.8.0.Microsoft.VC80.MFC_1fc8b3b9a1e18e3b_8.0.50727.100_x-ww_af0c3e6a\
Property(S): payload.8.0.50727.101.543B9DD3_E71B_0D13_FF1F_C8B3B9A1E18E = C:\windows\winsxs\amd64_policy.8.0.Microsoft.VC80.MFC_1fc8b3b9a1e18e3b_8.0.50727.101_x-ww_af0c3e6b\
Property(S): payload.8.0.50727.103.543B9DD3_E71B_0D13_FF1F_C8B3B9A1E18E = C:\windows\winsxs\amd64_policy.8.0.Microsoft.VC80.MFC_1fc8b3b9a1e18e3b_8.0.50727.103_x-ww_af0c3e6d\
Property(S): payload.8.0.50727.104.543B9DD3_E71B_0D13_FF1F_C8B3B9A1E18E = C:\windows\winsxs\amd64_policy.8.0.Microsoft.VC80.MFC_1fc8b3b9a1e18e3b_8.0.50727.104_x-ww_af0c3e6e\
Property(S): payload.8.0.50727.193.543B9DD3_E71B_0D13_FF1F_C8B3B9A1E18E = C:\windows\winsxs\amd64_policy.8.0.Microsoft.VC80.MFC_1fc8b3b9a1e18e3b_8.0.50727.193_x-ww_af1540a4\
Property(S): payload.8.0.50727.762.543B9DD3_E71B_0D13_FF1F_C8B3B9A1E18E = C:\windows\winsxs\amd64_policy.8.0.Microsoft.VC80.MFC_1fc8b3b9a1e18e3b_8.0.50727.762_x-ww_b2069cec\
Property(S): WinSxsDirectory.608113E0_F3B6_C6EE_FF1F_C8B3B9A1E18E = C:\windows\winsxs\
Property(S): payload_ul.608113E0_F3B6_C6EE_FF1F_C8B3B9A1E18E = C:\windows\winsxs\amd64_microsoft.vc80.mfcloc_1fc8b3b9a1e18e3b_8.0.50727.762_none_fc42961a63b5a82b\
Property(S): payload.608113E0_F3B6_C6EE_FF1F_C8B3B9A1E18E = C:\windows\winsxs\amd64_Microsoft.VC80.MFCLOC_1fc8b3b9a1e18e3b_8.0.50727.42_x-ww_661fdcb0\
Property(S): WinSxsManifests.608113E0_F3B6_C6EE_FF1F_C8B3B9A1E18E = C:\windows\winsxs\Manifests\
Property(S): WindowsFolder.608113E0_F3B6_C6EE_FF1F_C8B3B9A1E18E = C:\windows\
Property(S): SystemFolder.608113E0_F3B6_C6EE_FF1F_C8B3B9A1E18E = C:\windows\syswow64\
Property(S): WinSxsPolicies.608113E0_F3B6_C6EE_FF1F_C8B3B9A1E18E = C:\windows\winsxs\Policies\
Property(S): policydir.608113E0_F3B6_C6EE_FF1F_C8B3B9A1E18E = C:\windows\winsxs\Policies\amd64_Microsoft.VC80.MFCLOC_1fc8b3b9a1e18e3b_x-ww_86ff9b97\
Property(S): policydir_ul.608113E0_F3B6_C6EE_FF1F_C8B3B9A1E18E = C:\windows\winsxs\amd64_Microsoft.VC80.MFCLOC_1fc8b3b9a1e18e3b_8.0.50727.762_x-ww_c351f8e3\
Property(S): policydir.8.0.50727.104.608113E0_F3B6_C6EE_FF1F_C8B3B9A1E18E = C:\windows\winsxs\Policies\amd64_Microsoft.VC80.MFCLOC_1fc8b3b9a1e18e3b_x-ww_86ff9b97\
Property(S): policydir.8.0.50727.98.608113E0_F3B6_C6EE_FF1F_C8B3B9A1E18E = C:\windows\winsxs\Policies\amd64_Microsoft.VC80.MFCLOC_1fc8b3b9a1e18e3b_x-ww_86ff9b97\
Property(S): policydir.8.0.50727.99.608113E0_F3B6_C6EE_FF1F_C8B3B9A1E18E = C:\windows\winsxs\Policies\amd64_Microsoft.VC80.MFCLOC_1fc8b3b9a1e18e3b_x-ww_86ff9b97\
Property(S): policydir.8.0.50727.93.608113E0_F3B6_C6EE_FF1F_C8B3B9A1E18E = C:\windows\winsxs\Policies\amd64_Microsoft.VC80.MFCLOC_1fc8b3b9a1e18e3b_x-ww_86ff9b97\
Property(S): policydir.8.0.50727.96.608113E0_F3B6_C6EE_FF1F_C8B3B9A1E18E = C:\windows\winsxs\Policies\amd64_Microsoft.VC80.MFCLOC_1fc8b3b9a1e18e3b_x-ww_86ff9b97\
Property(S): policydir.8.0.50727.89.608113E0_F3B6_C6EE_FF1F_C8B3B9A1E18E = C:\windows\winsxs\Policies\amd64_Microsoft.VC80.MFCLOC_1fc8b3b9a1e18e3b_x-ww_86ff9b97\
Property(S): policydir.8.0.50727.97.608113E0_F3B6_C6EE_FF1F_C8B3B9A1E18E = C:\windows\winsxs\Policies\amd64_Microsoft.VC80.MFCLOC_1fc8b3b9a1e18e3b_x-ww_86ff9b97\
Property(S): payload.8.0.50727.89.608113E0_F3B6_C6EE_FF1F_C8B3B9A1E18E = C:\windows\winsxs\amd64_Microsoft.VC80.MFCLOC_1fc8b3b9a1e18e3b_8.0.50727.89_x-ww_6623ddb3\
Property(S): policydir.8.0.50727.95.608113E0_F3B6_C6EE_FF1F_C8B3B9A1E18E = C:\windows\winsxs\Policies\amd64_Microsoft.VC80.MFCLOC_1fc8b3b9a1e18e3b_x-ww_86ff9b97\
Property(S): policydir.8.0.50727.101.608113E0_F3B6_C6EE_FF1F_C8B3B9A1E18E = C:\windows\winsxs\Policies\amd64_Microsoft.VC80.MFCLOC_1fc8b3b9a1e18e3b_x-ww_86ff9b97\
Property(S): payload.8.0.50727.93.608113E0_F3B6_C6EE_FF1F_C8B3B9A1E18E = C:\windows\winsxs\amd64_Microsoft.VC80.MFCLOC_1fc8b3b9a1e18e3b_8.0.50727.93_x-ww_6624ddec\
Property(S): policydir.8.0.50727.94.608113E0_F3B6_C6EE_FF1F_C8B3B9A1E18E = C:\windows\winsxs\Policies\amd64_Microsoft.VC80.MFCLOC_1fc8b3b9a1e18e3b_x-ww_86ff9b97\
Property(S): payload.8.0.50727.96.608113E0_F3B6_C6EE_FF1F_C8B3B9A1E18E = C:\windows\winsxs\amd64_Microsoft.VC80.MFCLOC_1fc8b3b9a1e18e3b_8.0.50727.96_x-ww_6624ddef\
Property(S): payload.8.0.50727.95.608113E0_F3B6_C6EE_FF1F_C8B3B9A1E18E = C:\windows\winsxs\amd64_Microsoft.VC80.MFCLOC_1fc8b3b9a1e18e3b_8.0.50727.95_x-ww_6624ddee\
Property(S): payload.8.0.50727.94.608113E0_F3B6_C6EE_FF1F_C8B3B9A1E18E = C:\windows\winsxs\amd64_Microsoft.VC80.MFCLOC_1fc8b3b9a1e18e3b_8.0.50727.94_x-ww_6624dded\
Property(S): payload.8.0.50727.97.608113E0_F3B6_C6EE_FF1F_C8B3B9A1E18E = C:\windows\winsxs\amd64_Microsoft.VC80.MFCLOC_1fc8b3b9a1e18e3b_8.0.50727.97_x-ww_6624ddf0\
Property(S): policydir.8.0.50727.100.608113E0_F3B6_C6EE_FF1F_C8B3B9A1E18E = C:\windows\winsxs\Policies\amd64_Microsoft.VC80.MFCLOC_1fc8b3b9a1e18e3b_x-ww_86ff9b97\
Property(S): payload.8.0.50727.98.608113E0_F3B6_C6EE_FF1F_C8B3B9A1E18E = C:\windows\winsxs\amd64_Microsoft.VC80.MFCLOC_1fc8b3b9a1e18e3b_8.0.50727.98_x-ww_6624ddf1\
Property(S): policydir.8.0.50727.103.608113E0_F3B6_C6EE_FF1F_C8B3B9A1E18E = C:\windows\winsxs\Policies\amd64_Microsoft.VC80.MFCLOC_1fc8b3b9a1e18e3b_x-ww_86ff9b97\
Property(S): payload.8.0.50727.99.608113E0_F3B6_C6EE_FF1F_C8B3B9A1E18E = C:\windows\winsxs\amd64_Microsoft.VC80.MFCLOC_1fc8b3b9a1e18e3b_8.0.50727.99_x-ww_6624ddf2\
Property(S): policydir.8.0.50727.762.608113E0_F3B6_C6EE_FF1F_C8B3B9A1E18E = C:\windows\winsxs\Policies\amd64_Microsoft.VC80.MFCLOC_1fc8b3b9a1e18e3b_x-ww_86ff9b97\
Property(S): payload.8.0.50727.100.608113E0_F3B6_C6EE_FF1F_C8B3B9A1E18E = C:\windows\winsxs\amd64_Microsoft.VC80.MFCLOC_1fc8b3b9a1e18e3b_8.0.50727.100_x-ww_c0579a61\
Property(S): payload.8.0.50727.101.608113E0_F3B6_C6EE_FF1F_C8B3B9A1E18E = C:\windows\winsxs\amd64_Microsoft.VC80.MFCLOC_1fc8b3b9a1e18e3b_8.0.50727.101_x-ww_c0579a62\
Property(S): payload.8.0.50727.103.608113E0_F3B6_C6EE_FF1F_C8B3B9A1E18E = C:\windows\winsxs\amd64_Microsoft.VC80.MFCLOC_1fc8b3b9a1e18e3b_8.0.50727.103_x-ww_c0579a64\
Property(S): policydir.8.0.50727.193.608113E0_F3B6_C6EE_FF1F_C8B3B9A1E18E = C:\windows\winsxs\Policies\amd64_Microsoft.VC80.MFCLOC_1fc8b3b9a1e18e3b_x-ww_86ff9b97\
Property(S): payload.8.0.50727.104.608113E0_F3B6_C6EE_FF1F_C8B3B9A1E18E = C:\windows\winsxs\amd64_Microsoft.VC80.MFCLOC_1fc8b3b9a1e18e3b_8.0.50727.104_x-ww_c0579a65\
Property(S): payload.8.0.50727.193.608113E0_F3B6_C6EE_FF1F_C8B3B9A1E18E = C:\windows\winsxs\amd64_Microsoft.VC80.MFCLOC_1fc8b3b9a1e18e3b_8.0.50727.193_x-ww_c0609c9b\
Property(S): payload.8.0.50727.762.608113E0_F3B6_C6EE_FF1F_C8B3B9A1E18E = C:\windows\winsxs\amd64_Microsoft.VC80.MFCLOC_1fc8b3b9a1e18e3b_8.0.50727.762_x-ww_c351f8e3\
Property(S): WinSxsDirectory.BDF6E439_056A_10D7_FF1F_C8B3B9A1E18E = C:\windows\winsxs\
Property(S): payload_ul.BDF6E439_056A_10D7_FF1F_C8B3B9A1E18E = C:\windows\winsxs\amd64_policy.8.0.microsoft.vc80.mfcloc_1fc8b3b9a1e18e3b_8.0.50727.762_none_462aa7cec12b7884\
Property(S): WinSxsPolicies.BDF6E439_056A_10D7_FF1F_C8B3B9A1E18E = C:\windows\winsxs\Policies\
Property(S): policydir.BDF6E439_056A_10D7_FF1F_C8B3B9A1E18E = C:\windows\winsxs\Policies\amd64_policy.8.0.Microsoft.VC80.MFCLOC_1fc8b3b9a1e18e3b_x-ww_2aad8370\
Property(S): WindowsFolder.BDF6E439_056A_10D7_FF1F_C8B3B9A1E18E = C:\windows\
Property(S): SystemFolder.BDF6E439_056A_10D7_FF1F_C8B3B9A1E18E = C:\windows\syswow64\
Property(S): WinSxsManifests.BDF6E439_056A_10D7_FF1F_C8B3B9A1E18E = C:\windows\winsxs\Manifests\
Property(S): payload.BDF6E439_056A_10D7_FF1F_C8B3B9A1E18E = C:\windows\winsxs\amd64_policy.8.0.Microsoft.VC80.MFCLOC_1fc8b3b9a1e18e3b_8.0.50727.42_x-ww_95c4eb17\
Property(S): policydir.8.0.50727.103.BDF6E439_056A_10D7_FF1F_C8B3B9A1E18E = C:\windows\winsxs\Policies\amd64_policy.8.0.Microsoft.VC80.MFCLOC_1fc8b3b9a1e18e3b_x-ww_2aad8370\
Property(S): policydir.8.0.50727.96.BDF6E439_056A_10D7_FF1F_C8B3B9A1E18E = C:\windows\winsxs\Policies\amd64_policy.8.0.Microsoft.VC80.MFCLOC_1fc8b3b9a1e18e3b_x-ww_2aad8370\
Property(S): policydir_ul.BDF6E439_056A_10D7_FF1F_C8B3B9A1E18E = C:\windows\winsxs\amd64_policy.8.0.Microsoft.VC80.MFCLOC_1fc8b3b9a1e18e3b_8.0.50727.762_x-ww_f2f7074a\
Property(S): policydir.8.0.50727.94.BDF6E439_056A_10D7_FF1F_C8B3B9A1E18E = C:\windows\winsxs\Policies\amd64_policy.8.0.Microsoft.VC80.MFCLOC_1fc8b3b9a1e18e3b_x-ww_2aad8370\
Property(S): policydir.8.0.50727.89.BDF6E439_056A_10D7_FF1F_C8B3B9A1E18E = C:\windows\winsxs\Policies\amd64_policy.8.0.Microsoft.VC80.MFCLOC_1fc8b3b9a1e18e3b_x-ww_2aad8370\
Property(S): policydir.8.0.50727.95.BDF6E439_056A_10D7_FF1F_C8B3B9A1E18E = C:\windows\winsxs\Policies\amd64_policy.8.0.Microsoft.VC80.MFCLOC_1fc8b3b9a1e18e3b_x-ww_2aad8370\
Property(S): policydir.8.0.50727.100.BDF6E439_056A_10D7_FF1F_C8B3B9A1E18E = C:\windows\winsxs\Policies\amd64_policy.8.0.Microsoft.VC80.MFCLOC_1fc8b3b9a1e18e3b_x-ww_2aad8370\
Property(S): policydir.8.0.50727.93.BDF6E439_056A_10D7_FF1F_C8B3B9A1E18E = C:\windows\winsxs\Policies\amd64_policy.8.0.Microsoft.VC80.MFCLOC_1fc8b3b9a1e18e3b_x-ww_2aad8370\
Property(S): payload.8.0.50727.94.BDF6E439_056A_10D7_FF1F_C8B3B9A1E18E = C:\windows\winsxs\amd64_policy.8.0.Microsoft.VC80.MFCLOC_1fc8b3b9a1e18e3b_8.0.50727.94_x-ww_95c9ec54\
Property(S): policydir.8.0.50727.193.BDF6E439_056A_10D7_FF1F_C8B3B9A1E18E = C:\windows\winsxs\Policies\amd64_policy.8.0.Microsoft.VC80.MFCLOC_1fc8b3b9a1e18e3b_x-ww_2aad8370\
Property(S): policydir.8.0.50727.98.BDF6E439_056A_10D7_FF1F_C8B3B9A1E18E = C:\windows\winsxs\Policies\amd64_policy.8.0.Microsoft.VC80.MFCLOC_1fc8b3b9a1e18e3b_x-ww_2aad8370\
Property(S): payload.8.0.50727.89.BDF6E439_056A_10D7_FF1F_C8B3B9A1E18E = C:\windows\winsxs\amd64_policy.8.0.Microsoft.VC80.MFCLOC_1fc8b3b9a1e18e3b_8.0.50727.89_x-ww_95c8ec1a\
Property(S): policydir.8.0.50727.104.BDF6E439_056A_10D7_FF1F_C8B3B9A1E18E = C:\windows\winsxs\Policies\amd64_policy.8.0.Microsoft.VC80.MFCLOC_1fc8b3b9a1e18e3b_x-ww_2aad8370\
Property(S): payload.8.0.50727.93.BDF6E439_056A_10D7_FF1F_C8B3B9A1E18E = C:\windows\winsxs\amd64_policy.8.0.Microsoft.VC80.MFCLOC_1fc8b3b9a1e18e3b_8.0.50727.93_x-ww_95c9ec53\
Property(S): policydir.8.0.50727.99.BDF6E439_056A_10D7_FF1F_C8B3B9A1E18E = C:\windows\winsxs\Policies\amd64_policy.8.0.Microsoft.VC80.MFCLOC_1fc8b3b9a1e18e3b_x-ww_2aad8370\
Property(S): policydir.8.0.50727.101.BDF6E439_056A_10D7_FF1F_C8B3B9A1E18E = C:\windows\winsxs\Policies\amd64_policy.8.0.Microsoft.VC80.MFCLOC_1fc8b3b9a1e18e3b_x-ww_2aad8370\
Property(S): policydir.8.0.50727.97.BDF6E439_056A_10D7_FF1F_C8B3B9A1E18E = C:\windows\winsxs\Policies\amd64_policy.8.0.Microsoft.VC80.MFCLOC_1fc8b3b9a1e18e3b_x-ww_2aad8370\
Property(S): payload.8.0.50727.95.BDF6E439_056A_10D7_FF1F_C8B3B9A1E18E = C:\windows\winsxs\amd64_policy.8.0.Microsoft.VC80.MFCLOC_1fc8b3b9a1e18e3b_8.0.50727.95_x-ww_95c9ec55\
Property(S): payload.8.0.50727.96.BDF6E439_056A_10D7_FF1F_C8B3B9A1E18E = C:\windows\winsxs\amd64_policy.8.0.Microsoft.VC80.MFCLOC_1fc8b3b9a1e18e3b_8.0.50727.96_x-ww_95c9ec56\
Property(S): policydir.8.0.50727.762.BDF6E439_056A_10D7_FF1F_C8B3B9A1E18E = C:\windows\winsxs\Policies\amd64_policy.8.0.Microsoft.VC80.MFCLOC_1fc8b3b9a1e18e3b_x-ww_2aad8370\
Property(S): payload.8.0.50727.97.BDF6E439_056A_10D7_FF1F_C8B3B9A1E18E = C:\windows\winsxs\amd64_policy.8.0.Microsoft.VC80.MFCLOC_1fc8b3b9a1e18e3b_8.0.50727.97_x-ww_95c9ec57\
Property(S): payload.8.0.50727.98.BDF6E439_056A_10D7_FF1F_C8B3B9A1E18E = C:\windows\winsxs\amd64_policy.8.0.Microsoft.VC80.MFCLOC_1fc8b3b9a1e18e3b_8.0.50727.98_x-ww_95c9ec58\
Property(S): payload.8.0.50727.99.BDF6E439_056A_10D7_FF1F_C8B3B9A1E18E = C:\windows\winsxs\amd64_policy.8.0.Microsoft.VC80.MFCLOC_1fc8b3b9a1e18e3b_8.0.50727.99_x-ww_95c9ec59\
Property(S): payload.8.0.50727.100.BDF6E439_056A_10D7_FF1F_C8B3B9A1E18E = C:\windows\winsxs\amd64_policy.8.0.Microsoft.VC80.MFCLOC_1fc8b3b9a1e18e3b_8.0.50727.100_x-ww_effca8c8\
Property(S): payload.8.0.50727.101.BDF6E439_056A_10D7_FF1F_C8B3B9A1E18E = C:\windows\winsxs\amd64_policy.8.0.Microsoft.VC80.MFCLOC_1fc8b3b9a1e18e3b_8.0.50727.101_x-ww_effca8c9\
Property(S): payload.8.0.50727.103.BDF6E439_056A_10D7_FF1F_C8B3B9A1E18E = C:\windows\winsxs\amd64_policy.8.0.Microsoft.VC80.MFCLOC_1fc8b3b9a1e18e3b_8.0.50727.103_x-ww_effca8cb\
Property(S): payload.8.0.50727.104.BDF6E439_056A_10D7_FF1F_C8B3B9A1E18E = C:\windows\winsxs\amd64_policy.8.0.Microsoft.VC80.MFCLOC_1fc8b3b9a1e18e3b_8.0.50727.104_x-ww_effca8cc\
Property(S): payload.8.0.50727.193.BDF6E439_056A_10D7_FF1F_C8B3B9A1E18E = C:\windows\winsxs\amd64_policy.8.0.Microsoft.VC80.MFCLOC_1fc8b3b9a1e18e3b_8.0.50727.193_x-ww_f005ab02\
Property(S): payload.8.0.50727.762.BDF6E439_056A_10D7_FF1F_C8B3B9A1E18E = C:\windows\winsxs\amd64_policy.8.0.Microsoft.VC80.MFCLOC_1fc8b3b9a1e18e3b_8.0.50727.762_x-ww_f2f7074a\
Property(S): WinSxsDirectory.30729.6161.Microsoft_VC90_ATL_x64.QFE.D0CFCDE9_C036_3F28_90FC_6BE9098343C4 = C:\windows\winsxs\
Property(S): payload_ul.30729.6161.Microsoft_VC90_ATL_x64.QFE.D0CFCDE9_C036_3F28_90FC_6BE9098343C4 = C:\windows\winsxs\amd64_microsoft.vc90.atl_1fc8b3b9a1e18e3b_9.0.30729.6161_none_0a1fd3a3a768b895\
Property(S): payload.30729.6161.Microsoft_VC90_ATL_x64.QFE.D0CFCDE9_C036_3F28_90FC_6BE9098343C4 = C:\windows\winsxs\amd64_Microsoft.VC90.ATL_1fc8b3b9a1e18e3b_9.0.30729.6161_x-ww_c44f2197\
Property(S): WinSxsManifests.30729.6161.Microsoft_VC90_ATL_x64.QFE.D0CFCDE9_C036_3F28_90FC_6BE9098343C4 = C:\windows\winsxs\Manifests\
Property(S): WindowsFolder.30729.6161.Microsoft_VC90_ATL_x64.QFE.D0CFCDE9_C036_3F28_90FC_6BE9098343C4 = C:\windows\
Property(S): WinSxsPolicies.30729.6161.Microsoft_VC90_ATL_x64.QFE.D0CFCDE9_C036_3F28_90FC_6BE9098343C4 = C:\windows\winsxs\Policies\
Property(S): policydir.30729.6161.Microsoft_VC90_ATL_x64.QFE.D0CFCDE9_C036_3F28_90FC_6BE9098343C4 = C:\windows\winsxs\Policies\amd64_Microsoft.VC90.ATL_1fc8b3b9a1e18e3b_x-ww_5e4a8be7\
Property(S): policydir_ul.30729.6161.Microsoft_VC90_ATL_x64.QFE.D0CFCDE9_C036_3F28_90FC_6BE9098343C4 = C:\windows\winsxs\amd64_Microsoft.VC90.ATL_1fc8b3b9a1e18e3b_x-ww_5e4a8be7\
Property(S): WinSxsDirectory.30729.6161.Microsoft_VC90_CRT_x64.QFE.D11988A5_400E_3D5F_834D_62102379E659 = C:\windows\winsxs\
Property(S): payload_ul.30729.6161.Microsoft_VC90_CRT_x64.QFE.D11988A5_400E_3D5F_834D_62102379E659 = C:\windows\winsxs\amd64_microsoft.vc90.crt_1fc8b3b9a1e18e3b_9.0.30729.6161_none_08e61857a83bc251\
Property(S): payload.30729.6161.Microsoft_VC90_CRT_x64.QFE.D11988A5_400E_3D5F_834D_62102379E659 = C:\windows\winsxs\amd64_Microsoft.VC90.CRT_1fc8b3b9a1e18e3b_9.0.30729.6161_x-ww_63af3423\
Property(S): WinSxsManifests.30729.6161.Microsoft_VC90_CRT_x64.QFE.D11988A5_400E_3D5F_834D_62102379E659 = C:\windows\winsxs\Manifests\
Property(S): WindowsFolder.30729.6161.Microsoft_VC90_CRT_x64.QFE.D11988A5_400E_3D5F_834D_62102379E659 = C:\windows\
Property(S): WinSxsPolicies.30729.6161.Microsoft_VC90_CRT_x64.QFE.D11988A5_400E_3D5F_834D_62102379E659 = C:\windows\winsxs\Policies\
Property(S): policydir.30729.6161.Microsoft_VC90_CRT_x64.QFE.D11988A5_400E_3D5F_834D_62102379E659 = C:\windows\winsxs\Policies\amd64_Microsoft.VC90.CRT_1fc8b3b9a1e18e3b_x-ww_7701165b\
Property(S): policydir_ul.30729.6161.Microsoft_VC90_CRT_x64.QFE.D11988A5_400E_3D5F_834D_62102379E659 = C:\windows\winsxs\amd64_Microsoft.VC90.CRT_1fc8b3b9a1e18e3b_x-ww_7701165b\
Property(S): WinSxsDirectory.30729.6161.Microsoft_VC90_MFC_x64.QFE.1F485807_7F80_30D0_86B6_EE340D54F5FF = C:\windows\winsxs\
Property(S): payload_ul.30729.6161.Microsoft_VC90_MFC_x64.QFE.1F485807_7F80_30D0_86B6_EE340D54F5FF = C:\windows\winsxs\amd64_microsoft.vc90.mfc_1fc8b3b9a1e18e3b_9.0.30729.6161_none_044aad0bab1eb146\
Property(S): payload.30729.6161.Microsoft_VC90_MFC_x64.QFE.1F485807_7F80_30D0_86B6_EE340D54F5FF = C:\windows\winsxs\amd64_Microsoft.VC90.MFC_1fc8b3b9a1e18e3b_9.0.30729.6161_x-ww_3495a728\
Property(S): WinSxsManifests.30729.6161.Microsoft_VC90_MFC_x64.QFE.1F485807_7F80_30D0_86B6_EE340D54F5FF = C:\windows\winsxs\Manifests\
Property(S): WindowsFolder.30729.6161.Microsoft_VC90_MFC_x64.QFE.1F485807_7F80_30D0_86B6_EE340D54F5FF = C:\windows\
Property(S): WinSxsPolicies.30729.6161.Microsoft_VC90_MFC_x64.QFE.1F485807_7F80_30D0_86B6_EE340D54F5FF = C:\windows\winsxs\Policies\
Property(S): policydir.30729.6161.Microsoft_VC90_MFC_x64.QFE.1F485807_7F80_30D0_86B6_EE340D54F5FF = C:\windows\winsxs\Policies\amd64_Microsoft.VC90.MFC_1fc8b3b9a1e18e3b_x-ww_0eb49216\
Property(S): policydir_ul.30729.6161.Microsoft_VC90_MFC_x64.QFE.1F485807_7F80_30D0_86B6_EE340D54F5FF = C:\windows\winsxs\amd64_Microsoft.VC90.MFC_1fc8b3b9a1e18e3b_x-ww_0eb49216\
Property(S): WinSxsDirectory.30729.6161.Microsoft_VC90_OpenMP_x64.QFE.BA97773E_5876_394F_B26A_06D5CFA8C890 = C:\windows\winsxs\
Property(S): payload_ul.30729.6161.Microsoft_VC90_OpenMP_x64.QFE.BA97773E_5876_394F_B26A_06D5CFA8C890 = C:\windows\winsxs\amd64_microsoft.vc90.openmp_1fc8b3b9a1e18e3b_9.0.30729.6161_none_390d35aa0a1f21f9\
Property(S): payload.30729.6161.Microsoft_VC90_OpenMP_x64.QFE.BA97773E_5876_394F_B26A_06D5CFA8C890 = C:\windows\winsxs\amd64_Microsoft.VC90.OpenMP_1fc8b3b9a1e18e3b_9.0.30729.6161_x-ww_7fe65c7f\
Property(S): WinSxsManifests.30729.6161.Microsoft_VC90_OpenMP_x64.QFE.BA97773E_5876_394F_B26A_06D5CFA8C890 = C:\windows\winsxs\Manifests\
Property(S): WindowsFolder.30729.6161.Microsoft_VC90_OpenMP_x64.QFE.BA97773E_5876_394F_B26A_06D5CFA8C890 = C:\windows\
Property(S): WinSxsPolicies.30729.6161.Microsoft_VC90_OpenMP_x64.QFE.BA97773E_5876_394F_B26A_06D5CFA8C890 = C:\windows\winsxs\Policies\
Property(S): policydir.30729.6161.Microsoft_VC90_OpenMP_x64.QFE.BA97773E_5876_394F_B26A_06D5CFA8C890 = C:\windows\winsxs\Policies\amd64_Microsoft.VC90.OpenMP_1fc8b3b9a1e18e3b_x-ww_46ae16ff\
Property(S): policydir_ul.30729.6161.Microsoft_VC90_OpenMP_x64.QFE.BA97773E_5876_394F_B26A_06D5CFA8C890 = C:\windows\winsxs\amd64_Microsoft.VC90.OpenMP_1fc8b3b9a1e18e3b_x-ww_46ae16ff\
Property(S): WinSxsDirectory.09D44781_D142_FE32_FF1F_C8B3B9A1E18E = C:\windows\winsxs\
Property(S): payload_ul.09D44781_D142_FE32_FF1F_C8B3B9A1E18E = C:\windows\winsxs\amd64_microsoft.vc80.openmp_1fc8b3b9a1e18e3b_8.0.50727.762_none_338673a60d08dbcc\
Property(S): payload.09D44781_D142_FE32_FF1F_C8B3B9A1E18E = C:\windows\winsxs\amd64_Microsoft.VC80.OpenMP_1fc8b3b9a1e18e3b_8.0.50727.42_x-ww_40f01e47\
Property(S): WinSxsManifests.09D44781_D142_FE32_FF1F_C8B3B9A1E18E = C:\windows\winsxs\Manifests\
Property(S): WindowsFolder.09D44781_D142_FE32_FF1F_C8B3B9A1E18E = C:\windows\
Property(S): SystemFolder.09D44781_D142_FE32_FF1F_C8B3B9A1E18E = C:\windows\syswow64\
Property(S): WinSxsPolicies.09D44781_D142_FE32_FF1F_C8B3B9A1E18E = C:\windows\winsxs\Policies\
Property(S): policydir.09D44781_D142_FE32_FF1F_C8B3B9A1E18E = C:\windows\winsxs\Policies\amd64_Microsoft.VC80.OpenMP_1fc8b3b9a1e18e3b_x-ww_39928440\
Property(S): policydir_ul.09D44781_D142_FE32_FF1F_C8B3B9A1E18E = C:\windows\winsxs\amd64_Microsoft.VC80.OpenMP_1fc8b3b9a1e18e3b_8.0.50727.762_x-ww_9e223a7a\
Property(S): payload.8.0.50727.89.09D44781_D142_FE32_FF1F_C8B3B9A1E18E = C:\windows\winsxs\amd64_Microsoft.VC80.OpenMP_1fc8b3b9a1e18e3b_8.0.50727.89_x-ww_40f41f4a\
Property(S): payload.8.0.50727.93.09D44781_D142_FE32_FF1F_C8B3B9A1E18E = C:\windows\winsxs\amd64_Microsoft.VC80.OpenMP_1fc8b3b9a1e18e3b_8.0.50727.93_x-ww_40f51f83\
Property(S): policydir.8.0.50727.89.09D44781_D142_FE32_FF1F_C8B3B9A1E18E = C:\windows\winsxs\Policies\amd64_Microsoft.VC80.OpenMP_1fc8b3b9a1e18e3b_x-ww_39928440\
Property(S): payload.8.0.50727.94.09D44781_D142_FE32_FF1F_C8B3B9A1E18E = C:\windows\winsxs\amd64_Microsoft.VC80.OpenMP_1fc8b3b9a1e18e3b_8.0.50727.94_x-ww_40f51f84\
Property(S): policydir.8.0.50727.93.09D44781_D142_FE32_FF1F_C8B3B9A1E18E = C:\windows\winsxs\Policies\amd64_Microsoft.VC80.OpenMP_1fc8b3b9a1e18e3b_x-ww_39928440\
Property(S): policydir.8.0.50727.94.09D44781_D142_FE32_FF1F_C8B3B9A1E18E = C:\windows\winsxs\Policies\amd64_Microsoft.VC80.OpenMP_1fc8b3b9a1e18e3b_x-ww_39928440\
Property(S): payload.8.0.50727.95.09D44781_D142_FE32_FF1F_C8B3B9A1E18E = C:\windows\winsxs\amd64_Microsoft.VC80.OpenMP_1fc8b3b9a1e18e3b_8.0.50727.95_x-ww_40f51f85\
Property(S): payload.8.0.50727.96.09D44781_D142_FE32_FF1F_C8B3B9A1E18E = C:\windows\winsxs\amd64_Microsoft.VC80.OpenMP_1fc8b3b9a1e18e3b_8.0.50727.96_x-ww_40f51f86\
Property(S): policydir.8.0.50727.95.09D44781_D142_FE32_FF1F_C8B3B9A1E18E = C:\windows\winsxs\Policies\amd64_Microsoft.VC80.OpenMP_1fc8b3b9a1e18e3b_x-ww_39928440\
Property(S): payload.8.0.50727.97.09D44781_D142_FE32_FF1F_C8B3B9A1E18E = C:\windows\winsxs\amd64_Microsoft.VC80.OpenMP_1fc8b3b9a1e18e3b_8.0.50727.97_x-ww_40f51f87\
Property(S): policydir.8.0.50727.96.09D44781_D142_FE32_FF1F_C8B3B9A1E18E = C:\windows\winsxs\Policies\amd64_Microsoft.VC80.OpenMP_1fc8b3b9a1e18e3b_x-ww_39928440\
Property(S): payload.8.0.50727.98.09D44781_D142_FE32_FF1F_C8B3B9A1E18E = C:\windows\winsxs\amd64_Microsoft.VC80.OpenMP_1fc8b3b9a1e18e3b_8.0.50727.98_x-ww_40f51f88\
Property(S): policydir.8.0.50727.97.09D44781_D142_FE32_FF1F_C8B3B9A1E18E = C:\windows\winsxs\Policies\amd64_Microsoft.VC80.OpenMP_1fc8b3b9a1e18e3b_x-ww_39928440\
Property(S): payload.8.0.50727.99.09D44781_D142_FE32_FF1F_C8B3B9A1E18E = C:\windows\winsxs\amd64_Microsoft.VC80.OpenMP_1fc8b3b9a1e18e3b_8.0.50727.99_x-ww_40f51f89\
Property(S): policydir.8.0.50727.98.09D44781_D142_FE32_FF1F_C8B3B9A1E18E = C:\windows\winsxs\Policies\amd64_Microsoft.VC80.OpenMP_1fc8b3b9a1e18e3b_x-ww_39928440\
Property(S): payload.8.0.50727.100.09D44781_D142_FE32_FF1F_C8B3B9A1E18E = C:\windows\winsxs\amd64_Microsoft.VC80.OpenMP_1fc8b3b9a1e18e3b_8.0.50727.100_x-ww_9b27dbf8\
Property(S): policydir.8.0.50727.99.09D44781_D142_FE32_FF1F_C8B3B9A1E18E = C:\windows\winsxs\Policies\amd64_Microsoft.VC80.OpenMP_1fc8b3b9a1e18e3b_x-ww_39928440\
Property(S): payload.8.0.50727.101.09D44781_D142_FE32_FF1F_C8B3B9A1E18E = C:\windows\winsxs\amd64_Microsoft.VC80.OpenMP_1fc8b3b9a1e18e3b_8.0.50727.101_x-ww_9b27dbf9\
Property(S): policydir.8.0.50727.100.09D44781_D142_FE32_FF1F_C8B3B9A1E18E = C:\windows\winsxs\Policies\amd64_Microsoft.VC80.OpenMP_1fc8b3b9a1e18e3b_x-ww_39928440\
Property(S): payload.8.0.50727.103.09D44781_D142_FE32_FF1F_C8B3B9A1E18E = C:\windows\winsxs\amd64_Microsoft.VC80.OpenMP_1fc8b3b9a1e18e3b_8.0.50727.103_x-ww_9b27dbfb\
Property(S): policydir.8.0.50727.101.09D44781_D142_FE32_FF1F_C8B3B9A1E18E = C:\windows\winsxs\Policies\amd64_Microsoft.VC80.OpenMP_1fc8b3b9a1e18e3b_x-ww_39928440\
Property(S): payload.8.0.50727.104.09D44781_D142_FE32_FF1F_C8B3B9A1E18E = C:\windows\winsxs\amd64_Microsoft.VC80.OpenMP_1fc8b3b9a1e18e3b_8.0.50727.104_x-ww_9b27dbfc\
Property(S): policydir.8.0.50727.103.09D44781_D142_FE32_FF1F_C8B3B9A1E18E = C:\windows\winsxs\Policies\amd64_Microsoft.VC80.OpenMP_1fc8b3b9a1e18e3b_x-ww_39928440\
Property(S): payload.8.0.50727.193.09D44781_D142_FE32_FF1F_C8B3B9A1E18E = C:\windows\winsxs\amd64_Microsoft.VC80.OpenMP_1fc8b3b9a1e18e3b_8.0.50727.193_x-ww_9b30de32\
Property(S): policydir.8.0.50727.104.09D44781_D142_FE32_FF1F_C8B3B9A1E18E = C:\windows\winsxs\Policies\amd64_Microsoft.VC80.OpenMP_1fc8b3b9a1e18e3b_x-ww_39928440\
Property(S): payload.8.0.50727.762.09D44781_D142_FE32_FF1F_C8B3B9A1E18E = C:\windows\winsxs\amd64_Microsoft.VC80.OpenMP_1fc8b3b9a1e18e3b_8.0.50727.762_x-ww_9e223a7a\
Property(S): policydir.8.0.50727.193.09D44781_D142_FE32_FF1F_C8B3B9A1E18E = C:\windows\winsxs\Policies\amd64_Microsoft.VC80.OpenMP_1fc8b3b9a1e18e3b_x-ww_39928440\
Property(S): policydir.8.0.50727.762.09D44781_D142_FE32_FF1F_C8B3B9A1E18E = C:\windows\winsxs\Policies\amd64_Microsoft.VC80.OpenMP_1fc8b3b9a1e18e3b_x-ww_39928440\
Property(S): WinSxsDirectory.F03DCAB0_5F6D_2EAB_FF1F_C8B3B9A1E18E = C:\windows\winsxs\
Property(S): payload_ul.F03DCAB0_5F6D_2EAB_FF1F_C8B3B9A1E18E = C:\windows\winsxs\amd64_policy.8.0.microsoft.vc80.openmp_1fc8b3b9a1e18e3b_8.0.50727.762_none_63ff01d1f3725efb\
Property(S): WinSxsPolicies.F03DCAB0_5F6D_2EAB_FF1F_C8B3B9A1E18E = C:\windows\winsxs\Policies\
Property(S): policydir.F03DCAB0_5F6D_2EAB_FF1F_C8B3B9A1E18E = C:\windows\winsxs\Policies\amd64_policy.8.0.Microsoft.VC80.OpenMP_1fc8b3b9a1e18e3b_x-ww_dd406c19\
Property(S): WindowsFolder.F03DCAB0_5F6D_2EAB_FF1F_C8B3B9A1E18E = C:\windows\
Property(S): SystemFolder.F03DCAB0_5F6D_2EAB_FF1F_C8B3B9A1E18E = C:\windows\syswow64\
Property(S): WinSxsManifests.F03DCAB0_5F6D_2EAB_FF1F_C8B3B9A1E18E = C:\windows\winsxs\Manifests\
Property(S): payload.F03DCAB0_5F6D_2EAB_FF1F_C8B3B9A1E18E = C:\windows\winsxs\amd64_policy.8.0.Microsoft.VC80.OpenMP_1fc8b3b9a1e18e3b_8.0.50727.42_x-ww_70952cae\
Property(S): policydir.8.0.50727.103.F03DCAB0_5F6D_2EAB_FF1F_C8B3B9A1E18E = C:\windows\winsxs\Policies\amd64_policy.8.0.Microsoft.VC80.OpenMP_1fc8b3b9a1e18e3b_x-ww_dd406c19\
Property(S): policydir.8.0.50727.96.F03DCAB0_5F6D_2EAB_FF1F_C8B3B9A1E18E = C:\windows\winsxs\Policies\amd64_policy.8.0.Microsoft.VC80.OpenMP_1fc8b3b9a1e18e3b_x-ww_dd406c19\
Property(S): policydir_ul.F03DCAB0_5F6D_2EAB_FF1F_C8B3B9A1E18E = C:\windows\winsxs\amd64_policy.8.0.Microsoft.VC80.OpenMP_1fc8b3b9a1e18e3b_8.0.50727.762_x-ww_cdc748e1\
Property(S): policydir.8.0.50727.94.F03DCAB0_5F6D_2EAB_FF1F_C8B3B9A1E18E = C:\windows\winsxs\Policies\amd64_policy.8.0.Microsoft.VC80.OpenMP_1fc8b3b9a1e18e3b_x-ww_dd406c19\
Property(S): policydir.8.0.50727.89.F03DCAB0_5F6D_2EAB_FF1F_C8B3B9A1E18E = C:\windows\winsxs\Policies\amd64_policy.8.0.Microsoft.VC80.OpenMP_1fc8b3b9a1e18e3b_x-ww_dd406c19\
Property(S): policydir.8.0.50727.95.F03DCAB0_5F6D_2EAB_FF1F_C8B3B9A1E18E = C:\windows\winsxs\Policies\amd64_policy.8.0.Microsoft.VC80.OpenMP_1fc8b3b9a1e18e3b_x-ww_dd406c19\
Property(S): policydir.8.0.50727.100.F03DCAB0_5F6D_2EAB_FF1F_C8B3B9A1E18E = C:\windows\winsxs\Policies\amd64_policy.8.0.Microsoft.VC80.OpenMP_1fc8b3b9a1e18e3b_x-ww_dd406c19\
Property(S): policydir.8.0.50727.93.F03DCAB0_5F6D_2EAB_FF1F_C8B3B9A1E18E = C:\windows\winsxs\Policies\amd64_policy.8.0.Microsoft.VC80.OpenMP_1fc8b3b9a1e18e3b_x-ww_dd406c19\
Property(S): payload.8.0.50727.94.F03DCAB0_5F6D_2EAB_FF1F_C8B3B9A1E18E = C:\windows\winsxs\amd64_policy.8.0.Microsoft.VC80.OpenMP_1fc8b3b9a1e18e3b_8.0.50727.94_x-ww_709a2deb\
Property(S): policydir.8.0.50727.193.F03DCAB0_5F6D_2EAB_FF1F_C8B3B9A1E18E = C:\windows\winsxs\Policies\amd64_policy.8.0.Microsoft.VC80.OpenMP_1fc8b3b9a1e18e3b_x-ww_dd406c19\
Property(S): policydir.8.0.50727.98.F03DCAB0_5F6D_2EAB_FF1F_C8B3B9A1E18E = C:\windows\winsxs\Policies\amd64_policy.8.0.Microsoft.VC80.OpenMP_1fc8b3b9a1e18e3b_x-ww_dd406c19\
Property(S): payload.8.0.50727.89.F03DCAB0_5F6D_2EAB_FF1F_C8B3B9A1E18E = C:\windows\winsxs\amd64_policy.8.0.Microsoft.VC80.OpenMP_1fc8b3b9a1e18e3b_8.0.50727.89_x-ww_70992db1\
Property(S): policydir.8.0.50727.104.F03DCAB0_5F6D_2EAB_FF1F_C8B3B9A1E18E = C:\windows\winsxs\Policies\amd64_policy.8.0.Microsoft.VC80.OpenMP_1fc8b3b9a1e18e3b_x-ww_dd406c19\
Property(S): payload.8.0.50727.93.F03DCAB0_5F6D_2EAB_FF1F_C8B3B9A1E18E = C:\windows\winsxs\amd64_policy.8.0.Microsoft.VC80.OpenMP_1fc8b3b9a1e18e3b_8.0.50727.93_x-ww_709a2dea\
Property(S): policydir.8.0.50727.99.F03DCAB0_5F6D_2EAB_FF1F_C8B3B9A1E18E = C:\windows\winsxs\Policies\amd64_policy.8.0.Microsoft.VC80.OpenMP_1fc8b3b9a1e18e3b_x-ww_dd406c19\
Property(S): policydir.8.0.50727.101.F03DCAB0_5F6D_2EAB_FF1F_C8B3B9A1E18E = C:\windows\winsxs\Policies\amd64_policy.8.0.Microsoft.VC80.OpenMP_1fc8b3b9a1e18e3b_x-ww_dd406c19\
Property(S): policydir.8.0.50727.97.F03DCAB0_5F6D_2EAB_FF1F_C8B3B9A1E18E = C:\windows\winsxs\Policies\amd64_policy.8.0.Microsoft.VC80.OpenMP_1fc8b3b9a1e18e3b_x-ww_dd406c19\
Property(S): payload.8.0.50727.95.F03DCAB0_5F6D_2EAB_FF1F_C8B3B9A1E18E = C:\windows\winsxs\amd64_policy.8.0.Microsoft.VC80.OpenMP_1fc8b3b9a1e18e3b_8.0.50727.95_x-ww_709a2dec\
Property(S): payload.8.0.50727.96.F03DCAB0_5F6D_2EAB_FF1F_C8B3B9A1E18E = C:\windows\winsxs\amd64_policy.8.0.Microsoft.VC80.OpenMP_1fc8b3b9a1e18e3b_8.0.50727.96_x-ww_709a2ded\
Property(S): policydir.8.0.50727.762.F03DCAB0_5F6D_2EAB_FF1F_C8B3B9A1E18E = C:\windows\winsxs\Policies\amd64_policy.8.0.Microsoft.VC80.OpenMP_1fc8b3b9a1e18e3b_x-ww_dd406c19\
Property(S): payload.8.0.50727.97.F03DCAB0_5F6D_2EAB_FF1F_C8B3B9A1E18E = C:\windows\winsxs\amd64_policy.8.0.Microsoft.VC80.OpenMP_1fc8b3b9a1e18e3b_8.0.50727.97_x-ww_709a2dee\
Property(S): payload.8.0.50727.98.F03DCAB0_5F6D_2EAB_FF1F_C8B3B9A1E18E = C:\windows\winsxs\amd64_policy.8.0.Microsoft.VC80.OpenMP_1fc8b3b9a1e18e3b_8.0.50727.98_x-ww_709a2def\
Property(S): payload.8.0.50727.99.F03DCAB0_5F6D_2EAB_FF1F_C8B3B9A1E18E = C:\windows\winsxs\amd64_policy.8.0.Microsoft.VC80.OpenMP_1fc8b3b9a1e18e3b_8.0.50727.99_x-ww_709a2df0\
Property(S): payload.8.0.50727.100.F03DCAB0_5F6D_2EAB_FF1F_C8B3B9A1E18E = C:\windows\winsxs\amd64_policy.8.0.Microsoft.VC80.OpenMP_1fc8b3b9a1e18e3b_8.0.50727.100_x-ww_caccea5f\
Property(S): payload.8.0.50727.101.F03DCAB0_5F6D_2EAB_FF1F_C8B3B9A1E18E = C:\windows\winsxs\amd64_policy.8.0.Microsoft.VC80.OpenMP_1fc8b3b9a1e18e3b_8.0.50727.101_x-ww_caccea60\
Property(S): payload.8.0.50727.103.F03DCAB0_5F6D_2EAB_FF1F_C8B3B9A1E18E = C:\windows\winsxs\amd64_policy.8.0.Microsoft.VC80.OpenMP_1fc8b3b9a1e18e3b_8.0.50727.103_x-ww_caccea62\
Property(S): payload.8.0.50727.104.F03DCAB0_5F6D_2EAB_FF1F_C8B3B9A1E18E = C:\windows\winsxs\amd64_policy.8.0.Microsoft.VC80.OpenMP_1fc8b3b9a1e18e3b_8.0.50727.104_x-ww_caccea63\
Property(S): payload.8.0.50727.193.F03DCAB0_5F6D_2EAB_FF1F_C8B3B9A1E18E = C:\windows\winsxs\amd64_policy.8.0.Microsoft.VC80.OpenMP_1fc8b3b9a1e18e3b_8.0.50727.193_x-ww_cad5ec99\
Property(S): payload.8.0.50727.762.F03DCAB0_5F6D_2EAB_FF1F_C8B3B9A1E18E = C:\windows\winsxs\amd64_policy.8.0.Microsoft.VC80.OpenMP_1fc8b3b9a1e18e3b_8.0.50727.762_x-ww_cdc748e1\
Property(S): WinSxsDirectory.30729.6161.policy_9_0_Microsoft_VC90_ATL_x64.QFE.CC0E27C9_4499_3E14_870E_C4EDBD98D0B8 = C:\windows\winsxs\
Property(S): payload_ul.30729.6161.policy_9_0_Microsoft_VC90_ATL_x64.QFE.CC0E27C9_4499_3E14_870E_C4EDBD98D0B8 = C:\windows\winsxs\amd64_policy.9.0.microsoft.vc90.atl_1fc8b3b9a1e18e3b_9.0.30729.6161_none_a9452143e42244fb\
Property(S): WinSxsPolicies.30729.6161.policy_9_0_Microsoft_VC90_ATL_x64.QFE.CC0E27C9_4499_3E14_870E_C4EDBD98D0B8 = C:\windows\winsxs\Policies\
Property(S): policydir.30729.6161.policy_9_0_Microsoft_VC90_ATL_x64.QFE.CC0E27C9_4499_3E14_870E_C4EDBD98D0B8 = C:\windows\winsxs\Policies\amd64_policy.9.0.Microsoft.VC90.ATL_1fc8b3b9a1e18e3b_x-ww_fe3d5721\
Property(S): WindowsFolder.30729.6161.policy_9_0_Microsoft_VC90_ATL_x64.QFE.CC0E27C9_4499_3E14_870E_C4EDBD98D0B8 = C:\windows\
Property(S): WinSxsDirectory.30729.6161.policy_9_0_Microsoft_VC90_CRT_x64.QFE.2B64E0BC_8AED_3A12_9FC4_E6C247309FFF = C:\windows\winsxs\
Property(S): payload_ul.30729.6161.policy_9_0_Microsoft_VC90_CRT_x64.QFE.2B64E0BC_8AED_3A12_9FC4_E6C247309FFF = C:\windows\winsxs\amd64_policy.9.0.microsoft.vc90.crt_1fc8b3b9a1e18e3b_9.0.30729.6161_none_acd388d7e1d8689f\
Property(S): WinSxsPolicies.30729.6161.policy_9_0_Microsoft_VC90_CRT_x64.QFE.2B64E0BC_8AED_3A12_9FC4_E6C247309FFF = C:\windows\winsxs\Policies\
Property(S): policydir.30729.6161.policy_9_0_Microsoft_VC90_CRT_x64.QFE.2B64E0BC_8AED_3A12_9FC4_E6C247309FFF = C:\windows\winsxs\Policies\amd64_policy.9.0.Microsoft.VC90.CRT_1fc8b3b9a1e18e3b_x-ww_16f3e195\
Property(S): WindowsFolder.30729.6161.policy_9_0_Microsoft_VC90_CRT_x64.QFE.2B64E0BC_8AED_3A12_9FC4_E6C247309FFF = C:\windows\
Property(S): WinSxsDirectory.30729.6161.policy_9_0_Microsoft_VC90_MFC_x64.QFE.A2ADBFF3_39A4_3465_8495_2A4B21A67257 = C:\windows\winsxs\
Property(S): payload_ul.30729.6161.policy_9_0_Microsoft_VC90_MFC_x64.QFE.A2ADBFF3_39A4_3465_8495_2A4B21A67257 = C:\windows\winsxs\amd64_policy.9.0.microsoft.vc90.mfc_1fc8b3b9a1e18e3b_9.0.30729.6161_none_a554a30de6a6e582\
Property(S): WinSxsPolicies.30729.6161.policy_9_0_Microsoft_VC90_MFC_x64.QFE.A2ADBFF3_39A4_3465_8495_2A4B21A67257 = C:\windows\winsxs\Policies\
Property(S): policydir.30729.6161.policy_9_0_Microsoft_VC90_MFC_x64.QFE.A2ADBFF3_39A4_3465_8495_2A4B21A67257 = C:\windows\winsxs\Policies\amd64_policy.9.0.Microsoft.VC90.MFC_1fc8b3b9a1e18e3b_x-ww_aea75d50\
Property(S): WindowsFolder.30729.6161.policy_9_0_Microsoft_VC90_MFC_x64.QFE.A2ADBFF3_39A4_3465_8495_2A4B21A67257 = C:\windows\
Property(S): WinSxsDirectory.30729.6161.policy_9_0_Microsoft_VC90_OpenMP_x64.QFE.74B34459_B7EA_33B5_8BB4_E7885E3207D2 = C:\windows\winsxs\
Property(S): payload_ul.30729.6161.policy_9_0_Microsoft_VC90_OpenMP_x64.QFE.74B34459_B7EA_33B5_8BB4_E7885E3207D2 = C:\windows\winsxs\amd64_policy.9.0.microsoft.vc90.openmp_1fc8b3b9a1e18e3b_9.0.30729.6161_none_c6e675e4a2af6563\
Property(S): WinSxsPolicies.30729.6161.policy_9_0_Microsoft_VC90_OpenMP_x64.QFE.74B34459_B7EA_33B5_8BB4_E7885E3207D2 = C:\windows\winsxs\Policies\
Property(S): policydir.30729.6161.policy_9_0_Microsoft_VC90_OpenMP_x64.QFE.74B34459_B7EA_33B5_8BB4_E7885E3207D2 = C:\windows\winsxs\Policies\amd64_policy.9.0.Microsoft.VC90.OpenMP_1fc8b3b9a1e18e3b_x-ww_ca951597\
Property(S): WindowsFolder.30729.6161.policy_9_0_Microsoft_VC90_OpenMP_x64.QFE.74B34459_B7EA_33B5_8BB4_E7885E3207D2 = C:\windows\
Property(S): _5E9F80B19F1C41AC9C2FFC5E6DDEC809 = C:\ProgramData\Mastercam\MachineSimulation\MachSim\1_3AXGEN_VMC\
Property(S): _A7828E7555EB4BAE98D597F15935E86F = C:\ProgramData\Mastercam\MachineSimulation\MachSim\2_4AXGEN_VMCTA\
Property(S): _FE23BC207ACC491E91FF2B6439EA3FD8 = C:\ProgramData\Mastercam\MachineSimulation\MachSim\3_4AXGEN_HMCTB\
Property(S): _0C8A46D5362E4617B2C1554B290454F6 = C:\ProgramData\Mastercam\MachineSimulation\MachSim\4_5AXGEN_VMCTTBC\
Property(S): _CF7DE2E21B504D0C8463DEDAB3F01E81 = C:\ProgramData\Mastercam\MachineSimulation\MachSim\5AxHeadHead\
Property(S): _B3B0EF26E57F4B78AFF7A3F59A712B11 = C:\ProgramData\Mastercam\MachineSimulation\MachSim\5_5AXGEN_VMCTTAB\
Property(S): _FEE5EDDCF668423991F55CFFD5467330 = C:\ProgramData\Mastercam\MachineSimulation\MachSim\6_5AXGEN_VMCHTAC\
Property(S): _591DB9EEC08A4738BFC617B749896042 = C:\ProgramData\Mastercam\MachineSimulation\MachSim\7_5AXGEN_VMCHTBC\
Property(S): _1F58631604F240DC88FCA3CFD01B2F38 = C:\ProgramData\Mastercam\MachineSimulation\MachSim\8_5XDMU_VMCTTBC\
Property(S): _DC61FE006132419BACC5078BF7D71399 = C:\ProgramData\Mastercam\MachineSimulation\MachSim\9_5XBOSTO_VMCHTBA\
Property(S): _E6437030F3D5485F83285F018BC7A7BE = C:\ProgramData\Mastercam\MachineSimulation\MachSim\A1_5XHURCO_VMCTTAC\
Property(S): _5DB6863885CE4548B1114CA8528C5D7F = C:\ProgramData\Mastercam\MachineSimulation\MachSim\A2_5XKOMO_VMCHHCB\
Property(S): _D60EA52B908545219E1FC623989325DD = C:\ProgramData\Mastercam\MachineSimulation\MachSim\A3_5XLASER_VMCHHCA\
Property(S): _C8DA97AC61D742F9A8401B57FA368D96 = C:\ProgramData\Mastercam\MachineSimulation\MachSim\A4_5XMAGNUM_VMCTTBC\
Property(S): _749BF5DB5AD74136A7F81CCADB7A3171 = C:\ProgramData\Mastercam\MachineSimulation\MachSim\A5_5XMILLAC_VMCHHBA\
Property(S): _B133F0A7EB4D4E5585241428EB68627B = C:\ProgramData\Mastercam\MachineSimulation\MachSim\A6_5XRHINO_VMCHTBA\
Property(S): _802C37AF50EB4EBB80DF60EA62648CDC = C:\ProgramData\Mastercam\MachineSimulation\MachSim\A7_5XRHINO_VMCTTAC\
Property(S): _04A842861DB54F818D8AA2AD5E407BE5 = C:\ProgramData\Mastercam\MachineSimulation\MachSim\A8_HERMLE_VMCTTAC\
Property(S): _E5BF3A290E5D41C191C4DE9BFCD3D5D8 = C:\ProgramData\Mastercam\MachineSimulation\MachSim\A9_CENTROID_VMCHTAB\
Property(S): _8B5114FC66BC4BCD905538795AA486EC = C:\ProgramData\Mastercam\MachineSimulation\MachSim\Horiz4Front\
Property(S): _A1711389F3484B9CBA51240B0FC74378 = C:\ProgramData\Mastercam\wire\Power\AccuteX\Docs\
Property(S): _43780DF68A4A4B9BB1BBCC3BA093D305 = C:\ProgramData\Mastercam\wire\Power\AccuteX\English\
Property(S): _486A7848AAB74336959FF40D41B3AE2F = C:\ProgramData\Mastercam\wire\Power\AccuteX\English\_004 Dia Wire\
Property(S): _C69405B854284B2DAC85718DB23335C5 = C:\ProgramData\Mastercam\wire\Power\AccuteX\English\_004 Dia Wire\SKD-Steel\
Property(S): _585211E7C90E46F2911C334D9C865882 = C:\ProgramData\Mastercam\wire\Power\AccuteX\English\_006 Dia Wire\
Property(S): _2D644CC4E0DC4619994299207BB98457 = C:\ProgramData\Mastercam\wire\Power\AccuteX\English\_006 Dia Wire\SKD-Steel\
Property(S): _D5A2B409828C4A289E4507F5136D82A3 = C:\ProgramData\Mastercam\wire\Power\AccuteX\English\_008 Dia Wire\
Property(S): _05B0FC222CC44EBD862DF81157B71F07 = C:\ProgramData\Mastercam\wire\Power\AccuteX\English\_008 Dia Wire\Copper\
Property(S): _BE97F7F5138B4A51B037543CB6C6D41A = C:\ProgramData\Mastercam\wire\Power\AccuteX\English\_008 Dia Wire\SKD-Steel\
Property(S): _E9A99C2CB8714A6B95D6FA182294B6F1 = C:\ProgramData\Mastercam\wire\Power\AccuteX\English\_008 Dia Wire\Tungsten\
Property(S): _25216450377445BDAEE8558F1308AB4A = C:\ProgramData\Mastercam\wire\Power\AccuteX\English\_010 Dia Wire\
Property(S): _6D587F76CEB24BFA87DE3D39DA73E71A = C:\ProgramData\Mastercam\wire\Power\AccuteX\English\_010 Dia Wire\Aluminum\
Property(S): _34CFDCDEDC124729907CCAE0168B6B63 = C:\ProgramData\Mastercam\wire\Power\AccuteX\English\_010 Dia Wire\Copper\
Property(S): _F8DC6326683F425A827817E723237BEF = C:\ProgramData\Mastercam\wire\Power\AccuteX\English\_010 Dia Wire\SKD-Steel\
Property(S): _2D45023031DE409D8DE11FC2D250FA3E = C:\ProgramData\Mastercam\wire\Power\AccuteX\English\_010 Dia Wire\Tungsten\
Property(S): _55A69508238B481796B2EE0233942836 = C:\ProgramData\Mastercam\wire\Power\AccuteX\English\_012 Dia Wire\
Property(S): _28C8CAAD626D495B88B997218CDEDD91 = C:\ProgramData\Mastercam\wire\Power\AccuteX\English\_012 Dia Wire\Aluminum\
Property(S): _9DB2047D074F47ABB39DEDE20F22EEFD = C:\ProgramData\Mastercam\wire\Power\AccuteX\English\_012 Dia Wire\SKD-Steel\
Property(S): _54A583EB9FCF485891ECB565DC925759 = C:\ProgramData\Mastercam\wire\Power\AccuteX\Metric\
Property(S): _149AB7DDCA4A42B09C0BCD2590D28C99 = C:\ProgramData\Mastercam\wire\Power\AccuteX\Metric\_004 Dia Wire\
Property(S): _EC3E7340A7C34527A7B9779804DE3579 = C:\ProgramData\Mastercam\wire\Power\AccuteX\Metric\_004 Dia Wire\SKD-Steel\
Property(S): _D1F40864651E49D4A1462BFC78D22645 = C:\ProgramData\Mastercam\wire\Power\AccuteX\Metric\_006 Dia Wire\
Property(S): _39A9BE58F9C54884BAC1F3ADD3783D37 = C:\ProgramData\Mastercam\wire\Power\AccuteX\Metric\_006 Dia Wire\SKD-Steel\
Property(S): _572305BC718E44C59D7C3F7606105433 = C:\ProgramData\Mastercam\wire\Power\AccuteX\Metric\_008 Dia Wire\
Property(S): _96B71C0E03634BE4A0EC3F7A45FD89CD = C:\ProgramData\Mastercam\wire\Power\AccuteX\Metric\_008 Dia Wire\Copper\
Property(S): _7485238F507E48E4A9E1E65F2F2927AA = C:\ProgramData\Mastercam\wire\Power\AccuteX\Metric\_008 Dia Wire\SKD-Steel\
Property(S): _7E752F14E81A493C8CEBE618E6AA41AA = C:\ProgramData\Mastercam\wire\Power\AccuteX\Metric\_008 Dia Wire\Tungsten\
Property(S): _7339E0BD123A4B91A4E9B2A2836CE981 = C:\ProgramData\Mastercam\wire\Power\AccuteX\Metric\_010 Dia Wire\
Property(S): _40A3D8E1D36F4506935FE415837854A9 = C:\ProgramData\Mastercam\wire\Power\AccuteX\Metric\_010 Dia Wire\Aluminum\
Property(S): _AC15F61EBFF54622A970D94CD197CFDF = C:\ProgramData\Mastercam\wire\Power\AccuteX\Metric\_010 Dia Wire\Copper\
Property(S): _8085A7B1DF67419E9AF3F17F4B9B0EEE = C:\ProgramData\Mastercam\wire\Power\AccuteX\Metric\_010 Dia Wire\SKD-Steel\
Property(S): _FF6CE04B0826441DB75B6DBCA5DAD28F = C:\ProgramData\Mastercam\wire\Power\AccuteX\Metric\_010 Dia Wire\Tungsten\
Property(S): _DABBB16DA2BF43E786DD6C000852CCEA = C:\ProgramData\Mastercam\wire\Power\AccuteX\Metric\_012 Dia Wire\
Property(S): _686AA5EDD9124908912D80C0E4221DC3 = C:\ProgramData\Mastercam\wire\Power\AccuteX\Metric\_012 Dia Wire\Aluminum\
Property(S): _7FEA35AC642049C7B8245F16659B3762 = C:\ProgramData\Mastercam\wire\Power\AccuteX\Metric\_012 Dia Wire\SKD-Steel\
Property(S): _133FCBB2387B41649145A5D2C8914F8C = C:\ProgramData\Mastercam\wire\Power\Mits\English\
Property(S): _9277127D98054CC58A7B6A26F6B98A44 = C:\ProgramData\Mastercam\wire\Power\Mits\English\006 DIA BRASS WIRE\
Property(S): _BB36EDAABF7246C18EC3B18FD63F503A = C:\ProgramData\Mastercam\wire\Power\Mits\English\008 DIA BRASS WIRE\
Property(S): _8024003A7CE94C139EB283471F771067 = C:\ProgramData\Mastercam\wire\Power\Mits\English\010 DIA BRASS WIRE\
Property(S): _8872F7DD69A04ECF8329A2A3A457EEE8 = C:\ProgramData\Mastercam\wire\Power\Mits\English\012 DIA BRASS WIRE\
Property(S): _F8F8CFD4F2EB4A6291C0F04D3CCBE1A7 = C:\ProgramData\Mastercam\wire\Power\Mits\Metric\
Property(S): _041611964FC24687B2789884C54BC557 = C:\ProgramData\Mastercam\wire\Power\Mits\Metric\A0\
Property(S): _400096C5F317444B9D9331697F027694 = C:\ProgramData\Mastercam\wire\Power\Mits\Metric\A0\COPPER\
Property(S): _8EFDCEA70B6E4104B85932D212D87A3C = C:\ProgramData\Mastercam\wire\Power\Mits\Metric\A0\STEEL\
Property(S): _04A64630E2524BEC88921738C4F4F5F5 = C:\ProgramData\Mastercam\wire\Power\Mits\Metric\A1\
Property(S): _3598D83EEA2D4B99944942C7407ED13F = C:\ProgramData\Mastercam\wire\Power\Mits\Metric\A1\COPPER\
Property(S): _B3C93AFA185746B39E69AA6EF3B42502 = C:\ProgramData\Mastercam\wire\Power\Mits\Metric\A1\STEEL\
Property(S): _8ABE1B3EA288495686D062E8A48F78AC = C:\ProgramData\Mastercam\NET-Scripts\ArchiveManager\
Property(S): _312524E032264A1BA467F33EEAA42C94 = C:\ProgramData\Mastercam\NET-Scripts\BatchImportDxf\
Property(S): _C9B6C80BB7BB4F4CAB8CE05431AC7B60 = C:\ProgramData\Mastercam\NET-Scripts\BatchImportX4-X9\
Property(S): _388E370A16384873B5C57D05AA6D7A24 = C:\ProgramData\Mastercam\NET-Scripts\CreateAndSelectGeometry\
Property(S): _23A9651109FE4416929543C457932F30 = C:\ProgramData\Mastercam\NET-Scripts\CreateBoltCircle\
Property(S): _B7D03119253B4B95A6C33CFF8E4CF9A8 = C:\ProgramData\Mastercam\NET-Scripts\CreateDXFfile\
Property(S): _50A5C2388E5E49559CBE674E0C75AE52 = C:\ProgramData\Mastercam\NET-Scripts\CreateLetters\
Property(S): _2696C3BA7DCC47599338C1BDBF49BC8C = C:\ProgramData\Mastercam\NET-Scripts\CreatePanel\
Property(S): _29AE4574484549FAAD6A1996F07F7157 = C:\ProgramData\Mastercam\NET-Scripts\CreatePoints\
Property(S): _AD0D0994ECB345CA8B22C220B3615C72 = C:\ProgramData\Mastercam\NET-Scripts\CreateRectangles\
Property(S): _4DD823386A6D46488DDD0BD542A2F2D3 = C:\ProgramData\Mastercam\NET-Scripts\CreateStar\
Property(S): _BADC81ABD33F495392ECBE81D16BDFA4 = C:\ProgramData\Mastercam\NET-Scripts\DialogManager\
Property(S): _4DBB6FCA88D540D694B522753AEC3900 = C:\ProgramData\Mastercam\NET-Scripts\DrillPartFile\
Property(S): _6B3A90E1FB244999829B7BBB24A6E095 = C:\ProgramData\Mastercam\NET-Scripts\Entities\
Property(S): _4DDA06C15016486DABCEDD1D22CB4699 = C:\ProgramData\Mastercam\NET-Scripts\Filtering\
Property(S): _F1CF5CA748504E038F89CEC10C1CFECB = C:\ProgramData\Mastercam\NET-Scripts\LevelManager\
Property(S): _E9743C764AAA4E77A6235D84A15C2CF8 = C:\ProgramData\Mastercam\NET-Scripts\PointsLinesArcs\
Property(S): _574F57328E2949C7BC6CBCCC7869C0C5 = C:\ProgramData\Mastercam\NET-Scripts\RegistryManager\
Property(S): _98E5DEECED7B4DE5BFE4A10A1788DC03 = C:\ProgramData\Mastercam\NET-Scripts\RenameNCI\
Property(S): _B78D77BB4FE5478AA85EBB1EBA541714 = C:\ProgramData\Mastercam\NET-Scripts\ReverseChainAndToolSide\
Property(S): _1D37740B7AB24B7AA6C67965CB63D361 = C:\ProgramData\Mastercam\NET-Scripts\RotateGeometry\
Property(S): _D859FEB6C0BE4BBD962369C65D4B0B23 = C:\ProgramData\Mastercam\NET-Scripts\SimAccessManaged\
Property(S): _009BB9BF21C546DB90CA3E2147DF5D10 = C:\ProgramData\Mastercam\NET-Scripts\Solids\
Property(S): _E863B0EB5A164E69AC631179C18D6C38 = C:\ProgramData\Mastercam\NET-Scripts\ToolNetApi\
Property(S): _748BD4D8A5CA4D81AC1F5C52F6B62724 = C:\ProgramData\Mastercam\NET-Scripts\ViewSheets\
Property(S): _6899C8C68232424B9EB6FDCB3CDEF9F4 = C:\ProgramData\Mastercam\NET-Scripts\ViewSheets\ViewSheets\
Property(S): _E76C0BCF349A4C3EA3EF70B27776B8D5 = C:\ProgramData\Mastercam\NET-Scripts\Workplanes\
Property(S): _2E575EAE3AF94E9E94828AA8A3A74112 = C:\ProgramData\Mastercam\NET-Scripts\Workplanes\Workplanes\
Property(S): Redist.3207D1B0_80E5_11D2_B95D_006097C4DE24 = C:\windows\syswow64\
Property(S): MS.3207D1B0_80E5_11D2_B95D_006097C4DE24 = C:\windows\syswow64\
Property(S): System.3207D1B0_80E5_11D2_B95D_006097C4DE24 = C:\windows\syswow64\
Property(S): MS.576D64B0_7413_11D2_B954_006097C4DE24 = C:\windows\syswow64\
Property(S): Redist.576D64B0_7413_11D2_B954_006097C4DE24 = C:\windows\syswow64\
Property(S): System.576D64B0_7413_11D2_B954_006097C4DE24 = C:\windows\syswow64\
Property(S): NetHoodFolder = C:\users\asdf\AppData\Roaming\Microsoft\Windows\Network Shortcuts\
Property(S): PrintHoodFolder = C:\users\asdf\AppData\Roaming\Microsoft\Windows\Printer Shortcuts\
Property(S): RecentFolder = C:\users\asdf\AppData\Roaming\Microsoft\Windows\Recent\
Property(S): DIR27.6FC97963_2511_11D4_BB8A_00C04F20D375 = C:\Program Files (x86)\Your Company Name\
Property(S): INSTALLDIR.6FC97963_2511_11D4_BB8A_00C04F20D375 = C:\Program Files (x86)\Your Company Name\Default\
Property(S): ISCONDITIONSMET = 1
Property(S): System.7EBEDD1C_AA66_11D2_B980_006097C4DE24 = C:\windows\syswow64\
Property(S): MS.7EBEDD1C_AA66_11D2_B980_006097C4DE24 = C:\windows\syswow64\
Property(S): Redist.7EBEDD1C_AA66_11D2_B980_006097C4DE24 = C:\windows\syswow64\
Property(S): MS.3207D1B9_80E5_11D2_B95D_006097C4DE24 = C:\windows\syswow64\
Property(S): Redist.3207D1B9_80E5_11D2_B95D_006097C4DE24 = C:\windows\syswow64\
Property(S): System.3207D1B9_80E5_11D2_B95D_006097C4DE24 = C:\windows\syswow64\
Property(S): MS.7EBEDD3D_AA66_11D2_B980_006097C4DE24 = C:\windows\syswow64\
Property(S): Redist.7EBEDD3D_AA66_11D2_B980_006097C4DE24 = C:\windows\syswow64\
Property(S): System.7EBEDD3D_AA66_11D2_B980_006097C4DE24 = C:\windows\syswow64\
Property(S): MS.8C0C59A0_7DC8_11D2_B95D_006097C4DE24 = C:\windows\syswow64\
Property(S): Redist.8C0C59A0_7DC8_11D2_B95D_006097C4DE24 = C:\windows\syswow64\
Property(S): System.8C0C59A0_7DC8_11D2_B95D_006097C4DE24 = C:\windows\syswow64\
Property(S): INSTALLDIR.E41D22B8_89E8_11D6_A8E3_00B0D0419B9B = C:\
Property(S): MINIEVERSION = 4.71.1712.6
Property(S): CHECK_IE_VERSION = 0
Property(S): WSHCOMMANDLINE = /q /r:n
Property(S): DELAY_WSH_REBOOT = 0
Property(S): THISWSHVERSION = 5.6.0.6626
Property(S): CNC_INSTALL_COMMON_DLLS = yes
Property(S): CNC_LANGUAGEPACK_VERSION = 0.0.0.0
Property(S): CNC_MCDESCRDLL_COUNT = 0
Property(S): CNC_MCICONHANDLERDLL_COUNT = 0
Property(S): CNC_MCPREVIEWHANDLERDLL_COUNT = 0
Property(S): CNC_MCVIEWDLL_COUNT = 0
Property(S): CNC_UNIT_TYPE_TEMP = I
Property(S): ISJITCOMPILEATINSTALLPROPERTYPARENT = C:\windows\Microsoft.NET\Framework64\
Property(S): PROGRAMDATAPROP = C:\ProgramData\
Property(S): ISCHECKFORPRODUCTUPDATES = 1
Property(S): _BrowseProperty = 0
Property(S): ApplicationUsers = AllUsers
Property(S): AgreeToLicense = No
Property(S): _IsMaintenance = Change
Property(S): RestartManagerOption = CloseRestart
Property(S): SetupType = Typical
Property(S): _IsSetupTypeMin = Typical
Property(S): Display_IsBitmapDlg = 1
Property(S): CNC_REGISTRATION_PARAM = /s
Property(S): CNC_UNIT_TYPE = I
Property(S): CNC_DEST_SHARED_DLG_DESC = Click Next to accept the default paths, or click Change to specify a different path.
Property(S): CNC_DEST_SHARED_DLG_TITLE = Destination And Shared Folders
Property(S): ARPNOMODIFY = 1
Property(S): ARPNOREPAIR = 1
Property(S): ARPPRODUCTICON = ARPPRODUCTICON.exe
Property(S): ARPURLINFOABOUT = www.mastercam.com
Property(S): CNC_AUS_AUTOCHECK = 1
Property(S): CNC_COMPILER_VERSION = 0
Property(S): CNC_ERROR_LANGUAGEPACK_ALREADY_INSTALLED = 0
Property(S): CNC_ERROR_SUBPRODUCT_CANT_BE_INSTALLED = Could not find any previously installed compliant products on the machine for installing this product.
Property(S): CNC_INCLUDE_UNINSTALL_REG = No
Property(S): CNC_INSTALL_ATP = Y
Property(S): CNC_INSTALL_CIMCO_EDITOR = Y
Property(S): CNC_INSTALL_CORE_MACHINES_AND_POSTS = Y
Property(S): CNC_INSTALL_LEGACY_DEPENDENCIES = Y
Property(S): CNC_INSTALL_MACHSIM = Y
Property(S): CNC_INSTALL_OPTIONAL_LATHE = Y
Property(S): CNC_INSTALL_OPTIONAL_MILL = Y
Property(S): CNC_INSTALL_OPTIONAL_ROUTER = Y
Property(S): CNC_INSTALL_OPTIONAL_WIRE = Y
Property(S): CNC_LANGUAGEPACKPROVIDER = Mastercam
Property(S): CNC_MCSHELLTTHANDLERDLL_COUNT = 0
Property(S): CNC_RUN_NGEN = 1
Property(S): CNC_SAMPLES_INCH = 1
Property(S): CNC_SAMPLES_METRIC = 1
Property(S): CNC_SHORTCUT_PRODUCT = MAIN
Property(S): CNC_SUITE_GUID = {F25E5DEF-DB04-4C91-A400-2CF4E3FC2989}
Property(S): CNC_SVN_REV = 0b30cc0862fbe5fa52314e1e3cb89f36ea244735
Property(S): CNC_UNINSTALL_PROD = 0
Property(S): CNC_VALID_INSTALLDIR = 1
Property(S): DWUSINTERVAL = 30
Property(S): DWUSLINK = CECC97C829CBD7E8AEACC7A8BEEB978FA99B908F59BBB01FCE9C379F6E0BA08FBEBBF0AF7EAC
Property(S): DefaultUIFont = Tahoma8
Property(S): DialogCaption = InstallShield for Windows Installer
Property(S): DisplayNameCustom = Custom
Property(S): DisplayNameMinimal = Minimal
Property(S): DisplayNameTypical = Typical
Property(S): ENABLE_IF_DATA_DIRECTORY = c:\dump\Interfacial\
Property(S): ErrorDialog = SetupError
Property(S): INSTALLLEVEL = 100
Property(S): ISVROOT_PORT_NO = 0
Property(S): IS_COMPLUS_PROGRESSTEXT_COST = Costing COM+ application: 
Property(S): IS_COMPLUS_PROGRESSTEXT_INSTALL = Installing COM+ application: 
Property(S): IS_COMPLUS_PROGRESSTEXT_UNINSTALL = Uninstalling COM+ application: 
Property(S): IS_PREVENT_DOWNGRADE_EXIT = A newer version of this application is already installed on this computer. If you wish to install this version, please uninstall the newer version first. Click OK to exit the wizard.
Property(S): IS_PROGMSG_TEXTFILECHANGS_REPLACE = Replacing %s with %s in %s...
Property(S): IS_PROGMSG_XML_COSTING = Costing XML files...
Property(S): IS_PROGMSG_XML_CREATE_FILE = Creating XML file %s...
Property(S): IS_PROGMSG_XML_FILES = Performing XML file changes...
Property(S): IS_PROGMSG_XML_REMOVE_FILE = Removing XML file %s...
Property(S): IS_PROGMSG_XML_ROLLBACK_FILES = Rolling back XML file changes...
Property(S): IS_PROGMSG_XML_UPDATE_FILE = Updating XML file %s...
Property(S): IS_SQLSERVER_AUTHENTICATION = 0
Property(S): IS_SQLSERVER_USERNAME = sa
Property(S): InstallChoice = AR
Property(S): LCID = en
Property(S): MCAM_DOC_FLYOUT_FOLDER = Documentation
Property(S): MCAM_UTILITIES_FLYOUT_FOLDER = Utilities
Property(S): MSIRESTARTMANAGERCONTROL = Disable
Property(S): Manufacturer = CNC Software, LLC
Property(S): MsiLogging = voicewarmup
Property(S): PIDTemplate = 12345<###-%%%%%%%>@@@@@
Property(S): PRODRILL_DOC_FLYOUT_FOLDER = Documentation
Property(S): PROGMSG_IIS_CREATEAPPPOOL = Creating application pool %s
Property(S): PROGMSG_IIS_CREATEAPPPOOLS = Creating application Pools...
Property(S): PROGMSG_IIS_CREATEVROOT = Creating IIS virtual directory %s
Property(S): PROGMSG_IIS_CREATEVROOTS = Creating IIS virtual directories...
Property(S): PROGMSG_IIS_CREATEWEBSERVICEEXTENSION = Creating web service extension
Property(S): PROGMSG_IIS_CREATEWEBSERVICEEXTENSIONS = Creating web service extensions...
Property(S): PROGMSG_IIS_CREATEWEBSITE = Creating IIS website %s
Property(S): PROGMSG_IIS_CREATEWEBSITES = Creating IIS websites...
Property(S): PROGMSG_IIS_EXTRACT = Extracting information for IIS virtual directories...
Property(S): PROGMSG_IIS_EXTRACTDONE = Extracted information for IIS virtual directories...
Property(S): PROGMSG_IIS_EXTRACTDONEz = Extracted information for IIS virtual directories...
Property(S): PROGMSG_IIS_EXTRACTzDONE = Extracted information for IIS virtual directories...
Property(S): PROGMSG_IIS_REMOVEAPPPOOL = Removing application pool
Property(S): PROGMSG_IIS_REMOVEAPPPOOLS = Removing application pools...
Property(S): PROGMSG_IIS_REMOVESITE = Removing web site at port %d
Property(S): PROGMSG_IIS_REMOVEVROOT = Removing IIS virtual directory %s
Property(S): PROGMSG_IIS_REMOVEVROOTS = Removing IIS virtual directories...
Property(S): PROGMSG_IIS_REMOVEWEBSERVICEEXTENSION = Removing web service extension
Property(S): PROGMSG_IIS_REMOVEWEBSERVICEEXTENSIONS = Removing web service extensions...
Property(S): PROGMSG_IIS_REMOVEWEBSITES = Removing IIS websites...
Property(S): PROGMSG_IIS_ROLLBACKAPPPOOLS = Rolling back application pools...
Property(S): PROGMSG_IIS_ROLLBACKVROOTS = Rolling back virtual directory and web site changes...
Property(S): PROGMSG_IIS_ROLLBACKWEBSERVICEEXTENSIONS = Rolling back web service extensions...
Property(S): ProductID = none
Property(S): ProductLanguage = 1033
Property(S): ProductName = Mastercam 2027
Property(S): ProductVersion = 29.0.10172.0
Property(S): ProgressType0 = install
Property(S): ProgressType1 = Installing
Property(S): ProgressType2 = installed
Property(S): ProgressType3 = installs
Property(S): RebootYesNo = Yes
Property(S): ReinstallModeText = omus
Property(S): SHOWLAUNCHPROGRAM = 0
Property(S): SecureCustomProperties = ISFOUNDNEWERPRODUCTVERSION;USERNAME;COMPANYNAME;ISX_SERIALNUM;SUPPORTDIR;INSTALLDIR;CNC_UNIT_TYPE_TEMP;CNC_X86;SHAREDDEFAULTS;IIS_VERSION;SHAREDDEFAULTS;ISJITNGENPROPERTY;ISJITCOMPILEATINSTALLPROPERTYPARENT;CNC_UNIT_TYPE;CNC_SIM_TYPE;CNC_MASTERCAM_TIMESTAMP;CNC_MASTERCAM_INSTALLDIR;CNC_INSTALL_COMMON_DLLS;CNC_MCDESCRDLL_COUNT;CNC_MCICONHANDLERDLL_COUNT;CNC_MCPREVIEWHANDLERDLL_COUNT;CNC_MCVIEWDLL_COUNT;CNC_INSTALL_PROTOTYPE_COMPONENTS;CNC_UNINSTALLER_VERSION;CNC_MASTERCAM_SHAREDDIR;POWERSHELLVERSION;CNC_MASTERCAM_SHAREDDIR_USER;PROGRAMDATAPROP;AUTODESKPROP;APPLICATIONPLUGINSPROP;CNC_MASTERCAM_TIMESTAMP;CNC_LANGUAGEPACK_VERSION
Property(S): SetupFinishInstall = 0
Property(S): UserDefLoc = 0
Property(S): ISReleaseFlags = MASTERCAM, COMMON_SUPPORT, CODEMETER, X64_ONLY, MCAM_FAMILY
Property(S): ARPINSTALLLOCATION = C:\Program Files\Mastercam 2027\
Property(S): InstallShieldTempProp = 0
Property(S): OutOfDiskSpace = 0
Property(S): OutOfNoRbDiskSpace = 0
Property(S): CustomActionData = C:\Program Files\Mastercam 2027\;C:\Program Files\Common Files\;C:\windows\;/s;_MAIN
1: 2 2: 0 
1: 2 2: 1 
Action ended 12:09:36: INSTALL. Return value 1.
