241792.158:0158:trace:relay:load_list L"RelayInclude" = L"user32.ValidateRect;user32.ValidateRgn;user32.GetUpdateRect;user32.GetUpdateRgn;user32.InvalidateRect;user32.InvalidateRgn;user32.UpdateWindow;user32.RedrawWindow;user32.BeginPaint;user32.EndPaint;user32.ShowWindow;user32.SetWindowPos;user32.SendMessageW;user32.PostMessageW;user32.DefWind"...
241792.167:0158:Call PE DLL (proc=00006FFFFFBD5690,module=00006FFFFFBC0000 L"ntdll.dll",reason=PROCESS_ATTACH,res=00007FFFFE23FB00)
241792.167:0158:Ret  PE DLL (proc=00006FFFFFBD5690,module=00006FFFFFBC0000 L"ntdll.dll",reason=PROCESS_ATTACH,res=00007FFFFE23FB00) retval=1
241792.167:0158:Call PE DLL (proc=00006FFFFF37A520,module=00006FFFFF360000 L"kernelbase.dll",reason=PROCESS_ATTACH,res=00007FFFFE23FB00)
241792.168:0158:Ret  PE DLL (proc=00006FFFFF37A520,module=00006FFFFF360000 L"kernelbase.dll",reason=PROCESS_ATTACH,res=00007FFFFE23FB00) retval=1
241792.168:0158:Call PE DLL (proc=00006FFFFF9F9420,module=00006FFFFF9E0000 L"kernel32.dll",reason=PROCESS_ATTACH,res=00007FFFFE23FB00)
241792.168:0158:Ret  PE DLL (proc=00006FFFFF9F9420,module=00006FFFFF9E0000 L"kernel32.dll",reason=PROCESS_ATTACH,res=00007FFFFE23FB00) retval=1
241792.168:0158:Call PE DLL (proc=00006FFFFEE6B730,module=00006FFFFEE60000 L"msvcrt.dll",reason=PROCESS_ATTACH,res=00007FFFFE23FB00)
241792.169:0158:Ret  PE DLL (proc=00006FFFFEE6B730,module=00006FFFFEE60000 L"msvcrt.dll",reason=PROCESS_ATTACH,res=00007FFFFE23FB00) retval=1
241792.169:0158:Call PE DLL (proc=00006FFFFE998580,module=00006FFFFE980000 L"ucrtbase.dll",reason=PROCESS_ATTACH,res=00007FFFFE23FB00)
241792.169:0158:Ret  PE DLL (proc=00006FFFFE998580,module=00006FFFFE980000 L"ucrtbase.dll",reason=PROCESS_ATTACH,res=00007FFFFE23FB00) retval=1
241792.169:0158:Call PE DLL (proc=00006FFFFEDC5370,module=00006FFFFEDC0000 L"sechost.dll",reason=PROCESS_ATTACH,res=00007FFFFE23FB00)
241792.169:0158:Ret  PE DLL (proc=00006FFFFEDC5370,module=00006FFFFEDC0000 L"sechost.dll",reason=PROCESS_ATTACH,res=00007FFFFE23FB00) retval=1
241792.169:0158:Call PE DLL (proc=00006FFFFF212180,module=00006FFFFF200000 L"advapi32.dll",reason=PROCESS_ATTACH,res=00007FFFFE23FB00)
241792.169:0158:Ret  PE DLL (proc=00006FFFFF212180,module=00006FFFFF200000 L"advapi32.dll",reason=PROCESS_ATTACH,res=00007FFFFE23FB00) retval=1
241792.169:0158:Call PE DLL (proc=00006FFFFD6B7A90,module=00006FFFFD6A0000 L"win32u.dll",reason=PROCESS_ATTACH,res=00007FFFFE23FB00)
241792.169:0158:Ret  PE DLL (proc=00006FFFFD6B7A90,module=00006FFFFD6A0000 L"win32u.dll",reason=PROCESS_ATTACH,res=00007FFFFE23FB00) retval=1
241792.169:0158:Call PE DLL (proc=00006FFFFD71F010,module=00006FFFFD700000 L"user32.dll",reason=PROCESS_ATTACH,res=00007FFFFE23FB00)
241792.251:0158:Call PE DLL (proc=00006FFFFB4B3510,module=00006FFFFB4B0000 L"imm32.dll",reason=PROCESS_ATTACH,res=0000000000000000)
241792.251:0158:Ret  PE DLL (proc=00006FFFFB4B3510,module=00006FFFFB4B0000 L"imm32.dll",reason=PROCESS_ATTACH,res=0000000000000000) retval=1
241792.251:0158:Ret  PE DLL (proc=00006FFFFD71F010,module=00006FFFFD700000 L"user32.dll",reason=PROCESS_ATTACH,res=00007FFFFE23FB00) retval=1
241792.251:0158:Call PE DLL (proc=00006FFFFDD34690,module=00006FFFFDD20000 L"gdi32.dll",reason=PROCESS_ATTACH,res=00007FFFFE23FB00)
241792.251:0158:Ret  PE DLL (proc=00006FFFFDD34690,module=00006FFFFDD20000 L"gdi32.dll",reason=PROCESS_ATTACH,res=00007FFFFE23FB00) retval=1
241792.251:0158:Call PE DLL (proc=00006FFFFE403DE0,module=00006FFFFE400000 L"shcore.dll",reason=PROCESS_ATTACH,res=00007FFFFE23FB00)
241792.251:0158:Ret  PE DLL (proc=00006FFFFE403DE0,module=00006FFFFE400000 L"shcore.dll",reason=PROCESS_ATTACH,res=00007FFFFE23FB00) retval=1
241792.251:0158:Call PE DLL (proc=00006FFFFE47BBD0,module=00006FFFFE470000 L"shlwapi.dll",reason=PROCESS_ATTACH,res=00007FFFFE23FB00)
241792.251:0158:Ret  PE DLL (proc=00006FFFFE47BBD0,module=00006FFFFE470000 L"shlwapi.dll",reason=PROCESS_ATTACH,res=00007FFFFE23FB00) retval=1
241792.251:0158:Call PE DLL (proc=00006FFFFC8A3540,module=00006FFFFC890000 L"shell32.dll",reason=PROCESS_ATTACH,res=00007FFFFE23FB00)
241792.251:0158:Ret  PE DLL (proc=00006FFFFC8A3540,module=00006FFFFC890000 L"shell32.dll",reason=PROCESS_ATTACH,res=00007FFFFE23FB00) retval=1
241792.251:0158:Starting thread proc 0000000140003CB0 (arg=00007FFFFE02D000)
241792.273:0160:trace:relay:load_list L"RelayInclude" = L"user32.ValidateRect;user32.ValidateRgn;user32.GetUpdateRect;user32.GetUpdateRgn;user32.InvalidateRect;user32.InvalidateRgn;user32.UpdateWindow;user32.RedrawWindow;user32.BeginPaint;user32.EndPaint;user32.ShowWindow;user32.SetWindowPos;user32.SendMessageW;user32.PostMessageW;user32.DefWind"...
241792.278:0160:Call PE DLL (proc=00006FFFFE2A27B0,module=00006FFFFE2A0000 L"wow64.dll",reason=PROCESS_ATTACH,res=0000000000000000)
241792.278:0160:Ret  PE DLL (proc=00006FFFFE2A27B0,module=00006FFFFE2A0000 L"wow64.dll",reason=PROCESS_ATTACH,res=0000000000000000) retval=1
241792.278:0160:Call PE DLL (proc=000000007BC618E0,module=000000007BC60000 L"wow64cpu.dll",reason=PROCESS_ATTACH,res=0000000000000000)
241792.278:0160:Ret  PE DLL (proc=000000007BC618E0,module=000000007BC60000 L"wow64cpu.dll",reason=PROCESS_ATTACH,res=0000000000000000) retval=1
241792.279:0160:Call PE DLL (proc=00006FFFFD6B7A90,module=00006FFFFD6A0000 L"win32u.dll",reason=PROCESS_ATTACH,res=0000000000000000)
241792.279:0160:Ret  PE DLL (proc=00006FFFFD6B7A90,module=00006FFFFD6A0000 L"win32u.dll",reason=PROCESS_ATTACH,res=0000000000000000) retval=1
241792.279:0160:Call PE DLL (proc=00006FFFFE132F30,module=00006FFFFE130000 L"wow64win.dll",reason=PROCESS_ATTACH,res=0000000000000000)
241792.279:0160:Ret  PE DLL (proc=00006FFFFE132F30,module=00006FFFFE130000 L"wow64win.dll",reason=PROCESS_ATTACH,res=0000000000000000) retval=1
241792.279:0160:trace:relay:load_list L"RelayInclude" = L"user32.ValidateRect;user32.ValidateRgn;user32.GetUpdateRect;user32.GetUpdateRgn;user32.InvalidateRect;user32.InvalidateRgn;user32.UpdateWindow;user32.RedrawWindow;user32.BeginPaint;user32.EndPaint;user32.ShowWindow;user32.SetWindowPos;user32.SendMessageW;user32.PostMessageW;user32.DefWind"...
241792.406:0160:Call PE DLL (proc=7BCA0C80,module=7BC90000 L"ntdll.dll",reason=PROCESS_ATTACH,res=0026FD24)
241792.406:0160:Ret  PE DLL (proc=7BCA0C80,module=7BC90000 L"ntdll.dll",reason=PROCESS_ATTACH,res=0026FD24) retval=1
241792.406:0160:Call PE DLL (proc=7B547670,module=7B530000 L"kernelbase.dll",reason=PROCESS_ATTACH,res=0026FD24)
241792.407:0160:Ret  PE DLL (proc=7B547670,module=7B530000 L"kernelbase.dll",reason=PROCESS_ATTACH,res=0026FD24) retval=1
241792.407:0160:Call PE DLL (proc=7BAE4A10,module=7BAD0000 L"kernel32.dll",reason=PROCESS_ATTACH,res=0026FD24)
241792.407:0160:Ret  PE DLL (proc=7BAE4A10,module=7BAD0000 L"kernel32.dll",reason=PROCESS_ATTACH,res=0026FD24) retval=1
241792.407:0160:Call PE DLL (proc=7ABAAB50,module=7ABA0000 L"msvcrt.dll",reason=PROCESS_ATTACH,res=0026FD24)
241792.407:0160:Ret  PE DLL (proc=7ABAAB50,module=7ABA0000 L"msvcrt.dll",reason=PROCESS_ATTACH,res=0026FD24) retval=1
241792.407:0160:Call PE DLL (proc=7A7D7070,module=7A7C0000 L"ucrtbase.dll",reason=PROCESS_ATTACH,res=0026FD24)
241792.407:0160:Ret  PE DLL (proc=7A7D7070,module=7A7C0000 L"ucrtbase.dll",reason=PROCESS_ATTACH,res=0026FD24) retval=1
241792.407:0160:Call PE DLL (proc=7AB14FC0,module=7AB10000 L"sechost.dll",reason=PROCESS_ATTACH,res=0026FD24)
241792.407:0160:Ret  PE DLL (proc=7AB14FC0,module=7AB10000 L"sechost.dll",reason=PROCESS_ATTACH,res=0026FD24) retval=1
241792.407:0160:Call PE DLL (proc=7AE80450,module=7AE70000 L"advapi32.dll",reason=PROCESS_ATTACH,res=0026FD24)
241792.407:0160:Ret  PE DLL (proc=7AE80450,module=7AE70000 L"advapi32.dll",reason=PROCESS_ATTACH,res=0026FD24) retval=1
241792.407:0160:Call PE DLL (proc=7A003170,module=79FF0000 L"win32u.dll",reason=PROCESS_ATTACH,res=0026FD24)
241792.407:0160:Ret  PE DLL (proc=7A003170,module=79FF0000 L"win32u.dll",reason=PROCESS_ATTACH,res=0026FD24) retval=1
241792.407:0160:Call PE DLL (proc=7A062E00,module=7A050000 L"gdi32.dll",reason=PROCESS_ATTACH,res=0026FD24)
241792.407:0160:Ret  PE DLL (proc=7A062E00,module=7A050000 L"gdi32.dll",reason=PROCESS_ATTACH,res=0026FD24) retval=1
241792.407:0160:Call PE DLL (proc=7A2AF440,module=7A290000 L"user32.dll",reason=PROCESS_ATTACH,res=0026FD24)
241792.515:0160:Call PE DLL (proc=6B132E70,module=6B130000 L"imm32.dll",reason=PROCESS_ATTACH,res=00000000)
241792.515:0160:Ret  PE DLL (proc=6B132E70,module=6B130000 L"imm32.dll",reason=PROCESS_ATTACH,res=00000000) retval=1
241792.515:0160:Ret  PE DLL (proc=7A2AF440,module=7A290000 L"user32.dll",reason=PROCESS_ATTACH,res=0026FD24) retval=1
241792.515:0160:Call PE DLL (proc=7AF82260,module=7AF80000 L"MPR.dll",reason=PROCESS_ATTACH,res=0026FD24)
241792.515:0160:Ret  PE DLL (proc=7AF82260,module=7AF80000 L"MPR.dll",reason=PROCESS_ATTACH,res=0026FD24) retval=1
241792.515:0160:Call PE DLL (proc=79FB24A0,module=79FB0000 L"USERENV.dll",reason=PROCESS_ATTACH,res=0026FD24)
241792.515:0160:Ret  PE DLL (proc=79FB24A0,module=79FB0000 L"USERENV.dll",reason=PROCESS_ATTACH,res=0026FD24) retval=1
241792.515:0160:Call PE DLL (proc=79F81300,module=79F80000 L"VERSION.dll",reason=PROCESS_ATTACH,res=0026FD24)
241792.515:0160:Ret  PE DLL (proc=79F81300,module=79F80000 L"VERSION.dll",reason=PROCESS_ATTACH,res=0026FD24) retval=1
241792.515:0160:Call PE DLL (proc=79E82EA0,module=79E80000 L"dnsapi.dll",reason=PROCESS_ATTACH,res=0026FD24)
241792.515:0160:Ret  PE DLL (proc=79E82EA0,module=79E80000 L"dnsapi.dll",reason=PROCESS_ATTACH,res=0026FD24) retval=1
241792.515:0160:Call PE DLL (proc=79DA15B0,module=79DA0000 L"nsi.dll",reason=PROCESS_ATTACH,res=0026FD24)
241792.515:0160:Ret  PE DLL (proc=79DA15B0,module=79DA0000 L"nsi.dll",reason=PROCESS_ATTACH,res=0026FD24) retval=1
241792.515:0160:Call PE DLL (proc=79CF22E0,module=79CF0000 L"ws2_32.dll",reason=PROCESS_ATTACH,res=0026FD24)
241792.515:0160:Ret  PE DLL (proc=79CF22E0,module=79CF0000 L"ws2_32.dll",reason=PROCESS_ATTACH,res=0026FD24) retval=1
241792.515:0160:Call PE DLL (proc=79DE5230,module=79DE0000 L"iphlpapi.dll",reason=PROCESS_ATTACH,res=0026FD24)
241792.515:0160:Ret  PE DLL (proc=79DE5230,module=79DE0000 L"iphlpapi.dll",reason=PROCESS_ATTACH,res=0026FD24) retval=1
241792.515:0160:Call PE DLL (proc=79CC1520,module=79CC0000 L"netutils.dll",reason=PROCESS_ATTACH,res=0026FD24)
241792.515:0160:Ret  PE DLL (proc=79CC1520,module=79CC0000 L"netutils.dll",reason=PROCESS_ATTACH,res=0026FD24) retval=1
241792.515:0160:Call PE DLL (proc=79A317B0,module=79A30000 L"cryptbase.dll",reason=PROCESS_ATTACH,res=0026FD24)
241792.515:0160:Ret  PE DLL (proc=79A317B0,module=79A30000 L"cryptbase.dll",reason=PROCESS_ATTACH,res=0026FD24) retval=1
241792.515:0160:Call PE DLL (proc=79A83A70,module=79A70000 L"rpcrt4.dll",reason=PROCESS_ATTACH,res=0026FD24)
241792.515:0160:Ret  PE DLL (proc=79A83A70,module=79A70000 L"rpcrt4.dll",reason=PROCESS_ATTACH,res=0026FD24) retval=1
241792.515:0160:Call PE DLL (proc=79EE5B60,module=79EE0000 L"NETAPI32.dll",reason=PROCESS_ATTACH,res=0026FD24)
241792.516:0160:Ret  PE DLL (proc=79EE5B60,module=79EE0000 L"NETAPI32.dll",reason=PROCESS_ATTACH,res=0026FD24) retval=1
241792.516:0160:Call PE DLL (proc=7958E530,module=79580000 L"combase.dll",reason=PROCESS_ATTACH,res=0026FD24)
241792.516:0160:Ret  PE DLL (proc=7958E530,module=79580000 L"combase.dll",reason=PROCESS_ATTACH,res=0026FD24) retval=1
241792.516:0160:Call PE DLL (proc=795217B0,module=79520000 L"coml2.dll",reason=PROCESS_ATTACH,res=0026FD24)
241792.516:0160:Ret  PE DLL (proc=795217B0,module=79520000 L"coml2.dll",reason=PROCESS_ATTACH,res=0026FD24) retval=1
241792.516:0160:Call PE DLL (proc=79707660,module=796F0000 L"ole32.dll",reason=PROCESS_ATTACH,res=0026FD24)
241792.516:0160:Ret  PE DLL (proc=79707660,module=796F0000 L"ole32.dll",reason=PROCESS_ATTACH,res=0026FD24) retval=1
241792.516:0160:Call PE DLL (proc=786B3D40,module=786B0000 L"shcore.dll",reason=PROCESS_ATTACH,res=0026FD24)
241792.516:0160:Ret  PE DLL (proc=786B3D40,module=786B0000 L"shcore.dll",reason=PROCESS_ATTACH,res=0026FD24) retval=1
241792.516:0160:Call PE DLL (proc=78719AB0,module=78710000 L"shlwapi.dll",reason=PROCESS_ATTACH,res=0026FD24)
241792.516:0160:Ret  PE DLL (proc=78719AB0,module=78710000 L"shlwapi.dll",reason=PROCESS_ATTACH,res=0026FD24) retval=1
241792.516:0160:Call PE DLL (proc=78832650,module=78820000 L"SHELL32.dll",reason=PROCESS_ATTACH,res=0026FD24)
241792.516:0160:Ret  PE DLL (proc=78832650,module=78820000 L"SHELL32.dll",reason=PROCESS_ATTACH,res=0026FD24) retval=1
241792.516:0160:Call PE DLL (proc=784A16C0,module=784A0000 L"msacm32.dll",reason=PROCESS_ATTACH,res=0026FD24)
241792.516:0160:Ret  PE DLL (proc=784A16C0,module=784A0000 L"msacm32.dll",reason=PROCESS_ATTACH,res=0026FD24) retval=1
241792.516:0160:Call PE DLL (proc=78523C50,module=78520000 L"WINMM.dll",reason=PROCESS_ATTACH,res=0026FD24)
241792.516:0160:Ret  PE DLL (proc=78523C50,module=78520000 L"WINMM.dll",reason=PROCESS_ATTACH,res=0026FD24) retval=1
241792.516:0160:Call PE DLL (proc=78161500,module=78160000 L"vcruntime140.dll",reason=PROCESS_ATTACH,res=0026FD24)
241792.516:0160:Ret  PE DLL (proc=78161500,module=78160000 L"vcruntime140.dll",reason=PROCESS_ATTACH,res=0026FD24) retval=1
241792.516:0160:Call PE DLL (proc=7819DF30,module=78190000 L"MSVCP140.dll",reason=PROCESS_ATTACH,res=0026FD24)
241792.517:0160:Call PE DLL (proc=6B094F60,module=6B090000 L"concrt140.dll",reason=PROCESS_ATTACH,res=00000000)
241792.517:0160:Ret  PE DLL (proc=6B094F60,module=6B090000 L"concrt140.dll",reason=PROCESS_ATTACH,res=00000000) retval=1
241792.517:0160:Ret  PE DLL (proc=7819DF30,module=78190000 L"MSVCP140.dll",reason=PROCESS_ATTACH,res=0026FD24) retval=1
241792.517:0160:Call PE DLL (proc=781311F0,module=78130000 L"MSVCP140_1.dll",reason=PROCESS_ATTACH,res=0026FD24)
241792.517:0160:Ret  PE DLL (proc=781311F0,module=78130000 L"MSVCP140_1.dll",reason=PROCESS_ATTACH,res=0026FD24) retval=1
241792.517:0160:Call PE DLL (proc=7B2574A3,module=7AFF0000 L"Qt5Core.dll",reason=PROCESS_ATTACH,res=0026FD24)
241792.517:0160:Ret  PE DLL (proc=7B2574A3,module=7AFF0000 L"Qt5Core.dll",reason=PROCESS_ATTACH,res=0026FD24) retval=1
241792.517:0160:Call PE DLL (proc=753A3FE0,module=753A0000 L"opengl32.dll",reason=PROCESS_ATTACH,res=0026FD24)
241792.517:0160:Ret  PE DLL (proc=753A3FE0,module=753A0000 L"opengl32.dll",reason=PROCESS_ATTACH,res=0026FD24) retval=1
241792.517:0160:Call PE DLL (proc=759A7920,module=759A0000 L"wined3d.dll",reason=PROCESS_ATTACH,res=0026FD24)
241792.538:0168:trace:relay:load_list L"RelayInclude" = L"user32.ValidateRect;user32.ValidateRgn;user32.GetUpdateRect;user32.GetUpdateRgn;user32.InvalidateRect;user32.InvalidateRgn;user32.UpdateWindow;user32.RedrawWindow;user32.BeginPaint;user32.EndPaint;user32.ShowWindow;user32.SetWindowPos;user32.SendMessageW;user32.PostMessageW;user32.DefWind"...
241792.547:0168:Call PE DLL (proc=00006FFFFFBD5690,module=00006FFFFFBC0000 L"ntdll.dll",reason=PROCESS_ATTACH,res=00007FFFFE23FB00)
241792.547:0168:Ret  PE DLL (proc=00006FFFFFBD5690,module=00006FFFFFBC0000 L"ntdll.dll",reason=PROCESS_ATTACH,res=00007FFFFE23FB00) retval=1
241792.547:0168:Call PE DLL (proc=00006FFFFF37A520,module=00006FFFFF360000 L"kernelbase.dll",reason=PROCESS_ATTACH,res=00007FFFFE23FB00)
241792.549:0168:Ret  PE DLL (proc=00006FFFFF37A520,module=00006FFFFF360000 L"kernelbase.dll",reason=PROCESS_ATTACH,res=00007FFFFE23FB00) retval=1
241792.549:0168:Call PE DLL (proc=00006FFFFF9F9420,module=00006FFFFF9E0000 L"kernel32.dll",reason=PROCESS_ATTACH,res=00007FFFFE23FB00)
241792.549:0168:Ret  PE DLL (proc=00006FFFFF9F9420,module=00006FFFFF9E0000 L"kernel32.dll",reason=PROCESS_ATTACH,res=00007FFFFE23FB00) retval=1
241792.549:0168:Call PE DLL (proc=00006FFFFEE6B730,module=00006FFFFEE60000 L"msvcrt.dll",reason=PROCESS_ATTACH,res=00007FFFFE23FB00)
241792.549:0168:Ret  PE DLL (proc=00006FFFFEE6B730,module=00006FFFFEE60000 L"msvcrt.dll",reason=PROCESS_ATTACH,res=00007FFFFE23FB00) retval=1
241792.549:0168:Call PE DLL (proc=00006FFFFE998580,module=00006FFFFE980000 L"ucrtbase.dll",reason=PROCESS_ATTACH,res=00007FFFFE23FB00)
241792.549:0168:Ret  PE DLL (proc=00006FFFFE998580,module=00006FFFFE980000 L"ucrtbase.dll",reason=PROCESS_ATTACH,res=00007FFFFE23FB00) retval=1
241792.549:0168:Call PE DLL (proc=00006FFFFEDC5370,module=00006FFFFEDC0000 L"sechost.dll",reason=PROCESS_ATTACH,res=00007FFFFE23FB00)
241792.549:0168:Ret  PE DLL (proc=00006FFFFEDC5370,module=00006FFFFEDC0000 L"sechost.dll",reason=PROCESS_ATTACH,res=00007FFFFE23FB00) retval=1
241792.549:0168:Call PE DLL (proc=00006FFFFF212180,module=00006FFFFF200000 L"advapi32.dll",reason=PROCESS_ATTACH,res=00007FFFFE23FB00)
241792.549:0168:Ret  PE DLL (proc=00006FFFFF212180,module=00006FFFFF200000 L"advapi32.dll",reason=PROCESS_ATTACH,res=00007FFFFE23FB00) retval=1
241792.549:0168:Call PE DLL (proc=00006FFFFD6B7A90,module=00006FFFFD6A0000 L"win32u.dll",reason=PROCESS_ATTACH,res=00007FFFFE23FB00)
241792.549:0168:Ret  PE DLL (proc=00006FFFFD6B7A90,module=00006FFFFD6A0000 L"win32u.dll",reason=PROCESS_ATTACH,res=00007FFFFE23FB00) retval=1
241792.549:0168:Call PE DLL (proc=00006FFFFD71F010,module=00006FFFFD700000 L"user32.dll",reason=PROCESS_ATTACH,res=00007FFFFE23FB00)
241792.651:0168:Call PE DLL (proc=00006FFFFB4B3510,module=00006FFFFB4B0000 L"imm32.dll",reason=PROCESS_ATTACH,res=0000000000000000)
241792.651:0168:Ret  PE DLL (proc=00006FFFFB4B3510,module=00006FFFFB4B0000 L"imm32.dll",reason=PROCESS_ATTACH,res=0000000000000000) retval=1
241792.651:0168:Ret  PE DLL (proc=00006FFFFD71F010,module=00006FFFFD700000 L"user32.dll",reason=PROCESS_ATTACH,res=00007FFFFE23FB00) retval=1
241792.651:0168:Call PE DLL (proc=00006FFFFDD34690,module=00006FFFFDD20000 L"gdi32.dll",reason=PROCESS_ATTACH,res=00007FFFFE23FB00)
241792.651:0168:Ret  PE DLL (proc=00006FFFFDD34690,module=00006FFFFDD20000 L"gdi32.dll",reason=PROCESS_ATTACH,res=00007FFFFE23FB00) retval=1
241792.651:0168:Call PE DLL (proc=00006FFFFE681A90,module=00006FFFFE680000 L"cryptbase.dll",reason=PROCESS_ATTACH,res=00007FFFFE23FB00)
241792.651:0168:Ret  PE DLL (proc=00006FFFFE681A90,module=00006FFFFE680000 L"cryptbase.dll",reason=PROCESS_ATTACH,res=00007FFFFE23FB00) retval=1
241792.651:0168:Call PE DLL (proc=00006FFFFE6D2EF0,module=00006FFFFE6C0000 L"rpcrt4.dll",reason=PROCESS_ATTACH,res=00007FFFFE23FB00)
241792.651:0168:Ret  PE DLL (proc=00006FFFFE6D2EF0,module=00006FFFFE6C0000 L"rpcrt4.dll",reason=PROCESS_ATTACH,res=00007FFFFE23FB00) retval=1
241792.651:0168:Starting thread proc 0000000140011300 (arg=00007FFFFE02D000)
241792.653:0168:Call PE DLL (proc=00006FFFFE101070,module=00006FFFFE100000 L"winex11.drv",reason=PROCESS_ATTACH,res=0000000000000000)
241792.654:0168:Ret  PE DLL (proc=00006FFFFE101070,module=00006FFFFE100000 L"winex11.drv",reason=PROCESS_ATTACH,res=0000000000000000) retval=1
241792.665:0168:Call user32.CreateWindowExW(00000000,00008001,00000000,86000000,7fff00000000,7fff00000000,00000000,7fff00000000,00000000,00000000,00000000,7ffffe23f130) ret=1400076ea
241792.667:0168:Call PE DLL (proc=00006FFFFE013630,module=00006FFFFE010000 L"uxtheme.dll",reason=PROCESS_ATTACH,res=0000000000000000)
241792.669:0168:Ret  PE DLL (proc=00006FFFFE013630,module=00006FFFFE010000 L"uxtheme.dll",reason=PROCESS_ATTACH,res=0000000000000000) retval=1
241792.672:0168:Call window proc 00006FFFFFBDB500 (hwnd=0000000000020040,msg=WM_NCCREATE,wp=00000000,lp=7ffffe23eac8)
241792.672:0168:Ret  window proc 00006FFFFFBDB500 (hwnd=0000000000020040,msg=WM_NCCREATE,wp=00000000,lp=7ffffe23eac8) retval=00000001
241792.672:0168:Call window proc 00006FFFFFBDB500 (hwnd=0000000000020040,msg=WM_NCCALCSIZE,wp=00000000,lp=7ffffe23eb08)
241792.672:0168:Ret  window proc 00006FFFFFBDB500 (hwnd=0000000000020040,msg=WM_NCCALCSIZE,wp=00000000,lp=7ffffe23eb08) retval=00000000
241792.672:0168:Call window proc 00006FFFFFBDB500 (hwnd=0000000000020040,msg=WM_CREATE,wp=00000000,lp=7ffffe23eac8)
241792.672:0168:Ret  window proc 00006FFFFFBDB500 (hwnd=0000000000020040,msg=WM_CREATE,wp=00000000,lp=7ffffe23eac8) retval=00000000
241792.673:0168:Call window proc 00006FFFFFBDB500 (hwnd=0000000000020040,msg=WM_SIZE,wp=00000000,lp=00000000)
241792.673:0168:Ret  window proc 00006FFFFFBDB500 (hwnd=0000000000020040,msg=WM_SIZE,wp=00000000,lp=00000000) retval=00000000
241792.673:0168:Call window proc 00006FFFFFBDB500 (hwnd=0000000000020040,msg=WM_MOVE,wp=00000000,lp=00000000)
241792.673:0168:Ret  window proc 00006FFFFFBDB500 (hwnd=0000000000020040,msg=WM_MOVE,wp=00000000,lp=00000000) retval=00000000
241792.673:0168:Ret  user32.CreateWindowExW() retval=00020040 ret=1400076ea
241792.673:0168:Call user32.CreateWindowExW(00000000,1400140dc L"Message",00000000,86000000,7fff00000000,7fff00000000,00000064,7fff00000064,00000000,00000000,00000000,00000000) ret=14000773e
241792.673:0168:Call window proc 00006FFFFFBDB600 (hwnd=0000000000020036,msg=WM_NCCREATE,wp=00000000,lp=7ffffe23eab8)
241792.673:0168:Ret  window proc 00006FFFFFBDB600 (hwnd=0000000000020036,msg=WM_NCCREATE,wp=00000000,lp=7ffffe23eab8) retval=00000001
241792.673:0168:Call window proc 00006FFFFFBDB600 (hwnd=0000000000020036,msg=WM_NCCALCSIZE,wp=00000000,lp=7ffffe23eb08)
241792.673:0168:Ret  window proc 00006FFFFFBDB600 (hwnd=0000000000020036,msg=WM_NCCALCSIZE,wp=00000000,lp=7ffffe23eb08) retval=00000000
241792.673:0168:Call window proc 00006FFFFFBDB600 (hwnd=0000000000020036,msg=WM_CREATE,wp=00000000,lp=7ffffe23eab8)
241792.673:0168:Ret  window proc 00006FFFFFBDB600 (hwnd=0000000000020036,msg=WM_CREATE,wp=00000000,lp=7ffffe23eab8) retval=00000000
241792.673:0168:Call window proc 00006FFFFFBDB600 (hwnd=0000000000020036,msg=WM_SIZE,wp=00000000,lp=00640064)
241792.673:0168:Ret  window proc 00006FFFFFBDB600 (hwnd=0000000000020036,msg=WM_SIZE,wp=00000000,lp=00640064) retval=00000000
241792.673:0168:Call window proc 00006FFFFFBDB600 (hwnd=0000000000020036,msg=WM_MOVE,wp=00000000,lp=00000000)
241792.673:0168:Ret  window proc 00006FFFFFBDB600 (hwnd=0000000000020036,msg=WM_MOVE,wp=00000000,lp=00000000) retval=00000000
241792.673:0168:Ret  user32.CreateWindowExW() retval=00020036 ret=14000773e
241792.673:0168:Call user32.SendMessageW(00020040,00000080,00000001,00020030) ret=14000777e
241792.673:0168:Call window proc 0000000140003B10 (hwnd=0000000000020040,msg=WM_SETICON,wp=00000001,lp=00020030)
241792.673:0168:Ret  window proc 0000000140003B10 (hwnd=0000000000020040,msg=WM_SETICON,wp=00000001,lp=00020030) retval=00000000
241792.673:0168:Ret  user32.SendMessageW() retval=00000000 ret=14000777e
241792.673:0168:Call user32.SetWindowPos(00020040,00000000,00000000,00000000,7fff00000780,7fff000004b0,00000040) ret=140007898
241792.673:0168:Call window proc 0000000140003B10 (hwnd=0000000000020040,msg=WM_WINDOWPOSCHANGING,wp=00000000,lp=7ffffe23efa8)
241792.673:0168:Ret  window proc 0000000140003B10 (hwnd=0000000000020040,msg=WM_WINDOWPOSCHANGING,wp=00000000,lp=7ffffe23efa8) retval=00000000
241792.673:0168:Call window proc 0000000140003B10 (hwnd=0000000000020040,msg=WM_NCCALCSIZE,wp=00000001,lp=7ffffe23ef78)
241792.673:0168:Ret  window proc 0000000140003B10 (hwnd=0000000000020040,msg=WM_NCCALCSIZE,wp=00000001,lp=7ffffe23ef78) retval=00000000
241792.674:0168:Call window proc 0000000140003B10 (hwnd=0000000000020040,msg=WM_QUERYNEWPALETTE,wp=00000000,lp=00000000)
241792.674:0168:Ret  window proc 0000000140003B10 (hwnd=0000000000020040,msg=WM_QUERYNEWPALETTE,wp=00000000,lp=00000000) retval=00000000
241792.674:0168:Call window proc 0000000140003B10 (hwnd=0000000000020040,msg=WM_NCACTIVATE,wp=00000000,lp=00000000)
241792.674:0168:Ret  window proc 0000000140003B10 (hwnd=0000000000020040,msg=WM_NCACTIVATE,wp=00000000,lp=00000000) retval=00000001
241792.674:0168:Call window proc 0000000140003B10 (hwnd=0000000000020040,msg=WM_ACTIVATE,wp=00000001,lp=00000000)
241792.674:0168:Call window proc 0000000140003B10 (hwnd=0000000000020040,msg=WM_SETFOCUS,wp=00000000,lp=00000000)
241792.674:0168:Ret  window proc 0000000140003B10 (hwnd=0000000000020040,msg=WM_SETFOCUS,wp=00000000,lp=00000000) retval=00000000
241792.674:0168:Ret  window proc 0000000140003B10 (hwnd=0000000000020040,msg=WM_ACTIVATE,wp=00000001,lp=00000000) retval=00000000
241792.674:0168:Call window proc 0000000140003B10 (hwnd=0000000000020040,msg=WM_WINDOWPOSCHANGED,wp=00000000,lp=7ffffe23efa8)
241792.674:0168:Call window proc 0000000140003B10 (hwnd=0000000000020040,msg=WM_SIZE,wp=00000000,lp=04b00780)
241792.674:0168:Ret  window proc 0000000140003B10 (hwnd=0000000000020040,msg=WM_SIZE,wp=00000000,lp=04b00780) retval=00000000
241792.674:0168:Ret  window proc 0000000140003B10 (hwnd=0000000000020040,msg=WM_WINDOWPOSCHANGED,wp=00000000,lp=7ffffe23efa8) retval=00000000
241792.674:0168:Ret  user32.SetWindowPos() retval=00000001 ret=140007898
241792.674:0168:Call user32.CreateWindowExW(00000000,140013368 L"WineAppBar",140013368 L"WineAppBar",00000000,4b000000000,00000000,7fff00000000,7fff00000000,fffffffffffffffd,00000000,00000000,00000000) ret=140006a32
241792.674:0170:Call PE DLL (proc=00006FFFFEE6B730,module=00006FFFFEE60000 L"msvcrt.dll",reason=THREAD_ATTACH,res=0000000000000000)
241792.674:0170:Ret  PE DLL (proc=00006FFFFEE6B730,module=00006FFFFEE60000 L"msvcrt.dll",reason=THREAD_ATTACH,res=0000000000000000) retval=1
241792.674:0170:Call PE DLL (proc=00006FFFFE998580,module=00006FFFFE980000 L"ucrtbase.dll",reason=THREAD_ATTACH,res=0000000000000000)
241792.674:0170:Ret  PE DLL (proc=00006FFFFE998580,module=00006FFFFE980000 L"ucrtbase.dll",reason=THREAD_ATTACH,res=0000000000000000) retval=1
241792.674:0170:Call PE DLL (proc=00006FFFFD71F010,module=00006FFFFD700000 L"user32.dll",reason=THREAD_ATTACH,res=0000000000000000)
241792.674:0170:Ret  PE DLL (proc=00006FFFFD71F010,module=00006FFFFD700000 L"user32.dll",reason=THREAD_ATTACH,res=0000000000000000) retval=1
241792.674:0170:Call PE DLL (proc=00006FFFFB4B3510,module=00006FFFFB4B0000 L"imm32.dll",reason=THREAD_ATTACH,res=0000000000000000)
241792.674:0170:Ret  PE DLL (proc=00006FFFFB4B3510,module=00006FFFFB4B0000 L"imm32.dll",reason=THREAD_ATTACH,res=0000000000000000) retval=1
241792.674:0170:Call PE DLL (proc=00006FFFFE6D2EF0,module=00006FFFFE6C0000 L"rpcrt4.dll",reason=THREAD_ATTACH,res=0000000000000000)
241792.674:0170:Ret  PE DLL (proc=00006FFFFE6D2EF0,module=00006FFFFE6C0000 L"rpcrt4.dll",reason=THREAD_ATTACH,res=0000000000000000) retval=1
241792.674:0170:Starting thread proc 00000001400041A0 (arg=0000000000000000)
241792.674:0168:Call window proc 0000000140002E90 (hwnd=000000000002002A,msg=WM_GETMINMAXINFO,wp=00000000,lp=7ffffe23ea28)
241792.674:0168:Ret  window proc 0000000140002E90 (hwnd=000000000002002A,msg=WM_GETMINMAXINFO,wp=00000000,lp=7ffffe23ea28) retval=00000000
241792.674:016c:Call PE DLL (proc=00006FFFFEE6B730,module=00006FFFFEE60000 L"msvcrt.dll",reason=THREAD_ATTACH,res=0000000000000000)
241792.674:016c:Ret  PE DLL (proc=00006FFFFEE6B730,module=00006FFFFEE60000 L"msvcrt.dll",reason=THREAD_ATTACH,res=0000000000000000) retval=1
241792.674:016c:Call PE DLL (proc=00006FFFFE998580,module=00006FFFFE980000 L"ucrtbase.dll",reason=THREAD_ATTACH,res=0000000000000000)
241792.674:016c:Ret  PE DLL (proc=00006FFFFE998580,module=00006FFFFE980000 L"ucrtbase.dll",reason=THREAD_ATTACH,res=0000000000000000) retval=1
241792.674:016c:Call PE DLL (proc=00006FFFFD71F010,module=00006FFFFD700000 L"user32.dll",reason=THREAD_ATTACH,res=0000000000000000)
241792.674:016c:Ret  PE DLL (proc=00006FFFFD71F010,module=00006FFFFD700000 L"user32.dll",reason=THREAD_ATTACH,res=0000000000000000) retval=1
241792.674:016c:Call PE DLL (proc=00006FFFFB4B3510,module=00006FFFFB4B0000 L"imm32.dll",reason=THREAD_ATTACH,res=0000000000000000)
241792.674:016c:Ret  PE DLL (proc=00006FFFFB4B3510,module=00006FFFFB4B0000 L"imm32.dll",reason=THREAD_ATTACH,res=0000000000000000) retval=1
241792.674:016c:Call PE DLL (proc=00006FFFFE6D2EF0,module=00006FFFFE6C0000 L"rpcrt4.dll",reason=THREAD_ATTACH,res=0000000000000000)
241792.674:016c:Ret  PE DLL (proc=00006FFFFE6D2EF0,module=00006FFFFE6C0000 L"rpcrt4.dll",reason=THREAD_ATTACH,res=0000000000000000) retval=1
241792.674:016c:Starting thread proc 0000000140003630 (arg=0000000000000000)
241792.675:0168:Call window proc 0000000140002E90 (hwnd=000000000002002A,msg=WM_NCCREATE,wp=00000000,lp=7ffffe23e9d8)
241792.675:016c:Call user32.CreateWindowExW(00000000,140015a20 L"__wine_clipboard_manager",00000000,00000000,00000000,00000000,00000000,00000000,fffffffffffffffd,00000000,00000000,00000000) ret=14000371f
241792.676:0168:Ret  window proc 0000000140002E90 (hwnd=000000000002002A,msg=WM_NCCREATE,wp=00000000,lp=7ffffe23e9d8) retval=00000001
241792.676:0168:Call window proc 0000000140002E90 (hwnd=000000000002002A,msg=WM_NCCALCSIZE,wp=00000000,lp=7ffffe23ea48)
241792.676:0168:Ret  window proc 0000000140002E90 (hwnd=000000000002002A,msg=WM_NCCALCSIZE,wp=00000000,lp=7ffffe23ea48) retval=00000000
241792.676:0170:Call user32.CreateWindowExW(00000000,140013818 L"__wine_display_settings_restorer",00000000,00000000,00000000,00000000,00000000,00000000,fffffffffffffffd,00000000,00000000,00000000) ret=14000428f
241792.676:016c:Call window proc 00000001400037F0 (hwnd=0000000000020026,msg=WM_GETMINMAXINFO,wp=00000000,lp=7fffff6af8f8)
241792.676:016c:Ret  window proc 00000001400037F0 (hwnd=0000000000020026,msg=WM_GETMINMAXINFO,wp=00000000,lp=7fffff6af8f8) retval=00000000
241792.676:016c:Call window proc 00000001400037F0 (hwnd=0000000000020026,msg=WM_NCCREATE,wp=00000000,lp=7fffff6af898)
241792.676:0168:Call window proc 0000000140002E90 (hwnd=000000000002002A,msg=WM_CREATE,wp=00000000,lp=7ffffe23e9d8)
241792.676:0170:Call window proc 0000000140004440 (hwnd=0000000000020022,msg=WM_GETMINMAXINFO,wp=00000000,lp=7fffff9bf908)
241792.676:0168:Ret  window proc 0000000140002E90 (hwnd=000000000002002A,msg=WM_CREATE,wp=00000000,lp=7ffffe23e9d8) retval=00000000
241792.676:0170:Ret  window proc 0000000140004440 (hwnd=0000000000020022,msg=WM_GETMINMAXINFO,wp=00000000,lp=7fffff9bf908) retval=00000000
241792.676:0168:Ret  user32.CreateWindowExW() retval=0002002a ret=140006a32
241792.677:0170:Call window proc 0000000140004440 (hwnd=0000000000020022,msg=WM_NCCREATE,wp=00000000,lp=7fffff9bf898)
241792.677:0168:Call user32.CreateWindowExW(00000000,14001986a L"Shell_TrayWnd",140019730 L"",00c80000,4b080000000,80000000,7fff000000a6,7fff00000034,00000000,00000000,00000000,00000000) ret=140006c38
241792.677:0170:Ret  window proc 0000000140004440 (hwnd=0000000000020022,msg=WM_NCCREATE,wp=00000000,lp=7fffff9bf898) retval=00000001
241792.677:0170:Call window proc 0000000140004440 (hwnd=0000000000020022,msg=WM_NCCALCSIZE,wp=00000000,lp=7fffff9bf928)
241792.677:0170:Ret  window proc 0000000140004440 (hwnd=0000000000020022,msg=WM_NCCALCSIZE,wp=00000000,lp=7fffff9bf928) retval=00000000
241792.677:0170:Call window proc 0000000140004440 (hwnd=0000000000020022,msg=WM_CREATE,wp=00000000,lp=7fffff9bf898)
241792.677:0170:Ret  window proc 0000000140004440 (hwnd=0000000000020022,msg=WM_CREATE,wp=00000000,lp=7fffff9bf898) retval=00000000
241792.677:0170:Ret  user32.CreateWindowExW() retval=00020022 ret=14000428f
241792.677:0168:Call window proc 0000000140009B10 (hwnd=0000000000020042,msg=WM_GETMINMAXINFO,wp=00000000,lp=7ffffe23ea28)
241792.677:0168:Ret  window proc 0000000140009B10 (hwnd=0000000000020042,msg=WM_GETMINMAXINFO,wp=00000000,lp=7ffffe23ea28) retval=00000000
241792.678:0168:Call window proc 0000000140003B10 (hwnd=0000000000020040,msg=WM_NCHITTEST,wp=00000000,lp=001f0042)
241792.678:0168:Ret  window proc 0000000140003B10 (hwnd=0000000000020040,msg=WM_NCHITTEST,wp=00000000,lp=001f0042) retval=00000001
241792.678:0168:Call window proc 0000000140009B10 (hwnd=0000000000020042,msg=WM_NCCREATE,wp=00000000,lp=7ffffe23e9e8)
241792.678:0168:Ret  window proc 0000000140009B10 (hwnd=0000000000020042,msg=WM_NCCREATE,wp=00000000,lp=7ffffe23e9e8) retval=00000001
241792.678:0168:Call window proc 00006FFFFFBDB5A0 (hwnd=0000000000020034,msg=WM_NCCREATE,wp=00000000,lp=7ffffe23e9e8)
241792.678:0168:Ret  window proc 00006FFFFFBDB5A0 (hwnd=0000000000020034,msg=WM_NCCREATE,wp=00000000,lp=7ffffe23e9e8) retval=00000001
241792.678:0168:Call window proc 00006FFFFFBDB5A0 (hwnd=0000000000020034,msg=WM_NCCALCSIZE,wp=00000000,lp=7ffffe23ea48)
241792.678:0168:Ret  window proc 00006FFFFFBDB5A0 (hwnd=0000000000020034,msg=WM_NCCALCSIZE,wp=00000000,lp=7ffffe23ea48) retval=00000000
241792.678:0168:Call window proc 00006FFFFFBDB5A0 (hwnd=0000000000020034,msg=WM_CREATE,wp=00000000,lp=7ffffe23e9e8)
241792.678:0168:Ret  window proc 00006FFFFFBDB5A0 (hwnd=0000000000020034,msg=WM_CREATE,wp=00000000,lp=7ffffe23e9e8) retval=00000001
241792.678:0168:Call window proc 00006FFFFFBDB5A0 (hwnd=0000000000020034,msg=WM_SIZE,wp=00000000,lp=00010001)
241792.678:0168:Ret  window proc 00006FFFFFBDB5A0 (hwnd=0000000000020034,msg=WM_SIZE,wp=00000000,lp=00010001) retval=00000000
241792.678:0168:Call window proc 00006FFFFFBDB5A0 (hwnd=0000000000020034,msg=WM_MOVE,wp=00000000,lp=00000000)
241792.678:0168:Ret  window proc 00006FFFFFBDB5A0 (hwnd=0000000000020034,msg=WM_MOVE,wp=00000000,lp=00000000) retval=00000000
241792.678:0168:Call window proc 0000000140009B10 (hwnd=0000000000020042,msg=WM_NCCALCSIZE,wp=00000000,lp=7ffffe23ea48)
241792.678:0168:Ret  window proc 0000000140009B10 (hwnd=0000000000020042,msg=WM_NCCALCSIZE,wp=00000000,lp=7ffffe23ea48) retval=00000000
241792.678:0168:Call window proc 0000000140003B10 (hwnd=0000000000020040,msg=WM_NCHITTEST,wp=00000000,lp=001f0042)
241792.678:0168:Ret  window proc 0000000140003B10 (hwnd=0000000000020040,msg=WM_NCHITTEST,wp=00000000,lp=001f0042) retval=00000001
241792.679:0168:Call window proc 0000000140009B10 (hwnd=0000000000020042,msg=WM_CREATE,wp=00000000,lp=7ffffe23e9e8)
241792.679:0168:Ret  window proc 0000000140009B10 (hwnd=0000000000020042,msg=WM_CREATE,wp=00000000,lp=7ffffe23e9e8) retval=00000000
241792.679:0168:Ret  user32.CreateWindowExW() retval=00020042 ret=140006c38
241792.679:0168:Call user32.ShowWindow(00020042,00000000) ret=140006daf
241792.679:0168:Ret  user32.ShowWindow() retval=00000000 ret=140006daf
241792.679:016c:Ret  window proc 00000001400037F0 (hwnd=0000000000020026,msg=WM_NCCREATE,wp=00000000,lp=7fffff6af898) retval=00000001
241792.679:016c:Call window proc 00000001400037F0 (hwnd=0000000000020026,msg=WM_NCCALCSIZE,wp=00000000,lp=7fffff6af918)
241792.679:016c:Ret  window proc 00000001400037F0 (hwnd=0000000000020026,msg=WM_NCCALCSIZE,wp=00000000,lp=7fffff6af918) retval=00000000
241792.679:016c:Call window proc 00000001400037F0 (hwnd=0000000000020026,msg=WM_CREATE,wp=00000000,lp=7fffff6af898)
241792.679:016c:Ret  window proc 00000001400037F0 (hwnd=0000000000020026,msg=WM_CREATE,wp=00000000,lp=7fffff6af898) retval=00000000
241792.679:016c:Ret  user32.CreateWindowExW() retval=00020026 ret=14000371f
241792.679:016c:Call window proc 00000001400037F0 (hwnd=0000000000020026,msg=WM_CLIPBOARDUPDATE,wp=00000000,lp=00000000)
241792.679:016c:Ret  window proc 00000001400037F0 (hwnd=0000000000020026,msg=WM_CLIPBOARDUPDATE,wp=00000000,lp=00000000) retval=00000000
241792.680:0168:Call PE DLL (proc=00006FFFFE403DE0,module=00006FFFFE400000 L"shcore.dll",reason=PROCESS_ATTACH,res=0000000000000000)
241792.680:0168:Ret  PE DLL (proc=00006FFFFE403DE0,module=00006FFFFE400000 L"shcore.dll",reason=PROCESS_ATTACH,res=0000000000000000) retval=1
241792.680:0168:Call PE DLL (proc=00006FFFFE47BBD0,module=00006FFFFE470000 L"shlwapi.dll",reason=PROCESS_ATTACH,res=0000000000000000)
241792.680:0168:Ret  PE DLL (proc=00006FFFFE47BBD0,module=00006FFFFE470000 L"shlwapi.dll",reason=PROCESS_ATTACH,res=0000000000000000) retval=1
241792.680:0168:Call PE DLL (proc=00006FFFFC8A3540,module=00006FFFFC890000 L"shell32.dll",reason=PROCESS_ATTACH,res=0000000000000000)
241792.680:0168:Ret  PE DLL (proc=00006FFFFC8A3540,module=00006FFFFC890000 L"shell32.dll",reason=PROCESS_ATTACH,res=0000000000000000) retval=1
241792.681:0168:Call window proc 00006FFFFD74F1C0 (hwnd=000000000002002E,msg=WM_NCCREATE,wp=00000000,lp=7ffffe23e9c8)
241792.681:0168:Ret  window proc 00006FFFFD74F1C0 (hwnd=000000000002002E,msg=WM_NCCREATE,wp=00000000,lp=7ffffe23e9c8) retval=00000001
241792.681:0168:Call window proc 00006FFFFD74F1C0 (hwnd=000000000002002E,msg=WM_NCCALCSIZE,wp=00000000,lp=7ffffe23ea38)
241792.681:0168:Ret  window proc 00006FFFFD74F1C0 (hwnd=000000000002002E,msg=WM_NCCALCSIZE,wp=00000000,lp=7ffffe23ea38) retval=00000000
241792.681:0168:Call window proc 00006FFFFD74F1C0 (hwnd=000000000002002E,msg=WM_CREATE,wp=00000000,lp=7ffffe23e9c8)
241792.681:0168:Ret  window proc 00006FFFFD74F1C0 (hwnd=000000000002002E,msg=WM_CREATE,wp=00000000,lp=7ffffe23e9c8) retval=00000000
241792.681:0168:Call window proc 00006FFFFD74F1C0 (hwnd=000000000002002E,msg=WM_SIZE,wp=00000000,lp=00000000)
241792.681:0168:Ret  window proc 00006FFFFD74F1C0 (hwnd=000000000002002E,msg=WM_SIZE,wp=00000000,lp=00000000) retval=00000000
241792.681:0168:Call window proc 00006FFFFD74F1C0 (hwnd=000000000002002E,msg=WM_MOVE,wp=00000000,lp=00000000)
241792.681:0168:Ret  window proc 00006FFFFD74F1C0 (hwnd=000000000002002E,msg=WM_MOVE,wp=00000000,lp=00000000) retval=00000000
241792.681:0168:Call window proc 00006FFFFD752530 (hwnd=0000000000020044,msg=WM_NCCREATE,wp=00000000,lp=7ffffe23ea08)
241792.681:0168:Ret  window proc 00006FFFFD752530 (hwnd=0000000000020044,msg=WM_NCCREATE,wp=00000000,lp=7ffffe23ea08) retval=00000001
241792.681:0168:Call window proc 00006FFFFD752530 (hwnd=0000000000020044,msg=WM_NCCALCSIZE,wp=00000000,lp=7ffffe23ea78)
241792.681:0168:Ret  window proc 00006FFFFD752530 (hwnd=0000000000020044,msg=WM_NCCALCSIZE,wp=00000000,lp=7ffffe23ea78) retval=00000000
241792.681:0168:Call window proc 00006FFFFD752530 (hwnd=0000000000020044,msg=WM_CREATE,wp=00000000,lp=7ffffe23ea08)
241792.681:0168:Ret  window proc 00006FFFFD752530 (hwnd=0000000000020044,msg=WM_CREATE,wp=00000000,lp=7ffffe23ea08) retval=00000000
241792.681:0168:Call window proc 00006FFFFD752530 (hwnd=0000000000020044,msg=WM_SIZE,wp=00000000,lp=00000000)
241792.681:0168:Ret  window proc 00006FFFFD752530 (hwnd=0000000000020044,msg=WM_SIZE,wp=00000000,lp=00000000) retval=00000000
241792.681:0168:Call window proc 00006FFFFD752530 (hwnd=0000000000020044,msg=WM_MOVE,wp=00000000,lp=00000000)
241792.681:0168:Ret  window proc 00006FFFFD752530 (hwnd=0000000000020044,msg=WM_MOVE,wp=00000000,lp=00000000) retval=00000000
241792.681:0168:Call window proc 00006FFFFD752530 (hwnd=0000000000020046,msg=WM_NCCREATE,wp=00000000,lp=7ffffe23ea08)
241792.681:0168:Ret  window proc 00006FFFFD752530 (hwnd=0000000000020046,msg=WM_NCCREATE,wp=00000000,lp=7ffffe23ea08) retval=00000001
241792.681:0168:Call window proc 00006FFFFD752530 (hwnd=0000000000020046,msg=WM_NCCALCSIZE,wp=00000000,lp=7ffffe23ea78)
241792.681:0168:Ret  window proc 00006FFFFD752530 (hwnd=0000000000020046,msg=WM_NCCALCSIZE,wp=00000000,lp=7ffffe23ea78) retval=00000000
241792.681:0168:Call window proc 00006FFFFD752530 (hwnd=0000000000020046,msg=WM_CREATE,wp=00000000,lp=7ffffe23ea08)
241792.681:0168:Ret  window proc 00006FFFFD752530 (hwnd=0000000000020046,msg=WM_CREATE,wp=00000000,lp=7ffffe23ea08) retval=00000000
241792.681:0168:Call window proc 00006FFFFD752530 (hwnd=0000000000020046,msg=WM_SIZE,wp=00000000,lp=00000000)
241792.681:0168:Ret  window proc 00006FFFFD752530 (hwnd=0000000000020046,msg=WM_SIZE,wp=00000000,lp=00000000) retval=00000000
241792.681:0168:Call window proc 00006FFFFD752530 (hwnd=0000000000020046,msg=WM_MOVE,wp=00000000,lp=00000000)
241792.681:0168:Ret  window proc 00006FFFFD752530 (hwnd=0000000000020046,msg=WM_MOVE,wp=00000000,lp=00000000) retval=00000000
241792.682:0168:Call window proc 00006FFFFD752530 (hwnd=0000000000020048,msg=WM_NCCREATE,wp=00000000,lp=7ffffe23ea58)
241792.682:0168:Ret  window proc 00006FFFFD752530 (hwnd=0000000000020048,msg=WM_NCCREATE,wp=00000000,lp=7ffffe23ea58) retval=00000001
241792.682:0168:Call window proc 00006FFFFD752530 (hwnd=0000000000020048,msg=WM_NCCALCSIZE,wp=00000000,lp=7ffffe23eac8)
241792.682:0168:Ret  window proc 00006FFFFD752530 (hwnd=0000000000020048,msg=WM_NCCALCSIZE,wp=00000000,lp=7ffffe23eac8) retval=00000000
241792.682:0168:Call window proc 00006FFFFD752530 (hwnd=0000000000020048,msg=WM_CREATE,wp=00000000,lp=7ffffe23ea58)
241792.682:0168:Ret  window proc 00006FFFFD752530 (hwnd=0000000000020048,msg=WM_CREATE,wp=00000000,lp=7ffffe23ea58) retval=00000000
241792.682:0168:Call window proc 00006FFFFD752530 (hwnd=0000000000020048,msg=WM_SIZE,wp=00000000,lp=00000000)
241792.682:0168:Ret  window proc 00006FFFFD752530 (hwnd=0000000000020048,msg=WM_SIZE,wp=00000000,lp=00000000) retval=00000000
241792.682:0168:Call window proc 00006FFFFD752530 (hwnd=0000000000020048,msg=WM_MOVE,wp=00000000,lp=00000000)
241792.682:0168:Ret  window proc 00006FFFFD752530 (hwnd=0000000000020048,msg=WM_MOVE,wp=00000000,lp=00000000) retval=00000000
241792.683:0168:Call PE DLL (proc=00006FFFFC2DE130,module=00006FFFFC2D0000 L"combase.dll",reason=PROCESS_ATTACH,res=0000000000000000)
241792.683:0168:Ret  PE DLL (proc=00006FFFFC2DE130,module=00006FFFFC2D0000 L"combase.dll",reason=PROCESS_ATTACH,res=0000000000000000) retval=1
241792.683:0168:Call PE DLL (proc=00006FFFFC261880,module=00006FFFFC260000 L"coml2.dll",reason=PROCESS_ATTACH,res=0000000000000000)
241792.683:0168:Ret  PE DLL (proc=00006FFFFC261880,module=00006FFFFC260000 L"coml2.dll",reason=PROCESS_ATTACH,res=0000000000000000) retval=1
241792.683:0168:Call PE DLL (proc=00006FFFFC4B6B70,module=00006FFFFC4A0000 L"ole32.dll",reason=PROCESS_ATTACH,res=0000000000000000)
241792.683:0168:Ret  PE DLL (proc=00006FFFFC4B6B70,module=00006FFFFC4A0000 L"ole32.dll",reason=PROCESS_ATTACH,res=0000000000000000) retval=1
241792.683:0168:Call user32.CreateWindowExW(00000000,6ffffc2fbf00 L"OleMainThreadWndClass",00000000,00000000,00000000,100000000,00000000,6fff00000000,fffffffffffffffd,00000000,6ffffc2d0000,00000000) ret=6ffffc2e7d6e
241792.683:0168:Call window proc 00006FFFFC2E9D50 (hwnd=000000000002004A,msg=WM_GETMINMAXINFO,wp=00000000,lp=7ffffe23e998)
241792.683:0168:Ret  window proc 00006FFFFC2E9D50 (hwnd=000000000002004A,msg=WM_GETMINMAXINFO,wp=00000000,lp=7ffffe23e998) retval=00000000
241792.684:0168:Call window proc 00006FFFFC2E9D50 (hwnd=000000000002004A,msg=WM_NCCREATE,wp=00000000,lp=7ffffe23e948)
241792.684:0168:Ret  window proc 00006FFFFC2E9D50 (hwnd=000000000002004A,msg=WM_NCCREATE,wp=00000000,lp=7ffffe23e948) retval=00000001
241792.684:0168:Call window proc 00006FFFFC2E9D50 (hwnd=000000000002004A,msg=WM_NCCALCSIZE,wp=00000000,lp=7ffffe23e9b8)
241792.684:0168:Ret  window proc 00006FFFFC2E9D50 (hwnd=000000000002004A,msg=WM_NCCALCSIZE,wp=00000000,lp=7ffffe23e9b8) retval=00000000
241792.684:0168:Call window proc 00006FFFFC2E9D50 (hwnd=000000000002004A,msg=WM_CREATE,wp=00000000,lp=7ffffe23e948)
241792.684:0168:Ret  window proc 00006FFFFC2E9D50 (hwnd=000000000002004A,msg=WM_CREATE,wp=00000000,lp=7ffffe23e948) retval=00000000
241792.684:0168:Ret  user32.CreateWindowExW() retval=0002004a ret=6ffffc2e7d6e
241792.684:0174:Call PE DLL (proc=00006FFFFEE6B730,module=00006FFFFEE60000 L"msvcrt.dll",reason=THREAD_ATTACH,res=0000000000000000)
241792.684:0174:Ret  PE DLL (proc=00006FFFFEE6B730,module=00006FFFFEE60000 L"msvcrt.dll",reason=THREAD_ATTACH,res=0000000000000000) retval=1
241792.684:0174:Call PE DLL (proc=00006FFFFE998580,module=00006FFFFE980000 L"ucrtbase.dll",reason=THREAD_ATTACH,res=0000000000000000)
241792.684:0174:Ret  PE DLL (proc=00006FFFFE998580,module=00006FFFFE980000 L"ucrtbase.dll",reason=THREAD_ATTACH,res=0000000000000000) retval=1
241792.684:0174:Call PE DLL (proc=00006FFFFD71F010,module=00006FFFFD700000 L"user32.dll",reason=THREAD_ATTACH,res=0000000000000000)
241792.684:0174:Ret  PE DLL (proc=00006FFFFD71F010,module=00006FFFFD700000 L"user32.dll",reason=THREAD_ATTACH,res=0000000000000000) retval=1
241792.684:0174:Call PE DLL (proc=00006FFFFB4B3510,module=00006FFFFB4B0000 L"imm32.dll",reason=THREAD_ATTACH,res=0000000000000000)
241792.684:0174:Ret  PE DLL (proc=00006FFFFB4B3510,module=00006FFFFB4B0000 L"imm32.dll",reason=THREAD_ATTACH,res=0000000000000000) retval=1
241792.684:0174:Call PE DLL (proc=00006FFFFE6D2EF0,module=00006FFFFE6C0000 L"rpcrt4.dll",reason=THREAD_ATTACH,res=0000000000000000)
241792.684:0174:Ret  PE DLL (proc=00006FFFFE6D2EF0,module=00006FFFFE6C0000 L"rpcrt4.dll",reason=THREAD_ATTACH,res=0000000000000000) retval=1
241792.684:0174:Call PE DLL (proc=00006FFFFC2DE130,module=00006FFFFC2D0000 L"combase.dll",reason=THREAD_ATTACH,res=0000000000000000)
241792.684:0174:Ret  PE DLL (proc=00006FFFFC2DE130,module=00006FFFFC2D0000 L"combase.dll",reason=THREAD_ATTACH,res=0000000000000000) retval=1
241792.684:0174:Call PE DLL (proc=00006FFFFC4B6B70,module=00006FFFFC4A0000 L"ole32.dll",reason=THREAD_ATTACH,res=0000000000000000)
241792.684:0174:Ret  PE DLL (proc=00006FFFFC4B6B70,module=00006FFFFC4A0000 L"ole32.dll",reason=THREAD_ATTACH,res=0000000000000000) retval=1
241792.684:0174:Starting thread proc 00006FFFFE6EB0B0 (arg=00007FFFFE2DEC30)
241792.686:0168:Call PE DLL (proc=00006FFFFB8D7DD0,module=00006FFFFB8D0000 L"oleaut32.dll",reason=PROCESS_ATTACH,res=0000000000000000)
241792.686:0168:Ret  PE DLL (proc=00006FFFFB8D7DD0,module=00006FFFFB8D0000 L"oleaut32.dll",reason=PROCESS_ATTACH,res=0000000000000000) retval=1
241792.686:0168:Call PE DLL (proc=00006FFFFC1716E0,module=00006FFFFC170000 L"actxprxy.dll",reason=PROCESS_ATTACH,res=0000000000000000)
241792.686:0168:Ret  PE DLL (proc=00006FFFFC1716E0,module=00006FFFFC170000 L"actxprxy.dll",reason=PROCESS_ATTACH,res=0000000000000000) retval=1
241792.687:0168:Call window proc 0000000140003B10 (hwnd=0000000000020040,msg=WM_WINDOWPOSCHANGING,wp=00000000,lp=7ffffe23f028)
241792.687:0168:Ret  window proc 0000000140003B10 (hwnd=0000000000020040,msg=WM_WINDOWPOSCHANGING,wp=00000000,lp=7ffffe23f028) retval=00000000
241792.687:0168:Call window proc 0000000140003B10 (hwnd=0000000000020040,msg=WM_ERASEBKGND,wp=07010051,lp=00000000)
241792.687:0168:Ret  window proc 0000000140003B10 (hwnd=0000000000020040,msg=WM_ERASEBKGND,wp=07010051,lp=00000000) retval=00000001
241792.687:0168:Call window proc 0000000140003B10 (hwnd=0000000000020040,msg=WM_WINDOWPOSCHANGED,wp=00000000,lp=7ffffe23f028)
241792.687:0168:Ret  window proc 0000000140003B10 (hwnd=0000000000020040,msg=WM_WINDOWPOSCHANGED,wp=00000000,lp=7ffffe23f028) retval=00000000
241792.687:0168:Call window proc 0000000140003B10 (hwnd=0000000000020040,msg=WM_NULL,wp=00000000,lp=00000000)
241792.687:0168:Ret  window proc 0000000140003B10 (hwnd=0000000000020040,msg=WM_NULL,wp=00000000,lp=00000000) retval=00000000
241792.687:0168:Call window proc 0000000140003B10 (hwnd=0000000000020040,msg=WM_PARENTNOTIFY,wp=00000001,lp=00020034)
241792.687:0168:Ret  window proc 0000000140003B10 (hwnd=0000000000020040,msg=WM_PARENTNOTIFY,wp=00000001,lp=00020034) retval=00000000
241792.688:0168:Call window proc 0000000140003B10 (hwnd=0000000000020040,msg=WM_PARENTNOTIFY,wp=00000001,lp=00020042)
241792.688:0168:Ret  window proc 0000000140003B10 (hwnd=0000000000020040,msg=WM_PARENTNOTIFY,wp=00000001,lp=00020042) retval=00000000
241792.688:0168:Call window proc 0000000140003B10 (hwnd=0000000000020040,msg=WM_PARENTNOTIFY,wp=00000001,lp=0002002e)
241792.688:0168:Ret  window proc 0000000140003B10 (hwnd=0000000000020040,msg=WM_PARENTNOTIFY,wp=00000001,lp=0002002e) retval=00000000
241792.688:0168:Call window proc 00006FFFFD74F1C0 (hwnd=000000000002002E,msg=WM_USER+512,wp=0000c021,lp=0000c022)
241792.688:0168:Ret  window proc 00006FFFFD74F1C0 (hwnd=000000000002002E,msg=WM_USER+512,wp=0000c021,lp=0000c022) retval=00000000
241792.688:0168:Call window proc 0000000140003B10 (hwnd=0000000000020040,msg=WM_PARENTNOTIFY,wp=00000001,lp=00020044)
241792.688:0168:Ret  window proc 0000000140003B10 (hwnd=0000000000020040,msg=WM_PARENTNOTIFY,wp=00000001,lp=00020044) retval=00000000
241792.688:0168:Call window proc 00006FFFFD74F1C0 (hwnd=000000000002002E,msg=WM_USER+512,wp=0000c023,lp=0000c024)
241792.688:0168:Ret  window proc 00006FFFFD74F1C0 (hwnd=000000000002002E,msg=WM_USER+512,wp=0000c023,lp=0000c024) retval=00000000
241792.688:0168:Call window proc 0000000140003B10 (hwnd=0000000000020040,msg=WM_PARENTNOTIFY,wp=00000001,lp=00020046)
241792.688:0168:Ret  window proc 0000000140003B10 (hwnd=0000000000020040,msg=WM_PARENTNOTIFY,wp=00000001,lp=00020046) retval=00000000
241792.688:0168:Call window proc 00006FFFFD74F1C0 (hwnd=000000000002002E,msg=WM_USER+512,wp=0000c025,lp=0000c026)
241792.688:0168:Ret  window proc 00006FFFFD74F1C0 (hwnd=000000000002002E,msg=WM_USER+512,wp=0000c025,lp=0000c026) retval=00000000
241792.688:0168:Call window proc 0000000140003B10 (hwnd=0000000000020040,msg=WM_PARENTNOTIFY,wp=00000001,lp=00020048)
241792.688:0168:Ret  window proc 0000000140003B10 (hwnd=0000000000020040,msg=WM_PARENTNOTIFY,wp=00000001,lp=00020048) retval=00000000
241792.688:0160:Call PE DLL (proc=6B061040,module=6B060000 L"winex11.drv",reason=PROCESS_ATTACH,res=00000000)
241792.689:0160:Ret  PE DLL (proc=6B061040,module=6B060000 L"winex11.drv",reason=PROCESS_ATTACH,res=00000000) retval=1
241792.698:0160:Call PE DLL (proc=752E2D60,module=752E0000 L"UxTheme.dll",reason=PROCESS_ATTACH,res=00000000)
241792.701:0160:Ret  PE DLL (proc=752E2D60,module=752E0000 L"UxTheme.dll",reason=PROCESS_ATTACH,res=00000000) retval=1
241792.704:0168:Call window proc 0000000140003B10 (hwnd=0000000000020040,msg=WM_NULL,wp=00000000,lp=00000000)
241792.704:0168:Ret  window proc 0000000140003B10 (hwnd=0000000000020040,msg=WM_NULL,wp=00000000,lp=00000000) retval=00000000
241792.704:0160:Ret  PE DLL (proc=759A7920,module=759A0000 L"wined3d.dll",reason=PROCESS_ATTACH,res=0026FD24) retval=1
241792.704:0160:Call PE DLL (proc=772C1E50,module=772C0000 L"dxgi.dll",reason=PROCESS_ATTACH,res=0026FD24)
241792.704:0160:Ret  PE DLL (proc=772C1E50,module=772C0000 L"dxgi.dll",reason=PROCESS_ATTACH,res=0026FD24) retval=1
241792.704:0160:Call PE DLL (proc=77412550,module=77410000 L"d3d11.dll",reason=PROCESS_ATTACH,res=0026FD24)
241792.704:0160:Ret  PE DLL (proc=77412550,module=77410000 L"d3d11.dll",reason=PROCESS_ATTACH,res=0026FD24) retval=1
241792.704:0160:Call PE DLL (proc=77A79CB0,module=77740000 L"Qt5Gui.dll",reason=PROCESS_ATTACH,res=0026FD24)
241792.704:0160:Ret  PE DLL (proc=77A79CB0,module=77740000 L"Qt5Gui.dll",reason=PROCESS_ATTACH,res=0026FD24) retval=1
241792.704:0160:Call PE DLL (proc=752A2370,module=752A0000 L"dwmapi.dll",reason=PROCESS_ATTACH,res=0026FD24)
241792.704:0160:Ret  PE DLL (proc=752A2370,module=752A0000 L"dwmapi.dll",reason=PROCESS_ATTACH,res=0026FD24) retval=1
241792.704:0160:Call PE DLL (proc=77F7DEA2,module=77CD0000 L"Qt5Widgets.dll",reason=PROCESS_ATTACH,res=0026FD24)
241792.704:0160:Ret  PE DLL (proc=77F7DEA2,module=77CD0000 L"Qt5Widgets.dll",reason=PROCESS_ATTACH,res=0026FD24) retval=1
241792.704:0160:Call PE DLL (proc=75261690,module=75260000 L"HID.DLL",reason=PROCESS_ATTACH,res=0026FD24)
241792.704:0160:Ret  PE DLL (proc=75261690,module=75260000 L"HID.DLL",reason=PROCESS_ATTACH,res=0026FD24) retval=1
241792.704:0160:Call PE DLL (proc=7523A859,module=75220000 L"Qt5Xml.dll",reason=PROCESS_ATTACH,res=0026FD24)
241792.704:0160:Ret  PE DLL (proc=7523A859,module=75220000 L"Qt5Xml.dll",reason=PROCESS_ATTACH,res=0026FD24) retval=1
241792.704:0160:Call PE DLL (proc=751C8FAB,module=75140000 L"Qt5Network.dll",reason=PROCESS_ATTACH,res=0026FD24)
241792.704:0160:Ret  PE DLL (proc=751C8FAB,module=75140000 L"Qt5Network.dll",reason=PROCESS_ATTACH,res=0026FD24) retval=1
241792.704:0160:Call PE DLL (proc=74C23A60,module=74C10000 L"comctl32.dll",reason=PROCESS_ATTACH,res=0026FD24)
241792.704:0160:Ret  PE DLL (proc=74C23A60,module=74C10000 L"comctl32.dll",reason=PROCESS_ATTACH,res=0026FD24) retval=1
241792.704:0160:Call PE DLL (proc=74FE13E0,module=74FE0000 L"compstui.dll",reason=PROCESS_ATTACH,res=0026FD24)
241792.704:0160:Ret  PE DLL (proc=74FE13E0,module=74FE0000 L"compstui.dll",reason=PROCESS_ATTACH,res=0026FD24) retval=1
241792.704:0160:Call PE DLL (proc=750282A0,module=75020000 L"WINSPOOL.DRV",reason=PROCESS_ATTACH,res=0026FD24)
241792.769:0160:Ret  PE DLL (proc=750282A0,module=75020000 L"WINSPOOL.DRV",reason=PROCESS_ATTACH,res=0026FD24) retval=1
241792.769:0160:Call PE DLL (proc=749F7F20,module=749F0000 L"COMDLG32.dll",reason=PROCESS_ATTACH,res=0026FD24)
241792.770:0160:Ret  PE DLL (proc=749F7F20,module=749F0000 L"COMDLG32.dll",reason=PROCESS_ATTACH,res=0026FD24) retval=1
241792.770:0160:Call PE DLL (proc=750F9E94,module=750E0000 L"Qt5PrintSupport.dll",reason=PROCESS_ATTACH,res=0026FD24)
241792.770:0160:Ret  PE DLL (proc=750F9E94,module=750E0000 L"Qt5PrintSupport.dll",reason=PROCESS_ATTACH,res=0026FD24) retval=1
241792.770:0160:Call PE DLL (proc=749C7A68,module=749B0000 L"Qt5Sql.dll",reason=PROCESS_ATTACH,res=0026FD24)
241792.770:0160:Ret  PE DLL (proc=749C7A68,module=749B0000 L"Qt5Sql.dll",reason=PROCESS_ATTACH,res=0026FD24) retval=1
241792.770:0160:Call PE DLL (proc=749758AC,module=74950000 L"Qt5Svg.dll",reason=PROCESS_ATTACH,res=0026FD24)
241792.770:0160:Ret  PE DLL (proc=749758AC,module=74950000 L"Qt5Svg.dll",reason=PROCESS_ATTACH,res=0026FD24) retval=1
241792.770:0160:Call PE DLL (proc=7486C7AB,module=74700000 L"Qt5XmlPatterns.dll",reason=PROCESS_ATTACH,res=0026FD24)
241792.770:0160:Ret  PE DLL (proc=7486C7AB,module=74700000 L"Qt5XmlPatterns.dll",reason=PROCESS_ATTACH,res=0026FD24) retval=1
241792.770:0160:Call PE DLL (proc=6FB3249F,module=6F940000 L"Qt5Qml.dll",reason=PROCESS_ATTACH,res=0026FD24)
241792.770:0160:Ret  PE DLL (proc=6FB3249F,module=6F940000 L"Qt5Qml.dll",reason=PROCESS_ATTACH,res=0026FD24) retval=1
241792.770:0160:Call PE DLL (proc=6FC684AB,module=6FC30000 L"Qt5QmlModels.dll",reason=PROCESS_ATTACH,res=0026FD24)
241792.770:0160:Ret  PE DLL (proc=6FC684AB,module=6FC30000 L"Qt5QmlModels.dll",reason=PROCESS_ATTACH,res=0026FD24) retval=1
241792.770:0160:Call PE DLL (proc=6FEA7E8F,module=6FCA0000 L"Qt5Quick.dll",reason=PROCESS_ATTACH,res=0026FD24)
241792.770:0160:Ret  PE DLL (proc=6FEA7E8F,module=6FCA0000 L"Qt5Quick.dll",reason=PROCESS_ATTACH,res=0026FD24) retval=1
241792.770:0160:Call PE DLL (proc=6F91E5E4,module=6F910000 L"Qt5WebChannel.dll",reason=PROCESS_ATTACH,res=0026FD24)
241792.770:0160:Ret  PE DLL (proc=6F91E5E4,module=6F910000 L"Qt5WebChannel.dll",reason=PROCESS_ATTACH,res=0026FD24) retval=1
241792.770:0160:Call PE DLL (proc=6F8D9062,module=6F8B0000 L"Qt5Positioning.dll",reason=PROCESS_ATTACH,res=0026FD24)
241792.770:0160:Ret  PE DLL (proc=6F8D9062,module=6F8B0000 L"Qt5Positioning.dll",reason=PROCESS_ATTACH,res=0026FD24) retval=1
241792.770:0160:Call PE DLL (proc=6F583320,module=6F580000 L"dbghelp.dll",reason=PROCESS_ATTACH,res=0026FD24)
241792.770:0160:Ret  PE DLL (proc=6F583320,module=6F580000 L"dbghelp.dll",reason=PROCESS_ATTACH,res=0026FD24) retval=1
241792.770:0160:Call PE DLL (proc=6F2A6DF0,module=6F2A0000 L"OLEAUT32.dll",reason=PROCESS_ATTACH,res=0026FD24)
241792.770:0160:Ret  PE DLL (proc=6F2A6DF0,module=6F2A0000 L"OLEAUT32.dll",reason=PROCESS_ATTACH,res=0026FD24) retval=1
241792.770:0160:Call PE DLL (proc=6ED3A9E0,module=6ED30000 L"bcrypt.dll",reason=PROCESS_ATTACH,res=0026FD24)
241792.770:0160:Ret  PE DLL (proc=6ED3A9E0,module=6ED30000 L"bcrypt.dll",reason=PROCESS_ATTACH,res=0026FD24) retval=1
241792.770:0160:Call PE DLL (proc=6ECF26F0,module=6ECF0000 L"ncrypt.dll",reason=PROCESS_ATTACH,res=0026FD24)
241792.770:0160:Ret  PE DLL (proc=6ECF26F0,module=6ECF0000 L"ncrypt.dll",reason=PROCESS_ATTACH,res=0026FD24) retval=1
241792.770:0160:Call PE DLL (proc=6EFC1200,module=6EF70000 L"CRYPT32.dll",reason=PROCESS_ATTACH,res=0026FD24)
241792.771:0160:Ret  PE DLL (proc=6EFC1200,module=6EF70000 L"CRYPT32.dll",reason=PROCESS_ATTACH,res=0026FD24) retval=1
241792.771:0160:Call PE DLL (proc=6EC42940,module=6EC40000 L"Secur32.dll",reason=PROCESS_ATTACH,res=0026FD24)
241792.795:0160:Call PE DLL (proc=6B0112A0,module=6B010000 L"Kerberos.dll",reason=PROCESS_ATTACH,res=00000000)
241792.795:0160:Ret  PE DLL (proc=6B0112A0,module=6B010000 L"Kerberos.dll",reason=PROCESS_ATTACH,res=00000000) retval=1
241792.796:0160:Call PE DLL (proc=6AFB15D0,module=6AFB0000 L"MSV1_0.dll",reason=PROCESS_ATTACH,res=00000000)
241792.796:0160:Ret  PE DLL (proc=6AFB15D0,module=6AFB0000 L"MSV1_0.dll",reason=PROCESS_ATTACH,res=00000000) retval=1
241792.796:0160:Ret  PE DLL (proc=6EC42940,module=6EC40000 L"Secur32.dll",reason=PROCESS_ATTACH,res=0026FD24) retval=1
241792.796:0160:Call PE DLL (proc=6EA91170,module=6EA90000 L"jsproxy.dll",reason=PROCESS_ATTACH,res=0026FD24)
241792.796:0160:Ret  PE DLL (proc=6EA91170,module=6EA90000 L"jsproxy.dll",reason=PROCESS_ATTACH,res=0026FD24) retval=1
241792.796:0160:Call PE DLL (proc=6EAF1D20,module=6EAF0000 L"WINHTTP.dll",reason=PROCESS_ATTACH,res=0026FD24)
241792.796:0160:Ret  PE DLL (proc=6EAF1D20,module=6EAF0000 L"WINHTTP.dll",reason=PROCESS_ATTACH,res=0026FD24) retval=1
241792.796:0160:Call PE DLL (proc=6E7E13B0,module=6E7E0000 L"DWrite.dll",reason=PROCESS_ATTACH,res=0026FD24)
241792.796:0160:Ret  PE DLL (proc=6E7E13B0,module=6E7E0000 L"DWrite.dll",reason=PROCESS_ATTACH,res=0026FD24) retval=1
241792.796:0160:Call PE DLL (proc=6E7A1710,module=6E7A0000 L"WTSAPI32.dll",reason=PROCESS_ATTACH,res=0026FD24)
241792.796:0160:Ret  PE DLL (proc=6E7A1710,module=6E7A0000 L"WTSAPI32.dll",reason=PROCESS_ATTACH,res=0026FD24) retval=1
241792.796:0160:Call PE DLL (proc=6E611E90,module=6E610000 L"d3d9.dll",reason=PROCESS_ATTACH,res=0026FD24)
241792.796:0160:Ret  PE DLL (proc=6E611E90,module=6E610000 L"d3d9.dll",reason=PROCESS_ATTACH,res=0026FD24) retval=1
241792.796:0160:Call PE DLL (proc=6E5919A0,module=6E590000 L"dxva2.dll",reason=PROCESS_ATTACH,res=0026FD24)
241792.796:0160:Ret  PE DLL (proc=6E5919A0,module=6E590000 L"dxva2.dll",reason=PROCESS_ATTACH,res=0026FD24) retval=1
241792.796:0160:Call PE DLL (proc=6E5620A0,module=6E560000 L"dhcpcsvc.DLL",reason=PROCESS_ATTACH,res=0026FD24)
241792.796:0160:Ret  PE DLL (proc=6E5620A0,module=6E560000 L"dhcpcsvc.DLL",reason=PROCESS_ATTACH,res=0026FD24) retval=1
241792.796:0160:Call PE DLL (proc=6E2E2100,module=6E2E0000 L"iertutil.dll",reason=PROCESS_ATTACH,res=0026FD24)
241792.796:0160:Ret  PE DLL (proc=6E2E2100,module=6E2E0000 L"iertutil.dll",reason=PROCESS_ATTACH,res=0026FD24) retval=1
241792.796:0160:Call PE DLL (proc=6E105810,module=6E100000 L"wininet.dll",reason=PROCESS_ATTACH,res=0026FD24)
241792.797:0160:Ret  PE DLL (proc=6E105810,module=6E100000 L"wininet.dll",reason=PROCESS_ATTACH,res=0026FD24) retval=1
241792.797:0160:Call PE DLL (proc=6E379EE0,module=6E370000 L"urlmon.dll",reason=PROCESS_ATTACH,res=0026FD24)
241792.797:0160:Ret  PE DLL (proc=6E379EE0,module=6E370000 L"urlmon.dll",reason=PROCESS_ATTACH,res=0026FD24) retval=1
241792.797:0160:Call TLS callback (proc=7135D2A0,module=70010000,reason=PROCESS_ATTACH,reserved=0)
241792.797:0160:Ret  TLS callback (proc=7135D2A0,module=70010000,reason=PROCESS_ATTACH,reserved=0)
241792.797:0160:Call TLS callback (proc=7152C4B0,module=70010000,reason=PROCESS_ATTACH,reserved=0)
241792.797:0160:Ret  TLS callback (proc=7152C4B0,module=70010000,reason=PROCESS_ATTACH,reserved=0)
241792.797:0160:Call TLS callback (proc=716C21AA,module=70010000,reason=PROCESS_ATTACH,reserved=0)
241792.797:0160:Ret  TLS callback (proc=716C21AA,module=70010000,reason=PROCESS_ATTACH,reserved=0)
241792.797:0160:Call TLS callback (proc=72B1026F,module=70010000,reason=PROCESS_ATTACH,reserved=0)
241792.797:0160:Ret  TLS callback (proc=72B1026F,module=70010000,reason=PROCESS_ATTACH,reserved=0)
241792.797:0160:Call TLS callback (proc=72B101F2,module=70010000,reason=PROCESS_ATTACH,reserved=0)
241792.797:0160:Ret  TLS callback (proc=72B101F2,module=70010000,reason=PROCESS_ATTACH,reserved=0)
241792.797:0160:Call PE DLL (proc=72B10BEF,module=70010000 L"Qt5WebEngineCore.dll",reason=PROCESS_ATTACH,res=0026FD24)
241792.797:0160:Ret  PE DLL (proc=72B10BEF,module=70010000 L"Qt5WebEngineCore.dll",reason=PROCESS_ATTACH,res=0026FD24) retval=1
241792.797:0160:Call PE DLL (proc=6E0D5CDA,module=6E0D0000 L"Qt5QuickWidgets.dll",reason=PROCESS_ATTACH,res=0026FD24)
241792.797:0160:Ret  PE DLL (proc=6E0D5CDA,module=6E0D0000 L"Qt5QuickWidgets.dll",reason=PROCESS_ATTACH,res=0026FD24) retval=1
241792.797:0160:Call PE DLL (proc=746C3433,module=746B0000 L"Qt5WebEngineWidgets.dll",reason=PROCESS_ATTACH,res=0026FD24)
241792.797:0160:Ret  PE DLL (proc=746C3433,module=746B0000 L"Qt5WebEngineWidgets.dll",reason=PROCESS_ATTACH,res=0026FD24) retval=1
241792.797:0160:Call PE DLL (proc=6DE8B650,module=6DE80000 L"cfgmgr32.dll",reason=PROCESS_ATTACH,res=0026FD24)
241792.797:0160:Ret  PE DLL (proc=6DE8B650,module=6DE80000 L"cfgmgr32.dll",reason=PROCESS_ATTACH,res=0026FD24) retval=1
241792.797:0160:Call PE DLL (proc=6DF17810,module=6DF10000 L"SETUPAPI.dll",reason=PROCESS_ATTACH,res=0026FD24)
241792.797:0160:Ret  PE DLL (proc=6DF17810,module=6DF10000 L"SETUPAPI.dll",reason=PROCESS_ATTACH,res=0026FD24) retval=1
241792.797:0160:Call PE DLL (proc=6DE615B0,module=6DE60000 L"PSAPI.DLL",reason=PROCESS_ATTACH,res=0026FD24)
241792.797:0160:Ret  PE DLL (proc=6DE615B0,module=6DE60000 L"PSAPI.DLL",reason=PROCESS_ATTACH,res=0026FD24) retval=1
241792.797:0160:Call PE DLL (proc=02560F23,module=02550000 L"zlib1.dll",reason=PROCESS_ATTACH,res=0026FD24)
241792.797:0160:Ret  PE DLL (proc=02560F23,module=02550000 L"zlib1.dll",reason=PROCESS_ATTACH,res=0026FD24) retval=1
241792.797:0160:Call PE DLL (proc=6DD5A886,module=6DD50000 L"bzip2.dll",reason=PROCESS_ATTACH,res=0026FD24)
241792.797:0160:Ret  PE DLL (proc=6DD5A886,module=6DD50000 L"bzip2.dll",reason=PROCESS_ATTACH,res=0026FD24) retval=1
241792.797:0160:Call PE DLL (proc=6DE23931,module=6DDC0000 L"archive.dll",reason=PROCESS_ATTACH,res=0026FD24)
241792.797:0160:Ret  PE DLL (proc=6DE23931,module=6DDC0000 L"archive.dll",reason=PROCESS_ATTACH,res=0026FD24) retval=1
241792.797:0160:Call PE DLL (proc=6B63DAB9,module=6B5E0000 L"avutil.dll",reason=PROCESS_ATTACH,res=0026FD24)
241792.797:0160:Ret  PE DLL (proc=6B63DAB9,module=6B5E0000 L"avutil.dll",reason=PROCESS_ATTACH,res=0026FD24) retval=1
241792.797:0160:Call PE DLL (proc=6B502270,module=6B500000 L"VCOMP140.DLL",reason=PROCESS_ATTACH,res=0026FD24)
241792.797:0160:Ret  PE DLL (proc=6B502270,module=6B500000 L"VCOMP140.DLL",reason=PROCESS_ATTACH,res=0026FD24) retval=1
241792.797:0160:Call PE DLL (proc=6B583F32,module=6B550000 L"swresample.dll",reason=PROCESS_ATTACH,res=0026FD24)
241792.797:0160:Ret  PE DLL (proc=6B583F32,module=6B550000 L"swresample.dll",reason=PROCESS_ATTACH,res=0026FD24) retval=1
241792.797:0160:Call PE DLL (proc=6B284590,module=6B280000 L"propsys.dll",reason=PROCESS_ATTACH,res=0026FD24)
241792.797:0160:Ret  PE DLL (proc=6B284590,module=6B280000 L"propsys.dll",reason=PROCESS_ATTACH,res=0026FD24) retval=1
241792.797:0160:Call PE DLL (proc=6B241540,module=6B240000 L"rtworkq.dll",reason=PROCESS_ATTACH,res=0026FD24)
241792.797:0160:Ret  PE DLL (proc=6B241540,module=6B240000 L"rtworkq.dll",reason=PROCESS_ATTACH,res=0026FD24) retval=1
241792.797:0160:Call PE DLL (proc=6B322DC0,module=6B320000 L"MFPlat.DLL",reason=PROCESS_ATTACH,res=0026FD24)
241792.797:0160:Ret  PE DLL (proc=6B322DC0,module=6B320000 L"MFPlat.DLL",reason=PROCESS_ATTACH,res=0026FD24) retval=1
241792.797:0160:Call PE DLL (proc=6C778EA5,module=6B890000 L"avcodec.dll",reason=PROCESS_ATTACH,res=0026FD24)
241792.797:0160:Ret  PE DLL (proc=6C778EA5,module=6B890000 L"avcodec.dll",reason=PROCESS_ATTACH,res=0026FD24) retval=1
241792.797:0160:Call PE DLL (proc=6DA2B6C1,module=6D620000 L"avformat.dll",reason=PROCESS_ATTACH,res=0026FD24)
241792.798:0160:Ret  PE DLL (proc=6DA2B6C1,module=6D620000 L"avformat.dll",reason=PROCESS_ATTACH,res=0026FD24) retval=1
241792.798:0160:Call PE DLL (proc=6B211B11,module=6B1B0000 L"swscale.dll",reason=PROCESS_ATTACH,res=0026FD24)
241792.798:0160:Ret  PE DLL (proc=6B211B11,module=6B1B0000 L"swscale.dll",reason=PROCESS_ATTACH,res=0026FD24) retval=1
241792.799:0160:Starting thread proc 00F9E23E (arg=0014D000)
241792.800:0160:fixme:ntdll:NtQuerySystemInformation info_class SYSTEM_PERFORMANCE_INFORMATION
241792.805:0160:Call PE DLL (proc=6AF424EF,module=6AE70000 L"qwindows.dll",reason=PROCESS_ATTACH,res=00000000)
241792.805:0160:Ret  PE DLL (proc=6AF424EF,module=6AE70000 L"qwindows.dll",reason=PROCESS_ATTACH,res=00000000) retval=1
241792.805:0160:Call user32.CreateWindowExW(00000000,795add00 L"OleMainThreadWndClass",00000000,00000000,00000000,00000000,00000000,00000000,fffffffd,00000000,79580000,00000000) ret=79598d2e
241792.805:0160:Call window proc 7959AF80 (hwnd=00010056,msg=WM_GETMINMAXINFO,wp=00000000,lp=0026f50c)
241792.805:0160:Ret  window proc 7959AF80 (hwnd=00010056,msg=WM_GETMINMAXINFO,wp=00000000,lp=0026f50c) retval=00000000
241792.805:0160:Call window proc 7959AF80 (hwnd=00010056,msg=WM_NCCREATE,wp=00000000,lp=0026f4cc)
241792.805:0160:Ret  window proc 7959AF80 (hwnd=00010056,msg=WM_NCCREATE,wp=00000000,lp=0026f4cc) retval=00000001
241792.805:0160:Call window proc 7959AF80 (hwnd=00010056,msg=WM_NCCALCSIZE,wp=00000000,lp=0026f51c)
241792.805:0160:Ret  window proc 7959AF80 (hwnd=00010056,msg=WM_NCCALCSIZE,wp=00000000,lp=0026f51c) retval=00000000
241792.805:0160:Call window proc 7959AF80 (hwnd=00010056,msg=WM_CREATE,wp=00000000,lp=0026f4cc)
241792.805:0160:Ret  window proc 7959AF80 (hwnd=00010056,msg=WM_CREATE,wp=00000000,lp=0026f4cc) retval=00000000
241792.805:0160:Ret  user32.CreateWindowExW() retval=00010056 ret=79598d2e
241792.805:0160:Call PE DLL (proc=6AE21E80,module=6AE20000 L"wintab32.dll",reason=PROCESS_ATTACH,res=00000000)
241792.805:0160:Ret  PE DLL (proc=6AE21E80,module=6AE20000 L"wintab32.dll",reason=PROCESS_ATTACH,res=00000000) retval=1
241792.806:0160:Call user32.CreateWindowExW(00000000,025118e8 L"Qt5151TabletDummyWindow",6af4dc20 L"TabletDummyWindow",00000000,80000000,80000000,80000000,80000000,fffffffd,00000000,00400000,00000000) ret=6ae7d4a0
241792.806:0160:Call window proc 6AEB8A40 (hwnd=0001005A,msg=WM_GETMINMAXINFO,wp=00000000,lp=0026f49c)
241792.806:0160:Ret  window proc 6AEB8A40 (hwnd=0001005A,msg=WM_GETMINMAXINFO,wp=00000000,lp=0026f49c) retval=00000000
241792.806:0160:Call window proc 6AEB8A40 (hwnd=0001005A,msg=WM_NCCREATE,wp=00000000,lp=0026f43c)
241792.806:0160:Ret  window proc 6AEB8A40 (hwnd=0001005A,msg=WM_NCCREATE,wp=00000000,lp=0026f43c) retval=00000001
241792.806:0160:Call window proc 6AEB8A40 (hwnd=0001005A,msg=WM_NCCALCSIZE,wp=00000000,lp=0026f4ac)
241792.806:0160:Ret  window proc 6AEB8A40 (hwnd=0001005A,msg=WM_NCCALCSIZE,wp=00000000,lp=0026f4ac) retval=00000000
241792.806:0160:Call window proc 6AEB8A40 (hwnd=0001005A,msg=WM_CREATE,wp=00000000,lp=0026f43c)
241792.806:0160:Ret  window proc 6AEB8A40 (hwnd=0001005A,msg=WM_CREATE,wp=00000000,lp=0026f43c) retval=00000000
241792.806:0160:Ret  user32.CreateWindowExW() retval=0001005a ret=6ae7d4a0
241792.806:0160:Call user32.CreateWindowExW(00000000,6ae29d7c L"WineTabletClass",6ae29d9c L"Tablet",00000000,00000000,00000000,00000000,00000000,fffffffd,00000000,6ae20000,00000000) ret=6ae25b8d
241792.806:0160:Call window proc 6AE221D0 (hwnd=0001005C,msg=WM_GETMINMAXINFO,wp=00000000,lp=0026f40c)
241792.806:0160:Ret  window proc 6AE221D0 (hwnd=0001005C,msg=WM_GETMINMAXINFO,wp=00000000,lp=0026f40c) retval=00000000
241792.806:0160:Call window proc 6AE221D0 (hwnd=0001005C,msg=WM_NCCREATE,wp=00000000,lp=0026f3cc)
241792.806:0160:Ret  window proc 6AE221D0 (hwnd=0001005C,msg=WM_NCCREATE,wp=00000000,lp=0026f3cc) retval=00000001
241792.806:0160:Call window proc 6AE221D0 (hwnd=0001005C,msg=WM_NCCALCSIZE,wp=00000000,lp=0026f41c)
241792.806:0160:Ret  window proc 6AE221D0 (hwnd=0001005C,msg=WM_NCCALCSIZE,wp=00000000,lp=0026f41c) retval=00000000
241792.806:0160:Call window proc 6AE221D0 (hwnd=0001005C,msg=WM_CREATE,wp=00000000,lp=0026f3cc)
241792.806:0160:Ret  window proc 6AE221D0 (hwnd=0001005C,msg=WM_CREATE,wp=00000000,lp=0026f3cc) retval=00000000
241792.806:0160:Ret  user32.CreateWindowExW() retval=0001005c ret=6ae25b8d
241792.808:0160:Call window proc 6AEB8A40 (hwnd=0001005A,msg=WM_DESTROY,wp=00000000,lp=00000000)
241792.808:0160:Ret  window proc 6AEB8A40 (hwnd=0001005A,msg=WM_DESTROY,wp=00000000,lp=00000000) retval=00000000
241792.808:0160:Call window proc 6AEB8A40 (hwnd=0001005A,msg=WM_NCDESTROY,wp=00000000,lp=00000000)
241792.808:0160:Ret  window proc 6AEB8A40 (hwnd=0001005A,msg=WM_NCDESTROY,wp=00000000,lp=00000000) retval=00000000
241792.808:0160:Call user32.CreateWindowExW(00000000,024f8108 L"Qt5151PowerDummyWindow",6af4717c L"QtPowerDummyWindow",00000000,80000000,80000000,80000000,80000000,fffffffd,00000000,00400000,00000000) ret=6ae7e3b0
241792.808:0168:Call window proc 00006FFFFFBDB600 (hwnd=0000000000020036,msg=WM_PARENTNOTIFY,wp=00000002,lp=0001005a)
241792.808:0168:Ret  window proc 00006FFFFFBDB600 (hwnd=0000000000020036,msg=WM_PARENTNOTIFY,wp=00000002,lp=0001005a) retval=00000000
241792.808:0160:Call window proc 6AE81BC0 (hwnd=0002005A,msg=WM_GETMINMAXINFO,wp=00000000,lp=0026f5ec)
241792.808:0160:Ret  window proc 6AE81BC0 (hwnd=0002005A,msg=WM_GETMINMAXINFO,wp=00000000,lp=0026f5ec) retval=00000000
241792.808:0160:Call window proc 6AE81BC0 (hwnd=0002005A,msg=WM_NCCREATE,wp=00000000,lp=0026f58c)
241792.808:0160:Ret  window proc 6AE81BC0 (hwnd=0002005A,msg=WM_NCCREATE,wp=00000000,lp=0026f58c) retval=00000001
241792.808:0160:Call window proc 6AE81BC0 (hwnd=0002005A,msg=WM_NCCALCSIZE,wp=00000000,lp=0026f5fc)
241792.808:0160:Ret  window proc 6AE81BC0 (hwnd=0002005A,msg=WM_NCCALCSIZE,wp=00000000,lp=0026f5fc) retval=00000000
241792.808:0160:Call window proc 6AE81BC0 (hwnd=0002005A,msg=WM_CREATE,wp=00000000,lp=0026f58c)
241792.808:0160:Ret  window proc 6AE81BC0 (hwnd=0002005A,msg=WM_CREATE,wp=00000000,lp=0026f58c) retval=00000000
241792.808:0160:Ret  user32.CreateWindowExW() retval=0002005a ret=6ae7e3b0
241792.808:0160:fixme:win:RegisterPowerSettingNotification (0002005A,{02731015-4510-4526-99e6-e5a17ebd1aea},0): stub
241792.808:0160:Call user32.CreateWindowExW(00000000,024f8158 L"Qt5151ClipboardView",6af4d310 L"QtClipboardView",00000000,80000000,80000000,80000000,80000000,fffffffd,00000000,00400000,00000000) ret=6ae7d4a0
241792.808:0160:Call window proc 6AEB3A80 (hwnd=0001005E,msg=WM_GETMINMAXINFO,wp=00000000,lp=0026f5fc)
241792.808:0160:Ret  window proc 6AEB3A80 (hwnd=0001005E,msg=WM_GETMINMAXINFO,wp=00000000,lp=0026f5fc) retval=00000000
241792.808:0160:Call window proc 6AEB3A80 (hwnd=0001005E,msg=WM_NCCREATE,wp=00000000,lp=0026f5ac)
241792.808:0160:Ret  window proc 6AEB3A80 (hwnd=0001005E,msg=WM_NCCREATE,wp=00000000,lp=0026f5ac) retval=00000001
241792.808:0160:Call window proc 6AEB3A80 (hwnd=0001005E,msg=WM_NCCALCSIZE,wp=00000000,lp=0026f60c)
241792.808:0160:Ret  window proc 6AEB3A80 (hwnd=0001005E,msg=WM_NCCALCSIZE,wp=00000000,lp=0026f60c) retval=00000000
241792.808:0160:Call window proc 6AEB3A80 (hwnd=0001005E,msg=WM_CREATE,wp=00000000,lp=0026f5ac)
241792.808:0160:Ret  window proc 6AEB3A80 (hwnd=0001005E,msg=WM_CREATE,wp=00000000,lp=0026f5ac) retval=00000000
241792.808:0160:Ret  user32.CreateWindowExW() retval=0001005e ret=6ae7d4a0
241792.809:0160:Call user32.CreateWindowExW(00000000,0251d9c8 L"QEventDispatcherWin32_Internal_Widget2065374928",0251d9c8 L"QEventDispatcherWin32_Internal_Widget2065374928",00000000,00000000,00000000,00000000,00000000,fffffffd,00000000,00400000,00000000) ret=7b1b0c5a
241792.809:0160:Call window proc 7B1B1ED0 (hwnd=00010060,msg=WM_GETMINMAXINFO,wp=00000000,lp=0026f78c)
241792.809:0160:Ret  window proc 7B1B1ED0 (hwnd=00010060,msg=WM_GETMINMAXINFO,wp=00000000,lp=0026f78c) retval=00000000
241792.809:0160:Call window proc 7B1B1ED0 (hwnd=00010060,msg=WM_NCCREATE,wp=00000000,lp=0026f6bc)
241792.809:0160:Ret  window proc 7B1B1ED0 (hwnd=00010060,msg=WM_NCCREATE,wp=00000000,lp=0026f6bc) retval=00000001
241792.809:0160:Call window proc 7B1B1ED0 (hwnd=00010060,msg=WM_NCCALCSIZE,wp=00000000,lp=0026f79c)
241792.809:0160:Ret  window proc 7B1B1ED0 (hwnd=00010060,msg=WM_NCCALCSIZE,wp=00000000,lp=0026f79c) retval=00000000
241792.809:0160:Call window proc 7B1B1ED0 (hwnd=00010060,msg=WM_CREATE,wp=00000000,lp=0026f6bc)
241792.809:0160:Ret  window proc 7B1B1ED0 (hwnd=00010060,msg=WM_CREATE,wp=00000000,lp=0026f6bc) retval=00000000
241792.809:0160:Ret  user32.CreateWindowExW() retval=00010060 ret=7b1b0c5a
241792.833:0160:Call window proc 7BCA6A20 (hwnd=00010064,msg=WM_GETMINMAXINFO,wp=00000000,lp=0026e9cc)
241792.833:0160:Ret  window proc 7BCA6A20 (hwnd=00010064,msg=WM_GETMINMAXINFO,wp=00000000,lp=0026e9cc) retval=00000000
241792.833:0160:Call window proc 7BCA6A10 (hwnd=00010064,msg=WM_NCCREATE,wp=00000000,lp=0026e3f0)
241792.833:0160:Ret  window proc 7BCA6A10 (hwnd=00010064,msg=WM_NCCREATE,wp=00000000,lp=0026e3f0) retval=00000001
241792.833:0160:Call window proc 7BCA6AE0 (hwnd=0001006A,msg=WM_NCCREATE,wp=00000000,lp=0026e99c)
241792.834:0160:Ret  window proc 7BCA6AE0 (hwnd=0001006A,msg=WM_NCCREATE,wp=00000000,lp=0026e99c) retval=00000001
241792.834:0160:Call window proc 7BCA6AE0 (hwnd=0001006A,msg=WM_NCCALCSIZE,wp=00000000,lp=0026e9dc)
241792.834:0160:Ret  window proc 7BCA6AE0 (hwnd=0001006A,msg=WM_NCCALCSIZE,wp=00000000,lp=0026e9dc) retval=00000000
241792.834:0160:Call window proc 7BCA6AE0 (hwnd=0001006A,msg=WM_CREATE,wp=00000000,lp=0026e99c)
241792.834:0160:Ret  window proc 7BCA6AE0 (hwnd=0001006A,msg=WM_CREATE,wp=00000000,lp=0026e99c) retval=00000001
241792.834:0160:Call window proc 7BCA6AE0 (hwnd=0001006A,msg=WM_SIZE,wp=00000000,lp=00010001)
241792.834:0160:Ret  window proc 7BCA6AE0 (hwnd=0001006A,msg=WM_SIZE,wp=00000000,lp=00010001) retval=00000000
241792.834:0160:Call window proc 7BCA6AE0 (hwnd=0001006A,msg=WM_MOVE,wp=00000000,lp=00000000)
241792.834:0160:Ret  window proc 7BCA6AE0 (hwnd=0001006A,msg=WM_MOVE,wp=00000000,lp=00000000) retval=00000000
241792.834:0160:Call window proc 7BCA6A20 (hwnd=00010064,msg=WM_NCCALCSIZE,wp=00000000,lp=0026e9dc)
241792.834:0168:Call window proc 0000000140003B10 (hwnd=0000000000020040,msg=WM_PARENTNOTIFY,wp=00000001,lp=0001006a)
241792.834:0160:Ret  window proc 7BCA6A20 (hwnd=00010064,msg=WM_NCCALCSIZE,wp=00000000,lp=0026e9dc) retval=00000000
241792.834:0168:Ret  window proc 0000000140003B10 (hwnd=0000000000020040,msg=WM_PARENTNOTIFY,wp=00000001,lp=0001006a) retval=00000000
241792.834:0160:Call window proc 7BCA6A10 (hwnd=00010064,msg=WM_CREATE,wp=00000000,lp=0026e3f0)
241792.834:0160:Ret  window proc 7BCA6A10 (hwnd=00010064,msg=WM_CREATE,wp=00000000,lp=0026e3f0) retval=00000000
241792.834:0168:Call window proc 0000000140003B10 (hwnd=0000000000020040,msg=WM_PARENTNOTIFY,wp=00000001,lp=00010064)
241792.834:0168:Ret  window proc 0000000140003B10 (hwnd=0000000000020040,msg=WM_PARENTNOTIFY,wp=00000001,lp=00010064) retval=00000000
241792.939:0160:Call window proc 7BCA6A20 (hwnd=00010064,msg=WM_DESTROY,wp=00000000,lp=00000000)
241792.939:0160:Ret  window proc 7BCA6A20 (hwnd=00010064,msg=WM_DESTROY,wp=00000000,lp=00000000) retval=00000000
241792.939:0160:Call window proc 7BCA6AE0 (hwnd=0001006A,msg=WM_DESTROY,wp=00000000,lp=00000000)
241792.939:0160:Ret  window proc 7BCA6AE0 (hwnd=0001006A,msg=WM_DESTROY,wp=00000000,lp=00000000) retval=00000001
241792.939:0160:Call window proc 7BCA6AE0 (hwnd=0001006A,msg=WM_NCDESTROY,wp=00000000,lp=00000000)
241792.939:0160:Ret  window proc 7BCA6AE0 (hwnd=0001006A,msg=WM_NCDESTROY,wp=00000000,lp=00000000) retval=00000000
241792.939:0160:Call window proc 7BCA6A20 (hwnd=00010064,msg=WM_NCDESTROY,wp=00000000,lp=00000000)
241792.939:0160:Ret  window proc 7BCA6A20 (hwnd=00010064,msg=WM_NCDESTROY,wp=00000000,lp=00000000) retval=00000000
241792.939:0168:Call window proc 0000000140003B10 (hwnd=0000000000020040,msg=WM_PARENTNOTIFY,wp=00000002,lp=0001006a)
241792.939:0168:Ret  window proc 0000000140003B10 (hwnd=0000000000020040,msg=WM_PARENTNOTIFY,wp=00000002,lp=0001006a) retval=00000000
241792.939:0168:Call window proc 0000000140003B10 (hwnd=0000000000020040,msg=WM_PARENTNOTIFY,wp=00000002,lp=00010064)
241792.940:0168:Ret  window proc 0000000140003B10 (hwnd=0000000000020040,msg=WM_PARENTNOTIFY,wp=00000002,lp=00010064) retval=00000000
241792.940:0160:Call user32.CreateWindowExW(00000000,6af4b91c L"qtopengltest",6af4b994 L"qtopenglproxytest",00000000,00000000,00000000,00000280,000001e0,00000000,00000000,00400000,00000000) ret=6aeaac08
241792.940:0160:Call window proc 7BCA6A20 (hwnd=00020064,msg=WM_GETMINMAXINFO,wp=00000000,lp=0026f4ec)
241792.940:0160:Ret  window proc 7BCA6A20 (hwnd=00020064,msg=WM_GETMINMAXINFO,wp=00000000,lp=0026f4ec) retval=00000000
241792.940:0160:Call window proc 7BCA6A20 (hwnd=00020064,msg=WM_NCCREATE,wp=00000000,lp=0026f49c)
241792.940:0160:Ret  window proc 7BCA6A20 (hwnd=00020064,msg=WM_NCCREATE,wp=00000000,lp=0026f49c) retval=00000001
241792.940:0160:Call window proc 7BCA6AE0 (hwnd=00020068,msg=WM_NCCREATE,wp=00000000,lp=0026f4bc)
241792.940:0160:Ret  window proc 7BCA6AE0 (hwnd=00020068,msg=WM_NCCREATE,wp=00000000,lp=0026f4bc) retval=00000001
241792.940:0160:Call window proc 7BCA6AE0 (hwnd=00020068,msg=WM_NCCALCSIZE,wp=00000000,lp=0026f4fc)
241792.940:0160:Ret  window proc 7BCA6AE0 (hwnd=00020068,msg=WM_NCCALCSIZE,wp=00000000,lp=0026f4fc) retval=00000000
241792.940:0160:Call window proc 7BCA6AE0 (hwnd=00020068,msg=WM_CREATE,wp=00000000,lp=0026f4bc)
241792.940:0160:Ret  window proc 7BCA6AE0 (hwnd=00020068,msg=WM_CREATE,wp=00000000,lp=0026f4bc) retval=00000001
241792.940:0160:Call window proc 7BCA6AE0 (hwnd=00020068,msg=WM_SIZE,wp=00000000,lp=00010001)
241792.940:0160:Ret  window proc 7BCA6AE0 (hwnd=00020068,msg=WM_SIZE,wp=00000000,lp=00010001) retval=00000000
241792.940:0160:Call window proc 7BCA6AE0 (hwnd=00020068,msg=WM_MOVE,wp=00000000,lp=00000000)
241792.940:0160:Ret  window proc 7BCA6AE0 (hwnd=00020068,msg=WM_MOVE,wp=00000000,lp=00000000) retval=00000000
241792.940:0160:Call window proc 7BCA6A20 (hwnd=00020064,msg=WM_NCCALCSIZE,wp=00000000,lp=0026f4fc)
241792.940:0168:Call window proc 0000000140003B10 (hwnd=0000000000020040,msg=WM_PARENTNOTIFY,wp=00000001,lp=00020068)
241792.940:0168:Ret  window proc 0000000140003B10 (hwnd=0000000000020040,msg=WM_PARENTNOTIFY,wp=00000001,lp=00020068) retval=00000000
241792.940:0160:Ret  window proc 7BCA6A20 (hwnd=00020064,msg=WM_NCCALCSIZE,wp=00000000,lp=0026f4fc) retval=00000000
241792.941:0160:Call window proc 7BCA6A20 (hwnd=00020064,msg=WM_CREATE,wp=00000000,lp=0026f49c)
241792.941:0160:Ret  window proc 7BCA6A20 (hwnd=00020064,msg=WM_CREATE,wp=00000000,lp=0026f49c) retval=00000000
241792.941:0160:Ret  user32.CreateWindowExW() retval=00020064 ret=6aeaac08
241792.941:0168:Call window proc 0000000140003B10 (hwnd=0000000000020040,msg=WM_PARENTNOTIFY,wp=00000001,lp=00020064)
241792.941:0168:Ret  window proc 0000000140003B10 (hwnd=0000000000020040,msg=WM_PARENTNOTIFY,wp=00000001,lp=00020064) retval=00000000
241792.949:0160:Call window proc 7BCA6A20 (hwnd=00020064,msg=WM_DESTROY,wp=00000000,lp=00000000)
241792.949:0160:Ret  window proc 7BCA6A20 (hwnd=00020064,msg=WM_DESTROY,wp=00000000,lp=00000000) retval=00000000
241792.949:0160:Call window proc 7BCA6AE0 (hwnd=00020068,msg=WM_DESTROY,wp=00000000,lp=00000000)
241792.949:0160:Ret  window proc 7BCA6AE0 (hwnd=00020068,msg=WM_DESTROY,wp=00000000,lp=00000000) retval=00000001
241792.949:0160:Call window proc 7BCA6AE0 (hwnd=00020068,msg=WM_NCDESTROY,wp=00000000,lp=00000000)
241792.949:0160:Ret  window proc 7BCA6AE0 (hwnd=00020068,msg=WM_NCDESTROY,wp=00000000,lp=00000000) retval=00000000
241792.949:0160:Call window proc 7BCA6A20 (hwnd=00020064,msg=WM_NCDESTROY,wp=00000000,lp=00000000)
241792.949:0160:Ret  window proc 7BCA6A20 (hwnd=00020064,msg=WM_NCDESTROY,wp=00000000,lp=00000000) retval=00000000
241792.949:0168:Call window proc 0000000140003B10 (hwnd=0000000000020040,msg=WM_PARENTNOTIFY,wp=00000002,lp=00020068)
241792.949:0168:Ret  window proc 0000000140003B10 (hwnd=0000000000020040,msg=WM_PARENTNOTIFY,wp=00000002,lp=00020068) retval=00000000
241792.950:0160:Call user32.CreateWindowExW(00000000,02511c48 L"Qt5151OpenGLDummyWindow",6af4c21c L"OpenGLDummyWindow",06000000,80000000,80000000,80000000,80000000,fffffffd,00000000,00400000,00000000) ret=6ae7d4a0
241792.950:0168:Call window proc 0000000140003B10 (hwnd=0000000000020040,msg=WM_PARENTNOTIFY,wp=00000002,lp=00020064)
241792.950:0168:Ret  window proc 0000000140003B10 (hwnd=0000000000020040,msg=WM_PARENTNOTIFY,wp=00000002,lp=00020064) retval=00000000
241792.950:0160:Call window proc 7BCA6A20 (hwnd=00030064,msg=WM_GETMINMAXINFO,wp=00000000,lp=0026f6dc)
241792.950:0160:Ret  window proc 7BCA6A20 (hwnd=00030064,msg=WM_GETMINMAXINFO,wp=00000000,lp=0026f6dc) retval=00000000
241792.950:0160:Call window proc 7BCA6A20 (hwnd=00030064,msg=WM_NCCREATE,wp=00000000,lp=0026f67c)
241792.950:0160:Ret  window proc 7BCA6A20 (hwnd=00030064,msg=WM_NCCREATE,wp=00000000,lp=0026f67c) retval=00000001
241792.950:0160:Call window proc 7BCA6A20 (hwnd=00030064,msg=WM_NCCALCSIZE,wp=00000000,lp=0026f6ec)
241792.950:0160:Ret  window proc 7BCA6A20 (hwnd=00030064,msg=WM_NCCALCSIZE,wp=00000000,lp=0026f6ec) retval=00000000
241792.950:0160:Call window proc 7BCA6A20 (hwnd=00030064,msg=WM_CREATE,wp=00000000,lp=0026f67c)
241792.950:0160:Ret  window proc 7BCA6A20 (hwnd=00030064,msg=WM_CREATE,wp=00000000,lp=0026f67c) retval=00000000
241792.950:0160:Ret  user32.CreateWindowExW() retval=00030064 ret=6ae7d4a0
241792.962:0160:Call window proc 7BCA6A20 (hwnd=00030064,msg=WM_DESTROY,wp=00000000,lp=00000000)
241792.962:0160:Ret  window proc 7BCA6A20 (hwnd=00030064,msg=WM_DESTROY,wp=00000000,lp=00000000) retval=00000000
241792.962:0160:Call window proc 7BCA6A20 (hwnd=00030064,msg=WM_NCDESTROY,wp=00000000,lp=00000000)
241792.962:0160:Ret  window proc 7BCA6A20 (hwnd=00030064,msg=WM_NCDESTROY,wp=00000000,lp=00000000) retval=00000000
241792.962:0168:Call window proc 00006FFFFFBDB600 (hwnd=0000000000020036,msg=WM_PARENTNOTIFY,wp=00000002,lp=00030064)
241792.962:0168:Ret  window proc 00006FFFFFBDB600 (hwnd=0000000000020036,msg=WM_PARENTNOTIFY,wp=00000002,lp=00030064) retval=00000000
241792.962:0160:Call user32.CreateWindowExW(00000000,02511cd8 L"Qt5151OpenGLDummyWindow",6af4c21c L"OpenGLDummyWindow",06000000,80000000,80000000,80000000,80000000,fffffffd,00000000,00400000,00000000) ret=6ae7d4a0
241792.963:0160:Call window proc 7BCA6A20 (hwnd=00040064,msg=WM_GETMINMAXINFO,wp=00000000,lp=0026f6ac)
241792.963:0160:Ret  window proc 7BCA6A20 (hwnd=00040064,msg=WM_GETMINMAXINFO,wp=00000000,lp=0026f6ac) retval=00000000
241792.963:0160:Call window proc 7BCA6A20 (hwnd=00040064,msg=WM_NCCREATE,wp=00000000,lp=0026f64c)
241792.963:0160:Ret  window proc 7BCA6A20 (hwnd=00040064,msg=WM_NCCREATE,wp=00000000,lp=0026f64c) retval=00000001
241792.963:0160:Call window proc 7BCA6A20 (hwnd=00040064,msg=WM_NCCALCSIZE,wp=00000000,lp=0026f6bc)
241792.963:0160:Ret  window proc 7BCA6A20 (hwnd=00040064,msg=WM_NCCALCSIZE,wp=00000000,lp=0026f6bc) retval=00000000
241792.963:0160:Call window proc 7BCA6A20 (hwnd=00040064,msg=WM_CREATE,wp=00000000,lp=0026f64c)
241792.963:0160:Ret  window proc 7BCA6A20 (hwnd=00040064,msg=WM_CREATE,wp=00000000,lp=0026f64c) retval=00000000
241792.963:0160:Ret  user32.CreateWindowExW() retval=00040064 ret=6ae7d4a0
241792.971:0160:Call window proc 7BCA6A20 (hwnd=00040064,msg=WM_DESTROY,wp=00000000,lp=00000000)
241792.971:0160:Ret  window proc 7BCA6A20 (hwnd=00040064,msg=WM_DESTROY,wp=00000000,lp=00000000) retval=00000000
241792.971:0160:Call window proc 7BCA6A20 (hwnd=00040064,msg=WM_NCDESTROY,wp=00000000,lp=00000000)
241792.971:0160:Ret  window proc 7BCA6A20 (hwnd=00040064,msg=WM_NCDESTROY,wp=00000000,lp=00000000) retval=00000000
241792.971:0168:Call window proc 00006FFFFFBDB600 (hwnd=0000000000020036,msg=WM_PARENTNOTIFY,wp=00000002,lp=00040064)
241792.971:0168:Ret  window proc 00006FFFFFBDB600 (hwnd=0000000000020036,msg=WM_PARENTNOTIFY,wp=00000002,lp=00040064) retval=00000000
241793.003:0160:Call user32.PostMessageW(00010060,00000402,00000000,00000000) ret=7b1b27c1
241793.003:0160:Ret  user32.PostMessageW() retval=00000001 ret=7b1b27c1
241793.006:0160:Call PE DLL (proc=6AE03E25,module=6AE00000 L"qsvgicon.dll",reason=PROCESS_ATTACH,res=00000000)
241793.006:0160:Ret  PE DLL (proc=6AE03E25,module=6AE00000 L"qsvgicon.dll",reason=PROCESS_ATTACH,res=00000000) retval=1
241793.009:0160:Call hook proc 7B1B1DE0 (id=WH_GETMESSAGE,code=0,wp=00000001,lp=0026df2c)
241793.009:0160:Ret  hook proc 7B1B1DE0 (id=WH_GETMESSAGE,code=0,wp=00000001,lp=0026df2c) retval=00000000
241793.009:0160:Call window proc 7B1B1ED0 (hwnd=00010060,msg=WM_USER+2,wp=00000000,lp=00000000)
241793.009:0160:Ret  window proc 7B1B1ED0 (hwnd=00010060,msg=WM_USER+2,wp=00000000,lp=00000000) retval=00000000
241793.009:0160:Call hook proc 7B1B1DE0 (id=WH_GETMESSAGE,code=0,wp=00000001,lp=0026df2c)
241793.009:0160:Ret  hook proc 7B1B1DE0 (id=WH_GETMESSAGE,code=0,wp=00000001,lp=0026df2c) retval=00000000
241793.009:0160:Call window proc 7B1B1ED0 (hwnd=00010060,msg=WM_USER,wp=00000124,lp=00000001)
241793.009:0160:Call user32.PostMessageW(00010060,00000402,00000000,00000000) ret=7b1b183b
241793.009:0160:Ret  user32.PostMessageW() retval=00000001 ret=7b1b183b
241793.011:0160:Call user32.PostMessageW(00010060,00000401,00000000,00000000) ret=7b1b2ffc
241793.011:0160:Ret  user32.PostMessageW() retval=00000001 ret=7b1b2ffc
241793.249:0160:fixme:font:find_matching_face Untranslated charset 255
241793.249:0160:fixme:font:get_nearest_charset returning DEFAULT_CHARSET face->fs.fsCsb[0] = 00000000 file = L"\\??\\Z:\\usr\\share\\fonts\\truetype\\noto\\NotoKufiArabic-Regular.ttf"
241793.250:0160:fixme:font:find_matching_face Untranslated charset 255
241793.250:0160:fixme:font:get_nearest_charset returning DEFAULT_CHARSET face->fs.fsCsb[0] = 00000000 file = L"\\??\\Z:\\usr\\share\\fonts\\truetype\\noto\\NotoKufiArabic-Bold.ttf"
241793.250:0160:fixme:font:find_matching_face Untranslated charset 255
241793.250:0160:fixme:font:get_nearest_charset returning DEFAULT_CHARSET face->fs.fsCsb[0] = 00000000 file = L"\\??\\Z:\\usr\\share\\fonts\\truetype\\noto\\NotoKufiArabic-Black.ttf"
241793.250:0160:fixme:font:find_matching_face Untranslated charset 255
241793.250:0160:fixme:font:get_nearest_charset returning DEFAULT_CHARSET face->fs.fsCsb[0] = 00000000 file = L"\\??\\Z:\\usr\\share\\fonts\\truetype\\noto\\NotoKufiArabic-ExtraBold.ttf"
241793.251:0160:fixme:font:find_matching_face Untranslated charset 255
241793.251:0160:fixme:font:get_nearest_charset returning DEFAULT_CHARSET face->fs.fsCsb[0] = 00000000 file = L"\\??\\Z:\\usr\\share\\fonts\\truetype\\noto\\NotoKufiArabic-ExtraLight.ttf"
241793.251:0160:fixme:font:find_matching_face Untranslated charset 255
241793.251:0160:fixme:font:get_nearest_charset returning DEFAULT_CHARSET face->fs.fsCsb[0] = 00000000 file = L"\\??\\Z:\\usr\\share\\fonts\\truetype\\noto\\NotoKufiArabic-Light.ttf"
241793.251:0160:fixme:font:find_matching_face Untranslated charset 255
241793.251:0160:fixme:font:get_nearest_charset returning DEFAULT_CHARSET face->fs.fsCsb[0] = 00000000 file = L"\\??\\Z:\\usr\\share\\fonts\\truetype\\noto\\NotoKufiArabic-Medium.ttf"
241793.252:0160:fixme:font:find_matching_face Untranslated charset 255
241793.252:0160:fixme:font:get_nearest_charset returning DEFAULT_CHARSET face->fs.fsCsb[0] = 00000000 file = L"\\??\\Z:\\usr\\share\\fonts\\truetype\\noto\\NotoKufiArabic-SemiBold.ttf"
241793.252:0160:fixme:font:find_matching_face Untranslated charset 255
241793.252:0160:fixme:font:get_nearest_charset returning DEFAULT_CHARSET face->fs.fsCsb[0] = 00000000 file = L"\\??\\Z:\\usr\\share\\fonts\\truetype\\noto\\NotoKufiArabic-Thin.ttf"
241802.397:0160:Call window proc 7BCA6A20 (hwnd=00020066,msg=WM_GETMINMAXINFO,wp=00000000,lp=0026bdbc)
241802.397:0160:Ret  window proc 7BCA6A20 (hwnd=00020066,msg=WM_GETMINMAXINFO,wp=00000000,lp=0026bdbc) retval=00000000
241802.397:0160:Call window proc 7BCA6A10 (hwnd=00020066,msg=WM_NCCREATE,wp=00000000,lp=0026b7e0)
241802.398:0160:Ret  window proc 7BCA6A10 (hwnd=00020066,msg=WM_NCCREATE,wp=00000000,lp=0026b7e0) retval=00000001
241802.398:0160:Call window proc 7BCA6AE0 (hwnd=0001006E,msg=WM_NCCREATE,wp=00000000,lp=0026bd8c)
241802.398:0160:Ret  window proc 7BCA6AE0 (hwnd=0001006E,msg=WM_NCCREATE,wp=00000000,lp=0026bd8c) retval=00000001
241802.398:0160:Call window proc 7BCA6AE0 (hwnd=0001006E,msg=WM_NCCALCSIZE,wp=00000000,lp=0026bdcc)
241802.398:0160:Ret  window proc 7BCA6AE0 (hwnd=0001006E,msg=WM_NCCALCSIZE,wp=00000000,lp=0026bdcc) retval=00000000
241802.398:0160:Call window proc 7BCA6AE0 (hwnd=0001006E,msg=WM_CREATE,wp=00000000,lp=0026bd8c)
241802.398:0160:Ret  window proc 7BCA6AE0 (hwnd=0001006E,msg=WM_CREATE,wp=00000000,lp=0026bd8c) retval=00000001
241802.398:0160:Call window proc 7BCA6AE0 (hwnd=0001006E,msg=WM_SIZE,wp=00000000,lp=00010001)
241802.398:0160:Ret  window proc 7BCA6AE0 (hwnd=0001006E,msg=WM_SIZE,wp=00000000,lp=00010001) retval=00000000
241802.398:0160:Call window proc 7BCA6AE0 (hwnd=0001006E,msg=WM_MOVE,wp=00000000,lp=00000000)
241802.398:0160:Ret  window proc 7BCA6AE0 (hwnd=0001006E,msg=WM_MOVE,wp=00000000,lp=00000000) retval=00000000
241802.398:0160:Call window proc 7BCA6A20 (hwnd=00020066,msg=WM_NCCALCSIZE,wp=00000000,lp=0026bdcc)
241802.398:0168:Call window proc 0000000140003B10 (hwnd=0000000000020040,msg=WM_PARENTNOTIFY,wp=00000001,lp=0001006e)
241802.398:0160:Ret  window proc 7BCA6A20 (hwnd=00020066,msg=WM_NCCALCSIZE,wp=00000000,lp=0026bdcc) retval=00000000
241802.398:0168:Ret  window proc 0000000140003B10 (hwnd=0000000000020040,msg=WM_PARENTNOTIFY,wp=00000001,lp=0001006e) retval=00000000
241802.398:0160:Call window proc 7BCA6A10 (hwnd=00020066,msg=WM_CREATE,wp=00000000,lp=0026b7e0)
241802.398:0160:Ret  window proc 7BCA6A10 (hwnd=00020066,msg=WM_CREATE,wp=00000000,lp=0026b7e0) retval=00000000
241802.398:0168:Call window proc 0000000140003B10 (hwnd=0000000000020040,msg=WM_PARENTNOTIFY,wp=00000001,lp=00020066)
241802.399:0168:Ret  window proc 0000000140003B10 (hwnd=0000000000020040,msg=WM_PARENTNOTIFY,wp=00000001,lp=00020066) retval=00000000
241802.433:0160:Call window proc 7BCA6A20 (hwnd=00020066,msg=WM_DESTROY,wp=00000000,lp=00000000)
241802.433:0160:Ret  window proc 7BCA6A20 (hwnd=00020066,msg=WM_DESTROY,wp=00000000,lp=00000000) retval=00000000
241802.433:0160:Call window proc 7BCA6AE0 (hwnd=0001006E,msg=WM_DESTROY,wp=00000000,lp=00000000)
241802.433:0160:Ret  window proc 7BCA6AE0 (hwnd=0001006E,msg=WM_DESTROY,wp=00000000,lp=00000000) retval=00000001
241802.433:0160:Call window proc 7BCA6AE0 (hwnd=0001006E,msg=WM_NCDESTROY,wp=00000000,lp=00000000)
241802.433:0160:Ret  window proc 7BCA6AE0 (hwnd=0001006E,msg=WM_NCDESTROY,wp=00000000,lp=00000000) retval=00000000
241802.433:0160:Call window proc 7BCA6A20 (hwnd=00020066,msg=WM_NCDESTROY,wp=00000000,lp=00000000)
241802.433:0160:Ret  window proc 7BCA6A20 (hwnd=00020066,msg=WM_NCDESTROY,wp=00000000,lp=00000000) retval=00000000
241802.433:0168:Call window proc 0000000140003B10 (hwnd=0000000000020040,msg=WM_PARENTNOTIFY,wp=00000002,lp=0001006e)
241802.433:0168:Ret  window proc 0000000140003B10 (hwnd=0000000000020040,msg=WM_PARENTNOTIFY,wp=00000002,lp=0001006e) retval=00000000
241802.434:0168:Call window proc 0000000140003B10 (hwnd=0000000000020040,msg=WM_PARENTNOTIFY,wp=00000002,lp=00020066)
241802.434:0168:Ret  window proc 0000000140003B10 (hwnd=0000000000020040,msg=WM_PARENTNOTIFY,wp=00000002,lp=00020066) retval=00000000
241802.434:0160:Call user32.CreateWindowExW(00000000,0365b360 L"Qt5151QWindowIcon",024f7e88 L"monitor-win32-golden",86cf0000,00000279,00000168,00000288,00000202,00000000,00000000,00400000,00000000) ret=6ae739e2
241802.434:0160:Call window proc 6AE81D20 (hwnd=00030066,msg=WM_GETMINMAXINFO,wp=00000000,lp=0026cbdc)
241802.434:0160:Ret  window proc 6AE81D20 (hwnd=00030066,msg=WM_GETMINMAXINFO,wp=00000000,lp=0026cbdc) retval=00000000
241802.434:0160:Call window proc 6AE81D20 (hwnd=00030066,msg=WM_NCCREATE,wp=00000000,lp=0026cb7c)
241802.434:0160:fixme:system:EnableNonClientDpiScaling (00030066): stub
241802.435:0160:Ret  window proc 6AE81D20 (hwnd=00030066,msg=WM_NCCREATE,wp=00000000,lp=0026cb7c) retval=00000001
241802.436:0160:Call window proc 7BCA6AE0 (hwnd=0002006E,msg=WM_NCCREATE,wp=00000000,lp=0026cbac)
241802.436:0160:Ret  window proc 7BCA6AE0 (hwnd=0002006E,msg=WM_NCCREATE,wp=00000000,lp=0026cbac) retval=00000001
241802.436:0160:Call window proc 7BCA6AE0 (hwnd=0002006E,msg=WM_NCCALCSIZE,wp=00000000,lp=0026cbec)
241802.436:0160:Ret  window proc 7BCA6AE0 (hwnd=0002006E,msg=WM_NCCALCSIZE,wp=00000000,lp=0026cbec) retval=00000000
241802.436:0160:Call window proc 7BCA6AE0 (hwnd=0002006E,msg=WM_CREATE,wp=00000000,lp=0026cbac)
241802.436:0160:Ret  window proc 7BCA6AE0 (hwnd=0002006E,msg=WM_CREATE,wp=00000000,lp=0026cbac) retval=00000001
241802.436:0160:Call window proc 7BCA6AE0 (hwnd=0002006E,msg=WM_SIZE,wp=00000000,lp=00010001)
241802.436:0160:Ret  window proc 7BCA6AE0 (hwnd=0002006E,msg=WM_SIZE,wp=00000000,lp=00010001) retval=00000000
241802.436:0160:Call window proc 7BCA6AE0 (hwnd=0002006E,msg=WM_MOVE,wp=00000000,lp=00000000)
241802.436:0160:Ret  window proc 7BCA6AE0 (hwnd=0002006E,msg=WM_MOVE,wp=00000000,lp=00000000) retval=00000000
241802.436:0160:Call window proc 6AE81D20 (hwnd=00030066,msg=WM_NCCALCSIZE,wp=00000000,lp=0026cbec)
241802.436:0168:Call window proc 0000000140003B10 (hwnd=0000000000020040,msg=WM_PARENTNOTIFY,wp=00000001,lp=0002006e)
241802.436:0168:Ret  window proc 0000000140003B10 (hwnd=0000000000020040,msg=WM_PARENTNOTIFY,wp=00000001,lp=0002006e) retval=00000000
241802.436:0160:Ret  window proc 6AE81D20 (hwnd=00030066,msg=WM_NCCALCSIZE,wp=00000000,lp=0026cbec) retval=00000000
241802.436:0160:Call window proc 6AE81D20 (hwnd=00030066,msg=WM_CREATE,wp=00000000,lp=0026cb7c)
241802.436:0160:Ret  window proc 6AE81D20 (hwnd=00030066,msg=WM_CREATE,wp=00000000,lp=0026cb7c) retval=00000000
241802.436:0160:Call window proc 6AE81D20 (hwnd=00030066,msg=WM_SIZE,wp=00000000,lp=01e00280)
241802.436:0160:Ret  window proc 6AE81D20 (hwnd=00030066,msg=WM_SIZE,wp=00000000,lp=01e00280) retval=00000000
241802.436:0160:Call window proc 6AE81D20 (hwnd=00030066,msg=WM_MOVE,wp=00000000,lp=0186027d)
241802.436:0160:Ret  window proc 6AE81D20 (hwnd=00030066,msg=WM_MOVE,wp=00000000,lp=0186027d) retval=00000000
241802.436:0160:Ret  user32.CreateWindowExW() retval=00030066 ret=6ae739e2
241802.436:0168:Call window proc 0000000140003B10 (hwnd=0000000000020040,msg=WM_PARENTNOTIFY,wp=00000001,lp=00030066)
241802.436:0168:Ret  window proc 0000000140003B10 (hwnd=0000000000020040,msg=WM_PARENTNOTIFY,wp=00000001,lp=00030066) retval=00000000
241802.437:01a0:Call PE DLL (proc=7ABAAB50,module=7ABA0000 L"msvcrt.dll",reason=THREAD_ATTACH,res=00000000)
241802.437:01a0:Ret  PE DLL (proc=7ABAAB50,module=7ABA0000 L"msvcrt.dll",reason=THREAD_ATTACH,res=00000000) retval=1
241802.437:01a0:Call PE DLL (proc=7A7D7070,module=7A7C0000 L"ucrtbase.dll",reason=THREAD_ATTACH,res=00000000)
241802.437:01a0:Ret  PE DLL (proc=7A7D7070,module=7A7C0000 L"ucrtbase.dll",reason=THREAD_ATTACH,res=00000000) retval=1
241802.437:01a0:Call PE DLL (proc=7A2AF440,module=7A290000 L"user32.dll",reason=THREAD_ATTACH,res=00000000)
241802.437:01a0:Ret  PE DLL (proc=7A2AF440,module=7A290000 L"user32.dll",reason=THREAD_ATTACH,res=00000000) retval=1
241802.437:01a0:Call PE DLL (proc=6B132E70,module=6B130000 L"imm32.dll",reason=THREAD_ATTACH,res=00000000)
241802.437:01a0:Ret  PE DLL (proc=6B132E70,module=6B130000 L"imm32.dll",reason=THREAD_ATTACH,res=00000000) retval=1
241802.437:01a0:Call PE DLL (proc=79CF22E0,module=79CF0000 L"ws2_32.dll",reason=THREAD_ATTACH,res=00000000)
241802.437:01a0:Ret  PE DLL (proc=79CF22E0,module=79CF0000 L"ws2_32.dll",reason=THREAD_ATTACH,res=00000000) retval=1
241802.437:01a0:Call PE DLL (proc=79A83A70,module=79A70000 L"rpcrt4.dll",reason=THREAD_ATTACH,res=00000000)
241802.437:01a0:Ret  PE DLL (proc=79A83A70,module=79A70000 L"rpcrt4.dll",reason=THREAD_ATTACH,res=00000000) retval=1
241802.437:01a0:Call PE DLL (proc=7958E530,module=79580000 L"combase.dll",reason=THREAD_ATTACH,res=00000000)
241802.437:01a0:Ret  PE DLL (proc=7958E530,module=79580000 L"combase.dll",reason=THREAD_ATTACH,res=00000000) retval=1
241802.437:01a0:Call PE DLL (proc=79707660,module=796F0000 L"ole32.dll",reason=THREAD_ATTACH,res=00000000)
241802.437:01a0:Ret  PE DLL (proc=79707660,module=796F0000 L"ole32.dll",reason=THREAD_ATTACH,res=00000000) retval=1
241802.437:01a0:Call PE DLL (proc=7819DF30,module=78190000 L"MSVCP140.dll",reason=THREAD_ATTACH,res=00000000)
241802.437:01a0:Ret  PE DLL (proc=7819DF30,module=78190000 L"MSVCP140.dll",reason=THREAD_ATTACH,res=00000000) retval=1
241802.437:01a0:Call PE DLL (proc=6B094F60,module=6B090000 L"concrt140.dll",reason=THREAD_ATTACH,res=00000000)
241802.437:01a0:Ret  PE DLL (proc=6B094F60,module=6B090000 L"concrt140.dll",reason=THREAD_ATTACH,res=00000000) retval=1
241802.437:01a0:Call PE DLL (proc=781311F0,module=78130000 L"MSVCP140_1.dll",reason=THREAD_ATTACH,res=00000000)
241802.437:01a0:Ret  PE DLL (proc=781311F0,module=78130000 L"MSVCP140_1.dll",reason=THREAD_ATTACH,res=00000000) retval=1
241802.437:01a0:Call PE DLL (proc=7B2574A3,module=7AFF0000 L"Qt5Core.dll",reason=THREAD_ATTACH,res=00000000)
241802.437:01a0:Ret  PE DLL (proc=7B2574A3,module=7AFF0000 L"Qt5Core.dll",reason=THREAD_ATTACH,res=00000000) retval=1
241802.437:01a0:Call PE DLL (proc=753A3FE0,module=753A0000 L"opengl32.dll",reason=THREAD_ATTACH,res=00000000)
241802.437:01a0:Ret  PE DLL (proc=753A3FE0,module=753A0000 L"opengl32.dll",reason=THREAD_ATTACH,res=00000000) retval=1
241802.437:01a0:Call PE DLL (proc=77A79CB0,module=77740000 L"Qt5Gui.dll",reason=THREAD_ATTACH,res=00000000)
241802.437:01a0:Ret  PE DLL (proc=77A79CB0,module=77740000 L"Qt5Gui.dll",reason=THREAD_ATTACH,res=00000000) retval=1
241802.437:01a0:Call PE DLL (proc=77F7DEA2,module=77CD0000 L"Qt5Widgets.dll",reason=THREAD_ATTACH,res=00000000)
241802.437:01a0:Ret  PE DLL (proc=77F7DEA2,module=77CD0000 L"Qt5Widgets.dll",reason=THREAD_ATTACH,res=00000000) retval=1
241802.437:01a0:Call PE DLL (proc=751C8FAB,module=75140000 L"Qt5Network.dll",reason=THREAD_ATTACH,res=00000000)
241802.437:01a0:Ret  PE DLL (proc=751C8FAB,module=75140000 L"Qt5Network.dll",reason=THREAD_ATTACH,res=00000000) retval=1
241802.437:01a0:Call PE DLL (proc=74FE13E0,module=74FE0000 L"compstui.dll",reason=THREAD_ATTACH,res=00000000)
241802.437:01a0:Ret  PE DLL (proc=74FE13E0,module=74FE0000 L"compstui.dll",reason=THREAD_ATTACH,res=00000000) retval=1
241802.437:01a0:Call PE DLL (proc=750F9E94,module=750E0000 L"Qt5PrintSupport.dll",reason=THREAD_ATTACH,res=00000000)
241802.437:01a0:Ret  PE DLL (proc=750F9E94,module=750E0000 L"Qt5PrintSupport.dll",reason=THREAD_ATTACH,res=00000000) retval=1
241802.437:01a0:Call PE DLL (proc=749C7A68,module=749B0000 L"Qt5Sql.dll",reason=THREAD_ATTACH,res=00000000)
241802.437:01a0:Ret  PE DLL (proc=749C7A68,module=749B0000 L"Qt5Sql.dll",reason=THREAD_ATTACH,res=00000000) retval=1
241802.437:01a0:Call PE DLL (proc=749758AC,module=74950000 L"Qt5Svg.dll",reason=THREAD_ATTACH,res=00000000)
241802.437:01a0:Ret  PE DLL (proc=749758AC,module=74950000 L"Qt5Svg.dll",reason=THREAD_ATTACH,res=00000000) retval=1
241802.437:01a0:Call PE DLL (proc=7486C7AB,module=74700000 L"Qt5XmlPatterns.dll",reason=THREAD_ATTACH,res=00000000)
241802.437:01a0:Ret  PE DLL (proc=7486C7AB,module=74700000 L"Qt5XmlPatterns.dll",reason=THREAD_ATTACH,res=00000000) retval=1
241802.437:01a0:Call PE DLL (proc=6FB3249F,module=6F940000 L"Qt5Qml.dll",reason=THREAD_ATTACH,res=00000000)
241802.437:01a0:Ret  PE DLL (proc=6FB3249F,module=6F940000 L"Qt5Qml.dll",reason=THREAD_ATTACH,res=00000000) retval=1
241802.437:01a0:Call PE DLL (proc=6FC684AB,module=6FC30000 L"Qt5QmlModels.dll",reason=THREAD_ATTACH,res=00000000)
241802.437:01a0:Ret  PE DLL (proc=6FC684AB,module=6FC30000 L"Qt5QmlModels.dll",reason=THREAD_ATTACH,res=00000000) retval=1
241802.437:01a0:Call PE DLL (proc=6FEA7E8F,module=6FCA0000 L"Qt5Quick.dll",reason=THREAD_ATTACH,res=00000000)
241802.437:01a0:Ret  PE DLL (proc=6FEA7E8F,module=6FCA0000 L"Qt5Quick.dll",reason=THREAD_ATTACH,res=00000000) retval=1
241802.437:01a0:Call PE DLL (proc=6F91E5E4,module=6F910000 L"Qt5WebChannel.dll",reason=THREAD_ATTACH,res=00000000)
241802.437:01a0:Ret  PE DLL (proc=6F91E5E4,module=6F910000 L"Qt5WebChannel.dll",reason=THREAD_ATTACH,res=00000000) retval=1
241802.437:01a0:Call PE DLL (proc=6F8D9062,module=6F8B0000 L"Qt5Positioning.dll",reason=THREAD_ATTACH,res=00000000)
241802.437:01a0:Ret  PE DLL (proc=6F8D9062,module=6F8B0000 L"Qt5Positioning.dll",reason=THREAD_ATTACH,res=00000000) retval=1
241802.437:01a0:Call PE DLL (proc=6E105810,module=6E100000 L"wininet.dll",reason=THREAD_ATTACH,res=00000000)
241802.437:01a0:Ret  PE DLL (proc=6E105810,module=6E100000 L"wininet.dll",reason=THREAD_ATTACH,res=00000000) retval=1
241802.437:01a0:Call TLS callback (proc=7135D2A0,module=70010000,reason=THREAD_ATTACH,reserved=0)
241802.437:01a0:Ret  TLS callback (proc=7135D2A0,module=70010000,reason=THREAD_ATTACH,reserved=0)
241802.437:01a0:Call TLS callback (proc=7152C4B0,module=70010000,reason=THREAD_ATTACH,reserved=0)
241802.437:01a0:Ret  TLS callback (proc=7152C4B0,module=70010000,reason=THREAD_ATTACH,reserved=0)
241802.437:01a0:Call TLS callback (proc=716C21AA,module=70010000,reason=THREAD_ATTACH,reserved=0)
241802.437:01a0:Ret  TLS callback (proc=716C21AA,module=70010000,reason=THREAD_ATTACH,reserved=0)
241802.437:01a0:Call TLS callback (proc=72B1026F,module=70010000,reason=THREAD_ATTACH,reserved=0)
241802.437:01a0:Ret  TLS callback (proc=72B1026F,module=70010000,reason=THREAD_ATTACH,reserved=0)
241802.437:01a0:Call TLS callback (proc=72B101F2,module=70010000,reason=THREAD_ATTACH,reserved=0)
241802.437:01a0:Ret  TLS callback (proc=72B101F2,module=70010000,reason=THREAD_ATTACH,reserved=0)
241802.437:01a0:Call PE DLL (proc=72B10BEF,module=70010000 L"Qt5WebEngineCore.dll",reason=THREAD_ATTACH,res=00000000)
241802.437:01a0:Ret  PE DLL (proc=72B10BEF,module=70010000 L"Qt5WebEngineCore.dll",reason=THREAD_ATTACH,res=00000000) retval=1
241802.437:01a0:Call PE DLL (proc=6E0D5CDA,module=6E0D0000 L"Qt5QuickWidgets.dll",reason=THREAD_ATTACH,res=00000000)
241802.437:01a0:Ret  PE DLL (proc=6E0D5CDA,module=6E0D0000 L"Qt5QuickWidgets.dll",reason=THREAD_ATTACH,res=00000000) retval=1
241802.437:01a0:Call PE DLL (proc=746C3433,module=746B0000 L"Qt5WebEngineWidgets.dll",reason=THREAD_ATTACH,res=00000000)
241802.437:01a0:Ret  PE DLL (proc=746C3433,module=746B0000 L"Qt5WebEngineWidgets.dll",reason=THREAD_ATTACH,res=00000000) retval=1
241802.437:01a0:Call PE DLL (proc=02560F23,module=02550000 L"zlib1.dll",reason=THREAD_ATTACH,res=00000000)
241802.437:01a0:Ret  PE DLL (proc=02560F23,module=02550000 L"zlib1.dll",reason=THREAD_ATTACH,res=00000000) retval=1
241802.437:01a0:Call PE DLL (proc=6DD5A886,module=6DD50000 L"bzip2.dll",reason=THREAD_ATTACH,res=00000000)
241802.437:01a0:Ret  PE DLL (proc=6DD5A886,module=6DD50000 L"bzip2.dll",reason=THREAD_ATTACH,res=00000000) retval=1
241802.437:01a0:Call PE DLL (proc=6B502270,module=6B500000 L"VCOMP140.DLL",reason=THREAD_ATTACH,res=00000000)
241802.437:01a0:Ret  PE DLL (proc=6B502270,module=6B500000 L"VCOMP140.DLL",reason=THREAD_ATTACH,res=00000000) retval=1
241802.437:01a0:Call PE DLL (proc=6C778EA5,module=6B890000 L"avcodec.dll",reason=THREAD_ATTACH,res=00000000)
241802.437:01a0:Ret  PE DLL (proc=6C778EA5,module=6B890000 L"avcodec.dll",reason=THREAD_ATTACH,res=00000000) retval=1
241802.437:01a0:Call PE DLL (proc=6DA2B6C1,module=6D620000 L"avformat.dll",reason=THREAD_ATTACH,res=00000000)
241802.437:01a0:Ret  PE DLL (proc=6DA2B6C1,module=6D620000 L"avformat.dll",reason=THREAD_ATTACH,res=00000000) retval=1
241802.437:01a0:Call PE DLL (proc=6AF424EF,module=6AE70000 L"qwindows.dll",reason=THREAD_ATTACH,res=00000000)
241802.437:01a0:Ret  PE DLL (proc=6AF424EF,module=6AE70000 L"qwindows.dll",reason=THREAD_ATTACH,res=00000000) retval=1
241802.437:01a0:Call PE DLL (proc=6AE03E25,module=6AE00000 L"qsvgicon.dll",reason=THREAD_ATTACH,res=00000000)
241802.437:01a0:Ret  PE DLL (proc=6AE03E25,module=6AE00000 L"qsvgicon.dll",reason=THREAD_ATTACH,res=00000000) retval=1
241802.437:01a0:Starting thread proc 79A9D130 (arg=03659F10)
241802.437:0160:Call window proc 6AE81D20 (hwnd=00030066,msg=WM_WINDOWPOSCHANGING,wp=00000000,lp=0026d07c)
241802.437:0160:Ret  window proc 6AE81D20 (hwnd=00030066,msg=WM_WINDOWPOSCHANGING,wp=00000000,lp=0026d07c) retval=00000000
241802.437:0160:Call window proc 6AE81D20 (hwnd=00030066,msg=WM_NCCALCSIZE,wp=00000001,lp=0026d04c)
241802.437:0160:Ret  window proc 6AE81D20 (hwnd=00030066,msg=WM_NCCALCSIZE,wp=00000001,lp=0026d04c) retval=00000000
241802.438:0160:Call window proc 6AE81D20 (hwnd=00030066,msg=WM_WINDOWPOSCHANGED,wp=00000000,lp=0026d07c)
241802.438:0160:Ret  window proc 6AE81D20 (hwnd=00030066,msg=WM_WINDOWPOSCHANGED,wp=00000000,lp=0026d07c) retval=00000000
241802.441:0160:Call user32.SendMessageW(00030066,00000080,00000000,00010070) ret=6ae71ce4
241802.441:0160:Call window proc 6AE81D20 (hwnd=00030066,msg=WM_SETICON,wp=00000000,lp=00010070)
241802.441:0160:Call window proc 6AE81D20 (hwnd=00030066,msg=WM_GETICON,wp=00000001,lp=00000000)
241802.441:0160:Ret  window proc 6AE81D20 (hwnd=00030066,msg=WM_GETICON,wp=00000001,lp=00000000) retval=00000000
241802.441:0160:Ret  window proc 6AE81D20 (hwnd=00030066,msg=WM_SETICON,wp=00000000,lp=00010070) retval=00000000
241802.441:0160:Ret  user32.SendMessageW() retval=00000000 ret=6ae71ce4
241802.441:0160:Call user32.SendMessageW(00030066,00000080,00000001,00010072) ret=6ae71d00
241802.441:0160:Call window proc 6AE81D20 (hwnd=00030066,msg=WM_SETICON,wp=00000001,lp=00010072)
241802.441:0160:Ret  window proc 6AE81D20 (hwnd=00030066,msg=WM_SETICON,wp=00000001,lp=00010072) retval=00000000
241802.441:0160:Ret  user32.SendMessageW() retval=00000000 ret=6ae71d00
241802.441:0160:Call user32.SetWindowTextW(00030066,024f7e88 L"monitor-win32-golden") ret=6ae7a2ab
241802.441:0160:Call window proc 6AE81D20 (hwnd=00030066,msg=WM_SETTEXT,wp=00000000,lp=024f7e88)
241802.441:0160:Ret  window proc 6AE81D20 (hwnd=00030066,msg=WM_SETTEXT,wp=00000000,lp=024f7e88) retval=00000001
241802.441:0160:Ret  user32.SetWindowTextW() retval=00000001 ret=6ae7a2ab
241802.442:0160:Call user32.SendMessageW(00030066,00000080,00000000,00020070) ret=6ae797e4
241802.442:0160:Call window proc 6AE81D20 (hwnd=00030066,msg=WM_SETICON,wp=00000000,lp=00020070)
241802.442:0160:Call window proc 6AE81D20 (hwnd=00030066,msg=WM_GETICON,wp=00000001,lp=00000000)
241802.442:0160:Ret  window proc 6AE81D20 (hwnd=00030066,msg=WM_GETICON,wp=00000001,lp=00000000) retval=00010072
241802.442:0160:Ret  window proc 6AE81D20 (hwnd=00030066,msg=WM_SETICON,wp=00000000,lp=00020070) retval=00010070
241802.442:0160:Ret  user32.SendMessageW() retval=00010070 ret=6ae797e4
241802.442:0160:Call user32.SendMessageW(00030066,00000080,00000001,00020072) ret=6ae797f6
241802.442:0160:Call window proc 6AE81D20 (hwnd=00030066,msg=WM_SETICON,wp=00000001,lp=00020072)
241802.442:0160:Ret  window proc 6AE81D20 (hwnd=00030066,msg=WM_SETICON,wp=00000001,lp=00020072) retval=00010072
241802.442:0160:Ret  user32.SendMessageW() retval=00010072 ret=6ae797f6
241802.442:0160:Call user32.CreateWindowExW(00000000,0407ec88 L"Qt5151QWindow",024f7e88 L"monitor-win32-golden",86000000,0000023f,0000019f,00000302,00000172,00030066,00000000,00400000,00000000) ret=6ae739e2
241802.442:0160:Call window proc 6AE81D20 (hwnd=00010074,msg=WM_NCCREATE,wp=00000000,lp=0026cbcc)
241802.442:0160:fixme:system:EnableNonClientDpiScaling (00010074): stub
241802.444:0160:Ret  window proc 6AE81D20 (hwnd=00010074,msg=WM_NCCREATE,wp=00000000,lp=0026cbcc) retval=00000001
241802.444:0160:Call window proc 6AE81D20 (hwnd=00010074,msg=WM_NCCALCSIZE,wp=00000000,lp=0026cc2c)
241802.444:0160:Ret  window proc 6AE81D20 (hwnd=00010074,msg=WM_NCCALCSIZE,wp=00000000,lp=0026cc2c) retval=00000000
241802.444:0160:Call window proc 6AE81D20 (hwnd=00010074,msg=WM_CREATE,wp=00000000,lp=0026cbcc)
241802.444:0160:Ret  window proc 6AE81D20 (hwnd=00010074,msg=WM_CREATE,wp=00000000,lp=0026cbcc) retval=00000000
241802.444:0160:Call window proc 6AE81D20 (hwnd=00010074,msg=WM_SIZE,wp=00000000,lp=01720302)
241802.444:0160:Ret  window proc 6AE81D20 (hwnd=00010074,msg=WM_SIZE,wp=00000000,lp=01720302) retval=00000000
241802.444:0160:Call window proc 6AE81D20 (hwnd=00010074,msg=WM_MOVE,wp=00000000,lp=019f023f)
241802.444:0160:Ret  window proc 6AE81D20 (hwnd=00010074,msg=WM_MOVE,wp=00000000,lp=019f023f) retval=00000000
241802.444:0160:Ret  user32.CreateWindowExW() retval=00010074 ret=6ae739e2
241802.444:0168:Call window proc 0000000140003B10 (hwnd=0000000000020040,msg=WM_PARENTNOTIFY,wp=00000001,lp=00010074)
241802.444:0168:Ret  window proc 0000000140003B10 (hwnd=0000000000020040,msg=WM_PARENTNOTIFY,wp=00000001,lp=00010074) retval=00000000
241802.444:0160:Call window proc 6AE81D20 (hwnd=00010074,msg=WM_WINDOWPOSCHANGING,wp=00000000,lp=0026d0bc)
241802.444:0160:Ret  window proc 6AE81D20 (hwnd=00010074,msg=WM_WINDOWPOSCHANGING,wp=00000000,lp=0026d0bc) retval=00000000
241802.444:0160:Call window proc 6AE81D20 (hwnd=00010074,msg=WM_NCCALCSIZE,wp=00000001,lp=0026d08c)
241802.444:0160:Ret  window proc 6AE81D20 (hwnd=00010074,msg=WM_NCCALCSIZE,wp=00000001,lp=0026d08c) retval=00000000
241802.444:0160:Call window proc 6AE81D20 (hwnd=00010074,msg=WM_WINDOWPOSCHANGED,wp=00000000,lp=0026d0bc)
241802.444:0160:Ret  window proc 6AE81D20 (hwnd=00010074,msg=WM_WINDOWPOSCHANGED,wp=00000000,lp=0026d0bc) retval=00000000
241802.445:0160:Call user32.SendMessageW(00010074,00000080,00000000,00010076) ret=6ae71ce4
241802.445:0160:Call window proc 6AE81D20 (hwnd=00010074,msg=WM_SETICON,wp=00000000,lp=00010076)
241802.445:0160:Call window proc 6AE81D20 (hwnd=00010074,msg=WM_GETICON,wp=00000001,lp=00000000)
241802.445:0160:Ret  window proc 6AE81D20 (hwnd=00010074,msg=WM_GETICON,wp=00000001,lp=00000000) retval=00000000
241802.445:0160:Ret  window proc 6AE81D20 (hwnd=00010074,msg=WM_SETICON,wp=00000000,lp=00010076) retval=00000000
241802.445:0160:Ret  user32.SendMessageW() retval=00000000 ret=6ae71ce4
241802.445:0160:Call user32.SendMessageW(00010074,00000080,00000001,00010078) ret=6ae71d00
241802.445:0160:Call window proc 6AE81D20 (hwnd=00010074,msg=WM_SETICON,wp=00000001,lp=00010078)
241802.445:0160:Ret  window proc 6AE81D20 (hwnd=00010074,msg=WM_SETICON,wp=00000001,lp=00010078) retval=00000000
241802.445:0160:Ret  user32.SendMessageW() retval=00000000 ret=6ae71d00
241802.445:0160:Call user32.SetWindowTextW(00010074,035d5968 L"Processor") ret=6ae7a2ab
241802.445:0160:Call window proc 6AE81D20 (hwnd=00010074,msg=WM_SETTEXT,wp=00000000,lp=035d5968)
241802.445:0160:Ret  window proc 6AE81D20 (hwnd=00010074,msg=WM_SETTEXT,wp=00000000,lp=035d5968) retval=00000001
241802.445:0160:Ret  user32.SetWindowTextW() retval=00000001 ret=6ae7a2ab
241802.445:0160:Call user32.SetWindowTextW(00010074,035d5968 L"Processor") ret=6ae7a2ab
241802.445:0160:Call window proc 6AE81D20 (hwnd=00010074,msg=WM_SETTEXT,wp=00000000,lp=035d5968)
241802.445:0160:Ret  window proc 6AE81D20 (hwnd=00010074,msg=WM_SETTEXT,wp=00000000,lp=035d5968) retval=00000001
241802.445:0160:Ret  user32.SetWindowTextW() retval=00000001 ret=6ae7a2ab
241802.446:0160:Call user32.SendMessageW(00010074,00000080,00000000,00020076) ret=6ae797e4
241802.446:0160:Call window proc 6AE81D20 (hwnd=00010074,msg=WM_SETICON,wp=00000000,lp=00020076)
241802.446:0160:Call window proc 6AE81D20 (hwnd=00010074,msg=WM_GETICON,wp=00000001,lp=00000000)
241802.446:0160:Ret  window proc 6AE81D20 (hwnd=00010074,msg=WM_GETICON,wp=00000001,lp=00000000) retval=00010078
241802.446:0160:Ret  window proc 6AE81D20 (hwnd=00010074,msg=WM_SETICON,wp=00000000,lp=00020076) retval=00010076
241802.446:0160:Ret  user32.SendMessageW() retval=00010076 ret=6ae797e4
241802.446:0160:Call user32.SendMessageW(00010074,00000080,00000001,00020078) ret=6ae797f6
241802.446:0160:Call window proc 6AE81D20 (hwnd=00010074,msg=WM_SETICON,wp=00000001,lp=00020078)
241802.446:0160:Ret  window proc 6AE81D20 (hwnd=00010074,msg=WM_SETICON,wp=00000001,lp=00020078) retval=00010078
241802.446:0160:Ret  user32.SendMessageW() retval=00010078 ret=6ae797f6
241802.447:0160:Call user32.ShowWindow(00010074,00000001) ret=6ae7a418
241802.447:0160:Call window proc 6AE81D20 (hwnd=00010074,msg=WM_SHOWWINDOW,wp=00000001,lp=00000000)
241802.447:0160:Ret  window proc 6AE81D20 (hwnd=00010074,msg=WM_SHOWWINDOW,wp=00000001,lp=00000000) retval=00000000
241802.447:0160:Call window proc 6AE81D20 (hwnd=00010074,msg=WM_WINDOWPOSCHANGING,wp=00000000,lp=0026d29c)
241802.447:0160:Ret  window proc 6AE81D20 (hwnd=00010074,msg=WM_WINDOWPOSCHANGING,wp=00000000,lp=0026d29c) retval=00000000
241802.449:0160:Call window proc 6AE81D20 (hwnd=00010074,msg=WM_QUERYNEWPALETTE,wp=00000000,lp=00000000)
241802.449:0160:Ret  window proc 6AE81D20 (hwnd=00010074,msg=WM_QUERYNEWPALETTE,wp=00000000,lp=00000000) retval=00000000
241802.449:0160:Call window proc 6AE81D20 (hwnd=00010074,msg=WM_ACTIVATEAPP,wp=00000001,lp=00000000)
241802.449:0160:Ret  window proc 6AE81D20 (hwnd=00010074,msg=WM_ACTIVATEAPP,wp=00000001,lp=00000000) retval=00000000
241802.449:0160:Call window proc 6AE81D20 (hwnd=00030066,msg=WM_ACTIVATEAPP,wp=00000001,lp=00000000)
241802.449:0160:Ret  window proc 6AE81D20 (hwnd=00030066,msg=WM_ACTIVATEAPP,wp=00000001,lp=00000000) retval=00000000
241802.449:0160:Call window proc 7BCA6AE0 (hwnd=0002006E,msg=WM_ACTIVATEAPP,wp=00000001,lp=00000000)
241802.449:0160:Ret  window proc 7BCA6AE0 (hwnd=0002006E,msg=WM_ACTIVATEAPP,wp=00000001,lp=00000000) retval=00000000
241802.450:0160:Call window proc 6AE81D20 (hwnd=00010074,msg=WM_NCACTIVATE,wp=00000001,lp=00000000)
241802.450:0160:Ret  window proc 6AE81D20 (hwnd=00010074,msg=WM_NCACTIVATE,wp=00000001,lp=00000000) retval=00000001
241802.450:0160:Call window proc 6AE81D20 (hwnd=00010074,msg=WM_ACTIVATE,wp=00000001,lp=00000000)
241802.450:0168:Call window proc 0000000140003B10 (hwnd=0000000000020040,msg=WM_PARENTNOTIFY,wp=00000086,lp=00010074)
241802.450:0168:Ret  window proc 0000000140003B10 (hwnd=0000000000020040,msg=WM_PARENTNOTIFY,wp=00000086,lp=00010074) retval=00000000
241802.450:0160:Call window proc 7BCA6AE0 (hwnd=0002006E,msg=0287,wp=00000017,lp=00010074)
241802.450:0160:Call user32.SendMessageW(00010074,00000281,00000001,c000000f) ret=6b139d40
241802.450:0160:Call window proc 6AE81D20 (hwnd=00010074,msg=WM_IME_SETCONTEXT,wp=00000001,lp=c000000f)
241802.450:0160:Call window proc 7BCA6AE0 (hwnd=0002006E,msg=WM_IME_SETCONTEXT,wp=00000001,lp=c000000f)
241802.450:0160:Call user32.CreateWindowExW(00000080,036586e8 L"Wine IME",00000000,80000000,00000000,00000000,00000001,00000001,0002006e,00000000,6b130000,00000000) ret=6b13db1f
241802.450:0160:Call window proc 6B13E2F0 (hwnd=0001007C,msg=WM_NCCREATE,wp=00000000,lp=0026c4dc)
241802.451:0160:Ret  window proc 6B13E2F0 (hwnd=0001007C,msg=WM_NCCREATE,wp=00000000,lp=0026c4dc) retval=00000001
241802.451:0160:Call window proc 6B13E2F0 (hwnd=0001007C,msg=WM_NCCALCSIZE,wp=00000000,lp=0026c50c)
241802.451:0160:Ret  window proc 6B13E2F0 (hwnd=0001007C,msg=WM_NCCALCSIZE,wp=00000000,lp=0026c50c) retval=00000000
241802.451:0160:Call window proc 6B13E2F0 (hwnd=0001007C,msg=WM_CREATE,wp=00000000,lp=0026c4dc)
241802.451:0160:Ret  window proc 6B13E2F0 (hwnd=0001007C,msg=WM_CREATE,wp=00000000,lp=0026c4dc) retval=00000001
241802.451:0160:Call window proc 6B13E2F0 (hwnd=0001007C,msg=WM_SIZE,wp=00000000,lp=00010001)
241802.451:0160:Ret  window proc 6B13E2F0 (hwnd=0001007C,msg=WM_SIZE,wp=00000000,lp=00010001) retval=00000000
241802.451:0160:Call window proc 6B13E2F0 (hwnd=0001007C,msg=WM_MOVE,wp=00000000,lp=00000000)
241802.451:0160:Ret  window proc 6B13E2F0 (hwnd=0001007C,msg=WM_MOVE,wp=00000000,lp=00000000) retval=00000000
241802.451:0160:Ret  user32.CreateWindowExW() retval=0001007c ret=6b13db1f
241802.451:0160:Call user32.SetWindowPos(0001007c,00000001,00000000,00000000,00000000,00000000,00000013) ret=6b13db61
241802.451:0168:Call window proc 0000000140003B10 (hwnd=0000000000020040,msg=WM_PARENTNOTIFY,wp=00000001,lp=0001007c)
241802.451:0160:Call window proc 6B13E2F0 (hwnd=0001007C,msg=WM_WINDOWPOSCHANGING,wp=00000000,lp=0026c8ac)
241802.451:0160:Ret  window proc 6B13E2F0 (hwnd=0001007C,msg=WM_WINDOWPOSCHANGING,wp=00000000,lp=0026c8ac) retval=00000000
241802.451:0168:Ret  window proc 0000000140003B10 (hwnd=0000000000020040,msg=WM_PARENTNOTIFY,wp=00000001,lp=0001007c) retval=00000000
241802.451:0160:Call window proc 6B13E2F0 (hwnd=0001007C,msg=WM_WINDOWPOSCHANGED,wp=00000000,lp=0026c8ac)
241802.451:0160:Ret  window proc 6B13E2F0 (hwnd=0001007C,msg=WM_WINDOWPOSCHANGED,wp=00000000,lp=0026c8ac) retval=00000000
241802.451:0160:Ret  user32.SetWindowPos() retval=00000001 ret=6b13db61
241802.451:0160:Call user32.SendMessageW(0001007c,00000281,00000001,c000000f) ret=6b13c4f6
241802.451:0160:Call window proc 6B13E2F0 (hwnd=0001007C,msg=WM_IME_SETCONTEXT,wp=00000001,lp=c000000f)
241802.451:0160:Ret  window proc 6B13E2F0 (hwnd=0001007C,msg=WM_IME_SETCONTEXT,wp=00000001,lp=c000000f) retval=00000000
241802.451:0160:Ret  user32.SendMessageW() retval=00000000 ret=6b13c4f6
241802.451:0160:Ret  window proc 7BCA6AE0 (hwnd=0002006E,msg=WM_IME_SETCONTEXT,wp=00000001,lp=c000000f) retval=00000000
241802.451:0160:Ret  window proc 6AE81D20 (hwnd=00010074,msg=WM_IME_SETCONTEXT,wp=00000001,lp=c000000f) retval=00000000
241802.451:0160:Ret  user32.SendMessageW() retval=00000000 ret=6b139d40
241802.451:0160:Ret  window proc 7BCA6AE0 (hwnd=0002006E,msg=0287,wp=00000017,lp=00010074) retval=00000000
241802.451:0160:Call window proc 6AE81D20 (hwnd=00010074,msg=WM_SETFOCUS,wp=00000000,lp=00000000)
241802.451:0160:Ret  window proc 6AE81D20 (hwnd=00010074,msg=WM_SETFOCUS,wp=00000000,lp=00000000) retval=00000000
241802.451:0160:Ret  window proc 6AE81D20 (hwnd=00010074,msg=WM_ACTIVATE,wp=00000001,lp=00000000) retval=00000000
241802.451:0168:Call window proc 0000000140003B10 (hwnd=0000000000020040,msg=WM_PARENTNOTIFY,wp=00000086,lp=00010074)
241802.451:0160:Call window proc 6AE81D20 (hwnd=00010074,msg=WM_NCPAINT,wp=00000001,lp=00000000)
241802.451:0168:Ret  window proc 0000000140003B10 (hwnd=0000000000020040,msg=WM_PARENTNOTIFY,wp=00000086,lp=00010074) retval=00000000
241802.451:0160:Ret  window proc 6AE81D20 (hwnd=00010074,msg=WM_NCPAINT,wp=00000001,lp=00000000) retval=00000000
241802.451:0168:Call window proc 0000000140003B10 (hwnd=0000000000020040,msg=WM_PARENTNOTIFY,wp=00000085,lp=00010074)
241802.451:0168:Ret  window proc 0000000140003B10 (hwnd=0000000000020040,msg=WM_PARENTNOTIFY,wp=00000085,lp=00010074) retval=00000000
241802.451:0160:Call window proc 6AE81D20 (hwnd=00010074,msg=WM_ERASEBKGND,wp=1301005b,lp=00000000)
241802.451:0160:Ret  window proc 6AE81D20 (hwnd=00010074,msg=WM_ERASEBKGND,wp=1301005b,lp=00000000) retval=00000000
241802.451:0160:Call window proc 6AE81D20 (hwnd=00010074,msg=WM_WINDOWPOSCHANGED,wp=00000000,lp=0026d29c)
241802.451:0160:Ret  window proc 6AE81D20 (hwnd=00010074,msg=WM_WINDOWPOSCHANGED,wp=00000000,lp=0026d29c) retval=00000000
241802.451:0160:Ret  user32.ShowWindow() retval=00000000 ret=6ae7a418
241802.451:0160:Ret  window proc 7B1B1ED0 (hwnd=00010060,msg=WM_USER,wp=00000124,lp=00000001) retval=00000000
241802.453:0160:Call hook proc 7B1B1DE0 (id=WH_GETMESSAGE,code=0,wp=00000001,lp=0026df2c)
241802.453:0160:Ret  hook proc 7B1B1DE0 (id=WH_GETMESSAGE,code=0,wp=00000001,lp=0026df2c) retval=00000000
241802.453:0160:Call window proc 7B1B1ED0 (hwnd=00010060,msg=WM_USER+2,wp=00000000,lp=00000000)
241802.453:0160:Ret  window proc 7B1B1ED0 (hwnd=00010060,msg=WM_USER+2,wp=00000000,lp=00000000) retval=00000000
241802.453:0160:Call hook proc 7B1B1DE0 (id=WH_GETMESSAGE,code=0,wp=00000001,lp=0026df2c)
241802.453:0160:Ret  hook proc 7B1B1DE0 (id=WH_GETMESSAGE,code=0,wp=00000001,lp=0026df2c) retval=00000000
241802.454:0160:Call hook proc 7B1B1DE0 (id=WH_GETMESSAGE,code=0,wp=00000001,lp=0026df2c)
241802.454:0160:Ret  hook proc 7B1B1DE0 (id=WH_GETMESSAGE,code=0,wp=00000001,lp=0026df2c) retval=00000000
241802.454:0160:Call window proc 7B1B1ED0 (hwnd=00010060,msg=WM_USER,wp=00000124,lp=00000001)
241802.454:0160:Call user32.PostMessageW(00010060,00000402,00000000,00000000) ret=7b1b183b
241802.454:0160:Ret  user32.PostMessageW() retval=00000001 ret=7b1b183b
241802.476:01a4:Call PE DLL (proc=7ABAAB50,module=7ABA0000 L"msvcrt.dll",reason=THREAD_ATTACH,res=00000000)
241802.476:01a4:Ret  PE DLL (proc=7ABAAB50,module=7ABA0000 L"msvcrt.dll",reason=THREAD_ATTACH,res=00000000) retval=1
241802.476:01a4:Call PE DLL (proc=7A7D7070,module=7A7C0000 L"ucrtbase.dll",reason=THREAD_ATTACH,res=00000000)
241802.476:01a4:Ret  PE DLL (proc=7A7D7070,module=7A7C0000 L"ucrtbase.dll",reason=THREAD_ATTACH,res=00000000) retval=1
241802.476:01a4:Call PE DLL (proc=7A2AF440,module=7A290000 L"user32.dll",reason=THREAD_ATTACH,res=00000000)
241802.476:01a4:Ret  PE DLL (proc=7A2AF440,module=7A290000 L"user32.dll",reason=THREAD_ATTACH,res=00000000) retval=1
241802.476:01a4:Call PE DLL (proc=6B132E70,module=6B130000 L"imm32.dll",reason=THREAD_ATTACH,res=00000000)
241802.476:01a4:Ret  PE DLL (proc=6B132E70,module=6B130000 L"imm32.dll",reason=THREAD_ATTACH,res=00000000) retval=1
241802.476:01a4:Call PE DLL (proc=79CF22E0,module=79CF0000 L"ws2_32.dll",reason=THREAD_ATTACH,res=00000000)
241802.476:01a4:Ret  PE DLL (proc=79CF22E0,module=79CF0000 L"ws2_32.dll",reason=THREAD_ATTACH,res=00000000) retval=1
241802.476:01a4:Call PE DLL (proc=79A83A70,module=79A70000 L"rpcrt4.dll",reason=THREAD_ATTACH,res=00000000)
241802.476:01a4:Ret  PE DLL (proc=79A83A70,module=79A70000 L"rpcrt4.dll",reason=THREAD_ATTACH,res=00000000) retval=1
241802.476:01a4:Call PE DLL (proc=7958E530,module=79580000 L"combase.dll",reason=THREAD_ATTACH,res=00000000)
241802.476:01a4:Ret  PE DLL (proc=7958E530,module=79580000 L"combase.dll",reason=THREAD_ATTACH,res=00000000) retval=1
241802.476:01a4:Call PE DLL (proc=79707660,module=796F0000 L"ole32.dll",reason=THREAD_ATTACH,res=00000000)
241802.476:01a4:Ret  PE DLL (proc=79707660,module=796F0000 L"ole32.dll",reason=THREAD_ATTACH,res=00000000) retval=1
241802.476:01a4:Call PE DLL (proc=7819DF30,module=78190000 L"MSVCP140.dll",reason=THREAD_ATTACH,res=00000000)
241802.476:01a4:Ret  PE DLL (proc=7819DF30,module=78190000 L"MSVCP140.dll",reason=THREAD_ATTACH,res=00000000) retval=1
241802.476:01a4:Call PE DLL (proc=6B094F60,module=6B090000 L"concrt140.dll",reason=THREAD_ATTACH,res=00000000)
241802.476:01a4:Ret  PE DLL (proc=6B094F60,module=6B090000 L"concrt140.dll",reason=THREAD_ATTACH,res=00000000) retval=1
241802.476:01a4:Call PE DLL (proc=781311F0,module=78130000 L"MSVCP140_1.dll",reason=THREAD_ATTACH,res=00000000)
241802.476:01a4:Ret  PE DLL (proc=781311F0,module=78130000 L"MSVCP140_1.dll",reason=THREAD_ATTACH,res=00000000) retval=1
241802.476:01a4:Call PE DLL (proc=7B2574A3,module=7AFF0000 L"Qt5Core.dll",reason=THREAD_ATTACH,res=00000000)
241802.476:01a4:Ret  PE DLL (proc=7B2574A3,module=7AFF0000 L"Qt5Core.dll",reason=THREAD_ATTACH,res=00000000) retval=1
241802.476:01a4:Call PE DLL (proc=753A3FE0,module=753A0000 L"opengl32.dll",reason=THREAD_ATTACH,res=00000000)
241802.476:01a4:Ret  PE DLL (proc=753A3FE0,module=753A0000 L"opengl32.dll",reason=THREAD_ATTACH,res=00000000) retval=1
241802.476:01a4:Call PE DLL (proc=77A79CB0,module=77740000 L"Qt5Gui.dll",reason=THREAD_ATTACH,res=00000000)
241802.476:01a4:Ret  PE DLL (proc=77A79CB0,module=77740000 L"Qt5Gui.dll",reason=THREAD_ATTACH,res=00000000) retval=1
241802.476:01a4:Call PE DLL (proc=77F7DEA2,module=77CD0000 L"Qt5Widgets.dll",reason=THREAD_ATTACH,res=00000000)
241802.476:01a4:Ret  PE DLL (proc=77F7DEA2,module=77CD0000 L"Qt5Widgets.dll",reason=THREAD_ATTACH,res=00000000) retval=1
241802.476:01a4:Call PE DLL (proc=751C8FAB,module=75140000 L"Qt5Network.dll",reason=THREAD_ATTACH,res=00000000)
241802.476:01a4:Ret  PE DLL (proc=751C8FAB,module=75140000 L"Qt5Network.dll",reason=THREAD_ATTACH,res=00000000) retval=1
241802.476:01a4:Call PE DLL (proc=74FE13E0,module=74FE0000 L"compstui.dll",reason=THREAD_ATTACH,res=00000000)
241802.476:01a4:Ret  PE DLL (proc=74FE13E0,module=74FE0000 L"compstui.dll",reason=THREAD_ATTACH,res=00000000) retval=1
241802.476:01a4:Call PE DLL (proc=750F9E94,module=750E0000 L"Qt5PrintSupport.dll",reason=THREAD_ATTACH,res=00000000)
241802.476:01a4:Ret  PE DLL (proc=750F9E94,module=750E0000 L"Qt5PrintSupport.dll",reason=THREAD_ATTACH,res=00000000) retval=1
241802.476:01a4:Call PE DLL (proc=749C7A68,module=749B0000 L"Qt5Sql.dll",reason=THREAD_ATTACH,res=00000000)
241802.476:01a4:Ret  PE DLL (proc=749C7A68,module=749B0000 L"Qt5Sql.dll",reason=THREAD_ATTACH,res=00000000) retval=1
241802.476:01a4:Call PE DLL (proc=749758AC,module=74950000 L"Qt5Svg.dll",reason=THREAD_ATTACH,res=00000000)
241802.476:01a4:Ret  PE DLL (proc=749758AC,module=74950000 L"Qt5Svg.dll",reason=THREAD_ATTACH,res=00000000) retval=1
241802.476:01a4:Call PE DLL (proc=7486C7AB,module=74700000 L"Qt5XmlPatterns.dll",reason=THREAD_ATTACH,res=00000000)
241802.476:01a4:Ret  PE DLL (proc=7486C7AB,module=74700000 L"Qt5XmlPatterns.dll",reason=THREAD_ATTACH,res=00000000) retval=1
241802.476:01a4:Call PE DLL (proc=6FB3249F,module=6F940000 L"Qt5Qml.dll",reason=THREAD_ATTACH,res=00000000)
241802.476:01a4:Ret  PE DLL (proc=6FB3249F,module=6F940000 L"Qt5Qml.dll",reason=THREAD_ATTACH,res=00000000) retval=1
241802.476:01a4:Call PE DLL (proc=6FC684AB,module=6FC30000 L"Qt5QmlModels.dll",reason=THREAD_ATTACH,res=00000000)
241802.476:01a4:Ret  PE DLL (proc=6FC684AB,module=6FC30000 L"Qt5QmlModels.dll",reason=THREAD_ATTACH,res=00000000) retval=1
241802.476:01a4:Call PE DLL (proc=6FEA7E8F,module=6FCA0000 L"Qt5Quick.dll",reason=THREAD_ATTACH,res=00000000)
241802.476:01a4:Ret  PE DLL (proc=6FEA7E8F,module=6FCA0000 L"Qt5Quick.dll",reason=THREAD_ATTACH,res=00000000) retval=1
241802.476:01a4:Call PE DLL (proc=6F91E5E4,module=6F910000 L"Qt5WebChannel.dll",reason=THREAD_ATTACH,res=00000000)
241802.476:01a4:Ret  PE DLL (proc=6F91E5E4,module=6F910000 L"Qt5WebChannel.dll",reason=THREAD_ATTACH,res=00000000) retval=1
241802.476:01a4:Call PE DLL (proc=6F8D9062,module=6F8B0000 L"Qt5Positioning.dll",reason=THREAD_ATTACH,res=00000000)
241802.476:01a4:Ret  PE DLL (proc=6F8D9062,module=6F8B0000 L"Qt5Positioning.dll",reason=THREAD_ATTACH,res=00000000) retval=1
241802.476:01a4:Call PE DLL (proc=6E105810,module=6E100000 L"wininet.dll",reason=THREAD_ATTACH,res=00000000)
241802.476:01a4:Ret  PE DLL (proc=6E105810,module=6E100000 L"wininet.dll",reason=THREAD_ATTACH,res=00000000) retval=1
241802.476:01a4:Call TLS callback (proc=7135D2A0,module=70010000,reason=THREAD_ATTACH,reserved=0)
241802.476:01a4:Ret  TLS callback (proc=7135D2A0,module=70010000,reason=THREAD_ATTACH,reserved=0)
241802.476:01a4:Call TLS callback (proc=7152C4B0,module=70010000,reason=THREAD_ATTACH,reserved=0)
241802.476:01a4:Ret  TLS callback (proc=7152C4B0,module=70010000,reason=THREAD_ATTACH,reserved=0)
241802.476:01a4:Call TLS callback (proc=716C21AA,module=70010000,reason=THREAD_ATTACH,reserved=0)
241802.476:01a4:Ret  TLS callback (proc=716C21AA,module=70010000,reason=THREAD_ATTACH,reserved=0)
241802.476:01a4:Call TLS callback (proc=72B1026F,module=70010000,reason=THREAD_ATTACH,reserved=0)
241802.476:01a4:Ret  TLS callback (proc=72B1026F,module=70010000,reason=THREAD_ATTACH,reserved=0)
241802.476:01a4:Call TLS callback (proc=72B101F2,module=70010000,reason=THREAD_ATTACH,reserved=0)
241802.476:01a4:Ret  TLS callback (proc=72B101F2,module=70010000,reason=THREAD_ATTACH,reserved=0)
241802.476:01a4:Call PE DLL (proc=72B10BEF,module=70010000 L"Qt5WebEngineCore.dll",reason=THREAD_ATTACH,res=00000000)
241802.476:01a4:Ret  PE DLL (proc=72B10BEF,module=70010000 L"Qt5WebEngineCore.dll",reason=THREAD_ATTACH,res=00000000) retval=1
241802.476:01a4:Call PE DLL (proc=6E0D5CDA,module=6E0D0000 L"Qt5QuickWidgets.dll",reason=THREAD_ATTACH,res=00000000)
241802.476:01a4:Ret  PE DLL (proc=6E0D5CDA,module=6E0D0000 L"Qt5QuickWidgets.dll",reason=THREAD_ATTACH,res=00000000) retval=1
241802.476:01a4:Call PE DLL (proc=746C3433,module=746B0000 L"Qt5WebEngineWidgets.dll",reason=THREAD_ATTACH,res=00000000)
241802.476:01a4:Ret  PE DLL (proc=746C3433,module=746B0000 L"Qt5WebEngineWidgets.dll",reason=THREAD_ATTACH,res=00000000) retval=1
241802.476:01a4:Call PE DLL (proc=02560F23,module=02550000 L"zlib1.dll",reason=THREAD_ATTACH,res=00000000)
241802.476:01a4:Ret  PE DLL (proc=02560F23,module=02550000 L"zlib1.dll",reason=THREAD_ATTACH,res=00000000) retval=1
241802.476:01a4:Call PE DLL (proc=6DD5A886,module=6DD50000 L"bzip2.dll",reason=THREAD_ATTACH,res=00000000)
241802.476:01a4:Ret  PE DLL (proc=6DD5A886,module=6DD50000 L"bzip2.dll",reason=THREAD_ATTACH,res=00000000) retval=1
241802.476:01a4:Call PE DLL (proc=6B502270,module=6B500000 L"VCOMP140.DLL",reason=THREAD_ATTACH,res=00000000)
241802.476:01a4:Ret  PE DLL (proc=6B502270,module=6B500000 L"VCOMP140.DLL",reason=THREAD_ATTACH,res=00000000) retval=1
241802.476:01a4:Call PE DLL (proc=6C778EA5,module=6B890000 L"avcodec.dll",reason=THREAD_ATTACH,res=00000000)
241802.476:01a4:Ret  PE DLL (proc=6C778EA5,module=6B890000 L"avcodec.dll",reason=THREAD_ATTACH,res=00000000) retval=1
241802.476:01a4:Call PE DLL (proc=6DA2B6C1,module=6D620000 L"avformat.dll",reason=THREAD_ATTACH,res=00000000)
241802.476:01a4:Ret  PE DLL (proc=6DA2B6C1,module=6D620000 L"avformat.dll",reason=THREAD_ATTACH,res=00000000) retval=1
241802.476:01a4:Call PE DLL (proc=6AF424EF,module=6AE70000 L"qwindows.dll",reason=THREAD_ATTACH,res=00000000)
241802.476:01a4:Ret  PE DLL (proc=6AF424EF,module=6AE70000 L"qwindows.dll",reason=THREAD_ATTACH,res=00000000) retval=1
241802.476:01a4:Call PE DLL (proc=6AE03E25,module=6AE00000 L"qsvgicon.dll",reason=THREAD_ATTACH,res=00000000)
241802.476:01a4:Ret  PE DLL (proc=6AE03E25,module=6AE00000 L"qsvgicon.dll",reason=THREAD_ATTACH,res=00000000) retval=1
241802.476:01a4:Starting thread proc 7A7E1650 (arg=03C20C20)
241802.476:01a8:Call PE DLL (proc=7ABAAB50,module=7ABA0000 L"msvcrt.dll",reason=THREAD_ATTACH,res=00000000)
241802.476:01a8:Ret  PE DLL (proc=7ABAAB50,module=7ABA0000 L"msvcrt.dll",reason=THREAD_ATTACH,res=00000000) retval=1
241802.476:01a8:Call PE DLL (proc=7A7D7070,module=7A7C0000 L"ucrtbase.dll",reason=THREAD_ATTACH,res=00000000)
241802.476:01a8:Ret  PE DLL (proc=7A7D7070,module=7A7C0000 L"ucrtbase.dll",reason=THREAD_ATTACH,res=00000000) retval=1
241802.476:01a8:Call PE DLL (proc=7A2AF440,module=7A290000 L"user32.dll",reason=THREAD_ATTACH,res=00000000)
241802.476:01a8:Ret  PE DLL (proc=7A2AF440,module=7A290000 L"user32.dll",reason=THREAD_ATTACH,res=00000000) retval=1
241802.476:01a8:Call PE DLL (proc=6B132E70,module=6B130000 L"imm32.dll",reason=THREAD_ATTACH,res=00000000)
241802.476:01a8:Ret  PE DLL (proc=6B132E70,module=6B130000 L"imm32.dll",reason=THREAD_ATTACH,res=00000000) retval=1
241802.476:01a8:Call PE DLL (proc=79CF22E0,module=79CF0000 L"ws2_32.dll",reason=THREAD_ATTACH,res=00000000)
241802.476:01a8:Ret  PE DLL (proc=79CF22E0,module=79CF0000 L"ws2_32.dll",reason=THREAD_ATTACH,res=00000000) retval=1
241802.476:01a8:Call PE DLL (proc=79A83A70,module=79A70000 L"rpcrt4.dll",reason=THREAD_ATTACH,res=00000000)
241802.476:01a8:Ret  PE DLL (proc=79A83A70,module=79A70000 L"rpcrt4.dll",reason=THREAD_ATTACH,res=00000000) retval=1
241802.476:01a8:Call PE DLL (proc=7958E530,module=79580000 L"combase.dll",reason=THREAD_ATTACH,res=00000000)
241802.476:01a8:Ret  PE DLL (proc=7958E530,module=79580000 L"combase.dll",reason=THREAD_ATTACH,res=00000000) retval=1
241802.476:01a8:Call PE DLL (proc=79707660,module=796F0000 L"ole32.dll",reason=THREAD_ATTACH,res=00000000)
241802.476:01a8:Ret  PE DLL (proc=79707660,module=796F0000 L"ole32.dll",reason=THREAD_ATTACH,res=00000000) retval=1
241802.476:01a8:Call PE DLL (proc=7819DF30,module=78190000 L"MSVCP140.dll",reason=THREAD_ATTACH,res=00000000)
241802.476:01a8:Ret  PE DLL (proc=7819DF30,module=78190000 L"MSVCP140.dll",reason=THREAD_ATTACH,res=00000000) retval=1
241802.476:01a8:Call PE DLL (proc=6B094F60,module=6B090000 L"concrt140.dll",reason=THREAD_ATTACH,res=00000000)
241802.476:01a8:Ret  PE DLL (proc=6B094F60,module=6B090000 L"concrt140.dll",reason=THREAD_ATTACH,res=00000000) retval=1
241802.476:01a8:Call PE DLL (proc=781311F0,module=78130000 L"MSVCP140_1.dll",reason=THREAD_ATTACH,res=00000000)
241802.476:01a8:Ret  PE DLL (proc=781311F0,module=78130000 L"MSVCP140_1.dll",reason=THREAD_ATTACH,res=00000000) retval=1
241802.476:01a8:Call PE DLL (proc=7B2574A3,module=7AFF0000 L"Qt5Core.dll",reason=THREAD_ATTACH,res=00000000)
241802.476:01a8:Ret  PE DLL (proc=7B2574A3,module=7AFF0000 L"Qt5Core.dll",reason=THREAD_ATTACH,res=00000000) retval=1
241802.476:01a8:Call PE DLL (proc=753A3FE0,module=753A0000 L"opengl32.dll",reason=THREAD_ATTACH,res=00000000)
241802.476:01a8:Ret  PE DLL (proc=753A3FE0,module=753A0000 L"opengl32.dll",reason=THREAD_ATTACH,res=00000000) retval=1
241802.476:01a8:Call PE DLL (proc=77A79CB0,module=77740000 L"Qt5Gui.dll",reason=THREAD_ATTACH,res=00000000)
241802.476:01a8:Ret  PE DLL (proc=77A79CB0,module=77740000 L"Qt5Gui.dll",reason=THREAD_ATTACH,res=00000000) retval=1
241802.476:01a8:Call PE DLL (proc=77F7DEA2,module=77CD0000 L"Qt5Widgets.dll",reason=THREAD_ATTACH,res=00000000)
241802.476:01a8:Ret  PE DLL (proc=77F7DEA2,module=77CD0000 L"Qt5Widgets.dll",reason=THREAD_ATTACH,res=00000000) retval=1
241802.476:01a8:Call PE DLL (proc=751C8FAB,module=75140000 L"Qt5Network.dll",reason=THREAD_ATTACH,res=00000000)
241802.476:01a8:Ret  PE DLL (proc=751C8FAB,module=75140000 L"Qt5Network.dll",reason=THREAD_ATTACH,res=00000000) retval=1
241802.476:01a8:Call PE DLL (proc=74FE13E0,module=74FE0000 L"compstui.dll",reason=THREAD_ATTACH,res=00000000)
241802.476:01a8:Ret  PE DLL (proc=74FE13E0,module=74FE0000 L"compstui.dll",reason=THREAD_ATTACH,res=00000000) retval=1
241802.476:01a8:Call PE DLL (proc=750F9E94,module=750E0000 L"Qt5PrintSupport.dll",reason=THREAD_ATTACH,res=00000000)
241802.476:01a8:Ret  PE DLL (proc=750F9E94,module=750E0000 L"Qt5PrintSupport.dll",reason=THREAD_ATTACH,res=00000000) retval=1
241802.476:01a8:Call PE DLL (proc=749C7A68,module=749B0000 L"Qt5Sql.dll",reason=THREAD_ATTACH,res=00000000)
241802.476:01a8:Ret  PE DLL (proc=749C7A68,module=749B0000 L"Qt5Sql.dll",reason=THREAD_ATTACH,res=00000000) retval=1
241802.476:01a8:Call PE DLL (proc=749758AC,module=74950000 L"Qt5Svg.dll",reason=THREAD_ATTACH,res=00000000)
241802.476:01a8:Ret  PE DLL (proc=749758AC,module=74950000 L"Qt5Svg.dll",reason=THREAD_ATTACH,res=00000000) retval=1
241802.476:01a8:Call PE DLL (proc=7486C7AB,module=74700000 L"Qt5XmlPatterns.dll",reason=THREAD_ATTACH,res=00000000)
241802.476:01a8:Ret  PE DLL (proc=7486C7AB,module=74700000 L"Qt5XmlPatterns.dll",reason=THREAD_ATTACH,res=00000000) retval=1
241802.476:01a8:Call PE DLL (proc=6FB3249F,module=6F940000 L"Qt5Qml.dll",reason=THREAD_ATTACH,res=00000000)
241802.476:01a8:Ret  PE DLL (proc=6FB3249F,module=6F940000 L"Qt5Qml.dll",reason=THREAD_ATTACH,res=00000000) retval=1
241802.476:01a8:Call PE DLL (proc=6FC684AB,module=6FC30000 L"Qt5QmlModels.dll",reason=THREAD_ATTACH,res=00000000)
241802.476:01a8:Ret  PE DLL (proc=6FC684AB,module=6FC30000 L"Qt5QmlModels.dll",reason=THREAD_ATTACH,res=00000000) retval=1
241802.476:01a8:Call PE DLL (proc=6FEA7E8F,module=6FCA0000 L"Qt5Quick.dll",reason=THREAD_ATTACH,res=00000000)
241802.476:01a8:Ret  PE DLL (proc=6FEA7E8F,module=6FCA0000 L"Qt5Quick.dll",reason=THREAD_ATTACH,res=00000000) retval=1
241802.476:01a8:Call PE DLL (proc=6F91E5E4,module=6F910000 L"Qt5WebChannel.dll",reason=THREAD_ATTACH,res=00000000)
241802.476:01a8:Ret  PE DLL (proc=6F91E5E4,module=6F910000 L"Qt5WebChannel.dll",reason=THREAD_ATTACH,res=00000000) retval=1
241802.476:01a8:Call PE DLL (proc=6F8D9062,module=6F8B0000 L"Qt5Positioning.dll",reason=THREAD_ATTACH,res=00000000)
241802.476:01a8:Ret  PE DLL (proc=6F8D9062,module=6F8B0000 L"Qt5Positioning.dll",reason=THREAD_ATTACH,res=00000000) retval=1
241802.476:01a8:Call PE DLL (proc=6E105810,module=6E100000 L"wininet.dll",reason=THREAD_ATTACH,res=00000000)
241802.476:01a8:Ret  PE DLL (proc=6E105810,module=6E100000 L"wininet.dll",reason=THREAD_ATTACH,res=00000000) retval=1
241802.476:01a8:Call TLS callback (proc=7135D2A0,module=70010000,reason=THREAD_ATTACH,reserved=0)
241802.476:01a8:Ret  TLS callback (proc=7135D2A0,module=70010000,reason=THREAD_ATTACH,reserved=0)
241802.476:01a8:Call TLS callback (proc=7152C4B0,module=70010000,reason=THREAD_ATTACH,reserved=0)
241802.476:01a8:Ret  TLS callback (proc=7152C4B0,module=70010000,reason=THREAD_ATTACH,reserved=0)
241802.476:01a8:Call TLS callback (proc=716C21AA,module=70010000,reason=THREAD_ATTACH,reserved=0)
241802.476:01a8:Ret  TLS callback (proc=716C21AA,module=70010000,reason=THREAD_ATTACH,reserved=0)
241802.476:01a8:Call TLS callback (proc=72B1026F,module=70010000,reason=THREAD_ATTACH,reserved=0)
241802.476:01a8:Ret  TLS callback (proc=72B1026F,module=70010000,reason=THREAD_ATTACH,reserved=0)
241802.476:01a8:Call TLS callback (proc=72B101F2,module=70010000,reason=THREAD_ATTACH,reserved=0)
241802.476:01a8:Ret  TLS callback (proc=72B101F2,module=70010000,reason=THREAD_ATTACH,reserved=0)
241802.476:01a8:Call PE DLL (proc=72B10BEF,module=70010000 L"Qt5WebEngineCore.dll",reason=THREAD_ATTACH,res=00000000)
241802.476:01a8:Ret  PE DLL (proc=72B10BEF,module=70010000 L"Qt5WebEngineCore.dll",reason=THREAD_ATTACH,res=00000000) retval=1
241802.476:01a8:Call PE DLL (proc=6E0D5CDA,module=6E0D0000 L"Qt5QuickWidgets.dll",reason=THREAD_ATTACH,res=00000000)
241802.476:01a8:Ret  PE DLL (proc=6E0D5CDA,module=6E0D0000 L"Qt5QuickWidgets.dll",reason=THREAD_ATTACH,res=00000000) retval=1
241802.476:01a8:Call PE DLL (proc=746C3433,module=746B0000 L"Qt5WebEngineWidgets.dll",reason=THREAD_ATTACH,res=00000000)
241802.476:01a8:Ret  PE DLL (proc=746C3433,module=746B0000 L"Qt5WebEngineWidgets.dll",reason=THREAD_ATTACH,res=00000000) retval=1
241802.476:01a8:Call PE DLL (proc=02560F23,module=02550000 L"zlib1.dll",reason=THREAD_ATTACH,res=00000000)
241802.476:01a8:Ret  PE DLL (proc=02560F23,module=02550000 L"zlib1.dll",reason=THREAD_ATTACH,res=00000000) retval=1
241802.476:01a8:Call PE DLL (proc=6DD5A886,module=6DD50000 L"bzip2.dll",reason=THREAD_ATTACH,res=00000000)
241802.476:01a8:Ret  PE DLL (proc=6DD5A886,module=6DD50000 L"bzip2.dll",reason=THREAD_ATTACH,res=00000000) retval=1
241802.476:01a8:Call PE DLL (proc=6B502270,module=6B500000 L"VCOMP140.DLL",reason=THREAD_ATTACH,res=00000000)
241802.476:01a8:Ret  PE DLL (proc=6B502270,module=6B500000 L"VCOMP140.DLL",reason=THREAD_ATTACH,res=00000000) retval=1
241802.476:01a8:Call PE DLL (proc=6C778EA5,module=6B890000 L"avcodec.dll",reason=THREAD_ATTACH,res=00000000)
241802.476:01a8:Ret  PE DLL (proc=6C778EA5,module=6B890000 L"avcodec.dll",reason=THREAD_ATTACH,res=00000000) retval=1
241802.476:01a8:Call PE DLL (proc=6DA2B6C1,module=6D620000 L"avformat.dll",reason=THREAD_ATTACH,res=00000000)
241802.476:01a8:Ret  PE DLL (proc=6DA2B6C1,module=6D620000 L"avformat.dll",reason=THREAD_ATTACH,res=00000000) retval=1
241802.476:01a8:Call PE DLL (proc=6AF424EF,module=6AE70000 L"qwindows.dll",reason=THREAD_ATTACH,res=00000000)
241802.476:01a8:Ret  PE DLL (proc=6AF424EF,module=6AE70000 L"qwindows.dll",reason=THREAD_ATTACH,res=00000000) retval=1
241802.476:01a8:Call PE DLL (proc=6AE03E25,module=6AE00000 L"qsvgicon.dll",reason=THREAD_ATTACH,res=00000000)
241802.476:01a8:Ret  PE DLL (proc=6AE03E25,module=6AE00000 L"qsvgicon.dll",reason=THREAD_ATTACH,res=00000000) retval=1
241802.476:01a8:Starting thread proc 7A7E1650 (arg=03B68570)
241802.477:01ac:Call PE DLL (proc=7ABAAB50,module=7ABA0000 L"msvcrt.dll",reason=THREAD_ATTACH,res=00000000)
241802.477:01ac:Ret  PE DLL (proc=7ABAAB50,module=7ABA0000 L"msvcrt.dll",reason=THREAD_ATTACH,res=00000000) retval=1
241802.477:01ac:Call PE DLL (proc=7A7D7070,module=7A7C0000 L"ucrtbase.dll",reason=THREAD_ATTACH,res=00000000)
241802.477:01ac:Ret  PE DLL (proc=7A7D7070,module=7A7C0000 L"ucrtbase.dll",reason=THREAD_ATTACH,res=00000000) retval=1
241802.477:01ac:Call PE DLL (proc=7A2AF440,module=7A290000 L"user32.dll",reason=THREAD_ATTACH,res=00000000)
241802.477:01ac:Ret  PE DLL (proc=7A2AF440,module=7A290000 L"user32.dll",reason=THREAD_ATTACH,res=00000000) retval=1
241802.477:01ac:Call PE DLL (proc=6B132E70,module=6B130000 L"imm32.dll",reason=THREAD_ATTACH,res=00000000)
241802.477:01ac:Ret  PE DLL (proc=6B132E70,module=6B130000 L"imm32.dll",reason=THREAD_ATTACH,res=00000000) retval=1
241802.477:01ac:Call PE DLL (proc=79CF22E0,module=79CF0000 L"ws2_32.dll",reason=THREAD_ATTACH,res=00000000)
241802.477:01ac:Ret  PE DLL (proc=79CF22E0,module=79CF0000 L"ws2_32.dll",reason=THREAD_ATTACH,res=00000000) retval=1
241802.477:01ac:Call PE DLL (proc=79A83A70,module=79A70000 L"rpcrt4.dll",reason=THREAD_ATTACH,res=00000000)
241802.477:01ac:Ret  PE DLL (proc=79A83A70,module=79A70000 L"rpcrt4.dll",reason=THREAD_ATTACH,res=00000000) retval=1
241802.477:01ac:Call PE DLL (proc=7958E530,module=79580000 L"combase.dll",reason=THREAD_ATTACH,res=00000000)
241802.477:01ac:Ret  PE DLL (proc=7958E530,module=79580000 L"combase.dll",reason=THREAD_ATTACH,res=00000000) retval=1
241802.477:01ac:Call PE DLL (proc=79707660,module=796F0000 L"ole32.dll",reason=THREAD_ATTACH,res=00000000)
241802.477:01ac:Ret  PE DLL (proc=79707660,module=796F0000 L"ole32.dll",reason=THREAD_ATTACH,res=00000000) retval=1
241802.477:01ac:Call PE DLL (proc=7819DF30,module=78190000 L"MSVCP140.dll",reason=THREAD_ATTACH,res=00000000)
241802.477:01ac:Ret  PE DLL (proc=7819DF30,module=78190000 L"MSVCP140.dll",reason=THREAD_ATTACH,res=00000000) retval=1
241802.477:01ac:Call PE DLL (proc=6B094F60,module=6B090000 L"concrt140.dll",reason=THREAD_ATTACH,res=00000000)
241802.477:01ac:Ret  PE DLL (proc=6B094F60,module=6B090000 L"concrt140.dll",reason=THREAD_ATTACH,res=00000000) retval=1
241802.477:01ac:Call PE DLL (proc=781311F0,module=78130000 L"MSVCP140_1.dll",reason=THREAD_ATTACH,res=00000000)
241802.477:01ac:Ret  PE DLL (proc=781311F0,module=78130000 L"MSVCP140_1.dll",reason=THREAD_ATTACH,res=00000000) retval=1
241802.477:01ac:Call PE DLL (proc=7B2574A3,module=7AFF0000 L"Qt5Core.dll",reason=THREAD_ATTACH,res=00000000)
241802.477:01ac:Ret  PE DLL (proc=7B2574A3,module=7AFF0000 L"Qt5Core.dll",reason=THREAD_ATTACH,res=00000000) retval=1
241802.477:01ac:Call PE DLL (proc=753A3FE0,module=753A0000 L"opengl32.dll",reason=THREAD_ATTACH,res=00000000)
241802.477:01ac:Ret  PE DLL (proc=753A3FE0,module=753A0000 L"opengl32.dll",reason=THREAD_ATTACH,res=00000000) retval=1
241802.477:01ac:Call PE DLL (proc=77A79CB0,module=77740000 L"Qt5Gui.dll",reason=THREAD_ATTACH,res=00000000)
241802.477:01ac:Ret  PE DLL (proc=77A79CB0,module=77740000 L"Qt5Gui.dll",reason=THREAD_ATTACH,res=00000000) retval=1
241802.477:01ac:Call PE DLL (proc=77F7DEA2,module=77CD0000 L"Qt5Widgets.dll",reason=THREAD_ATTACH,res=00000000)
241802.477:01ac:Ret  PE DLL (proc=77F7DEA2,module=77CD0000 L"Qt5Widgets.dll",reason=THREAD_ATTACH,res=00000000) retval=1
241802.477:01ac:Call PE DLL (proc=751C8FAB,module=75140000 L"Qt5Network.dll",reason=THREAD_ATTACH,res=00000000)
241802.477:01ac:Ret  PE DLL (proc=751C8FAB,module=75140000 L"Qt5Network.dll",reason=THREAD_ATTACH,res=00000000) retval=1
241802.477:01ac:Call PE DLL (proc=74FE13E0,module=74FE0000 L"compstui.dll",reason=THREAD_ATTACH,res=00000000)
241802.477:01ac:Ret  PE DLL (proc=74FE13E0,module=74FE0000 L"compstui.dll",reason=THREAD_ATTACH,res=00000000) retval=1
241802.477:01ac:Call PE DLL (proc=750F9E94,module=750E0000 L"Qt5PrintSupport.dll",reason=THREAD_ATTACH,res=00000000)
241802.477:01ac:Ret  PE DLL (proc=750F9E94,module=750E0000 L"Qt5PrintSupport.dll",reason=THREAD_ATTACH,res=00000000) retval=1
241802.477:01ac:Call PE DLL (proc=749C7A68,module=749B0000 L"Qt5Sql.dll",reason=THREAD_ATTACH,res=00000000)
241802.477:01ac:Ret  PE DLL (proc=749C7A68,module=749B0000 L"Qt5Sql.dll",reason=THREAD_ATTACH,res=00000000) retval=1
241802.477:01ac:Call PE DLL (proc=749758AC,module=74950000 L"Qt5Svg.dll",reason=THREAD_ATTACH,res=00000000)
241802.477:01ac:Ret  PE DLL (proc=749758AC,module=74950000 L"Qt5Svg.dll",reason=THREAD_ATTACH,res=00000000) retval=1
241802.477:01ac:Call PE DLL (proc=7486C7AB,module=74700000 L"Qt5XmlPatterns.dll",reason=THREAD_ATTACH,res=00000000)
241802.477:01ac:Ret  PE DLL (proc=7486C7AB,module=74700000 L"Qt5XmlPatterns.dll",reason=THREAD_ATTACH,res=00000000) retval=1
241802.477:01ac:Call PE DLL (proc=6FB3249F,module=6F940000 L"Qt5Qml.dll",reason=THREAD_ATTACH,res=00000000)
241802.477:01ac:Ret  PE DLL (proc=6FB3249F,module=6F940000 L"Qt5Qml.dll",reason=THREAD_ATTACH,res=00000000) retval=1
241802.477:01ac:Call PE DLL (proc=6FC684AB,module=6FC30000 L"Qt5QmlModels.dll",reason=THREAD_ATTACH,res=00000000)
241802.477:01ac:Ret  PE DLL (proc=6FC684AB,module=6FC30000 L"Qt5QmlModels.dll",reason=THREAD_ATTACH,res=00000000) retval=1
241802.477:01ac:Call PE DLL (proc=6FEA7E8F,module=6FCA0000 L"Qt5Quick.dll",reason=THREAD_ATTACH,res=00000000)
241802.477:01ac:Ret  PE DLL (proc=6FEA7E8F,module=6FCA0000 L"Qt5Quick.dll",reason=THREAD_ATTACH,res=00000000) retval=1
241802.477:01ac:Call PE DLL (proc=6F91E5E4,module=6F910000 L"Qt5WebChannel.dll",reason=THREAD_ATTACH,res=00000000)
241802.477:01ac:Ret  PE DLL (proc=6F91E5E4,module=6F910000 L"Qt5WebChannel.dll",reason=THREAD_ATTACH,res=00000000) retval=1
241802.477:01ac:Call PE DLL (proc=6F8D9062,module=6F8B0000 L"Qt5Positioning.dll",reason=THREAD_ATTACH,res=00000000)
241802.477:01ac:Ret  PE DLL (proc=6F8D9062,module=6F8B0000 L"Qt5Positioning.dll",reason=THREAD_ATTACH,res=00000000) retval=1
241802.477:01ac:Call PE DLL (proc=6E105810,module=6E100000 L"wininet.dll",reason=THREAD_ATTACH,res=00000000)
241802.477:01ac:Ret  PE DLL (proc=6E105810,module=6E100000 L"wininet.dll",reason=THREAD_ATTACH,res=00000000) retval=1
241802.477:01ac:Call TLS callback (proc=7135D2A0,module=70010000,reason=THREAD_ATTACH,reserved=0)
241802.477:01ac:Ret  TLS callback (proc=7135D2A0,module=70010000,reason=THREAD_ATTACH,reserved=0)
241802.477:01ac:Call TLS callback (proc=7152C4B0,module=70010000,reason=THREAD_ATTACH,reserved=0)
241802.477:01ac:Ret  TLS callback (proc=7152C4B0,module=70010000,reason=THREAD_ATTACH,reserved=0)
241802.477:01ac:Call TLS callback (proc=716C21AA,module=70010000,reason=THREAD_ATTACH,reserved=0)
241802.477:01ac:Ret  TLS callback (proc=716C21AA,module=70010000,reason=THREAD_ATTACH,reserved=0)
241802.477:01ac:Call TLS callback (proc=72B1026F,module=70010000,reason=THREAD_ATTACH,reserved=0)
241802.477:01ac:Ret  TLS callback (proc=72B1026F,module=70010000,reason=THREAD_ATTACH,reserved=0)
241802.477:01ac:Call TLS callback (proc=72B101F2,module=70010000,reason=THREAD_ATTACH,reserved=0)
241802.477:01ac:Ret  TLS callback (proc=72B101F2,module=70010000,reason=THREAD_ATTACH,reserved=0)
241802.477:01ac:Call PE DLL (proc=72B10BEF,module=70010000 L"Qt5WebEngineCore.dll",reason=THREAD_ATTACH,res=00000000)
241802.477:01ac:Ret  PE DLL (proc=72B10BEF,module=70010000 L"Qt5WebEngineCore.dll",reason=THREAD_ATTACH,res=00000000) retval=1
241802.477:01ac:Call PE DLL (proc=6E0D5CDA,module=6E0D0000 L"Qt5QuickWidgets.dll",reason=THREAD_ATTACH,res=00000000)
241802.477:01ac:Ret  PE DLL (proc=6E0D5CDA,module=6E0D0000 L"Qt5QuickWidgets.dll",reason=THREAD_ATTACH,res=00000000) retval=1
241802.477:01ac:Call PE DLL (proc=746C3433,module=746B0000 L"Qt5WebEngineWidgets.dll",reason=THREAD_ATTACH,res=00000000)
241802.477:01ac:Ret  PE DLL (proc=746C3433,module=746B0000 L"Qt5WebEngineWidgets.dll",reason=THREAD_ATTACH,res=00000000) retval=1
241802.477:01ac:Call PE DLL (proc=02560F23,module=02550000 L"zlib1.dll",reason=THREAD_ATTACH,res=00000000)
241802.477:01ac:Ret  PE DLL (proc=02560F23,module=02550000 L"zlib1.dll",reason=THREAD_ATTACH,res=00000000) retval=1
241802.477:01ac:Call PE DLL (proc=6DD5A886,module=6DD50000 L"bzip2.dll",reason=THREAD_ATTACH,res=00000000)
241802.477:01ac:Ret  PE DLL (proc=6DD5A886,module=6DD50000 L"bzip2.dll",reason=THREAD_ATTACH,res=00000000) retval=1
241802.477:01ac:Call PE DLL (proc=6B502270,module=6B500000 L"VCOMP140.DLL",reason=THREAD_ATTACH,res=00000000)
241802.477:01ac:Ret  PE DLL (proc=6B502270,module=6B500000 L"VCOMP140.DLL",reason=THREAD_ATTACH,res=00000000) retval=1
241802.477:01ac:Call PE DLL (proc=6C778EA5,module=6B890000 L"avcodec.dll",reason=THREAD_ATTACH,res=00000000)
241802.477:01ac:Ret  PE DLL (proc=6C778EA5,module=6B890000 L"avcodec.dll",reason=THREAD_ATTACH,res=00000000) retval=1
241802.477:01ac:Call PE DLL (proc=6DA2B6C1,module=6D620000 L"avformat.dll",reason=THREAD_ATTACH,res=00000000)
241802.477:01ac:Ret  PE DLL (proc=6DA2B6C1,module=6D620000 L"avformat.dll",reason=THREAD_ATTACH,res=00000000) retval=1
241802.477:01ac:Call PE DLL (proc=6AF424EF,module=6AE70000 L"qwindows.dll",reason=THREAD_ATTACH,res=00000000)
241802.477:01ac:Ret  PE DLL (proc=6AF424EF,module=6AE70000 L"qwindows.dll",reason=THREAD_ATTACH,res=00000000) retval=1
241802.477:01ac:Call PE DLL (proc=6AE03E25,module=6AE00000 L"qsvgicon.dll",reason=THREAD_ATTACH,res=00000000)
241802.477:01ac:Ret  PE DLL (proc=6AE03E25,module=6AE00000 L"qsvgicon.dll",reason=THREAD_ATTACH,res=00000000) retval=1
241802.477:01ac:Starting thread proc 7A7E1650 (arg=03B685F0)
241802.477:01b0:Call PE DLL (proc=7ABAAB50,module=7ABA0000 L"msvcrt.dll",reason=THREAD_ATTACH,res=00000000)
241802.477:01b0:Ret  PE DLL (proc=7ABAAB50,module=7ABA0000 L"msvcrt.dll",reason=THREAD_ATTACH,res=00000000) retval=1
241802.477:01b0:Call PE DLL (proc=7A7D7070,module=7A7C0000 L"ucrtbase.dll",reason=THREAD_ATTACH,res=00000000)
241802.477:01b0:Ret  PE DLL (proc=7A7D7070,module=7A7C0000 L"ucrtbase.dll",reason=THREAD_ATTACH,res=00000000) retval=1
241802.477:01b0:Call PE DLL (proc=7A2AF440,module=7A290000 L"user32.dll",reason=THREAD_ATTACH,res=00000000)
241802.477:01b0:Ret  PE DLL (proc=7A2AF440,module=7A290000 L"user32.dll",reason=THREAD_ATTACH,res=00000000) retval=1
241802.477:01b0:Call PE DLL (proc=6B132E70,module=6B130000 L"imm32.dll",reason=THREAD_ATTACH,res=00000000)
241802.477:01b0:Ret  PE DLL (proc=6B132E70,module=6B130000 L"imm32.dll",reason=THREAD_ATTACH,res=00000000) retval=1
241802.477:01b0:Call PE DLL (proc=79CF22E0,module=79CF0000 L"ws2_32.dll",reason=THREAD_ATTACH,res=00000000)
241802.477:01b0:Ret  PE DLL (proc=79CF22E0,module=79CF0000 L"ws2_32.dll",reason=THREAD_ATTACH,res=00000000) retval=1
241802.477:01b0:Call PE DLL (proc=79A83A70,module=79A70000 L"rpcrt4.dll",reason=THREAD_ATTACH,res=00000000)
241802.477:01b0:Ret  PE DLL (proc=79A83A70,module=79A70000 L"rpcrt4.dll",reason=THREAD_ATTACH,res=00000000) retval=1
241802.477:01b0:Call PE DLL (proc=7958E530,module=79580000 L"combase.dll",reason=THREAD_ATTACH,res=00000000)
241802.477:01b0:Ret  PE DLL (proc=7958E530,module=79580000 L"combase.dll",reason=THREAD_ATTACH,res=00000000) retval=1
241802.477:01b0:Call PE DLL (proc=79707660,module=796F0000 L"ole32.dll",reason=THREAD_ATTACH,res=00000000)
241802.477:01b0:Ret  PE DLL (proc=79707660,module=796F0000 L"ole32.dll",reason=THREAD_ATTACH,res=00000000) retval=1
241802.477:01b0:Call PE DLL (proc=7819DF30,module=78190000 L"MSVCP140.dll",reason=THREAD_ATTACH,res=00000000)
241802.477:01b0:Ret  PE DLL (proc=7819DF30,module=78190000 L"MSVCP140.dll",reason=THREAD_ATTACH,res=00000000) retval=1
241802.477:01b0:Call PE DLL (proc=6B094F60,module=6B090000 L"concrt140.dll",reason=THREAD_ATTACH,res=00000000)
241802.477:01b0:Ret  PE DLL (proc=6B094F60,module=6B090000 L"concrt140.dll",reason=THREAD_ATTACH,res=00000000) retval=1
241802.477:01b0:Call PE DLL (proc=781311F0,module=78130000 L"MSVCP140_1.dll",reason=THREAD_ATTACH,res=00000000)
241802.477:01b0:Ret  PE DLL (proc=781311F0,module=78130000 L"MSVCP140_1.dll",reason=THREAD_ATTACH,res=00000000) retval=1
241802.477:01b0:Call PE DLL (proc=7B2574A3,module=7AFF0000 L"Qt5Core.dll",reason=THREAD_ATTACH,res=00000000)
241802.477:01b0:Ret  PE DLL (proc=7B2574A3,module=7AFF0000 L"Qt5Core.dll",reason=THREAD_ATTACH,res=00000000) retval=1
241802.477:01b0:Call PE DLL (proc=753A3FE0,module=753A0000 L"opengl32.dll",reason=THREAD_ATTACH,res=00000000)
241802.477:01b0:Ret  PE DLL (proc=753A3FE0,module=753A0000 L"opengl32.dll",reason=THREAD_ATTACH,res=00000000) retval=1
241802.477:01b0:Call PE DLL (proc=77A79CB0,module=77740000 L"Qt5Gui.dll",reason=THREAD_ATTACH,res=00000000)
241802.477:01b0:Ret  PE DLL (proc=77A79CB0,module=77740000 L"Qt5Gui.dll",reason=THREAD_ATTACH,res=00000000) retval=1
241802.477:01b0:Call PE DLL (proc=77F7DEA2,module=77CD0000 L"Qt5Widgets.dll",reason=THREAD_ATTACH,res=00000000)
241802.477:01b0:Ret  PE DLL (proc=77F7DEA2,module=77CD0000 L"Qt5Widgets.dll",reason=THREAD_ATTACH,res=00000000) retval=1
241802.478:01b0:Call PE DLL (proc=751C8FAB,module=75140000 L"Qt5Network.dll",reason=THREAD_ATTACH,res=00000000)
241802.478:01b0:Ret  PE DLL (proc=751C8FAB,module=75140000 L"Qt5Network.dll",reason=THREAD_ATTACH,res=00000000) retval=1
241802.478:01b0:Call PE DLL (proc=74FE13E0,module=74FE0000 L"compstui.dll",reason=THREAD_ATTACH,res=00000000)
241802.478:01b0:Ret  PE DLL (proc=74FE13E0,module=74FE0000 L"compstui.dll",reason=THREAD_ATTACH,res=00000000) retval=1
241802.478:01b0:Call PE DLL (proc=750F9E94,module=750E0000 L"Qt5PrintSupport.dll",reason=THREAD_ATTACH,res=00000000)
241802.478:01b0:Ret  PE DLL (proc=750F9E94,module=750E0000 L"Qt5PrintSupport.dll",reason=THREAD_ATTACH,res=00000000) retval=1
241802.478:01b0:Call PE DLL (proc=749C7A68,module=749B0000 L"Qt5Sql.dll",reason=THREAD_ATTACH,res=00000000)
241802.478:01b0:Ret  PE DLL (proc=749C7A68,module=749B0000 L"Qt5Sql.dll",reason=THREAD_ATTACH,res=00000000) retval=1
241802.478:01b0:Call PE DLL (proc=749758AC,module=74950000 L"Qt5Svg.dll",reason=THREAD_ATTACH,res=00000000)
241802.478:01b0:Ret  PE DLL (proc=749758AC,module=74950000 L"Qt5Svg.dll",reason=THREAD_ATTACH,res=00000000) retval=1
241802.478:01b0:Call PE DLL (proc=7486C7AB,module=74700000 L"Qt5XmlPatterns.dll",reason=THREAD_ATTACH,res=00000000)
241802.478:01b0:Ret  PE DLL (proc=7486C7AB,module=74700000 L"Qt5XmlPatterns.dll",reason=THREAD_ATTACH,res=00000000) retval=1
241802.478:01b0:Call PE DLL (proc=6FB3249F,module=6F940000 L"Qt5Qml.dll",reason=THREAD_ATTACH,res=00000000)
241802.478:01b0:Ret  PE DLL (proc=6FB3249F,module=6F940000 L"Qt5Qml.dll",reason=THREAD_ATTACH,res=00000000) retval=1
241802.478:01b0:Call PE DLL (proc=6FC684AB,module=6FC30000 L"Qt5QmlModels.dll",reason=THREAD_ATTACH,res=00000000)
241802.478:01b0:Ret  PE DLL (proc=6FC684AB,module=6FC30000 L"Qt5QmlModels.dll",reason=THREAD_ATTACH,res=00000000) retval=1
241802.478:01b0:Call PE DLL (proc=6FEA7E8F,module=6FCA0000 L"Qt5Quick.dll",reason=THREAD_ATTACH,res=00000000)
241802.478:01b0:Ret  PE DLL (proc=6FEA7E8F,module=6FCA0000 L"Qt5Quick.dll",reason=THREAD_ATTACH,res=00000000) retval=1
241802.478:01b0:Call PE DLL (proc=6F91E5E4,module=6F910000 L"Qt5WebChannel.dll",reason=THREAD_ATTACH,res=00000000)
241802.478:01b0:Ret  PE DLL (proc=6F91E5E4,module=6F910000 L"Qt5WebChannel.dll",reason=THREAD_ATTACH,res=00000000) retval=1
241802.478:01b0:Call PE DLL (proc=6F8D9062,module=6F8B0000 L"Qt5Positioning.dll",reason=THREAD_ATTACH,res=00000000)
241802.478:01b0:Ret  PE DLL (proc=6F8D9062,module=6F8B0000 L"Qt5Positioning.dll",reason=THREAD_ATTACH,res=00000000) retval=1
241802.478:01b0:Call PE DLL (proc=6E105810,module=6E100000 L"wininet.dll",reason=THREAD_ATTACH,res=00000000)
241802.478:01b0:Ret  PE DLL (proc=6E105810,module=6E100000 L"wininet.dll",reason=THREAD_ATTACH,res=00000000) retval=1
241802.478:01b0:Call TLS callback (proc=7135D2A0,module=70010000,reason=THREAD_ATTACH,reserved=0)
241802.478:01b0:Ret  TLS callback (proc=7135D2A0,module=70010000,reason=THREAD_ATTACH,reserved=0)
241802.478:01b0:Call TLS callback (proc=7152C4B0,module=70010000,reason=THREAD_ATTACH,reserved=0)
241802.478:01b0:Ret  TLS callback (proc=7152C4B0,module=70010000,reason=THREAD_ATTACH,reserved=0)
241802.478:01b0:Call TLS callback (proc=716C21AA,module=70010000,reason=THREAD_ATTACH,reserved=0)
241802.478:01b0:Ret  TLS callback (proc=716C21AA,module=70010000,reason=THREAD_ATTACH,reserved=0)
241802.478:01b0:Call TLS callback (proc=72B1026F,module=70010000,reason=THREAD_ATTACH,reserved=0)
241802.478:01b0:Ret  TLS callback (proc=72B1026F,module=70010000,reason=THREAD_ATTACH,reserved=0)
241802.478:01b0:Call TLS callback (proc=72B101F2,module=70010000,reason=THREAD_ATTACH,reserved=0)
241802.478:01b0:Ret  TLS callback (proc=72B101F2,module=70010000,reason=THREAD_ATTACH,reserved=0)
241802.478:01b0:Call PE DLL (proc=72B10BEF,module=70010000 L"Qt5WebEngineCore.dll",reason=THREAD_ATTACH,res=00000000)
241802.478:01b0:Ret  PE DLL (proc=72B10BEF,module=70010000 L"Qt5WebEngineCore.dll",reason=THREAD_ATTACH,res=00000000) retval=1
241802.478:01b0:Call PE DLL (proc=6E0D5CDA,module=6E0D0000 L"Qt5QuickWidgets.dll",reason=THREAD_ATTACH,res=00000000)
241802.478:01b0:Ret  PE DLL (proc=6E0D5CDA,module=6E0D0000 L"Qt5QuickWidgets.dll",reason=THREAD_ATTACH,res=00000000) retval=1
241802.478:01b0:Call PE DLL (proc=746C3433,module=746B0000 L"Qt5WebEngineWidgets.dll",reason=THREAD_ATTACH,res=00000000)
241802.478:01b0:Ret  PE DLL (proc=746C3433,module=746B0000 L"Qt5WebEngineWidgets.dll",reason=THREAD_ATTACH,res=00000000) retval=1
241802.478:01b0:Call PE DLL (proc=02560F23,module=02550000 L"zlib1.dll",reason=THREAD_ATTACH,res=00000000)
241802.478:01b0:Ret  PE DLL (proc=02560F23,module=02550000 L"zlib1.dll",reason=THREAD_ATTACH,res=00000000) retval=1
241802.478:01b0:Call PE DLL (proc=6DD5A886,module=6DD50000 L"bzip2.dll",reason=THREAD_ATTACH,res=00000000)
241802.478:01b0:Ret  PE DLL (proc=6DD5A886,module=6DD50000 L"bzip2.dll",reason=THREAD_ATTACH,res=00000000) retval=1
241802.478:01b0:Call PE DLL (proc=6B502270,module=6B500000 L"VCOMP140.DLL",reason=THREAD_ATTACH,res=00000000)
241802.478:01b0:Ret  PE DLL (proc=6B502270,module=6B500000 L"VCOMP140.DLL",reason=THREAD_ATTACH,res=00000000) retval=1
241802.478:01b0:Call PE DLL (proc=6C778EA5,module=6B890000 L"avcodec.dll",reason=THREAD_ATTACH,res=00000000)
241802.478:01b0:Ret  PE DLL (proc=6C778EA5,module=6B890000 L"avcodec.dll",reason=THREAD_ATTACH,res=00000000) retval=1
241802.478:01b0:Call PE DLL (proc=6DA2B6C1,module=6D620000 L"avformat.dll",reason=THREAD_ATTACH,res=00000000)
241802.478:01b0:Ret  PE DLL (proc=6DA2B6C1,module=6D620000 L"avformat.dll",reason=THREAD_ATTACH,res=00000000) retval=1
241802.478:01b0:Call PE DLL (proc=6AF424EF,module=6AE70000 L"qwindows.dll",reason=THREAD_ATTACH,res=00000000)
241802.478:01b0:Ret  PE DLL (proc=6AF424EF,module=6AE70000 L"qwindows.dll",reason=THREAD_ATTACH,res=00000000) retval=1
241802.478:01b0:Call PE DLL (proc=6AE03E25,module=6AE00000 L"qsvgicon.dll",reason=THREAD_ATTACH,res=00000000)
241802.478:01b0:Ret  PE DLL (proc=6AE03E25,module=6AE00000 L"qsvgicon.dll",reason=THREAD_ATTACH,res=00000000) retval=1
241802.478:01b0:Starting thread proc 7A7E1650 (arg=03B686D0)
241802.480:01b4:Call PE DLL (proc=7ABAAB50,module=7ABA0000 L"msvcrt.dll",reason=THREAD_ATTACH,res=00000000)
241802.480:01b4:Ret  PE DLL (proc=7ABAAB50,module=7ABA0000 L"msvcrt.dll",reason=THREAD_ATTACH,res=00000000) retval=1
241802.480:01b4:Call PE DLL (proc=7A7D7070,module=7A7C0000 L"ucrtbase.dll",reason=THREAD_ATTACH,res=00000000)
241802.480:01b4:Ret  PE DLL (proc=7A7D7070,module=7A7C0000 L"ucrtbase.dll",reason=THREAD_ATTACH,res=00000000) retval=1
241802.480:01b4:Call PE DLL (proc=7A2AF440,module=7A290000 L"user32.dll",reason=THREAD_ATTACH,res=00000000)
241802.480:01b4:Ret  PE DLL (proc=7A2AF440,module=7A290000 L"user32.dll",reason=THREAD_ATTACH,res=00000000) retval=1
241802.480:01b4:Call PE DLL (proc=6B132E70,module=6B130000 L"imm32.dll",reason=THREAD_ATTACH,res=00000000)
241802.480:01b4:Ret  PE DLL (proc=6B132E70,module=6B130000 L"imm32.dll",reason=THREAD_ATTACH,res=00000000) retval=1
241802.480:01b4:Call PE DLL (proc=79CF22E0,module=79CF0000 L"ws2_32.dll",reason=THREAD_ATTACH,res=00000000)
241802.480:01b4:Ret  PE DLL (proc=79CF22E0,module=79CF0000 L"ws2_32.dll",reason=THREAD_ATTACH,res=00000000) retval=1
241802.480:01b4:Call PE DLL (proc=79A83A70,module=79A70000 L"rpcrt4.dll",reason=THREAD_ATTACH,res=00000000)
241802.480:01b4:Ret  PE DLL (proc=79A83A70,module=79A70000 L"rpcrt4.dll",reason=THREAD_ATTACH,res=00000000) retval=1
241802.480:01b4:Call PE DLL (proc=7958E530,module=79580000 L"combase.dll",reason=THREAD_ATTACH,res=00000000)
241802.480:01b4:Ret  PE DLL (proc=7958E530,module=79580000 L"combase.dll",reason=THREAD_ATTACH,res=00000000) retval=1
241802.480:01b4:Call PE DLL (proc=79707660,module=796F0000 L"ole32.dll",reason=THREAD_ATTACH,res=00000000)
241802.480:01b4:Ret  PE DLL (proc=79707660,module=796F0000 L"ole32.dll",reason=THREAD_ATTACH,res=00000000) retval=1
241802.480:01b4:Call PE DLL (proc=7819DF30,module=78190000 L"MSVCP140.dll",reason=THREAD_ATTACH,res=00000000)
241802.480:01b4:Ret  PE DLL (proc=7819DF30,module=78190000 L"MSVCP140.dll",reason=THREAD_ATTACH,res=00000000) retval=1
241802.480:01b4:Call PE DLL (proc=6B094F60,module=6B090000 L"concrt140.dll",reason=THREAD_ATTACH,res=00000000)
241802.480:01b4:Ret  PE DLL (proc=6B094F60,module=6B090000 L"concrt140.dll",reason=THREAD_ATTACH,res=00000000) retval=1
241802.480:01b4:Call PE DLL (proc=781311F0,module=78130000 L"MSVCP140_1.dll",reason=THREAD_ATTACH,res=00000000)
241802.480:01b4:Ret  PE DLL (proc=781311F0,module=78130000 L"MSVCP140_1.dll",reason=THREAD_ATTACH,res=00000000) retval=1
241802.480:01b4:Call PE DLL (proc=7B2574A3,module=7AFF0000 L"Qt5Core.dll",reason=THREAD_ATTACH,res=00000000)
241802.480:01b4:Ret  PE DLL (proc=7B2574A3,module=7AFF0000 L"Qt5Core.dll",reason=THREAD_ATTACH,res=00000000) retval=1
241802.480:01b4:Call PE DLL (proc=753A3FE0,module=753A0000 L"opengl32.dll",reason=THREAD_ATTACH,res=00000000)
241802.480:01b4:Ret  PE DLL (proc=753A3FE0,module=753A0000 L"opengl32.dll",reason=THREAD_ATTACH,res=00000000) retval=1
241802.480:01b4:Call PE DLL (proc=77A79CB0,module=77740000 L"Qt5Gui.dll",reason=THREAD_ATTACH,res=00000000)
241802.480:01b4:Ret  PE DLL (proc=77A79CB0,module=77740000 L"Qt5Gui.dll",reason=THREAD_ATTACH,res=00000000) retval=1
241802.480:01b4:Call PE DLL (proc=77F7DEA2,module=77CD0000 L"Qt5Widgets.dll",reason=THREAD_ATTACH,res=00000000)
241802.480:01b4:Ret  PE DLL (proc=77F7DEA2,module=77CD0000 L"Qt5Widgets.dll",reason=THREAD_ATTACH,res=00000000) retval=1
241802.480:01b4:Call PE DLL (proc=751C8FAB,module=75140000 L"Qt5Network.dll",reason=THREAD_ATTACH,res=00000000)
241802.480:01b4:Ret  PE DLL (proc=751C8FAB,module=75140000 L"Qt5Network.dll",reason=THREAD_ATTACH,res=00000000) retval=1
241802.480:01b4:Call PE DLL (proc=74FE13E0,module=74FE0000 L"compstui.dll",reason=THREAD_ATTACH,res=00000000)
241802.480:01b4:Ret  PE DLL (proc=74FE13E0,module=74FE0000 L"compstui.dll",reason=THREAD_ATTACH,res=00000000) retval=1
241802.480:01b4:Call PE DLL (proc=750F9E94,module=750E0000 L"Qt5PrintSupport.dll",reason=THREAD_ATTACH,res=00000000)
241802.480:01b4:Ret  PE DLL (proc=750F9E94,module=750E0000 L"Qt5PrintSupport.dll",reason=THREAD_ATTACH,res=00000000) retval=1
241802.480:01b4:Call PE DLL (proc=749C7A68,module=749B0000 L"Qt5Sql.dll",reason=THREAD_ATTACH,res=00000000)
241802.480:01b4:Ret  PE DLL (proc=749C7A68,module=749B0000 L"Qt5Sql.dll",reason=THREAD_ATTACH,res=00000000) retval=1
241802.480:01b4:Call PE DLL (proc=749758AC,module=74950000 L"Qt5Svg.dll",reason=THREAD_ATTACH,res=00000000)
241802.480:01b4:Ret  PE DLL (proc=749758AC,module=74950000 L"Qt5Svg.dll",reason=THREAD_ATTACH,res=00000000) retval=1
241802.480:01b4:Call PE DLL (proc=7486C7AB,module=74700000 L"Qt5XmlPatterns.dll",reason=THREAD_ATTACH,res=00000000)
241802.480:01b4:Ret  PE DLL (proc=7486C7AB,module=74700000 L"Qt5XmlPatterns.dll",reason=THREAD_ATTACH,res=00000000) retval=1
241802.480:01b4:Call PE DLL (proc=6FB3249F,module=6F940000 L"Qt5Qml.dll",reason=THREAD_ATTACH,res=00000000)
241802.480:01b4:Ret  PE DLL (proc=6FB3249F,module=6F940000 L"Qt5Qml.dll",reason=THREAD_ATTACH,res=00000000) retval=1
241802.480:01b4:Call PE DLL (proc=6FC684AB,module=6FC30000 L"Qt5QmlModels.dll",reason=THREAD_ATTACH,res=00000000)
241802.480:01b4:Ret  PE DLL (proc=6FC684AB,module=6FC30000 L"Qt5QmlModels.dll",reason=THREAD_ATTACH,res=00000000) retval=1
241802.480:01b4:Call PE DLL (proc=6FEA7E8F,module=6FCA0000 L"Qt5Quick.dll",reason=THREAD_ATTACH,res=00000000)
241802.480:01b4:Ret  PE DLL (proc=6FEA7E8F,module=6FCA0000 L"Qt5Quick.dll",reason=THREAD_ATTACH,res=00000000) retval=1
241802.480:01b4:Call PE DLL (proc=6F91E5E4,module=6F910000 L"Qt5WebChannel.dll",reason=THREAD_ATTACH,res=00000000)
241802.480:01b4:Ret  PE DLL (proc=6F91E5E4,module=6F910000 L"Qt5WebChannel.dll",reason=THREAD_ATTACH,res=00000000) retval=1
241802.480:01b4:Call PE DLL (proc=6F8D9062,module=6F8B0000 L"Qt5Positioning.dll",reason=THREAD_ATTACH,res=00000000)
241802.480:01b4:Ret  PE DLL (proc=6F8D9062,module=6F8B0000 L"Qt5Positioning.dll",reason=THREAD_ATTACH,res=00000000) retval=1
241802.480:01b4:Call PE DLL (proc=6E105810,module=6E100000 L"wininet.dll",reason=THREAD_ATTACH,res=00000000)
241802.480:01b4:Ret  PE DLL (proc=6E105810,module=6E100000 L"wininet.dll",reason=THREAD_ATTACH,res=00000000) retval=1
241802.480:01b4:Call TLS callback (proc=7135D2A0,module=70010000,reason=THREAD_ATTACH,reserved=0)
241802.480:01b4:Ret  TLS callback (proc=7135D2A0,module=70010000,reason=THREAD_ATTACH,reserved=0)
241802.480:01b4:Call TLS callback (proc=7152C4B0,module=70010000,reason=THREAD_ATTACH,reserved=0)
241802.480:01b4:Ret  TLS callback (proc=7152C4B0,module=70010000,reason=THREAD_ATTACH,reserved=0)
241802.480:01b4:Call TLS callback (proc=716C21AA,module=70010000,reason=THREAD_ATTACH,reserved=0)
241802.480:01b4:Ret  TLS callback (proc=716C21AA,module=70010000,reason=THREAD_ATTACH,reserved=0)
241802.480:01b4:Call TLS callback (proc=72B1026F,module=70010000,reason=THREAD_ATTACH,reserved=0)
241802.480:01b4:Ret  TLS callback (proc=72B1026F,module=70010000,reason=THREAD_ATTACH,reserved=0)
241802.480:01b4:Call TLS callback (proc=72B101F2,module=70010000,reason=THREAD_ATTACH,reserved=0)
241802.480:01b4:Ret  TLS callback (proc=72B101F2,module=70010000,reason=THREAD_ATTACH,reserved=0)
241802.480:01b4:Call PE DLL (proc=72B10BEF,module=70010000 L"Qt5WebEngineCore.dll",reason=THREAD_ATTACH,res=00000000)
241802.480:01b4:Ret  PE DLL (proc=72B10BEF,module=70010000 L"Qt5WebEngineCore.dll",reason=THREAD_ATTACH,res=00000000) retval=1
241802.480:01b4:Call PE DLL (proc=6E0D5CDA,module=6E0D0000 L"Qt5QuickWidgets.dll",reason=THREAD_ATTACH,res=00000000)
241802.480:01b4:Ret  PE DLL (proc=6E0D5CDA,module=6E0D0000 L"Qt5QuickWidgets.dll",reason=THREAD_ATTACH,res=00000000) retval=1
241802.480:01b4:Call PE DLL (proc=746C3433,module=746B0000 L"Qt5WebEngineWidgets.dll",reason=THREAD_ATTACH,res=00000000)
241802.480:01b4:Ret  PE DLL (proc=746C3433,module=746B0000 L"Qt5WebEngineWidgets.dll",reason=THREAD_ATTACH,res=00000000) retval=1
241802.480:01b4:Call PE DLL (proc=02560F23,module=02550000 L"zlib1.dll",reason=THREAD_ATTACH,res=00000000)
241802.480:01b4:Ret  PE DLL (proc=02560F23,module=02550000 L"zlib1.dll",reason=THREAD_ATTACH,res=00000000) retval=1
241802.480:01b4:Call PE DLL (proc=6DD5A886,module=6DD50000 L"bzip2.dll",reason=THREAD_ATTACH,res=00000000)
241802.480:01b4:Ret  PE DLL (proc=6DD5A886,module=6DD50000 L"bzip2.dll",reason=THREAD_ATTACH,res=00000000) retval=1
241802.480:01b4:Call PE DLL (proc=6B502270,module=6B500000 L"VCOMP140.DLL",reason=THREAD_ATTACH,res=00000000)
241802.480:01b4:Ret  PE DLL (proc=6B502270,module=6B500000 L"VCOMP140.DLL",reason=THREAD_ATTACH,res=00000000) retval=1
241802.480:01b4:Call PE DLL (proc=6C778EA5,module=6B890000 L"avcodec.dll",reason=THREAD_ATTACH,res=00000000)
241802.480:01b4:Ret  PE DLL (proc=6C778EA5,module=6B890000 L"avcodec.dll",reason=THREAD_ATTACH,res=00000000) retval=1
241802.480:01b4:Call PE DLL (proc=6DA2B6C1,module=6D620000 L"avformat.dll",reason=THREAD_ATTACH,res=00000000)
241802.480:01b4:Ret  PE DLL (proc=6DA2B6C1,module=6D620000 L"avformat.dll",reason=THREAD_ATTACH,res=00000000) retval=1
241802.480:01b4:Call PE DLL (proc=6AF424EF,module=6AE70000 L"qwindows.dll",reason=THREAD_ATTACH,res=00000000)
241802.480:01b4:Ret  PE DLL (proc=6AF424EF,module=6AE70000 L"qwindows.dll",reason=THREAD_ATTACH,res=00000000) retval=1
241802.480:01b4:Call PE DLL (proc=6AE03E25,module=6AE00000 L"qsvgicon.dll",reason=THREAD_ATTACH,res=00000000)
241802.480:01b4:Ret  PE DLL (proc=6AE03E25,module=6AE00000 L"qsvgicon.dll",reason=THREAD_ATTACH,res=00000000) retval=1
241802.480:01b4:Starting thread proc 7A7E1650 (arg=03B687D0)
241802.513:0160:Ret  window proc 7B1B1ED0 (hwnd=00010060,msg=WM_USER,wp=00000124,lp=00000001) retval=00000000
241802.513:0160:Call hook proc 7B1B1DE0 (id=WH_GETMESSAGE,code=0,wp=00000001,lp=0026df2c)
241802.513:0160:Ret  hook proc 7B1B1DE0 (id=WH_GETMESSAGE,code=0,wp=00000001,lp=0026df2c) retval=00000000
241802.513:0160:Call window proc 7B1B1ED0 (hwnd=00010060,msg=WM_USER+2,wp=00000000,lp=00000000)
241802.513:0160:Ret  window proc 7B1B1ED0 (hwnd=00010060,msg=WM_USER+2,wp=00000000,lp=00000000) retval=00000000
241802.513:0160:Call hook proc 7B1B1DE0 (id=WH_GETMESSAGE,code=0,wp=00000001,lp=0026df2c)
241802.513:0160:Ret  hook proc 7B1B1DE0 (id=WH_GETMESSAGE,code=0,wp=00000001,lp=0026df2c) retval=00000000
241802.513:0160:Call window proc 7B1B1ED0 (hwnd=00010060,msg=WM_USER,wp=00000124,lp=00000001)
241802.513:0160:Call user32.PostMessageW(00010060,00000402,00000000,00000000) ret=7b1b183b
241802.513:0160:Ret  user32.PostMessageW() retval=00000001 ret=7b1b183b
241802.564:0160:Ret  window proc 7B1B1ED0 (hwnd=00010060,msg=WM_USER,wp=00000124,lp=00000001) retval=00000000
241802.564:0160:Call hook proc 7B1B1DE0 (id=WH_GETMESSAGE,code=0,wp=00000001,lp=0026df2c)
241802.564:0160:Ret  hook proc 7B1B1DE0 (id=WH_GETMESSAGE,code=0,wp=00000001,lp=0026df2c) retval=00000000
241802.564:0160:Call window proc 7B1B1ED0 (hwnd=00010060,msg=WM_USER+2,wp=00000000,lp=00000000)
241802.564:0160:Ret  window proc 7B1B1ED0 (hwnd=00010060,msg=WM_USER+2,wp=00000000,lp=00000000) retval=00000000
241802.564:0160:Call hook proc 7B1B1DE0 (id=WH_GETMESSAGE,code=0,wp=00000001,lp=0026df2c)
241802.564:0160:Ret  hook proc 7B1B1DE0 (id=WH_GETMESSAGE,code=0,wp=00000001,lp=0026df2c) retval=00000000
241802.564:0160:Call window proc 7B1B1ED0 (hwnd=00010060,msg=WM_USER,wp=00000124,lp=00000001)
241802.564:0160:Call user32.PostMessageW(00010060,00000402,00000000,00000000) ret=7b1b183b
241802.564:0160:Ret  user32.PostMessageW() retval=00000001 ret=7b1b183b
241802.625:0160:Ret  window proc 7B1B1ED0 (hwnd=00010060,msg=WM_USER,wp=00000124,lp=00000001) retval=00000000
241802.625:0160:Call hook proc 7B1B1DE0 (id=WH_GETMESSAGE,code=0,wp=00000001,lp=0026df2c)
241802.625:0160:Ret  hook proc 7B1B1DE0 (id=WH_GETMESSAGE,code=0,wp=00000001,lp=0026df2c) retval=00000000
241802.625:0160:Call window proc 7B1B1ED0 (hwnd=00010060,msg=WM_USER+2,wp=00000000,lp=00000000)
241802.625:0160:Ret  window proc 7B1B1ED0 (hwnd=00010060,msg=WM_USER+2,wp=00000000,lp=00000000) retval=00000000
241802.625:0160:Call hook proc 7B1B1DE0 (id=WH_GETMESSAGE,code=0,wp=00000001,lp=0026df2c)
241802.625:0160:Ret  hook proc 7B1B1DE0 (id=WH_GETMESSAGE,code=0,wp=00000001,lp=0026df2c) retval=00000000
241802.625:0160:Call window proc 7B1B1ED0 (hwnd=00010060,msg=WM_USER,wp=00000124,lp=00000001)
241802.625:0160:Call user32.PostMessageW(00010060,00000402,00000000,00000000) ret=7b1b183b
241802.625:0160:Ret  user32.PostMessageW() retval=00000001 ret=7b1b183b
241802.685:0160:Ret  window proc 7B1B1ED0 (hwnd=00010060,msg=WM_USER,wp=00000124,lp=00000001) retval=00000000
241802.686:0160:Call hook proc 7B1B1DE0 (id=WH_GETMESSAGE,code=0,wp=00000001,lp=0026df2c)
241802.686:0160:Ret  hook proc 7B1B1DE0 (id=WH_GETMESSAGE,code=0,wp=00000001,lp=0026df2c) retval=00000000
241802.686:0160:Call window proc 7B1B1ED0 (hwnd=00010060,msg=WM_USER+2,wp=00000000,lp=00000000)
241802.686:0160:Ret  window proc 7B1B1ED0 (hwnd=00010060,msg=WM_USER+2,wp=00000000,lp=00000000) retval=00000000
241802.686:0160:Call hook proc 7B1B1DE0 (id=WH_GETMESSAGE,code=0,wp=00000001,lp=0026df2c)
241802.686:0160:Ret  hook proc 7B1B1DE0 (id=WH_GETMESSAGE,code=0,wp=00000001,lp=0026df2c) retval=00000000
241802.686:0160:Call window proc 7B1B1ED0 (hwnd=00010060,msg=WM_USER,wp=00000124,lp=00000001)
241802.686:0160:Call user32.PostMessageW(00010060,00000402,00000000,00000000) ret=7b1b183b
241802.686:0160:Ret  user32.PostMessageW() retval=00000001 ret=7b1b183b
241802.747:0160:Ret  window proc 7B1B1ED0 (hwnd=00010060,msg=WM_USER,wp=00000124,lp=00000001) retval=00000000
241802.747:0160:Call hook proc 7B1B1DE0 (id=WH_GETMESSAGE,code=0,wp=00000001,lp=0026df2c)
241802.747:0160:Ret  hook proc 7B1B1DE0 (id=WH_GETMESSAGE,code=0,wp=00000001,lp=0026df2c) retval=00000000
241802.747:0160:Call window proc 7B1B1ED0 (hwnd=00010060,msg=WM_USER+2,wp=00000000,lp=00000000)
241802.747:0160:Ret  window proc 7B1B1ED0 (hwnd=00010060,msg=WM_USER+2,wp=00000000,lp=00000000) retval=00000000
241802.747:0160:Call hook proc 7B1B1DE0 (id=WH_GETMESSAGE,code=0,wp=00000001,lp=0026df2c)
241802.747:0160:Ret  hook proc 7B1B1DE0 (id=WH_GETMESSAGE,code=0,wp=00000001,lp=0026df2c) retval=00000000
241802.747:0160:Call window proc 7B1B1ED0 (hwnd=00010060,msg=WM_USER,wp=00000124,lp=00000001)
241802.747:0160:Call user32.PostMessageW(00010060,00000402,00000000,00000000) ret=7b1b183b
241802.747:0160:Ret  user32.PostMessageW() retval=00000001 ret=7b1b183b
241802.798:0160:Ret  window proc 7B1B1ED0 (hwnd=00010060,msg=WM_USER,wp=00000124,lp=00000001) retval=00000000
241802.798:0160:Call hook proc 7B1B1DE0 (id=WH_GETMESSAGE,code=0,wp=00000001,lp=0026df2c)
241802.798:0160:Ret  hook proc 7B1B1DE0 (id=WH_GETMESSAGE,code=0,wp=00000001,lp=0026df2c) retval=00000000
241802.798:0160:Call window proc 7B1B1ED0 (hwnd=00010060,msg=WM_USER+2,wp=00000000,lp=00000000)
241802.798:0160:Ret  window proc 7B1B1ED0 (hwnd=00010060,msg=WM_USER+2,wp=00000000,lp=00000000) retval=00000000
241802.798:0160:Call hook proc 7B1B1DE0 (id=WH_GETMESSAGE,code=0,wp=00000001,lp=0026df2c)
241802.798:0160:Ret  hook proc 7B1B1DE0 (id=WH_GETMESSAGE,code=0,wp=00000001,lp=0026df2c) retval=00000000
241802.798:0160:Call window proc 7B1B1ED0 (hwnd=00010060,msg=WM_USER,wp=00000124,lp=00000001)
241802.798:0160:Call user32.PostMessageW(00010060,00000402,00000000,00000000) ret=7b1b183b
241802.798:0160:Ret  user32.PostMessageW() retval=00000001 ret=7b1b183b
241802.849:0160:Ret  window proc 7B1B1ED0 (hwnd=00010060,msg=WM_USER,wp=00000124,lp=00000001) retval=00000000
241802.849:0160:Call hook proc 7B1B1DE0 (id=WH_GETMESSAGE,code=0,wp=00000001,lp=0026df2c)
241802.849:0160:Ret  hook proc 7B1B1DE0 (id=WH_GETMESSAGE,code=0,wp=00000001,lp=0026df2c) retval=00000000
241802.849:0160:Call window proc 7B1B1ED0 (hwnd=00010060,msg=WM_USER+2,wp=00000000,lp=00000000)
241802.849:0160:Ret  window proc 7B1B1ED0 (hwnd=00010060,msg=WM_USER+2,wp=00000000,lp=00000000) retval=00000000
241802.849:0160:Call hook proc 7B1B1DE0 (id=WH_GETMESSAGE,code=0,wp=00000001,lp=0026df2c)
241802.849:0160:Ret  hook proc 7B1B1DE0 (id=WH_GETMESSAGE,code=0,wp=00000001,lp=0026df2c) retval=00000000
241802.849:0160:Call window proc 7B1B1ED0 (hwnd=00010060,msg=WM_USER,wp=00000124,lp=00000001)
241802.849:0160:Call user32.PostMessageW(00010060,00000402,00000000,00000000) ret=7b1b183b
241802.849:0160:Ret  user32.PostMessageW() retval=00000001 ret=7b1b183b
241802.900:0160:Ret  window proc 7B1B1ED0 (hwnd=00010060,msg=WM_USER,wp=00000124,lp=00000001) retval=00000000
241802.900:0160:Call hook proc 7B1B1DE0 (id=WH_GETMESSAGE,code=0,wp=00000001,lp=0026df2c)
241802.900:0160:Ret  hook proc 7B1B1DE0 (id=WH_GETMESSAGE,code=0,wp=00000001,lp=0026df2c) retval=00000000
241802.900:0160:Call window proc 7B1B1ED0 (hwnd=00010060,msg=WM_USER+2,wp=00000000,lp=00000000)
241802.900:0160:Ret  window proc 7B1B1ED0 (hwnd=00010060,msg=WM_USER+2,wp=00000000,lp=00000000) retval=00000000
241802.900:0160:Call hook proc 7B1B1DE0 (id=WH_GETMESSAGE,code=0,wp=00000001,lp=0026df2c)
241802.900:0160:Ret  hook proc 7B1B1DE0 (id=WH_GETMESSAGE,code=0,wp=00000001,lp=0026df2c) retval=00000000
241802.900:0160:Call window proc 7B1B1ED0 (hwnd=00010060,msg=WM_USER,wp=00000124,lp=00000001)
241802.900:0160:Call user32.PostMessageW(00010060,00000402,00000000,00000000) ret=7b1b183b
241802.900:0160:Ret  user32.PostMessageW() retval=00000001 ret=7b1b183b
241802.951:0160:Ret  window proc 7B1B1ED0 (hwnd=00010060,msg=WM_USER,wp=00000124,lp=00000001) retval=00000000
241802.951:0160:Call hook proc 7B1B1DE0 (id=WH_GETMESSAGE,code=0,wp=00000001,lp=0026df2c)
241802.951:0160:Ret  hook proc 7B1B1DE0 (id=WH_GETMESSAGE,code=0,wp=00000001,lp=0026df2c) retval=00000000
241802.951:0160:Call window proc 7B1B1ED0 (hwnd=00010060,msg=WM_USER+2,wp=00000000,lp=00000000)
241802.951:0160:Ret  window proc 7B1B1ED0 (hwnd=00010060,msg=WM_USER+2,wp=00000000,lp=00000000) retval=00000000
241802.951:0160:Call hook proc 7B1B1DE0 (id=WH_GETMESSAGE,code=0,wp=00000001,lp=0026df2c)
241802.951:0160:Ret  hook proc 7B1B1DE0 (id=WH_GETMESSAGE,code=0,wp=00000001,lp=0026df2c) retval=00000000
241802.951:0160:Call window proc 7B1B1ED0 (hwnd=00010060,msg=WM_USER,wp=00000124,lp=00000001)
241802.951:0160:Call user32.PostMessageW(00010060,00000402,00000000,00000000) ret=7b1b183b
241802.951:0160:Ret  user32.PostMessageW() retval=00000001 ret=7b1b183b
241803.011:0160:Ret  window proc 7B1B1ED0 (hwnd=00010060,msg=WM_USER,wp=00000124,lp=00000001) retval=00000000
241803.011:0160:Call hook proc 7B1B1DE0 (id=WH_GETMESSAGE,code=0,wp=00000001,lp=0026df2c)
241803.011:0160:Ret  hook proc 7B1B1DE0 (id=WH_GETMESSAGE,code=0,wp=00000001,lp=0026df2c) retval=00000000
241803.011:0160:Call window proc 7B1B1ED0 (hwnd=00010060,msg=WM_USER+2,wp=00000000,lp=00000000)
241803.011:0160:Ret  window proc 7B1B1ED0 (hwnd=00010060,msg=WM_USER+2,wp=00000000,lp=00000000) retval=00000000
241803.011:0160:Call hook proc 7B1B1DE0 (id=WH_GETMESSAGE,code=0,wp=00000001,lp=0026df2c)
241803.011:0160:Ret  hook proc 7B1B1DE0 (id=WH_GETMESSAGE,code=0,wp=00000001,lp=0026df2c) retval=00000000
241803.011:0160:Call window proc 7B1B1ED0 (hwnd=00010060,msg=WM_USER,wp=00000124,lp=00000001)
241803.011:0160:Call user32.PostMessageW(00010060,00000402,00000000,00000000) ret=7b1b183b
241803.011:0160:Ret  user32.PostMessageW() retval=00000001 ret=7b1b183b
241803.062:0160:Ret  window proc 7B1B1ED0 (hwnd=00010060,msg=WM_USER,wp=00000124,lp=00000001) retval=00000000
241803.062:0160:Call hook proc 7B1B1DE0 (id=WH_GETMESSAGE,code=0,wp=00000001,lp=0026df2c)
241803.062:0160:Ret  hook proc 7B1B1DE0 (id=WH_GETMESSAGE,code=0,wp=00000001,lp=0026df2c) retval=00000000
241803.062:0160:Call window proc 7B1B1ED0 (hwnd=00010060,msg=WM_USER+2,wp=00000000,lp=00000000)
241803.062:0160:Ret  window proc 7B1B1ED0 (hwnd=00010060,msg=WM_USER+2,wp=00000000,lp=00000000) retval=00000000
241803.062:0160:Call hook proc 7B1B1DE0 (id=WH_GETMESSAGE,code=0,wp=00000001,lp=0026df2c)
241803.062:0160:Ret  hook proc 7B1B1DE0 (id=WH_GETMESSAGE,code=0,wp=00000001,lp=0026df2c) retval=00000000
241803.062:0160:Call window proc 7B1B1ED0 (hwnd=00010060,msg=WM_USER,wp=00000124,lp=00000001)
241803.062:0160:Call user32.PostMessageW(00010060,00000402,00000000,00000000) ret=7b1b183b
241803.062:0160:Ret  user32.PostMessageW() retval=00000001 ret=7b1b183b
241803.113:0160:Ret  window proc 7B1B1ED0 (hwnd=00010060,msg=WM_USER,wp=00000124,lp=00000001) retval=00000000
241803.113:0160:Call hook proc 7B1B1DE0 (id=WH_GETMESSAGE,code=0,wp=00000001,lp=0026df2c)
241803.113:0160:Ret  hook proc 7B1B1DE0 (id=WH_GETMESSAGE,code=0,wp=00000001,lp=0026df2c) retval=00000000
241803.113:0160:Call window proc 7B1B1ED0 (hwnd=00010060,msg=WM_USER+2,wp=00000000,lp=00000000)
241803.113:0160:Ret  window proc 7B1B1ED0 (hwnd=00010060,msg=WM_USER+2,wp=00000000,lp=00000000) retval=00000000
241803.113:0160:Call hook proc 7B1B1DE0 (id=WH_GETMESSAGE,code=0,wp=00000001,lp=0026df2c)
241803.113:0160:Ret  hook proc 7B1B1DE0 (id=WH_GETMESSAGE,code=0,wp=00000001,lp=0026df2c) retval=00000000
241803.113:0160:Call window proc 7B1B1ED0 (hwnd=00010060,msg=WM_USER,wp=00000124,lp=00000001)
241803.113:0160:Call user32.PostMessageW(00010060,00000402,00000000,00000000) ret=7b1b183b
241803.113:0160:Ret  user32.PostMessageW() retval=00000001 ret=7b1b183b
241803.174:0160:Ret  window proc 7B1B1ED0 (hwnd=00010060,msg=WM_USER,wp=00000124,lp=00000001) retval=00000000
241803.174:0160:Call hook proc 7B1B1DE0 (id=WH_GETMESSAGE,code=0,wp=00000001,lp=0026df2c)
241803.174:0160:Ret  hook proc 7B1B1DE0 (id=WH_GETMESSAGE,code=0,wp=00000001,lp=0026df2c) retval=00000000
241803.174:0160:Call window proc 7B1B1ED0 (hwnd=00010060,msg=WM_USER+2,wp=00000000,lp=00000000)
241803.174:0160:Ret  window proc 7B1B1ED0 (hwnd=00010060,msg=WM_USER+2,wp=00000000,lp=00000000) retval=00000000
241803.174:0160:Call hook proc 7B1B1DE0 (id=WH_GETMESSAGE,code=0,wp=00000001,lp=0026df2c)
241803.174:0160:Ret  hook proc 7B1B1DE0 (id=WH_GETMESSAGE,code=0,wp=00000001,lp=0026df2c) retval=00000000
241803.174:0160:Call window proc 7B1B1ED0 (hwnd=00010060,msg=WM_USER,wp=00000124,lp=00000001)
241803.174:0160:Call user32.PostMessageW(00010060,00000402,00000000,00000000) ret=7b1b183b
241803.174:0160:Ret  user32.PostMessageW() retval=00000001 ret=7b1b183b
241803.234:0160:Ret  window proc 7B1B1ED0 (hwnd=00010060,msg=WM_USER,wp=00000124,lp=00000001) retval=00000000
241803.235:0160:Call hook proc 7B1B1DE0 (id=WH_GETMESSAGE,code=0,wp=00000001,lp=0026df2c)
241803.235:0160:Ret  hook proc 7B1B1DE0 (id=WH_GETMESSAGE,code=0,wp=00000001,lp=0026df2c) retval=00000000
241803.235:0160:Call window proc 7B1B1ED0 (hwnd=00010060,msg=WM_USER+2,wp=00000000,lp=00000000)
241803.235:0160:Ret  window proc 7B1B1ED0 (hwnd=00010060,msg=WM_USER+2,wp=00000000,lp=00000000) retval=00000000
241803.235:0160:Call hook proc 7B1B1DE0 (id=WH_GETMESSAGE,code=0,wp=00000001,lp=0026df2c)
241803.235:0160:Ret  hook proc 7B1B1DE0 (id=WH_GETMESSAGE,code=0,wp=00000001,lp=0026df2c) retval=00000000
241803.235:0160:Call window proc 7B1B1ED0 (hwnd=00010060,msg=WM_USER,wp=00000124,lp=00000001)
241803.235:0160:Call user32.PostMessageW(00010060,00000402,00000000,00000000) ret=7b1b183b
241803.235:0160:Ret  user32.PostMessageW() retval=00000001 ret=7b1b183b
241803.286:0160:Ret  window proc 7B1B1ED0 (hwnd=00010060,msg=WM_USER,wp=00000124,lp=00000001) retval=00000000
241803.286:0160:Call hook proc 7B1B1DE0 (id=WH_GETMESSAGE,code=0,wp=00000001,lp=0026df2c)
241803.286:0160:Ret  hook proc 7B1B1DE0 (id=WH_GETMESSAGE,code=0,wp=00000001,lp=0026df2c) retval=00000000
241803.287:0160:Call window proc 7B1B1ED0 (hwnd=00010060,msg=WM_USER+2,wp=00000000,lp=00000000)
241803.287:0160:Ret  window proc 7B1B1ED0 (hwnd=00010060,msg=WM_USER+2,wp=00000000,lp=00000000) retval=00000000
241803.287:0160:Call hook proc 7B1B1DE0 (id=WH_GETMESSAGE,code=0,wp=00000001,lp=0026df2c)
241803.287:0160:Ret  hook proc 7B1B1DE0 (id=WH_GETMESSAGE,code=0,wp=00000001,lp=0026df2c) retval=00000000
241803.287:0160:Call window proc 7B1B1ED0 (hwnd=00010060,msg=WM_USER,wp=00000124,lp=00000001)
241803.287:0160:Call user32.PostMessageW(00010060,00000402,00000000,00000000) ret=7b1b183b
241803.287:0160:Ret  user32.PostMessageW() retval=00000001 ret=7b1b183b
241803.347:0160:Ret  window proc 7B1B1ED0 (hwnd=00010060,msg=WM_USER,wp=00000124,lp=00000001) retval=00000000
241803.348:0160:Call hook proc 7B1B1DE0 (id=WH_GETMESSAGE,code=0,wp=00000001,lp=0026df2c)
241803.348:0160:Ret  hook proc 7B1B1DE0 (id=WH_GETMESSAGE,code=0,wp=00000001,lp=0026df2c) retval=00000000
241803.348:0160:Call window proc 7B1B1ED0 (hwnd=00010060,msg=WM_USER+2,wp=00000000,lp=00000000)
241803.348:0160:Ret  window proc 7B1B1ED0 (hwnd=00010060,msg=WM_USER+2,wp=00000000,lp=00000000) retval=00000000
241803.348:0160:Call hook proc 7B1B1DE0 (id=WH_GETMESSAGE,code=0,wp=00000001,lp=0026df2c)
241803.348:0160:Ret  hook proc 7B1B1DE0 (id=WH_GETMESSAGE,code=0,wp=00000001,lp=0026df2c) retval=00000000
241803.348:0160:Call window proc 7B1B1ED0 (hwnd=00010060,msg=WM_USER,wp=00000124,lp=00000001)
241803.348:0160:Call user32.PostMessageW(00010060,00000402,00000000,00000000) ret=7b1b183b
241803.348:0160:Ret  user32.PostMessageW() retval=00000001 ret=7b1b183b
241803.408:0160:Ret  window proc 7B1B1ED0 (hwnd=00010060,msg=WM_USER,wp=00000124,lp=00000001) retval=00000000
241803.408:0160:Call hook proc 7B1B1DE0 (id=WH_GETMESSAGE,code=0,wp=00000001,lp=0026df2c)
241803.409:0160:Ret  hook proc 7B1B1DE0 (id=WH_GETMESSAGE,code=0,wp=00000001,lp=0026df2c) retval=00000000
241803.409:0160:Call window proc 7B1B1ED0 (hwnd=00010060,msg=WM_USER+2,wp=00000000,lp=00000000)
241803.409:0160:Ret  window proc 7B1B1ED0 (hwnd=00010060,msg=WM_USER+2,wp=00000000,lp=00000000) retval=00000000
241803.409:0160:Call hook proc 7B1B1DE0 (id=WH_GETMESSAGE,code=0,wp=00000001,lp=0026df2c)
241803.409:0160:Ret  hook proc 7B1B1DE0 (id=WH_GETMESSAGE,code=0,wp=00000001,lp=0026df2c) retval=00000000
241803.409:0160:Call window proc 7B1B1ED0 (hwnd=00010060,msg=WM_USER,wp=00000124,lp=00000001)
241803.409:0160:Call user32.PostMessageW(00010060,00000402,00000000,00000000) ret=7b1b183b
241803.409:0160:Ret  user32.PostMessageW() retval=00000001 ret=7b1b183b
241803.469:0160:Ret  window proc 7B1B1ED0 (hwnd=00010060,msg=WM_USER,wp=00000124,lp=00000001) retval=00000000
241803.469:0160:Call hook proc 7B1B1DE0 (id=WH_GETMESSAGE,code=0,wp=00000001,lp=0026df2c)
241803.469:0160:Ret  hook proc 7B1B1DE0 (id=WH_GETMESSAGE,code=0,wp=00000001,lp=0026df2c) retval=00000000
241803.469:0160:Call window proc 7B1B1ED0 (hwnd=00010060,msg=WM_USER+2,wp=00000000,lp=00000000)
241803.469:0160:Ret  window proc 7B1B1ED0 (hwnd=00010060,msg=WM_USER+2,wp=00000000,lp=00000000) retval=00000000
241803.470:0160:Call hook proc 7B1B1DE0 (id=WH_GETMESSAGE,code=0,wp=00000001,lp=0026df2c)
241803.470:0160:Ret  hook proc 7B1B1DE0 (id=WH_GETMESSAGE,code=0,wp=00000001,lp=0026df2c) retval=00000000
241803.470:0160:Call window proc 7B1B1ED0 (hwnd=00010060,msg=WM_USER,wp=00000124,lp=00000001)
241803.470:0160:Call user32.PostMessageW(00010060,00000402,00000000,00000000) ret=7b1b183b
241803.470:0160:Ret  user32.PostMessageW() retval=00000001 ret=7b1b183b
241803.530:0160:Ret  window proc 7B1B1ED0 (hwnd=00010060,msg=WM_USER,wp=00000124,lp=00000001) retval=00000000
241803.530:0160:Call hook proc 7B1B1DE0 (id=WH_GETMESSAGE,code=0,wp=00000001,lp=0026df2c)
241803.530:0160:Ret  hook proc 7B1B1DE0 (id=WH_GETMESSAGE,code=0,wp=00000001,lp=0026df2c) retval=00000000
241803.530:0160:Call window proc 7B1B1ED0 (hwnd=00010060,msg=WM_USER+2,wp=00000000,lp=00000000)
241803.530:0160:Ret  window proc 7B1B1ED0 (hwnd=00010060,msg=WM_USER+2,wp=00000000,lp=00000000) retval=00000000
241803.530:0160:Call hook proc 7B1B1DE0 (id=WH_GETMESSAGE,code=0,wp=00000001,lp=0026df2c)
241803.530:0160:Ret  hook proc 7B1B1DE0 (id=WH_GETMESSAGE,code=0,wp=00000001,lp=0026df2c) retval=00000000
241803.530:0160:Call window proc 7B1B1ED0 (hwnd=00010060,msg=WM_USER,wp=00000124,lp=00000001)
241803.530:0160:Call user32.PostMessageW(00010060,00000402,00000000,00000000) ret=7b1b183b
241803.530:0160:Ret  user32.PostMessageW() retval=00000001 ret=7b1b183b
241803.591:0160:Ret  window proc 7B1B1ED0 (hwnd=00010060,msg=WM_USER,wp=00000124,lp=00000001) retval=00000000
241803.591:0160:Call hook proc 7B1B1DE0 (id=WH_GETMESSAGE,code=0,wp=00000001,lp=0026df2c)
241803.591:0160:Ret  hook proc 7B1B1DE0 (id=WH_GETMESSAGE,code=0,wp=00000001,lp=0026df2c) retval=00000000
241803.591:0160:Call window proc 7B1B1ED0 (hwnd=00010060,msg=WM_USER+2,wp=00000000,lp=00000000)
241803.591:0160:Ret  window proc 7B1B1ED0 (hwnd=00010060,msg=WM_USER+2,wp=00000000,lp=00000000) retval=00000000
241803.591:0160:Call hook proc 7B1B1DE0 (id=WH_GETMESSAGE,code=0,wp=00000001,lp=0026df2c)
241803.591:0160:Ret  hook proc 7B1B1DE0 (id=WH_GETMESSAGE,code=0,wp=00000001,lp=0026df2c) retval=00000000
241803.591:0160:Call window proc 7B1B1ED0 (hwnd=00010060,msg=WM_USER,wp=00000124,lp=00000001)
241803.591:0160:Call user32.PostMessageW(00010060,00000402,00000000,00000000) ret=7b1b183b
241803.591:0160:Ret  user32.PostMessageW() retval=00000001 ret=7b1b183b
241803.642:0160:Ret  window proc 7B1B1ED0 (hwnd=00010060,msg=WM_USER,wp=00000124,lp=00000001) retval=00000000
241803.642:0160:Call hook proc 7B1B1DE0 (id=WH_GETMESSAGE,code=0,wp=00000001,lp=0026df2c)
241803.642:0160:Ret  hook proc 7B1B1DE0 (id=WH_GETMESSAGE,code=0,wp=00000001,lp=0026df2c) retval=00000000
241803.642:0160:Call window proc 7B1B1ED0 (hwnd=00010060,msg=WM_USER+2,wp=00000000,lp=00000000)
241803.642:0160:Ret  window proc 7B1B1ED0 (hwnd=00010060,msg=WM_USER+2,wp=00000000,lp=00000000) retval=00000000
241803.642:0160:Call hook proc 7B1B1DE0 (id=WH_GETMESSAGE,code=0,wp=00000001,lp=0026df2c)
241803.642:0160:Ret  hook proc 7B1B1DE0 (id=WH_GETMESSAGE,code=0,wp=00000001,lp=0026df2c) retval=00000000
241803.642:0160:Call window proc 7B1B1ED0 (hwnd=00010060,msg=WM_USER,wp=00000124,lp=00000001)
241803.642:0160:Call user32.PostMessageW(00010060,00000402,00000000,00000000) ret=7b1b183b
241803.642:0160:Ret  user32.PostMessageW() retval=00000001 ret=7b1b183b
241803.693:0160:Ret  window proc 7B1B1ED0 (hwnd=00010060,msg=WM_USER,wp=00000124,lp=00000001) retval=00000000
241803.693:0160:Call hook proc 7B1B1DE0 (id=WH_GETMESSAGE,code=0,wp=00000001,lp=0026df2c)
241803.693:0160:Ret  hook proc 7B1B1DE0 (id=WH_GETMESSAGE,code=0,wp=00000001,lp=0026df2c) retval=00000000
241803.693:0160:Call window proc 7B1B1ED0 (hwnd=00010060,msg=WM_USER+2,wp=00000000,lp=00000000)
241803.693:0160:Ret  window proc 7B1B1ED0 (hwnd=00010060,msg=WM_USER+2,wp=00000000,lp=00000000) retval=00000000
241803.693:0160:Call hook proc 7B1B1DE0 (id=WH_GETMESSAGE,code=0,wp=00000001,lp=0026df2c)
241803.693:0160:Ret  hook proc 7B1B1DE0 (id=WH_GETMESSAGE,code=0,wp=00000001,lp=0026df2c) retval=00000000
241803.693:0160:Call window proc 7B1B1ED0 (hwnd=00010060,msg=WM_USER,wp=00000124,lp=00000001)
241803.693:0160:Call user32.PostMessageW(00010060,00000402,00000000,00000000) ret=7b1b183b
241803.693:0160:Ret  user32.PostMessageW() retval=00000001 ret=7b1b183b
241803.744:0160:Ret  window proc 7B1B1ED0 (hwnd=00010060,msg=WM_USER,wp=00000124,lp=00000001) retval=00000000
241803.744:0160:Call hook proc 7B1B1DE0 (id=WH_GETMESSAGE,code=0,wp=00000001,lp=0026df2c)
241803.744:0160:Ret  hook proc 7B1B1DE0 (id=WH_GETMESSAGE,code=0,wp=00000001,lp=0026df2c) retval=00000000
241803.744:0160:Call window proc 7B1B1ED0 (hwnd=00010060,msg=WM_USER+2,wp=00000000,lp=00000000)
241803.744:0160:Ret  window proc 7B1B1ED0 (hwnd=00010060,msg=WM_USER+2,wp=00000000,lp=00000000) retval=00000000
241803.744:0160:Call hook proc 7B1B1DE0 (id=WH_GETMESSAGE,code=0,wp=00000001,lp=0026df2c)
241803.744:0160:Ret  hook proc 7B1B1DE0 (id=WH_GETMESSAGE,code=0,wp=00000001,lp=0026df2c) retval=00000000
241803.744:0160:Call window proc 7B1B1ED0 (hwnd=00010060,msg=WM_USER,wp=00000124,lp=00000001)
241803.744:0160:Call user32.PostMessageW(00010060,00000402,00000000,00000000) ret=7b1b183b
241803.744:0160:Ret  user32.PostMessageW() retval=00000001 ret=7b1b183b
241803.795:0160:Ret  window proc 7B1B1ED0 (hwnd=00010060,msg=WM_USER,wp=00000124,lp=00000001) retval=00000000
241803.795:0160:Call hook proc 7B1B1DE0 (id=WH_GETMESSAGE,code=0,wp=00000001,lp=0026df2c)
241803.795:0160:Ret  hook proc 7B1B1DE0 (id=WH_GETMESSAGE,code=0,wp=00000001,lp=0026df2c) retval=00000000
241803.795:0160:Call window proc 7B1B1ED0 (hwnd=00010060,msg=WM_USER+2,wp=00000000,lp=00000000)
241803.795:0160:Ret  window proc 7B1B1ED0 (hwnd=00010060,msg=WM_USER+2,wp=00000000,lp=00000000) retval=00000000
241803.795:0160:Call hook proc 7B1B1DE0 (id=WH_GETMESSAGE,code=0,wp=00000001,lp=0026df2c)
241803.795:0160:Ret  hook proc 7B1B1DE0 (id=WH_GETMESSAGE,code=0,wp=00000001,lp=0026df2c) retval=00000000
241803.795:0160:Call window proc 7B1B1ED0 (hwnd=00010060,msg=WM_USER,wp=00000124,lp=00000001)
241803.795:0160:Call user32.PostMessageW(00010060,00000402,00000000,00000000) ret=7b1b183b
241803.795:0160:Ret  user32.PostMessageW() retval=00000001 ret=7b1b183b
241803.856:0160:Ret  window proc 7B1B1ED0 (hwnd=00010060,msg=WM_USER,wp=00000124,lp=00000001) retval=00000000
241803.856:0160:Call hook proc 7B1B1DE0 (id=WH_GETMESSAGE,code=0,wp=00000001,lp=0026df2c)
241803.856:0160:Ret  hook proc 7B1B1DE0 (id=WH_GETMESSAGE,code=0,wp=00000001,lp=0026df2c) retval=00000000
241803.856:0160:Call window proc 7B1B1ED0 (hwnd=00010060,msg=WM_USER+2,wp=00000000,lp=00000000)
241803.856:0160:Ret  window proc 7B1B1ED0 (hwnd=00010060,msg=WM_USER+2,wp=00000000,lp=00000000) retval=00000000
241803.856:0160:Call hook proc 7B1B1DE0 (id=WH_GETMESSAGE,code=0,wp=00000001,lp=0026df2c)
241803.856:0160:Ret  hook proc 7B1B1DE0 (id=WH_GETMESSAGE,code=0,wp=00000001,lp=0026df2c) retval=00000000
241803.856:0160:Call window proc 7B1B1ED0 (hwnd=00010060,msg=WM_USER,wp=00000124,lp=00000001)
241803.856:0160:Call user32.PostMessageW(00010060,00000402,00000000,00000000) ret=7b1b183b
241803.856:0160:Ret  user32.PostMessageW() retval=00000001 ret=7b1b183b
241803.916:0160:Ret  window proc 7B1B1ED0 (hwnd=00010060,msg=WM_USER,wp=00000124,lp=00000001) retval=00000000
241803.917:0160:Call hook proc 7B1B1DE0 (id=WH_GETMESSAGE,code=0,wp=00000001,lp=0026df2c)
241803.917:0160:Ret  hook proc 7B1B1DE0 (id=WH_GETMESSAGE,code=0,wp=00000001,lp=0026df2c) retval=00000000
241803.917:0160:Call window proc 7B1B1ED0 (hwnd=00010060,msg=WM_USER+2,wp=00000000,lp=00000000)
241803.917:0160:Ret  window proc 7B1B1ED0 (hwnd=00010060,msg=WM_USER+2,wp=00000000,lp=00000000) retval=00000000
241803.917:0160:Call hook proc 7B1B1DE0 (id=WH_GETMESSAGE,code=0,wp=00000001,lp=0026df2c)
241803.917:0160:Ret  hook proc 7B1B1DE0 (id=WH_GETMESSAGE,code=0,wp=00000001,lp=0026df2c) retval=00000000
241803.917:0160:Call window proc 7B1B1ED0 (hwnd=00010060,msg=WM_USER,wp=00000124,lp=00000001)
241803.917:0160:Call user32.PostMessageW(00010060,00000402,00000000,00000000) ret=7b1b183b
241803.917:0160:Ret  user32.PostMessageW() retval=00000001 ret=7b1b183b
241803.977:0160:Ret  window proc 7B1B1ED0 (hwnd=00010060,msg=WM_USER,wp=00000124,lp=00000001) retval=00000000
241803.977:0160:Call hook proc 7B1B1DE0 (id=WH_GETMESSAGE,code=0,wp=00000001,lp=0026df2c)
241803.977:0160:Ret  hook proc 7B1B1DE0 (id=WH_GETMESSAGE,code=0,wp=00000001,lp=0026df2c) retval=00000000
241803.977:0160:Call window proc 7B1B1ED0 (hwnd=00010060,msg=WM_USER+2,wp=00000000,lp=00000000)
241803.978:0160:Ret  window proc 7B1B1ED0 (hwnd=00010060,msg=WM_USER+2,wp=00000000,lp=00000000) retval=00000000
241803.978:0160:Call hook proc 7B1B1DE0 (id=WH_GETMESSAGE,code=0,wp=00000001,lp=0026df2c)
241803.978:0160:Ret  hook proc 7B1B1DE0 (id=WH_GETMESSAGE,code=0,wp=00000001,lp=0026df2c) retval=00000000
241803.978:0160:Call window proc 7B1B1ED0 (hwnd=00010060,msg=WM_USER,wp=00000124,lp=00000001)
241803.978:0160:Call user32.PostMessageW(00010060,00000402,00000000,00000000) ret=7b1b183b
241803.978:0160:Ret  user32.PostMessageW() retval=00000001 ret=7b1b183b
241804.038:0160:Ret  window proc 7B1B1ED0 (hwnd=00010060,msg=WM_USER,wp=00000124,lp=00000001) retval=00000000
241804.038:0160:Call hook proc 7B1B1DE0 (id=WH_GETMESSAGE,code=0,wp=00000001,lp=0026df2c)
241804.038:0160:Ret  hook proc 7B1B1DE0 (id=WH_GETMESSAGE,code=0,wp=00000001,lp=0026df2c) retval=00000000
241804.038:0160:Call window proc 7B1B1ED0 (hwnd=00010060,msg=WM_USER+2,wp=00000000,lp=00000000)
241804.039:0160:Ret  window proc 7B1B1ED0 (hwnd=00010060,msg=WM_USER+2,wp=00000000,lp=00000000) retval=00000000
241804.039:0160:Call hook proc 7B1B1DE0 (id=WH_GETMESSAGE,code=0,wp=00000001,lp=0026df2c)
241804.039:0160:Ret  hook proc 7B1B1DE0 (id=WH_GETMESSAGE,code=0,wp=00000001,lp=0026df2c) retval=00000000
241804.039:0160:Call window proc 7B1B1ED0 (hwnd=00010060,msg=WM_USER,wp=00000124,lp=00000001)
241804.039:0160:Call user32.PostMessageW(00010060,00000402,00000000,00000000) ret=7b1b183b
241804.039:0160:Ret  user32.PostMessageW() retval=00000001 ret=7b1b183b
241804.099:0160:Ret  window proc 7B1B1ED0 (hwnd=00010060,msg=WM_USER,wp=00000124,lp=00000001) retval=00000000
241804.099:0160:Call hook proc 7B1B1DE0 (id=WH_GETMESSAGE,code=0,wp=00000001,lp=0026df2c)
241804.099:0160:Ret  hook proc 7B1B1DE0 (id=WH_GETMESSAGE,code=0,wp=00000001,lp=0026df2c) retval=00000000
241804.099:0160:Call window proc 7B1B1ED0 (hwnd=00010060,msg=WM_USER+2,wp=00000000,lp=00000000)
241804.099:0160:Ret  window proc 7B1B1ED0 (hwnd=00010060,msg=WM_USER+2,wp=00000000,lp=00000000) retval=00000000
241804.099:0160:Call hook proc 7B1B1DE0 (id=WH_GETMESSAGE,code=0,wp=00000001,lp=0026df2c)
241804.099:0160:Ret  hook proc 7B1B1DE0 (id=WH_GETMESSAGE,code=0,wp=00000001,lp=0026df2c) retval=00000000
241804.099:0160:Call window proc 7B1B1ED0 (hwnd=00010060,msg=WM_USER,wp=00000124,lp=00000001)
241804.099:0160:Call user32.PostMessageW(00010060,00000402,00000000,00000000) ret=7b1b183b
241804.100:0160:Ret  user32.PostMessageW() retval=00000001 ret=7b1b183b
241804.160:0160:Ret  window proc 7B1B1ED0 (hwnd=00010060,msg=WM_USER,wp=00000124,lp=00000001) retval=00000000
241804.160:0160:Call hook proc 7B1B1DE0 (id=WH_GETMESSAGE,code=0,wp=00000001,lp=0026df2c)
241804.160:0160:Ret  hook proc 7B1B1DE0 (id=WH_GETMESSAGE,code=0,wp=00000001,lp=0026df2c) retval=00000000
241804.160:0160:Call window proc 7B1B1ED0 (hwnd=00010060,msg=WM_USER+2,wp=00000000,lp=00000000)
241804.160:0160:Ret  window proc 7B1B1ED0 (hwnd=00010060,msg=WM_USER+2,wp=00000000,lp=00000000) retval=00000000
241804.160:0160:Call hook proc 7B1B1DE0 (id=WH_GETMESSAGE,code=0,wp=00000001,lp=0026df2c)
241804.160:0160:Ret  hook proc 7B1B1DE0 (id=WH_GETMESSAGE,code=0,wp=00000001,lp=0026df2c) retval=00000000
241804.160:0160:Call window proc 7B1B1ED0 (hwnd=00010060,msg=WM_USER,wp=00000124,lp=00000001)
241804.160:0160:Call user32.PostMessageW(00010060,00000402,00000000,00000000) ret=7b1b183b
241804.160:0160:Ret  user32.PostMessageW() retval=00000001 ret=7b1b183b
241804.211:0160:Ret  window proc 7B1B1ED0 (hwnd=00010060,msg=WM_USER,wp=00000124,lp=00000001) retval=00000000
241804.211:0160:Call hook proc 7B1B1DE0 (id=WH_GETMESSAGE,code=0,wp=00000001,lp=0026df2c)
241804.211:0160:Ret  hook proc 7B1B1DE0 (id=WH_GETMESSAGE,code=0,wp=00000001,lp=0026df2c) retval=00000000
241804.211:0160:Call window proc 7B1B1ED0 (hwnd=00010060,msg=WM_USER+2,wp=00000000,lp=00000000)
241804.211:0160:Ret  window proc 7B1B1ED0 (hwnd=00010060,msg=WM_USER+2,wp=00000000,lp=00000000) retval=00000000
241804.211:0160:Call hook proc 7B1B1DE0 (id=WH_GETMESSAGE,code=0,wp=00000001,lp=0026df2c)
241804.211:0160:Ret  hook proc 7B1B1DE0 (id=WH_GETMESSAGE,code=0,wp=00000001,lp=0026df2c) retval=00000000
241804.211:0160:Call window proc 7B1B1ED0 (hwnd=00010060,msg=WM_USER,wp=00000124,lp=00000001)
241804.211:0160:Call user32.PostMessageW(00010060,00000402,00000000,00000000) ret=7b1b183b
241804.211:0160:Ret  user32.PostMessageW() retval=00000001 ret=7b1b183b
241804.262:0160:Ret  window proc 7B1B1ED0 (hwnd=00010060,msg=WM_USER,wp=00000124,lp=00000001) retval=00000000
241804.263:0160:Call hook proc 7B1B1DE0 (id=WH_GETMESSAGE,code=0,wp=00000001,lp=0026df2c)
241804.263:0160:Ret  hook proc 7B1B1DE0 (id=WH_GETMESSAGE,code=0,wp=00000001,lp=0026df2c) retval=00000000
241804.263:0160:Call window proc 7B1B1ED0 (hwnd=00010060,msg=WM_USER+2,wp=00000000,lp=00000000)
241804.263:0160:Ret  window proc 7B1B1ED0 (hwnd=00010060,msg=WM_USER+2,wp=00000000,lp=00000000) retval=00000000
241804.263:0160:Call hook proc 7B1B1DE0 (id=WH_GETMESSAGE,code=0,wp=00000001,lp=0026df2c)
241804.263:0160:Ret  hook proc 7B1B1DE0 (id=WH_GETMESSAGE,code=0,wp=00000001,lp=0026df2c) retval=00000000
241804.263:0160:Call window proc 7B1B1ED0 (hwnd=00010060,msg=WM_USER,wp=00000124,lp=00000001)
241804.263:0160:Call user32.PostMessageW(00010060,00000402,00000000,00000000) ret=7b1b183b
241804.263:0160:Ret  user32.PostMessageW() retval=00000001 ret=7b1b183b
241804.314:0160:Ret  window proc 7B1B1ED0 (hwnd=00010060,msg=WM_USER,wp=00000124,lp=00000001) retval=00000000
241804.314:0160:Call hook proc 7B1B1DE0 (id=WH_GETMESSAGE,code=0,wp=00000001,lp=0026df2c)
241804.314:0160:Ret  hook proc 7B1B1DE0 (id=WH_GETMESSAGE,code=0,wp=00000001,lp=0026df2c) retval=00000000
241804.314:0160:Call window proc 7B1B1ED0 (hwnd=00010060,msg=WM_USER+2,wp=00000000,lp=00000000)
241804.315:0160:Ret  window proc 7B1B1ED0 (hwnd=00010060,msg=WM_USER+2,wp=00000000,lp=00000000) retval=00000000
241804.315:0160:Call hook proc 7B1B1DE0 (id=WH_GETMESSAGE,code=0,wp=00000001,lp=0026df2c)
241804.315:0160:Ret  hook proc 7B1B1DE0 (id=WH_GETMESSAGE,code=0,wp=00000001,lp=0026df2c) retval=00000000
241804.315:0160:Call window proc 7B1B1ED0 (hwnd=00010060,msg=WM_USER,wp=00000124,lp=00000001)
241804.315:0160:Call user32.PostMessageW(00010060,00000402,00000000,00000000) ret=7b1b183b
241804.315:0160:Ret  user32.PostMessageW() retval=00000001 ret=7b1b183b
241804.366:0160:Ret  window proc 7B1B1ED0 (hwnd=00010060,msg=WM_USER,wp=00000124,lp=00000001) retval=00000000
241804.366:0160:Call hook proc 7B1B1DE0 (id=WH_GETMESSAGE,code=0,wp=00000001,lp=0026df2c)
241804.366:0160:Ret  hook proc 7B1B1DE0 (id=WH_GETMESSAGE,code=0,wp=00000001,lp=0026df2c) retval=00000000
241804.366:0160:Call window proc 7B1B1ED0 (hwnd=00010060,msg=WM_USER+2,wp=00000000,lp=00000000)
241804.366:0160:Ret  window proc 7B1B1ED0 (hwnd=00010060,msg=WM_USER+2,wp=00000000,lp=00000000) retval=00000000
241804.366:0160:Call hook proc 7B1B1DE0 (id=WH_GETMESSAGE,code=0,wp=00000001,lp=0026df2c)
241804.366:0160:Ret  hook proc 7B1B1DE0 (id=WH_GETMESSAGE,code=0,wp=00000001,lp=0026df2c) retval=00000000
241804.366:0160:Call window proc 7B1B1ED0 (hwnd=00010060,msg=WM_USER,wp=00000124,lp=00000001)
241804.366:0160:Call user32.PostMessageW(00010060,00000402,00000000,00000000) ret=7b1b183b
241804.366:0160:Ret  user32.PostMessageW() retval=00000001 ret=7b1b183b
241804.427:0160:Ret  window proc 7B1B1ED0 (hwnd=00010060,msg=WM_USER,wp=00000124,lp=00000001) retval=00000000
241804.427:0160:Call hook proc 7B1B1DE0 (id=WH_GETMESSAGE,code=0,wp=00000001,lp=0026df2c)
241804.427:0160:Ret  hook proc 7B1B1DE0 (id=WH_GETMESSAGE,code=0,wp=00000001,lp=0026df2c) retval=00000000
241804.427:0160:Call window proc 7B1B1ED0 (hwnd=00010060,msg=WM_USER+2,wp=00000000,lp=00000000)
241804.427:0160:Ret  window proc 7B1B1ED0 (hwnd=00010060,msg=WM_USER+2,wp=00000000,lp=00000000) retval=00000000
241804.427:0160:Call hook proc 7B1B1DE0 (id=WH_GETMESSAGE,code=0,wp=00000001,lp=0026df2c)
241804.427:0160:Ret  hook proc 7B1B1DE0 (id=WH_GETMESSAGE,code=0,wp=00000001,lp=0026df2c) retval=00000000
241804.427:0160:Call window proc 7B1B1ED0 (hwnd=00010060,msg=WM_USER,wp=00000124,lp=00000001)
241804.427:0160:Call user32.PostMessageW(00010060,00000402,00000000,00000000) ret=7b1b183b
241804.427:0160:Ret  user32.PostMessageW() retval=00000001 ret=7b1b183b
241804.478:0160:Ret  window proc 7B1B1ED0 (hwnd=00010060,msg=WM_USER,wp=00000124,lp=00000001) retval=00000000
241804.478:0160:Call hook proc 7B1B1DE0 (id=WH_GETMESSAGE,code=0,wp=00000001,lp=0026df2c)
241804.478:0160:Ret  hook proc 7B1B1DE0 (id=WH_GETMESSAGE,code=0,wp=00000001,lp=0026df2c) retval=00000000
241804.478:0160:Call window proc 7B1B1ED0 (hwnd=00010060,msg=WM_USER+2,wp=00000000,lp=00000000)
241804.478:0160:Ret  window proc 7B1B1ED0 (hwnd=00010060,msg=WM_USER+2,wp=00000000,lp=00000000) retval=00000000
241804.478:0160:Call hook proc 7B1B1DE0 (id=WH_GETMESSAGE,code=0,wp=00000001,lp=0026df2c)
241804.478:0160:Ret  hook proc 7B1B1DE0 (id=WH_GETMESSAGE,code=0,wp=00000001,lp=0026df2c) retval=00000000
241804.478:0160:Call window proc 7B1B1ED0 (hwnd=00010060,msg=WM_USER,wp=00000124,lp=00000001)
241804.478:0160:Call user32.PostMessageW(00010060,00000402,00000000,00000000) ret=7b1b183b
241804.478:0160:Ret  user32.PostMessageW() retval=00000001 ret=7b1b183b
241804.529:0160:Ret  window proc 7B1B1ED0 (hwnd=00010060,msg=WM_USER,wp=00000124,lp=00000001) retval=00000000
241804.529:0160:Call hook proc 7B1B1DE0 (id=WH_GETMESSAGE,code=0,wp=00000001,lp=0026df2c)
241804.530:0160:Ret  hook proc 7B1B1DE0 (id=WH_GETMESSAGE,code=0,wp=00000001,lp=0026df2c) retval=00000000
241804.530:0160:Call window proc 7B1B1ED0 (hwnd=00010060,msg=WM_USER+2,wp=00000000,lp=00000000)
241804.530:0160:Ret  window proc 7B1B1ED0 (hwnd=00010060,msg=WM_USER+2,wp=00000000,lp=00000000) retval=00000000
241804.530:0160:Call hook proc 7B1B1DE0 (id=WH_GETMESSAGE,code=0,wp=00000001,lp=0026df2c)
241804.530:0160:Ret  hook proc 7B1B1DE0 (id=WH_GETMESSAGE,code=0,wp=00000001,lp=0026df2c) retval=00000000
241804.530:0160:Call window proc 7B1B1ED0 (hwnd=00010060,msg=WM_USER,wp=00000124,lp=00000001)
241804.530:0160:Call user32.PostMessageW(00010060,00000402,00000000,00000000) ret=7b1b183b
241804.530:0160:Ret  user32.PostMessageW() retval=00000001 ret=7b1b183b
241804.581:0160:Ret  window proc 7B1B1ED0 (hwnd=00010060,msg=WM_USER,wp=00000124,lp=00000001) retval=00000000
241804.581:0160:Call hook proc 7B1B1DE0 (id=WH_GETMESSAGE,code=0,wp=00000001,lp=0026df2c)
241804.581:0160:Ret  hook proc 7B1B1DE0 (id=WH_GETMESSAGE,code=0,wp=00000001,lp=0026df2c) retval=00000000
241804.581:0160:Call window proc 7B1B1ED0 (hwnd=00010060,msg=WM_USER+2,wp=00000000,lp=00000000)
241804.581:0160:Ret  window proc 7B1B1ED0 (hwnd=00010060,msg=WM_USER+2,wp=00000000,lp=00000000) retval=00000000
241804.581:0160:Call hook proc 7B1B1DE0 (id=WH_GETMESSAGE,code=0,wp=00000001,lp=0026df2c)
241804.581:0160:Ret  hook proc 7B1B1DE0 (id=WH_GETMESSAGE,code=0,wp=00000001,lp=0026df2c) retval=00000000
241804.581:0160:Call window proc 7B1B1ED0 (hwnd=00010060,msg=WM_USER,wp=00000124,lp=00000001)
241804.581:0160:Call user32.PostMessageW(00010060,00000402,00000000,00000000) ret=7b1b183b
241804.581:0160:Ret  user32.PostMessageW() retval=00000001 ret=7b1b183b
241804.632:0160:Ret  window proc 7B1B1ED0 (hwnd=00010060,msg=WM_USER,wp=00000124,lp=00000001) retval=00000000
241804.633:0160:Call hook proc 7B1B1DE0 (id=WH_GETMESSAGE,code=0,wp=00000001,lp=0026df2c)
241804.633:0160:Ret  hook proc 7B1B1DE0 (id=WH_GETMESSAGE,code=0,wp=00000001,lp=0026df2c) retval=00000000
241804.633:0160:Call window proc 7B1B1ED0 (hwnd=00010060,msg=WM_USER+2,wp=00000000,lp=00000000)
241804.633:0160:Ret  window proc 7B1B1ED0 (hwnd=00010060,msg=WM_USER+2,wp=00000000,lp=00000000) retval=00000000
241804.633:0160:Call hook proc 7B1B1DE0 (id=WH_GETMESSAGE,code=0,wp=00000001,lp=0026df2c)
241804.633:0160:Ret  hook proc 7B1B1DE0 (id=WH_GETMESSAGE,code=0,wp=00000001,lp=0026df2c) retval=00000000
241804.633:0160:Call window proc 7B1B1ED0 (hwnd=00010060,msg=WM_USER,wp=00000124,lp=00000001)
241804.633:0160:Call user32.PostMessageW(00010060,00000402,00000000,00000000) ret=7b1b183b
241804.633:0160:Ret  user32.PostMessageW() retval=00000001 ret=7b1b183b
241804.693:0160:Ret  window proc 7B1B1ED0 (hwnd=00010060,msg=WM_USER,wp=00000124,lp=00000001) retval=00000000
241804.694:0160:Call hook proc 7B1B1DE0 (id=WH_GETMESSAGE,code=0,wp=00000001,lp=0026df2c)
241804.694:0160:Ret  hook proc 7B1B1DE0 (id=WH_GETMESSAGE,code=0,wp=00000001,lp=0026df2c) retval=00000000
241804.694:0160:Call window proc 7B1B1ED0 (hwnd=00010060,msg=WM_USER+2,wp=00000000,lp=00000000)
241804.694:0160:Ret  window proc 7B1B1ED0 (hwnd=00010060,msg=WM_USER+2,wp=00000000,lp=00000000) retval=00000000
241804.694:0160:Call hook proc 7B1B1DE0 (id=WH_GETMESSAGE,code=0,wp=00000001,lp=0026df2c)
241804.694:0160:Ret  hook proc 7B1B1DE0 (id=WH_GETMESSAGE,code=0,wp=00000001,lp=0026df2c) retval=00000000
241804.694:0160:Call window proc 7B1B1ED0 (hwnd=00010060,msg=WM_USER,wp=00000124,lp=00000001)
241804.694:0160:Call user32.PostMessageW(00010060,00000402,00000000,00000000) ret=7b1b183b
241804.694:0160:Ret  user32.PostMessageW() retval=00000001 ret=7b1b183b
241804.745:0160:Ret  window proc 7B1B1ED0 (hwnd=00010060,msg=WM_USER,wp=00000124,lp=00000001) retval=00000000
241804.745:0160:Call hook proc 7B1B1DE0 (id=WH_GETMESSAGE,code=0,wp=00000001,lp=0026df2c)
241804.745:0160:Ret  hook proc 7B1B1DE0 (id=WH_GETMESSAGE,code=0,wp=00000001,lp=0026df2c) retval=00000000
241804.745:0160:Call window proc 7B1B1ED0 (hwnd=00010060,msg=WM_USER+2,wp=00000000,lp=00000000)
241804.745:0160:Ret  window proc 7B1B1ED0 (hwnd=00010060,msg=WM_USER+2,wp=00000000,lp=00000000) retval=00000000
241804.745:0160:Call hook proc 7B1B1DE0 (id=WH_GETMESSAGE,code=0,wp=00000001,lp=0026df2c)
241804.745:0160:Ret  hook proc 7B1B1DE0 (id=WH_GETMESSAGE,code=0,wp=00000001,lp=0026df2c) retval=00000000
241804.745:0160:Call window proc 7B1B1ED0 (hwnd=00010060,msg=WM_USER,wp=00000124,lp=00000001)
241804.745:0160:Call user32.PostMessageW(00010060,00000402,00000000,00000000) ret=7b1b183b
241804.745:0160:Ret  user32.PostMessageW() retval=00000001 ret=7b1b183b
241804.796:0160:Ret  window proc 7B1B1ED0 (hwnd=00010060,msg=WM_USER,wp=00000124,lp=00000001) retval=00000000
241804.796:0160:Call hook proc 7B1B1DE0 (id=WH_GETMESSAGE,code=0,wp=00000001,lp=0026df2c)
241804.796:0160:Ret  hook proc 7B1B1DE0 (id=WH_GETMESSAGE,code=0,wp=00000001,lp=0026df2c) retval=00000000
241804.796:0160:Call window proc 7B1B1ED0 (hwnd=00010060,msg=WM_USER+2,wp=00000000,lp=00000000)
241804.796:0160:Ret  window proc 7B1B1ED0 (hwnd=00010060,msg=WM_USER+2,wp=00000000,lp=00000000) retval=00000000
241804.796:0160:Call hook proc 7B1B1DE0 (id=WH_GETMESSAGE,code=0,wp=00000001,lp=0026df2c)
241804.796:0160:Ret  hook proc 7B1B1DE0 (id=WH_GETMESSAGE,code=0,wp=00000001,lp=0026df2c) retval=00000000
241804.796:0160:Call window proc 7B1B1ED0 (hwnd=00010060,msg=WM_USER,wp=00000124,lp=00000001)
241804.796:0160:Call user32.PostMessageW(00010060,00000402,00000000,00000000) ret=7b1b183b
241804.796:0160:Ret  user32.PostMessageW() retval=00000001 ret=7b1b183b
241804.848:0160:Ret  window proc 7B1B1ED0 (hwnd=00010060,msg=WM_USER,wp=00000124,lp=00000001) retval=00000000
241804.849:0160:Call hook proc 7B1B1DE0 (id=WH_GETMESSAGE,code=0,wp=00000001,lp=0026df2c)
241804.849:0160:Ret  hook proc 7B1B1DE0 (id=WH_GETMESSAGE,code=0,wp=00000001,lp=0026df2c) retval=00000000
241804.849:0160:Call window proc 7B1B1ED0 (hwnd=00010060,msg=WM_USER+2,wp=00000000,lp=00000000)
241804.850:0160:Ret  window proc 7B1B1ED0 (hwnd=00010060,msg=WM_USER+2,wp=00000000,lp=00000000) retval=00000000
241804.850:0160:Call hook proc 7B1B1DE0 (id=WH_GETMESSAGE,code=0,wp=00000001,lp=0026df2c)
241804.850:0160:Ret  hook proc 7B1B1DE0 (id=WH_GETMESSAGE,code=0,wp=00000001,lp=0026df2c) retval=00000000
241804.850:0160:Call window proc 7B1B1ED0 (hwnd=00010060,msg=WM_USER,wp=00000124,lp=00000001)
241804.851:0160:Call user32.PostMessageW(00010060,00000402,00000000,00000000) ret=7b1b183b
241804.851:0160:Ret  user32.PostMessageW() retval=00000001 ret=7b1b183b
241804.904:0160:Ret  window proc 7B1B1ED0 (hwnd=00010060,msg=WM_USER,wp=00000124,lp=00000001) retval=00000000
241804.905:0160:Call hook proc 7B1B1DE0 (id=WH_GETMESSAGE,code=0,wp=00000001,lp=0026df2c)
241804.905:0160:Ret  hook proc 7B1B1DE0 (id=WH_GETMESSAGE,code=0,wp=00000001,lp=0026df2c) retval=00000000
241804.905:0160:Call window proc 7B1B1ED0 (hwnd=00010060,msg=WM_USER+2,wp=00000000,lp=00000000)
241804.906:0160:Ret  window proc 7B1B1ED0 (hwnd=00010060,msg=WM_USER+2,wp=00000000,lp=00000000) retval=00000000
241804.906:0160:Call hook proc 7B1B1DE0 (id=WH_GETMESSAGE,code=0,wp=00000001,lp=0026df2c)
241804.906:0160:Ret  hook proc 7B1B1DE0 (id=WH_GETMESSAGE,code=0,wp=00000001,lp=0026df2c) retval=00000000
241804.906:0160:Call window proc 7B1B1ED0 (hwnd=00010060,msg=WM_USER,wp=00000124,lp=00000001)
241804.906:0160:Call user32.PostMessageW(00010060,00000402,00000000,00000000) ret=7b1b183b
241804.906:0160:Ret  user32.PostMessageW() retval=00000001 ret=7b1b183b
241804.959:0160:Ret  window proc 7B1B1ED0 (hwnd=00010060,msg=WM_USER,wp=00000124,lp=00000001) retval=00000000
241804.959:0160:Call hook proc 7B1B1DE0 (id=WH_GETMESSAGE,code=0,wp=00000001,lp=0026df2c)
241804.959:0160:Ret  hook proc 7B1B1DE0 (id=WH_GETMESSAGE,code=0,wp=00000001,lp=0026df2c) retval=00000000
241804.959:0160:Call window proc 7B1B1ED0 (hwnd=00010060,msg=WM_USER+2,wp=00000000,lp=00000000)
241804.960:0160:Ret  window proc 7B1B1ED0 (hwnd=00010060,msg=WM_USER+2,wp=00000000,lp=00000000) retval=00000000
241804.960:0160:Call hook proc 7B1B1DE0 (id=WH_GETMESSAGE,code=0,wp=00000001,lp=0026df2c)
241804.960:0160:Ret  hook proc 7B1B1DE0 (id=WH_GETMESSAGE,code=0,wp=00000001,lp=0026df2c) retval=00000000
241804.960:0160:Call window proc 7B1B1ED0 (hwnd=00010060,msg=WM_USER,wp=00000124,lp=00000001)
241804.960:0160:Call user32.PostMessageW(00010060,00000402,00000000,00000000) ret=7b1b183b
241804.960:0160:Ret  user32.PostMessageW() retval=00000001 ret=7b1b183b
241805.011:0160:Ret  window proc 7B1B1ED0 (hwnd=00010060,msg=WM_USER,wp=00000124,lp=00000001) retval=00000000
241805.012:0160:Call hook proc 7B1B1DE0 (id=WH_GETMESSAGE,code=0,wp=00000001,lp=0026df2c)
241805.012:0160:Ret  hook proc 7B1B1DE0 (id=WH_GETMESSAGE,code=0,wp=00000001,lp=0026df2c) retval=00000000
241805.012:0160:Call window proc 7B1B1ED0 (hwnd=00010060,msg=WM_USER+2,wp=00000000,lp=00000000)
241805.013:0160:Ret  window proc 7B1B1ED0 (hwnd=00010060,msg=WM_USER+2,wp=00000000,lp=00000000) retval=00000000
241805.013:0160:Call hook proc 7B1B1DE0 (id=WH_GETMESSAGE,code=0,wp=00000001,lp=0026df2c)
241805.013:0160:Ret  hook proc 7B1B1DE0 (id=WH_GETMESSAGE,code=0,wp=00000001,lp=0026df2c) retval=00000000
241805.013:0160:Call window proc 7B1B1ED0 (hwnd=00010060,msg=WM_USER,wp=00000124,lp=00000001)
241805.013:0160:Call user32.PostMessageW(00010060,00000402,00000000,00000000) ret=7b1b183b
241805.013:0160:Ret  user32.PostMessageW() retval=00000001 ret=7b1b183b
241805.065:0160:Ret  window proc 7B1B1ED0 (hwnd=00010060,msg=WM_USER,wp=00000124,lp=00000001) retval=00000000
241805.066:0160:Call hook proc 7B1B1DE0 (id=WH_GETMESSAGE,code=0,wp=00000001,lp=0026df2c)
241805.066:0160:Ret  hook proc 7B1B1DE0 (id=WH_GETMESSAGE,code=0,wp=00000001,lp=0026df2c) retval=00000000
241805.066:0160:Call window proc 7B1B1ED0 (hwnd=00010060,msg=WM_USER+2,wp=00000000,lp=00000000)
241805.066:0160:Ret  window proc 7B1B1ED0 (hwnd=00010060,msg=WM_USER+2,wp=00000000,lp=00000000) retval=00000000
241805.066:0160:Call hook proc 7B1B1DE0 (id=WH_GETMESSAGE,code=0,wp=00000001,lp=0026df2c)
241805.067:0160:Ret  hook proc 7B1B1DE0 (id=WH_GETMESSAGE,code=0,wp=00000001,lp=0026df2c) retval=00000000
241805.067:0160:Call window proc 7B1B1ED0 (hwnd=00010060,msg=WM_USER,wp=00000124,lp=00000001)
241805.067:0160:Call user32.PostMessageW(00010060,00000402,00000000,00000000) ret=7b1b183b
241805.067:0160:Ret  user32.PostMessageW() retval=00000001 ret=7b1b183b
241805.121:0160:Ret  window proc 7B1B1ED0 (hwnd=00010060,msg=WM_USER,wp=00000124,lp=00000001) retval=00000000
241805.121:0160:Call hook proc 7B1B1DE0 (id=WH_GETMESSAGE,code=0,wp=00000001,lp=0026df2c)
241805.121:0160:Ret  hook proc 7B1B1DE0 (id=WH_GETMESSAGE,code=0,wp=00000001,lp=0026df2c) retval=00000000
241805.121:0160:Call window proc 7B1B1ED0 (hwnd=00010060,msg=WM_USER+2,wp=00000000,lp=00000000)
241805.122:0160:Ret  window proc 7B1B1ED0 (hwnd=00010060,msg=WM_USER+2,wp=00000000,lp=00000000) retval=00000000
241805.122:0160:Call hook proc 7B1B1DE0 (id=WH_GETMESSAGE,code=0,wp=00000001,lp=0026df2c)
241805.122:0160:Ret  hook proc 7B1B1DE0 (id=WH_GETMESSAGE,code=0,wp=00000001,lp=0026df2c) retval=00000000
241805.122:0160:Call window proc 7B1B1ED0 (hwnd=00010060,msg=WM_USER,wp=00000124,lp=00000001)
241805.122:0160:Call user32.PostMessageW(00010060,00000402,00000000,00000000) ret=7b1b183b
241805.122:0160:Ret  user32.PostMessageW() retval=00000001 ret=7b1b183b
241805.174:0160:Ret  window proc 7B1B1ED0 (hwnd=00010060,msg=WM_USER,wp=00000124,lp=00000001) retval=00000000
241805.175:0160:Call hook proc 7B1B1DE0 (id=WH_GETMESSAGE,code=0,wp=00000001,lp=0026df2c)
241805.175:0160:Ret  hook proc 7B1B1DE0 (id=WH_GETMESSAGE,code=0,wp=00000001,lp=0026df2c) retval=00000000
241805.175:0160:Call window proc 7B1B1ED0 (hwnd=00010060,msg=WM_USER+2,wp=00000000,lp=00000000)
241805.176:0160:Ret  window proc 7B1B1ED0 (hwnd=00010060,msg=WM_USER+2,wp=00000000,lp=00000000) retval=00000000
241805.176:0160:Call hook proc 7B1B1DE0 (id=WH_GETMESSAGE,code=0,wp=00000001,lp=0026df2c)
241805.176:0160:Ret  hook proc 7B1B1DE0 (id=WH_GETMESSAGE,code=0,wp=00000001,lp=0026df2c) retval=00000000
241805.176:0160:Call window proc 7B1B1ED0 (hwnd=00010060,msg=WM_USER,wp=00000124,lp=00000001)
241805.176:0160:Call user32.PostMessageW(00010060,00000402,00000000,00000000) ret=7b1b183b
241805.176:0160:Ret  user32.PostMessageW() retval=00000001 ret=7b1b183b
241805.229:0160:Ret  window proc 7B1B1ED0 (hwnd=00010060,msg=WM_USER,wp=00000124,lp=00000001) retval=00000000
241805.229:0160:Call hook proc 7B1B1DE0 (id=WH_GETMESSAGE,code=0,wp=00000001,lp=0026df2c)
241805.229:0160:Ret  hook proc 7B1B1DE0 (id=WH_GETMESSAGE,code=0,wp=00000001,lp=0026df2c) retval=00000000
241805.230:0160:Call window proc 7B1B1ED0 (hwnd=00010060,msg=WM_USER+2,wp=00000000,lp=00000000)
241805.230:0160:Ret  window proc 7B1B1ED0 (hwnd=00010060,msg=WM_USER+2,wp=00000000,lp=00000000) retval=00000000
241805.230:0160:Call hook proc 7B1B1DE0 (id=WH_GETMESSAGE,code=0,wp=00000001,lp=0026df2c)
241805.230:0160:Ret  hook proc 7B1B1DE0 (id=WH_GETMESSAGE,code=0,wp=00000001,lp=0026df2c) retval=00000000
241805.230:0160:Call window proc 7B1B1ED0 (hwnd=00010060,msg=WM_USER,wp=00000124,lp=00000001)
241805.230:0160:Call user32.PostMessageW(00010060,00000402,00000000,00000000) ret=7b1b183b
241805.230:0160:Ret  user32.PostMessageW() retval=00000001 ret=7b1b183b
241805.290:0160:Ret  window proc 7B1B1ED0 (hwnd=00010060,msg=WM_USER,wp=00000124,lp=00000001) retval=00000000
241805.290:0160:Call hook proc 7B1B1DE0 (id=WH_GETMESSAGE,code=0,wp=00000001,lp=0026df2c)
241805.291:0160:Ret  hook proc 7B1B1DE0 (id=WH_GETMESSAGE,code=0,wp=00000001,lp=0026df2c) retval=00000000
241805.291:0160:Call window proc 7B1B1ED0 (hwnd=00010060,msg=WM_USER+2,wp=00000000,lp=00000000)
241805.291:0160:Ret  window proc 7B1B1ED0 (hwnd=00010060,msg=WM_USER+2,wp=00000000,lp=00000000) retval=00000000
241805.291:0160:Call hook proc 7B1B1DE0 (id=WH_GETMESSAGE,code=0,wp=00000001,lp=0026df2c)
241805.291:0160:Ret  hook proc 7B1B1DE0 (id=WH_GETMESSAGE,code=0,wp=00000001,lp=0026df2c) retval=00000000
241805.291:0160:Call window proc 7B1B1ED0 (hwnd=00010060,msg=WM_USER,wp=00000124,lp=00000001)
241805.291:0160:Call user32.PostMessageW(00010060,00000402,00000000,00000000) ret=7b1b183b
241805.291:0160:Ret  user32.PostMessageW() retval=00000001 ret=7b1b183b
241805.351:0160:Ret  window proc 7B1B1ED0 (hwnd=00010060,msg=WM_USER,wp=00000124,lp=00000001) retval=00000000
241805.351:0160:Call hook proc 7B1B1DE0 (id=WH_GETMESSAGE,code=0,wp=00000001,lp=0026df2c)
241805.351:0160:Ret  hook proc 7B1B1DE0 (id=WH_GETMESSAGE,code=0,wp=00000001,lp=0026df2c) retval=00000000
241805.351:0160:Call window proc 7B1B1ED0 (hwnd=00010060,msg=WM_USER+2,wp=00000000,lp=00000000)
241805.351:0160:Ret  window proc 7B1B1ED0 (hwnd=00010060,msg=WM_USER+2,wp=00000000,lp=00000000) retval=00000000
241805.352:0160:Call hook proc 7B1B1DE0 (id=WH_GETMESSAGE,code=0,wp=00000001,lp=0026df2c)
241805.352:0160:Ret  hook proc 7B1B1DE0 (id=WH_GETMESSAGE,code=0,wp=00000001,lp=0026df2c) retval=00000000
241805.352:0160:Call window proc 7B1B1ED0 (hwnd=00010060,msg=WM_USER,wp=00000124,lp=00000001)
241805.352:0160:Call user32.PostMessageW(00010060,00000402,00000000,00000000) ret=7b1b183b
241805.352:0160:Ret  user32.PostMessageW() retval=00000001 ret=7b1b183b
241805.412:0160:Ret  window proc 7B1B1ED0 (hwnd=00010060,msg=WM_USER,wp=00000124,lp=00000001) retval=00000000
241805.412:0160:Call hook proc 7B1B1DE0 (id=WH_GETMESSAGE,code=0,wp=00000001,lp=0026df2c)
241805.412:0160:Ret  hook proc 7B1B1DE0 (id=WH_GETMESSAGE,code=0,wp=00000001,lp=0026df2c) retval=00000000
241805.412:0160:Call window proc 7B1B1ED0 (hwnd=00010060,msg=WM_USER+2,wp=00000000,lp=00000000)
241805.412:0160:Ret  window proc 7B1B1ED0 (hwnd=00010060,msg=WM_USER+2,wp=00000000,lp=00000000) retval=00000000
241805.412:0160:Call hook proc 7B1B1DE0 (id=WH_GETMESSAGE,code=0,wp=00000001,lp=0026df2c)
241805.412:0160:Ret  hook proc 7B1B1DE0 (id=WH_GETMESSAGE,code=0,wp=00000001,lp=0026df2c) retval=00000000
241805.412:0160:Call window proc 7B1B1ED0 (hwnd=00010060,msg=WM_USER,wp=00000124,lp=00000001)
241805.412:0160:Call user32.PostMessageW(00010060,00000402,00000000,00000000) ret=7b1b183b
241805.412:0160:Ret  user32.PostMessageW() retval=00000001 ret=7b1b183b
241805.463:0160:Ret  window proc 7B1B1ED0 (hwnd=00010060,msg=WM_USER,wp=00000124,lp=00000001) retval=00000000
241805.463:0160:Call hook proc 7B1B1DE0 (id=WH_GETMESSAGE,code=0,wp=00000001,lp=0026df2c)
241805.463:0160:Ret  hook proc 7B1B1DE0 (id=WH_GETMESSAGE,code=0,wp=00000001,lp=0026df2c) retval=00000000
241805.463:0160:Call window proc 7B1B1ED0 (hwnd=00010060,msg=WM_USER+2,wp=00000000,lp=00000000)
241805.463:0160:Ret  window proc 7B1B1ED0 (hwnd=00010060,msg=WM_USER+2,wp=00000000,lp=00000000) retval=00000000
241805.463:0160:Call hook proc 7B1B1DE0 (id=WH_GETMESSAGE,code=0,wp=00000001,lp=0026df2c)
241805.463:0160:Ret  hook proc 7B1B1DE0 (id=WH_GETMESSAGE,code=0,wp=00000001,lp=0026df2c) retval=00000000
241805.463:0160:Call window proc 7B1B1ED0 (hwnd=00010060,msg=WM_USER,wp=00000124,lp=00000001)
241805.463:0160:Call user32.PostMessageW(00010060,00000402,00000000,00000000) ret=7b1b183b
241805.463:0160:Ret  user32.PostMessageW() retval=00000001 ret=7b1b183b
241805.515:0160:Ret  window proc 7B1B1ED0 (hwnd=00010060,msg=WM_USER,wp=00000124,lp=00000001) retval=00000000
241805.515:0160:Call hook proc 7B1B1DE0 (id=WH_GETMESSAGE,code=0,wp=00000001,lp=0026df2c)
241805.515:0160:Ret  hook proc 7B1B1DE0 (id=WH_GETMESSAGE,code=0,wp=00000001,lp=0026df2c) retval=00000000
241805.515:0160:Call window proc 7B1B1ED0 (hwnd=00010060,msg=WM_USER+2,wp=00000000,lp=00000000)
241805.515:0160:Ret  window proc 7B1B1ED0 (hwnd=00010060,msg=WM_USER+2,wp=00000000,lp=00000000) retval=00000000
241805.515:0160:Call hook proc 7B1B1DE0 (id=WH_GETMESSAGE,code=0,wp=00000001,lp=0026df2c)
241805.515:0160:Ret  hook proc 7B1B1DE0 (id=WH_GETMESSAGE,code=0,wp=00000001,lp=0026df2c) retval=00000000
241805.515:0160:Call window proc 7B1B1ED0 (hwnd=00010060,msg=WM_USER,wp=00000124,lp=00000001)
241805.515:0160:Call user32.PostMessageW(00010060,00000402,00000000,00000000) ret=7b1b183b
241805.515:0160:Ret  user32.PostMessageW() retval=00000001 ret=7b1b183b
241805.567:0160:Ret  window proc 7B1B1ED0 (hwnd=00010060,msg=WM_USER,wp=00000124,lp=00000001) retval=00000000
241805.567:0160:Call hook proc 7B1B1DE0 (id=WH_GETMESSAGE,code=0,wp=00000001,lp=0026df2c)
241805.567:0160:Ret  hook proc 7B1B1DE0 (id=WH_GETMESSAGE,code=0,wp=00000001,lp=0026df2c) retval=00000000
241805.567:0160:Call window proc 7B1B1ED0 (hwnd=00010060,msg=WM_USER+2,wp=00000000,lp=00000000)
241805.567:0160:Ret  window proc 7B1B1ED0 (hwnd=00010060,msg=WM_USER+2,wp=00000000,lp=00000000) retval=00000000
241805.567:0160:Call hook proc 7B1B1DE0 (id=WH_GETMESSAGE,code=0,wp=00000001,lp=0026df2c)
241805.567:0160:Ret  hook proc 7B1B1DE0 (id=WH_GETMESSAGE,code=0,wp=00000001,lp=0026df2c) retval=00000000
241805.567:0160:Call window proc 7B1B1ED0 (hwnd=00010060,msg=WM_USER,wp=00000124,lp=00000001)
241805.567:0160:Call user32.PostMessageW(00010060,00000402,00000000,00000000) ret=7b1b183b
241805.567:0160:Ret  user32.PostMessageW() retval=00000001 ret=7b1b183b
241805.620:0160:Ret  window proc 7B1B1ED0 (hwnd=00010060,msg=WM_USER,wp=00000124,lp=00000001) retval=00000000
241805.620:0160:Call hook proc 7B1B1DE0 (id=WH_GETMESSAGE,code=0,wp=00000001,lp=0026df2c)
241805.621:0160:Ret  hook proc 7B1B1DE0 (id=WH_GETMESSAGE,code=0,wp=00000001,lp=0026df2c) retval=00000000
241805.621:0160:Call window proc 7B1B1ED0 (hwnd=00010060,msg=WM_USER+2,wp=00000000,lp=00000000)
241805.622:0160:Ret  window proc 7B1B1ED0 (hwnd=00010060,msg=WM_USER+2,wp=00000000,lp=00000000) retval=00000000
241805.622:0160:Call hook proc 7B1B1DE0 (id=WH_GETMESSAGE,code=0,wp=00000001,lp=0026df2c)
241805.622:0160:Ret  hook proc 7B1B1DE0 (id=WH_GETMESSAGE,code=0,wp=00000001,lp=0026df2c) retval=00000000
241805.622:0160:Call window proc 7B1B1ED0 (hwnd=00010060,msg=WM_USER,wp=00000124,lp=00000001)
241805.622:0160:Call user32.PostMessageW(00010060,00000402,00000000,00000000) ret=7b1b183b
241805.622:0160:Ret  user32.PostMessageW() retval=00000001 ret=7b1b183b
241805.674:0160:Ret  window proc 7B1B1ED0 (hwnd=00010060,msg=WM_USER,wp=00000124,lp=00000001) retval=00000000
241805.674:0160:Call hook proc 7B1B1DE0 (id=WH_GETMESSAGE,code=0,wp=00000001,lp=0026df2c)
241805.674:0160:Ret  hook proc 7B1B1DE0 (id=WH_GETMESSAGE,code=0,wp=00000001,lp=0026df2c) retval=00000000
241805.674:0160:Call window proc 7B1B1ED0 (hwnd=00010060,msg=WM_USER+2,wp=00000000,lp=00000000)
241805.675:0160:Ret  window proc 7B1B1ED0 (hwnd=00010060,msg=WM_USER+2,wp=00000000,lp=00000000) retval=00000000
241805.675:0160:Call hook proc 7B1B1DE0 (id=WH_GETMESSAGE,code=0,wp=00000001,lp=0026df2c)
241805.675:0160:Ret  hook proc 7B1B1DE0 (id=WH_GETMESSAGE,code=0,wp=00000001,lp=0026df2c) retval=00000000
241805.675:0160:Call window proc 7B1B1ED0 (hwnd=00010060,msg=WM_USER,wp=00000124,lp=00000001)
241805.675:0160:Call user32.PostMessageW(00010060,00000402,00000000,00000000) ret=7b1b183b
241805.675:0160:Ret  user32.PostMessageW() retval=00000001 ret=7b1b183b
241805.726:0160:Ret  window proc 7B1B1ED0 (hwnd=00010060,msg=WM_USER,wp=00000124,lp=00000001) retval=00000000
241805.727:0160:Call hook proc 7B1B1DE0 (id=WH_GETMESSAGE,code=0,wp=00000001,lp=0026df2c)
241805.727:0160:Ret  hook proc 7B1B1DE0 (id=WH_GETMESSAGE,code=0,wp=00000001,lp=0026df2c) retval=00000000
241805.727:0160:Call window proc 7B1B1ED0 (hwnd=00010060,msg=WM_USER+2,wp=00000000,lp=00000000)
241805.728:0160:Ret  window proc 7B1B1ED0 (hwnd=00010060,msg=WM_USER+2,wp=00000000,lp=00000000) retval=00000000
241805.728:0160:Call hook proc 7B1B1DE0 (id=WH_GETMESSAGE,code=0,wp=00000001,lp=0026df2c)
241805.728:0160:Ret  hook proc 7B1B1DE0 (id=WH_GETMESSAGE,code=0,wp=00000001,lp=0026df2c) retval=00000000
241805.728:0160:Call window proc 7B1B1ED0 (hwnd=00010060,msg=WM_USER,wp=00000124,lp=00000001)
241805.728:0160:Call user32.PostMessageW(00010060,00000402,00000000,00000000) ret=7b1b183b
241805.728:0160:Ret  user32.PostMessageW() retval=00000001 ret=7b1b183b
241805.780:0160:Ret  window proc 7B1B1ED0 (hwnd=00010060,msg=WM_USER,wp=00000124,lp=00000001) retval=00000000
241805.780:0160:Call hook proc 7B1B1DE0 (id=WH_GETMESSAGE,code=0,wp=00000001,lp=0026df2c)
241805.780:0160:Ret  hook proc 7B1B1DE0 (id=WH_GETMESSAGE,code=0,wp=00000001,lp=0026df2c) retval=00000000
241805.780:0160:Call window proc 7B1B1ED0 (hwnd=00010060,msg=WM_USER+2,wp=00000000,lp=00000000)
241805.780:0160:Ret  window proc 7B1B1ED0 (hwnd=00010060,msg=WM_USER+2,wp=00000000,lp=00000000) retval=00000000
241805.780:0160:Call hook proc 7B1B1DE0 (id=WH_GETMESSAGE,code=0,wp=00000001,lp=0026df2c)
241805.781:0160:Ret  hook proc 7B1B1DE0 (id=WH_GETMESSAGE,code=0,wp=00000001,lp=0026df2c) retval=00000000
241805.781:0160:Call window proc 7B1B1ED0 (hwnd=00010060,msg=WM_USER,wp=00000124,lp=00000001)
241805.781:0160:Call user32.PostMessageW(00010060,00000402,00000000,00000000) ret=7b1b183b
241805.781:0160:Ret  user32.PostMessageW() retval=00000001 ret=7b1b183b
241805.832:0160:Ret  window proc 7B1B1ED0 (hwnd=00010060,msg=WM_USER,wp=00000124,lp=00000001) retval=00000000
241805.832:0160:Call hook proc 7B1B1DE0 (id=WH_GETMESSAGE,code=0,wp=00000001,lp=0026df2c)
241805.832:0160:Ret  hook proc 7B1B1DE0 (id=WH_GETMESSAGE,code=0,wp=00000001,lp=0026df2c) retval=00000000
241805.832:0160:Call window proc 7B1B1ED0 (hwnd=00010060,msg=WM_USER+2,wp=00000000,lp=00000000)
241805.832:0160:Ret  window proc 7B1B1ED0 (hwnd=00010060,msg=WM_USER+2,wp=00000000,lp=00000000) retval=00000000
241805.832:0160:Call hook proc 7B1B1DE0 (id=WH_GETMESSAGE,code=0,wp=00000001,lp=0026df2c)
241805.832:0160:Ret  hook proc 7B1B1DE0 (id=WH_GETMESSAGE,code=0,wp=00000001,lp=0026df2c) retval=00000000
241805.832:0160:Call window proc 7B1B1ED0 (hwnd=00010060,msg=WM_USER,wp=00000124,lp=00000001)
241805.833:0160:Call user32.PostMessageW(00010060,00000402,00000000,00000000) ret=7b1b183b
241805.833:0160:Ret  user32.PostMessageW() retval=00000001 ret=7b1b183b
241805.893:0160:Ret  window proc 7B1B1ED0 (hwnd=00010060,msg=WM_USER,wp=00000124,lp=00000001) retval=00000000
241805.894:0160:Call hook proc 7B1B1DE0 (id=WH_GETMESSAGE,code=0,wp=00000001,lp=0026df2c)
241805.894:0160:Ret  hook proc 7B1B1DE0 (id=WH_GETMESSAGE,code=0,wp=00000001,lp=0026df2c) retval=00000000
241805.894:0160:Call window proc 7B1B1ED0 (hwnd=00010060,msg=WM_USER+2,wp=00000000,lp=00000000)
241805.894:0160:Ret  window proc 7B1B1ED0 (hwnd=00010060,msg=WM_USER+2,wp=00000000,lp=00000000) retval=00000000
241805.894:0160:Call hook proc 7B1B1DE0 (id=WH_GETMESSAGE,code=0,wp=00000001,lp=0026df2c)
241805.894:0160:Ret  hook proc 7B1B1DE0 (id=WH_GETMESSAGE,code=0,wp=00000001,lp=0026df2c) retval=00000000
241805.894:0160:Call window proc 7B1B1ED0 (hwnd=00010060,msg=WM_USER,wp=00000124,lp=00000001)
241805.894:0160:Call user32.PostMessageW(00010060,00000402,00000000,00000000) ret=7b1b183b
241805.894:0160:Ret  user32.PostMessageW() retval=00000001 ret=7b1b183b
241805.955:0160:Ret  window proc 7B1B1ED0 (hwnd=00010060,msg=WM_USER,wp=00000124,lp=00000001) retval=00000000
241805.955:0160:Call hook proc 7B1B1DE0 (id=WH_GETMESSAGE,code=0,wp=00000001,lp=0026df2c)
241805.955:0160:Ret  hook proc 7B1B1DE0 (id=WH_GETMESSAGE,code=0,wp=00000001,lp=0026df2c) retval=00000000
241805.955:0160:Call window proc 7B1B1ED0 (hwnd=00010060,msg=WM_USER+2,wp=00000000,lp=00000000)
241805.955:0160:Ret  window proc 7B1B1ED0 (hwnd=00010060,msg=WM_USER+2,wp=00000000,lp=00000000) retval=00000000
241805.955:0160:Call hook proc 7B1B1DE0 (id=WH_GETMESSAGE,code=0,wp=00000001,lp=0026df2c)
241805.955:0160:Ret  hook proc 7B1B1DE0 (id=WH_GETMESSAGE,code=0,wp=00000001,lp=0026df2c) retval=00000000
241805.955:0160:Call window proc 7B1B1ED0 (hwnd=00010060,msg=WM_USER,wp=00000124,lp=00000001)
241805.955:0160:Call user32.PostMessageW(00010060,00000402,00000000,00000000) ret=7b1b183b
241805.955:0160:Ret  user32.PostMessageW() retval=00000001 ret=7b1b183b
241806.006:0160:Ret  window proc 7B1B1ED0 (hwnd=00010060,msg=WM_USER,wp=00000124,lp=00000001) retval=00000000
241806.006:0160:Call hook proc 7B1B1DE0 (id=WH_GETMESSAGE,code=0,wp=00000001,lp=0026df2c)
241806.006:0160:Ret  hook proc 7B1B1DE0 (id=WH_GETMESSAGE,code=0,wp=00000001,lp=0026df2c) retval=00000000
241806.006:0160:Call window proc 7B1B1ED0 (hwnd=00010060,msg=WM_USER+2,wp=00000000,lp=00000000)
241806.006:0160:Ret  window proc 7B1B1ED0 (hwnd=00010060,msg=WM_USER+2,wp=00000000,lp=00000000) retval=00000000
241806.006:0160:Call hook proc 7B1B1DE0 (id=WH_GETMESSAGE,code=0,wp=00000001,lp=0026df2c)
241806.006:0160:Ret  hook proc 7B1B1DE0 (id=WH_GETMESSAGE,code=0,wp=00000001,lp=0026df2c) retval=00000000
241806.006:0160:Call window proc 7B1B1ED0 (hwnd=00010060,msg=WM_USER,wp=00000124,lp=00000001)
241806.006:0160:Call user32.PostMessageW(00010060,00000402,00000000,00000000) ret=7b1b183b
241806.006:0160:Ret  user32.PostMessageW() retval=00000001 ret=7b1b183b
241806.066:0160:Ret  window proc 7B1B1ED0 (hwnd=00010060,msg=WM_USER,wp=00000124,lp=00000001) retval=00000000
241806.066:0160:Call hook proc 7B1B1DE0 (id=WH_GETMESSAGE,code=0,wp=00000001,lp=0026df2c)
241806.067:0160:Ret  hook proc 7B1B1DE0 (id=WH_GETMESSAGE,code=0,wp=00000001,lp=0026df2c) retval=00000000
241806.067:0160:Call window proc 7B1B1ED0 (hwnd=00010060,msg=WM_USER+2,wp=00000000,lp=00000000)
241806.067:0160:Ret  window proc 7B1B1ED0 (hwnd=00010060,msg=WM_USER+2,wp=00000000,lp=00000000) retval=00000000
241806.067:0160:Call hook proc 7B1B1DE0 (id=WH_GETMESSAGE,code=0,wp=00000001,lp=0026df2c)
241806.067:0160:Ret  hook proc 7B1B1DE0 (id=WH_GETMESSAGE,code=0,wp=00000001,lp=0026df2c) retval=00000000
241806.067:0160:Call window proc 7B1B1ED0 (hwnd=00010060,msg=WM_USER,wp=00000124,lp=00000001)
241806.067:0160:Call user32.PostMessageW(00010060,00000402,00000000,00000000) ret=7b1b183b
241806.067:0160:Ret  user32.PostMessageW() retval=00000001 ret=7b1b183b
241806.127:0160:Ret  window proc 7B1B1ED0 (hwnd=00010060,msg=WM_USER,wp=00000124,lp=00000001) retval=00000000
241806.128:0160:Call hook proc 7B1B1DE0 (id=WH_GETMESSAGE,code=0,wp=00000001,lp=0026df2c)
241806.128:0160:Ret  hook proc 7B1B1DE0 (id=WH_GETMESSAGE,code=0,wp=00000001,lp=0026df2c) retval=00000000
241806.128:0160:Call window proc 7B1B1ED0 (hwnd=00010060,msg=WM_USER+2,wp=00000000,lp=00000000)
241806.128:0160:Ret  window proc 7B1B1ED0 (hwnd=00010060,msg=WM_USER+2,wp=00000000,lp=00000000) retval=00000000
241806.128:0160:Call hook proc 7B1B1DE0 (id=WH_GETMESSAGE,code=0,wp=00000001,lp=0026df2c)
241806.128:0160:Ret  hook proc 7B1B1DE0 (id=WH_GETMESSAGE,code=0,wp=00000001,lp=0026df2c) retval=00000000
241806.128:0160:Call window proc 7B1B1ED0 (hwnd=00010060,msg=WM_USER,wp=00000124,lp=00000001)
241806.128:0160:Call user32.PostMessageW(00010060,00000402,00000000,00000000) ret=7b1b183b
241806.128:0160:Ret  user32.PostMessageW() retval=00000001 ret=7b1b183b
241806.188:0160:Ret  window proc 7B1B1ED0 (hwnd=00010060,msg=WM_USER,wp=00000124,lp=00000001) retval=00000000
241806.188:0160:Call hook proc 7B1B1DE0 (id=WH_GETMESSAGE,code=0,wp=00000001,lp=0026df2c)
241806.188:0160:Ret  hook proc 7B1B1DE0 (id=WH_GETMESSAGE,code=0,wp=00000001,lp=0026df2c) retval=00000000
241806.188:0160:Call window proc 7B1B1ED0 (hwnd=00010060,msg=WM_USER+2,wp=00000000,lp=00000000)
241806.188:0160:Ret  window proc 7B1B1ED0 (hwnd=00010060,msg=WM_USER+2,wp=00000000,lp=00000000) retval=00000000
241806.188:0160:Call hook proc 7B1B1DE0 (id=WH_GETMESSAGE,code=0,wp=00000001,lp=0026df2c)
241806.188:0160:Ret  hook proc 7B1B1DE0 (id=WH_GETMESSAGE,code=0,wp=00000001,lp=0026df2c) retval=00000000
241806.188:0160:Call window proc 7B1B1ED0 (hwnd=00010060,msg=WM_USER,wp=00000124,lp=00000001)
241806.188:0160:Call user32.PostMessageW(00010060,00000402,00000000,00000000) ret=7b1b183b
241806.188:0160:Ret  user32.PostMessageW() retval=00000001 ret=7b1b183b
241806.239:0160:Ret  window proc 7B1B1ED0 (hwnd=00010060,msg=WM_USER,wp=00000124,lp=00000001) retval=00000000
241806.239:0160:Call hook proc 7B1B1DE0 (id=WH_GETMESSAGE,code=0,wp=00000001,lp=0026df2c)
241806.239:0160:Ret  hook proc 7B1B1DE0 (id=WH_GETMESSAGE,code=0,wp=00000001,lp=0026df2c) retval=00000000
241806.239:0160:Call window proc 7B1B1ED0 (hwnd=00010060,msg=WM_USER+2,wp=00000000,lp=00000000)
241806.239:0160:Ret  window proc 7B1B1ED0 (hwnd=00010060,msg=WM_USER+2,wp=00000000,lp=00000000) retval=00000000
241806.239:0160:Call hook proc 7B1B1DE0 (id=WH_GETMESSAGE,code=0,wp=00000001,lp=0026df2c)
241806.239:0160:Ret  hook proc 7B1B1DE0 (id=WH_GETMESSAGE,code=0,wp=00000001,lp=0026df2c) retval=00000000
241806.239:0160:Call window proc 7B1B1ED0 (hwnd=00010060,msg=WM_USER,wp=00000124,lp=00000001)
241806.239:0160:Call user32.PostMessageW(00010060,00000402,00000000,00000000) ret=7b1b183b
241806.239:0160:Ret  user32.PostMessageW() retval=00000001 ret=7b1b183b
241806.290:0160:Ret  window proc 7B1B1ED0 (hwnd=00010060,msg=WM_USER,wp=00000124,lp=00000001) retval=00000000
241806.290:0160:Call hook proc 7B1B1DE0 (id=WH_GETMESSAGE,code=0,wp=00000001,lp=0026df2c)
241806.290:0160:Ret  hook proc 7B1B1DE0 (id=WH_GETMESSAGE,code=0,wp=00000001,lp=0026df2c) retval=00000000
241806.290:0160:Call window proc 7B1B1ED0 (hwnd=00010060,msg=WM_USER+2,wp=00000000,lp=00000000)
241806.290:0160:Ret  window proc 7B1B1ED0 (hwnd=00010060,msg=WM_USER+2,wp=00000000,lp=00000000) retval=00000000
241806.290:0160:Call hook proc 7B1B1DE0 (id=WH_GETMESSAGE,code=0,wp=00000001,lp=0026df2c)
241806.290:0160:Ret  hook proc 7B1B1DE0 (id=WH_GETMESSAGE,code=0,wp=00000001,lp=0026df2c) retval=00000000
241806.290:0160:Call window proc 7B1B1ED0 (hwnd=00010060,msg=WM_USER,wp=00000124,lp=00000001)
241806.290:0160:Call user32.PostMessageW(00010060,00000402,00000000,00000000) ret=7b1b183b
241806.290:0160:Ret  user32.PostMessageW() retval=00000001 ret=7b1b183b
241806.341:0160:Ret  window proc 7B1B1ED0 (hwnd=00010060,msg=WM_USER,wp=00000124,lp=00000001) retval=00000000
241806.341:0160:Call hook proc 7B1B1DE0 (id=WH_GETMESSAGE,code=0,wp=00000001,lp=0026df2c)
241806.341:0160:Ret  hook proc 7B1B1DE0 (id=WH_GETMESSAGE,code=0,wp=00000001,lp=0026df2c) retval=00000000
241806.341:0160:Call window proc 7B1B1ED0 (hwnd=00010060,msg=WM_USER+2,wp=00000000,lp=00000000)
241806.341:0160:Ret  window proc 7B1B1ED0 (hwnd=00010060,msg=WM_USER+2,wp=00000000,lp=00000000) retval=00000000
241806.341:0160:Call hook proc 7B1B1DE0 (id=WH_GETMESSAGE,code=0,wp=00000001,lp=0026df2c)
241806.341:0160:Ret  hook proc 7B1B1DE0 (id=WH_GETMESSAGE,code=0,wp=00000001,lp=0026df2c) retval=00000000
241806.341:0160:Call window proc 7B1B1ED0 (hwnd=00010060,msg=WM_USER,wp=00000124,lp=00000001)
241806.341:0160:Call user32.PostMessageW(00010060,00000402,00000000,00000000) ret=7b1b183b
241806.341:0160:Ret  user32.PostMessageW() retval=00000001 ret=7b1b183b
241806.392:0160:Ret  window proc 7B1B1ED0 (hwnd=00010060,msg=WM_USER,wp=00000124,lp=00000001) retval=00000000
241806.392:0160:Call hook proc 7B1B1DE0 (id=WH_GETMESSAGE,code=0,wp=00000001,lp=0026df2c)
241806.392:0160:Ret  hook proc 7B1B1DE0 (id=WH_GETMESSAGE,code=0,wp=00000001,lp=0026df2c) retval=00000000
241806.392:0160:Call window proc 7B1B1ED0 (hwnd=00010060,msg=WM_USER+2,wp=00000000,lp=00000000)
241806.392:0160:Ret  window proc 7B1B1ED0 (hwnd=00010060,msg=WM_USER+2,wp=00000000,lp=00000000) retval=00000000
241806.392:0160:Call hook proc 7B1B1DE0 (id=WH_GETMESSAGE,code=0,wp=00000001,lp=0026df2c)
241806.392:0160:Ret  hook proc 7B1B1DE0 (id=WH_GETMESSAGE,code=0,wp=00000001,lp=0026df2c) retval=00000000
241806.392:0160:Call window proc 7B1B1ED0 (hwnd=00010060,msg=WM_USER,wp=00000124,lp=00000001)
241806.392:0160:Call user32.PostMessageW(00010060,00000402,00000000,00000000) ret=7b1b183b
241806.392:0160:Ret  user32.PostMessageW() retval=00000001 ret=7b1b183b
241806.453:0160:Ret  window proc 7B1B1ED0 (hwnd=00010060,msg=WM_USER,wp=00000124,lp=00000001) retval=00000000
241806.453:0160:Call hook proc 7B1B1DE0 (id=WH_GETMESSAGE,code=0,wp=00000001,lp=0026df2c)
241806.453:0160:Ret  hook proc 7B1B1DE0 (id=WH_GETMESSAGE,code=0,wp=00000001,lp=0026df2c) retval=00000000
241806.453:0160:Call window proc 7B1B1ED0 (hwnd=00010060,msg=WM_USER+2,wp=00000000,lp=00000000)
241806.453:0160:Ret  window proc 7B1B1ED0 (hwnd=00010060,msg=WM_USER+2,wp=00000000,lp=00000000) retval=00000000
241806.453:0160:Call hook proc 7B1B1DE0 (id=WH_GETMESSAGE,code=0,wp=00000001,lp=0026df2c)
241806.453:0160:Ret  hook proc 7B1B1DE0 (id=WH_GETMESSAGE,code=0,wp=00000001,lp=0026df2c) retval=00000000
241806.453:0160:Call window proc 7B1B1ED0 (hwnd=00010060,msg=WM_USER,wp=00000124,lp=00000001)
241806.453:0160:Call user32.PostMessageW(00010060,00000402,00000000,00000000) ret=7b1b183b
241806.453:0160:Ret  user32.PostMessageW() retval=00000001 ret=7b1b183b
241806.514:0160:Ret  window proc 7B1B1ED0 (hwnd=00010060,msg=WM_USER,wp=00000124,lp=00000001) retval=00000000
241806.514:0160:Call hook proc 7B1B1DE0 (id=WH_GETMESSAGE,code=0,wp=00000001,lp=0026df2c)
241806.514:0160:Ret  hook proc 7B1B1DE0 (id=WH_GETMESSAGE,code=0,wp=00000001,lp=0026df2c) retval=00000000
241806.514:0160:Call window proc 7B1B1ED0 (hwnd=00010060,msg=WM_USER+2,wp=00000000,lp=00000000)
241806.514:0160:Ret  window proc 7B1B1ED0 (hwnd=00010060,msg=WM_USER+2,wp=00000000,lp=00000000) retval=00000000
241806.514:0160:Call hook proc 7B1B1DE0 (id=WH_GETMESSAGE,code=0,wp=00000001,lp=0026df2c)
241806.514:0160:Ret  hook proc 7B1B1DE0 (id=WH_GETMESSAGE,code=0,wp=00000001,lp=0026df2c) retval=00000000
241806.514:0160:Call window proc 7B1B1ED0 (hwnd=00010060,msg=WM_USER,wp=00000124,lp=00000001)
241806.514:0160:Call user32.PostMessageW(00010060,00000402,00000000,00000000) ret=7b1b183b
241806.514:0160:Ret  user32.PostMessageW() retval=00000001 ret=7b1b183b
241806.567:0160:Ret  window proc 7B1B1ED0 (hwnd=00010060,msg=WM_USER,wp=00000124,lp=00000001) retval=00000000
241806.567:0160:Call hook proc 7B1B1DE0 (id=WH_GETMESSAGE,code=0,wp=00000001,lp=0026df2c)
241806.567:0160:Ret  hook proc 7B1B1DE0 (id=WH_GETMESSAGE,code=0,wp=00000001,lp=0026df2c) retval=00000000
241806.568:0160:Call window proc 7B1B1ED0 (hwnd=00010060,msg=WM_USER+2,wp=00000000,lp=00000000)
241806.568:0160:Ret  window proc 7B1B1ED0 (hwnd=00010060,msg=WM_USER+2,wp=00000000,lp=00000000) retval=00000000
241806.568:0160:Call hook proc 7B1B1DE0 (id=WH_GETMESSAGE,code=0,wp=00000001,lp=0026df2c)
241806.568:0160:Ret  hook proc 7B1B1DE0 (id=WH_GETMESSAGE,code=0,wp=00000001,lp=0026df2c) retval=00000000
241806.568:0160:Call window proc 7B1B1ED0 (hwnd=00010060,msg=WM_USER,wp=00000124,lp=00000001)
241806.568:0160:Call user32.PostMessageW(00010060,00000402,00000000,00000000) ret=7b1b183b
241806.568:0160:Ret  user32.PostMessageW() retval=00000001 ret=7b1b183b
241806.621:0160:Ret  window proc 7B1B1ED0 (hwnd=00010060,msg=WM_USER,wp=00000124,lp=00000001) retval=00000000
241806.621:0160:Call hook proc 7B1B1DE0 (id=WH_GETMESSAGE,code=0,wp=00000001,lp=0026df2c)
241806.621:0160:Ret  hook proc 7B1B1DE0 (id=WH_GETMESSAGE,code=0,wp=00000001,lp=0026df2c) retval=00000000
241806.621:0160:Call window proc 7B1B1ED0 (hwnd=00010060,msg=WM_USER+2,wp=00000000,lp=00000000)
241806.622:0160:Ret  window proc 7B1B1ED0 (hwnd=00010060,msg=WM_USER+2,wp=00000000,lp=00000000) retval=00000000
241806.622:0160:Call hook proc 7B1B1DE0 (id=WH_GETMESSAGE,code=0,wp=00000001,lp=0026df2c)
241806.622:0160:Ret  hook proc 7B1B1DE0 (id=WH_GETMESSAGE,code=0,wp=00000001,lp=0026df2c) retval=00000000
241806.622:0160:Call window proc 7B1B1ED0 (hwnd=00010060,msg=WM_USER,wp=00000124,lp=00000001)
241806.622:0160:Call user32.PostMessageW(00010060,00000402,00000000,00000000) ret=7b1b183b
241806.622:0160:Ret  user32.PostMessageW() retval=00000001 ret=7b1b183b
241806.673:0160:Ret  window proc 7B1B1ED0 (hwnd=00010060,msg=WM_USER,wp=00000124,lp=00000001) retval=00000000
241806.674:0160:Call hook proc 7B1B1DE0 (id=WH_GETMESSAGE,code=0,wp=00000001,lp=0026df2c)
241806.674:0160:Ret  hook proc 7B1B1DE0 (id=WH_GETMESSAGE,code=0,wp=00000001,lp=0026df2c) retval=00000000
241806.674:0160:Call window proc 7B1B1ED0 (hwnd=00010060,msg=WM_USER+2,wp=00000000,lp=00000000)
241806.674:0160:Ret  window proc 7B1B1ED0 (hwnd=00010060,msg=WM_USER+2,wp=00000000,lp=00000000) retval=00000000
241806.674:0160:Call hook proc 7B1B1DE0 (id=WH_GETMESSAGE,code=0,wp=00000001,lp=0026df2c)
241806.674:0160:Ret  hook proc 7B1B1DE0 (id=WH_GETMESSAGE,code=0,wp=00000001,lp=0026df2c) retval=00000000
241806.674:0160:Call window proc 7B1B1ED0 (hwnd=00010060,msg=WM_USER,wp=00000124,lp=00000001)
241806.674:0160:Call user32.PostMessageW(00010060,00000402,00000000,00000000) ret=7b1b183b
241806.674:0160:Ret  user32.PostMessageW() retval=00000001 ret=7b1b183b
241806.726:0160:Ret  window proc 7B1B1ED0 (hwnd=00010060,msg=WM_USER,wp=00000124,lp=00000001) retval=00000000
241806.726:0160:Call hook proc 7B1B1DE0 (id=WH_GETMESSAGE,code=0,wp=00000001,lp=0026df2c)
241806.727:0160:Ret  hook proc 7B1B1DE0 (id=WH_GETMESSAGE,code=0,wp=00000001,lp=0026df2c) retval=00000000
241806.727:0160:Call window proc 7B1B1ED0 (hwnd=00010060,msg=WM_USER+2,wp=00000000,lp=00000000)
241806.727:0160:Ret  window proc 7B1B1ED0 (hwnd=00010060,msg=WM_USER+2,wp=00000000,lp=00000000) retval=00000000
241806.727:0160:Call hook proc 7B1B1DE0 (id=WH_GETMESSAGE,code=0,wp=00000001,lp=0026df2c)
241806.727:0160:Ret  hook proc 7B1B1DE0 (id=WH_GETMESSAGE,code=0,wp=00000001,lp=0026df2c) retval=00000000
241806.727:0160:Call window proc 7B1B1ED0 (hwnd=00010060,msg=WM_USER,wp=00000124,lp=00000001)
241806.727:0160:Call user32.PostMessageW(00010060,00000402,00000000,00000000) ret=7b1b183b
241806.727:0160:Ret  user32.PostMessageW() retval=00000001 ret=7b1b183b
241806.780:0160:Ret  window proc 7B1B1ED0 (hwnd=00010060,msg=WM_USER,wp=00000124,lp=00000001) retval=00000000
241806.781:0160:Call hook proc 7B1B1DE0 (id=WH_GETMESSAGE,code=0,wp=00000001,lp=0026df2c)
241806.781:0160:Ret  hook proc 7B1B1DE0 (id=WH_GETMESSAGE,code=0,wp=00000001,lp=0026df2c) retval=00000000
241806.781:0160:Call window proc 7B1B1ED0 (hwnd=00010060,msg=WM_USER+2,wp=00000000,lp=00000000)
241806.781:0160:Ret  window proc 7B1B1ED0 (hwnd=00010060,msg=WM_USER+2,wp=00000000,lp=00000000) retval=00000000
241806.781:0160:Call hook proc 7B1B1DE0 (id=WH_GETMESSAGE,code=0,wp=00000001,lp=0026df2c)
241806.781:0160:Ret  hook proc 7B1B1DE0 (id=WH_GETMESSAGE,code=0,wp=00000001,lp=0026df2c) retval=00000000
241806.781:0160:Call window proc 7B1B1ED0 (hwnd=00010060,msg=WM_USER,wp=00000124,lp=00000001)
241806.781:0160:Call user32.PostMessageW(00010060,00000402,00000000,00000000) ret=7b1b183b
241806.781:0160:Ret  user32.PostMessageW() retval=00000001 ret=7b1b183b
241806.834:0160:Ret  window proc 7B1B1ED0 (hwnd=00010060,msg=WM_USER,wp=00000124,lp=00000001) retval=00000000
241806.834:0160:Call hook proc 7B1B1DE0 (id=WH_GETMESSAGE,code=0,wp=00000001,lp=0026df2c)
241806.835:0160:Ret  hook proc 7B1B1DE0 (id=WH_GETMESSAGE,code=0,wp=00000001,lp=0026df2c) retval=00000000
241806.835:0160:Call window proc 7B1B1ED0 (hwnd=00010060,msg=WM_USER+2,wp=00000000,lp=00000000)
241806.835:0160:Ret  window proc 7B1B1ED0 (hwnd=00010060,msg=WM_USER+2,wp=00000000,lp=00000000) retval=00000000
241806.835:0160:Call hook proc 7B1B1DE0 (id=WH_GETMESSAGE,code=0,wp=00000001,lp=0026df2c)
241806.835:0160:Ret  hook proc 7B1B1DE0 (id=WH_GETMESSAGE,code=0,wp=00000001,lp=0026df2c) retval=00000000
241806.835:0160:Call window proc 7B1B1ED0 (hwnd=00010060,msg=WM_USER,wp=00000124,lp=00000001)
241806.835:0160:Call user32.PostMessageW(00010060,00000402,00000000,00000000) ret=7b1b183b
241806.835:0160:Ret  user32.PostMessageW() retval=00000001 ret=7b1b183b
241806.886:0160:Ret  window proc 7B1B1ED0 (hwnd=00010060,msg=WM_USER,wp=00000124,lp=00000001) retval=00000000
241806.887:0160:Call hook proc 7B1B1DE0 (id=WH_GETMESSAGE,code=0,wp=00000001,lp=0026df2c)
241806.887:0160:Ret  hook proc 7B1B1DE0 (id=WH_GETMESSAGE,code=0,wp=00000001,lp=0026df2c) retval=00000000
241806.887:0160:Call window proc 7B1B1ED0 (hwnd=00010060,msg=WM_USER+2,wp=00000000,lp=00000000)
241806.887:0160:Ret  window proc 7B1B1ED0 (hwnd=00010060,msg=WM_USER+2,wp=00000000,lp=00000000) retval=00000000
241806.887:0160:Call hook proc 7B1B1DE0 (id=WH_GETMESSAGE,code=0,wp=00000001,lp=0026df2c)
241806.887:0160:Ret  hook proc 7B1B1DE0 (id=WH_GETMESSAGE,code=0,wp=00000001,lp=0026df2c) retval=00000000
241806.887:0160:Call window proc 7B1B1ED0 (hwnd=00010060,msg=WM_USER,wp=00000124,lp=00000001)
241806.887:0160:Call user32.PostMessageW(00010060,00000402,00000000,00000000) ret=7b1b183b
241806.887:0160:Ret  user32.PostMessageW() retval=00000001 ret=7b1b183b
241806.938:0160:Ret  window proc 7B1B1ED0 (hwnd=00010060,msg=WM_USER,wp=00000124,lp=00000001) retval=00000000
241806.938:0160:Call hook proc 7B1B1DE0 (id=WH_GETMESSAGE,code=0,wp=00000001,lp=0026df2c)
241806.938:0160:Ret  hook proc 7B1B1DE0 (id=WH_GETMESSAGE,code=0,wp=00000001,lp=0026df2c) retval=00000000
241806.938:0160:Call window proc 7B1B1ED0 (hwnd=00010060,msg=WM_USER+2,wp=00000000,lp=00000000)
241806.938:0160:Ret  window proc 7B1B1ED0 (hwnd=00010060,msg=WM_USER+2,wp=00000000,lp=00000000) retval=00000000
241806.938:0160:Call hook proc 7B1B1DE0 (id=WH_GETMESSAGE,code=0,wp=00000001,lp=0026df2c)
241806.938:0160:Ret  hook proc 7B1B1DE0 (id=WH_GETMESSAGE,code=0,wp=00000001,lp=0026df2c) retval=00000000
241806.938:0160:Call window proc 7B1B1ED0 (hwnd=00010060,msg=WM_USER,wp=00000124,lp=00000001)
241806.938:0160:Call user32.PostMessageW(00010060,00000402,00000000,00000000) ret=7b1b183b
241806.938:0160:Ret  user32.PostMessageW() retval=00000001 ret=7b1b183b
241806.991:0160:Ret  window proc 7B1B1ED0 (hwnd=00010060,msg=WM_USER,wp=00000124,lp=00000001) retval=00000000
241806.991:0160:Call hook proc 7B1B1DE0 (id=WH_GETMESSAGE,code=0,wp=00000001,lp=0026df2c)
241806.991:0160:Ret  hook proc 7B1B1DE0 (id=WH_GETMESSAGE,code=0,wp=00000001,lp=0026df2c) retval=00000000
241806.991:0160:Call window proc 7B1B1ED0 (hwnd=00010060,msg=WM_USER+2,wp=00000000,lp=00000000)
241806.991:0160:Ret  window proc 7B1B1ED0 (hwnd=00010060,msg=WM_USER+2,wp=00000000,lp=00000000) retval=00000000
241806.991:0160:Call hook proc 7B1B1DE0 (id=WH_GETMESSAGE,code=0,wp=00000001,lp=0026df2c)
241806.991:0160:Ret  hook proc 7B1B1DE0 (id=WH_GETMESSAGE,code=0,wp=00000001,lp=0026df2c) retval=00000000
241806.991:0160:Call window proc 7B1B1ED0 (hwnd=00010060,msg=WM_USER,wp=00000124,lp=00000001)
241806.991:0160:Call user32.PostMessageW(00010060,00000402,00000000,00000000) ret=7b1b183b
241806.991:0160:Ret  user32.PostMessageW() retval=00000001 ret=7b1b183b
241807.052:0160:Ret  window proc 7B1B1ED0 (hwnd=00010060,msg=WM_USER,wp=00000124,lp=00000001) retval=00000000
241807.052:0160:Call hook proc 7B1B1DE0 (id=WH_GETMESSAGE,code=0,wp=00000001,lp=0026df2c)
241807.052:0160:Ret  hook proc 7B1B1DE0 (id=WH_GETMESSAGE,code=0,wp=00000001,lp=0026df2c) retval=00000000
241807.052:0160:Call window proc 7B1B1ED0 (hwnd=00010060,msg=WM_USER+2,wp=00000000,lp=00000000)
241807.052:0160:Ret  window proc 7B1B1ED0 (hwnd=00010060,msg=WM_USER+2,wp=00000000,lp=00000000) retval=00000000
241807.052:0160:Call hook proc 7B1B1DE0 (id=WH_GETMESSAGE,code=0,wp=00000001,lp=0026df2c)
241807.053:0160:Ret  hook proc 7B1B1DE0 (id=WH_GETMESSAGE,code=0,wp=00000001,lp=0026df2c) retval=00000000
241807.053:0160:Call window proc 7B1B1ED0 (hwnd=00010060,msg=WM_USER,wp=00000124,lp=00000001)
241807.053:0160:Call user32.PostMessageW(00010060,00000402,00000000,00000000) ret=7b1b183b
241807.053:0160:Ret  user32.PostMessageW() retval=00000001 ret=7b1b183b
241807.113:0160:Ret  window proc 7B1B1ED0 (hwnd=00010060,msg=WM_USER,wp=00000124,lp=00000001) retval=00000000
241807.113:0160:Call hook proc 7B1B1DE0 (id=WH_GETMESSAGE,code=0,wp=00000001,lp=0026df2c)
241807.113:0160:Ret  hook proc 7B1B1DE0 (id=WH_GETMESSAGE,code=0,wp=00000001,lp=0026df2c) retval=00000000
241807.113:0160:Call window proc 7B1B1ED0 (hwnd=00010060,msg=WM_USER+2,wp=00000000,lp=00000000)
241807.113:0160:Ret  window proc 7B1B1ED0 (hwnd=00010060,msg=WM_USER+2,wp=00000000,lp=00000000) retval=00000000
241807.114:0160:Call hook proc 7B1B1DE0 (id=WH_GETMESSAGE,code=0,wp=00000001,lp=0026df2c)
241807.114:0160:Ret  hook proc 7B1B1DE0 (id=WH_GETMESSAGE,code=0,wp=00000001,lp=0026df2c) retval=00000000
241807.114:0160:Call window proc 7B1B1ED0 (hwnd=00010060,msg=WM_USER,wp=00000124,lp=00000001)
241807.114:0160:Call user32.PostMessageW(00010060,00000402,00000000,00000000) ret=7b1b183b
241807.114:0160:Ret  user32.PostMessageW() retval=00000001 ret=7b1b183b
241807.166:0160:Ret  window proc 7B1B1ED0 (hwnd=00010060,msg=WM_USER,wp=00000124,lp=00000001) retval=00000000
241807.166:0160:Call hook proc 7B1B1DE0 (id=WH_GETMESSAGE,code=0,wp=00000001,lp=0026df2c)
241807.166:0160:Ret  hook proc 7B1B1DE0 (id=WH_GETMESSAGE,code=0,wp=00000001,lp=0026df2c) retval=00000000
241807.167:0160:Call window proc 7B1B1ED0 (hwnd=00010060,msg=WM_USER+2,wp=00000000,lp=00000000)
241807.167:0160:Ret  window proc 7B1B1ED0 (hwnd=00010060,msg=WM_USER+2,wp=00000000,lp=00000000) retval=00000000
241807.167:0160:Call hook proc 7B1B1DE0 (id=WH_GETMESSAGE,code=0,wp=00000001,lp=0026df2c)
241807.167:0160:Ret  hook proc 7B1B1DE0 (id=WH_GETMESSAGE,code=0,wp=00000001,lp=0026df2c) retval=00000000
241807.167:0160:Call window proc 7B1B1ED0 (hwnd=00010060,msg=WM_USER,wp=00000124,lp=00000001)
241807.167:0160:Call user32.PostMessageW(00010060,00000402,00000000,00000000) ret=7b1b183b
241807.167:0160:Ret  user32.PostMessageW() retval=00000001 ret=7b1b183b
241807.229:0160:Ret  window proc 7B1B1ED0 (hwnd=00010060,msg=WM_USER,wp=00000124,lp=00000001) retval=00000000
241807.229:0160:Call hook proc 7B1B1DE0 (id=WH_GETMESSAGE,code=0,wp=00000001,lp=0026df2c)
241807.229:0160:Ret  hook proc 7B1B1DE0 (id=WH_GETMESSAGE,code=0,wp=00000001,lp=0026df2c) retval=00000000
241807.229:0160:Call window proc 7B1B1ED0 (hwnd=00010060,msg=WM_USER+2,wp=00000000,lp=00000000)
241807.230:0160:Ret  window proc 7B1B1ED0 (hwnd=00010060,msg=WM_USER+2,wp=00000000,lp=00000000) retval=00000000
241807.230:0160:Call hook proc 7B1B1DE0 (id=WH_GETMESSAGE,code=0,wp=00000001,lp=0026df2c)
241807.231:0160:Ret  hook proc 7B1B1DE0 (id=WH_GETMESSAGE,code=0,wp=00000001,lp=0026df2c) retval=00000000
241807.231:0160:Call window proc 7B1B1ED0 (hwnd=00010060,msg=WM_USER,wp=00000124,lp=00000001)
241807.231:0160:Call user32.PostMessageW(00010060,00000402,00000000,00000000) ret=7b1b183b
241807.232:0160:Ret  user32.PostMessageW() retval=00000001 ret=7b1b183b
241807.283:0160:Ret  window proc 7B1B1ED0 (hwnd=00010060,msg=WM_USER,wp=00000124,lp=00000001) retval=00000000
241807.283:0160:Call hook proc 7B1B1DE0 (id=WH_GETMESSAGE,code=0,wp=00000001,lp=0026df2c)
241807.283:0160:Ret  hook proc 7B1B1DE0 (id=WH_GETMESSAGE,code=0,wp=00000001,lp=0026df2c) retval=00000000
241807.283:0160:Call window proc 7B1B1ED0 (hwnd=00010060,msg=WM_USER+2,wp=00000000,lp=00000000)
241807.283:0160:Ret  window proc 7B1B1ED0 (hwnd=00010060,msg=WM_USER+2,wp=00000000,lp=00000000) retval=00000000
241807.283:0160:Call hook proc 7B1B1DE0 (id=WH_GETMESSAGE,code=0,wp=00000001,lp=0026df2c)
241807.283:0160:Ret  hook proc 7B1B1DE0 (id=WH_GETMESSAGE,code=0,wp=00000001,lp=0026df2c) retval=00000000
241807.283:0160:Call window proc 7B1B1ED0 (hwnd=00010060,msg=WM_USER,wp=00000124,lp=00000001)
241807.283:0160:Call user32.PostMessageW(00010060,00000402,00000000,00000000) ret=7b1b183b
241807.283:0160:Ret  user32.PostMessageW() retval=00000001 ret=7b1b183b
241807.334:0160:Ret  window proc 7B1B1ED0 (hwnd=00010060,msg=WM_USER,wp=00000124,lp=00000001) retval=00000000
241807.334:0160:Call hook proc 7B1B1DE0 (id=WH_GETMESSAGE,code=0,wp=00000001,lp=0026df2c)
241807.334:0160:Ret  hook proc 7B1B1DE0 (id=WH_GETMESSAGE,code=0,wp=00000001,lp=0026df2c) retval=00000000
241807.334:0160:Call window proc 7B1B1ED0 (hwnd=00010060,msg=WM_USER+2,wp=00000000,lp=00000000)
241807.334:0160:Ret  window proc 7B1B1ED0 (hwnd=00010060,msg=WM_USER+2,wp=00000000,lp=00000000) retval=00000000
241807.334:0160:Call hook proc 7B1B1DE0 (id=WH_GETMESSAGE,code=0,wp=00000001,lp=0026df2c)
241807.334:0160:Ret  hook proc 7B1B1DE0 (id=WH_GETMESSAGE,code=0,wp=00000001,lp=0026df2c) retval=00000000
241807.334:0160:Call window proc 7B1B1ED0 (hwnd=00010060,msg=WM_USER,wp=00000124,lp=00000001)
241807.334:0160:Call user32.PostMessageW(00010060,00000402,00000000,00000000) ret=7b1b183b
241807.334:0160:Ret  user32.PostMessageW() retval=00000001 ret=7b1b183b
241807.386:0160:Ret  window proc 7B1B1ED0 (hwnd=00010060,msg=WM_USER,wp=00000124,lp=00000001) retval=00000000
241807.386:0160:Call hook proc 7B1B1DE0 (id=WH_GETMESSAGE,code=0,wp=00000001,lp=0026df2c)
241807.386:0160:Ret  hook proc 7B1B1DE0 (id=WH_GETMESSAGE,code=0,wp=00000001,lp=0026df2c) retval=00000000
241807.387:0160:Call window proc 7B1B1ED0 (hwnd=00010060,msg=WM_USER+2,wp=00000000,lp=00000000)
241807.387:0160:Ret  window proc 7B1B1ED0 (hwnd=00010060,msg=WM_USER+2,wp=00000000,lp=00000000) retval=00000000
241807.387:0160:Call hook proc 7B1B1DE0 (id=WH_GETMESSAGE,code=0,wp=00000001,lp=0026df2c)
241807.388:0160:Ret  hook proc 7B1B1DE0 (id=WH_GETMESSAGE,code=0,wp=00000001,lp=0026df2c) retval=00000000
241807.388:0160:Call window proc 7B1B1ED0 (hwnd=00010060,msg=WM_USER,wp=00000124,lp=00000001)
241807.388:0160:Call user32.PostMessageW(00010060,00000402,00000000,00000000) ret=7b1b183b
241807.388:0160:Ret  user32.PostMessageW() retval=00000001 ret=7b1b183b
241807.440:0160:Ret  window proc 7B1B1ED0 (hwnd=00010060,msg=WM_USER,wp=00000124,lp=00000001) retval=00000000
241807.441:0160:Call hook proc 7B1B1DE0 (id=WH_GETMESSAGE,code=0,wp=00000001,lp=0026df2c)
241807.441:0160:Ret  hook proc 7B1B1DE0 (id=WH_GETMESSAGE,code=0,wp=00000001,lp=0026df2c) retval=00000000
241807.442:0160:Call window proc 7B1B1ED0 (hwnd=00010060,msg=WM_USER+2,wp=00000000,lp=00000000)
241807.442:0160:Ret  window proc 7B1B1ED0 (hwnd=00010060,msg=WM_USER+2,wp=00000000,lp=00000000) retval=00000000
241807.442:0160:Call hook proc 7B1B1DE0 (id=WH_GETMESSAGE,code=0,wp=00000001,lp=0026df2c)
241807.443:0160:Ret  hook proc 7B1B1DE0 (id=WH_GETMESSAGE,code=0,wp=00000001,lp=0026df2c) retval=00000000
241807.443:0160:Call window proc 7B1B1ED0 (hwnd=00010060,msg=WM_USER,wp=00000124,lp=00000001)
241807.443:0160:Call user32.PostMessageW(00010060,00000402,00000000,00000000) ret=7b1b183b
241807.443:0160:Ret  user32.PostMessageW() retval=00000001 ret=7b1b183b
241807.495:0160:Ret  window proc 7B1B1ED0 (hwnd=00010060,msg=WM_USER,wp=00000124,lp=00000001) retval=00000000
241807.495:0160:Call hook proc 7B1B1DE0 (id=WH_GETMESSAGE,code=0,wp=00000001,lp=0026df2c)
241807.495:0160:Ret  hook proc 7B1B1DE0 (id=WH_GETMESSAGE,code=0,wp=00000001,lp=0026df2c) retval=00000000
241807.495:0160:Call window proc 7B1B1ED0 (hwnd=00010060,msg=WM_USER+2,wp=00000000,lp=00000000)
241807.495:0160:Ret  window proc 7B1B1ED0 (hwnd=00010060,msg=WM_USER+2,wp=00000000,lp=00000000) retval=00000000
241807.495:0160:Call hook proc 7B1B1DE0 (id=WH_GETMESSAGE,code=0,wp=00000001,lp=0026df2c)
241807.495:0160:Ret  hook proc 7B1B1DE0 (id=WH_GETMESSAGE,code=0,wp=00000001,lp=0026df2c) retval=00000000
241807.495:0160:Call window proc 7B1B1ED0 (hwnd=00010060,msg=WM_USER,wp=00000124,lp=00000001)
241807.495:0160:Call user32.PostMessageW(00010060,00000402,00000000,00000000) ret=7b1b183b
241807.495:0160:Ret  user32.PostMessageW() retval=00000001 ret=7b1b183b
241807.547:0160:Ret  window proc 7B1B1ED0 (hwnd=00010060,msg=WM_USER,wp=00000124,lp=00000001) retval=00000000
241807.547:0160:Call hook proc 7B1B1DE0 (id=WH_GETMESSAGE,code=0,wp=00000001,lp=0026df2c)
241807.547:0160:Ret  hook proc 7B1B1DE0 (id=WH_GETMESSAGE,code=0,wp=00000001,lp=0026df2c) retval=00000000
241807.547:0160:Call window proc 7B1B1ED0 (hwnd=00010060,msg=WM_USER+2,wp=00000000,lp=00000000)
241807.547:0160:Ret  window proc 7B1B1ED0 (hwnd=00010060,msg=WM_USER+2,wp=00000000,lp=00000000) retval=00000000
241807.547:0160:Call hook proc 7B1B1DE0 (id=WH_GETMESSAGE,code=0,wp=00000001,lp=0026df2c)
241807.547:0160:Ret  hook proc 7B1B1DE0 (id=WH_GETMESSAGE,code=0,wp=00000001,lp=0026df2c) retval=00000000
241807.547:0160:Call window proc 7B1B1ED0 (hwnd=00010060,msg=WM_USER,wp=00000124,lp=00000001)
241807.547:0160:Call user32.PostMessageW(00010060,00000402,00000000,00000000) ret=7b1b183b
241807.547:0160:Ret  user32.PostMessageW() retval=00000001 ret=7b1b183b
241807.598:0160:Ret  window proc 7B1B1ED0 (hwnd=00010060,msg=WM_USER,wp=00000124,lp=00000001) retval=00000000
241807.598:0160:Call hook proc 7B1B1DE0 (id=WH_GETMESSAGE,code=0,wp=00000001,lp=0026df2c)
241807.598:0160:Ret  hook proc 7B1B1DE0 (id=WH_GETMESSAGE,code=0,wp=00000001,lp=0026df2c) retval=00000000
241807.598:0160:Call window proc 7B1B1ED0 (hwnd=00010060,msg=WM_USER+2,wp=00000000,lp=00000000)
241807.598:0160:Ret  window proc 7B1B1ED0 (hwnd=00010060,msg=WM_USER+2,wp=00000000,lp=00000000) retval=00000000
241807.598:0160:Call hook proc 7B1B1DE0 (id=WH_GETMESSAGE,code=0,wp=00000001,lp=0026df2c)
241807.598:0160:Ret  hook proc 7B1B1DE0 (id=WH_GETMESSAGE,code=0,wp=00000001,lp=0026df2c) retval=00000000
241807.598:0160:Call window proc 7B1B1ED0 (hwnd=00010060,msg=WM_USER,wp=00000124,lp=00000001)
241807.598:0160:Call user32.PostMessageW(00010060,00000402,00000000,00000000) ret=7b1b183b
241807.598:0160:Ret  user32.PostMessageW() retval=00000001 ret=7b1b183b
241807.649:0160:Ret  window proc 7B1B1ED0 (hwnd=00010060,msg=WM_USER,wp=00000124,lp=00000001) retval=00000000
241807.649:0160:Call hook proc 7B1B1DE0 (id=WH_GETMESSAGE,code=0,wp=00000001,lp=0026df2c)
241807.649:0160:Ret  hook proc 7B1B1DE0 (id=WH_GETMESSAGE,code=0,wp=00000001,lp=0026df2c) retval=00000000
241807.649:0160:Call window proc 7B1B1ED0 (hwnd=00010060,msg=WM_USER+2,wp=00000000,lp=00000000)
241807.649:0160:Ret  window proc 7B1B1ED0 (hwnd=00010060,msg=WM_USER+2,wp=00000000,lp=00000000) retval=00000000
241807.649:0160:Call hook proc 7B1B1DE0 (id=WH_GETMESSAGE,code=0,wp=00000001,lp=0026df2c)
241807.649:0160:Ret  hook proc 7B1B1DE0 (id=WH_GETMESSAGE,code=0,wp=00000001,lp=0026df2c) retval=00000000
241807.649:0160:Call window proc 7B1B1ED0 (hwnd=00010060,msg=WM_USER,wp=00000124,lp=00000001)
241807.649:0160:Call user32.PostMessageW(00010060,00000402,00000000,00000000) ret=7b1b183b
241807.649:0160:Ret  user32.PostMessageW() retval=00000001 ret=7b1b183b
241807.700:0160:Ret  window proc 7B1B1ED0 (hwnd=00010060,msg=WM_USER,wp=00000124,lp=00000001) retval=00000000
241807.700:0160:Call hook proc 7B1B1DE0 (id=WH_GETMESSAGE,code=0,wp=00000001,lp=0026df2c)
241807.700:0160:Ret  hook proc 7B1B1DE0 (id=WH_GETMESSAGE,code=0,wp=00000001,lp=0026df2c) retval=00000000
241807.700:0160:Call window proc 7B1B1ED0 (hwnd=00010060,msg=WM_USER+2,wp=00000000,lp=00000000)
241807.700:0160:Ret  window proc 7B1B1ED0 (hwnd=00010060,msg=WM_USER+2,wp=00000000,lp=00000000) retval=00000000
241807.700:0160:Call hook proc 7B1B1DE0 (id=WH_GETMESSAGE,code=0,wp=00000001,lp=0026df2c)
241807.700:0160:Ret  hook proc 7B1B1DE0 (id=WH_GETMESSAGE,code=0,wp=00000001,lp=0026df2c) retval=00000000
241807.700:0160:Call window proc 7B1B1ED0 (hwnd=00010060,msg=WM_USER,wp=00000124,lp=00000001)
241807.700:0160:Call user32.PostMessageW(00010060,00000402,00000000,00000000) ret=7b1b183b
241807.700:0160:Ret  user32.PostMessageW() retval=00000001 ret=7b1b183b
241807.751:0160:Ret  window proc 7B1B1ED0 (hwnd=00010060,msg=WM_USER,wp=00000124,lp=00000001) retval=00000000
241807.751:0160:Call hook proc 7B1B1DE0 (id=WH_GETMESSAGE,code=0,wp=00000001,lp=0026df2c)
241807.751:0160:Ret  hook proc 7B1B1DE0 (id=WH_GETMESSAGE,code=0,wp=00000001,lp=0026df2c) retval=00000000
241807.751:0160:Call window proc 7B1B1ED0 (hwnd=00010060,msg=WM_USER+2,wp=00000000,lp=00000000)
241807.751:0160:Ret  window proc 7B1B1ED0 (hwnd=00010060,msg=WM_USER+2,wp=00000000,lp=00000000) retval=00000000
241807.751:0160:Call hook proc 7B1B1DE0 (id=WH_GETMESSAGE,code=0,wp=00000001,lp=0026df2c)
241807.751:0160:Ret  hook proc 7B1B1DE0 (id=WH_GETMESSAGE,code=0,wp=00000001,lp=0026df2c) retval=00000000
241807.751:0160:Call window proc 7B1B1ED0 (hwnd=00010060,msg=WM_USER,wp=00000124,lp=00000001)
241807.751:0160:Call user32.PostMessageW(00010060,00000402,00000000,00000000) ret=7b1b183b
241807.751:0160:Ret  user32.PostMessageW() retval=00000001 ret=7b1b183b
241807.802:0160:Ret  window proc 7B1B1ED0 (hwnd=00010060,msg=WM_USER,wp=00000124,lp=00000001) retval=00000000
241807.802:0160:Call hook proc 7B1B1DE0 (id=WH_GETMESSAGE,code=0,wp=00000001,lp=0026df2c)
241807.802:0160:Ret  hook proc 7B1B1DE0 (id=WH_GETMESSAGE,code=0,wp=00000001,lp=0026df2c) retval=00000000
241807.802:0160:Call window proc 7B1B1ED0 (hwnd=00010060,msg=WM_USER+2,wp=00000000,lp=00000000)
241807.802:0160:Ret  window proc 7B1B1ED0 (hwnd=00010060,msg=WM_USER+2,wp=00000000,lp=00000000) retval=00000000
241807.802:0160:Call hook proc 7B1B1DE0 (id=WH_GETMESSAGE,code=0,wp=00000001,lp=0026df2c)
241807.802:0160:Ret  hook proc 7B1B1DE0 (id=WH_GETMESSAGE,code=0,wp=00000001,lp=0026df2c) retval=00000000
241807.802:0160:Call window proc 7B1B1ED0 (hwnd=00010060,msg=WM_USER,wp=00000124,lp=00000001)
241807.802:0160:Call user32.PostMessageW(00010060,00000402,00000000,00000000) ret=7b1b183b
241807.802:0160:Ret  user32.PostMessageW() retval=00000001 ret=7b1b183b
241807.853:0160:Ret  window proc 7B1B1ED0 (hwnd=00010060,msg=WM_USER,wp=00000124,lp=00000001) retval=00000000
241807.853:0160:Call hook proc 7B1B1DE0 (id=WH_GETMESSAGE,code=0,wp=00000001,lp=0026df2c)
241807.853:0160:Ret  hook proc 7B1B1DE0 (id=WH_GETMESSAGE,code=0,wp=00000001,lp=0026df2c) retval=00000000
241807.853:0160:Call window proc 7B1B1ED0 (hwnd=00010060,msg=WM_USER+2,wp=00000000,lp=00000000)
241807.853:0160:Ret  window proc 7B1B1ED0 (hwnd=00010060,msg=WM_USER+2,wp=00000000,lp=00000000) retval=00000000
241807.853:0160:Call hook proc 7B1B1DE0 (id=WH_GETMESSAGE,code=0,wp=00000001,lp=0026df2c)
241807.853:0160:Ret  hook proc 7B1B1DE0 (id=WH_GETMESSAGE,code=0,wp=00000001,lp=0026df2c) retval=00000000
241807.853:0160:Call window proc 7B1B1ED0 (hwnd=00010060,msg=WM_USER,wp=00000124,lp=00000001)
241807.853:0160:Call user32.PostMessageW(00010060,00000402,00000000,00000000) ret=7b1b183b
241807.853:0160:Ret  user32.PostMessageW() retval=00000001 ret=7b1b183b
241807.903:0160:Ret  window proc 7B1B1ED0 (hwnd=00010060,msg=WM_USER,wp=00000124,lp=00000001) retval=00000000
241807.904:0160:Call hook proc 7B1B1DE0 (id=WH_GETMESSAGE,code=0,wp=00000001,lp=0026df2c)
241807.904:0160:Ret  hook proc 7B1B1DE0 (id=WH_GETMESSAGE,code=0,wp=00000001,lp=0026df2c) retval=00000000
241807.904:0160:Call window proc 7B1B1ED0 (hwnd=00010060,msg=WM_USER+2,wp=00000000,lp=00000000)
241807.904:0160:Ret  window proc 7B1B1ED0 (hwnd=00010060,msg=WM_USER+2,wp=00000000,lp=00000000) retval=00000000
241807.904:0160:Call hook proc 7B1B1DE0 (id=WH_GETMESSAGE,code=0,wp=00000001,lp=0026df2c)
241807.904:0160:Ret  hook proc 7B1B1DE0 (id=WH_GETMESSAGE,code=0,wp=00000001,lp=0026df2c) retval=00000000
241807.904:0160:Call window proc 7B1B1ED0 (hwnd=00010060,msg=WM_USER,wp=00000124,lp=00000001)
241807.904:0160:Call user32.PostMessageW(00010060,00000402,00000000,00000000) ret=7b1b183b
241807.904:0160:Ret  user32.PostMessageW() retval=00000001 ret=7b1b183b
241807.965:0160:Ret  window proc 7B1B1ED0 (hwnd=00010060,msg=WM_USER,wp=00000124,lp=00000001) retval=00000000
241807.965:0160:Call hook proc 7B1B1DE0 (id=WH_GETMESSAGE,code=0,wp=00000001,lp=0026df2c)
241807.965:0160:Ret  hook proc 7B1B1DE0 (id=WH_GETMESSAGE,code=0,wp=00000001,lp=0026df2c) retval=00000000
241807.965:0160:Call window proc 7B1B1ED0 (hwnd=00010060,msg=WM_USER+2,wp=00000000,lp=00000000)
241807.965:0160:Ret  window proc 7B1B1ED0 (hwnd=00010060,msg=WM_USER+2,wp=00000000,lp=00000000) retval=00000000
241807.965:0160:Call hook proc 7B1B1DE0 (id=WH_GETMESSAGE,code=0,wp=00000001,lp=0026df2c)
241807.965:0160:Ret  hook proc 7B1B1DE0 (id=WH_GETMESSAGE,code=0,wp=00000001,lp=0026df2c) retval=00000000
241807.965:0160:Call window proc 7B1B1ED0 (hwnd=00010060,msg=WM_USER,wp=00000124,lp=00000001)
241807.965:0160:Call user32.PostMessageW(00010060,00000402,00000000,00000000) ret=7b1b183b
241807.965:0160:Ret  user32.PostMessageW() retval=00000001 ret=7b1b183b
241808.025:0160:Ret  window proc 7B1B1ED0 (hwnd=00010060,msg=WM_USER,wp=00000124,lp=00000001) retval=00000000
241808.025:0160:Call hook proc 7B1B1DE0 (id=WH_GETMESSAGE,code=0,wp=00000001,lp=0026df2c)
241808.025:0160:Ret  hook proc 7B1B1DE0 (id=WH_GETMESSAGE,code=0,wp=00000001,lp=0026df2c) retval=00000000
241808.025:0160:Call window proc 7B1B1ED0 (hwnd=00010060,msg=WM_USER+2,wp=00000000,lp=00000000)
241808.025:0160:Ret  window proc 7B1B1ED0 (hwnd=00010060,msg=WM_USER+2,wp=00000000,lp=00000000) retval=00000000
241808.025:0160:Call hook proc 7B1B1DE0 (id=WH_GETMESSAGE,code=0,wp=00000001,lp=0026df2c)
241808.025:0160:Ret  hook proc 7B1B1DE0 (id=WH_GETMESSAGE,code=0,wp=00000001,lp=0026df2c) retval=00000000
241808.025:0160:Call window proc 7B1B1ED0 (hwnd=00010060,msg=WM_USER,wp=00000124,lp=00000001)
241808.025:0160:Call user32.PostMessageW(00010060,00000402,00000000,00000000) ret=7b1b183b
241808.025:0160:Ret  user32.PostMessageW() retval=00000001 ret=7b1b183b
241808.077:0160:Ret  window proc 7B1B1ED0 (hwnd=00010060,msg=WM_USER,wp=00000124,lp=00000001) retval=00000000
241808.077:0160:Call hook proc 7B1B1DE0 (id=WH_GETMESSAGE,code=0,wp=00000001,lp=0026df2c)
241808.077:0160:Ret  hook proc 7B1B1DE0 (id=WH_GETMESSAGE,code=0,wp=00000001,lp=0026df2c) retval=00000000
241808.077:0160:Call window proc 7B1B1ED0 (hwnd=00010060,msg=WM_USER+2,wp=00000000,lp=00000000)
241808.077:0160:Ret  window proc 7B1B1ED0 (hwnd=00010060,msg=WM_USER+2,wp=00000000,lp=00000000) retval=00000000
241808.077:0160:Call hook proc 7B1B1DE0 (id=WH_GETMESSAGE,code=0,wp=00000001,lp=0026df2c)
241808.077:0160:Ret  hook proc 7B1B1DE0 (id=WH_GETMESSAGE,code=0,wp=00000001,lp=0026df2c) retval=00000000
241808.077:0160:Call window proc 7B1B1ED0 (hwnd=00010060,msg=WM_USER,wp=00000124,lp=00000001)
241808.077:0160:Call user32.PostMessageW(00010060,00000402,00000000,00000000) ret=7b1b183b
241808.077:0160:Ret  user32.PostMessageW() retval=00000001 ret=7b1b183b
241808.128:0160:Ret  window proc 7B1B1ED0 (hwnd=00010060,msg=WM_USER,wp=00000124,lp=00000001) retval=00000000
241808.128:0160:Call hook proc 7B1B1DE0 (id=WH_GETMESSAGE,code=0,wp=00000001,lp=0026df2c)
241808.128:0160:Ret  hook proc 7B1B1DE0 (id=WH_GETMESSAGE,code=0,wp=00000001,lp=0026df2c) retval=00000000
241808.128:0160:Call window proc 7B1B1ED0 (hwnd=00010060,msg=WM_USER+2,wp=00000000,lp=00000000)
241808.128:0160:Ret  window proc 7B1B1ED0 (hwnd=00010060,msg=WM_USER+2,wp=00000000,lp=00000000) retval=00000000
241808.128:0160:Call hook proc 7B1B1DE0 (id=WH_GETMESSAGE,code=0,wp=00000001,lp=0026df2c)
241808.128:0160:Ret  hook proc 7B1B1DE0 (id=WH_GETMESSAGE,code=0,wp=00000001,lp=0026df2c) retval=00000000
241808.128:0160:Call window proc 7B1B1ED0 (hwnd=00010060,msg=WM_USER,wp=00000124,lp=00000001)
241808.128:0160:Call user32.PostMessageW(00010060,00000402,00000000,00000000) ret=7b1b183b
241808.128:0160:Ret  user32.PostMessageW() retval=00000001 ret=7b1b183b
241808.179:0160:Ret  window proc 7B1B1ED0 (hwnd=00010060,msg=WM_USER,wp=00000124,lp=00000001) retval=00000000
241808.179:0160:Call hook proc 7B1B1DE0 (id=WH_GETMESSAGE,code=0,wp=00000001,lp=0026df2c)
241808.179:0160:Ret  hook proc 7B1B1DE0 (id=WH_GETMESSAGE,code=0,wp=00000001,lp=0026df2c) retval=00000000
241808.180:0160:Call window proc 7B1B1ED0 (hwnd=00010060,msg=WM_USER+2,wp=00000000,lp=00000000)
241808.180:0160:Ret  window proc 7B1B1ED0 (hwnd=00010060,msg=WM_USER+2,wp=00000000,lp=00000000) retval=00000000
241808.180:0160:Call hook proc 7B1B1DE0 (id=WH_GETMESSAGE,code=0,wp=00000001,lp=0026df2c)
241808.180:0160:Ret  hook proc 7B1B1DE0 (id=WH_GETMESSAGE,code=0,wp=00000001,lp=0026df2c) retval=00000000
241808.180:0160:Call window proc 7B1B1ED0 (hwnd=00010060,msg=WM_USER,wp=00000124,lp=00000001)
241808.180:0160:Call user32.PostMessageW(00010060,00000402,00000000,00000000) ret=7b1b183b
241808.180:0160:Ret  user32.PostMessageW() retval=00000001 ret=7b1b183b
241808.232:0160:Ret  window proc 7B1B1ED0 (hwnd=00010060,msg=WM_USER,wp=00000124,lp=00000001) retval=00000000
241808.232:0160:Call hook proc 7B1B1DE0 (id=WH_GETMESSAGE,code=0,wp=00000001,lp=0026df2c)
241808.232:0160:Ret  hook proc 7B1B1DE0 (id=WH_GETMESSAGE,code=0,wp=00000001,lp=0026df2c) retval=00000000
241808.232:0160:Call window proc 7B1B1ED0 (hwnd=00010060,msg=WM_USER+2,wp=00000000,lp=00000000)
241808.232:0160:Ret  window proc 7B1B1ED0 (hwnd=00010060,msg=WM_USER+2,wp=00000000,lp=00000000) retval=00000000
241808.232:0160:Call hook proc 7B1B1DE0 (id=WH_GETMESSAGE,code=0,wp=00000001,lp=0026df2c)
241808.232:0160:Ret  hook proc 7B1B1DE0 (id=WH_GETMESSAGE,code=0,wp=00000001,lp=0026df2c) retval=00000000
241808.232:0160:Call window proc 7B1B1ED0 (hwnd=00010060,msg=WM_USER,wp=00000124,lp=00000001)
241808.233:0160:Call user32.PostMessageW(00010060,00000402,00000000,00000000) ret=7b1b183b
241808.233:0160:Ret  user32.PostMessageW() retval=00000001 ret=7b1b183b
241808.287:0160:Ret  window proc 7B1B1ED0 (hwnd=00010060,msg=WM_USER,wp=00000124,lp=00000001) retval=00000000
241808.288:0160:Call hook proc 7B1B1DE0 (id=WH_GETMESSAGE,code=0,wp=00000001,lp=0026df2c)
241808.288:0160:Ret  hook proc 7B1B1DE0 (id=WH_GETMESSAGE,code=0,wp=00000001,lp=0026df2c) retval=00000000
241808.289:0160:Call window proc 7B1B1ED0 (hwnd=00010060,msg=WM_USER+2,wp=00000000,lp=00000000)
241808.289:0160:Ret  window proc 7B1B1ED0 (hwnd=00010060,msg=WM_USER+2,wp=00000000,lp=00000000) retval=00000000
241808.289:0160:Call hook proc 7B1B1DE0 (id=WH_GETMESSAGE,code=0,wp=00000001,lp=0026df2c)
241808.289:0160:Ret  hook proc 7B1B1DE0 (id=WH_GETMESSAGE,code=0,wp=00000001,lp=0026df2c) retval=00000000
241808.289:0160:Call window proc 7B1B1ED0 (hwnd=00010060,msg=WM_USER,wp=00000124,lp=00000001)
241808.289:0160:Call user32.PostMessageW(00010060,00000402,00000000,00000000) ret=7b1b183b
241808.289:0160:Ret  user32.PostMessageW() retval=00000001 ret=7b1b183b
241808.342:0160:Ret  window proc 7B1B1ED0 (hwnd=00010060,msg=WM_USER,wp=00000124,lp=00000001) retval=00000000
241808.343:0160:Call hook proc 7B1B1DE0 (id=WH_GETMESSAGE,code=0,wp=00000001,lp=0026df2c)
241808.343:0160:Ret  hook proc 7B1B1DE0 (id=WH_GETMESSAGE,code=0,wp=00000001,lp=0026df2c) retval=00000000
241808.343:0160:Call window proc 7B1B1ED0 (hwnd=00010060,msg=WM_USER+2,wp=00000000,lp=00000000)
241808.344:0160:Ret  window proc 7B1B1ED0 (hwnd=00010060,msg=WM_USER+2,wp=00000000,lp=00000000) retval=00000000
241808.344:0160:Call hook proc 7B1B1DE0 (id=WH_GETMESSAGE,code=0,wp=00000001,lp=0026df2c)
241808.345:0160:Ret  hook proc 7B1B1DE0 (id=WH_GETMESSAGE,code=0,wp=00000001,lp=0026df2c) retval=00000000
241808.345:0160:Call window proc 7B1B1ED0 (hwnd=00010060,msg=WM_USER,wp=00000124,lp=00000001)
241808.345:0160:Call user32.PostMessageW(00010060,00000402,00000000,00000000) ret=7b1b183b
241808.345:0160:Ret  user32.PostMessageW() retval=00000001 ret=7b1b183b
241808.397:0160:Ret  window proc 7B1B1ED0 (hwnd=00010060,msg=WM_USER,wp=00000124,lp=00000001) retval=00000000
241808.397:0160:Call hook proc 7B1B1DE0 (id=WH_GETMESSAGE,code=0,wp=00000001,lp=0026df2c)
241808.398:0160:Ret  hook proc 7B1B1DE0 (id=WH_GETMESSAGE,code=0,wp=00000001,lp=0026df2c) retval=00000000
241808.398:0160:Call window proc 7B1B1ED0 (hwnd=00010060,msg=WM_USER+2,wp=00000000,lp=00000000)
241808.398:0160:Ret  window proc 7B1B1ED0 (hwnd=00010060,msg=WM_USER+2,wp=00000000,lp=00000000) retval=00000000
241808.398:0160:Call hook proc 7B1B1DE0 (id=WH_GETMESSAGE,code=0,wp=00000001,lp=0026df2c)
241808.398:0160:Ret  hook proc 7B1B1DE0 (id=WH_GETMESSAGE,code=0,wp=00000001,lp=0026df2c) retval=00000000
241808.398:0160:Call window proc 7B1B1ED0 (hwnd=00010060,msg=WM_USER,wp=00000124,lp=00000001)
241808.398:0160:Call user32.PostMessageW(00010060,00000402,00000000,00000000) ret=7b1b183b
241808.398:0160:Ret  user32.PostMessageW() retval=00000001 ret=7b1b183b
241808.450:0160:Ret  window proc 7B1B1ED0 (hwnd=00010060,msg=WM_USER,wp=00000124,lp=00000001) retval=00000000
241808.451:0160:Call hook proc 7B1B1DE0 (id=WH_GETMESSAGE,code=0,wp=00000001,lp=0026df2c)
241808.451:0160:Ret  hook proc 7B1B1DE0 (id=WH_GETMESSAGE,code=0,wp=00000001,lp=0026df2c) retval=00000000
241808.451:0160:Call window proc 7B1B1ED0 (hwnd=00010060,msg=WM_USER+2,wp=00000000,lp=00000000)
241808.452:0160:Ret  window proc 7B1B1ED0 (hwnd=00010060,msg=WM_USER+2,wp=00000000,lp=00000000) retval=00000000
241808.452:0160:Call hook proc 7B1B1DE0 (id=WH_GETMESSAGE,code=0,wp=00000001,lp=0026df2c)
241808.452:0160:Ret  hook proc 7B1B1DE0 (id=WH_GETMESSAGE,code=0,wp=00000001,lp=0026df2c) retval=00000000
241808.452:0160:Call window proc 7B1B1ED0 (hwnd=00010060,msg=WM_USER,wp=00000124,lp=00000001)
241808.452:0160:Call user32.PostMessageW(00010060,00000402,00000000,00000000) ret=7b1b183b
241808.452:0160:Ret  user32.PostMessageW() retval=00000001 ret=7b1b183b
241808.505:0160:Ret  window proc 7B1B1ED0 (hwnd=00010060,msg=WM_USER,wp=00000124,lp=00000001) retval=00000000
241808.506:0160:Call hook proc 7B1B1DE0 (id=WH_GETMESSAGE,code=0,wp=00000001,lp=0026df2c)
241808.506:0160:Ret  hook proc 7B1B1DE0 (id=WH_GETMESSAGE,code=0,wp=00000001,lp=0026df2c) retval=00000000
241808.506:0160:Call window proc 7B1B1ED0 (hwnd=00010060,msg=WM_USER+2,wp=00000000,lp=00000000)
241808.507:0160:Ret  window proc 7B1B1ED0 (hwnd=00010060,msg=WM_USER+2,wp=00000000,lp=00000000) retval=00000000
241808.507:0160:Call hook proc 7B1B1DE0 (id=WH_GETMESSAGE,code=0,wp=00000001,lp=0026df2c)
241808.507:0160:Ret  hook proc 7B1B1DE0 (id=WH_GETMESSAGE,code=0,wp=00000001,lp=0026df2c) retval=00000000
241808.507:0160:Call window proc 7B1B1ED0 (hwnd=00010060,msg=WM_USER,wp=00000124,lp=00000001)
241808.507:0160:Call user32.PostMessageW(00010060,00000402,00000000,00000000) ret=7b1b183b
241808.507:0160:Ret  user32.PostMessageW() retval=00000001 ret=7b1b183b
241808.559:0160:Ret  window proc 7B1B1ED0 (hwnd=00010060,msg=WM_USER,wp=00000124,lp=00000001) retval=00000000
241808.559:0160:Call hook proc 7B1B1DE0 (id=WH_GETMESSAGE,code=0,wp=00000001,lp=0026df2c)
241808.559:0160:Ret  hook proc 7B1B1DE0 (id=WH_GETMESSAGE,code=0,wp=00000001,lp=0026df2c) retval=00000000
241808.559:0160:Call window proc 7B1B1ED0 (hwnd=00010060,msg=WM_USER+2,wp=00000000,lp=00000000)
241808.559:0160:Ret  window proc 7B1B1ED0 (hwnd=00010060,msg=WM_USER+2,wp=00000000,lp=00000000) retval=00000000
241808.559:0160:Call hook proc 7B1B1DE0 (id=WH_GETMESSAGE,code=0,wp=00000001,lp=0026df2c)
241808.559:0160:Ret  hook proc 7B1B1DE0 (id=WH_GETMESSAGE,code=0,wp=00000001,lp=0026df2c) retval=00000000
241808.559:0160:Call window proc 7B1B1ED0 (hwnd=00010060,msg=WM_USER,wp=00000124,lp=00000001)
241808.559:0160:Call user32.PostMessageW(00010060,00000402,00000000,00000000) ret=7b1b183b
241808.559:0160:Ret  user32.PostMessageW() retval=00000001 ret=7b1b183b
241808.611:0160:Ret  window proc 7B1B1ED0 (hwnd=00010060,msg=WM_USER,wp=00000124,lp=00000001) retval=00000000
241808.612:0160:Call hook proc 7B1B1DE0 (id=WH_GETMESSAGE,code=0,wp=00000001,lp=0026df2c)
241808.612:0160:Ret  hook proc 7B1B1DE0 (id=WH_GETMESSAGE,code=0,wp=00000001,lp=0026df2c) retval=00000000
241808.613:0160:Call window proc 7B1B1ED0 (hwnd=00010060,msg=WM_USER+2,wp=00000000,lp=00000000)
241808.613:0160:Ret  window proc 7B1B1ED0 (hwnd=00010060,msg=WM_USER+2,wp=00000000,lp=00000000) retval=00000000
241808.613:0160:Call hook proc 7B1B1DE0 (id=WH_GETMESSAGE,code=0,wp=00000001,lp=0026df2c)
241808.613:0160:Ret  hook proc 7B1B1DE0 (id=WH_GETMESSAGE,code=0,wp=00000001,lp=0026df2c) retval=00000000
241808.613:0160:Call window proc 7B1B1ED0 (hwnd=00010060,msg=WM_USER,wp=00000124,lp=00000001)
241808.613:0160:Call user32.PostMessageW(00010060,00000402,00000000,00000000) ret=7b1b183b
241808.613:0160:Ret  user32.PostMessageW() retval=00000001 ret=7b1b183b
241808.666:0160:Ret  window proc 7B1B1ED0 (hwnd=00010060,msg=WM_USER,wp=00000124,lp=00000001) retval=00000000
241808.666:0160:Call hook proc 7B1B1DE0 (id=WH_GETMESSAGE,code=0,wp=00000001,lp=0026df2c)
241808.666:0160:Ret  hook proc 7B1B1DE0 (id=WH_GETMESSAGE,code=0,wp=00000001,lp=0026df2c) retval=00000000
241808.666:0160:Call window proc 7B1B1ED0 (hwnd=00010060,msg=WM_USER+2,wp=00000000,lp=00000000)
241808.666:0160:Ret  window proc 7B1B1ED0 (hwnd=00010060,msg=WM_USER+2,wp=00000000,lp=00000000) retval=00000000
241808.666:0160:Call hook proc 7B1B1DE0 (id=WH_GETMESSAGE,code=0,wp=00000001,lp=0026df2c)
241808.666:0160:Ret  hook proc 7B1B1DE0 (id=WH_GETMESSAGE,code=0,wp=00000001,lp=0026df2c) retval=00000000
241808.666:0160:Call window proc 7B1B1ED0 (hwnd=00010060,msg=WM_USER,wp=00000124,lp=00000001)
241808.666:0160:Call user32.PostMessageW(00010060,00000402,00000000,00000000) ret=7b1b183b
241808.666:0160:Ret  user32.PostMessageW() retval=00000001 ret=7b1b183b
241808.718:0160:Ret  window proc 7B1B1ED0 (hwnd=00010060,msg=WM_USER,wp=00000124,lp=00000001) retval=00000000
241808.719:0160:Call hook proc 7B1B1DE0 (id=WH_GETMESSAGE,code=0,wp=00000001,lp=0026df2c)
241808.719:0160:Ret  hook proc 7B1B1DE0 (id=WH_GETMESSAGE,code=0,wp=00000001,lp=0026df2c) retval=00000000
241808.719:0160:Call window proc 7B1B1ED0 (hwnd=00010060,msg=WM_USER+2,wp=00000000,lp=00000000)
241808.719:0160:Ret  window proc 7B1B1ED0 (hwnd=00010060,msg=WM_USER+2,wp=00000000,lp=00000000) retval=00000000
241808.719:0160:Call hook proc 7B1B1DE0 (id=WH_GETMESSAGE,code=0,wp=00000001,lp=0026df2c)
241808.719:0160:Ret  hook proc 7B1B1DE0 (id=WH_GETMESSAGE,code=0,wp=00000001,lp=0026df2c) retval=00000000
241808.720:0160:Call window proc 7B1B1ED0 (hwnd=00010060,msg=WM_USER,wp=00000124,lp=00000001)
241808.720:0160:Call user32.PostMessageW(00010060,00000402,00000000,00000000) ret=7b1b183b
241808.720:0160:Ret  user32.PostMessageW() retval=00000001 ret=7b1b183b
241808.772:0160:Ret  window proc 7B1B1ED0 (hwnd=00010060,msg=WM_USER,wp=00000124,lp=00000001) retval=00000000
241808.773:0160:Call hook proc 7B1B1DE0 (id=WH_GETMESSAGE,code=0,wp=00000001,lp=0026df2c)
241808.773:0160:Ret  hook proc 7B1B1DE0 (id=WH_GETMESSAGE,code=0,wp=00000001,lp=0026df2c) retval=00000000
241808.773:0160:Call window proc 7B1B1ED0 (hwnd=00010060,msg=WM_USER+2,wp=00000000,lp=00000000)
241808.773:0160:Ret  window proc 7B1B1ED0 (hwnd=00010060,msg=WM_USER+2,wp=00000000,lp=00000000) retval=00000000
241808.773:0160:Call hook proc 7B1B1DE0 (id=WH_GETMESSAGE,code=0,wp=00000001,lp=0026df2c)
241808.774:0160:Ret  hook proc 7B1B1DE0 (id=WH_GETMESSAGE,code=0,wp=00000001,lp=0026df2c) retval=00000000
241808.774:0160:Call window proc 7B1B1ED0 (hwnd=00010060,msg=WM_USER,wp=00000124,lp=00000001)
241808.774:0160:Call user32.PostMessageW(00010060,00000402,00000000,00000000) ret=7b1b183b
241808.774:0160:Ret  user32.PostMessageW() retval=00000001 ret=7b1b183b
241808.826:0160:Ret  window proc 7B1B1ED0 (hwnd=00010060,msg=WM_USER,wp=00000124,lp=00000001) retval=00000000
241808.827:0160:Call hook proc 7B1B1DE0 (id=WH_GETMESSAGE,code=0,wp=00000001,lp=0026df2c)
241808.827:0160:Ret  hook proc 7B1B1DE0 (id=WH_GETMESSAGE,code=0,wp=00000001,lp=0026df2c) retval=00000000
241808.827:0160:Call window proc 7B1B1ED0 (hwnd=00010060,msg=WM_USER+2,wp=00000000,lp=00000000)
241808.827:0160:Ret  window proc 7B1B1ED0 (hwnd=00010060,msg=WM_USER+2,wp=00000000,lp=00000000) retval=00000000
241808.827:0160:Call hook proc 7B1B1DE0 (id=WH_GETMESSAGE,code=0,wp=00000001,lp=0026df2c)
241808.828:0160:Ret  hook proc 7B1B1DE0 (id=WH_GETMESSAGE,code=0,wp=00000001,lp=0026df2c) retval=00000000
241808.828:0160:Call window proc 7B1B1ED0 (hwnd=00010060,msg=WM_USER,wp=00000124,lp=00000001)
241808.828:0160:Call user32.PostMessageW(00010060,00000402,00000000,00000000) ret=7b1b183b
241808.829:0160:Ret  user32.PostMessageW() retval=00000001 ret=7b1b183b
241808.883:0160:Ret  window proc 7B1B1ED0 (hwnd=00010060,msg=WM_USER,wp=00000124,lp=00000001) retval=00000000
241808.884:0160:Call hook proc 7B1B1DE0 (id=WH_GETMESSAGE,code=0,wp=00000001,lp=0026df2c)
241808.884:0160:Ret  hook proc 7B1B1DE0 (id=WH_GETMESSAGE,code=0,wp=00000001,lp=0026df2c) retval=00000000
241808.884:0160:Call window proc 7B1B1ED0 (hwnd=00010060,msg=WM_USER+2,wp=00000000,lp=00000000)
241808.884:0160:Ret  window proc 7B1B1ED0 (hwnd=00010060,msg=WM_USER+2,wp=00000000,lp=00000000) retval=00000000
241808.884:0160:Call hook proc 7B1B1DE0 (id=WH_GETMESSAGE,code=0,wp=00000001,lp=0026df2c)
241808.884:0160:Ret  hook proc 7B1B1DE0 (id=WH_GETMESSAGE,code=0,wp=00000001,lp=0026df2c) retval=00000000
241808.885:0160:Call window proc 7B1B1ED0 (hwnd=00010060,msg=WM_USER,wp=00000124,lp=00000001)
241808.885:0160:Call user32.PostMessageW(00010060,00000402,00000000,00000000) ret=7b1b183b
241808.885:0160:Ret  user32.PostMessageW() retval=00000001 ret=7b1b183b
241808.936:0160:Ret  window proc 7B1B1ED0 (hwnd=00010060,msg=WM_USER,wp=00000124,lp=00000001) retval=00000000
241808.937:0160:Call hook proc 7B1B1DE0 (id=WH_GETMESSAGE,code=0,wp=00000001,lp=0026df2c)
241808.937:0160:Ret  hook proc 7B1B1DE0 (id=WH_GETMESSAGE,code=0,wp=00000001,lp=0026df2c) retval=00000000
241808.937:0160:Call window proc 7B1B1ED0 (hwnd=00010060,msg=WM_USER+2,wp=00000000,lp=00000000)
241808.937:0160:Ret  window proc 7B1B1ED0 (hwnd=00010060,msg=WM_USER+2,wp=00000000,lp=00000000) retval=00000000
241808.937:0160:Call hook proc 7B1B1DE0 (id=WH_GETMESSAGE,code=0,wp=00000001,lp=0026df2c)
241808.937:0160:Ret  hook proc 7B1B1DE0 (id=WH_GETMESSAGE,code=0,wp=00000001,lp=0026df2c) retval=00000000
241808.937:0160:Call window proc 7B1B1ED0 (hwnd=00010060,msg=WM_USER,wp=00000124,lp=00000001)
241808.937:0160:Call user32.PostMessageW(00010060,00000402,00000000,00000000) ret=7b1b183b
241808.937:0160:Ret  user32.PostMessageW() retval=00000001 ret=7b1b183b
241808.990:0160:Ret  window proc 7B1B1ED0 (hwnd=00010060,msg=WM_USER,wp=00000124,lp=00000001) retval=00000000
241808.990:0160:Call hook proc 7B1B1DE0 (id=WH_GETMESSAGE,code=0,wp=00000001,lp=0026df2c)
241808.991:0160:Ret  hook proc 7B1B1DE0 (id=WH_GETMESSAGE,code=0,wp=00000001,lp=0026df2c) retval=00000000
241808.991:0160:Call window proc 7B1B1ED0 (hwnd=00010060,msg=WM_USER+2,wp=00000000,lp=00000000)
241808.991:0160:Ret  window proc 7B1B1ED0 (hwnd=00010060,msg=WM_USER+2,wp=00000000,lp=00000000) retval=00000000
241808.991:0160:Call hook proc 7B1B1DE0 (id=WH_GETMESSAGE,code=0,wp=00000001,lp=0026df2c)
241808.991:0160:Ret  hook proc 7B1B1DE0 (id=WH_GETMESSAGE,code=0,wp=00000001,lp=0026df2c) retval=00000000
241808.992:0160:Call window proc 7B1B1ED0 (hwnd=00010060,msg=WM_USER,wp=00000124,lp=00000001)
241808.992:0160:Call user32.PostMessageW(00010060,00000402,00000000,00000000) ret=7b1b183b
241808.992:0160:Ret  user32.PostMessageW() retval=00000001 ret=7b1b183b
241809.043:0160:Ret  window proc 7B1B1ED0 (hwnd=00010060,msg=WM_USER,wp=00000124,lp=00000001) retval=00000000
241809.044:0160:Call hook proc 7B1B1DE0 (id=WH_GETMESSAGE,code=0,wp=00000001,lp=0026df2c)
241809.044:0160:Ret  hook proc 7B1B1DE0 (id=WH_GETMESSAGE,code=0,wp=00000001,lp=0026df2c) retval=00000000
241809.044:0160:Call window proc 7B1B1ED0 (hwnd=00010060,msg=WM_USER+2,wp=00000000,lp=00000000)
241809.045:0160:Ret  window proc 7B1B1ED0 (hwnd=00010060,msg=WM_USER+2,wp=00000000,lp=00000000) retval=00000000
241809.045:0160:Call hook proc 7B1B1DE0 (id=WH_GETMESSAGE,code=0,wp=00000001,lp=0026df2c)
241809.045:0160:Ret  hook proc 7B1B1DE0 (id=WH_GETMESSAGE,code=0,wp=00000001,lp=0026df2c) retval=00000000
241809.045:0160:Call window proc 7B1B1ED0 (hwnd=00010060,msg=WM_USER,wp=00000124,lp=00000001)
241809.045:0160:Call user32.PostMessageW(00010060,00000402,00000000,00000000) ret=7b1b183b
241809.045:0160:Ret  user32.PostMessageW() retval=00000001 ret=7b1b183b
241809.097:0160:Ret  window proc 7B1B1ED0 (hwnd=00010060,msg=WM_USER,wp=00000124,lp=00000001) retval=00000000
241809.098:0160:Call hook proc 7B1B1DE0 (id=WH_GETMESSAGE,code=0,wp=00000001,lp=0026df2c)
241809.098:0160:Ret  hook proc 7B1B1DE0 (id=WH_GETMESSAGE,code=0,wp=00000001,lp=0026df2c) retval=00000000
241809.098:0160:Call window proc 7B1B1ED0 (hwnd=00010060,msg=WM_USER+2,wp=00000000,lp=00000000)
241809.099:0160:Ret  window proc 7B1B1ED0 (hwnd=00010060,msg=WM_USER+2,wp=00000000,lp=00000000) retval=00000000
241809.099:0160:Call hook proc 7B1B1DE0 (id=WH_GETMESSAGE,code=0,wp=00000001,lp=0026df2c)
241809.099:0160:Ret  hook proc 7B1B1DE0 (id=WH_GETMESSAGE,code=0,wp=00000001,lp=0026df2c) retval=00000000
241809.099:0160:Call window proc 7B1B1ED0 (hwnd=00010060,msg=WM_USER,wp=00000124,lp=00000001)
241809.099:0160:Call user32.PostMessageW(00010060,00000402,00000000,00000000) ret=7b1b183b
241809.099:0160:Ret  user32.PostMessageW() retval=00000001 ret=7b1b183b
241809.151:0160:Ret  window proc 7B1B1ED0 (hwnd=00010060,msg=WM_USER,wp=00000124,lp=00000001) retval=00000000
241809.151:0160:Call hook proc 7B1B1DE0 (id=WH_GETMESSAGE,code=0,wp=00000001,lp=0026df2c)
241809.151:0160:Ret  hook proc 7B1B1DE0 (id=WH_GETMESSAGE,code=0,wp=00000001,lp=0026df2c) retval=00000000
241809.151:0160:Call window proc 7B1B1ED0 (hwnd=00010060,msg=WM_USER+2,wp=00000000,lp=00000000)
241809.152:0160:Ret  window proc 7B1B1ED0 (hwnd=00010060,msg=WM_USER+2,wp=00000000,lp=00000000) retval=00000000
241809.152:0160:Call hook proc 7B1B1DE0 (id=WH_GETMESSAGE,code=0,wp=00000001,lp=0026df2c)
241809.152:0160:Ret  hook proc 7B1B1DE0 (id=WH_GETMESSAGE,code=0,wp=00000001,lp=0026df2c) retval=00000000
241809.152:0160:Call window proc 7B1B1ED0 (hwnd=00010060,msg=WM_USER,wp=00000124,lp=00000001)
241809.152:0160:Call user32.PostMessageW(00010060,00000402,00000000,00000000) ret=7b1b183b
241809.152:0160:Ret  user32.PostMessageW() retval=00000001 ret=7b1b183b
241809.204:0160:Ret  window proc 7B1B1ED0 (hwnd=00010060,msg=WM_USER,wp=00000124,lp=00000001) retval=00000000
241809.204:0160:Call hook proc 7B1B1DE0 (id=WH_GETMESSAGE,code=0,wp=00000001,lp=0026df2c)
241809.205:0160:Ret  hook proc 7B1B1DE0 (id=WH_GETMESSAGE,code=0,wp=00000001,lp=0026df2c) retval=00000000
241809.205:0160:Call window proc 7B1B1ED0 (hwnd=00010060,msg=WM_USER+2,wp=00000000,lp=00000000)
241809.205:0160:Ret  window proc 7B1B1ED0 (hwnd=00010060,msg=WM_USER+2,wp=00000000,lp=00000000) retval=00000000
241809.206:0160:Call hook proc 7B1B1DE0 (id=WH_GETMESSAGE,code=0,wp=00000001,lp=0026df2c)
241809.206:0160:Ret  hook proc 7B1B1DE0 (id=WH_GETMESSAGE,code=0,wp=00000001,lp=0026df2c) retval=00000000
241809.206:0160:Call window proc 7B1B1ED0 (hwnd=00010060,msg=WM_USER,wp=00000124,lp=00000001)
241809.206:0160:Call user32.PostMessageW(00010060,00000402,00000000,00000000) ret=7b1b183b
241809.206:0160:Ret  user32.PostMessageW() retval=00000001 ret=7b1b183b
241809.258:0160:Ret  window proc 7B1B1ED0 (hwnd=00010060,msg=WM_USER,wp=00000124,lp=00000001) retval=00000000
241809.258:0160:Call hook proc 7B1B1DE0 (id=WH_GETMESSAGE,code=0,wp=00000001,lp=0026df2c)
241809.259:0160:Ret  hook proc 7B1B1DE0 (id=WH_GETMESSAGE,code=0,wp=00000001,lp=0026df2c) retval=00000000
241809.259:0160:Call window proc 7B1B1ED0 (hwnd=00010060,msg=WM_USER+2,wp=00000000,lp=00000000)
241809.259:0160:Ret  window proc 7B1B1ED0 (hwnd=00010060,msg=WM_USER+2,wp=00000000,lp=00000000) retval=00000000
241809.259:0160:Call hook proc 7B1B1DE0 (id=WH_GETMESSAGE,code=0,wp=00000001,lp=0026df2c)
241809.259:0160:Ret  hook proc 7B1B1DE0 (id=WH_GETMESSAGE,code=0,wp=00000001,lp=0026df2c) retval=00000000
241809.259:0160:Call window proc 7B1B1ED0 (hwnd=00010060,msg=WM_USER,wp=00000124,lp=00000001)
241809.259:0160:Call user32.PostMessageW(00010060,00000402,00000000,00000000) ret=7b1b183b
241809.259:0160:Ret  user32.PostMessageW() retval=00000001 ret=7b1b183b
241809.312:0160:Ret  window proc 7B1B1ED0 (hwnd=00010060,msg=WM_USER,wp=00000124,lp=00000001) retval=00000000
241809.313:0160:Call hook proc 7B1B1DE0 (id=WH_GETMESSAGE,code=0,wp=00000001,lp=0026df2c)
241809.313:0160:Ret  hook proc 7B1B1DE0 (id=WH_GETMESSAGE,code=0,wp=00000001,lp=0026df2c) retval=00000000
241809.313:0160:Call window proc 7B1B1ED0 (hwnd=00010060,msg=WM_USER+2,wp=00000000,lp=00000000)
241809.314:0160:Ret  window proc 7B1B1ED0 (hwnd=00010060,msg=WM_USER+2,wp=00000000,lp=00000000) retval=00000000
241809.314:0160:Call hook proc 7B1B1DE0 (id=WH_GETMESSAGE,code=0,wp=00000001,lp=0026df2c)
241809.314:0160:Ret  hook proc 7B1B1DE0 (id=WH_GETMESSAGE,code=0,wp=00000001,lp=0026df2c) retval=00000000
241809.314:0160:Call window proc 7B1B1ED0 (hwnd=00010060,msg=WM_USER,wp=00000124,lp=00000001)
241809.314:0160:Call user32.PostMessageW(00010060,00000402,00000000,00000000) ret=7b1b183b
241809.314:0160:Ret  user32.PostMessageW() retval=00000001 ret=7b1b183b
241809.367:0160:Ret  window proc 7B1B1ED0 (hwnd=00010060,msg=WM_USER,wp=00000124,lp=00000001) retval=00000000
241809.368:0160:Call hook proc 7B1B1DE0 (id=WH_GETMESSAGE,code=0,wp=00000001,lp=0026df2c)
241809.368:0160:Ret  hook proc 7B1B1DE0 (id=WH_GETMESSAGE,code=0,wp=00000001,lp=0026df2c) retval=00000000
241809.368:0160:Call window proc 7B1B1ED0 (hwnd=00010060,msg=WM_USER+2,wp=00000000,lp=00000000)
241809.368:0160:Ret  window proc 7B1B1ED0 (hwnd=00010060,msg=WM_USER+2,wp=00000000,lp=00000000) retval=00000000
241809.368:0160:Call hook proc 7B1B1DE0 (id=WH_GETMESSAGE,code=0,wp=00000001,lp=0026df2c)
241809.369:0160:Ret  hook proc 7B1B1DE0 (id=WH_GETMESSAGE,code=0,wp=00000001,lp=0026df2c) retval=00000000
241809.369:0160:Call window proc 7B1B1ED0 (hwnd=00010060,msg=WM_USER,wp=00000124,lp=00000001)
241809.369:0160:Call user32.PostMessageW(00010060,00000402,00000000,00000000) ret=7b1b183b
241809.369:0160:Ret  user32.PostMessageW() retval=00000001 ret=7b1b183b
241809.421:0160:Ret  window proc 7B1B1ED0 (hwnd=00010060,msg=WM_USER,wp=00000124,lp=00000001) retval=00000000
241809.421:0160:Call hook proc 7B1B1DE0 (id=WH_GETMESSAGE,code=0,wp=00000001,lp=0026df2c)
241809.421:0160:Ret  hook proc 7B1B1DE0 (id=WH_GETMESSAGE,code=0,wp=00000001,lp=0026df2c) retval=00000000
241809.421:0160:Call window proc 7B1B1ED0 (hwnd=00010060,msg=WM_USER+2,wp=00000000,lp=00000000)
241809.422:0160:Ret  window proc 7B1B1ED0 (hwnd=00010060,msg=WM_USER+2,wp=00000000,lp=00000000) retval=00000000
241809.422:0160:Call hook proc 7B1B1DE0 (id=WH_GETMESSAGE,code=0,wp=00000001,lp=0026df2c)
241809.422:0160:Ret  hook proc 7B1B1DE0 (id=WH_GETMESSAGE,code=0,wp=00000001,lp=0026df2c) retval=00000000
241809.422:0160:Call window proc 7B1B1ED0 (hwnd=00010060,msg=WM_USER,wp=00000124,lp=00000001)
241809.422:0160:Call user32.PostMessageW(00010060,00000402,00000000,00000000) ret=7b1b183b
241809.422:0160:Ret  user32.PostMessageW() retval=00000001 ret=7b1b183b
241809.473:0160:Ret  window proc 7B1B1ED0 (hwnd=00010060,msg=WM_USER,wp=00000124,lp=00000001) retval=00000000
241809.473:0160:Call hook proc 7B1B1DE0 (id=WH_GETMESSAGE,code=0,wp=00000001,lp=0026df2c)
241809.473:0160:Ret  hook proc 7B1B1DE0 (id=WH_GETMESSAGE,code=0,wp=00000001,lp=0026df2c) retval=00000000
241809.473:0160:Call window proc 7B1B1ED0 (hwnd=00010060,msg=WM_USER+2,wp=00000000,lp=00000000)
241809.473:0160:Ret  window proc 7B1B1ED0 (hwnd=00010060,msg=WM_USER+2,wp=00000000,lp=00000000) retval=00000000
241809.473:0160:Call hook proc 7B1B1DE0 (id=WH_GETMESSAGE,code=0,wp=00000001,lp=0026df2c)
241809.473:0160:Ret  hook proc 7B1B1DE0 (id=WH_GETMESSAGE,code=0,wp=00000001,lp=0026df2c) retval=00000000
241809.473:0160:Call window proc 7B1B1ED0 (hwnd=00010060,msg=WM_USER,wp=00000124,lp=00000001)
241809.473:0160:Call user32.PostMessageW(00010060,00000402,00000000,00000000) ret=7b1b183b
241809.473:0160:Ret  user32.PostMessageW() retval=00000001 ret=7b1b183b
241809.525:0160:Ret  window proc 7B1B1ED0 (hwnd=00010060,msg=WM_USER,wp=00000124,lp=00000001) retval=00000000
241809.525:0160:Call hook proc 7B1B1DE0 (id=WH_GETMESSAGE,code=0,wp=00000001,lp=0026df2c)
241809.525:0160:Ret  hook proc 7B1B1DE0 (id=WH_GETMESSAGE,code=0,wp=00000001,lp=0026df2c) retval=00000000
241809.525:0160:Call window proc 7B1B1ED0 (hwnd=00010060,msg=WM_USER+2,wp=00000000,lp=00000000)
241809.525:0160:Ret  window proc 7B1B1ED0 (hwnd=00010060,msg=WM_USER+2,wp=00000000,lp=00000000) retval=00000000
241809.525:0160:Call hook proc 7B1B1DE0 (id=WH_GETMESSAGE,code=0,wp=00000001,lp=0026df2c)
241809.525:0160:Ret  hook proc 7B1B1DE0 (id=WH_GETMESSAGE,code=0,wp=00000001,lp=0026df2c) retval=00000000
241809.525:0160:Call window proc 7B1B1ED0 (hwnd=00010060,msg=WM_USER,wp=00000124,lp=00000001)
241809.525:0160:Call user32.PostMessageW(00010060,00000402,00000000,00000000) ret=7b1b183b
241809.525:0160:Ret  user32.PostMessageW() retval=00000001 ret=7b1b183b
241809.577:0160:Ret  window proc 7B1B1ED0 (hwnd=00010060,msg=WM_USER,wp=00000124,lp=00000001) retval=00000000
241809.577:0160:Call hook proc 7B1B1DE0 (id=WH_GETMESSAGE,code=0,wp=00000001,lp=0026df2c)
241809.577:0160:Ret  hook proc 7B1B1DE0 (id=WH_GETMESSAGE,code=0,wp=00000001,lp=0026df2c) retval=00000000
241809.577:0160:Call window proc 7B1B1ED0 (hwnd=00010060,msg=WM_USER+2,wp=00000000,lp=00000000)
241809.578:0160:Ret  window proc 7B1B1ED0 (hwnd=00010060,msg=WM_USER+2,wp=00000000,lp=00000000) retval=00000000
241809.578:0160:Call hook proc 7B1B1DE0 (id=WH_GETMESSAGE,code=0,wp=00000001,lp=0026df2c)
241809.578:0160:Ret  hook proc 7B1B1DE0 (id=WH_GETMESSAGE,code=0,wp=00000001,lp=0026df2c) retval=00000000
241809.578:0160:Call window proc 7B1B1ED0 (hwnd=00010060,msg=WM_USER,wp=00000124,lp=00000001)
241809.578:0160:Call user32.PostMessageW(00010060,00000402,00000000,00000000) ret=7b1b183b
241809.578:0160:Ret  user32.PostMessageW() retval=00000001 ret=7b1b183b
241809.630:0160:Ret  window proc 7B1B1ED0 (hwnd=00010060,msg=WM_USER,wp=00000124,lp=00000001) retval=00000000
241809.630:0160:Call hook proc 7B1B1DE0 (id=WH_GETMESSAGE,code=0,wp=00000001,lp=0026df2c)
241809.630:0160:Ret  hook proc 7B1B1DE0 (id=WH_GETMESSAGE,code=0,wp=00000001,lp=0026df2c) retval=00000000
241809.630:0160:Call window proc 7B1B1ED0 (hwnd=00010060,msg=WM_USER+2,wp=00000000,lp=00000000)
241809.630:0160:Ret  window proc 7B1B1ED0 (hwnd=00010060,msg=WM_USER+2,wp=00000000,lp=00000000) retval=00000000
241809.630:0160:Call hook proc 7B1B1DE0 (id=WH_GETMESSAGE,code=0,wp=00000001,lp=0026df2c)
241809.630:0160:Ret  hook proc 7B1B1DE0 (id=WH_GETMESSAGE,code=0,wp=00000001,lp=0026df2c) retval=00000000
241809.630:0160:Call window proc 7B1B1ED0 (hwnd=00010060,msg=WM_USER,wp=00000124,lp=00000001)
241809.630:0160:Call user32.PostMessageW(00010060,00000402,00000000,00000000) ret=7b1b183b
241809.630:0160:Ret  user32.PostMessageW() retval=00000001 ret=7b1b183b
241809.681:0160:Ret  window proc 7B1B1ED0 (hwnd=00010060,msg=WM_USER,wp=00000124,lp=00000001) retval=00000000
241809.681:0160:Call hook proc 7B1B1DE0 (id=WH_GETMESSAGE,code=0,wp=00000001,lp=0026df2c)
241809.681:0160:Ret  hook proc 7B1B1DE0 (id=WH_GETMESSAGE,code=0,wp=00000001,lp=0026df2c) retval=00000000
241809.681:0160:Call window proc 7B1B1ED0 (hwnd=00010060,msg=WM_USER+2,wp=00000000,lp=00000000)
241809.681:0160:Ret  window proc 7B1B1ED0 (hwnd=00010060,msg=WM_USER+2,wp=00000000,lp=00000000) retval=00000000
241809.681:0160:Call hook proc 7B1B1DE0 (id=WH_GETMESSAGE,code=0,wp=00000001,lp=0026df2c)
241809.681:0160:Ret  hook proc 7B1B1DE0 (id=WH_GETMESSAGE,code=0,wp=00000001,lp=0026df2c) retval=00000000
241809.681:0160:Call window proc 7B1B1ED0 (hwnd=00010060,msg=WM_USER,wp=00000124,lp=00000001)
241809.681:0160:Call user32.PostMessageW(00010060,00000402,00000000,00000000) ret=7b1b183b
241809.681:0160:Ret  user32.PostMessageW() retval=00000001 ret=7b1b183b
241809.741:0160:Ret  window proc 7B1B1ED0 (hwnd=00010060,msg=WM_USER,wp=00000124,lp=00000001) retval=00000000
241809.741:0160:Call hook proc 7B1B1DE0 (id=WH_GETMESSAGE,code=0,wp=00000001,lp=0026df2c)
241809.741:0160:Ret  hook proc 7B1B1DE0 (id=WH_GETMESSAGE,code=0,wp=00000001,lp=0026df2c) retval=00000000
241809.742:0160:Call window proc 7B1B1ED0 (hwnd=00010060,msg=WM_USER+2,wp=00000000,lp=00000000)
241809.742:0160:Ret  window proc 7B1B1ED0 (hwnd=00010060,msg=WM_USER+2,wp=00000000,lp=00000000) retval=00000000
241809.742:0160:Call hook proc 7B1B1DE0 (id=WH_GETMESSAGE,code=0,wp=00000001,lp=0026df2c)
241809.742:0160:Ret  hook proc 7B1B1DE0 (id=WH_GETMESSAGE,code=0,wp=00000001,lp=0026df2c) retval=00000000
241809.742:0160:Call window proc 7B1B1ED0 (hwnd=00010060,msg=WM_USER,wp=00000124,lp=00000001)
241809.742:0160:Call user32.PostMessageW(00010060,00000402,00000000,00000000) ret=7b1b183b
241809.742:0160:Ret  user32.PostMessageW() retval=00000001 ret=7b1b183b
241809.802:0160:Ret  window proc 7B1B1ED0 (hwnd=00010060,msg=WM_USER,wp=00000124,lp=00000001) retval=00000000
241809.802:0160:Call hook proc 7B1B1DE0 (id=WH_GETMESSAGE,code=0,wp=00000001,lp=0026df2c)
241809.802:0160:Ret  hook proc 7B1B1DE0 (id=WH_GETMESSAGE,code=0,wp=00000001,lp=0026df2c) retval=00000000
241809.802:0160:Call window proc 7B1B1ED0 (hwnd=00010060,msg=WM_USER+2,wp=00000000,lp=00000000)
241809.802:0160:Ret  window proc 7B1B1ED0 (hwnd=00010060,msg=WM_USER+2,wp=00000000,lp=00000000) retval=00000000
241809.802:0160:Call hook proc 7B1B1DE0 (id=WH_GETMESSAGE,code=0,wp=00000001,lp=0026df2c)
241809.802:0160:Ret  hook proc 7B1B1DE0 (id=WH_GETMESSAGE,code=0,wp=00000001,lp=0026df2c) retval=00000000
241809.802:0160:Call window proc 7B1B1ED0 (hwnd=00010060,msg=WM_USER,wp=00000124,lp=00000001)
241809.802:0160:Call user32.PostMessageW(00010060,00000402,00000000,00000000) ret=7b1b183b
241809.802:0160:Ret  user32.PostMessageW() retval=00000001 ret=7b1b183b
241809.853:0160:Ret  window proc 7B1B1ED0 (hwnd=00010060,msg=WM_USER,wp=00000124,lp=00000001) retval=00000000
241809.853:0160:Call hook proc 7B1B1DE0 (id=WH_GETMESSAGE,code=0,wp=00000001,lp=0026df2c)
241809.853:0160:Ret  hook proc 7B1B1DE0 (id=WH_GETMESSAGE,code=0,wp=00000001,lp=0026df2c) retval=00000000
241809.853:0160:Call window proc 7B1B1ED0 (hwnd=00010060,msg=WM_USER+2,wp=00000000,lp=00000000)
241809.853:0160:Ret  window proc 7B1B1ED0 (hwnd=00010060,msg=WM_USER+2,wp=00000000,lp=00000000) retval=00000000
241809.853:0160:Call hook proc 7B1B1DE0 (id=WH_GETMESSAGE,code=0,wp=00000001,lp=0026df2c)
241809.853:0160:Ret  hook proc 7B1B1DE0 (id=WH_GETMESSAGE,code=0,wp=00000001,lp=0026df2c) retval=00000000
241809.853:0160:Call window proc 7B1B1ED0 (hwnd=00010060,msg=WM_USER,wp=00000124,lp=00000001)
241809.853:0160:Call user32.PostMessageW(00010060,00000402,00000000,00000000) ret=7b1b183b
241809.853:0160:Ret  user32.PostMessageW() retval=00000001 ret=7b1b183b
241809.904:0160:Ret  window proc 7B1B1ED0 (hwnd=00010060,msg=WM_USER,wp=00000124,lp=00000001) retval=00000000
241809.904:0160:Call hook proc 7B1B1DE0 (id=WH_GETMESSAGE,code=0,wp=00000001,lp=0026df2c)
241809.904:0160:Ret  hook proc 7B1B1DE0 (id=WH_GETMESSAGE,code=0,wp=00000001,lp=0026df2c) retval=00000000
241809.904:0160:Call window proc 7B1B1ED0 (hwnd=00010060,msg=WM_USER+2,wp=00000000,lp=00000000)
241809.904:0160:Ret  window proc 7B1B1ED0 (hwnd=00010060,msg=WM_USER+2,wp=00000000,lp=00000000) retval=00000000
241809.904:0160:Call hook proc 7B1B1DE0 (id=WH_GETMESSAGE,code=0,wp=00000001,lp=0026df2c)
241809.904:0160:Ret  hook proc 7B1B1DE0 (id=WH_GETMESSAGE,code=0,wp=00000001,lp=0026df2c) retval=00000000
241809.904:0160:Call window proc 7B1B1ED0 (hwnd=00010060,msg=WM_USER,wp=00000124,lp=00000001)
241809.904:0160:Call user32.PostMessageW(00010060,00000402,00000000,00000000) ret=7b1b183b
241809.904:0160:Ret  user32.PostMessageW() retval=00000001 ret=7b1b183b
241809.955:0160:Ret  window proc 7B1B1ED0 (hwnd=00010060,msg=WM_USER,wp=00000124,lp=00000001) retval=00000000
241809.955:0160:Call hook proc 7B1B1DE0 (id=WH_GETMESSAGE,code=0,wp=00000001,lp=0026df2c)
241809.955:0160:Ret  hook proc 7B1B1DE0 (id=WH_GETMESSAGE,code=0,wp=00000001,lp=0026df2c) retval=00000000
241809.955:0160:Call window proc 7B1B1ED0 (hwnd=00010060,msg=WM_USER+2,wp=00000000,lp=00000000)
241809.955:0160:Ret  window proc 7B1B1ED0 (hwnd=00010060,msg=WM_USER+2,wp=00000000,lp=00000000) retval=00000000
241809.955:0160:Call hook proc 7B1B1DE0 (id=WH_GETMESSAGE,code=0,wp=00000001,lp=0026df2c)
241809.955:0160:Ret  hook proc 7B1B1DE0 (id=WH_GETMESSAGE,code=0,wp=00000001,lp=0026df2c) retval=00000000
241809.955:0160:Call window proc 7B1B1ED0 (hwnd=00010060,msg=WM_USER,wp=00000124,lp=00000001)
241809.955:0160:Call user32.PostMessageW(00010060,00000402,00000000,00000000) ret=7b1b183b
241809.955:0160:Ret  user32.PostMessageW() retval=00000001 ret=7b1b183b
241810.015:0160:Ret  window proc 7B1B1ED0 (hwnd=00010060,msg=WM_USER,wp=00000124,lp=00000001) retval=00000000
241810.015:0160:Call hook proc 7B1B1DE0 (id=WH_GETMESSAGE,code=0,wp=00000001,lp=0026df2c)
241810.015:0160:Ret  hook proc 7B1B1DE0 (id=WH_GETMESSAGE,code=0,wp=00000001,lp=0026df2c) retval=00000000
241810.015:0160:Call window proc 7B1B1ED0 (hwnd=00010060,msg=WM_USER+2,wp=00000000,lp=00000000)
241810.015:0160:Ret  window proc 7B1B1ED0 (hwnd=00010060,msg=WM_USER+2,wp=00000000,lp=00000000) retval=00000000
241810.015:0160:Call hook proc 7B1B1DE0 (id=WH_GETMESSAGE,code=0,wp=00000001,lp=0026df2c)
241810.015:0160:Ret  hook proc 7B1B1DE0 (id=WH_GETMESSAGE,code=0,wp=00000001,lp=0026df2c) retval=00000000
241810.015:0160:Call window proc 7B1B1ED0 (hwnd=00010060,msg=WM_USER,wp=00000124,lp=00000001)
241810.015:0160:Call user32.PostMessageW(00010060,00000402,00000000,00000000) ret=7b1b183b
241810.015:0160:Ret  user32.PostMessageW() retval=00000001 ret=7b1b183b
241810.077:0160:Ret  window proc 7B1B1ED0 (hwnd=00010060,msg=WM_USER,wp=00000124,lp=00000001) retval=00000000
241810.077:0160:Call hook proc 7B1B1DE0 (id=WH_GETMESSAGE,code=0,wp=00000001,lp=0026df2c)
241810.077:0160:Ret  hook proc 7B1B1DE0 (id=WH_GETMESSAGE,code=0,wp=00000001,lp=0026df2c) retval=00000000
241810.077:0160:Call window proc 7B1B1ED0 (hwnd=00010060,msg=WM_USER+2,wp=00000000,lp=00000000)
241810.077:0160:Ret  window proc 7B1B1ED0 (hwnd=00010060,msg=WM_USER+2,wp=00000000,lp=00000000) retval=00000000
241810.077:0160:Call hook proc 7B1B1DE0 (id=WH_GETMESSAGE,code=0,wp=00000001,lp=0026df2c)
241810.077:0160:Ret  hook proc 7B1B1DE0 (id=WH_GETMESSAGE,code=0,wp=00000001,lp=0026df2c) retval=00000000
241810.077:0160:Call window proc 7B1B1ED0 (hwnd=00010060,msg=WM_USER,wp=00000124,lp=00000001)
241810.078:0160:Call user32.PostMessageW(00010060,00000402,00000000,00000000) ret=7b1b183b
241810.078:0160:Ret  user32.PostMessageW() retval=00000001 ret=7b1b183b
241810.138:0160:Ret  window proc 7B1B1ED0 (hwnd=00010060,msg=WM_USER,wp=00000124,lp=00000001) retval=00000000
241810.138:0160:Call hook proc 7B1B1DE0 (id=WH_GETMESSAGE,code=0,wp=00000001,lp=0026df2c)
241810.138:0160:Ret  hook proc 7B1B1DE0 (id=WH_GETMESSAGE,code=0,wp=00000001,lp=0026df2c) retval=00000000
241810.138:0160:Call window proc 7B1B1ED0 (hwnd=00010060,msg=WM_USER+2,wp=00000000,lp=00000000)
241810.138:0160:Ret  window proc 7B1B1ED0 (hwnd=00010060,msg=WM_USER+2,wp=00000000,lp=00000000) retval=00000000
241810.138:0160:Call hook proc 7B1B1DE0 (id=WH_GETMESSAGE,code=0,wp=00000001,lp=0026df2c)
241810.138:0160:Ret  hook proc 7B1B1DE0 (id=WH_GETMESSAGE,code=0,wp=00000001,lp=0026df2c) retval=00000000
241810.138:0160:Call window proc 7B1B1ED0 (hwnd=00010060,msg=WM_USER,wp=00000124,lp=00000001)
241810.139:0160:Call user32.PostMessageW(00010060,00000402,00000000,00000000) ret=7b1b183b
241810.139:0160:Ret  user32.PostMessageW() retval=00000001 ret=7b1b183b
241810.199:0160:Ret  window proc 7B1B1ED0 (hwnd=00010060,msg=WM_USER,wp=00000124,lp=00000001) retval=00000000
241810.199:0160:Call hook proc 7B1B1DE0 (id=WH_GETMESSAGE,code=0,wp=00000001,lp=0026df2c)
241810.199:0160:Ret  hook proc 7B1B1DE0 (id=WH_GETMESSAGE,code=0,wp=00000001,lp=0026df2c) retval=00000000
241810.199:0160:Call window proc 7B1B1ED0 (hwnd=00010060,msg=WM_USER+2,wp=00000000,lp=00000000)
241810.199:0160:Ret  window proc 7B1B1ED0 (hwnd=00010060,msg=WM_USER+2,wp=00000000,lp=00000000) retval=00000000
241810.199:0160:Call hook proc 7B1B1DE0 (id=WH_GETMESSAGE,code=0,wp=00000001,lp=0026df2c)
241810.199:0160:Ret  hook proc 7B1B1DE0 (id=WH_GETMESSAGE,code=0,wp=00000001,lp=0026df2c) retval=00000000
241810.199:0160:Call window proc 7B1B1ED0 (hwnd=00010060,msg=WM_USER,wp=00000124,lp=00000001)
241810.199:0160:Call user32.PostMessageW(00010060,00000402,00000000,00000000) ret=7b1b183b
241810.199:0160:Ret  user32.PostMessageW() retval=00000001 ret=7b1b183b
241810.250:0160:Ret  window proc 7B1B1ED0 (hwnd=00010060,msg=WM_USER,wp=00000124,lp=00000001) retval=00000000
241810.250:0160:Call hook proc 7B1B1DE0 (id=WH_GETMESSAGE,code=0,wp=00000001,lp=0026df2c)
241810.250:0160:Ret  hook proc 7B1B1DE0 (id=WH_GETMESSAGE,code=0,wp=00000001,lp=0026df2c) retval=00000000
241810.250:0160:Call window proc 7B1B1ED0 (hwnd=00010060,msg=WM_USER+2,wp=00000000,lp=00000000)
241810.250:0160:Ret  window proc 7B1B1ED0 (hwnd=00010060,msg=WM_USER+2,wp=00000000,lp=00000000) retval=00000000
241810.250:0160:Call hook proc 7B1B1DE0 (id=WH_GETMESSAGE,code=0,wp=00000001,lp=0026df2c)
241810.250:0160:Ret  hook proc 7B1B1DE0 (id=WH_GETMESSAGE,code=0,wp=00000001,lp=0026df2c) retval=00000000
241810.250:0160:Call window proc 7B1B1ED0 (hwnd=00010060,msg=WM_USER,wp=00000124,lp=00000001)
241810.250:0160:Call user32.PostMessageW(00010060,00000402,00000000,00000000) ret=7b1b183b
241810.250:0160:Ret  user32.PostMessageW() retval=00000001 ret=7b1b183b
241810.301:0160:Ret  window proc 7B1B1ED0 (hwnd=00010060,msg=WM_USER,wp=00000124,lp=00000001) retval=00000000
241810.301:0160:Call hook proc 7B1B1DE0 (id=WH_GETMESSAGE,code=0,wp=00000001,lp=0026df2c)
241810.301:0160:Ret  hook proc 7B1B1DE0 (id=WH_GETMESSAGE,code=0,wp=00000001,lp=0026df2c) retval=00000000
241810.301:0160:Call window proc 7B1B1ED0 (hwnd=00010060,msg=WM_USER+2,wp=00000000,lp=00000000)
241810.301:0160:Ret  window proc 7B1B1ED0 (hwnd=00010060,msg=WM_USER+2,wp=00000000,lp=00000000) retval=00000000
241810.301:0160:Call hook proc 7B1B1DE0 (id=WH_GETMESSAGE,code=0,wp=00000001,lp=0026df2c)
241810.301:0160:Ret  hook proc 7B1B1DE0 (id=WH_GETMESSAGE,code=0,wp=00000001,lp=0026df2c) retval=00000000
241810.301:0160:Call window proc 7B1B1ED0 (hwnd=00010060,msg=WM_USER,wp=00000124,lp=00000001)
241810.301:0160:Call user32.PostMessageW(00010060,00000402,00000000,00000000) ret=7b1b183b
241810.301:0160:Ret  user32.PostMessageW() retval=00000001 ret=7b1b183b
241810.352:0160:Ret  window proc 7B1B1ED0 (hwnd=00010060,msg=WM_USER,wp=00000124,lp=00000001) retval=00000000
241810.352:0160:Call hook proc 7B1B1DE0 (id=WH_GETMESSAGE,code=0,wp=00000001,lp=0026df2c)
241810.352:0160:Ret  hook proc 7B1B1DE0 (id=WH_GETMESSAGE,code=0,wp=00000001,lp=0026df2c) retval=00000000
241810.352:0160:Call window proc 7B1B1ED0 (hwnd=00010060,msg=WM_USER+2,wp=00000000,lp=00000000)
241810.352:0160:Ret  window proc 7B1B1ED0 (hwnd=00010060,msg=WM_USER+2,wp=00000000,lp=00000000) retval=00000000
241810.352:0160:Call hook proc 7B1B1DE0 (id=WH_GETMESSAGE,code=0,wp=00000001,lp=0026df2c)
241810.352:0160:Ret  hook proc 7B1B1DE0 (id=WH_GETMESSAGE,code=0,wp=00000001,lp=0026df2c) retval=00000000
241810.352:0160:Call window proc 7B1B1ED0 (hwnd=00010060,msg=WM_USER,wp=00000124,lp=00000001)
241810.352:0160:Call user32.PostMessageW(00010060,00000402,00000000,00000000) ret=7b1b183b
241810.352:0160:Ret  user32.PostMessageW() retval=00000001 ret=7b1b183b
241810.403:0160:Ret  window proc 7B1B1ED0 (hwnd=00010060,msg=WM_USER,wp=00000124,lp=00000001) retval=00000000
241810.403:0160:Call hook proc 7B1B1DE0 (id=WH_GETMESSAGE,code=0,wp=00000001,lp=0026df2c)
241810.403:0160:Ret  hook proc 7B1B1DE0 (id=WH_GETMESSAGE,code=0,wp=00000001,lp=0026df2c) retval=00000000
241810.403:0160:Call window proc 7B1B1ED0 (hwnd=00010060,msg=WM_USER+2,wp=00000000,lp=00000000)
241810.403:0160:Ret  window proc 7B1B1ED0 (hwnd=00010060,msg=WM_USER+2,wp=00000000,lp=00000000) retval=00000000
241810.403:0160:Call hook proc 7B1B1DE0 (id=WH_GETMESSAGE,code=0,wp=00000001,lp=0026df2c)
241810.403:0160:Ret  hook proc 7B1B1DE0 (id=WH_GETMESSAGE,code=0,wp=00000001,lp=0026df2c) retval=00000000
241810.403:0160:Call window proc 7B1B1ED0 (hwnd=00010060,msg=WM_USER,wp=00000124,lp=00000001)
241810.403:0160:Call user32.PostMessageW(00010060,00000402,00000000,00000000) ret=7b1b183b
241810.403:0160:Ret  user32.PostMessageW() retval=00000001 ret=7b1b183b
241810.464:0160:Ret  window proc 7B1B1ED0 (hwnd=00010060,msg=WM_USER,wp=00000124,lp=00000001) retval=00000000
241810.464:0160:Call hook proc 7B1B1DE0 (id=WH_GETMESSAGE,code=0,wp=00000001,lp=0026df2c)
241810.464:0160:Ret  hook proc 7B1B1DE0 (id=WH_GETMESSAGE,code=0,wp=00000001,lp=0026df2c) retval=00000000
241810.464:0160:Call window proc 7B1B1ED0 (hwnd=00010060,msg=WM_USER+2,wp=00000000,lp=00000000)
241810.464:0160:Ret  window proc 7B1B1ED0 (hwnd=00010060,msg=WM_USER+2,wp=00000000,lp=00000000) retval=00000000
241810.464:0160:Call hook proc 7B1B1DE0 (id=WH_GETMESSAGE,code=0,wp=00000001,lp=0026df2c)
241810.464:0160:Ret  hook proc 7B1B1DE0 (id=WH_GETMESSAGE,code=0,wp=00000001,lp=0026df2c) retval=00000000
241810.464:0160:Call window proc 7B1B1ED0 (hwnd=00010060,msg=WM_USER,wp=00000124,lp=00000001)
241810.464:0160:Call user32.PostMessageW(00010060,00000402,00000000,00000000) ret=7b1b183b
241810.464:0160:Ret  user32.PostMessageW() retval=00000001 ret=7b1b183b
241810.525:0160:Ret  window proc 7B1B1ED0 (hwnd=00010060,msg=WM_USER,wp=00000124,lp=00000001) retval=00000000
241810.525:0160:Call hook proc 7B1B1DE0 (id=WH_GETMESSAGE,code=0,wp=00000001,lp=0026df2c)
241810.525:0160:Ret  hook proc 7B1B1DE0 (id=WH_GETMESSAGE,code=0,wp=00000001,lp=0026df2c) retval=00000000
241810.525:0160:Call window proc 7B1B1ED0 (hwnd=00010060,msg=WM_USER+2,wp=00000000,lp=00000000)
241810.525:0160:Ret  window proc 7B1B1ED0 (hwnd=00010060,msg=WM_USER+2,wp=00000000,lp=00000000) retval=00000000
241810.525:0160:Call hook proc 7B1B1DE0 (id=WH_GETMESSAGE,code=0,wp=00000001,lp=0026df2c)
241810.526:0160:Ret  hook proc 7B1B1DE0 (id=WH_GETMESSAGE,code=0,wp=00000001,lp=0026df2c) retval=00000000
241810.526:0160:Call window proc 7B1B1ED0 (hwnd=00010060,msg=WM_USER,wp=00000124,lp=00000001)
241810.526:0160:Call user32.PostMessageW(00010060,00000402,00000000,00000000) ret=7b1b183b
241810.526:0160:Ret  user32.PostMessageW() retval=00000001 ret=7b1b183b
241810.578:0160:Ret  window proc 7B1B1ED0 (hwnd=00010060,msg=WM_USER,wp=00000124,lp=00000001) retval=00000000
241810.579:0160:Call hook proc 7B1B1DE0 (id=WH_GETMESSAGE,code=0,wp=00000001,lp=0026df2c)
241810.579:0160:Ret  hook proc 7B1B1DE0 (id=WH_GETMESSAGE,code=0,wp=00000001,lp=0026df2c) retval=00000000
241810.579:0160:Call window proc 7B1B1ED0 (hwnd=00010060,msg=WM_USER+2,wp=00000000,lp=00000000)
241810.579:0160:Ret  window proc 7B1B1ED0 (hwnd=00010060,msg=WM_USER+2,wp=00000000,lp=00000000) retval=00000000
241810.580:0160:Call hook proc 7B1B1DE0 (id=WH_GETMESSAGE,code=0,wp=00000001,lp=0026df2c)
241810.580:0160:Ret  hook proc 7B1B1DE0 (id=WH_GETMESSAGE,code=0,wp=00000001,lp=0026df2c) retval=00000000
241810.580:0160:Call window proc 7B1B1ED0 (hwnd=00010060,msg=WM_USER,wp=00000124,lp=00000001)
241810.580:0160:Call user32.PostMessageW(00010060,00000402,00000000,00000000) ret=7b1b183b
241810.580:0160:Ret  user32.PostMessageW() retval=00000001 ret=7b1b183b
241810.633:0160:Ret  window proc 7B1B1ED0 (hwnd=00010060,msg=WM_USER,wp=00000124,lp=00000001) retval=00000000
241810.634:0160:Call hook proc 7B1B1DE0 (id=WH_GETMESSAGE,code=0,wp=00000001,lp=0026df2c)
241810.634:0160:Ret  hook proc 7B1B1DE0 (id=WH_GETMESSAGE,code=0,wp=00000001,lp=0026df2c) retval=00000000
241810.634:0160:Call window proc 7B1B1ED0 (hwnd=00010060,msg=WM_USER+2,wp=00000000,lp=00000000)
241810.635:0160:Ret  window proc 7B1B1ED0 (hwnd=00010060,msg=WM_USER+2,wp=00000000,lp=00000000) retval=00000000
241810.635:0160:Call hook proc 7B1B1DE0 (id=WH_GETMESSAGE,code=0,wp=00000001,lp=0026df2c)
241810.635:0160:Ret  hook proc 7B1B1DE0 (id=WH_GETMESSAGE,code=0,wp=00000001,lp=0026df2c) retval=00000000
241810.635:0160:Call window proc 7B1B1ED0 (hwnd=00010060,msg=WM_USER,wp=00000124,lp=00000001)
241810.635:0160:Call user32.PostMessageW(00010060,00000402,00000000,00000000) ret=7b1b183b
241810.635:0160:Ret  user32.PostMessageW() retval=00000001 ret=7b1b183b
241810.687:0160:Ret  window proc 7B1B1ED0 (hwnd=00010060,msg=WM_USER,wp=00000124,lp=00000001) retval=00000000
241810.687:0160:Call hook proc 7B1B1DE0 (id=WH_GETMESSAGE,code=0,wp=00000001,lp=0026df2c)
241810.687:0160:Ret  hook proc 7B1B1DE0 (id=WH_GETMESSAGE,code=0,wp=00000001,lp=0026df2c) retval=00000000
241810.687:0160:Call window proc 7B1B1ED0 (hwnd=00010060,msg=WM_USER+2,wp=00000000,lp=00000000)
241810.688:0160:Ret  window proc 7B1B1ED0 (hwnd=00010060,msg=WM_USER+2,wp=00000000,lp=00000000) retval=00000000
241810.688:0160:Call hook proc 7B1B1DE0 (id=WH_GETMESSAGE,code=0,wp=00000001,lp=0026df2c)
241810.688:0160:Ret  hook proc 7B1B1DE0 (id=WH_GETMESSAGE,code=0,wp=00000001,lp=0026df2c) retval=00000000
241810.688:0160:Call window proc 7B1B1ED0 (hwnd=00010060,msg=WM_USER,wp=00000124,lp=00000001)
241810.688:0160:Call user32.PostMessageW(00010060,00000402,00000000,00000000) ret=7b1b183b
241810.688:0160:Ret  user32.PostMessageW() retval=00000001 ret=7b1b183b
241810.740:0160:Ret  window proc 7B1B1ED0 (hwnd=00010060,msg=WM_USER,wp=00000124,lp=00000001) retval=00000000
241810.740:0160:Call hook proc 7B1B1DE0 (id=WH_GETMESSAGE,code=0,wp=00000001,lp=0026df2c)
241810.741:0160:Ret  hook proc 7B1B1DE0 (id=WH_GETMESSAGE,code=0,wp=00000001,lp=0026df2c) retval=00000000
241810.741:0160:Call window proc 7B1B1ED0 (hwnd=00010060,msg=WM_USER+2,wp=00000000,lp=00000000)
241810.741:0160:Ret  window proc 7B1B1ED0 (hwnd=00010060,msg=WM_USER+2,wp=00000000,lp=00000000) retval=00000000
241810.741:0160:Call hook proc 7B1B1DE0 (id=WH_GETMESSAGE,code=0,wp=00000001,lp=0026df2c)
241810.741:0160:Ret  hook proc 7B1B1DE0 (id=WH_GETMESSAGE,code=0,wp=00000001,lp=0026df2c) retval=00000000
241810.741:0160:Call window proc 7B1B1ED0 (hwnd=00010060,msg=WM_USER,wp=00000124,lp=00000001)
241810.741:0160:Call user32.PostMessageW(00010060,00000402,00000000,00000000) ret=7b1b183b
241810.741:0160:Ret  user32.PostMessageW() retval=00000001 ret=7b1b183b
241810.794:0160:Ret  window proc 7B1B1ED0 (hwnd=00010060,msg=WM_USER,wp=00000124,lp=00000001) retval=00000000
241810.795:0160:Call hook proc 7B1B1DE0 (id=WH_GETMESSAGE,code=0,wp=00000001,lp=0026df2c)
241810.795:0160:Ret  hook proc 7B1B1DE0 (id=WH_GETMESSAGE,code=0,wp=00000001,lp=0026df2c) retval=00000000
241810.795:0160:Call window proc 7B1B1ED0 (hwnd=00010060,msg=WM_USER+2,wp=00000000,lp=00000000)
241810.795:0160:Ret  window proc 7B1B1ED0 (hwnd=00010060,msg=WM_USER+2,wp=00000000,lp=00000000) retval=00000000
241810.796:0160:Call hook proc 7B1B1DE0 (id=WH_GETMESSAGE,code=0,wp=00000001,lp=0026df2c)
241810.796:0160:Ret  hook proc 7B1B1DE0 (id=WH_GETMESSAGE,code=0,wp=00000001,lp=0026df2c) retval=00000000
241810.796:0160:Call window proc 7B1B1ED0 (hwnd=00010060,msg=WM_USER,wp=00000124,lp=00000001)
241810.796:0160:Call user32.PostMessageW(00010060,00000402,00000000,00000000) ret=7b1b183b
241810.796:0160:Ret  user32.PostMessageW() retval=00000001 ret=7b1b183b
241810.848:0160:Ret  window proc 7B1B1ED0 (hwnd=00010060,msg=WM_USER,wp=00000124,lp=00000001) retval=00000000
241810.848:0160:Call hook proc 7B1B1DE0 (id=WH_GETMESSAGE,code=0,wp=00000001,lp=0026df2c)
241810.848:0160:Ret  hook proc 7B1B1DE0 (id=WH_GETMESSAGE,code=0,wp=00000001,lp=0026df2c) retval=00000000
241810.848:0160:Call window proc 7B1B1ED0 (hwnd=00010060,msg=WM_USER+2,wp=00000000,lp=00000000)
241810.848:0160:Ret  window proc 7B1B1ED0 (hwnd=00010060,msg=WM_USER+2,wp=00000000,lp=00000000) retval=00000000
241810.848:0160:Call hook proc 7B1B1DE0 (id=WH_GETMESSAGE,code=0,wp=00000001,lp=0026df2c)
241810.848:0160:Ret  hook proc 7B1B1DE0 (id=WH_GETMESSAGE,code=0,wp=00000001,lp=0026df2c) retval=00000000
241810.848:0160:Call window proc 7B1B1ED0 (hwnd=00010060,msg=WM_USER,wp=00000124,lp=00000001)
241810.848:0160:Call user32.PostMessageW(00010060,00000402,00000000,00000000) ret=7b1b183b
241810.848:0160:Ret  user32.PostMessageW() retval=00000001 ret=7b1b183b
241810.900:0160:Ret  window proc 7B1B1ED0 (hwnd=00010060,msg=WM_USER,wp=00000124,lp=00000001) retval=00000000
241810.901:0160:Call hook proc 7B1B1DE0 (id=WH_GETMESSAGE,code=0,wp=00000001,lp=0026df2c)
241810.901:0160:Ret  hook proc 7B1B1DE0 (id=WH_GETMESSAGE,code=0,wp=00000001,lp=0026df2c) retval=00000000
241810.901:0160:Call window proc 7B1B1ED0 (hwnd=00010060,msg=WM_USER+2,wp=00000000,lp=00000000)
241810.901:0160:Ret  window proc 7B1B1ED0 (hwnd=00010060,msg=WM_USER+2,wp=00000000,lp=00000000) retval=00000000
241810.901:0160:Call hook proc 7B1B1DE0 (id=WH_GETMESSAGE,code=0,wp=00000001,lp=0026df2c)
241810.901:0160:Ret  hook proc 7B1B1DE0 (id=WH_GETMESSAGE,code=0,wp=00000001,lp=0026df2c) retval=00000000
241810.901:0160:Call window proc 7B1B1ED0 (hwnd=00010060,msg=WM_USER,wp=00000124,lp=00000001)
241810.901:0160:Call user32.PostMessageW(00010060,00000402,00000000,00000000) ret=7b1b183b
241810.901:0160:Ret  user32.PostMessageW() retval=00000001 ret=7b1b183b
241810.952:0160:Ret  window proc 7B1B1ED0 (hwnd=00010060,msg=WM_USER,wp=00000124,lp=00000001) retval=00000000
241810.953:0160:Call hook proc 7B1B1DE0 (id=WH_GETMESSAGE,code=0,wp=00000001,lp=0026df2c)
241810.953:0160:Ret  hook proc 7B1B1DE0 (id=WH_GETMESSAGE,code=0,wp=00000001,lp=0026df2c) retval=00000000
241810.953:0160:Call window proc 7B1B1ED0 (hwnd=00010060,msg=WM_USER+2,wp=00000000,lp=00000000)
241810.953:0160:Ret  window proc 7B1B1ED0 (hwnd=00010060,msg=WM_USER+2,wp=00000000,lp=00000000) retval=00000000
241810.953:0160:Call hook proc 7B1B1DE0 (id=WH_GETMESSAGE,code=0,wp=00000001,lp=0026df2c)
241810.953:0160:Ret  hook proc 7B1B1DE0 (id=WH_GETMESSAGE,code=0,wp=00000001,lp=0026df2c) retval=00000000
241810.953:0160:Call window proc 7B1B1ED0 (hwnd=00010060,msg=WM_USER,wp=00000124,lp=00000001)
241810.953:0160:Call user32.PostMessageW(00010060,00000402,00000000,00000000) ret=7b1b183b
241810.953:0160:Ret  user32.PostMessageW() retval=00000001 ret=7b1b183b
241811.007:0160:Ret  window proc 7B1B1ED0 (hwnd=00010060,msg=WM_USER,wp=00000124,lp=00000001) retval=00000000
241811.007:0160:Call hook proc 7B1B1DE0 (id=WH_GETMESSAGE,code=0,wp=00000001,lp=0026df2c)
241811.007:0160:Ret  hook proc 7B1B1DE0 (id=WH_GETMESSAGE,code=0,wp=00000001,lp=0026df2c) retval=00000000
241811.007:0160:Call window proc 7B1B1ED0 (hwnd=00010060,msg=WM_USER+2,wp=00000000,lp=00000000)
241811.008:0160:Ret  window proc 7B1B1ED0 (hwnd=00010060,msg=WM_USER+2,wp=00000000,lp=00000000) retval=00000000
241811.008:0160:Call hook proc 7B1B1DE0 (id=WH_GETMESSAGE,code=0,wp=00000001,lp=0026df2c)
241811.008:0160:Ret  hook proc 7B1B1DE0 (id=WH_GETMESSAGE,code=0,wp=00000001,lp=0026df2c) retval=00000000
241811.008:0160:Call window proc 7B1B1ED0 (hwnd=00010060,msg=WM_USER,wp=00000124,lp=00000001)
241811.008:0160:Call user32.PostMessageW(00010060,00000402,00000000,00000000) ret=7b1b183b
241811.008:0160:Ret  user32.PostMessageW() retval=00000001 ret=7b1b183b
241811.059:0160:Ret  window proc 7B1B1ED0 (hwnd=00010060,msg=WM_USER,wp=00000124,lp=00000001) retval=00000000
241811.060:0160:Call hook proc 7B1B1DE0 (id=WH_GETMESSAGE,code=0,wp=00000001,lp=0026df2c)
241811.060:0160:Ret  hook proc 7B1B1DE0 (id=WH_GETMESSAGE,code=0,wp=00000001,lp=0026df2c) retval=00000000
241811.060:0160:Call window proc 7B1B1ED0 (hwnd=00010060,msg=WM_USER+2,wp=00000000,lp=00000000)
241811.060:0160:Ret  window proc 7B1B1ED0 (hwnd=00010060,msg=WM_USER+2,wp=00000000,lp=00000000) retval=00000000
241811.060:0160:Call hook proc 7B1B1DE0 (id=WH_GETMESSAGE,code=0,wp=00000001,lp=0026df2c)
241811.060:0160:Ret  hook proc 7B1B1DE0 (id=WH_GETMESSAGE,code=0,wp=00000001,lp=0026df2c) retval=00000000
241811.060:0160:Call window proc 7B1B1ED0 (hwnd=00010060,msg=WM_USER,wp=00000124,lp=00000001)
241811.060:0160:Call user32.PostMessageW(00010060,00000402,00000000,00000000) ret=7b1b183b
241811.060:0160:Ret  user32.PostMessageW() retval=00000001 ret=7b1b183b
241811.112:0160:Ret  window proc 7B1B1ED0 (hwnd=00010060,msg=WM_USER,wp=00000124,lp=00000001) retval=00000000
241811.113:0160:Call hook proc 7B1B1DE0 (id=WH_GETMESSAGE,code=0,wp=00000001,lp=0026df2c)
241811.113:0160:Ret  hook proc 7B1B1DE0 (id=WH_GETMESSAGE,code=0,wp=00000001,lp=0026df2c) retval=00000000
241811.113:0160:Call window proc 7B1B1ED0 (hwnd=00010060,msg=WM_USER+2,wp=00000000,lp=00000000)
241811.114:0160:Ret  window proc 7B1B1ED0 (hwnd=00010060,msg=WM_USER+2,wp=00000000,lp=00000000) retval=00000000
241811.114:0160:Call hook proc 7B1B1DE0 (id=WH_GETMESSAGE,code=0,wp=00000001,lp=0026df2c)
241811.114:0160:Ret  hook proc 7B1B1DE0 (id=WH_GETMESSAGE,code=0,wp=00000001,lp=0026df2c) retval=00000000
241811.114:0160:Call window proc 7B1B1ED0 (hwnd=00010060,msg=WM_USER,wp=00000124,lp=00000001)
241811.114:0160:Call user32.PostMessageW(00010060,00000402,00000000,00000000) ret=7b1b183b
241811.114:0160:Ret  user32.PostMessageW() retval=00000001 ret=7b1b183b
241811.166:0160:Ret  window proc 7B1B1ED0 (hwnd=00010060,msg=WM_USER,wp=00000124,lp=00000001) retval=00000000
241811.167:0160:Call hook proc 7B1B1DE0 (id=WH_GETMESSAGE,code=0,wp=00000001,lp=0026df2c)
241811.167:0160:Ret  hook proc 7B1B1DE0 (id=WH_GETMESSAGE,code=0,wp=00000001,lp=0026df2c) retval=00000000
241811.167:0160:Call window proc 7B1B1ED0 (hwnd=00010060,msg=WM_USER+2,wp=00000000,lp=00000000)
241811.167:0160:Ret  window proc 7B1B1ED0 (hwnd=00010060,msg=WM_USER+2,wp=00000000,lp=00000000) retval=00000000
241811.168:0160:Call hook proc 7B1B1DE0 (id=WH_GETMESSAGE,code=0,wp=00000001,lp=0026df2c)
241811.168:0160:Ret  hook proc 7B1B1DE0 (id=WH_GETMESSAGE,code=0,wp=00000001,lp=0026df2c) retval=00000000
241811.168:0160:Call window proc 7B1B1ED0 (hwnd=00010060,msg=WM_USER,wp=00000124,lp=00000001)
241811.168:0160:Call user32.PostMessageW(00010060,00000402,00000000,00000000) ret=7b1b183b
241811.168:0160:Ret  user32.PostMessageW() retval=00000001 ret=7b1b183b
241811.221:0160:Ret  window proc 7B1B1ED0 (hwnd=00010060,msg=WM_USER,wp=00000124,lp=00000001) retval=00000000
241811.221:0160:Call hook proc 7B1B1DE0 (id=WH_GETMESSAGE,code=0,wp=00000001,lp=0026df2c)
241811.221:0160:Ret  hook proc 7B1B1DE0 (id=WH_GETMESSAGE,code=0,wp=00000001,lp=0026df2c) retval=00000000
241811.221:0160:Call window proc 7B1B1ED0 (hwnd=00010060,msg=WM_USER+2,wp=00000000,lp=00000000)
241811.221:0160:Ret  window proc 7B1B1ED0 (hwnd=00010060,msg=WM_USER+2,wp=00000000,lp=00000000) retval=00000000
241811.221:0160:Call hook proc 7B1B1DE0 (id=WH_GETMESSAGE,code=0,wp=00000001,lp=0026df2c)
241811.221:0160:Ret  hook proc 7B1B1DE0 (id=WH_GETMESSAGE,code=0,wp=00000001,lp=0026df2c) retval=00000000
241811.221:0160:Call window proc 7B1B1ED0 (hwnd=00010060,msg=WM_USER,wp=00000124,lp=00000001)
241811.222:0160:Call user32.PostMessageW(00010060,00000402,00000000,00000000) ret=7b1b183b
241811.222:0160:Ret  user32.PostMessageW() retval=00000001 ret=7b1b183b
241811.274:0160:Ret  window proc 7B1B1ED0 (hwnd=00010060,msg=WM_USER,wp=00000124,lp=00000001) retval=00000000
241811.275:0160:Call hook proc 7B1B1DE0 (id=WH_GETMESSAGE,code=0,wp=00000001,lp=0026df2c)
241811.275:0160:Ret  hook proc 7B1B1DE0 (id=WH_GETMESSAGE,code=0,wp=00000001,lp=0026df2c) retval=00000000
241811.275:0160:Call window proc 7B1B1ED0 (hwnd=00010060,msg=WM_USER+2,wp=00000000,lp=00000000)
241811.275:0160:Ret  window proc 7B1B1ED0 (hwnd=00010060,msg=WM_USER+2,wp=00000000,lp=00000000) retval=00000000
241811.275:0160:Call hook proc 7B1B1DE0 (id=WH_GETMESSAGE,code=0,wp=00000001,lp=0026df2c)
241811.275:0160:Ret  hook proc 7B1B1DE0 (id=WH_GETMESSAGE,code=0,wp=00000001,lp=0026df2c) retval=00000000
241811.275:0160:Call window proc 7B1B1ED0 (hwnd=00010060,msg=WM_USER,wp=00000124,lp=00000001)
241811.275:0160:Call user32.PostMessageW(00010060,00000402,00000000,00000000) ret=7b1b183b
241811.275:0160:Ret  user32.PostMessageW() retval=00000001 ret=7b1b183b
241811.328:0160:Ret  window proc 7B1B1ED0 (hwnd=00010060,msg=WM_USER,wp=00000124,lp=00000001) retval=00000000
241811.329:0160:Call hook proc 7B1B1DE0 (id=WH_GETMESSAGE,code=0,wp=00000001,lp=0026df2c)
241811.329:0160:Ret  hook proc 7B1B1DE0 (id=WH_GETMESSAGE,code=0,wp=00000001,lp=0026df2c) retval=00000000
241811.329:0160:Call window proc 7B1B1ED0 (hwnd=00010060,msg=WM_USER+2,wp=00000000,lp=00000000)
241811.330:0160:Ret  window proc 7B1B1ED0 (hwnd=00010060,msg=WM_USER+2,wp=00000000,lp=00000000) retval=00000000
241811.330:0160:Call hook proc 7B1B1DE0 (id=WH_GETMESSAGE,code=0,wp=00000001,lp=0026df2c)
241811.331:0160:Ret  hook proc 7B1B1DE0 (id=WH_GETMESSAGE,code=0,wp=00000001,lp=0026df2c) retval=00000000
241811.331:0160:Call window proc 7B1B1ED0 (hwnd=00010060,msg=WM_USER,wp=00000124,lp=00000001)
241811.331:0160:Call user32.PostMessageW(00010060,00000402,00000000,00000000) ret=7b1b183b
241811.331:0160:Ret  user32.PostMessageW() retval=00000001 ret=7b1b183b
241811.383:0160:Ret  window proc 7B1B1ED0 (hwnd=00010060,msg=WM_USER,wp=00000124,lp=00000001) retval=00000000
241811.383:0160:Call hook proc 7B1B1DE0 (id=WH_GETMESSAGE,code=0,wp=00000001,lp=0026df2c)
241811.383:0160:Ret  hook proc 7B1B1DE0 (id=WH_GETMESSAGE,code=0,wp=00000001,lp=0026df2c) retval=00000000
241811.383:0160:Call window proc 7B1B1ED0 (hwnd=00010060,msg=WM_USER+2,wp=00000000,lp=00000000)
241811.383:0160:Ret  window proc 7B1B1ED0 (hwnd=00010060,msg=WM_USER+2,wp=00000000,lp=00000000) retval=00000000
241811.383:0160:Call hook proc 7B1B1DE0 (id=WH_GETMESSAGE,code=0,wp=00000001,lp=0026df2c)
241811.383:0160:Ret  hook proc 7B1B1DE0 (id=WH_GETMESSAGE,code=0,wp=00000001,lp=0026df2c) retval=00000000
241811.384:0160:Call window proc 7B1B1ED0 (hwnd=00010060,msg=WM_USER,wp=00000124,lp=00000001)
241811.384:0160:Call user32.PostMessageW(00010060,00000402,00000000,00000000) ret=7b1b183b
241811.384:0160:Ret  user32.PostMessageW() retval=00000001 ret=7b1b183b
241811.435:0160:Ret  window proc 7B1B1ED0 (hwnd=00010060,msg=WM_USER,wp=00000124,lp=00000001) retval=00000000
241811.435:0160:Call hook proc 7B1B1DE0 (id=WH_GETMESSAGE,code=0,wp=00000001,lp=0026df2c)
241811.435:0160:Ret  hook proc 7B1B1DE0 (id=WH_GETMESSAGE,code=0,wp=00000001,lp=0026df2c) retval=00000000
241811.435:0160:Call window proc 7B1B1ED0 (hwnd=00010060,msg=WM_USER+2,wp=00000000,lp=00000000)
241811.435:0160:Ret  window proc 7B1B1ED0 (hwnd=00010060,msg=WM_USER+2,wp=00000000,lp=00000000) retval=00000000
241811.435:0160:Call hook proc 7B1B1DE0 (id=WH_GETMESSAGE,code=0,wp=00000001,lp=0026df2c)
241811.435:0160:Ret  hook proc 7B1B1DE0 (id=WH_GETMESSAGE,code=0,wp=00000001,lp=0026df2c) retval=00000000
241811.435:0160:Call window proc 7B1B1ED0 (hwnd=00010060,msg=WM_USER,wp=00000124,lp=00000001)
241811.436:0160:Call user32.PostMessageW(00010060,00000402,00000000,00000000) ret=7b1b183b
241811.436:0160:Ret  user32.PostMessageW() retval=00000001 ret=7b1b183b
241811.497:0160:Ret  window proc 7B1B1ED0 (hwnd=00010060,msg=WM_USER,wp=00000124,lp=00000001) retval=00000000
241811.497:0160:Call hook proc 7B1B1DE0 (id=WH_GETMESSAGE,code=0,wp=00000001,lp=0026df2c)
241811.497:0160:Ret  hook proc 7B1B1DE0 (id=WH_GETMESSAGE,code=0,wp=00000001,lp=0026df2c) retval=00000000
241811.497:0160:Call window proc 7B1B1ED0 (hwnd=00010060,msg=WM_USER+2,wp=00000000,lp=00000000)
241811.497:0160:Ret  window proc 7B1B1ED0 (hwnd=00010060,msg=WM_USER+2,wp=00000000,lp=00000000) retval=00000000
241811.497:0160:Call hook proc 7B1B1DE0 (id=WH_GETMESSAGE,code=0,wp=00000001,lp=0026df2c)
241811.497:0160:Ret  hook proc 7B1B1DE0 (id=WH_GETMESSAGE,code=0,wp=00000001,lp=0026df2c) retval=00000000
241811.497:0160:Call window proc 7B1B1ED0 (hwnd=00010060,msg=WM_USER,wp=00000124,lp=00000001)
241811.497:0160:Call user32.PostMessageW(00010060,00000402,00000000,00000000) ret=7b1b183b
241811.497:0160:Ret  user32.PostMessageW() retval=00000001 ret=7b1b183b
241811.549:0160:Ret  window proc 7B1B1ED0 (hwnd=00010060,msg=WM_USER,wp=00000124,lp=00000001) retval=00000000
241811.549:0160:Call hook proc 7B1B1DE0 (id=WH_GETMESSAGE,code=0,wp=00000001,lp=0026df2c)
241811.549:0160:Ret  hook proc 7B1B1DE0 (id=WH_GETMESSAGE,code=0,wp=00000001,lp=0026df2c) retval=00000000
241811.549:0160:Call window proc 7B1B1ED0 (hwnd=00010060,msg=WM_USER+2,wp=00000000,lp=00000000)
241811.550:0160:Ret  window proc 7B1B1ED0 (hwnd=00010060,msg=WM_USER+2,wp=00000000,lp=00000000) retval=00000000
241811.550:0160:Call hook proc 7B1B1DE0 (id=WH_GETMESSAGE,code=0,wp=00000001,lp=0026df2c)
241811.550:0160:Ret  hook proc 7B1B1DE0 (id=WH_GETMESSAGE,code=0,wp=00000001,lp=0026df2c) retval=00000000
241811.550:0160:Call window proc 7B1B1ED0 (hwnd=00010060,msg=WM_USER,wp=00000124,lp=00000001)
241811.550:0160:Call user32.PostMessageW(00010060,00000402,00000000,00000000) ret=7b1b183b
241811.550:0160:Ret  user32.PostMessageW() retval=00000001 ret=7b1b183b
241811.602:0160:Ret  window proc 7B1B1ED0 (hwnd=00010060,msg=WM_USER,wp=00000124,lp=00000001) retval=00000000
241811.603:0160:Call hook proc 7B1B1DE0 (id=WH_GETMESSAGE,code=0,wp=00000001,lp=0026df2c)
241811.603:0160:Ret  hook proc 7B1B1DE0 (id=WH_GETMESSAGE,code=0,wp=00000001,lp=0026df2c) retval=00000000
241811.603:0160:Call window proc 7B1B1ED0 (hwnd=00010060,msg=WM_USER+2,wp=00000000,lp=00000000)
241811.603:0160:Ret  window proc 7B1B1ED0 (hwnd=00010060,msg=WM_USER+2,wp=00000000,lp=00000000) retval=00000000
241811.604:0160:Call hook proc 7B1B1DE0 (id=WH_GETMESSAGE,code=0,wp=00000001,lp=0026df2c)
241811.604:0160:Ret  hook proc 7B1B1DE0 (id=WH_GETMESSAGE,code=0,wp=00000001,lp=0026df2c) retval=00000000
241811.604:0160:Call window proc 7B1B1ED0 (hwnd=00010060,msg=WM_USER,wp=00000124,lp=00000001)
241811.604:0160:Call user32.PostMessageW(00010060,00000402,00000000,00000000) ret=7b1b183b
241811.604:0160:Ret  user32.PostMessageW() retval=00000001 ret=7b1b183b
241811.657:0160:Ret  window proc 7B1B1ED0 (hwnd=00010060,msg=WM_USER,wp=00000124,lp=00000001) retval=00000000
241811.658:0160:Call hook proc 7B1B1DE0 (id=WH_GETMESSAGE,code=0,wp=00000001,lp=0026df2c)
241811.659:0160:Ret  hook proc 7B1B1DE0 (id=WH_GETMESSAGE,code=0,wp=00000001,lp=0026df2c) retval=00000000
241811.659:0160:Call window proc 7B1B1ED0 (hwnd=00010060,msg=WM_USER+2,wp=00000000,lp=00000000)
241811.660:0160:Ret  window proc 7B1B1ED0 (hwnd=00010060,msg=WM_USER+2,wp=00000000,lp=00000000) retval=00000000
241811.660:0160:Call hook proc 7B1B1DE0 (id=WH_GETMESSAGE,code=0,wp=00000001,lp=0026df2c)
241811.660:0160:Ret  hook proc 7B1B1DE0 (id=WH_GETMESSAGE,code=0,wp=00000001,lp=0026df2c) retval=00000000
241811.660:0160:Call window proc 7B1B1ED0 (hwnd=00010060,msg=WM_USER,wp=00000124,lp=00000001)
241811.660:0160:Call user32.PostMessageW(00010060,00000402,00000000,00000000) ret=7b1b183b
241811.661:0160:Ret  user32.PostMessageW() retval=00000001 ret=7b1b183b
241811.713:0160:Ret  window proc 7B1B1ED0 (hwnd=00010060,msg=WM_USER,wp=00000124,lp=00000001) retval=00000000
241811.713:0160:Call hook proc 7B1B1DE0 (id=WH_GETMESSAGE,code=0,wp=00000001,lp=0026df2c)
241811.714:0160:Ret  hook proc 7B1B1DE0 (id=WH_GETMESSAGE,code=0,wp=00000001,lp=0026df2c) retval=00000000
241811.714:0160:Call window proc 7B1B1ED0 (hwnd=00010060,msg=WM_USER+2,wp=00000000,lp=00000000)
241811.714:0160:Ret  window proc 7B1B1ED0 (hwnd=00010060,msg=WM_USER+2,wp=00000000,lp=00000000) retval=00000000
241811.714:0160:Call hook proc 7B1B1DE0 (id=WH_GETMESSAGE,code=0,wp=00000001,lp=0026df2c)
241811.714:0160:Ret  hook proc 7B1B1DE0 (id=WH_GETMESSAGE,code=0,wp=00000001,lp=0026df2c) retval=00000000
241811.714:0160:Call window proc 7B1B1ED0 (hwnd=00010060,msg=WM_USER,wp=00000124,lp=00000001)
241811.714:0160:Call user32.PostMessageW(00010060,00000402,00000000,00000000) ret=7b1b183b
241811.714:0160:Ret  user32.PostMessageW() retval=00000001 ret=7b1b183b
241811.767:0160:Ret  window proc 7B1B1ED0 (hwnd=00010060,msg=WM_USER,wp=00000124,lp=00000001) retval=00000000
241811.768:0160:Call hook proc 7B1B1DE0 (id=WH_GETMESSAGE,code=0,wp=00000001,lp=0026df2c)
241811.768:0160:Ret  hook proc 7B1B1DE0 (id=WH_GETMESSAGE,code=0,wp=00000001,lp=0026df2c) retval=00000000
241811.768:0160:Call window proc 7B1B1ED0 (hwnd=00010060,msg=WM_USER+2,wp=00000000,lp=00000000)
241811.768:0160:Ret  window proc 7B1B1ED0 (hwnd=00010060,msg=WM_USER+2,wp=00000000,lp=00000000) retval=00000000
241811.768:0160:Call hook proc 7B1B1DE0 (id=WH_GETMESSAGE,code=0,wp=00000001,lp=0026df2c)
241811.768:0160:Ret  hook proc 7B1B1DE0 (id=WH_GETMESSAGE,code=0,wp=00000001,lp=0026df2c) retval=00000000
241811.768:0160:Call window proc 7B1B1ED0 (hwnd=00010060,msg=WM_USER,wp=00000124,lp=00000001)
241811.768:0160:Call user32.PostMessageW(00010060,00000402,00000000,00000000) ret=7b1b183b
241811.768:0160:Ret  user32.PostMessageW() retval=00000001 ret=7b1b183b
241811.821:0160:Ret  window proc 7B1B1ED0 (hwnd=00010060,msg=WM_USER,wp=00000124,lp=00000001) retval=00000000
241811.822:0160:Call hook proc 7B1B1DE0 (id=WH_GETMESSAGE,code=0,wp=00000001,lp=0026df2c)
241811.822:0160:Ret  hook proc 7B1B1DE0 (id=WH_GETMESSAGE,code=0,wp=00000001,lp=0026df2c) retval=00000000
241811.822:0160:Call window proc 7B1B1ED0 (hwnd=00010060,msg=WM_USER+2,wp=00000000,lp=00000000)
241811.823:0160:Ret  window proc 7B1B1ED0 (hwnd=00010060,msg=WM_USER+2,wp=00000000,lp=00000000) retval=00000000
241811.823:0160:Call hook proc 7B1B1DE0 (id=WH_GETMESSAGE,code=0,wp=00000001,lp=0026df2c)
241811.823:0160:Ret  hook proc 7B1B1DE0 (id=WH_GETMESSAGE,code=0,wp=00000001,lp=0026df2c) retval=00000000
241811.823:0160:Call window proc 7B1B1ED0 (hwnd=00010060,msg=WM_USER,wp=00000124,lp=00000001)
241811.823:0160:Call user32.PostMessageW(00010060,00000402,00000000,00000000) ret=7b1b183b
241811.823:0160:Ret  user32.PostMessageW() retval=00000001 ret=7b1b183b
241811.877:0160:Ret  window proc 7B1B1ED0 (hwnd=00010060,msg=WM_USER,wp=00000124,lp=00000001) retval=00000000
241811.877:0160:Call hook proc 7B1B1DE0 (id=WH_GETMESSAGE,code=0,wp=00000001,lp=0026df2c)
241811.877:0160:Ret  hook proc 7B1B1DE0 (id=WH_GETMESSAGE,code=0,wp=00000001,lp=0026df2c) retval=00000000
241811.877:0160:Call window proc 7B1B1ED0 (hwnd=00010060,msg=WM_USER+2,wp=00000000,lp=00000000)
241811.877:0160:Ret  window proc 7B1B1ED0 (hwnd=00010060,msg=WM_USER+2,wp=00000000,lp=00000000) retval=00000000
241811.877:0160:Call hook proc 7B1B1DE0 (id=WH_GETMESSAGE,code=0,wp=00000001,lp=0026df2c)
241811.877:0160:Ret  hook proc 7B1B1DE0 (id=WH_GETMESSAGE,code=0,wp=00000001,lp=0026df2c) retval=00000000
241811.877:0160:Call window proc 7B1B1ED0 (hwnd=00010060,msg=WM_USER,wp=00000124,lp=00000001)
241811.877:0160:Call user32.PostMessageW(00010060,00000402,00000000,00000000) ret=7b1b183b
241811.877:0160:Ret  user32.PostMessageW() retval=00000001 ret=7b1b183b
241811.931:0160:Ret  window proc 7B1B1ED0 (hwnd=00010060,msg=WM_USER,wp=00000124,lp=00000001) retval=00000000
241811.931:0160:Call hook proc 7B1B1DE0 (id=WH_GETMESSAGE,code=0,wp=00000001,lp=0026df2c)
241811.931:0160:Ret  hook proc 7B1B1DE0 (id=WH_GETMESSAGE,code=0,wp=00000001,lp=0026df2c) retval=00000000
241811.931:0160:Call window proc 7B1B1ED0 (hwnd=00010060,msg=WM_USER+2,wp=00000000,lp=00000000)
241811.932:0160:Ret  window proc 7B1B1ED0 (hwnd=00010060,msg=WM_USER+2,wp=00000000,lp=00000000) retval=00000000
241811.932:0160:Call hook proc 7B1B1DE0 (id=WH_GETMESSAGE,code=0,wp=00000001,lp=0026df2c)
241811.932:0160:Ret  hook proc 7B1B1DE0 (id=WH_GETMESSAGE,code=0,wp=00000001,lp=0026df2c) retval=00000000
241811.932:0160:Call window proc 7B1B1ED0 (hwnd=00010060,msg=WM_USER,wp=00000124,lp=00000001)
241811.932:0160:Call user32.PostMessageW(00010060,00000402,00000000,00000000) ret=7b1b183b
241811.932:0160:Ret  user32.PostMessageW() retval=00000001 ret=7b1b183b
241811.983:0160:Ret  window proc 7B1B1ED0 (hwnd=00010060,msg=WM_USER,wp=00000124,lp=00000001) retval=00000000
241811.983:0160:Call hook proc 7B1B1DE0 (id=WH_GETMESSAGE,code=0,wp=00000001,lp=0026df2c)
241811.983:0160:Ret  hook proc 7B1B1DE0 (id=WH_GETMESSAGE,code=0,wp=00000001,lp=0026df2c) retval=00000000
241811.983:0160:Call window proc 7B1B1ED0 (hwnd=00010060,msg=WM_USER+2,wp=00000000,lp=00000000)
241811.983:0160:Ret  window proc 7B1B1ED0 (hwnd=00010060,msg=WM_USER+2,wp=00000000,lp=00000000) retval=00000000
241811.983:0160:Call hook proc 7B1B1DE0 (id=WH_GETMESSAGE,code=0,wp=00000001,lp=0026df2c)
241811.983:0160:Ret  hook proc 7B1B1DE0 (id=WH_GETMESSAGE,code=0,wp=00000001,lp=0026df2c) retval=00000000
241811.983:0160:Call window proc 7B1B1ED0 (hwnd=00010060,msg=WM_USER,wp=00000124,lp=00000001)
241811.983:0160:Call user32.PostMessageW(00010060,00000402,00000000,00000000) ret=7b1b183b
241811.983:0160:Ret  user32.PostMessageW() retval=00000001 ret=7b1b183b
241812.035:0160:Ret  window proc 7B1B1ED0 (hwnd=00010060,msg=WM_USER,wp=00000124,lp=00000001) retval=00000000
241812.036:0160:Call hook proc 7B1B1DE0 (id=WH_GETMESSAGE,code=0,wp=00000001,lp=0026df2c)
241812.036:0160:Ret  hook proc 7B1B1DE0 (id=WH_GETMESSAGE,code=0,wp=00000001,lp=0026df2c) retval=00000000
241812.036:0160:Call window proc 7B1B1ED0 (hwnd=00010060,msg=WM_USER+2,wp=00000000,lp=00000000)
241812.036:0160:Ret  window proc 7B1B1ED0 (hwnd=00010060,msg=WM_USER+2,wp=00000000,lp=00000000) retval=00000000
241812.036:0160:Call hook proc 7B1B1DE0 (id=WH_GETMESSAGE,code=0,wp=00000001,lp=0026df2c)
241812.036:0160:Ret  hook proc 7B1B1DE0 (id=WH_GETMESSAGE,code=0,wp=00000001,lp=0026df2c) retval=00000000
241812.036:0160:Call window proc 7B1B1ED0 (hwnd=00010060,msg=WM_USER,wp=00000124,lp=00000001)
241812.036:0160:Call user32.PostMessageW(00010060,00000402,00000000,00000000) ret=7b1b183b
241812.036:0160:Ret  user32.PostMessageW() retval=00000001 ret=7b1b183b
241812.088:0160:Ret  window proc 7B1B1ED0 (hwnd=00010060,msg=WM_USER,wp=00000124,lp=00000001) retval=00000000
241812.089:0160:Call hook proc 7B1B1DE0 (id=WH_GETMESSAGE,code=0,wp=00000001,lp=0026df2c)
241812.089:0160:Ret  hook proc 7B1B1DE0 (id=WH_GETMESSAGE,code=0,wp=00000001,lp=0026df2c) retval=00000000
241812.089:0160:Call window proc 7B1B1ED0 (hwnd=00010060,msg=WM_USER+2,wp=00000000,lp=00000000)
241812.089:0160:Ret  window proc 7B1B1ED0 (hwnd=00010060,msg=WM_USER+2,wp=00000000,lp=00000000) retval=00000000
241812.089:0160:Call hook proc 7B1B1DE0 (id=WH_GETMESSAGE,code=0,wp=00000001,lp=0026df2c)
241812.089:0160:Ret  hook proc 7B1B1DE0 (id=WH_GETMESSAGE,code=0,wp=00000001,lp=0026df2c) retval=00000000
241812.089:0160:Call window proc 7B1B1ED0 (hwnd=00010060,msg=WM_USER,wp=00000124,lp=00000001)
241812.089:0160:Call user32.PostMessageW(00010060,00000402,00000000,00000000) ret=7b1b183b
241812.089:0160:Ret  user32.PostMessageW() retval=00000001 ret=7b1b183b
241812.141:0160:Ret  window proc 7B1B1ED0 (hwnd=00010060,msg=WM_USER,wp=00000124,lp=00000001) retval=00000000
241812.141:0160:Call hook proc 7B1B1DE0 (id=WH_GETMESSAGE,code=0,wp=00000001,lp=0026df2c)
241812.141:0160:Ret  hook proc 7B1B1DE0 (id=WH_GETMESSAGE,code=0,wp=00000001,lp=0026df2c) retval=00000000
241812.141:0160:Call window proc 7B1B1ED0 (hwnd=00010060,msg=WM_USER+2,wp=00000000,lp=00000000)
241812.142:0160:Ret  window proc 7B1B1ED0 (hwnd=00010060,msg=WM_USER+2,wp=00000000,lp=00000000) retval=00000000
241812.142:0160:Call hook proc 7B1B1DE0 (id=WH_GETMESSAGE,code=0,wp=00000001,lp=0026df2c)
241812.142:0160:Ret  hook proc 7B1B1DE0 (id=WH_GETMESSAGE,code=0,wp=00000001,lp=0026df2c) retval=00000000
241812.142:0160:Call window proc 7B1B1ED0 (hwnd=00010060,msg=WM_USER,wp=00000124,lp=00000001)
241812.142:0160:Call user32.PostMessageW(00010060,00000402,00000000,00000000) ret=7b1b183b
241812.142:0160:Ret  user32.PostMessageW() retval=00000001 ret=7b1b183b
241812.194:0160:Ret  window proc 7B1B1ED0 (hwnd=00010060,msg=WM_USER,wp=00000124,lp=00000001) retval=00000000
241812.194:0160:Call hook proc 7B1B1DE0 (id=WH_GETMESSAGE,code=0,wp=00000001,lp=0026df2c)
241812.194:0160:Ret  hook proc 7B1B1DE0 (id=WH_GETMESSAGE,code=0,wp=00000001,lp=0026df2c) retval=00000000
241812.195:0160:Call window proc 7B1B1ED0 (hwnd=00010060,msg=WM_USER+2,wp=00000000,lp=00000000)
241812.197:0160:Ret  window proc 7B1B1ED0 (hwnd=00010060,msg=WM_USER+2,wp=00000000,lp=00000000) retval=00000000
241812.197:0160:Call hook proc 7B1B1DE0 (id=WH_GETMESSAGE,code=0,wp=00000001,lp=0026df2c)
241812.197:0160:Ret  hook proc 7B1B1DE0 (id=WH_GETMESSAGE,code=0,wp=00000001,lp=0026df2c) retval=00000000
241812.197:0160:Call window proc 7B1B1ED0 (hwnd=00010060,msg=WM_USER,wp=00000124,lp=00000001)
241812.197:0160:Call user32.PostMessageW(00010060,00000402,00000000,00000000) ret=7b1b183b
241812.197:0160:Ret  user32.PostMessageW() retval=00000001 ret=7b1b183b
241812.251:0160:Ret  window proc 7B1B1ED0 (hwnd=00010060,msg=WM_USER,wp=00000124,lp=00000001) retval=00000000
241812.251:0160:Call hook proc 7B1B1DE0 (id=WH_GETMESSAGE,code=0,wp=00000001,lp=0026df2c)
241812.251:0160:Ret  hook proc 7B1B1DE0 (id=WH_GETMESSAGE,code=0,wp=00000001,lp=0026df2c) retval=00000000
241812.251:0160:Call window proc 7B1B1ED0 (hwnd=00010060,msg=WM_USER+2,wp=00000000,lp=00000000)
241812.252:0160:Ret  window proc 7B1B1ED0 (hwnd=00010060,msg=WM_USER+2,wp=00000000,lp=00000000) retval=00000000
241812.252:0160:Call hook proc 7B1B1DE0 (id=WH_GETMESSAGE,code=0,wp=00000001,lp=0026df2c)
241812.252:0160:Ret  hook proc 7B1B1DE0 (id=WH_GETMESSAGE,code=0,wp=00000001,lp=0026df2c) retval=00000000
241812.252:0160:Call window proc 7B1B1ED0 (hwnd=00010060,msg=WM_USER,wp=00000124,lp=00000001)
241812.252:0160:Call user32.PostMessageW(00010060,00000402,00000000,00000000) ret=7b1b183b
241812.252:0160:Ret  user32.PostMessageW() retval=00000001 ret=7b1b183b
241812.304:0160:Ret  window proc 7B1B1ED0 (hwnd=00010060,msg=WM_USER,wp=00000124,lp=00000001) retval=00000000
241812.305:0160:Call hook proc 7B1B1DE0 (id=WH_GETMESSAGE,code=0,wp=00000001,lp=0026df2c)
241812.305:0160:Ret  hook proc 7B1B1DE0 (id=WH_GETMESSAGE,code=0,wp=00000001,lp=0026df2c) retval=00000000
241812.305:0160:Call window proc 7B1B1ED0 (hwnd=00010060,msg=WM_USER+2,wp=00000000,lp=00000000)
241812.305:0160:Ret  window proc 7B1B1ED0 (hwnd=00010060,msg=WM_USER+2,wp=00000000,lp=00000000) retval=00000000
241812.305:0160:Call hook proc 7B1B1DE0 (id=WH_GETMESSAGE,code=0,wp=00000001,lp=0026df2c)
241812.305:0160:Ret  hook proc 7B1B1DE0 (id=WH_GETMESSAGE,code=0,wp=00000001,lp=0026df2c) retval=00000000
241812.305:0160:Call window proc 7B1B1ED0 (hwnd=00010060,msg=WM_USER,wp=00000124,lp=00000001)
241812.305:0160:Call user32.PostMessageW(00010060,00000402,00000000,00000000) ret=7b1b183b
241812.305:0160:Ret  user32.PostMessageW() retval=00000001 ret=7b1b183b
241812.356:0160:Ret  window proc 7B1B1ED0 (hwnd=00010060,msg=WM_USER,wp=00000124,lp=00000001) retval=00000000
241812.357:0160:Call hook proc 7B1B1DE0 (id=WH_GETMESSAGE,code=0,wp=00000001,lp=0026df2c)
241812.357:0160:Ret  hook proc 7B1B1DE0 (id=WH_GETMESSAGE,code=0,wp=00000001,lp=0026df2c) retval=00000000
241812.357:0160:Call window proc 7B1B1ED0 (hwnd=00010060,msg=WM_USER+2,wp=00000000,lp=00000000)
241812.357:0160:Ret  window proc 7B1B1ED0 (hwnd=00010060,msg=WM_USER+2,wp=00000000,lp=00000000) retval=00000000
241812.357:0160:Call hook proc 7B1B1DE0 (id=WH_GETMESSAGE,code=0,wp=00000001,lp=0026df2c)
241812.357:0160:Ret  hook proc 7B1B1DE0 (id=WH_GETMESSAGE,code=0,wp=00000001,lp=0026df2c) retval=00000000
241812.357:0160:Call window proc 7B1B1ED0 (hwnd=00010060,msg=WM_USER,wp=00000124,lp=00000001)
241812.357:0160:Call user32.PostMessageW(00010060,00000402,00000000,00000000) ret=7b1b183b
241812.357:0160:Ret  user32.PostMessageW() retval=00000001 ret=7b1b183b
241812.408:0160:Ret  window proc 7B1B1ED0 (hwnd=00010060,msg=WM_USER,wp=00000124,lp=00000001) retval=00000000
241812.408:0160:Call hook proc 7B1B1DE0 (id=WH_GETMESSAGE,code=0,wp=00000001,lp=0026df2c)
241812.408:0160:Ret  hook proc 7B1B1DE0 (id=WH_GETMESSAGE,code=0,wp=00000001,lp=0026df2c) retval=00000000
241812.408:0160:Call window proc 7B1B1ED0 (hwnd=00010060,msg=WM_USER+2,wp=00000000,lp=00000000)
241812.408:0160:Ret  window proc 7B1B1ED0 (hwnd=00010060,msg=WM_USER+2,wp=00000000,lp=00000000) retval=00000000
241812.408:0160:Call hook proc 7B1B1DE0 (id=WH_GETMESSAGE,code=0,wp=00000001,lp=0026df2c)
241812.408:0160:Ret  hook proc 7B1B1DE0 (id=WH_GETMESSAGE,code=0,wp=00000001,lp=0026df2c) retval=00000000
241812.408:0160:Call window proc 7B1B1ED0 (hwnd=00010060,msg=WM_USER,wp=00000124,lp=00000001)
241812.408:0160:Call user32.PostMessageW(00010060,00000402,00000000,00000000) ret=7b1b183b
241812.408:0160:Ret  user32.PostMessageW() retval=00000001 ret=7b1b183b
241812.459:0160:Ret  window proc 7B1B1ED0 (hwnd=00010060,msg=WM_USER,wp=00000124,lp=00000001) retval=00000000
241812.459:0160:Call hook proc 7B1B1DE0 (id=WH_GETMESSAGE,code=0,wp=00000001,lp=0026df2c)
241812.459:0160:Ret  hook proc 7B1B1DE0 (id=WH_GETMESSAGE,code=0,wp=00000001,lp=0026df2c) retval=00000000
241812.459:0160:Call window proc 7B1B1ED0 (hwnd=00010060,msg=WM_USER+2,wp=00000000,lp=00000000)
241812.459:0160:Ret  window proc 7B1B1ED0 (hwnd=00010060,msg=WM_USER+2,wp=00000000,lp=00000000) retval=00000000
241812.459:0160:Call hook proc 7B1B1DE0 (id=WH_GETMESSAGE,code=0,wp=00000001,lp=0026df2c)
241812.459:0160:Ret  hook proc 7B1B1DE0 (id=WH_GETMESSAGE,code=0,wp=00000001,lp=0026df2c) retval=00000000
241812.459:0160:Call window proc 7B1B1ED0 (hwnd=00010060,msg=WM_USER,wp=00000124,lp=00000001)
241812.459:0160:Call user32.PostMessageW(00010060,00000402,00000000,00000000) ret=7b1b183b
241812.459:0160:Ret  user32.PostMessageW() retval=00000001 ret=7b1b183b
241812.510:0160:Ret  window proc 7B1B1ED0 (hwnd=00010060,msg=WM_USER,wp=00000124,lp=00000001) retval=00000000
241812.510:0160:Call hook proc 7B1B1DE0 (id=WH_GETMESSAGE,code=0,wp=00000001,lp=0026df2c)
241812.510:0160:Ret  hook proc 7B1B1DE0 (id=WH_GETMESSAGE,code=0,wp=00000001,lp=0026df2c) retval=00000000
241812.510:0160:Call window proc 7B1B1ED0 (hwnd=00010060,msg=WM_USER+2,wp=00000000,lp=00000000)
241812.510:0160:Ret  window proc 7B1B1ED0 (hwnd=00010060,msg=WM_USER+2,wp=00000000,lp=00000000) retval=00000000
241812.510:0160:Call hook proc 7B1B1DE0 (id=WH_GETMESSAGE,code=0,wp=00000001,lp=0026df2c)
241812.510:0160:Ret  hook proc 7B1B1DE0 (id=WH_GETMESSAGE,code=0,wp=00000001,lp=0026df2c) retval=00000000
241812.510:0160:Call window proc 7B1B1ED0 (hwnd=00010060,msg=WM_USER,wp=00000124,lp=00000001)
241812.510:0160:Call user32.PostMessageW(00010060,00000402,00000000,00000000) ret=7b1b183b
241812.510:0160:Ret  user32.PostMessageW() retval=00000001 ret=7b1b183b
241812.572:0160:Ret  window proc 7B1B1ED0 (hwnd=00010060,msg=WM_USER,wp=00000124,lp=00000001) retval=00000000
241812.572:0160:Call hook proc 7B1B1DE0 (id=WH_GETMESSAGE,code=0,wp=00000001,lp=0026df2c)
241812.572:0160:Ret  hook proc 7B1B1DE0 (id=WH_GETMESSAGE,code=0,wp=00000001,lp=0026df2c) retval=00000000
241812.572:0160:Call window proc 7B1B1ED0 (hwnd=00010060,msg=WM_USER+2,wp=00000000,lp=00000000)
241812.572:0160:Ret  window proc 7B1B1ED0 (hwnd=00010060,msg=WM_USER+2,wp=00000000,lp=00000000) retval=00000000
241812.572:0160:Call hook proc 7B1B1DE0 (id=WH_GETMESSAGE,code=0,wp=00000001,lp=0026df2c)
241812.572:0160:Ret  hook proc 7B1B1DE0 (id=WH_GETMESSAGE,code=0,wp=00000001,lp=0026df2c) retval=00000000
241812.572:0160:Call window proc 7B1B1ED0 (hwnd=00010060,msg=WM_USER,wp=00000124,lp=00000001)
241812.572:0160:Call user32.PostMessageW(00010060,00000402,00000000,00000000) ret=7b1b183b
241812.572:0160:Ret  user32.PostMessageW() retval=00000001 ret=7b1b183b
241812.623:0160:Ret  window proc 7B1B1ED0 (hwnd=00010060,msg=WM_USER,wp=00000124,lp=00000001) retval=00000000
241812.623:0160:Call hook proc 7B1B1DE0 (id=WH_GETMESSAGE,code=0,wp=00000001,lp=0026df2c)
241812.623:0160:Ret  hook proc 7B1B1DE0 (id=WH_GETMESSAGE,code=0,wp=00000001,lp=0026df2c) retval=00000000
241812.623:0160:Call window proc 7B1B1ED0 (hwnd=00010060,msg=WM_USER+2,wp=00000000,lp=00000000)
241812.623:0160:Ret  window proc 7B1B1ED0 (hwnd=00010060,msg=WM_USER+2,wp=00000000,lp=00000000) retval=00000000
241812.623:0160:Call hook proc 7B1B1DE0 (id=WH_GETMESSAGE,code=0,wp=00000001,lp=0026df2c)
241812.623:0160:Ret  hook proc 7B1B1DE0 (id=WH_GETMESSAGE,code=0,wp=00000001,lp=0026df2c) retval=00000000
241812.623:0160:Call window proc 7B1B1ED0 (hwnd=00010060,msg=WM_USER,wp=00000124,lp=00000001)
241812.623:0160:Call user32.PostMessageW(00010060,00000402,00000000,00000000) ret=7b1b183b
241812.623:0160:Ret  user32.PostMessageW() retval=00000001 ret=7b1b183b
241812.674:0160:Ret  window proc 7B1B1ED0 (hwnd=00010060,msg=WM_USER,wp=00000124,lp=00000001) retval=00000000
241812.674:0160:Call hook proc 7B1B1DE0 (id=WH_GETMESSAGE,code=0,wp=00000001,lp=0026df2c)
241812.674:0160:Ret  hook proc 7B1B1DE0 (id=WH_GETMESSAGE,code=0,wp=00000001,lp=0026df2c) retval=00000000
241812.674:0160:Call window proc 7B1B1ED0 (hwnd=00010060,msg=WM_USER+2,wp=00000000,lp=00000000)
241812.674:0160:Ret  window proc 7B1B1ED0 (hwnd=00010060,msg=WM_USER+2,wp=00000000,lp=00000000) retval=00000000
241812.674:0160:Call hook proc 7B1B1DE0 (id=WH_GETMESSAGE,code=0,wp=00000001,lp=0026df2c)
241812.674:0160:Ret  hook proc 7B1B1DE0 (id=WH_GETMESSAGE,code=0,wp=00000001,lp=0026df2c) retval=00000000
241812.674:0160:Call window proc 7B1B1ED0 (hwnd=00010060,msg=WM_USER,wp=00000124,lp=00000001)
241812.674:0160:Call user32.PostMessageW(00010060,00000402,00000000,00000000) ret=7b1b183b
241812.674:0160:Ret  user32.PostMessageW() retval=00000001 ret=7b1b183b
241812.725:0160:Ret  window proc 7B1B1ED0 (hwnd=00010060,msg=WM_USER,wp=00000124,lp=00000001) retval=00000000
241812.725:0160:Call hook proc 7B1B1DE0 (id=WH_GETMESSAGE,code=0,wp=00000001,lp=0026df2c)
241812.725:0160:Ret  hook proc 7B1B1DE0 (id=WH_GETMESSAGE,code=0,wp=00000001,lp=0026df2c) retval=00000000
241812.725:0160:Call window proc 7B1B1ED0 (hwnd=00010060,msg=WM_USER+2,wp=00000000,lp=00000000)
241812.725:0160:Ret  window proc 7B1B1ED0 (hwnd=00010060,msg=WM_USER+2,wp=00000000,lp=00000000) retval=00000000
241812.725:0160:Call hook proc 7B1B1DE0 (id=WH_GETMESSAGE,code=0,wp=00000001,lp=0026df2c)
241812.725:0160:Ret  hook proc 7B1B1DE0 (id=WH_GETMESSAGE,code=0,wp=00000001,lp=0026df2c) retval=00000000
241812.725:0160:Call window proc 7B1B1ED0 (hwnd=00010060,msg=WM_USER,wp=00000124,lp=00000001)
241812.725:0160:Call user32.PostMessageW(00010060,00000402,00000000,00000000) ret=7b1b183b
241812.725:0160:Ret  user32.PostMessageW() retval=00000001 ret=7b1b183b
241812.776:0160:Ret  window proc 7B1B1ED0 (hwnd=00010060,msg=WM_USER,wp=00000124,lp=00000001) retval=00000000
241812.776:0160:Call hook proc 7B1B1DE0 (id=WH_GETMESSAGE,code=0,wp=00000001,lp=0026df2c)
241812.776:0160:Ret  hook proc 7B1B1DE0 (id=WH_GETMESSAGE,code=0,wp=00000001,lp=0026df2c) retval=00000000
241812.776:0160:Call window proc 7B1B1ED0 (hwnd=00010060,msg=WM_USER+2,wp=00000000,lp=00000000)
241812.776:0160:Ret  window proc 7B1B1ED0 (hwnd=00010060,msg=WM_USER+2,wp=00000000,lp=00000000) retval=00000000
241812.776:0160:Call hook proc 7B1B1DE0 (id=WH_GETMESSAGE,code=0,wp=00000001,lp=0026df2c)
241812.776:0160:Ret  hook proc 7B1B1DE0 (id=WH_GETMESSAGE,code=0,wp=00000001,lp=0026df2c) retval=00000000
241812.776:0160:Call window proc 7B1B1ED0 (hwnd=00010060,msg=WM_USER,wp=00000124,lp=00000001)
241812.776:0160:Call user32.PostMessageW(00010060,00000402,00000000,00000000) ret=7b1b183b
241812.776:0160:Ret  user32.PostMessageW() retval=00000001 ret=7b1b183b
241812.827:0160:Ret  window proc 7B1B1ED0 (hwnd=00010060,msg=WM_USER,wp=00000124,lp=00000001) retval=00000000
241812.827:0160:Call hook proc 7B1B1DE0 (id=WH_GETMESSAGE,code=0,wp=00000001,lp=0026df2c)
241812.827:0160:Ret  hook proc 7B1B1DE0 (id=WH_GETMESSAGE,code=0,wp=00000001,lp=0026df2c) retval=00000000
241812.827:0160:Call window proc 7B1B1ED0 (hwnd=00010060,msg=WM_USER+2,wp=00000000,lp=00000000)
241812.827:0160:Ret  window proc 7B1B1ED0 (hwnd=00010060,msg=WM_USER+2,wp=00000000,lp=00000000) retval=00000000
241812.827:0160:Call hook proc 7B1B1DE0 (id=WH_GETMESSAGE,code=0,wp=00000001,lp=0026df2c)
241812.827:0160:Ret  hook proc 7B1B1DE0 (id=WH_GETMESSAGE,code=0,wp=00000001,lp=0026df2c) retval=00000000
241812.827:0160:Call window proc 7B1B1ED0 (hwnd=00010060,msg=WM_USER,wp=00000124,lp=00000001)
241812.827:0160:Call user32.PostMessageW(00010060,00000402,00000000,00000000) ret=7b1b183b
241812.827:0160:Ret  user32.PostMessageW() retval=00000001 ret=7b1b183b
241812.878:0160:Ret  window proc 7B1B1ED0 (hwnd=00010060,msg=WM_USER,wp=00000124,lp=00000001) retval=00000000
241812.878:0160:Call hook proc 7B1B1DE0 (id=WH_GETMESSAGE,code=0,wp=00000001,lp=0026df2c)
241812.878:0160:Ret  hook proc 7B1B1DE0 (id=WH_GETMESSAGE,code=0,wp=00000001,lp=0026df2c) retval=00000000
241812.878:0160:Call window proc 7B1B1ED0 (hwnd=00010060,msg=WM_USER+2,wp=00000000,lp=00000000)
241812.878:0160:Ret  window proc 7B1B1ED0 (hwnd=00010060,msg=WM_USER+2,wp=00000000,lp=00000000) retval=00000000
241812.878:0160:Call hook proc 7B1B1DE0 (id=WH_GETMESSAGE,code=0,wp=00000001,lp=0026df2c)
241812.878:0160:Ret  hook proc 7B1B1DE0 (id=WH_GETMESSAGE,code=0,wp=00000001,lp=0026df2c) retval=00000000
241812.878:0160:Call window proc 7B1B1ED0 (hwnd=00010060,msg=WM_USER,wp=00000124,lp=00000001)
241812.878:0160:Call user32.PostMessageW(00010060,00000402,00000000,00000000) ret=7b1b183b
241812.878:0160:Ret  user32.PostMessageW() retval=00000001 ret=7b1b183b
241812.929:0160:Ret  window proc 7B1B1ED0 (hwnd=00010060,msg=WM_USER,wp=00000124,lp=00000001) retval=00000000
241812.929:0160:Call hook proc 7B1B1DE0 (id=WH_GETMESSAGE,code=0,wp=00000001,lp=0026df2c)
241812.929:0160:Ret  hook proc 7B1B1DE0 (id=WH_GETMESSAGE,code=0,wp=00000001,lp=0026df2c) retval=00000000
241812.929:0160:Call window proc 7B1B1ED0 (hwnd=00010060,msg=WM_USER+2,wp=00000000,lp=00000000)
241812.929:0160:Ret  window proc 7B1B1ED0 (hwnd=00010060,msg=WM_USER+2,wp=00000000,lp=00000000) retval=00000000
241812.929:0160:Call hook proc 7B1B1DE0 (id=WH_GETMESSAGE,code=0,wp=00000001,lp=0026df2c)
241812.929:0160:Ret  hook proc 7B1B1DE0 (id=WH_GETMESSAGE,code=0,wp=00000001,lp=0026df2c) retval=00000000
241812.929:0160:Call window proc 7B1B1ED0 (hwnd=00010060,msg=WM_USER,wp=00000124,lp=00000001)
241812.929:0160:Call user32.PostMessageW(00010060,00000402,00000000,00000000) ret=7b1b183b
241812.929:0160:Ret  user32.PostMessageW() retval=00000001 ret=7b1b183b
241812.980:0160:Ret  window proc 7B1B1ED0 (hwnd=00010060,msg=WM_USER,wp=00000124,lp=00000001) retval=00000000
241812.980:0160:Call hook proc 7B1B1DE0 (id=WH_GETMESSAGE,code=0,wp=00000001,lp=0026df2c)
241812.980:0160:Ret  hook proc 7B1B1DE0 (id=WH_GETMESSAGE,code=0,wp=00000001,lp=0026df2c) retval=00000000
241812.980:0160:Call window proc 7B1B1ED0 (hwnd=00010060,msg=WM_USER+2,wp=00000000,lp=00000000)
241812.981:0160:Ret  window proc 7B1B1ED0 (hwnd=00010060,msg=WM_USER+2,wp=00000000,lp=00000000) retval=00000000
241812.981:0160:Call hook proc 7B1B1DE0 (id=WH_GETMESSAGE,code=0,wp=00000001,lp=0026df2c)
241812.981:0160:Ret  hook proc 7B1B1DE0 (id=WH_GETMESSAGE,code=0,wp=00000001,lp=0026df2c) retval=00000000
241812.981:0160:Call window proc 7B1B1ED0 (hwnd=00010060,msg=WM_USER,wp=00000124,lp=00000001)
241812.981:0160:Call user32.PostMessageW(00010060,00000402,00000000,00000000) ret=7b1b183b
241812.981:0160:Ret  user32.PostMessageW() retval=00000001 ret=7b1b183b
241813.042:0160:Ret  window proc 7B1B1ED0 (hwnd=00010060,msg=WM_USER,wp=00000124,lp=00000001) retval=00000000
241813.042:0160:Call hook proc 7B1B1DE0 (id=WH_GETMESSAGE,code=0,wp=00000001,lp=0026df2c)
241813.042:0160:Ret  hook proc 7B1B1DE0 (id=WH_GETMESSAGE,code=0,wp=00000001,lp=0026df2c) retval=00000000
241813.042:0160:Call window proc 7B1B1ED0 (hwnd=00010060,msg=WM_USER+2,wp=00000000,lp=00000000)
241813.042:0160:Ret  window proc 7B1B1ED0 (hwnd=00010060,msg=WM_USER+2,wp=00000000,lp=00000000) retval=00000000
241813.042:0160:Call hook proc 7B1B1DE0 (id=WH_GETMESSAGE,code=0,wp=00000001,lp=0026df2c)
241813.042:0160:Ret  hook proc 7B1B1DE0 (id=WH_GETMESSAGE,code=0,wp=00000001,lp=0026df2c) retval=00000000
241813.042:0160:Call window proc 7B1B1ED0 (hwnd=00010060,msg=WM_USER,wp=00000124,lp=00000001)
241813.042:0160:Call user32.PostMessageW(00010060,00000402,00000000,00000000) ret=7b1b183b
241813.042:0160:Ret  user32.PostMessageW() retval=00000001 ret=7b1b183b
241813.093:0160:Ret  window proc 7B1B1ED0 (hwnd=00010060,msg=WM_USER,wp=00000124,lp=00000001) retval=00000000
241813.093:0160:Call hook proc 7B1B1DE0 (id=WH_GETMESSAGE,code=0,wp=00000001,lp=0026df2c)
241813.093:0160:Ret  hook proc 7B1B1DE0 (id=WH_GETMESSAGE,code=0,wp=00000001,lp=0026df2c) retval=00000000
241813.093:0160:Call window proc 7B1B1ED0 (hwnd=00010060,msg=WM_USER+2,wp=00000000,lp=00000000)
241813.093:0160:Ret  window proc 7B1B1ED0 (hwnd=00010060,msg=WM_USER+2,wp=00000000,lp=00000000) retval=00000000
241813.093:0160:Call hook proc 7B1B1DE0 (id=WH_GETMESSAGE,code=0,wp=00000001,lp=0026df2c)
241813.093:0160:Ret  hook proc 7B1B1DE0 (id=WH_GETMESSAGE,code=0,wp=00000001,lp=0026df2c) retval=00000000
241813.093:0160:Call window proc 7B1B1ED0 (hwnd=00010060,msg=WM_USER,wp=00000124,lp=00000001)
241813.093:0160:Call user32.PostMessageW(00010060,00000402,00000000,00000000) ret=7b1b183b
241813.093:0160:Ret  user32.PostMessageW() retval=00000001 ret=7b1b183b
241813.144:0160:Ret  window proc 7B1B1ED0 (hwnd=00010060,msg=WM_USER,wp=00000124,lp=00000001) retval=00000000
241813.144:0160:Call hook proc 7B1B1DE0 (id=WH_GETMESSAGE,code=0,wp=00000001,lp=0026df2c)
241813.144:0160:Ret  hook proc 7B1B1DE0 (id=WH_GETMESSAGE,code=0,wp=00000001,lp=0026df2c) retval=00000000
241813.144:0160:Call window proc 7B1B1ED0 (hwnd=00010060,msg=WM_USER+2,wp=00000000,lp=00000000)
241813.144:0160:Ret  window proc 7B1B1ED0 (hwnd=00010060,msg=WM_USER+2,wp=00000000,lp=00000000) retval=00000000
241813.144:0160:Call hook proc 7B1B1DE0 (id=WH_GETMESSAGE,code=0,wp=00000001,lp=0026df2c)
241813.144:0160:Ret  hook proc 7B1B1DE0 (id=WH_GETMESSAGE,code=0,wp=00000001,lp=0026df2c) retval=00000000
241813.144:0160:Call window proc 7B1B1ED0 (hwnd=00010060,msg=WM_USER,wp=00000124,lp=00000001)
241813.144:0160:Call user32.PostMessageW(00010060,00000402,00000000,00000000) ret=7b1b183b
241813.144:0160:Ret  user32.PostMessageW() retval=00000001 ret=7b1b183b
241813.205:0160:Ret  window proc 7B1B1ED0 (hwnd=00010060,msg=WM_USER,wp=00000124,lp=00000001) retval=00000000
241813.205:0160:Call hook proc 7B1B1DE0 (id=WH_GETMESSAGE,code=0,wp=00000001,lp=0026df2c)
241813.205:0160:Ret  hook proc 7B1B1DE0 (id=WH_GETMESSAGE,code=0,wp=00000001,lp=0026df2c) retval=00000000
241813.205:0160:Call window proc 7B1B1ED0 (hwnd=00010060,msg=WM_USER+2,wp=00000000,lp=00000000)
241813.205:0160:Ret  window proc 7B1B1ED0 (hwnd=00010060,msg=WM_USER+2,wp=00000000,lp=00000000) retval=00000000
241813.205:0160:Call hook proc 7B1B1DE0 (id=WH_GETMESSAGE,code=0,wp=00000001,lp=0026df2c)
241813.205:0160:Ret  hook proc 7B1B1DE0 (id=WH_GETMESSAGE,code=0,wp=00000001,lp=0026df2c) retval=00000000
241813.205:0160:Call window proc 7B1B1ED0 (hwnd=00010060,msg=WM_USER,wp=00000124,lp=00000001)
241813.205:0160:Call user32.PostMessageW(00010060,00000402,00000000,00000000) ret=7b1b183b
241813.205:0160:Ret  user32.PostMessageW() retval=00000001 ret=7b1b183b
241813.256:0160:Ret  window proc 7B1B1ED0 (hwnd=00010060,msg=WM_USER,wp=00000124,lp=00000001) retval=00000000
241813.256:0160:Call hook proc 7B1B1DE0 (id=WH_GETMESSAGE,code=0,wp=00000001,lp=0026df2c)
241813.256:0160:Ret  hook proc 7B1B1DE0 (id=WH_GETMESSAGE,code=0,wp=00000001,lp=0026df2c) retval=00000000
241813.256:0160:Call window proc 7B1B1ED0 (hwnd=00010060,msg=WM_USER+2,wp=00000000,lp=00000000)
241813.256:0160:Ret  window proc 7B1B1ED0 (hwnd=00010060,msg=WM_USER+2,wp=00000000,lp=00000000) retval=00000000
241813.256:0160:Call hook proc 7B1B1DE0 (id=WH_GETMESSAGE,code=0,wp=00000001,lp=0026df2c)
241813.256:0160:Ret  hook proc 7B1B1DE0 (id=WH_GETMESSAGE,code=0,wp=00000001,lp=0026df2c) retval=00000000
241813.256:0160:Call window proc 7B1B1ED0 (hwnd=00010060,msg=WM_USER,wp=00000124,lp=00000001)
241813.256:0160:Call user32.PostMessageW(00010060,00000402,00000000,00000000) ret=7b1b183b
241813.256:0160:Ret  user32.PostMessageW() retval=00000001 ret=7b1b183b
241813.307:0160:Ret  window proc 7B1B1ED0 (hwnd=00010060,msg=WM_USER,wp=00000124,lp=00000001) retval=00000000
241813.307:0160:Call hook proc 7B1B1DE0 (id=WH_GETMESSAGE,code=0,wp=00000001,lp=0026df2c)
241813.307:0160:Ret  hook proc 7B1B1DE0 (id=WH_GETMESSAGE,code=0,wp=00000001,lp=0026df2c) retval=00000000
241813.307:0160:Call window proc 7B1B1ED0 (hwnd=00010060,msg=WM_USER+2,wp=00000000,lp=00000000)
241813.307:0160:Ret  window proc 7B1B1ED0 (hwnd=00010060,msg=WM_USER+2,wp=00000000,lp=00000000) retval=00000000
241813.307:0160:Call hook proc 7B1B1DE0 (id=WH_GETMESSAGE,code=0,wp=00000001,lp=0026df2c)
241813.307:0160:Ret  hook proc 7B1B1DE0 (id=WH_GETMESSAGE,code=0,wp=00000001,lp=0026df2c) retval=00000000
241813.307:0160:Call window proc 7B1B1ED0 (hwnd=00010060,msg=WM_USER,wp=00000124,lp=00000001)
241813.307:0160:Call user32.PostMessageW(00010060,00000402,00000000,00000000) ret=7b1b183b
241813.307:0160:Ret  user32.PostMessageW() retval=00000001 ret=7b1b183b
241813.359:0160:Ret  window proc 7B1B1ED0 (hwnd=00010060,msg=WM_USER,wp=00000124,lp=00000001) retval=00000000
241813.360:0160:Call hook proc 7B1B1DE0 (id=WH_GETMESSAGE,code=0,wp=00000001,lp=0026df2c)
241813.360:0160:Ret  hook proc 7B1B1DE0 (id=WH_GETMESSAGE,code=0,wp=00000001,lp=0026df2c) retval=00000000
241813.360:0160:Call window proc 7B1B1ED0 (hwnd=00010060,msg=WM_USER+2,wp=00000000,lp=00000000)
241813.360:0160:Ret  window proc 7B1B1ED0 (hwnd=00010060,msg=WM_USER+2,wp=00000000,lp=00000000) retval=00000000
241813.360:0160:Call hook proc 7B1B1DE0 (id=WH_GETMESSAGE,code=0,wp=00000001,lp=0026df2c)
241813.361:0160:Ret  hook proc 7B1B1DE0 (id=WH_GETMESSAGE,code=0,wp=00000001,lp=0026df2c) retval=00000000
241813.361:0160:Call window proc 7B1B1ED0 (hwnd=00010060,msg=WM_USER,wp=00000124,lp=00000001)
241813.362:0160:Call user32.PostMessageW(00010060,00000402,00000000,00000000) ret=7b1b183b
241813.362:0160:Ret  user32.PostMessageW() retval=00000001 ret=7b1b183b
241813.413:0160:Ret  window proc 7B1B1ED0 (hwnd=00010060,msg=WM_USER,wp=00000124,lp=00000001) retval=00000000
241813.413:0160:Call hook proc 7B1B1DE0 (id=WH_GETMESSAGE,code=0,wp=00000001,lp=0026df2c)
241813.413:0160:Ret  hook proc 7B1B1DE0 (id=WH_GETMESSAGE,code=0,wp=00000001,lp=0026df2c) retval=00000000
241813.413:0160:Call window proc 7B1B1ED0 (hwnd=00010060,msg=WM_USER+2,wp=00000000,lp=00000000)
241813.413:0160:Ret  window proc 7B1B1ED0 (hwnd=00010060,msg=WM_USER+2,wp=00000000,lp=00000000) retval=00000000
241813.413:0160:Call hook proc 7B1B1DE0 (id=WH_GETMESSAGE,code=0,wp=00000001,lp=0026df2c)
241813.413:0160:Ret  hook proc 7B1B1DE0 (id=WH_GETMESSAGE,code=0,wp=00000001,lp=0026df2c) retval=00000000
241813.413:0160:Call window proc 7B1B1ED0 (hwnd=00010060,msg=WM_USER,wp=00000124,lp=00000001)
241813.413:0160:Call user32.PostMessageW(00010060,00000402,00000000,00000000) ret=7b1b183b
241813.413:0160:Ret  user32.PostMessageW() retval=00000001 ret=7b1b183b
241813.464:0160:Ret  window proc 7B1B1ED0 (hwnd=00010060,msg=WM_USER,wp=00000124,lp=00000001) retval=00000000
241813.464:0160:Call hook proc 7B1B1DE0 (id=WH_GETMESSAGE,code=0,wp=00000001,lp=0026df2c)
241813.464:0160:Ret  hook proc 7B1B1DE0 (id=WH_GETMESSAGE,code=0,wp=00000001,lp=0026df2c) retval=00000000
241813.464:0160:Call window proc 7B1B1ED0 (hwnd=00010060,msg=WM_USER+2,wp=00000000,lp=00000000)
241813.464:0160:Ret  window proc 7B1B1ED0 (hwnd=00010060,msg=WM_USER+2,wp=00000000,lp=00000000) retval=00000000
241813.464:0160:Call hook proc 7B1B1DE0 (id=WH_GETMESSAGE,code=0,wp=00000001,lp=0026df2c)
241813.464:0160:Ret  hook proc 7B1B1DE0 (id=WH_GETMESSAGE,code=0,wp=00000001,lp=0026df2c) retval=00000000
241813.465:0160:Call window proc 7B1B1ED0 (hwnd=00010060,msg=WM_USER,wp=00000124,lp=00000001)
241813.465:0160:Call user32.PostMessageW(00010060,00000402,00000000,00000000) ret=7b1b183b
241813.465:0160:Ret  user32.PostMessageW() retval=00000001 ret=7b1b183b
241813.525:0160:Ret  window proc 7B1B1ED0 (hwnd=00010060,msg=WM_USER,wp=00000124,lp=00000001) retval=00000000
241813.525:0160:Call hook proc 7B1B1DE0 (id=WH_GETMESSAGE,code=0,wp=00000001,lp=0026df2c)
241813.525:0160:Ret  hook proc 7B1B1DE0 (id=WH_GETMESSAGE,code=0,wp=00000001,lp=0026df2c) retval=00000000
241813.525:0160:Call window proc 7B1B1ED0 (hwnd=00010060,msg=WM_USER+2,wp=00000000,lp=00000000)
241813.525:0160:Ret  window proc 7B1B1ED0 (hwnd=00010060,msg=WM_USER+2,wp=00000000,lp=00000000) retval=00000000
241813.526:0160:Call hook proc 7B1B1DE0 (id=WH_GETMESSAGE,code=0,wp=00000001,lp=0026df2c)
241813.526:0160:Ret  hook proc 7B1B1DE0 (id=WH_GETMESSAGE,code=0,wp=00000001,lp=0026df2c) retval=00000000
241813.526:0160:Call window proc 7B1B1ED0 (hwnd=00010060,msg=WM_USER,wp=00000124,lp=00000001)
241813.526:0160:Call user32.PostMessageW(00010060,00000402,00000000,00000000) ret=7b1b183b
241813.526:0160:Ret  user32.PostMessageW() retval=00000001 ret=7b1b183b
241813.586:0160:Ret  window proc 7B1B1ED0 (hwnd=00010060,msg=WM_USER,wp=00000124,lp=00000001) retval=00000000
241813.586:0160:Call hook proc 7B1B1DE0 (id=WH_GETMESSAGE,code=0,wp=00000001,lp=0026df2c)
241813.586:0160:Ret  hook proc 7B1B1DE0 (id=WH_GETMESSAGE,code=0,wp=00000001,lp=0026df2c) retval=00000000
241813.587:0160:Call window proc 7B1B1ED0 (hwnd=00010060,msg=WM_USER+2,wp=00000000,lp=00000000)
241813.587:0160:Ret  window proc 7B1B1ED0 (hwnd=00010060,msg=WM_USER+2,wp=00000000,lp=00000000) retval=00000000
241813.587:0160:Call hook proc 7B1B1DE0 (id=WH_GETMESSAGE,code=0,wp=00000001,lp=0026df2c)
241813.587:0160:Ret  hook proc 7B1B1DE0 (id=WH_GETMESSAGE,code=0,wp=00000001,lp=0026df2c) retval=00000000
241813.587:0160:Call window proc 7B1B1ED0 (hwnd=00010060,msg=WM_USER,wp=00000124,lp=00000001)
241813.587:0160:Call user32.PostMessageW(00010060,00000402,00000000,00000000) ret=7b1b183b
241813.587:0160:Ret  user32.PostMessageW() retval=00000001 ret=7b1b183b
241813.638:0160:Ret  window proc 7B1B1ED0 (hwnd=00010060,msg=WM_USER,wp=00000124,lp=00000001) retval=00000000
241813.638:0160:Call hook proc 7B1B1DE0 (id=WH_GETMESSAGE,code=0,wp=00000001,lp=0026df2c)
241813.638:0160:Ret  hook proc 7B1B1DE0 (id=WH_GETMESSAGE,code=0,wp=00000001,lp=0026df2c) retval=00000000
241813.639:0160:Call window proc 7B1B1ED0 (hwnd=00010060,msg=WM_USER+2,wp=00000000,lp=00000000)
241813.639:0160:Ret  window proc 7B1B1ED0 (hwnd=00010060,msg=WM_USER+2,wp=00000000,lp=00000000) retval=00000000
241813.639:0160:Call hook proc 7B1B1DE0 (id=WH_GETMESSAGE,code=0,wp=00000001,lp=0026df2c)
241813.639:0160:Ret  hook proc 7B1B1DE0 (id=WH_GETMESSAGE,code=0,wp=00000001,lp=0026df2c) retval=00000000
241813.639:0160:Call window proc 7B1B1ED0 (hwnd=00010060,msg=WM_USER,wp=00000124,lp=00000001)
241813.639:0160:Call user32.PostMessageW(00010060,00000402,00000000,00000000) ret=7b1b183b
241813.639:0160:Ret  user32.PostMessageW() retval=00000001 ret=7b1b183b
241813.690:0160:Ret  window proc 7B1B1ED0 (hwnd=00010060,msg=WM_USER,wp=00000124,lp=00000001) retval=00000000
241813.690:0160:Call hook proc 7B1B1DE0 (id=WH_GETMESSAGE,code=0,wp=00000001,lp=0026df2c)
241813.690:0160:Ret  hook proc 7B1B1DE0 (id=WH_GETMESSAGE,code=0,wp=00000001,lp=0026df2c) retval=00000000
241813.690:0160:Call window proc 7B1B1ED0 (hwnd=00010060,msg=WM_USER+2,wp=00000000,lp=00000000)
241813.690:0160:Ret  window proc 7B1B1ED0 (hwnd=00010060,msg=WM_USER+2,wp=00000000,lp=00000000) retval=00000000
241813.690:0160:Call hook proc 7B1B1DE0 (id=WH_GETMESSAGE,code=0,wp=00000001,lp=0026df2c)
241813.690:0160:Ret  hook proc 7B1B1DE0 (id=WH_GETMESSAGE,code=0,wp=00000001,lp=0026df2c) retval=00000000
241813.690:0160:Call window proc 7B1B1ED0 (hwnd=00010060,msg=WM_USER,wp=00000124,lp=00000001)
241813.690:0160:Call user32.PostMessageW(00010060,00000402,00000000,00000000) ret=7b1b183b
241813.690:0160:Ret  user32.PostMessageW() retval=00000001 ret=7b1b183b
241813.741:0160:Ret  window proc 7B1B1ED0 (hwnd=00010060,msg=WM_USER,wp=00000124,lp=00000001) retval=00000000
241813.741:0160:Call hook proc 7B1B1DE0 (id=WH_GETMESSAGE,code=0,wp=00000001,lp=0026df2c)
241813.741:0160:Ret  hook proc 7B1B1DE0 (id=WH_GETMESSAGE,code=0,wp=00000001,lp=0026df2c) retval=00000000
241813.741:0160:Call window proc 7B1B1ED0 (hwnd=00010060,msg=WM_USER+2,wp=00000000,lp=00000000)
241813.741:0160:Ret  window proc 7B1B1ED0 (hwnd=00010060,msg=WM_USER+2,wp=00000000,lp=00000000) retval=00000000
241813.741:0160:Call hook proc 7B1B1DE0 (id=WH_GETMESSAGE,code=0,wp=00000001,lp=0026df2c)
241813.741:0160:Ret  hook proc 7B1B1DE0 (id=WH_GETMESSAGE,code=0,wp=00000001,lp=0026df2c) retval=00000000
241813.741:0160:Call window proc 7B1B1ED0 (hwnd=00010060,msg=WM_USER,wp=00000124,lp=00000001)
241813.741:0160:Call user32.PostMessageW(00010060,00000402,00000000,00000000) ret=7b1b183b
241813.741:0160:Ret  user32.PostMessageW() retval=00000001 ret=7b1b183b
241813.802:0160:Ret  window proc 7B1B1ED0 (hwnd=00010060,msg=WM_USER,wp=00000124,lp=00000001) retval=00000000
241813.802:0160:Call hook proc 7B1B1DE0 (id=WH_GETMESSAGE,code=0,wp=00000001,lp=0026df2c)
241813.802:0160:Ret  hook proc 7B1B1DE0 (id=WH_GETMESSAGE,code=0,wp=00000001,lp=0026df2c) retval=00000000
241813.802:0160:Call window proc 7B1B1ED0 (hwnd=00010060,msg=WM_USER+2,wp=00000000,lp=00000000)
241813.802:0160:Ret  window proc 7B1B1ED0 (hwnd=00010060,msg=WM_USER+2,wp=00000000,lp=00000000) retval=00000000
241813.802:0160:Call hook proc 7B1B1DE0 (id=WH_GETMESSAGE,code=0,wp=00000001,lp=0026df2c)
241813.802:0160:Ret  hook proc 7B1B1DE0 (id=WH_GETMESSAGE,code=0,wp=00000001,lp=0026df2c) retval=00000000
241813.802:0160:Call window proc 7B1B1ED0 (hwnd=00010060,msg=WM_USER,wp=00000124,lp=00000001)
241813.802:0160:Call user32.PostMessageW(00010060,00000402,00000000,00000000) ret=7b1b183b
241813.802:0160:Ret  user32.PostMessageW() retval=00000001 ret=7b1b183b
241813.863:0160:Ret  window proc 7B1B1ED0 (hwnd=00010060,msg=WM_USER,wp=00000124,lp=00000001) retval=00000000
241813.863:0160:Call hook proc 7B1B1DE0 (id=WH_GETMESSAGE,code=0,wp=00000001,lp=0026df2c)
241813.863:0160:Ret  hook proc 7B1B1DE0 (id=WH_GETMESSAGE,code=0,wp=00000001,lp=0026df2c) retval=00000000
241813.863:0160:Call window proc 7B1B1ED0 (hwnd=00010060,msg=WM_USER+2,wp=00000000,lp=00000000)
241813.863:0160:Ret  window proc 7B1B1ED0 (hwnd=00010060,msg=WM_USER+2,wp=00000000,lp=00000000) retval=00000000
241813.863:0160:Call hook proc 7B1B1DE0 (id=WH_GETMESSAGE,code=0,wp=00000001,lp=0026df2c)
241813.863:0160:Ret  hook proc 7B1B1DE0 (id=WH_GETMESSAGE,code=0,wp=00000001,lp=0026df2c) retval=00000000
241813.863:0160:Call window proc 7B1B1ED0 (hwnd=00010060,msg=WM_USER,wp=00000124,lp=00000001)
241813.863:0160:Call user32.PostMessageW(00010060,00000402,00000000,00000000) ret=7b1b183b
241813.863:0160:Ret  user32.PostMessageW() retval=00000001 ret=7b1b183b
241813.924:0160:Ret  window proc 7B1B1ED0 (hwnd=00010060,msg=WM_USER,wp=00000124,lp=00000001) retval=00000000
241813.924:0160:Call hook proc 7B1B1DE0 (id=WH_GETMESSAGE,code=0,wp=00000001,lp=0026df2c)
241813.924:0160:Ret  hook proc 7B1B1DE0 (id=WH_GETMESSAGE,code=0,wp=00000001,lp=0026df2c) retval=00000000
241813.924:0160:Call window proc 7B1B1ED0 (hwnd=00010060,msg=WM_USER+2,wp=00000000,lp=00000000)
241813.924:0160:Ret  window proc 7B1B1ED0 (hwnd=00010060,msg=WM_USER+2,wp=00000000,lp=00000000) retval=00000000
241813.924:0160:Call hook proc 7B1B1DE0 (id=WH_GETMESSAGE,code=0,wp=00000001,lp=0026df2c)
241813.924:0160:Ret  hook proc 7B1B1DE0 (id=WH_GETMESSAGE,code=0,wp=00000001,lp=0026df2c) retval=00000000
241813.924:0160:Call window proc 7B1B1ED0 (hwnd=00010060,msg=WM_USER,wp=00000124,lp=00000001)
241813.924:0160:Call user32.PostMessageW(00010060,00000402,00000000,00000000) ret=7b1b183b
241813.924:0160:Ret  user32.PostMessageW() retval=00000001 ret=7b1b183b
241813.984:0160:Ret  window proc 7B1B1ED0 (hwnd=00010060,msg=WM_USER,wp=00000124,lp=00000001) retval=00000000
241813.985:0160:Call hook proc 7B1B1DE0 (id=WH_GETMESSAGE,code=0,wp=00000001,lp=0026df2c)
241813.985:0160:Ret  hook proc 7B1B1DE0 (id=WH_GETMESSAGE,code=0,wp=00000001,lp=0026df2c) retval=00000000
241813.985:0160:Call window proc 7B1B1ED0 (hwnd=00010060,msg=WM_USER+2,wp=00000000,lp=00000000)
241813.985:0160:Ret  window proc 7B1B1ED0 (hwnd=00010060,msg=WM_USER+2,wp=00000000,lp=00000000) retval=00000000
241813.985:0160:Call hook proc 7B1B1DE0 (id=WH_GETMESSAGE,code=0,wp=00000001,lp=0026df2c)
241813.985:0160:Ret  hook proc 7B1B1DE0 (id=WH_GETMESSAGE,code=0,wp=00000001,lp=0026df2c) retval=00000000
241813.985:0160:Call window proc 7B1B1ED0 (hwnd=00010060,msg=WM_USER,wp=00000124,lp=00000001)
241813.985:0160:Call user32.PostMessageW(00010060,00000402,00000000,00000000) ret=7b1b183b
241813.985:0160:Ret  user32.PostMessageW() retval=00000001 ret=7b1b183b
241814.036:0160:Ret  window proc 7B1B1ED0 (hwnd=00010060,msg=WM_USER,wp=00000124,lp=00000001) retval=00000000
241814.036:0160:Call hook proc 7B1B1DE0 (id=WH_GETMESSAGE,code=0,wp=00000001,lp=0026df2c)
241814.036:0160:Ret  hook proc 7B1B1DE0 (id=WH_GETMESSAGE,code=0,wp=00000001,lp=0026df2c) retval=00000000
241814.036:0160:Call window proc 7B1B1ED0 (hwnd=00010060,msg=WM_USER+2,wp=00000000,lp=00000000)
241814.036:0160:Ret  window proc 7B1B1ED0 (hwnd=00010060,msg=WM_USER+2,wp=00000000,lp=00000000) retval=00000000
241814.036:0160:Call hook proc 7B1B1DE0 (id=WH_GETMESSAGE,code=0,wp=00000001,lp=0026df2c)
241814.036:0160:Ret  hook proc 7B1B1DE0 (id=WH_GETMESSAGE,code=0,wp=00000001,lp=0026df2c) retval=00000000
241814.036:0160:Call window proc 7B1B1ED0 (hwnd=00010060,msg=WM_USER,wp=00000124,lp=00000001)
241814.036:0160:Call user32.PostMessageW(00010060,00000402,00000000,00000000) ret=7b1b183b
241814.036:0160:Ret  user32.PostMessageW() retval=00000001 ret=7b1b183b
241814.087:0160:Ret  window proc 7B1B1ED0 (hwnd=00010060,msg=WM_USER,wp=00000124,lp=00000001) retval=00000000
241814.087:0160:Call hook proc 7B1B1DE0 (id=WH_GETMESSAGE,code=0,wp=00000001,lp=0026df2c)
241814.087:0160:Ret  hook proc 7B1B1DE0 (id=WH_GETMESSAGE,code=0,wp=00000001,lp=0026df2c) retval=00000000
241814.087:0160:Call window proc 7B1B1ED0 (hwnd=00010060,msg=WM_USER+2,wp=00000000,lp=00000000)
241814.087:0160:Ret  window proc 7B1B1ED0 (hwnd=00010060,msg=WM_USER+2,wp=00000000,lp=00000000) retval=00000000
241814.087:0160:Call hook proc 7B1B1DE0 (id=WH_GETMESSAGE,code=0,wp=00000001,lp=0026df2c)
241814.087:0160:Ret  hook proc 7B1B1DE0 (id=WH_GETMESSAGE,code=0,wp=00000001,lp=0026df2c) retval=00000000
241814.087:0160:Call window proc 7B1B1ED0 (hwnd=00010060,msg=WM_USER,wp=00000124,lp=00000001)
241814.087:0160:Call user32.PostMessageW(00010060,00000402,00000000,00000000) ret=7b1b183b
241814.087:0160:Ret  user32.PostMessageW() retval=00000001 ret=7b1b183b
241814.138:0160:Ret  window proc 7B1B1ED0 (hwnd=00010060,msg=WM_USER,wp=00000124,lp=00000001) retval=00000000
241814.138:0160:Call hook proc 7B1B1DE0 (id=WH_GETMESSAGE,code=0,wp=00000001,lp=0026df2c)
241814.138:0160:Ret  hook proc 7B1B1DE0 (id=WH_GETMESSAGE,code=0,wp=00000001,lp=0026df2c) retval=00000000
241814.138:0160:Call window proc 7B1B1ED0 (hwnd=00010060,msg=WM_USER+2,wp=00000000,lp=00000000)
241814.138:0160:Ret  window proc 7B1B1ED0 (hwnd=00010060,msg=WM_USER+2,wp=00000000,lp=00000000) retval=00000000
241814.138:0160:Call hook proc 7B1B1DE0 (id=WH_GETMESSAGE,code=0,wp=00000001,lp=0026df2c)
241814.138:0160:Ret  hook proc 7B1B1DE0 (id=WH_GETMESSAGE,code=0,wp=00000001,lp=0026df2c) retval=00000000
241814.138:0160:Call window proc 7B1B1ED0 (hwnd=00010060,msg=WM_USER,wp=00000124,lp=00000001)
241814.138:0160:Call user32.PostMessageW(00010060,00000402,00000000,00000000) ret=7b1b183b
241814.138:0160:Ret  user32.PostMessageW() retval=00000001 ret=7b1b183b
241814.189:0160:Ret  window proc 7B1B1ED0 (hwnd=00010060,msg=WM_USER,wp=00000124,lp=00000001) retval=00000000
241814.189:0160:Call hook proc 7B1B1DE0 (id=WH_GETMESSAGE,code=0,wp=00000001,lp=0026df2c)
241814.189:0160:Ret  hook proc 7B1B1DE0 (id=WH_GETMESSAGE,code=0,wp=00000001,lp=0026df2c) retval=00000000
241814.189:0160:Call window proc 7B1B1ED0 (hwnd=00010060,msg=WM_USER+2,wp=00000000,lp=00000000)
241814.189:0160:Ret  window proc 7B1B1ED0 (hwnd=00010060,msg=WM_USER+2,wp=00000000,lp=00000000) retval=00000000
241814.189:0160:Call hook proc 7B1B1DE0 (id=WH_GETMESSAGE,code=0,wp=00000001,lp=0026df2c)
241814.189:0160:Ret  hook proc 7B1B1DE0 (id=WH_GETMESSAGE,code=0,wp=00000001,lp=0026df2c) retval=00000000
241814.189:0160:Call window proc 7B1B1ED0 (hwnd=00010060,msg=WM_USER,wp=00000124,lp=00000001)
241814.189:0160:Call user32.PostMessageW(00010060,00000402,00000000,00000000) ret=7b1b183b
241814.189:0160:Ret  user32.PostMessageW() retval=00000001 ret=7b1b183b
241814.250:0160:Ret  window proc 7B1B1ED0 (hwnd=00010060,msg=WM_USER,wp=00000124,lp=00000001) retval=00000000
241814.250:0160:Call hook proc 7B1B1DE0 (id=WH_GETMESSAGE,code=0,wp=00000001,lp=0026df2c)
241814.250:0160:Ret  hook proc 7B1B1DE0 (id=WH_GETMESSAGE,code=0,wp=00000001,lp=0026df2c) retval=00000000
241814.250:0160:Call window proc 7B1B1ED0 (hwnd=00010060,msg=WM_USER+2,wp=00000000,lp=00000000)
241814.250:0160:Ret  window proc 7B1B1ED0 (hwnd=00010060,msg=WM_USER+2,wp=00000000,lp=00000000) retval=00000000
241814.250:0160:Call hook proc 7B1B1DE0 (id=WH_GETMESSAGE,code=0,wp=00000001,lp=0026df2c)
241814.250:0160:Ret  hook proc 7B1B1DE0 (id=WH_GETMESSAGE,code=0,wp=00000001,lp=0026df2c) retval=00000000
241814.250:0160:Call window proc 7B1B1ED0 (hwnd=00010060,msg=WM_USER,wp=00000124,lp=00000001)
241814.250:0160:Call user32.PostMessageW(00010060,00000402,00000000,00000000) ret=7b1b183b
241814.250:0160:Ret  user32.PostMessageW() retval=00000001 ret=7b1b183b
241814.301:0160:Ret  window proc 7B1B1ED0 (hwnd=00010060,msg=WM_USER,wp=00000124,lp=00000001) retval=00000000
241814.301:0160:Call hook proc 7B1B1DE0 (id=WH_GETMESSAGE,code=0,wp=00000001,lp=0026df2c)
241814.301:0160:Ret  hook proc 7B1B1DE0 (id=WH_GETMESSAGE,code=0,wp=00000001,lp=0026df2c) retval=00000000
241814.301:0160:Call window proc 7B1B1ED0 (hwnd=00010060,msg=WM_USER+2,wp=00000000,lp=00000000)
241814.301:0160:Ret  window proc 7B1B1ED0 (hwnd=00010060,msg=WM_USER+2,wp=00000000,lp=00000000) retval=00000000
241814.301:0160:Call hook proc 7B1B1DE0 (id=WH_GETMESSAGE,code=0,wp=00000001,lp=0026df2c)
241814.301:0160:Ret  hook proc 7B1B1DE0 (id=WH_GETMESSAGE,code=0,wp=00000001,lp=0026df2c) retval=00000000
241814.301:0160:Call window proc 7B1B1ED0 (hwnd=00010060,msg=WM_USER,wp=00000124,lp=00000001)
241814.301:0160:Call user32.PostMessageW(00010060,00000402,00000000,00000000) ret=7b1b183b
241814.301:0160:Ret  user32.PostMessageW() retval=00000001 ret=7b1b183b
241814.352:0160:Ret  window proc 7B1B1ED0 (hwnd=00010060,msg=WM_USER,wp=00000124,lp=00000001) retval=00000000
241814.352:0160:Call hook proc 7B1B1DE0 (id=WH_GETMESSAGE,code=0,wp=00000001,lp=0026df2c)
241814.352:0160:Ret  hook proc 7B1B1DE0 (id=WH_GETMESSAGE,code=0,wp=00000001,lp=0026df2c) retval=00000000
241814.352:0160:Call window proc 7B1B1ED0 (hwnd=00010060,msg=WM_USER+2,wp=00000000,lp=00000000)
241814.352:0160:Ret  window proc 7B1B1ED0 (hwnd=00010060,msg=WM_USER+2,wp=00000000,lp=00000000) retval=00000000
241814.352:0160:Call hook proc 7B1B1DE0 (id=WH_GETMESSAGE,code=0,wp=00000001,lp=0026df2c)
241814.352:0160:Ret  hook proc 7B1B1DE0 (id=WH_GETMESSAGE,code=0,wp=00000001,lp=0026df2c) retval=00000000
241814.352:0160:Call window proc 7B1B1ED0 (hwnd=00010060,msg=WM_USER,wp=00000124,lp=00000001)
241814.352:0160:Call user32.PostMessageW(00010060,00000402,00000000,00000000) ret=7b1b183b
241814.352:0160:Ret  user32.PostMessageW() retval=00000001 ret=7b1b183b
241814.404:0160:Ret  window proc 7B1B1ED0 (hwnd=00010060,msg=WM_USER,wp=00000124,lp=00000001) retval=00000000
241814.404:0160:Call hook proc 7B1B1DE0 (id=WH_GETMESSAGE,code=0,wp=00000001,lp=0026df2c)
241814.404:0160:Ret  hook proc 7B1B1DE0 (id=WH_GETMESSAGE,code=0,wp=00000001,lp=0026df2c) retval=00000000
241814.404:0160:Call window proc 7B1B1ED0 (hwnd=00010060,msg=WM_USER+2,wp=00000000,lp=00000000)
241814.404:0160:Ret  window proc 7B1B1ED0 (hwnd=00010060,msg=WM_USER+2,wp=00000000,lp=00000000) retval=00000000
241814.404:0160:Call hook proc 7B1B1DE0 (id=WH_GETMESSAGE,code=0,wp=00000001,lp=0026df2c)
241814.404:0160:Ret  hook proc 7B1B1DE0 (id=WH_GETMESSAGE,code=0,wp=00000001,lp=0026df2c) retval=00000000
241814.404:0160:Call window proc 7B1B1ED0 (hwnd=00010060,msg=WM_USER,wp=00000124,lp=00000001)
241814.404:0160:Call user32.PostMessageW(00010060,00000402,00000000,00000000) ret=7b1b183b
241814.404:0160:Ret  user32.PostMessageW() retval=00000001 ret=7b1b183b
241814.455:0160:Ret  window proc 7B1B1ED0 (hwnd=00010060,msg=WM_USER,wp=00000124,lp=00000001) retval=00000000
241814.455:0160:Call hook proc 7B1B1DE0 (id=WH_GETMESSAGE,code=0,wp=00000001,lp=0026df2c)
241814.455:0160:Ret  hook proc 7B1B1DE0 (id=WH_GETMESSAGE,code=0,wp=00000001,lp=0026df2c) retval=00000000
241814.455:0160:Call window proc 7B1B1ED0 (hwnd=00010060,msg=WM_USER+2,wp=00000000,lp=00000000)
241814.455:0160:Ret  window proc 7B1B1ED0 (hwnd=00010060,msg=WM_USER+2,wp=00000000,lp=00000000) retval=00000000
241814.455:0160:Call hook proc 7B1B1DE0 (id=WH_GETMESSAGE,code=0,wp=00000001,lp=0026df2c)
241814.455:0160:Ret  hook proc 7B1B1DE0 (id=WH_GETMESSAGE,code=0,wp=00000001,lp=0026df2c) retval=00000000
241814.455:0160:Call window proc 7B1B1ED0 (hwnd=00010060,msg=WM_USER,wp=00000124,lp=00000001)
241814.455:0160:Call user32.PostMessageW(00010060,00000402,00000000,00000000) ret=7b1b183b
241814.455:0160:Ret  user32.PostMessageW() retval=00000001 ret=7b1b183b
241814.506:0160:Ret  window proc 7B1B1ED0 (hwnd=00010060,msg=WM_USER,wp=00000124,lp=00000001) retval=00000000
241814.506:0160:Call hook proc 7B1B1DE0 (id=WH_GETMESSAGE,code=0,wp=00000001,lp=0026df2c)
241814.506:0160:Ret  hook proc 7B1B1DE0 (id=WH_GETMESSAGE,code=0,wp=00000001,lp=0026df2c) retval=00000000
241814.506:0160:Call window proc 7B1B1ED0 (hwnd=00010060,msg=WM_USER+2,wp=00000000,lp=00000000)
241814.506:0160:Ret  window proc 7B1B1ED0 (hwnd=00010060,msg=WM_USER+2,wp=00000000,lp=00000000) retval=00000000
241814.506:0160:Call hook proc 7B1B1DE0 (id=WH_GETMESSAGE,code=0,wp=00000001,lp=0026df2c)
241814.506:0160:Ret  hook proc 7B1B1DE0 (id=WH_GETMESSAGE,code=0,wp=00000001,lp=0026df2c) retval=00000000
241814.506:0160:Call window proc 7B1B1ED0 (hwnd=00010060,msg=WM_USER,wp=00000124,lp=00000001)
241814.506:0160:Call user32.PostMessageW(00010060,00000402,00000000,00000000) ret=7b1b183b
241814.506:0160:Ret  user32.PostMessageW() retval=00000001 ret=7b1b183b
241814.557:0160:Ret  window proc 7B1B1ED0 (hwnd=00010060,msg=WM_USER,wp=00000124,lp=00000001) retval=00000000
241814.557:0160:Call hook proc 7B1B1DE0 (id=WH_GETMESSAGE,code=0,wp=00000001,lp=0026df2c)
241814.557:0160:Ret  hook proc 7B1B1DE0 (id=WH_GETMESSAGE,code=0,wp=00000001,lp=0026df2c) retval=00000000
241814.557:0160:Call window proc 7B1B1ED0 (hwnd=00010060,msg=WM_USER+2,wp=00000000,lp=00000000)
241814.557:0160:Ret  window proc 7B1B1ED0 (hwnd=00010060,msg=WM_USER+2,wp=00000000,lp=00000000) retval=00000000
241814.557:0160:Call hook proc 7B1B1DE0 (id=WH_GETMESSAGE,code=0,wp=00000001,lp=0026df2c)
241814.557:0160:Ret  hook proc 7B1B1DE0 (id=WH_GETMESSAGE,code=0,wp=00000001,lp=0026df2c) retval=00000000
241814.557:0160:Call window proc 7B1B1ED0 (hwnd=00010060,msg=WM_USER,wp=00000124,lp=00000001)
241814.557:0160:Call user32.PostMessageW(00010060,00000402,00000000,00000000) ret=7b1b183b
241814.557:0160:Ret  user32.PostMessageW() retval=00000001 ret=7b1b183b
241814.608:0160:Ret  window proc 7B1B1ED0 (hwnd=00010060,msg=WM_USER,wp=00000124,lp=00000001) retval=00000000
241814.608:0160:Call hook proc 7B1B1DE0 (id=WH_GETMESSAGE,code=0,wp=00000001,lp=0026df2c)
241814.609:0160:Ret  hook proc 7B1B1DE0 (id=WH_GETMESSAGE,code=0,wp=00000001,lp=0026df2c) retval=00000000
241814.609:0160:Call window proc 7B1B1ED0 (hwnd=00010060,msg=WM_USER+2,wp=00000000,lp=00000000)
241814.609:0160:Ret  window proc 7B1B1ED0 (hwnd=00010060,msg=WM_USER+2,wp=00000000,lp=00000000) retval=00000000
241814.609:0160:Call hook proc 7B1B1DE0 (id=WH_GETMESSAGE,code=0,wp=00000001,lp=0026df2c)
241814.610:0160:Ret  hook proc 7B1B1DE0 (id=WH_GETMESSAGE,code=0,wp=00000001,lp=0026df2c) retval=00000000
241814.610:0160:Call window proc 7B1B1ED0 (hwnd=00010060,msg=WM_USER,wp=00000124,lp=00000001)
241814.610:0160:Call user32.PostMessageW(00010060,00000402,00000000,00000000) ret=7b1b183b
241814.610:0160:Ret  user32.PostMessageW() retval=00000001 ret=7b1b183b
241814.661:0160:Ret  window proc 7B1B1ED0 (hwnd=00010060,msg=WM_USER,wp=00000124,lp=00000001) retval=00000000
241814.661:0160:Call hook proc 7B1B1DE0 (id=WH_GETMESSAGE,code=0,wp=00000001,lp=0026df2c)
241814.661:0160:Ret  hook proc 7B1B1DE0 (id=WH_GETMESSAGE,code=0,wp=00000001,lp=0026df2c) retval=00000000
241814.661:0160:Call window proc 7B1B1ED0 (hwnd=00010060,msg=WM_USER+2,wp=00000000,lp=00000000)
241814.661:0160:Ret  window proc 7B1B1ED0 (hwnd=00010060,msg=WM_USER+2,wp=00000000,lp=00000000) retval=00000000
241814.661:0160:Call hook proc 7B1B1DE0 (id=WH_GETMESSAGE,code=0,wp=00000001,lp=0026df2c)
241814.662:0160:Ret  hook proc 7B1B1DE0 (id=WH_GETMESSAGE,code=0,wp=00000001,lp=0026df2c) retval=00000000
241814.662:0160:Call window proc 7B1B1ED0 (hwnd=00010060,msg=WM_USER,wp=00000124,lp=00000001)
241814.662:0160:Call user32.PostMessageW(00010060,00000402,00000000,00000000) ret=7b1b183b
241814.662:0160:Ret  user32.PostMessageW() retval=00000001 ret=7b1b183b
241814.713:0160:Ret  window proc 7B1B1ED0 (hwnd=00010060,msg=WM_USER,wp=00000124,lp=00000001) retval=00000000
241814.713:0160:Call hook proc 7B1B1DE0 (id=WH_GETMESSAGE,code=0,wp=00000001,lp=0026df2c)
241814.713:0160:Ret  hook proc 7B1B1DE0 (id=WH_GETMESSAGE,code=0,wp=00000001,lp=0026df2c) retval=00000000
241814.713:0160:Call window proc 7B1B1ED0 (hwnd=00010060,msg=WM_USER+2,wp=00000000,lp=00000000)
241814.713:0160:Ret  window proc 7B1B1ED0 (hwnd=00010060,msg=WM_USER+2,wp=00000000,lp=00000000) retval=00000000
241814.713:0160:Call hook proc 7B1B1DE0 (id=WH_GETMESSAGE,code=0,wp=00000001,lp=0026df2c)
241814.713:0160:Ret  hook proc 7B1B1DE0 (id=WH_GETMESSAGE,code=0,wp=00000001,lp=0026df2c) retval=00000000
241814.713:0160:Call window proc 7B1B1ED0 (hwnd=00010060,msg=WM_USER,wp=00000124,lp=00000001)
241814.713:0160:Call user32.PostMessageW(00010060,00000402,00000000,00000000) ret=7b1b183b
241814.713:0160:Ret  user32.PostMessageW() retval=00000001 ret=7b1b183b
241814.764:0160:Ret  window proc 7B1B1ED0 (hwnd=00010060,msg=WM_USER,wp=00000124,lp=00000001) retval=00000000
241814.764:0160:Call hook proc 7B1B1DE0 (id=WH_GETMESSAGE,code=0,wp=00000001,lp=0026df2c)
241814.764:0160:Ret  hook proc 7B1B1DE0 (id=WH_GETMESSAGE,code=0,wp=00000001,lp=0026df2c) retval=00000000
241814.764:0160:Call window proc 7B1B1ED0 (hwnd=00010060,msg=WM_USER+2,wp=00000000,lp=00000000)
241814.764:0160:Ret  window proc 7B1B1ED0 (hwnd=00010060,msg=WM_USER+2,wp=00000000,lp=00000000) retval=00000000
241814.764:0160:Call hook proc 7B1B1DE0 (id=WH_GETMESSAGE,code=0,wp=00000001,lp=0026df2c)
241814.764:0160:Ret  hook proc 7B1B1DE0 (id=WH_GETMESSAGE,code=0,wp=00000001,lp=0026df2c) retval=00000000
241814.764:0160:Call window proc 7B1B1ED0 (hwnd=00010060,msg=WM_USER,wp=00000124,lp=00000001)
241814.764:0160:Call user32.PostMessageW(00010060,00000402,00000000,00000000) ret=7b1b183b
241814.764:0160:Ret  user32.PostMessageW() retval=00000001 ret=7b1b183b
241814.815:0160:Ret  window proc 7B1B1ED0 (hwnd=00010060,msg=WM_USER,wp=00000124,lp=00000001) retval=00000000
241814.815:0160:Call hook proc 7B1B1DE0 (id=WH_GETMESSAGE,code=0,wp=00000001,lp=0026df2c)
241814.815:0160:Ret  hook proc 7B1B1DE0 (id=WH_GETMESSAGE,code=0,wp=00000001,lp=0026df2c) retval=00000000
241814.815:0160:Call window proc 7B1B1ED0 (hwnd=00010060,msg=WM_USER+2,wp=00000000,lp=00000000)
241814.815:0160:Ret  window proc 7B1B1ED0 (hwnd=00010060,msg=WM_USER+2,wp=00000000,lp=00000000) retval=00000000
241814.815:0160:Call hook proc 7B1B1DE0 (id=WH_GETMESSAGE,code=0,wp=00000001,lp=0026df2c)
241814.815:0160:Ret  hook proc 7B1B1DE0 (id=WH_GETMESSAGE,code=0,wp=00000001,lp=0026df2c) retval=00000000
241814.815:0160:Call window proc 7B1B1ED0 (hwnd=00010060,msg=WM_USER,wp=00000124,lp=00000001)
241814.815:0160:Call user32.PostMessageW(00010060,00000402,00000000,00000000) ret=7b1b183b
241814.815:0160:Ret  user32.PostMessageW() retval=00000001 ret=7b1b183b
241814.867:0160:Ret  window proc 7B1B1ED0 (hwnd=00010060,msg=WM_USER,wp=00000124,lp=00000001) retval=00000000
241814.867:0160:Call hook proc 7B1B1DE0 (id=WH_GETMESSAGE,code=0,wp=00000001,lp=0026df2c)
241814.867:0160:Ret  hook proc 7B1B1DE0 (id=WH_GETMESSAGE,code=0,wp=00000001,lp=0026df2c) retval=00000000
241814.867:0160:Call window proc 7B1B1ED0 (hwnd=00010060,msg=WM_USER+2,wp=00000000,lp=00000000)
241814.867:0160:Ret  window proc 7B1B1ED0 (hwnd=00010060,msg=WM_USER+2,wp=00000000,lp=00000000) retval=00000000
241814.867:0160:Call hook proc 7B1B1DE0 (id=WH_GETMESSAGE,code=0,wp=00000001,lp=0026df2c)
241814.867:0160:Ret  hook proc 7B1B1DE0 (id=WH_GETMESSAGE,code=0,wp=00000001,lp=0026df2c) retval=00000000
241814.867:0160:Call window proc 7B1B1ED0 (hwnd=00010060,msg=WM_USER,wp=00000124,lp=00000001)
241814.867:0160:Call user32.PostMessageW(00010060,00000402,00000000,00000000) ret=7b1b183b
241814.867:0160:Ret  user32.PostMessageW() retval=00000001 ret=7b1b183b
241814.918:0160:Ret  window proc 7B1B1ED0 (hwnd=00010060,msg=WM_USER,wp=00000124,lp=00000001) retval=00000000
241814.918:0160:Call hook proc 7B1B1DE0 (id=WH_GETMESSAGE,code=0,wp=00000001,lp=0026df2c)
241814.918:0160:Ret  hook proc 7B1B1DE0 (id=WH_GETMESSAGE,code=0,wp=00000001,lp=0026df2c) retval=00000000
241814.918:0160:Call window proc 7B1B1ED0 (hwnd=00010060,msg=WM_USER+2,wp=00000000,lp=00000000)
241814.918:0160:Ret  window proc 7B1B1ED0 (hwnd=00010060,msg=WM_USER+2,wp=00000000,lp=00000000) retval=00000000
241814.918:0160:Call hook proc 7B1B1DE0 (id=WH_GETMESSAGE,code=0,wp=00000001,lp=0026df2c)
241814.918:0160:Ret  hook proc 7B1B1DE0 (id=WH_GETMESSAGE,code=0,wp=00000001,lp=0026df2c) retval=00000000
241814.918:0160:Call window proc 7B1B1ED0 (hwnd=00010060,msg=WM_USER,wp=00000124,lp=00000001)
241814.918:0160:Call user32.PostMessageW(00010060,00000402,00000000,00000000) ret=7b1b183b
241814.918:0160:Ret  user32.PostMessageW() retval=00000001 ret=7b1b183b
241814.969:0160:Ret  window proc 7B1B1ED0 (hwnd=00010060,msg=WM_USER,wp=00000124,lp=00000001) retval=00000000
241814.969:0160:Call hook proc 7B1B1DE0 (id=WH_GETMESSAGE,code=0,wp=00000001,lp=0026df2c)
241814.969:0160:Ret  hook proc 7B1B1DE0 (id=WH_GETMESSAGE,code=0,wp=00000001,lp=0026df2c) retval=00000000
241814.969:0160:Call window proc 7B1B1ED0 (hwnd=00010060,msg=WM_USER+2,wp=00000000,lp=00000000)
241814.969:0160:Ret  window proc 7B1B1ED0 (hwnd=00010060,msg=WM_USER+2,wp=00000000,lp=00000000) retval=00000000
241814.969:0160:Call hook proc 7B1B1DE0 (id=WH_GETMESSAGE,code=0,wp=00000001,lp=0026df2c)
241814.969:0160:Ret  hook proc 7B1B1DE0 (id=WH_GETMESSAGE,code=0,wp=00000001,lp=0026df2c) retval=00000000
241814.969:0160:Call window proc 7B1B1ED0 (hwnd=00010060,msg=WM_USER,wp=00000124,lp=00000001)
241814.969:0160:Call user32.PostMessageW(00010060,00000402,00000000,00000000) ret=7b1b183b
241814.969:0160:Ret  user32.PostMessageW() retval=00000001 ret=7b1b183b
241815.023:0160:Ret  window proc 7B1B1ED0 (hwnd=00010060,msg=WM_USER,wp=00000124,lp=00000001) retval=00000000
241815.024:0160:Call hook proc 7B1B1DE0 (id=WH_GETMESSAGE,code=0,wp=00000001,lp=0026df2c)
241815.024:0160:Ret  hook proc 7B1B1DE0 (id=WH_GETMESSAGE,code=0,wp=00000001,lp=0026df2c) retval=00000000
241815.024:0160:Call window proc 7B1B1ED0 (hwnd=00010060,msg=WM_USER+2,wp=00000000,lp=00000000)
241815.024:0160:Ret  window proc 7B1B1ED0 (hwnd=00010060,msg=WM_USER+2,wp=00000000,lp=00000000) retval=00000000
241815.024:0160:Call hook proc 7B1B1DE0 (id=WH_GETMESSAGE,code=0,wp=00000001,lp=0026df2c)
241815.024:0160:Ret  hook proc 7B1B1DE0 (id=WH_GETMESSAGE,code=0,wp=00000001,lp=0026df2c) retval=00000000
241815.024:0160:Call window proc 7B1B1ED0 (hwnd=00010060,msg=WM_USER,wp=00000124,lp=00000001)
241815.024:0160:Call user32.PostMessageW(00010060,00000402,00000000,00000000) ret=7b1b183b
241815.024:0160:Ret  user32.PostMessageW() retval=00000001 ret=7b1b183b
241815.076:0160:Ret  window proc 7B1B1ED0 (hwnd=00010060,msg=WM_USER,wp=00000124,lp=00000001) retval=00000000
241815.076:0160:Call hook proc 7B1B1DE0 (id=WH_GETMESSAGE,code=0,wp=00000001,lp=0026df2c)
241815.076:0160:Ret  hook proc 7B1B1DE0 (id=WH_GETMESSAGE,code=0,wp=00000001,lp=0026df2c) retval=00000000
241815.076:0160:Call window proc 7B1B1ED0 (hwnd=00010060,msg=WM_USER+2,wp=00000000,lp=00000000)
241815.076:0160:Ret  window proc 7B1B1ED0 (hwnd=00010060,msg=WM_USER+2,wp=00000000,lp=00000000) retval=00000000
241815.076:0160:Call hook proc 7B1B1DE0 (id=WH_GETMESSAGE,code=0,wp=00000001,lp=0026df2c)
241815.076:0160:Ret  hook proc 7B1B1DE0 (id=WH_GETMESSAGE,code=0,wp=00000001,lp=0026df2c) retval=00000000
241815.076:0160:Call window proc 7B1B1ED0 (hwnd=00010060,msg=WM_USER,wp=00000124,lp=00000001)
241815.076:0160:Call user32.PostMessageW(00010060,00000402,00000000,00000000) ret=7b1b183b
241815.076:0160:Ret  user32.PostMessageW() retval=00000001 ret=7b1b183b
241815.136:0160:Ret  window proc 7B1B1ED0 (hwnd=00010060,msg=WM_USER,wp=00000124,lp=00000001) retval=00000000
241815.136:0160:Call hook proc 7B1B1DE0 (id=WH_GETMESSAGE,code=0,wp=00000001,lp=0026df2c)
241815.136:0160:Ret  hook proc 7B1B1DE0 (id=WH_GETMESSAGE,code=0,wp=00000001,lp=0026df2c) retval=00000000
241815.136:0160:Call window proc 7B1B1ED0 (hwnd=00010060,msg=WM_USER+2,wp=00000000,lp=00000000)
241815.136:0160:Ret  window proc 7B1B1ED0 (hwnd=00010060,msg=WM_USER+2,wp=00000000,lp=00000000) retval=00000000
241815.136:0160:Call hook proc 7B1B1DE0 (id=WH_GETMESSAGE,code=0,wp=00000001,lp=0026df2c)
241815.136:0160:Ret  hook proc 7B1B1DE0 (id=WH_GETMESSAGE,code=0,wp=00000001,lp=0026df2c) retval=00000000
241815.136:0160:Call window proc 7B1B1ED0 (hwnd=00010060,msg=WM_USER,wp=00000124,lp=00000001)
241815.136:0160:Call user32.PostMessageW(00010060,00000402,00000000,00000000) ret=7b1b183b
241815.136:0160:Ret  user32.PostMessageW() retval=00000001 ret=7b1b183b
241815.188:0160:Ret  window proc 7B1B1ED0 (hwnd=00010060,msg=WM_USER,wp=00000124,lp=00000001) retval=00000000
241815.188:0160:Call hook proc 7B1B1DE0 (id=WH_GETMESSAGE,code=0,wp=00000001,lp=0026df2c)
241815.188:0160:Ret  hook proc 7B1B1DE0 (id=WH_GETMESSAGE,code=0,wp=00000001,lp=0026df2c) retval=00000000
241815.188:0160:Call window proc 7B1B1ED0 (hwnd=00010060,msg=WM_USER+2,wp=00000000,lp=00000000)
241815.188:0160:Ret  window proc 7B1B1ED0 (hwnd=00010060,msg=WM_USER+2,wp=00000000,lp=00000000) retval=00000000
241815.188:0160:Call hook proc 7B1B1DE0 (id=WH_GETMESSAGE,code=0,wp=00000001,lp=0026df2c)
241815.188:0160:Ret  hook proc 7B1B1DE0 (id=WH_GETMESSAGE,code=0,wp=00000001,lp=0026df2c) retval=00000000
241815.188:0160:Call window proc 7B1B1ED0 (hwnd=00010060,msg=WM_USER,wp=00000124,lp=00000001)
241815.188:0160:Call user32.PostMessageW(00010060,00000402,00000000,00000000) ret=7b1b183b
241815.188:0160:Ret  user32.PostMessageW() retval=00000001 ret=7b1b183b
241815.240:0160:Ret  window proc 7B1B1ED0 (hwnd=00010060,msg=WM_USER,wp=00000124,lp=00000001) retval=00000000
241815.240:0160:Call hook proc 7B1B1DE0 (id=WH_GETMESSAGE,code=0,wp=00000001,lp=0026df2c)
241815.241:0160:Ret  hook proc 7B1B1DE0 (id=WH_GETMESSAGE,code=0,wp=00000001,lp=0026df2c) retval=00000000
241815.241:0160:Call window proc 7B1B1ED0 (hwnd=00010060,msg=WM_USER+2,wp=00000000,lp=00000000)
241815.241:0160:Ret  window proc 7B1B1ED0 (hwnd=00010060,msg=WM_USER+2,wp=00000000,lp=00000000) retval=00000000
241815.241:0160:Call hook proc 7B1B1DE0 (id=WH_GETMESSAGE,code=0,wp=00000001,lp=0026df2c)
241815.241:0160:Ret  hook proc 7B1B1DE0 (id=WH_GETMESSAGE,code=0,wp=00000001,lp=0026df2c) retval=00000000
241815.241:0160:Call window proc 7B1B1ED0 (hwnd=00010060,msg=WM_USER,wp=00000124,lp=00000001)
241815.241:0160:Call user32.PostMessageW(00010060,00000402,00000000,00000000) ret=7b1b183b
241815.241:0160:Ret  user32.PostMessageW() retval=00000001 ret=7b1b183b
241815.293:0160:Ret  window proc 7B1B1ED0 (hwnd=00010060,msg=WM_USER,wp=00000124,lp=00000001) retval=00000000
241815.293:0160:Call hook proc 7B1B1DE0 (id=WH_GETMESSAGE,code=0,wp=00000001,lp=0026df2c)
241815.293:0160:Ret  hook proc 7B1B1DE0 (id=WH_GETMESSAGE,code=0,wp=00000001,lp=0026df2c) retval=00000000
241815.293:0160:Call window proc 7B1B1ED0 (hwnd=00010060,msg=WM_USER+2,wp=00000000,lp=00000000)
241815.293:0160:Ret  window proc 7B1B1ED0 (hwnd=00010060,msg=WM_USER+2,wp=00000000,lp=00000000) retval=00000000
241815.294:0160:Call hook proc 7B1B1DE0 (id=WH_GETMESSAGE,code=0,wp=00000001,lp=0026df2c)
241815.294:0160:Ret  hook proc 7B1B1DE0 (id=WH_GETMESSAGE,code=0,wp=00000001,lp=0026df2c) retval=00000000
241815.294:0160:Call window proc 7B1B1ED0 (hwnd=00010060,msg=WM_USER,wp=00000124,lp=00000001)
241815.294:0160:Call user32.PostMessageW(00010060,00000402,00000000,00000000) ret=7b1b183b
241815.294:0160:Ret  user32.PostMessageW() retval=00000001 ret=7b1b183b
241815.346:0160:Ret  window proc 7B1B1ED0 (hwnd=00010060,msg=WM_USER,wp=00000124,lp=00000001) retval=00000000
241815.346:0160:Call hook proc 7B1B1DE0 (id=WH_GETMESSAGE,code=0,wp=00000001,lp=0026df2c)
241815.346:0160:Ret  hook proc 7B1B1DE0 (id=WH_GETMESSAGE,code=0,wp=00000001,lp=0026df2c) retval=00000000
241815.346:0160:Call window proc 7B1B1ED0 (hwnd=00010060,msg=WM_USER+2,wp=00000000,lp=00000000)
241815.347:0160:Ret  window proc 7B1B1ED0 (hwnd=00010060,msg=WM_USER+2,wp=00000000,lp=00000000) retval=00000000
241815.347:0160:Call hook proc 7B1B1DE0 (id=WH_GETMESSAGE,code=0,wp=00000001,lp=0026df2c)
241815.347:0160:Ret  hook proc 7B1B1DE0 (id=WH_GETMESSAGE,code=0,wp=00000001,lp=0026df2c) retval=00000000
241815.347:0160:Call window proc 7B1B1ED0 (hwnd=00010060,msg=WM_USER,wp=00000124,lp=00000001)
241815.347:0160:Call user32.PostMessageW(00010060,00000402,00000000,00000000) ret=7b1b183b
241815.347:0160:Ret  user32.PostMessageW() retval=00000001 ret=7b1b183b
241815.398:0160:Ret  window proc 7B1B1ED0 (hwnd=00010060,msg=WM_USER,wp=00000124,lp=00000001) retval=00000000
241815.399:0160:Call hook proc 7B1B1DE0 (id=WH_GETMESSAGE,code=0,wp=00000001,lp=0026df2c)
241815.399:0160:Ret  hook proc 7B1B1DE0 (id=WH_GETMESSAGE,code=0,wp=00000001,lp=0026df2c) retval=00000000
241815.399:0160:Call window proc 7B1B1ED0 (hwnd=00010060,msg=WM_USER+2,wp=00000000,lp=00000000)
241815.399:0160:Ret  window proc 7B1B1ED0 (hwnd=00010060,msg=WM_USER+2,wp=00000000,lp=00000000) retval=00000000
241815.399:0160:Call hook proc 7B1B1DE0 (id=WH_GETMESSAGE,code=0,wp=00000001,lp=0026df2c)
241815.399:0160:Ret  hook proc 7B1B1DE0 (id=WH_GETMESSAGE,code=0,wp=00000001,lp=0026df2c) retval=00000000
241815.399:0160:Call window proc 7B1B1ED0 (hwnd=00010060,msg=WM_USER,wp=00000124,lp=00000001)
241815.399:0160:Call user32.PostMessageW(00010060,00000402,00000000,00000000) ret=7b1b183b
241815.399:0160:Ret  user32.PostMessageW() retval=00000001 ret=7b1b183b
241815.450:0160:Ret  window proc 7B1B1ED0 (hwnd=00010060,msg=WM_USER,wp=00000124,lp=00000001) retval=00000000
241815.450:0160:Call hook proc 7B1B1DE0 (id=WH_GETMESSAGE,code=0,wp=00000001,lp=0026df2c)
241815.450:0160:Ret  hook proc 7B1B1DE0 (id=WH_GETMESSAGE,code=0,wp=00000001,lp=0026df2c) retval=00000000
241815.450:0160:Call window proc 7B1B1ED0 (hwnd=00010060,msg=WM_USER+2,wp=00000000,lp=00000000)
241815.450:0160:Ret  window proc 7B1B1ED0 (hwnd=00010060,msg=WM_USER+2,wp=00000000,lp=00000000) retval=00000000
241815.450:0160:Call hook proc 7B1B1DE0 (id=WH_GETMESSAGE,code=0,wp=00000001,lp=0026df2c)
241815.450:0160:Ret  hook proc 7B1B1DE0 (id=WH_GETMESSAGE,code=0,wp=00000001,lp=0026df2c) retval=00000000
241815.450:0160:Call window proc 7B1B1ED0 (hwnd=00010060,msg=WM_USER,wp=00000124,lp=00000001)
241815.450:0160:Call user32.PostMessageW(00010060,00000402,00000000,00000000) ret=7b1b183b
241815.450:0160:Ret  user32.PostMessageW() retval=00000001 ret=7b1b183b
241815.502:0160:Ret  window proc 7B1B1ED0 (hwnd=00010060,msg=WM_USER,wp=00000124,lp=00000001) retval=00000000
241815.502:0160:Call hook proc 7B1B1DE0 (id=WH_GETMESSAGE,code=0,wp=00000001,lp=0026df2c)
241815.502:0160:Ret  hook proc 7B1B1DE0 (id=WH_GETMESSAGE,code=0,wp=00000001,lp=0026df2c) retval=00000000
241815.502:0160:Call window proc 7B1B1ED0 (hwnd=00010060,msg=WM_USER+2,wp=00000000,lp=00000000)
241815.502:0160:Ret  window proc 7B1B1ED0 (hwnd=00010060,msg=WM_USER+2,wp=00000000,lp=00000000) retval=00000000
241815.502:0160:Call hook proc 7B1B1DE0 (id=WH_GETMESSAGE,code=0,wp=00000001,lp=0026df2c)
241815.502:0160:Ret  hook proc 7B1B1DE0 (id=WH_GETMESSAGE,code=0,wp=00000001,lp=0026df2c) retval=00000000
241815.502:0160:Call window proc 7B1B1ED0 (hwnd=00010060,msg=WM_USER,wp=00000124,lp=00000001)
241815.502:0160:Call user32.PostMessageW(00010060,00000402,00000000,00000000) ret=7b1b183b
241815.502:0160:Ret  user32.PostMessageW() retval=00000001 ret=7b1b183b
241815.553:0160:Ret  window proc 7B1B1ED0 (hwnd=00010060,msg=WM_USER,wp=00000124,lp=00000001) retval=00000000
241815.553:0160:Call hook proc 7B1B1DE0 (id=WH_GETMESSAGE,code=0,wp=00000001,lp=0026df2c)
241815.553:0160:Ret  hook proc 7B1B1DE0 (id=WH_GETMESSAGE,code=0,wp=00000001,lp=0026df2c) retval=00000000
241815.553:0160:Call window proc 7B1B1ED0 (hwnd=00010060,msg=WM_USER+2,wp=00000000,lp=00000000)
241815.553:0160:Ret  window proc 7B1B1ED0 (hwnd=00010060,msg=WM_USER+2,wp=00000000,lp=00000000) retval=00000000
241815.553:0160:Call hook proc 7B1B1DE0 (id=WH_GETMESSAGE,code=0,wp=00000001,lp=0026df2c)
241815.553:0160:Ret  hook proc 7B1B1DE0 (id=WH_GETMESSAGE,code=0,wp=00000001,lp=0026df2c) retval=00000000
241815.553:0160:Call window proc 7B1B1ED0 (hwnd=00010060,msg=WM_USER,wp=00000124,lp=00000001)
241815.553:0160:Call user32.PostMessageW(00010060,00000402,00000000,00000000) ret=7b1b183b
241815.553:0160:Ret  user32.PostMessageW() retval=00000001 ret=7b1b183b
241815.604:0160:Ret  window proc 7B1B1ED0 (hwnd=00010060,msg=WM_USER,wp=00000124,lp=00000001) retval=00000000
241815.604:0160:Call hook proc 7B1B1DE0 (id=WH_GETMESSAGE,code=0,wp=00000001,lp=0026df2c)
241815.604:0160:Ret  hook proc 7B1B1DE0 (id=WH_GETMESSAGE,code=0,wp=00000001,lp=0026df2c) retval=00000000
241815.604:0160:Call window proc 7B1B1ED0 (hwnd=00010060,msg=WM_USER+2,wp=00000000,lp=00000000)
241815.604:0160:Ret  window proc 7B1B1ED0 (hwnd=00010060,msg=WM_USER+2,wp=00000000,lp=00000000) retval=00000000
241815.604:0160:Call hook proc 7B1B1DE0 (id=WH_GETMESSAGE,code=0,wp=00000001,lp=0026df2c)
241815.604:0160:Ret  hook proc 7B1B1DE0 (id=WH_GETMESSAGE,code=0,wp=00000001,lp=0026df2c) retval=00000000
241815.604:0160:Call window proc 7B1B1ED0 (hwnd=00010060,msg=WM_USER,wp=00000124,lp=00000001)
241815.604:0160:Call user32.PostMessageW(00010060,00000402,00000000,00000000) ret=7b1b183b
241815.604:0160:Ret  user32.PostMessageW() retval=00000001 ret=7b1b183b
241815.655:0160:Ret  window proc 7B1B1ED0 (hwnd=00010060,msg=WM_USER,wp=00000124,lp=00000001) retval=00000000
241815.655:0160:Call hook proc 7B1B1DE0 (id=WH_GETMESSAGE,code=0,wp=00000001,lp=0026df2c)
241815.655:0160:Ret  hook proc 7B1B1DE0 (id=WH_GETMESSAGE,code=0,wp=00000001,lp=0026df2c) retval=00000000
241815.655:0160:Call window proc 7B1B1ED0 (hwnd=00010060,msg=WM_USER+2,wp=00000000,lp=00000000)
241815.655:0160:Ret  window proc 7B1B1ED0 (hwnd=00010060,msg=WM_USER+2,wp=00000000,lp=00000000) retval=00000000
241815.655:0160:Call hook proc 7B1B1DE0 (id=WH_GETMESSAGE,code=0,wp=00000001,lp=0026df2c)
241815.655:0160:Ret  hook proc 7B1B1DE0 (id=WH_GETMESSAGE,code=0,wp=00000001,lp=0026df2c) retval=00000000
241815.655:0160:Call window proc 7B1B1ED0 (hwnd=00010060,msg=WM_USER,wp=00000124,lp=00000001)
241815.655:0160:Call user32.PostMessageW(00010060,00000402,00000000,00000000) ret=7b1b183b
241815.655:0160:Ret  user32.PostMessageW() retval=00000001 ret=7b1b183b
241815.715:0160:Ret  window proc 7B1B1ED0 (hwnd=00010060,msg=WM_USER,wp=00000124,lp=00000001) retval=00000000
241815.715:0160:Call hook proc 7B1B1DE0 (id=WH_GETMESSAGE,code=0,wp=00000001,lp=0026df2c)
241815.715:0160:Ret  hook proc 7B1B1DE0 (id=WH_GETMESSAGE,code=0,wp=00000001,lp=0026df2c) retval=00000000
241815.715:0160:Call window proc 7B1B1ED0 (hwnd=00010060,msg=WM_USER+2,wp=00000000,lp=00000000)
241815.715:0160:Ret  window proc 7B1B1ED0 (hwnd=00010060,msg=WM_USER+2,wp=00000000,lp=00000000) retval=00000000
241815.716:0160:Call hook proc 7B1B1DE0 (id=WH_GETMESSAGE,code=0,wp=00000001,lp=0026df2c)
241815.716:0160:Ret  hook proc 7B1B1DE0 (id=WH_GETMESSAGE,code=0,wp=00000001,lp=0026df2c) retval=00000000
241815.716:0160:Call window proc 7B1B1ED0 (hwnd=00010060,msg=WM_USER,wp=00000124,lp=00000001)
241815.716:0160:Call user32.PostMessageW(00010060,00000402,00000000,00000000) ret=7b1b183b
241815.716:0160:Ret  user32.PostMessageW() retval=00000001 ret=7b1b183b
241815.777:0160:Ret  window proc 7B1B1ED0 (hwnd=00010060,msg=WM_USER,wp=00000124,lp=00000001) retval=00000000
241815.777:0160:Call hook proc 7B1B1DE0 (id=WH_GETMESSAGE,code=0,wp=00000001,lp=0026df2c)
241815.777:0160:Ret  hook proc 7B1B1DE0 (id=WH_GETMESSAGE,code=0,wp=00000001,lp=0026df2c) retval=00000000
241815.777:0160:Call window proc 7B1B1ED0 (hwnd=00010060,msg=WM_USER+2,wp=00000000,lp=00000000)
241815.778:0160:Ret  window proc 7B1B1ED0 (hwnd=00010060,msg=WM_USER+2,wp=00000000,lp=00000000) retval=00000000
241815.778:0160:Call hook proc 7B1B1DE0 (id=WH_GETMESSAGE,code=0,wp=00000001,lp=0026df2c)
241815.778:0160:Ret  hook proc 7B1B1DE0 (id=WH_GETMESSAGE,code=0,wp=00000001,lp=0026df2c) retval=00000000
241815.778:0160:Call window proc 7B1B1ED0 (hwnd=00010060,msg=WM_USER,wp=00000124,lp=00000001)
241815.778:0160:Call user32.PostMessageW(00010060,00000402,00000000,00000000) ret=7b1b183b
241815.778:0160:Ret  user32.PostMessageW() retval=00000001 ret=7b1b183b
241815.832:0160:Ret  window proc 7B1B1ED0 (hwnd=00010060,msg=WM_USER,wp=00000124,lp=00000001) retval=00000000
241815.832:0160:Call hook proc 7B1B1DE0 (id=WH_GETMESSAGE,code=0,wp=00000001,lp=0026df2c)
241815.832:0160:Ret  hook proc 7B1B1DE0 (id=WH_GETMESSAGE,code=0,wp=00000001,lp=0026df2c) retval=00000000
241815.832:0160:Call window proc 7B1B1ED0 (hwnd=00010060,msg=WM_USER+2,wp=00000000,lp=00000000)
241815.832:0160:Ret  window proc 7B1B1ED0 (hwnd=00010060,msg=WM_USER+2,wp=00000000,lp=00000000) retval=00000000
241815.832:0160:Call hook proc 7B1B1DE0 (id=WH_GETMESSAGE,code=0,wp=00000001,lp=0026df2c)
241815.832:0160:Ret  hook proc 7B1B1DE0 (id=WH_GETMESSAGE,code=0,wp=00000001,lp=0026df2c) retval=00000000
241815.832:0160:Call window proc 7B1B1ED0 (hwnd=00010060,msg=WM_USER,wp=00000124,lp=00000001)
241815.832:0160:Call user32.PostMessageW(00010060,00000402,00000000,00000000) ret=7b1b183b
241815.832:0160:Ret  user32.PostMessageW() retval=00000001 ret=7b1b183b
241815.884:0160:Ret  window proc 7B1B1ED0 (hwnd=00010060,msg=WM_USER,wp=00000124,lp=00000001) retval=00000000
241815.885:0160:Call hook proc 7B1B1DE0 (id=WH_GETMESSAGE,code=0,wp=00000001,lp=0026df2c)
241815.885:0160:Ret  hook proc 7B1B1DE0 (id=WH_GETMESSAGE,code=0,wp=00000001,lp=0026df2c) retval=00000000
241815.885:0160:Call window proc 7B1B1ED0 (hwnd=00010060,msg=WM_USER+2,wp=00000000,lp=00000000)
241815.885:0160:Ret  window proc 7B1B1ED0 (hwnd=00010060,msg=WM_USER+2,wp=00000000,lp=00000000) retval=00000000
241815.885:0160:Call hook proc 7B1B1DE0 (id=WH_GETMESSAGE,code=0,wp=00000001,lp=0026df2c)
241815.885:0160:Ret  hook proc 7B1B1DE0 (id=WH_GETMESSAGE,code=0,wp=00000001,lp=0026df2c) retval=00000000
241815.885:0160:Call window proc 7B1B1ED0 (hwnd=00010060,msg=WM_USER,wp=00000124,lp=00000001)
241815.885:0160:Call user32.PostMessageW(00010060,00000402,00000000,00000000) ret=7b1b183b
241815.885:0160:Ret  user32.PostMessageW() retval=00000001 ret=7b1b183b
241815.937:0160:Ret  window proc 7B1B1ED0 (hwnd=00010060,msg=WM_USER,wp=00000124,lp=00000001) retval=00000000
241815.937:0160:Call hook proc 7B1B1DE0 (id=WH_GETMESSAGE,code=0,wp=00000001,lp=0026df2c)
241815.938:0160:Ret  hook proc 7B1B1DE0 (id=WH_GETMESSAGE,code=0,wp=00000001,lp=0026df2c) retval=00000000
241815.938:0160:Call window proc 7B1B1ED0 (hwnd=00010060,msg=WM_USER+2,wp=00000000,lp=00000000)
241815.938:0160:Ret  window proc 7B1B1ED0 (hwnd=00010060,msg=WM_USER+2,wp=00000000,lp=00000000) retval=00000000
241815.938:0160:Call hook proc 7B1B1DE0 (id=WH_GETMESSAGE,code=0,wp=00000001,lp=0026df2c)
241815.938:0160:Ret  hook proc 7B1B1DE0 (id=WH_GETMESSAGE,code=0,wp=00000001,lp=0026df2c) retval=00000000
241815.938:0160:Call window proc 7B1B1ED0 (hwnd=00010060,msg=WM_USER,wp=00000124,lp=00000001)
241815.938:0160:Call user32.PostMessageW(00010060,00000402,00000000,00000000) ret=7b1b183b
241815.938:0160:Ret  user32.PostMessageW() retval=00000001 ret=7b1b183b
241815.991:0160:Ret  window proc 7B1B1ED0 (hwnd=00010060,msg=WM_USER,wp=00000124,lp=00000001) retval=00000000
241815.991:0160:Call hook proc 7B1B1DE0 (id=WH_GETMESSAGE,code=0,wp=00000001,lp=0026df2c)
241815.991:0160:Ret  hook proc 7B1B1DE0 (id=WH_GETMESSAGE,code=0,wp=00000001,lp=0026df2c) retval=00000000
241815.991:0160:Call window proc 7B1B1ED0 (hwnd=00010060,msg=WM_USER+2,wp=00000000,lp=00000000)
241815.991:0160:Ret  window proc 7B1B1ED0 (hwnd=00010060,msg=WM_USER+2,wp=00000000,lp=00000000) retval=00000000
241815.991:0160:Call hook proc 7B1B1DE0 (id=WH_GETMESSAGE,code=0,wp=00000001,lp=0026df2c)
241815.991:0160:Ret  hook proc 7B1B1DE0 (id=WH_GETMESSAGE,code=0,wp=00000001,lp=0026df2c) retval=00000000
241815.991:0160:Call window proc 7B1B1ED0 (hwnd=00010060,msg=WM_USER,wp=00000124,lp=00000001)
241815.991:0160:Call user32.PostMessageW(00010060,00000402,00000000,00000000) ret=7b1b183b
241815.991:0160:Ret  user32.PostMessageW() retval=00000001 ret=7b1b183b
241816.044:0160:Ret  window proc 7B1B1ED0 (hwnd=00010060,msg=WM_USER,wp=00000124,lp=00000001) retval=00000000
241816.044:0160:Call hook proc 7B1B1DE0 (id=WH_GETMESSAGE,code=0,wp=00000001,lp=0026df2c)
241816.044:0160:Ret  hook proc 7B1B1DE0 (id=WH_GETMESSAGE,code=0,wp=00000001,lp=0026df2c) retval=00000000
241816.044:0160:Call window proc 7B1B1ED0 (hwnd=00010060,msg=WM_USER+2,wp=00000000,lp=00000000)
241816.044:0160:Ret  window proc 7B1B1ED0 (hwnd=00010060,msg=WM_USER+2,wp=00000000,lp=00000000) retval=00000000
241816.044:0160:Call hook proc 7B1B1DE0 (id=WH_GETMESSAGE,code=0,wp=00000001,lp=0026df2c)
241816.044:0160:Ret  hook proc 7B1B1DE0 (id=WH_GETMESSAGE,code=0,wp=00000001,lp=0026df2c) retval=00000000
241816.044:0160:Call window proc 7B1B1ED0 (hwnd=00010060,msg=WM_USER,wp=00000124,lp=00000001)
241816.044:0160:Call user32.PostMessageW(00010060,00000402,00000000,00000000) ret=7b1b183b
241816.044:0160:Ret  user32.PostMessageW() retval=00000001 ret=7b1b183b
241816.096:0160:Ret  window proc 7B1B1ED0 (hwnd=00010060,msg=WM_USER,wp=00000124,lp=00000001) retval=00000000
241816.096:0160:Call hook proc 7B1B1DE0 (id=WH_GETMESSAGE,code=0,wp=00000001,lp=0026df2c)
241816.096:0160:Ret  hook proc 7B1B1DE0 (id=WH_GETMESSAGE,code=0,wp=00000001,lp=0026df2c) retval=00000000
241816.096:0160:Call window proc 7B1B1ED0 (hwnd=00010060,msg=WM_USER+2,wp=00000000,lp=00000000)
241816.096:0160:Ret  window proc 7B1B1ED0 (hwnd=00010060,msg=WM_USER+2,wp=00000000,lp=00000000) retval=00000000
241816.096:0160:Call hook proc 7B1B1DE0 (id=WH_GETMESSAGE,code=0,wp=00000001,lp=0026df2c)
241816.096:0160:Ret  hook proc 7B1B1DE0 (id=WH_GETMESSAGE,code=0,wp=00000001,lp=0026df2c) retval=00000000
241816.096:0160:Call window proc 7B1B1ED0 (hwnd=00010060,msg=WM_USER,wp=00000124,lp=00000001)
241816.097:0160:Call user32.PostMessageW(00010060,00000402,00000000,00000000) ret=7b1b183b
241816.097:0160:Ret  user32.PostMessageW() retval=00000001 ret=7b1b183b
241816.148:0160:Ret  window proc 7B1B1ED0 (hwnd=00010060,msg=WM_USER,wp=00000124,lp=00000001) retval=00000000
241816.148:0160:Call hook proc 7B1B1DE0 (id=WH_GETMESSAGE,code=0,wp=00000001,lp=0026df2c)
241816.148:0160:Ret  hook proc 7B1B1DE0 (id=WH_GETMESSAGE,code=0,wp=00000001,lp=0026df2c) retval=00000000
241816.148:0160:Call window proc 7B1B1ED0 (hwnd=00010060,msg=WM_USER+2,wp=00000000,lp=00000000)
241816.148:0160:Ret  window proc 7B1B1ED0 (hwnd=00010060,msg=WM_USER+2,wp=00000000,lp=00000000) retval=00000000
241816.148:0160:Call hook proc 7B1B1DE0 (id=WH_GETMESSAGE,code=0,wp=00000001,lp=0026df2c)
241816.148:0160:Ret  hook proc 7B1B1DE0 (id=WH_GETMESSAGE,code=0,wp=00000001,lp=0026df2c) retval=00000000
241816.148:0160:Call window proc 7B1B1ED0 (hwnd=00010060,msg=WM_USER,wp=00000124,lp=00000001)
241816.148:0160:Call user32.PostMessageW(00010060,00000402,00000000,00000000) ret=7b1b183b
241816.148:0160:Ret  user32.PostMessageW() retval=00000001 ret=7b1b183b
241816.199:0160:Ret  window proc 7B1B1ED0 (hwnd=00010060,msg=WM_USER,wp=00000124,lp=00000001) retval=00000000
241816.199:0160:Call hook proc 7B1B1DE0 (id=WH_GETMESSAGE,code=0,wp=00000001,lp=0026df2c)
241816.199:0160:Ret  hook proc 7B1B1DE0 (id=WH_GETMESSAGE,code=0,wp=00000001,lp=0026df2c) retval=00000000
241816.199:0160:Call window proc 7B1B1ED0 (hwnd=00010060,msg=WM_USER+2,wp=00000000,lp=00000000)
241816.199:0160:Ret  window proc 7B1B1ED0 (hwnd=00010060,msg=WM_USER+2,wp=00000000,lp=00000000) retval=00000000
241816.199:0160:Call hook proc 7B1B1DE0 (id=WH_GETMESSAGE,code=0,wp=00000001,lp=0026df2c)
241816.199:0160:Ret  hook proc 7B1B1DE0 (id=WH_GETMESSAGE,code=0,wp=00000001,lp=0026df2c) retval=00000000
241816.199:0160:Call window proc 7B1B1ED0 (hwnd=00010060,msg=WM_USER,wp=00000124,lp=00000001)
241816.199:0160:Call user32.PostMessageW(00010060,00000402,00000000,00000000) ret=7b1b183b
241816.199:0160:Ret  user32.PostMessageW() retval=00000001 ret=7b1b183b
241816.250:0160:Ret  window proc 7B1B1ED0 (hwnd=00010060,msg=WM_USER,wp=00000124,lp=00000001) retval=00000000
241816.250:0160:Call hook proc 7B1B1DE0 (id=WH_GETMESSAGE,code=0,wp=00000001,lp=0026df2c)
241816.250:0160:Ret  hook proc 7B1B1DE0 (id=WH_GETMESSAGE,code=0,wp=00000001,lp=0026df2c) retval=00000000
241816.251:0160:Call window proc 7B1B1ED0 (hwnd=00010060,msg=WM_USER+2,wp=00000000,lp=00000000)
241816.251:0160:Ret  window proc 7B1B1ED0 (hwnd=00010060,msg=WM_USER+2,wp=00000000,lp=00000000) retval=00000000
241816.251:0160:Call hook proc 7B1B1DE0 (id=WH_GETMESSAGE,code=0,wp=00000001,lp=0026df2c)
241816.251:0160:Ret  hook proc 7B1B1DE0 (id=WH_GETMESSAGE,code=0,wp=00000001,lp=0026df2c) retval=00000000
241816.252:0160:Call window proc 7B1B1ED0 (hwnd=00010060,msg=WM_USER,wp=00000124,lp=00000001)
241816.252:0160:Call user32.PostMessageW(00010060,00000402,00000000,00000000) ret=7b1b183b
241816.252:0160:Ret  user32.PostMessageW() retval=00000001 ret=7b1b183b
241816.303:0160:Ret  window proc 7B1B1ED0 (hwnd=00010060,msg=WM_USER,wp=00000124,lp=00000001) retval=00000000
241816.303:0160:Call hook proc 7B1B1DE0 (id=WH_GETMESSAGE,code=0,wp=00000001,lp=0026df2c)
241816.303:0160:Ret  hook proc 7B1B1DE0 (id=WH_GETMESSAGE,code=0,wp=00000001,lp=0026df2c) retval=00000000
241816.303:0160:Call window proc 7B1B1ED0 (hwnd=00010060,msg=WM_USER+2,wp=00000000,lp=00000000)
241816.303:0160:Ret  window proc 7B1B1ED0 (hwnd=00010060,msg=WM_USER+2,wp=00000000,lp=00000000) retval=00000000
241816.304:0160:Call hook proc 7B1B1DE0 (id=WH_GETMESSAGE,code=0,wp=00000001,lp=0026df2c)
241816.304:0160:Ret  hook proc 7B1B1DE0 (id=WH_GETMESSAGE,code=0,wp=00000001,lp=0026df2c) retval=00000000
241816.304:0160:Call window proc 7B1B1ED0 (hwnd=00010060,msg=WM_USER,wp=00000124,lp=00000001)
241816.304:0160:Call user32.PostMessageW(00010060,00000402,00000000,00000000) ret=7b1b183b
241816.304:0160:Ret  user32.PostMessageW() retval=00000001 ret=7b1b183b
241816.364:0160:Ret  window proc 7B1B1ED0 (hwnd=00010060,msg=WM_USER,wp=00000124,lp=00000001) retval=00000000
241816.365:0160:Call hook proc 7B1B1DE0 (id=WH_GETMESSAGE,code=0,wp=00000001,lp=0026df2c)
241816.365:0160:Ret  hook proc 7B1B1DE0 (id=WH_GETMESSAGE,code=0,wp=00000001,lp=0026df2c) retval=00000000
241816.365:0160:Call window proc 7B1B1ED0 (hwnd=00010060,msg=WM_USER+2,wp=00000000,lp=00000000)
241816.365:0160:Ret  window proc 7B1B1ED0 (hwnd=00010060,msg=WM_USER+2,wp=00000000,lp=00000000) retval=00000000
241816.365:0160:Call hook proc 7B1B1DE0 (id=WH_GETMESSAGE,code=0,wp=00000001,lp=0026df2c)
241816.365:0160:Ret  hook proc 7B1B1DE0 (id=WH_GETMESSAGE,code=0,wp=00000001,lp=0026df2c) retval=00000000
241816.365:0160:Call window proc 7B1B1ED0 (hwnd=00010060,msg=WM_USER,wp=00000124,lp=00000001)
241816.365:0160:Call user32.PostMessageW(00010060,00000402,00000000,00000000) ret=7b1b183b
241816.365:0160:Ret  user32.PostMessageW() retval=00000001 ret=7b1b183b
241816.416:0160:Ret  window proc 7B1B1ED0 (hwnd=00010060,msg=WM_USER,wp=00000124,lp=00000001) retval=00000000
241816.416:0160:Call hook proc 7B1B1DE0 (id=WH_GETMESSAGE,code=0,wp=00000001,lp=0026df2c)
241816.416:0160:Ret  hook proc 7B1B1DE0 (id=WH_GETMESSAGE,code=0,wp=00000001,lp=0026df2c) retval=00000000
241816.416:0160:Call window proc 7B1B1ED0 (hwnd=00010060,msg=WM_USER+2,wp=00000000,lp=00000000)
241816.416:0160:Ret  window proc 7B1B1ED0 (hwnd=00010060,msg=WM_USER+2,wp=00000000,lp=00000000) retval=00000000
241816.416:0160:Call hook proc 7B1B1DE0 (id=WH_GETMESSAGE,code=0,wp=00000001,lp=0026df2c)
241816.416:0160:Ret  hook proc 7B1B1DE0 (id=WH_GETMESSAGE,code=0,wp=00000001,lp=0026df2c) retval=00000000
241816.416:0160:Call window proc 7B1B1ED0 (hwnd=00010060,msg=WM_USER,wp=00000124,lp=00000001)
241816.416:0160:Call user32.PostMessageW(00010060,00000402,00000000,00000000) ret=7b1b183b
241816.416:0160:Ret  user32.PostMessageW() retval=00000001 ret=7b1b183b
241816.467:0160:Ret  window proc 7B1B1ED0 (hwnd=00010060,msg=WM_USER,wp=00000124,lp=00000001) retval=00000000
241816.468:0160:Call hook proc 7B1B1DE0 (id=WH_GETMESSAGE,code=0,wp=00000001,lp=0026df2c)
241816.468:0160:Ret  hook proc 7B1B1DE0 (id=WH_GETMESSAGE,code=0,wp=00000001,lp=0026df2c) retval=00000000
241816.468:0160:Call window proc 7B1B1ED0 (hwnd=00010060,msg=WM_USER+2,wp=00000000,lp=00000000)
241816.468:0160:Ret  window proc 7B1B1ED0 (hwnd=00010060,msg=WM_USER+2,wp=00000000,lp=00000000) retval=00000000
241816.468:0160:Call hook proc 7B1B1DE0 (id=WH_GETMESSAGE,code=0,wp=00000001,lp=0026df2c)
241816.468:0160:Ret  hook proc 7B1B1DE0 (id=WH_GETMESSAGE,code=0,wp=00000001,lp=0026df2c) retval=00000000
241816.468:0160:Call window proc 7B1B1ED0 (hwnd=00010060,msg=WM_USER,wp=00000124,lp=00000001)
241816.468:0160:Call user32.PostMessageW(00010060,00000402,00000000,00000000) ret=7b1b183b
241816.468:0160:Ret  user32.PostMessageW() retval=00000001 ret=7b1b183b
241816.528:0160:Ret  window proc 7B1B1ED0 (hwnd=00010060,msg=WM_USER,wp=00000124,lp=00000001) retval=00000000
241816.529:0160:Call hook proc 7B1B1DE0 (id=WH_GETMESSAGE,code=0,wp=00000001,lp=0026df2c)
241816.529:0160:Ret  hook proc 7B1B1DE0 (id=WH_GETMESSAGE,code=0,wp=00000001,lp=0026df2c) retval=00000000
241816.529:0160:Call window proc 7B1B1ED0 (hwnd=00010060,msg=WM_USER+2,wp=00000000,lp=00000000)
241816.530:0160:Ret  window proc 7B1B1ED0 (hwnd=00010060,msg=WM_USER+2,wp=00000000,lp=00000000) retval=00000000
241816.530:0160:Call hook proc 7B1B1DE0 (id=WH_GETMESSAGE,code=0,wp=00000001,lp=0026df2c)
241816.530:0160:Ret  hook proc 7B1B1DE0 (id=WH_GETMESSAGE,code=0,wp=00000001,lp=0026df2c) retval=00000000
241816.530:0160:Call window proc 7B1B1ED0 (hwnd=00010060,msg=WM_USER,wp=00000124,lp=00000001)
241816.530:0160:Call user32.PostMessageW(00010060,00000402,00000000,00000000) ret=7b1b183b
241816.530:0160:Ret  user32.PostMessageW() retval=00000001 ret=7b1b183b
241816.581:0160:Ret  window proc 7B1B1ED0 (hwnd=00010060,msg=WM_USER,wp=00000124,lp=00000001) retval=00000000
241816.581:0160:Call hook proc 7B1B1DE0 (id=WH_GETMESSAGE,code=0,wp=00000001,lp=0026df2c)
241816.581:0160:Ret  hook proc 7B1B1DE0 (id=WH_GETMESSAGE,code=0,wp=00000001,lp=0026df2c) retval=00000000
241816.581:0160:Call window proc 7B1B1ED0 (hwnd=00010060,msg=WM_USER+2,wp=00000000,lp=00000000)
241816.581:0160:Ret  window proc 7B1B1ED0 (hwnd=00010060,msg=WM_USER+2,wp=00000000,lp=00000000) retval=00000000
241816.581:0160:Call hook proc 7B1B1DE0 (id=WH_GETMESSAGE,code=0,wp=00000001,lp=0026df2c)
241816.581:0160:Ret  hook proc 7B1B1DE0 (id=WH_GETMESSAGE,code=0,wp=00000001,lp=0026df2c) retval=00000000
241816.581:0160:Call window proc 7B1B1ED0 (hwnd=00010060,msg=WM_USER,wp=00000124,lp=00000001)
241816.581:0160:Call user32.PostMessageW(00010060,00000402,00000000,00000000) ret=7b1b183b
241816.581:0160:Ret  user32.PostMessageW() retval=00000001 ret=7b1b183b
241816.632:0160:Ret  window proc 7B1B1ED0 (hwnd=00010060,msg=WM_USER,wp=00000124,lp=00000001) retval=00000000
241816.632:0160:Call hook proc 7B1B1DE0 (id=WH_GETMESSAGE,code=0,wp=00000001,lp=0026df2c)
241816.632:0160:Ret  hook proc 7B1B1DE0 (id=WH_GETMESSAGE,code=0,wp=00000001,lp=0026df2c) retval=00000000
241816.632:0160:Call window proc 7B1B1ED0 (hwnd=00010060,msg=WM_USER+2,wp=00000000,lp=00000000)
241816.632:0160:Ret  window proc 7B1B1ED0 (hwnd=00010060,msg=WM_USER+2,wp=00000000,lp=00000000) retval=00000000
241816.632:0160:Call hook proc 7B1B1DE0 (id=WH_GETMESSAGE,code=0,wp=00000001,lp=0026df2c)
241816.632:0160:Ret  hook proc 7B1B1DE0 (id=WH_GETMESSAGE,code=0,wp=00000001,lp=0026df2c) retval=00000000
241816.632:0160:Call window proc 7B1B1ED0 (hwnd=00010060,msg=WM_USER,wp=00000124,lp=00000001)
241816.632:0160:Call user32.PostMessageW(00010060,00000402,00000000,00000000) ret=7b1b183b
241816.632:0160:Ret  user32.PostMessageW() retval=00000001 ret=7b1b183b
241816.683:0160:Ret  window proc 7B1B1ED0 (hwnd=00010060,msg=WM_USER,wp=00000124,lp=00000001) retval=00000000
241816.683:0160:Call hook proc 7B1B1DE0 (id=WH_GETMESSAGE,code=0,wp=00000001,lp=0026df2c)
241816.683:0160:Ret  hook proc 7B1B1DE0 (id=WH_GETMESSAGE,code=0,wp=00000001,lp=0026df2c) retval=00000000
241816.683:0160:Call window proc 7B1B1ED0 (hwnd=00010060,msg=WM_USER+2,wp=00000000,lp=00000000)
241816.683:0160:Ret  window proc 7B1B1ED0 (hwnd=00010060,msg=WM_USER+2,wp=00000000,lp=00000000) retval=00000000
241816.683:0160:Call hook proc 7B1B1DE0 (id=WH_GETMESSAGE,code=0,wp=00000001,lp=0026df2c)
241816.683:0160:Ret  hook proc 7B1B1DE0 (id=WH_GETMESSAGE,code=0,wp=00000001,lp=0026df2c) retval=00000000
241816.683:0160:Call window proc 7B1B1ED0 (hwnd=00010060,msg=WM_USER,wp=00000124,lp=00000001)
241816.683:0160:Call user32.PostMessageW(00010060,00000402,00000000,00000000) ret=7b1b183b
241816.683:0160:Ret  user32.PostMessageW() retval=00000001 ret=7b1b183b
241816.743:0160:Ret  window proc 7B1B1ED0 (hwnd=00010060,msg=WM_USER,wp=00000124,lp=00000001) retval=00000000
241816.744:0160:Call hook proc 7B1B1DE0 (id=WH_GETMESSAGE,code=0,wp=00000001,lp=0026df2c)
241816.744:0160:Ret  hook proc 7B1B1DE0 (id=WH_GETMESSAGE,code=0,wp=00000001,lp=0026df2c) retval=00000000
241816.744:0160:Call window proc 7B1B1ED0 (hwnd=00010060,msg=WM_USER+2,wp=00000000,lp=00000000)
241816.744:0160:Ret  window proc 7B1B1ED0 (hwnd=00010060,msg=WM_USER+2,wp=00000000,lp=00000000) retval=00000000
241816.744:0160:Call hook proc 7B1B1DE0 (id=WH_GETMESSAGE,code=0,wp=00000001,lp=0026df2c)
241816.744:0160:Ret  hook proc 7B1B1DE0 (id=WH_GETMESSAGE,code=0,wp=00000001,lp=0026df2c) retval=00000000
241816.744:0160:Call window proc 7B1B1ED0 (hwnd=00010060,msg=WM_USER,wp=00000124,lp=00000001)
241816.744:0160:Call user32.PostMessageW(00010060,00000402,00000000,00000000) ret=7b1b183b
241816.744:0160:Ret  user32.PostMessageW() retval=00000001 ret=7b1b183b
241816.804:0160:Ret  window proc 7B1B1ED0 (hwnd=00010060,msg=WM_USER,wp=00000124,lp=00000001) retval=00000000
241816.805:0160:Call hook proc 7B1B1DE0 (id=WH_GETMESSAGE,code=0,wp=00000001,lp=0026df2c)
241816.805:0160:Ret  hook proc 7B1B1DE0 (id=WH_GETMESSAGE,code=0,wp=00000001,lp=0026df2c) retval=00000000
241816.805:0160:Call window proc 7B1B1ED0 (hwnd=00010060,msg=WM_USER+2,wp=00000000,lp=00000000)
241816.805:0160:Ret  window proc 7B1B1ED0 (hwnd=00010060,msg=WM_USER+2,wp=00000000,lp=00000000) retval=00000000
241816.805:0160:Call hook proc 7B1B1DE0 (id=WH_GETMESSAGE,code=0,wp=00000001,lp=0026df2c)
241816.805:0160:Ret  hook proc 7B1B1DE0 (id=WH_GETMESSAGE,code=0,wp=00000001,lp=0026df2c) retval=00000000
241816.805:0160:Call window proc 7B1B1ED0 (hwnd=00010060,msg=WM_USER,wp=00000124,lp=00000001)
241816.805:0160:Call user32.PostMessageW(00010060,00000402,00000000,00000000) ret=7b1b183b
241816.805:0160:Ret  user32.PostMessageW() retval=00000001 ret=7b1b183b
241816.866:0160:Ret  window proc 7B1B1ED0 (hwnd=00010060,msg=WM_USER,wp=00000124,lp=00000001) retval=00000000
241816.866:0160:Call hook proc 7B1B1DE0 (id=WH_GETMESSAGE,code=0,wp=00000001,lp=0026df2c)
241816.866:0160:Ret  hook proc 7B1B1DE0 (id=WH_GETMESSAGE,code=0,wp=00000001,lp=0026df2c) retval=00000000
241816.866:0160:Call window proc 7B1B1ED0 (hwnd=00010060,msg=WM_USER+2,wp=00000000,lp=00000000)
241816.866:0160:Ret  window proc 7B1B1ED0 (hwnd=00010060,msg=WM_USER+2,wp=00000000,lp=00000000) retval=00000000
241816.866:0160:Call hook proc 7B1B1DE0 (id=WH_GETMESSAGE,code=0,wp=00000001,lp=0026df2c)
241816.866:0160:Ret  hook proc 7B1B1DE0 (id=WH_GETMESSAGE,code=0,wp=00000001,lp=0026df2c) retval=00000000
241816.866:0160:Call window proc 7B1B1ED0 (hwnd=00010060,msg=WM_USER,wp=00000124,lp=00000001)
241816.866:0160:Call user32.PostMessageW(00010060,00000402,00000000,00000000) ret=7b1b183b
241816.866:0160:Ret  user32.PostMessageW() retval=00000001 ret=7b1b183b
241816.917:0160:Ret  window proc 7B1B1ED0 (hwnd=00010060,msg=WM_USER,wp=00000124,lp=00000001) retval=00000000
241816.917:0160:Call hook proc 7B1B1DE0 (id=WH_GETMESSAGE,code=0,wp=00000001,lp=0026df2c)
241816.917:0160:Ret  hook proc 7B1B1DE0 (id=WH_GETMESSAGE,code=0,wp=00000001,lp=0026df2c) retval=00000000
241816.917:0160:Call window proc 7B1B1ED0 (hwnd=00010060,msg=WM_USER+2,wp=00000000,lp=00000000)
241816.917:0160:Ret  window proc 7B1B1ED0 (hwnd=00010060,msg=WM_USER+2,wp=00000000,lp=00000000) retval=00000000
241816.917:0160:Call hook proc 7B1B1DE0 (id=WH_GETMESSAGE,code=0,wp=00000001,lp=0026df2c)
241816.917:0160:Ret  hook proc 7B1B1DE0 (id=WH_GETMESSAGE,code=0,wp=00000001,lp=0026df2c) retval=00000000
241816.917:0160:Call window proc 7B1B1ED0 (hwnd=00010060,msg=WM_USER,wp=00000124,lp=00000001)
241816.917:0160:Call user32.PostMessageW(00010060,00000402,00000000,00000000) ret=7b1b183b
241816.917:0160:Ret  user32.PostMessageW() retval=00000001 ret=7b1b183b
241816.968:0160:Ret  window proc 7B1B1ED0 (hwnd=00010060,msg=WM_USER,wp=00000124,lp=00000001) retval=00000000
241816.968:0160:Call hook proc 7B1B1DE0 (id=WH_GETMESSAGE,code=0,wp=00000001,lp=0026df2c)
241816.968:0160:Ret  hook proc 7B1B1DE0 (id=WH_GETMESSAGE,code=0,wp=00000001,lp=0026df2c) retval=00000000
241816.968:0160:Call window proc 7B1B1ED0 (hwnd=00010060,msg=WM_USER+2,wp=00000000,lp=00000000)
241816.968:0160:Ret  window proc 7B1B1ED0 (hwnd=00010060,msg=WM_USER+2,wp=00000000,lp=00000000) retval=00000000
241816.968:0160:Call hook proc 7B1B1DE0 (id=WH_GETMESSAGE,code=0,wp=00000001,lp=0026df2c)
241816.968:0160:Ret  hook proc 7B1B1DE0 (id=WH_GETMESSAGE,code=0,wp=00000001,lp=0026df2c) retval=00000000
241816.968:0160:Call window proc 7B1B1ED0 (hwnd=00010060,msg=WM_USER,wp=00000124,lp=00000001)
241816.968:0160:Call user32.PostMessageW(00010060,00000402,00000000,00000000) ret=7b1b183b
241816.968:0160:Ret  user32.PostMessageW() retval=00000001 ret=7b1b183b
241817.019:0160:Ret  window proc 7B1B1ED0 (hwnd=00010060,msg=WM_USER,wp=00000124,lp=00000001) retval=00000000
241817.019:0160:Call hook proc 7B1B1DE0 (id=WH_GETMESSAGE,code=0,wp=00000001,lp=0026df2c)
241817.019:0160:Ret  hook proc 7B1B1DE0 (id=WH_GETMESSAGE,code=0,wp=00000001,lp=0026df2c) retval=00000000
241817.019:0160:Call window proc 7B1B1ED0 (hwnd=00010060,msg=WM_USER+2,wp=00000000,lp=00000000)
241817.019:0160:Ret  window proc 7B1B1ED0 (hwnd=00010060,msg=WM_USER+2,wp=00000000,lp=00000000) retval=00000000
241817.019:0160:Call hook proc 7B1B1DE0 (id=WH_GETMESSAGE,code=0,wp=00000001,lp=0026df2c)
241817.019:0160:Ret  hook proc 7B1B1DE0 (id=WH_GETMESSAGE,code=0,wp=00000001,lp=0026df2c) retval=00000000
241817.019:0160:Call window proc 7B1B1ED0 (hwnd=00010060,msg=WM_USER,wp=00000124,lp=00000001)
241817.019:0160:Call user32.PostMessageW(00010060,00000402,00000000,00000000) ret=7b1b183b
241817.019:0160:Ret  user32.PostMessageW() retval=00000001 ret=7b1b183b
241817.070:0160:Ret  window proc 7B1B1ED0 (hwnd=00010060,msg=WM_USER,wp=00000124,lp=00000001) retval=00000000
241817.070:0160:Call hook proc 7B1B1DE0 (id=WH_GETMESSAGE,code=0,wp=00000001,lp=0026df2c)
241817.070:0160:Ret  hook proc 7B1B1DE0 (id=WH_GETMESSAGE,code=0,wp=00000001,lp=0026df2c) retval=00000000
241817.070:0160:Call window proc 7B1B1ED0 (hwnd=00010060,msg=WM_USER+2,wp=00000000,lp=00000000)
241817.070:0160:Ret  window proc 7B1B1ED0 (hwnd=00010060,msg=WM_USER+2,wp=00000000,lp=00000000) retval=00000000
241817.070:0160:Call hook proc 7B1B1DE0 (id=WH_GETMESSAGE,code=0,wp=00000001,lp=0026df2c)
241817.070:0160:Ret  hook proc 7B1B1DE0 (id=WH_GETMESSAGE,code=0,wp=00000001,lp=0026df2c) retval=00000000
241817.070:0160:Call window proc 7B1B1ED0 (hwnd=00010060,msg=WM_USER,wp=00000124,lp=00000001)
241817.070:0160:Call user32.PostMessageW(00010060,00000402,00000000,00000000) ret=7b1b183b
241817.070:0160:Ret  user32.PostMessageW() retval=00000001 ret=7b1b183b
241817.121:0160:Ret  window proc 7B1B1ED0 (hwnd=00010060,msg=WM_USER,wp=00000124,lp=00000001) retval=00000000
241817.121:0160:Call hook proc 7B1B1DE0 (id=WH_GETMESSAGE,code=0,wp=00000001,lp=0026df2c)
241817.121:0160:Ret  hook proc 7B1B1DE0 (id=WH_GETMESSAGE,code=0,wp=00000001,lp=0026df2c) retval=00000000
241817.121:0160:Call window proc 7B1B1ED0 (hwnd=00010060,msg=WM_USER+2,wp=00000000,lp=00000000)
241817.121:0160:Ret  window proc 7B1B1ED0 (hwnd=00010060,msg=WM_USER+2,wp=00000000,lp=00000000) retval=00000000
241817.121:0160:Call hook proc 7B1B1DE0 (id=WH_GETMESSAGE,code=0,wp=00000001,lp=0026df2c)
241817.121:0160:Ret  hook proc 7B1B1DE0 (id=WH_GETMESSAGE,code=0,wp=00000001,lp=0026df2c) retval=00000000
241817.121:0160:Call window proc 7B1B1ED0 (hwnd=00010060,msg=WM_USER,wp=00000124,lp=00000001)
241817.121:0160:Call user32.PostMessageW(00010060,00000402,00000000,00000000) ret=7b1b183b
241817.121:0160:Ret  user32.PostMessageW() retval=00000001 ret=7b1b183b
241817.172:0160:Ret  window proc 7B1B1ED0 (hwnd=00010060,msg=WM_USER,wp=00000124,lp=00000001) retval=00000000
241817.172:0160:Call hook proc 7B1B1DE0 (id=WH_GETMESSAGE,code=0,wp=00000001,lp=0026df2c)
241817.172:0160:Ret  hook proc 7B1B1DE0 (id=WH_GETMESSAGE,code=0,wp=00000001,lp=0026df2c) retval=00000000
241817.172:0160:Call window proc 7B1B1ED0 (hwnd=00010060,msg=WM_USER+2,wp=00000000,lp=00000000)
241817.172:0160:Ret  window proc 7B1B1ED0 (hwnd=00010060,msg=WM_USER+2,wp=00000000,lp=00000000) retval=00000000
241817.172:0160:Call hook proc 7B1B1DE0 (id=WH_GETMESSAGE,code=0,wp=00000001,lp=0026df2c)
241817.172:0160:Ret  hook proc 7B1B1DE0 (id=WH_GETMESSAGE,code=0,wp=00000001,lp=0026df2c) retval=00000000
241817.172:0160:Call window proc 7B1B1ED0 (hwnd=00010060,msg=WM_USER,wp=00000124,lp=00000001)
241817.172:0160:Call user32.PostMessageW(00010060,00000402,00000000,00000000) ret=7b1b183b
241817.172:0160:Ret  user32.PostMessageW() retval=00000001 ret=7b1b183b
241817.223:0160:Ret  window proc 7B1B1ED0 (hwnd=00010060,msg=WM_USER,wp=00000124,lp=00000001) retval=00000000
241817.223:0160:Call hook proc 7B1B1DE0 (id=WH_GETMESSAGE,code=0,wp=00000001,lp=0026df2c)
241817.223:0160:Ret  hook proc 7B1B1DE0 (id=WH_GETMESSAGE,code=0,wp=00000001,lp=0026df2c) retval=00000000
241817.223:0160:Call window proc 7B1B1ED0 (hwnd=00010060,msg=WM_USER+2,wp=00000000,lp=00000000)
241817.223:0160:Ret  window proc 7B1B1ED0 (hwnd=00010060,msg=WM_USER+2,wp=00000000,lp=00000000) retval=00000000
241817.223:0160:Call hook proc 7B1B1DE0 (id=WH_GETMESSAGE,code=0,wp=00000001,lp=0026df2c)
241817.223:0160:Ret  hook proc 7B1B1DE0 (id=WH_GETMESSAGE,code=0,wp=00000001,lp=0026df2c) retval=00000000
241817.223:0160:Call window proc 7B1B1ED0 (hwnd=00010060,msg=WM_USER,wp=00000124,lp=00000001)
241817.223:0160:Call user32.PostMessageW(00010060,00000402,00000000,00000000) ret=7b1b183b
241817.223:0160:Ret  user32.PostMessageW() retval=00000001 ret=7b1b183b
241817.274:0160:Ret  window proc 7B1B1ED0 (hwnd=00010060,msg=WM_USER,wp=00000124,lp=00000001) retval=00000000
241817.274:0160:Call hook proc 7B1B1DE0 (id=WH_GETMESSAGE,code=0,wp=00000001,lp=0026df2c)
241817.274:0160:Ret  hook proc 7B1B1DE0 (id=WH_GETMESSAGE,code=0,wp=00000001,lp=0026df2c) retval=00000000
241817.274:0160:Call window proc 7B1B1ED0 (hwnd=00010060,msg=WM_USER+2,wp=00000000,lp=00000000)
241817.274:0160:Ret  window proc 7B1B1ED0 (hwnd=00010060,msg=WM_USER+2,wp=00000000,lp=00000000) retval=00000000
241817.274:0160:Call hook proc 7B1B1DE0 (id=WH_GETMESSAGE,code=0,wp=00000001,lp=0026df2c)
241817.274:0160:Ret  hook proc 7B1B1DE0 (id=WH_GETMESSAGE,code=0,wp=00000001,lp=0026df2c) retval=00000000
241817.274:0160:Call window proc 7B1B1ED0 (hwnd=00010060,msg=WM_USER,wp=00000124,lp=00000001)
241817.274:0160:Call user32.PostMessageW(00010060,00000402,00000000,00000000) ret=7b1b183b
241817.274:0160:Ret  user32.PostMessageW() retval=00000001 ret=7b1b183b
241817.325:0160:Ret  window proc 7B1B1ED0 (hwnd=00010060,msg=WM_USER,wp=00000124,lp=00000001) retval=00000000
241817.325:0160:Call hook proc 7B1B1DE0 (id=WH_GETMESSAGE,code=0,wp=00000001,lp=0026df2c)
241817.325:0160:Ret  hook proc 7B1B1DE0 (id=WH_GETMESSAGE,code=0,wp=00000001,lp=0026df2c) retval=00000000
241817.325:0160:Call window proc 7B1B1ED0 (hwnd=00010060,msg=WM_USER+2,wp=00000000,lp=00000000)
241817.325:0160:Ret  window proc 7B1B1ED0 (hwnd=00010060,msg=WM_USER+2,wp=00000000,lp=00000000) retval=00000000
241817.325:0160:Call hook proc 7B1B1DE0 (id=WH_GETMESSAGE,code=0,wp=00000001,lp=0026df2c)
241817.325:0160:Ret  hook proc 7B1B1DE0 (id=WH_GETMESSAGE,code=0,wp=00000001,lp=0026df2c) retval=00000000
241817.325:0160:Call window proc 7B1B1ED0 (hwnd=00010060,msg=WM_USER,wp=00000124,lp=00000001)
241817.325:0160:Call user32.PostMessageW(00010060,00000402,00000000,00000000) ret=7b1b183b
241817.325:0160:Ret  user32.PostMessageW() retval=00000001 ret=7b1b183b
241817.376:0160:Ret  window proc 7B1B1ED0 (hwnd=00010060,msg=WM_USER,wp=00000124,lp=00000001) retval=00000000
241817.376:0160:Call hook proc 7B1B1DE0 (id=WH_GETMESSAGE,code=0,wp=00000001,lp=0026df2c)
241817.376:0160:Ret  hook proc 7B1B1DE0 (id=WH_GETMESSAGE,code=0,wp=00000001,lp=0026df2c) retval=00000000
241817.376:0160:Call window proc 7B1B1ED0 (hwnd=00010060,msg=WM_USER+2,wp=00000000,lp=00000000)
241817.376:0160:Ret  window proc 7B1B1ED0 (hwnd=00010060,msg=WM_USER+2,wp=00000000,lp=00000000) retval=00000000
241817.376:0160:Call hook proc 7B1B1DE0 (id=WH_GETMESSAGE,code=0,wp=00000001,lp=0026df2c)
241817.376:0160:Ret  hook proc 7B1B1DE0 (id=WH_GETMESSAGE,code=0,wp=00000001,lp=0026df2c) retval=00000000
241817.376:0160:Call window proc 7B1B1ED0 (hwnd=00010060,msg=WM_USER,wp=00000124,lp=00000001)
241817.376:0160:Call user32.PostMessageW(00010060,00000402,00000000,00000000) ret=7b1b183b
241817.376:0160:Ret  user32.PostMessageW() retval=00000001 ret=7b1b183b
241817.427:0160:Ret  window proc 7B1B1ED0 (hwnd=00010060,msg=WM_USER,wp=00000124,lp=00000001) retval=00000000
241817.427:0160:Call hook proc 7B1B1DE0 (id=WH_GETMESSAGE,code=0,wp=00000001,lp=0026df2c)
241817.427:0160:Ret  hook proc 7B1B1DE0 (id=WH_GETMESSAGE,code=0,wp=00000001,lp=0026df2c) retval=00000000
241817.427:0160:Call window proc 7B1B1ED0 (hwnd=00010060,msg=WM_USER+2,wp=00000000,lp=00000000)
241817.427:0160:Ret  window proc 7B1B1ED0 (hwnd=00010060,msg=WM_USER+2,wp=00000000,lp=00000000) retval=00000000
241817.427:0160:Call hook proc 7B1B1DE0 (id=WH_GETMESSAGE,code=0,wp=00000001,lp=0026df2c)
241817.427:0160:Ret  hook proc 7B1B1DE0 (id=WH_GETMESSAGE,code=0,wp=00000001,lp=0026df2c) retval=00000000
241817.427:0160:Call window proc 7B1B1ED0 (hwnd=00010060,msg=WM_USER,wp=00000124,lp=00000001)
241817.427:0160:Call user32.PostMessageW(00010060,00000402,00000000,00000000) ret=7b1b183b
241817.427:0160:Ret  user32.PostMessageW() retval=00000001 ret=7b1b183b
241817.480:0160:Ret  window proc 7B1B1ED0 (hwnd=00010060,msg=WM_USER,wp=00000124,lp=00000001) retval=00000000
241817.480:0160:Call hook proc 7B1B1DE0 (id=WH_GETMESSAGE,code=0,wp=00000001,lp=0026df2c)
241817.481:0160:Ret  hook proc 7B1B1DE0 (id=WH_GETMESSAGE,code=0,wp=00000001,lp=0026df2c) retval=00000000
241817.481:0160:Call window proc 7B1B1ED0 (hwnd=00010060,msg=WM_USER+2,wp=00000000,lp=00000000)
241817.481:0160:Ret  window proc 7B1B1ED0 (hwnd=00010060,msg=WM_USER+2,wp=00000000,lp=00000000) retval=00000000
241817.481:0160:Call hook proc 7B1B1DE0 (id=WH_GETMESSAGE,code=0,wp=00000001,lp=0026df2c)
241817.481:0160:Ret  hook proc 7B1B1DE0 (id=WH_GETMESSAGE,code=0,wp=00000001,lp=0026df2c) retval=00000000
241817.481:0160:Call window proc 7B1B1ED0 (hwnd=00010060,msg=WM_USER,wp=00000124,lp=00000001)
241817.481:0160:Call user32.PostMessageW(00010060,00000402,00000000,00000000) ret=7b1b183b
241817.481:0160:Ret  user32.PostMessageW() retval=00000001 ret=7b1b183b
241817.533:0160:Ret  window proc 7B1B1ED0 (hwnd=00010060,msg=WM_USER,wp=00000124,lp=00000001) retval=00000000
241817.533:0160:Call hook proc 7B1B1DE0 (id=WH_GETMESSAGE,code=0,wp=00000001,lp=0026df2c)
241817.533:0160:Ret  hook proc 7B1B1DE0 (id=WH_GETMESSAGE,code=0,wp=00000001,lp=0026df2c) retval=00000000
241817.533:0160:Call window proc 7B1B1ED0 (hwnd=00010060,msg=WM_USER+2,wp=00000000,lp=00000000)
241817.533:0160:Ret  window proc 7B1B1ED0 (hwnd=00010060,msg=WM_USER+2,wp=00000000,lp=00000000) retval=00000000
241817.533:0160:Call hook proc 7B1B1DE0 (id=WH_GETMESSAGE,code=0,wp=00000001,lp=0026df2c)
241817.533:0160:Ret  hook proc 7B1B1DE0 (id=WH_GETMESSAGE,code=0,wp=00000001,lp=0026df2c) retval=00000000
241817.533:0160:Call window proc 7B1B1ED0 (hwnd=00010060,msg=WM_USER,wp=00000124,lp=00000001)
241817.533:0160:Call user32.PostMessageW(00010060,00000402,00000000,00000000) ret=7b1b183b
241817.533:0160:Ret  user32.PostMessageW() retval=00000001 ret=7b1b183b
241817.587:0160:Ret  window proc 7B1B1ED0 (hwnd=00010060,msg=WM_USER,wp=00000124,lp=00000001) retval=00000000
241817.587:0160:Call hook proc 7B1B1DE0 (id=WH_GETMESSAGE,code=0,wp=00000001,lp=0026df2c)
241817.587:0160:Ret  hook proc 7B1B1DE0 (id=WH_GETMESSAGE,code=0,wp=00000001,lp=0026df2c) retval=00000000
241817.587:0160:Call window proc 7B1B1ED0 (hwnd=00010060,msg=WM_USER+2,wp=00000000,lp=00000000)
241817.587:0160:Ret  window proc 7B1B1ED0 (hwnd=00010060,msg=WM_USER+2,wp=00000000,lp=00000000) retval=00000000
241817.587:0160:Call hook proc 7B1B1DE0 (id=WH_GETMESSAGE,code=0,wp=00000001,lp=0026df2c)
241817.587:0160:Ret  hook proc 7B1B1DE0 (id=WH_GETMESSAGE,code=0,wp=00000001,lp=0026df2c) retval=00000000
241817.587:0160:Call window proc 7B1B1ED0 (hwnd=00010060,msg=WM_USER,wp=00000124,lp=00000001)
241817.587:0160:Call user32.PostMessageW(00010060,00000402,00000000,00000000) ret=7b1b183b
241817.587:0160:Ret  user32.PostMessageW() retval=00000001 ret=7b1b183b
241817.639:0160:Ret  window proc 7B1B1ED0 (hwnd=00010060,msg=WM_USER,wp=00000124,lp=00000001) retval=00000000
241817.639:0160:Call hook proc 7B1B1DE0 (id=WH_GETMESSAGE,code=0,wp=00000001,lp=0026df2c)
241817.640:0160:Ret  hook proc 7B1B1DE0 (id=WH_GETMESSAGE,code=0,wp=00000001,lp=0026df2c) retval=00000000
241817.640:0160:Call window proc 7B1B1ED0 (hwnd=00010060,msg=WM_USER+2,wp=00000000,lp=00000000)
241817.640:0160:Ret  window proc 7B1B1ED0 (hwnd=00010060,msg=WM_USER+2,wp=00000000,lp=00000000) retval=00000000
241817.640:0160:Call hook proc 7B1B1DE0 (id=WH_GETMESSAGE,code=0,wp=00000001,lp=0026df2c)
241817.640:0160:Ret  hook proc 7B1B1DE0 (id=WH_GETMESSAGE,code=0,wp=00000001,lp=0026df2c) retval=00000000
241817.640:0160:Call window proc 7B1B1ED0 (hwnd=00010060,msg=WM_USER,wp=00000124,lp=00000001)
241817.640:0160:Call user32.PostMessageW(00010060,00000402,00000000,00000000) ret=7b1b183b
241817.640:0160:Ret  user32.PostMessageW() retval=00000001 ret=7b1b183b
241817.691:0160:Ret  window proc 7B1B1ED0 (hwnd=00010060,msg=WM_USER,wp=00000124,lp=00000001) retval=00000000
241817.691:0160:Call hook proc 7B1B1DE0 (id=WH_GETMESSAGE,code=0,wp=00000001,lp=0026df2c)
241817.691:0160:Ret  hook proc 7B1B1DE0 (id=WH_GETMESSAGE,code=0,wp=00000001,lp=0026df2c) retval=00000000
241817.691:0160:Call window proc 7B1B1ED0 (hwnd=00010060,msg=WM_USER+2,wp=00000000,lp=00000000)
241817.691:0160:Ret  window proc 7B1B1ED0 (hwnd=00010060,msg=WM_USER+2,wp=00000000,lp=00000000) retval=00000000
241817.691:0160:Call hook proc 7B1B1DE0 (id=WH_GETMESSAGE,code=0,wp=00000001,lp=0026df2c)
241817.691:0160:Ret  hook proc 7B1B1DE0 (id=WH_GETMESSAGE,code=0,wp=00000001,lp=0026df2c) retval=00000000
241817.691:0160:Call window proc 7B1B1ED0 (hwnd=00010060,msg=WM_USER,wp=00000124,lp=00000001)
241817.691:0160:Call user32.PostMessageW(00010060,00000402,00000000,00000000) ret=7b1b183b
241817.691:0160:Ret  user32.PostMessageW() retval=00000001 ret=7b1b183b
241817.743:0160:Ret  window proc 7B1B1ED0 (hwnd=00010060,msg=WM_USER,wp=00000124,lp=00000001) retval=00000000
241817.743:0160:Call hook proc 7B1B1DE0 (id=WH_GETMESSAGE,code=0,wp=00000001,lp=0026df2c)
241817.743:0160:Ret  hook proc 7B1B1DE0 (id=WH_GETMESSAGE,code=0,wp=00000001,lp=0026df2c) retval=00000000
241817.743:0160:Call window proc 7B1B1ED0 (hwnd=00010060,msg=WM_USER+2,wp=00000000,lp=00000000)
241817.743:0160:Ret  window proc 7B1B1ED0 (hwnd=00010060,msg=WM_USER+2,wp=00000000,lp=00000000) retval=00000000
241817.743:0160:Call hook proc 7B1B1DE0 (id=WH_GETMESSAGE,code=0,wp=00000001,lp=0026df2c)
241817.743:0160:Ret  hook proc 7B1B1DE0 (id=WH_GETMESSAGE,code=0,wp=00000001,lp=0026df2c) retval=00000000
241817.743:0160:Call window proc 7B1B1ED0 (hwnd=00010060,msg=WM_USER,wp=00000124,lp=00000001)
241817.743:0160:Call user32.PostMessageW(00010060,00000402,00000000,00000000) ret=7b1b183b
241817.743:0160:Ret  user32.PostMessageW() retval=00000001 ret=7b1b183b
241817.794:0160:Ret  window proc 7B1B1ED0 (hwnd=00010060,msg=WM_USER,wp=00000124,lp=00000001) retval=00000000
241817.794:0160:Call hook proc 7B1B1DE0 (id=WH_GETMESSAGE,code=0,wp=00000001,lp=0026df2c)
241817.794:0160:Ret  hook proc 7B1B1DE0 (id=WH_GETMESSAGE,code=0,wp=00000001,lp=0026df2c) retval=00000000
241817.794:0160:Call window proc 7B1B1ED0 (hwnd=00010060,msg=WM_USER+2,wp=00000000,lp=00000000)
241817.794:0160:Ret  window proc 7B1B1ED0 (hwnd=00010060,msg=WM_USER+2,wp=00000000,lp=00000000) retval=00000000
241817.794:0160:Call hook proc 7B1B1DE0 (id=WH_GETMESSAGE,code=0,wp=00000001,lp=0026df2c)
241817.794:0160:Ret  hook proc 7B1B1DE0 (id=WH_GETMESSAGE,code=0,wp=00000001,lp=0026df2c) retval=00000000
241817.794:0160:Call window proc 7B1B1ED0 (hwnd=00010060,msg=WM_USER,wp=00000124,lp=00000001)
241817.794:0160:Call user32.PostMessageW(00010060,00000402,00000000,00000000) ret=7b1b183b
241817.794:0160:Ret  user32.PostMessageW() retval=00000001 ret=7b1b183b
241817.846:0160:Ret  window proc 7B1B1ED0 (hwnd=00010060,msg=WM_USER,wp=00000124,lp=00000001) retval=00000000
241817.847:0160:Call hook proc 7B1B1DE0 (id=WH_GETMESSAGE,code=0,wp=00000001,lp=0026df2c)
241817.847:0160:Ret  hook proc 7B1B1DE0 (id=WH_GETMESSAGE,code=0,wp=00000001,lp=0026df2c) retval=00000000
241817.847:0160:Call window proc 7B1B1ED0 (hwnd=00010060,msg=WM_USER+2,wp=00000000,lp=00000000)
241817.847:0160:Ret  window proc 7B1B1ED0 (hwnd=00010060,msg=WM_USER+2,wp=00000000,lp=00000000) retval=00000000
241817.847:0160:Call hook proc 7B1B1DE0 (id=WH_GETMESSAGE,code=0,wp=00000001,lp=0026df2c)
241817.847:0160:Ret  hook proc 7B1B1DE0 (id=WH_GETMESSAGE,code=0,wp=00000001,lp=0026df2c) retval=00000000
241817.847:0160:Call window proc 7B1B1ED0 (hwnd=00010060,msg=WM_USER,wp=00000124,lp=00000001)
241817.847:0160:Call user32.PostMessageW(00010060,00000402,00000000,00000000) ret=7b1b183b
241817.847:0160:Ret  user32.PostMessageW() retval=00000001 ret=7b1b183b
241817.898:0160:Ret  window proc 7B1B1ED0 (hwnd=00010060,msg=WM_USER,wp=00000124,lp=00000001) retval=00000000
241817.898:0160:Call hook proc 7B1B1DE0 (id=WH_GETMESSAGE,code=0,wp=00000001,lp=0026df2c)
241817.898:0160:Ret  hook proc 7B1B1DE0 (id=WH_GETMESSAGE,code=0,wp=00000001,lp=0026df2c) retval=00000000
241817.898:0160:Call window proc 7B1B1ED0 (hwnd=00010060,msg=WM_USER+2,wp=00000000,lp=00000000)
241817.898:0160:Ret  window proc 7B1B1ED0 (hwnd=00010060,msg=WM_USER+2,wp=00000000,lp=00000000) retval=00000000
241817.899:0160:Call hook proc 7B1B1DE0 (id=WH_GETMESSAGE,code=0,wp=00000001,lp=0026df2c)
241817.899:0160:Ret  hook proc 7B1B1DE0 (id=WH_GETMESSAGE,code=0,wp=00000001,lp=0026df2c) retval=00000000
241817.899:0160:Call window proc 7B1B1ED0 (hwnd=00010060,msg=WM_USER,wp=00000124,lp=00000001)
241817.899:0160:Call user32.PostMessageW(00010060,00000402,00000000,00000000) ret=7b1b183b
241817.899:0160:Ret  user32.PostMessageW() retval=00000001 ret=7b1b183b
241817.950:0160:Ret  window proc 7B1B1ED0 (hwnd=00010060,msg=WM_USER,wp=00000124,lp=00000001) retval=00000000
241817.950:0160:Call hook proc 7B1B1DE0 (id=WH_GETMESSAGE,code=0,wp=00000001,lp=0026df2c)
241817.950:0160:Ret  hook proc 7B1B1DE0 (id=WH_GETMESSAGE,code=0,wp=00000001,lp=0026df2c) retval=00000000
241817.950:0160:Call window proc 7B1B1ED0 (hwnd=00010060,msg=WM_USER+2,wp=00000000,lp=00000000)
241817.951:0160:Ret  window proc 7B1B1ED0 (hwnd=00010060,msg=WM_USER+2,wp=00000000,lp=00000000) retval=00000000
241817.951:0160:Call hook proc 7B1B1DE0 (id=WH_GETMESSAGE,code=0,wp=00000001,lp=0026df2c)
241817.951:0160:Ret  hook proc 7B1B1DE0 (id=WH_GETMESSAGE,code=0,wp=00000001,lp=0026df2c) retval=00000000
241817.951:0160:Call window proc 7B1B1ED0 (hwnd=00010060,msg=WM_USER,wp=00000124,lp=00000001)
241817.951:0160:Call user32.PostMessageW(00010060,00000402,00000000,00000000) ret=7b1b183b
241817.951:0160:Ret  user32.PostMessageW() retval=00000001 ret=7b1b183b
241818.012:0160:Ret  window proc 7B1B1ED0 (hwnd=00010060,msg=WM_USER,wp=00000124,lp=00000001) retval=00000000
241818.012:0160:Call hook proc 7B1B1DE0 (id=WH_GETMESSAGE,code=0,wp=00000001,lp=0026df2c)
241818.012:0160:Ret  hook proc 7B1B1DE0 (id=WH_GETMESSAGE,code=0,wp=00000001,lp=0026df2c) retval=00000000
241818.012:0160:Call window proc 7B1B1ED0 (hwnd=00010060,msg=WM_USER+2,wp=00000000,lp=00000000)
241818.012:0160:Ret  window proc 7B1B1ED0 (hwnd=00010060,msg=WM_USER+2,wp=00000000,lp=00000000) retval=00000000
241818.012:0160:Call hook proc 7B1B1DE0 (id=WH_GETMESSAGE,code=0,wp=00000001,lp=0026df2c)
241818.012:0160:Ret  hook proc 7B1B1DE0 (id=WH_GETMESSAGE,code=0,wp=00000001,lp=0026df2c) retval=00000000
241818.012:0160:Call window proc 7B1B1ED0 (hwnd=00010060,msg=WM_USER,wp=00000124,lp=00000001)
241818.012:0160:Call user32.PostMessageW(00010060,00000402,00000000,00000000) ret=7b1b183b
241818.012:0160:Ret  user32.PostMessageW() retval=00000001 ret=7b1b183b
241818.063:0160:Ret  window proc 7B1B1ED0 (hwnd=00010060,msg=WM_USER,wp=00000124,lp=00000001) retval=00000000
241818.063:0160:Call hook proc 7B1B1DE0 (id=WH_GETMESSAGE,code=0,wp=00000001,lp=0026df2c)
241818.063:0160:Ret  hook proc 7B1B1DE0 (id=WH_GETMESSAGE,code=0,wp=00000001,lp=0026df2c) retval=00000000
241818.063:0160:Call window proc 7B1B1ED0 (hwnd=00010060,msg=WM_USER+2,wp=00000000,lp=00000000)
241818.063:0160:Ret  window proc 7B1B1ED0 (hwnd=00010060,msg=WM_USER+2,wp=00000000,lp=00000000) retval=00000000
241818.063:0160:Call hook proc 7B1B1DE0 (id=WH_GETMESSAGE,code=0,wp=00000001,lp=0026df2c)
241818.063:0160:Ret  hook proc 7B1B1DE0 (id=WH_GETMESSAGE,code=0,wp=00000001,lp=0026df2c) retval=00000000
241818.063:0160:Call window proc 7B1B1ED0 (hwnd=00010060,msg=WM_USER,wp=00000124,lp=00000001)
241818.063:0160:Call user32.PostMessageW(00010060,00000402,00000000,00000000) ret=7b1b183b
241818.063:0160:Ret  user32.PostMessageW() retval=00000001 ret=7b1b183b
241818.115:0160:Ret  window proc 7B1B1ED0 (hwnd=00010060,msg=WM_USER,wp=00000124,lp=00000001) retval=00000000
241818.115:0160:Call hook proc 7B1B1DE0 (id=WH_GETMESSAGE,code=0,wp=00000001,lp=0026df2c)
241818.115:0160:Ret  hook proc 7B1B1DE0 (id=WH_GETMESSAGE,code=0,wp=00000001,lp=0026df2c) retval=00000000
241818.115:0160:Call window proc 7B1B1ED0 (hwnd=00010060,msg=WM_USER+2,wp=00000000,lp=00000000)
241818.115:0160:Ret  window proc 7B1B1ED0 (hwnd=00010060,msg=WM_USER+2,wp=00000000,lp=00000000) retval=00000000
241818.115:0160:Call hook proc 7B1B1DE0 (id=WH_GETMESSAGE,code=0,wp=00000001,lp=0026df2c)
241818.115:0160:Ret  hook proc 7B1B1DE0 (id=WH_GETMESSAGE,code=0,wp=00000001,lp=0026df2c) retval=00000000
241818.115:0160:Call window proc 7B1B1ED0 (hwnd=00010060,msg=WM_USER,wp=00000124,lp=00000001)
241818.115:0160:Call user32.PostMessageW(00010060,00000402,00000000,00000000) ret=7b1b183b
241818.115:0160:Ret  user32.PostMessageW() retval=00000001 ret=7b1b183b
241818.168:0160:Ret  window proc 7B1B1ED0 (hwnd=00010060,msg=WM_USER,wp=00000124,lp=00000001) retval=00000000
241818.168:0160:Call hook proc 7B1B1DE0 (id=WH_GETMESSAGE,code=0,wp=00000001,lp=0026df2c)
241818.168:0160:Ret  hook proc 7B1B1DE0 (id=WH_GETMESSAGE,code=0,wp=00000001,lp=0026df2c) retval=00000000
241818.169:0160:Call window proc 7B1B1ED0 (hwnd=00010060,msg=WM_USER+2,wp=00000000,lp=00000000)
241818.169:0160:Ret  window proc 7B1B1ED0 (hwnd=00010060,msg=WM_USER+2,wp=00000000,lp=00000000) retval=00000000
241818.169:0160:Call hook proc 7B1B1DE0 (id=WH_GETMESSAGE,code=0,wp=00000001,lp=0026df2c)
241818.169:0160:Ret  hook proc 7B1B1DE0 (id=WH_GETMESSAGE,code=0,wp=00000001,lp=0026df2c) retval=00000000
241818.169:0160:Call window proc 7B1B1ED0 (hwnd=00010060,msg=WM_USER,wp=00000124,lp=00000001)
241818.170:0160:Call user32.PostMessageW(00010060,00000402,00000000,00000000) ret=7b1b183b
241818.170:0160:Ret  user32.PostMessageW() retval=00000001 ret=7b1b183b
241818.223:0160:Ret  window proc 7B1B1ED0 (hwnd=00010060,msg=WM_USER,wp=00000124,lp=00000001) retval=00000000
241818.224:0160:Call hook proc 7B1B1DE0 (id=WH_GETMESSAGE,code=0,wp=00000001,lp=0026df2c)
241818.224:0160:Ret  hook proc 7B1B1DE0 (id=WH_GETMESSAGE,code=0,wp=00000001,lp=0026df2c) retval=00000000
241818.224:0160:Call window proc 7B1B1ED0 (hwnd=00010060,msg=WM_USER+2,wp=00000000,lp=00000000)
241818.224:0160:Ret  window proc 7B1B1ED0 (hwnd=00010060,msg=WM_USER+2,wp=00000000,lp=00000000) retval=00000000
241818.224:0160:Call hook proc 7B1B1DE0 (id=WH_GETMESSAGE,code=0,wp=00000001,lp=0026df2c)
241818.224:0160:Ret  hook proc 7B1B1DE0 (id=WH_GETMESSAGE,code=0,wp=00000001,lp=0026df2c) retval=00000000
241818.224:0160:Call window proc 7B1B1ED0 (hwnd=00010060,msg=WM_USER,wp=00000124,lp=00000001)
241818.224:0160:Call user32.PostMessageW(00010060,00000402,00000000,00000000) ret=7b1b183b
241818.224:0160:Ret  user32.PostMessageW() retval=00000001 ret=7b1b183b
241818.276:0160:Ret  window proc 7B1B1ED0 (hwnd=00010060,msg=WM_USER,wp=00000124,lp=00000001) retval=00000000
241818.276:0160:Call hook proc 7B1B1DE0 (id=WH_GETMESSAGE,code=0,wp=00000001,lp=0026df2c)
241818.276:0160:Ret  hook proc 7B1B1DE0 (id=WH_GETMESSAGE,code=0,wp=00000001,lp=0026df2c) retval=00000000
241818.276:0160:Call window proc 7B1B1ED0 (hwnd=00010060,msg=WM_USER+2,wp=00000000,lp=00000000)
241818.277:0160:Ret  window proc 7B1B1ED0 (hwnd=00010060,msg=WM_USER+2,wp=00000000,lp=00000000) retval=00000000
241818.277:0160:Call hook proc 7B1B1DE0 (id=WH_GETMESSAGE,code=0,wp=00000001,lp=0026df2c)
241818.277:0160:Ret  hook proc 7B1B1DE0 (id=WH_GETMESSAGE,code=0,wp=00000001,lp=0026df2c) retval=00000000
241818.277:0160:Call window proc 7B1B1ED0 (hwnd=00010060,msg=WM_USER,wp=00000124,lp=00000001)
241818.277:0160:Call user32.PostMessageW(00010060,00000402,00000000,00000000) ret=7b1b183b
241818.277:0160:Ret  user32.PostMessageW() retval=00000001 ret=7b1b183b
241818.330:0160:Ret  window proc 7B1B1ED0 (hwnd=00010060,msg=WM_USER,wp=00000124,lp=00000001) retval=00000000
241818.330:0160:Call hook proc 7B1B1DE0 (id=WH_GETMESSAGE,code=0,wp=00000001,lp=0026df2c)
241818.330:0160:Ret  hook proc 7B1B1DE0 (id=WH_GETMESSAGE,code=0,wp=00000001,lp=0026df2c) retval=00000000
241818.330:0160:Call window proc 7B1B1ED0 (hwnd=00010060,msg=WM_USER+2,wp=00000000,lp=00000000)
241818.331:0160:Ret  window proc 7B1B1ED0 (hwnd=00010060,msg=WM_USER+2,wp=00000000,lp=00000000) retval=00000000
241818.331:0160:Call hook proc 7B1B1DE0 (id=WH_GETMESSAGE,code=0,wp=00000001,lp=0026df2c)
241818.331:0160:Ret  hook proc 7B1B1DE0 (id=WH_GETMESSAGE,code=0,wp=00000001,lp=0026df2c) retval=00000000
241818.331:0160:Call window proc 7B1B1ED0 (hwnd=00010060,msg=WM_USER,wp=00000124,lp=00000001)
241818.331:0160:Call user32.PostMessageW(00010060,00000402,00000000,00000000) ret=7b1b183b
241818.331:0160:Ret  user32.PostMessageW() retval=00000001 ret=7b1b183b
241818.384:0160:Ret  window proc 7B1B1ED0 (hwnd=00010060,msg=WM_USER,wp=00000124,lp=00000001) retval=00000000
241818.384:0160:Call hook proc 7B1B1DE0 (id=WH_GETMESSAGE,code=0,wp=00000001,lp=0026df2c)
241818.385:0160:Ret  hook proc 7B1B1DE0 (id=WH_GETMESSAGE,code=0,wp=00000001,lp=0026df2c) retval=00000000
241818.385:0160:Call window proc 7B1B1ED0 (hwnd=00010060,msg=WM_USER+2,wp=00000000,lp=00000000)
241818.386:0160:Ret  window proc 7B1B1ED0 (hwnd=00010060,msg=WM_USER+2,wp=00000000,lp=00000000) retval=00000000
241818.386:0160:Call hook proc 7B1B1DE0 (id=WH_GETMESSAGE,code=0,wp=00000001,lp=0026df2c)
241818.386:0160:Ret  hook proc 7B1B1DE0 (id=WH_GETMESSAGE,code=0,wp=00000001,lp=0026df2c) retval=00000000
241818.386:0160:Call window proc 7B1B1ED0 (hwnd=00010060,msg=WM_USER,wp=00000124,lp=00000001)
241818.386:0160:Call user32.PostMessageW(00010060,00000402,00000000,00000000) ret=7b1b183b
241818.386:0160:Ret  user32.PostMessageW() retval=00000001 ret=7b1b183b
241818.441:0160:Ret  window proc 7B1B1ED0 (hwnd=00010060,msg=WM_USER,wp=00000124,lp=00000001) retval=00000000
241818.441:0160:Call hook proc 7B1B1DE0 (id=WH_GETMESSAGE,code=0,wp=00000001,lp=0026df2c)
241818.442:0160:Ret  hook proc 7B1B1DE0 (id=WH_GETMESSAGE,code=0,wp=00000001,lp=0026df2c) retval=00000000
241818.442:0160:Call window proc 7B1B1ED0 (hwnd=00010060,msg=WM_USER+2,wp=00000000,lp=00000000)
241818.442:0160:Ret  window proc 7B1B1ED0 (hwnd=00010060,msg=WM_USER+2,wp=00000000,lp=00000000) retval=00000000
241818.442:0160:Call hook proc 7B1B1DE0 (id=WH_GETMESSAGE,code=0,wp=00000001,lp=0026df2c)
241818.442:0160:Ret  hook proc 7B1B1DE0 (id=WH_GETMESSAGE,code=0,wp=00000001,lp=0026df2c) retval=00000000
241818.442:0160:Call window proc 7B1B1ED0 (hwnd=00010060,msg=WM_USER,wp=00000124,lp=00000001)
241818.442:0160:Call user32.PostMessageW(00010060,00000402,00000000,00000000) ret=7b1b183b
241818.442:0160:Ret  user32.PostMessageW() retval=00000001 ret=7b1b183b
241818.494:0160:Ret  window proc 7B1B1ED0 (hwnd=00010060,msg=WM_USER,wp=00000124,lp=00000001) retval=00000000
241818.494:0160:Call hook proc 7B1B1DE0 (id=WH_GETMESSAGE,code=0,wp=00000001,lp=0026df2c)
241818.494:0160:Ret  hook proc 7B1B1DE0 (id=WH_GETMESSAGE,code=0,wp=00000001,lp=0026df2c) retval=00000000
241818.494:0160:Call window proc 7B1B1ED0 (hwnd=00010060,msg=WM_USER+2,wp=00000000,lp=00000000)
241818.494:0160:Ret  window proc 7B1B1ED0 (hwnd=00010060,msg=WM_USER+2,wp=00000000,lp=00000000) retval=00000000
241818.494:0160:Call hook proc 7B1B1DE0 (id=WH_GETMESSAGE,code=0,wp=00000001,lp=0026df2c)
241818.494:0160:Ret  hook proc 7B1B1DE0 (id=WH_GETMESSAGE,code=0,wp=00000001,lp=0026df2c) retval=00000000
241818.494:0160:Call window proc 7B1B1ED0 (hwnd=00010060,msg=WM_USER,wp=00000124,lp=00000001)
241818.494:0160:Call user32.PostMessageW(00010060,00000402,00000000,00000000) ret=7b1b183b
241818.494:0160:Ret  user32.PostMessageW() retval=00000001 ret=7b1b183b
241818.546:0160:Ret  window proc 7B1B1ED0 (hwnd=00010060,msg=WM_USER,wp=00000124,lp=00000001) retval=00000000
241818.546:0160:Call hook proc 7B1B1DE0 (id=WH_GETMESSAGE,code=0,wp=00000001,lp=0026df2c)
241818.546:0160:Ret  hook proc 7B1B1DE0 (id=WH_GETMESSAGE,code=0,wp=00000001,lp=0026df2c) retval=00000000
241818.546:0160:Call window proc 7B1B1ED0 (hwnd=00010060,msg=WM_USER+2,wp=00000000,lp=00000000)
241818.547:0160:Ret  window proc 7B1B1ED0 (hwnd=00010060,msg=WM_USER+2,wp=00000000,lp=00000000) retval=00000000
241818.547:0160:Call hook proc 7B1B1DE0 (id=WH_GETMESSAGE,code=0,wp=00000001,lp=0026df2c)
241818.547:0160:Ret  hook proc 7B1B1DE0 (id=WH_GETMESSAGE,code=0,wp=00000001,lp=0026df2c) retval=00000000
241818.547:0160:Call window proc 7B1B1ED0 (hwnd=00010060,msg=WM_USER,wp=00000124,lp=00000001)
241818.547:0160:Call user32.PostMessageW(00010060,00000402,00000000,00000000) ret=7b1b183b
241818.548:0160:Ret  user32.PostMessageW() retval=00000001 ret=7b1b183b
241818.600:0160:Ret  window proc 7B1B1ED0 (hwnd=00010060,msg=WM_USER,wp=00000124,lp=00000001) retval=00000000
241818.600:0160:Call hook proc 7B1B1DE0 (id=WH_GETMESSAGE,code=0,wp=00000001,lp=0026df2c)
241818.600:0160:Ret  hook proc 7B1B1DE0 (id=WH_GETMESSAGE,code=0,wp=00000001,lp=0026df2c) retval=00000000
241818.600:0160:Call window proc 7B1B1ED0 (hwnd=00010060,msg=WM_USER+2,wp=00000000,lp=00000000)
241818.601:0160:Ret  window proc 7B1B1ED0 (hwnd=00010060,msg=WM_USER+2,wp=00000000,lp=00000000) retval=00000000
241818.601:0160:Call hook proc 7B1B1DE0 (id=WH_GETMESSAGE,code=0,wp=00000001,lp=0026df2c)
241818.601:0160:Ret  hook proc 7B1B1DE0 (id=WH_GETMESSAGE,code=0,wp=00000001,lp=0026df2c) retval=00000000
241818.601:0160:Call window proc 7B1B1ED0 (hwnd=00010060,msg=WM_USER,wp=00000124,lp=00000001)
241818.601:0160:Call user32.PostMessageW(00010060,00000402,00000000,00000000) ret=7b1b183b
241818.601:0160:Ret  user32.PostMessageW() retval=00000001 ret=7b1b183b
241818.661:0160:Ret  window proc 7B1B1ED0 (hwnd=00010060,msg=WM_USER,wp=00000124,lp=00000001) retval=00000000
241818.661:0160:Call hook proc 7B1B1DE0 (id=WH_GETMESSAGE,code=0,wp=00000001,lp=0026df2c)
241818.661:0160:Ret  hook proc 7B1B1DE0 (id=WH_GETMESSAGE,code=0,wp=00000001,lp=0026df2c) retval=00000000
241818.661:0160:Call window proc 7B1B1ED0 (hwnd=00010060,msg=WM_USER+2,wp=00000000,lp=00000000)
241818.661:0160:Ret  window proc 7B1B1ED0 (hwnd=00010060,msg=WM_USER+2,wp=00000000,lp=00000000) retval=00000000
241818.661:0160:Call hook proc 7B1B1DE0 (id=WH_GETMESSAGE,code=0,wp=00000001,lp=0026df2c)
241818.661:0160:Ret  hook proc 7B1B1DE0 (id=WH_GETMESSAGE,code=0,wp=00000001,lp=0026df2c) retval=00000000
241818.661:0160:Call window proc 7B1B1ED0 (hwnd=00010060,msg=WM_USER,wp=00000124,lp=00000001)
241818.662:0160:Call user32.PostMessageW(00010060,00000402,00000000,00000000) ret=7b1b183b
241818.662:0160:Ret  user32.PostMessageW() retval=00000001 ret=7b1b183b
241818.714:0160:Ret  window proc 7B1B1ED0 (hwnd=00010060,msg=WM_USER,wp=00000124,lp=00000001) retval=00000000
241818.714:0160:Call hook proc 7B1B1DE0 (id=WH_GETMESSAGE,code=0,wp=00000001,lp=0026df2c)
241818.714:0160:Ret  hook proc 7B1B1DE0 (id=WH_GETMESSAGE,code=0,wp=00000001,lp=0026df2c) retval=00000000
241818.714:0160:Call window proc 7B1B1ED0 (hwnd=00010060,msg=WM_USER+2,wp=00000000,lp=00000000)
241818.715:0160:Ret  window proc 7B1B1ED0 (hwnd=00010060,msg=WM_USER+2,wp=00000000,lp=00000000) retval=00000000
241818.715:0160:Call hook proc 7B1B1DE0 (id=WH_GETMESSAGE,code=0,wp=00000001,lp=0026df2c)
241818.715:0160:Ret  hook proc 7B1B1DE0 (id=WH_GETMESSAGE,code=0,wp=00000001,lp=0026df2c) retval=00000000
241818.715:0160:Call window proc 7B1B1ED0 (hwnd=00010060,msg=WM_USER,wp=00000124,lp=00000001)
241818.715:0160:Call user32.PostMessageW(00010060,00000402,00000000,00000000) ret=7b1b183b
241818.715:0160:Ret  user32.PostMessageW() retval=00000001 ret=7b1b183b
241818.766:0160:Ret  window proc 7B1B1ED0 (hwnd=00010060,msg=WM_USER,wp=00000124,lp=00000001) retval=00000000
241818.766:0160:Call hook proc 7B1B1DE0 (id=WH_GETMESSAGE,code=0,wp=00000001,lp=0026df2c)
241818.766:0160:Ret  hook proc 7B1B1DE0 (id=WH_GETMESSAGE,code=0,wp=00000001,lp=0026df2c) retval=00000000
241818.766:0160:Call window proc 7B1B1ED0 (hwnd=00010060,msg=WM_USER+2,wp=00000000,lp=00000000)
241818.766:0160:Ret  window proc 7B1B1ED0 (hwnd=00010060,msg=WM_USER+2,wp=00000000,lp=00000000) retval=00000000
241818.766:0160:Call hook proc 7B1B1DE0 (id=WH_GETMESSAGE,code=0,wp=00000001,lp=0026df2c)
241818.766:0160:Ret  hook proc 7B1B1DE0 (id=WH_GETMESSAGE,code=0,wp=00000001,lp=0026df2c) retval=00000000
241818.766:0160:Call window proc 7B1B1ED0 (hwnd=00010060,msg=WM_USER,wp=00000124,lp=00000001)
241818.766:0160:Call user32.PostMessageW(00010060,00000402,00000000,00000000) ret=7b1b183b
241818.766:0160:Ret  user32.PostMessageW() retval=00000001 ret=7b1b183b
241818.818:0160:Ret  window proc 7B1B1ED0 (hwnd=00010060,msg=WM_USER,wp=00000124,lp=00000001) retval=00000000
241818.818:0160:Call hook proc 7B1B1DE0 (id=WH_GETMESSAGE,code=0,wp=00000001,lp=0026df2c)
241818.818:0160:Ret  hook proc 7B1B1DE0 (id=WH_GETMESSAGE,code=0,wp=00000001,lp=0026df2c) retval=00000000
241818.818:0160:Call window proc 7B1B1ED0 (hwnd=00010060,msg=WM_USER+2,wp=00000000,lp=00000000)
241818.818:0160:Ret  window proc 7B1B1ED0 (hwnd=00010060,msg=WM_USER+2,wp=00000000,lp=00000000) retval=00000000
241818.818:0160:Call hook proc 7B1B1DE0 (id=WH_GETMESSAGE,code=0,wp=00000001,lp=0026df2c)
241818.818:0160:Ret  hook proc 7B1B1DE0 (id=WH_GETMESSAGE,code=0,wp=00000001,lp=0026df2c) retval=00000000
241818.818:0160:Call window proc 7B1B1ED0 (hwnd=00010060,msg=WM_USER,wp=00000124,lp=00000001)
241818.818:0160:Call user32.PostMessageW(00010060,00000402,00000000,00000000) ret=7b1b183b
241818.818:0160:Ret  user32.PostMessageW() retval=00000001 ret=7b1b183b
241818.874:0160:Ret  window proc 7B1B1ED0 (hwnd=00010060,msg=WM_USER,wp=00000124,lp=00000001) retval=00000000
241818.874:0160:Call hook proc 7B1B1DE0 (id=WH_GETMESSAGE,code=0,wp=00000001,lp=0026df2c)
241818.874:0160:Ret  hook proc 7B1B1DE0 (id=WH_GETMESSAGE,code=0,wp=00000001,lp=0026df2c) retval=00000000
241818.874:0160:Call window proc 7B1B1ED0 (hwnd=00010060,msg=WM_USER+2,wp=00000000,lp=00000000)
241818.874:0160:Ret  window proc 7B1B1ED0 (hwnd=00010060,msg=WM_USER+2,wp=00000000,lp=00000000) retval=00000000
241818.874:0160:Call hook proc 7B1B1DE0 (id=WH_GETMESSAGE,code=0,wp=00000001,lp=0026df2c)
241818.874:0160:Ret  hook proc 7B1B1DE0 (id=WH_GETMESSAGE,code=0,wp=00000001,lp=0026df2c) retval=00000000
241818.874:0160:Call window proc 7B1B1ED0 (hwnd=00010060,msg=WM_USER,wp=00000124,lp=00000001)
241818.874:0160:Call user32.PostMessageW(00010060,00000402,00000000,00000000) ret=7b1b183b
241818.874:0160:Ret  user32.PostMessageW() retval=00000001 ret=7b1b183b
241818.925:0160:Ret  window proc 7B1B1ED0 (hwnd=00010060,msg=WM_USER,wp=00000124,lp=00000001) retval=00000000
241818.925:0160:Call hook proc 7B1B1DE0 (id=WH_GETMESSAGE,code=0,wp=00000001,lp=0026df2c)
241818.925:0160:Ret  hook proc 7B1B1DE0 (id=WH_GETMESSAGE,code=0,wp=00000001,lp=0026df2c) retval=00000000
241818.925:0160:Call window proc 7B1B1ED0 (hwnd=00010060,msg=WM_USER+2,wp=00000000,lp=00000000)
241818.925:0160:Ret  window proc 7B1B1ED0 (hwnd=00010060,msg=WM_USER+2,wp=00000000,lp=00000000) retval=00000000
241818.925:0160:Call hook proc 7B1B1DE0 (id=WH_GETMESSAGE,code=0,wp=00000001,lp=0026df2c)
241818.925:0160:Ret  hook proc 7B1B1DE0 (id=WH_GETMESSAGE,code=0,wp=00000001,lp=0026df2c) retval=00000000
241818.925:0160:Call window proc 7B1B1ED0 (hwnd=00010060,msg=WM_USER,wp=00000124,lp=00000001)
241818.925:0160:Call user32.PostMessageW(00010060,00000402,00000000,00000000) ret=7b1b183b
241818.925:0160:Ret  user32.PostMessageW() retval=00000001 ret=7b1b183b
241818.976:0160:Ret  window proc 7B1B1ED0 (hwnd=00010060,msg=WM_USER,wp=00000124,lp=00000001) retval=00000000
241818.976:0160:Call hook proc 7B1B1DE0 (id=WH_GETMESSAGE,code=0,wp=00000001,lp=0026df2c)
241818.976:0160:Ret  hook proc 7B1B1DE0 (id=WH_GETMESSAGE,code=0,wp=00000001,lp=0026df2c) retval=00000000
241818.976:0160:Call window proc 7B1B1ED0 (hwnd=00010060,msg=WM_USER+2,wp=00000000,lp=00000000)
241818.976:0160:Ret  window proc 7B1B1ED0 (hwnd=00010060,msg=WM_USER+2,wp=00000000,lp=00000000) retval=00000000
241818.976:0160:Call hook proc 7B1B1DE0 (id=WH_GETMESSAGE,code=0,wp=00000001,lp=0026df2c)
241818.976:0160:Ret  hook proc 7B1B1DE0 (id=WH_GETMESSAGE,code=0,wp=00000001,lp=0026df2c) retval=00000000
241818.976:0160:Call window proc 7B1B1ED0 (hwnd=00010060,msg=WM_USER,wp=00000124,lp=00000001)
241818.976:0160:Call user32.PostMessageW(00010060,00000402,00000000,00000000) ret=7b1b183b
241818.977:0160:Ret  user32.PostMessageW() retval=00000001 ret=7b1b183b
241819.028:0160:Ret  window proc 7B1B1ED0 (hwnd=00010060,msg=WM_USER,wp=00000124,lp=00000001) retval=00000000
241819.028:0160:Call hook proc 7B1B1DE0 (id=WH_GETMESSAGE,code=0,wp=00000001,lp=0026df2c)
241819.028:0160:Ret  hook proc 7B1B1DE0 (id=WH_GETMESSAGE,code=0,wp=00000001,lp=0026df2c) retval=00000000
241819.028:0160:Call window proc 7B1B1ED0 (hwnd=00010060,msg=WM_USER+2,wp=00000000,lp=00000000)
241819.028:0160:Ret  window proc 7B1B1ED0 (hwnd=00010060,msg=WM_USER+2,wp=00000000,lp=00000000) retval=00000000
241819.028:0160:Call hook proc 7B1B1DE0 (id=WH_GETMESSAGE,code=0,wp=00000001,lp=0026df2c)
241819.028:0160:Ret  hook proc 7B1B1DE0 (id=WH_GETMESSAGE,code=0,wp=00000001,lp=0026df2c) retval=00000000
241819.028:0160:Call window proc 7B1B1ED0 (hwnd=00010060,msg=WM_USER,wp=00000124,lp=00000001)
241819.028:0160:Call user32.PostMessageW(00010060,00000402,00000000,00000000) ret=7b1b183b
241819.028:0160:Ret  user32.PostMessageW() retval=00000001 ret=7b1b183b
241819.079:0160:Ret  window proc 7B1B1ED0 (hwnd=00010060,msg=WM_USER,wp=00000124,lp=00000001) retval=00000000
241819.079:0160:Call hook proc 7B1B1DE0 (id=WH_GETMESSAGE,code=0,wp=00000001,lp=0026df2c)
241819.079:0160:Ret  hook proc 7B1B1DE0 (id=WH_GETMESSAGE,code=0,wp=00000001,lp=0026df2c) retval=00000000
241819.079:0160:Call window proc 7B1B1ED0 (hwnd=00010060,msg=WM_USER+2,wp=00000000,lp=00000000)
241819.079:0160:Ret  window proc 7B1B1ED0 (hwnd=00010060,msg=WM_USER+2,wp=00000000,lp=00000000) retval=00000000
241819.079:0160:Call hook proc 7B1B1DE0 (id=WH_GETMESSAGE,code=0,wp=00000001,lp=0026df2c)
241819.079:0160:Ret  hook proc 7B1B1DE0 (id=WH_GETMESSAGE,code=0,wp=00000001,lp=0026df2c) retval=00000000
241819.079:0160:Call window proc 7B1B1ED0 (hwnd=00010060,msg=WM_USER,wp=00000124,lp=00000001)
241819.079:0160:Call user32.PostMessageW(00010060,00000402,00000000,00000000) ret=7b1b183b
241819.079:0160:Ret  user32.PostMessageW() retval=00000001 ret=7b1b183b
241819.134:0160:Ret  window proc 7B1B1ED0 (hwnd=00010060,msg=WM_USER,wp=00000124,lp=00000001) retval=00000000
241819.134:0160:Call hook proc 7B1B1DE0 (id=WH_GETMESSAGE,code=0,wp=00000001,lp=0026df2c)
241819.134:0160:Ret  hook proc 7B1B1DE0 (id=WH_GETMESSAGE,code=0,wp=00000001,lp=0026df2c) retval=00000000
241819.135:0160:Call window proc 7B1B1ED0 (hwnd=00010060,msg=WM_USER+2,wp=00000000,lp=00000000)
241819.135:0160:Ret  window proc 7B1B1ED0 (hwnd=00010060,msg=WM_USER+2,wp=00000000,lp=00000000) retval=00000000
241819.135:0160:Call hook proc 7B1B1DE0 (id=WH_GETMESSAGE,code=0,wp=00000001,lp=0026df2c)
241819.135:0160:Ret  hook proc 7B1B1DE0 (id=WH_GETMESSAGE,code=0,wp=00000001,lp=0026df2c) retval=00000000
241819.135:0160:Call window proc 7B1B1ED0 (hwnd=00010060,msg=WM_USER,wp=00000124,lp=00000001)
241819.135:0160:Call user32.PostMessageW(00010060,00000402,00000000,00000000) ret=7b1b183b
241819.135:0160:Ret  user32.PostMessageW() retval=00000001 ret=7b1b183b
241819.188:0160:Ret  window proc 7B1B1ED0 (hwnd=00010060,msg=WM_USER,wp=00000124,lp=00000001) retval=00000000
241819.189:0160:Call hook proc 7B1B1DE0 (id=WH_GETMESSAGE,code=0,wp=00000001,lp=0026df2c)
241819.189:0160:Ret  hook proc 7B1B1DE0 (id=WH_GETMESSAGE,code=0,wp=00000001,lp=0026df2c) retval=00000000
241819.189:0160:Call window proc 7B1B1ED0 (hwnd=00010060,msg=WM_USER+2,wp=00000000,lp=00000000)
241819.189:0160:Ret  window proc 7B1B1ED0 (hwnd=00010060,msg=WM_USER+2,wp=00000000,lp=00000000) retval=00000000
241819.189:0160:Call hook proc 7B1B1DE0 (id=WH_GETMESSAGE,code=0,wp=00000001,lp=0026df2c)
241819.189:0160:Ret  hook proc 7B1B1DE0 (id=WH_GETMESSAGE,code=0,wp=00000001,lp=0026df2c) retval=00000000
241819.189:0160:Call window proc 7B1B1ED0 (hwnd=00010060,msg=WM_USER,wp=00000124,lp=00000001)
241819.189:0160:Call user32.PostMessageW(00010060,00000402,00000000,00000000) ret=7b1b183b
241819.189:0160:Ret  user32.PostMessageW() retval=00000001 ret=7b1b183b
241819.241:0160:Ret  window proc 7B1B1ED0 (hwnd=00010060,msg=WM_USER,wp=00000124,lp=00000001) retval=00000000
241819.241:0160:Call hook proc 7B1B1DE0 (id=WH_GETMESSAGE,code=0,wp=00000001,lp=0026df2c)
241819.242:0160:Ret  hook proc 7B1B1DE0 (id=WH_GETMESSAGE,code=0,wp=00000001,lp=0026df2c) retval=00000000
241819.242:0160:Call window proc 7B1B1ED0 (hwnd=00010060,msg=WM_USER+2,wp=00000000,lp=00000000)
241819.242:0160:Ret  window proc 7B1B1ED0 (hwnd=00010060,msg=WM_USER+2,wp=00000000,lp=00000000) retval=00000000
241819.242:0160:Call hook proc 7B1B1DE0 (id=WH_GETMESSAGE,code=0,wp=00000001,lp=0026df2c)
241819.242:0160:Ret  hook proc 7B1B1DE0 (id=WH_GETMESSAGE,code=0,wp=00000001,lp=0026df2c) retval=00000000
241819.242:0160:Call window proc 7B1B1ED0 (hwnd=00010060,msg=WM_USER,wp=00000124,lp=00000001)
241819.242:0160:Call user32.PostMessageW(00010060,00000402,00000000,00000000) ret=7b1b183b
241819.242:0160:Ret  user32.PostMessageW() retval=00000001 ret=7b1b183b
241819.295:0160:Ret  window proc 7B1B1ED0 (hwnd=00010060,msg=WM_USER,wp=00000124,lp=00000001) retval=00000000
241819.295:0160:Call hook proc 7B1B1DE0 (id=WH_GETMESSAGE,code=0,wp=00000001,lp=0026df2c)
241819.295:0160:Ret  hook proc 7B1B1DE0 (id=WH_GETMESSAGE,code=0,wp=00000001,lp=0026df2c) retval=00000000
241819.295:0160:Call window proc 7B1B1ED0 (hwnd=00010060,msg=WM_USER+2,wp=00000000,lp=00000000)
241819.296:0160:Ret  window proc 7B1B1ED0 (hwnd=00010060,msg=WM_USER+2,wp=00000000,lp=00000000) retval=00000000
241819.296:0160:Call hook proc 7B1B1DE0 (id=WH_GETMESSAGE,code=0,wp=00000001,lp=0026df2c)
241819.296:0160:Ret  hook proc 7B1B1DE0 (id=WH_GETMESSAGE,code=0,wp=00000001,lp=0026df2c) retval=00000000
241819.296:0160:Call window proc 7B1B1ED0 (hwnd=00010060,msg=WM_USER,wp=00000124,lp=00000001)
241819.296:0160:Call user32.PostMessageW(00010060,00000402,00000000,00000000) ret=7b1b183b
241819.296:0160:Ret  user32.PostMessageW() retval=00000001 ret=7b1b183b
241819.348:0160:Ret  window proc 7B1B1ED0 (hwnd=00010060,msg=WM_USER,wp=00000124,lp=00000001) retval=00000000
241819.349:0160:Call hook proc 7B1B1DE0 (id=WH_GETMESSAGE,code=0,wp=00000001,lp=0026df2c)
241819.349:0160:Ret  hook proc 7B1B1DE0 (id=WH_GETMESSAGE,code=0,wp=00000001,lp=0026df2c) retval=00000000
241819.349:0160:Call window proc 7B1B1ED0 (hwnd=00010060,msg=WM_USER+2,wp=00000000,lp=00000000)
241819.350:0160:Ret  window proc 7B1B1ED0 (hwnd=00010060,msg=WM_USER+2,wp=00000000,lp=00000000) retval=00000000
241819.350:0160:Call hook proc 7B1B1DE0 (id=WH_GETMESSAGE,code=0,wp=00000001,lp=0026df2c)
241819.350:0160:Ret  hook proc 7B1B1DE0 (id=WH_GETMESSAGE,code=0,wp=00000001,lp=0026df2c) retval=00000000
241819.350:0160:Call window proc 7B1B1ED0 (hwnd=00010060,msg=WM_USER,wp=00000124,lp=00000001)
241819.350:0160:Call user32.PostMessageW(00010060,00000402,00000000,00000000) ret=7b1b183b
241819.350:0160:Ret  user32.PostMessageW() retval=00000001 ret=7b1b183b
241819.402:0160:Ret  window proc 7B1B1ED0 (hwnd=00010060,msg=WM_USER,wp=00000124,lp=00000001) retval=00000000
241819.403:0160:Call hook proc 7B1B1DE0 (id=WH_GETMESSAGE,code=0,wp=00000001,lp=0026df2c)
241819.403:0160:Ret  hook proc 7B1B1DE0 (id=WH_GETMESSAGE,code=0,wp=00000001,lp=0026df2c) retval=00000000
241819.403:0160:Call window proc 7B1B1ED0 (hwnd=00010060,msg=WM_USER+2,wp=00000000,lp=00000000)
241819.403:0160:Ret  window proc 7B1B1ED0 (hwnd=00010060,msg=WM_USER+2,wp=00000000,lp=00000000) retval=00000000
241819.403:0160:Call hook proc 7B1B1DE0 (id=WH_GETMESSAGE,code=0,wp=00000001,lp=0026df2c)
241819.403:0160:Ret  hook proc 7B1B1DE0 (id=WH_GETMESSAGE,code=0,wp=00000001,lp=0026df2c) retval=00000000
241819.403:0160:Call window proc 7B1B1ED0 (hwnd=00010060,msg=WM_USER,wp=00000124,lp=00000001)
241819.403:0160:Call user32.PostMessageW(00010060,00000402,00000000,00000000) ret=7b1b183b
241819.403:0160:Ret  user32.PostMessageW() retval=00000001 ret=7b1b183b
241819.454:0160:Ret  window proc 7B1B1ED0 (hwnd=00010060,msg=WM_USER,wp=00000124,lp=00000001) retval=00000000
241819.454:0160:Call hook proc 7B1B1DE0 (id=WH_GETMESSAGE,code=0,wp=00000001,lp=0026df2c)
241819.454:0160:Ret  hook proc 7B1B1DE0 (id=WH_GETMESSAGE,code=0,wp=00000001,lp=0026df2c) retval=00000000
241819.455:0160:Call window proc 7B1B1ED0 (hwnd=00010060,msg=WM_USER+2,wp=00000000,lp=00000000)
241819.455:0160:Ret  window proc 7B1B1ED0 (hwnd=00010060,msg=WM_USER+2,wp=00000000,lp=00000000) retval=00000000
241819.455:0160:Call hook proc 7B1B1DE0 (id=WH_GETMESSAGE,code=0,wp=00000001,lp=0026df2c)
241819.455:0160:Ret  hook proc 7B1B1DE0 (id=WH_GETMESSAGE,code=0,wp=00000001,lp=0026df2c) retval=00000000
241819.455:0160:Call window proc 7B1B1ED0 (hwnd=00010060,msg=WM_USER,wp=00000124,lp=00000001)
241819.455:0160:Call user32.PostMessageW(00010060,00000402,00000000,00000000) ret=7b1b183b
241819.455:0160:Ret  user32.PostMessageW() retval=00000001 ret=7b1b183b
241819.515:0160:Ret  window proc 7B1B1ED0 (hwnd=00010060,msg=WM_USER,wp=00000124,lp=00000001) retval=00000000
241819.515:0160:Call hook proc 7B1B1DE0 (id=WH_GETMESSAGE,code=0,wp=00000001,lp=0026df2c)
241819.515:0160:Ret  hook proc 7B1B1DE0 (id=WH_GETMESSAGE,code=0,wp=00000001,lp=0026df2c) retval=00000000
241819.516:0160:Call window proc 7B1B1ED0 (hwnd=00010060,msg=WM_USER+2,wp=00000000,lp=00000000)
241819.516:0160:Ret  window proc 7B1B1ED0 (hwnd=00010060,msg=WM_USER+2,wp=00000000,lp=00000000) retval=00000000
241819.516:0160:Call hook proc 7B1B1DE0 (id=WH_GETMESSAGE,code=0,wp=00000001,lp=0026df2c)
241819.516:0160:Ret  hook proc 7B1B1DE0 (id=WH_GETMESSAGE,code=0,wp=00000001,lp=0026df2c) retval=00000000
241819.516:0160:Call window proc 7B1B1ED0 (hwnd=00010060,msg=WM_USER,wp=00000124,lp=00000001)
241819.516:0160:Call user32.PostMessageW(00010060,00000402,00000000,00000000) ret=7b1b183b
241819.516:0160:Ret  user32.PostMessageW() retval=00000001 ret=7b1b183b
241819.576:0160:Ret  window proc 7B1B1ED0 (hwnd=00010060,msg=WM_USER,wp=00000124,lp=00000001) retval=00000000
241819.577:0160:Call hook proc 7B1B1DE0 (id=WH_GETMESSAGE,code=0,wp=00000001,lp=0026df2c)
241819.577:0160:Ret  hook proc 7B1B1DE0 (id=WH_GETMESSAGE,code=0,wp=00000001,lp=0026df2c) retval=00000000
241819.577:0160:Call window proc 7B1B1ED0 (hwnd=00010060,msg=WM_USER+2,wp=00000000,lp=00000000)
241819.577:0160:Ret  window proc 7B1B1ED0 (hwnd=00010060,msg=WM_USER+2,wp=00000000,lp=00000000) retval=00000000
241819.577:0160:Call hook proc 7B1B1DE0 (id=WH_GETMESSAGE,code=0,wp=00000001,lp=0026df2c)
241819.577:0160:Ret  hook proc 7B1B1DE0 (id=WH_GETMESSAGE,code=0,wp=00000001,lp=0026df2c) retval=00000000
241819.577:0160:Call window proc 7B1B1ED0 (hwnd=00010060,msg=WM_USER,wp=00000124,lp=00000001)
241819.577:0160:Call user32.PostMessageW(00010060,00000402,00000000,00000000) ret=7b1b183b
241819.577:0160:Ret  user32.PostMessageW() retval=00000001 ret=7b1b183b
241819.638:0160:Ret  window proc 7B1B1ED0 (hwnd=00010060,msg=WM_USER,wp=00000124,lp=00000001) retval=00000000
241819.638:0160:Call hook proc 7B1B1DE0 (id=WH_GETMESSAGE,code=0,wp=00000001,lp=0026df2c)
241819.638:0160:Ret  hook proc 7B1B1DE0 (id=WH_GETMESSAGE,code=0,wp=00000001,lp=0026df2c) retval=00000000
241819.638:0160:Call window proc 7B1B1ED0 (hwnd=00010060,msg=WM_USER+2,wp=00000000,lp=00000000)
241819.639:0160:Ret  window proc 7B1B1ED0 (hwnd=00010060,msg=WM_USER+2,wp=00000000,lp=00000000) retval=00000000
241819.639:0160:Call hook proc 7B1B1DE0 (id=WH_GETMESSAGE,code=0,wp=00000001,lp=0026df2c)
241819.639:0160:Ret  hook proc 7B1B1DE0 (id=WH_GETMESSAGE,code=0,wp=00000001,lp=0026df2c) retval=00000000
241819.639:0160:Call window proc 7B1B1ED0 (hwnd=00010060,msg=WM_USER,wp=00000124,lp=00000001)
241819.639:0160:Call user32.PostMessageW(00010060,00000402,00000000,00000000) ret=7b1b183b
241819.639:0160:Ret  user32.PostMessageW() retval=00000001 ret=7b1b183b
241819.699:0160:Ret  window proc 7B1B1ED0 (hwnd=00010060,msg=WM_USER,wp=00000124,lp=00000001) retval=00000000
241819.700:0160:Call hook proc 7B1B1DE0 (id=WH_GETMESSAGE,code=0,wp=00000001,lp=0026df2c)
241819.700:0160:Ret  hook proc 7B1B1DE0 (id=WH_GETMESSAGE,code=0,wp=00000001,lp=0026df2c) retval=00000000
241819.700:0160:Call window proc 7B1B1ED0 (hwnd=00010060,msg=WM_USER+2,wp=00000000,lp=00000000)
241819.700:0160:Ret  window proc 7B1B1ED0 (hwnd=00010060,msg=WM_USER+2,wp=00000000,lp=00000000) retval=00000000
241819.700:0160:Call hook proc 7B1B1DE0 (id=WH_GETMESSAGE,code=0,wp=00000001,lp=0026df2c)
241819.700:0160:Ret  hook proc 7B1B1DE0 (id=WH_GETMESSAGE,code=0,wp=00000001,lp=0026df2c) retval=00000000
241819.700:0160:Call window proc 7B1B1ED0 (hwnd=00010060,msg=WM_USER,wp=00000124,lp=00000001)
241819.700:0160:Call user32.PostMessageW(00010060,00000402,00000000,00000000) ret=7b1b183b
241819.700:0160:Ret  user32.PostMessageW() retval=00000001 ret=7b1b183b
241819.751:0160:Ret  window proc 7B1B1ED0 (hwnd=00010060,msg=WM_USER,wp=00000124,lp=00000001) retval=00000000
241819.751:0160:Call hook proc 7B1B1DE0 (id=WH_GETMESSAGE,code=0,wp=00000001,lp=0026df2c)
241819.751:0160:Ret  hook proc 7B1B1DE0 (id=WH_GETMESSAGE,code=0,wp=00000001,lp=0026df2c) retval=00000000
241819.751:0160:Call window proc 7B1B1ED0 (hwnd=00010060,msg=WM_USER+2,wp=00000000,lp=00000000)
241819.751:0160:Ret  window proc 7B1B1ED0 (hwnd=00010060,msg=WM_USER+2,wp=00000000,lp=00000000) retval=00000000
241819.751:0160:Call hook proc 7B1B1DE0 (id=WH_GETMESSAGE,code=0,wp=00000001,lp=0026df2c)
241819.751:0160:Ret  hook proc 7B1B1DE0 (id=WH_GETMESSAGE,code=0,wp=00000001,lp=0026df2c) retval=00000000
241819.751:0160:Call window proc 7B1B1ED0 (hwnd=00010060,msg=WM_USER,wp=00000124,lp=00000001)
241819.751:0160:Call user32.PostMessageW(00010060,00000402,00000000,00000000) ret=7b1b183b
241819.751:0160:Ret  user32.PostMessageW() retval=00000001 ret=7b1b183b
241819.803:0160:Ret  window proc 7B1B1ED0 (hwnd=00010060,msg=WM_USER,wp=00000124,lp=00000001) retval=00000000
241819.803:0160:Call hook proc 7B1B1DE0 (id=WH_GETMESSAGE,code=0,wp=00000001,lp=0026df2c)
241819.803:0160:Ret  hook proc 7B1B1DE0 (id=WH_GETMESSAGE,code=0,wp=00000001,lp=0026df2c) retval=00000000
241819.803:0160:Call window proc 7B1B1ED0 (hwnd=00010060,msg=WM_USER+2,wp=00000000,lp=00000000)
241819.803:0160:Ret  window proc 7B1B1ED0 (hwnd=00010060,msg=WM_USER+2,wp=00000000,lp=00000000) retval=00000000
241819.803:0160:Call hook proc 7B1B1DE0 (id=WH_GETMESSAGE,code=0,wp=00000001,lp=0026df2c)
241819.803:0160:Ret  hook proc 7B1B1DE0 (id=WH_GETMESSAGE,code=0,wp=00000001,lp=0026df2c) retval=00000000
241819.803:0160:Call window proc 7B1B1ED0 (hwnd=00010060,msg=WM_USER,wp=00000124,lp=00000001)
241819.803:0160:Call user32.PostMessageW(00010060,00000402,00000000,00000000) ret=7b1b183b
241819.803:0160:Ret  user32.PostMessageW() retval=00000001 ret=7b1b183b
241819.854:0160:Ret  window proc 7B1B1ED0 (hwnd=00010060,msg=WM_USER,wp=00000124,lp=00000001) retval=00000000
241819.854:0160:Call hook proc 7B1B1DE0 (id=WH_GETMESSAGE,code=0,wp=00000001,lp=0026df2c)
241819.854:0160:Ret  hook proc 7B1B1DE0 (id=WH_GETMESSAGE,code=0,wp=00000001,lp=0026df2c) retval=00000000
241819.854:0160:Call window proc 7B1B1ED0 (hwnd=00010060,msg=WM_USER+2,wp=00000000,lp=00000000)
241819.854:0160:Ret  window proc 7B1B1ED0 (hwnd=00010060,msg=WM_USER+2,wp=00000000,lp=00000000) retval=00000000
241819.854:0160:Call hook proc 7B1B1DE0 (id=WH_GETMESSAGE,code=0,wp=00000001,lp=0026df2c)
241819.854:0160:Ret  hook proc 7B1B1DE0 (id=WH_GETMESSAGE,code=0,wp=00000001,lp=0026df2c) retval=00000000
241819.854:0160:Call window proc 7B1B1ED0 (hwnd=00010060,msg=WM_USER,wp=00000124,lp=00000001)
241819.854:0160:Call user32.PostMessageW(00010060,00000402,00000000,00000000) ret=7b1b183b
241819.854:0160:Ret  user32.PostMessageW() retval=00000001 ret=7b1b183b
241819.905:0160:Ret  window proc 7B1B1ED0 (hwnd=00010060,msg=WM_USER,wp=00000124,lp=00000001) retval=00000000
241819.905:0160:Call hook proc 7B1B1DE0 (id=WH_GETMESSAGE,code=0,wp=00000001,lp=0026df2c)
241819.905:0160:Ret  hook proc 7B1B1DE0 (id=WH_GETMESSAGE,code=0,wp=00000001,lp=0026df2c) retval=00000000
241819.905:0160:Call window proc 7B1B1ED0 (hwnd=00010060,msg=WM_USER+2,wp=00000000,lp=00000000)
241819.905:0160:Ret  window proc 7B1B1ED0 (hwnd=00010060,msg=WM_USER+2,wp=00000000,lp=00000000) retval=00000000
241819.905:0160:Call hook proc 7B1B1DE0 (id=WH_GETMESSAGE,code=0,wp=00000001,lp=0026df2c)
241819.905:0160:Ret  hook proc 7B1B1DE0 (id=WH_GETMESSAGE,code=0,wp=00000001,lp=0026df2c) retval=00000000
241819.905:0160:Call window proc 7B1B1ED0 (hwnd=00010060,msg=WM_USER,wp=00000124,lp=00000001)
241819.905:0160:Call user32.PostMessageW(00010060,00000402,00000000,00000000) ret=7b1b183b
241819.905:0160:Ret  user32.PostMessageW() retval=00000001 ret=7b1b183b
241819.956:0160:Ret  window proc 7B1B1ED0 (hwnd=00010060,msg=WM_USER,wp=00000124,lp=00000001) retval=00000000
241819.957:0160:Call hook proc 7B1B1DE0 (id=WH_GETMESSAGE,code=0,wp=00000001,lp=0026df2c)
241819.957:0160:Ret  hook proc 7B1B1DE0 (id=WH_GETMESSAGE,code=0,wp=00000001,lp=0026df2c) retval=00000000
241819.957:0160:Call window proc 7B1B1ED0 (hwnd=00010060,msg=WM_USER+2,wp=00000000,lp=00000000)
241819.957:0160:Ret  window proc 7B1B1ED0 (hwnd=00010060,msg=WM_USER+2,wp=00000000,lp=00000000) retval=00000000
241819.958:0160:Call hook proc 7B1B1DE0 (id=WH_GETMESSAGE,code=0,wp=00000001,lp=0026df2c)
241819.958:0160:Ret  hook proc 7B1B1DE0 (id=WH_GETMESSAGE,code=0,wp=00000001,lp=0026df2c) retval=00000000
241819.958:0160:Call window proc 7B1B1ED0 (hwnd=00010060,msg=WM_USER,wp=00000124,lp=00000001)
241819.958:0160:Call user32.PostMessageW(00010060,00000402,00000000,00000000) ret=7b1b183b
241819.959:0160:Ret  user32.PostMessageW() retval=00000001 ret=7b1b183b
241820.011:0160:Ret  window proc 7B1B1ED0 (hwnd=00010060,msg=WM_USER,wp=00000124,lp=00000001) retval=00000000
241820.011:0160:Call hook proc 7B1B1DE0 (id=WH_GETMESSAGE,code=0,wp=00000001,lp=0026df2c)
241820.011:0160:Ret  hook proc 7B1B1DE0 (id=WH_GETMESSAGE,code=0,wp=00000001,lp=0026df2c) retval=00000000
241820.011:0160:Call window proc 7B1B1ED0 (hwnd=00010060,msg=WM_USER+2,wp=00000000,lp=00000000)
241820.011:0160:Ret  window proc 7B1B1ED0 (hwnd=00010060,msg=WM_USER+2,wp=00000000,lp=00000000) retval=00000000
241820.011:0160:Call hook proc 7B1B1DE0 (id=WH_GETMESSAGE,code=0,wp=00000001,lp=0026df2c)
241820.011:0160:Ret  hook proc 7B1B1DE0 (id=WH_GETMESSAGE,code=0,wp=00000001,lp=0026df2c) retval=00000000
241820.011:0160:Call window proc 7B1B1ED0 (hwnd=00010060,msg=WM_USER,wp=00000124,lp=00000001)
241820.011:0160:Call user32.PostMessageW(00010060,00000402,00000000,00000000) ret=7b1b183b
241820.011:0160:Ret  user32.PostMessageW() retval=00000001 ret=7b1b183b
241820.062:0160:Ret  window proc 7B1B1ED0 (hwnd=00010060,msg=WM_USER,wp=00000124,lp=00000001) retval=00000000
241820.062:0160:Call hook proc 7B1B1DE0 (id=WH_GETMESSAGE,code=0,wp=00000001,lp=0026df2c)
241820.062:0160:Ret  hook proc 7B1B1DE0 (id=WH_GETMESSAGE,code=0,wp=00000001,lp=0026df2c) retval=00000000
241820.062:0160:Call window proc 7B1B1ED0 (hwnd=00010060,msg=WM_USER+2,wp=00000000,lp=00000000)
241820.062:0160:Ret  window proc 7B1B1ED0 (hwnd=00010060,msg=WM_USER+2,wp=00000000,lp=00000000) retval=00000000
241820.062:0160:Call hook proc 7B1B1DE0 (id=WH_GETMESSAGE,code=0,wp=00000001,lp=0026df2c)
241820.062:0160:Ret  hook proc 7B1B1DE0 (id=WH_GETMESSAGE,code=0,wp=00000001,lp=0026df2c) retval=00000000
241820.062:0160:Call window proc 7B1B1ED0 (hwnd=00010060,msg=WM_USER,wp=00000124,lp=00000001)
241820.062:0160:Call user32.PostMessageW(00010060,00000402,00000000,00000000) ret=7b1b183b
241820.062:0160:Ret  user32.PostMessageW() retval=00000001 ret=7b1b183b
241820.113:0160:Ret  window proc 7B1B1ED0 (hwnd=00010060,msg=WM_USER,wp=00000124,lp=00000001) retval=00000000
241820.113:0160:Call hook proc 7B1B1DE0 (id=WH_GETMESSAGE,code=0,wp=00000001,lp=0026df2c)
241820.113:0160:Ret  hook proc 7B1B1DE0 (id=WH_GETMESSAGE,code=0,wp=00000001,lp=0026df2c) retval=00000000
241820.113:0160:Call window proc 7B1B1ED0 (hwnd=00010060,msg=WM_USER+2,wp=00000000,lp=00000000)
241820.113:0160:Ret  window proc 7B1B1ED0 (hwnd=00010060,msg=WM_USER+2,wp=00000000,lp=00000000) retval=00000000
241820.113:0160:Call hook proc 7B1B1DE0 (id=WH_GETMESSAGE,code=0,wp=00000001,lp=0026df2c)
241820.113:0160:Ret  hook proc 7B1B1DE0 (id=WH_GETMESSAGE,code=0,wp=00000001,lp=0026df2c) retval=00000000
241820.113:0160:Call window proc 7B1B1ED0 (hwnd=00010060,msg=WM_USER,wp=00000124,lp=00000001)
241820.113:0160:Call user32.PostMessageW(00010060,00000402,00000000,00000000) ret=7b1b183b
241820.113:0160:Ret  user32.PostMessageW() retval=00000001 ret=7b1b183b
241820.165:0160:Ret  window proc 7B1B1ED0 (hwnd=00010060,msg=WM_USER,wp=00000124,lp=00000001) retval=00000000
241820.165:0160:Call hook proc 7B1B1DE0 (id=WH_GETMESSAGE,code=0,wp=00000001,lp=0026df2c)
241820.165:0160:Ret  hook proc 7B1B1DE0 (id=WH_GETMESSAGE,code=0,wp=00000001,lp=0026df2c) retval=00000000
241820.165:0160:Call window proc 7B1B1ED0 (hwnd=00010060,msg=WM_USER+2,wp=00000000,lp=00000000)
241820.165:0160:Ret  window proc 7B1B1ED0 (hwnd=00010060,msg=WM_USER+2,wp=00000000,lp=00000000) retval=00000000
241820.165:0160:Call hook proc 7B1B1DE0 (id=WH_GETMESSAGE,code=0,wp=00000001,lp=0026df2c)
241820.165:0160:Ret  hook proc 7B1B1DE0 (id=WH_GETMESSAGE,code=0,wp=00000001,lp=0026df2c) retval=00000000
241820.165:0160:Call window proc 7B1B1ED0 (hwnd=00010060,msg=WM_USER,wp=00000124,lp=00000001)
241820.165:0160:Call user32.PostMessageW(00010060,00000402,00000000,00000000) ret=7b1b183b
241820.165:0160:Ret  user32.PostMessageW() retval=00000001 ret=7b1b183b
241820.216:0160:Ret  window proc 7B1B1ED0 (hwnd=00010060,msg=WM_USER,wp=00000124,lp=00000001) retval=00000000
241820.216:0160:Call hook proc 7B1B1DE0 (id=WH_GETMESSAGE,code=0,wp=00000001,lp=0026df2c)
241820.216:0160:Ret  hook proc 7B1B1DE0 (id=WH_GETMESSAGE,code=0,wp=00000001,lp=0026df2c) retval=00000000
241820.216:0160:Call window proc 7B1B1ED0 (hwnd=00010060,msg=WM_USER+2,wp=00000000,lp=00000000)
241820.216:0160:Ret  window proc 7B1B1ED0 (hwnd=00010060,msg=WM_USER+2,wp=00000000,lp=00000000) retval=00000000
241820.216:0160:Call hook proc 7B1B1DE0 (id=WH_GETMESSAGE,code=0,wp=00000001,lp=0026df2c)
241820.216:0160:Ret  hook proc 7B1B1DE0 (id=WH_GETMESSAGE,code=0,wp=00000001,lp=0026df2c) retval=00000000
241820.216:0160:Call window proc 7B1B1ED0 (hwnd=00010060,msg=WM_USER,wp=00000124,lp=00000001)
241820.216:0160:Call user32.PostMessageW(00010060,00000402,00000000,00000000) ret=7b1b183b
241820.216:0160:Ret  user32.PostMessageW() retval=00000001 ret=7b1b183b
241820.267:0160:Ret  window proc 7B1B1ED0 (hwnd=00010060,msg=WM_USER,wp=00000124,lp=00000001) retval=00000000
241820.267:0160:Call hook proc 7B1B1DE0 (id=WH_GETMESSAGE,code=0,wp=00000001,lp=0026df2c)
241820.268:0160:Ret  hook proc 7B1B1DE0 (id=WH_GETMESSAGE,code=0,wp=00000001,lp=0026df2c) retval=00000000
241820.268:0160:Call window proc 7B1B1ED0 (hwnd=00010060,msg=WM_USER+2,wp=00000000,lp=00000000)
241820.269:0160:Ret  window proc 7B1B1ED0 (hwnd=00010060,msg=WM_USER+2,wp=00000000,lp=00000000) retval=00000000
241820.269:0160:Call hook proc 7B1B1DE0 (id=WH_GETMESSAGE,code=0,wp=00000001,lp=0026df2c)
241820.270:0160:Ret  hook proc 7B1B1DE0 (id=WH_GETMESSAGE,code=0,wp=00000001,lp=0026df2c) retval=00000000
241820.270:0160:Call window proc 7B1B1ED0 (hwnd=00010060,msg=WM_USER,wp=00000124,lp=00000001)
241820.270:0160:Call user32.PostMessageW(00010060,00000402,00000000,00000000) ret=7b1b183b
241820.270:0160:Ret  user32.PostMessageW() retval=00000001 ret=7b1b183b
241820.323:0160:Ret  window proc 7B1B1ED0 (hwnd=00010060,msg=WM_USER,wp=00000124,lp=00000001) retval=00000000
241820.323:0160:Call hook proc 7B1B1DE0 (id=WH_GETMESSAGE,code=0,wp=00000001,lp=0026df2c)
241820.323:0160:Ret  hook proc 7B1B1DE0 (id=WH_GETMESSAGE,code=0,wp=00000001,lp=0026df2c) retval=00000000
241820.323:0160:Call window proc 7B1B1ED0 (hwnd=00010060,msg=WM_USER+2,wp=00000000,lp=00000000)
241820.323:0160:Ret  window proc 7B1B1ED0 (hwnd=00010060,msg=WM_USER+2,wp=00000000,lp=00000000) retval=00000000
241820.323:0160:Call hook proc 7B1B1DE0 (id=WH_GETMESSAGE,code=0,wp=00000001,lp=0026df2c)
241820.323:0160:Ret  hook proc 7B1B1DE0 (id=WH_GETMESSAGE,code=0,wp=00000001,lp=0026df2c) retval=00000000
241820.323:0160:Call window proc 7B1B1ED0 (hwnd=00010060,msg=WM_USER,wp=00000124,lp=00000001)
241820.323:0160:Call user32.PostMessageW(00010060,00000402,00000000,00000000) ret=7b1b183b
241820.323:0160:Ret  user32.PostMessageW() retval=00000001 ret=7b1b183b
241820.377:0160:Ret  window proc 7B1B1ED0 (hwnd=00010060,msg=WM_USER,wp=00000124,lp=00000001) retval=00000000
241820.377:0160:Call hook proc 7B1B1DE0 (id=WH_GETMESSAGE,code=0,wp=00000001,lp=0026df2c)
241820.378:0160:Ret  hook proc 7B1B1DE0 (id=WH_GETMESSAGE,code=0,wp=00000001,lp=0026df2c) retval=00000000
241820.378:0160:Call window proc 7B1B1ED0 (hwnd=00010060,msg=WM_USER+2,wp=00000000,lp=00000000)
241820.378:0160:Ret  window proc 7B1B1ED0 (hwnd=00010060,msg=WM_USER+2,wp=00000000,lp=00000000) retval=00000000
241820.378:0160:Call hook proc 7B1B1DE0 (id=WH_GETMESSAGE,code=0,wp=00000001,lp=0026df2c)
241820.378:0160:Ret  hook proc 7B1B1DE0 (id=WH_GETMESSAGE,code=0,wp=00000001,lp=0026df2c) retval=00000000
241820.378:0160:Call window proc 7B1B1ED0 (hwnd=00010060,msg=WM_USER,wp=00000124,lp=00000001)
241820.378:0160:Call user32.PostMessageW(00010060,00000402,00000000,00000000) ret=7b1b183b
241820.378:0160:Ret  user32.PostMessageW() retval=00000001 ret=7b1b183b
241820.430:0160:Ret  window proc 7B1B1ED0 (hwnd=00010060,msg=WM_USER,wp=00000124,lp=00000001) retval=00000000
241820.430:0160:Call hook proc 7B1B1DE0 (id=WH_GETMESSAGE,code=0,wp=00000001,lp=0026df2c)
241820.430:0160:Ret  hook proc 7B1B1DE0 (id=WH_GETMESSAGE,code=0,wp=00000001,lp=0026df2c) retval=00000000
241820.430:0160:Call window proc 7B1B1ED0 (hwnd=00010060,msg=WM_USER+2,wp=00000000,lp=00000000)
241820.430:0160:Ret  window proc 7B1B1ED0 (hwnd=00010060,msg=WM_USER+2,wp=00000000,lp=00000000) retval=00000000
241820.430:0160:Call hook proc 7B1B1DE0 (id=WH_GETMESSAGE,code=0,wp=00000001,lp=0026df2c)
241820.430:0160:Ret  hook proc 7B1B1DE0 (id=WH_GETMESSAGE,code=0,wp=00000001,lp=0026df2c) retval=00000000
241820.430:0160:Call window proc 7B1B1ED0 (hwnd=00010060,msg=WM_USER,wp=00000124,lp=00000001)
241820.430:0160:Call user32.PostMessageW(00010060,00000402,00000000,00000000) ret=7b1b183b
241820.430:0160:Ret  user32.PostMessageW() retval=00000001 ret=7b1b183b
241820.482:0160:Ret  window proc 7B1B1ED0 (hwnd=00010060,msg=WM_USER,wp=00000124,lp=00000001) retval=00000000
241820.483:0160:Call hook proc 7B1B1DE0 (id=WH_GETMESSAGE,code=0,wp=00000001,lp=0026df2c)
241820.483:0160:Ret  hook proc 7B1B1DE0 (id=WH_GETMESSAGE,code=0,wp=00000001,lp=0026df2c) retval=00000000
241820.483:0160:Call window proc 7B1B1ED0 (hwnd=00010060,msg=WM_USER+2,wp=00000000,lp=00000000)
241820.483:0160:Ret  window proc 7B1B1ED0 (hwnd=00010060,msg=WM_USER+2,wp=00000000,lp=00000000) retval=00000000
241820.483:0160:Call hook proc 7B1B1DE0 (id=WH_GETMESSAGE,code=0,wp=00000001,lp=0026df2c)
241820.484:0160:Ret  hook proc 7B1B1DE0 (id=WH_GETMESSAGE,code=0,wp=00000001,lp=0026df2c) retval=00000000
241820.484:0160:Call window proc 7B1B1ED0 (hwnd=00010060,msg=WM_USER,wp=00000124,lp=00000001)
241820.484:0160:Call user32.PostMessageW(00010060,00000402,00000000,00000000) ret=7b1b183b
241820.484:0160:Ret  user32.PostMessageW() retval=00000001 ret=7b1b183b
241820.536:0160:Ret  window proc 7B1B1ED0 (hwnd=00010060,msg=WM_USER,wp=00000124,lp=00000001) retval=00000000
241820.536:0160:Call hook proc 7B1B1DE0 (id=WH_GETMESSAGE,code=0,wp=00000001,lp=0026df2c)
241820.536:0160:Ret  hook proc 7B1B1DE0 (id=WH_GETMESSAGE,code=0,wp=00000001,lp=0026df2c) retval=00000000
241820.536:0160:Call window proc 7B1B1ED0 (hwnd=00010060,msg=WM_USER+2,wp=00000000,lp=00000000)
241820.536:0160:Ret  window proc 7B1B1ED0 (hwnd=00010060,msg=WM_USER+2,wp=00000000,lp=00000000) retval=00000000
241820.536:0160:Call hook proc 7B1B1DE0 (id=WH_GETMESSAGE,code=0,wp=00000001,lp=0026df2c)
241820.536:0160:Ret  hook proc 7B1B1DE0 (id=WH_GETMESSAGE,code=0,wp=00000001,lp=0026df2c) retval=00000000
241820.536:0160:Call window proc 7B1B1ED0 (hwnd=00010060,msg=WM_USER,wp=00000124,lp=00000001)
241820.536:0160:Call user32.PostMessageW(00010060,00000402,00000000,00000000) ret=7b1b183b
241820.536:0160:Ret  user32.PostMessageW() retval=00000001 ret=7b1b183b
241820.587:0160:Ret  window proc 7B1B1ED0 (hwnd=00010060,msg=WM_USER,wp=00000124,lp=00000001) retval=00000000
241820.587:0160:Call hook proc 7B1B1DE0 (id=WH_GETMESSAGE,code=0,wp=00000001,lp=0026df2c)
241820.587:0160:Ret  hook proc 7B1B1DE0 (id=WH_GETMESSAGE,code=0,wp=00000001,lp=0026df2c) retval=00000000
241820.587:0160:Call window proc 7B1B1ED0 (hwnd=00010060,msg=WM_USER+2,wp=00000000,lp=00000000)
241820.587:0160:Ret  window proc 7B1B1ED0 (hwnd=00010060,msg=WM_USER+2,wp=00000000,lp=00000000) retval=00000000
241820.587:0160:Call hook proc 7B1B1DE0 (id=WH_GETMESSAGE,code=0,wp=00000001,lp=0026df2c)
241820.587:0160:Ret  hook proc 7B1B1DE0 (id=WH_GETMESSAGE,code=0,wp=00000001,lp=0026df2c) retval=00000000
241820.587:0160:Call window proc 7B1B1ED0 (hwnd=00010060,msg=WM_USER,wp=00000124,lp=00000001)
241820.587:0160:Call user32.PostMessageW(00010060,00000402,00000000,00000000) ret=7b1b183b
241820.587:0160:Ret  user32.PostMessageW() retval=00000001 ret=7b1b183b
241820.641:0160:Ret  window proc 7B1B1ED0 (hwnd=00010060,msg=WM_USER,wp=00000124,lp=00000001) retval=00000000
241820.641:0160:Call hook proc 7B1B1DE0 (id=WH_GETMESSAGE,code=0,wp=00000001,lp=0026df2c)
241820.641:0160:Ret  hook proc 7B1B1DE0 (id=WH_GETMESSAGE,code=0,wp=00000001,lp=0026df2c) retval=00000000
241820.642:0160:Call window proc 7B1B1ED0 (hwnd=00010060,msg=WM_USER+2,wp=00000000,lp=00000000)
241820.642:0160:Ret  window proc 7B1B1ED0 (hwnd=00010060,msg=WM_USER+2,wp=00000000,lp=00000000) retval=00000000
241820.642:0160:Call hook proc 7B1B1DE0 (id=WH_GETMESSAGE,code=0,wp=00000001,lp=0026df2c)
241820.642:0160:Ret  hook proc 7B1B1DE0 (id=WH_GETMESSAGE,code=0,wp=00000001,lp=0026df2c) retval=00000000
241820.642:0160:Call window proc 7B1B1ED0 (hwnd=00010060,msg=WM_USER,wp=00000124,lp=00000001)
241820.642:0160:Call user32.PostMessageW(00010060,00000402,00000000,00000000) ret=7b1b183b
241820.642:0160:Ret  user32.PostMessageW() retval=00000001 ret=7b1b183b
241820.693:0160:Ret  window proc 7B1B1ED0 (hwnd=00010060,msg=WM_USER,wp=00000124,lp=00000001) retval=00000000
241820.693:0160:Call hook proc 7B1B1DE0 (id=WH_GETMESSAGE,code=0,wp=00000001,lp=0026df2c)
241820.693:0160:Ret  hook proc 7B1B1DE0 (id=WH_GETMESSAGE,code=0,wp=00000001,lp=0026df2c) retval=00000000
241820.693:0160:Call window proc 7B1B1ED0 (hwnd=00010060,msg=WM_USER+2,wp=00000000,lp=00000000)
241820.693:0160:Ret  window proc 7B1B1ED0 (hwnd=00010060,msg=WM_USER+2,wp=00000000,lp=00000000) retval=00000000
241820.693:0160:Call hook proc 7B1B1DE0 (id=WH_GETMESSAGE,code=0,wp=00000001,lp=0026df2c)
241820.693:0160:Ret  hook proc 7B1B1DE0 (id=WH_GETMESSAGE,code=0,wp=00000001,lp=0026df2c) retval=00000000
241820.693:0160:Call window proc 7B1B1ED0 (hwnd=00010060,msg=WM_USER,wp=00000124,lp=00000001)
241820.693:0160:Call user32.PostMessageW(00010060,00000402,00000000,00000000) ret=7b1b183b
241820.693:0160:Ret  user32.PostMessageW() retval=00000001 ret=7b1b183b
241820.743:0160:Ret  window proc 7B1B1ED0 (hwnd=00010060,msg=WM_USER,wp=00000124,lp=00000001) retval=00000000
241820.744:0160:Call hook proc 7B1B1DE0 (id=WH_GETMESSAGE,code=0,wp=00000001,lp=0026df2c)
241820.744:0160:Ret  hook proc 7B1B1DE0 (id=WH_GETMESSAGE,code=0,wp=00000001,lp=0026df2c) retval=00000000
241820.744:0160:Call window proc 7B1B1ED0 (hwnd=00010060,msg=WM_USER+2,wp=00000000,lp=00000000)
241820.744:0160:Ret  window proc 7B1B1ED0 (hwnd=00010060,msg=WM_USER+2,wp=00000000,lp=00000000) retval=00000000
241820.744:0160:Call hook proc 7B1B1DE0 (id=WH_GETMESSAGE,code=0,wp=00000001,lp=0026df2c)
241820.744:0160:Ret  hook proc 7B1B1DE0 (id=WH_GETMESSAGE,code=0,wp=00000001,lp=0026df2c) retval=00000000
241820.744:0160:Call window proc 7B1B1ED0 (hwnd=00010060,msg=WM_USER,wp=00000124,lp=00000001)
241820.744:0160:Call user32.PostMessageW(00010060,00000402,00000000,00000000) ret=7b1b183b
241820.744:0160:Ret  user32.PostMessageW() retval=00000001 ret=7b1b183b
241820.804:0160:Ret  window proc 7B1B1ED0 (hwnd=00010060,msg=WM_USER,wp=00000124,lp=00000001) retval=00000000
241820.805:0160:Call hook proc 7B1B1DE0 (id=WH_GETMESSAGE,code=0,wp=00000001,lp=0026df2c)
241820.805:0160:Ret  hook proc 7B1B1DE0 (id=WH_GETMESSAGE,code=0,wp=00000001,lp=0026df2c) retval=00000000
241820.805:0160:Call window proc 7B1B1ED0 (hwnd=00010060,msg=WM_USER+2,wp=00000000,lp=00000000)
241820.805:0160:Ret  window proc 7B1B1ED0 (hwnd=00010060,msg=WM_USER+2,wp=00000000,lp=00000000) retval=00000000
241820.805:0160:Call hook proc 7B1B1DE0 (id=WH_GETMESSAGE,code=0,wp=00000001,lp=0026df2c)
241820.805:0160:Ret  hook proc 7B1B1DE0 (id=WH_GETMESSAGE,code=0,wp=00000001,lp=0026df2c) retval=00000000
241820.805:0160:Call window proc 7B1B1ED0 (hwnd=00010060,msg=WM_USER,wp=00000124,lp=00000001)
241820.805:0160:Call user32.PostMessageW(00010060,00000402,00000000,00000000) ret=7b1b183b
241820.805:0160:Ret  user32.PostMessageW() retval=00000001 ret=7b1b183b
241820.865:0160:Ret  window proc 7B1B1ED0 (hwnd=00010060,msg=WM_USER,wp=00000124,lp=00000001) retval=00000000
241820.865:0160:Call hook proc 7B1B1DE0 (id=WH_GETMESSAGE,code=0,wp=00000001,lp=0026df2c)
241820.865:0160:Ret  hook proc 7B1B1DE0 (id=WH_GETMESSAGE,code=0,wp=00000001,lp=0026df2c) retval=00000000
241820.865:0160:Call window proc 7B1B1ED0 (hwnd=00010060,msg=WM_USER+2,wp=00000000,lp=00000000)
241820.865:0160:Ret  window proc 7B1B1ED0 (hwnd=00010060,msg=WM_USER+2,wp=00000000,lp=00000000) retval=00000000
241820.865:0160:Call hook proc 7B1B1DE0 (id=WH_GETMESSAGE,code=0,wp=00000001,lp=0026df2c)
241820.866:0160:Ret  hook proc 7B1B1DE0 (id=WH_GETMESSAGE,code=0,wp=00000001,lp=0026df2c) retval=00000000
241820.866:0160:Call window proc 7B1B1ED0 (hwnd=00010060,msg=WM_USER,wp=00000124,lp=00000001)
241820.866:0160:Call user32.PostMessageW(00010060,00000402,00000000,00000000) ret=7b1b183b
241820.866:0160:Ret  user32.PostMessageW() retval=00000001 ret=7b1b183b
241820.926:0160:Ret  window proc 7B1B1ED0 (hwnd=00010060,msg=WM_USER,wp=00000124,lp=00000001) retval=00000000
241820.926:0160:Call hook proc 7B1B1DE0 (id=WH_GETMESSAGE,code=0,wp=00000001,lp=0026df2c)
241820.926:0160:Ret  hook proc 7B1B1DE0 (id=WH_GETMESSAGE,code=0,wp=00000001,lp=0026df2c) retval=00000000
241820.926:0160:Call window proc 7B1B1ED0 (hwnd=00010060,msg=WM_USER+2,wp=00000000,lp=00000000)
241820.926:0160:Ret  window proc 7B1B1ED0 (hwnd=00010060,msg=WM_USER+2,wp=00000000,lp=00000000) retval=00000000
241820.926:0160:Call hook proc 7B1B1DE0 (id=WH_GETMESSAGE,code=0,wp=00000001,lp=0026df2c)
241820.926:0160:Ret  hook proc 7B1B1DE0 (id=WH_GETMESSAGE,code=0,wp=00000001,lp=0026df2c) retval=00000000
241820.926:0160:Call window proc 7B1B1ED0 (hwnd=00010060,msg=WM_USER,wp=00000124,lp=00000001)
241820.926:0160:Call user32.PostMessageW(00010060,00000402,00000000,00000000) ret=7b1b183b
241820.926:0160:Ret  user32.PostMessageW() retval=00000001 ret=7b1b183b
241820.977:0160:Ret  window proc 7B1B1ED0 (hwnd=00010060,msg=WM_USER,wp=00000124,lp=00000001) retval=00000000
241820.977:0160:Call hook proc 7B1B1DE0 (id=WH_GETMESSAGE,code=0,wp=00000001,lp=0026df2c)
241820.977:0160:Ret  hook proc 7B1B1DE0 (id=WH_GETMESSAGE,code=0,wp=00000001,lp=0026df2c) retval=00000000
241820.977:0160:Call window proc 7B1B1ED0 (hwnd=00010060,msg=WM_USER+2,wp=00000000,lp=00000000)
241820.977:0160:Ret  window proc 7B1B1ED0 (hwnd=00010060,msg=WM_USER+2,wp=00000000,lp=00000000) retval=00000000
241820.977:0160:Call hook proc 7B1B1DE0 (id=WH_GETMESSAGE,code=0,wp=00000001,lp=0026df2c)
241820.977:0160:Ret  hook proc 7B1B1DE0 (id=WH_GETMESSAGE,code=0,wp=00000001,lp=0026df2c) retval=00000000
241820.977:0160:Call window proc 7B1B1ED0 (hwnd=00010060,msg=WM_USER,wp=00000124,lp=00000001)
241820.977:0160:Call user32.PostMessageW(00010060,00000402,00000000,00000000) ret=7b1b183b
241820.977:0160:Ret  user32.PostMessageW() retval=00000001 ret=7b1b183b
241821.028:0160:Ret  window proc 7B1B1ED0 (hwnd=00010060,msg=WM_USER,wp=00000124,lp=00000001) retval=00000000
241821.028:0160:Call hook proc 7B1B1DE0 (id=WH_GETMESSAGE,code=0,wp=00000001,lp=0026df2c)
241821.028:0160:Ret  hook proc 7B1B1DE0 (id=WH_GETMESSAGE,code=0,wp=00000001,lp=0026df2c) retval=00000000
241821.028:0160:Call window proc 7B1B1ED0 (hwnd=00010060,msg=WM_USER+2,wp=00000000,lp=00000000)
241821.028:0160:Ret  window proc 7B1B1ED0 (hwnd=00010060,msg=WM_USER+2,wp=00000000,lp=00000000) retval=00000000
241821.028:0160:Call hook proc 7B1B1DE0 (id=WH_GETMESSAGE,code=0,wp=00000001,lp=0026df2c)
241821.028:0160:Ret  hook proc 7B1B1DE0 (id=WH_GETMESSAGE,code=0,wp=00000001,lp=0026df2c) retval=00000000
241821.028:0160:Call window proc 7B1B1ED0 (hwnd=00010060,msg=WM_USER,wp=00000124,lp=00000001)
241821.028:0160:Call user32.PostMessageW(00010060,00000402,00000000,00000000) ret=7b1b183b
241821.028:0160:Ret  user32.PostMessageW() retval=00000001 ret=7b1b183b
241821.079:0160:Ret  window proc 7B1B1ED0 (hwnd=00010060,msg=WM_USER,wp=00000124,lp=00000001) retval=00000000
241821.079:0160:Call hook proc 7B1B1DE0 (id=WH_GETMESSAGE,code=0,wp=00000001,lp=0026df2c)
241821.079:0160:Ret  hook proc 7B1B1DE0 (id=WH_GETMESSAGE,code=0,wp=00000001,lp=0026df2c) retval=00000000
241821.079:0160:Call window proc 7B1B1ED0 (hwnd=00010060,msg=WM_USER+2,wp=00000000,lp=00000000)
241821.079:0160:Ret  window proc 7B1B1ED0 (hwnd=00010060,msg=WM_USER+2,wp=00000000,lp=00000000) retval=00000000
241821.079:0160:Call hook proc 7B1B1DE0 (id=WH_GETMESSAGE,code=0,wp=00000001,lp=0026df2c)
241821.079:0160:Ret  hook proc 7B1B1DE0 (id=WH_GETMESSAGE,code=0,wp=00000001,lp=0026df2c) retval=00000000
241821.079:0160:Call window proc 7B1B1ED0 (hwnd=00010060,msg=WM_USER,wp=00000124,lp=00000001)
241821.079:0160:Call user32.PostMessageW(00010060,00000402,00000000,00000000) ret=7b1b183b
241821.079:0160:Ret  user32.PostMessageW() retval=00000001 ret=7b1b183b
241821.130:0160:Ret  window proc 7B1B1ED0 (hwnd=00010060,msg=WM_USER,wp=00000124,lp=00000001) retval=00000000
241821.130:0160:Call hook proc 7B1B1DE0 (id=WH_GETMESSAGE,code=0,wp=00000001,lp=0026df2c)
241821.130:0160:Ret  hook proc 7B1B1DE0 (id=WH_GETMESSAGE,code=0,wp=00000001,lp=0026df2c) retval=00000000
241821.130:0160:Call window proc 7B1B1ED0 (hwnd=00010060,msg=WM_USER+2,wp=00000000,lp=00000000)
241821.130:0160:Ret  window proc 7B1B1ED0 (hwnd=00010060,msg=WM_USER+2,wp=00000000,lp=00000000) retval=00000000
241821.130:0160:Call hook proc 7B1B1DE0 (id=WH_GETMESSAGE,code=0,wp=00000001,lp=0026df2c)
241821.130:0160:Ret  hook proc 7B1B1DE0 (id=WH_GETMESSAGE,code=0,wp=00000001,lp=0026df2c) retval=00000000
241821.130:0160:Call window proc 7B1B1ED0 (hwnd=00010060,msg=WM_USER,wp=00000124,lp=00000001)
241821.130:0160:Call user32.PostMessageW(00010060,00000402,00000000,00000000) ret=7b1b183b
241821.130:0160:Ret  user32.PostMessageW() retval=00000001 ret=7b1b183b
241821.191:0160:Ret  window proc 7B1B1ED0 (hwnd=00010060,msg=WM_USER,wp=00000124,lp=00000001) retval=00000000
241821.191:0160:Call hook proc 7B1B1DE0 (id=WH_GETMESSAGE,code=0,wp=00000001,lp=0026df2c)
241821.191:0160:Ret  hook proc 7B1B1DE0 (id=WH_GETMESSAGE,code=0,wp=00000001,lp=0026df2c) retval=00000000
241821.191:0160:Call window proc 7B1B1ED0 (hwnd=00010060,msg=WM_USER+2,wp=00000000,lp=00000000)
241821.191:0160:Ret  window proc 7B1B1ED0 (hwnd=00010060,msg=WM_USER+2,wp=00000000,lp=00000000) retval=00000000
241821.191:0160:Call hook proc 7B1B1DE0 (id=WH_GETMESSAGE,code=0,wp=00000001,lp=0026df2c)
241821.191:0160:Ret  hook proc 7B1B1DE0 (id=WH_GETMESSAGE,code=0,wp=00000001,lp=0026df2c) retval=00000000
241821.191:0160:Call window proc 7B1B1ED0 (hwnd=00010060,msg=WM_USER,wp=00000124,lp=00000001)
241821.191:0160:Call user32.PostMessageW(00010060,00000402,00000000,00000000) ret=7b1b183b
241821.191:0160:Ret  user32.PostMessageW() retval=00000001 ret=7b1b183b
241821.251:0160:Ret  window proc 7B1B1ED0 (hwnd=00010060,msg=WM_USER,wp=00000124,lp=00000001) retval=00000000
241821.251:0160:Call hook proc 7B1B1DE0 (id=WH_GETMESSAGE,code=0,wp=00000001,lp=0026df2c)
241821.251:0160:Ret  hook proc 7B1B1DE0 (id=WH_GETMESSAGE,code=0,wp=00000001,lp=0026df2c) retval=00000000
241821.251:0160:Call window proc 7B1B1ED0 (hwnd=00010060,msg=WM_USER+2,wp=00000000,lp=00000000)
241821.252:0160:Ret  window proc 7B1B1ED0 (hwnd=00010060,msg=WM_USER+2,wp=00000000,lp=00000000) retval=00000000
241821.252:0160:Call hook proc 7B1B1DE0 (id=WH_GETMESSAGE,code=0,wp=00000001,lp=0026df2c)
241821.252:0160:Ret  hook proc 7B1B1DE0 (id=WH_GETMESSAGE,code=0,wp=00000001,lp=0026df2c) retval=00000000
241821.252:0160:Call window proc 7B1B1ED0 (hwnd=00010060,msg=WM_USER,wp=00000124,lp=00000001)
241821.252:0160:Call user32.PostMessageW(00010060,00000402,00000000,00000000) ret=7b1b183b
241821.252:0160:Ret  user32.PostMessageW() retval=00000001 ret=7b1b183b
241821.312:0160:Ret  window proc 7B1B1ED0 (hwnd=00010060,msg=WM_USER,wp=00000124,lp=00000001) retval=00000000
241821.312:0160:Call hook proc 7B1B1DE0 (id=WH_GETMESSAGE,code=0,wp=00000001,lp=0026df2c)
241821.312:0160:Ret  hook proc 7B1B1DE0 (id=WH_GETMESSAGE,code=0,wp=00000001,lp=0026df2c) retval=00000000
241821.312:0160:Call window proc 7B1B1ED0 (hwnd=00010060,msg=WM_USER+2,wp=00000000,lp=00000000)
241821.312:0160:Ret  window proc 7B1B1ED0 (hwnd=00010060,msg=WM_USER+2,wp=00000000,lp=00000000) retval=00000000
241821.312:0160:Call hook proc 7B1B1DE0 (id=WH_GETMESSAGE,code=0,wp=00000001,lp=0026df2c)
241821.312:0160:Ret  hook proc 7B1B1DE0 (id=WH_GETMESSAGE,code=0,wp=00000001,lp=0026df2c) retval=00000000
241821.312:0160:Call window proc 7B1B1ED0 (hwnd=00010060,msg=WM_USER,wp=00000124,lp=00000001)
241821.312:0160:Call user32.PostMessageW(00010060,00000402,00000000,00000000) ret=7b1b183b
241821.312:0160:Ret  user32.PostMessageW() retval=00000001 ret=7b1b183b
241821.363:0160:Ret  window proc 7B1B1ED0 (hwnd=00010060,msg=WM_USER,wp=00000124,lp=00000001) retval=00000000
241821.363:0160:Call hook proc 7B1B1DE0 (id=WH_GETMESSAGE,code=0,wp=00000001,lp=0026df2c)
241821.363:0160:Ret  hook proc 7B1B1DE0 (id=WH_GETMESSAGE,code=0,wp=00000001,lp=0026df2c) retval=00000000
241821.363:0160:Call window proc 7B1B1ED0 (hwnd=00010060,msg=WM_USER+2,wp=00000000,lp=00000000)
241821.363:0160:Ret  window proc 7B1B1ED0 (hwnd=00010060,msg=WM_USER+2,wp=00000000,lp=00000000) retval=00000000
241821.363:0160:Call hook proc 7B1B1DE0 (id=WH_GETMESSAGE,code=0,wp=00000001,lp=0026df2c)
241821.363:0160:Ret  hook proc 7B1B1DE0 (id=WH_GETMESSAGE,code=0,wp=00000001,lp=0026df2c) retval=00000000
241821.363:0160:Call window proc 7B1B1ED0 (hwnd=00010060,msg=WM_USER,wp=00000124,lp=00000001)
241821.363:0160:Call user32.PostMessageW(00010060,00000402,00000000,00000000) ret=7b1b183b
241821.363:0160:Ret  user32.PostMessageW() retval=00000001 ret=7b1b183b
241821.414:0160:Ret  window proc 7B1B1ED0 (hwnd=00010060,msg=WM_USER,wp=00000124,lp=00000001) retval=00000000
241821.414:0160:Call hook proc 7B1B1DE0 (id=WH_GETMESSAGE,code=0,wp=00000001,lp=0026df2c)
241821.414:0160:Ret  hook proc 7B1B1DE0 (id=WH_GETMESSAGE,code=0,wp=00000001,lp=0026df2c) retval=00000000
241821.414:0160:Call window proc 7B1B1ED0 (hwnd=00010060,msg=WM_USER+2,wp=00000000,lp=00000000)
241821.414:0160:Ret  window proc 7B1B1ED0 (hwnd=00010060,msg=WM_USER+2,wp=00000000,lp=00000000) retval=00000000
241821.414:0160:Call hook proc 7B1B1DE0 (id=WH_GETMESSAGE,code=0,wp=00000001,lp=0026df2c)
241821.414:0160:Ret  hook proc 7B1B1DE0 (id=WH_GETMESSAGE,code=0,wp=00000001,lp=0026df2c) retval=00000000
241821.414:0160:Call window proc 7B1B1ED0 (hwnd=00010060,msg=WM_USER,wp=00000124,lp=00000001)
241821.414:0160:Call user32.PostMessageW(00010060,00000402,00000000,00000000) ret=7b1b183b
241821.414:0160:Ret  user32.PostMessageW() retval=00000001 ret=7b1b183b
241821.465:0160:Ret  window proc 7B1B1ED0 (hwnd=00010060,msg=WM_USER,wp=00000124,lp=00000001) retval=00000000
241821.465:0160:Call hook proc 7B1B1DE0 (id=WH_GETMESSAGE,code=0,wp=00000001,lp=0026df2c)
241821.465:0160:Ret  hook proc 7B1B1DE0 (id=WH_GETMESSAGE,code=0,wp=00000001,lp=0026df2c) retval=00000000
241821.465:0160:Call window proc 7B1B1ED0 (hwnd=00010060,msg=WM_USER+2,wp=00000000,lp=00000000)
241821.465:0160:Ret  window proc 7B1B1ED0 (hwnd=00010060,msg=WM_USER+2,wp=00000000,lp=00000000) retval=00000000
241821.465:0160:Call hook proc 7B1B1DE0 (id=WH_GETMESSAGE,code=0,wp=00000001,lp=0026df2c)
241821.465:0160:Ret  hook proc 7B1B1DE0 (id=WH_GETMESSAGE,code=0,wp=00000001,lp=0026df2c) retval=00000000
241821.465:0160:Call window proc 7B1B1ED0 (hwnd=00010060,msg=WM_USER,wp=00000124,lp=00000001)
241821.465:0160:Call user32.PostMessageW(00010060,00000402,00000000,00000000) ret=7b1b183b
241821.465:0160:Ret  user32.PostMessageW() retval=00000001 ret=7b1b183b
241821.516:0160:Ret  window proc 7B1B1ED0 (hwnd=00010060,msg=WM_USER,wp=00000124,lp=00000001) retval=00000000
241821.516:0160:Call hook proc 7B1B1DE0 (id=WH_GETMESSAGE,code=0,wp=00000001,lp=0026df2c)
241821.516:0160:Ret  hook proc 7B1B1DE0 (id=WH_GETMESSAGE,code=0,wp=00000001,lp=0026df2c) retval=00000000
241821.516:0160:Call window proc 7B1B1ED0 (hwnd=00010060,msg=WM_USER+2,wp=00000000,lp=00000000)
241821.516:0160:Ret  window proc 7B1B1ED0 (hwnd=00010060,msg=WM_USER+2,wp=00000000,lp=00000000) retval=00000000
241821.516:0160:Call hook proc 7B1B1DE0 (id=WH_GETMESSAGE,code=0,wp=00000001,lp=0026df2c)
241821.516:0160:Ret  hook proc 7B1B1DE0 (id=WH_GETMESSAGE,code=0,wp=00000001,lp=0026df2c) retval=00000000
241821.517:0160:Call window proc 7B1B1ED0 (hwnd=00010060,msg=WM_USER,wp=00000124,lp=00000001)
241821.517:0160:Call user32.PostMessageW(00010060,00000402,00000000,00000000) ret=7b1b183b
241821.517:0160:Ret  user32.PostMessageW() retval=00000001 ret=7b1b183b
241821.569:0160:Ret  window proc 7B1B1ED0 (hwnd=00010060,msg=WM_USER,wp=00000124,lp=00000001) retval=00000000
241821.570:0160:Call hook proc 7B1B1DE0 (id=WH_GETMESSAGE,code=0,wp=00000001,lp=0026df2c)
241821.570:0160:Ret  hook proc 7B1B1DE0 (id=WH_GETMESSAGE,code=0,wp=00000001,lp=0026df2c) retval=00000000
241821.570:0160:Call window proc 7B1B1ED0 (hwnd=00010060,msg=WM_USER+2,wp=00000000,lp=00000000)
241821.570:0160:Ret  window proc 7B1B1ED0 (hwnd=00010060,msg=WM_USER+2,wp=00000000,lp=00000000) retval=00000000
241821.570:0160:Call hook proc 7B1B1DE0 (id=WH_GETMESSAGE,code=0,wp=00000001,lp=0026df2c)
241821.570:0160:Ret  hook proc 7B1B1DE0 (id=WH_GETMESSAGE,code=0,wp=00000001,lp=0026df2c) retval=00000000
241821.570:0160:Call window proc 7B1B1ED0 (hwnd=00010060,msg=WM_USER,wp=00000124,lp=00000001)
241821.570:0160:Call user32.PostMessageW(00010060,00000402,00000000,00000000) ret=7b1b183b
241821.570:0160:Ret  user32.PostMessageW() retval=00000001 ret=7b1b183b
241821.622:0160:Ret  window proc 7B1B1ED0 (hwnd=00010060,msg=WM_USER,wp=00000124,lp=00000001) retval=00000000
241821.622:0160:Call hook proc 7B1B1DE0 (id=WH_GETMESSAGE,code=0,wp=00000001,lp=0026df2c)
241821.622:0160:Ret  hook proc 7B1B1DE0 (id=WH_GETMESSAGE,code=0,wp=00000001,lp=0026df2c) retval=00000000
241821.622:0160:Call window proc 7B1B1ED0 (hwnd=00010060,msg=WM_USER+2,wp=00000000,lp=00000000)
241821.622:0160:Ret  window proc 7B1B1ED0 (hwnd=00010060,msg=WM_USER+2,wp=00000000,lp=00000000) retval=00000000
241821.622:0160:Call hook proc 7B1B1DE0 (id=WH_GETMESSAGE,code=0,wp=00000001,lp=0026df2c)
241821.622:0160:Ret  hook proc 7B1B1DE0 (id=WH_GETMESSAGE,code=0,wp=00000001,lp=0026df2c) retval=00000000
241821.622:0160:Call window proc 7B1B1ED0 (hwnd=00010060,msg=WM_USER,wp=00000124,lp=00000001)
241821.622:0160:Call user32.PostMessageW(00010060,00000402,00000000,00000000) ret=7b1b183b
241821.622:0160:Ret  user32.PostMessageW() retval=00000001 ret=7b1b183b
241821.674:0160:Ret  window proc 7B1B1ED0 (hwnd=00010060,msg=WM_USER,wp=00000124,lp=00000001) retval=00000000
241821.674:0160:Call hook proc 7B1B1DE0 (id=WH_GETMESSAGE,code=0,wp=00000001,lp=0026df2c)
241821.674:0160:Ret  hook proc 7B1B1DE0 (id=WH_GETMESSAGE,code=0,wp=00000001,lp=0026df2c) retval=00000000
241821.674:0160:Call window proc 7B1B1ED0 (hwnd=00010060,msg=WM_USER+2,wp=00000000,lp=00000000)
241821.674:0160:Ret  window proc 7B1B1ED0 (hwnd=00010060,msg=WM_USER+2,wp=00000000,lp=00000000) retval=00000000
241821.674:0160:Call hook proc 7B1B1DE0 (id=WH_GETMESSAGE,code=0,wp=00000001,lp=0026df2c)
241821.674:0160:Ret  hook proc 7B1B1DE0 (id=WH_GETMESSAGE,code=0,wp=00000001,lp=0026df2c) retval=00000000
241821.674:0160:Call window proc 7B1B1ED0 (hwnd=00010060,msg=WM_USER,wp=00000124,lp=00000001)
241821.674:0160:Call user32.PostMessageW(00010060,00000402,00000000,00000000) ret=7b1b183b
241821.674:0160:Ret  user32.PostMessageW() retval=00000001 ret=7b1b183b
241821.727:0160:Ret  window proc 7B1B1ED0 (hwnd=00010060,msg=WM_USER,wp=00000124,lp=00000001) retval=00000000
241821.728:0160:Call hook proc 7B1B1DE0 (id=WH_GETMESSAGE,code=0,wp=00000001,lp=0026df2c)
241821.728:0160:Ret  hook proc 7B1B1DE0 (id=WH_GETMESSAGE,code=0,wp=00000001,lp=0026df2c) retval=00000000
241821.728:0160:Call window proc 7B1B1ED0 (hwnd=00010060,msg=WM_USER+2,wp=00000000,lp=00000000)
241821.728:0160:Ret  window proc 7B1B1ED0 (hwnd=00010060,msg=WM_USER+2,wp=00000000,lp=00000000) retval=00000000
241821.728:0160:Call hook proc 7B1B1DE0 (id=WH_GETMESSAGE,code=0,wp=00000001,lp=0026df2c)
241821.728:0160:Ret  hook proc 7B1B1DE0 (id=WH_GETMESSAGE,code=0,wp=00000001,lp=0026df2c) retval=00000000
241821.728:0160:Call window proc 7B1B1ED0 (hwnd=00010060,msg=WM_USER,wp=00000124,lp=00000001)
241821.728:0160:Call user32.PostMessageW(00010060,00000402,00000000,00000000) ret=7b1b183b
241821.728:0160:Ret  user32.PostMessageW() retval=00000001 ret=7b1b183b
241821.780:0160:Ret  window proc 7B1B1ED0 (hwnd=00010060,msg=WM_USER,wp=00000124,lp=00000001) retval=00000000
241821.780:0160:Call hook proc 7B1B1DE0 (id=WH_GETMESSAGE,code=0,wp=00000001,lp=0026df2c)
241821.780:0160:Ret  hook proc 7B1B1DE0 (id=WH_GETMESSAGE,code=0,wp=00000001,lp=0026df2c) retval=00000000
241821.780:0160:Call window proc 7B1B1ED0 (hwnd=00010060,msg=WM_USER+2,wp=00000000,lp=00000000)
241821.780:0160:Ret  window proc 7B1B1ED0 (hwnd=00010060,msg=WM_USER+2,wp=00000000,lp=00000000) retval=00000000
241821.780:0160:Call hook proc 7B1B1DE0 (id=WH_GETMESSAGE,code=0,wp=00000001,lp=0026df2c)
241821.781:0160:Ret  hook proc 7B1B1DE0 (id=WH_GETMESSAGE,code=0,wp=00000001,lp=0026df2c) retval=00000000
241821.781:0160:Call window proc 7B1B1ED0 (hwnd=00010060,msg=WM_USER,wp=00000124,lp=00000001)
241821.781:0160:Call user32.PostMessageW(00010060,00000402,00000000,00000000) ret=7b1b183b
241821.781:0160:Ret  user32.PostMessageW() retval=00000001 ret=7b1b183b
241821.832:0160:Ret  window proc 7B1B1ED0 (hwnd=00010060,msg=WM_USER,wp=00000124,lp=00000001) retval=00000000
241821.833:0160:Call hook proc 7B1B1DE0 (id=WH_GETMESSAGE,code=0,wp=00000001,lp=0026df2c)
241821.833:0160:Ret  hook proc 7B1B1DE0 (id=WH_GETMESSAGE,code=0,wp=00000001,lp=0026df2c) retval=00000000
241821.834:0160:Call window proc 7B1B1ED0 (hwnd=00010060,msg=WM_USER+2,wp=00000000,lp=00000000)
241821.834:0160:Ret  window proc 7B1B1ED0 (hwnd=00010060,msg=WM_USER+2,wp=00000000,lp=00000000) retval=00000000
241821.834:0160:Call hook proc 7B1B1DE0 (id=WH_GETMESSAGE,code=0,wp=00000001,lp=0026df2c)
241821.834:0160:Ret  hook proc 7B1B1DE0 (id=WH_GETMESSAGE,code=0,wp=00000001,lp=0026df2c) retval=00000000
241821.834:0160:Call window proc 7B1B1ED0 (hwnd=00010060,msg=WM_USER,wp=00000124,lp=00000001)
241821.834:0160:Call user32.PostMessageW(00010060,00000402,00000000,00000000) ret=7b1b183b
241821.834:0160:Ret  user32.PostMessageW() retval=00000001 ret=7b1b183b
241821.885:0160:Ret  window proc 7B1B1ED0 (hwnd=00010060,msg=WM_USER,wp=00000124,lp=00000001) retval=00000000
241821.886:0160:Call hook proc 7B1B1DE0 (id=WH_GETMESSAGE,code=0,wp=00000001,lp=0026df2c)
241821.886:0160:Ret  hook proc 7B1B1DE0 (id=WH_GETMESSAGE,code=0,wp=00000001,lp=0026df2c) retval=00000000
241821.886:0160:Call window proc 7B1B1ED0 (hwnd=00010060,msg=WM_USER+2,wp=00000000,lp=00000000)
241821.886:0160:Ret  window proc 7B1B1ED0 (hwnd=00010060,msg=WM_USER+2,wp=00000000,lp=00000000) retval=00000000
241821.886:0160:Call hook proc 7B1B1DE0 (id=WH_GETMESSAGE,code=0,wp=00000001,lp=0026df2c)
241821.886:0160:Ret  hook proc 7B1B1DE0 (id=WH_GETMESSAGE,code=0,wp=00000001,lp=0026df2c) retval=00000000
241821.886:0160:Call window proc 7B1B1ED0 (hwnd=00010060,msg=WM_USER,wp=00000124,lp=00000001)
241821.886:0160:Call user32.PostMessageW(00010060,00000402,00000000,00000000) ret=7b1b183b
241821.886:0160:Ret  user32.PostMessageW() retval=00000001 ret=7b1b183b
241821.937:0160:Ret  window proc 7B1B1ED0 (hwnd=00010060,msg=WM_USER,wp=00000124,lp=00000001) retval=00000000
241821.937:0160:Call hook proc 7B1B1DE0 (id=WH_GETMESSAGE,code=0,wp=00000001,lp=0026df2c)
241821.937:0160:Ret  hook proc 7B1B1DE0 (id=WH_GETMESSAGE,code=0,wp=00000001,lp=0026df2c) retval=00000000
241821.937:0160:Call window proc 7B1B1ED0 (hwnd=00010060,msg=WM_USER+2,wp=00000000,lp=00000000)
241821.937:0160:Ret  window proc 7B1B1ED0 (hwnd=00010060,msg=WM_USER+2,wp=00000000,lp=00000000) retval=00000000
241821.937:0160:Call hook proc 7B1B1DE0 (id=WH_GETMESSAGE,code=0,wp=00000001,lp=0026df2c)
241821.937:0160:Ret  hook proc 7B1B1DE0 (id=WH_GETMESSAGE,code=0,wp=00000001,lp=0026df2c) retval=00000000
241821.937:0160:Call window proc 7B1B1ED0 (hwnd=00010060,msg=WM_USER,wp=00000124,lp=00000001)
241821.937:0160:Call user32.PostMessageW(00010060,00000402,00000000,00000000) ret=7b1b183b
241821.937:0160:Ret  user32.PostMessageW() retval=00000001 ret=7b1b183b
241821.989:0160:Ret  window proc 7B1B1ED0 (hwnd=00010060,msg=WM_USER,wp=00000124,lp=00000001) retval=00000000
241821.989:0160:Call hook proc 7B1B1DE0 (id=WH_GETMESSAGE,code=0,wp=00000001,lp=0026df2c)
241821.989:0160:Ret  hook proc 7B1B1DE0 (id=WH_GETMESSAGE,code=0,wp=00000001,lp=0026df2c) retval=00000000
241821.989:0160:Call window proc 7B1B1ED0 (hwnd=00010060,msg=WM_USER+2,wp=00000000,lp=00000000)
241821.989:0160:Ret  window proc 7B1B1ED0 (hwnd=00010060,msg=WM_USER+2,wp=00000000,lp=00000000) retval=00000000
241821.989:0160:Call hook proc 7B1B1DE0 (id=WH_GETMESSAGE,code=0,wp=00000001,lp=0026df2c)
241821.989:0160:Ret  hook proc 7B1B1DE0 (id=WH_GETMESSAGE,code=0,wp=00000001,lp=0026df2c) retval=00000000
241821.989:0160:Call window proc 7B1B1ED0 (hwnd=00010060,msg=WM_USER,wp=00000124,lp=00000001)
241821.989:0160:Call user32.PostMessageW(00010060,00000402,00000000,00000000) ret=7b1b183b
241821.989:0160:Ret  user32.PostMessageW() retval=00000001 ret=7b1b183b
241822.042:0160:Ret  window proc 7B1B1ED0 (hwnd=00010060,msg=WM_USER,wp=00000124,lp=00000001) retval=00000000
241822.042:0160:Call hook proc 7B1B1DE0 (id=WH_GETMESSAGE,code=0,wp=00000001,lp=0026df2c)
241822.042:0160:Ret  hook proc 7B1B1DE0 (id=WH_GETMESSAGE,code=0,wp=00000001,lp=0026df2c) retval=00000000
241822.043:0160:Call window proc 7B1B1ED0 (hwnd=00010060,msg=WM_USER+2,wp=00000000,lp=00000000)
241822.043:0160:Ret  window proc 7B1B1ED0 (hwnd=00010060,msg=WM_USER+2,wp=00000000,lp=00000000) retval=00000000
241822.043:0160:Call hook proc 7B1B1DE0 (id=WH_GETMESSAGE,code=0,wp=00000001,lp=0026df2c)
241822.043:0160:Ret  hook proc 7B1B1DE0 (id=WH_GETMESSAGE,code=0,wp=00000001,lp=0026df2c) retval=00000000
241822.043:0160:Call window proc 7B1B1ED0 (hwnd=00010060,msg=WM_USER,wp=00000124,lp=00000001)
241822.043:0160:Call user32.PostMessageW(00010060,00000402,00000000,00000000) ret=7b1b183b
241822.043:0160:Ret  user32.PostMessageW() retval=00000001 ret=7b1b183b
241822.095:0160:Ret  window proc 7B1B1ED0 (hwnd=00010060,msg=WM_USER,wp=00000124,lp=00000001) retval=00000000
241822.095:0160:Call hook proc 7B1B1DE0 (id=WH_GETMESSAGE,code=0,wp=00000001,lp=0026df2c)
241822.095:0160:Ret  hook proc 7B1B1DE0 (id=WH_GETMESSAGE,code=0,wp=00000001,lp=0026df2c) retval=00000000
241822.095:0160:Call window proc 7B1B1ED0 (hwnd=00010060,msg=WM_USER+2,wp=00000000,lp=00000000)
241822.096:0160:Ret  window proc 7B1B1ED0 (hwnd=00010060,msg=WM_USER+2,wp=00000000,lp=00000000) retval=00000000
241822.096:0160:Call hook proc 7B1B1DE0 (id=WH_GETMESSAGE,code=0,wp=00000001,lp=0026df2c)
241822.096:0160:Ret  hook proc 7B1B1DE0 (id=WH_GETMESSAGE,code=0,wp=00000001,lp=0026df2c) retval=00000000
241822.096:0160:Call window proc 7B1B1ED0 (hwnd=00010060,msg=WM_USER,wp=00000124,lp=00000001)
241822.096:0160:Call user32.PostMessageW(00010060,00000402,00000000,00000000) ret=7b1b183b
241822.096:0160:Ret  user32.PostMessageW() retval=00000001 ret=7b1b183b
241822.147:0160:Ret  window proc 7B1B1ED0 (hwnd=00010060,msg=WM_USER,wp=00000124,lp=00000001) retval=00000000
241822.147:0160:Call hook proc 7B1B1DE0 (id=WH_GETMESSAGE,code=0,wp=00000001,lp=0026df2c)
241822.147:0160:Ret  hook proc 7B1B1DE0 (id=WH_GETMESSAGE,code=0,wp=00000001,lp=0026df2c) retval=00000000
241822.147:0160:Call window proc 7B1B1ED0 (hwnd=00010060,msg=WM_USER+2,wp=00000000,lp=00000000)
241822.147:0160:Ret  window proc 7B1B1ED0 (hwnd=00010060,msg=WM_USER+2,wp=00000000,lp=00000000) retval=00000000
241822.147:0160:Call hook proc 7B1B1DE0 (id=WH_GETMESSAGE,code=0,wp=00000001,lp=0026df2c)
241822.147:0160:Ret  hook proc 7B1B1DE0 (id=WH_GETMESSAGE,code=0,wp=00000001,lp=0026df2c) retval=00000000
241822.147:0160:Call window proc 7B1B1ED0 (hwnd=00010060,msg=WM_USER,wp=00000124,lp=00000001)
241822.147:0160:Call user32.PostMessageW(00010060,00000402,00000000,00000000) ret=7b1b183b
241822.147:0160:Ret  user32.PostMessageW() retval=00000001 ret=7b1b183b
241822.201:0160:Ret  window proc 7B1B1ED0 (hwnd=00010060,msg=WM_USER,wp=00000124,lp=00000001) retval=00000000
241822.201:0160:Call hook proc 7B1B1DE0 (id=WH_GETMESSAGE,code=0,wp=00000001,lp=0026df2c)
241822.201:0160:Ret  hook proc 7B1B1DE0 (id=WH_GETMESSAGE,code=0,wp=00000001,lp=0026df2c) retval=00000000
241822.201:0160:Call window proc 7B1B1ED0 (hwnd=00010060,msg=WM_USER+2,wp=00000000,lp=00000000)
241822.201:0160:Ret  window proc 7B1B1ED0 (hwnd=00010060,msg=WM_USER+2,wp=00000000,lp=00000000) retval=00000000
241822.201:0160:Call hook proc 7B1B1DE0 (id=WH_GETMESSAGE,code=0,wp=00000001,lp=0026df2c)
241822.201:0160:Ret  hook proc 7B1B1DE0 (id=WH_GETMESSAGE,code=0,wp=00000001,lp=0026df2c) retval=00000000
241822.201:0160:Call window proc 7B1B1ED0 (hwnd=00010060,msg=WM_USER,wp=00000124,lp=00000001)
241822.201:0160:Call user32.PostMessageW(00010060,00000402,00000000,00000000) ret=7b1b183b
241822.201:0160:Ret  user32.PostMessageW() retval=00000001 ret=7b1b183b
241822.254:0160:Ret  window proc 7B1B1ED0 (hwnd=00010060,msg=WM_USER,wp=00000124,lp=00000001) retval=00000000
241822.254:0160:Call hook proc 7B1B1DE0 (id=WH_GETMESSAGE,code=0,wp=00000001,lp=0026df2c)
241822.254:0160:Ret  hook proc 7B1B1DE0 (id=WH_GETMESSAGE,code=0,wp=00000001,lp=0026df2c) retval=00000000
241822.254:0160:Call window proc 7B1B1ED0 (hwnd=00010060,msg=WM_USER+2,wp=00000000,lp=00000000)
241822.254:0160:Ret  window proc 7B1B1ED0 (hwnd=00010060,msg=WM_USER+2,wp=00000000,lp=00000000) retval=00000000
241822.254:0160:Call hook proc 7B1B1DE0 (id=WH_GETMESSAGE,code=0,wp=00000001,lp=0026df2c)
241822.254:0160:Ret  hook proc 7B1B1DE0 (id=WH_GETMESSAGE,code=0,wp=00000001,lp=0026df2c) retval=00000000
241822.254:0160:Call window proc 7B1B1ED0 (hwnd=00010060,msg=WM_USER,wp=00000124,lp=00000001)
241822.254:0160:Call user32.PostMessageW(00010060,00000402,00000000,00000000) ret=7b1b183b
241822.254:0160:Ret  user32.PostMessageW() retval=00000001 ret=7b1b183b
241822.306:0160:Ret  window proc 7B1B1ED0 (hwnd=00010060,msg=WM_USER,wp=00000124,lp=00000001) retval=00000000
241822.306:0160:Call hook proc 7B1B1DE0 (id=WH_GETMESSAGE,code=0,wp=00000001,lp=0026df2c)
241822.306:0160:Ret  hook proc 7B1B1DE0 (id=WH_GETMESSAGE,code=0,wp=00000001,lp=0026df2c) retval=00000000
241822.307:0160:Call window proc 7B1B1ED0 (hwnd=00010060,msg=WM_USER+2,wp=00000000,lp=00000000)
241822.307:0160:Ret  window proc 7B1B1ED0 (hwnd=00010060,msg=WM_USER+2,wp=00000000,lp=00000000) retval=00000000
241822.307:0160:Call hook proc 7B1B1DE0 (id=WH_GETMESSAGE,code=0,wp=00000001,lp=0026df2c)
241822.308:0160:Ret  hook proc 7B1B1DE0 (id=WH_GETMESSAGE,code=0,wp=00000001,lp=0026df2c) retval=00000000
241822.308:0160:Call window proc 7B1B1ED0 (hwnd=00010060,msg=WM_USER,wp=00000124,lp=00000001)
241822.308:0160:Call user32.PostMessageW(00010060,00000402,00000000,00000000) ret=7b1b183b
241822.309:0160:Ret  user32.PostMessageW() retval=00000001 ret=7b1b183b
241822.362:0160:Ret  window proc 7B1B1ED0 (hwnd=00010060,msg=WM_USER,wp=00000124,lp=00000001) retval=00000000
241822.362:0160:Call hook proc 7B1B1DE0 (id=WH_GETMESSAGE,code=0,wp=00000001,lp=0026df2c)
241822.362:0160:Ret  hook proc 7B1B1DE0 (id=WH_GETMESSAGE,code=0,wp=00000001,lp=0026df2c) retval=00000000
241822.362:0160:Call window proc 7B1B1ED0 (hwnd=00010060,msg=WM_USER+2,wp=00000000,lp=00000000)
241822.363:0160:Ret  window proc 7B1B1ED0 (hwnd=00010060,msg=WM_USER+2,wp=00000000,lp=00000000) retval=00000000
241822.363:0160:Call hook proc 7B1B1DE0 (id=WH_GETMESSAGE,code=0,wp=00000001,lp=0026df2c)
241822.364:0160:Ret  hook proc 7B1B1DE0 (id=WH_GETMESSAGE,code=0,wp=00000001,lp=0026df2c) retval=00000000
241822.364:0160:Call window proc 7B1B1ED0 (hwnd=00010060,msg=WM_USER,wp=00000124,lp=00000001)
241822.364:0160:Call user32.PostMessageW(00010060,00000402,00000000,00000000) ret=7b1b183b
241822.364:0160:Ret  user32.PostMessageW() retval=00000001 ret=7b1b183b
241822.417:0160:Ret  window proc 7B1B1ED0 (hwnd=00010060,msg=WM_USER,wp=00000124,lp=00000001) retval=00000000
241822.417:0160:Call hook proc 7B1B1DE0 (id=WH_GETMESSAGE,code=0,wp=00000001,lp=0026df2c)
241822.417:0160:Ret  hook proc 7B1B1DE0 (id=WH_GETMESSAGE,code=0,wp=00000001,lp=0026df2c) retval=00000000
241822.417:0160:Call window proc 7B1B1ED0 (hwnd=00010060,msg=WM_USER+2,wp=00000000,lp=00000000)
241822.418:0160:Ret  window proc 7B1B1ED0 (hwnd=00010060,msg=WM_USER+2,wp=00000000,lp=00000000) retval=00000000
241822.418:0160:Call hook proc 7B1B1DE0 (id=WH_GETMESSAGE,code=0,wp=00000001,lp=0026df2c)
241822.418:0160:Ret  hook proc 7B1B1DE0 (id=WH_GETMESSAGE,code=0,wp=00000001,lp=0026df2c) retval=00000000
241822.418:0160:Call window proc 7B1B1ED0 (hwnd=00010060,msg=WM_USER,wp=00000124,lp=00000001)
241822.418:0160:Call user32.PostMessageW(00010060,00000402,00000000,00000000) ret=7b1b183b
241822.418:0160:Ret  user32.PostMessageW() retval=00000001 ret=7b1b183b
241822.469:0160:Ret  window proc 7B1B1ED0 (hwnd=00010060,msg=WM_USER,wp=00000124,lp=00000001) retval=00000000
241822.469:0160:Call hook proc 7B1B1DE0 (id=WH_GETMESSAGE,code=0,wp=00000001,lp=0026df2c)
241822.469:0160:Ret  hook proc 7B1B1DE0 (id=WH_GETMESSAGE,code=0,wp=00000001,lp=0026df2c) retval=00000000
241822.469:0160:Call window proc 7B1B1ED0 (hwnd=00010060,msg=WM_USER+2,wp=00000000,lp=00000000)
241822.469:0160:Ret  window proc 7B1B1ED0 (hwnd=00010060,msg=WM_USER+2,wp=00000000,lp=00000000) retval=00000000
241822.469:0160:Call hook proc 7B1B1DE0 (id=WH_GETMESSAGE,code=0,wp=00000001,lp=0026df2c)
241822.469:0160:Ret  hook proc 7B1B1DE0 (id=WH_GETMESSAGE,code=0,wp=00000001,lp=0026df2c) retval=00000000
241822.469:0160:Call window proc 7B1B1ED0 (hwnd=00010060,msg=WM_USER,wp=00000124,lp=00000001)
241822.469:0160:Call user32.PostMessageW(00010060,00000402,00000000,00000000) ret=7b1b183b
241822.469:0160:Ret  user32.PostMessageW() retval=00000001 ret=7b1b183b
241822.520:0160:Ret  window proc 7B1B1ED0 (hwnd=00010060,msg=WM_USER,wp=00000124,lp=00000001) retval=00000000
241822.520:0160:Call hook proc 7B1B1DE0 (id=WH_GETMESSAGE,code=0,wp=00000001,lp=0026df2c)
241822.521:0160:Ret  hook proc 7B1B1DE0 (id=WH_GETMESSAGE,code=0,wp=00000001,lp=0026df2c) retval=00000000
241822.521:0160:Call window proc 7B1B1ED0 (hwnd=00010060,msg=WM_USER+2,wp=00000000,lp=00000000)
241822.521:0160:Ret  window proc 7B1B1ED0 (hwnd=00010060,msg=WM_USER+2,wp=00000000,lp=00000000) retval=00000000
241822.521:0160:Call hook proc 7B1B1DE0 (id=WH_GETMESSAGE,code=0,wp=00000001,lp=0026df2c)
241822.521:0160:Ret  hook proc 7B1B1DE0 (id=WH_GETMESSAGE,code=0,wp=00000001,lp=0026df2c) retval=00000000
241822.521:0160:Call window proc 7B1B1ED0 (hwnd=00010060,msg=WM_USER,wp=00000124,lp=00000001)
241822.521:0160:Call user32.PostMessageW(00010060,00000402,00000000,00000000) ret=7b1b183b
241822.521:0160:Ret  user32.PostMessageW() retval=00000001 ret=7b1b183b
241822.582:0160:Ret  window proc 7B1B1ED0 (hwnd=00010060,msg=WM_USER,wp=00000124,lp=00000001) retval=00000000
241822.582:0160:Call hook proc 7B1B1DE0 (id=WH_GETMESSAGE,code=0,wp=00000001,lp=0026df2c)
241822.582:0160:Ret  hook proc 7B1B1DE0 (id=WH_GETMESSAGE,code=0,wp=00000001,lp=0026df2c) retval=00000000
241822.582:0160:Call window proc 7B1B1ED0 (hwnd=00010060,msg=WM_USER+2,wp=00000000,lp=00000000)
241822.582:0160:Ret  window proc 7B1B1ED0 (hwnd=00010060,msg=WM_USER+2,wp=00000000,lp=00000000) retval=00000000
241822.582:0160:Call hook proc 7B1B1DE0 (id=WH_GETMESSAGE,code=0,wp=00000001,lp=0026df2c)
241822.582:0160:Ret  hook proc 7B1B1DE0 (id=WH_GETMESSAGE,code=0,wp=00000001,lp=0026df2c) retval=00000000
241822.582:0160:Call window proc 7B1B1ED0 (hwnd=00010060,msg=WM_USER,wp=00000124,lp=00000001)
241822.582:0160:Call user32.PostMessageW(00010060,00000402,00000000,00000000) ret=7b1b183b
241822.582:0160:Ret  user32.PostMessageW() retval=00000001 ret=7b1b183b
241822.633:0160:Ret  window proc 7B1B1ED0 (hwnd=00010060,msg=WM_USER,wp=00000124,lp=00000001) retval=00000000
241822.633:0160:Call hook proc 7B1B1DE0 (id=WH_GETMESSAGE,code=0,wp=00000001,lp=0026df2c)
241822.633:0160:Ret  hook proc 7B1B1DE0 (id=WH_GETMESSAGE,code=0,wp=00000001,lp=0026df2c) retval=00000000
241822.634:0160:Call window proc 7B1B1ED0 (hwnd=00010060,msg=WM_USER+2,wp=00000000,lp=00000000)
241822.634:0160:Ret  window proc 7B1B1ED0 (hwnd=00010060,msg=WM_USER+2,wp=00000000,lp=00000000) retval=00000000
241822.634:0160:Call hook proc 7B1B1DE0 (id=WH_GETMESSAGE,code=0,wp=00000001,lp=0026df2c)
241822.634:0160:Ret  hook proc 7B1B1DE0 (id=WH_GETMESSAGE,code=0,wp=00000001,lp=0026df2c) retval=00000000
241822.634:0160:Call window proc 7B1B1ED0 (hwnd=00010060,msg=WM_USER,wp=00000124,lp=00000001)
241822.634:0160:Call user32.PostMessageW(00010060,00000402,00000000,00000000) ret=7b1b183b
241822.634:0160:Ret  user32.PostMessageW() retval=00000001 ret=7b1b183b
241822.685:0160:Ret  window proc 7B1B1ED0 (hwnd=00010060,msg=WM_USER,wp=00000124,lp=00000001) retval=00000000
241822.685:0160:Call hook proc 7B1B1DE0 (id=WH_GETMESSAGE,code=0,wp=00000001,lp=0026df2c)
241822.685:0160:Ret  hook proc 7B1B1DE0 (id=WH_GETMESSAGE,code=0,wp=00000001,lp=0026df2c) retval=00000000
241822.685:0160:Call window proc 7B1B1ED0 (hwnd=00010060,msg=WM_USER+2,wp=00000000,lp=00000000)
241822.685:0160:Ret  window proc 7B1B1ED0 (hwnd=00010060,msg=WM_USER+2,wp=00000000,lp=00000000) retval=00000000
241822.685:0160:Call hook proc 7B1B1DE0 (id=WH_GETMESSAGE,code=0,wp=00000001,lp=0026df2c)
241822.685:0160:Ret  hook proc 7B1B1DE0 (id=WH_GETMESSAGE,code=0,wp=00000001,lp=0026df2c) retval=00000000
241822.685:0160:Call window proc 7B1B1ED0 (hwnd=00010060,msg=WM_USER,wp=00000124,lp=00000001)
241822.685:0160:Call user32.PostMessageW(00010060,00000402,00000000,00000000) ret=7b1b183b
241822.685:0160:Ret  user32.PostMessageW() retval=00000001 ret=7b1b183b
241822.736:0160:Ret  window proc 7B1B1ED0 (hwnd=00010060,msg=WM_USER,wp=00000124,lp=00000001) retval=00000000
241822.736:0160:Call hook proc 7B1B1DE0 (id=WH_GETMESSAGE,code=0,wp=00000001,lp=0026df2c)
241822.736:0160:Ret  hook proc 7B1B1DE0 (id=WH_GETMESSAGE,code=0,wp=00000001,lp=0026df2c) retval=00000000
241822.736:0160:Call window proc 7B1B1ED0 (hwnd=00010060,msg=WM_USER+2,wp=00000000,lp=00000000)
241822.736:0160:Ret  window proc 7B1B1ED0 (hwnd=00010060,msg=WM_USER+2,wp=00000000,lp=00000000) retval=00000000
241822.736:0160:Call hook proc 7B1B1DE0 (id=WH_GETMESSAGE,code=0,wp=00000001,lp=0026df2c)
241822.736:0160:Ret  hook proc 7B1B1DE0 (id=WH_GETMESSAGE,code=0,wp=00000001,lp=0026df2c) retval=00000000
241822.736:0160:Call window proc 7B1B1ED0 (hwnd=00010060,msg=WM_USER,wp=00000124,lp=00000001)
241822.736:0160:Call user32.PostMessageW(00010060,00000402,00000000,00000000) ret=7b1b183b
241822.736:0160:Ret  user32.PostMessageW() retval=00000001 ret=7b1b183b
241822.787:0160:Ret  window proc 7B1B1ED0 (hwnd=00010060,msg=WM_USER,wp=00000124,lp=00000001) retval=00000000
241822.787:0160:Call hook proc 7B1B1DE0 (id=WH_GETMESSAGE,code=0,wp=00000001,lp=0026df2c)
241822.787:0160:Ret  hook proc 7B1B1DE0 (id=WH_GETMESSAGE,code=0,wp=00000001,lp=0026df2c) retval=00000000
241822.787:0160:Call window proc 7B1B1ED0 (hwnd=00010060,msg=WM_USER+2,wp=00000000,lp=00000000)
241822.787:0160:Ret  window proc 7B1B1ED0 (hwnd=00010060,msg=WM_USER+2,wp=00000000,lp=00000000) retval=00000000
241822.787:0160:Call hook proc 7B1B1DE0 (id=WH_GETMESSAGE,code=0,wp=00000001,lp=0026df2c)
241822.787:0160:Ret  hook proc 7B1B1DE0 (id=WH_GETMESSAGE,code=0,wp=00000001,lp=0026df2c) retval=00000000
241822.787:0160:Call window proc 7B1B1ED0 (hwnd=00010060,msg=WM_USER,wp=00000124,lp=00000001)
241822.787:0160:Call user32.PostMessageW(00010060,00000402,00000000,00000000) ret=7b1b183b
241822.787:0160:Ret  user32.PostMessageW() retval=00000001 ret=7b1b183b
241822.848:0160:Ret  window proc 7B1B1ED0 (hwnd=00010060,msg=WM_USER,wp=00000124,lp=00000001) retval=00000000
241822.848:0160:Call hook proc 7B1B1DE0 (id=WH_GETMESSAGE,code=0,wp=00000001,lp=0026df2c)
241822.848:0160:Ret  hook proc 7B1B1DE0 (id=WH_GETMESSAGE,code=0,wp=00000001,lp=0026df2c) retval=00000000
241822.848:0160:Call window proc 7B1B1ED0 (hwnd=00010060,msg=WM_USER+2,wp=00000000,lp=00000000)
241822.848:0160:Ret  window proc 7B1B1ED0 (hwnd=00010060,msg=WM_USER+2,wp=00000000,lp=00000000) retval=00000000
241822.848:0160:Call hook proc 7B1B1DE0 (id=WH_GETMESSAGE,code=0,wp=00000001,lp=0026df2c)
241822.848:0160:Ret  hook proc 7B1B1DE0 (id=WH_GETMESSAGE,code=0,wp=00000001,lp=0026df2c) retval=00000000
241822.848:0160:Call window proc 7B1B1ED0 (hwnd=00010060,msg=WM_USER,wp=00000124,lp=00000001)
241822.848:0160:Call user32.PostMessageW(00010060,00000402,00000000,00000000) ret=7b1b183b
241822.848:0160:Ret  user32.PostMessageW() retval=00000001 ret=7b1b183b
241822.908:0160:Ret  window proc 7B1B1ED0 (hwnd=00010060,msg=WM_USER,wp=00000124,lp=00000001) retval=00000000
241822.909:0160:Call hook proc 7B1B1DE0 (id=WH_GETMESSAGE,code=0,wp=00000001,lp=0026df2c)
241822.909:0160:Ret  hook proc 7B1B1DE0 (id=WH_GETMESSAGE,code=0,wp=00000001,lp=0026df2c) retval=00000000
241822.909:0160:Call window proc 7B1B1ED0 (hwnd=00010060,msg=WM_USER+2,wp=00000000,lp=00000000)
241822.909:0160:Ret  window proc 7B1B1ED0 (hwnd=00010060,msg=WM_USER+2,wp=00000000,lp=00000000) retval=00000000
241822.909:0160:Call hook proc 7B1B1DE0 (id=WH_GETMESSAGE,code=0,wp=00000001,lp=0026df2c)
241822.909:0160:Ret  hook proc 7B1B1DE0 (id=WH_GETMESSAGE,code=0,wp=00000001,lp=0026df2c) retval=00000000
241822.909:0160:Call window proc 7B1B1ED0 (hwnd=00010060,msg=WM_USER,wp=00000124,lp=00000001)
241822.909:0160:Call user32.PostMessageW(00010060,00000402,00000000,00000000) ret=7b1b183b
241822.909:0160:Ret  user32.PostMessageW() retval=00000001 ret=7b1b183b
241822.970:0160:Ret  window proc 7B1B1ED0 (hwnd=00010060,msg=WM_USER,wp=00000124,lp=00000001) retval=00000000
241822.970:0160:Call hook proc 7B1B1DE0 (id=WH_GETMESSAGE,code=0,wp=00000001,lp=0026df2c)
241822.970:0160:Ret  hook proc 7B1B1DE0 (id=WH_GETMESSAGE,code=0,wp=00000001,lp=0026df2c) retval=00000000
241822.970:0160:Call window proc 7B1B1ED0 (hwnd=00010060,msg=WM_USER+2,wp=00000000,lp=00000000)
241822.970:0160:Ret  window proc 7B1B1ED0 (hwnd=00010060,msg=WM_USER+2,wp=00000000,lp=00000000) retval=00000000
241822.970:0160:Call hook proc 7B1B1DE0 (id=WH_GETMESSAGE,code=0,wp=00000001,lp=0026df2c)
241822.970:0160:Ret  hook proc 7B1B1DE0 (id=WH_GETMESSAGE,code=0,wp=00000001,lp=0026df2c) retval=00000000
241822.970:0160:Call window proc 7B1B1ED0 (hwnd=00010060,msg=WM_USER,wp=00000124,lp=00000001)
241822.970:0160:Call user32.PostMessageW(00010060,00000402,00000000,00000000) ret=7b1b183b
241822.970:0160:Ret  user32.PostMessageW() retval=00000001 ret=7b1b183b
241823.021:0160:Ret  window proc 7B1B1ED0 (hwnd=00010060,msg=WM_USER,wp=00000124,lp=00000001) retval=00000000
241823.021:0160:Call hook proc 7B1B1DE0 (id=WH_GETMESSAGE,code=0,wp=00000001,lp=0026df2c)
241823.021:0160:Ret  hook proc 7B1B1DE0 (id=WH_GETMESSAGE,code=0,wp=00000001,lp=0026df2c) retval=00000000
241823.021:0160:Call window proc 7B1B1ED0 (hwnd=00010060,msg=WM_USER+2,wp=00000000,lp=00000000)
241823.021:0160:Ret  window proc 7B1B1ED0 (hwnd=00010060,msg=WM_USER+2,wp=00000000,lp=00000000) retval=00000000
241823.021:0160:Call hook proc 7B1B1DE0 (id=WH_GETMESSAGE,code=0,wp=00000001,lp=0026df2c)
241823.021:0160:Ret  hook proc 7B1B1DE0 (id=WH_GETMESSAGE,code=0,wp=00000001,lp=0026df2c) retval=00000000
241823.021:0160:Call window proc 7B1B1ED0 (hwnd=00010060,msg=WM_USER,wp=00000124,lp=00000001)
241823.021:0160:Call user32.PostMessageW(00010060,00000402,00000000,00000000) ret=7b1b183b
241823.021:0160:Ret  user32.PostMessageW() retval=00000001 ret=7b1b183b
241823.082:0160:Ret  window proc 7B1B1ED0 (hwnd=00010060,msg=WM_USER,wp=00000124,lp=00000001) retval=00000000
241823.082:0160:Call hook proc 7B1B1DE0 (id=WH_GETMESSAGE,code=0,wp=00000001,lp=0026df2c)
241823.082:0160:Ret  hook proc 7B1B1DE0 (id=WH_GETMESSAGE,code=0,wp=00000001,lp=0026df2c) retval=00000000
241823.082:0160:Call window proc 7B1B1ED0 (hwnd=00010060,msg=WM_USER+2,wp=00000000,lp=00000000)
241823.082:0160:Ret  window proc 7B1B1ED0 (hwnd=00010060,msg=WM_USER+2,wp=00000000,lp=00000000) retval=00000000
241823.082:0160:Call hook proc 7B1B1DE0 (id=WH_GETMESSAGE,code=0,wp=00000001,lp=0026df2c)
241823.082:0160:Ret  hook proc 7B1B1DE0 (id=WH_GETMESSAGE,code=0,wp=00000001,lp=0026df2c) retval=00000000
241823.082:0160:Call window proc 7B1B1ED0 (hwnd=00010060,msg=WM_USER,wp=00000124,lp=00000001)
241823.082:0160:Call user32.PostMessageW(00010060,00000402,00000000,00000000) ret=7b1b183b
241823.082:0160:Ret  user32.PostMessageW() retval=00000001 ret=7b1b183b
241823.142:0160:Ret  window proc 7B1B1ED0 (hwnd=00010060,msg=WM_USER,wp=00000124,lp=00000001) retval=00000000
241823.142:0160:Call hook proc 7B1B1DE0 (id=WH_GETMESSAGE,code=0,wp=00000001,lp=0026df2c)
241823.142:0160:Ret  hook proc 7B1B1DE0 (id=WH_GETMESSAGE,code=0,wp=00000001,lp=0026df2c) retval=00000000
241823.143:0160:Call window proc 7B1B1ED0 (hwnd=00010060,msg=WM_USER+2,wp=00000000,lp=00000000)
241823.143:0160:Ret  window proc 7B1B1ED0 (hwnd=00010060,msg=WM_USER+2,wp=00000000,lp=00000000) retval=00000000
241823.143:0160:Call hook proc 7B1B1DE0 (id=WH_GETMESSAGE,code=0,wp=00000001,lp=0026df2c)
241823.143:0160:Ret  hook proc 7B1B1DE0 (id=WH_GETMESSAGE,code=0,wp=00000001,lp=0026df2c) retval=00000000
241823.143:0160:Call window proc 7B1B1ED0 (hwnd=00010060,msg=WM_USER,wp=00000124,lp=00000001)
241823.143:0160:Call user32.PostMessageW(00010060,00000402,00000000,00000000) ret=7b1b183b
241823.143:0160:Ret  user32.PostMessageW() retval=00000001 ret=7b1b183b
241823.203:0160:Ret  window proc 7B1B1ED0 (hwnd=00010060,msg=WM_USER,wp=00000124,lp=00000001) retval=00000000
241823.203:0160:Call hook proc 7B1B1DE0 (id=WH_GETMESSAGE,code=0,wp=00000001,lp=0026df2c)
241823.203:0160:Ret  hook proc 7B1B1DE0 (id=WH_GETMESSAGE,code=0,wp=00000001,lp=0026df2c) retval=00000000
241823.203:0160:Call window proc 7B1B1ED0 (hwnd=00010060,msg=WM_USER+2,wp=00000000,lp=00000000)
241823.204:0160:Ret  window proc 7B1B1ED0 (hwnd=00010060,msg=WM_USER+2,wp=00000000,lp=00000000) retval=00000000
241823.204:0160:Call hook proc 7B1B1DE0 (id=WH_GETMESSAGE,code=0,wp=00000001,lp=0026df2c)
241823.204:0160:Ret  hook proc 7B1B1DE0 (id=WH_GETMESSAGE,code=0,wp=00000001,lp=0026df2c) retval=00000000
241823.204:0160:Call window proc 7B1B1ED0 (hwnd=00010060,msg=WM_USER,wp=00000124,lp=00000001)
241823.204:0160:Call user32.PostMessageW(00010060,00000402,00000000,00000000) ret=7b1b183b
241823.204:0160:Ret  user32.PostMessageW() retval=00000001 ret=7b1b183b
241823.264:0160:Ret  window proc 7B1B1ED0 (hwnd=00010060,msg=WM_USER,wp=00000124,lp=00000001) retval=00000000
241823.265:0160:Call hook proc 7B1B1DE0 (id=WH_GETMESSAGE,code=0,wp=00000001,lp=0026df2c)
241823.265:0160:Ret  hook proc 7B1B1DE0 (id=WH_GETMESSAGE,code=0,wp=00000001,lp=0026df2c) retval=00000000
241823.265:0160:Call window proc 7B1B1ED0 (hwnd=00010060,msg=WM_USER+2,wp=00000000,lp=00000000)
241823.265:0160:Ret  window proc 7B1B1ED0 (hwnd=00010060,msg=WM_USER+2,wp=00000000,lp=00000000) retval=00000000
241823.265:0160:Call hook proc 7B1B1DE0 (id=WH_GETMESSAGE,code=0,wp=00000001,lp=0026df2c)
241823.265:0160:Ret  hook proc 7B1B1DE0 (id=WH_GETMESSAGE,code=0,wp=00000001,lp=0026df2c) retval=00000000
241823.265:0160:Call window proc 7B1B1ED0 (hwnd=00010060,msg=WM_USER,wp=00000124,lp=00000001)
241823.265:0160:Call user32.PostMessageW(00010060,00000402,00000000,00000000) ret=7b1b183b
241823.265:0160:Ret  user32.PostMessageW() retval=00000001 ret=7b1b183b
241823.325:0160:Ret  window proc 7B1B1ED0 (hwnd=00010060,msg=WM_USER,wp=00000124,lp=00000001) retval=00000000
241823.325:0160:Call hook proc 7B1B1DE0 (id=WH_GETMESSAGE,code=0,wp=00000001,lp=0026df2c)
241823.325:0160:Ret  hook proc 7B1B1DE0 (id=WH_GETMESSAGE,code=0,wp=00000001,lp=0026df2c) retval=00000000
241823.325:0160:Call window proc 7B1B1ED0 (hwnd=00010060,msg=WM_USER+2,wp=00000000,lp=00000000)
241823.325:0160:Ret  window proc 7B1B1ED0 (hwnd=00010060,msg=WM_USER+2,wp=00000000,lp=00000000) retval=00000000
241823.325:0160:Call hook proc 7B1B1DE0 (id=WH_GETMESSAGE,code=0,wp=00000001,lp=0026df2c)
241823.325:0160:Ret  hook proc 7B1B1DE0 (id=WH_GETMESSAGE,code=0,wp=00000001,lp=0026df2c) retval=00000000
241823.325:0160:Call window proc 7B1B1ED0 (hwnd=00010060,msg=WM_USER,wp=00000124,lp=00000001)
241823.325:0160:Call user32.PostMessageW(00010060,00000402,00000000,00000000) ret=7b1b183b
241823.326:0160:Ret  user32.PostMessageW() retval=00000001 ret=7b1b183b
241823.386:0160:Ret  window proc 7B1B1ED0 (hwnd=00010060,msg=WM_USER,wp=00000124,lp=00000001) retval=00000000
241823.386:0160:Call hook proc 7B1B1DE0 (id=WH_GETMESSAGE,code=0,wp=00000001,lp=0026df2c)
241823.386:0160:Ret  hook proc 7B1B1DE0 (id=WH_GETMESSAGE,code=0,wp=00000001,lp=0026df2c) retval=00000000
241823.386:0160:Call window proc 7B1B1ED0 (hwnd=00010060,msg=WM_USER+2,wp=00000000,lp=00000000)
241823.386:0160:Ret  window proc 7B1B1ED0 (hwnd=00010060,msg=WM_USER+2,wp=00000000,lp=00000000) retval=00000000
241823.386:0160:Call hook proc 7B1B1DE0 (id=WH_GETMESSAGE,code=0,wp=00000001,lp=0026df2c)
241823.386:0160:Ret  hook proc 7B1B1DE0 (id=WH_GETMESSAGE,code=0,wp=00000001,lp=0026df2c) retval=00000000
241823.386:0160:Call window proc 7B1B1ED0 (hwnd=00010060,msg=WM_USER,wp=00000124,lp=00000001)
241823.386:0160:Call user32.PostMessageW(00010060,00000402,00000000,00000000) ret=7b1b183b
241823.386:0160:Ret  user32.PostMessageW() retval=00000001 ret=7b1b183b
241823.437:0160:Ret  window proc 7B1B1ED0 (hwnd=00010060,msg=WM_USER,wp=00000124,lp=00000001) retval=00000000
241823.437:0160:Call hook proc 7B1B1DE0 (id=WH_GETMESSAGE,code=0,wp=00000001,lp=0026df2c)
241823.437:0160:Ret  hook proc 7B1B1DE0 (id=WH_GETMESSAGE,code=0,wp=00000001,lp=0026df2c) retval=00000000
241823.437:0160:Call window proc 7B1B1ED0 (hwnd=00010060,msg=WM_USER+2,wp=00000000,lp=00000000)
241823.437:0160:Ret  window proc 7B1B1ED0 (hwnd=00010060,msg=WM_USER+2,wp=00000000,lp=00000000) retval=00000000
241823.437:0160:Call hook proc 7B1B1DE0 (id=WH_GETMESSAGE,code=0,wp=00000001,lp=0026df2c)
241823.437:0160:Ret  hook proc 7B1B1DE0 (id=WH_GETMESSAGE,code=0,wp=00000001,lp=0026df2c) retval=00000000
241823.438:0160:Call window proc 7B1B1ED0 (hwnd=00010060,msg=WM_USER,wp=00000124,lp=00000001)
241823.438:0160:Call user32.PostMessageW(00010060,00000402,00000000,00000000) ret=7b1b183b
241823.438:0160:Ret  user32.PostMessageW() retval=00000001 ret=7b1b183b
241823.498:0160:Ret  window proc 7B1B1ED0 (hwnd=00010060,msg=WM_USER,wp=00000124,lp=00000001) retval=00000000
241823.498:0160:Call hook proc 7B1B1DE0 (id=WH_GETMESSAGE,code=0,wp=00000001,lp=0026df2c)
241823.498:0160:Ret  hook proc 7B1B1DE0 (id=WH_GETMESSAGE,code=0,wp=00000001,lp=0026df2c) retval=00000000
241823.498:0160:Call window proc 7B1B1ED0 (hwnd=00010060,msg=WM_USER+2,wp=00000000,lp=00000000)
241823.498:0160:Ret  window proc 7B1B1ED0 (hwnd=00010060,msg=WM_USER+2,wp=00000000,lp=00000000) retval=00000000
241823.498:0160:Call hook proc 7B1B1DE0 (id=WH_GETMESSAGE,code=0,wp=00000001,lp=0026df2c)
241823.499:0160:Ret  hook proc 7B1B1DE0 (id=WH_GETMESSAGE,code=0,wp=00000001,lp=0026df2c) retval=00000000
241823.499:0160:Call window proc 7B1B1ED0 (hwnd=00010060,msg=WM_USER,wp=00000124,lp=00000001)
241823.499:0160:Call user32.PostMessageW(00010060,00000402,00000000,00000000) ret=7b1b183b
241823.499:0160:Ret  user32.PostMessageW() retval=00000001 ret=7b1b183b
241823.559:0160:Ret  window proc 7B1B1ED0 (hwnd=00010060,msg=WM_USER,wp=00000124,lp=00000001) retval=00000000
241823.559:0160:Call hook proc 7B1B1DE0 (id=WH_GETMESSAGE,code=0,wp=00000001,lp=0026df2c)
241823.559:0160:Ret  hook proc 7B1B1DE0 (id=WH_GETMESSAGE,code=0,wp=00000001,lp=0026df2c) retval=00000000
241823.559:0160:Call window proc 7B1B1ED0 (hwnd=00010060,msg=WM_USER+2,wp=00000000,lp=00000000)
241823.560:0160:Ret  window proc 7B1B1ED0 (hwnd=00010060,msg=WM_USER+2,wp=00000000,lp=00000000) retval=00000000
241823.560:0160:Call hook proc 7B1B1DE0 (id=WH_GETMESSAGE,code=0,wp=00000001,lp=0026df2c)
241823.560:0160:Ret  hook proc 7B1B1DE0 (id=WH_GETMESSAGE,code=0,wp=00000001,lp=0026df2c) retval=00000000
241823.560:0160:Call window proc 7B1B1ED0 (hwnd=00010060,msg=WM_USER,wp=00000124,lp=00000001)
241823.560:0160:Call user32.PostMessageW(00010060,00000402,00000000,00000000) ret=7b1b183b
241823.560:0160:Ret  user32.PostMessageW() retval=00000001 ret=7b1b183b
241823.611:0160:Ret  window proc 7B1B1ED0 (hwnd=00010060,msg=WM_USER,wp=00000124,lp=00000001) retval=00000000
241823.611:0160:Call hook proc 7B1B1DE0 (id=WH_GETMESSAGE,code=0,wp=00000001,lp=0026df2c)
241823.611:0160:Ret  hook proc 7B1B1DE0 (id=WH_GETMESSAGE,code=0,wp=00000001,lp=0026df2c) retval=00000000
241823.612:0160:Call window proc 7B1B1ED0 (hwnd=00010060,msg=WM_USER+2,wp=00000000,lp=00000000)
241823.612:0160:Ret  window proc 7B1B1ED0 (hwnd=00010060,msg=WM_USER+2,wp=00000000,lp=00000000) retval=00000000
241823.612:0160:Call hook proc 7B1B1DE0 (id=WH_GETMESSAGE,code=0,wp=00000001,lp=0026df2c)
241823.612:0160:Ret  hook proc 7B1B1DE0 (id=WH_GETMESSAGE,code=0,wp=00000001,lp=0026df2c) retval=00000000
241823.612:0160:Call window proc 7B1B1ED0 (hwnd=00010060,msg=WM_USER,wp=00000124,lp=00000001)
241823.612:0160:Call user32.PostMessageW(00010060,00000402,00000000,00000000) ret=7b1b183b
241823.612:0160:Ret  user32.PostMessageW() retval=00000001 ret=7b1b183b
241823.663:0160:Ret  window proc 7B1B1ED0 (hwnd=00010060,msg=WM_USER,wp=00000124,lp=00000001) retval=00000000
241823.663:0160:Call hook proc 7B1B1DE0 (id=WH_GETMESSAGE,code=0,wp=00000001,lp=0026df2c)
241823.663:0160:Ret  hook proc 7B1B1DE0 (id=WH_GETMESSAGE,code=0,wp=00000001,lp=0026df2c) retval=00000000
241823.663:0160:Call window proc 7B1B1ED0 (hwnd=00010060,msg=WM_USER+2,wp=00000000,lp=00000000)
241823.663:0160:Ret  window proc 7B1B1ED0 (hwnd=00010060,msg=WM_USER+2,wp=00000000,lp=00000000) retval=00000000
241823.663:0160:Call hook proc 7B1B1DE0 (id=WH_GETMESSAGE,code=0,wp=00000001,lp=0026df2c)
241823.663:0160:Ret  hook proc 7B1B1DE0 (id=WH_GETMESSAGE,code=0,wp=00000001,lp=0026df2c) retval=00000000
241823.663:0160:Call window proc 7B1B1ED0 (hwnd=00010060,msg=WM_USER,wp=00000124,lp=00000001)
241823.663:0160:Call user32.PostMessageW(00010060,00000402,00000000,00000000) ret=7b1b183b
241823.663:0160:Ret  user32.PostMessageW() retval=00000001 ret=7b1b183b
241823.714:0160:Ret  window proc 7B1B1ED0 (hwnd=00010060,msg=WM_USER,wp=00000124,lp=00000001) retval=00000000
241823.714:0160:Call hook proc 7B1B1DE0 (id=WH_GETMESSAGE,code=0,wp=00000001,lp=0026df2c)
241823.714:0160:Ret  hook proc 7B1B1DE0 (id=WH_GETMESSAGE,code=0,wp=00000001,lp=0026df2c) retval=00000000
241823.715:0160:Call window proc 7B1B1ED0 (hwnd=00010060,msg=WM_USER+2,wp=00000000,lp=00000000)
241823.715:0160:Ret  window proc 7B1B1ED0 (hwnd=00010060,msg=WM_USER+2,wp=00000000,lp=00000000) retval=00000000
241823.715:0160:Call hook proc 7B1B1DE0 (id=WH_GETMESSAGE,code=0,wp=00000001,lp=0026df2c)
241823.716:0160:Ret  hook proc 7B1B1DE0 (id=WH_GETMESSAGE,code=0,wp=00000001,lp=0026df2c) retval=00000000
241823.716:0160:Call window proc 7B1B1ED0 (hwnd=00010060,msg=WM_USER,wp=00000124,lp=00000001)
241823.716:0160:Call user32.PostMessageW(00010060,00000402,00000000,00000000) ret=7b1b183b
241823.716:0160:Ret  user32.PostMessageW() retval=00000001 ret=7b1b183b
241823.771:0160:Ret  window proc 7B1B1ED0 (hwnd=00010060,msg=WM_USER,wp=00000124,lp=00000001) retval=00000000
241823.771:0160:Call hook proc 7B1B1DE0 (id=WH_GETMESSAGE,code=0,wp=00000001,lp=0026df2c)
241823.771:0160:Ret  hook proc 7B1B1DE0 (id=WH_GETMESSAGE,code=0,wp=00000001,lp=0026df2c) retval=00000000
241823.772:0160:Call window proc 7B1B1ED0 (hwnd=00010060,msg=WM_USER+2,wp=00000000,lp=00000000)
241823.772:0160:Ret  window proc 7B1B1ED0 (hwnd=00010060,msg=WM_USER+2,wp=00000000,lp=00000000) retval=00000000
241823.773:0160:Call hook proc 7B1B1DE0 (id=WH_GETMESSAGE,code=0,wp=00000001,lp=0026df2c)
241823.773:0160:Ret  hook proc 7B1B1DE0 (id=WH_GETMESSAGE,code=0,wp=00000001,lp=0026df2c) retval=00000000
241823.773:0160:Call window proc 7B1B1ED0 (hwnd=00010060,msg=WM_USER,wp=00000124,lp=00000001)
241823.773:0160:Call user32.PostMessageW(00010060,00000402,00000000,00000000) ret=7b1b183b
241823.773:0160:Ret  user32.PostMessageW() retval=00000001 ret=7b1b183b
241823.826:0160:Ret  window proc 7B1B1ED0 (hwnd=00010060,msg=WM_USER,wp=00000124,lp=00000001) retval=00000000
241823.827:0160:Call hook proc 7B1B1DE0 (id=WH_GETMESSAGE,code=0,wp=00000001,lp=0026df2c)
241823.827:0160:Ret  hook proc 7B1B1DE0 (id=WH_GETMESSAGE,code=0,wp=00000001,lp=0026df2c) retval=00000000
241823.827:0160:Call window proc 7B1B1ED0 (hwnd=00010060,msg=WM_USER+2,wp=00000000,lp=00000000)
241823.828:0160:Ret  window proc 7B1B1ED0 (hwnd=00010060,msg=WM_USER+2,wp=00000000,lp=00000000) retval=00000000
241823.828:0160:Call hook proc 7B1B1DE0 (id=WH_GETMESSAGE,code=0,wp=00000001,lp=0026df2c)
241823.828:0160:Ret  hook proc 7B1B1DE0 (id=WH_GETMESSAGE,code=0,wp=00000001,lp=0026df2c) retval=00000000
241823.828:0160:Call window proc 7B1B1ED0 (hwnd=00010060,msg=WM_USER,wp=00000124,lp=00000001)
241823.828:0160:Call user32.PostMessageW(00010060,00000402,00000000,00000000) ret=7b1b183b
241823.828:0160:Ret  user32.PostMessageW() retval=00000001 ret=7b1b183b
241823.882:0160:Ret  window proc 7B1B1ED0 (hwnd=00010060,msg=WM_USER,wp=00000124,lp=00000001) retval=00000000
241823.882:0160:Call hook proc 7B1B1DE0 (id=WH_GETMESSAGE,code=0,wp=00000001,lp=0026df2c)
241823.883:0160:Ret  hook proc 7B1B1DE0 (id=WH_GETMESSAGE,code=0,wp=00000001,lp=0026df2c) retval=00000000
241823.883:0160:Call window proc 7B1B1ED0 (hwnd=00010060,msg=WM_USER+2,wp=00000000,lp=00000000)
241823.884:0160:Ret  window proc 7B1B1ED0 (hwnd=00010060,msg=WM_USER+2,wp=00000000,lp=00000000) retval=00000000
241823.885:0160:Call hook proc 7B1B1DE0 (id=WH_GETMESSAGE,code=0,wp=00000001,lp=0026df2c)
241823.885:0160:Ret  hook proc 7B1B1DE0 (id=WH_GETMESSAGE,code=0,wp=00000001,lp=0026df2c) retval=00000000
241823.885:0160:Call window proc 7B1B1ED0 (hwnd=00010060,msg=WM_USER,wp=00000124,lp=00000001)
241823.885:0160:Call user32.PostMessageW(00010060,00000402,00000000,00000000) ret=7b1b183b
241823.885:0160:Ret  user32.PostMessageW() retval=00000001 ret=7b1b183b
241823.937:0160:Ret  window proc 7B1B1ED0 (hwnd=00010060,msg=WM_USER,wp=00000124,lp=00000001) retval=00000000
241823.937:0160:Call hook proc 7B1B1DE0 (id=WH_GETMESSAGE,code=0,wp=00000001,lp=0026df2c)
241823.938:0160:Ret  hook proc 7B1B1DE0 (id=WH_GETMESSAGE,code=0,wp=00000001,lp=0026df2c) retval=00000000
241823.938:0160:Call window proc 7B1B1ED0 (hwnd=00010060,msg=WM_USER+2,wp=00000000,lp=00000000)
241823.938:0160:Ret  window proc 7B1B1ED0 (hwnd=00010060,msg=WM_USER+2,wp=00000000,lp=00000000) retval=00000000
241823.938:0160:Call hook proc 7B1B1DE0 (id=WH_GETMESSAGE,code=0,wp=00000001,lp=0026df2c)
241823.938:0160:Ret  hook proc 7B1B1DE0 (id=WH_GETMESSAGE,code=0,wp=00000001,lp=0026df2c) retval=00000000
241823.938:0160:Call window proc 7B1B1ED0 (hwnd=00010060,msg=WM_USER,wp=00000124,lp=00000001)
241823.938:0160:Call user32.PostMessageW(00010060,00000402,00000000,00000000) ret=7b1b183b
241823.938:0160:Ret  user32.PostMessageW() retval=00000001 ret=7b1b183b
241823.990:0160:Ret  window proc 7B1B1ED0 (hwnd=00010060,msg=WM_USER,wp=00000124,lp=00000001) retval=00000000
241823.990:0160:Call hook proc 7B1B1DE0 (id=WH_GETMESSAGE,code=0,wp=00000001,lp=0026df2c)
241823.990:0160:Ret  hook proc 7B1B1DE0 (id=WH_GETMESSAGE,code=0,wp=00000001,lp=0026df2c) retval=00000000
241823.990:0160:Call window proc 7B1B1ED0 (hwnd=00010060,msg=WM_USER+2,wp=00000000,lp=00000000)
241823.990:0160:Ret  window proc 7B1B1ED0 (hwnd=00010060,msg=WM_USER+2,wp=00000000,lp=00000000) retval=00000000
241823.990:0160:Call hook proc 7B1B1DE0 (id=WH_GETMESSAGE,code=0,wp=00000001,lp=0026df2c)
241823.990:0160:Ret  hook proc 7B1B1DE0 (id=WH_GETMESSAGE,code=0,wp=00000001,lp=0026df2c) retval=00000000
241823.990:0160:Call window proc 7B1B1ED0 (hwnd=00010060,msg=WM_USER,wp=00000124,lp=00000001)
241823.990:0160:Call user32.PostMessageW(00010060,00000402,00000000,00000000) ret=7b1b183b
241823.990:0160:Ret  user32.PostMessageW() retval=00000001 ret=7b1b183b
241824.043:0160:Ret  window proc 7B1B1ED0 (hwnd=00010060,msg=WM_USER,wp=00000124,lp=00000001) retval=00000000
241824.044:0160:Call hook proc 7B1B1DE0 (id=WH_GETMESSAGE,code=0,wp=00000001,lp=0026df2c)
241824.044:0160:Ret  hook proc 7B1B1DE0 (id=WH_GETMESSAGE,code=0,wp=00000001,lp=0026df2c) retval=00000000
241824.045:0160:Call window proc 7B1B1ED0 (hwnd=00010060,msg=WM_USER+2,wp=00000000,lp=00000000)
241824.046:0160:Ret  window proc 7B1B1ED0 (hwnd=00010060,msg=WM_USER+2,wp=00000000,lp=00000000) retval=00000000
241824.046:0160:Call hook proc 7B1B1DE0 (id=WH_GETMESSAGE,code=0,wp=00000001,lp=0026df2c)
241824.046:0160:Ret  hook proc 7B1B1DE0 (id=WH_GETMESSAGE,code=0,wp=00000001,lp=0026df2c) retval=00000000
241824.046:0160:Call window proc 7B1B1ED0 (hwnd=00010060,msg=WM_USER,wp=00000124,lp=00000001)
241824.046:0160:Call user32.PostMessageW(00010060,00000402,00000000,00000000) ret=7b1b183b
241824.046:0160:Ret  user32.PostMessageW() retval=00000001 ret=7b1b183b
241824.098:0160:Ret  window proc 7B1B1ED0 (hwnd=00010060,msg=WM_USER,wp=00000124,lp=00000001) retval=00000000
241824.099:0160:Call hook proc 7B1B1DE0 (id=WH_GETMESSAGE,code=0,wp=00000001,lp=0026df2c)
241824.099:0160:Ret  hook proc 7B1B1DE0 (id=WH_GETMESSAGE,code=0,wp=00000001,lp=0026df2c) retval=00000000
241824.099:0160:Call window proc 7B1B1ED0 (hwnd=00010060,msg=WM_USER+2,wp=00000000,lp=00000000)
241824.099:0160:Ret  window proc 7B1B1ED0 (hwnd=00010060,msg=WM_USER+2,wp=00000000,lp=00000000) retval=00000000
241824.099:0160:Call hook proc 7B1B1DE0 (id=WH_GETMESSAGE,code=0,wp=00000001,lp=0026df2c)
241824.099:0160:Ret  hook proc 7B1B1DE0 (id=WH_GETMESSAGE,code=0,wp=00000001,lp=0026df2c) retval=00000000
241824.099:0160:Call window proc 7B1B1ED0 (hwnd=00010060,msg=WM_USER,wp=00000124,lp=00000001)
241824.099:0160:Call user32.PostMessageW(00010060,00000402,00000000,00000000) ret=7b1b183b
241824.099:0160:Ret  user32.PostMessageW() retval=00000001 ret=7b1b183b
241824.151:0160:Ret  window proc 7B1B1ED0 (hwnd=00010060,msg=WM_USER,wp=00000124,lp=00000001) retval=00000000
241824.151:0160:Call hook proc 7B1B1DE0 (id=WH_GETMESSAGE,code=0,wp=00000001,lp=0026df2c)
241824.152:0160:Ret  hook proc 7B1B1DE0 (id=WH_GETMESSAGE,code=0,wp=00000001,lp=0026df2c) retval=00000000
241824.152:0160:Call window proc 7B1B1ED0 (hwnd=00010060,msg=WM_USER+2,wp=00000000,lp=00000000)
241824.153:0160:Ret  window proc 7B1B1ED0 (hwnd=00010060,msg=WM_USER+2,wp=00000000,lp=00000000) retval=00000000
241824.153:0160:Call hook proc 7B1B1DE0 (id=WH_GETMESSAGE,code=0,wp=00000001,lp=0026df2c)
241824.153:0160:Ret  hook proc 7B1B1DE0 (id=WH_GETMESSAGE,code=0,wp=00000001,lp=0026df2c) retval=00000000
241824.153:0160:Call window proc 7B1B1ED0 (hwnd=00010060,msg=WM_USER,wp=00000124,lp=00000001)
241824.153:0160:Call user32.PostMessageW(00010060,00000402,00000000,00000000) ret=7b1b183b
241824.153:0160:Ret  user32.PostMessageW() retval=00000001 ret=7b1b183b
241824.208:0160:Ret  window proc 7B1B1ED0 (hwnd=00010060,msg=WM_USER,wp=00000124,lp=00000001) retval=00000000
241824.208:0160:Call hook proc 7B1B1DE0 (id=WH_GETMESSAGE,code=0,wp=00000001,lp=0026df2c)
241824.208:0160:Ret  hook proc 7B1B1DE0 (id=WH_GETMESSAGE,code=0,wp=00000001,lp=0026df2c) retval=00000000
241824.208:0160:Call window proc 7B1B1ED0 (hwnd=00010060,msg=WM_USER+2,wp=00000000,lp=00000000)
241824.209:0160:Ret  window proc 7B1B1ED0 (hwnd=00010060,msg=WM_USER+2,wp=00000000,lp=00000000) retval=00000000
241824.209:0160:Call hook proc 7B1B1DE0 (id=WH_GETMESSAGE,code=0,wp=00000001,lp=0026df2c)
241824.209:0160:Ret  hook proc 7B1B1DE0 (id=WH_GETMESSAGE,code=0,wp=00000001,lp=0026df2c) retval=00000000
241824.209:0160:Call window proc 7B1B1ED0 (hwnd=00010060,msg=WM_USER,wp=00000124,lp=00000001)
241824.209:0160:Call user32.PostMessageW(00010060,00000402,00000000,00000000) ret=7b1b183b
241824.209:0160:Ret  user32.PostMessageW() retval=00000001 ret=7b1b183b
241824.262:0160:Ret  window proc 7B1B1ED0 (hwnd=00010060,msg=WM_USER,wp=00000124,lp=00000001) retval=00000000
241824.262:0160:Call hook proc 7B1B1DE0 (id=WH_GETMESSAGE,code=0,wp=00000001,lp=0026df2c)
241824.263:0160:Ret  hook proc 7B1B1DE0 (id=WH_GETMESSAGE,code=0,wp=00000001,lp=0026df2c) retval=00000000
241824.263:0160:Call window proc 7B1B1ED0 (hwnd=00010060,msg=WM_USER+2,wp=00000000,lp=00000000)
241824.263:0160:Ret  window proc 7B1B1ED0 (hwnd=00010060,msg=WM_USER+2,wp=00000000,lp=00000000) retval=00000000
241824.263:0160:Call hook proc 7B1B1DE0 (id=WH_GETMESSAGE,code=0,wp=00000001,lp=0026df2c)
241824.263:0160:Ret  hook proc 7B1B1DE0 (id=WH_GETMESSAGE,code=0,wp=00000001,lp=0026df2c) retval=00000000
241824.263:0160:Call window proc 7B1B1ED0 (hwnd=00010060,msg=WM_USER,wp=00000124,lp=00000001)
241824.263:0160:Call user32.PostMessageW(00010060,00000402,00000000,00000000) ret=7b1b183b
241824.263:0160:Ret  user32.PostMessageW() retval=00000001 ret=7b1b183b
241824.316:0160:Ret  window proc 7B1B1ED0 (hwnd=00010060,msg=WM_USER,wp=00000124,lp=00000001) retval=00000000
241824.316:0160:Call hook proc 7B1B1DE0 (id=WH_GETMESSAGE,code=0,wp=00000001,lp=0026df2c)
241824.316:0160:Ret  hook proc 7B1B1DE0 (id=WH_GETMESSAGE,code=0,wp=00000001,lp=0026df2c) retval=00000000
241824.316:0160:Call window proc 7B1B1ED0 (hwnd=00010060,msg=WM_USER+2,wp=00000000,lp=00000000)
241824.316:0160:Ret  window proc 7B1B1ED0 (hwnd=00010060,msg=WM_USER+2,wp=00000000,lp=00000000) retval=00000000
241824.316:0160:Call hook proc 7B1B1DE0 (id=WH_GETMESSAGE,code=0,wp=00000001,lp=0026df2c)
241824.316:0160:Ret  hook proc 7B1B1DE0 (id=WH_GETMESSAGE,code=0,wp=00000001,lp=0026df2c) retval=00000000
241824.316:0160:Call window proc 7B1B1ED0 (hwnd=00010060,msg=WM_USER,wp=00000124,lp=00000001)
241824.316:0160:Call user32.PostMessageW(00010060,00000402,00000000,00000000) ret=7b1b183b
241824.316:0160:Ret  user32.PostMessageW() retval=00000001 ret=7b1b183b
241824.368:0160:Ret  window proc 7B1B1ED0 (hwnd=00010060,msg=WM_USER,wp=00000124,lp=00000001) retval=00000000
241824.368:0160:Call hook proc 7B1B1DE0 (id=WH_GETMESSAGE,code=0,wp=00000001,lp=0026df2c)
241824.368:0160:Ret  hook proc 7B1B1DE0 (id=WH_GETMESSAGE,code=0,wp=00000001,lp=0026df2c) retval=00000000
241824.368:0160:Call window proc 7B1B1ED0 (hwnd=00010060,msg=WM_USER+2,wp=00000000,lp=00000000)
241824.369:0160:Ret  window proc 7B1B1ED0 (hwnd=00010060,msg=WM_USER+2,wp=00000000,lp=00000000) retval=00000000
241824.369:0160:Call hook proc 7B1B1DE0 (id=WH_GETMESSAGE,code=0,wp=00000001,lp=0026df2c)
241824.369:0160:Ret  hook proc 7B1B1DE0 (id=WH_GETMESSAGE,code=0,wp=00000001,lp=0026df2c) retval=00000000
241824.369:0160:Call window proc 7B1B1ED0 (hwnd=00010060,msg=WM_USER,wp=00000124,lp=00000001)
241824.369:0160:Call user32.PostMessageW(00010060,00000402,00000000,00000000) ret=7b1b183b
241824.369:0160:Ret  user32.PostMessageW() retval=00000001 ret=7b1b183b
241824.423:0160:Ret  window proc 7B1B1ED0 (hwnd=00010060,msg=WM_USER,wp=00000124,lp=00000001) retval=00000000
241824.423:0160:Call hook proc 7B1B1DE0 (id=WH_GETMESSAGE,code=0,wp=00000001,lp=0026df2c)
241824.423:0160:Ret  hook proc 7B1B1DE0 (id=WH_GETMESSAGE,code=0,wp=00000001,lp=0026df2c) retval=00000000
241824.423:0160:Call window proc 7B1B1ED0 (hwnd=00010060,msg=WM_USER+2,wp=00000000,lp=00000000)
241824.423:0160:Ret  window proc 7B1B1ED0 (hwnd=00010060,msg=WM_USER+2,wp=00000000,lp=00000000) retval=00000000
241824.424:0160:Call hook proc 7B1B1DE0 (id=WH_GETMESSAGE,code=0,wp=00000001,lp=0026df2c)
241824.424:0160:Ret  hook proc 7B1B1DE0 (id=WH_GETMESSAGE,code=0,wp=00000001,lp=0026df2c) retval=00000000
241824.424:0160:Call window proc 7B1B1ED0 (hwnd=00010060,msg=WM_USER,wp=00000124,lp=00000001)
241824.424:0160:Call user32.PostMessageW(00010060,00000402,00000000,00000000) ret=7b1b183b
241824.424:0160:Ret  user32.PostMessageW() retval=00000001 ret=7b1b183b
241824.476:0160:Ret  window proc 7B1B1ED0 (hwnd=00010060,msg=WM_USER,wp=00000124,lp=00000001) retval=00000000
241824.476:0160:Call hook proc 7B1B1DE0 (id=WH_GETMESSAGE,code=0,wp=00000001,lp=0026df2c)
241824.476:0160:Ret  hook proc 7B1B1DE0 (id=WH_GETMESSAGE,code=0,wp=00000001,lp=0026df2c) retval=00000000
241824.476:0160:Call window proc 7B1B1ED0 (hwnd=00010060,msg=WM_USER+2,wp=00000000,lp=00000000)
241824.476:0160:Ret  window proc 7B1B1ED0 (hwnd=00010060,msg=WM_USER+2,wp=00000000,lp=00000000) retval=00000000
241824.476:0160:Call hook proc 7B1B1DE0 (id=WH_GETMESSAGE,code=0,wp=00000001,lp=0026df2c)
241824.476:0160:Ret  hook proc 7B1B1DE0 (id=WH_GETMESSAGE,code=0,wp=00000001,lp=0026df2c) retval=00000000
241824.476:0160:Call window proc 7B1B1ED0 (hwnd=00010060,msg=WM_USER,wp=00000124,lp=00000001)
241824.476:0160:Call user32.PostMessageW(00010060,00000402,00000000,00000000) ret=7b1b183b
241824.476:0160:Ret  user32.PostMessageW() retval=00000001 ret=7b1b183b
241824.529:0160:Ret  window proc 7B1B1ED0 (hwnd=00010060,msg=WM_USER,wp=00000124,lp=00000001) retval=00000000
241824.529:0160:Call hook proc 7B1B1DE0 (id=WH_GETMESSAGE,code=0,wp=00000001,lp=0026df2c)
241824.529:0160:Ret  hook proc 7B1B1DE0 (id=WH_GETMESSAGE,code=0,wp=00000001,lp=0026df2c) retval=00000000
241824.529:0160:Call window proc 7B1B1ED0 (hwnd=00010060,msg=WM_USER+2,wp=00000000,lp=00000000)
241824.529:0160:Ret  window proc 7B1B1ED0 (hwnd=00010060,msg=WM_USER+2,wp=00000000,lp=00000000) retval=00000000
241824.530:0160:Call hook proc 7B1B1DE0 (id=WH_GETMESSAGE,code=0,wp=00000001,lp=0026df2c)
241824.530:0160:Ret  hook proc 7B1B1DE0 (id=WH_GETMESSAGE,code=0,wp=00000001,lp=0026df2c) retval=00000000
241824.530:0160:Call window proc 7B1B1ED0 (hwnd=00010060,msg=WM_USER,wp=00000124,lp=00000001)
241824.530:0160:Call user32.PostMessageW(00010060,00000402,00000000,00000000) ret=7b1b183b
241824.530:0160:Ret  user32.PostMessageW() retval=00000001 ret=7b1b183b
241824.591:0160:Ret  window proc 7B1B1ED0 (hwnd=00010060,msg=WM_USER,wp=00000124,lp=00000001) retval=00000000
241824.591:0160:Call hook proc 7B1B1DE0 (id=WH_GETMESSAGE,code=0,wp=00000001,lp=0026df2c)
241824.591:0160:Ret  hook proc 7B1B1DE0 (id=WH_GETMESSAGE,code=0,wp=00000001,lp=0026df2c) retval=00000000
241824.591:0160:Call window proc 7B1B1ED0 (hwnd=00010060,msg=WM_USER+2,wp=00000000,lp=00000000)
241824.591:0160:Ret  window proc 7B1B1ED0 (hwnd=00010060,msg=WM_USER+2,wp=00000000,lp=00000000) retval=00000000
241824.591:0160:Call hook proc 7B1B1DE0 (id=WH_GETMESSAGE,code=0,wp=00000001,lp=0026df2c)
241824.591:0160:Ret  hook proc 7B1B1DE0 (id=WH_GETMESSAGE,code=0,wp=00000001,lp=0026df2c) retval=00000000
241824.591:0160:Call window proc 7B1B1ED0 (hwnd=00010060,msg=WM_USER,wp=00000124,lp=00000001)
241824.591:0160:Call user32.PostMessageW(00010060,00000402,00000000,00000000) ret=7b1b183b
241824.591:0160:Ret  user32.PostMessageW() retval=00000001 ret=7b1b183b
241824.642:0160:Ret  window proc 7B1B1ED0 (hwnd=00010060,msg=WM_USER,wp=00000124,lp=00000001) retval=00000000
241824.642:0160:Call hook proc 7B1B1DE0 (id=WH_GETMESSAGE,code=0,wp=00000001,lp=0026df2c)
241824.642:0160:Ret  hook proc 7B1B1DE0 (id=WH_GETMESSAGE,code=0,wp=00000001,lp=0026df2c) retval=00000000
241824.642:0160:Call window proc 7B1B1ED0 (hwnd=00010060,msg=WM_USER+2,wp=00000000,lp=00000000)
241824.642:0160:Ret  window proc 7B1B1ED0 (hwnd=00010060,msg=WM_USER+2,wp=00000000,lp=00000000) retval=00000000
241824.642:0160:Call hook proc 7B1B1DE0 (id=WH_GETMESSAGE,code=0,wp=00000001,lp=0026df2c)
241824.642:0160:Ret  hook proc 7B1B1DE0 (id=WH_GETMESSAGE,code=0,wp=00000001,lp=0026df2c) retval=00000000
241824.642:0160:Call window proc 7B1B1ED0 (hwnd=00010060,msg=WM_USER,wp=00000124,lp=00000001)
241824.642:0160:Call user32.PostMessageW(00010060,00000402,00000000,00000000) ret=7b1b183b
241824.642:0160:Ret  user32.PostMessageW() retval=00000001 ret=7b1b183b
241824.694:0160:Ret  window proc 7B1B1ED0 (hwnd=00010060,msg=WM_USER,wp=00000124,lp=00000001) retval=00000000
241824.695:0160:Call hook proc 7B1B1DE0 (id=WH_GETMESSAGE,code=0,wp=00000001,lp=0026df2c)
241824.695:0160:Ret  hook proc 7B1B1DE0 (id=WH_GETMESSAGE,code=0,wp=00000001,lp=0026df2c) retval=00000000
241824.695:0160:Call window proc 7B1B1ED0 (hwnd=00010060,msg=WM_USER+2,wp=00000000,lp=00000000)
241824.695:0160:Ret  window proc 7B1B1ED0 (hwnd=00010060,msg=WM_USER+2,wp=00000000,lp=00000000) retval=00000000
241824.695:0160:Call hook proc 7B1B1DE0 (id=WH_GETMESSAGE,code=0,wp=00000001,lp=0026df2c)
241824.695:0160:Ret  hook proc 7B1B1DE0 (id=WH_GETMESSAGE,code=0,wp=00000001,lp=0026df2c) retval=00000000
241824.696:0160:Call window proc 7B1B1ED0 (hwnd=00010060,msg=WM_USER,wp=00000124,lp=00000001)
241824.696:0160:Call user32.PostMessageW(00010060,00000402,00000000,00000000) ret=7b1b183b
241824.696:0160:Ret  user32.PostMessageW() retval=00000001 ret=7b1b183b
241824.747:0160:Ret  window proc 7B1B1ED0 (hwnd=00010060,msg=WM_USER,wp=00000124,lp=00000001) retval=00000000
241824.747:0160:Call hook proc 7B1B1DE0 (id=WH_GETMESSAGE,code=0,wp=00000001,lp=0026df2c)
241824.747:0160:Ret  hook proc 7B1B1DE0 (id=WH_GETMESSAGE,code=0,wp=00000001,lp=0026df2c) retval=00000000
241824.748:0160:Call window proc 7B1B1ED0 (hwnd=00010060,msg=WM_USER+2,wp=00000000,lp=00000000)
241824.748:0160:Ret  window proc 7B1B1ED0 (hwnd=00010060,msg=WM_USER+2,wp=00000000,lp=00000000) retval=00000000
241824.748:0160:Call hook proc 7B1B1DE0 (id=WH_GETMESSAGE,code=0,wp=00000001,lp=0026df2c)
241824.748:0160:Ret  hook proc 7B1B1DE0 (id=WH_GETMESSAGE,code=0,wp=00000001,lp=0026df2c) retval=00000000
241824.748:0160:Call window proc 7B1B1ED0 (hwnd=00010060,msg=WM_USER,wp=00000124,lp=00000001)
241824.748:0160:Call user32.PostMessageW(00010060,00000402,00000000,00000000) ret=7b1b183b
241824.748:0160:Ret  user32.PostMessageW() retval=00000001 ret=7b1b183b
241824.801:0160:Ret  window proc 7B1B1ED0 (hwnd=00010060,msg=WM_USER,wp=00000124,lp=00000001) retval=00000000
241824.801:0160:Call hook proc 7B1B1DE0 (id=WH_GETMESSAGE,code=0,wp=00000001,lp=0026df2c)
241824.801:0160:Ret  hook proc 7B1B1DE0 (id=WH_GETMESSAGE,code=0,wp=00000001,lp=0026df2c) retval=00000000
241824.801:0160:Call window proc 7B1B1ED0 (hwnd=00010060,msg=WM_USER+2,wp=00000000,lp=00000000)
241824.802:0160:Ret  window proc 7B1B1ED0 (hwnd=00010060,msg=WM_USER+2,wp=00000000,lp=00000000) retval=00000000
241824.802:0160:Call hook proc 7B1B1DE0 (id=WH_GETMESSAGE,code=0,wp=00000001,lp=0026df2c)
241824.802:0160:Ret  hook proc 7B1B1DE0 (id=WH_GETMESSAGE,code=0,wp=00000001,lp=0026df2c) retval=00000000
241824.802:0160:Call window proc 7B1B1ED0 (hwnd=00010060,msg=WM_USER,wp=00000124,lp=00000001)
241824.802:0160:Call user32.PostMessageW(00010060,00000402,00000000,00000000) ret=7b1b183b
241824.802:0160:Ret  user32.PostMessageW() retval=00000001 ret=7b1b183b
241824.854:0160:Ret  window proc 7B1B1ED0 (hwnd=00010060,msg=WM_USER,wp=00000124,lp=00000001) retval=00000000
241824.854:0160:Call hook proc 7B1B1DE0 (id=WH_GETMESSAGE,code=0,wp=00000001,lp=0026df2c)
241824.854:0160:Ret  hook proc 7B1B1DE0 (id=WH_GETMESSAGE,code=0,wp=00000001,lp=0026df2c) retval=00000000
241824.854:0160:Call window proc 7B1B1ED0 (hwnd=00010060,msg=WM_USER+2,wp=00000000,lp=00000000)
241824.855:0160:Ret  window proc 7B1B1ED0 (hwnd=00010060,msg=WM_USER+2,wp=00000000,lp=00000000) retval=00000000
241824.855:0160:Call hook proc 7B1B1DE0 (id=WH_GETMESSAGE,code=0,wp=00000001,lp=0026df2c)
241824.855:0160:Ret  hook proc 7B1B1DE0 (id=WH_GETMESSAGE,code=0,wp=00000001,lp=0026df2c) retval=00000000
241824.855:0160:Call window proc 7B1B1ED0 (hwnd=00010060,msg=WM_USER,wp=00000124,lp=00000001)
241824.855:0160:Call user32.PostMessageW(00010060,00000402,00000000,00000000) ret=7b1b183b
241824.855:0160:Ret  user32.PostMessageW() retval=00000001 ret=7b1b183b
241824.906:0160:Ret  window proc 7B1B1ED0 (hwnd=00010060,msg=WM_USER,wp=00000124,lp=00000001) retval=00000000
241824.906:0160:Call hook proc 7B1B1DE0 (id=WH_GETMESSAGE,code=0,wp=00000001,lp=0026df2c)
241824.906:0160:Ret  hook proc 7B1B1DE0 (id=WH_GETMESSAGE,code=0,wp=00000001,lp=0026df2c) retval=00000000
241824.906:0160:Call window proc 7B1B1ED0 (hwnd=00010060,msg=WM_USER+2,wp=00000000,lp=00000000)
241824.906:0160:Ret  window proc 7B1B1ED0 (hwnd=00010060,msg=WM_USER+2,wp=00000000,lp=00000000) retval=00000000
241824.906:0160:Call hook proc 7B1B1DE0 (id=WH_GETMESSAGE,code=0,wp=00000001,lp=0026df2c)
241824.906:0160:Ret  hook proc 7B1B1DE0 (id=WH_GETMESSAGE,code=0,wp=00000001,lp=0026df2c) retval=00000000
241824.906:0160:Call window proc 7B1B1ED0 (hwnd=00010060,msg=WM_USER,wp=00000124,lp=00000001)
241824.906:0160:Call user32.PostMessageW(00010060,00000402,00000000,00000000) ret=7b1b183b
241824.906:0160:Ret  user32.PostMessageW() retval=00000001 ret=7b1b183b
241824.957:0160:Ret  window proc 7B1B1ED0 (hwnd=00010060,msg=WM_USER,wp=00000124,lp=00000001) retval=00000000
241824.957:0160:Call hook proc 7B1B1DE0 (id=WH_GETMESSAGE,code=0,wp=00000001,lp=0026df2c)
241824.957:0160:Ret  hook proc 7B1B1DE0 (id=WH_GETMESSAGE,code=0,wp=00000001,lp=0026df2c) retval=00000000
241824.957:0160:Call window proc 7B1B1ED0 (hwnd=00010060,msg=WM_USER+2,wp=00000000,lp=00000000)
241824.957:0160:Ret  window proc 7B1B1ED0 (hwnd=00010060,msg=WM_USER+2,wp=00000000,lp=00000000) retval=00000000
241824.957:0160:Call hook proc 7B1B1DE0 (id=WH_GETMESSAGE,code=0,wp=00000001,lp=0026df2c)
241824.957:0160:Ret  hook proc 7B1B1DE0 (id=WH_GETMESSAGE,code=0,wp=00000001,lp=0026df2c) retval=00000000
241824.957:0160:Call window proc 7B1B1ED0 (hwnd=00010060,msg=WM_USER,wp=00000124,lp=00000001)
241824.957:0160:Call user32.PostMessageW(00010060,00000402,00000000,00000000) ret=7b1b183b
241824.957:0160:Ret  user32.PostMessageW() retval=00000001 ret=7b1b183b
241825.008:0160:Ret  window proc 7B1B1ED0 (hwnd=00010060,msg=WM_USER,wp=00000124,lp=00000001) retval=00000000
241825.008:0160:Call hook proc 7B1B1DE0 (id=WH_GETMESSAGE,code=0,wp=00000001,lp=0026df2c)
241825.008:0160:Ret  hook proc 7B1B1DE0 (id=WH_GETMESSAGE,code=0,wp=00000001,lp=0026df2c) retval=00000000
241825.008:0160:Call window proc 7B1B1ED0 (hwnd=00010060,msg=WM_USER+2,wp=00000000,lp=00000000)
241825.008:0160:Ret  window proc 7B1B1ED0 (hwnd=00010060,msg=WM_USER+2,wp=00000000,lp=00000000) retval=00000000
241825.008:0160:Call hook proc 7B1B1DE0 (id=WH_GETMESSAGE,code=0,wp=00000001,lp=0026df2c)
241825.008:0160:Ret  hook proc 7B1B1DE0 (id=WH_GETMESSAGE,code=0,wp=00000001,lp=0026df2c) retval=00000000
241825.008:0160:Call window proc 7B1B1ED0 (hwnd=00010060,msg=WM_USER,wp=00000124,lp=00000001)
241825.008:0160:Call user32.PostMessageW(00010060,00000402,00000000,00000000) ret=7b1b183b
241825.009:0160:Ret  user32.PostMessageW() retval=00000001 ret=7b1b183b
241825.070:0160:Ret  window proc 7B1B1ED0 (hwnd=00010060,msg=WM_USER,wp=00000124,lp=00000001) retval=00000000
241825.070:0160:Call hook proc 7B1B1DE0 (id=WH_GETMESSAGE,code=0,wp=00000001,lp=0026df2c)
241825.070:0160:Ret  hook proc 7B1B1DE0 (id=WH_GETMESSAGE,code=0,wp=00000001,lp=0026df2c) retval=00000000
241825.070:0160:Call window proc 7B1B1ED0 (hwnd=00010060,msg=WM_USER+2,wp=00000000,lp=00000000)
241825.070:0160:Ret  window proc 7B1B1ED0 (hwnd=00010060,msg=WM_USER+2,wp=00000000,lp=00000000) retval=00000000
241825.070:0160:Call hook proc 7B1B1DE0 (id=WH_GETMESSAGE,code=0,wp=00000001,lp=0026df2c)
241825.070:0160:Ret  hook proc 7B1B1DE0 (id=WH_GETMESSAGE,code=0,wp=00000001,lp=0026df2c) retval=00000000
241825.070:0160:Call window proc 7B1B1ED0 (hwnd=00010060,msg=WM_USER,wp=00000124,lp=00000001)
241825.070:0160:Call user32.PostMessageW(00010060,00000402,00000000,00000000) ret=7b1b183b
241825.070:0160:Ret  user32.PostMessageW() retval=00000001 ret=7b1b183b
241825.121:0160:Ret  window proc 7B1B1ED0 (hwnd=00010060,msg=WM_USER,wp=00000124,lp=00000001) retval=00000000
241825.121:0160:Call hook proc 7B1B1DE0 (id=WH_GETMESSAGE,code=0,wp=00000001,lp=0026df2c)
241825.121:0160:Ret  hook proc 7B1B1DE0 (id=WH_GETMESSAGE,code=0,wp=00000001,lp=0026df2c) retval=00000000
241825.121:0160:Call window proc 7B1B1ED0 (hwnd=00010060,msg=WM_USER+2,wp=00000000,lp=00000000)
241825.122:0160:Ret  window proc 7B1B1ED0 (hwnd=00010060,msg=WM_USER+2,wp=00000000,lp=00000000) retval=00000000
241825.122:0160:Call hook proc 7B1B1DE0 (id=WH_GETMESSAGE,code=0,wp=00000001,lp=0026df2c)
241825.122:0160:Ret  hook proc 7B1B1DE0 (id=WH_GETMESSAGE,code=0,wp=00000001,lp=0026df2c) retval=00000000
241825.122:0160:Call window proc 7B1B1ED0 (hwnd=00010060,msg=WM_USER,wp=00000124,lp=00000001)
241825.122:0160:Call user32.PostMessageW(00010060,00000402,00000000,00000000) ret=7b1b183b
241825.122:0160:Ret  user32.PostMessageW() retval=00000001 ret=7b1b183b
241825.182:0160:Ret  window proc 7B1B1ED0 (hwnd=00010060,msg=WM_USER,wp=00000124,lp=00000001) retval=00000000
241825.182:0160:Call hook proc 7B1B1DE0 (id=WH_GETMESSAGE,code=0,wp=00000001,lp=0026df2c)
241825.182:0160:Ret  hook proc 7B1B1DE0 (id=WH_GETMESSAGE,code=0,wp=00000001,lp=0026df2c) retval=00000000
241825.182:0160:Call window proc 7B1B1ED0 (hwnd=00010060,msg=WM_USER+2,wp=00000000,lp=00000000)
241825.182:0160:Ret  window proc 7B1B1ED0 (hwnd=00010060,msg=WM_USER+2,wp=00000000,lp=00000000) retval=00000000
241825.182:0160:Call hook proc 7B1B1DE0 (id=WH_GETMESSAGE,code=0,wp=00000001,lp=0026df2c)
241825.183:0160:Ret  hook proc 7B1B1DE0 (id=WH_GETMESSAGE,code=0,wp=00000001,lp=0026df2c) retval=00000000
241825.183:0160:Call window proc 7B1B1ED0 (hwnd=00010060,msg=WM_USER,wp=00000124,lp=00000001)
241825.183:0160:Call user32.PostMessageW(00010060,00000402,00000000,00000000) ret=7b1b183b
241825.183:0160:Ret  user32.PostMessageW() retval=00000001 ret=7b1b183b
241825.243:0160:Ret  window proc 7B1B1ED0 (hwnd=00010060,msg=WM_USER,wp=00000124,lp=00000001) retval=00000000
241825.244:0160:Call hook proc 7B1B1DE0 (id=WH_GETMESSAGE,code=0,wp=00000001,lp=0026df2c)
241825.244:0160:Ret  hook proc 7B1B1DE0 (id=WH_GETMESSAGE,code=0,wp=00000001,lp=0026df2c) retval=00000000
241825.244:0160:Call window proc 7B1B1ED0 (hwnd=00010060,msg=WM_USER+2,wp=00000000,lp=00000000)
241825.244:0160:Ret  window proc 7B1B1ED0 (hwnd=00010060,msg=WM_USER+2,wp=00000000,lp=00000000) retval=00000000
241825.244:0160:Call hook proc 7B1B1DE0 (id=WH_GETMESSAGE,code=0,wp=00000001,lp=0026df2c)
241825.244:0160:Ret  hook proc 7B1B1DE0 (id=WH_GETMESSAGE,code=0,wp=00000001,lp=0026df2c) retval=00000000
241825.244:0160:Call window proc 7B1B1ED0 (hwnd=00010060,msg=WM_USER,wp=00000124,lp=00000001)
241825.244:0160:Call user32.PostMessageW(00010060,00000402,00000000,00000000) ret=7b1b183b
241825.244:0160:Ret  user32.PostMessageW() retval=00000001 ret=7b1b183b
241825.305:0160:Ret  window proc 7B1B1ED0 (hwnd=00010060,msg=WM_USER,wp=00000124,lp=00000001) retval=00000000
241825.305:0160:Call hook proc 7B1B1DE0 (id=WH_GETMESSAGE,code=0,wp=00000001,lp=0026df2c)
241825.305:0160:Ret  hook proc 7B1B1DE0 (id=WH_GETMESSAGE,code=0,wp=00000001,lp=0026df2c) retval=00000000
241825.305:0160:Call window proc 7B1B1ED0 (hwnd=00010060,msg=WM_USER+2,wp=00000000,lp=00000000)
241825.305:0160:Ret  window proc 7B1B1ED0 (hwnd=00010060,msg=WM_USER+2,wp=00000000,lp=00000000) retval=00000000
241825.305:0160:Call hook proc 7B1B1DE0 (id=WH_GETMESSAGE,code=0,wp=00000001,lp=0026df2c)
241825.305:0160:Ret  hook proc 7B1B1DE0 (id=WH_GETMESSAGE,code=0,wp=00000001,lp=0026df2c) retval=00000000
241825.305:0160:Call window proc 7B1B1ED0 (hwnd=00010060,msg=WM_USER,wp=00000124,lp=00000001)
241825.305:0160:Call user32.PostMessageW(00010060,00000402,00000000,00000000) ret=7b1b183b
241825.305:0160:Ret  user32.PostMessageW() retval=00000001 ret=7b1b183b
241825.366:0160:Ret  window proc 7B1B1ED0 (hwnd=00010060,msg=WM_USER,wp=00000124,lp=00000001) retval=00000000
241825.366:0160:Call hook proc 7B1B1DE0 (id=WH_GETMESSAGE,code=0,wp=00000001,lp=0026df2c)
241825.366:0160:Ret  hook proc 7B1B1DE0 (id=WH_GETMESSAGE,code=0,wp=00000001,lp=0026df2c) retval=00000000
241825.366:0160:Call window proc 7B1B1ED0 (hwnd=00010060,msg=WM_USER+2,wp=00000000,lp=00000000)
241825.366:0160:Ret  window proc 7B1B1ED0 (hwnd=00010060,msg=WM_USER+2,wp=00000000,lp=00000000) retval=00000000
241825.366:0160:Call hook proc 7B1B1DE0 (id=WH_GETMESSAGE,code=0,wp=00000001,lp=0026df2c)
241825.366:0160:Ret  hook proc 7B1B1DE0 (id=WH_GETMESSAGE,code=0,wp=00000001,lp=0026df2c) retval=00000000
241825.366:0160:Call window proc 7B1B1ED0 (hwnd=00010060,msg=WM_USER,wp=00000124,lp=00000001)
241825.366:0160:Call user32.PostMessageW(00010060,00000402,00000000,00000000) ret=7b1b183b
241825.366:0160:Ret  user32.PostMessageW() retval=00000001 ret=7b1b183b
241825.426:0160:Ret  window proc 7B1B1ED0 (hwnd=00010060,msg=WM_USER,wp=00000124,lp=00000001) retval=00000000
241825.426:0160:Call hook proc 7B1B1DE0 (id=WH_GETMESSAGE,code=0,wp=00000001,lp=0026df2c)
241825.426:0160:Ret  hook proc 7B1B1DE0 (id=WH_GETMESSAGE,code=0,wp=00000001,lp=0026df2c) retval=00000000
241825.426:0160:Call window proc 7B1B1ED0 (hwnd=00010060,msg=WM_USER+2,wp=00000000,lp=00000000)
241825.427:0160:Ret  window proc 7B1B1ED0 (hwnd=00010060,msg=WM_USER+2,wp=00000000,lp=00000000) retval=00000000
241825.427:0160:Call hook proc 7B1B1DE0 (id=WH_GETMESSAGE,code=0,wp=00000001,lp=0026df2c)
241825.427:0160:Ret  hook proc 7B1B1DE0 (id=WH_GETMESSAGE,code=0,wp=00000001,lp=0026df2c) retval=00000000
241825.427:0160:Call window proc 7B1B1ED0 (hwnd=00010060,msg=WM_USER,wp=00000124,lp=00000001)
241825.427:0160:Call user32.PostMessageW(00010060,00000402,00000000,00000000) ret=7b1b183b
241825.427:0160:Ret  user32.PostMessageW() retval=00000001 ret=7b1b183b
241825.487:0160:Ret  window proc 7B1B1ED0 (hwnd=00010060,msg=WM_USER,wp=00000124,lp=00000001) retval=00000000
241825.487:0160:Call hook proc 7B1B1DE0 (id=WH_GETMESSAGE,code=0,wp=00000001,lp=0026df2c)
241825.488:0160:Ret  hook proc 7B1B1DE0 (id=WH_GETMESSAGE,code=0,wp=00000001,lp=0026df2c) retval=00000000
241825.488:0160:Call window proc 7B1B1ED0 (hwnd=00010060,msg=WM_USER+2,wp=00000000,lp=00000000)
241825.488:0160:Ret  window proc 7B1B1ED0 (hwnd=00010060,msg=WM_USER+2,wp=00000000,lp=00000000) retval=00000000
241825.488:0160:Call hook proc 7B1B1DE0 (id=WH_GETMESSAGE,code=0,wp=00000001,lp=0026df2c)
241825.488:0160:Ret  hook proc 7B1B1DE0 (id=WH_GETMESSAGE,code=0,wp=00000001,lp=0026df2c) retval=00000000
241825.488:0160:Call window proc 7B1B1ED0 (hwnd=00010060,msg=WM_USER,wp=00000124,lp=00000001)
241825.488:0160:Call user32.PostMessageW(00010060,00000402,00000000,00000000) ret=7b1b183b
241825.488:0160:Ret  user32.PostMessageW() retval=00000001 ret=7b1b183b
241825.548:0160:Ret  window proc 7B1B1ED0 (hwnd=00010060,msg=WM_USER,wp=00000124,lp=00000001) retval=00000000
241825.549:0160:Call hook proc 7B1B1DE0 (id=WH_GETMESSAGE,code=0,wp=00000001,lp=0026df2c)
241825.549:0160:Ret  hook proc 7B1B1DE0 (id=WH_GETMESSAGE,code=0,wp=00000001,lp=0026df2c) retval=00000000
241825.549:0160:Call window proc 7B1B1ED0 (hwnd=00010060,msg=WM_USER+2,wp=00000000,lp=00000000)
241825.549:0160:Ret  window proc 7B1B1ED0 (hwnd=00010060,msg=WM_USER+2,wp=00000000,lp=00000000) retval=00000000
241825.549:0160:Call hook proc 7B1B1DE0 (id=WH_GETMESSAGE,code=0,wp=00000001,lp=0026df2c)
241825.550:0160:Ret  hook proc 7B1B1DE0 (id=WH_GETMESSAGE,code=0,wp=00000001,lp=0026df2c) retval=00000000
241825.550:0160:Call window proc 7B1B1ED0 (hwnd=00010060,msg=WM_USER,wp=00000124,lp=00000001)
241825.550:0160:Call user32.PostMessageW(00010060,00000402,00000000,00000000) ret=7b1b183b
241825.550:0160:Ret  user32.PostMessageW() retval=00000001 ret=7b1b183b
241825.602:0160:Ret  window proc 7B1B1ED0 (hwnd=00010060,msg=WM_USER,wp=00000124,lp=00000001) retval=00000000
241825.602:0160:Call hook proc 7B1B1DE0 (id=WH_GETMESSAGE,code=0,wp=00000001,lp=0026df2c)
241825.602:0160:Ret  hook proc 7B1B1DE0 (id=WH_GETMESSAGE,code=0,wp=00000001,lp=0026df2c) retval=00000000
241825.602:0160:Call window proc 7B1B1ED0 (hwnd=00010060,msg=WM_USER+2,wp=00000000,lp=00000000)
241825.602:0160:Ret  window proc 7B1B1ED0 (hwnd=00010060,msg=WM_USER+2,wp=00000000,lp=00000000) retval=00000000
241825.602:0160:Call hook proc 7B1B1DE0 (id=WH_GETMESSAGE,code=0,wp=00000001,lp=0026df2c)
241825.602:0160:Ret  hook proc 7B1B1DE0 (id=WH_GETMESSAGE,code=0,wp=00000001,lp=0026df2c) retval=00000000
241825.602:0160:Call window proc 7B1B1ED0 (hwnd=00010060,msg=WM_USER,wp=00000124,lp=00000001)
241825.602:0160:Call user32.PostMessageW(00010060,00000402,00000000,00000000) ret=7b1b183b
241825.603:0160:Ret  user32.PostMessageW() retval=00000001 ret=7b1b183b
241825.663:0160:Ret  window proc 7B1B1ED0 (hwnd=00010060,msg=WM_USER,wp=00000124,lp=00000001) retval=00000000
241825.663:0160:Call hook proc 7B1B1DE0 (id=WH_GETMESSAGE,code=0,wp=00000001,lp=0026df2c)
241825.663:0160:Ret  hook proc 7B1B1DE0 (id=WH_GETMESSAGE,code=0,wp=00000001,lp=0026df2c) retval=00000000
241825.664:0160:Call window proc 7B1B1ED0 (hwnd=00010060,msg=WM_USER+2,wp=00000000,lp=00000000)
241825.664:0160:Ret  window proc 7B1B1ED0 (hwnd=00010060,msg=WM_USER+2,wp=00000000,lp=00000000) retval=00000000
241825.664:0160:Call hook proc 7B1B1DE0 (id=WH_GETMESSAGE,code=0,wp=00000001,lp=0026df2c)
241825.664:0160:Ret  hook proc 7B1B1DE0 (id=WH_GETMESSAGE,code=0,wp=00000001,lp=0026df2c) retval=00000000
241825.664:0160:Call window proc 7B1B1ED0 (hwnd=00010060,msg=WM_USER,wp=00000124,lp=00000001)
241825.664:0160:Call user32.PostMessageW(00010060,00000402,00000000,00000000) ret=7b1b183b
241825.664:0160:Ret  user32.PostMessageW() retval=00000001 ret=7b1b183b
241825.725:0160:Ret  window proc 7B1B1ED0 (hwnd=00010060,msg=WM_USER,wp=00000124,lp=00000001) retval=00000000
241825.725:0160:Call hook proc 7B1B1DE0 (id=WH_GETMESSAGE,code=0,wp=00000001,lp=0026df2c)
241825.725:0160:Ret  hook proc 7B1B1DE0 (id=WH_GETMESSAGE,code=0,wp=00000001,lp=0026df2c) retval=00000000
241825.726:0160:Call window proc 7B1B1ED0 (hwnd=00010060,msg=WM_USER+2,wp=00000000,lp=00000000)
241825.726:0160:Ret  window proc 7B1B1ED0 (hwnd=00010060,msg=WM_USER+2,wp=00000000,lp=00000000) retval=00000000
241825.726:0160:Call hook proc 7B1B1DE0 (id=WH_GETMESSAGE,code=0,wp=00000001,lp=0026df2c)
241825.726:0160:Ret  hook proc 7B1B1DE0 (id=WH_GETMESSAGE,code=0,wp=00000001,lp=0026df2c) retval=00000000
241825.726:0160:Call window proc 7B1B1ED0 (hwnd=00010060,msg=WM_USER,wp=00000124,lp=00000001)
241825.726:0160:Call user32.PostMessageW(00010060,00000402,00000000,00000000) ret=7b1b183b
241825.726:0160:Ret  user32.PostMessageW() retval=00000001 ret=7b1b183b
241825.777:0160:Ret  window proc 7B1B1ED0 (hwnd=00010060,msg=WM_USER,wp=00000124,lp=00000001) retval=00000000
241825.777:0160:Call hook proc 7B1B1DE0 (id=WH_GETMESSAGE,code=0,wp=00000001,lp=0026df2c)
241825.777:0160:Ret  hook proc 7B1B1DE0 (id=WH_GETMESSAGE,code=0,wp=00000001,lp=0026df2c) retval=00000000
241825.777:0160:Call window proc 7B1B1ED0 (hwnd=00010060,msg=WM_USER+2,wp=00000000,lp=00000000)
241825.777:0160:Ret  window proc 7B1B1ED0 (hwnd=00010060,msg=WM_USER+2,wp=00000000,lp=00000000) retval=00000000
241825.777:0160:Call hook proc 7B1B1DE0 (id=WH_GETMESSAGE,code=0,wp=00000001,lp=0026df2c)
241825.777:0160:Ret  hook proc 7B1B1DE0 (id=WH_GETMESSAGE,code=0,wp=00000001,lp=0026df2c) retval=00000000
241825.777:0160:Call window proc 7B1B1ED0 (hwnd=00010060,msg=WM_USER,wp=00000124,lp=00000001)
241825.777:0160:Call user32.PostMessageW(00010060,00000402,00000000,00000000) ret=7b1b183b
241825.777:0160:Ret  user32.PostMessageW() retval=00000001 ret=7b1b183b
241825.828:0160:Ret  window proc 7B1B1ED0 (hwnd=00010060,msg=WM_USER,wp=00000124,lp=00000001) retval=00000000
241825.828:0160:Call hook proc 7B1B1DE0 (id=WH_GETMESSAGE,code=0,wp=00000001,lp=0026df2c)
241825.828:0160:Ret  hook proc 7B1B1DE0 (id=WH_GETMESSAGE,code=0,wp=00000001,lp=0026df2c) retval=00000000
241825.828:0160:Call window proc 7B1B1ED0 (hwnd=00010060,msg=WM_USER+2,wp=00000000,lp=00000000)
241825.828:0160:Ret  window proc 7B1B1ED0 (hwnd=00010060,msg=WM_USER+2,wp=00000000,lp=00000000) retval=00000000
241825.828:0160:Call hook proc 7B1B1DE0 (id=WH_GETMESSAGE,code=0,wp=00000001,lp=0026df2c)
241825.828:0160:Ret  hook proc 7B1B1DE0 (id=WH_GETMESSAGE,code=0,wp=00000001,lp=0026df2c) retval=00000000
241825.828:0160:Call window proc 7B1B1ED0 (hwnd=00010060,msg=WM_USER,wp=00000124,lp=00000001)
241825.828:0160:Call user32.PostMessageW(00010060,00000402,00000000,00000000) ret=7b1b183b
241825.828:0160:Ret  user32.PostMessageW() retval=00000001 ret=7b1b183b
241825.879:0160:Ret  window proc 7B1B1ED0 (hwnd=00010060,msg=WM_USER,wp=00000124,lp=00000001) retval=00000000
241825.879:0160:Call hook proc 7B1B1DE0 (id=WH_GETMESSAGE,code=0,wp=00000001,lp=0026df2c)
241825.879:0160:Ret  hook proc 7B1B1DE0 (id=WH_GETMESSAGE,code=0,wp=00000001,lp=0026df2c) retval=00000000
241825.879:0160:Call window proc 7B1B1ED0 (hwnd=00010060,msg=WM_USER+2,wp=00000000,lp=00000000)
241825.879:0160:Ret  window proc 7B1B1ED0 (hwnd=00010060,msg=WM_USER+2,wp=00000000,lp=00000000) retval=00000000
241825.879:0160:Call hook proc 7B1B1DE0 (id=WH_GETMESSAGE,code=0,wp=00000001,lp=0026df2c)
241825.880:0160:Ret  hook proc 7B1B1DE0 (id=WH_GETMESSAGE,code=0,wp=00000001,lp=0026df2c) retval=00000000
241825.880:0160:Call window proc 7B1B1ED0 (hwnd=00010060,msg=WM_USER,wp=00000124,lp=00000001)
241825.880:0160:Call user32.PostMessageW(00010060,00000402,00000000,00000000) ret=7b1b183b
241825.880:0160:Ret  user32.PostMessageW() retval=00000001 ret=7b1b183b
241825.931:0160:Ret  window proc 7B1B1ED0 (hwnd=00010060,msg=WM_USER,wp=00000124,lp=00000001) retval=00000000
241825.931:0160:Call hook proc 7B1B1DE0 (id=WH_GETMESSAGE,code=0,wp=00000001,lp=0026df2c)
241825.931:0160:Ret  hook proc 7B1B1DE0 (id=WH_GETMESSAGE,code=0,wp=00000001,lp=0026df2c) retval=00000000
241825.931:0160:Call window proc 7B1B1ED0 (hwnd=00010060,msg=WM_USER+2,wp=00000000,lp=00000000)
241825.931:0160:Ret  window proc 7B1B1ED0 (hwnd=00010060,msg=WM_USER+2,wp=00000000,lp=00000000) retval=00000000
241825.931:0160:Call hook proc 7B1B1DE0 (id=WH_GETMESSAGE,code=0,wp=00000001,lp=0026df2c)
241825.931:0160:Ret  hook proc 7B1B1DE0 (id=WH_GETMESSAGE,code=0,wp=00000001,lp=0026df2c) retval=00000000
241825.931:0160:Call window proc 7B1B1ED0 (hwnd=00010060,msg=WM_USER,wp=00000124,lp=00000001)
241825.931:0160:Call user32.PostMessageW(00010060,00000402,00000000,00000000) ret=7b1b183b
241825.931:0160:Ret  user32.PostMessageW() retval=00000001 ret=7b1b183b
241825.983:0160:Ret  window proc 7B1B1ED0 (hwnd=00010060,msg=WM_USER,wp=00000124,lp=00000001) retval=00000000
241825.983:0160:Call hook proc 7B1B1DE0 (id=WH_GETMESSAGE,code=0,wp=00000001,lp=0026df2c)
241825.983:0160:Ret  hook proc 7B1B1DE0 (id=WH_GETMESSAGE,code=0,wp=00000001,lp=0026df2c) retval=00000000
241825.983:0160:Call window proc 7B1B1ED0 (hwnd=00010060,msg=WM_USER+2,wp=00000000,lp=00000000)
241825.983:0160:Ret  window proc 7B1B1ED0 (hwnd=00010060,msg=WM_USER+2,wp=00000000,lp=00000000) retval=00000000
241825.983:0160:Call hook proc 7B1B1DE0 (id=WH_GETMESSAGE,code=0,wp=00000001,lp=0026df2c)
241825.983:0160:Ret  hook proc 7B1B1DE0 (id=WH_GETMESSAGE,code=0,wp=00000001,lp=0026df2c) retval=00000000
241825.983:0160:Call window proc 7B1B1ED0 (hwnd=00010060,msg=WM_USER,wp=00000124,lp=00000001)
241825.983:0160:Call user32.PostMessageW(00010060,00000402,00000000,00000000) ret=7b1b183b
241825.983:0160:Ret  user32.PostMessageW() retval=00000001 ret=7b1b183b
241826.034:0160:Ret  window proc 7B1B1ED0 (hwnd=00010060,msg=WM_USER,wp=00000124,lp=00000001) retval=00000000
241826.034:0160:Call hook proc 7B1B1DE0 (id=WH_GETMESSAGE,code=0,wp=00000001,lp=0026df2c)
241826.035:0160:Ret  hook proc 7B1B1DE0 (id=WH_GETMESSAGE,code=0,wp=00000001,lp=0026df2c) retval=00000000
241826.035:0160:Call window proc 7B1B1ED0 (hwnd=00010060,msg=WM_USER+2,wp=00000000,lp=00000000)
241826.035:0160:Ret  window proc 7B1B1ED0 (hwnd=00010060,msg=WM_USER+2,wp=00000000,lp=00000000) retval=00000000
241826.035:0160:Call hook proc 7B1B1DE0 (id=WH_GETMESSAGE,code=0,wp=00000001,lp=0026df2c)
241826.035:0160:Ret  hook proc 7B1B1DE0 (id=WH_GETMESSAGE,code=0,wp=00000001,lp=0026df2c) retval=00000000
241826.035:0160:Call window proc 7B1B1ED0 (hwnd=00010060,msg=WM_USER,wp=00000124,lp=00000001)
241826.035:0160:Call user32.PostMessageW(00010060,00000402,00000000,00000000) ret=7b1b183b
241826.035:0160:Ret  user32.PostMessageW() retval=00000001 ret=7b1b183b
241826.086:0160:Ret  window proc 7B1B1ED0 (hwnd=00010060,msg=WM_USER,wp=00000124,lp=00000001) retval=00000000
241826.086:0160:Call hook proc 7B1B1DE0 (id=WH_GETMESSAGE,code=0,wp=00000001,lp=0026df2c)
241826.086:0160:Ret  hook proc 7B1B1DE0 (id=WH_GETMESSAGE,code=0,wp=00000001,lp=0026df2c) retval=00000000
241826.086:0160:Call window proc 7B1B1ED0 (hwnd=00010060,msg=WM_USER+2,wp=00000000,lp=00000000)
241826.086:0160:Ret  window proc 7B1B1ED0 (hwnd=00010060,msg=WM_USER+2,wp=00000000,lp=00000000) retval=00000000
241826.086:0160:Call hook proc 7B1B1DE0 (id=WH_GETMESSAGE,code=0,wp=00000001,lp=0026df2c)
241826.086:0160:Ret  hook proc 7B1B1DE0 (id=WH_GETMESSAGE,code=0,wp=00000001,lp=0026df2c) retval=00000000
241826.086:0160:Call window proc 7B1B1ED0 (hwnd=00010060,msg=WM_USER,wp=00000124,lp=00000001)
241826.086:0160:Call user32.PostMessageW(00010060,00000402,00000000,00000000) ret=7b1b183b
241826.086:0160:Ret  user32.PostMessageW() retval=00000001 ret=7b1b183b
241826.137:0160:Ret  window proc 7B1B1ED0 (hwnd=00010060,msg=WM_USER,wp=00000124,lp=00000001) retval=00000000
241826.137:0160:Call hook proc 7B1B1DE0 (id=WH_GETMESSAGE,code=0,wp=00000001,lp=0026df2c)
241826.137:0160:Ret  hook proc 7B1B1DE0 (id=WH_GETMESSAGE,code=0,wp=00000001,lp=0026df2c) retval=00000000
241826.137:0160:Call window proc 7B1B1ED0 (hwnd=00010060,msg=WM_USER+2,wp=00000000,lp=00000000)
241826.137:0160:Ret  window proc 7B1B1ED0 (hwnd=00010060,msg=WM_USER+2,wp=00000000,lp=00000000) retval=00000000
241826.137:0160:Call hook proc 7B1B1DE0 (id=WH_GETMESSAGE,code=0,wp=00000001,lp=0026df2c)
241826.137:0160:Ret  hook proc 7B1B1DE0 (id=WH_GETMESSAGE,code=0,wp=00000001,lp=0026df2c) retval=00000000
241826.137:0160:Call window proc 7B1B1ED0 (hwnd=00010060,msg=WM_USER,wp=00000124,lp=00000001)
241826.137:0160:Call user32.PostMessageW(00010060,00000402,00000000,00000000) ret=7b1b183b
241826.137:0160:Ret  user32.PostMessageW() retval=00000001 ret=7b1b183b
241826.188:0160:Ret  window proc 7B1B1ED0 (hwnd=00010060,msg=WM_USER,wp=00000124,lp=00000001) retval=00000000
241826.188:0160:Call hook proc 7B1B1DE0 (id=WH_GETMESSAGE,code=0,wp=00000001,lp=0026df2c)
241826.188:0160:Ret  hook proc 7B1B1DE0 (id=WH_GETMESSAGE,code=0,wp=00000001,lp=0026df2c) retval=00000000
241826.188:0160:Call window proc 7B1B1ED0 (hwnd=00010060,msg=WM_USER+2,wp=00000000,lp=00000000)
241826.188:0160:Ret  window proc 7B1B1ED0 (hwnd=00010060,msg=WM_USER+2,wp=00000000,lp=00000000) retval=00000000
241826.188:0160:Call hook proc 7B1B1DE0 (id=WH_GETMESSAGE,code=0,wp=00000001,lp=0026df2c)
241826.188:0160:Ret  hook proc 7B1B1DE0 (id=WH_GETMESSAGE,code=0,wp=00000001,lp=0026df2c) retval=00000000
241826.188:0160:Call window proc 7B1B1ED0 (hwnd=00010060,msg=WM_USER,wp=00000124,lp=00000001)
241826.188:0160:Call user32.PostMessageW(00010060,00000402,00000000,00000000) ret=7b1b183b
241826.188:0160:Ret  user32.PostMessageW() retval=00000001 ret=7b1b183b
241826.239:0160:Ret  window proc 7B1B1ED0 (hwnd=00010060,msg=WM_USER,wp=00000124,lp=00000001) retval=00000000
241826.239:0160:Call hook proc 7B1B1DE0 (id=WH_GETMESSAGE,code=0,wp=00000001,lp=0026df2c)
241826.239:0160:Ret  hook proc 7B1B1DE0 (id=WH_GETMESSAGE,code=0,wp=00000001,lp=0026df2c) retval=00000000
241826.239:0160:Call window proc 7B1B1ED0 (hwnd=00010060,msg=WM_USER+2,wp=00000000,lp=00000000)
241826.239:0160:Ret  window proc 7B1B1ED0 (hwnd=00010060,msg=WM_USER+2,wp=00000000,lp=00000000) retval=00000000
241826.239:0160:Call hook proc 7B1B1DE0 (id=WH_GETMESSAGE,code=0,wp=00000001,lp=0026df2c)
241826.239:0160:Ret  hook proc 7B1B1DE0 (id=WH_GETMESSAGE,code=0,wp=00000001,lp=0026df2c) retval=00000000
241826.239:0160:Call window proc 7B1B1ED0 (hwnd=00010060,msg=WM_USER,wp=00000124,lp=00000001)
241826.239:0160:Call user32.PostMessageW(00010060,00000402,00000000,00000000) ret=7b1b183b
241826.239:0160:Ret  user32.PostMessageW() retval=00000001 ret=7b1b183b
241826.290:0160:Ret  window proc 7B1B1ED0 (hwnd=00010060,msg=WM_USER,wp=00000124,lp=00000001) retval=00000000
241826.290:0160:Call hook proc 7B1B1DE0 (id=WH_GETMESSAGE,code=0,wp=00000001,lp=0026df2c)
241826.290:0160:Ret  hook proc 7B1B1DE0 (id=WH_GETMESSAGE,code=0,wp=00000001,lp=0026df2c) retval=00000000
241826.290:0160:Call window proc 7B1B1ED0 (hwnd=00010060,msg=WM_USER+2,wp=00000000,lp=00000000)
241826.290:0160:Ret  window proc 7B1B1ED0 (hwnd=00010060,msg=WM_USER+2,wp=00000000,lp=00000000) retval=00000000
241826.290:0160:Call hook proc 7B1B1DE0 (id=WH_GETMESSAGE,code=0,wp=00000001,lp=0026df2c)
241826.290:0160:Ret  hook proc 7B1B1DE0 (id=WH_GETMESSAGE,code=0,wp=00000001,lp=0026df2c) retval=00000000
241826.290:0160:Call window proc 7B1B1ED0 (hwnd=00010060,msg=WM_USER,wp=00000124,lp=00000001)
241826.290:0160:Call user32.PostMessageW(00010060,00000402,00000000,00000000) ret=7b1b183b
241826.290:0160:Ret  user32.PostMessageW() retval=00000001 ret=7b1b183b
241826.342:0160:Ret  window proc 7B1B1ED0 (hwnd=00010060,msg=WM_USER,wp=00000124,lp=00000001) retval=00000000
241826.342:0160:Call hook proc 7B1B1DE0 (id=WH_GETMESSAGE,code=0,wp=00000001,lp=0026df2c)
241826.342:0160:Ret  hook proc 7B1B1DE0 (id=WH_GETMESSAGE,code=0,wp=00000001,lp=0026df2c) retval=00000000
241826.342:0160:Call window proc 7B1B1ED0 (hwnd=00010060,msg=WM_USER+2,wp=00000000,lp=00000000)
241826.343:0160:Ret  window proc 7B1B1ED0 (hwnd=00010060,msg=WM_USER+2,wp=00000000,lp=00000000) retval=00000000
241826.343:0160:Call hook proc 7B1B1DE0 (id=WH_GETMESSAGE,code=0,wp=00000001,lp=0026df2c)
241826.343:0160:Ret  hook proc 7B1B1DE0 (id=WH_GETMESSAGE,code=0,wp=00000001,lp=0026df2c) retval=00000000
241826.343:0160:Call window proc 7B1B1ED0 (hwnd=00010060,msg=WM_USER,wp=00000124,lp=00000001)
241826.343:0160:Call user32.PostMessageW(00010060,00000402,00000000,00000000) ret=7b1b183b
241826.343:0160:Ret  user32.PostMessageW() retval=00000001 ret=7b1b183b
241826.403:0160:Ret  window proc 7B1B1ED0 (hwnd=00010060,msg=WM_USER,wp=00000124,lp=00000001) retval=00000000
241826.403:0160:Call hook proc 7B1B1DE0 (id=WH_GETMESSAGE,code=0,wp=00000001,lp=0026df2c)
241826.403:0160:Ret  hook proc 7B1B1DE0 (id=WH_GETMESSAGE,code=0,wp=00000001,lp=0026df2c) retval=00000000
241826.404:0160:Call window proc 7B1B1ED0 (hwnd=00010060,msg=WM_USER+2,wp=00000000,lp=00000000)
241826.404:0160:Ret  window proc 7B1B1ED0 (hwnd=00010060,msg=WM_USER+2,wp=00000000,lp=00000000) retval=00000000
241826.404:0160:Call hook proc 7B1B1DE0 (id=WH_GETMESSAGE,code=0,wp=00000001,lp=0026df2c)
241826.404:0160:Ret  hook proc 7B1B1DE0 (id=WH_GETMESSAGE,code=0,wp=00000001,lp=0026df2c) retval=00000000
241826.404:0160:Call window proc 7B1B1ED0 (hwnd=00010060,msg=WM_USER,wp=00000124,lp=00000001)
241826.404:0160:Call user32.PostMessageW(00010060,00000402,00000000,00000000) ret=7b1b183b
241826.404:0160:Ret  user32.PostMessageW() retval=00000001 ret=7b1b183b
241826.455:0160:Ret  window proc 7B1B1ED0 (hwnd=00010060,msg=WM_USER,wp=00000124,lp=00000001) retval=00000000
241826.455:0160:Call hook proc 7B1B1DE0 (id=WH_GETMESSAGE,code=0,wp=00000001,lp=0026df2c)
241826.455:0160:Ret  hook proc 7B1B1DE0 (id=WH_GETMESSAGE,code=0,wp=00000001,lp=0026df2c) retval=00000000
241826.456:0160:Call window proc 7B1B1ED0 (hwnd=00010060,msg=WM_USER+2,wp=00000000,lp=00000000)
241826.456:0160:Ret  window proc 7B1B1ED0 (hwnd=00010060,msg=WM_USER+2,wp=00000000,lp=00000000) retval=00000000
241826.456:0160:Call hook proc 7B1B1DE0 (id=WH_GETMESSAGE,code=0,wp=00000001,lp=0026df2c)
241826.456:0160:Ret  hook proc 7B1B1DE0 (id=WH_GETMESSAGE,code=0,wp=00000001,lp=0026df2c) retval=00000000
241826.456:0160:Call window proc 7B1B1ED0 (hwnd=00010060,msg=WM_USER,wp=00000124,lp=00000001)
241826.457:0160:Call user32.PostMessageW(00010060,00000402,00000000,00000000) ret=7b1b183b
241826.457:0160:Ret  user32.PostMessageW() retval=00000001 ret=7b1b183b
241826.508:0160:Ret  window proc 7B1B1ED0 (hwnd=00010060,msg=WM_USER,wp=00000124,lp=00000001) retval=00000000
241826.508:0160:Call hook proc 7B1B1DE0 (id=WH_GETMESSAGE,code=0,wp=00000001,lp=0026df2c)
241826.509:0160:Ret  hook proc 7B1B1DE0 (id=WH_GETMESSAGE,code=0,wp=00000001,lp=0026df2c) retval=00000000
241826.509:0160:Call window proc 7B1B1ED0 (hwnd=00010060,msg=WM_USER+2,wp=00000000,lp=00000000)
241826.509:0160:Ret  window proc 7B1B1ED0 (hwnd=00010060,msg=WM_USER+2,wp=00000000,lp=00000000) retval=00000000
241826.509:0160:Call hook proc 7B1B1DE0 (id=WH_GETMESSAGE,code=0,wp=00000001,lp=0026df2c)
241826.509:0160:Ret  hook proc 7B1B1DE0 (id=WH_GETMESSAGE,code=0,wp=00000001,lp=0026df2c) retval=00000000
241826.510:0160:Call window proc 7B1B1ED0 (hwnd=00010060,msg=WM_USER,wp=00000124,lp=00000001)
241826.511:0160:Call user32.PostMessageW(00010060,00000402,00000000,00000000) ret=7b1b183b
241826.511:0160:Ret  user32.PostMessageW() retval=00000001 ret=7b1b183b
241826.562:0160:Ret  window proc 7B1B1ED0 (hwnd=00010060,msg=WM_USER,wp=00000124,lp=00000001) retval=00000000
241826.562:0160:Call hook proc 7B1B1DE0 (id=WH_GETMESSAGE,code=0,wp=00000001,lp=0026df2c)
241826.562:0160:Ret  hook proc 7B1B1DE0 (id=WH_GETMESSAGE,code=0,wp=00000001,lp=0026df2c) retval=00000000
241826.562:0160:Call window proc 7B1B1ED0 (hwnd=00010060,msg=WM_USER+2,wp=00000000,lp=00000000)
241826.563:0160:Ret  window proc 7B1B1ED0 (hwnd=00010060,msg=WM_USER+2,wp=00000000,lp=00000000) retval=00000000
241826.563:0160:Call hook proc 7B1B1DE0 (id=WH_GETMESSAGE,code=0,wp=00000001,lp=0026df2c)
241826.563:0160:Ret  hook proc 7B1B1DE0 (id=WH_GETMESSAGE,code=0,wp=00000001,lp=0026df2c) retval=00000000
241826.563:0160:Call window proc 7B1B1ED0 (hwnd=00010060,msg=WM_USER,wp=00000124,lp=00000001)
241826.563:0160:Call user32.PostMessageW(00010060,00000402,00000000,00000000) ret=7b1b183b
241826.563:0160:Ret  user32.PostMessageW() retval=00000001 ret=7b1b183b
241826.623:0160:Ret  window proc 7B1B1ED0 (hwnd=00010060,msg=WM_USER,wp=00000124,lp=00000001) retval=00000000
241826.623:0160:Call hook proc 7B1B1DE0 (id=WH_GETMESSAGE,code=0,wp=00000001,lp=0026df2c)
241826.623:0160:Ret  hook proc 7B1B1DE0 (id=WH_GETMESSAGE,code=0,wp=00000001,lp=0026df2c) retval=00000000
241826.623:0160:Call window proc 7B1B1ED0 (hwnd=00010060,msg=WM_USER+2,wp=00000000,lp=00000000)
241826.623:0160:Ret  window proc 7B1B1ED0 (hwnd=00010060,msg=WM_USER+2,wp=00000000,lp=00000000) retval=00000000
241826.623:0160:Call hook proc 7B1B1DE0 (id=WH_GETMESSAGE,code=0,wp=00000001,lp=0026df2c)
241826.623:0160:Ret  hook proc 7B1B1DE0 (id=WH_GETMESSAGE,code=0,wp=00000001,lp=0026df2c) retval=00000000
241826.623:0160:Call window proc 7B1B1ED0 (hwnd=00010060,msg=WM_USER,wp=00000124,lp=00000001)
241826.624:0160:Call user32.PostMessageW(00010060,00000402,00000000,00000000) ret=7b1b183b
241826.624:0160:Ret  user32.PostMessageW() retval=00000001 ret=7b1b183b
241826.684:0160:Ret  window proc 7B1B1ED0 (hwnd=00010060,msg=WM_USER,wp=00000124,lp=00000001) retval=00000000
241826.684:0160:Call hook proc 7B1B1DE0 (id=WH_GETMESSAGE,code=0,wp=00000001,lp=0026df2c)
241826.684:0160:Ret  hook proc 7B1B1DE0 (id=WH_GETMESSAGE,code=0,wp=00000001,lp=0026df2c) retval=00000000
241826.684:0160:Call window proc 7B1B1ED0 (hwnd=00010060,msg=WM_USER+2,wp=00000000,lp=00000000)
241826.685:0160:Ret  window proc 7B1B1ED0 (hwnd=00010060,msg=WM_USER+2,wp=00000000,lp=00000000) retval=00000000
241826.685:0160:Call hook proc 7B1B1DE0 (id=WH_GETMESSAGE,code=0,wp=00000001,lp=0026df2c)
241826.685:0160:Ret  hook proc 7B1B1DE0 (id=WH_GETMESSAGE,code=0,wp=00000001,lp=0026df2c) retval=00000000
241826.685:0160:Call window proc 7B1B1ED0 (hwnd=00010060,msg=WM_USER,wp=00000124,lp=00000001)
241826.685:0160:Call user32.PostMessageW(00010060,00000402,00000000,00000000) ret=7b1b183b
241826.685:0160:Ret  user32.PostMessageW() retval=00000001 ret=7b1b183b
241826.745:0160:Ret  window proc 7B1B1ED0 (hwnd=00010060,msg=WM_USER,wp=00000124,lp=00000001) retval=00000000
241826.745:0160:Call hook proc 7B1B1DE0 (id=WH_GETMESSAGE,code=0,wp=00000001,lp=0026df2c)
241826.745:0160:Ret  hook proc 7B1B1DE0 (id=WH_GETMESSAGE,code=0,wp=00000001,lp=0026df2c) retval=00000000
241826.746:0160:Call window proc 7B1B1ED0 (hwnd=00010060,msg=WM_USER+2,wp=00000000,lp=00000000)
241826.746:0160:Ret  window proc 7B1B1ED0 (hwnd=00010060,msg=WM_USER+2,wp=00000000,lp=00000000) retval=00000000
241826.746:0160:Call hook proc 7B1B1DE0 (id=WH_GETMESSAGE,code=0,wp=00000001,lp=0026df2c)
241826.746:0160:Ret  hook proc 7B1B1DE0 (id=WH_GETMESSAGE,code=0,wp=00000001,lp=0026df2c) retval=00000000
241826.746:0160:Call window proc 7B1B1ED0 (hwnd=00010060,msg=WM_USER,wp=00000124,lp=00000001)
241826.746:0160:Call user32.PostMessageW(00010060,00000402,00000000,00000000) ret=7b1b183b
241826.746:0160:Ret  user32.PostMessageW() retval=00000001 ret=7b1b183b
241826.806:0160:Ret  window proc 7B1B1ED0 (hwnd=00010060,msg=WM_USER,wp=00000124,lp=00000001) retval=00000000
241826.807:0160:Call hook proc 7B1B1DE0 (id=WH_GETMESSAGE,code=0,wp=00000001,lp=0026df2c)
241826.807:0160:Ret  hook proc 7B1B1DE0 (id=WH_GETMESSAGE,code=0,wp=00000001,lp=0026df2c) retval=00000000
241826.807:0160:Call window proc 7B1B1ED0 (hwnd=00010060,msg=WM_USER+2,wp=00000000,lp=00000000)
241826.807:0160:Ret  window proc 7B1B1ED0 (hwnd=00010060,msg=WM_USER+2,wp=00000000,lp=00000000) retval=00000000
241826.807:0160:Call hook proc 7B1B1DE0 (id=WH_GETMESSAGE,code=0,wp=00000001,lp=0026df2c)
241826.807:0160:Ret  hook proc 7B1B1DE0 (id=WH_GETMESSAGE,code=0,wp=00000001,lp=0026df2c) retval=00000000
241826.807:0160:Call window proc 7B1B1ED0 (hwnd=00010060,msg=WM_USER,wp=00000124,lp=00000001)
241826.807:0160:Call user32.PostMessageW(00010060,00000402,00000000,00000000) ret=7b1b183b
241826.807:0160:Ret  user32.PostMessageW() retval=00000001 ret=7b1b183b
241826.867:0160:Ret  window proc 7B1B1ED0 (hwnd=00010060,msg=WM_USER,wp=00000124,lp=00000001) retval=00000000
241826.867:0160:Call hook proc 7B1B1DE0 (id=WH_GETMESSAGE,code=0,wp=00000001,lp=0026df2c)
241826.867:0160:Ret  hook proc 7B1B1DE0 (id=WH_GETMESSAGE,code=0,wp=00000001,lp=0026df2c) retval=00000000
241826.868:0160:Call window proc 7B1B1ED0 (hwnd=00010060,msg=WM_USER+2,wp=00000000,lp=00000000)
241826.868:0160:Ret  window proc 7B1B1ED0 (hwnd=00010060,msg=WM_USER+2,wp=00000000,lp=00000000) retval=00000000
241826.868:0160:Call hook proc 7B1B1DE0 (id=WH_GETMESSAGE,code=0,wp=00000001,lp=0026df2c)
241826.868:0160:Ret  hook proc 7B1B1DE0 (id=WH_GETMESSAGE,code=0,wp=00000001,lp=0026df2c) retval=00000000
241826.868:0160:Call window proc 7B1B1ED0 (hwnd=00010060,msg=WM_USER,wp=00000124,lp=00000001)
241826.868:0160:Call user32.PostMessageW(00010060,00000402,00000000,00000000) ret=7b1b183b
241826.868:0160:Ret  user32.PostMessageW() retval=00000001 ret=7b1b183b
241826.919:0160:Ret  window proc 7B1B1ED0 (hwnd=00010060,msg=WM_USER,wp=00000124,lp=00000001) retval=00000000
241826.919:0160:Call hook proc 7B1B1DE0 (id=WH_GETMESSAGE,code=0,wp=00000001,lp=0026df2c)
241826.919:0160:Ret  hook proc 7B1B1DE0 (id=WH_GETMESSAGE,code=0,wp=00000001,lp=0026df2c) retval=00000000
241826.919:0160:Call window proc 7B1B1ED0 (hwnd=00010060,msg=WM_USER+2,wp=00000000,lp=00000000)
241826.919:0160:Ret  window proc 7B1B1ED0 (hwnd=00010060,msg=WM_USER+2,wp=00000000,lp=00000000) retval=00000000
241826.919:0160:Call hook proc 7B1B1DE0 (id=WH_GETMESSAGE,code=0,wp=00000001,lp=0026df2c)
241826.919:0160:Ret  hook proc 7B1B1DE0 (id=WH_GETMESSAGE,code=0,wp=00000001,lp=0026df2c) retval=00000000
241826.919:0160:Call window proc 7B1B1ED0 (hwnd=00010060,msg=WM_USER,wp=00000124,lp=00000001)
241826.919:0160:Call user32.PostMessageW(00010060,00000402,00000000,00000000) ret=7b1b183b
241826.919:0160:Ret  user32.PostMessageW() retval=00000001 ret=7b1b183b
241826.970:0160:Ret  window proc 7B1B1ED0 (hwnd=00010060,msg=WM_USER,wp=00000124,lp=00000001) retval=00000000
241826.970:0160:Call hook proc 7B1B1DE0 (id=WH_GETMESSAGE,code=0,wp=00000001,lp=0026df2c)
241826.970:0160:Ret  hook proc 7B1B1DE0 (id=WH_GETMESSAGE,code=0,wp=00000001,lp=0026df2c) retval=00000000
241826.970:0160:Call window proc 7B1B1ED0 (hwnd=00010060,msg=WM_USER+2,wp=00000000,lp=00000000)
241826.970:0160:Ret  window proc 7B1B1ED0 (hwnd=00010060,msg=WM_USER+2,wp=00000000,lp=00000000) retval=00000000
241826.970:0160:Call hook proc 7B1B1DE0 (id=WH_GETMESSAGE,code=0,wp=00000001,lp=0026df2c)
241826.970:0160:Ret  hook proc 7B1B1DE0 (id=WH_GETMESSAGE,code=0,wp=00000001,lp=0026df2c) retval=00000000
241826.970:0160:Call window proc 7B1B1ED0 (hwnd=00010060,msg=WM_USER,wp=00000124,lp=00000001)
241826.970:0160:Call user32.PostMessageW(00010060,00000402,00000000,00000000) ret=7b1b183b
241826.970:0160:Ret  user32.PostMessageW() retval=00000001 ret=7b1b183b
241827.021:0160:Ret  window proc 7B1B1ED0 (hwnd=00010060,msg=WM_USER,wp=00000124,lp=00000001) retval=00000000
241827.021:0160:Call hook proc 7B1B1DE0 (id=WH_GETMESSAGE,code=0,wp=00000001,lp=0026df2c)
241827.021:0160:Ret  hook proc 7B1B1DE0 (id=WH_GETMESSAGE,code=0,wp=00000001,lp=0026df2c) retval=00000000
241827.021:0160:Call window proc 7B1B1ED0 (hwnd=00010060,msg=WM_USER+2,wp=00000000,lp=00000000)
241827.021:0160:Ret  window proc 7B1B1ED0 (hwnd=00010060,msg=WM_USER+2,wp=00000000,lp=00000000) retval=00000000
241827.021:0160:Call hook proc 7B1B1DE0 (id=WH_GETMESSAGE,code=0,wp=00000001,lp=0026df2c)
241827.021:0160:Ret  hook proc 7B1B1DE0 (id=WH_GETMESSAGE,code=0,wp=00000001,lp=0026df2c) retval=00000000
241827.021:0160:Call window proc 7B1B1ED0 (hwnd=00010060,msg=WM_USER,wp=00000124,lp=00000001)
241827.021:0160:Call user32.PostMessageW(00010060,00000402,00000000,00000000) ret=7b1b183b
241827.021:0160:Ret  user32.PostMessageW() retval=00000001 ret=7b1b183b
241827.072:0160:Ret  window proc 7B1B1ED0 (hwnd=00010060,msg=WM_USER,wp=00000124,lp=00000001) retval=00000000
241827.072:0160:Call hook proc 7B1B1DE0 (id=WH_GETMESSAGE,code=0,wp=00000001,lp=0026df2c)
241827.072:0160:Ret  hook proc 7B1B1DE0 (id=WH_GETMESSAGE,code=0,wp=00000001,lp=0026df2c) retval=00000000
241827.072:0160:Call window proc 7B1B1ED0 (hwnd=00010060,msg=WM_USER+2,wp=00000000,lp=00000000)
241827.072:0160:Ret  window proc 7B1B1ED0 (hwnd=00010060,msg=WM_USER+2,wp=00000000,lp=00000000) retval=00000000
241827.072:0160:Call hook proc 7B1B1DE0 (id=WH_GETMESSAGE,code=0,wp=00000001,lp=0026df2c)
241827.072:0160:Ret  hook proc 7B1B1DE0 (id=WH_GETMESSAGE,code=0,wp=00000001,lp=0026df2c) retval=00000000
241827.072:0160:Call window proc 7B1B1ED0 (hwnd=00010060,msg=WM_USER,wp=00000124,lp=00000001)
241827.072:0160:Call user32.PostMessageW(00010060,00000402,00000000,00000000) ret=7b1b183b
241827.072:0160:Ret  user32.PostMessageW() retval=00000001 ret=7b1b183b
241827.123:0160:Ret  window proc 7B1B1ED0 (hwnd=00010060,msg=WM_USER,wp=00000124,lp=00000001) retval=00000000
241827.123:0160:Call hook proc 7B1B1DE0 (id=WH_GETMESSAGE,code=0,wp=00000001,lp=0026df2c)
241827.123:0160:Ret  hook proc 7B1B1DE0 (id=WH_GETMESSAGE,code=0,wp=00000001,lp=0026df2c) retval=00000000
241827.123:0160:Call window proc 7B1B1ED0 (hwnd=00010060,msg=WM_USER+2,wp=00000000,lp=00000000)
241827.123:0160:Ret  window proc 7B1B1ED0 (hwnd=00010060,msg=WM_USER+2,wp=00000000,lp=00000000) retval=00000000
241827.123:0160:Call hook proc 7B1B1DE0 (id=WH_GETMESSAGE,code=0,wp=00000001,lp=0026df2c)
241827.123:0160:Ret  hook proc 7B1B1DE0 (id=WH_GETMESSAGE,code=0,wp=00000001,lp=0026df2c) retval=00000000
241827.123:0160:Call window proc 7B1B1ED0 (hwnd=00010060,msg=WM_USER,wp=00000124,lp=00000001)
241827.123:0160:Call user32.PostMessageW(00010060,00000402,00000000,00000000) ret=7b1b183b
241827.123:0160:Ret  user32.PostMessageW() retval=00000001 ret=7b1b183b
241827.174:0160:Ret  window proc 7B1B1ED0 (hwnd=00010060,msg=WM_USER,wp=00000124,lp=00000001) retval=00000000
241827.174:0160:Call hook proc 7B1B1DE0 (id=WH_GETMESSAGE,code=0,wp=00000001,lp=0026df2c)
241827.174:0160:Ret  hook proc 7B1B1DE0 (id=WH_GETMESSAGE,code=0,wp=00000001,lp=0026df2c) retval=00000000
241827.174:0160:Call window proc 7B1B1ED0 (hwnd=00010060,msg=WM_USER+2,wp=00000000,lp=00000000)
241827.174:0160:Ret  window proc 7B1B1ED0 (hwnd=00010060,msg=WM_USER+2,wp=00000000,lp=00000000) retval=00000000
241827.174:0160:Call hook proc 7B1B1DE0 (id=WH_GETMESSAGE,code=0,wp=00000001,lp=0026df2c)
241827.174:0160:Ret  hook proc 7B1B1DE0 (id=WH_GETMESSAGE,code=0,wp=00000001,lp=0026df2c) retval=00000000
241827.174:0160:Call window proc 7B1B1ED0 (hwnd=00010060,msg=WM_USER,wp=00000124,lp=00000001)
241827.174:0160:Call user32.PostMessageW(00010060,00000402,00000000,00000000) ret=7b1b183b
241827.174:0160:Ret  user32.PostMessageW() retval=00000001 ret=7b1b183b
241827.225:0160:Ret  window proc 7B1B1ED0 (hwnd=00010060,msg=WM_USER,wp=00000124,lp=00000001) retval=00000000
241827.225:0160:Call hook proc 7B1B1DE0 (id=WH_GETMESSAGE,code=0,wp=00000001,lp=0026df2c)
241827.225:0160:Ret  hook proc 7B1B1DE0 (id=WH_GETMESSAGE,code=0,wp=00000001,lp=0026df2c) retval=00000000
241827.225:0160:Call window proc 7B1B1ED0 (hwnd=00010060,msg=WM_USER+2,wp=00000000,lp=00000000)
241827.225:0160:Ret  window proc 7B1B1ED0 (hwnd=00010060,msg=WM_USER+2,wp=00000000,lp=00000000) retval=00000000
241827.225:0160:Call hook proc 7B1B1DE0 (id=WH_GETMESSAGE,code=0,wp=00000001,lp=0026df2c)
241827.225:0160:Ret  hook proc 7B1B1DE0 (id=WH_GETMESSAGE,code=0,wp=00000001,lp=0026df2c) retval=00000000
241827.225:0160:Call window proc 7B1B1ED0 (hwnd=00010060,msg=WM_USER,wp=00000124,lp=00000001)
241827.225:0160:Call user32.PostMessageW(00010060,00000402,00000000,00000000) ret=7b1b183b
241827.225:0160:Ret  user32.PostMessageW() retval=00000001 ret=7b1b183b
241827.276:0160:Ret  window proc 7B1B1ED0 (hwnd=00010060,msg=WM_USER,wp=00000124,lp=00000001) retval=00000000
241827.276:0160:Call hook proc 7B1B1DE0 (id=WH_GETMESSAGE,code=0,wp=00000001,lp=0026df2c)
241827.276:0160:Ret  hook proc 7B1B1DE0 (id=WH_GETMESSAGE,code=0,wp=00000001,lp=0026df2c) retval=00000000
241827.276:0160:Call window proc 7B1B1ED0 (hwnd=00010060,msg=WM_USER+2,wp=00000000,lp=00000000)
241827.276:0160:Ret  window proc 7B1B1ED0 (hwnd=00010060,msg=WM_USER+2,wp=00000000,lp=00000000) retval=00000000
241827.276:0160:Call hook proc 7B1B1DE0 (id=WH_GETMESSAGE,code=0,wp=00000001,lp=0026df2c)
241827.276:0160:Ret  hook proc 7B1B1DE0 (id=WH_GETMESSAGE,code=0,wp=00000001,lp=0026df2c) retval=00000000
241827.276:0160:Call window proc 7B1B1ED0 (hwnd=00010060,msg=WM_USER,wp=00000124,lp=00000001)
241827.276:0160:Call user32.PostMessageW(00010060,00000402,00000000,00000000) ret=7b1b183b
241827.276:0160:Ret  user32.PostMessageW() retval=00000001 ret=7b1b183b
241827.327:0160:Ret  window proc 7B1B1ED0 (hwnd=00010060,msg=WM_USER,wp=00000124,lp=00000001) retval=00000000
241827.327:0160:Call hook proc 7B1B1DE0 (id=WH_GETMESSAGE,code=0,wp=00000001,lp=0026df2c)
241827.327:0160:Ret  hook proc 7B1B1DE0 (id=WH_GETMESSAGE,code=0,wp=00000001,lp=0026df2c) retval=00000000
241827.327:0160:Call window proc 7B1B1ED0 (hwnd=00010060,msg=WM_USER+2,wp=00000000,lp=00000000)
241827.327:0160:Ret  window proc 7B1B1ED0 (hwnd=00010060,msg=WM_USER+2,wp=00000000,lp=00000000) retval=00000000
241827.327:0160:Call hook proc 7B1B1DE0 (id=WH_GETMESSAGE,code=0,wp=00000001,lp=0026df2c)
241827.327:0160:Ret  hook proc 7B1B1DE0 (id=WH_GETMESSAGE,code=0,wp=00000001,lp=0026df2c) retval=00000000
241827.327:0160:Call window proc 7B1B1ED0 (hwnd=00010060,msg=WM_USER,wp=00000124,lp=00000001)
241827.327:0160:Call user32.PostMessageW(00010060,00000402,00000000,00000000) ret=7b1b183b
241827.327:0160:Ret  user32.PostMessageW() retval=00000001 ret=7b1b183b
241827.378:0160:Ret  window proc 7B1B1ED0 (hwnd=00010060,msg=WM_USER,wp=00000124,lp=00000001) retval=00000000
241827.378:0160:Call hook proc 7B1B1DE0 (id=WH_GETMESSAGE,code=0,wp=00000001,lp=0026df2c)
241827.378:0160:Ret  hook proc 7B1B1DE0 (id=WH_GETMESSAGE,code=0,wp=00000001,lp=0026df2c) retval=00000000
241827.378:0160:Call window proc 7B1B1ED0 (hwnd=00010060,msg=WM_USER+2,wp=00000000,lp=00000000)
241827.378:0160:Ret  window proc 7B1B1ED0 (hwnd=00010060,msg=WM_USER+2,wp=00000000,lp=00000000) retval=00000000
241827.378:0160:Call hook proc 7B1B1DE0 (id=WH_GETMESSAGE,code=0,wp=00000001,lp=0026df2c)
241827.378:0160:Ret  hook proc 7B1B1DE0 (id=WH_GETMESSAGE,code=0,wp=00000001,lp=0026df2c) retval=00000000
241827.378:0160:Call window proc 7B1B1ED0 (hwnd=00010060,msg=WM_USER,wp=00000124,lp=00000001)
241827.378:0160:Call user32.PostMessageW(00010060,00000402,00000000,00000000) ret=7b1b183b
241827.378:0160:Ret  user32.PostMessageW() retval=00000001 ret=7b1b183b
241827.429:0160:Ret  window proc 7B1B1ED0 (hwnd=00010060,msg=WM_USER,wp=00000124,lp=00000001) retval=00000000
241827.429:0160:Call hook proc 7B1B1DE0 (id=WH_GETMESSAGE,code=0,wp=00000001,lp=0026df2c)
241827.429:0160:Ret  hook proc 7B1B1DE0 (id=WH_GETMESSAGE,code=0,wp=00000001,lp=0026df2c) retval=00000000
241827.429:0160:Call window proc 7B1B1ED0 (hwnd=00010060,msg=WM_USER+2,wp=00000000,lp=00000000)
241827.429:0160:Ret  window proc 7B1B1ED0 (hwnd=00010060,msg=WM_USER+2,wp=00000000,lp=00000000) retval=00000000
241827.429:0160:Call hook proc 7B1B1DE0 (id=WH_GETMESSAGE,code=0,wp=00000001,lp=0026df2c)
241827.429:0160:Ret  hook proc 7B1B1DE0 (id=WH_GETMESSAGE,code=0,wp=00000001,lp=0026df2c) retval=00000000
241827.429:0160:Call window proc 7B1B1ED0 (hwnd=00010060,msg=WM_USER,wp=00000124,lp=00000001)
241827.429:0160:Call user32.PostMessageW(00010060,00000402,00000000,00000000) ret=7b1b183b
241827.429:0160:Ret  user32.PostMessageW() retval=00000001 ret=7b1b183b
241827.481:0160:Ret  window proc 7B1B1ED0 (hwnd=00010060,msg=WM_USER,wp=00000124,lp=00000001) retval=00000000
241827.481:0160:Call hook proc 7B1B1DE0 (id=WH_GETMESSAGE,code=0,wp=00000001,lp=0026df2c)
241827.481:0160:Ret  hook proc 7B1B1DE0 (id=WH_GETMESSAGE,code=0,wp=00000001,lp=0026df2c) retval=00000000
241827.482:0160:Call window proc 7B1B1ED0 (hwnd=00010060,msg=WM_USER+2,wp=00000000,lp=00000000)
241827.482:0160:Ret  window proc 7B1B1ED0 (hwnd=00010060,msg=WM_USER+2,wp=00000000,lp=00000000) retval=00000000
241827.483:0160:Call hook proc 7B1B1DE0 (id=WH_GETMESSAGE,code=0,wp=00000001,lp=0026df2c)
241827.483:0160:Ret  hook proc 7B1B1DE0 (id=WH_GETMESSAGE,code=0,wp=00000001,lp=0026df2c) retval=00000000
241827.484:0160:Call window proc 7B1B1ED0 (hwnd=00010060,msg=WM_USER,wp=00000124,lp=00000001)
241827.484:0160:Call user32.PostMessageW(00010060,00000402,00000000,00000000) ret=7b1b183b
241827.484:0160:Ret  user32.PostMessageW() retval=00000001 ret=7b1b183b
241827.537:0160:Ret  window proc 7B1B1ED0 (hwnd=00010060,msg=WM_USER,wp=00000124,lp=00000001) retval=00000000
241827.537:0160:Call hook proc 7B1B1DE0 (id=WH_GETMESSAGE,code=0,wp=00000001,lp=0026df2c)
241827.537:0160:Ret  hook proc 7B1B1DE0 (id=WH_GETMESSAGE,code=0,wp=00000001,lp=0026df2c) retval=00000000
241827.537:0160:Call window proc 7B1B1ED0 (hwnd=00010060,msg=WM_USER+2,wp=00000000,lp=00000000)
241827.537:0160:Ret  window proc 7B1B1ED0 (hwnd=00010060,msg=WM_USER+2,wp=00000000,lp=00000000) retval=00000000
241827.537:0160:Call hook proc 7B1B1DE0 (id=WH_GETMESSAGE,code=0,wp=00000001,lp=0026df2c)
241827.537:0160:Ret  hook proc 7B1B1DE0 (id=WH_GETMESSAGE,code=0,wp=00000001,lp=0026df2c) retval=00000000
241827.537:0160:Call window proc 7B1B1ED0 (hwnd=00010060,msg=WM_USER,wp=00000124,lp=00000001)
241827.537:0160:Call user32.PostMessageW(00010060,00000402,00000000,00000000) ret=7b1b183b
241827.537:0160:Ret  user32.PostMessageW() retval=00000001 ret=7b1b183b
241827.560:0168:Call window proc 00006FFFFFBDB600 (hwnd=0000000000020036,msg=WM_PARENTNOTIFY,wp=00000002,lp=00010056)
241827.560:0168:Ret  window proc 00006FFFFFBDB600 (hwnd=0000000000020036,msg=WM_PARENTNOTIFY,wp=00000002,lp=00010056) retval=00000000
241827.560:0168:Call window proc 00006FFFFFBDB600 (hwnd=0000000000020036,msg=WM_PARENTNOTIFY,wp=00000002,lp=0002005a)
241827.560:0168:Ret  window proc 00006FFFFFBDB600 (hwnd=0000000000020036,msg=WM_PARENTNOTIFY,wp=00000002,lp=0002005a) retval=00000000
241827.560:0168:Call window proc 00006FFFFFBDB600 (hwnd=0000000000020036,msg=WM_PARENTNOTIFY,wp=00000002,lp=0001005c)
241827.560:0168:Ret  window proc 00006FFFFFBDB600 (hwnd=0000000000020036,msg=WM_PARENTNOTIFY,wp=00000002,lp=0001005c) retval=00000000
241827.560:0168:Call window proc 00006FFFFFBDB600 (hwnd=0000000000020036,msg=WM_PARENTNOTIFY,wp=00000002,lp=0001005e)
241827.560:0168:Ret  window proc 00006FFFFFBDB600 (hwnd=0000000000020036,msg=WM_PARENTNOTIFY,wp=00000002,lp=0001005e) retval=00000000
241827.560:0168:Call window proc 00006FFFFFBDB600 (hwnd=0000000000020036,msg=WM_PARENTNOTIFY,wp=00000002,lp=00010060)
241827.560:0168:Ret  window proc 00006FFFFFBDB600 (hwnd=0000000000020036,msg=WM_PARENTNOTIFY,wp=00000002,lp=00010060) retval=00000000
241827.560:0168:Call window proc 0000000140003B10 (hwnd=0000000000020040,msg=WM_PARENTNOTIFY,wp=00000002,lp=00030066)
241827.560:0168:Ret  window proc 0000000140003B10 (hwnd=0000000000020040,msg=WM_PARENTNOTIFY,wp=00000002,lp=00030066) retval=00000000
241827.560:0168:Call window proc 0000000140003B10 (hwnd=0000000000020040,msg=WM_PARENTNOTIFY,wp=00000002,lp=0002006e)
241827.560:0168:Ret  window proc 0000000140003B10 (hwnd=0000000000020040,msg=WM_PARENTNOTIFY,wp=00000002,lp=0002006e) retval=00000000
241827.560:0168:Call window proc 0000000140003B10 (hwnd=0000000000020040,msg=WM_PARENTNOTIFY,wp=00000002,lp=00010074)
241827.560:0168:Ret  window proc 0000000140003B10 (hwnd=0000000000020040,msg=WM_PARENTNOTIFY,wp=00000002,lp=00010074) retval=00000000
241827.560:0168:Call window proc 0000000140003B10 (hwnd=0000000000020040,msg=WM_PARENTNOTIFY,wp=00000002,lp=0001007c)
241827.560:0168:Ret  window proc 0000000140003B10 (hwnd=0000000000020040,msg=WM_PARENTNOTIFY,wp=00000002,lp=0001007c) retval=00000000
241828.559:0168:Call window proc 0000000140003B10 (hwnd=0000000000020040,msg=WM_CLOSE,wp=00000000,lp=00000000)
241828.560:0168:Ret  window proc 0000000140003B10 (hwnd=0000000000020040,msg=WM_CLOSE,wp=00000000,lp=00000000) retval=00000000
241828.560:0168:Call window proc 00006FFFFD752530 (hwnd=0000000000020048,msg=WM_DESTROY,wp=00000000,lp=00000000)
241828.560:0168:Ret  window proc 00006FFFFD752530 (hwnd=0000000000020048,msg=WM_DESTROY,wp=00000000,lp=00000000) retval=00000000
241828.560:0168:Call window proc 00006FFFFD752530 (hwnd=0000000000020048,msg=WM_NCDESTROY,wp=00000000,lp=00000000)
241828.560:0168:Ret  window proc 00006FFFFD752530 (hwnd=0000000000020048,msg=WM_NCDESTROY,wp=00000000,lp=00000000) retval=00000000
241828.560:0168:Call window proc 00006FFFFD752530 (hwnd=0000000000020046,msg=WM_DESTROY,wp=00000000,lp=00000000)
241828.560:0168:Ret  window proc 00006FFFFD752530 (hwnd=0000000000020046,msg=WM_DESTROY,wp=00000000,lp=00000000) retval=00000000
241828.560:0168:Call window proc 00006FFFFD752530 (hwnd=0000000000020046,msg=WM_NCDESTROY,wp=00000000,lp=00000000)
241828.560:0168:Ret  window proc 00006FFFFD752530 (hwnd=0000000000020046,msg=WM_NCDESTROY,wp=00000000,lp=00000000) retval=00000000
241828.560:0168:Call window proc 00006FFFFD752530 (hwnd=0000000000020044,msg=WM_DESTROY,wp=00000000,lp=00000000)
241828.560:0168:Ret  window proc 00006FFFFD752530 (hwnd=0000000000020044,msg=WM_DESTROY,wp=00000000,lp=00000000) retval=00000000
241828.560:0168:Call window proc 00006FFFFD752530 (hwnd=0000000000020044,msg=WM_NCDESTROY,wp=00000000,lp=00000000)
241828.560:0168:Ret  window proc 00006FFFFD752530 (hwnd=0000000000020044,msg=WM_NCDESTROY,wp=00000000,lp=00000000) retval=00000000
241828.560:0168:Call window proc 00006FFFFD74F1C0 (hwnd=000000000002002E,msg=WM_DESTROY,wp=00000000,lp=00000000)
241828.560:0168:Ret  window proc 00006FFFFD74F1C0 (hwnd=000000000002002E,msg=WM_DESTROY,wp=00000000,lp=00000000) retval=00000000
241828.560:0168:Call window proc 00006FFFFD74F1C0 (hwnd=000000000002002E,msg=WM_NCDESTROY,wp=00000000,lp=00000000)
241828.560:0168:Ret  window proc 00006FFFFD74F1C0 (hwnd=000000000002002E,msg=WM_NCDESTROY,wp=00000000,lp=00000000) retval=00000000
241828.560:0168:Call PE DLL (proc=00006FFFFC1716E0,module=00006FFFFC170000 L"actxprxy.dll",reason=PROCESS_DETACH,res=0000000000000001)
241828.560:0168:Ret  PE DLL (proc=00006FFFFC1716E0,module=00006FFFFC170000 L"actxprxy.dll",reason=PROCESS_DETACH,res=0000000000000001) retval=1
241828.560:0168:Call PE DLL (proc=00006FFFFB8D7DD0,module=00006FFFFB8D0000 L"oleaut32.dll",reason=PROCESS_DETACH,res=0000000000000001)
241828.560:0168:Ret  PE DLL (proc=00006FFFFB8D7DD0,module=00006FFFFB8D0000 L"oleaut32.dll",reason=PROCESS_DETACH,res=0000000000000001) retval=1
241828.560:0168:Call PE DLL (proc=00006FFFFC4B6B70,module=00006FFFFC4A0000 L"ole32.dll",reason=PROCESS_DETACH,res=0000000000000001)
241828.560:0168:Ret  PE DLL (proc=00006FFFFC4B6B70,module=00006FFFFC4A0000 L"ole32.dll",reason=PROCESS_DETACH,res=0000000000000001) retval=1
241828.560:0168:Call PE DLL (proc=00006FFFFC261880,module=00006FFFFC260000 L"coml2.dll",reason=PROCESS_DETACH,res=0000000000000001)
241828.560:0168:Ret  PE DLL (proc=00006FFFFC261880,module=00006FFFFC260000 L"coml2.dll",reason=PROCESS_DETACH,res=0000000000000001) retval=1
241828.560:0168:Call PE DLL (proc=00006FFFFC2DE130,module=00006FFFFC2D0000 L"combase.dll",reason=PROCESS_DETACH,res=0000000000000001)
241828.565:0168:Ret  PE DLL (proc=00006FFFFC2DE130,module=00006FFFFC2D0000 L"combase.dll",reason=PROCESS_DETACH,res=0000000000000001) retval=1
241828.565:0168:Call PE DLL (proc=00006FFFFC8A3540,module=00006FFFFC890000 L"shell32.dll",reason=PROCESS_DETACH,res=0000000000000001)
241828.565:0168:Ret  PE DLL (proc=00006FFFFC8A3540,module=00006FFFFC890000 L"shell32.dll",reason=PROCESS_DETACH,res=0000000000000001) retval=1
241828.565:0168:Call PE DLL (proc=00006FFFFE47BBD0,module=00006FFFFE470000 L"shlwapi.dll",reason=PROCESS_DETACH,res=0000000000000001)
241828.565:0168:Ret  PE DLL (proc=00006FFFFE47BBD0,module=00006FFFFE470000 L"shlwapi.dll",reason=PROCESS_DETACH,res=0000000000000001) retval=1
241828.565:0168:Call PE DLL (proc=00006FFFFE403DE0,module=00006FFFFE400000 L"shcore.dll",reason=PROCESS_DETACH,res=0000000000000001)
241828.565:0168:Ret  PE DLL (proc=00006FFFFE403DE0,module=00006FFFFE400000 L"shcore.dll",reason=PROCESS_DETACH,res=0000000000000001) retval=1
241828.565:0168:Call PE DLL (proc=00006FFFFE013630,module=00006FFFFE010000 L"uxtheme.dll",reason=PROCESS_DETACH,res=0000000000000001)
241828.565:0168:Ret  PE DLL (proc=00006FFFFE013630,module=00006FFFFE010000 L"uxtheme.dll",reason=PROCESS_DETACH,res=0000000000000001) retval=1
241828.565:0168:Call PE DLL (proc=00006FFFFE101070,module=00006FFFFE100000 L"winex11.drv",reason=PROCESS_DETACH,res=0000000000000001)
241828.565:0168:Ret  PE DLL (proc=00006FFFFE101070,module=00006FFFFE100000 L"winex11.drv",reason=PROCESS_DETACH,res=0000000000000001) retval=1
241828.565:0168:Call PE DLL (proc=00006FFFFE6D2EF0,module=00006FFFFE6C0000 L"rpcrt4.dll",reason=PROCESS_DETACH,res=0000000000000001)
241828.565:0168:Ret  PE DLL (proc=00006FFFFE6D2EF0,module=00006FFFFE6C0000 L"rpcrt4.dll",reason=PROCESS_DETACH,res=0000000000000001) retval=1
241828.565:0168:Call PE DLL (proc=00006FFFFE681A90,module=00006FFFFE680000 L"cryptbase.dll",reason=PROCESS_DETACH,res=0000000000000001)
241828.565:0168:Ret  PE DLL (proc=00006FFFFE681A90,module=00006FFFFE680000 L"cryptbase.dll",reason=PROCESS_DETACH,res=0000000000000001) retval=1
241828.565:0168:Call PE DLL (proc=00006FFFFDD34690,module=00006FFFFDD20000 L"gdi32.dll",reason=PROCESS_DETACH,res=0000000000000001)
241828.565:0168:Ret  PE DLL (proc=00006FFFFDD34690,module=00006FFFFDD20000 L"gdi32.dll",reason=PROCESS_DETACH,res=0000000000000001) retval=1
241828.565:0168:Call PE DLL (proc=00006FFFFB4B3510,module=00006FFFFB4B0000 L"imm32.dll",reason=PROCESS_DETACH,res=0000000000000001)
241828.565:0168:Ret  PE DLL (proc=00006FFFFB4B3510,module=00006FFFFB4B0000 L"imm32.dll",reason=PROCESS_DETACH,res=0000000000000001) retval=1
241828.565:0168:Call PE DLL (proc=00006FFFFD71F010,module=00006FFFFD700000 L"user32.dll",reason=PROCESS_DETACH,res=0000000000000001)
241828.565:0168:Ret  PE DLL (proc=00006FFFFD71F010,module=00006FFFFD700000 L"user32.dll",reason=PROCESS_DETACH,res=0000000000000001) retval=1
241828.565:0168:Call PE DLL (proc=00006FFFFD6B7A90,module=00006FFFFD6A0000 L"win32u.dll",reason=PROCESS_DETACH,res=0000000000000001)
241828.565:0168:Ret  PE DLL (proc=00006FFFFD6B7A90,module=00006FFFFD6A0000 L"win32u.dll",reason=PROCESS_DETACH,res=0000000000000001) retval=1
241828.565:0168:Call PE DLL (proc=00006FFFFF212180,module=00006FFFFF200000 L"advapi32.dll",reason=PROCESS_DETACH,res=0000000000000001)
241828.565:0168:Ret  PE DLL (proc=00006FFFFF212180,module=00006FFFFF200000 L"advapi32.dll",reason=PROCESS_DETACH,res=0000000000000001) retval=1
241828.565:0168:Call PE DLL (proc=00006FFFFEDC5370,module=00006FFFFEDC0000 L"sechost.dll",reason=PROCESS_DETACH,res=0000000000000001)
241828.565:0168:Ret  PE DLL (proc=00006FFFFEDC5370,module=00006FFFFEDC0000 L"sechost.dll",reason=PROCESS_DETACH,res=0000000000000001) retval=1
241828.565:0168:Call PE DLL (proc=00006FFFFE998580,module=00006FFFFE980000 L"ucrtbase.dll",reason=PROCESS_DETACH,res=0000000000000001)
241828.565:0168:Ret  PE DLL (proc=00006FFFFE998580,module=00006FFFFE980000 L"ucrtbase.dll",reason=PROCESS_DETACH,res=0000000000000001) retval=1
241828.565:0168:Call PE DLL (proc=00006FFFFEE6B730,module=00006FFFFEE60000 L"msvcrt.dll",reason=PROCESS_DETACH,res=0000000000000001)
241828.565:0168:Ret  PE DLL (proc=00006FFFFEE6B730,module=00006FFFFEE60000 L"msvcrt.dll",reason=PROCESS_DETACH,res=0000000000000001) retval=1
241828.565:0168:Call PE DLL (proc=00006FFFFF9F9420,module=00006FFFFF9E0000 L"kernel32.dll",reason=PROCESS_DETACH,res=0000000000000001)
241828.565:0168:Ret  PE DLL (proc=00006FFFFF9F9420,module=00006FFFFF9E0000 L"kernel32.dll",reason=PROCESS_DETACH,res=0000000000000001) retval=1
241828.565:0168:Call PE DLL (proc=00006FFFFF37A520,module=00006FFFFF360000 L"kernelbase.dll",reason=PROCESS_DETACH,res=0000000000000001)
241828.565:0168:Ret  PE DLL (proc=00006FFFFF37A520,module=00006FFFFF360000 L"kernelbase.dll",reason=PROCESS_DETACH,res=0000000000000001) retval=1
241828.565:0168:Call PE DLL (proc=00006FFFFFBD5690,module=00006FFFFFBC0000 L"ntdll.dll",reason=PROCESS_DETACH,res=0000000000000001)
241828.565:0168:Ret  PE DLL (proc=00006FFFFFBD5690,module=00006FFFFFBC0000 L"ntdll.dll",reason=PROCESS_DETACH,res=0000000000000001) retval=1
