1: 0 2: 1033 3: 1252 
=== Logging started: 10/3/2026  3:17:10 ===
Message type: 0, Argument: 1033, 1252
Message type: 1, Argument: Hog PC
Action 3:17:10: INSTALL. 
Action start 3:17:10: INSTALL.
1: 0 2: 1033 3: 1252 
1: 0 2: 1033 3: 1252 
=== Logging started: 10/3/2026  3:17:10 ===
Message type: 0, Argument: 1033, 1252
Message type: 1, Argument: Hog PC
Action 3:17:10: INSTALL. 
Action start 3:17:10: INSTALL.
1: Hog PC 2: {6501E546-28F5-4A0E-97E0-1CD914185417} 
Action 3:17:10: SystemFolder.F1670FCA_6780_3657_9C04_AF8005AC8143. 
Action start 3:17:10: SystemFolder.F1670FCA_6780_3657_9C04_AF8005AC8143.
Action ended 3:17:10: SystemFolder.F1670FCA_6780_3657_9C04_AF8005AC8143. Return value 1.
Action 3:17:10: FindRelatedProducts. Searching for related applications
Action start 3:17:10: FindRelatedProducts.
Action ended 3:17:10: FindRelatedProducts. Return value 1.
Action 3:17:10: AppSearch. Searching for installed applications
Action start 3:17:10: AppSearch.
Property: HASPEXISTS, Signature: HaspVersion
Property: WINVERSION, Signature: WinVersion
Action ended 3:17:10: AppSearch. Return value 1.
Action 3:17:10: WixQueryNativeMachine. 
Action start 3:17:10: WixQueryNativeMachine.
Action ended 3:17:11: WixQueryNativeMachine. Return value 1.
Action 3:17:11: LaunchConditions. Evaluating launch conditions
Action start 3:17:11: LaunchConditions.
Action ended 3:17:11: LaunchConditions. Return value 1.
Action 3:17:11: ValidateProductID. 
Action start 3:17:11: ValidateProductID.
Action ended 3:17:11: ValidateProductID. Return value 1.
Action 3:17:11: DIRCA_TARGETDIR. 
Action start 3:17:11: DIRCA_TARGETDIR.
Action ended 3:17:11: DIRCA_TARGETDIR. Return value 1.
Action 3:17:11: CostInitialize. Computing space requirements
Action start 3:17:11: CostInitialize.
Action ended 3:17:12: CostInitialize. Return value 1.
Action 3:17:12: FileCost. Computing space requirements
Action start 3:17:12: FileCost.
Action ended 3:17:12: FileCost. Return value 1.
Action 3:17:12: CostFinalize. Computing space requirements
Action start 3:17:12: CostFinalize.
Action ended 3:17:13: CostFinalize. Return value 1.
Action 3:17:13: InstallValidate. Validating install
Action start 3:17:13: InstallValidate.
Action ended 3:17:13: InstallValidate. Return value 1.
Action 3:17:13: ArpLocation. 
Action start 3:17:13: ArpLocation.
Action ended 3:17:13: ArpLocation. Return value 1.
Action 3:17:13: RemoveExistingProducts. Removing applications
Action start 3:17:13: RemoveExistingProducts.
Action ended 3:17:13: RemoveExistingProducts. Return value 1.
Action 3:17:13: InstallInitialize. 
Action start 3:17:13: InstallInitialize.
Action ended 3:17:13: InstallInitialize. Return value 1.
Action 3:17:13: ProcessComponents. Updating component registration
Action start 3:17:13: ProcessComponents.
Action ended 3:17:13: ProcessComponents. Return value 1.
Action 3:17:13: UnpublishFeatures. Unpublishing Product Features
Action start 3:17:13: UnpublishFeatures.
Action ended 3:17:13: UnpublishFeatures. Return value 1.
Action 3:17:13: StopServices. Stopping services
Action start 3:17:13: StopServices.
Action ended 3:17:13: StopServices. Return value 1.
Action 3:17:13: DeleteServices. Deleting services
Action start 3:17:13: DeleteServices.
Action ended 3:17:13: DeleteServices. Return value 1.
Action 3:17:13: RemoveRegistryValues. Removing system registry values
Action start 3:17:13: RemoveRegistryValues.
Action ended 3:17:13: RemoveRegistryValues. Return value 1.
Action 3:17:13: RemoveShortcuts. Removing shortcuts
Action start 3:17:13: RemoveShortcuts.
Action ended 3:17:13: RemoveShortcuts. Return value 1.
Action 3:17:13: RemoveDuplicateFiles. Removing duplicated files
Action start 3:17:13: RemoveDuplicateFiles.
Action ended 3:17:13: RemoveDuplicateFiles. Return value 1.
Action 3:17:13: UninstallCertificates. 
Action start 3:17:13: UninstallCertificates.
Action ended 3:17:13: UninstallCertificates. Return value 1.
Action 3:17:13: WixSchedFirewallExceptionsUninstall. Configuring Windows Firewall
Action start 3:17:13: WixSchedFirewallExceptionsUninstall.
SchedFirewallExceptions:  Component 'C_server' action state (1) doesn't match request (2)
SchedFirewallExceptions:  Component 'C_server' action state (1) doesn't match request (2)
SchedFirewallExceptions:  Component 'C_critical' action state (1) doesn't match request (2)
SchedFirewallExceptions:  Component 'C_critical' action state (1) doesn't match request (2)
SchedFirewallExceptions:  Component 'C_launcher' action state (1) doesn't match request (2)
SchedFirewallExceptions:  Component 'C_launcher' action state (1) doesn't match request (2)
SchedFirewallExceptions:  Component 'C_desktop' action state (1) doesn't match request (2)
SchedFirewallExceptions:  Component 'C_desktop' action state (1) doesn't match request (2)
SchedFirewallExceptions:  Component 'C_dp8000' action state (1) doesn't match request (2)
SchedFirewallExceptions:  Component 'C_dp8000' action state (1) doesn't match request (2)
SchedFirewallExceptions:  No firewall exceptions scheduled
Action ended 3:17:13: WixSchedFirewallExceptionsUninstall. Return value 1.
Action 3:17:13: RemoveFiles. Removing files
Action start 3:17:13: RemoveFiles.
Action ended 3:17:13: RemoveFiles. Return value 1.
Action 3:17:13: RemoveFolders. Removing folders
Action start 3:17:13: RemoveFolders.
Action ended 3:17:13: RemoveFolders. Return value 1.
Action 3:17:13: CreateFolders. Creating folders
Action start 3:17:13: CreateFolders.
Action ended 3:17:13: CreateFolders. Return value 1.
Action 3:17:13: InstallFiles. Copying new files
Action start 3:17:13: InstallFiles.
Action ended 3:17:13: InstallFiles. Return value 1.
Action 3:17:13: InstallCertificates. 
Action start 3:17:13: InstallCertificates.
Action ended 3:17:13: InstallCertificates. Return value 1.
Action 3:17:13: Set_Install_kmh4touch_x64_Property. 
Action start 3:17:13: Set_Install_kmh4touch_x64_Property.
Action ended 3:17:13: Set_Install_kmh4touch_x64_Property. Return value 1.
Action 3:17:13: Install_kmh4touch_x64. Installing x64 Touch Drivers...
Action start 3:17:13: Install_kmh4touch_x64.
Action ended 3:17:13: Install_kmh4touch_x64. Return value 1.
Action 3:17:13: Set_Install_umblk_x64_Property. 
Action start 3:17:13: Set_Install_umblk_x64_Property.
Action ended 3:17:13: Set_Install_umblk_x64_Property. Return value 1.
Action 3:17:13: Install_umblk_x64. Installing x64 Blk Drivers...
Action start 3:17:13: Install_umblk_x64.
Action ended 3:17:13: Install_umblk_x64. Return value 1.
Action 3:17:13: Set_Install_umdmx_x64_Property. 
Action start 3:17:13: Set_Install_umdmx_x64_Property.
Action ended 3:17:13: Set_Install_umdmx_x64_Property. Return value 1.
Action 3:17:13: Install_umdmx_x64. Installing x64 DMX Widget Drivers...
Action start 3:17:13: Install_umdmx_x64.
Action ended 3:17:13: Install_umdmx_x64. Return value 1.
Action 3:17:13: Set_Install_umltc_x64_Property. 
Action start 3:17:13: Set_Install_umltc_x64_Property.
Action ended 3:17:13: Set_Install_umltc_x64_Property. Return value 1.
Action 3:17:13: Install_umltc_x64. Installing x64 LTC Widget Drivers...
Action start 3:17:13: Install_umltc_x64.
Action ended 3:17:13: Install_umltc_x64. Return value 1.
Action 3:17:13: Set_Install_umprowing_x64_Property. 
Action start 3:17:13: Set_Install_umprowing_x64_Property.
Action ended 3:17:13: Set_Install_umprowing_x64_Property. Return value 1.
Action 3:17:13: Install_umprowing_x64. Installing x64 Wing Drivers...
Action start 3:17:13: Install_umprowing_x64.
Action ended 3:17:13: Install_umprowing_x64. Return value 1.
Action 3:17:13: Set_Install_umupload_x64_Property. 
Action start 3:17:13: Set_Install_umupload_x64_Property.
Action ended 3:17:13: Set_Install_umupload_x64_Property. Return value 1.
Action 3:17:13: Install_umupload_x64. Installing Device Firmware...
Action start 3:17:13: Install_umupload_x64.
Action ended 3:17:13: Install_umupload_x64. Return value 1.
Action 3:17:13: WixSchedFirewallExceptionsInstall. Configuring Windows Firewall
Action start 3:17:13: WixSchedFirewallExceptionsInstall.
SchedFirewallExceptions:  Scheduling firewall exception (1€Hog PC Server TCP Firewall Rule€2147483647€*€1€2€C:\Program Files (x86)\ETC\HogPC\server-win32-golden.exe€€-2147450874€€1€Hog PC Server UDP Firewall Rule€2147483647€*€1€2€C:\Program Files (x86)\ETC\HogPC\server-win32-golden.exe€€-2147450863€€1€Hog PC Critical TCP Firewall Rule€2147483647€*€1€2€C:\Program Files (x86)\ETC\HogPC\critical-win32-golden.exe€€-2147450874€€1€Hog PC Critical UDP Firewall Rule€2147483647€*€1€2€C:\Program Files (x86)\ETC\HogPC\critical-win32-golden.exe€€-2147450863€€1€Hog PC Launcher TCP Firewall Rule€2147483647€*€1€2€C:\Program Files (x86)\ETC\HogPC\launcher-win32-golden.exe€€-2147450874€€1€Hog PC Launcher UDP Firewall Rule€2147483647€*€1€2€C:\Program Files (x86)\ETC\HogPC\launcher-win32-golden.exe€€-2147450863€€1€Hog PC Desktop TCP Firewall Rule€2147483647€*€1€2€C:\Program Files (x86)\ETC\HogPC\desktop-win32-golden.exe€€-2147450874€€1€Hog PC Desktop UDP Firewall Rule€2147483647€*€1€2€C:\Program Files (x86)\ETC\HogPC\desktop-win32-golden.exe€€-2147450863€€1€Hog PC DP8K TCP Firewall Rule€2147483647€*€1€2€C:\Program Files (x86)\ETC\HogPC\dp8k-win32-golden.exe€€-2147450874€€1€Hog PC DP8K UDP Firewall Rule€2147483647€*€1€2€C:\Program Files (x86)\ETC\HogPC\dp8k-win32-golden.exe€€-2147450863€)
Action 3:17:13: WixRollbackFirewallExceptionsInstall. Rolling back Windows Firewall configuration
Action start 3:17:13: WixRollbackFirewallExceptionsInstall.
Action ended 3:17:13: WixRollbackFirewallExceptionsInstall. Return value 1.
Action 3:17:13: WixExecFirewallExceptionsInstall. Installing Windows Firewall configuration
Action start 3:17:13: WixExecFirewallExceptionsInstall.
Action ended 3:17:13: WixExecFirewallExceptionsInstall. Return value 1.
Action ended 3:17:13: WixSchedFirewallExceptionsInstall. Return value 1.
Action 3:17:13: DuplicateFiles. Creating duplicate files
Action start 3:17:13: DuplicateFiles.
Action ended 3:17:13: DuplicateFiles. Return value 1.
Action 3:17:13: CreateShortcuts. Creating shortcuts
Action start 3:17:13: CreateShortcuts.
Action ended 3:17:13: CreateShortcuts. Return value 1.
Action 3:17:13: WriteRegistryValues. Writing system registry values
Action start 3:17:13: WriteRegistryValues.
Action ended 3:17:13: WriteRegistryValues. Return value 1.
Action 3:17:13: InstallServices. Installing new services
Action start 3:17:13: InstallServices.
Action ended 3:17:13: InstallServices. Return value 1.
Action 3:17:13: StartServices. Starting services
Action start 3:17:13: StartServices.
Action ended 3:17:13: StartServices. Return value 1.
Action 3:17:13: RegisterUser. Registering user
Action start 3:17:13: RegisterUser.
Action ended 3:17:13: RegisterUser. Return value 1.
Action 3:17:13: RegisterProduct. Registering product
Action start 3:17:13: RegisterProduct.
Action ended 3:17:13: RegisterProduct. Return value 1.
Action 3:17:13: PublishFeatures. Publishing Product Features
Action start 3:17:13: PublishFeatures.
Action ended 3:17:13: PublishFeatures. Return value 1.
Action 3:17:13: PublishProduct. Publishing product information
Action start 3:17:13: PublishProduct.
Action ended 3:17:13: PublishProduct. Return value 1.
Action 3:17:13: SA_FixLib_Unpack_Target_Dir. 
Action start 3:17:13: SA_FixLib_Unpack_Target_Dir.
Action ended 3:17:13: SA_FixLib_Unpack_Target_Dir. Return value 1.
Action 3:17:13: SA_FixLib_Unpack. Extracting fixture libraries... (this may take a few minutes)
Action start 3:17:13: SA_FixLib_Unpack.
Action ended 3:17:13: SA_FixLib_Unpack. Return value 1.
Action 3:17:13: InstallFinalize. 
Action start 3:17:13: InstallFinalize.
Action 3:17:13: ProcessComponents. Updating component registration
Action start 3:17:13: ProcessComponents.
1: {6501E546-28F5-4A0E-97E0-1CD914185417} 2: {14F72016-B41D-4D3E-AAFB-4BE591754207} 3: 02:\Software\ETC\HogPC\ProductVersion 
1: {6501E546-28F5-4A0E-97E0-1CD914185417} 2: {6FE3BF80-BE65-4E8D-BF80-5D9F23EC9479} 3: 01:\SOFTWARE\ETC\HogPC\ 
1: {6501E546-28F5-4A0E-97E0-1CD914185417} 2: {508DEAE4-5A8A-4311-B393-AE03F1208F8E} 3: C:\Program Files (x86)\ETC\HogPC\ 
1: {6501E546-28F5-4A0E-97E0-1CD914185417} 2: {7420E0BF-68CD-49BD-BB5D-61E1A54D0F54} 3: C:\Program Files (x86)\ETC\HogPC\dialogue-win32-golden.exe 
1: {6501E546-28F5-4A0E-97E0-1CD914185417} 2: {BD90BCBF-76D1-471A-9D45-9832B203AD3C} 3: C:\Program Files (x86)\ETC\HogPC\server-win32-golden.exe 
1: {6501E546-28F5-4A0E-97E0-1CD914185417} 2: {3AAAE261-A1C8-449A-B073-5738DAADC1F2} 3: C:\Program Files (x86)\ETC\HogPC\critical-win32-golden.exe 
1: {6501E546-28F5-4A0E-97E0-1CD914185417} 2: {3905A5CC-D500-452F-8752-A38D0BD6DFEC} 3: 01:\SOFTWARE\ETC\HogPC\LauncherShortcuts 
1: {6501E546-28F5-4A0E-97E0-1CD914185417} 2: {4C974104-0032-468E-A281-68253722CDD7} 3: C:\Program Files (x86)\ETC\HogPC\desktop-win32-golden.exe 
1: {6501E546-28F5-4A0E-97E0-1CD914185417} 2: {7FC460E8-F67A-4761-80EA-79A25B4C3903} 3: 01:\SOFTWARE\ETC\HogPC\UpgradeUtilShortcut 
1: {6501E546-28F5-4A0E-97E0-1CD914185417} 2: {AAC41300-3699-4F02-BAC6-D71274543E8D} 3: C:\Program Files (x86)\ETC\HogPC\dp8k-win32-golden.exe 
1: {6501E546-28F5-4A0E-97E0-1CD914185417} 2: {D92C54FB-FDA9-44A8-BA6C-054EC2315289} 3: C:\Program Files (x86)\ETC\HogPC\lock-win32-golden.exe 
1: {6501E546-28F5-4A0E-97E0-1CD914185417} 2: {F139A8D0-4B42-468D-BB8C-97C07DE4C248} 3: C:\Program Files (x86)\ETC\HogPC\vob-win32-golden.exe 
1: {6501E546-28F5-4A0E-97E0-1CD914185417} 2: {C30A79A6-B3EA-4DC3-8453-1CA22EB47C01} 3: C:\Program Files (x86)\ETC\HogPC\monitor-win32-golden.exe 
1: {6501E546-28F5-4A0E-97E0-1CD914185417} 2: {641D2584-7F36-4972-AB99-3867B52D60FC} 3: C:\Program Files (x86)\ETC\HogPC\ 
1: {6501E546-28F5-4A0E-97E0-1CD914185417} 2: {1AFB1567-671B-4899-AFF2-51CFD7086348} 3: C:\Program Files (x86)\ETC\HogPC\ 
1: {6501E546-28F5-4A0E-97E0-1CD914185417} 2: {B84A67D7-F193-4632-B0E4-0E2F8581FD1F} 3: C:\Program Files (x86)\ETC\HogPC\ 
1: {6501E546-28F5-4A0E-97E0-1CD914185417} 2: {72D66EA4-A99A-4D82-BAD7-3989E0D02558} 3: C:\Program Files (x86)\ETC\HogPC\ 
1: {6501E546-28F5-4A0E-97E0-1CD914185417} 2: {C4F4F49F-5C06-4005-9B1A-88B1CD2A2016} 3: C:\Program Files (x86)\ETC\HogPC\ 
1: {6501E546-28F5-4A0E-97E0-1CD914185417} 2: {93477FA7-934A-4D58-B75E-474120B54F4D} 3: C:\Program Files (x86)\ETC\HogPC\GadgetDrvChange.exe 
1: {6501E546-28F5-4A0E-97E0-1CD914185417} 2: {16B8A9E1-4611-44BB-A93E-5DF3A22D76B9} 3: C:\Program Files (x86)\ETC\HogPC\ 
1: {6501E546-28F5-4A0E-97E0-1CD914185417} 2: {49FFD20F-3D3C-42EB-B547-8AC3CEE57290} 3: 01:\SOFTWARE\ETC\HogPC\PDFIEShortcut 
1: {6501E546-28F5-4A0E-97E0-1CD914185417} 2: {E4B0A25B-C6F4-49F0-9177-B8E6778BBE3D} 3: C:\Program Files (x86)\ETC\HogPC\netservices-win32-golden.exe 
1: {6501E546-28F5-4A0E-97E0-1CD914185417} 2: {ED92B989-A19A-4AF2-9D6F-FBF7BDC8033D} 3: C:\Program Files (x86)\ETC\HogPC\ltc_display-Win32-golden.exe 
1: {6501E546-28F5-4A0E-97E0-1CD914185417} 2: {62B28316-FA0D-47C6-BE78-CA9DF15A03B8} 3: C:\Program Files (x86)\ETC\HogPC\miniwing_test-Win32-golden.exe 
1: {6501E546-28F5-4A0E-97E0-1CD914185417} 2: {9C0FCEEC-C67B-468E-A837-52533DEEA329} 3: C:\Program Files (x86)\ETC\HogPC\ 
1: {6501E546-28F5-4A0E-97E0-1CD914185417} 2: {2F977AA9-BEF3-47B7-9451-839D805822C1} 3: C:\Program Files (x86)\ETC\HogPC\QtQml\qmlplugin.dll 
1: {6501E546-28F5-4A0E-97E0-1CD914185417} 2: {59C67A37-1990-46B4-8A47-3EE1A1E1FCFA} 3: C:\Program Files (x86)\ETC\HogPC\QtQml\Models.2\modelsplugin.dll 
1: {6501E546-28F5-4A0E-97E0-1CD914185417} 2: {BE84547D-DDB1-4BE0-A664-EB7E82869E8F} 3: C:\Program Files (x86)\ETC\HogPC\QtQml\WorkerScript.2\workerscriptplugin.dll 
1: {6501E546-28F5-4A0E-97E0-1CD914185417} 2: {725F703A-CA96-439F-B8C0-453DF832B5CC} 3: C:\Program Files (x86)\ETC\HogPC\QtQuick\Controls.2\qtquickcontrols2plugin.dll 
1: {6501E546-28F5-4A0E-97E0-1CD914185417} 2: {37D9C34B-6C5F-4315-9A54-42DACCB84A26} 3: C:\Program Files (x86)\ETC\HogPC\QtQuick\Templates.2\qtquicktemplates2plugin.dll 
1: {6501E546-28F5-4A0E-97E0-1CD914185417} 2: {A24F2577-1C65-482B-8781-1222060BEB91} 3: C:\Program Files (x86)\ETC\HogPC\QtQuick.2\qtquick2plugin.dll 
1: {6501E546-28F5-4A0E-97E0-1CD914185417} 2: {A9C1C478-AD84-4B9F-AADD-C181B551FA18} 3: C:\Program Files (x86)\ETC\HogPC\ 
1: {6501E546-28F5-4A0E-97E0-1CD914185417} 2: {819FC687-599D-4CF7-89B3-A1D04C5C5B77} 3: C:\Program Files (x86)\ETC\HogPC\preferences\ 
1: {6501E546-28F5-4A0E-97E0-1CD914185417} 2: {B98EA592-4BB3-4A48-8ED7-6137DA051E20} 3: C:\Program Files (x86)\ETC\HogPC\iconengines\ 
1: {6501E546-28F5-4A0E-97E0-1CD914185417} 2: {D64CB9A1-77C0-48BB-AB34-2490ED53D29F} 3: C:\Program Files (x86)\ETC\HogPC\imageformats\ 
1: {6501E546-28F5-4A0E-97E0-1CD914185417} 2: {D66993AA-88C5-11EB-8DCD-0242AC130003} 3: C:\Program Files (x86)\ETC\HogPC\sqldrivers\ 
1: {6501E546-28F5-4A0E-97E0-1CD914185417} 2: {C087D3B4-B044-48FA-BE0E-3CD7FF77375E} 3: C:\Program Files (x86)\ETC\HogPC\webview\ 
1: {6501E546-28F5-4A0E-97E0-1CD914185417} 2: {2639F48C-5A7C-4C44-9DBC-F38914C95524} 3: C:\Program Files (x86)\ETC\HogPC\platforms\ 
1: {6501E546-28F5-4A0E-97E0-1CD914185417} 2: {3F7919C9-03D0-41F0-8EF4-02B6BDC4F2DD} 3: C:\Program Files (x86)\ETC\HogPC\resources\ 
1: {6501E546-28F5-4A0E-97E0-1CD914185417} 2: {5B0274D7-0406-4CB7-8C0C-DB3E8E03CA51} 3: C:\Program Files (x86)\ETC\HogPC\drivers\Install-Driver.ps1 
1: {6501E546-28F5-4A0E-97E0-1CD914185417} 2: {614CF6EB-3DA8-4DB2-B444-EF6CCF65BAAF} 3: C:\Program Files (x86)\ETC\HogPC\drivers\Uninstall-Driver.ps1 
1: {6501E546-28F5-4A0E-97E0-1CD914185417} 2: {E0EECF02-8E8C-4304-8592-609DD947997E} 3: C:\windows\syswow64\ 
1: {6501E546-28F5-4A0E-97E0-1CD914185417} 2: {8256D425-8890-434D-997A-32D6D7C97B81} 3: C:\Program Files (x86)\ETC\Hog Connectivity\ 
1: {6501E546-28F5-4A0E-97E0-1CD914185417} 2: {8E026F07-905C-4329-A6CA-5AD29AA5E2DF} 3: C:\Program Files (x86)\ETC\Hog Connectivity\ 
1: {6501E546-28F5-4A0E-97E0-1CD914185417} 2: {7F189C17-C2CA-4580-959F-03755D85C13E} 3: C:\Program Files (x86)\ETC\Hog Connectivity\lxhog3dp.dll 
1: {6501E546-28F5-4A0E-97E0-1CD914185417} 2: {975BF628-13F9-44B2-A035-FC09BE4DEECA} 3: C:\Program Files (x86)\ETC\Hog Connectivity\lx2hog3dp.dll 
1: {6501E546-28F5-4A0E-97E0-1CD914185417} 2: {12394856-849F-4220-80F4-E8A13EBDE1A6} 3: C:\Program Files (x86)\ETC\Hog Connectivity\Visualizer.dll 
1: {6501E546-28F5-4A0E-97E0-1CD914185417} 2: {B11A7E12-EBA2-4FC1-A828-886F99145D97} 3: C:\ProgramData\ETC\HogPC\helptext\en\csh.js 
1: {6501E546-28F5-4A0E-97E0-1CD914185417} 2: {FF4582E5-4249-48C6-96F3-BE470A06A100} 3: C:\ProgramData\ETC\HogPC\helptext\en\HTML_for_Console.mclog 
1: {6501E546-28F5-4A0E-97E0-1CD914185417} 2: {82EB5255-8449-4610-AB35-371102DD8447} 3: C:\ProgramData\ETC\HogPC\helptext\en\index.htm 
1: {6501E546-28F5-4A0E-97E0-1CD914185417} 2: {B7EC8840-785F-4DD7-8EA6-D1E0231F9475} 3: C:\ProgramData\ETC\HogPC\helptext\en\index.js 
1: {6501E546-28F5-4A0E-97E0-1CD914185417} 2: {928C5050-C02F-4DFD-ADCA-D3770E8CD592} 3: C:\ProgramData\ETC\HogPC\helptext\en\index.mcwebhelp 
1: {6501E546-28F5-4A0E-97E0-1CD914185417} 2: {FAB7C6AA-6416-47EF-BFC4-30530505A12C} 3: C:\ProgramData\ETC\HogPC\helptext\en\index_CSH.htm 
1: {6501E546-28F5-4A0E-97E0-1CD914185417} 2: {1E791902-627C-4D91-99F9-7940A86EFC17} 3: C:\ProgramData\ETC\HogPC\helptext\en\Content\FunctionKeys.htm 
1: {6501E546-28F5-4A0E-97E0-1CD914185417} 2: {9A8120CD-BD12-4064-9FD0-52203C4D554F} 3: C:\ProgramData\ETC\HogPC\helptext\en\Content\00_covers_frontmatter\FCC_Info.htm 
1: {6501E546-28F5-4A0E-97E0-1CD914185417} 2: {6BD1A37E-52ED-4E6E-8B80-AB81AF8A86ED} 3: C:\ProgramData\ETC\HogPC\helptext\en\Content\00_covers_frontmatter\ImportantSafetyInfo.htm 
1: {6501E546-28F5-4A0E-97E0-1CD914185417} 2: {E2B5BE30-F330-44FE-B024-B22EE034AB47} 3: C:\ProgramData\ETC\HogPC\helptext\en\Content\00_covers_frontmatter\Introduction.htm 
1: {6501E546-28F5-4A0E-97E0-1CD914185417} 2: {6FAA65FF-597B-4091-849C-8238A1FD6A1F} 3: C:\ProgramData\ETC\HogPC\helptext\en\Content\00_covers_frontmatter\ThirdPartySofttware.htm 
1: {6501E546-28F5-4A0E-97E0-1CD914185417} 2: {98968611-2298-4BE5-BCF9-02F371D09DC4} 3: C:\ProgramData\ETC\HogPC\helptext\en\Content\00_covers_frontmatter\WarrantyInfo.htm 
1: {6501E546-28F5-4A0E-97E0-1CD914185417} 2: {25E876FA-67F0-48AB-9261-973EC52634CC} 3: C:\ProgramData\ETC\HogPC\helptext\en\Content\00_definitions\100BaseT.htm 
1: {6501E546-28F5-4A0E-97E0-1CD914185417} 2: {5BA2554B-A8E4-4577-B0B6-D4F09140E56E} 3: C:\ProgramData\ETC\HogPC\helptext\en\Content\00_definitions\10BaseT.htm 
1: {6501E546-28F5-4A0E-97E0-1CD914185417} 2: {7798B2D7-C195-4E90-B47B-6478F16C3B9B} 3: C:\ProgramData\ETC\HogPC\helptext\en\Content\00_definitions\AbstractionLayer.htm 
1: {6501E546-28F5-4A0E-97E0-1CD914185417} 2: {21865326-7BFD-4167-B32A-967B031EC8DC} 3: C:\ProgramData\ETC\HogPC\helptext\en\Content\00_definitions\AggregateFixtures.htm 
1: {6501E546-28F5-4A0E-97E0-1CD914185417} 2: {B64DEA28-D99F-46B3-B112-9698DBF67504} 3: C:\ProgramData\ETC\HogPC\helptext\en\Content\00_definitions\BlockingCue.htm 
1: {6501E546-28F5-4A0E-97E0-1CD914185417} 2: {9F313AC2-CF76-466D-BC53-316E4161CE47} 3: C:\ProgramData\ETC\HogPC\helptext\en\Content\00_definitions\Buddying.htm 
1: {6501E546-28F5-4A0E-97E0-1CD914185417} 2: {DDC0F35E-94C9-4B03-B7C7-88204B5D1CAE} 3: C:\ProgramData\ETC\HogPC\helptext\en\Content\00_definitions\Button.htm 
1: {6501E546-28F5-4A0E-97E0-1CD914185417} 2: {5C4E5556-0EF7-40FC-8A52-87A920522F59} 3: C:\ProgramData\ETC\HogPC\helptext\en\Content\00_definitions\CalBypass.htm 
1: {6501E546-28F5-4A0E-97E0-1CD914185417} 2: {36D56133-1C1E-46C0-9157-DC85585397B8} 3: C:\ProgramData\ETC\HogPC\helptext\en\Content\00_definitions\Cell.htm 
1: {6501E546-28F5-4A0E-97E0-1CD914185417} 2: {CDEBBB52-8C99-43F5-9FAE-C84A3A357111} 3: C:\ProgramData\ETC\HogPC\helptext\en\Content\00_definitions\Chase.htm 
1: {6501E546-28F5-4A0E-97E0-1CD914185417} 2: {63381DEC-6D7E-4021-851E-810EF9AC103A} 3: C:\ProgramData\ETC\HogPC\helptext\en\Content\00_definitions\Chromaticity_Diagram.htm 
1: {6501E546-28F5-4A0E-97E0-1CD914185417} 2: {BE58130A-AC1A-4AF3-8D38-10BA861C26FF} 3: C:\ProgramData\ETC\HogPC\helptext\en\Content\00_definitions\CITP.htm 
1: {6501E546-28F5-4A0E-97E0-1CD914185417} 2: {878B8841-C813-4ED0-A5EF-361EAD468F24} 3: C:\ProgramData\ETC\HogPC\helptext\en\Content\00_definitions\Color_Space_HSV.htm 
1: {6501E546-28F5-4A0E-97E0-1CD914185417} 2: {F1EEFC27-A630-40DD-9A93-834449E240B6} 3: C:\ProgramData\ETC\HogPC\helptext\en\Content\00_definitions\Color_Space_RGB.htm 
1: {6501E546-28F5-4A0E-97E0-1CD914185417} 2: {9F65912B-60C6-4E1C-B0F6-6E3F871B4EC7} 3: C:\ProgramData\ETC\HogPC\helptext\en\Content\00_definitions\Color_Space_xyY.htm 
1: {6501E546-28F5-4A0E-97E0-1CD914185417} 2: {40603908-EFAC-43D0-855F-4FACA17C763A} 3: C:\ProgramData\ETC\HogPC\helptext\en\Content\00_definitions\CommandKeys.htm 
1: {6501E546-28F5-4A0E-97E0-1CD914185417} 2: {B27E94E4-84C8-4662-B7C2-0E60D43F3FCB} 3: C:\ProgramData\ETC\HogPC\helptext\en\Content\00_definitions\CommandLine.htm 
1: {6501E546-28F5-4A0E-97E0-1CD914185417} 2: {40BDE126-9D0B-4D0F-BC21-299C6C8D2275} 3: C:\ProgramData\ETC\HogPC\helptext\en\Content\00_definitions\CompoundFixture.htm 
1: {6501E546-28F5-4A0E-97E0-1CD914185417} 2: {9523A948-DA54-4FD8-AA9A-051885821B6D} 3: C:\ProgramData\ETC\HogPC\helptext\en\Content\00_definitions\ControlSet.htm 
1: {6501E546-28F5-4A0E-97E0-1CD914185417} 2: {9D3321AA-78C9-456E-86A0-309E230D9D04} 3: C:\ProgramData\ETC\HogPC\helptext\en\Content\00_definitions\ConversionCurve.htm 
1: {6501E546-28F5-4A0E-97E0-1CD914185417} 2: {100E7172-984C-4224-ABC5-7590A8053C63} 3: C:\ProgramData\ETC\HogPC\helptext\en\Content\00_definitions\Crossfade.htm 
1: {6501E546-28F5-4A0E-97E0-1CD914185417} 2: {CF4E455F-16CD-456E-B515-B7006F2F8330} 3: C:\ProgramData\ETC\HogPC\helptext\en\Content\00_definitions\Cue.htm 
1: {6501E546-28F5-4A0E-97E0-1CD914185417} 2: {945ABB52-53E4-46DD-9829-446970466B69} 3: C:\ProgramData\ETC\HogPC\helptext\en\Content\00_definitions\Cuelist.htm 
1: {6501E546-28F5-4A0E-97E0-1CD914185417} 2: {295BDAEC-05BF-40FB-A4E8-48074CD69809} 3: C:\ProgramData\ETC\HogPC\helptext\en\Content\00_definitions\DBO.htm 
1: {6501E546-28F5-4A0E-97E0-1CD914185417} 2: {BA1DC46C-6D22-4B2B-820B-CA34040A12D7} 3: C:\ProgramData\ETC\HogPC\helptext\en\Content\00_definitions\DefaultValue.htm 
1: {6501E546-28F5-4A0E-97E0-1CD914185417} 2: {43BACB43-7ABD-41E7-9B83-A55B4C67C34C} 3: C:\ProgramData\ETC\HogPC\helptext\en\Content\00_definitions\DelayTime.htm 
1: {6501E546-28F5-4A0E-97E0-1CD914185417} 2: {B6912CD5-EC01-41A5-A66F-71E0C502A87B} 3: C:\ProgramData\ETC\HogPC\helptext\en\Content\00_definitions\DeskChannel.htm 
1: {6501E546-28F5-4A0E-97E0-1CD914185417} 2: {6E7B9764-B0F9-4849-8D6A-357A837C4ECC} 3: C:\ProgramData\ETC\HogPC\helptext\en\Content\00_definitions\DHCP.htm 
1: {6501E546-28F5-4A0E-97E0-1CD914185417} 2: {F8C0252C-9838-4D01-ACB6-5E550B1BE421} 3: C:\ProgramData\ETC\HogPC\helptext\en\Content\00_definitions\DimmerCurve.htm 
1: {6501E546-28F5-4A0E-97E0-1CD914185417} 2: {19EC301C-B302-46DB-9CFA-365E9C9D6D49} 3: C:\ProgramData\ETC\HogPC\helptext\en\Content\00_definitions\Directory.htm 
1: {6501E546-28F5-4A0E-97E0-1CD914185417} 2: {36AC0BC2-D531-407B-8851-4311468A305A} 3: C:\ProgramData\ETC\HogPC\helptext\en\Content\00_definitions\DMX.htm 
1: {6501E546-28F5-4A0E-97E0-1CD914185417} 2: {7883B332-CC11-479E-8C8D-2E4341A8A64D} 3: C:\ProgramData\ETC\HogPC\helptext\en\Content\00_definitions\DMXAddress.htm 
1: {6501E546-28F5-4A0E-97E0-1CD914185417} 2: {6D8810FB-F9EF-4E42-885D-7B4AA48827EA} 3: C:\ProgramData\ETC\HogPC\helptext\en\Content\00_definitions\DMXProcessor.htm 
1: {6501E546-28F5-4A0E-97E0-1CD914185417} 2: {63D96A8A-6A83-4214-8AE4-67E9CBD1CD73} 3: C:\ProgramData\ETC\HogPC\helptext\en\Content\00_definitions\DMXUniverse.htm 
1: {6501E546-28F5-4A0E-97E0-1CD914185417} 2: {78E79083-C685-45C1-9A43-6AAD8DEAA351} 3: C:\ProgramData\ETC\HogPC\helptext\en\Content\00_definitions\DottedUserNumber.htm 
1: {6501E546-28F5-4A0E-97E0-1CD914185417} 2: {A1C15164-D37C-493D-8C9B-BE052AA7BB4A} 3: C:\ProgramData\ETC\HogPC\helptext\en\Content\00_definitions\Editor.htm 
1: {6501E546-28F5-4A0E-97E0-1CD914185417} 2: {8269D5F7-43DA-4178-A646-0FAC6C50E420} 3: C:\ProgramData\ETC\HogPC\helptext\en\Content\00_definitions\EffectsEngine.htm 
1: {6501E546-28F5-4A0E-97E0-1CD914185417} 2: {A0CB3BFD-94E0-48F5-957F-B0F3A0DDAA4C} 3: C:\ProgramData\ETC\HogPC\helptext\en\Content\00_definitions\Effect_Base.htm 
1: {6501E546-28F5-4A0E-97E0-1CD914185417} 2: {6DD80271-2C81-40CD-9890-666056092703} 3: C:\ProgramData\ETC\HogPC\helptext\en\Content\00_definitions\Effect_Baseless.htm 
1: {6501E546-28F5-4A0E-97E0-1CD914185417} 2: {6C82BE8B-CB20-46A9-91E1-E9432F9848C4} 3: C:\ProgramData\ETC\HogPC\helptext\en\Content\00_definitions\Effect_Link.htm 
1: {6501E546-28F5-4A0E-97E0-1CD914185417} 2: {1304B2B4-C4A4-4799-9782-DF97C4D8F3F5} 3: C:\ProgramData\ETC\HogPC\helptext\en\Content\00_definitions\Effect_Off.htm 
1: {6501E546-28F5-4A0E-97E0-1CD914185417} 2: {CE199C7F-E221-4638-A638-C180DD0C5B2E} 3: C:\ProgramData\ETC\HogPC\helptext\en\Content\00_definitions\Effect_Track.htm 
1: {6501E546-28F5-4A0E-97E0-1CD914185417} 2: {9E30C006-791E-4125-9E65-7A9243AEF366} 3: C:\ProgramData\ETC\HogPC\helptext\en\Content\00_definitions\EncoderWheel.htm 
1: {6501E546-28F5-4A0E-97E0-1CD914185417} 2: {44060FF2-C91B-4FD2-8BBF-3882408F57AB} 3: C:\ProgramData\ETC\HogPC\helptext\en\Content\00_definitions\Ethernet.htm 
1: {6501E546-28F5-4A0E-97E0-1CD914185417} 2: {5D96C040-2791-46C1-B763-A0D2BF9C14BE} 3: C:\ProgramData\ETC\HogPC\helptext\en\Content\00_definitions\FadeTime.htm 
1: {6501E546-28F5-4A0E-97E0-1CD914185417} 2: {BCF70282-2E62-4E7A-9369-D0A4C1029AE4} 3: C:\ProgramData\ETC\HogPC\helptext\en\Content\00_definitions\Fanning.htm 
1: {6501E546-28F5-4A0E-97E0-1CD914185417} 2: {7039ED14-33CF-42E7-BF1C-BB6B89204EE0} 3: C:\ProgramData\ETC\HogPC\helptext\en\Content\00_definitions\FixedKind.htm 
1: {6501E546-28F5-4A0E-97E0-1CD914185417} 2: {010EC76B-9722-4D72-B879-CCFE7AA277CF} 3: C:\ProgramData\ETC\HogPC\helptext\en\Content\00_definitions\FixtureLibrary.htm 
1: {6501E546-28F5-4A0E-97E0-1CD914185417} 2: {E71DB1E0-6CCA-425E-A13C-2B57093FADB5} 3: C:\ProgramData\ETC\HogPC\helptext\en\Content\00_definitions\Function.htm 
1: {6501E546-28F5-4A0E-97E0-1CD914185417} 2: {7E01ED6D-E99C-4483-B958-CB249F48D4CC} 3: C:\ProgramData\ETC\HogPC\helptext\en\Content\00_definitions\Gamut.htm 
1: {6501E546-28F5-4A0E-97E0-1CD914185417} 2: {5ED79E31-FBCD-4E29-9D17-E4BE600D2937} 3: C:\ProgramData\ETC\HogPC\helptext\en\Content\00_definitions\Gobo.htm 
1: {6501E546-28F5-4A0E-97E0-1CD914185417} 2: {539998C4-A7FF-43CE-B877-3FE0E9743ABD} 3: C:\ProgramData\ETC\HogPC\helptext\en\Content\00_definitions\GraphicalUserInterface.htm 
1: {6501E546-28F5-4A0E-97E0-1CD914185417} 2: {652E47F3-66FE-4FA8-80D9-8572E885E8E4} 3: C:\ProgramData\ETC\HogPC\helptext\en\Content\00_definitions\Group.htm 
1: {6501E546-28F5-4A0E-97E0-1CD914185417} 2: {48E2FFCD-F407-49F8-8209-A2CA87FAC1EF} 3: C:\ProgramData\ETC\HogPC\helptext\en\Content\00_definitions\GUI.htm 
1: {6501E546-28F5-4A0E-97E0-1CD914185417} 2: {3297B491-3ABE-4959-98ED-DE98875E703F} 3: C:\ProgramData\ETC\HogPC\helptext\en\Content\00_definitions\HardValue.htm 
1: {6501E546-28F5-4A0E-97E0-1CD914185417} 2: {F17DAEAE-1D55-4E61-96D7-6DADDB96BB27} 3: C:\ProgramData\ETC\HogPC\helptext\en\Content\00_definitions\HidMode.htm 
1: {6501E546-28F5-4A0E-97E0-1CD914185417} 2: {316B6CFC-1610-480B-8C7A-9DB83D20E56C} 3: C:\ProgramData\ETC\HogPC\helptext\en\Content\00_definitions\HTP.htm 
1: {6501E546-28F5-4A0E-97E0-1CD914185417} 2: {A2D2CFB6-2DDD-48F6-9921-5848AAE99CD4} 3: C:\ProgramData\ETC\HogPC\helptext\en\Content\00_definitions\Hue.htm 
1: {6501E546-28F5-4A0E-97E0-1CD914185417} 2: {358D7CD4-9C41-4229-9590-52B9B243856C} 3: C:\ProgramData\ETC\HogPC\helptext\en\Content\00_definitions\InhibitiveSubmaster.htm 
1: {6501E546-28F5-4A0E-97E0-1CD914185417} 2: {F7DE7D59-F8D3-403C-BD0D-A91E3F300896} 3: C:\ProgramData\ETC\HogPC\helptext\en\Content\00_definitions\InTime.htm 
1: {6501E546-28F5-4A0E-97E0-1CD914185417} 2: {41C87330-0DE2-41EA-BCE4-C0405EE41DBC} 3: C:\ProgramData\ETC\HogPC\helptext\en\Content\00_definitions\IpAddress.htm 
1: {6501E546-28F5-4A0E-97E0-1CD914185417} 2: {0033B960-324F-4FF0-8289-CD6EC856D7E4} 3: C:\ProgramData\ETC\HogPC\helptext\en\Content\00_definitions\IWheel.htm 
1: {6501E546-28F5-4A0E-97E0-1CD914185417} 2: {68FA7D94-F083-4D29-AF68-6865A1D53650} 3: C:\ProgramData\ETC\HogPC\helptext\en\Content\00_definitions\Key.htm 
1: {6501E546-28F5-4A0E-97E0-1CD914185417} 2: {874460F1-F195-4445-A6A6-7E0111D75DEA} 3: C:\ProgramData\ETC\HogPC\helptext\en\Content\00_definitions\Kinds.htm 
1: {6501E546-28F5-4A0E-97E0-1CD914185417} 2: {DFDD4519-44F8-43D7-AA2F-F81CC7A3D96D} 3: C:\ProgramData\ETC\HogPC\helptext\en\Content\00_definitions\Knockout.htm 
1: {6501E546-28F5-4A0E-97E0-1CD914185417} 2: {E0A68CEC-9876-4338-B9D5-47CA69B54D23} 3: C:\ProgramData\ETC\HogPC\helptext\en\Content\00_definitions\LTP.htm 
1: {6501E546-28F5-4A0E-97E0-1CD914185417} 2: {31790CDC-E107-4648-A29F-18150E980C47} 3: C:\ProgramData\ETC\HogPC\helptext\en\Content\00_definitions\MaintainState.htm 
1: {6501E546-28F5-4A0E-97E0-1CD914185417} 2: {12DABC50-75B6-4301-943B-E4594B66470A} 3: C:\ProgramData\ETC\HogPC\helptext\en\Content\00_definitions\Mask.htm 
1: {6501E546-28F5-4A0E-97E0-1CD914185417} 2: {300FAB7C-4FFB-442B-B84E-8B033FE5C28C} 3: C:\ProgramData\ETC\HogPC\helptext\en\Content\00_definitions\Master.htm 
1: {6501E546-28F5-4A0E-97E0-1CD914185417} 2: {668F4938-F2C0-4122-99A0-6F73C63AAA7B} 3: C:\ProgramData\ETC\HogPC\helptext\en\Content\00_definitions\MasterWing.htm 
1: {6501E546-28F5-4A0E-97E0-1CD914185417} 2: {1EF2CBF1-3E63-44DA-AE2D-2379B93F8436} 3: C:\ProgramData\ETC\HogPC\helptext\en\Content\00_definitions\MediaPicker.htm 
1: {6501E546-28F5-4A0E-97E0-1CD914185417} 2: {BA6E469A-3B71-48C7-9272-441FC2A22380} 3: C:\ProgramData\ETC\HogPC\helptext\en\Content\00_definitions\MIDI.htm 
1: {6501E546-28F5-4A0E-97E0-1CD914185417} 2: {4645A93E-0C4A-404E-8838-ADD1FE2DBCBA} 3: C:\ProgramData\ETC\HogPC\helptext\en\Content\00_definitions\MidiShowControl.htm 
1: {6501E546-28F5-4A0E-97E0-1CD914185417} 2: {8C8A9999-4E20-4F88-82F8-65975874627A} 3: C:\ProgramData\ETC\HogPC\helptext\en\Content\00_definitions\Mix_Brightest.htm 
1: {6501E546-28F5-4A0E-97E0-1CD914185417} 2: {918B6CBF-9E68-47FA-BF95-7B3A605760FF} 3: C:\ProgramData\ETC\HogPC\helptext\en\Content\00_definitions\Mix_Spectral.htm 
1: {6501E546-28F5-4A0E-97E0-1CD914185417} 2: {6704BBD1-7A6D-40B0-A28B-0C41B937D4C9} 3: C:\ProgramData\ETC\HogPC\helptext\en\Content\00_definitions\Modifier.htm 
1: {6501E546-28F5-4A0E-97E0-1CD914185417} 2: {36BE1C99-B288-4A89-841B-42B79588A8D7} 3: C:\ProgramData\ETC\HogPC\helptext\en\Content\00_definitions\Multicast.htm 
1: {6501E546-28F5-4A0E-97E0-1CD914185417} 2: {F09ED620-E894-4055-BADF-4561583E687E} 3: C:\ProgramData\ETC\HogPC\helptext\en\Content\00_definitions\NetNumber.htm 
1: {6501E546-28F5-4A0E-97E0-1CD914185417} 2: {348EF914-075E-4331-80B0-8F9680A0740D} 3: C:\ProgramData\ETC\HogPC\helptext\en\Content\00_definitions\Node.htm 
1: {6501E546-28F5-4A0E-97E0-1CD914185417} 2: {78ECC84C-E1E5-4CCD-A990-EB7CAA8CC3A1} 3: C:\ProgramData\ETC\HogPC\helptext\en\Content\00_definitions\OnStage.htm 
1: {6501E546-28F5-4A0E-97E0-1CD914185417} 2: {7298A3A1-59CB-4273-95A2-4014CB75037D} 3: C:\ProgramData\ETC\HogPC\helptext\en\Content\00_definitions\OpenSoundControl_OSC_.htm 
1: {6501E546-28F5-4A0E-97E0-1CD914185417} 2: {9B488776-ABD1-4CBA-9F63-2000B386D1D8} 3: C:\ProgramData\ETC\HogPC\helptext\en\Content\00_definitions\OutTime.htm 
1: {6501E546-28F5-4A0E-97E0-1CD914185417} 2: {D6588620-3C1F-4A16-9C10-98B222F91C20} 3: C:\ProgramData\ETC\HogPC\helptext\en\Content\00_definitions\Page.htm 
1: {6501E546-28F5-4A0E-97E0-1CD914185417} 2: {6EBCCB74-6BA3-466A-96AD-25C4509D3302} 3: C:\ProgramData\ETC\HogPC\helptext\en\Content\00_definitions\Palette.htm 
1: {6501E546-28F5-4A0E-97E0-1CD914185417} 2: {8A6C1E53-9B50-4662-96DF-8901AE12BC6C} 3: C:\ProgramData\ETC\HogPC\helptext\en\Content\00_definitions\Parameter.htm 
1: {6501E546-28F5-4A0E-97E0-1CD914185417} 2: {64F3C6C3-CF91-4C93-9481-D51D87D84B49} 3: C:\ProgramData\ETC\HogPC\helptext\en\Content\00_definitions\ParameterWheel.htm 
1: {6501E546-28F5-4A0E-97E0-1CD914185417} 2: {BEE35CC2-D75C-49F9-A350-B131CB339B6E} 3: C:\ProgramData\ETC\HogPC\helptext\en\Content\00_definitions\Patch.htm 
1: {6501E546-28F5-4A0E-97E0-1CD914185417} 2: {4BB99CC5-6B6D-426C-9AA8-3E719F82AD61} 3: C:\ProgramData\ETC\HogPC\helptext\en\Content\00_definitions\PatchPoint.htm 
1: {6501E546-28F5-4A0E-97E0-1CD914185417} 2: {51ADDF56-D83C-4C6C-81A6-11D5909B9501} 3: C:\ProgramData\ETC\HogPC\helptext\en\Content\00_definitions\Path.htm 
1: {6501E546-28F5-4A0E-97E0-1CD914185417} 2: {B085FFB9-5D6B-4F57-ABFE-234E949B9014} 3: C:\ProgramData\ETC\HogPC\helptext\en\Content\00_definitions\PigKey.htm 
1: {6501E546-28F5-4A0E-97E0-1CD914185417} 2: {8F4E2D45-AAE2-4CB9-890D-2416CF18FB13} 3: C:\ProgramData\ETC\HogPC\helptext\en\Content\00_definitions\PileOn.htm 
1: {6501E546-28F5-4A0E-97E0-1CD914185417} 2: {495DFED0-4FC4-4EE8-A241-29564336BD6E} 3: C:\ProgramData\ETC\HogPC\helptext\en\Content\00_definitions\Pixelmap.htm 
1: {6501E546-28F5-4A0E-97E0-1CD914185417} 2: {AE53FDB3-CFDB-4B82-8692-023D35AD99E8} 3: C:\ProgramData\ETC\HogPC\helptext\en\Content\00_definitions\PixelmapLayer.htm 
1: {6501E546-28F5-4A0E-97E0-1CD914185417} 2: {EE512C90-A45C-49BF-B004-59A53DFECE39} 3: C:\ProgramData\ETC\HogPC\helptext\en\Content\00_definitions\PlaybackWing.htm 
1: {6501E546-28F5-4A0E-97E0-1CD914185417} 2: {CBC5C38C-F549-4637-B896-51561254B202} 3: C:\ProgramData\ETC\HogPC\helptext\en\Content\00_definitions\Plot.htm 
1: {6501E546-28F5-4A0E-97E0-1CD914185417} 2: {BC6E6EA7-062B-432D-84DD-AD53641814F6} 3: C:\ProgramData\ETC\HogPC\helptext\en\Content\00_definitions\PointCue.htm 
1: {6501E546-28F5-4A0E-97E0-1CD914185417} 2: {F439592A-B4A0-49BB-ACBF-5F42E2E9278C} 3: C:\ProgramData\ETC\HogPC\helptext\en\Content\00_definitions\PortNumber.htm 
1: {6501E546-28F5-4A0E-97E0-1CD914185417} 2: {1CF8C803-5000-4FB4-BE46-B4B31D89DFFF} 3: C:\ProgramData\ETC\HogPC\helptext\en\Content\00_definitions\Preview_Color.htm 
1: {6501E546-28F5-4A0E-97E0-1CD914185417} 2: {32D039CC-BBBC-45B0-BD6A-44703262EAAE} 3: C:\ProgramData\ETC\HogPC\helptext\en\Content\00_definitions\Programmer.htm 
1: {6501E546-28F5-4A0E-97E0-1CD914185417} 2: {128A1775-53BE-4636-8B82-516457BCF786} 3: C:\ProgramData\ETC\HogPC\helptext\en\Content\00_definitions\Rate.htm 
1: {6501E546-28F5-4A0E-97E0-1CD914185417} 2: {76FB676C-96F3-4A91-A19F-C7421D9D38E3} 3: C:\ProgramData\ETC\HogPC\helptext\en\Content\00_definitions\RateWheel.htm 
1: {6501E546-28F5-4A0E-97E0-1CD914185417} 2: {E12B792E-27F4-4F50-BC68-14678491726A} 3: C:\ProgramData\ETC\HogPC\helptext\en\Content\00_definitions\RemainderDim.htm 
1: {6501E546-28F5-4A0E-97E0-1CD914185417} 2: {42D2BD1B-63DB-4F8D-A155-3EED82EC2BE6} 3: C:\ProgramData\ETC\HogPC\helptext\en\Content\00_definitions\Saturation.htm 
1: {6501E546-28F5-4A0E-97E0-1CD914185417} 2: {D34E8E7C-9070-4806-B2B8-CFBC0EA737F1} 3: C:\ProgramData\ETC\HogPC\helptext\en\Content\00_definitions\Scene.htm 
1: {6501E546-28F5-4A0E-97E0-1CD914185417} 2: {3A0E5377-B6FF-47F0-9D67-1A41FB194CAD} 3: C:\ProgramData\ETC\HogPC\helptext\en\Content\00_definitions\SelectionOrder.htm 
1: {6501E546-28F5-4A0E-97E0-1CD914185417} 2: {9BD19A08-7B40-41BF-9923-80DB77933BB5} 3: C:\ProgramData\ETC\HogPC\helptext\en\Content\00_definitions\ShowServer.htm 
1: {6501E546-28F5-4A0E-97E0-1CD914185417} 2: {D765D0FD-D716-4915-8D02-7F7B3758AD9B} 3: C:\ProgramData\ETC\HogPC\helptext\en\Content\00_definitions\Slot.htm 
1: {6501E546-28F5-4A0E-97E0-1CD914185417} 2: {C95B34E2-6EC7-4931-9435-D4062D2E9695} 3: C:\ProgramData\ETC\HogPC\helptext\en\Content\00_definitions\SMPTE.htm 
1: {6501E546-28F5-4A0E-97E0-1CD914185417} 2: {F67AE786-1685-4444-9801-0B70EC23D258} 3: C:\ProgramData\ETC\HogPC\helptext\en\Content\00_definitions\SoftKey.htm 
1: {6501E546-28F5-4A0E-97E0-1CD914185417} 2: {14C64884-4857-42AC-87DC-131A671FC54E} 3: C:\ProgramData\ETC\HogPC\helptext\en\Content\00_definitions\SoftParameterValue.htm 
1: {6501E546-28F5-4A0E-97E0-1CD914185417} 2: {E0963DE6-D95F-478D-96F9-DF7CEB07826A} 3: C:\ProgramData\ETC\HogPC\helptext\en\Content\00_definitions\SPD.htm 
1: {6501E546-28F5-4A0E-97E0-1CD914185417} 2: {E1AF843F-DBE3-4196-80AC-3751AA2CE0E2} 3: C:\ProgramData\ETC\HogPC\helptext\en\Content\00_definitions\SPD_Graph.htm 
1: {6501E546-28F5-4A0E-97E0-1CD914185417} 2: {58176899-701F-4ABA-8DB7-FFB3091FA5E0} 3: C:\ProgramData\ETC\HogPC\helptext\en\Content\00_definitions\Spectral_Curve.htm 
1: {6501E546-28F5-4A0E-97E0-1CD914185417} 2: {02ABF57D-B4F1-44BC-B373-A22337A42D94} 3: C:\ProgramData\ETC\HogPC\helptext\en\Content\00_definitions\SplitFade.htm 
1: {6501E546-28F5-4A0E-97E0-1CD914185417} 2: {F6C9EA81-BBFC-496A-A56B-E616CCFF26C8} 3: C:\ProgramData\ETC\HogPC\helptext\en\Content\00_definitions\Spreadsheet.htm 
1: {6501E546-28F5-4A0E-97E0-1CD914185417} 2: {88D9D3B1-F080-484C-B56B-17E502E38C95} 3: C:\ProgramData\ETC\HogPC\helptext\en\Content\00_definitions\Stage_Value.htm 
1: {6501E546-28F5-4A0E-97E0-1CD914185417} 2: {8AECF78A-45B8-4D54-A85D-1F6EAA2A6FBF} 3: C:\ProgramData\ETC\HogPC\helptext\en\Content\00_definitions\Suck.htm 
1: {6501E546-28F5-4A0E-97E0-1CD914185417} 2: {FDF106B8-2B21-4B50-A7C2-152882BF6519} 3: C:\ProgramData\ETC\HogPC\helptext\en\Content\00_definitions\Switch.htm 
1: {6501E546-28F5-4A0E-97E0-1CD914185417} 2: {69C46D64-4D74-4755-8655-8FC55FF92CB8} 3: C:\ProgramData\ETC\HogPC\helptext\en\Content\00_definitions\TCPIP.htm 
1: {6501E546-28F5-4A0E-97E0-1CD914185417} 2: {03314C7E-74BE-4CC5-98BD-63CD6C858709} 3: C:\ProgramData\ETC\HogPC\helptext\en\Content\00_definitions\Timecode.htm 
1: {6501E546-28F5-4A0E-97E0-1CD914185417} 2: {D665300B-A712-49CC-A9BD-8C85BC29DD14} 3: C:\ProgramData\ETC\HogPC\helptext\en\Content\00_definitions\Timing.htm 
1: {6501E546-28F5-4A0E-97E0-1CD914185417} 2: {3F723142-D58E-4749-95C7-A845BD65C0C3} 3: C:\ProgramData\ETC\HogPC\helptext\en\Content\00_definitions\Toolbar.htm 
1: {6501E546-28F5-4A0E-97E0-1CD914185417} 2: {5C181A12-B039-4C28-8F26-E61B27D4F237} 3: C:\ProgramData\ETC\HogPC\helptext\en\Content\00_definitions\TouchedValue.htm 
1: {6501E546-28F5-4A0E-97E0-1CD914185417} 2: {639D6F6E-216D-427D-9DF6-B46A5B9C41B8} 3: C:\ProgramData\ETC\HogPC\helptext\en\Content\00_definitions\TouchScreens.htm 
1: {6501E546-28F5-4A0E-97E0-1CD914185417} 2: {878E6B84-C814-4E8F-AEA1-7AB8A32139C6} 3: C:\ProgramData\ETC\HogPC\helptext\en\Content\00_definitions\TrackedValue.htm 
1: {6501E546-28F5-4A0E-97E0-1CD914185417} 2: {04A91470-3666-4BDE-B8F6-26903B88392E} 3: C:\ProgramData\ETC\HogPC\helptext\en\Content\00_definitions\Tracking.htm 
1: {6501E546-28F5-4A0E-97E0-1CD914185417} 2: {1871993A-5964-4035-A24A-499B6E06E67D} 3: C:\ProgramData\ETC\HogPC\helptext\en\Content\00_definitions\UDP.htm 
1: {6501E546-28F5-4A0E-97E0-1CD914185417} 2: {0C016B88-76FF-4AB3-B5B5-5EDBC43BFE2B} 3: C:\ProgramData\ETC\HogPC\helptext\en\Content\00_definitions\USB.htm 
1: {6501E546-28F5-4A0E-97E0-1CD914185417} 2: {F7E3061B-53CB-4DD1-998E-8EE6A5035EA5} 3: C:\ProgramData\ETC\HogPC\helptext\en\Content\00_definitions\UserKind.htm 
1: {6501E546-28F5-4A0E-97E0-1CD914185417} 2: {AC7F01AD-1BCA-492B-9270-A664F78F51B4} 3: C:\ProgramData\ETC\HogPC\helptext\en\Content\00_definitions\View.htm 
1: {6501E546-28F5-4A0E-97E0-1CD914185417} 2: {BD9723C9-1690-432D-8FD2-0BEDC70B29C3} 3: C:\ProgramData\ETC\HogPC\helptext\en\Content\00_definitions\VirtualMaster.htm 
1: {6501E546-28F5-4A0E-97E0-1CD914185417} 2: {83A65A0F-3FC1-4E49-B780-AEA3174A2898} 3: C:\ProgramData\ETC\HogPC\helptext\en\Content\00_definitions\VirtualUserNumber.htm 
1: {6501E546-28F5-4A0E-97E0-1CD914185417} 2: {37E2EA75-BEE7-443E-B8DF-AE919E0685F4} 3: C:\ProgramData\ETC\HogPC\helptext\en\Content\00_definitions\Virtual_Color.htm 
1: {6501E546-28F5-4A0E-97E0-1CD914185417} 2: {97410039-A3A9-4CB7-A545-ABAB8EABE45D} 3: C:\ProgramData\ETC\HogPC\helptext\en\Content\00_definitions\Visualizer.htm 
1: {6501E546-28F5-4A0E-97E0-1CD914185417} 2: {8AE63B17-2CEC-4E8F-8F3B-416C0DE44612} 3: C:\ProgramData\ETC\HogPC\helptext\en\Content\00_definitions\v_Blue.htm 
1: {6501E546-28F5-4A0E-97E0-1CD914185417} 2: {049D3A0A-FD55-4D6A-805A-ABC83EF409F3} 3: C:\ProgramData\ETC\HogPC\helptext\en\Content\00_definitions\v_CIE_x.htm 
1: {6501E546-28F5-4A0E-97E0-1CD914185417} 2: {3E2A110B-50C5-4E6A-B571-7F2A517616A2} 3: C:\ProgramData\ETC\HogPC\helptext\en\Content\00_definitions\v_CIE_y.htm 
1: {6501E546-28F5-4A0E-97E0-1CD914185417} 2: {83F4A31E-94DA-44A9-BD66-3B6BA6452F1E} 3: C:\ProgramData\ETC\HogPC\helptext\en\Content\00_definitions\v_CIE_yy.htm 
1: {6501E546-28F5-4A0E-97E0-1CD914185417} 2: {8C344FDB-9D3A-40AF-AE3B-0AC8B3CE3134} 3: C:\ProgramData\ETC\HogPC\helptext\en\Content\00_definitions\v_Green.htm 
1: {6501E546-28F5-4A0E-97E0-1CD914185417} 2: {00BF3694-EE60-4BA6-B49D-15401695FF87} 3: C:\ProgramData\ETC\HogPC\helptext\en\Content\00_definitions\v_Hue.htm 
1: {6501E546-28F5-4A0E-97E0-1CD914185417} 2: {655CA11E-C29F-43C1-AF3B-75FEBCE98E96} 3: C:\ProgramData\ETC\HogPC\helptext\en\Content\00_definitions\v_Red.htm 
1: {6501E546-28F5-4A0E-97E0-1CD914185417} 2: {CCCEFCEA-C167-4012-B0DB-9234C1A4B4FE} 3: C:\ProgramData\ETC\HogPC\helptext\en\Content\00_definitions\v_Saturation.htm 
1: {6501E546-28F5-4A0E-97E0-1CD914185417} 2: {51689C71-D726-43BD-96AD-3061C2161496} 3: C:\ProgramData\ETC\HogPC\helptext\en\Content\00_definitions\v_Value.htm 
1: {6501E546-28F5-4A0E-97E0-1CD914185417} 2: {F36DEDF7-4E78-4898-858D-3A21769C950C} 3: C:\ProgramData\ETC\HogPC\helptext\en\Content\00_definitions\WaitTime.htm 
1: {6501E546-28F5-4A0E-97E0-1CD914185417} 2: {EBD93A8B-6181-4366-AEEB-ED25E5F407D1} 3: C:\ProgramData\ETC\HogPC\helptext\en\Content\00_definitions\Wheelset.htm 
1: {6501E546-28F5-4A0E-97E0-1CD914185417} 2: {737150C6-0758-438B-B451-E298D4081FA8} 3: C:\ProgramData\ETC\HogPC\helptext\en\Content\00_definitions\WhitePoint.htm 
1: {6501E546-28F5-4A0E-97E0-1CD914185417} 2: {7A88B70C-7729-4740-A8D0-2312CA06858D} 3: C:\ProgramData\ETC\HogPC\helptext\en\Content\00_definitions\Widget.htm 
1: {6501E546-28F5-4A0E-97E0-1CD914185417} 2: {53F140BC-095E-4688-AC33-3F530FF31A11} 3: C:\ProgramData\ETC\HogPC\helptext\en\Content\00_definitions\Zoom.htm 
1: {6501E546-28F5-4A0E-97E0-1CD914185417} 2: {24DEA712-FA2F-494E-ADA2-10DC63160DEF} 3: C:\ProgramData\ETC\HogPC\helptext\en\Content\01_GettingStarted\About_this_Manual.htm 
1: {6501E546-28F5-4A0E-97E0-1CD914185417} 2: {03313EC5-125E-4FFF-B557-E770F99A9255} 3: C:\ProgramData\ETC\HogPC\helptext\en\Content\01_GettingStarted\GettingStarted.htm 
1: {6501E546-28F5-4A0E-97E0-1CD914185417} 2: {290B209A-56EE-485D-86DF-13FCCE1F2A9D} 3: C:\ProgramData\ETC\HogPC\helptext\en\Content\01_GettingStarted\ManualSymbols.htm 
1: {6501E546-28F5-4A0E-97E0-1CD914185417} 2: {D7F8C48E-552A-4706-88D1-0A8A3531F1ED} 3: C:\ProgramData\ETC\HogPC\helptext\en\Content\02_Hog_OS_Fundamentals\Abstraction.htm 
1: {6501E546-28F5-4A0E-97E0-1CD914185417} 2: {096E793C-6BAC-4557-BFC6-9C65792CEB95} 3: C:\ProgramData\ETC\HogPC\helptext\en\Content\02_Hog_OS_Fundamentals\CommandLine.htm 
1: {6501E546-28F5-4A0E-97E0-1CD914185417} 2: {D2D43D61-3CD2-4314-8FDF-EC1EC0909AE1} 3: C:\ProgramData\ETC\HogPC\helptext\en\Content\02_Hog_OS_Fundamentals\Editors.htm 
1: {6501E546-28F5-4A0E-97E0-1CD914185417} 2: {70EE7A9C-D57B-4407-BE88-3ADECCD8AF7F} 3: C:\ProgramData\ETC\HogPC\helptext\en\Content\02_Hog_OS_Fundamentals\FileBrowser.htm 
1: {6501E546-28F5-4A0E-97E0-1CD914185417} 2: {6AEB28DF-4F52-4A21-93F3-7923C9182832} 3: C:\ProgramData\ETC\HogPC\helptext\en\Content\02_Hog_OS_Fundamentals\GUI.htm 
1: {6501E546-28F5-4A0E-97E0-1CD914185417} 2: {F0AB95AE-93A6-4A09-B805-B07A023B647F} 3: C:\ProgramData\ETC\HogPC\helptext\en\Content\02_Hog_OS_Fundamentals\HogOSFundamentals.htm 
1: {6501E546-28F5-4A0E-97E0-1CD914185417} 2: {C215310D-DA44-4BD2-B2E7-0D56AECDA04B} 3: C:\ProgramData\ETC\HogPC\helptext\en\Content\02_Hog_OS_Fundamentals\HTP_and_LTP.htm 
1: {6501E546-28F5-4A0E-97E0-1CD914185417} 2: {948BFC36-C845-46DC-A70C-41157326FF00} 3: C:\ProgramData\ETC\HogPC\helptext\en\Content\02_Hog_OS_Fundamentals\ModifierKeys.htm 
1: {6501E546-28F5-4A0E-97E0-1CD914185417} 2: {471B100A-845E-4749-8F26-1A527DBB5577} 3: C:\ProgramData\ETC\HogPC\helptext\en\Content\02_Hog_OS_Fundamentals\PalettesDirectories.htm 
1: {6501E546-28F5-4A0E-97E0-1CD914185417} 2: {278786F0-5A89-4810-9DC6-6AB5900472F0} 3: C:\ProgramData\ETC\HogPC\helptext\en\Content\02_Hog_OS_Fundamentals\Spreadsheets.htm 
1: {6501E546-28F5-4A0E-97E0-1CD914185417} 2: {B3AF4108-5668-42D1-962F-650805AC0527} 3: C:\ProgramData\ETC\HogPC\helptext\en\Content\02_Hog_OS_Fundamentals\Tracking.htm 
1: {6501E546-28F5-4A0E-97E0-1CD914185417} 2: {094564B9-805E-411C-893D-DF910731C5CA} 3: C:\ProgramData\ETC\HogPC\helptext\en\Content\02_Hog_OS_Fundamentals\UndoRedo.htm 
1: {6501E546-28F5-4A0E-97E0-1CD914185417} 2: {722C9617-59BC-448A-856F-1A8184C4A532} 3: C:\ProgramData\ETC\HogPC\helptext\en\Content\03_Setup\ArtNet_sACN.htm 
1: {6501E546-28F5-4A0E-97E0-1CD914185417} 2: {C6DB0C5E-E249-4687-9962-6DBF19B390F9} 3: C:\ProgramData\ETC\HogPC\helptext\en\Content\03_Setup\ConsoleSetup.htm 
1: {6501E546-28F5-4A0E-97E0-1CD914185417} 2: {BAE3415A-033E-46C3-933D-A8251CAB1222} 3: C:\ProgramData\ETC\HogPC\helptext\en\Content\03_Setup\Dashboard.htm 
1: {6501E546-28F5-4A0E-97E0-1CD914185417} 2: {6DEE8544-0438-407A-9CD9-B6758A44F9F0} 3: C:\ProgramData\ETC\HogPC\helptext\en\Content\03_Setup\DMXOutput.htm 
1: {6501E546-28F5-4A0E-97E0-1CD914185417} 2: {DD5D47F7-D411-4E5B-AED2-213171F3D6C9} 3: C:\ProgramData\ETC\HogPC\helptext\en\Content\03_Setup\ETCGadget2.htm 
1: {6501E546-28F5-4A0E-97E0-1CD914185417} 2: {6E335CEF-8D97-462C-8027-E2C13D0719E3} 3: C:\ProgramData\ETC\HogPC\helptext\en\Content\03_Setup\GigHog.htm 
1: {6501E546-28F5-4A0E-97E0-1CD914185417} 2: {8568709F-EBF7-4882-96BF-9F159A0568F8} 3: C:\ProgramData\ETC\HogPC\helptext\en\Content\03_Setup\H4PC_wNomadKey.htm 
1: {6501E546-28F5-4A0E-97E0-1CD914185417} 2: {248E2CBE-E9B0-4EB3-A098-EE41E0234C8F} 3: C:\ProgramData\ETC\HogPC\helptext\en\Content\03_Setup\HES_USB_DMX_Widgets.htm 
1: {6501E546-28F5-4A0E-97E0-1CD914185417} 2: {7D2BCF59-619B-4BE6-8C32-D20E7A64C143} 3: C:\ProgramData\ETC\HogPC\helptext\en\Content\03_Setup\HogNet.htm 
1: {6501E546-28F5-4A0E-97E0-1CD914185417} 2: {0C9DE49D-C278-49A0-93E4-2A0AC47AA3A0} 3: C:\ProgramData\ETC\HogPC\helptext\en\Content\03_Setup\OutputMap.htm 
1: {6501E546-28F5-4A0E-97E0-1CD914185417} 2: {E28D4B56-8EF6-47AF-8891-037911EA8BB0} 3: C:\ProgramData\ETC\HogPC\helptext\en\Content\03_Setup\PlaybackWings.htm 
1: {6501E546-28F5-4A0E-97E0-1CD914185417} 2: {0DD9CDE9-9665-45EE-8D44-B6C29D6399F0} 3: C:\ProgramData\ETC\HogPC\helptext\en\Content\03_Setup\Setup.htm 
1: {6501E546-28F5-4A0E-97E0-1CD914185417} 2: {A5CDF59E-6CAF-4C4E-A481-36F32E95BEBB} 3: C:\ProgramData\ETC\HogPC\helptext\en\Content\03_Setup\ShowNetwork.htm 
1: {6501E546-28F5-4A0E-97E0-1CD914185417} 2: {E8526B66-07F2-40F6-B42E-398969017CF7} 3: C:\ProgramData\ETC\HogPC\helptext\en\Content\03_Setup\VirtualPlaybackWings.htm 
1: {6501E546-28F5-4A0E-97E0-1CD914185417} 2: {EBFDD814-5529-4D4A-9473-D08FCDDF42AB} 3: C:\ProgramData\ETC\HogPC\helptext\en\Content\04_Shows\AutoLaunchShow.htm 
1: {6501E546-28F5-4A0E-97E0-1CD914185417} 2: {C1D3744C-6F24-4648-8237-9C24956D3B2E} 3: C:\ProgramData\ETC\HogPC\helptext\en\Content\04_Shows\ImportExportCueList.htm 
1: {6501E546-28F5-4A0E-97E0-1CD914185417} 2: {F15E4904-F155-48C6-A86E-4A89A1BF0581} 3: C:\ProgramData\ETC\HogPC\helptext\en\Content\04_Shows\LargeShows.htm 
1: {6501E546-28F5-4A0E-97E0-1CD914185417} 2: {3D7D99F6-FD1D-47C9-9DB7-96B9698D8C69} 3: C:\ProgramData\ETC\HogPC\helptext\en\Content\04_Shows\NetworkShow.htm 
1: {6501E546-28F5-4A0E-97E0-1CD914185417} 2: {BC6471BA-7563-472A-8D83-BC9E50ED7B86} 3: C:\ProgramData\ETC\HogPC\helptext\en\Content\04_Shows\NewShow.htm 
1: {6501E546-28F5-4A0E-97E0-1CD914185417} 2: {6F5D5BF7-F6EF-40A3-9AAD-0577B472FF71} 3: C:\ProgramData\ETC\HogPC\helptext\en\Content\04_Shows\OldShow.htm 
1: {6501E546-28F5-4A0E-97E0-1CD914185417} 2: {B10461B6-B4B3-42DE-BF62-7E5AA5DBCA50} 3: C:\ProgramData\ETC\HogPC\helptext\en\Content\04_Shows\ShowBackup.htm 
1: {6501E546-28F5-4A0E-97E0-1CD914185417} 2: {CCC75024-5344-4B4D-89BE-9C18A3B11229} 3: C:\ProgramData\ETC\HogPC\helptext\en\Content\04_Shows\ShowChange.htm 
1: {6501E546-28F5-4A0E-97E0-1CD914185417} 2: {15ADCCC1-AB5E-48A4-BEF8-39DD0C4A0501} 3: C:\ProgramData\ETC\HogPC\helptext\en\Content\04_Shows\ShowData.htm 
1: {6501E546-28F5-4A0E-97E0-1CD914185417} 2: {278E45EF-A714-4290-A6CE-8F19534E5D6A} 3: C:\ProgramData\ETC\HogPC\helptext\en\Content\04_Shows\ShowMerge.htm 
1: {6501E546-28F5-4A0E-97E0-1CD914185417} 2: {F5523785-8FAF-44AC-B330-6241564DD0DA} 3: C:\ProgramData\ETC\HogPC\helptext\en\Content\04_Shows\ShowOptimize.htm 
1: {6501E546-28F5-4A0E-97E0-1CD914185417} 2: {E8688468-B3EA-4D52-8FFF-31880876BC19} 3: C:\ProgramData\ETC\HogPC\helptext\en\Content\04_Shows\Shows.htm 
1: {6501E546-28F5-4A0E-97E0-1CD914185417} 2: {70DAF42A-CD98-4B13-92DD-31DCF852E26B} 3: C:\ProgramData\ETC\HogPC\helptext\en\Content\04_Shows\ShowWideImport_Export.htm 
1: {6501E546-28F5-4A0E-97E0-1CD914185417} 2: {A4FAD615-B79C-44D5-9F08-9052331AABC8} 3: C:\ProgramData\ETC\HogPC\helptext\en\Content\04_Shows\StartupMacros.htm 
1: {6501E546-28F5-4A0E-97E0-1CD914185417} 2: {5DA1DF16-F052-4422-B3CC-9A7C18C8E719} 3: C:\ProgramData\ETC\HogPC\helptext\en\Content\04_Shows\UserPrefs.htm 
1: {6501E546-28F5-4A0E-97E0-1CD914185417} 2: {91822994-8A78-41C7-8E55-199DCE51E96A} 3: C:\ProgramData\ETC\HogPC\helptext\en\Content\04_Shows\Users.htm 
1: {6501E546-28F5-4A0E-97E0-1CD914185417} 2: {6FBC0299-A2BF-437F-9A63-8ACF284070E1} 3: C:\ProgramData\ETC\HogPC\helptext\en\Content\05_Patching\AddingFixture.htm 
1: {6501E546-28F5-4A0E-97E0-1CD914185417} 2: {1FEA8D29-279C-4D7F-84EB-518F2D44EEF5} 3: C:\ProgramData\ETC\HogPC\helptext\en\Content\05_Patching\AutoCreate.htm 
1: {6501E546-28F5-4A0E-97E0-1CD914185417} 2: {057760C8-69F2-46BF-8861-9CA7FFA3E29F} 3: C:\ProgramData\ETC\HogPC\helptext\en\Content\05_Patching\AutoPatch.htm 
1: {6501E546-28F5-4A0E-97E0-1CD914185417} 2: {775F4B66-87D9-4B37-8085-6C4792153E1B} 3: C:\ProgramData\ETC\HogPC\helptext\en\Content\05_Patching\ChangeType.htm 
1: {6501E546-28F5-4A0E-97E0-1CD914185417} 2: {DD7A0349-B3FE-49DC-AFF8-B81E83B6FDA7} 3: C:\ProgramData\ETC\HogPC\helptext\en\Content\05_Patching\CompoundFixtures.htm 
1: {6501E546-28F5-4A0E-97E0-1CD914185417} 2: {CD9B0133-1C46-44A3-A964-DFBF943323E1} 3: C:\ProgramData\ETC\HogPC\helptext\en\Content\05_Patching\DottedUserNumbers.htm 
1: {6501E546-28F5-4A0E-97E0-1CD914185417} 2: {CF5AA953-C384-4F65-B6AC-9150630ADCAD} 3: C:\ProgramData\ETC\HogPC\helptext\en\Content\05_Patching\FixtureAggregation.htm 
1: {6501E546-28F5-4A0E-97E0-1CD914185417} 2: {1F5A4B03-F1EF-4F42-BA9E-341751FE8343} 3: C:\ProgramData\ETC\HogPC\helptext\en\Content\05_Patching\FixtureConfig.htm 
1: {6501E546-28F5-4A0E-97E0-1CD914185417} 2: {FCDCD92B-FEF0-4FFA-B476-F0C95FD70ED1} 3: C:\ProgramData\ETC\HogPC\helptext\en\Content\05_Patching\FixtureRemoval.htm 
1: {6501E546-28F5-4A0E-97E0-1CD914185417} 2: {BB2F20B1-00F2-43F5-8E6E-35DDDF9B46A6} 3: C:\ProgramData\ETC\HogPC\helptext\en\Content\05_Patching\ManagingFixtures.htm 
1: {6501E546-28F5-4A0E-97E0-1CD914185417} 2: {4D2C0682-78A2-4D08-9D4C-26D28E50EF43} 3: C:\ProgramData\ETC\HogPC\helptext\en\Content\05_Patching\Patching.htm 
1: {6501E546-28F5-4A0E-97E0-1CD914185417} 2: {13911928-BADC-478C-9C44-8208C96D3C73} 3: C:\ProgramData\ETC\HogPC\helptext\en\Content\05_Patching\ReplicatingFixtures.htm 
1: {6501E546-28F5-4A0E-97E0-1CD914185417} 2: {4E57DAF2-0D15-4644-8F39-8445A612DC69} 3: C:\ProgramData\ETC\HogPC\helptext\en\Content\05_Patching\UserNumbers.htm 
1: {6501E546-28F5-4A0E-97E0-1CD914185417} 2: {57F7955A-6C55-4AD6-880B-728E93EEBB37} 3: C:\ProgramData\ETC\HogPC\helptext\en\Content\06_FixtureParameters\Fanning.htm 
1: {6501E546-28F5-4A0E-97E0-1CD914185417} 2: {F58D97D2-3D9B-46CC-8C8E-E2E61EE04C6D} 3: C:\ProgramData\ETC\HogPC\helptext\en\Content\06_FixtureParameters\ParamModify.htm 
1: {6501E546-28F5-4A0E-97E0-1CD914185417} 2: {93A5C0B7-76C0-4C3A-B064-6060CED67720} 3: C:\ProgramData\ETC\HogPC\helptext\en\Content\06_FixtureParameters\RemovingValues.htm 
1: {6501E546-28F5-4A0E-97E0-1CD914185417} 2: {64D1E0B8-90A0-45DC-B049-02162F51303E} 3: C:\ProgramData\ETC\HogPC\helptext\en\Content\06_FixtureParameters\SelectingFix.htm 
1: {6501E546-28F5-4A0E-97E0-1CD914185417} 2: {E377EE93-0957-40A2-8E87-F29D1E056EAF} 3: C:\ProgramData\ETC\HogPC\helptext\en\Content\06_FixtureParameters\SelModFixParam.htm 
1: {6501E546-28F5-4A0E-97E0-1CD914185417} 2: {82404150-8E5B-40B0-A34D-DDA71AC91A39} 3: C:\ProgramData\ETC\HogPC\helptext\en\Content\06_FixtureParameters\SelOrder.htm 
1: {6501E546-28F5-4A0E-97E0-1CD914185417} 2: {B2AE7476-215C-4486-BB09-8004D57E2EA9} 3: C:\ProgramData\ETC\HogPC\helptext\en\Content\06_FixtureParameters\SeparatingParameters.htm 
1: {6501E546-28F5-4A0E-97E0-1CD914185417} 2: {40D1754D-B475-440A-8215-FCFC050BF995} 3: C:\ProgramData\ETC\HogPC\helptext\en\Content\07_Groups\AutoGeneratingGroups.htm 
1: {6501E546-28F5-4A0E-97E0-1CD914185417} 2: {F1798FC0-667D-4073-B09D-A9A73DA4FB21} 3: C:\ProgramData\ETC\HogPC\helptext\en\Content\07_Groups\CopyMoveGroup.htm 
1: {6501E546-28F5-4A0E-97E0-1CD914185417} 2: {A55D0891-9F61-4352-9208-72B386CB405D} 3: C:\ProgramData\ETC\HogPC\helptext\en\Content\07_Groups\DeletingGroups.htm 
1: {6501E546-28F5-4A0E-97E0-1CD914185417} 2: {4D7193B1-7691-43F6-ADAA-77DF2F3D0FD2} 3: C:\ProgramData\ETC\HogPC\helptext\en\Content\07_Groups\EditingGroups.htm 
1: {6501E546-28F5-4A0E-97E0-1CD914185417} 2: {015D867D-8EBE-452F-8626-8A00800CDD7E} 3: C:\ProgramData\ETC\HogPC\helptext\en\Content\07_Groups\GroupNaming.htm 
1: {6501E546-28F5-4A0E-97E0-1CD914185417} 2: {EB346827-CB99-47F4-A31D-07EE89E1F84A} 3: C:\ProgramData\ETC\HogPC\helptext\en\Content\07_Groups\Groups.htm 
1: {6501E546-28F5-4A0E-97E0-1CD914185417} 2: {03F3FBF3-1759-401F-A0FE-3D808C64E424} 3: C:\ProgramData\ETC\HogPC\helptext\en\Content\07_Groups\InsertMergeReplace.htm 
1: {6501E546-28F5-4A0E-97E0-1CD914185417} 2: {32FC0C22-5A6A-499F-9084-D53A9652BB04} 3: C:\ProgramData\ETC\HogPC\helptext\en\Content\07_Groups\RecordingGroups.htm 
1: {6501E546-28F5-4A0E-97E0-1CD914185417} 2: {A46D6BC6-56D0-4626-9EA1-FEB3903B94A3} 3: C:\ProgramData\ETC\HogPC\helptext\en\Content\07_Groups\UsingGroups.htm 
1: {6501E546-28F5-4A0E-97E0-1CD914185417} 2: {97221032-82F5-4A83-B511-5878CC9CF791} 3: C:\ProgramData\ETC\HogPC\helptext\en\Content\08_Palettes\CopyMovePalettes.htm 
1: {6501E546-28F5-4A0E-97E0-1CD914185417} 2: {1F2C9C3E-D1C6-437E-BACA-F9A2654AEAF1} 3: C:\ProgramData\ETC\HogPC\helptext\en\Content\08_Palettes\DeletePalette.htm 
1: {6501E546-28F5-4A0E-97E0-1CD914185417} 2: {C86F6C94-8BA7-4965-AAE4-EC127C1DD776} 3: C:\ProgramData\ETC\HogPC\helptext\en\Content\08_Palettes\EditingPalettes.htm 
1: {6501E546-28F5-4A0E-97E0-1CD914185417} 2: {FF3F11C2-A30D-4FAA-9D22-BE1EC3D06AAB} 3: C:\ProgramData\ETC\HogPC\helptext\en\Content\08_Palettes\PaletteInsMerRep.htm 
1: {6501E546-28F5-4A0E-97E0-1CD914185417} 2: {CF6EE82C-1AD9-450F-8A0C-BF6FAC68D3BE} 3: C:\ProgramData\ETC\HogPC\helptext\en\Content\08_Palettes\PaletteRecOptions.htm 
1: {6501E546-28F5-4A0E-97E0-1CD914185417} 2: {AA00B93C-FCCC-41DE-9921-7E1FF6DDFBBD} 3: C:\ProgramData\ETC\HogPC\helptext\en\Content\08_Palettes\Palettes.htm 
1: {6501E546-28F5-4A0E-97E0-1CD914185417} 2: {B49BE25F-4054-45B5-B5D7-DB62DD615CC1} 3: C:\ProgramData\ETC\HogPC\helptext\en\Content\08_Palettes\RecordingPalette.htm 
1: {6501E546-28F5-4A0E-97E0-1CD914185417} 2: {8C1ABA03-D1D1-4EA3-A571-3EE70F9FEF88} 3: C:\ProgramData\ETC\HogPC\helptext\en\Content\08_Palettes\UsingPalettes.htm 
1: {6501E546-28F5-4A0E-97E0-1CD914185417} 2: {8D84FB17-6258-4D0C-8498-207D75A69509} 3: C:\ProgramData\ETC\HogPC\helptext\en\Content\09_DirectoryWindows\ButtonSize.htm 
1: {6501E546-28F5-4A0E-97E0-1CD914185417} 2: {5CE627D2-5895-4B67-97C1-E4CCBA60EC2D} 3: C:\ProgramData\ETC\HogPC\helptext\en\Content\09_DirectoryWindows\ColorCoding.htm 
1: {6501E546-28F5-4A0E-97E0-1CD914185417} 2: {69447B7A-FC13-43E7-9BEE-D3BDE993EDE1} 3: C:\ProgramData\ETC\HogPC\helptext\en\Content\09_DirectoryWindows\DirectoryWindows.htm 
1: {6501E546-28F5-4A0E-97E0-1CD914185417} 2: {2F7A3CB9-5895-4F9E-9A2E-57C515127E00} 3: C:\ProgramData\ETC\HogPC\helptext\en\Content\09_DirectoryWindows\DirectoyType.htm 
1: {6501E546-28F5-4A0E-97E0-1CD914185417} 2: {9963578D-C952-447A-89B6-DDBBA66AC3EC} 3: C:\ProgramData\ETC\HogPC\helptext\en\Content\09_DirectoryWindows\Mask.htm 
1: {6501E546-28F5-4A0E-97E0-1CD914185417} 2: {817C713F-7D30-4C02-99CB-F0C95620590E} 3: C:\ProgramData\ETC\HogPC\helptext\en\Content\10_MediaPicker\AddingPreviewspre20.htm 
1: {6501E546-28F5-4A0E-97E0-1CD914185417} 2: {3C7C3C03-D65D-42C8-8B59-9F80F1D8DC0A} 3: C:\ProgramData\ETC\HogPC\helptext\en\Content\10_MediaPicker\CatalystPreviews.htm 
1: {6501E546-28F5-4A0E-97E0-1CD914185417} 2: {8A5A89ED-9B03-44E9-8038-5C70076CEBA1} 3: C:\ProgramData\ETC\HogPC\helptext\en\Content\10_MediaPicker\CITPMediaPicker.htm 
1: {6501E546-28F5-4A0E-97E0-1CD914185417} 2: {A9E65AA8-C228-48C3-B4D4-F701969D3183} 3: C:\ProgramData\ETC\HogPC\helptext\en\Content\10_MediaPicker\MediaPicker.htm 
1: {6501E546-28F5-4A0E-97E0-1CD914185417} 2: {E89E7FE2-A900-4647-8816-94605696A793} 3: C:\ProgramData\ETC\HogPC\helptext\en\Content\10_MediaPicker\MediaPickerOverview.htm 
1: {6501E546-28F5-4A0E-97E0-1CD914185417} 2: {1945FEA5-E7E4-4166-951B-BF8769242ABE} 3: C:\ProgramData\ETC\HogPC\helptext\en\Content\10_MediaPicker\MediaPickerWindow.htm 
1: {6501E546-28F5-4A0E-97E0-1CD914185417} 2: {3234B238-BE6B-4B24-A6A5-80FB907C7FEE} 3: C:\ProgramData\ETC\HogPC\helptext\en\Content\10_MediaPicker\PreviewPackages.htm 
1: {6501E546-28F5-4A0E-97E0-1CD914185417} 2: {92F4D505-6361-4FF4-A6A4-F5F32D9620D4} 3: C:\ProgramData\ETC\HogPC\helptext\en\Content\10_MediaPicker\RenamingPreviewImages.htm 
1: {6501E546-28F5-4A0E-97E0-1CD914185417} 2: {C96C3DA8-A639-4558-BD0B-CA5C53D65D75} 3: C:\ProgramData\ETC\HogPC\helptext\en\Content\11_Cuelists\CueContentsEdit.htm 
1: {6501E546-28F5-4A0E-97E0-1CD914185417} 2: {ABEB5B6A-ED8F-4147-8051-B529DFC9075C} 3: C:\ProgramData\ETC\HogPC\helptext\en\Content\11_Cuelists\CueCopyMove.htm 
1: {6501E546-28F5-4A0E-97E0-1CD914185417} 2: {8A83D15D-81A7-4B88-828E-423028339DAD} 3: C:\ProgramData\ETC\HogPC\helptext\en\Content\11_Cuelists\CueCuelist.htm 
1: {6501E546-28F5-4A0E-97E0-1CD914185417} 2: {B9BD3C31-9671-4625-9451-7AD3897B62DC} 3: C:\ProgramData\ETC\HogPC\helptext\en\Content\11_Cuelists\CueDelete.htm 
1: {6501E546-28F5-4A0E-97E0-1CD914185417} 2: {C31461D8-452A-46C6-93D0-1CD385BF956A} 3: C:\ProgramData\ETC\HogPC\helptext\en\Content\11_Cuelists\CueListCopyMove.htm 
1: {6501E546-28F5-4A0E-97E0-1CD914185417} 2: {AEDDAD00-6FD3-489C-AA67-A3017774944A} 3: C:\ProgramData\ETC\HogPC\helptext\en\Content\11_Cuelists\CueListDelete.htm 
1: {6501E546-28F5-4A0E-97E0-1CD914185417} 2: {093002FD-7A98-4446-A6B0-53B19DE58517} 3: C:\ProgramData\ETC\HogPC\helptext\en\Content\11_Cuelists\CueListNaming.htm 
1: {6501E546-28F5-4A0E-97E0-1CD914185417} 2: {2EB9DF51-D757-4A07-9C4C-AAE559D4B198} 3: C:\ProgramData\ETC\HogPC\helptext\en\Content\11_Cuelists\CueRecOptions.htm 
1: {6501E546-28F5-4A0E-97E0-1CD914185417} 2: {F80ABCAA-1F21-41CE-BEF4-25A74E00FDBF} 3: C:\ProgramData\ETC\HogPC\helptext\en\Content\11_Cuelists\CueRecording.htm 
1: {6501E546-28F5-4A0E-97E0-1CD914185417} 2: {A338CD11-25A7-43E4-AC95-4790B72BC3BD} 3: C:\ProgramData\ETC\HogPC\helptext\en\Content\11_Cuelists\CueRenumbing.htm 
1: {6501E546-28F5-4A0E-97E0-1CD914185417} 2: {3366B88E-EBA4-4425-9B2E-5DE993B597F3} 3: C:\ProgramData\ETC\HogPC\helptext\en\Content\11_Cuelists\MarkCues.htm 
1: {6501E546-28F5-4A0E-97E0-1CD914185417} 2: {C6226501-A53C-4A17-89BC-BB78FC8E2BF8} 3: C:\ProgramData\ETC\HogPC\helptext\en\Content\11_Cuelists\Tracking.htm 
1: {6501E546-28F5-4A0E-97E0-1CD914185417} 2: {4C3F37D6-C76C-4477-AD4F-41EEF376D480} 3: C:\ProgramData\ETC\HogPC\helptext\en\Content\11_Cuelists\UnderstandingCuelists.htm 
1: {6501E546-28F5-4A0E-97E0-1CD914185417} 2: {F9C06992-05F1-4EA1-B9F7-F7E6E4585926} 3: C:\ProgramData\ETC\HogPC\helptext\en\Content\12_Scenes\SceneContents.htm 
1: {6501E546-28F5-4A0E-97E0-1CD914185417} 2: {30DEFC58-0596-4AE2-8017-4BAD85161AF5} 3: C:\ProgramData\ETC\HogPC\helptext\en\Content\12_Scenes\SceneCopyMove.htm 
1: {6501E546-28F5-4A0E-97E0-1CD914185417} 2: {682E95F9-ABD1-458D-B28F-F5DF2F1BB905} 3: C:\ProgramData\ETC\HogPC\helptext\en\Content\12_Scenes\SceneDeleting.htm 
1: {6501E546-28F5-4A0E-97E0-1CD914185417} 2: {63E9459D-6DFF-4B2D-AF50-24EC5055786B} 3: C:\ProgramData\ETC\HogPC\helptext\en\Content\12_Scenes\SceneInsertMergeReplace.htm 
1: {6501E546-28F5-4A0E-97E0-1CD914185417} 2: {23979983-619E-47B7-BC05-D4B96D6456E2} 3: C:\ProgramData\ETC\HogPC\helptext\en\Content\12_Scenes\SceneRecording.htm 
1: {6501E546-28F5-4A0E-97E0-1CD914185417} 2: {83D03FAE-B8FC-4C6F-9385-857A622C2886} 3: C:\ProgramData\ETC\HogPC\helptext\en\Content\12_Scenes\Scenes.htm 
1: {6501E546-28F5-4A0E-97E0-1CD914185417} 2: {A1A36A08-1400-4B1A-87C8-8D57ADC10077} 3: C:\ProgramData\ETC\HogPC\helptext\en\Content\12_Scenes\SceneTiming.htm 
1: {6501E546-28F5-4A0E-97E0-1CD914185417} 2: {A36C54E3-B2B9-4ABE-804F-2FE89881B15F} 3: C:\ProgramData\ETC\HogPC\helptext\en\Content\12_Scenes\SceneToggling.htm 
1: {6501E546-28F5-4A0E-97E0-1CD914185417} 2: {CD95CB68-ABED-483B-B45A-B461D04801D1} 3: C:\ProgramData\ETC\HogPC\helptext\en\Content\13_Timing\CueWaitTime.htm 
1: {6501E546-28F5-4A0E-97E0-1CD914185417} 2: {19BB50D0-049C-4953-98F2-56569E83B9C7} 3: C:\ProgramData\ETC\HogPC\helptext\en\Content\13_Timing\FadeDelayPath.htm 
1: {6501E546-28F5-4A0E-97E0-1CD914185417} 2: {566A71C4-E239-467F-AB12-922B68488025} 3: C:\ProgramData\ETC\HogPC\helptext\en\Content\13_Timing\IndividualParaTiming.htm 
1: {6501E546-28F5-4A0E-97E0-1CD914185417} 2: {CB0DA355-FE46-4699-9D1F-A7C25D28D9ED} 3: C:\ProgramData\ETC\HogPC\helptext\en\Content\13_Timing\LoopsandLinks.htm 
1: {6501E546-28F5-4A0E-97E0-1CD914185417} 2: {6CE252C2-2130-4822-BBF1-F247FA13549E} 3: C:\ProgramData\ETC\HogPC\helptext\en\Content\13_Timing\Timing.htm 
1: {6501E546-28F5-4A0E-97E0-1CD914185417} 2: {9CA3852D-00C1-4772-8C31-65E976DC2C7A} 3: C:\ProgramData\ETC\HogPC\helptext\en\Content\13_Timing\TimingBasics.htm 
1: {6501E546-28F5-4A0E-97E0-1CD914185417} 2: {752F7685-C46F-4C32-91C5-19C11DCD5681} 3: C:\ProgramData\ETC\HogPC\helptext\en\Content\14_Effects\EffectPalettes.htm 
1: {6501E546-28F5-4A0E-97E0-1CD914185417} 2: {5A08611A-9B14-4913-A4EE-31FF3DF588A8} 3: C:\ProgramData\ETC\HogPC\helptext\en\Content\14_Effects\Effects.htm 
1: {6501E546-28F5-4A0E-97E0-1CD914185417} 2: {440CAF4B-6889-4FDE-83B1-0C937F6C037F} 3: C:\ProgramData\ETC\HogPC\helptext\en\Content\14_Effects\TableEffects.htm 
1: {6501E546-28F5-4A0E-97E0-1CD914185417} 2: {AFA16F31-2414-412C-807D-A777195B1291} 3: C:\ProgramData\ETC\HogPC\helptext\en\Content\15_Kinds_and_Wheelsets\Kinds.htm 
1: {6501E546-28F5-4A0E-97E0-1CD914185417} 2: {D57CD101-996C-4BD3-BAF6-8221D8D94EE2} 3: C:\ProgramData\ETC\HogPC\helptext\en\Content\15_Kinds_and_Wheelsets\KindWheelsets.htm 
1: {6501E546-28F5-4A0E-97E0-1CD914185417} 2: {91E69F61-848D-487E-8637-E54A1F6076EF} 3: C:\ProgramData\ETC\HogPC\helptext\en\Content\15_Kinds_and_Wheelsets\Wheelsets.htm 
1: {6501E546-28F5-4A0E-97E0-1CD914185417} 2: {4879FEBB-CF15-4F3C-9E58-4352BEACFB0E} 3: C:\ProgramData\ETC\HogPC\helptext\en\Content\16_AdvancedProgramming\AdvancedProgramming.htm 
1: {6501E546-28F5-4A0E-97E0-1CD914185417} 2: {229C4F65-80A8-4CCF-9286-14799145D11B} 3: C:\ProgramData\ETC\HogPC\helptext\en\Content\16_AdvancedProgramming\AutoUpdate.htm 
1: {6501E546-28F5-4A0E-97E0-1CD914185417} 2: {06414A6C-F5ED-4AF2-B68E-079C1AFF2B6D} 3: C:\ProgramData\ETC\HogPC\helptext\en\Content\16_AdvancedProgramming\DiscreetEditing.htm 
1: {6501E546-28F5-4A0E-97E0-1CD914185417} 2: {D4E349FE-821D-4980-9FDA-00E5C23C28DE} 3: C:\ProgramData\ETC\HogPC\helptext\en\Content\16_AdvancedProgramming\highlow.htm 
1: {6501E546-28F5-4A0E-97E0-1CD914185417} 2: {9DED771B-0F64-4679-86FF-064DB0E0B6AA} 3: C:\ProgramData\ETC\HogPC\helptext\en\Content\16_AdvancedProgramming\Parking.htm 
1: {6501E546-28F5-4A0E-97E0-1CD914185417} 2: {5855954D-39D0-405B-83FE-EFF3323D3501} 3: C:\ProgramData\ETC\HogPC\helptext\en\Content\16_AdvancedProgramming\SelectOnStage.htm 
1: {6501E546-28F5-4A0E-97E0-1CD914185417} 2: {ADB71EE7-430C-4C4C-BF44-1EC738671FC3} 3: C:\ProgramData\ETC\HogPC\helptext\en\Content\16_AdvancedProgramming\SuckParameters.htm 
1: {6501E546-28F5-4A0E-97E0-1CD914185417} 2: {C96A531A-C419-4046-926C-CEC0879B9886} 3: C:\ProgramData\ETC\HogPC\helptext\en\Content\17_Playback\AdvancedPlayback.htm 
1: {6501E546-28F5-4A0E-97E0-1CD914185417} 2: {43EA7B24-356E-4B4C-9958-0C040D5E5B8F} 3: C:\ProgramData\ETC\HogPC\helptext\en\Content\17_Playback\Batches.htm 
1: {6501E546-28F5-4A0E-97E0-1CD914185417} 2: {52DCB1F7-B27F-4E48-85FC-175DB22BB7A0} 3: C:\ProgramData\ETC\HogPC\helptext\en\Content\17_Playback\ChooseSelectMasters.htm 
1: {6501E546-28F5-4A0E-97E0-1CD914185417} 2: {AD7AC16F-1A7A-4665-A388-EA1BE321FDE3} 3: C:\ProgramData\ETC\HogPC\helptext\en\Content\17_Playback\Feedback.htm 
1: {6501E546-28F5-4A0E-97E0-1CD914185417} 2: {234AF803-0ECB-42D4-8FD0-48C02C0BD16D} 3: C:\ProgramData\ETC\HogPC\helptext\en\Content\17_Playback\GrandMaster.htm 
1: {6501E546-28F5-4A0E-97E0-1CD914185417} 2: {76FD3D5B-C641-48DF-B4EB-C01398C97B56} 3: C:\ProgramData\ETC\HogPC\helptext\en\Content\17_Playback\GroupMasters.htm 
1: {6501E546-28F5-4A0E-97E0-1CD914185417} 2: {9CB6DEFB-2C43-46B2-8C52-1E363A29F73A} 3: C:\ProgramData\ETC\HogPC\helptext\en\Content\17_Playback\HTP.htm 
1: {6501E546-28F5-4A0E-97E0-1CD914185417} 2: {8E64E0BB-7ADC-4CFA-93A1-809C830F54A6} 3: C:\ProgramData\ETC\HogPC\helptext\en\Content\17_Playback\LTP.htm 
1: {6501E546-28F5-4A0E-97E0-1CD914185417} 2: {47EF9718-F207-4E27-B4A5-6A2714AD2B88} 3: C:\ProgramData\ETC\HogPC\helptext\en\Content\17_Playback\MasterPlaybackOptions.htm 
1: {6501E546-28F5-4A0E-97E0-1CD914185417} 2: {25A4F1A6-507D-44A4-9925-D85478E580B5} 3: C:\ProgramData\ETC\HogPC\helptext\en\Content\17_Playback\PhysicalMasterPlayback.htm 
1: {6501E546-28F5-4A0E-97E0-1CD914185417} 2: {120D4752-DB02-41AA-8CE8-F9EE17D58A71} 3: C:\ProgramData\ETC\HogPC\helptext\en\Content\17_Playback\Playback.htm 
1: {6501E546-28F5-4A0E-97E0-1CD914185417} 2: {17690A74-F42C-46B4-A5D3-4683F7B0453C} 3: C:\ProgramData\ETC\HogPC\helptext\en\Content\17_Playback\ReleasingMasters.htm 
1: {6501E546-28F5-4A0E-97E0-1CD914185417} 2: {3E43A292-F05A-4604-A533-60A056A9E174} 3: C:\ProgramData\ETC\HogPC\helptext\en\Content\17_Playback\VirtualMasterPlayback.htm 
1: {6501E546-28F5-4A0E-97E0-1CD914185417} 2: {30B2A276-0540-4EBF-A2D5-C7BFF2B3951C} 3: C:\ProgramData\ETC\HogPC\helptext\en\Content\18_Pages\NewPage.htm 
1: {6501E546-28F5-4A0E-97E0-1CD914185417} 2: {50D53DB9-C56E-42D8-B679-3A9C0D4B3051} 3: C:\ProgramData\ETC\HogPC\helptext\en\Content\18_Pages\PageChange.htm 
1: {6501E546-28F5-4A0E-97E0-1CD914185417} 2: {C5186E50-6BF6-4649-B2B7-F4307405B3AD} 3: C:\ProgramData\ETC\HogPC\helptext\en\Content\18_Pages\PageCopyMove.htm 
1: {6501E546-28F5-4A0E-97E0-1CD914185417} 2: {507C19BA-0565-43B7-BFA4-25A533564706} 3: C:\ProgramData\ETC\HogPC\helptext\en\Content\18_Pages\PageDelete.htm 
1: {6501E546-28F5-4A0E-97E0-1CD914185417} 2: {4618147A-E308-46FA-BCA4-DF985A69E430} 3: C:\ProgramData\ETC\HogPC\helptext\en\Content\18_Pages\PageModify.htm 
1: {6501E546-28F5-4A0E-97E0-1CD914185417} 2: {3F6E944A-B10F-467D-9965-C996DF36BE5D} 3: C:\ProgramData\ETC\HogPC\helptext\en\Content\18_Pages\Pages.htm 
1: {6501E546-28F5-4A0E-97E0-1CD914185417} 2: {CEEB3564-D519-42DA-A06D-F46FDBD4EA01} 3: C:\ProgramData\ETC\HogPC\helptext\en\Content\18_Pages\PageTemplate.htm 
1: {6501E546-28F5-4A0E-97E0-1CD914185417} 2: {5E1C3143-F92D-49BB-9C3C-F1DD4930ACCC} 3: C:\ProgramData\ETC\HogPC\helptext\en\Content\18_Pages\PageUse.htm 
1: {6501E546-28F5-4A0E-97E0-1CD914185417} 2: {88238A19-1669-4BA8-985D-33DF2607EEC4} 3: C:\ProgramData\ETC\HogPC\helptext\en\Content\19_CommandKeys\CommandKeyAction.htm 
1: {6501E546-28F5-4A0E-97E0-1CD914185417} 2: {75EA0E6C-CC94-4B62-9E7E-57FE585F869F} 3: C:\ProgramData\ETC\HogPC\helptext\en\Content\19_CommandKeys\CommandKeyCopyMoveDel.htm 
1: {6501E546-28F5-4A0E-97E0-1CD914185417} 2: {0062CC14-E3D3-405B-8956-0861B700DFBD} 3: C:\ProgramData\ETC\HogPC\helptext\en\Content\19_CommandKeys\CommandKeyCreate.htm 
1: {6501E546-28F5-4A0E-97E0-1CD914185417} 2: {F2671C6F-DC8D-4695-AC63-0DB50F8481AE} 3: C:\ProgramData\ETC\HogPC\helptext\en\Content\19_CommandKeys\CommandKeyFeedback.htm 
1: {6501E546-28F5-4A0E-97E0-1CD914185417} 2: {08051601-AD24-4426-9799-515FFF4DF5D8} 3: C:\ProgramData\ETC\HogPC\helptext\en\Content\19_CommandKeys\CommandKeyOverview.htm 
1: {6501E546-28F5-4A0E-97E0-1CD914185417} 2: {7E12FB79-E3F6-4C96-8F5F-69B4AADF29F3} 3: C:\ProgramData\ETC\HogPC\helptext\en\Content\19_CommandKeys\CommandKeys.htm 
1: {6501E546-28F5-4A0E-97E0-1CD914185417} 2: {EE59F20A-407E-4E50-B6AD-D5446E6F9DE5} 3: C:\ProgramData\ETC\HogPC\helptext\en\Content\20_Plots\Plots.htm 
1: {6501E546-28F5-4A0E-97E0-1CD914185417} 2: {629A9B6F-F4D1-49C5-BCB1-E12BFA846820} 3: C:\ProgramData\ETC\HogPC\helptext\en\Content\20_Plots\PlotsCreate.htm 
1: {6501E546-28F5-4A0E-97E0-1CD914185417} 2: {7C02D540-0335-4FC6-90F6-CB1B076C5D04} 3: C:\ProgramData\ETC\HogPC\helptext\en\Content\20_Plots\PlotsEdit.htm 
1: {6501E546-28F5-4A0E-97E0-1CD914185417} 2: {8A7944D2-0959-4E3E-AD56-5108C98561E9} 3: C:\ProgramData\ETC\HogPC\helptext\en\Content\20_Plots\PlotsIntro.htm 
1: {6501E546-28F5-4A0E-97E0-1CD914185417} 2: {AD97F157-0326-40B1-ADEF-CBC220F76F52} 3: C:\ProgramData\ETC\HogPC\helptext\en\Content\20_Plots\PlotsPixelmapping.htm 
1: {6501E546-28F5-4A0E-97E0-1CD914185417} 2: {3693EB37-A456-4966-818C-E60C09B4287A} 3: C:\ProgramData\ETC\HogPC\helptext\en\Content\20_Plots\PlotsUsing.htm 
1: {6501E546-28F5-4A0E-97E0-1CD914185417} 2: {9B1E64B3-19A8-4623-9CF2-DDF1335B3479} 3: C:\ProgramData\ETC\HogPC\helptext\en\Content\21_MIDI\MIDI.htm 
1: {6501E546-28F5-4A0E-97E0-1CD914185417} 2: {31B6CF86-F10C-409C-8BAC-5EDAED61909F} 3: C:\ProgramData\ETC\HogPC\helptext\en\Content\21_MIDI\MIDINoteandCCinput.htm 
1: {6501E546-28F5-4A0E-97E0-1CD914185417} 2: {86339320-7F6E-442A-8CEA-D71C79EF5973} 3: C:\ProgramData\ETC\HogPC\helptext\en\Content\21_MIDI\MIDINoteandCCoutput.htm 
1: {6501E546-28F5-4A0E-97E0-1CD914185417} 2: {4B715526-21FB-4675-BA0A-EF83A52FBDBC} 3: C:\ProgramData\ETC\HogPC\helptext\en\Content\21_MIDI\MIDIShowControl.htm 
1: {6501E546-28F5-4A0E-97E0-1CD914185417} 2: {E1F0A6E7-B476-44F5-AAB6-69F53FAC7A48} 3: C:\ProgramData\ETC\HogPC\helptext\en\Content\21_MIDI\MIDITimecode.htm 
1: {6501E546-28F5-4A0E-97E0-1CD914185417} 2: {ED6D3285-8ED5-4495-9A0B-75C857BAB7DA} 3: C:\ProgramData\ETC\HogPC\helptext\en\Content\22_OSC\OpenSoundControl.htm 
1: {6501E546-28F5-4A0E-97E0-1CD914185417} 2: {0F61D396-85DF-41F5-8ED7-73FDA5FBDA9F} 3: C:\ProgramData\ETC\HogPC\helptext\en\Content\22_OSC\OSCConfigIN.htm 
1: {6501E546-28F5-4A0E-97E0-1CD914185417} 2: {0954263C-9EA7-4D54-9FAB-B6CD1C6A85D3} 3: C:\ProgramData\ETC\HogPC\helptext\en\Content\22_OSC\OSCConfigOUT.htm 
1: {6501E546-28F5-4A0E-97E0-1CD914185417} 2: {D5D188A0-9E57-495D-94C8-7B11EBD762BC} 3: C:\ProgramData\ETC\HogPC\helptext\en\Content\22_OSC\OSCInputMapping.htm 
1: {6501E546-28F5-4A0E-97E0-1CD914185417} 2: {532344DB-1CEE-4E84-B741-754EE8B5AB5C} 3: C:\ProgramData\ETC\HogPC\helptext\en\Content\22_OSC\OSCIntro.htm 
1: {6501E546-28F5-4A0E-97E0-1CD914185417} 2: {EF2856AD-3423-483D-8F3F-20508F9618CF} 3: C:\ProgramData\ETC\HogPC\helptext\en\Content\22_OSC\OSCNetwork.htm 
1: {6501E546-28F5-4A0E-97E0-1CD914185417} 2: {C93D0819-0E3D-455A-ABA6-EE43F17A30A8} 3: C:\ProgramData\ETC\HogPC\helptext\en\Content\22_OSC\OSCOutputMapping.htm 
1: {6501E546-28F5-4A0E-97E0-1CD914185417} 2: {C3B58456-07F9-481A-9DCE-2F2963BCB6A2} 3: C:\ProgramData\ETC\HogPC\helptext\en\Content\23_TC\TC.htm 
1: {6501E546-28F5-4A0E-97E0-1CD914185417} 2: {F60CFB9D-2436-4CDB-9E36-E34160A87667} 3: C:\ProgramData\ETC\HogPC\helptext\en\Content\23_TC\TC_Assign.htm 
1: {6501E546-28F5-4A0E-97E0-1CD914185417} 2: {7DD12E80-A71F-44E1-BB75-8AD871BF2FC8} 3: C:\ProgramData\ETC\HogPC\helptext\en\Content\23_TC\TC_Config.htm 
1: {6501E546-28F5-4A0E-97E0-1CD914185417} 2: {3E18668F-A4DF-4456-8814-4278AA812406} 3: C:\ProgramData\ETC\HogPC\helptext\en\Content\23_TC\TC_Enable.htm 
1: {6501E546-28F5-4A0E-97E0-1CD914185417} 2: {14E97D85-0CD2-4AC0-978F-7F72684215C4} 3: C:\ProgramData\ETC\HogPC\helptext\en\Content\23_TC\TC_Input.htm 
1: {6501E546-28F5-4A0E-97E0-1CD914185417} 2: {D2A75E68-1F62-4614-B7FA-E6116FCEDE08} 3: C:\ProgramData\ETC\HogPC\helptext\en\Content\23_TC\TC_Mod.htm 
1: {6501E546-28F5-4A0E-97E0-1CD914185417} 2: {54F63CA0-6702-4F88-B770-26F5082E6FEF} 3: C:\ProgramData\ETC\HogPC\helptext\en\Content\23_TC\TC_Opts.htm 
1: {6501E546-28F5-4A0E-97E0-1CD914185417} 2: {8CE171D7-18E0-47CE-B32C-B613B465CF4E} 3: C:\ProgramData\ETC\HogPC\helptext\en\Content\23_TC\TC_Sim.htm 
1: {6501E546-28F5-4A0E-97E0-1CD914185417} 2: {D098174A-4EDE-4D6A-B16F-0CE3B859AE42} 3: C:\ProgramData\ETC\HogPC\helptext\en\Content\23_TC\TC_View.htm 
1: {6501E546-28F5-4A0E-97E0-1CD914185417} 2: {D0F127AE-D7EC-4779-B9AF-D441448EEC10} 3: C:\ProgramData\ETC\HogPC\helptext\en\Content\24_Macros\CommentMacros.htm 
1: {6501E546-28F5-4A0E-97E0-1CD914185417} 2: {D76AA45B-5700-400A-A991-F94C128F1433} 3: C:\ProgramData\ETC\HogPC\helptext\en\Content\24_Macros\Intro_to_Macros.htm 
1: {6501E546-28F5-4A0E-97E0-1CD914185417} 2: {F00937D3-965D-4FA3-9173-BD06FE8FB735} 3: C:\ProgramData\ETC\HogPC\helptext\en\Content\24_Macros\KeystrokeMacros.htm 
1: {6501E546-28F5-4A0E-97E0-1CD914185417} 2: {810A68B8-2EC1-4F40-81D6-185C6EA69B5C} 3: C:\ProgramData\ETC\HogPC\helptext\en\Content\24_Macros\Macros.htm 
1: {6501E546-28F5-4A0E-97E0-1CD914185417} 2: {6228D52D-3008-4ECF-8C5F-F3382E98D193} 3: C:\ProgramData\ETC\HogPC\helptext\en\Content\25_DirectDMXControl\DMXChannel_ArtNetSource.htm 
1: {6501E546-28F5-4A0E-97E0-1CD914185417} 2: {B155AADE-D9C5-4865-8C7A-162F9C416F4B} 3: C:\ProgramData\ETC\HogPC\helptext\en\Content\25_DirectDMXControl\DMXChannel_ArtNetSourceRevert.htm 
1: {6501E546-28F5-4A0E-97E0-1CD914185417} 2: {53DCBD8F-9290-41FE-9743-AF90C9F96864} 3: C:\ProgramData\ETC\HogPC\helptext\en\Content\25_DirectDMXControl\DMXDirectControl.htm 
1: {6501E546-28F5-4A0E-97E0-1CD914185417} 2: {648434B4-3C75-4872-9C3A-0371DB5EB59C} 3: C:\ProgramData\ETC\HogPC\helptext\en\Content\25_DirectDMXControl\DMXOutputWindow.htm 
1: {6501E546-28F5-4A0E-97E0-1CD914185417} 2: {BEE2E921-68B0-498B-A06A-B9A395E26440} 3: C:\ProgramData\ETC\HogPC\helptext\en\Content\25_DirectDMXControl\DMX_Test.htm 
1: {6501E546-28F5-4A0E-97E0-1CD914185417} 2: {38D9A72B-6930-41A1-B5AB-18BD78AAE455} 3: C:\ProgramData\ETC\HogPC\helptext\en\Content\25_DirectDMXControl\ManuallySpecifyingDMXChannels.htm 
1: {6501E546-28F5-4A0E-97E0-1CD914185417} 2: {ECADB867-0338-4A8E-96C8-033DA9758396} 3: C:\ProgramData\ETC\HogPC\helptext\en\Content\26_Reporting\OrganinzingSaving.htm 
1: {6501E546-28F5-4A0E-97E0-1CD914185417} 2: {08CE7CA0-25CC-47EF-85E4-974005554D2D} 3: C:\ProgramData\ETC\HogPC\helptext\en\Content\26_Reporting\ReportEditingProgramming.htm 
1: {6501E546-28F5-4A0E-97E0-1CD914185417} 2: {F50F31D4-7FE4-4535-8F06-92B5BB7A4840} 3: C:\ProgramData\ETC\HogPC\helptext\en\Content\26_Reporting\Reporting.htm 
1: {6501E546-28F5-4A0E-97E0-1CD914185417} 2: {48E6FDBE-858A-4C65-8788-E528D6A166FA} 3: C:\ProgramData\ETC\HogPC\helptext\en\Content\26_Reporting\ReportQueries.htm 
1: {6501E546-28F5-4A0E-97E0-1CD914185417} 2: {A0C1000A-E49E-45F8-B9A2-6AE68B4E1865} 3: C:\ProgramData\ETC\HogPC\helptext\en\Content\27_FixtureLibrary\DownloadInstallFixLib.htm 
1: {6501E546-28F5-4A0E-97E0-1CD914185417} 2: {4B4DFA9E-948A-4E78-AA69-6FE1EC48C7EC} 3: C:\ProgramData\ETC\HogPC\helptext\en\Content\27_FixtureLibrary\FixtureLibrary.htm 
1: {6501E546-28F5-4A0E-97E0-1CD914185417} 2: {7567E0C4-284F-4A74-9D01-DF22793774C1} 3: C:\ProgramData\ETC\HogPC\helptext\en\Content\27_FixtureLibrary\FixtureLibraryIntro.htm 
1: {6501E546-28F5-4A0E-97E0-1CD914185417} 2: {63B3DABF-4E41-48FC-B745-4DF5FB1718D8} 3: C:\ProgramData\ETC\HogPC\helptext\en\Content\27_FixtureLibrary\RequestFixLib.htm 
1: {6501E546-28F5-4A0E-97E0-1CD914185417} 2: {E5F09D9A-FF32-41C2-A4B2-412DBA6CF3BB} 3: C:\ProgramData\ETC\HogPC\helptext\en\Content\28_FixtureBuilder\BuildFixTypes.htm 
1: {6501E546-28F5-4A0E-97E0-1CD914185417} 2: {64255E43-43CA-440B-89DC-514E4757BEBE} 3: C:\ProgramData\ETC\HogPC\helptext\en\Content\28_FixtureBuilder\FixBuildCompound.htm 
1: {6501E546-28F5-4A0E-97E0-1CD914185417} 2: {9AA4FB54-D912-4E5D-9535-51D401E4FA7C} 3: C:\ProgramData\ETC\HogPC\helptext\en\Content\28_FixtureBuilder\FixBuildConcepts.htm 
1: {6501E546-28F5-4A0E-97E0-1CD914185417} 2: {24324A77-A289-44A4-A918-5750332CB052} 3: C:\ProgramData\ETC\HogPC\helptext\en\Content\28_FixtureBuilder\FixBuildUI.htm 
1: {6501E546-28F5-4A0E-97E0-1CD914185417} 2: {FB81BCAC-937C-48D4-8313-27F0BAC20EAF} 3: C:\ProgramData\ETC\HogPC\helptext\en\Content\28_FixtureBuilder\FixBuild_Tutorial_Comp.htm 
1: {6501E546-28F5-4A0E-97E0-1CD914185417} 2: {6BD8AAED-3872-49EB-876F-8F1BE733D6F8} 3: C:\ProgramData\ETC\HogPC\helptext\en\Content\28_FixtureBuilder\FixBuild_Tutorial_CSPar.htm 
1: {6501E546-28F5-4A0E-97E0-1CD914185417} 2: {98040EA7-A261-468B-85AF-71A97532A88D} 3: C:\ProgramData\ETC\HogPC\helptext\en\Content\28_FixtureBuilder\FixBuild_Tutorial_Gen.htm 
1: {6501E546-28F5-4A0E-97E0-1CD914185417} 2: {74E2209D-DBE9-4A1A-B475-D2B213C5D2A5} 3: C:\ProgramData\ETC\HogPC\helptext\en\Content\28_FixtureBuilder\FixBuild_Tutorial_Uno.htm 
1: {6501E546-28F5-4A0E-97E0-1CD914185417} 2: {1D7C5840-6610-4354-9608-587EA1627E8D} 3: C:\ProgramData\ETC\HogPC\helptext\en\Content\28_FixtureBuilder\FixtureBuilder.htm 
1: {6501E546-28F5-4A0E-97E0-1CD914185417} 2: {245E0AF5-9489-49AA-AE82-38D11D5C3BD6} 3: C:\ProgramData\ETC\HogPC\helptext\en\Content\28_FixtureBuilder\FixtureBuilderIntro.htm 
1: {6501E546-28F5-4A0E-97E0-1CD914185417} 2: {126B083A-C703-4355-8BF1-8CB20AF1EC53} 3: C:\ProgramData\ETC\HogPC\helptext\en\Content\29_Visualizer\AutoFocus.htm 
1: {6501E546-28F5-4A0E-97E0-1CD914185417} 2: {3D47A914-74B2-4A23-AC33-403F77D75BB0} 3: C:\ProgramData\ETC\HogPC\helptext\en\Content\29_Visualizer\ConfigConsole.htm 
1: {6501E546-28F5-4A0E-97E0-1CD914185417} 2: {BC87C710-45DE-4DA4-BF03-25F3A70AFC27} 3: C:\ProgramData\ETC\HogPC\helptext\en\Content\29_Visualizer\ConfigPC.htm 
1: {6501E546-28F5-4A0E-97E0-1CD914185417} 2: {A9AA5376-E278-450C-91C2-3DA8F5C30946} 3: C:\ProgramData\ETC\HogPC\helptext\en\Content\29_Visualizer\InstallingDriver.htm 
1: {6501E546-28F5-4A0E-97E0-1CD914185417} 2: {CD1B2FE0-5BC7-41AB-9197-DF34FBA1F5E5} 3: C:\ProgramData\ETC\HogPC\helptext\en\Content\29_Visualizer\PhysicalConnect.htm 
1: {6501E546-28F5-4A0E-97E0-1CD914185417} 2: {066D5A76-AEFC-4C8D-8758-DFF0AE24A2F1} 3: C:\ProgramData\ETC\HogPC\helptext\en\Content\29_Visualizer\VisualizerConnect.htm 
1: {6501E546-28F5-4A0E-97E0-1CD914185417} 2: {B33146E1-720F-4F09-83DD-B6EA49CA1AF4} 3: C:\ProgramData\ETC\HogPC\helptext\en\Content\29_Visualizer\VisualizerConnectOverview.htm 
1: {6501E546-28F5-4A0E-97E0-1CD914185417} 2: {C73B50C9-649B-4824-AB6D-BE547C0B337C} 3: C:\ProgramData\ETC\HogPC\helptext\en\Content\29_Visualizer\VisualizerTroubleshooting.htm 
1: {6501E546-28F5-4A0E-97E0-1CD914185417} 2: {4ECFFDD8-602E-470C-888A-3D50A773CCAA} 3: C:\ProgramData\ETC\HogPC\helptext\en\Content\30_UpdatingSoftware\Full_ISO_Upgrade.htm 
1: {6501E546-28F5-4A0E-97E0-1CD914185417} 2: {4F60C630-53F9-43B4-9A1F-6602CECF4EBA} 3: C:\ProgramData\ETC\HogPC\helptext\en\Content\30_UpdatingSoftware\UpdatingFirmware.htm 
1: {6501E546-28F5-4A0E-97E0-1CD914185417} 2: {D360F24D-1B30-41C0-A660-A3AD6095105D} 3: C:\ProgramData\ETC\HogPC\helptext\en\Content\30_UpdatingSoftware\UpdatingHPUV2Widgets.htm 
1: {6501E546-28F5-4A0E-97E0-1CD914185417} 2: {F8ACB1A8-AC70-413B-8943-5A374EF19DFA} 3: C:\ProgramData\ETC\HogPC\helptext\en\Content\30_UpdatingSoftware\UpdatingSoftware.htm 
1: {6501E546-28F5-4A0E-97E0-1CD914185417} 2: {4857B4C1-E82D-4E6F-AE02-501A8357BDA2} 3: C:\ProgramData\ETC\HogPC\helptext\en\Content\30_UpdatingSoftware\UpdatingSoftware_Console.htm 
1: {6501E546-28F5-4A0E-97E0-1CD914185417} 2: {3EEDADC6-002E-43BE-9E47-3E08B92D2A3C} 3: C:\ProgramData\ETC\HogPC\helptext\en\Content\30_UpdatingSoftware\UpgradeHH4_2015.htm 
1: {6501E546-28F5-4A0E-97E0-1CD914185417} 2: {E5A20291-AC3B-49E0-B9E1-8BE4D2FA24C6} 3: C:\ProgramData\ETC\HogPC\helptext\en\Content\30_UpdatingSoftware\USBFlashDrive_380below.htm 
1: {6501E546-28F5-4A0E-97E0-1CD914185417} 2: {0AE15E17-73FC-4CD3-929F-C488FAF2DF77} 3: C:\ProgramData\ETC\HogPC\helptext\en\Content\30_UpdatingSoftware\USBFlashDrive_390.htm 
1: {6501E546-28F5-4A0E-97E0-1CD914185417} 2: {6596F826-3F7B-4EB9-9481-E7424A0CC16A} 3: C:\ProgramData\ETC\HogPC\helptext\en\Content\31_H4PC\H4PCInstall.htm 
1: {6501E546-28F5-4A0E-97E0-1CD914185417} 2: {AF8F0F35-86AA-4D12-B0C1-242ECBDBDFD3} 3: C:\ProgramData\ETC\HogPC\helptext\en\Content\31_H4PC\H4PCRemoval.htm 
1: {6501E546-28F5-4A0E-97E0-1CD914185417} 2: {B0EC9FBE-3DCC-4649-90FC-C9A0C2DD5E08} 3: C:\ProgramData\ETC\HogPC\helptext\en\Content\31_H4PC\H4PC_Operation.htm 
1: {6501E546-28F5-4A0E-97E0-1CD914185417} 2: {CC17D664-7489-4519-9DB8-A55FBAE216E0} 3: C:\ProgramData\ETC\HogPC\helptext\en\Content\31_H4PC\Hog4PC.htm 
1: {6501E546-28F5-4A0E-97E0-1CD914185417} 2: {7C78640E-4FF1-48C3-86C6-3482BA8D19AD} 3: C:\ProgramData\ETC\HogPC\helptext\en\Content\32_CheatSheets\CheatSheets.htm 
1: {6501E546-28F5-4A0E-97E0-1CD914185417} 2: {1BE08FC1-C09B-43B4-B9A7-B665CDCBB01F} 3: C:\ProgramData\ETC\HogPC\helptext\en\Content\32_CheatSheets\DectoHex.htm 
1: {6501E546-28F5-4A0E-97E0-1CD914185417} 2: {CF24FECB-7099-4D59-AF1E-8863304F0816} 3: C:\ProgramData\ETC\HogPC\helptext\en\Content\32_CheatSheets\FrontPanelDiagrams.htm 
1: {6501E546-28F5-4A0E-97E0-1CD914185417} 2: {A3BF84C6-FD14-4A33-B163-C00E9342F5E5} 3: C:\ProgramData\ETC\HogPC\helptext\en\Content\32_CheatSheets\H4OS_KeyCombo.htm 
1: {6501E546-28F5-4A0E-97E0-1CD914185417} 2: {296B395E-9F54-4B99-8421-F91A2110D1CC} 3: C:\ProgramData\ETC\HogPC\helptext\en\Content\32_CheatSheets\QWERTY_Shortcuts.htm 
1: {6501E546-28F5-4A0E-97E0-1CD914185417} 2: {626C49CB-208B-44C7-A479-49D6A2C680BD} 3: C:\ProgramData\ETC\HogPC\helptext\en\Content\33_Troubleshooting\ConsoleCrash.htm 
1: {6501E546-28F5-4A0E-97E0-1CD914185417} 2: {CA3CB497-CAD4-4DFB-9C35-14182A183069} 3: C:\ProgramData\ETC\HogPC\helptext\en\Content\33_Troubleshooting\ConsoleNoStart.htm 
1: {6501E546-28F5-4A0E-97E0-1CD914185417} 2: {FB70DD41-F78B-43AE-8286-0D13A1B6F751} 3: C:\ProgramData\ETC\HogPC\helptext\en\Content\33_Troubleshooting\ETCnomandKeyNotRecognized.htm 
1: {6501E546-28F5-4A0E-97E0-1CD914185417} 2: {B0720BAC-C8C1-422D-B29F-653A8D9E38BC} 3: C:\ProgramData\ETC\HogPC\helptext\en\Content\33_Troubleshooting\FirmwareRestore.htm 
1: {6501E546-28F5-4A0E-97E0-1CD914185417} 2: {8C568538-7317-47E2-B71D-6F9461F11738} 3: C:\ProgramData\ETC\HogPC\helptext\en\Content\33_Troubleshooting\FrontPanelReboot.htm 
1: {6501E546-28F5-4A0E-97E0-1CD914185417} 2: {0973D8B9-5B51-4320-BDCC-C8ED3E09D4FC} 3: C:\ProgramData\ETC\HogPC\helptext\en\Content\33_Troubleshooting\Help_from_HES_Technical_Services.htm 
1: {6501E546-28F5-4A0E-97E0-1CD914185417} 2: {8FF43737-74AB-4494-8AEB-61292CB06DF8} 3: C:\ProgramData\ETC\HogPC\helptext\en\Content\33_Troubleshooting\NoArtNetFromFixtureNet.htm 
1: {6501E546-28F5-4A0E-97E0-1CD914185417} 2: {3BB23C7C-9536-4C0D-B567-A42D191973A2} 3: C:\ProgramData\ETC\HogPC\helptext\en\Content\33_Troubleshooting\NoDMXOutput_Builtin.htm 
1: {6501E546-28F5-4A0E-97E0-1CD914185417} 2: {50EDA929-C302-47F0-95D5-B38E1FE2D6E7} 3: C:\ProgramData\ETC\HogPC\helptext\en\Content\33_Troubleshooting\PlaybackControlErrors.htm 
1: {6501E546-28F5-4A0E-97E0-1CD914185417} 2: {B623CBFB-0EB2-4944-BE18-E58EF60166C5} 3: C:\ProgramData\ETC\HogPC\helptext\en\Content\33_Troubleshooting\SupportReport.htm 
1: {6501E546-28F5-4A0E-97E0-1CD914185417} 2: {FFC1E318-D0F4-49BB-A5A9-CBF0A46BD950} 3: C:\ProgramData\ETC\HogPC\helptext\en\Content\33_Troubleshooting\TroubleShooting.htm 
1: {6501E546-28F5-4A0E-97E0-1CD914185417} 2: {1D6A2264-4BEF-4793-929A-0EDDC325B508} 3: C:\ProgramData\ETC\HogPC\helptext\en\Content\34_Service\CleaningFaders.htm 
1: {6501E546-28F5-4A0E-97E0-1CD914185417} 2: {13BE8DE0-55C6-427B-A059-E83C0131DC50} 3: C:\ProgramData\ETC\HogPC\helptext\en\Content\34_Service\MountingRackEars.htm 
1: {6501E546-28F5-4A0E-97E0-1CD914185417} 2: {54C233B9-7539-4BD7-BBA2-55B380085122} 3: C:\ProgramData\ETC\HogPC\helptext\en\Content\34_Service\ReplacingFaders.htm 
1: {6501E546-28F5-4A0E-97E0-1CD914185417} 2: {0AE582D8-6B14-46D7-91D2-CA562EB6F46B} 3: C:\ProgramData\ETC\HogPC\helptext\en\Content\34_Service\ReplacingScreens.htm 
1: {6501E546-28F5-4A0E-97E0-1CD914185417} 2: {79536A75-1FB4-40FE-ACFD-D3DC9DAC28F7} 3: C:\ProgramData\ETC\HogPC\helptext\en\Content\34_Service\ReplacingTrackball.htm 
1: {6501E546-28F5-4A0E-97E0-1CD914185417} 2: {CEC95256-1C21-4615-B6FA-1ECFE5008439} 3: C:\ProgramData\ETC\HogPC\helptext\en\Content\34_Service\Service.htm 
1: {6501E546-28F5-4A0E-97E0-1CD914185417} 2: {49AD452D-7158-4164-B9A8-D2D74CCF75B7} 3: C:\ProgramData\ETC\HogPC\helptext\en\Content\35_SafetyInformation\SafetyInformation.htm 
1: {6501E546-28F5-4A0E-97E0-1CD914185417} 2: {64C868AA-3C99-4C2F-8F3B-BA895CC5FADA} 3: C:\ProgramData\ETC\HogPC\helptext\en\Content\35_SafetyInformation\SafetyWarnings.htm 
1: {6501E546-28F5-4A0E-97E0-1CD914185417} 2: {29932E14-7E83-4744-AE19-90658A37C454} 3: C:\ProgramData\ETC\HogPC\helptext\en\Content\35_SafetyInformation\SafetyWarnings1.htm 
1: {6501E546-28F5-4A0E-97E0-1CD914185417} 2: {C3F983BE-44C1-4A29-A76E-FB7A42FF432D} 3: C:\ProgramData\ETC\HogPC\helptext\en\Content\35_SafetyInformation\SafetyWarnings2.htm 
1: {6501E546-28F5-4A0E-97E0-1CD914185417} 2: {95E5C65F-D138-4F07-94F1-1E4FDD36EF28} 3: C:\ProgramData\ETC\HogPC\helptext\en\Content\35_SafetyInformation\SafetyWarnings3.htm 
1: {6501E546-28F5-4A0E-97E0-1CD914185417} 2: {7087A90F-D701-457F-8979-687938CEDCBB} 3: C:\ProgramData\ETC\HogPC\helptext\en\Content\35_SafetyInformation\SafetyWarnings4.htm 
1: {6501E546-28F5-4A0E-97E0-1CD914185417} 2: {07BC71D3-A448-450B-976B-60429D5AB5FD} 3: C:\ProgramData\ETC\HogPC\helptext\en\Content\35_SafetyInformation\SafetyWarnings5.htm 
1: {6501E546-28F5-4A0E-97E0-1CD914185417} 2: {1906FD36-719D-474F-9D4D-3BCDE6DFF0AE} 3: C:\ProgramData\ETC\HogPC\helptext\en\Content\35_SafetyInformation\SafetyWarnings6.htm 
1: {6501E546-28F5-4A0E-97E0-1CD914185417} 2: {9A48D271-EF45-4255-9D7F-D5D6157A4998} 3: C:\ProgramData\ETC\HogPC\helptext\en\Content\36_TechSpecs\TechSpecs.htm 
1: {6501E546-28F5-4A0E-97E0-1CD914185417} 2: {EBA05C73-F1C2-4663-8652-A988597C58FB} 3: C:\ProgramData\ETC\HogPC\helptext\en\Content\36_TechSpecs\TechSpec_FB4.htm 
1: {6501E546-28F5-4A0E-97E0-1CD914185417} 2: {A57B8000-D051-40AF-9436-6B7B5E0147E9} 3: C:\ProgramData\ETC\HogPC\helptext\en\Content\36_TechSpecs\TechSpec_FlexHog.htm 
1: {6501E546-28F5-4A0E-97E0-1CD914185417} 2: {21AA551D-4CCF-453E-AB97-9888062AFB08} 3: C:\ProgramData\ETC\HogPC\helptext\en\Content\36_TechSpecs\TechSpec_GigHog.htm 
1: {6501E546-28F5-4A0E-97E0-1CD914185417} 2: {6CDC8602-F162-46FF-B0B5-DF70A0ED63AB} 3: C:\ProgramData\ETC\HogPC\helptext\en\Content\36_TechSpecs\TechSpec_H4.htm 
1: {6501E546-28F5-4A0E-97E0-1CD914185417} 2: {559EC803-565E-4ECB-A12C-A3827DAA969C} 3: C:\ProgramData\ETC\HogPC\helptext\en\Content\36_TechSpecs\TechSpec_H418.htm 
1: {6501E546-28F5-4A0E-97E0-1CD914185417} 2: {BAFCCA8D-5EAD-481A-A34C-76BB376A3FD7} 3: C:\ProgramData\ETC\HogPC\helptext\en\Content\36_TechSpecs\TechSpec_HH4.htm 
1: {6501E546-28F5-4A0E-97E0-1CD914185417} 2: {06C93332-C6F4-479D-B656-A093744778E5} 3: C:\ProgramData\ETC\HogPC\helptext\en\Content\36_TechSpecs\TechSpec_HH4n.htm 
1: {6501E546-28F5-4A0E-97E0-1CD914185417} 2: {F89F63EC-384A-4E45-80D4-D2A1CED388D8} 3: C:\ProgramData\ETC\HogPC\helptext\en\Content\36_TechSpecs\TechSpec_HH4x_2020.htm 
1: {6501E546-28F5-4A0E-97E0-1CD914185417} 2: {262CD590-4AAD-4FCF-8C37-5D580DD55EBC} 3: C:\ProgramData\ETC\HogPC\helptext\en\Content\36_TechSpecs\TechSpec_HH4_2015.htm 
1: {6501E546-28F5-4A0E-97E0-1CD914185417} 2: {8156D869-0957-474C-9FA1-69D88A3D1045} 3: C:\ProgramData\ETC\HogPC\helptext\en\Content\36_TechSpecs\TechSpec_Hog4PC.htm 
1: {6501E546-28F5-4A0E-97E0-1CD914185417} 2: {EABE9A1F-31EA-4512-9C43-BA46151B286D} 3: C:\ProgramData\ETC\HogPC\helptext\en\Content\36_TechSpecs\TechSpec_HPU.htm 
1: {6501E546-28F5-4A0E-97E0-1CD914185417} 2: {AE0FB085-E451-439D-88E8-B31BBBE9C272} 3: C:\ProgramData\ETC\HogPC\helptext\en\Content\36_TechSpecs\TechSpec_MasterWing.htm 
1: {6501E546-28F5-4A0E-97E0-1CD914185417} 2: {A390D3A1-D63B-4F5F-BE2B-C548A0A7E15A} 3: C:\ProgramData\ETC\HogPC\helptext\en\Content\36_TechSpecs\TechSpec_Nano.htm 
1: {6501E546-28F5-4A0E-97E0-1CD914185417} 2: {4B24F870-35E9-4B9E-8E6F-176F7A8D3B97} 3: C:\ProgramData\ETC\HogPC\helptext\en\Content\36_TechSpecs\TechSpec_PlaybackWing4.htm 
1: {6501E546-28F5-4A0E-97E0-1CD914185417} 2: {102FF07D-6D65-45C5-9F72-B5FFE9B33FD0} 3: C:\ProgramData\ETC\HogPC\helptext\en\Content\36_TechSpecs\TechSpec_RH4.htm 
1: {6501E546-28F5-4A0E-97E0-1CD914185417} 2: {045E0926-BAF8-4539-ABC9-97670E1C9595} 3: C:\ProgramData\ETC\HogPC\helptext\en\Content\36_TechSpecs\TechSpec_RH4_21.htm 
1: {6501E546-28F5-4A0E-97E0-1CD914185417} 2: {7CFDF47F-B59F-41F7-A877-F6D2DD8AB151} 3: C:\ProgramData\ETC\HogPC\helptext\en\Content\36_TechSpecs\TechSpec_StageHog.htm 
1: {6501E546-28F5-4A0E-97E0-1CD914185417} 2: {03B57877-6C25-4C07-AB0C-AA4691A984C0} 3: C:\ProgramData\ETC\HogPC\helptext\en\Content\36_TechSpecs\TechSpec_TourHog.htm 
1: {6501E546-28F5-4A0E-97E0-1CD914185417} 2: {FFC4B2C4-1058-436D-8326-CB8EDAC1E2A2} 3: C:\ProgramData\ETC\HogPC\helptext\en\Content\36_TechSpecs\TechSpec_TourWing.htm 
1: {6501E546-28F5-4A0E-97E0-1CD914185417} 2: {E28A008E-80A2-459E-988F-419C16CDC98A} 3: C:\ProgramData\ETC\HogPC\helptext\en\Content\37_Legal\ESD.htm 
1: {6501E546-28F5-4A0E-97E0-1CD914185417} 2: {429A40A3-107D-460A-A4B4-9FFEF8836792} 3: C:\ProgramData\ETC\HogPC\helptext\en\Content\37_Legal\EULA.htm 
1: {6501E546-28F5-4A0E-97E0-1CD914185417} 2: {D2B815E3-C274-40FD-A923-92D61719E2E9} 3: C:\ProgramData\ETC\HogPC\helptext\en\Content\37_Legal\Legal.htm 
1: {6501E546-28F5-4A0E-97E0-1CD914185417} 2: {BD2587BC-C116-484D-990B-9410B7C2814C} 3: C:\ProgramData\ETC\HogPC\helptext\en\Content\37_Legal\Trademarks.htm 
1: {6501E546-28F5-4A0E-97E0-1CD914185417} 2: {706193B3-B340-4E14-AA5C-18ECE8D05560} 3: C:\ProgramData\ETC\HogPC\helptext\en\Content\MasterProjectContent\Resources\Images\Common\bullet.png 
1: {6501E546-28F5-4A0E-97E0-1CD914185417} 2: {D4FD72A5-4D64-4284-83EA-98C318692034} 3: C:\ProgramData\ETC\HogPC\helptext\en\Content\MasterProjectContent\Resources\Images\Common\bullet_grey.png 
1: {6501E546-28F5-4A0E-97E0-1CD914185417} 2: {5DC34C28-EF3B-42AE-A7C4-B806BCA40634} 3: C:\ProgramData\ETC\HogPC\helptext\en\Content\MasterProjectContent\Resources\Images\Common\New_Icon_Caution.png 
1: {6501E546-28F5-4A0E-97E0-1CD914185417} 2: {7CC816FF-CBD4-4BB5-8B53-C7BC5C9BD162} 3: C:\ProgramData\ETC\HogPC\helptext\en\Content\MasterProjectContent\Resources\Images\Common\New_Icon_Caution_ESD2.png 
1: {6501E546-28F5-4A0E-97E0-1CD914185417} 2: {E4C5F68D-FB78-42D0-B5FF-B8ADF334F964} 3: C:\ProgramData\ETC\HogPC\helptext\en\Content\MasterProjectContent\Resources\Images\Common\New_Icon_Note.png 
1: {6501E546-28F5-4A0E-97E0-1CD914185417} 2: {E3985448-6A9F-44D3-8C27-3ABB8EC50F3D} 3: C:\ProgramData\ETC\HogPC\helptext\en\Content\MasterProjectContent\Resources\Images\Common\New_Icon_Warning_Electric_Shock_whitefill.png 
1: {6501E546-28F5-4A0E-97E0-1CD914185417} 2: {2526DFB2-4BBF-4AB3-989D-8353EF298023} 3: C:\ProgramData\ETC\HogPC\helptext\en\Content\MasterProjectContent\Resources\Images\Common\New_Icon_Warning_General_whitefill.png 
1: {6501E546-28F5-4A0E-97E0-1CD914185417} 2: {74712893-0994-4731-A7D4-BC21EC08D562} 3: C:\ProgramData\ETC\HogPC\helptext\en\Content\MasterProjectContent\Resources\TableStyles\Basic.css 
1: {6501E546-28F5-4A0E-97E0-1CD914185417} 2: {E992E67F-E5A5-444A-9D70-8192DEE3F8B6} 3: C:\ProgramData\ETC\HogPC\helptext\en\Content\MasterProjectContent\Resources\TableStyles\Rows_8pt.css 
1: {6501E546-28F5-4A0E-97E0-1CD914185417} 2: {5F9C8659-C07D-4980-8558-7A4352A5D1A1} 3: C:\ProgramData\ETC\HogPC\helptext\en\Content\Resources\Images\16b_add5.png 
1: {6501E546-28F5-4A0E-97E0-1CD914185417} 2: {0174E9E1-A3CC-4B48-8855-3DBFBF12E52C} 3: C:\ProgramData\ETC\HogPC\helptext\en\Content\Resources\Images\16b_add5_960x340.png 
1: {6501E546-28F5-4A0E-97E0-1CD914185417} 2: {F683FAEE-A0EE-4A9D-BAE0-55E826D2271E} 3: C:\ProgramData\ETC\HogPC\helptext\en\Content\Resources\Images\16b_attach_5.png 
1: {6501E546-28F5-4A0E-97E0-1CD914185417} 2: {A57D3B37-13DB-4BCF-8502-7174ACAFD568} 3: C:\ProgramData\ETC\HogPC\helptext\en\Content\Resources\Images\16b_attach_5_960x292.png 
1: {6501E546-28F5-4A0E-97E0-1CD914185417} 2: {6361F2C9-A0E3-4818-9783-3CED17AB82E5} 3: C:\ProgramData\ETC\HogPC\helptext\en\Content\Resources\Images\16b_range_diff_5.png 
1: {6501E546-28F5-4A0E-97E0-1CD914185417} 2: {A4C3C298-3082-4D2C-A6F9-83E07E2DB360} 3: C:\ProgramData\ETC\HogPC\helptext\en\Content\Resources\Images\16b_range_diff_5_960x368.png 
1: {6501E546-28F5-4A0E-97E0-1CD914185417} 2: {3EC4F5BE-C780-4CBD-B9AE-89506A266086} 3: C:\ProgramData\ETC\HogPC\helptext\en\Content\Resources\Images\16b_unused_5.png 
1: {6501E546-28F5-4A0E-97E0-1CD914185417} 2: {5C985A99-7006-4472-89B6-44286EC629A2} 3: C:\ProgramData\ETC\HogPC\helptext\en\Content\Resources\Images\16b_unused_5_960x288.png 
1: {6501E546-28F5-4A0E-97E0-1CD914185417} 2: {79444E5B-A55D-42FB-B645-C84183241DA2} 3: C:\ProgramData\ETC\HogPC\helptext\en\Content\Resources\Images\accelerate.png 
1: {6501E546-28F5-4A0E-97E0-1CD914185417} 2: {97FF5F53-FB3E-4722-870E-8A0128568EBE} 3: C:\ProgramData\ETC\HogPC\helptext\en\Content\Resources\Images\add_proc5.png 
1: {6501E546-28F5-4A0E-97E0-1CD914185417} 2: {FC90B7AD-C000-4835-AB14-E11FCA40938C} 3: C:\ProgramData\ETC\HogPC\helptext\en\Content\Resources\Images\agg_ss_collapsed5.png 
1: {6501E546-28F5-4A0E-97E0-1CD914185417} 2: {9BBB40C6-53D4-4555-A7CA-16D5BDEF62F8} 3: C:\ProgramData\ETC\HogPC\helptext\en\Content\Resources\Images\archived_icon.png 
1: {6501E546-28F5-4A0E-97E0-1CD914185417} 2: {A14A1D8A-45E6-4054-91FD-24A3578A2783} 3: C:\ProgramData\ETC\HogPC\helptext\en\Content\Resources\Images\auto_launch.png 
1: {6501E546-28F5-4A0E-97E0-1CD914185417} 2: {862FB7A4-8009-44A8-8008-04FC048332FC} 3: C:\ProgramData\ETC\HogPC\helptext\en\Content\Resources\Images\auto_launch5.png 
1: {6501E546-28F5-4A0E-97E0-1CD914185417} 2: {F81BFA5C-2C32-46E7-B69E-9F48541EE5A0} 3: C:\ProgramData\ETC\HogPC\helptext\en\Content\Resources\Images\auto_launch5_960x608.png 
1: {6501E546-28F5-4A0E-97E0-1CD914185417} 2: {D19F91E9-27A1-41F9-85CB-853051D7D1AE} 3: C:\ProgramData\ETC\HogPC\helptext\en\Content\Resources\Images\auto_update5.png 
1: {6501E546-28F5-4A0E-97E0-1CD914185417} 2: {326B1D14-EC91-48CC-BB9F-1BA9BAFB8EE6} 3: C:\ProgramData\ETC\HogPC\helptext\en\Content\Resources\Images\auto_update5_960x745.png 
1: {6501E546-28F5-4A0E-97E0-1CD914185417} 2: {8C1E1320-FCD4-431B-B668-E7048B912490} 3: C:\ProgramData\ETC\HogPC\helptext\en\Content\Resources\Images\auto_update_mask5.png 
1: {6501E546-28F5-4A0E-97E0-1CD914185417} 2: {E7F5AEBB-D2D8-422B-9E4E-1F5E1818B3F9} 3: C:\ProgramData\ETC\HogPC\helptext\en\Content\Resources\Images\auto_update_mask5_960x101.png 
1: {6501E546-28F5-4A0E-97E0-1CD914185417} 2: {FCEDDA47-8573-4A3E-96FB-E984EF9002EA} 3: C:\ProgramData\ETC\HogPC\helptext\en\Content\Resources\Images\basic_plot5.png 
1: {6501E546-28F5-4A0E-97E0-1CD914185417} 2: {541B64A7-069F-406D-858B-A0F9F687EE5B} 3: C:\ProgramData\ETC\HogPC\helptext\en\Content\Resources\Images\basic_plot5_600x436.png 
1: {6501E546-28F5-4A0E-97E0-1CD914185417} 2: {0E262A0D-86F5-4221-8D04-D042E15E04C8} 3: C:\ProgramData\ETC\HogPC\helptext\en\Content\Resources\Images\batch_pbb.png 
1: {6501E546-28F5-4A0E-97E0-1CD914185417} 2: {1617A643-48EE-49A3-9B76-F598DB299642} 3: C:\ProgramData\ETC\HogPC\helptext\en\Content\Resources\Images\begin_end_start.png 
1: {6501E546-28F5-4A0E-97E0-1CD914185417} 2: {15A66721-EEEF-44E0-BC76-C5CAEAE06F55} 3: C:\ProgramData\ETC\HogPC\helptext\en\Content\Resources\Images\brake.png 
1: {6501E546-28F5-4A0E-97E0-1CD914185417} 2: {45E79F9A-776F-49AC-8CEF-8779F0152498} 3: C:\ProgramData\ETC\HogPC\helptext\en\Content\Resources\Images\calibration_screen.png 
1: {6501E546-28F5-4A0E-97E0-1CD914185417} 2: {16C58148-CEA5-40FA-B141-7451E69331D6} 3: C:\ProgramData\ETC\HogPC\helptext\en\Content\Resources\Images\center_wheel_prefs.png 
1: {6501E546-28F5-4A0E-97E0-1CD914185417} 2: {E14F4265-883E-4609-B75E-6DEC610C04C9} 3: C:\ProgramData\ETC\HogPC\helptext\en\Content\Resources\Images\center_wheel_use.png 
1: {6501E546-28F5-4A0E-97E0-1CD914185417} 2: {B36F4776-9EF6-4346-812E-E8BB3F389C7A} 3: C:\ProgramData\ETC\HogPC\helptext\en\Content\Resources\Images\cfx_add_1_5.png 
1: {6501E546-28F5-4A0E-97E0-1CD914185417} 2: {2B0FF039-51A4-4FF3-AE67-51E995CAF283} 3: C:\ProgramData\ETC\HogPC\helptext\en\Content\Resources\Images\cfx_add_1_5_960x535.png 
1: {6501E546-28F5-4A0E-97E0-1CD914185417} 2: {77A5116C-AADD-4D33-8999-DFA4F69D59DF} 3: C:\ProgramData\ETC\HogPC\helptext\en\Content\Resources\Images\cfx_add_2_5.png 
1: {6501E546-28F5-4A0E-97E0-1CD914185417} 2: {5B9BBF01-2BC1-4ABE-BEAA-B0061D8499D2} 3: C:\ProgramData\ETC\HogPC\helptext\en\Content\Resources\Images\cfx_add_2_5_960x536.png 
1: {6501E546-28F5-4A0E-97E0-1CD914185417} 2: {0550259F-EB29-42A0-991A-C9D8812E70FF} 3: C:\ProgramData\ETC\HogPC\helptext\en\Content\Resources\Images\cfx_sub_1_5.png 
1: {6501E546-28F5-4A0E-97E0-1CD914185417} 2: {D875F4A2-DA6B-4959-825E-5BD2EDB69581} 3: C:\ProgramData\ETC\HogPC\helptext\en\Content\Resources\Images\cfx_sub_1_5_960x535.png 
1: {6501E546-28F5-4A0E-97E0-1CD914185417} 2: {0D6F8E78-1E24-45C4-890B-28AD1D39FB31} 3: C:\ProgramData\ETC\HogPC\helptext\en\Content\Resources\Images\chase.png 
1: {6501E546-28F5-4A0E-97E0-1CD914185417} 2: {456D8B73-5A79-4AFC-A113-602F7A85F8DB} 3: C:\ProgramData\ETC\HogPC\helptext\en\Content\Resources\Images\chosen_selected5.png 
1: {6501E546-28F5-4A0E-97E0-1CD914185417} 2: {A2C2B932-1507-496A-B66D-866CE9AA7AF9} 3: C:\ProgramData\ETC\HogPC\helptext\en\Content\Resources\Images\chosen_selected5_600x175.png 
1: {6501E546-28F5-4A0E-97E0-1CD914185417} 2: {A6085B1D-0117-4143-ADB6-1D7F2446BF1D} 3: C:\ProgramData\ETC\HogPC\helptext\en\Content\Resources\Images\clock.png 
1: {6501E546-28F5-4A0E-97E0-1CD914185417} 2: {E297B587-8F97-45E9-88DF-926BF7505B8A} 3: C:\ProgramData\ETC\HogPC\helptext\en\Content\Resources\Images\clock_toolbar5.png 
1: {6501E546-28F5-4A0E-97E0-1CD914185417} 2: {1238682F-D299-451F-877B-4464A3B2E60A} 3: C:\ProgramData\ETC\HogPC\helptext\en\Content\Resources\Images\clock_trigger5.png 
1: {6501E546-28F5-4A0E-97E0-1CD914185417} 2: {3E295410-1B0B-4963-94FF-05F15AE0907C} 3: C:\ProgramData\ETC\HogPC\helptext\en\Content\Resources\Images\clock_trigger5_600x417.png 
1: {6501E546-28F5-4A0E-97E0-1CD914185417} 2: {75956D4A-DF3F-4A5A-982D-E5693FB68FC8} 3: C:\ProgramData\ETC\HogPC\helptext\en\Content\Resources\Images\clone5.png 
1: {6501E546-28F5-4A0E-97E0-1CD914185417} 2: {426A25F5-2DCF-421C-B862-18277505614B} 3: C:\ProgramData\ETC\HogPC\helptext\en\Content\Resources\Images\clr_cust5.png 
1: {6501E546-28F5-4A0E-97E0-1CD914185417} 2: {FC2F78D4-535A-4BDD-B840-CB2BD73EB06F} 3: C:\ProgramData\ETC\HogPC\helptext\en\Content\Resources\Images\clr_dir5_sheet.png 
1: {6501E546-28F5-4A0E-97E0-1CD914185417} 2: {B4B25C9F-D109-4CD6-A653-FF4B97AA6739} 3: C:\ProgramData\ETC\HogPC\helptext\en\Content\Resources\Images\clr_dir5_sheet_600x409.png 
1: {6501E546-28F5-4A0E-97E0-1CD914185417} 2: {DD552711-8A2F-40B5-B0F7-5156825C8F12} 3: C:\ProgramData\ETC\HogPC\helptext\en\Content\Resources\Images\clr_select5.png 
1: {6501E546-28F5-4A0E-97E0-1CD914185417} 2: {A30353FF-2513-4D06-BD29-84C0037375A5} 3: C:\ProgramData\ETC\HogPC\helptext\en\Content\Resources\Images\cmdexe5.png 
1: {6501E546-28F5-4A0E-97E0-1CD914185417} 2: {AD4BEA23-348F-4806-ADFC-FBBF91D14710} 3: C:\ProgramData\ETC\HogPC\helptext\en\Content\Resources\Images\cmdexe5_600x321.png 
1: {6501E546-28F5-4A0E-97E0-1CD914185417} 2: {8B2E5532-8F53-4D46-B3FB-0542BEFF35C8} 3: C:\ProgramData\ETC\HogPC\helptext\en\Content\Resources\Images\cnsl_sec.png 
1: {6501E546-28F5-4A0E-97E0-1CD914185417} 2: {50B5CA5B-2EF1-4E45-8FA8-E17EDBAE0965} 3: C:\ProgramData\ETC\HogPC\helptext\en\Content\Resources\Images\cnsl_sec_360x234.png 
1: {6501E546-28F5-4A0E-97E0-1CD914185417} 2: {2BE71C77-4068-4FA3-891F-37E514709CA3} 3: C:\ProgramData\ETC\HogPC\helptext\en\Content\Resources\Images\colordir_buttonview5.png 
1: {6501E546-28F5-4A0E-97E0-1CD914185417} 2: {E4D84A59-C263-40CC-AF28-CD45AB5B6E36} 3: C:\ProgramData\ETC\HogPC\helptext\en\Content\Resources\Images\colordir_spreadsheet5.png 
1: {6501E546-28F5-4A0E-97E0-1CD914185417} 2: {1FC058EE-658A-494D-9403-9BAF47BDE462} 3: C:\ProgramData\ETC\HogPC\helptext\en\Content\Resources\Images\column_header5.png 
1: {6501E546-28F5-4A0E-97E0-1CD914185417} 2: {BEA71676-CD35-479F-B7F8-07EB65E8E0C8} 3: C:\ProgramData\ETC\HogPC\helptext\en\Content\Resources\Images\comment_macro_midinote5.png 
1: {6501E546-28F5-4A0E-97E0-1CD914185417} 2: {D18DF410-8077-42C3-9B9A-25C39BE71D3E} 3: C:\ProgramData\ETC\HogPC\helptext\en\Content\Resources\Images\compact5.png 
1: {6501E546-28F5-4A0E-97E0-1CD914185417} 2: {CD041898-5DC6-4055-BC5B-C81173489AC8} 3: C:\ProgramData\ETC\HogPC\helptext\en\Content\Resources\Images\config.png 
1: {6501E546-28F5-4A0E-97E0-1CD914185417} 2: {A788908E-5EAF-48CA-BCFA-0A4BADCDD076} 3: C:\ProgramData\ETC\HogPC\helptext\en\Content\Resources\Images\config5.png 
1: {6501E546-28F5-4A0E-97E0-1CD914185417} 2: {8074E15C-DAD7-4D0F-AE2D-2E94477542E1} 3: C:\ProgramData\ETC\HogPC\helptext\en\Content\Resources\Images\config_auto_color5.png 
1: {6501E546-28F5-4A0E-97E0-1CD914185417} 2: {4B85D56B-B5C8-48C9-9CD5-AE4B97362C5C} 3: C:\ProgramData\ETC\HogPC\helptext\en\Content\Resources\Images\config_auto_color_menu5.png 
1: {6501E546-28F5-4A0E-97E0-1CD914185417} 2: {144A7B28-A099-48B8-80AA-262A224981B2} 3: C:\ProgramData\ETC\HogPC\helptext\en\Content\Resources\Images\config_button_across5.png 
1: {6501E546-28F5-4A0E-97E0-1CD914185417} 2: {4649EF01-7137-45E9-AC93-C5BEA116F6A2} 3: C:\ProgramData\ETC\HogPC\helptext\en\Content\Resources\Images\config_button_size5.png 
1: {6501E546-28F5-4A0E-97E0-1CD914185417} 2: {43A6D30C-50F7-4674-854F-9B0AC6463840} 3: C:\ProgramData\ETC\HogPC\helptext\en\Content\Resources\Images\config_entire_button5.png 
1: {6501E546-28F5-4A0E-97E0-1CD914185417} 2: {3322E74C-C879-4A52-A9B7-FFC58CC5A33C} 3: C:\ProgramData\ETC\HogPC\helptext\en\Content\Resources\Images\config_entire_button5_600x706.png 
1: {6501E546-28F5-4A0E-97E0-1CD914185417} 2: {6B9F9990-7BCC-422D-92FC-3A87705CD97B} 3: C:\ProgramData\ETC\HogPC\helptext\en\Content\Resources\Images\config_icon.png 
1: {6501E546-28F5-4A0E-97E0-1CD914185417} 2: {F47B7C57-21E5-4DD3-811D-937DB31D6FCE} 3: C:\ProgramData\ETC\HogPC\helptext\en\Content\Resources\Images\config_show_fewer5.png 
1: {6501E546-28F5-4A0E-97E0-1CD914185417} 2: {3517EECF-FA5F-41B6-A450-2154B842D701} 3: C:\ProgramData\ETC\HogPC\helptext\en\Content\Resources\Images\config_wings5.png 
1: {6501E546-28F5-4A0E-97E0-1CD914185417} 2: {6B5583D6-7B2F-466A-9A4D-5A9652CD2ED6} 3: C:\ProgramData\ETC\HogPC\helptext\en\Content\Resources\Images\config_wings5_960x503.png 
1: {6501E546-28F5-4A0E-97E0-1CD914185417} 2: {47B4ADD2-A7FA-4C76-A023-3C0AB0414C93} 3: C:\ProgramData\ETC\HogPC\helptext\en\Content\Resources\Images\console_setting_midi_config5.png 
1: {6501E546-28F5-4A0E-97E0-1CD914185417} 2: {FE67F432-08D1-4538-8486-5229F8A5B715} 3: C:\ProgramData\ETC\HogPC\helptext\en\Content\Resources\Images\console_setting_midi_config5_600x383.png 
1: {6501E546-28F5-4A0E-97E0-1CD914185417} 2: {70401920-FA0A-4D43-96B3-F7A1A807EADB} 3: C:\ProgramData\ETC\HogPC\helptext\en\Content\Resources\Images\console_setting_midi_note_out5.png 
1: {6501E546-28F5-4A0E-97E0-1CD914185417} 2: {2CE51AFA-AC39-4937-8C6F-F3389715DFFA} 3: C:\ProgramData\ETC\HogPC\helptext\en\Content\Resources\Images\console_setting_midi_timecode5.png 
1: {6501E546-28F5-4A0E-97E0-1CD914185417} 2: {8CE50309-FC43-4845-BFE9-A0FD876093A1} 3: C:\ProgramData\ETC\HogPC\helptext\en\Content\Resources\Images\console_setting_midi_timecode5_600x417.png 
1: {6501E546-28F5-4A0E-97E0-1CD914185417} 2: {2AEBCE7B-DA09-4381-AFBA-8FC815809E8B} 3: C:\ProgramData\ETC\HogPC\helptext\en\Content\Resources\Images\ControlPanel_HogNet.png 
1: {6501E546-28F5-4A0E-97E0-1CD914185417} 2: {3E6EE5C5-16D5-4120-860F-7F31CF5ADD94} 3: C:\ProgramData\ETC\HogPC\helptext\en\Content\Resources\Images\ControlPanel_HogNet_600x406.png 
1: {6501E546-28F5-4A0E-97E0-1CD914185417} 2: {A50F75C6-8F91-45BC-8FD8-DEB0003B88CB} 3: C:\ProgramData\ETC\HogPC\helptext\en\Content\Resources\Images\CP_Gels5.png 
1: {6501E546-28F5-4A0E-97E0-1CD914185417} 2: {2313B36D-8CD3-429F-A9B1-00B4B05FA425} 3: C:\ProgramData\ETC\HogPC\helptext\en\Content\Resources\Images\CP_physical5.png 
1: {6501E546-28F5-4A0E-97E0-1CD914185417} 2: {DE259041-70CC-405A-BCD7-1D8F5F7A1A1B} 3: C:\ProgramData\ETC\HogPC\helptext\en\Content\Resources\Images\CP_Tint5.png 
1: {6501E546-28F5-4A0E-97E0-1CD914185417} 2: {2F840A3F-5974-4181-A8C1-03EF21D41C08} 3: C:\ProgramData\ETC\HogPC\helptext\en\Content\Resources\Images\CP_Tint5_600x540.png 
1: {6501E546-28F5-4A0E-97E0-1CD914185417} 2: {313553A7-A454-4E1B-A27B-7EE19247E812} 3: C:\ProgramData\ETC\HogPC\helptext\en\Content\Resources\Images\CP_Virtual5.png 
1: {6501E546-28F5-4A0E-97E0-1CD914185417} 2: {F9DE00E3-4291-4DF8-98B0-98B56DF3DA59} 3: C:\ProgramData\ETC\HogPC\helptext\en\Content\Resources\Images\ctrl_pnl_disp_v5.png 
1: {6501E546-28F5-4A0E-97E0-1CD914185417} 2: {08F583CF-9BB3-4CB0-AD18-78BE7A33D570} 3: C:\ProgramData\ETC\HogPC\helptext\en\Content\Resources\Images\ctrl_pnl_disp_v5_960x610.png 
1: {6501E546-28F5-4A0E-97E0-1CD914185417} 2: {C8D96BE3-78A4-4E55-AD3B-B02C74357E92} 3: C:\ProgramData\ETC\HogPC\helptext\en\Content\Resources\Images\cuelist5.png 
1: {6501E546-28F5-4A0E-97E0-1CD914185417} 2: {5A1EB46B-A702-418F-8128-0DBB20FC383F} 3: C:\ProgramData\ETC\HogPC\helptext\en\Content\Resources\Images\cuelist5_600x157.png 
1: {6501E546-28F5-4A0E-97E0-1CD914185417} 2: {F544CB39-0032-4CE3-A595-608A3982943B} 3: C:\ProgramData\ETC\HogPC\helptext\en\Content\Resources\Images\cuelist_directory5.png 
1: {6501E546-28F5-4A0E-97E0-1CD914185417} 2: {6D3B00EE-46DE-4C0D-8E13-17F02887F12F} 3: C:\ProgramData\ETC\HogPC\helptext\en\Content\Resources\Images\cuelist_directory5_600x369.png 
1: {6501E546-28F5-4A0E-97E0-1CD914185417} 2: {F17D0E37-0630-4BC9-B7FA-AC7B0B0C42B6} 3: C:\ProgramData\ETC\HogPC\helptext\en\Content\Resources\Images\cuelist_options_toolbar.png 
1: {6501E546-28F5-4A0E-97E0-1CD914185417} 2: {00652EE5-8F2C-4748-9E08-5349C26995CF} 3: C:\ProgramData\ETC\HogPC\helptext\en\Content\Resources\Images\cuelist_window_cue_running_5.png 
1: {6501E546-28F5-4A0E-97E0-1CD914185417} 2: {880A791F-BA52-4D37-83D9-52017F90C93D} 3: C:\ProgramData\ETC\HogPC\helptext\en\Content\Resources\Images\cuelist_window_play_controls5.png 
1: {6501E546-28F5-4A0E-97E0-1CD914185417} 2: {E4B7871A-EF96-4D0B-A79D-FF6CEAF1CEB5} 3: C:\ProgramData\ETC\HogPC\helptext\en\Content\Resources\Images\cuelist_window_play_controls5_600x151.png 
1: {6501E546-28F5-4A0E-97E0-1CD914185417} 2: {26193B5A-75ED-49B7-91EE-4D0353B94059} 3: C:\ProgramData\ETC\HogPC\helptext\en\Content\Resources\Images\cuelist_with_loop5.png 
1: {6501E546-28F5-4A0E-97E0-1CD914185417} 2: {4CB8D47F-5187-40E2-953D-20D1879A1E2D} 3: C:\ProgramData\ETC\HogPC\helptext\en\Content\Resources\Images\cuelist_with_loop5_600x219.png 
1: {6501E546-28F5-4A0E-97E0-1CD914185417} 2: {9B6B2BD3-B87F-4167-BD86-84DC2C5B42D9} 3: C:\ProgramData\ETC\HogPC\helptext\en\Content\Resources\Images\cueonly.png 
1: {6501E546-28F5-4A0E-97E0-1CD914185417} 2: {0FB7B7AA-76A9-4FBB-8DE3-6BC021BC6489} 3: C:\ProgramData\ETC\HogPC\helptext\en\Content\Resources\Images\cue_dir_active_5.png 
1: {6501E546-28F5-4A0E-97E0-1CD914185417} 2: {9A2BB0CC-BEE0-4C93-A4DE-63D253B615C9} 3: C:\ProgramData\ETC\HogPC\helptext\en\Content\Resources\Images\cue_dir_active_5_360x238.png 
1: {6501E546-28F5-4A0E-97E0-1CD914185417} 2: {75FADF2E-BE9D-4D15-871A-757CE6228999} 3: C:\ProgramData\ETC\HogPC\helptext\en\Content\Resources\Images\cue_editor5.png 
1: {6501E546-28F5-4A0E-97E0-1CD914185417} 2: {A8095743-4759-46E4-8AF0-232F924F36F8} 3: C:\ProgramData\ETC\HogPC\helptext\en\Content\Resources\Images\cue_editor5_960x264.png 
1: {6501E546-28F5-4A0E-97E0-1CD914185417} 2: {951B9B8D-B9E2-4999-89AC-465AFE8921EF} 3: C:\ProgramData\ETC\HogPC\helptext\en\Content\Resources\Images\cue_editor_times5.png 
1: {6501E546-28F5-4A0E-97E0-1CD914185417} 2: {DC17F814-A521-49CB-B368-2E07E595D241} 3: C:\ProgramData\ETC\HogPC\helptext\en\Content\Resources\Images\cue_editor_times5_960x438.png 
1: {6501E546-28F5-4A0E-97E0-1CD914185417} 2: {900B6113-C7FB-42AA-AB90-2A7AC49E9D88} 3: C:\ProgramData\ETC\HogPC\helptext\en\Content\Resources\Images\cue_list_clock_trig5.png 
1: {6501E546-28F5-4A0E-97E0-1CD914185417} 2: {13D42B28-AB3B-47F0-A3A4-801D45666A1E} 3: C:\ProgramData\ETC\HogPC\helptext\en\Content\Resources\Images\cue_list_clock_trig5_960x295.png 
1: {6501E546-28F5-4A0E-97E0-1CD914185417} 2: {E21BD5B1-0D53-4C94-B091-CCCF816268AD} 3: C:\ProgramData\ETC\HogPC\helptext\en\Content\Resources\Images\cue_list_clock_trig_button5.png 
1: {6501E546-28F5-4A0E-97E0-1CD914185417} 2: {EE389EA7-7C36-402F-ADD4-E6B96D0BF780} 3: C:\ProgramData\ETC\HogPC\helptext\en\Content\Resources\Images\cue_mark_button5.png 
1: {6501E546-28F5-4A0E-97E0-1CD914185417} 2: {30E5FF69-9BE2-475E-BF5B-17AB6C645905} 3: C:\ProgramData\ETC\HogPC\helptext\en\Content\Resources\Images\cue_mark_cuelist_opt5.png 
1: {6501E546-28F5-4A0E-97E0-1CD914185417} 2: {91F6FB94-DFD7-435A-AC39-8E56BB7C6E59} 3: C:\ProgramData\ETC\HogPC\helptext\en\Content\Resources\Images\cue_mark_keypad5.png 
1: {6501E546-28F5-4A0E-97E0-1CD914185417} 2: {F8D44603-10A1-4D27-BD95-5D08B3880487} 3: C:\ProgramData\ETC\HogPC\helptext\en\Content\Resources\Images\cue_mark_keypad5_960x321.png 
1: {6501E546-28F5-4A0E-97E0-1CD914185417} 2: {0B5DBE93-896B-476F-84FA-C1B54B70B051} 3: C:\ProgramData\ETC\HogPC\helptext\en\Content\Resources\Images\current_page_en.png 
1: {6501E546-28F5-4A0E-97E0-1CD914185417} 2: {B6E44871-5910-4C0D-822A-FFE05F8EA72E} 3: C:\ProgramData\ETC\HogPC\helptext\en\Content\Resources\Images\damped.png 
1: {6501E546-28F5-4A0E-97E0-1CD914185417} 2: {F4BC64C5-9CC3-4C47-89EB-D11567D50B81} 3: C:\ProgramData\ETC\HogPC\helptext\en\Content\Resources\Images\dashboard_on_pc_toggle.png 
1: {6501E546-28F5-4A0E-97E0-1CD914185417} 2: {4D59DCCD-3AF6-41E0-A089-721050BD8BA4} 3: C:\ProgramData\ETC\HogPC\helptext\en\Content\Resources\Images\dashboard_on_pc_toggle_360x621.png 
1: {6501E546-28F5-4A0E-97E0-1CD914185417} 2: {A23CDF8B-B675-4C98-9313-9DBCCB7F7CB1} 3: C:\ProgramData\ETC\HogPC\helptext\en\Content\Resources\Images\dip_sw.png 
1: {6501E546-28F5-4A0E-97E0-1CD914185417} 2: {248663D8-1078-483B-9127-364291A29E38} 3: C:\ProgramData\ETC\HogPC\helptext\en\Content\Resources\Images\dip_sw_360x458.png 
1: {6501E546-28F5-4A0E-97E0-1CD914185417} 2: {93DEB53F-68F2-445C-BDFE-2FD77664F91B} 3: C:\ProgramData\ETC\HogPC\helptext\en\Content\Resources\Images\direct.png 
1: {6501E546-28F5-4A0E-97E0-1CD914185417} 2: {A67EC849-2A39-4179-BE76-B4FC08D4085A} 3: C:\ProgramData\ETC\HogPC\helptext\en\Content\Resources\Images\dir_item_clr5.png 
1: {6501E546-28F5-4A0E-97E0-1CD914185417} 2: {1798A0CB-1EBC-45FB-9A95-82CB3E947337} 3: C:\ProgramData\ETC\HogPC\helptext\en\Content\Resources\Images\dir_kind_mask5.png 
1: {6501E546-28F5-4A0E-97E0-1CD914185417} 2: {35BA30E4-B8E6-43DB-900D-1AA98EF757BE} 3: C:\ProgramData\ETC\HogPC\helptext\en\Content\Resources\Images\dir_kind_mask5_600x707.png 
1: {6501E546-28F5-4A0E-97E0-1CD914185417} 2: {6F74F879-CD43-433B-8FCC-ECCBD0B0A9BF} 3: C:\ProgramData\ETC\HogPC\helptext\en\Content\Resources\Images\dir_kind_mask_leg5.png 
1: {6501E546-28F5-4A0E-97E0-1CD914185417} 2: {F178225F-6018-41FE-B1FE-6F73E3C361CB} 3: C:\ProgramData\ETC\HogPC\helptext\en\Content\Resources\Images\dir_lock.png 
1: {6501E546-28F5-4A0E-97E0-1CD914185417} 2: {F2099213-E337-4BAB-875A-7A453A75AFA4} 3: C:\ProgramData\ETC\HogPC\helptext\en\Content\Resources\Images\dir_lock_360x423.png 
1: {6501E546-28F5-4A0E-97E0-1CD914185417} 2: {41153E95-F406-4E99-A295-928DA0A0DD46} 3: C:\ProgramData\ETC\HogPC\helptext\en\Content\Resources\Images\dmx_output.png 
1: {6501E546-28F5-4A0E-97E0-1CD914185417} 2: {A3F2DCA9-6CE0-49EC-BC3C-E516BFF8E258} 3: C:\ProgramData\ETC\HogPC\helptext\en\Content\Resources\Images\dmx_superduperwidget.png 
1: {6501E546-28F5-4A0E-97E0-1CD914185417} 2: {1F91971C-E5E4-4781-8E20-13D15C44B01C} 3: C:\ProgramData\ETC\HogPC\helptext\en\Content\Resources\Images\dmx_superduperwidget_402x73.png 
1: {6501E546-28F5-4A0E-97E0-1CD914185417} 2: {CD75FD93-DB38-4442-9727-53B8326D2BC0} 3: C:\ProgramData\ETC\HogPC\helptext\en\Content\Resources\Images\dmx_superwidget.png 
1: {6501E546-28F5-4A0E-97E0-1CD914185417} 2: {699B83E3-6024-4154-BA64-65C13A258BC9} 3: C:\ProgramData\ETC\HogPC\helptext\en\Content\Resources\Images\dmx_superwidget_320x113.png 
1: {6501E546-28F5-4A0E-97E0-1CD914185417} 2: {0634816B-30E5-4082-A464-57F7AD86E74D} 3: C:\ProgramData\ETC\HogPC\helptext\en\Content\Resources\Images\dmx_widget.png 
1: {6501E546-28F5-4A0E-97E0-1CD914185417} 2: {B06CDB2B-7333-4FED-B286-E537585EB621} 3: C:\ProgramData\ETC\HogPC\helptext\en\Content\Resources\Images\dmx_widget_116x108.png 
1: {6501E546-28F5-4A0E-97E0-1CD914185417} 2: {60286D5F-A844-4314-AD1E-5204CD0A193F} 3: C:\ProgramData\ETC\HogPC\helptext\en\Content\Resources\Images\dotusernumselect1.png 
1: {6501E546-28F5-4A0E-97E0-1CD914185417} 2: {FAF97E0E-72E1-4A3A-A965-8659D8D4CEE2} 3: C:\ProgramData\ETC\HogPC\helptext\en\Content\Resources\Images\dotusernumselect2.png 
1: {6501E546-28F5-4A0E-97E0-1CD914185417} 2: {1BFC6659-CC27-439C-BA3C-8726B3955187} 3: C:\ProgramData\ETC\HogPC\helptext\en\Content\Resources\Images\dotusernumselect3.png 
1: {6501E546-28F5-4A0E-97E0-1CD914185417} 2: {B551B5ED-840D-4D3A-85A3-A833F1864430} 3: C:\ProgramData\ETC\HogPC\helptext\en\Content\Resources\Images\dotusernumselect4.png 
1: {6501E546-28F5-4A0E-97E0-1CD914185417} 2: {76D47514-3EE1-490B-A47A-A1474B4814D7} 3: C:\ProgramData\ETC\HogPC\helptext\en\Content\Resources\Images\dotusernumselect4_427x703.png 
1: {6501E546-28F5-4A0E-97E0-1CD914185417} 2: {594EF49B-2066-478C-A6AB-CAF17CEC0A69} 3: C:\ProgramData\ETC\HogPC\helptext\en\Content\Resources\Images\earth_symbol_ring.png 
1: {6501E546-28F5-4A0E-97E0-1CD914185417} 2: {F11D34DD-8D0A-4D25-8B44-2F3BDB2FB5CC} 3: C:\ProgramData\ETC\HogPC\helptext\en\Content\Resources\Images\edit5.png 
1: {6501E546-28F5-4A0E-97E0-1CD914185417} 2: {E0BBB15C-F5E1-442D-9EE2-F34D11A8DD53} 3: C:\ProgramData\ETC\HogPC\helptext\en\Content\Resources\Images\edit_fix5.png 
1: {6501E546-28F5-4A0E-97E0-1CD914185417} 2: {24B1B8E8-CCEC-4F0C-9D48-8D6BA26F28DA} 3: C:\ProgramData\ETC\HogPC\helptext\en\Content\Resources\Images\edit_fix5_960x857.png 
1: {6501E546-28F5-4A0E-97E0-1CD914185417} 2: {3977F60E-091D-4DD7-AE91-A37715D5435E} 3: C:\ProgramData\ETC\HogPC\helptext\en\Content\Resources\Images\edit_sort_func5.png 
1: {6501E546-28F5-4A0E-97E0-1CD914185417} 2: {5DFDFDC7-D16E-43D4-BA0B-E385393DA0A0} 3: C:\ProgramData\ETC\HogPC\helptext\en\Content\Resources\Images\effect_directory5.png 
1: {6501E546-28F5-4A0E-97E0-1CD914185417} 2: {54395391-10B6-4233-AF28-9BF2CCD78FA5} 3: C:\ProgramData\ETC\HogPC\helptext\en\Content\Resources\Images\effect_directory5_960x551.png 
1: {6501E546-28F5-4A0E-97E0-1CD914185417} 2: {BA2674FB-36F9-4F25-8A1A-A03F7D6C4219} 3: C:\ProgramData\ETC\HogPC\helptext\en\Content\Resources\Images\effect_engine5.png 
1: {6501E546-28F5-4A0E-97E0-1CD914185417} 2: {7CFB572B-3F20-456D-8139-E9A60684266D} 3: C:\ProgramData\ETC\HogPC\helptext\en\Content\Resources\Images\effect_engine5_960x361.png 
1: {6501E546-28F5-4A0E-97E0-1CD914185417} 2: {EBCC66B4-7FC0-4E68-B086-1ABF8D8018BF} 3: C:\ProgramData\ETC\HogPC\helptext\en\Content\Resources\Images\effect_table.png 
1: {6501E546-28F5-4A0E-97E0-1CD914185417} 2: {1A74E4F2-7924-4249-9227-76E76DEFF302} 3: C:\ProgramData\ETC\HogPC\helptext\en\Content\Resources\Images\effect_timing_en.png 
1: {6501E546-28F5-4A0E-97E0-1CD914185417} 2: {6631ED30-0666-47C5-A412-C58CC25E4FA8} 3: C:\ProgramData\ETC\HogPC\helptext\en\Content\Resources\Images\end.png 
1: {6501E546-28F5-4A0E-97E0-1CD914185417} 2: {ABF66BE0-5DA8-4451-9E9D-CD988E0C104A} 3: C:\ProgramData\ETC\HogPC\helptext\en\Content\Resources\Images\fade_changes5.png 
1: {6501E546-28F5-4A0E-97E0-1CD914185417} 2: {5C81B2FA-A759-4683-ADA7-B40EDCBE8ED0} 3: C:\ProgramData\ETC\HogPC\helptext\en\Content\Resources\Images\fade_mark_active5.png 
1: {6501E546-28F5-4A0E-97E0-1CD914185417} 2: {8ABCB2F8-9688-49AE-9364-3122BEF7306B} 3: C:\ProgramData\ETC\HogPC\helptext\en\Content\Resources\Images\fade_mark_active5_960x305.png 
1: {6501E546-28F5-4A0E-97E0-1CD914185417} 2: {B91F032F-ED1E-4A76-B5D9-C9FFC304D0B9} 3: C:\ProgramData\ETC\HogPC\helptext\en\Content\Resources\Images\fade_mark_comp5.png 
1: {6501E546-28F5-4A0E-97E0-1CD914185417} 2: {A56627FD-4A47-4115-AD56-886DF7EF902A} 3: C:\ProgramData\ETC\HogPC\helptext\en\Content\Resources\Images\fade_mark_comp5_960x305.png 
1: {6501E546-28F5-4A0E-97E0-1CD914185417} 2: {C4BBED3A-BA10-46A6-A2F9-1598552C5221} 3: C:\ProgramData\ETC\HogPC\helptext\en\Content\Resources\Images\fade_mark_start5.png 
1: {6501E546-28F5-4A0E-97E0-1CD914185417} 2: {872F9B1D-55E4-4A1B-A73C-9BADC3A3A7C6} 3: C:\ProgramData\ETC\HogPC\helptext\en\Content\Resources\Images\fade_mark_start5_960x305.png 
1: {6501E546-28F5-4A0E-97E0-1CD914185417} 2: {38256143-2525-480B-B0C8-43E31363C373} 3: C:\ProgramData\ETC\HogPC\helptext\en\Content\Resources\Images\fanned_timings5.png 
1: {6501E546-28F5-4A0E-97E0-1CD914185417} 2: {DF33BC36-97E1-4388-BCAF-54AE01C07C96} 3: C:\ProgramData\ETC\HogPC\helptext\en\Content\Resources\Images\fanned_timings5_960x448.png 
1: {6501E546-28F5-4A0E-97E0-1CD914185417} 2: {D7F5E83E-B547-4B10-8596-9E7BBC6ABEAA} 3: C:\ProgramData\ETC\HogPC\helptext\en\Content\Resources\Images\fan_ex_1_5.png 
1: {6501E546-28F5-4A0E-97E0-1CD914185417} 2: {F3D9BCD9-82A0-4ECA-BAB7-2E8F8AB22F4A} 3: C:\ProgramData\ETC\HogPC\helptext\en\Content\Resources\Images\fan_ex_2_5.png.png 
1: {6501E546-28F5-4A0E-97E0-1CD914185417} 2: {0D8D09F8-D03F-4080-96E2-14AC251205D4} 3: C:\ProgramData\ETC\HogPC\helptext\en\Content\Resources\Images\fan_toolbar_5.png 
1: {6501E546-28F5-4A0E-97E0-1CD914185417} 2: {E6C865BA-53C8-4097-AF04-55716463DB38} 3: C:\ProgramData\ETC\HogPC\helptext\en\Content\Resources\Images\fbt_ch10_11_5.png 
1: {6501E546-28F5-4A0E-97E0-1CD914185417} 2: {E16A87D4-CAE4-4799-90A8-9C245BF2FA03} 3: C:\ProgramData\ETC\HogPC\helptext\en\Content\Resources\Images\fbt_ch10_5.png 
1: {6501E546-28F5-4A0E-97E0-1CD914185417} 2: {66D5C97B-BF0C-496B-92E8-A1E325BCDD68} 3: C:\ProgramData\ETC\HogPC\helptext\en\Content\Resources\Images\fbt_ch15_5.png 
1: {6501E546-28F5-4A0E-97E0-1CD914185417} 2: {6E733078-4A29-41B5-8C0D-B236CD686743} 3: C:\ProgramData\ETC\HogPC\helptext\en\Content\Resources\Images\fbt_ch5_5.png 
1: {6501E546-28F5-4A0E-97E0-1CD914185417} 2: {F9326CE7-CD70-4602-A710-12AD4324E83F} 3: C:\ProgramData\ETC\HogPC\helptext\en\Content\Resources\Images\fbt_summary_5.png 
1: {6501E546-28F5-4A0E-97E0-1CD914185417} 2: {09E5DA7A-676D-4966-AD72-D5A0CCE38E85} 3: C:\ProgramData\ETC\HogPC\helptext\en\Content\Resources\Images\fbt_summary_5_960x574.png 
1: {6501E546-28F5-4A0E-97E0-1CD914185417} 2: {A52F4C89-2A7C-48D3-8790-C5D8E0E6F2CD} 3: C:\ProgramData\ETC\HogPC\helptext\en\Content\Resources\Images\fb_advanced_clone.png 
1: {6501E546-28F5-4A0E-97E0-1CD914185417} 2: {C8E40BA1-3900-44EB-AAA0-6ABF5E7E776F} 3: C:\ProgramData\ETC\HogPC\helptext\en\Content\Resources\Images\fb_advanced_clone_960x567.png 
1: {6501E546-28F5-4A0E-97E0-1CD914185417} 2: {B2AF089D-AFB8-4ECE-AF25-0B9BA825F9D2} 3: C:\ProgramData\ETC\HogPC\helptext\en\Content\Resources\Images\fb_advanced_diagram_5.png 
1: {6501E546-28F5-4A0E-97E0-1CD914185417} 2: {DF8826A8-4022-4626-BB38-FBB0142AC083} 3: C:\ProgramData\ETC\HogPC\helptext\en\Content\Resources\Images\fb_advanced_diagram_5_960x406.png 
1: {6501E546-28F5-4A0E-97E0-1CD914185417} 2: {B6973CF6-0B0C-44EA-80BA-141F445EA161} 3: C:\ProgramData\ETC\HogPC\helptext\en\Content\Resources\Images\fb_basic_diagram_5.png 
1: {6501E546-28F5-4A0E-97E0-1CD914185417} 2: {388B1E63-2A65-4A37-B609-FDB2287552BA} 3: C:\ProgramData\ETC\HogPC\helptext\en\Content\Resources\Images\fb_basic_template_5.png 
1: {6501E546-28F5-4A0E-97E0-1CD914185417} 2: {6DA35534-C47D-4944-AAFD-E8BED06C5D6D} 3: C:\ProgramData\ETC\HogPC\helptext\en\Content\Resources\Images\FB_CSP_133_5.png 
1: {6501E546-28F5-4A0E-97E0-1CD914185417} 2: {7624C2C8-2B32-47C7-ACAC-9009EB1FADE4} 3: C:\ProgramData\ETC\HogPC\helptext\en\Content\Resources\Images\FB_CSP_1_5.png 
1: {6501E546-28F5-4A0E-97E0-1CD914185417} 2: {A28536F4-22F1-4553-B14D-E55630EBAC7C} 3: C:\ProgramData\ETC\HogPC\helptext\en\Content\Resources\Images\FB_CSP_1_5_600x246.png 
1: {6501E546-28F5-4A0E-97E0-1CD914185417} 2: {6826FA8A-E9F8-4227-8443-5E01CD216471} 3: C:\ProgramData\ETC\HogPC\helptext\en\Content\Resources\Images\FB_CSP_2_5.png 
1: {6501E546-28F5-4A0E-97E0-1CD914185417} 2: {E2A5EC8E-5324-4FBB-9DF4-44F7F558C929} 3: C:\ProgramData\ETC\HogPC\helptext\en\Content\Resources\Images\FB_CSP_3_5.png 
1: {6501E546-28F5-4A0E-97E0-1CD914185417} 2: {A9B84555-F5DA-469A-884F-5FDB884CC83B} 3: C:\ProgramData\ETC\HogPC\helptext\en\Content\Resources\Images\FB_CSP_3_5_600x531.png 
1: {6501E546-28F5-4A0E-97E0-1CD914185417} 2: {863C447D-EABE-4F5A-BA53-CE5208412083} 3: C:\ProgramData\ETC\HogPC\helptext\en\Content\Resources\Images\FB_CSP_4_5.png 
1: {6501E546-28F5-4A0E-97E0-1CD914185417} 2: {DBF91161-06E4-488F-AA83-892D7DF5D98B} 3: C:\ProgramData\ETC\HogPC\helptext\en\Content\Resources\Images\FB_CSP_4_5_600x530.png 
1: {6501E546-28F5-4A0E-97E0-1CD914185417} 2: {6861E693-5FAF-4856-98D5-FDF0B250A546} 3: C:\ProgramData\ETC\HogPC\helptext\en\Content\Resources\Images\FB_CSP_5_add_5.png 
1: {6501E546-28F5-4A0E-97E0-1CD914185417} 2: {36B08049-2382-4A9E-A7F7-24D57D262710} 3: C:\ProgramData\ETC\HogPC\helptext\en\Content\Resources\Images\FB_CSP_5_add_5_600x564.png 
1: {6501E546-28F5-4A0E-97E0-1CD914185417} 2: {47EFA7F5-A669-4B34-B5E7-F8A6C923E4B0} 3: C:\ProgramData\ETC\HogPC\helptext\en\Content\Resources\Images\FB_CSP_5_RGBL_5.png 
1: {6501E546-28F5-4A0E-97E0-1CD914185417} 2: {8D6522AD-8AB5-4C4F-9F5D-BE028F47068E} 3: C:\ProgramData\ETC\HogPC\helptext\en\Content\Resources\Images\FB_CSP_5_RGBL_5_600x564.png 
1: {6501E546-28F5-4A0E-97E0-1CD914185417} 2: {D416E09A-AA85-4BEB-8928-04E7F9EE7236} 3: C:\ProgramData\ETC\HogPC\helptext\en\Content\Resources\Images\FB_CSP_6_SimpleStrobe_5.png 
1: {6501E546-28F5-4A0E-97E0-1CD914185417} 2: {BD9E49A2-9DF7-4158-9BC5-B7C82830FAB1} 3: C:\ProgramData\ETC\HogPC\helptext\en\Content\Resources\Images\FB_CSP_6_SimpleStrobe_5_600x563.png 
1: {6501E546-28F5-4A0E-97E0-1CD914185417} 2: {2A2F037D-368C-4060-A1AA-C6351647C6D8} 3: C:\ProgramData\ETC\HogPC\helptext\en\Content\Resources\Images\FB_CSP_Blue_5.png 
1: {6501E546-28F5-4A0E-97E0-1CD914185417} 2: {A714DFA4-0331-44E3-B463-C51CA14CB9D1} 3: C:\ProgramData\ETC\HogPC\helptext\en\Content\Resources\Images\FB_CSP_BuildSucess_5.png 
1: {6501E546-28F5-4A0E-97E0-1CD914185417} 2: {3967E3E0-736D-4D99-A675-1EA533B2CE73} 3: C:\ProgramData\ETC\HogPC\helptext\en\Content\Resources\Images\FB_CSP_BuildType_5.png 
1: {6501E546-28F5-4A0E-97E0-1CD914185417} 2: {E553E857-6E1B-4519-82D9-6817727EC338} 3: C:\ProgramData\ETC\HogPC\helptext\en\Content\Resources\Images\FB_CSP_BuildType_5_600x565.png 
1: {6501E546-28F5-4A0E-97E0-1CD914185417} 2: {58EF18AB-3F14-437F-942A-E478CA4B3BA4} 3: C:\ProgramData\ETC\HogPC\helptext\en\Content\Resources\Images\FB_CSP_Protocol.png 
1: {6501E546-28F5-4A0E-97E0-1CD914185417} 2: {4D59C293-7BCA-451C-B5EB-C5BF533333B4} 3: C:\ProgramData\ETC\HogPC\helptext\en\Content\Resources\Images\FB_CSP_Protocol_600x362.png 
1: {6501E546-28F5-4A0E-97E0-1CD914185417} 2: {31DE35A8-7809-47D6-AA97-FFC760CC50A2} 3: C:\ProgramData\ETC\HogPC\helptext\en\Content\Resources\Images\fb_mid10_5.png 
1: {6501E546-28F5-4A0E-97E0-1CD914185417} 2: {C83DDE97-5F5D-45C0-84B7-C3652530EEFF} 3: C:\ProgramData\ETC\HogPC\helptext\en\Content\Resources\Images\fb_mid11_5.png 
1: {6501E546-28F5-4A0E-97E0-1CD914185417} 2: {4DAA35F1-2782-46E3-856C-13FCF8E085AE} 3: C:\ProgramData\ETC\HogPC\helptext\en\Content\Resources\Images\fb_mid11_5_960x611.png 
1: {6501E546-28F5-4A0E-97E0-1CD914185417} 2: {0BF1276C-9C54-4323-8832-D10C05B375BB} 3: C:\ProgramData\ETC\HogPC\helptext\en\Content\Resources\Images\fb_mid12_5.png 
1: {6501E546-28F5-4A0E-97E0-1CD914185417} 2: {FFCDE20B-DC55-4CE5-B758-E3CD65915559} 3: C:\ProgramData\ETC\HogPC\helptext\en\Content\Resources\Images\fb_mid12_5_960x610.png 
1: {6501E546-28F5-4A0E-97E0-1CD914185417} 2: {22C59BDC-132B-40FA-9A0A-18CF9FC6E533} 3: C:\ProgramData\ETC\HogPC\helptext\en\Content\Resources\Images\fb_mid13_5.png 
1: {6501E546-28F5-4A0E-97E0-1CD914185417} 2: {C868D8BE-DB8B-4676-BD77-FE543ECB4CE6} 3: C:\ProgramData\ETC\HogPC\helptext\en\Content\Resources\Images\fb_mid13_5_960x610.png 
1: {6501E546-28F5-4A0E-97E0-1CD914185417} 2: {0D26A17F-99E9-4FC1-B561-610F71BB6CD3} 3: C:\ProgramData\ETC\HogPC\helptext\en\Content\Resources\Images\fb_mid14_5.png 
1: {6501E546-28F5-4A0E-97E0-1CD914185417} 2: {E302D7D3-C7FE-4822-A8E8-123800B7FD71} 3: C:\ProgramData\ETC\HogPC\helptext\en\Content\Resources\Images\fb_mid14_5_960x609.png 
1: {6501E546-28F5-4A0E-97E0-1CD914185417} 2: {5ABCD596-54C7-4670-A065-E0B533C7822E} 3: C:\ProgramData\ETC\HogPC\helptext\en\Content\Resources\Images\fb_mid15_5.png 
1: {6501E546-28F5-4A0E-97E0-1CD914185417} 2: {804C49FB-DB45-431E-86BE-790DB5186E08} 3: C:\ProgramData\ETC\HogPC\helptext\en\Content\Resources\Images\fb_mid15_5_960x768.png 
1: {6501E546-28F5-4A0E-97E0-1CD914185417} 2: {7C0D179A-79A5-4554-8F00-82F767AD9C84} 3: C:\ProgramData\ETC\HogPC\helptext\en\Content\Resources\Images\fb_mid16_5.png 
1: {6501E546-28F5-4A0E-97E0-1CD914185417} 2: {BF7D0937-7875-4D45-AD93-3E624AAD0771} 3: C:\ProgramData\ETC\HogPC\helptext\en\Content\Resources\Images\fb_mid16_5_960x769.png 
1: {6501E546-28F5-4A0E-97E0-1CD914185417} 2: {2D237A6A-3AD6-4E81-A49D-B8D9DBE65C9C} 3: C:\ProgramData\ETC\HogPC\helptext\en\Content\Resources\Images\fb_mid17_5.png 
1: {6501E546-28F5-4A0E-97E0-1CD914185417} 2: {B34462A7-2D52-4284-9FBC-E54A630AFAAF} 3: C:\ProgramData\ETC\HogPC\helptext\en\Content\Resources\Images\fb_mid17_5_960x770.png 
1: {6501E546-28F5-4A0E-97E0-1CD914185417} 2: {CF12C0E5-4245-4669-B03F-4E7CC85F7A25} 3: C:\ProgramData\ETC\HogPC\helptext\en\Content\Resources\Images\fb_mid18_5.png 
1: {6501E546-28F5-4A0E-97E0-1CD914185417} 2: {4E0983CF-EDBA-4F8E-BFA0-DF12C59FCEF8} 3: C:\ProgramData\ETC\HogPC\helptext\en\Content\Resources\Images\fb_mid18_5_960x769.png 
1: {6501E546-28F5-4A0E-97E0-1CD914185417} 2: {54283275-D1B1-4ADC-BAA7-ED18E48091BC} 3: C:\ProgramData\ETC\HogPC\helptext\en\Content\Resources\Images\fb_mid19_5.png 
1: {6501E546-28F5-4A0E-97E0-1CD914185417} 2: {DB90103B-0D94-4A29-A420-C9E086024EFA} 3: C:\ProgramData\ETC\HogPC\helptext\en\Content\Resources\Images\fb_mid19_5_960x769.png 
1: {6501E546-28F5-4A0E-97E0-1CD914185417} 2: {7D7E8AA4-B0D9-40A5-BC4A-FBE5BD6869FB} 3: C:\ProgramData\ETC\HogPC\helptext\en\Content\Resources\Images\fb_mid1_5.png 
1: {6501E546-28F5-4A0E-97E0-1CD914185417} 2: {ABE7811F-FFE6-4003-848E-D5B78220E91A} 3: C:\ProgramData\ETC\HogPC\helptext\en\Content\Resources\Images\fb_mid1_5_960x393.png 
1: {6501E546-28F5-4A0E-97E0-1CD914185417} 2: {E0D77E52-475B-4DF5-B54B-0C6342BA5C17} 3: C:\ProgramData\ETC\HogPC\helptext\en\Content\Resources\Images\fb_mid20_5.png 
1: {6501E546-28F5-4A0E-97E0-1CD914185417} 2: {CEBEA3AB-CB9F-41C0-B484-8D0520A79A67} 3: C:\ProgramData\ETC\HogPC\helptext\en\Content\Resources\Images\fb_mid20_5_960x574.png 
1: {6501E546-28F5-4A0E-97E0-1CD914185417} 2: {63949A1B-BAF0-4EFB-9302-6010DEB0DF20} 3: C:\ProgramData\ETC\HogPC\helptext\en\Content\Resources\Images\fb_mid21_5.png 
1: {6501E546-28F5-4A0E-97E0-1CD914185417} 2: {878234A9-A9B0-4387-AF2D-8B75BCAD1B42} 3: C:\ProgramData\ETC\HogPC\helptext\en\Content\Resources\Images\fb_mid21_5_960x575.png 
1: {6501E546-28F5-4A0E-97E0-1CD914185417} 2: {F255C6FC-7595-4480-A821-D7B207B40455} 3: C:\ProgramData\ETC\HogPC\helptext\en\Content\Resources\Images\fb_mid22_5.png 
1: {6501E546-28F5-4A0E-97E0-1CD914185417} 2: {A879F705-1D1A-4610-BC44-D7AD8B4A9C8E} 3: C:\ProgramData\ETC\HogPC\helptext\en\Content\Resources\Images\fb_mid22_5_960x575.png 
1: {6501E546-28F5-4A0E-97E0-1CD914185417} 2: {90AB48D7-63AC-4FE2-A4C9-DDFD0EA6F753} 3: C:\ProgramData\ETC\HogPC\helptext\en\Content\Resources\Images\fb_mid2_5.png 
1: {6501E546-28F5-4A0E-97E0-1CD914185417} 2: {3348FBBF-4224-43D5-8C76-7B344ADF65F2} 3: C:\ProgramData\ETC\HogPC\helptext\en\Content\Resources\Images\fb_mid3_5.png 
1: {6501E546-28F5-4A0E-97E0-1CD914185417} 2: {77105BC8-A7CB-45C6-B35A-14FECD04E065} 3: C:\ProgramData\ETC\HogPC\helptext\en\Content\Resources\Images\fb_mid4_5.png 
1: {6501E546-28F5-4A0E-97E0-1CD914185417} 2: {930A383F-1AD3-4D30-9FC4-6CBC827055D6} 3: C:\ProgramData\ETC\HogPC\helptext\en\Content\Resources\Images\fb_mid5_5.png 
1: {6501E546-28F5-4A0E-97E0-1CD914185417} 2: {68C5E4F2-97CD-4C92-B87C-AC71F3435032} 3: C:\ProgramData\ETC\HogPC\helptext\en\Content\Resources\Images\fb_mid6_5.png 
1: {6501E546-28F5-4A0E-97E0-1CD914185417} 2: {C01B8C7C-556E-431F-B76C-D47293B3758D} 3: C:\ProgramData\ETC\HogPC\helptext\en\Content\Resources\Images\fb_mid7_5.png 
1: {6501E546-28F5-4A0E-97E0-1CD914185417} 2: {5161FA16-5FFF-482C-8723-F7629C84A9DB} 3: C:\ProgramData\ETC\HogPC\helptext\en\Content\Resources\Images\fb_mid8_5.png 
1: {6501E546-28F5-4A0E-97E0-1CD914185417} 2: {F69FB827-2C27-487D-8754-0519C989447E} 3: C:\ProgramData\ETC\HogPC\helptext\en\Content\Resources\Images\fb_mid9_5.png 
1: {6501E546-28F5-4A0E-97E0-1CD914185417} 2: {1FB36A38-E144-4A22-90EF-83D7F8361E74} 3: C:\ProgramData\ETC\HogPC\helptext\en\Content\Resources\Images\FB_Sum1_5.png 
1: {6501E546-28F5-4A0E-97E0-1CD914185417} 2: {B3100D35-BBC2-4500-BE09-E77D633376E3} 3: C:\ProgramData\ETC\HogPC\helptext\en\Content\Resources\Images\FB_Sum2_5.png 
1: {6501E546-28F5-4A0E-97E0-1CD914185417} 2: {834FCFE1-FFD2-4CD8-99D4-265CAF1FFDA9} 3: C:\ProgramData\ETC\HogPC\helptext\en\Content\Resources\Images\firmware_5.png 
1: {6501E546-28F5-4A0E-97E0-1CD914185417} 2: {204C8F6D-4C5B-47A2-920B-3B6315FBD7A6} 3: C:\ProgramData\ETC\HogPC\helptext\en\Content\Resources\Images\firmware_reset_keys.png 
1: {6501E546-28F5-4A0E-97E0-1CD914185417} 2: {50424DCC-8AA4-47C9-8E0C-D1DE76D2B7FA} 3: C:\ProgramData\ETC\HogPC\helptext\en\Content\Resources\Images\firmware_reset_keys_960x390.png 
1: {6501E546-28F5-4A0E-97E0-1CD914185417} 2: {C035828F-5013-415A-9EFB-DEABDDEDA7F7} 3: C:\ProgramData\ETC\HogPC\helptext\en\Content\Resources\Images\firmware_update_complete.png 
1: {6501E546-28F5-4A0E-97E0-1CD914185417} 2: {22F0FCC6-0541-41B7-9A8F-D255A38ED46B} 3: C:\ProgramData\ETC\HogPC\helptext\en\Content\Resources\Images\firmware_update_progress.png 
1: {6501E546-28F5-4A0E-97E0-1CD914185417} 2: {2E57963A-CCA8-4E6E-B2B5-FA6E32059E1F} 3: C:\ProgramData\ETC\HogPC\helptext\en\Content\Resources\Images\fixed_kinds5.png 
1: {6501E546-28F5-4A0E-97E0-1CD914185417} 2: {80AEA8A3-4629-4287-AD56-CD87C9395B56} 3: C:\ProgramData\ETC\HogPC\helptext\en\Content\Resources\Images\fixtures_w_multiple_patch_pts_en.png 
1: {6501E546-28F5-4A0E-97E0-1CD914185417} 2: {EB4472A4-E915-446C-869C-AF5D85DF8018} 3: C:\ProgramData\ETC\HogPC\helptext\en\Content\Resources\Images\fixture_tool_5.png 
1: {6501E546-28F5-4A0E-97E0-1CD914185417} 2: {0D0537B9-C43B-440A-9AB8-F6BD6F7A4A75} 3: C:\ProgramData\ETC\HogPC\helptext\en\Content\Resources\Images\fix_agg_ex5.png 
1: {6501E546-28F5-4A0E-97E0-1CD914185417} 2: {CB525893-6E21-4AAE-9391-29C2931B7BD6} 3: C:\ProgramData\ETC\HogPC\helptext\en\Content\Resources\Images\fix_comp5.png 
1: {6501E546-28F5-4A0E-97E0-1CD914185417} 2: {9FBB2D72-60D9-437A-B085-103FE8EA29AD} 3: C:\ProgramData\ETC\HogPC\helptext\en\Content\Resources\Images\fix_comp5_960x183.png 
1: {6501E546-28F5-4A0E-97E0-1CD914185417} 2: {DC0957E1-3FC4-4AEF-B526-62BFF0D70142} 3: C:\ProgramData\ETC\HogPC\helptext\en\Content\Resources\Images\fix_dotted_user_nums5.png 
1: {6501E546-28F5-4A0E-97E0-1CD914185417} 2: {D25B51B6-455E-422A-B955-F999ABCB447F} 3: C:\ProgramData\ETC\HogPC\helptext\en\Content\Resources\Images\fix_patch5.png 
1: {6501E546-28F5-4A0E-97E0-1CD914185417} 2: {5306F311-D11F-4379-9F2F-829736D1C6A9} 3: C:\ProgramData\ETC\HogPC\helptext\en\Content\Resources\Images\fix_type_tool_bar5.png 
1: {6501E546-28F5-4A0E-97E0-1CD914185417} 2: {3D88D855-0178-4CC5-B4BA-1B204F178D63} 3: C:\ProgramData\ETC\HogPC\helptext\en\Content\Resources\Images\fix_uniview5.png 
1: {6501E546-28F5-4A0E-97E0-1CD914185417} 2: {1457617E-E9D3-45E5-9174-00554B29BD85} 3: C:\ProgramData\ETC\HogPC\helptext\en\Content\Resources\Images\fix_uniview5_960x590.png 
1: {6501E546-28F5-4A0E-97E0-1CD914185417} 2: {AB15297D-800E-46DD-81E9-65BFAD2824D1} 3: C:\ProgramData\ETC\HogPC\helptext\en\Content\Resources\Images\fix_user_nums5.png 
1: {6501E546-28F5-4A0E-97E0-1CD914185417} 2: {F4AD1FBC-91D9-44A6-B026-6F7EDD9070D2} 3: C:\ProgramData\ETC\HogPC\helptext\en\Content\Resources\Images\fix_window_parked5.png 
1: {6501E546-28F5-4A0E-97E0-1CD914185417} 2: {07305E74-AB04-48CF-9FD0-7CB5EE897B71} 3: C:\ProgramData\ETC\HogPC\helptext\en\Content\Resources\Images\fix_window_parked5_960x143.png 
1: {6501E546-28F5-4A0E-97E0-1CD914185417} 2: {AF93D4AB-AAE8-4A4B-BE62-C1E3DB2B8906} 3: C:\ProgramData\ETC\HogPC\helptext\en\Content\Resources\Images\FlexHog_layout.png 
1: {6501E546-28F5-4A0E-97E0-1CD914185417} 2: {E4024FDD-808B-467D-890D-52100D48E804} 3: C:\ProgramData\ETC\HogPC\helptext\en\Content\Resources\Images\FlexHog_layout_960x302.png 
1: {6501E546-28F5-4A0E-97E0-1CD914185417} 2: {1145FE40-9390-46A2-8D1B-3FE424D991EA} 3: C:\ProgramData\ETC\HogPC\helptext\en\Content\Resources\Images\FP_CSP_254_5.png 
1: {6501E546-28F5-4A0E-97E0-1CD914185417} 2: {9BDE6477-9920-4524-9BAB-7757A95419BD} 3: C:\ProgramData\ETC\HogPC\helptext\en\Content\Resources\Images\front_panel_LH.png 
1: {6501E546-28F5-4A0E-97E0-1CD914185417} 2: {E1D5370E-D2B5-43FA-942D-B8A9223CC52D} 3: C:\ProgramData\ETC\HogPC\helptext\en\Content\Resources\Images\front_panel_RH.png 
1: {6501E546-28F5-4A0E-97E0-1CD914185417} 2: {DCA344FA-781F-42C1-8738-B4810EEE773D} 3: C:\ProgramData\ETC\HogPC\helptext\en\Content\Resources\Images\Full_V5_FP.png 
1: {6501E546-28F5-4A0E-97E0-1CD914185417} 2: {747FFEDA-BB6F-419F-9803-52C7E6C558B5} 3: C:\ProgramData\ETC\HogPC\helptext\en\Content\Resources\Images\Full_V5_FP_960x385.png 
1: {6501E546-28F5-4A0E-97E0-1CD914185417} 2: {5FD74A82-1A5E-434F-A07C-FA237F65A609} 3: C:\ProgramData\ETC\HogPC\helptext\en\Content\Resources\Images\fw_update.png 
1: {6501E546-28F5-4A0E-97E0-1CD914185417} 2: {D43100F8-FF40-4B48-8B8A-B13FA5469A24} 3: C:\ProgramData\ETC\HogPC\helptext\en\Content\Resources\Images\fw_update_600x400.png 
1: {6501E546-28F5-4A0E-97E0-1CD914185417} 2: {965AD73C-6CC3-4E58-8D64-5CDE89FD386E} 3: C:\ProgramData\ETC\HogPC\helptext\en\Content\Resources\Images\fx_active.png 
1: {6501E546-28F5-4A0E-97E0-1CD914185417} 2: {7C2A9C13-7985-4DA1-99EA-CE422E7D139D} 3: C:\ProgramData\ETC\HogPC\helptext\en\Content\Resources\Images\fx_offset.png 
1: {6501E546-28F5-4A0E-97E0-1CD914185417} 2: {FC0A50BF-F740-438A-AB8B-9D8CE415A518} 3: C:\ProgramData\ETC\HogPC\helptext\en\Content\Resources\Images\fx_rate_en.png 
1: {6501E546-28F5-4A0E-97E0-1CD914185417} 2: {D8BA32CA-22D3-4B22-847D-F34871D89292} 3: C:\ProgramData\ETC\HogPC\helptext\en\Content\Resources\Images\fx_size.png 
1: {6501E546-28F5-4A0E-97E0-1CD914185417} 2: {A7351B53-CDA0-49D8-BAE1-CE6334323F0D} 3: C:\ProgramData\ETC\HogPC\helptext\en\Content\Resources\Images\fx_timing_engine.png 
1: {6501E546-28F5-4A0E-97E0-1CD914185417} 2: {1C873894-B941-44DC-8FAA-3A1FA6818052} 3: C:\ProgramData\ETC\HogPC\helptext\en\Content\Resources\Images\gang_tool_5.png 
1: {6501E546-28F5-4A0E-97E0-1CD914185417} 2: {710AA2C2-18A5-43D0-ABF5-B0DF11D73224} 3: C:\ProgramData\ETC\HogPC\helptext\en\Content\Resources\Images\GH_frontpanel.png 
1: {6501E546-28F5-4A0E-97E0-1CD914185417} 2: {5B45B8B5-48CB-4CDB-BBCA-A90FC8CCDDCA} 3: C:\ProgramData\ETC\HogPC\helptext\en\Content\Resources\Images\GigHog_layout.png 
1: {6501E546-28F5-4A0E-97E0-1CD914185417} 2: {CAAD6588-5526-4B95-B428-61595A37985B} 3: C:\ProgramData\ETC\HogPC\helptext\en\Content\Resources\Images\GigHog_layout_960x326.png 
1: {6501E546-28F5-4A0E-97E0-1CD914185417} 2: {078ABE48-09CA-436A-8FF2-D8C5AE48890D} 3: C:\ProgramData\ETC\HogPC\helptext\en\Content\Resources\Images\groupings_buddy.png 
1: {6501E546-28F5-4A0E-97E0-1CD914185417} 2: {1E5EB929-D872-407D-AE7D-05AADF05CD93} 3: C:\ProgramData\ETC\HogPC\helptext\en\Content\Resources\Images\groupings_repeat.png 
1: {6501E546-28F5-4A0E-97E0-1CD914185417} 2: {04705C47-C931-4390-8111-6647AD4E4A4A} 3: C:\ProgramData\ETC\HogPC\helptext\en\Content\Resources\Images\grouping_toolbar_5.png 
1: {6501E546-28F5-4A0E-97E0-1CD914185417} 2: {6E429445-D89D-4D9E-98B1-90F451CA8ABD} 3: C:\ProgramData\ETC\HogPC\helptext\en\Content\Resources\Images\grouping_toolbar_5_960x74.png 
1: {6501E546-28F5-4A0E-97E0-1CD914185417} 2: {DE1D4CA9-C4DC-480B-9FC4-9F527E8B13F8} 3: C:\ProgramData\ETC\HogPC\helptext\en\Content\Resources\Images\group_master_levels.png 
1: {6501E546-28F5-4A0E-97E0-1CD914185417} 2: {335DC1C2-4AC4-4394-B42E-7571CE2F3F07} 3: C:\ProgramData\ETC\HogPC\helptext\en\Content\Resources\Images\grp_buddy_5.png 
1: {6501E546-28F5-4A0E-97E0-1CD914185417} 2: {8998DF3C-65EE-4827-9CB8-C59942A08EA7} 3: C:\ProgramData\ETC\HogPC\helptext\en\Content\Resources\Images\grp_repeat_5.png 
1: {6501E546-28F5-4A0E-97E0-1CD914185417} 2: {97C3A4D5-D62D-45A5-9404-7629296ADEC9} 3: C:\ProgramData\ETC\HogPC\helptext\en\Content\Resources\Images\guard.png 
1: {6501E546-28F5-4A0E-97E0-1CD914185417} 2: {165225ED-A8FF-41B3-AB75-2FF06A2A37AC} 3: C:\ProgramData\ETC\HogPC\helptext\en\Content\Resources\Images\HelpManualLogo.png 
1: {6501E546-28F5-4A0E-97E0-1CD914185417} 2: {71E7A316-512B-4EAA-86E2-4A45E27F7D43} 3: C:\ProgramData\ETC\HogPC\helptext\en\Content\Resources\Images\HelpManualLogo_600x419.png 
1: {6501E546-28F5-4A0E-97E0-1CD914185417} 2: {190CB5E4-6BE5-467C-9D91-BD5463C7C84F} 3: C:\ProgramData\ETC\HogPC\helptext\en\Content\Resources\Images\hh_upgrade2_5.png 
1: {6501E546-28F5-4A0E-97E0-1CD914185417} 2: {24B80A55-1276-4F26-AF56-7813B9A68174} 3: C:\ProgramData\ETC\HogPC\helptext\en\Content\Resources\Images\hh_upgrade3_5.png 
1: {6501E546-28F5-4A0E-97E0-1CD914185417} 2: {7830DF78-E320-4336-A591-7B73CE3183C2} 3: C:\ProgramData\ETC\HogPC\helptext\en\Content\Resources\Images\hh_upgrade4_5.png 
1: {6501E546-28F5-4A0E-97E0-1CD914185417} 2: {35A9B794-7D77-4B78-B209-CCDC0E38011A} 3: C:\ProgramData\ETC\HogPC\helptext\en\Content\Resources\Images\hh_upgrade5_5.png 
1: {6501E546-28F5-4A0E-97E0-1CD914185417} 2: {355F7136-9605-48D8-A428-E9873609921B} 3: C:\ProgramData\ETC\HogPC\helptext\en\Content\Resources\Images\highlight.png 
1: {6501E546-28F5-4A0E-97E0-1CD914185417} 2: {A09AF12A-6FB6-4373-9EB7-86F4FD00EA78} 3: C:\ProgramData\ETC\HogPC\helptext\en\Content\Resources\Images\HogNet_CustomDHCPServing.png 
1: {6501E546-28F5-4A0E-97E0-1CD914185417} 2: {024440DC-2CDB-45FA-8958-AE1DECF655A9} 3: C:\ProgramData\ETC\HogPC\helptext\en\Content\Resources\Images\HogNet_CustomDHCPServing_600x406.png 
1: {6501E546-28F5-4A0E-97E0-1CD914185417} 2: {5787F776-FC3E-4204-947A-06AA5240D37A} 3: C:\ProgramData\ETC\HogPC\helptext\en\Content\Resources\Images\HogNet_LinkState.png 
1: {6501E546-28F5-4A0E-97E0-1CD914185417} 2: {5A2F70AD-89A9-4537-9333-5794C7BCAB67} 3: C:\ProgramData\ETC\HogPC\helptext\en\Content\Resources\Images\HogNet_LinkState_960x649.png 
1: {6501E546-28F5-4A0E-97E0-1CD914185417} 2: {953E733B-F188-4816-8069-745F5204100E} 3: C:\ProgramData\ETC\HogPC\helptext\en\Content\Resources\Images\HogNet_NetworkAdapter.png 
1: {6501E546-28F5-4A0E-97E0-1CD914185417} 2: {EB2A6A9C-61D0-47DC-B9AB-B14C730B32CE} 3: C:\ProgramData\ETC\HogPC\helptext\en\Content\Resources\Images\HogNet_NetworkAdapter_960x649.png 
1: {6501E546-28F5-4A0E-97E0-1CD914185417} 2: {DDB63475-70CB-4CE0-9320-0537DECC64EE} 3: C:\ProgramData\ETC\HogPC\helptext\en\Content\Resources\Images\hog_start_5.png 
1: {6501E546-28F5-4A0E-97E0-1CD914185417} 2: {CCA7E4B6-F5AB-41F6-A721-96358386C444} 3: C:\ProgramData\ETC\HogPC\helptext\en\Content\Resources\Images\hog_start_5_600x245.png 
1: {6501E546-28F5-4A0E-97E0-1CD914185417} 2: {B62A6321-D93F-4DCF-A82C-29A8BFCC2F64} 3: C:\ProgramData\ETC\HogPC\helptext\en\Content\Resources\Images\HPC_1.png 
1: {6501E546-28F5-4A0E-97E0-1CD914185417} 2: {BC7C41FC-0620-4EC5-8A05-EC068B9CFE19} 3: C:\ProgramData\ETC\HogPC\helptext\en\Content\Resources\Images\HPC_1_600x466.png 
1: {6501E546-28F5-4A0E-97E0-1CD914185417} 2: {C364FB71-5AD6-49B2-AA45-5AB28E3E908F} 3: C:\ProgramData\ETC\HogPC\helptext\en\Content\Resources\Images\HPC_2.png 
1: {6501E546-28F5-4A0E-97E0-1CD914185417} 2: {B741336E-A253-4F4B-9503-6B0557B4F43D} 3: C:\ProgramData\ETC\HogPC\helptext\en\Content\Resources\Images\HPC_2_600x466.png 
1: {6501E546-28F5-4A0E-97E0-1CD914185417} 2: {7701925A-7987-4174-BFEB-427E2283AB9D} 3: C:\ProgramData\ETC\HogPC\helptext\en\Content\Resources\Images\HPC_3.png 
1: {6501E546-28F5-4A0E-97E0-1CD914185417} 2: {B57036AE-3202-4FDC-BE10-51909A716EF7} 3: C:\ProgramData\ETC\HogPC\helptext\en\Content\Resources\Images\HPC_3_600x466.png 
1: {6501E546-28F5-4A0E-97E0-1CD914185417} 2: {3F401C7E-4CC2-4B26-B478-D1C17BA82B1B} 3: C:\ProgramData\ETC\HogPC\helptext\en\Content\Resources\Images\HPC_4.png 
1: {6501E546-28F5-4A0E-97E0-1CD914185417} 2: {56BDA7C1-CDE3-4B64-9D4A-C847BF852C2A} 3: C:\ProgramData\ETC\HogPC\helptext\en\Content\Resources\Images\HPC_4_600x466.png 
1: {6501E546-28F5-4A0E-97E0-1CD914185417} 2: {26E366F4-D384-43FC-A0B1-9492FEFA98B6} 3: C:\ProgramData\ETC\HogPC\helptext\en\Content\Resources\Images\HPC_5.png 
1: {6501E546-28F5-4A0E-97E0-1CD914185417} 2: {0C149BE3-85BA-4B76-821B-C047571939FF} 3: C:\ProgramData\ETC\HogPC\helptext\en\Content\Resources\Images\HPC_5_600x466.png 
1: {6501E546-28F5-4A0E-97E0-1CD914185417} 2: {BFE42470-8E04-4FA0-B238-77847310455A} 3: C:\ProgramData\ETC\HogPC\helptext\en\Content\Resources\Images\h_touch1_5.png 
1: {6501E546-28F5-4A0E-97E0-1CD914185417} 2: {231AD21C-5894-4B5D-9852-6187C74E4CCD} 3: C:\ProgramData\ETC\HogPC\helptext\en\Content\Resources\Images\h_touch1_5_600x77.png 
1: {6501E546-28F5-4A0E-97E0-1CD914185417} 2: {A02F860B-0F32-4401-A444-CA54CD403C6A} 3: C:\ProgramData\ETC\HogPC\helptext\en\Content\Resources\Images\h_touch2_5.png 
1: {6501E546-28F5-4A0E-97E0-1CD914185417} 2: {2EAA7529-2DB8-496E-AA2E-3479174B87B0} 3: C:\ProgramData\ETC\HogPC\helptext\en\Content\Resources\Images\h_touch2_5_600x101.png 
1: {6501E546-28F5-4A0E-97E0-1CD914185417} 2: {5797C23F-CCC2-4F59-9749-62BE44863DCA} 3: C:\ProgramData\ETC\HogPC\helptext\en\Content\Resources\Images\indicator_chat.png 
1: {6501E546-28F5-4A0E-97E0-1CD914185417} 2: {AD04F4BE-8AB2-4D40-8BAA-11DFE6744395} 3: C:\ProgramData\ETC\HogPC\helptext\en\Content\Resources\Images\indicator_chat_39x39.png 
1: {6501E546-28F5-4A0E-97E0-1CD914185417} 2: {20845F96-BF5C-48BB-B2C5-C02F5D02684E} 3: C:\ProgramData\ETC\HogPC\helptext\en\Content\Resources\Images\indicator_chat_unread.png 
1: {6501E546-28F5-4A0E-97E0-1CD914185417} 2: {973B558B-077B-4329-BB45-4A1268FD9EC0} 3: C:\ProgramData\ETC\HogPC\helptext\en\Content\Resources\Images\indicator_chat_unread_38x38.png 
1: {6501E546-28F5-4A0E-97E0-1CD914185417} 2: {4403EACB-29CD-4931-A52E-EF32ABB0E1E1} 3: C:\ProgramData\ETC\HogPC\helptext\en\Content\Resources\Images\intens_dir_menu.png 
1: {6501E546-28F5-4A0E-97E0-1CD914185417} 2: {B1859196-2193-45CB-81B2-5AED168C9BA3} 3: C:\ProgramData\ETC\HogPC\helptext\en\Content\Resources\Images\intens_dir_menu_360x113.png 
1: {6501E546-28F5-4A0E-97E0-1CD914185417} 2: {90104FD9-9A21-484C-8117-9094DF4540BF} 3: C:\ProgramData\ETC\HogPC\helptext\en\Content\Resources\Images\intens_kind_editor5.png 
1: {6501E546-28F5-4A0E-97E0-1CD914185417} 2: {38ACF96D-4D4B-4D13-B448-B4E12C128940} 3: C:\ProgramData\ETC\HogPC\helptext\en\Content\Resources\Images\jump_toolbar5.png 
1: {6501E546-28F5-4A0E-97E0-1CD914185417} 2: {F83D2B04-4140-4466-ADC0-A90A4CECC74F} 3: C:\ProgramData\ETC\HogPC\helptext\en\Content\Resources\Images\jump_toolbar5_960x266.png 
1: {6501E546-28F5-4A0E-97E0-1CD914185417} 2: {C017E238-BD3E-44E9-84E7-5F331095D7CA} 3: C:\ProgramData\ETC\HogPC\helptext\en\Content\Resources\Images\kbrd_stat5.png 
1: {6501E546-28F5-4A0E-97E0-1CD914185417} 2: {6BF8210F-2E1B-4BF9-8842-633C989AC038} 3: C:\ProgramData\ETC\HogPC\helptext\en\Content\Resources\Images\keyboard5.png 
1: {6501E546-28F5-4A0E-97E0-1CD914185417} 2: {C9612248-EB7F-44A0-8B1F-F3F6D9D31136} 3: C:\ProgramData\ETC\HogPC\helptext\en\Content\Resources\Images\keyboard5_960x326.png 
1: {6501E546-28F5-4A0E-97E0-1CD914185417} 2: {A7901EDA-F658-449F-8310-0FB36E004C21} 3: C:\ProgramData\ETC\HogPC\helptext\en\Content\Resources\Images\Launcher_ControlPanel.png 
1: {6501E546-28F5-4A0E-97E0-1CD914185417} 2: {463F668C-8109-468E-9565-13620FF05DBE} 3: C:\ProgramData\ETC\HogPC\helptext\en\Content\Resources\Images\Launcher_ControlPanel_600x221.png 
1: {6501E546-28F5-4A0E-97E0-1CD914185417} 2: {CAA59C33-CE4A-4AA3-83EC-ED8B0D06B30E} 3: C:\ProgramData\ETC\HogPC\helptext\en\Content\Resources\Images\levels_view_5.png 
1: {6501E546-28F5-4A0E-97E0-1CD914185417} 2: {B4AA6E90-19F4-4132-BFDD-6C208C97F8D2} 3: C:\ProgramData\ETC\HogPC\helptext\en\Content\Resources\Images\linear.png 
1: {6501E546-28F5-4A0E-97E0-1CD914185417} 2: {48A56E74-9C74-4FE4-B710-D15551F6C889} 3: C:\ProgramData\ETC\HogPC\helptext\en\Content\Resources\Images\line_selection_tool5.png 
1: {6501E546-28F5-4A0E-97E0-1CD914185417} 2: {CD0AEADA-007D-4DB3-B309-F3423AB82ED2} 3: C:\ProgramData\ETC\HogPC\helptext\en\Content\Resources\Images\lock5.png 
1: {6501E546-28F5-4A0E-97E0-1CD914185417} 2: {079078FE-96E4-4D64-9C74-E193074620F7} 3: C:\ProgramData\ETC\HogPC\helptext\en\Content\Resources\Images\lock5_360x312.png 
1: {6501E546-28F5-4A0E-97E0-1CD914185417} 2: {33272168-17CD-4F2C-9486-01E4BEFAD85B} 3: C:\ProgramData\ETC\HogPC\helptext\en\Content\Resources\Images\loops_toolbar5.png 
1: {6501E546-28F5-4A0E-97E0-1CD914185417} 2: {0E20CE29-551E-4B85-8554-8F551EC93422} 3: C:\ProgramData\ETC\HogPC\helptext\en\Content\Resources\Images\loops_toolbar5_600x230.png 
1: {6501E546-28F5-4A0E-97E0-1CD914185417} 2: {118D4890-6B39-43E3-92BB-D050E5596DAA} 3: C:\ProgramData\ETC\HogPC\helptext\en\Content\Resources\Images\lowlight.png 
1: {6501E546-28F5-4A0E-97E0-1CD914185417} 2: {708FFE71-3456-4847-B6D2-380CA911650F} 3: C:\ProgramData\ETC\HogPC\helptext\en\Content\Resources\Images\macro_ok.png 
1: {6501E546-28F5-4A0E-97E0-1CD914185417} 2: {874A0E57-5849-40D0-8FE2-A821A33F951E} 3: C:\ProgramData\ETC\HogPC\helptext\en\Content\Resources\Images\macro_playing.png 
1: {6501E546-28F5-4A0E-97E0-1CD914185417} 2: {09F9A73C-0511-438B-B3E8-AC2E3021ABEC} 3: C:\ProgramData\ETC\HogPC\helptext\en\Content\Resources\Images\macro_recording.png 
1: {6501E546-28F5-4A0E-97E0-1CD914185417} 2: {7B886DB5-97CC-4D73-A072-6B5A212E8B87} 3: C:\ProgramData\ETC\HogPC\helptext\en\Content\Resources\Images\macro_window_5.png 
1: {6501E546-28F5-4A0E-97E0-1CD914185417} 2: {8C12A908-A0CF-4977-9FD4-1FB47F55E7BD} 3: C:\ProgramData\ETC\HogPC\helptext\en\Content\Resources\Images\macro_window_commands_5.png 
1: {6501E546-28F5-4A0E-97E0-1CD914185417} 2: {B9ADC0CC-21CC-494C-9561-8ADC9A7781F7} 3: C:\ProgramData\ETC\HogPC\helptext\en\Content\Resources\Images\macro_window_playcontrols_5.png 
1: {6501E546-28F5-4A0E-97E0-1CD914185417} 2: {572854B8-8311-454D-B304-D6AB33D7A5FF} 3: C:\ProgramData\ETC\HogPC\helptext\en\Content\Resources\Images\matching_levels_ch_page5.png 
1: {6501E546-28F5-4A0E-97E0-1CD914185417} 2: {0192DC18-C4A4-4ABB-8B09-425FA8D562D8} 3: C:\ProgramData\ETC\HogPC\helptext\en\Content\Resources\Images\media5.png 
1: {6501E546-28F5-4A0E-97E0-1CD914185417} 2: {561CDD06-1C2B-4794-9594-1CA51FDDDFA4} 3: C:\ProgramData\ETC\HogPC\helptext\en\Content\Resources\Images\media5_960x559.png 
1: {6501E546-28F5-4A0E-97E0-1CD914185417} 2: {61713BB4-2891-420A-ABD5-1088F428CDFD} 3: C:\ProgramData\ETC\HogPC\helptext\en\Content\Resources\Images\mediapicker5.png 
1: {6501E546-28F5-4A0E-97E0-1CD914185417} 2: {AB7C34B0-74B1-45AE-ABFA-B0C2854ADD8F} 3: C:\ProgramData\ETC\HogPC\helptext\en\Content\Resources\Images\mediapicker5_600x522.png 
1: {6501E546-28F5-4A0E-97E0-1CD914185417} 2: {CEEF54E9-C4E9-4411-BDF3-58CB6A80C14A} 3: C:\ProgramData\ETC\HogPC\helptext\en\Content\Resources\Images\merge_1.png 
1: {6501E546-28F5-4A0E-97E0-1CD914185417} 2: {9BA13FD3-0C60-4543-8DC6-8A4542FBC0CA} 3: C:\ProgramData\ETC\HogPC\helptext\en\Content\Resources\Images\merge_1_960x616.png 
1: {6501E546-28F5-4A0E-97E0-1CD914185417} 2: {BFAD195A-8C47-4CFC-9667-7A8FE6DAF284} 3: C:\ProgramData\ETC\HogPC\helptext\en\Content\Resources\Images\merge_2.png 
1: {6501E546-28F5-4A0E-97E0-1CD914185417} 2: {00285C21-FFE2-4123-92C9-CDC005121D62} 3: C:\ProgramData\ETC\HogPC\helptext\en\Content\Resources\Images\merge_2_960x655.png 
1: {6501E546-28F5-4A0E-97E0-1CD914185417} 2: {E81850A1-E231-4056-BC76-574FFFDEBAFE} 3: C:\ProgramData\ETC\HogPC\helptext\en\Content\Resources\Images\merge_3.png 
1: {6501E546-28F5-4A0E-97E0-1CD914185417} 2: {CA07E56A-E49F-4234-A2E9-7DA6FB8D76CD} 3: C:\ProgramData\ETC\HogPC\helptext\en\Content\Resources\Images\merge_3_960x655.png 
1: {6501E546-28F5-4A0E-97E0-1CD914185417} 2: {A7B7F36F-CC66-4D8A-B92F-A1488038DD8A} 3: C:\ProgramData\ETC\HogPC\helptext\en\Content\Resources\Images\merge_4.png 
1: {6501E546-28F5-4A0E-97E0-1CD914185417} 2: {6CBCA4E7-FA47-408C-AE6E-49BBD773B31D} 3: C:\ProgramData\ETC\HogPC\helptext\en\Content\Resources\Images\merge_4_960x655.png 
1: {6501E546-28F5-4A0E-97E0-1CD914185417} 2: {B0D786A5-BFA8-49E0-9C9C-ECF910EA9FE3} 3: C:\ProgramData\ETC\HogPC\helptext\en\Content\Resources\Images\merge_5.png 
1: {6501E546-28F5-4A0E-97E0-1CD914185417} 2: {03D986A6-22F8-422B-9545-A061A8CBABD5} 3: C:\ProgramData\ETC\HogPC\helptext\en\Content\Resources\Images\midi_note_win5.png 
1: {6501E546-28F5-4A0E-97E0-1CD914185417} 2: {D20FB3FA-04F0-4B4D-9F5D-CACEBB0D45D3} 3: C:\ProgramData\ETC\HogPC\helptext\en\Content\Resources\Images\midi_note_win5_600x283.png 
1: {6501E546-28F5-4A0E-97E0-1CD914185417} 2: {4E4FAC54-2468-4C34-8C92-A264D9434E49} 3: C:\ProgramData\ETC\HogPC\helptext\en\Content\Resources\Images\mp_cust5.png 
1: {6501E546-28F5-4A0E-97E0-1CD914185417} 2: {76E847C5-7093-4986-97B5-42A05CEE84DB} 3: C:\ProgramData\ETC\HogPC\helptext\en\Content\Resources\Images\mp_cust5_600x388.png 
1: {6501E546-28F5-4A0E-97E0-1CD914185417} 2: {41F1E2AE-C8F1-4EA5-A02D-B73BBCC64295} 3: C:\ProgramData\ETC\HogPC\helptext\en\Content\Resources\Images\mp_opts5.png 
1: {6501E546-28F5-4A0E-97E0-1CD914185417} 2: {B3C41C6A-B7ED-49BB-8100-7FF19AFE8242} 3: C:\ProgramData\ETC\HogPC\helptext\en\Content\Resources\Images\multiple_patch_points.png 
1: {6501E546-28F5-4A0E-97E0-1CD914185417} 2: {093840B0-300F-4691-A972-A7E63F0C894C} 3: C:\ProgramData\ETC\HogPC\helptext\en\Content\Resources\Images\network_ok.png 
1: {6501E546-28F5-4A0E-97E0-1CD914185417} 2: {BC0C801F-6C81-4B93-95AF-493B742DCB17} 3: C:\ProgramData\ETC\HogPC\helptext\en\Content\Resources\Images\network_syncing.png 
1: {6501E546-28F5-4A0E-97E0-1CD914185417} 2: {B8B9038B-ADFA-4AA1-97EB-5586DC61D14A} 3: C:\ProgramData\ETC\HogPC\helptext\en\Content\Resources\Images\network_upgrade.png 
1: {6501E546-28F5-4A0E-97E0-1CD914185417} 2: {34CF0CCB-6D57-4D04-A16A-FD05B57EAAA8} 3: C:\ProgramData\ETC\HogPC\helptext\en\Content\Resources\Images\network_warning.png 
1: {6501E546-28F5-4A0E-97E0-1CD914185417} 2: {3D2924A3-862A-4CB8-B5BE-C6624EB5593F} 3: C:\ProgramData\ETC\HogPC\helptext\en\Content\Resources\Images\newfolder5.png 
1: {6501E546-28F5-4A0E-97E0-1CD914185417} 2: {C3F542F3-33A4-4BD8-A999-85A435961C06} 3: C:\ProgramData\ETC\HogPC\helptext\en\Content\Resources\Images\osc_config_in5.png 
1: {6501E546-28F5-4A0E-97E0-1CD914185417} 2: {F5210656-060B-4536-9E1F-EDD3D4853221} 3: C:\ProgramData\ETC\HogPC\helptext\en\Content\Resources\Images\osc_config_in5_960x586.png 
1: {6501E546-28F5-4A0E-97E0-1CD914185417} 2: {8D254023-25AD-4C9E-8342-E6F23238781E} 3: C:\ProgramData\ETC\HogPC\helptext\en\Content\Resources\Images\osc_config_out5.png 
1: {6501E546-28F5-4A0E-97E0-1CD914185417} 2: {528CCD1F-D3F0-4BF1-887A-9D382FE1CD29} 3: C:\ProgramData\ETC\HogPC\helptext\en\Content\Resources\Images\osc_config_out5_960x586.png 
1: {6501E546-28F5-4A0E-97E0-1CD914185417} 2: {CC628437-57CC-4DC0-8E16-ADC63B9FFD3E} 3: C:\ProgramData\ETC\HogPC\helptext\en\Content\Resources\Images\output_window_5.png 
1: {6501E546-28F5-4A0E-97E0-1CD914185417} 2: {196E565D-C291-4BED-A61C-171E7FC03D09} 3: C:\ProgramData\ETC\HogPC\helptext\en\Content\Resources\Images\output_window_5_960x298.png 
1: {6501E546-28F5-4A0E-97E0-1CD914185417} 2: {C08EAAB9-E9A8-47F0-A06E-2CFEA26FFB73} 3: C:\ProgramData\ETC\HogPC\helptext\en\Content\Resources\Images\output_window_colours_en_bolddarkblue5.png 
1: {6501E546-28F5-4A0E-97E0-1CD914185417} 2: {EB0B717D-B75A-4640-BA47-2C98CB67D7BF} 3: C:\ProgramData\ETC\HogPC\helptext\en\Content\Resources\Images\output_window_colours_en_bolddarkblue5_600x158.png 
1: {6501E546-28F5-4A0E-97E0-1CD914185417} 2: {5AC32CB3-1308-4879-9AEE-935873E48512} 3: C:\ProgramData\ETC\HogPC\helptext\en\Content\Resources\Images\output_window_colours_en_green5.png 
1: {6501E546-28F5-4A0E-97E0-1CD914185417} 2: {CD56EDF3-E6C3-47FA-91FE-2FA59D665060} 3: C:\ProgramData\ETC\HogPC\helptext\en\Content\Resources\Images\output_window_colours_en_orange5.png 
1: {6501E546-28F5-4A0E-97E0-1CD914185417} 2: {CE7C753B-52BE-44A9-85B8-7D4092A53472} 3: C:\ProgramData\ETC\HogPC\helptext\en\Content\Resources\Images\output_window_colours_en_parked5.png 
1: {6501E546-28F5-4A0E-97E0-1CD914185417} 2: {2F2B8DFD-2191-48F2-A716-12CDBDDEA09C} 3: C:\ProgramData\ETC\HogPC\helptext\en\Content\Resources\Images\output_window_colours_en_purple5.png 
1: {6501E546-28F5-4A0E-97E0-1CD914185417} 2: {35E03BC2-9491-4A8F-B950-96242A909E2C} 3: C:\ProgramData\ETC\HogPC\helptext\en\Content\Resources\Images\output_window_colours_en_red5.png 
1: {6501E546-28F5-4A0E-97E0-1CD914185417} 2: {39B7E1E7-6BB2-4A30-A054-D6C017D3E829} 3: C:\ProgramData\ETC\HogPC\helptext\en\Content\Resources\Images\output_window_colours_en_teal5.png 
1: {6501E546-28F5-4A0E-97E0-1CD914185417} 2: {01D345E9-B3ED-46E3-B23F-AD010E3EABCA} 3: C:\ProgramData\ETC\HogPC\helptext\en\Content\Resources\Images\over.png 
1: {6501E546-28F5-4A0E-97E0-1CD914185417} 2: {2F662630-993E-4980-A904-B7317AB96B29} 3: C:\ProgramData\ETC\HogPC\helptext\en\Content\Resources\Images\pal_edit5.png 
1: {6501E546-28F5-4A0E-97E0-1CD914185417} 2: {AF3D3D34-A977-46B6-8F39-AB8145AF89BD} 3: C:\ProgramData\ETC\HogPC\helptext\en\Content\Resources\Images\pal_edit5_960x191.png 
1: {6501E546-28F5-4A0E-97E0-1CD914185417} 2: {E5B597EF-D730-4603-BC2C-AAA124774B54} 3: C:\ProgramData\ETC\HogPC\helptext\en\Content\Resources\Images\pal_global_fix5.png 
1: {6501E546-28F5-4A0E-97E0-1CD914185417} 2: {6F1BAD53-DC43-4F2E-8FD5-2DA28DEAF919} 3: C:\ProgramData\ETC\HogPC\helptext\en\Content\Resources\Images\pal_global_fix5_960x215.png 
1: {6501E546-28F5-4A0E-97E0-1CD914185417} 2: {83BD107C-A5FF-4BC5-AA71-A8CA538B5057} 3: C:\ProgramData\ETC\HogPC\helptext\en\Content\Resources\Images\pal_masking5.png 
1: {6501E546-28F5-4A0E-97E0-1CD914185417} 2: {B609EAB8-B81F-4BED-8BED-74A47B9B2EBA} 3: C:\ProgramData\ETC\HogPC\helptext\en\Content\Resources\Images\pal_masking_toolbar5.png 
1: {6501E546-28F5-4A0E-97E0-1CD914185417} 2: {A1C89319-AE9F-4500-A4A8-187501E57B59} 3: C:\ProgramData\ETC\HogPC\helptext\en\Content\Resources\Images\pal_per_fix5.png 
1: {6501E546-28F5-4A0E-97E0-1CD914185417} 2: {61D440AD-623D-4944-AA7C-489A57663622} 3: C:\ProgramData\ETC\HogPC\helptext\en\Content\Resources\Images\pal_per_fix5_960x216.png 
1: {6501E546-28F5-4A0E-97E0-1CD914185417} 2: {7A475E7C-77DC-4642-BD1D-B90653F5260D} 3: C:\ProgramData\ETC\HogPC\helptext\en\Content\Resources\Images\pal_type_fix5.png 
1: {6501E546-28F5-4A0E-97E0-1CD914185417} 2: {3D79C4FA-BD87-4446-A079-0B940CF4562B} 3: C:\ProgramData\ETC\HogPC\helptext\en\Content\Resources\Images\pal_type_fix5_960x215.png 
1: {6501E546-28F5-4A0E-97E0-1CD914185417} 2: {E1833551-8977-4956-BEB3-4BD5CD79F7EE} 3: C:\ProgramData\ETC\HogPC\helptext\en\Content\Resources\Images\param_pale_ref5.png 
1: {6501E546-28F5-4A0E-97E0-1CD914185417} 2: {C541FAF2-FB28-432C-9542-B8CDFEAA6F7D} 3: C:\ProgramData\ETC\HogPC\helptext\en\Content\Resources\Images\param_pale_ref5_960x166.png 
1: {6501E546-28F5-4A0E-97E0-1CD914185417} 2: {2CB79D8F-FD10-4F3B-BDAE-9FDB0B219D15} 3: C:\ProgramData\ETC\HogPC\helptext\en\Content\Resources\Images\parked_output_src5.png 
1: {6501E546-28F5-4A0E-97E0-1CD914185417} 2: {949BB387-755A-42B1-8241-31C731D47CF1} 3: C:\ProgramData\ETC\HogPC\helptext\en\Content\Resources\Images\parked_output_src5_960x366.png 
1: {6501E546-28F5-4A0E-97E0-1CD914185417} 2: {C70FD190-BEB6-4339-845A-77B7CEE69A1A} 3: C:\ProgramData\ETC\HogPC\helptext\en\Content\Resources\Images\parked_output_val5.png 
1: {6501E546-28F5-4A0E-97E0-1CD914185417} 2: {1A99304F-3851-4AB8-8B14-52A405DC07EF} 3: C:\ProgramData\ETC\HogPC\helptext\en\Content\Resources\Images\parked_output_val5_960x366.png 
1: {6501E546-28F5-4A0E-97E0-1CD914185417} 2: {BDE4A175-3F9D-4FAB-A522-563ACF73E5F2} 3: C:\ProgramData\ETC\HogPC\helptext\en\Content\Resources\Images\parked_win5.png 
1: {6501E546-28F5-4A0E-97E0-1CD914185417} 2: {3F8E8BB9-E28E-425E-AB7D-E45C9FD6DEE9} 3: C:\ProgramData\ETC\HogPC\helptext\en\Content\Resources\Images\parked_win5_360x299.png 
1: {6501E546-28F5-4A0E-97E0-1CD914185417} 2: {0B333EAC-F7C1-4F4E-8687-C8D60410BADE} 3: C:\ProgramData\ETC\HogPC\helptext\en\Content\Resources\Images\patch_pnt5.png 
1: {6501E546-28F5-4A0E-97E0-1CD914185417} 2: {A946538D-809D-4C84-AE3B-5F38DB3836AF} 3: C:\ProgramData\ETC\HogPC\helptext\en\Content\Resources\Images\patch_preview_pkg5.png 
1: {6501E546-28F5-4A0E-97E0-1CD914185417} 2: {C0BF05FA-09A4-48B2-B760-2E2C928F2455} 3: C:\ProgramData\ETC\HogPC\helptext\en\Content\Resources\Images\patch_preview_pkg5_960x408.png 
1: {6501E546-28F5-4A0E-97E0-1CD914185417} 2: {4103BF89-BC05-4397-8E44-8348E89E7E97} 3: C:\ProgramData\ETC\HogPC\helptext\en\Content\Resources\Images\paths_toolbar.png 
1: {6501E546-28F5-4A0E-97E0-1CD914185417} 2: {5D5B9A8B-A445-40F4-A0DF-1E9C1925AD6F} 3: C:\ProgramData\ETC\HogPC\helptext\en\Content\Resources\Images\path_sel_list_editor5.png 
1: {6501E546-28F5-4A0E-97E0-1CD914185417} 2: {73E9DD29-CBBC-43F3-9269-D2258A6F9F15} 3: C:\ProgramData\ETC\HogPC\helptext\en\Content\Resources\Images\pgm_com.png 
1: {6501E546-28F5-4A0E-97E0-1CD914185417} 2: {C9334114-C255-4C53-9FCD-D8046A47C104} 3: C:\ProgramData\ETC\HogPC\helptext\en\Content\Resources\Images\pgm_com_600x421.png 
1: {6501E546-28F5-4A0E-97E0-1CD914185417} 2: {08B58704-B3D3-4729-A503-C876DA1784A5} 3: C:\ProgramData\ETC\HogPC\helptext\en\Content\Resources\Images\pgm_full.png 
1: {6501E546-28F5-4A0E-97E0-1CD914185417} 2: {1DF2F46D-A968-43B4-888D-7D9A7F02799F} 3: C:\ProgramData\ETC\HogPC\helptext\en\Content\Resources\Images\pgm_full_600x516.png 
1: {6501E546-28F5-4A0E-97E0-1CD914185417} 2: {AF422B56-612E-403F-B4AB-42B98CFB1986} 3: C:\ProgramData\ETC\HogPC\helptext\en\Content\Resources\Images\pig_key5.png 
1: {6501E546-28F5-4A0E-97E0-1CD914185417} 2: {DB293714-6C1A-4B23-8DAB-624B34BE3C55} 3: C:\ProgramData\ETC\HogPC\helptext\en\Content\Resources\Images\pixelmap_tool_5.png 
1: {6501E546-28F5-4A0E-97E0-1CD914185417} 2: {ECA6A95E-E17A-4FA8-A8D7-EAF0A65C9063} 3: C:\ProgramData\ETC\HogPC\helptext\en\Content\Resources\Images\playback_bar_5.png 
1: {6501E546-28F5-4A0E-97E0-1CD914185417} 2: {21023A4B-5A58-46AD-87FB-2C882A38C2C8} 3: C:\ProgramData\ETC\HogPC\helptext\en\Content\Resources\Images\playback_bar_5_960x65.png 
1: {6501E546-28F5-4A0E-97E0-1CD914185417} 2: {8FADA48E-B955-48BE-A596-2AAD889F7232} 3: C:\ProgramData\ETC\HogPC\helptext\en\Content\Resources\Images\playback_bar_chase.png 
1: {6501E546-28F5-4A0E-97E0-1CD914185417} 2: {9CF7E9D2-9CD6-4C8D-AC78-BAC8B02B6C7B} 3: C:\ProgramData\ETC\HogPC\helptext\en\Content\Resources\Images\playback_bar_template_page_5.png 
1: {6501E546-28F5-4A0E-97E0-1CD914185417} 2: {7CF007A6-F7CE-4985-AF13-F749A8F65655} 3: C:\ProgramData\ETC\HogPC\helptext\en\Content\Resources\Images\playback_bar_template_page_5_960x64.png 
1: {6501E546-28F5-4A0E-97E0-1CD914185417} 2: {4EB14F16-B22E-4E98-A88B-ED6E84E41575} 3: C:\ProgramData\ETC\HogPC\helptext\en\Content\Resources\Images\playback_bar_w_template_5.png 
1: {6501E546-28F5-4A0E-97E0-1CD914185417} 2: {5EE1B55D-EBCB-417B-A575-BDF40921CA1F} 3: C:\ProgramData\ETC\HogPC\helptext\en\Content\Resources\Images\playback_bar_w_template_5_960x65.png 
1: {6501E546-28F5-4A0E-97E0-1CD914185417} 2: {00302D9D-0894-4768-9CA0-EE1D680A0F89} 3: C:\ProgramData\ETC\HogPC\helptext\en\Content\Resources\Images\playback_dashboard_menu.png 
1: {6501E546-28F5-4A0E-97E0-1CD914185417} 2: {4B90E6CA-4A9E-42B9-B67B-055930E535D4} 3: C:\ProgramData\ETC\HogPC\helptext\en\Content\Resources\Images\playback_dashboard_menu_960x382.png 
1: {6501E546-28F5-4A0E-97E0-1CD914185417} 2: {7BBBE937-8B1C-4A07-8ADA-DEF56CB35236} 3: C:\ProgramData\ETC\HogPC\helptext\en\Content\Resources\Images\playback_dashboard_pb_mr.png 
1: {6501E546-28F5-4A0E-97E0-1CD914185417} 2: {3280DDAD-4F4F-4B88-AAF8-CF67E38931F9} 3: C:\ProgramData\ETC\HogPC\helptext\en\Content\Resources\Images\playback_dashboard_pb_mr_960x369.png 
1: {6501E546-28F5-4A0E-97E0-1CD914185417} 2: {E8262A45-2EAB-48CE-BBB3-F1EC2CDDFBCF} 3: C:\ProgramData\ETC\HogPC\helptext\en\Content\Resources\Images\playback_fader_ipcb.png 
1: {6501E546-28F5-4A0E-97E0-1CD914185417} 2: {9D44E73C-050E-4D3A-A039-8A3C65604B04} 3: C:\ProgramData\ETC\HogPC\helptext\en\Content\Resources\Images\playback_fader_manual.png 
1: {6501E546-28F5-4A0E-97E0-1CD914185417} 2: {7D17C625-5A09-42FB-8AAB-F3F5CC06C1E3} 3: C:\ProgramData\ETC\HogPC\helptext\en\Content\Resources\Images\playback_htp.png 
1: {6501E546-28F5-4A0E-97E0-1CD914185417} 2: {A751215D-7DAF-4E2D-8109-E62FCD161A18} 3: C:\ProgramData\ETC\HogPC\helptext\en\Content\Resources\Images\playback_options_cuelist5.png 
1: {6501E546-28F5-4A0E-97E0-1CD914185417} 2: {6DE1C66E-88CD-40E7-A6B6-A82A0DFDB7EE} 3: C:\ProgramData\ETC\HogPC\helptext\en\Content\Resources\Images\playback_options_cuelist5_960x687.png 
1: {6501E546-28F5-4A0E-97E0-1CD914185417} 2: {358395F6-3E68-42E8-BCE1-0381A7240B33} 3: C:\ProgramData\ETC\HogPC\helptext\en\Content\Resources\Images\playback_pov.png 
1: {6501E546-28F5-4A0E-97E0-1CD914185417} 2: {A440892A-9028-4F6D-B961-D2B882D28FAC} 3: C:\ProgramData\ETC\HogPC\helptext\en\Content\Resources\Images\playback_priority_high.png 
1: {6501E546-28F5-4A0E-97E0-1CD914185417} 2: {9D4FE4B5-4F59-4579-BAE1-691BE8DA0B16} 3: C:\ProgramData\ETC\HogPC\helptext\en\Content\Resources\Images\playback_priority_low.png 
1: {6501E546-28F5-4A0E-97E0-1CD914185417} 2: {BCA1DA99-7CAD-43A6-BD17-DFF633B26AAE} 3: C:\ProgramData\ETC\HogPC\helptext\en\Content\Resources\Images\playback_rog.png 
1: {6501E546-28F5-4A0E-97E0-1CD914185417} 2: {DA93D630-2CFC-475E-9355-DEC3FCAEB213} 3: C:\ProgramData\ETC\HogPC\helptext\en\Content\Resources\Images\plots_dir5.png 
1: {6501E546-28F5-4A0E-97E0-1CD914185417} 2: {D389F0A9-B98F-4BEB-965F-D8E2E74891BD} 3: C:\ProgramData\ETC\HogPC\helptext\en\Content\Resources\Images\plot_add_fixture_5.png 
1: {6501E546-28F5-4A0E-97E0-1CD914185417} 2: {913A03B9-B290-442B-AFAC-FFE66282AF77} 3: C:\ProgramData\ETC\HogPC\helptext\en\Content\Resources\Images\plot_add_pixelmap_5.png 
1: {6501E546-28F5-4A0E-97E0-1CD914185417} 2: {5D0C815E-AE9B-439D-82AE-94989E416CA2} 3: C:\ProgramData\ETC\HogPC\helptext\en\Content\Resources\Images\plot_add_shape_5.png 
1: {6501E546-28F5-4A0E-97E0-1CD914185417} 2: {1CADED60-DE7B-4FE8-9B76-44CD1C77D2E5} 3: C:\ProgramData\ETC\HogPC\helptext\en\Content\Resources\Images\plot_add_show_item.png 
1: {6501E546-28F5-4A0E-97E0-1CD914185417} 2: {8813A5C1-49C9-44B0-9FA9-D2FD09BA39F3} 3: C:\ProgramData\ETC\HogPC\helptext\en\Content\Resources\Images\plot_bg_image_import_5.png 
1: {6501E546-28F5-4A0E-97E0-1CD914185417} 2: {0674AAED-D108-4B2D-8D04-56AA99618A9F} 3: C:\ProgramData\ETC\HogPC\helptext\en\Content\Resources\Images\plot_export_5.png 
1: {6501E546-28F5-4A0E-97E0-1CD914185417} 2: {DE3DD60B-6761-47BD-8D4A-D8E5A9E1CA12} 3: C:\ProgramData\ETC\HogPC\helptext\en\Content\Resources\Images\plot_export_5_960x72.png 
1: {6501E546-28F5-4A0E-97E0-1CD914185417} 2: {22D40BE9-1445-4DDB-94E1-E17369B8A5D1} 3: C:\ProgramData\ETC\HogPC\helptext\en\Content\Resources\Images\plot_feedback_5.png 
1: {6501E546-28F5-4A0E-97E0-1CD914185417} 2: {946D2F3C-F50D-4760-A2C3-797B4B439ED6} 3: C:\ProgramData\ETC\HogPC\helptext\en\Content\Resources\Images\plot_feedback_5_960x509.png 
1: {6501E546-28F5-4A0E-97E0-1CD914185417} 2: {9E3D1805-42F5-4469-939E-79BD25ABC289} 3: C:\ProgramData\ETC\HogPC\helptext\en\Content\Resources\Images\plot_grid_5.png 
1: {6501E546-28F5-4A0E-97E0-1CD914185417} 2: {E76D011D-3BA0-45AA-92E3-986E73AA6A07} 3: C:\ProgramData\ETC\HogPC\helptext\en\Content\Resources\Images\plot_num_show_5.png 
1: {6501E546-28F5-4A0E-97E0-1CD914185417} 2: {237F47A2-DF64-4AAA-A728-488CB5BB4B63} 3: C:\ProgramData\ETC\HogPC\helptext\en\Content\Resources\Images\plybck_opt_cuelist_action_end_list5.png 
1: {6501E546-28F5-4A0E-97E0-1CD914185417} 2: {4F87E127-90B3-472A-A169-BFBD3B7A917F} 3: C:\ProgramData\ETC\HogPC\helptext\en\Content\Resources\Images\plybck_opt_cuelist_assert_time5.png 
1: {6501E546-28F5-4A0E-97E0-1CD914185417} 2: {B7AE4FF6-9DE2-4127-BA9E-5F47F8CABDC2} 3: C:\ProgramData\ETC\HogPC\helptext\en\Content\Resources\Images\plybck_opt_cuelist_chase5.png 
1: {6501E546-28F5-4A0E-97E0-1CD914185417} 2: {06564CC6-953D-4731-B1C3-48F92305F809} 3: C:\ProgramData\ETC\HogPC\helptext\en\Content\Resources\Images\plybck_opt_cuelist_chase5_600x424.png 
1: {6501E546-28F5-4A0E-97E0-1CD914185417} 2: {4C38F6B2-404F-4893-A295-9B5BCABBEF73} 3: C:\ProgramData\ETC\HogPC\helptext\en\Content\Resources\Images\plybck_opt_cuelist_is_chase5.png 
1: {6501E546-28F5-4A0E-97E0-1CD914185417} 2: {C7BDF364-FEF9-4AB3-8BA8-3EC559FF55BE} 3: C:\ProgramData\ETC\HogPC\helptext\en\Content\Resources\Images\plybck_opt_cuelist_is_chase5_360x349.png 
1: {6501E546-28F5-4A0E-97E0-1CD914185417} 2: {28AE2119-DE84-42F8-A62E-B7FD09D72994} 3: C:\ProgramData\ETC\HogPC\helptext\en\Content\Resources\Images\plybck_opt_cuelist_loop5.png 
1: {6501E546-28F5-4A0E-97E0-1CD914185417} 2: {590F26B9-727B-417B-91FB-3598A3387CF6} 3: C:\ProgramData\ETC\HogPC\helptext\en\Content\Resources\Images\plybck_opt_cuelist_loop5_600x424.png 
1: {6501E546-28F5-4A0E-97E0-1CD914185417} 2: {32FBBF8A-CCB1-43C3-BF06-E11808EB6588} 3: C:\ProgramData\ETC\HogPC\helptext\en\Content\Resources\Images\plybck_opt_cuelist_manual_fader5.png 
1: {6501E546-28F5-4A0E-97E0-1CD914185417} 2: {FBE00E33-F223-4B5C-A899-6E70B90D7DA7} 3: C:\ProgramData\ETC\HogPC\helptext\en\Content\Resources\Images\plybck_opt_cuelist_manual_fader5_360x306.png 
1: {6501E546-28F5-4A0E-97E0-1CD914185417} 2: {090FC185-EA3E-4DA8-818D-D65AEBA43875} 3: C:\ProgramData\ETC\HogPC\helptext\en\Content\Resources\Images\plybck_opt_cuelist_persist_override5.png 
1: {6501E546-28F5-4A0E-97E0-1CD914185417} 2: {5DE848C0-153D-42A9-AF0A-143A8A450AB8} 3: C:\ProgramData\ETC\HogPC\helptext\en\Content\Resources\Images\plybck_opt_cuelist_pile_add_fx5.png 
1: {6501E546-28F5-4A0E-97E0-1CD914185417} 2: {97ABD156-E94A-40B0-9739-6B1052CB7531} 3: C:\ProgramData\ETC\HogPC\helptext\en\Content\Resources\Images\plybck_opt_cuelist_priority5.png 
1: {6501E546-28F5-4A0E-97E0-1CD914185417} 2: {67AD1EDA-D7FC-4F1F-B0E6-A8B7ABC7F91B} 3: C:\ProgramData\ETC\HogPC\helptext\en\Content\Resources\Images\plybck_opt_cuelist_release_other_go5.png 
1: {6501E546-28F5-4A0E-97E0-1CD914185417} 2: {3AAD8107-746A-416A-B384-5DD9CC3C936B} 3: C:\ProgramData\ETC\HogPC\helptext\en\Content\Resources\Images\plybck_opt_cuelist_release_time5.png 
1: {6501E546-28F5-4A0E-97E0-1CD914185417} 2: {F459985B-C468-46FC-826A-84F28B728C90} 3: C:\ProgramData\ETC\HogPC\helptext\en\Content\Resources\Images\plybck_opt_cuelist_reset_release5.png 
1: {6501E546-28F5-4A0E-97E0-1CD914185417} 2: {885C13F1-8269-49F7-B958-45765F6E3B91} 3: C:\ProgramData\ETC\HogPC\helptext\en\Content\Resources\Images\plybck_opt_cuelist_tcode_src5.png 
1: {6501E546-28F5-4A0E-97E0-1CD914185417} 2: {3EBA5101-0305-401B-ABE5-77F2E281AB0D} 3: C:\ProgramData\ETC\HogPC\helptext\en\Content\Resources\Images\plybck_opt_cuelist_use_htp5.png 
1: {6501E546-28F5-4A0E-97E0-1CD914185417} 2: {8DD358E8-D774-48D0-BB10-8482721766A5} 3: C:\ProgramData\ETC\HogPC\helptext\en\Content\Resources\Images\prefs_def_name5.png 
1: {6501E546-28F5-4A0E-97E0-1CD914185417} 2: {122583AA-4760-4392-81EE-CB0780A9BB83} 3: C:\ProgramData\ETC\HogPC\helptext\en\Content\Resources\Images\prefs_def_name5_960x785.png 
1: {6501E546-28F5-4A0E-97E0-1CD914185417} 2: {1565D71D-34B5-4F67-AE59-6A2E6A275ABC} 3: C:\ProgramData\ETC\HogPC\helptext\en\Content\Resources\Images\prefs_misc5.png 
1: {6501E546-28F5-4A0E-97E0-1CD914185417} 2: {EA7183D6-04A2-4DC8-AA25-891A290F333B} 3: C:\ProgramData\ETC\HogPC\helptext\en\Content\Resources\Images\prefs_misc5_960x545.png 
1: {6501E546-28F5-4A0E-97E0-1CD914185417} 2: {F06303B1-C6EC-417C-8FF7-80D57E4D5A94} 3: C:\ProgramData\ETC\HogPC\helptext\en\Content\Resources\Images\prefs_trackball5.png 
1: {6501E546-28F5-4A0E-97E0-1CD914185417} 2: {12D66FFF-3465-4F98-911D-738F47850F1C} 3: C:\ProgramData\ETC\HogPC\helptext\en\Content\Resources\Images\prefs_trackball5_960x661.png 
1: {6501E546-28F5-4A0E-97E0-1CD914185417} 2: {86F422A5-8116-437C-B787-A6FB8D7182F1} 3: C:\ProgramData\ETC\HogPC\helptext\en\Content\Resources\Images\prerecorded.png 
1: {6501E546-28F5-4A0E-97E0-1CD914185417} 2: {0B86BA93-4254-4CC0-9EDB-13FE44E6701C} 3: C:\ProgramData\ETC\HogPC\helptext\en\Content\Resources\Images\prerecorded_600x413.png 
1: {6501E546-28F5-4A0E-97E0-1CD914185417} 2: {19318F1E-20CB-41C9-81E0-29711CA721F0} 3: C:\ProgramData\ETC\HogPC\helptext\en\Content\Resources\Images\print5.png 
1: {6501E546-28F5-4A0E-97E0-1CD914185417} 2: {683C6EC3-AE15-487F-8EC0-121539E5E645} 3: C:\ProgramData\ETC\HogPC\helptext\en\Content\Resources\Images\proc_home5.png 
1: {6501E546-28F5-4A0E-97E0-1CD914185417} 2: {2BD90B53-A8AF-4F0B-A88C-AF0B69818E05} 3: C:\ProgramData\ETC\HogPC\helptext\en\Content\Resources\Images\proc_setting_output5.png 
1: {6501E546-28F5-4A0E-97E0-1CD914185417} 2: {EE9DA5AC-16E8-4A4F-86EC-21ED3331ABAB} 3: C:\ProgramData\ETC\HogPC\helptext\en\Content\Resources\Images\proc_setting_output5_960x481.png 
1: {6501E546-28F5-4A0E-97E0-1CD914185417} 2: {BD68EB7D-5602-45AF-9362-54129BD6DC37} 3: C:\ProgramData\ETC\HogPC\helptext\en\Content\Resources\Images\programmer_bottom_half.png 
1: {6501E546-28F5-4A0E-97E0-1CD914185417} 2: {8F80EC2B-0D43-49A2-A0A8-60A341D201B1} 3: C:\ProgramData\ETC\HogPC\helptext\en\Content\Resources\Images\programmer_bottom_half_960x362.png 
1: {6501E546-28F5-4A0E-97E0-1CD914185417} 2: {00A03425-8F56-4EDC-A2B5-2A352271128E} 3: C:\ProgramData\ETC\HogPC\helptext\en\Content\Resources\Images\programmer_top_half.png 
1: {6501E546-28F5-4A0E-97E0-1CD914185417} 2: {ECB77861-1162-4737-A3F6-43A36020C3DF} 3: C:\ProgramData\ETC\HogPC\helptext\en\Content\Resources\Images\programmer_top_half_960x351.png 
1: {6501E546-28F5-4A0E-97E0-1CD914185417} 2: {252F6BE7-F3F9-48EB-9A89-00CA7A58FA73} 3: C:\ProgramData\ETC\HogPC\helptext\en\Content\Resources\Images\prog_wfx_val5.png 
1: {6501E546-28F5-4A0E-97E0-1CD914185417} 2: {9BE976F3-9925-4376-ADDD-6D8B9520887C} 3: C:\ProgramData\ETC\HogPC\helptext\en\Content\Resources\Images\prog_wfx_val5_960x279.png 
1: {6501E546-28F5-4A0E-97E0-1CD914185417} 2: {4D1EF3D6-6B93-457C-94C7-FE44C1B0A295} 3: C:\ProgramData\ETC\HogPC\helptext\en\Content\Resources\Images\recorded.png 
1: {6501E546-28F5-4A0E-97E0-1CD914185417} 2: {822AF74A-8105-4A67-BC69-98FDE940C169} 3: C:\ProgramData\ETC\HogPC\helptext\en\Content\Resources\Images\recorded_600x416.png 
1: {6501E546-28F5-4A0E-97E0-1CD914185417} 2: {8EA486FF-AD4B-4B0C-A08F-3E3C110B61F6} 3: C:\ProgramData\ETC\HogPC\helptext\en\Content\Resources\Images\recorded_eligible.png 
1: {6501E546-28F5-4A0E-97E0-1CD914185417} 2: {AF13E59A-F01D-4890-8FB9-D97CC70D8B37} 3: C:\ProgramData\ETC\HogPC\helptext\en\Content\Resources\Images\recorded_eligible_600x416.png 
1: {6501E546-28F5-4A0E-97E0-1CD914185417} 2: {FF0DBF1D-C2FA-4582-858C-2ED0F790024F} 3: C:\ProgramData\ETC\HogPC\helptext\en\Content\Resources\Images\rec_opts_toolbar.png 
1: {6501E546-28F5-4A0E-97E0-1CD914185417} 2: {31964315-C880-4856-9F3A-136F4CF2DF76} 3: C:\ProgramData\ETC\HogPC\helptext\en\Content\Resources\Images\rec_opts_toolbar_960x222.png 
1: {6501E546-28F5-4A0E-97E0-1CD914185417} 2: {A67152D6-E0BD-4427-BBF3-E08F42FA5B8F} 3: C:\ProgramData\ETC\HogPC\helptext\en\Content\Resources\Images\reference.png 
1: {6501E546-28F5-4A0E-97E0-1CD914185417} 2: {B7A2CA6E-4E50-4806-AA1A-7E5BCCC04A6E} 3: C:\ProgramData\ETC\HogPC\helptext\en\Content\Resources\Images\replicated_fixture.png 
1: {6501E546-28F5-4A0E-97E0-1CD914185417} 2: {30EC0792-883A-41EC-925A-E786F56C0DE9} 3: C:\ProgramData\ETC\HogPC\helptext\en\Content\Resources\Images\report.png 
1: {6501E546-28F5-4A0E-97E0-1CD914185417} 2: {E72C9122-DB51-40B8-856B-F3E31D06FDE1} 3: C:\ProgramData\ETC\HogPC\helptext\en\Content\Resources\Images\restore_activity.png 
1: {6501E546-28F5-4A0E-97E0-1CD914185417} 2: {D705072D-B6AC-4D7C-9F27-DA829D0A90A8} 3: C:\ProgramData\ETC\HogPC\helptext\en\Content\Resources\Images\selectiontool_freeline_5.png 
1: {6501E546-28F5-4A0E-97E0-1CD914185417} 2: {1F2A749E-50A6-48C2-AF45-F4198B2633C7} 3: C:\ProgramData\ETC\HogPC\helptext\en\Content\Resources\Images\selectiontool_lasso_5.png 
1: {6501E546-28F5-4A0E-97E0-1CD914185417} 2: {E724502D-6780-46CC-89F7-4DBFB957FA7E} 3: C:\ProgramData\ETC\HogPC\helptext\en\Content\Resources\Images\selectiontool_square_5.png 
1: {6501E546-28F5-4A0E-97E0-1CD914185417} 2: {3DF7ECDE-F3D2-4CB8-887A-91AE6695936D} 3: C:\ProgramData\ETC\HogPC\helptext\en\Content\Resources\Images\select_even5.png 
1: {6501E546-28F5-4A0E-97E0-1CD914185417} 2: {D7B06667-6B44-4BF6-BA9A-92FE27CD03B4} 3: C:\ProgramData\ETC\HogPC\helptext\en\Content\Resources\Images\select_invert5.png 
1: {6501E546-28F5-4A0E-97E0-1CD914185417} 2: {4711CC06-03C1-4F15-95E4-8FD738562656} 3: C:\ProgramData\ETC\HogPC\helptext\en\Content\Resources\Images\select_toolbar5.png 
1: {6501E546-28F5-4A0E-97E0-1CD914185417} 2: {5F95BE72-61DC-4981-A6BB-4C98F077117B} 3: C:\ProgramData\ETC\HogPC\helptext\en\Content\Resources\Images\select_toolbar5_960x90.png 
1: {6501E546-28F5-4A0E-97E0-1CD914185417} 2: {CB5E3D02-A59F-45E0-BFDB-365D76F2864A} 3: C:\ProgramData\ETC\HogPC\helptext\en\Content\Resources\Images\sep_param5.png 
1: {6501E546-28F5-4A0E-97E0-1CD914185417} 2: {87103111-928A-4F22-B0A3-68848EEF1A19} 3: C:\ProgramData\ETC\HogPC\helptext\en\Content\Resources\Images\Serrano_keymapping.png 
1: {6501E546-28F5-4A0E-97E0-1CD914185417} 2: {1D1BDBAE-E36B-4121-BF5F-0281171342C8} 3: C:\ProgramData\ETC\HogPC\helptext\en\Content\Resources\Images\Serrano_keymapping_960x404.png 
1: {6501E546-28F5-4A0E-97E0-1CD914185417} 2: {C4277714-E469-43EE-BBB5-54A108749C99} 3: C:\ProgramData\ETC\HogPC\helptext\en\Content\Resources\Images\shake.png 
1: {6501E546-28F5-4A0E-97E0-1CD914185417} 2: {5D6B0B01-AD45-49B3-85E6-5D8C23B61263} 3: C:\ProgramData\ETC\HogPC\helptext\en\Content\Resources\Images\shape_tool_5.png 
1: {6501E546-28F5-4A0E-97E0-1CD914185417} 2: {B0486596-7DCE-40F3-B636-2484B552CC84} 3: C:\ProgramData\ETC\HogPC\helptext\en\Content\Resources\Images\show_icon.png 
1: {6501E546-28F5-4A0E-97E0-1CD914185417} 2: {42D067DD-211A-4E87-8B69-73407BD98255} 3: C:\ProgramData\ETC\HogPC\helptext\en\Content\Resources\Images\show_item_tool_5.png 
1: {6501E546-28F5-4A0E-97E0-1CD914185417} 2: {7B2577C3-463D-4C3A-A168-883105B74B3D} 3: C:\ProgramData\ETC\HogPC\helptext\en\Content\Resources\Images\show_pal5.png 
1: {6501E546-28F5-4A0E-97E0-1CD914185417} 2: {00B63A36-7E43-496A-BFFE-CC9812C7186D} 3: C:\ProgramData\ETC\HogPC\helptext\en\Content\Resources\Images\show_state5.png 
1: {6501E546-28F5-4A0E-97E0-1CD914185417} 2: {513FB54B-3783-4D27-B104-23AE0F9E141C} 3: C:\ProgramData\ETC\HogPC\helptext\en\Content\Resources\Images\sh_mgr_cd5.png 
1: {6501E546-28F5-4A0E-97E0-1CD914185417} 2: {01AF16FF-1117-41B8-94AD-6A6F1DAC64E7} 3: C:\ProgramData\ETC\HogPC\helptext\en\Content\Resources\Images\sh_mgr_cd5_960x484.png 
1: {6501E546-28F5-4A0E-97E0-1CD914185417} 2: {A0ACC5B7-2F8A-4F30-99DF-3026828FDE27} 3: C:\ProgramData\ETC\HogPC\helptext\en\Content\Resources\Images\sh_mgr_file_brow5.png 
1: {6501E546-28F5-4A0E-97E0-1CD914185417} 2: {A9EFA94D-CA7C-4030-910E-E6C61F380D5A} 3: C:\ProgramData\ETC\HogPC\helptext\en\Content\Resources\Images\sh_mgr_file_brow5_960x413.png 
1: {6501E546-28F5-4A0E-97E0-1CD914185417} 2: {EEDC5434-0EF6-4E9B-B22E-75B32F4AC70D} 3: C:\ProgramData\ETC\HogPC\helptext\en\Content\Resources\Images\slots_toolbar5.png 
1: {6501E546-28F5-4A0E-97E0-1CD914185417} 2: {CF37BC46-987F-4E4D-A14B-752868147E16} 3: C:\ProgramData\ETC\HogPC\helptext\en\Content\Resources\Images\slots_toolbar5_960x216.png 
1: {6501E546-28F5-4A0E-97E0-1CD914185417} 2: {50586547-9C98-49EB-A3C5-374610A0B63D} 3: C:\ProgramData\ETC\HogPC\helptext\en\Content\Resources\Images\slot_color5.png 
1: {6501E546-28F5-4A0E-97E0-1CD914185417} 2: {9C075F54-726A-492A-8DE9-A9F590D4D5C5} 3: C:\ProgramData\ETC\HogPC\helptext\en\Content\Resources\Images\slot_color5_960x244.png 
1: {6501E546-28F5-4A0E-97E0-1CD914185417} 2: {3F3E858A-9E7C-4614-83F2-DF3C2F5B5F4E} 3: C:\ProgramData\ETC\HogPC\helptext\en\Content\Resources\Images\slot_toolbar_path.png 
1: {6501E546-28F5-4A0E-97E0-1CD914185417} 2: {5399247D-9AC8-4993-A2F3-EA9807B20BD6} 3: C:\ProgramData\ETC\HogPC\helptext\en\Content\Resources\Images\spd_curve5.png 
1: {6501E546-28F5-4A0E-97E0-1CD914185417} 2: {7923192A-0FEB-48F5-AC9D-31B0636FB9FB} 3: C:\ProgramData\ETC\HogPC\helptext\en\Content\Resources\Images\spd_scaling5.png 
1: {6501E546-28F5-4A0E-97E0-1CD914185417} 2: {E6B3D534-377F-428A-859C-E198C90880AC} 3: C:\ProgramData\ETC\HogPC\helptext\en\Content\Resources\Images\ss_w_agg5.png 
1: {6501E546-28F5-4A0E-97E0-1CD914185417} 2: {A2EB8742-3F22-4553-AB9C-01BBEB873E41} 3: C:\ProgramData\ETC\HogPC\helptext\en\Content\Resources\Images\StageHog_layout.png 
1: {6501E546-28F5-4A0E-97E0-1CD914185417} 2: {EEBA5E91-9DB5-405D-A1BC-EA1BC196B948} 3: C:\ProgramData\ETC\HogPC\helptext\en\Content\Resources\Images\StageHog_layout_960x300.png 
1: {6501E546-28F5-4A0E-97E0-1CD914185417} 2: {DD9F4ED8-D6F9-48BF-AC07-E337F055CCE1} 3: C:\ProgramData\ETC\HogPC\helptext\en\Content\Resources\Images\start.png 
1: {6501E546-28F5-4A0E-97E0-1CD914185417} 2: {97F200D6-1718-4C3C-A6E4-A7AA545CBFE9} 3: C:\ProgramData\ETC\HogPC\helptext\en\Content\Resources\Images\startup_macro5.png 
1: {6501E546-28F5-4A0E-97E0-1CD914185417} 2: {D1DD397F-B145-4A5B-BBDD-B09C4943939E} 3: C:\ProgramData\ETC\HogPC\helptext\en\Content\Resources\Images\startup_macro5_960x564.png 
1: {6501E546-28F5-4A0E-97E0-1CD914185417} 2: {9FF652DB-5E18-43E7-8C24-188D5E476EDA} 3: C:\ProgramData\ETC\HogPC\helptext\en\Content\Resources\Images\start_screen5.png 
1: {6501E546-28F5-4A0E-97E0-1CD914185417} 2: {DAFCC27D-510D-4DB5-AC55-C457FB175996} 3: C:\ProgramData\ETC\HogPC\helptext\en\Content\Resources\Images\start_screen5_960x354.png 
1: {6501E546-28F5-4A0E-97E0-1CD914185417} 2: {F7F8CE3C-5685-430F-8BB7-107D1A31DB43} 3: C:\ProgramData\ETC\HogPC\helptext\en\Content\Resources\Images\status_bar.png 
1: {6501E546-28F5-4A0E-97E0-1CD914185417} 2: {C7DDB45B-820E-4EFF-AD5A-73FE7155E3A0} 3: C:\ProgramData\ETC\HogPC\helptext\en\Content\Resources\Images\status_bar_config.png 
1: {6501E546-28F5-4A0E-97E0-1CD914185417} 2: {ED944AAB-7C16-4CD7-95CE-169F71D2A673} 3: C:\ProgramData\ETC\HogPC\helptext\en\Content\Resources\Images\suck4_5.png 
1: {6501E546-28F5-4A0E-97E0-1CD914185417} 2: {145A3E67-5FE5-4A5C-8175-92A104E87443} 3: C:\ProgramData\ETC\HogPC\helptext\en\Content\Resources\Images\swaptospreadsheet.png 
1: {6501E546-28F5-4A0E-97E0-1CD914185417} 2: {2E7D348B-E1D9-4D8E-A8D9-7D6F2B9FB3E1} 3: C:\ProgramData\ETC\HogPC\helptext\en\Content\Resources\Images\system_info_tab_5.png 
1: {6501E546-28F5-4A0E-97E0-1CD914185417} 2: {4F7B449D-7865-4589-AA97-B1DE177F879C} 3: C:\ProgramData\ETC\HogPC\helptext\en\Content\Resources\Images\task_fail.png 
1: {6501E546-28F5-4A0E-97E0-1CD914185417} 2: {20BFF6FF-88A2-401A-B645-9DB1E41E7F38} 3: C:\ProgramData\ETC\HogPC\helptext\en\Content\Resources\Images\task_ok.png 
1: {6501E546-28F5-4A0E-97E0-1CD914185417} 2: {EBC34258-0233-403D-BE46-FE3F565C9B1B} 3: C:\ProgramData\ETC\HogPC\helptext\en\Content\Resources\Images\task_running.png 
1: {6501E546-28F5-4A0E-97E0-1CD914185417} 2: {EAB5B9CE-1BF1-41F4-A0AE-4B2460A781E9} 3: C:\ProgramData\ETC\HogPC\helptext\en\Content\Resources\Images\template.png 
1: {6501E546-28F5-4A0E-97E0-1CD914185417} 2: {90A226D3-99B4-4FF2-9492-AED25065AC96} 3: C:\ProgramData\ETC\HogPC\helptext\en\Content\Resources\Images\timecode_active.png 
1: {6501E546-28F5-4A0E-97E0-1CD914185417} 2: {2DBAE0CB-2ECC-49C1-8377-D80DFD1CB578} 3: C:\ProgramData\ETC\HogPC\helptext\en\Content\Resources\Images\timecode_tlbar5.png 
1: {6501E546-28F5-4A0E-97E0-1CD914185417} 2: {D1EC9653-09D5-4AAE-A288-73D91ECE7D6C} 3: C:\ProgramData\ETC\HogPC\helptext\en\Content\Resources\Images\timecode_tlbar5_960x34.png 
1: {6501E546-28F5-4A0E-97E0-1CD914185417} 2: {6A4C2E03-5CED-412D-B618-88248CB58442} 3: C:\ProgramData\ETC\HogPC\helptext\en\Content\Resources\Images\timings_en.png 
1: {6501E546-28F5-4A0E-97E0-1CD914185417} 2: {625207CA-A49F-42CF-B35B-8846A068BD3A} 3: C:\ProgramData\ETC\HogPC\helptext\en\Content\Resources\Images\toolbar_dir_ent5.png 
1: {6501E546-28F5-4A0E-97E0-1CD914185417} 2: {73159CF1-E26E-4712-820F-230632523E5E} 3: C:\ProgramData\ETC\HogPC\helptext\en\Content\Resources\Images\toolbar_dir_ent5_960x231.png 
1: {6501E546-28F5-4A0E-97E0-1CD914185417} 2: {7AC6D14A-DA93-4394-9E1E-68A987FE1333} 3: C:\ProgramData\ETC\HogPC\helptext\en\Content\Resources\Images\touch_ex25.png 
1: {6501E546-28F5-4A0E-97E0-1CD914185417} 2: {42ED4596-9F19-4731-BC1A-FB3777AF7886} 3: C:\ProgramData\ETC\HogPC\helptext\en\Content\Resources\Images\touch_ex5.png 
1: {6501E546-28F5-4A0E-97E0-1CD914185417} 2: {3C3D302F-C076-4363-B858-B10BA5ACC00D} 3: C:\ProgramData\ETC\HogPC\helptext\en\Content\Resources\Images\TourHog_layout.png 
1: {6501E546-28F5-4A0E-97E0-1CD914185417} 2: {A7B22CD1-CF7C-474A-AFF2-E8BFFC955452} 3: C:\ProgramData\ETC\HogPC\helptext\en\Content\Resources\Images\TourHog_layout_960x402.png 
1: {6501E546-28F5-4A0E-97E0-1CD914185417} 2: {5A8EBE5A-F94A-481A-9A01-70D093E761F3} 3: C:\ProgramData\ETC\HogPC\helptext\en\Content\Resources\Images\trigger_toolbar5.png 
1: {6501E546-28F5-4A0E-97E0-1CD914185417} 2: {D3ED99E1-2F71-4EBA-ACDA-6D794C494666} 3: C:\ProgramData\ETC\HogPC\helptext\en\Content\Resources\Images\trigger_toolbar5_960x212.png 
1: {6501E546-28F5-4A0E-97E0-1CD914185417} 2: {C62AE4B6-8B4C-4304-AED4-43664604F5EF} 3: C:\ProgramData\ETC\HogPC\helptext\en\Content\Resources\Images\typical_editor5.png 
1: {6501E546-28F5-4A0E-97E0-1CD914185417} 2: {4F05D7B9-FD02-4C3C-AB0C-5CE0408CEC13} 3: C:\ProgramData\ETC\HogPC\helptext\en\Content\Resources\Images\typical_editor5_960x236.png 
1: {6501E546-28F5-4A0E-97E0-1CD914185417} 2: {1D16B7F0-5936-431B-ADB0-A70B526955F8} 3: C:\ProgramData\ETC\HogPC\helptext\en\Content\Resources\Images\under.png 
1: {6501E546-28F5-4A0E-97E0-1CD914185417} 2: {D382F011-90D7-467D-9681-6B370CB94DDF} 3: C:\ProgramData\ETC\HogPC\helptext\en\Content\Resources\Images\uno_dmx.png 
1: {6501E546-28F5-4A0E-97E0-1CD914185417} 2: {EE2792A7-5B63-4CDD-8D0D-9EAF0EEFFB25} 3: C:\ProgramData\ETC\HogPC\helptext\en\Content\Resources\Images\user_kinds_dir5.png 
1: {6501E546-28F5-4A0E-97E0-1CD914185417} 2: {1C718DDC-D950-49EF-9A9A-0688E8D93927} 3: C:\ProgramData\ETC\HogPC\helptext\en\Content\Resources\Images\using_live_suck_2_en_5.png 
1: {6501E546-28F5-4A0E-97E0-1CD914185417} 2: {FFBBEB4A-AAA7-4585-AB05-E2AB2CC53E7A} 3: C:\ProgramData\ETC\HogPC\helptext\en\Content\Resources\Images\using_live_touch_2_en_5.png 
1: {6501E546-28F5-4A0E-97E0-1CD914185417} 2: {F412F6FA-BD70-4ABC-999B-A89E85163720} 3: C:\ProgramData\ETC\HogPC\helptext\en\Content\Resources\Images\using_live_touch_w_mask_2_en_5.png 
1: {6501E546-28F5-4A0E-97E0-1CD914185417} 2: {43789724-13A8-40EA-9ED2-0D806E6FB255} 3: C:\ProgramData\ETC\HogPC\helptext\en\Content\Resources\Images\using_suck_1_en_5.png 
1: {6501E546-28F5-4A0E-97E0-1CD914185417} 2: {27169491-FBB5-4150-9218-15149086F76E} 3: C:\ProgramData\ETC\HogPC\helptext\en\Content\Resources\Images\vert_wing_win5.png 
1: {6501E546-28F5-4A0E-97E0-1CD914185417} 2: {E01DD9FD-266A-44C4-89DA-403CF97BE441} 3: C:\ProgramData\ETC\HogPC\helptext\en\Content\Resources\Images\vert_wing_win5_600x638.png 
1: {6501E546-28F5-4A0E-97E0-1CD914185417} 2: {2D7C0D5E-E8BD-4D94-A8D3-EC82B112F738} 3: C:\ProgramData\ETC\HogPC\helptext\en\Content\Resources\Images\views_direct5.png 
1: {6501E546-28F5-4A0E-97E0-1CD914185417} 2: {D82F0546-416A-46EB-8531-8CEF2A2614A5} 3: C:\ProgramData\ETC\HogPC\helptext\en\Content\Resources\Images\views_direct5_sheet.png 
1: {6501E546-28F5-4A0E-97E0-1CD914185417} 2: {ED7C2E51-6B7A-4407-91A1-2721F3FB0BD5} 3: C:\ProgramData\ETC\HogPC\helptext\en\Content\Resources\Images\views_toolbar5.png 
1: {6501E546-28F5-4A0E-97E0-1CD914185417} 2: {82A26145-5929-4B99-BB4F-DAFAE3DBA625} 3: C:\ProgramData\ETC\HogPC\helptext\en\Content\Resources\Images\views_toolbar5_600x57.png 
1: {6501E546-28F5-4A0E-97E0-1CD914185417} 2: {481A0B7E-4505-4CA3-A6BC-21769590A7E7} 3: C:\ProgramData\ETC\HogPC\helptext\en\Content\Resources\Images\Vision2018_1.png 
1: {6501E546-28F5-4A0E-97E0-1CD914185417} 2: {D5C91B27-13B8-4870-B6F0-EFAB0E461108} 3: C:\ProgramData\ETC\HogPC\helptext\en\Content\Resources\Images\Vision2018_2.png 
1: {6501E546-28F5-4A0E-97E0-1CD914185417} 2: {BEA988FD-FB60-42FE-9419-AFCB558AC7CA} 3: C:\ProgramData\ETC\HogPC\helptext\en\Content\Resources\Images\visualizer_setup_ip.png 
1: {6501E546-28F5-4A0E-97E0-1CD914185417} 2: {B73501D0-DF46-494D-8916-DB4B2B3584E0} 3: C:\ProgramData\ETC\HogPC\helptext\en\Content\Resources\Images\visualizer_setup_no_ip.png 
1: {6501E546-28F5-4A0E-97E0-1CD914185417} 2: {BC463471-A96B-4345-B50F-313AF1E7A1E8} 3: C:\ProgramData\ETC\HogPC\helptext\en\Content\Resources\Images\vis_wyg_ce_config.png 
1: {6501E546-28F5-4A0E-97E0-1CD914185417} 2: {29040539-FE8B-425C-AFC3-96FCA5099860} 3: C:\ProgramData\ETC\HogPC\helptext\en\Content\Resources\Images\vis_wyg_config_1.png 
1: {6501E546-28F5-4A0E-97E0-1CD914185417} 2: {0ADE94A6-6AC8-45F1-8806-ABE71CC23A5F} 3: C:\ProgramData\ETC\HogPC\helptext\en\Content\Resources\Images\vis_wyg_config_2.png 
1: {6501E546-28F5-4A0E-97E0-1CD914185417} 2: {9CC43C24-F399-48C6-94F1-08F11E68223F} 3: C:\ProgramData\ETC\HogPC\helptext\en\Content\Resources\Images\vis_wyg_config_3.png 
1: {6501E546-28F5-4A0E-97E0-1CD914185417} 2: {0D86E170-D647-4FDD-8721-8C5B5C443AC8} 3: C:\ProgramData\ETC\HogPC\helptext\en\Content\Resources\Images\vis_wyg_config_3_476x266.png 
1: {6501E546-28F5-4A0E-97E0-1CD914185417} 2: {EB023996-7B7A-4FA6-B70E-BDF61000AB31} 3: C:\ProgramData\ETC\HogPC\helptext\en\Content\Resources\Images\vis_wyg_config_4.png 
1: {6501E546-28F5-4A0E-97E0-1CD914185417} 2: {AA3F1DE7-FA60-412C-8313-6A1E1D27BC03} 3: C:\ProgramData\ETC\HogPC\helptext\en\Content\Resources\Images\vis_wyg_config_4_316x334.png 
1: {6501E546-28F5-4A0E-97E0-1CD914185417} 2: {4B8E855E-B9BB-4A99-BE2A-CB1286A27853} 3: C:\ProgramData\ETC\HogPC\helptext\en\Content\Resources\Images\vis_wyg_config_5.png 
1: {6501E546-28F5-4A0E-97E0-1CD914185417} 2: {F01582C0-2F21-4177-B753-1ABD42600065} 3: C:\ProgramData\ETC\HogPC\helptext\en\Content\Resources\Images\vis_wyg_config_6.png 
1: {6501E546-28F5-4A0E-97E0-1CD914185417} 2: {590F56CC-07B8-4CD5-BF4B-0B357158CA77} 3: C:\ProgramData\ETC\HogPC\helptext\en\Content\Resources\Images\vis_wyg_config_7.png 
1: {6501E546-28F5-4A0E-97E0-1CD914185417} 2: {80C775D4-889A-42DF-82E2-2DCA848DC2E1} 3: C:\ProgramData\ETC\HogPC\helptext\en\Content\Resources\Images\viz_0.png 
1: {6501E546-28F5-4A0E-97E0-1CD914185417} 2: {111F64DE-F977-47F3-960C-EB83BB251471} 3: C:\ProgramData\ETC\HogPC\helptext\en\Content\Resources\Images\viz_0_600x466.png 
1: {6501E546-28F5-4A0E-97E0-1CD914185417} 2: {F10F1C77-C744-495D-AE9B-0D6C9B9D9430} 3: C:\ProgramData\ETC\HogPC\helptext\en\Content\Resources\Images\viz_1.png 
1: {6501E546-28F5-4A0E-97E0-1CD914185417} 2: {4F653774-2A70-406D-82BE-00AB1C9CF450} 3: C:\ProgramData\ETC\HogPC\helptext\en\Content\Resources\Images\viz_1_600x465.png 
1: {6501E546-28F5-4A0E-97E0-1CD914185417} 2: {6A040517-C374-486D-8DAC-FD5D3735743A} 3: C:\ProgramData\ETC\HogPC\helptext\en\Content\Resources\Images\viz_2.png 
1: {6501E546-28F5-4A0E-97E0-1CD914185417} 2: {FDD88634-6B9A-4D94-BE16-3F32285CD4E9} 3: C:\ProgramData\ETC\HogPC\helptext\en\Content\Resources\Images\viz_2_600x467.png 
1: {6501E546-28F5-4A0E-97E0-1CD914185417} 2: {7D1C2448-47D2-4480-9133-4CA965EB329F} 3: C:\ProgramData\ETC\HogPC\helptext\en\Content\Resources\Images\viz_3.png 
1: {6501E546-28F5-4A0E-97E0-1CD914185417} 2: {0EDAB402-2B61-4030-A3FA-E62487591CF7} 3: C:\ProgramData\ETC\HogPC\helptext\en\Content\Resources\Images\viz_3_600x466.png 
1: {6501E546-28F5-4A0E-97E0-1CD914185417} 2: {E9CFF6AF-5530-451D-AF69-67DB52999B2A} 3: C:\ProgramData\ETC\HogPC\helptext\en\Content\Resources\Images\wheelset_toolbar5.png 
1: {6501E546-28F5-4A0E-97E0-1CD914185417} 2: {69562980-A804-492E-B461-BD53CB1D510D} 3: C:\ProgramData\ETC\HogPC\helptext\en\Content\Resources\Images\wheelset_toolbar5_960x98.png 
1: {6501E546-28F5-4A0E-97E0-1CD914185417} 2: {2F811CD6-F7A5-4A19-B3DA-6026AC852392} 3: C:\ProgramData\ETC\HogPC\helptext\en\Content\Resources\Images\wheels_toolbar5.png 
1: {6501E546-28F5-4A0E-97E0-1CD914185417} 2: {AA77A4E8-1360-480C-97AC-9D3752A48A17} 3: C:\ProgramData\ETC\HogPC\helptext\en\Content\Resources\Images\wheels_toolbar5_960x37.png 
1: {6501E546-28F5-4A0E-97E0-1CD914185417} 2: {3A53B00F-011A-40B1-823E-1DD199E02DC5} 3: C:\ProgramData\ETC\HogPC\helptext\en\Content\Resources\Images\wheels_toolbar_chase5.png 
1: {6501E546-28F5-4A0E-97E0-1CD914185417} 2: {90B221AB-7A61-4A3F-AA16-0C1CBB949BB8} 3: C:\ProgramData\ETC\HogPC\helptext\en\Content\Resources\Images\wheels_toolbar_chase5_600x93.png 
1: {6501E546-28F5-4A0E-97E0-1CD914185417} 2: {F867B4A8-6CF7-4E49-B1B1-AE84D7E5D7A0} 3: C:\ProgramData\ETC\HogPC\helptext\en\Content\Resources\Images\wheel_toolbar_effect5.png 
1: {6501E546-28F5-4A0E-97E0-1CD914185417} 2: {4C736DB6-AD94-4FA8-80A7-FE259FC66FA3} 3: C:\ProgramData\ETC\HogPC\helptext\en\Content\Resources\Images\wheel_toolbar_effect5_960x92.png 
1: {6501E546-28F5-4A0E-97E0-1CD914185417} 2: {1D1F87A0-D0ED-4547-94B6-37B06755F8E3} 3: C:\ProgramData\ETC\HogPC\helptext\en\Content\Resources\Images\wheel_toolbar_timing5.png 
1: {6501E546-28F5-4A0E-97E0-1CD914185417} 2: {A19BE155-B165-4EBC-8285-42BECADEFA6E} 3: C:\ProgramData\ETC\HogPC\helptext\en\Content\Resources\Images\wheel_toolbar_timing5_960x54.png 
1: {6501E546-28F5-4A0E-97E0-1CD914185417} 2: {D994DA8F-87E1-42A6-8418-1683B473487A} 3: C:\ProgramData\ETC\HogPC\helptext\en\Content\Resources\Images\wheel_toolbar_timing_param_types5.png 
1: {6501E546-28F5-4A0E-97E0-1CD914185417} 2: {DDB48119-90DF-4D92-A717-A05DEEE87921} 3: C:\ProgramData\ETC\HogPC\helptext\en\Content\Resources\Images\wheel_toolbar_timing_param_types5_960x364.png 
1: {6501E546-28F5-4A0E-97E0-1CD914185417} 2: {A266BEC7-7F69-4230-B165-C4FB9698B6EF} 3: C:\ProgramData\ETC\HogPC\helptext\en\Content\Resources\Images\winctrl_arrows.png 
1: {6501E546-28F5-4A0E-97E0-1CD914185417} 2: {43FDFC1C-D670-4E10-9DEC-33E7C8002BAC} 3: C:\ProgramData\ETC\HogPC\helptext\en\Content\Resources\Images\winctrl_arrows_300x122.png 
1: {6501E546-28F5-4A0E-97E0-1CD914185417} 2: {6F35539A-3FDD-4739-817F-1C92AEB392E6} 3: C:\ProgramData\ETC\HogPC\helptext\en\Content\Resources\Images\winctrl_close.png 
1: {6501E546-28F5-4A0E-97E0-1CD914185417} 2: {7B4CA6A2-EC27-4010-9A70-76C9B08A382A} 3: C:\ProgramData\ETC\HogPC\helptext\en\Content\Resources\Images\winctrl_closeall.png 
1: {6501E546-28F5-4A0E-97E0-1CD914185417} 2: {9F9875F8-0730-44B3-A2DC-E9053002AC42} 3: C:\ProgramData\ETC\HogPC\helptext\en\Content\Resources\Images\winctrl_copy.png 
1: {6501E546-28F5-4A0E-97E0-1CD914185417} 2: {3F274322-FEBD-4AA9-BCA9-2BDC42A9761C} 3: C:\ProgramData\ETC\HogPC\helptext\en\Content\Resources\Images\winctrl_focus.png 
1: {6501E546-28F5-4A0E-97E0-1CD914185417} 2: {68C3A215-30A6-4D9C-96B0-2FE967135C2D} 3: C:\ProgramData\ETC\HogPC\helptext\en\Content\Resources\Images\winctrl_max.png 
1: {6501E546-28F5-4A0E-97E0-1CD914185417} 2: {3EF35470-BA58-46A9-8356-5FB8CD4DB5A0} 3: C:\ProgramData\ETC\HogPC\helptext\en\Content\Resources\Images\winctrl_move.png 
1: {6501E546-28F5-4A0E-97E0-1CD914185417} 2: {3F018286-CCC2-48A6-8D25-AC7613CF91C7} 3: C:\ProgramData\ETC\HogPC\helptext\en\Content\Resources\Images\winctrl_size.png 
1: {6501E546-28F5-4A0E-97E0-1CD914185417} 2: {E7B2585F-ECE2-46B5-BD83-38114EED3DC1} 3: C:\ProgramData\ETC\HogPC\helptext\en\Content\Resources\Images\winctrl_unlock.png 
1: {6501E546-28F5-4A0E-97E0-1CD914185417} 2: {BFBC8A89-ADC3-4702-A765-BAACE8D3E1F4} 3: C:\ProgramData\ETC\HogPC\helptext\en\Content\Resources\Images\wtb_close.png 
1: {6501E546-28F5-4A0E-97E0-1CD914185417} 2: {5A4A8B3C-7CCE-4C38-A6DC-F8D4F7656F23} 3: C:\ProgramData\ETC\HogPC\helptext\en\Content\Resources\Images\wtb_pageleft.png 
1: {6501E546-28F5-4A0E-97E0-1CD914185417} 2: {485454BF-E600-43AB-B67D-FC8CC48DBFC6} 3: C:\ProgramData\ETC\HogPC\helptext\en\Content\Resources\Images\wtb_pinup.png 
1: {6501E546-28F5-4A0E-97E0-1CD914185417} 2: {BC6A6432-B4DF-45D0-8CB7-85DFFA06A4E8} 3: C:\ProgramData\ETC\HogPC\helptext\en\Content\Resources\Images\Common\New_Icon_Caution.png 
1: {6501E546-28F5-4A0E-97E0-1CD914185417} 2: {BC909283-DFA3-44DB-B509-540B400263A9} 3: C:\ProgramData\ETC\HogPC\helptext\en\Content\Resources\Images\Common\New_Icon_Note.png 
1: {6501E546-28F5-4A0E-97E0-1CD914185417} 2: {24EA933C-966B-4266-A54E-C939953D88F9} 3: C:\ProgramData\ETC\HogPC\helptext\en\Content\Resources\Images\Common\New_Icon_Warning_General_whitefill.png 
1: {6501E546-28F5-4A0E-97E0-1CD914185417} 2: {50BBDF83-178A-4DEC-B50E-CE9184066C66} 3: C:\ProgramData\ETC\HogPC\helptext\en\Content\Resources\Images\Template_Images\Bullet1.png 
1: {6501E546-28F5-4A0E-97E0-1CD914185417} 2: {A33CD72E-CF1E-414F-8B9D-2C0E6CD268AF} 3: C:\ProgramData\ETC\HogPC\helptext\en\Content\Resources\Stylesheets\Hog_HTML5.css 
1: {6501E546-28F5-4A0E-97E0-1CD914185417} 2: {3C70B216-F62F-4C8C-ACA7-D90A6348FD85} 3: C:\ProgramData\ETC\HogPC\helptext\en\Content\Resources\Stylesheets\styles_1.css 
1: {6501E546-28F5-4A0E-97E0-1CD914185417} 2: {219E349D-82F8-436F-876F-E0F51F8BD9E3} 3: C:\ProgramData\ETC\HogPC\helptext\en\Content\Resources\TableStyles\AddressTablePDF.css 
1: {6501E546-28F5-4A0E-97E0-1CD914185417} 2: {E9BA1FA9-2BDC-46BF-9087-3227EEDFD446} 3: C:\ProgramData\ETC\HogPC\helptext\en\Content\Resources\TableStyles\Hog_Rows_8pt.css 
1: {6501E546-28F5-4A0E-97E0-1CD914185417} 2: {46D27B7F-D0BB-44D2-90BB-8AD8FF4FD3B8} 3: C:\ProgramData\ETC\HogPC\helptext\en\Data\Alias.js 
1: {6501E546-28F5-4A0E-97E0-1CD914185417} 2: {94E14A19-63B2-4854-95CE-1FE83E1AADA9} 3: C:\ProgramData\ETC\HogPC\helptext\en\Data\Alias.xml 
1: {6501E546-28F5-4A0E-97E0-1CD914185417} 2: {6194941F-D5F6-4B12-AAEF-235C8FEA2FDB} 3: C:\ProgramData\ETC\HogPC\helptext\en\Data\Breakpoints.js 
1: {6501E546-28F5-4A0E-97E0-1CD914185417} 2: {56F2EB52-F420-4AED-97D5-8A2419413BF1} 3: C:\ProgramData\ETC\HogPC\helptext\en\Data\Concepts.js 
1: {6501E546-28F5-4A0E-97E0-1CD914185417} 2: {6D93413D-9C27-4EF7-B198-1939F5DFFB25} 3: C:\ProgramData\ETC\HogPC\helptext\en\Data\Filters.js 
1: {6501E546-28F5-4A0E-97E0-1CD914185417} 2: {88A7486F-2793-45A1-ADD2-F7EE2C2D7BE7} 3: C:\ProgramData\ETC\HogPC\helptext\en\Data\Glossary.js 
1: {6501E546-28F5-4A0E-97E0-1CD914185417} 2: {C9FA71DF-DACF-4F40-AD69-5E126CD129DB} 3: C:\ProgramData\ETC\HogPC\helptext\en\Data\Glossary_Chunk0.js 
1: {6501E546-28F5-4A0E-97E0-1CD914185417} 2: {1E6CA827-0D81-4774-814C-03EF5E946A5E} 3: C:\ProgramData\ETC\HogPC\helptext\en\Data\HelpSystem.js 
1: {6501E546-28F5-4A0E-97E0-1CD914185417} 2: {4B5B7B0D-51CD-4188-9D1E-D030EEF0BBA4} 3: C:\ProgramData\ETC\HogPC\helptext\en\Data\HelpSystem.xml 
1: {6501E546-28F5-4A0E-97E0-1CD914185417} 2: {91E2A849-80A0-4ABD-9233-576854623B0F} 3: C:\ProgramData\ETC\HogPC\helptext\en\Data\Index.js 
1: {6501E546-28F5-4A0E-97E0-1CD914185417} 2: {21D2C55F-6CB7-40F9-8774-B0537A725F1D} 3: C:\ProgramData\ETC\HogPC\helptext\en\Data\Index_Chunk0.js 
1: {6501E546-28F5-4A0E-97E0-1CD914185417} 2: {E2183C97-3B49-44CF-8FB5-789A278FEFBD} 3: C:\ProgramData\ETC\HogPC\helptext\en\Data\Language.js 
1: {6501E546-28F5-4A0E-97E0-1CD914185417} 2: {DC38BD71-FE02-4B33-8D90-7C397DA1A7BB} 3: C:\ProgramData\ETC\HogPC\helptext\en\Data\Search.js 
1: {6501E546-28F5-4A0E-97E0-1CD914185417} 2: {64E918F2-9C81-4C87-8CC2-2CC48C1A0D23} 3: C:\ProgramData\ETC\HogPC\helptext\en\Data\SearchPhrase_Chunk0.js 
1: {6501E546-28F5-4A0E-97E0-1CD914185417} 2: {B50E6027-A906-4BFF-B2E7-E31310B829A3} 3: C:\ProgramData\ETC\HogPC\helptext\en\Data\SearchPhrase_Chunk1.js 
1: {6501E546-28F5-4A0E-97E0-1CD914185417} 2: {BF64F64A-8FA8-433D-BEC7-C1E0764D1381} 3: C:\ProgramData\ETC\HogPC\helptext\en\Data\SearchPhrase_Chunk10.js 
1: {6501E546-28F5-4A0E-97E0-1CD914185417} 2: {909E912E-2D8C-4B6D-93DF-37B4C9346E3D} 3: C:\ProgramData\ETC\HogPC\helptext\en\Data\SearchPhrase_Chunk11.js 
1: {6501E546-28F5-4A0E-97E0-1CD914185417} 2: {3B8C7D1B-68C1-489D-83EF-8281B642D4A4} 3: C:\ProgramData\ETC\HogPC\helptext\en\Data\SearchPhrase_Chunk12.js 
1: {6501E546-28F5-4A0E-97E0-1CD914185417} 2: {4F13377A-40C6-4A90-BDB8-2054E0AC4DE6} 3: C:\ProgramData\ETC\HogPC\helptext\en\Data\SearchPhrase_Chunk13.js 
1: {6501E546-28F5-4A0E-97E0-1CD914185417} 2: {8FEFF641-E8D3-4C79-A2C4-1C4EF485C974} 3: C:\ProgramData\ETC\HogPC\helptext\en\Data\SearchPhrase_Chunk14.js 
1: {6501E546-28F5-4A0E-97E0-1CD914185417} 2: {B3934EC0-17C3-4AA7-BBBD-CA629ED11E8D} 3: C:\ProgramData\ETC\HogPC\helptext\en\Data\SearchPhrase_Chunk15.js 
1: {6501E546-28F5-4A0E-97E0-1CD914185417} 2: {60CCFFEC-DFF4-47A7-9A28-1402A8E4E54C} 3: C:\ProgramData\ETC\HogPC\helptext\en\Data\SearchPhrase_Chunk16.js 
1: {6501E546-28F5-4A0E-97E0-1CD914185417} 2: {ABA0D30E-EAC0-4910-8A52-EAD7913B23BD} 3: C:\ProgramData\ETC\HogPC\helptext\en\Data\SearchPhrase_Chunk17.js 
1: {6501E546-28F5-4A0E-97E0-1CD914185417} 2: {7FDA1117-FCE9-4687-9114-768E15D09D51} 3: C:\ProgramData\ETC\HogPC\helptext\en\Data\SearchPhrase_Chunk18.js 
1: {6501E546-28F5-4A0E-97E0-1CD914185417} 2: {365FD65A-F169-43CD-BEFC-F4CA2A9621F1} 3: C:\ProgramData\ETC\HogPC\helptext\en\Data\SearchPhrase_Chunk19.js 
1: {6501E546-28F5-4A0E-97E0-1CD914185417} 2: {B7C741CD-04C2-4EC2-9CF2-15D901F65605} 3: C:\ProgramData\ETC\HogPC\helptext\en\Data\SearchPhrase_Chunk2.js 
1: {6501E546-28F5-4A0E-97E0-1CD914185417} 2: {2992F9BD-349F-40A5-834F-B4B8F5578D41} 3: C:\ProgramData\ETC\HogPC\helptext\en\Data\SearchPhrase_Chunk20.js 
1: {6501E546-28F5-4A0E-97E0-1CD914185417} 2: {F509E7C3-4650-4C70-A00B-B22D841E4F30} 3: C:\ProgramData\ETC\HogPC\helptext\en\Data\SearchPhrase_Chunk21.js 
1: {6501E546-28F5-4A0E-97E0-1CD914185417} 2: {91E314DA-D3BF-4DC2-9406-FA7A0E3EBFF1} 3: C:\ProgramData\ETC\HogPC\helptext\en\Data\SearchPhrase_Chunk22.js 
1: {6501E546-28F5-4A0E-97E0-1CD914185417} 2: {9C77505E-1D6B-4E85-BF3F-E9D2FDF43F29} 3: C:\ProgramData\ETC\HogPC\helptext\en\Data\SearchPhrase_Chunk23.js 
1: {6501E546-28F5-4A0E-97E0-1CD914185417} 2: {31FD1C32-1FD7-417C-A6E9-4953AB41C196} 3: C:\ProgramData\ETC\HogPC\helptext\en\Data\SearchPhrase_Chunk24.js 
1: {6501E546-28F5-4A0E-97E0-1CD914185417} 2: {45C0ED59-2FA6-44C7-BCDB-4F11910748AA} 3: C:\ProgramData\ETC\HogPC\helptext\en\Data\SearchPhrase_Chunk25.js 
1: {6501E546-28F5-4A0E-97E0-1CD914185417} 2: {0A6B9C0A-68DE-4531-93D8-A0273ABFDBB4} 3: C:\ProgramData\ETC\HogPC\helptext\en\Data\SearchPhrase_Chunk26.js 
1: {6501E546-28F5-4A0E-97E0-1CD914185417} 2: {3F8FF3A1-7A83-4C0B-88F1-5CB14B145377} 3: C:\ProgramData\ETC\HogPC\helptext\en\Data\SearchPhrase_Chunk27.js 
1: {6501E546-28F5-4A0E-97E0-1CD914185417} 2: {694A708A-88F9-40D5-A797-CCF6582CCF89} 3: C:\ProgramData\ETC\HogPC\helptext\en\Data\SearchPhrase_Chunk28.js 
1: {6501E546-28F5-4A0E-97E0-1CD914185417} 2: {D866F5D9-C27E-4B75-A4AF-64B0AEDAABDE} 3: C:\ProgramData\ETC\HogPC\helptext\en\Data\SearchPhrase_Chunk29.js 
1: {6501E546-28F5-4A0E-97E0-1CD914185417} 2: {C177F4AB-3D11-4D97-A249-7AA8C4B922E1} 3: C:\ProgramData\ETC\HogPC\helptext\en\Data\SearchPhrase_Chunk3.js 
1: {6501E546-28F5-4A0E-97E0-1CD914185417} 2: {18DE0326-73E8-4B5D-AE52-FB49611D9920} 3: C:\ProgramData\ETC\HogPC\helptext\en\Data\SearchPhrase_Chunk30.js 
1: {6501E546-28F5-4A0E-97E0-1CD914185417} 2: {89EBE069-56B9-49D0-A6B5-B271945E0520} 3: C:\ProgramData\ETC\HogPC\helptext\en\Data\SearchPhrase_Chunk31.js 
1: {6501E546-28F5-4A0E-97E0-1CD914185417} 2: {678CCA27-1C49-47CB-8717-E93CC681DF7C} 3: C:\ProgramData\ETC\HogPC\helptext\en\Data\SearchPhrase_Chunk32.js 
1: {6501E546-28F5-4A0E-97E0-1CD914185417} 2: {CBD5A95F-A3EF-42DF-8E74-49B804C38A30} 3: C:\ProgramData\ETC\HogPC\helptext\en\Data\SearchPhrase_Chunk33.js 
1: {6501E546-28F5-4A0E-97E0-1CD914185417} 2: {8912F269-5248-4AF5-A90A-6FC24C4A3177} 3: C:\ProgramData\ETC\HogPC\helptext\en\Data\SearchPhrase_Chunk34.js 
1: {6501E546-28F5-4A0E-97E0-1CD914185417} 2: {2B109CA5-F408-4C88-ADF5-99782D4F5A84} 3: C:\ProgramData\ETC\HogPC\helptext\en\Data\SearchPhrase_Chunk35.js 
1: {6501E546-28F5-4A0E-97E0-1CD914185417} 2: {F8066AD0-5013-4F31-8B29-D79663828ED4} 3: C:\ProgramData\ETC\HogPC\helptext\en\Data\SearchPhrase_Chunk36.js 
1: {6501E546-28F5-4A0E-97E0-1CD914185417} 2: {C6B8BF5D-7A0C-451E-A9F0-DC1536104BAC} 3: C:\ProgramData\ETC\HogPC\helptext\en\Data\SearchPhrase_Chunk37.js 
1: {6501E546-28F5-4A0E-97E0-1CD914185417} 2: {69177C98-F9A3-4E31-BD34-EC08939AD391} 3: C:\ProgramData\ETC\HogPC\helptext\en\Data\SearchPhrase_Chunk38.js 
1: {6501E546-28F5-4A0E-97E0-1CD914185417} 2: {62F55492-C101-4C31-9D4F-FF19BA35D638} 3: C:\ProgramData\ETC\HogPC\helptext\en\Data\SearchPhrase_Chunk39.js 
1: {6501E546-28F5-4A0E-97E0-1CD914185417} 2: {6735F605-EF56-4C7F-89AC-32355F586539} 3: C:\ProgramData\ETC\HogPC\helptext\en\Data\SearchPhrase_Chunk4.js 
1: {6501E546-28F5-4A0E-97E0-1CD914185417} 2: {79713D65-A859-439B-B9F9-9E436C42EDAD} 3: C:\ProgramData\ETC\HogPC\helptext\en\Data\SearchPhrase_Chunk40.js 
1: {6501E546-28F5-4A0E-97E0-1CD914185417} 2: {5C0A7F1C-312D-4ABB-86C2-0D0FE502B230} 3: C:\ProgramData\ETC\HogPC\helptext\en\Data\SearchPhrase_Chunk41.js 
1: {6501E546-28F5-4A0E-97E0-1CD914185417} 2: {1E1A51B4-CB2A-4095-8891-34DA48D3E0E3} 3: C:\ProgramData\ETC\HogPC\helptext\en\Data\SearchPhrase_Chunk42.js 
1: {6501E546-28F5-4A0E-97E0-1CD914185417} 2: {7583B2B1-BA94-423E-BDC9-DF06E5CDD599} 3: C:\ProgramData\ETC\HogPC\helptext\en\Data\SearchPhrase_Chunk43.js 
1: {6501E546-28F5-4A0E-97E0-1CD914185417} 2: {B898FCC7-3582-4BC5-BFC4-7E75D7AEF691} 3: C:\ProgramData\ETC\HogPC\helptext\en\Data\SearchPhrase_Chunk44.js 
1: {6501E546-28F5-4A0E-97E0-1CD914185417} 2: {C1BFD66A-31EE-4589-BC69-3D8E95BC5BB1} 3: C:\ProgramData\ETC\HogPC\helptext\en\Data\SearchPhrase_Chunk45.js 
1: {6501E546-28F5-4A0E-97E0-1CD914185417} 2: {6F11DDC5-4E3D-48E6-994A-AF0C73BBED7A} 3: C:\ProgramData\ETC\HogPC\helptext\en\Data\SearchPhrase_Chunk46.js 
1: {6501E546-28F5-4A0E-97E0-1CD914185417} 2: {1D37B3A2-3DC9-4DBC-B797-31080766FE8F} 3: C:\ProgramData\ETC\HogPC\helptext\en\Data\SearchPhrase_Chunk47.js 
1: {6501E546-28F5-4A0E-97E0-1CD914185417} 2: {8E3BF9DF-1C0F-4797-982B-A32043E96FF0} 3: C:\ProgramData\ETC\HogPC\helptext\en\Data\SearchPhrase_Chunk48.js 
1: {6501E546-28F5-4A0E-97E0-1CD914185417} 2: {93FBCD78-7BFC-4F6D-989C-EBE40D8ED507} 3: C:\ProgramData\ETC\HogPC\helptext\en\Data\SearchPhrase_Chunk49.js 
1: {6501E546-28F5-4A0E-97E0-1CD914185417} 2: {5B161FB2-CCE9-4689-9187-10EF94CD984B} 3: C:\ProgramData\ETC\HogPC\helptext\en\Data\SearchPhrase_Chunk5.js 
1: {6501E546-28F5-4A0E-97E0-1CD914185417} 2: {7659B79B-466C-423C-82FC-17DDC902FE58} 3: C:\ProgramData\ETC\HogPC\helptext\en\Data\SearchPhrase_Chunk50.js 
1: {6501E546-28F5-4A0E-97E0-1CD914185417} 2: {DFA70193-A6A3-4726-B93E-0166F2D26B4B} 3: C:\ProgramData\ETC\HogPC\helptext\en\Data\SearchPhrase_Chunk51.js 
1: {6501E546-28F5-4A0E-97E0-1CD914185417} 2: {0EBF1AA1-B49E-4D44-9C7D-39E2FEEEE3C3} 3: C:\ProgramData\ETC\HogPC\helptext\en\Data\SearchPhrase_Chunk52.js 
1: {6501E546-28F5-4A0E-97E0-1CD914185417} 2: {36C2117F-39DC-4807-8A34-1158C404EABA} 3: C:\ProgramData\ETC\HogPC\helptext\en\Data\SearchPhrase_Chunk6.js 
1: {6501E546-28F5-4A0E-97E0-1CD914185417} 2: {68B6B816-D6D8-4463-9F01-02673AF7B4A8} 3: C:\ProgramData\ETC\HogPC\helptext\en\Data\SearchPhrase_Chunk7.js 
1: {6501E546-28F5-4A0E-97E0-1CD914185417} 2: {36D30CD5-7E8A-4DAF-9219-3F215D6FD410} 3: C:\ProgramData\ETC\HogPC\helptext\en\Data\SearchPhrase_Chunk8.js 
1: {6501E546-28F5-4A0E-97E0-1CD914185417} 2: {1E01912F-54D2-4C6C-BD11-C4A5566FF6BE} 3: C:\ProgramData\ETC\HogPC\helptext\en\Data\SearchPhrase_Chunk9.js 
1: {6501E546-28F5-4A0E-97E0-1CD914185417} 2: {5FC9C06D-A406-4160-89B8-0A62C19EAD16} 3: C:\ProgramData\ETC\HogPC\helptext\en\Data\SearchStem_Chunk0.js 
1: {6501E546-28F5-4A0E-97E0-1CD914185417} 2: {720DFE39-6FB9-40C4-BA3F-BDEE626BF0C2} 3: C:\ProgramData\ETC\HogPC\helptext\en\Data\SearchStem_Chunk1.js 
1: {6501E546-28F5-4A0E-97E0-1CD914185417} 2: {FDB255A3-95F7-41F3-97D0-03FE17904D72} 3: C:\ProgramData\ETC\HogPC\helptext\en\Data\SearchStem_Chunk2.js 
1: {6501E546-28F5-4A0E-97E0-1CD914185417} 2: {7AEF24FA-AB3D-477D-B9D2-8D484A0F1BC7} 3: C:\ProgramData\ETC\HogPC\helptext\en\Data\SearchStem_Chunk3.js 
1: {6501E546-28F5-4A0E-97E0-1CD914185417} 2: {F1BA024B-9B34-4BCD-8E3D-DDA78C0F7E89} 3: C:\ProgramData\ETC\HogPC\helptext\en\Data\SearchStem_Chunk4.js 
1: {6501E546-28F5-4A0E-97E0-1CD914185417} 2: {2D56F1FE-09CB-449A-ADF9-549ADF7E49A3} 3: C:\ProgramData\ETC\HogPC\helptext\en\Data\SearchStem_Chunk5.js 
1: {6501E546-28F5-4A0E-97E0-1CD914185417} 2: {BFBE8B04-63C9-49FB-81F5-4AF7EBA3849C} 3: C:\ProgramData\ETC\HogPC\helptext\en\Data\SearchStem_Chunk6.js 
1: {6501E546-28F5-4A0E-97E0-1CD914185417} 2: {3E1527B2-75E0-4F15-87F7-5726FAF6F043} 3: C:\ProgramData\ETC\HogPC\helptext\en\Data\SearchStem_Chunk7.js 
1: {6501E546-28F5-4A0E-97E0-1CD914185417} 2: {B37F1281-A316-4603-B55A-9C35E21E2B8F} 3: C:\ProgramData\ETC\HogPC\helptext\en\Data\SearchStem_Chunk8.js 
1: {6501E546-28F5-4A0E-97E0-1CD914185417} 2: {1FF41A59-5E69-4DA7-A0EB-043D03EF4426} 3: C:\ProgramData\ETC\HogPC\helptext\en\Data\SearchStem_Chunk9.js 
1: {6501E546-28F5-4A0E-97E0-1CD914185417} 2: {4DFA7497-EFC3-4A76-8779-1E228FC3B428} 3: C:\ProgramData\ETC\HogPC\helptext\en\Data\SearchTopic_Chunk0.js 
1: {6501E546-28F5-4A0E-97E0-1CD914185417} 2: {18B05820-57FF-4CC4-B345-49E1E3783C63} 3: C:\ProgramData\ETC\HogPC\helptext\en\Data\SearchTopic_Chunk1.js 
1: {6501E546-28F5-4A0E-97E0-1CD914185417} 2: {24053047-A67C-4016-A6BD-03F68C13AE4B} 3: C:\ProgramData\ETC\HogPC\helptext\en\Data\SearchTopic_Chunk2.js 
1: {6501E546-28F5-4A0E-97E0-1CD914185417} 2: {7E2C2D9D-7F08-4B33-A734-4DD79C69D43E} 3: C:\ProgramData\ETC\HogPC\helptext\en\Data\SearchTopic_Chunk3.js 
1: {6501E546-28F5-4A0E-97E0-1CD914185417} 2: {7A32D387-F0A6-4EF7-A8AF-AFE8491EEBA0} 3: C:\ProgramData\ETC\HogPC\helptext\en\Data\SearchTopic_Chunk4.js 
1: {6501E546-28F5-4A0E-97E0-1CD914185417} 2: {45D8EC11-5161-4874-AFBE-A9505C98AB46} 3: C:\ProgramData\ETC\HogPC\helptext\en\Data\SearchTopic_Chunk5.js 
1: {6501E546-28F5-4A0E-97E0-1CD914185417} 2: {AC30C5B5-9C4F-4964-8793-DD3868C38846} 3: C:\ProgramData\ETC\HogPC\helptext\en\Data\SearchUrl_Chunk0.js 
1: {6501E546-28F5-4A0E-97E0-1CD914185417} 2: {F520F1BE-6768-49AE-9B10-DD42F6FAFD77} 3: C:\ProgramData\ETC\HogPC\helptext\en\Data\Synonyms.js 
1: {6501E546-28F5-4A0E-97E0-1CD914185417} 2: {281B5701-30C2-4614-9848-4ACBC4753B88} 3: C:\ProgramData\ETC\HogPC\helptext\en\Data\Synonyms.xml 
1: {6501E546-28F5-4A0E-97E0-1CD914185417} 2: {43930BA9-9051-4954-822A-AD6D8945E48D} 3: C:\ProgramData\ETC\HogPC\helptext\en\Data\Tocs\Hog_Manual.js 
1: {6501E546-28F5-4A0E-97E0-1CD914185417} 2: {D3FFDA43-C778-49DF-BA99-647EFB213771} 3: C:\ProgramData\ETC\HogPC\helptext\en\Data\Tocs\Hog_Manual_Chunk0.js 
1: {6501E546-28F5-4A0E-97E0-1CD914185417} 2: {0A86A365-4D74-48D4-9449-BD9394298AE5} 3: C:\ProgramData\ETC\HogPC\helptext\en\Resources\Scripts\foundation.min.js 
1: {6501E546-28F5-4A0E-97E0-1CD914185417} 2: {F826DFE5-1851-4B11-86B8-5DC72325955E} 3: C:\ProgramData\ETC\HogPC\helptext\en\Resources\Scripts\jquery.min.js 
1: {6501E546-28F5-4A0E-97E0-1CD914185417} 2: {58ECF168-AF3B-4713-9251-4AD3C3169565} 3: C:\ProgramData\ETC\HogPC\helptext\en\Resources\Scripts\jquery.offcanvas.js 
1: {6501E546-28F5-4A0E-97E0-1CD914185417} 2: {A0964313-27F8-4B09-8406-4A2573D213DA} 3: C:\ProgramData\ETC\HogPC\helptext\en\Resources\Scripts\MadCapAll.js 
1: {6501E546-28F5-4A0E-97E0-1CD914185417} 2: {13AF8632-0733-4C05-BCA4-4FE6CDA1930B} 3: C:\ProgramData\ETC\HogPC\helptext\en\Resources\Scripts\PIE-no-motw.htc 
1: {6501E546-28F5-4A0E-97E0-1CD914185417} 2: {30914527-7E85-482F-9561-B35C480C25D4} 3: C:\ProgramData\ETC\HogPC\helptext\en\Resources\Scripts\plugins.min.js 
1: {6501E546-28F5-4A0E-97E0-1CD914185417} 2: {5D48D1B0-C79E-4971-8AC3-AD0AABBF6FDC} 3: C:\ProgramData\ETC\HogPC\helptext\en\Resources\Scripts\purify.min.js 
1: {6501E546-28F5-4A0E-97E0-1CD914185417} 2: {D11B1AEF-32AB-4AB4-8809-F5C6FB638A9F} 3: C:\ProgramData\ETC\HogPC\helptext\en\Resources\Scripts\require.config.js 
1: {6501E546-28F5-4A0E-97E0-1CD914185417} 2: {753391FD-B221-42F8-B1B6-7BB69A74BFAF} 3: C:\ProgramData\ETC\HogPC\helptext\en\Resources\Scripts\require.min.js 
1: {6501E546-28F5-4A0E-97E0-1CD914185417} 2: {21341A7D-4492-4AE9-909B-0A9372C6B0E1} 3: C:\ProgramData\ETC\HogPC\helptext\en\Resources\Scripts\stemmer-english.amd.min.js 
1: {6501E546-28F5-4A0E-97E0-1CD914185417} 2: {E13D9502-5B75-4515-83C2-0DD9762F3BDA} 3: C:\ProgramData\ETC\HogPC\helptext\en\Skins\Default\Stylesheets\DropDownClosed.gif 
1: {6501E546-28F5-4A0E-97E0-1CD914185417} 2: {1FF2D121-DABB-46EE-8F68-CAABCBBF7308} 3: C:\ProgramData\ETC\HogPC\helptext\en\Skins\Default\Stylesheets\DropDownOpen.gif 
1: {6501E546-28F5-4A0E-97E0-1CD914185417} 2: {F18AF4AB-A86A-4118-9135-6BA7555164F3} 3: C:\ProgramData\ETC\HogPC\helptext\en\Skins\Default\Stylesheets\foundation_custom.css 
1: {6501E546-28F5-4A0E-97E0-1CD914185417} 2: {6913B73D-8511-4C44-928A-679571F3DE32} 3: C:\ProgramData\ETC\HogPC\helptext\en\Skins\Default\Stylesheets\Mobile.css 
1: {6501E546-28F5-4A0E-97E0-1CD914185417} 2: {3ED659B1-315F-4079-9B43-994DD73F13F5} 3: C:\ProgramData\ETC\HogPC\helptext\en\Skins\Default\Stylesheets\normalize.css 
1: {6501E546-28F5-4A0E-97E0-1CD914185417} 2: {0B42055C-58BD-4FDE-A1EB-24D0B6299BA2} 3: C:\ProgramData\ETC\HogPC\helptext\en\Skins\Default\Stylesheets\offcanvas.css 
1: {6501E546-28F5-4A0E-97E0-1CD914185417} 2: {92E4E8AD-9ED6-453C-BFEB-E3177DB62C58} 3: C:\ProgramData\ETC\HogPC\helptext\en\Skins\Default\Stylesheets\Slideshow.css 
1: {6501E546-28F5-4A0E-97E0-1CD914185417} 2: {93C6E24D-3C38-4857-9C5D-6299306C74BC} 3: C:\ProgramData\ETC\HogPC\helptext\en\Skins\Default\Stylesheets\Styles.css 
1: {6501E546-28F5-4A0E-97E0-1CD914185417} 2: {1EE11D5B-D779-404E-A333-E26D3BD3BB46} 3: C:\ProgramData\ETC\HogPC\helptext\en\Skins\Default\Stylesheets\Tablet.css 
1: {6501E546-28F5-4A0E-97E0-1CD914185417} 2: {DA479AC5-9B36-4BB6-B74F-95D46D5AD7C8} 3: C:\ProgramData\ETC\HogPC\helptext\en\Skins\Default\Stylesheets\TextEffects.css 
1: {6501E546-28F5-4A0E-97E0-1CD914185417} 2: {308FCF45-3A4F-4D33-8218-685DC63F4BAE} 3: C:\ProgramData\ETC\HogPC\helptext\en\Skins\Default\Stylesheets\TextEffects.micro-content.css 
1: {6501E546-28F5-4A0E-97E0-1CD914185417} 2: {7CAEDDED-3BAF-4358-9AB3-35D15937FCEF} 3: C:\ProgramData\ETC\HogPC\helptext\en\Skins\Default\Stylesheets\Topic.css 
1: {6501E546-28F5-4A0E-97E0-1CD914185417} 2: {93925E7B-79F2-4C3B-B102-4C37D2143ED9} 3: C:\ProgramData\ETC\HogPC\helptext\en\Skins\Default\Stylesheets\Topic.micro-content.css 
1: {6501E546-28F5-4A0E-97E0-1CD914185417} 2: {853A4E85-D9EC-4F25-B93B-71C357D6F44B} 3: C:\ProgramData\ETC\HogPC\helptext\en\Skins\Default\Stylesheets\Web.css 
1: {6501E546-28F5-4A0E-97E0-1CD914185417} 2: {2D2F8B48-A57F-43CA-9FB9-D5DD758C4119} 3: C:\ProgramData\ETC\HogPC\helptext\en\Skins\Default\Stylesheets\Components\Mobile.css 
1: {6501E546-28F5-4A0E-97E0-1CD914185417} 2: {93168A20-A7DA-4D0F-BC47-9D758D6E461B} 3: C:\ProgramData\ETC\HogPC\helptext\en\Skins\Default\Stylesheets\Components\Styles.css 
1: {6501E546-28F5-4A0E-97E0-1CD914185417} 2: {35F6E3A0-ADA1-4291-B45F-61B2F1697358} 3: C:\ProgramData\ETC\HogPC\helptext\en\Skins\Default\Stylesheets\Components\Tablet.css 
1: {6501E546-28F5-4A0E-97E0-1CD914185417} 2: {86E9E79C-A51E-4BF4-958F-CD6AA4F7DF35} 3: C:\ProgramData\ETC\HogPC\helptext\en\Skins\Default\Stylesheets\Images\arrow-down.png 
1: {6501E546-28F5-4A0E-97E0-1CD914185417} 2: {05C1DD0F-918E-41AD-87AB-3FFBEF1BE6A6} 3: C:\ProgramData\ETC\HogPC\helptext\en\Skins\Default\Stylesheets\Images\arrow-up.png 
1: {6501E546-28F5-4A0E-97E0-1CD914185417} 2: {45DED1F6-0796-42AD-B389-89FE8ED36BE8} 3: C:\ProgramData\ETC\HogPC\helptext\en\Skins\Default\Stylesheets\Images\background pattern.png 
1: {6501E546-28F5-4A0E-97E0-1CD914185417} 2: {9009E302-C77C-4FDC-81F5-B25C8E75BC46} 3: C:\ProgramData\ETC\HogPC\helptext\en\Skins\Default\Stylesheets\Images\book-open.png 
1: {6501E546-28F5-4A0E-97E0-1CD914185417} 2: {55DCD6EC-F48C-44F4-BFA5-2FC69739AF51} 3: C:\ProgramData\ETC\HogPC\helptext\en\Skins\Default\Stylesheets\Images\book.png 
1: {6501E546-28F5-4A0E-97E0-1CD914185417} 2: {363EFC94-C4DA-4E90-A26A-C61532E4AFF3} 3: C:\ProgramData\ETC\HogPC\helptext\en\Skins\Default\Stylesheets\Images\browseActive_1.png 
1: {6501E546-28F5-4A0E-97E0-1CD914185417} 2: {63366A2F-8542-4AA9-ABAD-176C6C5272AD} 3: C:\ProgramData\ETC\HogPC\helptext\en\Skins\Default\Stylesheets\Images\browseInactive.png 
1: {6501E546-28F5-4A0E-97E0-1CD914185417} 2: {AAF77736-08D2-43B9-916A-854BB90B4F84} 3: C:\ProgramData\ETC\HogPC\helptext\en\Skins\Default\Stylesheets\Images\close.png 
1: {6501E546-28F5-4A0E-97E0-1CD914185417} 2: {0588E7DA-571B-4178-A45C-C04347F51730} 3: C:\ProgramData\ETC\HogPC\helptext\en\Skins\Default\Stylesheets\Images\closedBook_1_1.png 
1: {6501E546-28F5-4A0E-97E0-1CD914185417} 2: {3E2DC593-8569-4739-9E8E-EAFB1DB92045} 3: C:\ProgramData\ETC\HogPC\helptext\en\Skins\Default\Stylesheets\Images\collapse.png 
1: {6501E546-28F5-4A0E-97E0-1CD914185417} 2: {F16132FE-D06C-494A-AF1C-670A68B8C6E5} 3: C:\ProgramData\ETC\HogPC\helptext\en\Skins\Default\Stylesheets\Images\communityActive-GREEN.png 
1: {6501E546-28F5-4A0E-97E0-1CD914185417} 2: {9B0863C1-89E6-4563-9CDD-0CA666898037} 3: C:\ProgramData\ETC\HogPC\helptext\en\Skins\Default\Stylesheets\Images\communityActive.png 
1: {6501E546-28F5-4A0E-97E0-1CD914185417} 2: {E3FED37E-A6B2-401C-9389-65CD6345F4EE} 3: C:\ProgramData\ETC\HogPC\helptext\en\Skins\Default\Stylesheets\Images\communityInactive.png 
1: {6501E546-28F5-4A0E-97E0-1CD914185417} 2: {DEDD4B5F-3B1C-4CBE-9275-9831D2270B98} 3: C:\ProgramData\ETC\HogPC\helptext\en\Skins\Default\Stylesheets\Images\diagonal_lines.png 
1: {6501E546-28F5-4A0E-97E0-1CD914185417} 2: {B4FF4509-AFB6-457D-8886-626BDD4AC224} 3: C:\ProgramData\ETC\HogPC\helptext\en\Skins\Default\Stylesheets\Images\DocumentIcon.png 
1: {6501E546-28F5-4A0E-97E0-1CD914185417} 2: {C05C92BD-9D9C-43AF-A538-5D1D220A47D9} 3: C:\ProgramData\ETC\HogPC\helptext\en\Skins\Default\Stylesheets\Images\edit-profile.png 
1: {6501E546-28F5-4A0E-97E0-1CD914185417} 2: {F76937F5-D1B3-49AE-B9B8-A24413AE4F78} 3: C:\ProgramData\ETC\HogPC\helptext\en\Skins\Default\Stylesheets\Images\expand.png 
1: {6501E546-28F5-4A0E-97E0-1CD914185417} 2: {69C62D65-D739-4B44-9A7C-1C5BC5286ABE} 3: C:\ProgramData\ETC\HogPC\helptext\en\Skins\Default\Stylesheets\Images\Filter.png 
1: {6501E546-28F5-4A0E-97E0-1CD914185417} 2: {1FC3495F-9EFE-4423-9ABC-0FB43875FF20} 3: C:\ProgramData\ETC\HogPC\helptext\en\Skins\Default\Stylesheets\Images\FilterOutline.png 
1: {6501E546-28F5-4A0E-97E0-1CD914185417} 2: {8B569CFD-A668-4F1B-95C4-9A9489688326} 3: C:\ProgramData\ETC\HogPC\helptext\en\Skins\Default\Stylesheets\Images\glossaryActive_1.png 
1: {6501E546-28F5-4A0E-97E0-1CD914185417} 2: {EE1C02BE-53EA-4ABF-A8EE-7D259E6C3935} 3: C:\ProgramData\ETC\HogPC\helptext\en\Skins\Default\Stylesheets\Images\glossaryInactive.png 
1: {6501E546-28F5-4A0E-97E0-1CD914185417} 2: {AD5A67B3-97CB-4C91-BAA4-EF46B9E536DC} 3: C:\ProgramData\ETC\HogPC\helptext\en\Skins\Default\Stylesheets\Images\help-control.png 
1: {6501E546-28F5-4A0E-97E0-1CD914185417} 2: {C23C8041-BC88-43AE-8128-D3D8D744632A} 3: C:\ProgramData\ETC\HogPC\helptext\en\Skins\Default\Stylesheets\Images\highlight.png 
1: {6501E546-28F5-4A0E-97E0-1CD914185417} 2: {2BB3F4CA-6BF4-45C8-AC81-BA11A6D04688} 3: C:\ProgramData\ETC\HogPC\helptext\en\Skins\Default\Stylesheets\Images\icon-user-gray.png 
1: {6501E546-28F5-4A0E-97E0-1CD914185417} 2: {EC7EA99B-9C73-4203-8671-52D164E4E97A} 3: C:\ProgramData\ETC\HogPC\helptext\en\Skins\Default\Stylesheets\Images\icon-user-light-gray.png 
1: {6501E546-28F5-4A0E-97E0-1CD914185417} 2: {0ED2077F-5132-44B9-BD8C-148B93C3939D} 3: C:\ProgramData\ETC\HogPC\helptext\en\Skins\Default\Stylesheets\Images\index-collapsed.png 
1: {6501E546-28F5-4A0E-97E0-1CD914185417} 2: {DB88D9D5-55F1-4C21-95F6-89D0A78920A6} 3: C:\ProgramData\ETC\HogPC\helptext\en\Skins\Default\Stylesheets\Images\index-expanded.png 
1: {6501E546-28F5-4A0E-97E0-1CD914185417} 2: {375E243B-0345-4753-829A-BCFCA5AFF1F5} 3: C:\ProgramData\ETC\HogPC\helptext\en\Skins\Default\Stylesheets\Images\index-expanded_1.png 
1: {6501E546-28F5-4A0E-97E0-1CD914185417} 2: {2DB68D0E-ED2D-4AF7-94EA-80E7F237DB8E} 3: C:\ProgramData\ETC\HogPC\helptext\en\Skins\Default\Stylesheets\Images\index.png 
1: {6501E546-28F5-4A0E-97E0-1CD914185417} 2: {55021B7C-3364-4DF2-8C35-9B981A54B419} 3: C:\ProgramData\ETC\HogPC\helptext\en\Skins\Default\Stylesheets\Images\indexActive_1_1.png 
1: {6501E546-28F5-4A0E-97E0-1CD914185417} 2: {E2822100-EB99-4572-AFAF-36BADF1303BF} 3: C:\ProgramData\ETC\HogPC\helptext\en\Skins\Default\Stylesheets\Images\indexInactive.png 
1: {6501E546-28F5-4A0E-97E0-1CD914185417} 2: {2B01BAF8-8BCD-45D9-AB3F-86E23200E0D3} 3: C:\ProgramData\ETC\HogPC\helptext\en\Skins\Default\Stylesheets\Images\loading-32px.gif 
1: {6501E546-28F5-4A0E-97E0-1CD914185417} 2: {B372103B-5792-4435-B622-853316D68EFE} 3: C:\ProgramData\ETC\HogPC\helptext\en\Skins\Default\Stylesheets\Images\loading.gif 
1: {6501E546-28F5-4A0E-97E0-1CD914185417} 2: {BD1C151B-36DB-4094-856E-E71BDAE6CC1A} 3: C:\ProgramData\ETC\HogPC\helptext\en\Skins\Default\Stylesheets\Images\login-dialog-icon.png 
1: {6501E546-28F5-4A0E-97E0-1CD914185417} 2: {E599BCED-7081-4A1F-941F-F230C8039B32} 3: C:\ProgramData\ETC\HogPC\helptext\en\Skins\Default\Stylesheets\Images\login.png 
1: {6501E546-28F5-4A0E-97E0-1CD914185417} 2: {47E2FCE1-C483-4F20-A8C3-BBBD06257328} 3: C:\ProgramData\ETC\HogPC\helptext\en\Skins\Default\Stylesheets\Images\logo.png 
1: {6501E546-28F5-4A0E-97E0-1CD914185417} 2: {0AA535E1-EE1F-4FE8-830B-A97EBE2459B3} 3: C:\ProgramData\ETC\HogPC\helptext\en\Skins\Default\Stylesheets\Images\magnifying_glass.png 
1: {6501E546-28F5-4A0E-97E0-1CD914185417} 2: {69EFADC5-7D0A-4EDB-AFB6-F4D37DD1879C} 3: C:\ProgramData\ETC\HogPC\helptext\en\Skins\Default\Stylesheets\Images\MCSlider_controls.png 
1: {6501E546-28F5-4A0E-97E0-1CD914185417} 2: {EDC4B581-BF25-4336-A941-BA54BAB7F2D8} 3: C:\ProgramData\ETC\HogPC\helptext\en\Skins\Default\Stylesheets\Images\MCSlider_loader.gif 
1: {6501E546-28F5-4A0E-97E0-1CD914185417} 2: {98ACAD8A-4CEB-4338-AE9F-B0B81E92B7DD} 3: C:\ProgramData\ETC\HogPC\helptext\en\Skins\Default\Stylesheets\Images\navigate-next.png 
1: {6501E546-28F5-4A0E-97E0-1CD914185417} 2: {057ACD1E-EE82-4CB0-9A81-EEF54AB38B68} 3: C:\ProgramData\ETC\HogPC\helptext\en\Skins\Default\Stylesheets\Images\navigate-previous.png 
1: {6501E546-28F5-4A0E-97E0-1CD914185417} 2: {F0FEE1A2-4059-4240-9175-EF89BAEFE0D7} 3: C:\ProgramData\ETC\HogPC\helptext\en\Skins\Default\Stylesheets\Images\new-indicator.png 
1: {6501E546-28F5-4A0E-97E0-1CD914185417} 2: {B0D2275A-BD5D-459C-AA43-D838C415AD8F} 3: C:\ProgramData\ETC\HogPC\helptext\en\Skins\Default\Stylesheets\Images\new-indicator1.png 
1: {6501E546-28F5-4A0E-97E0-1CD914185417} 2: {F7B74B0A-F47A-47B0-BBA8-9C5BAA4F9B22} 3: C:\ProgramData\ETC\HogPC\helptext\en\Skins\Default\Stylesheets\Images\OpenBookIcon_1_1.png 
1: {6501E546-28F5-4A0E-97E0-1CD914185417} 2: {D661DC0C-98AB-4096-AB8E-D18A7B82A3D4} 3: C:\ProgramData\ETC\HogPC\helptext\en\Skins\Default\Stylesheets\Images\printer.png 
1: {6501E546-28F5-4A0E-97E0-1CD914185417} 2: {1AA9E768-D4A9-4C26-8F58-ED669A558F0A} 3: C:\ProgramData\ETC\HogPC\helptext\en\Skins\Default\Stylesheets\Images\RatingStars.png 
1: {6501E546-28F5-4A0E-97E0-1CD914185417} 2: {897A96B9-5D22-4602-AD17-4552A7B0D5E2} 3: C:\ProgramData\ETC\HogPC\helptext\en\Skins\Default\Stylesheets\Images\ResponsiveBook.png 
1: {6501E546-28F5-4A0E-97E0-1CD914185417} 2: {A6214FCE-D6DF-43B2-8B99-8D7365BC4F31} 3: C:\ProgramData\ETC\HogPC\helptext\en\Skins\Default\Stylesheets\Images\ResponsiveBrowseSequenceActive.png 
1: {6501E546-28F5-4A0E-97E0-1CD914185417} 2: {E0AE58BC-89FD-4809-9CA0-348ECFD9D4D9} 3: C:\ProgramData\ETC\HogPC\helptext\en\Skins\Default\Stylesheets\Images\ResponsiveBrowseSequenceInactive.png 
1: {6501E546-28F5-4A0E-97E0-1CD914185417} 2: {FE3B119E-D6D8-400B-BFFF-D537EE59A9DE} 3: C:\ProgramData\ETC\HogPC\helptext\en\Skins\Default\Stylesheets\Images\ResponsiveCollapseAllButton.png 
1: {6501E546-28F5-4A0E-97E0-1CD914185417} 2: {E881574E-65D7-4E39-9F48-C9C5992D54D3} 3: C:\ProgramData\ETC\HogPC\helptext\en\Skins\Default\Stylesheets\Images\ResponsiveExpandAllButton.png 
1: {6501E546-28F5-4A0E-97E0-1CD914185417} 2: {5AAE9726-CC17-4EFF-8626-8BD5CD787469} 3: C:\ProgramData\ETC\HogPC\helptext\en\Skins\Default\Stylesheets\Images\ResponsiveGlossaryActive.png 
1: {6501E546-28F5-4A0E-97E0-1CD914185417} 2: {19F3C157-8930-4469-BC65-C84A1D6ED27B} 3: C:\ProgramData\ETC\HogPC\helptext\en\Skins\Default\Stylesheets\Images\ResponsiveGlossaryInactive.png 
1: {6501E546-28F5-4A0E-97E0-1CD914185417} 2: {C8212A76-8915-46B9-A286-8438D814162C} 3: C:\ProgramData\ETC\HogPC\helptext\en\Skins\Default\Stylesheets\Images\ResponsiveHome.png 
1: {6501E546-28F5-4A0E-97E0-1CD914185417} 2: {1906492A-3A00-4673-898F-14532C537E27} 3: C:\ProgramData\ETC\HogPC\helptext\en\Skins\Default\Stylesheets\Images\ResponsiveIndexActive.png 
1: {6501E546-28F5-4A0E-97E0-1CD914185417} 2: {592FBB7D-936A-4F63-80C2-4E68BCDE2294} 3: C:\ProgramData\ETC\HogPC\helptext\en\Skins\Default\Stylesheets\Images\ResponsiveIndexInactive.png 
1: {6501E546-28F5-4A0E-97E0-1CD914185417} 2: {FF39E94E-FCBA-47E6-8950-EB97930910B2} 3: C:\ProgramData\ETC\HogPC\helptext\en\Skins\Default\Stylesheets\Images\ResponsiveLogInButton.png 
1: {6501E546-28F5-4A0E-97E0-1CD914185417} 2: {24B964BF-4373-4189-AB86-1D3F61296681} 3: C:\ProgramData\ETC\HogPC\helptext\en\Skins\Default\Stylesheets\Images\ResponsiveMadCapLogo.png 
1: {6501E546-28F5-4A0E-97E0-1CD914185417} 2: {11E5DDA6-B8E7-4466-9178-89C07AF66D7F} 3: C:\ProgramData\ETC\HogPC\helptext\en\Skins\Default\Stylesheets\Images\ResponsiveMenuButton.png 
1: {6501E546-28F5-4A0E-97E0-1CD914185417} 2: {30E97DE2-DE65-41C6-960A-CBAA0EC53582} 3: C:\ProgramData\ETC\HogPC\helptext\en\Skins\Default\Stylesheets\Images\ResponsiveNextTopicButton.png 
1: {6501E546-28F5-4A0E-97E0-1CD914185417} 2: {DE4FAE37-7E89-4C88-AC45-627BCC8C1414} 3: C:\ProgramData\ETC\HogPC\helptext\en\Skins\Default\Stylesheets\Images\ResponsiveOpenBook.png 
1: {6501E546-28F5-4A0E-97E0-1CD914185417} 2: {DAACAA40-589B-4A1C-B87F-8E7B1BFE19E9} 3: C:\ProgramData\ETC\HogPC\helptext\en\Skins\Default\Stylesheets\Images\ResponsivePreviousTopicButton.png 
1: {6501E546-28F5-4A0E-97E0-1CD914185417} 2: {D2CFDCB7-0657-4ED9-B841-3C73588EFF44} 3: C:\ProgramData\ETC\HogPC\helptext\en\Skins\Default\Stylesheets\Images\ResponsivePrintButton.png 
1: {6501E546-28F5-4A0E-97E0-1CD914185417} 2: {088E5774-1498-4A50-8072-0ADAE50B9D39} 3: C:\ProgramData\ETC\HogPC\helptext\en\Skins\Default\Stylesheets\Images\ResponsiveRatingStarEmpty.png 
1: {6501E546-28F5-4A0E-97E0-1CD914185417} 2: {CFB8426B-9708-40ED-93D0-C67EAE8C3EEE} 3: C:\ProgramData\ETC\HogPC\helptext\en\Skins\Default\Stylesheets\Images\ResponsiveRatingStarFilled.png 
1: {6501E546-28F5-4A0E-97E0-1CD914185417} 2: {25583514-559C-4D4E-BBF5-B7CEB4116E3E} 3: C:\ProgramData\ETC\HogPC\helptext\en\Skins\Default\Stylesheets\Images\ResponsiveRemoveHighlightsButton.png 
1: {6501E546-28F5-4A0E-97E0-1CD914185417} 2: {087A6E37-E725-44CF-8864-8C0C23106EB5} 3: C:\ProgramData\ETC\HogPC\helptext\en\Skins\Default\Stylesheets\Images\ResponsiveSearch.png 
1: {6501E546-28F5-4A0E-97E0-1CD914185417} 2: {B8F4A20B-1916-4125-8706-391D647083F9} 3: C:\ProgramData\ETC\HogPC\helptext\en\Skins\Default\Stylesheets\Images\ResponsiveSearchFilterActive.png 
1: {6501E546-28F5-4A0E-97E0-1CD914185417} 2: {B5D73FAB-2E6F-4640-9975-E54B2F52A483} 3: C:\ProgramData\ETC\HogPC\helptext\en\Skins\Default\Stylesheets\Images\ResponsiveSearchFilterInactive.png 
1: {6501E546-28F5-4A0E-97E0-1CD914185417} 2: {3C081B7B-8828-47E9-AC28-A0C5BA4FE2EF} 3: C:\ProgramData\ETC\HogPC\helptext\en\Skins\Default\Stylesheets\Images\ResponsiveTOCActive.png 
1: {6501E546-28F5-4A0E-97E0-1CD914185417} 2: {2C785A0D-FC54-4D5B-92F9-DA8D858B6779} 3: C:\ProgramData\ETC\HogPC\helptext\en\Skins\Default\Stylesheets\Images\ResponsiveTOCInactive.png 
1: {6501E546-28F5-4A0E-97E0-1CD914185417} 2: {EF73199D-EA34-48F3-8B9B-5C5B359B1062} 3: C:\ProgramData\ETC\HogPC\helptext\en\Skins\Default\Stylesheets\Images\ResponsiveTopic.png 
1: {6501E546-28F5-4A0E-97E0-1CD914185417} 2: {B7949FCD-3872-4540-B087-72F90B54FF79} 3: C:\ProgramData\ETC\HogPC\helptext\en\Skins\Default\Stylesheets\Images\SearchIcon.png 
1: {6501E546-28F5-4A0E-97E0-1CD914185417} 2: {F8399176-1159-4E79-99E9-22EA36961F38} 3: C:\ProgramData\ETC\HogPC\helptext\en\Skins\Default\Stylesheets\Images\SearchIcon_1.png 
1: {6501E546-28F5-4A0E-97E0-1CD914185417} 2: {5C3709EB-6CDB-417C-8233-FE2465B9165E} 3: C:\ProgramData\ETC\HogPC\helptext\en\Skins\Default\Stylesheets\Images\select-language.png 
1: {6501E546-28F5-4A0E-97E0-1CD914185417} 2: {DFA226AE-6488-4CE3-8849-0C8D5EDC4128} 3: C:\ProgramData\ETC\HogPC\helptext\en\Skins\Default\Stylesheets\Images\select-skin.png 
1: {6501E546-28F5-4A0E-97E0-1CD914185417} 2: {3E9B0697-817A-46C6-8C89-95FCE328CE98} 3: C:\ProgramData\ETC\HogPC\helptext\en\Skins\Default\Stylesheets\Images\star-empty.png 
1: {6501E546-28F5-4A0E-97E0-1CD914185417} 2: {FC94B29E-2DC9-4E64-A10D-D4C667BD83F0} 3: C:\ProgramData\ETC\HogPC\helptext\en\Skins\Default\Stylesheets\Images\star-full.png 
1: {6501E546-28F5-4A0E-97E0-1CD914185417} 2: {62F81BDB-037B-4423-ABA6-78ADEBEE2091} 3: C:\ProgramData\ETC\HogPC\helptext\en\Skins\Default\Stylesheets\Images\starFull.png 
1: {6501E546-28F5-4A0E-97E0-1CD914185417} 2: {DB2B5282-301F-406D-B23F-599112BEBC82} 3: C:\ProgramData\ETC\HogPC\helptext\en\Skins\Default\Stylesheets\Images\StarrEmpty.png 
1: {6501E546-28F5-4A0E-97E0-1CD914185417} 2: {5541C258-11EF-4EF6-911C-C6EF43F8ED38} 3: C:\ProgramData\ETC\HogPC\helptext\en\Skins\Default\Stylesheets\Images\tocActive_1_1.png 
1: {6501E546-28F5-4A0E-97E0-1CD914185417} 2: {56DC6A5C-A909-4DF0-81F3-712334DD5A9D} 3: C:\ProgramData\ETC\HogPC\helptext\en\Skins\Default\Stylesheets\Images\tocInactive.png 
1: {6501E546-28F5-4A0E-97E0-1CD914185417} 2: {5A03458E-6B9F-4674-BB6C-E9D67114A12A} 3: C:\ProgramData\ETC\HogPC\helptext\en\Skins\Default\Stylesheets\Images\topic.png 
1: {6501E546-28F5-4A0E-97E0-1CD914185417} 2: {5DF6D332-156B-48C3-A7BA-4E353391D3C8} 3: C:\ProgramData\ETC\HogPC\helptext\en\Skins\Default\Stylesheets\Images\transparent.gif 
1: {6501E546-28F5-4A0E-97E0-1CD914185417} 2: {90216C31-4A32-4DED-9DFE-10E1E53F2A39} 3: C:\ProgramData\ETC\HogPC\resources\thumbnail_library\Color\0000_open.png 
1: {6501E546-28F5-4A0E-97E0-1CD914185417} 2: {59E04B8B-5086-4877-B8FB-F8AD78B5462E} 3: C:\ProgramData\ETC\HogPC\resources\thumbnail_library\Color\0001_cto.png 
1: {6501E546-28F5-4A0E-97E0-1CD914185417} 2: {6A408F62-EDA7-4443-916F-745C65D978C7} 3: C:\ProgramData\ETC\HogPC\resources\thumbnail_library\Color\0002_strawyellow.png 
1: {6501E546-28F5-4A0E-97E0-1CD914185417} 2: {61EBE42B-E5FB-4120-BF3C-AADCEB9A179D} 3: C:\ProgramData\ETC\HogPC\resources\thumbnail_library\Color\0003_yellow.png 
1: {6501E546-28F5-4A0E-97E0-1CD914185417} 2: {25BB7F4A-3BA6-4776-BFCE-C9E3813C47CB} 3: C:\ProgramData\ETC\HogPC\resources\thumbnail_library\Color\0004_amber.png 
1: {6501E546-28F5-4A0E-97E0-1CD914185417} 2: {29439ECE-917D-490F-90F5-05AE03024A7F} 3: C:\ProgramData\ETC\HogPC\resources\thumbnail_library\Color\0005_orange.png 
1: {6501E546-28F5-4A0E-97E0-1CD914185417} 2: {ECDA3176-2F55-46E5-9654-F4B550E9D750} 3: C:\ProgramData\ETC\HogPC\resources\thumbnail_library\Color\0006_darkamber.png 
1: {6501E546-28F5-4A0E-97E0-1CD914185417} 2: {1A49F5BC-37DB-4D3D-B382-985D74887EA4} 3: C:\ProgramData\ETC\HogPC\resources\thumbnail_library\Color\0007_flesh.png 
1: {6501E546-28F5-4A0E-97E0-1CD914185417} 2: {E6169341-519B-429F-A9D7-8F004A1CF5FE} 3: C:\ProgramData\ETC\HogPC\resources\thumbnail_library\Color\0008_brown.png 
1: {6501E546-28F5-4A0E-97E0-1CD914185417} 2: {5168B8BF-B469-4571-A575-4C0C7730B6C3} 3: C:\ProgramData\ETC\HogPC\resources\thumbnail_library\Color\0009_pink.png 
1: {6501E546-28F5-4A0E-97E0-1CD914185417} 2: {E10B5F96-6C0E-4455-98AD-82BBC8A989A4} 3: C:\ProgramData\ETC\HogPC\resources\thumbnail_library\Color\0010_darkpink.png 
1: {6501E546-28F5-4A0E-97E0-1CD914185417} 2: {0DCB9BF7-D4F8-41FB-AC91-BDB0DC2602D8} 3: C:\ProgramData\ETC\HogPC\resources\thumbnail_library\Color\0011_red1.png 
1: {6501E546-28F5-4A0E-97E0-1CD914185417} 2: {E6457B92-8908-4973-94AC-E938543CED01} 3: C:\ProgramData\ETC\HogPC\resources\thumbnail_library\Color\0012_red2.png 
1: {6501E546-28F5-4A0E-97E0-1CD914185417} 2: {B1B542B7-686F-4AB1-8713-FF340F4E77F6} 3: C:\ProgramData\ETC\HogPC\resources\thumbnail_library\Color\0013_mediumred.png 
1: {6501E546-28F5-4A0E-97E0-1CD914185417} 2: {92313F0F-BBF5-4D7C-A259-6BE79A375F7F} 3: C:\ProgramData\ETC\HogPC\resources\thumbnail_library\Color\0014_rosered.png 
1: {6501E546-28F5-4A0E-97E0-1CD914185417} 2: {25F54CFE-D7BD-437C-B881-5AD202286A61} 3: C:\ProgramData\ETC\HogPC\resources\thumbnail_library\Color\0015_magenta5.png 
1: {6501E546-28F5-4A0E-97E0-1CD914185417} 2: {3DC89207-8559-49C7-A544-9766EA4B55C7} 3: C:\ProgramData\ETC\HogPC\resources\thumbnail_library\Color\0016_magenta4.png 
1: {6501E546-28F5-4A0E-97E0-1CD914185417} 2: {7CCB5B65-BEE6-4EAC-9AEB-69E2045990D0} 3: C:\ProgramData\ETC\HogPC\resources\thumbnail_library\Color\0017_magenta3.png 
1: {6501E546-28F5-4A0E-97E0-1CD914185417} 2: {6FC982FB-0EA1-4D38-BA52-F3595F70B1DB} 3: C:\ProgramData\ETC\HogPC\resources\thumbnail_library\Color\0018_magenta1.png 
1: {6501E546-28F5-4A0E-97E0-1CD914185417} 2: {C92EFB86-6CD3-497A-952A-F6F039C5CE8D} 3: C:\ProgramData\ETC\HogPC\resources\thumbnail_library\Color\0019_magenta2.png 
1: {6501E546-28F5-4A0E-97E0-1CD914185417} 2: {2626A3BD-725C-4FB5-83CA-8B5CE9B7332C} 3: C:\ProgramData\ETC\HogPC\resources\thumbnail_library\Color\0020_purple1.png 
1: {6501E546-28F5-4A0E-97E0-1CD914185417} 2: {8164CB9C-9338-4BA0-8DCA-A1DE65947C1C} 3: C:\ProgramData\ETC\HogPC\resources\thumbnail_library\Color\0021_purple2.png 
1: {6501E546-28F5-4A0E-97E0-1CD914185417} 2: {D1CB35B2-D77C-424E-87CD-6802BBCB6BE9} 3: C:\ProgramData\ETC\HogPC\resources\thumbnail_library\Color\0022_lavender.png 
1: {6501E546-28F5-4A0E-97E0-1CD914185417} 2: {DFED27AF-C079-4EF6-B5F8-F823CC6A0DB2} 3: C:\ProgramData\ETC\HogPC\resources\thumbnail_library\Color\0023_indigo.png 
1: {6501E546-28F5-4A0E-97E0-1CD914185417} 2: {A001885F-DDF9-4245-95A2-A589511902A9} 3: C:\ProgramData\ETC\HogPC\resources\thumbnail_library\Color\0024_congo.png 
1: {6501E546-28F5-4A0E-97E0-1CD914185417} 2: {7067736E-8D85-4471-9DAE-515DC287E265} 3: C:\ProgramData\ETC\HogPC\resources\thumbnail_library\Color\0025_darkblue.png 
1: {6501E546-28F5-4A0E-97E0-1CD914185417} 2: {85AF0DB0-6D7B-44DB-A607-FC684DC83BB5} 3: C:\ProgramData\ETC\HogPC\resources\thumbnail_library\Color\0026_mediumblue.png 
1: {6501E546-28F5-4A0E-97E0-1CD914185417} 2: {C89973AE-638C-41A3-A8EB-17AF0DECFD3C} 3: C:\ProgramData\ETC\HogPC\resources\thumbnail_library\Color\0027_blue.png 
1: {6501E546-28F5-4A0E-97E0-1CD914185417} 2: {4A138A5C-0229-4CC5-9E93-BA05E6591258} 3: C:\ProgramData\ETC\HogPC\resources\thumbnail_library\Color\0028_lightblue.png 
1: {6501E546-28F5-4A0E-97E0-1CD914185417} 2: {6A737586-DD8A-4888-8526-ADBCCBE5C877} 3: C:\ProgramData\ETC\HogPC\resources\thumbnail_library\Color\0029_tealblue.png 
1: {6501E546-28F5-4A0E-97E0-1CD914185417} 2: {FEFBAADC-14EF-42F8-816F-32F8D1DF4423} 3: C:\ProgramData\ETC\HogPC\resources\thumbnail_library\Color\0030_blue2.png 
1: {6501E546-28F5-4A0E-97E0-1CD914185417} 2: {E2027B12-0111-4D45-90C2-1CA0168EB49A} 3: C:\ProgramData\ETC\HogPC\resources\thumbnail_library\Color\0031_steelblue.png 
1: {6501E546-28F5-4A0E-97E0-1CD914185417} 2: {F6908876-FCC4-435F-AC1B-509D51E57A52} 3: C:\ProgramData\ETC\HogPC\resources\thumbnail_library\Color\0032_babyblue.png 
1: {6501E546-28F5-4A0E-97E0-1CD914185417} 2: {90D3169C-DA86-4B48-8638-8204026EC4C9} 3: C:\ProgramData\ETC\HogPC\resources\thumbnail_library\Color\0033_ctb.png 
1: {6501E546-28F5-4A0E-97E0-1CD914185417} 2: {4F1B8DEA-F437-4664-BACA-6AA6BA68D605} 3: C:\ProgramData\ETC\HogPC\resources\thumbnail_library\Color\0034_paleblue.png 
1: {6501E546-28F5-4A0E-97E0-1CD914185417} 2: {19644923-B61F-46BC-B65A-89B7A97AC532} 3: C:\ProgramData\ETC\HogPC\resources\thumbnail_library\Color\0035_pacificgreen.png 
1: {6501E546-28F5-4A0E-97E0-1CD914185417} 2: {26885997-E4C0-499B-AECE-E42ECDA93BB3} 3: C:\ProgramData\ETC\HogPC\resources\thumbnail_library\Color\0036_bluegreen.png 
1: {6501E546-28F5-4A0E-97E0-1CD914185417} 2: {B7473B01-78A5-4B28-B739-EC9C66B5AB79} 3: C:\ProgramData\ETC\HogPC\resources\thumbnail_library\Color\0037_turqoise.png 
1: {6501E546-28F5-4A0E-97E0-1CD914185417} 2: {A3DD3610-4D07-4240-B223-FCF0ACB8D3B6} 3: C:\ProgramData\ETC\HogPC\resources\thumbnail_library\Color\0038_palegreen.png 
1: {6501E546-28F5-4A0E-97E0-1CD914185417} 2: {3C07D6D2-1B80-4AD4-9F68-954CDCBE8F64} 3: C:\ProgramData\ETC\HogPC\resources\thumbnail_library\Color\0039_mustard.png 
1: {6501E546-28F5-4A0E-97E0-1CD914185417} 2: {FBF71300-13E0-4593-8C9C-C92126041C4C} 3: C:\ProgramData\ETC\HogPC\resources\thumbnail_library\Color\0040_limegreen.png 
1: {6501E546-28F5-4A0E-97E0-1CD914185417} 2: {844C1179-AE86-4EC1-AF47-47A6E82BADE2} 3: C:\ProgramData\ETC\HogPC\resources\thumbnail_library\Color\0041_greenyellow.png 
1: {6501E546-28F5-4A0E-97E0-1CD914185417} 2: {39067B21-0C17-4F9E-AB79-ABCF8C4ED665} 3: C:\ProgramData\ETC\HogPC\resources\thumbnail_library\Color\0042_green2.png 
1: {6501E546-28F5-4A0E-97E0-1CD914185417} 2: {A31EAE02-B30A-4316-8B17-AE4BDD6FB5BE} 3: C:\ProgramData\ETC\HogPC\resources\thumbnail_library\Color\0043_green1.png 
1: {6501E546-28F5-4A0E-97E0-1CD914185417} 2: {93A7AB6C-80C2-451C-82D1-1D2DDB74555A} 3: C:\ProgramData\ETC\HogPC\resources\thumbnail_library\Color\0044_neongreen.png 
1: {6501E546-28F5-4A0E-97E0-1CD914185417} 2: {34489EFF-4EEC-45CD-BF32-335A052A5FFE} 3: C:\ProgramData\ETC\HogPC\resources\thumbnail_library\Color\0045.png 
1: {6501E546-28F5-4A0E-97E0-1CD914185417} 2: {734A0BF3-8D11-4E55-B14A-BF326AD573F0} 3: C:\ProgramData\ETC\HogPC\resources\thumbnail_library\Color\0046.png 
1: {6501E546-28F5-4A0E-97E0-1CD914185417} 2: {A7506C6A-CB21-459C-B9E5-25190BC368B0} 3: C:\ProgramData\ETC\HogPC\resources\thumbnail_library\Color\0047.PNG 
1: {6501E546-28F5-4A0E-97E0-1CD914185417} 2: {5D1DD0B8-D4ED-4516-8E73-59AFE9AD5EF2} 3: C:\ProgramData\ETC\HogPC\resources\thumbnail_library\Color\0048.PNG 
1: {6501E546-28F5-4A0E-97E0-1CD914185417} 2: {5682837B-4615-410B-8EA8-73DD663D24C9} 3: C:\ProgramData\ETC\HogPC\resources\thumbnail_library\Color\0049.PNG 
1: {6501E546-28F5-4A0E-97E0-1CD914185417} 2: {4F2A1F08-32FC-42F1-878C-A1D610FB23C0} 3: C:\ProgramData\ETC\HogPC\resources\thumbnail_library\Color\0050.PNG 
1: {6501E546-28F5-4A0E-97E0-1CD914185417} 2: {849109C2-9844-4A5A-97DA-24DE9D4E6E62} 3: C:\ProgramData\ETC\HogPC\resources\thumbnail_library\Color\0051.PNG 
1: {6501E546-28F5-4A0E-97E0-1CD914185417} 2: {EAD6D190-9C5F-46DE-BA25-C799C3FCB2B7} 3: C:\ProgramData\ETC\HogPC\resources\thumbnail_library\Color\0052.PNG 
1: {6501E546-28F5-4A0E-97E0-1CD914185417} 2: {E3B5DE8D-F1FB-4C31-A32E-088F281F8BF3} 3: C:\ProgramData\ETC\HogPC\resources\thumbnail_library\Color\0053.PNG 
1: {6501E546-28F5-4A0E-97E0-1CD914185417} 2: {EE32A82E-4AE4-4D35-8D7E-B4DA90BC717B} 3: C:\ProgramData\ETC\HogPC\resources\thumbnail_library\Color\0054.PNG 
1: {6501E546-28F5-4A0E-97E0-1CD914185417} 2: {8D982EB4-C974-4E9F-A19B-995FA2EA99C7} 3: C:\ProgramData\ETC\HogPC\resources\thumbnail_library\Color\0055.PNG 
1: {6501E546-28F5-4A0E-97E0-1CD914185417} 2: {0945F000-33BA-4680-AA05-DF62E3ED9C97} 3: C:\ProgramData\ETC\HogPC\resources\thumbnail_library\Color\0056.PNG 
1: {6501E546-28F5-4A0E-97E0-1CD914185417} 2: {DED65434-31FF-41A8-BE23-CE9E42457F32} 3: C:\ProgramData\ETC\HogPC\resources\thumbnail_library\Color\0057.png 
1: {6501E546-28F5-4A0E-97E0-1CD914185417} 2: {387ECD48-ED0D-4378-8EFC-3D495314F03C} 3: C:\ProgramData\ETC\HogPC\resources\thumbnail_library\Color\0058.png 
1: {6501E546-28F5-4A0E-97E0-1CD914185417} 2: {F1EAF27C-5526-489B-9F58-B3789297ED14} 3: C:\ProgramData\ETC\HogPC\resources\thumbnail_library\Color\0059.png 
1: {6501E546-28F5-4A0E-97E0-1CD914185417} 2: {03A8A825-3BF7-4985-9430-4363E655ED99} 3: C:\ProgramData\ETC\HogPC\resources\thumbnail_library\Color\0060.png 
1: {6501E546-28F5-4A0E-97E0-1CD914185417} 2: {C80FC92C-925F-4D96-8085-4660077DCD82} 3: C:\ProgramData\ETC\HogPC\resources\thumbnail_library\Color\0061.png 
1: {6501E546-28F5-4A0E-97E0-1CD914185417} 2: {443C8282-64F8-4B87-B840-B38FE33F781D} 3: C:\ProgramData\ETC\HogPC\resources\thumbnail_library\Color\0062.PNG 
1: {6501E546-28F5-4A0E-97E0-1CD914185417} 2: {E5902027-E429-4266-8273-3C24879A66E1} 3: C:\ProgramData\ETC\HogPC\resources\thumbnail_library\Color\0063.PNG 
1: {6501E546-28F5-4A0E-97E0-1CD914185417} 2: {DC37A53F-3A74-4592-9A9A-0590C2E5F57B} 3: C:\ProgramData\ETC\HogPC\resources\thumbnail_library\Color\0064.png 
1: {6501E546-28F5-4A0E-97E0-1CD914185417} 2: {AE8EFEE8-0A16-4F1F-AF8A-2EDA093BD833} 3: C:\ProgramData\ETC\HogPC\resources\thumbnail_library\Color\0065.png 
1: {6501E546-28F5-4A0E-97E0-1CD914185417} 2: {6E9F5275-9AF5-42B0-9721-1857DF528777} 3: C:\ProgramData\ETC\HogPC\resources\thumbnail_library\Color\0066.png 
1: {6501E546-28F5-4A0E-97E0-1CD914185417} 2: {FE37E1C0-B9D2-47D1-A984-3CF2A00097CD} 3: C:\ProgramData\ETC\HogPC\resources\thumbnail_library\Color\0067.png 
1: {6501E546-28F5-4A0E-97E0-1CD914185417} 2: {1474B39B-9078-41F1-B5D4-490AA4D92C24} 3: C:\ProgramData\ETC\HogPC\resources\thumbnail_library\Color\0068.png 
1: {6501E546-28F5-4A0E-97E0-1CD914185417} 2: {EE6DAC69-4104-48FD-ADAE-1F95EC07F87A} 3: C:\ProgramData\ETC\HogPC\resources\thumbnail_library\Color\0069.png 
1: {6501E546-28F5-4A0E-97E0-1CD914185417} 2: {01A05477-418A-4DAD-A101-9DB1EB06BAC4} 3: C:\ProgramData\ETC\HogPC\resources\thumbnail_library\Color\0070.png 
1: {6501E546-28F5-4A0E-97E0-1CD914185417} 2: {8EC9F826-E1DD-4905-A2DE-9B41CD229FF2} 3: C:\ProgramData\ETC\HogPC\resources\thumbnail_library\Color\0071.png 
1: {6501E546-28F5-4A0E-97E0-1CD914185417} 2: {86541124-D0B1-437B-88B7-F3B14D08DDD2} 3: C:\ProgramData\ETC\HogPC\resources\thumbnail_library\Color\0072.png 
1: {6501E546-28F5-4A0E-97E0-1CD914185417} 2: {FCDBCA02-D721-4B22-9DE2-2F03A18AE228} 3: C:\ProgramData\ETC\HogPC\resources\thumbnail_library\Frost\0000_open.png 
1: {6501E546-28F5-4A0E-97E0-1CD914185417} 2: {AACA75B8-A827-4DB5-8809-CCC1B5507CB8} 3: C:\ProgramData\ETC\HogPC\resources\thumbnail_library\Frost\0001_frost.png 
1: {6501E546-28F5-4A0E-97E0-1CD914185417} 2: {7FD4C8B6-D969-4680-A3DC-0AE2DD84D70C} 3: C:\ProgramData\ETC\HogPC\resources\thumbnail_library\Frost\0002_mediumfrost.png 
1: {6501E546-28F5-4A0E-97E0-1CD914185417} 2: {F1220793-48C8-43EB-844F-0EAB369792EB} 3: C:\ProgramData\ETC\HogPC\resources\thumbnail_library\Frost\0003_heavyfrost.png 
1: {6501E546-28F5-4A0E-97E0-1CD914185417} 2: {48E6FE91-CD3F-4747-A38F-E848C5B2050D} 3: C:\ProgramData\ETC\HogPC\resources\thumbnail_library\Frost\0004_narrowverticalfrost.png 
1: {6501E546-28F5-4A0E-97E0-1CD914185417} 2: {DF7555AE-C19B-4B42-B57D-AF9203735C73} 3: C:\ProgramData\ETC\HogPC\resources\thumbnail_library\Frost\0005_wideverticalfrost.png 
1: {6501E546-28F5-4A0E-97E0-1CD914185417} 2: {43D416B8-C56B-49FE-8D99-A40DD8C1414A} 3: C:\ProgramData\ETC\HogPC\resources\thumbnail_library\Frost\0006_heavyverticalfrost.png 
1: {6501E546-28F5-4A0E-97E0-1CD914185417} 2: {AAF23383-57C8-4D2A-921F-F6EFE30F719A} 3: C:\ProgramData\ETC\HogPC\resources\thumbnail_library\Frost\0007_heavysquarefrost.png 
1: {6501E546-28F5-4A0E-97E0-1CD914185417} 2: {B04E27C8-0772-41F9-972F-0E7AF2892779} 3: C:\ProgramData\ETC\HogPC\resources\thumbnail_library\Frost\0008_widehorizontalfrost.png 
1: {6501E546-28F5-4A0E-97E0-1CD914185417} 2: {CBFD5759-B217-4B13-A08B-D0CACD0CDD53} 3: C:\ProgramData\ETC\HogPC\resources\thumbnail_library\Frost\0009_narrowhorizontalfrost.png 
1: {6501E546-28F5-4A0E-97E0-1CD914185417} 2: {28A0E20F-C5C9-4D9C-AEFE-2FD95599DE0A} 3: C:\ProgramData\ETC\HogPC\resources\thumbnail_library\Frost\0010_squarefrost.png 
1: {6501E546-28F5-4A0E-97E0-1CD914185417} 2: {C58AD23E-D222-40E6-B61D-A62DC231B2F5} 3: C:\ProgramData\ETC\HogPC\resources\thumbnail_library\Frost\0011_lightsquarefrost.png 
1: {6501E546-28F5-4A0E-97E0-1CD914185417} 2: {C0D7590A-612B-4FF3-87BE-33B8F6F1AA20} 3: C:\ProgramData\ETC\HogPC\resources\thumbnail_library\Frost\0012_conefrost.png 
1: {6501E546-28F5-4A0E-97E0-1CD914185417} 2: {EAF9A859-95A3-43F9-9DF1-952D7853CA02} 3: C:\ProgramData\ETC\HogPC\resources\thumbnail_library\Frost\0013_gradientfrost.png 
1: {6501E546-28F5-4A0E-97E0-1CD914185417} 2: {25FE4C1B-1C93-480E-921E-6F0C343CABD8} 3: C:\ProgramData\ETC\HogPC\resources\thumbnail_library\Frost\0014_mediumconefrost.png 
1: {6501E546-28F5-4A0E-97E0-1CD914185417} 2: {41BF840B-C776-4D1B-8DA5-CEB688254C1E} 3: C:\ProgramData\ETC\HogPC\resources\thumbnail_library\Frost\0015_heavyconefrost.png 
1: {6501E546-28F5-4A0E-97E0-1CD914185417} 2: {EAE87BD5-91C4-4989-A6A2-2F79EEBAED2E} 3: C:\ProgramData\ETC\HogPC\resources\thumbnail_library\Frost\0016_diagonalfrost.png 
1: {6501E546-28F5-4A0E-97E0-1CD914185417} 2: {8D474AD8-9508-40C8-9141-EF781B6FC6E6} 3: C:\ProgramData\ETC\HogPC\resources\thumbnail_library\Frost\0017_ovalfrost.png 
1: {6501E546-28F5-4A0E-97E0-1CD914185417} 2: {BEE8389B-8F9D-415B-BE04-A080B8B27B91} 3: C:\ProgramData\ETC\HogPC\resources\thumbnail_library\Frost\0018_wideovalfrost.png 
1: {6501E546-28F5-4A0E-97E0-1CD914185417} 2: {EBF63105-CD6E-41D6-82A7-DE93BD49B999} 3: C:\ProgramData\ETC\HogPC\resources\thumbnail_library\Frost\0019_frost.png 
1: {6501E546-28F5-4A0E-97E0-1CD914185417} 2: {DD4ABCA1-2279-43F1-B3D1-C64BFB9B68F0} 3: C:\ProgramData\ETC\HogPC\resources\thumbnail_library\Gobo\0000_open.png 
1: {6501E546-28F5-4A0E-97E0-1CD914185417} 2: {D17B64CD-E283-42B3-82A9-280632931BAB} 3: C:\ProgramData\ETC\HogPC\resources\thumbnail_library\Gobo\3D_arrow_right.png 
1: {6501E546-28F5-4A0E-97E0-1CD914185417} 2: {81982AC3-A672-490F-B03B-0AA0463FC820} 3: C:\ProgramData\ETC\HogPC\resources\thumbnail_library\Gobo\3D_ball_spike_small.png 
1: {6501E546-28F5-4A0E-97E0-1CD914185417} 2: {D2DE0328-672A-491F-A07F-91D389732807} 3: C:\ProgramData\ETC\HogPC\resources\thumbnail_library\Gobo\3D_cracked_puzzle_maze.png 
1: {6501E546-28F5-4A0E-97E0-1CD914185417} 2: {D3839542-A86C-4FC3-8E45-6C4C4598D9BC} 3: C:\ProgramData\ETC\HogPC\resources\thumbnail_library\Gobo\3D_cubes_multi_small.png 
1: {6501E546-28F5-4A0E-97E0-1CD914185417} 2: {2FAFE3B4-50E3-4D10-B26B-CE9943B29F05} 3: C:\ProgramData\ETC\HogPC\resources\thumbnail_library\Gobo\3D_curved_triangle_multi_bulge_specks_dots_tiny.png 
1: {6501E546-28F5-4A0E-97E0-1CD914185417} 2: {98FE496A-BDFA-4179-9F90-F6915FD36888} 3: C:\ProgramData\ETC\HogPC\resources\thumbnail_library\Gobo\3D_donut_mesh_net-ring_tilted_angle.png 
1: {6501E546-28F5-4A0E-97E0-1CD914185417} 2: {3BD17C6B-B7BC-4F92-8AC3-840CE434271D} 3: C:\ProgramData\ETC\HogPC\resources\thumbnail_library\Gobo\3D_donut_net_mesh_tilted.png 
1: {6501E546-28F5-4A0E-97E0-1CD914185417} 2: {CC543E19-A966-4437-A4ED-B31955EF82F8} 3: C:\ProgramData\ETC\HogPC\resources\thumbnail_library\Gobo\3D_eight_pointed_star_starburst_radial.png 
1: {6501E546-28F5-4A0E-97E0-1CD914185417} 2: {AAEC0F52-A5A7-4FD7-8995-BBCEB7560FBD} 3: C:\ProgramData\ETC\HogPC\resources\thumbnail_library\Gobo\3D_glass_diagonal_bars_slats.png 
1: {6501E546-28F5-4A0E-97E0-1CD914185417} 2: {C7AE88A5-777A-4F45-864A-BC33E8D1ACB9} 3: C:\ProgramData\ETC\HogPC\resources\thumbnail_library\Gobo\3D_glass_water_spray_archs_curves.png 
1: {6501E546-28F5-4A0E-97E0-1CD914185417} 2: {598F8786-358A-460C-9650-42A920AF89FD} 3: C:\ProgramData\ETC\HogPC\resources\thumbnail_library\Gobo\3D_leather_texture_small.png 
1: {6501E546-28F5-4A0E-97E0-1CD914185417} 2: {CF5FCE67-CA7E-4F0B-9B81-A6F8D1FB9D55} 3: C:\ProgramData\ETC\HogPC\resources\thumbnail_library\Gobo\3D_net_circles_multi_dimmensional.png 
1: {6501E546-28F5-4A0E-97E0-1CD914185417} 2: {9A592AE4-248B-43AA-8A40-BD1E0B8A368E} 3: C:\ProgramData\ETC\HogPC\resources\thumbnail_library\Gobo\3D_net_mesh_mutli_dots.png 
1: {6501E546-28F5-4A0E-97E0-1CD914185417} 2: {AEBB8361-F748-4BBA-80F6-8396D10B2EEB} 3: C:\ProgramData\ETC\HogPC\resources\thumbnail_library\Gobo\3D_overlapped_lines_circles_texture.png 
1: {6501E546-28F5-4A0E-97E0-1CD914185417} 2: {545612A8-6CA3-48EC-B803-23F190775CEA} 3: C:\ProgramData\ETC\HogPC\resources\thumbnail_library\Gobo\3D_pointed_spike_net_mesh_star.png 
1: {6501E546-28F5-4A0E-97E0-1CD914185417} 2: {F339A3ED-6619-4F2D-B85C-7C35D6959C74} 3: C:\ProgramData\ETC\HogPC\resources\thumbnail_library\Gobo\3D_pointed_star_stripes_ball_color_red.png 
1: {6501E546-28F5-4A0E-97E0-1CD914185417} 2: {9D8F54AA-9791-4CCC-A430-6D5E065714E1} 3: C:\ProgramData\ETC\HogPC\resources\thumbnail_library\Gobo\3D_puzzle_starburst_cones.png 
1: {6501E546-28F5-4A0E-97E0-1CD914185417} 2: {BF352377-4ECE-4EE3-8AB6-ECA2265B422C} 3: C:\ProgramData\ETC\HogPC\resources\thumbnail_library\Gobo\3D_rectangular_prisms_cube_grayscale.png 
1: {6501E546-28F5-4A0E-97E0-1CD914185417} 2: {30001819-4414-4A7F-9375-23A0DE6B4316} 3: C:\ProgramData\ETC\HogPC\resources\thumbnail_library\Gobo\3D_ripple_foil_waves_hills.png 
1: {6501E546-28F5-4A0E-97E0-1CD914185417} 2: {7AE5F479-52EC-46AE-A181-21EFE8D45920} 3: C:\ProgramData\ETC\HogPC\resources\thumbnail_library\Gobo\3D_rods_cones_spheres_symmetrical.png 
1: {6501E546-28F5-4A0E-97E0-1CD914185417} 2: {713096F6-F5C1-40FF-8EE9-B42AEF149693} 3: C:\ProgramData\ETC\HogPC\resources\thumbnail_library\Gobo\3D_rotating_left_tubes_curves_pinwheel.png 
1: {6501E546-28F5-4A0E-97E0-1CD914185417} 2: {F7BBB78E-D1DD-417E-A984-9E5989EDD947} 3: C:\ProgramData\ETC\HogPC\resources\thumbnail_library\Gobo\3D_skull_face_image.png 
1: {6501E546-28F5-4A0E-97E0-1CD914185417} 2: {FB3AAA57-2107-403C-B464-6FBB1954FD5B} 3: C:\ProgramData\ETC\HogPC\resources\thumbnail_library\Gobo\3D_spikes_ball_star_red_sun_color.png 
1: {6501E546-28F5-4A0E-97E0-1CD914185417} 2: {717A06DE-D9D4-49DE-98DD-9202E537830E} 3: C:\ProgramData\ETC\HogPC\resources\thumbnail_library\Gobo\3D_spike_ball.png 
1: {6501E546-28F5-4A0E-97E0-1CD914185417} 2: {C2AACACA-7067-4F37-9911-8FF456A631CE} 3: C:\ProgramData\ETC\HogPC\resources\thumbnail_library\Gobo\3D_spiral_color_spin_blue.png 
1: {6501E546-28F5-4A0E-97E0-1CD914185417} 2: {AB8E9CFC-A13C-4E5C-B134-96850C2E6127} 3: C:\ProgramData\ETC\HogPC\resources\thumbnail_library\Gobo\3D_square_diamond_warped_bulge_silver.png 
1: {6501E546-28F5-4A0E-97E0-1CD914185417} 2: {B3B37BF9-2C2E-45A5-AE31-4DC6FE8FDA59} 3: C:\ProgramData\ETC\HogPC\resources\thumbnail_library\Gobo\3D_star_single_one.png 
1: {6501E546-28F5-4A0E-97E0-1CD914185417} 2: {788CF74D-59BD-4EC4-9F57-651751D87D43} 3: C:\ProgramData\ETC\HogPC\resources\thumbnail_library\Gobo\3D_swirl_spiral_thick.png 
1: {6501E546-28F5-4A0E-97E0-1CD914185417} 2: {EC9C0E4D-7746-4D2A-B82F-FE46134EF404} 3: C:\ProgramData\ETC\HogPC\resources\thumbnail_library\Gobo\3D_tiny_triangles_color_pink.png 
1: {6501E546-28F5-4A0E-97E0-1CD914185417} 2: {8E6758BB-838C-4C82-B20E-EB9369AE88F0} 3: C:\ProgramData\ETC\HogPC\resources\thumbnail_library\Gobo\3D_warped_swirl_twist_bulge_silver.png 
1: {6501E546-28F5-4A0E-97E0-1CD914185417} 2: {8296532B-0900-4F62-A7ED-DB46E82FA29F} 3: C:\ProgramData\ETC\HogPC\resources\thumbnail_library\Gobo\3D_water_ripple_waves_texture_medium.png 
1: {6501E546-28F5-4A0E-97E0-1CD914185417} 2: {BA8B64A9-6C54-47D7-AEA2-E19E3DD254FE} 3: C:\ProgramData\ETC\HogPC\resources\thumbnail_library\Gobo\abyss_red_yellow_lava_psychedelic_tiedye.png 
1: {6501E546-28F5-4A0E-97E0-1CD914185417} 2: {E191A029-E639-4800-BD91-DD854AA2BEDE} 3: C:\ProgramData\ETC\HogPC\resources\thumbnail_library\Gobo\arrow_curve_right.png 
1: {6501E546-28F5-4A0E-97E0-1CD914185417} 2: {AB82E1DC-7B41-46B8-891F-148509120543} 3: C:\ProgramData\ETC\HogPC\resources\thumbnail_library\Gobo\arrow_right_detailed_tribal.png 
1: {6501E546-28F5-4A0E-97E0-1CD914185417} 2: {D542BBE3-75CD-4219-8899-FAC7AAE31E72} 3: C:\ProgramData\ETC\HogPC\resources\thumbnail_library\Gobo\arrow_right_pointer.png 
1: {6501E546-28F5-4A0E-97E0-1CD914185417} 2: {F8C58C2A-450A-4AD5-87F7-F2BD9D4424EE} 3: C:\ProgramData\ETC\HogPC\resources\thumbnail_library\Gobo\arrow_up.png 
1: {6501E546-28F5-4A0E-97E0-1CD914185417} 2: {41C1614E-01AD-4159-80DE-BD053EBF8CCC} 3: C:\ProgramData\ETC\HogPC\resources\thumbnail_library\Gobo\arrow_up_angled_bottom.png 
1: {6501E546-28F5-4A0E-97E0-1CD914185417} 2: {167D7A65-37F8-487D-A534-778BA72052D6} 3: C:\ProgramData\ETC\HogPC\resources\thumbnail_library\Gobo\arrow_up_horizontal_segmented.png 
1: {6501E546-28F5-4A0E-97E0-1CD914185417} 2: {D6660B5A-1648-43C1-A542-81960C8B1BF2} 3: C:\ProgramData\ETC\HogPC\resources\thumbnail_library\Gobo\asymmetrical_curves_dots_big.png 
1: {6501E546-28F5-4A0E-97E0-1CD914185417} 2: {BA8F1BF3-16EC-47FD-BB8B-17463FE6E4C6} 3: C:\ProgramData\ETC\HogPC\resources\thumbnail_library\Gobo\asymmetrical_swirls_curved_archs.png 
1: {6501E546-28F5-4A0E-97E0-1CD914185417} 2: {BB25D170-C7C4-44AA-B40E-24488D3ED91B} 3: C:\ProgramData\ETC\HogPC\resources\thumbnail_library\Gobo\asymmetrical_tribal_bug_curved.png 
1: {6501E546-28F5-4A0E-97E0-1CD914185417} 2: {6FBD429F-5E56-4C50-B014-88E7012E22E3} 3: C:\ProgramData\ETC\HogPC\resources\thumbnail_library\Gobo\bars_lines_maze_tunnel.png 
1: {6501E546-28F5-4A0E-97E0-1CD914185417} 2: {905A5456-B134-4013-9EE2-418624B3C7C7} 3: C:\ProgramData\ETC\HogPC\resources\thumbnail_library\Gobo\bars_spiral_swirl_four_layer.png 
1: {6501E546-28F5-4A0E-97E0-1CD914185417} 2: {05722441-04B4-4F21-9562-86BB50D71450} 3: C:\ProgramData\ETC\HogPC\resources\thumbnail_library\Gobo\bars_sunburst_circle_symmetrical.png 
1: {6501E546-28F5-4A0E-97E0-1CD914185417} 2: {37C1D9BD-FD1B-4120-8AE1-863223F3DC1D} 3: C:\ProgramData\ETC\HogPC\resources\thumbnail_library\Gobo\bars_vertical_lines_three.png 
1: {6501E546-28F5-4A0E-97E0-1CD914185417} 2: {14468990-5293-4C88-B418-06954244672C} 3: C:\ProgramData\ETC\HogPC\resources\thumbnail_library\Gobo\bar_single_rectangle_big.png 
1: {6501E546-28F5-4A0E-97E0-1CD914185417} 2: {A9E25B1F-03A4-4743-B4A0-61B13B6B03CC} 3: C:\ProgramData\ETC\HogPC\resources\thumbnail_library\Gobo\biohazard_big_segmented_circles.png 
1: {6501E546-28F5-4A0E-97E0-1CD914185417} 2: {B0D1EBFA-79D4-481A-90D0-B4A2754B9EA5} 3: C:\ProgramData\ETC\HogPC\resources\thumbnail_library\Gobo\biohazard_four_ring_overlap_layer.png 
1: {6501E546-28F5-4A0E-97E0-1CD914185417} 2: {DF1E1028-8343-4E66-958D-6FAB67835CEA} 3: C:\ProgramData\ETC\HogPC\resources\thumbnail_library\Gobo\bio_hazard_warn_nuclear_tri.png 
1: {6501E546-28F5-4A0E-97E0-1CD914185417} 2: {024DF85A-E6C4-4B6F-831C-7297BF76BFED} 3: C:\ProgramData\ETC\HogPC\resources\thumbnail_library\Gobo\blue_cobblestones_medium.png 
1: {6501E546-28F5-4A0E-97E0-1CD914185417} 2: {C2C5D577-6A18-40D4-A4F0-7ED3ED373A98} 3: C:\ProgramData\ETC\HogPC\resources\thumbnail_library\Gobo\blue_purple_gatlin_eight.png 
1: {6501E546-28F5-4A0E-97E0-1CD914185417} 2: {9CF3B327-845D-4170-BAEF-63A6F257674B} 3: C:\ProgramData\ETC\HogPC\resources\thumbnail_library\Gobo\blurred_glass_circle_golf.png 
1: {6501E546-28F5-4A0E-97E0-1CD914185417} 2: {1631E5BA-2A3E-4F61-A672-36ECCA9F3016} 3: C:\ProgramData\ETC\HogPC\resources\thumbnail_library\Gobo\blurred_gradient_circle_sphere_one.png 
1: {6501E546-28F5-4A0E-97E0-1CD914185417} 2: {E5DEB26F-57E8-46C8-87C4-A94C9F5DFB76} 3: C:\ProgramData\ETC\HogPC\resources\thumbnail_library\Gobo\blurred_sun_thin_smudge_pink_purple_multicolor.png 
1: {6501E546-28F5-4A0E-97E0-1CD914185417} 2: {984CC8CF-CA91-4FF3-9D51-84D2D34F207D} 3: C:\ProgramData\ETC\HogPC\resources\thumbnail_library\Gobo\blur_small_circles_bulge_sphere.png 
1: {6501E546-28F5-4A0E-97E0-1CD914185417} 2: {CD4366CA-0713-4669-97E9-2CAEB5F296E5} 3: C:\ProgramData\ETC\HogPC\resources\thumbnail_library\Gobo\breakup_broken_lines_shattered_multi.png 
1: {6501E546-28F5-4A0E-97E0-1CD914185417} 2: {793BA6F7-D258-48CF-BB71-0118316CB8E6} 3: C:\ProgramData\ETC\HogPC\resources\thumbnail_library\Gobo\breakup_grid_curves_puzzle.png 
1: {6501E546-28F5-4A0E-97E0-1CD914185417} 2: {D45DAD2D-66D9-45FD-B845-35C81EB5B2E5} 3: C:\ProgramData\ETC\HogPC\resources\thumbnail_library\Gobo\breakup_leaves_foliage.png 
1: {6501E546-28F5-4A0E-97E0-1CD914185417} 2: {3A93169F-9144-4B64-8F02-5CDCDD4727FA} 3: C:\ProgramData\ETC\HogPC\resources\thumbnail_library\Gobo\breakup_multi_foliage_rectangles.png 
1: {6501E546-28F5-4A0E-97E0-1CD914185417} 2: {7F30017A-28EF-45E8-AE16-1A880152567C} 3: C:\ProgramData\ETC\HogPC\resources\thumbnail_library\Gobo\breakup_overlapping_lines_layers_thin_net_spiderweb.png 
1: {6501E546-28F5-4A0E-97E0-1CD914185417} 2: {6C20C93B-1B63-44AD-BFC9-123E5F41CBAD} 3: C:\ProgramData\ETC\HogPC\resources\thumbnail_library\Gobo\breakup_scattered_foliage_multi.png 
1: {6501E546-28F5-4A0E-97E0-1CD914185417} 2: {8C6A47C2-4863-4E14-958B-F30FA312C521} 3: C:\ProgramData\ETC\HogPC\resources\thumbnail_library\Gobo\breakup_smooth_color_red_orange_yellow.png 
1: {6501E546-28F5-4A0E-97E0-1CD914185417} 2: {0C8BA3EF-CEE3-4A29-8B39-F8188BC67094} 3: C:\ProgramData\ETC\HogPC\resources\thumbnail_library\Gobo\brick_square_horizontal_lines_squares.png 
1: {6501E546-28F5-4A0E-97E0-1CD914185417} 2: {4807442E-FE98-4A7D-A137-D2E6CCDB0710} 3: C:\ProgramData\ETC\HogPC\resources\thumbnail_library\Gobo\brokenglass_glass_conglomerate.png 
1: {6501E546-28F5-4A0E-97E0-1CD914185417} 2: {241FC55B-C340-41C8-AB2B-39E2E985F9E2} 3: C:\ProgramData\ETC\HogPC\resources\thumbnail_library\Gobo\broken_glass_multicolor_shattered_blue_green.png 
1: {6501E546-28F5-4A0E-97E0-1CD914185417} 2: {6FAAD0AF-8319-4218-A795-202430C3F37C} 3: C:\ProgramData\ETC\HogPC\resources\thumbnail_library\Gobo\broken_glass_shattered.png 
1: {6501E546-28F5-4A0E-97E0-1CD914185417} 2: {7966F6B8-EF99-4A45-A5CB-B473ECEFA597} 3: C:\ProgramData\ETC\HogPC\resources\thumbnail_library\Gobo\broken_shattered_layer_pink_purple_paint_multicolor.png 
1: {6501E546-28F5-4A0E-97E0-1CD914185417} 2: {6D80F4C8-DBFD-4DA6-A7BD-E99B4425C9EB} 3: C:\ProgramData\ETC\HogPC\resources\thumbnail_library\Gobo\broken_square_shapes_shattered_breakup.png 
1: {6501E546-28F5-4A0E-97E0-1CD914185417} 2: {4A6BF865-5076-4214-8605-9298902E946E} 3: C:\ProgramData\ETC\HogPC\resources\thumbnail_library\Gobo\bulge_rings_tiny_dots_multi.png 
1: {6501E546-28F5-4A0E-97E0-1CD914185417} 2: {C80860B0-DEF8-4464-A51B-DCFCF8167474} 3: C:\ProgramData\ETC\HogPC\resources\thumbnail_library\Gobo\burst_lines_sharp_blast.png 
1: {6501E546-28F5-4A0E-97E0-1CD914185417} 2: {861AE7F1-860F-438D-8215-3448C58383CA} 3: C:\ProgramData\ETC\HogPC\resources\thumbnail_library\Gobo\checkered_tunnel_warped_3D.png 
1: {6501E546-28F5-4A0E-97E0-1CD914185417} 2: {EFCD9A77-4330-40CC-83B8-393EB1DEAD4F} 3: C:\ProgramData\ETC\HogPC\resources\thumbnail_library\Gobo\checkered_zigzag_tunnel.png 
1: {6501E546-28F5-4A0E-97E0-1CD914185417} 2: {A1549312-BACF-4AD9-B32A-291C8EF10256} 3: C:\ProgramData\ETC\HogPC\resources\thumbnail_library\Gobo\cinema_one_number_grid.png 
1: {6501E546-28F5-4A0E-97E0-1CD914185417} 2: {DC22A7E5-76C2-4DCC-98CD-CCEC675D44C3} 3: C:\ProgramData\ETC\HogPC\resources\thumbnail_library\Gobo\cinema_zero_number_grid.png 
1: {6501E546-28F5-4A0E-97E0-1CD914185417} 2: {3C91D1B7-D8B7-4CAE-9D87-3DEF6F04D063} 3: C:\ProgramData\ETC\HogPC\resources\thumbnail_library\Gobo\circles_rings_multi_symmetrical.png 
1: {6501E546-28F5-4A0E-97E0-1CD914185417} 2: {05D3719F-0065-4858-94CE-E5488CE705A5} 3: C:\ProgramData\ETC\HogPC\resources\thumbnail_library\Gobo\circles_weave_connected_swirl_puzzle.png 
1: {6501E546-28F5-4A0E-97E0-1CD914185417} 2: {295444A6-9E4B-4E03-BD8A-F7E5F8EFAC37} 3: C:\ProgramData\ETC\HogPC\resources\thumbnail_library\Gobo\circle_big_horizontal_cut_three_quarter.png 
1: {6501E546-28F5-4A0E-97E0-1CD914185417} 2: {6FC673CC-E677-4F9C-97F3-3D85E8D9FCE8} 3: C:\ProgramData\ETC\HogPC\resources\thumbnail_library\Gobo\circle_big_horizontal_cut_two_thirds.png 
1: {6501E546-28F5-4A0E-97E0-1CD914185417} 2: {31BA1317-AB06-4094-861A-843230977C77} 3: C:\ProgramData\ETC\HogPC\resources\thumbnail_library\Gobo\circle_gun_scope_bars.png 
1: {6501E546-28F5-4A0E-97E0-1CD914185417} 2: {B0BABF03-42B0-4801-AB4C-0EDDF89D95EC} 3: C:\ProgramData\ETC\HogPC\resources\thumbnail_library\Gobo\circle_paint_pink_purple.png 
1: {6501E546-28F5-4A0E-97E0-1CD914185417} 2: {FE693131-3921-47DF-A306-BCD3228874ED} 3: C:\ProgramData\ETC\HogPC\resources\thumbnail_library\Gobo\circle_splatter_ring_weave.png 
1: {6501E546-28F5-4A0E-97E0-1CD914185417} 2: {0794D859-8A86-4922-B86B-F4695ED3CF9C} 3: C:\ProgramData\ETC\HogPC\resources\thumbnail_library\Gobo\circle_star_multi_pointed_spikes.png 
1: {6501E546-28F5-4A0E-97E0-1CD914185417} 2: {072D7FAC-18EB-4766-A34D-E72920FB1267} 3: C:\ProgramData\ETC\HogPC\resources\thumbnail_library\Gobo\circle_sun_paint_multicolor_green_yellow_drip_thin.png 
1: {6501E546-28F5-4A0E-97E0-1CD914185417} 2: {EB7157DF-F224-455E-85C1-1379CB51191D} 3: C:\ProgramData\ETC\HogPC\resources\thumbnail_library\Gobo\circular_clouds_lines_rose_flower_fan_spin.png 
1: {6501E546-28F5-4A0E-97E0-1CD914185417} 2: {25466467-9AA3-4258-B2A1-A72199D15F18} 3: C:\ProgramData\ETC\HogPC\resources\thumbnail_library\Gobo\cloud_breakup_medium.png 
1: {6501E546-28F5-4A0E-97E0-1CD914185417} 2: {72D7AD52-9CF0-485F-B7BC-B8F4AC237995} 3: C:\ProgramData\ETC\HogPC\resources\thumbnail_library\Gobo\cloud_breakup_small.png 
1: {6501E546-28F5-4A0E-97E0-1CD914185417} 2: {D60D52DE-D9C7-4D2D-8E0F-D8BBE0EB2141} 3: C:\ProgramData\ETC\HogPC\resources\thumbnail_library\Gobo\cloud_dust_mist.png 
1: {6501E546-28F5-4A0E-97E0-1CD914185417} 2: {94E44836-0D31-437A-9AAE-40D03DC404ED} 3: C:\ProgramData\ETC\HogPC\resources\thumbnail_library\Gobo\cloud_large.png 
1: {6501E546-28F5-4A0E-97E0-1CD914185417} 2: {865DDB2D-2E27-47A9-825C-5362D78AC23D} 3: C:\ProgramData\ETC\HogPC\resources\thumbnail_library\Gobo\cobblestone_medium_breakup.png 
1: {6501E546-28F5-4A0E-97E0-1CD914185417} 2: {E3FB27D5-282C-4FED-9702-806AF6C1B100} 3: C:\ProgramData\ETC\HogPC\resources\thumbnail_library\Gobo\cog_silhouette_layer_square.png 
1: {6501E546-28F5-4A0E-97E0-1CD914185417} 2: {937ABD04-E73B-49DC-A218-CC31FF7D80CB} 3: C:\ProgramData\ETC\HogPC\resources\thumbnail_library\Gobo\cracks_lines_diagonal_broken.png 
1: {6501E546-28F5-4A0E-97E0-1CD914185417} 2: {4D29A1BA-3A53-4EB1-A4A2-095988CBADFE} 3: C:\ProgramData\ETC\HogPC\resources\thumbnail_library\Gobo\cracks_thin_broken_zigzag_circle.png 
1: {6501E546-28F5-4A0E-97E0-1CD914185417} 2: {D50BCAB2-6AA9-4590-BB24-4E916B8EFF82} 3: C:\ProgramData\ETC\HogPC\resources\thumbnail_library\Gobo\crater_glass_deep.png 
1: {6501E546-28F5-4A0E-97E0-1CD914185417} 2: {D224116A-081A-41D2-A605-EF36974CAA63} 3: C:\ProgramData\ETC\HogPC\resources\thumbnail_library\Gobo\crater_glass_extra_deep.png 
1: {6501E546-28F5-4A0E-97E0-1CD914185417} 2: {17A1B028-3A40-4BC7-8D09-8D3B1B6D491B} 3: C:\ProgramData\ETC\HogPC\resources\thumbnail_library\Gobo\criss_cross_lines_mesh_puzzle.png 
1: {6501E546-28F5-4A0E-97E0-1CD914185417} 2: {07A51831-8C2F-41C3-AD73-1EC7BD31E9F9} 3: C:\ProgramData\ETC\HogPC\resources\thumbnail_library\Gobo\criss_cross_lines_tiny_squares_multi_net.png 
1: {6501E546-28F5-4A0E-97E0-1CD914185417} 2: {51C0BDBB-3768-40D5-BCA3-C31B3D5A7745} 3: C:\ProgramData\ETC\HogPC\resources\thumbnail_library\Gobo\criss_cross_x_pieces_triangles_flower.png 
1: {6501E546-28F5-4A0E-97E0-1CD914185417} 2: {9E5194C1-9A69-417A-91B8-B9688806ED78} 3: C:\ProgramData\ETC\HogPC\resources\thumbnail_library\Gobo\cross_flower_bubble.png 
1: {6501E546-28F5-4A0E-97E0-1CD914185417} 2: {1042E387-60FE-42B7-995A-A7AFE0CDB238} 3: C:\ProgramData\ETC\HogPC\resources\thumbnail_library\Gobo\cross_medium_curved_bars.png 
1: {6501E546-28F5-4A0E-97E0-1CD914185417} 2: {D3994288-4F2E-4D70-8BC2-54D38EA018ED} 3: C:\ProgramData\ETC\HogPC\resources\thumbnail_library\Gobo\cross_ovals_bars_symmetrical.png 
1: {6501E546-28F5-4A0E-97E0-1CD914185417} 2: {F0F3E92E-917A-4242-A704-41BD5D001AC5} 3: C:\ProgramData\ETC\HogPC\resources\thumbnail_library\Gobo\cross_symmetrical_wedges_divide_four.png 
1: {6501E546-28F5-4A0E-97E0-1CD914185417} 2: {C22B4922-EFF5-4798-93A8-63B0C53424A6} 3: C:\ProgramData\ETC\HogPC\resources\thumbnail_library\Gobo\cross_target_twelve_segments_breakup.png 
1: {6501E546-28F5-4A0E-97E0-1CD914185417} 2: {9C2D8171-AF0A-4B9B-A260-3BC12E09C266} 3: C:\ProgramData\ETC\HogPC\resources\thumbnail_library\Gobo\currved_spiral_spin_large.png 
1: {6501E546-28F5-4A0E-97E0-1CD914185417} 2: {E970556B-F883-43BC-B006-F6217745CCAE} 3: C:\ProgramData\ETC\HogPC\resources\thumbnail_library\Gobo\curved_arrow_left.png 
1: {6501E546-28F5-4A0E-97E0-1CD914185417} 2: {51C432B7-3898-4A70-B589-AA1B8A26D9CD} 3: C:\ProgramData\ETC\HogPC\resources\thumbnail_library\Gobo\curved_breakup_medium.png 
1: {6501E546-28F5-4A0E-97E0-1CD914185417} 2: {3F62960D-289D-45FA-BEFF-031FDA6BDBEF} 3: C:\ProgramData\ETC\HogPC\resources\thumbnail_library\Gobo\curved_breakup_small.png 
1: {6501E546-28F5-4A0E-97E0-1CD914185417} 2: {FAFDC137-812C-4702-A023-6497A551341C} 3: C:\ProgramData\ETC\HogPC\resources\thumbnail_library\Gobo\curved_square_breakup_lines_grid_multi.png 
1: {6501E546-28F5-4A0E-97E0-1CD914185417} 2: {C9F9CE07-D358-4785-B3DD-07DC0508BDC8} 3: C:\ProgramData\ETC\HogPC\resources\thumbnail_library\Gobo\curved_square_stretched_outline_four_wedges.png 
1: {6501E546-28F5-4A0E-97E0-1CD914185417} 2: {0E2947AD-66E0-42E1-A8FA-E3FBE986E11D} 3: C:\ProgramData\ETC\HogPC\resources\thumbnail_library\Gobo\curved_triangle_spin_fan_spiral_twist.png 
1: {6501E546-28F5-4A0E-97E0-1CD914185417} 2: {31D223D7-8026-4777-83BA-FFA5039920C1} 3: C:\ProgramData\ETC\HogPC\resources\thumbnail_library\Gobo\curved_wedges_rotating_left_color_blue_pinwheel.png 
1: {6501E546-28F5-4A0E-97E0-1CD914185417} 2: {9273BDD3-9FA2-4512-AE11-0B3718DA977E} 3: C:\ProgramData\ETC\HogPC\resources\thumbnail_library\Gobo\curved_zigzag-arch_multi.png 
1: {6501E546-28F5-4A0E-97E0-1CD914185417} 2: {30AAEBFC-67A8-4052-8822-B2D0EC8347DE} 3: C:\ProgramData\ETC\HogPC\resources\thumbnail_library\Gobo\curves_archs_foliage_breakup_medium.png 
1: {6501E546-28F5-4A0E-97E0-1CD914185417} 2: {3CE34D25-9292-4CA4-BAE1-2AA80CD96F62} 3: C:\ProgramData\ETC\HogPC\resources\thumbnail_library\Gobo\dapple_medium_texture_breakup.png 
1: {6501E546-28F5-4A0E-97E0-1CD914185417} 2: {ACF0C4E4-BE8B-46AA-940D-C744624ACAB0} 3: C:\ProgramData\ETC\HogPC\resources\thumbnail_library\Gobo\desert_image_silhouette.png 
1: {6501E546-28F5-4A0E-97E0-1CD914185417} 2: {2EDD89F7-6942-44BF-B93E-8892FDBF5533} 3: C:\ProgramData\ETC\HogPC\resources\thumbnail_library\Gobo\diagonal_bars_medium.png 
1: {6501E546-28F5-4A0E-97E0-1CD914185417} 2: {75A7F4A4-970A-4C11-A565-C8874EF7B7C2} 3: C:\ProgramData\ETC\HogPC\resources\thumbnail_library\Gobo\diagonal_blurred_oval.png 
1: {6501E546-28F5-4A0E-97E0-1CD914185417} 2: {0E98F5FF-71FF-4B3D-9619-8DDE8FD0B5DA} 3: C:\ProgramData\ETC\HogPC\resources\thumbnail_library\Gobo\diagonal_divide_color_split_purple_green.png 
1: {6501E546-28F5-4A0E-97E0-1CD914185417} 2: {282D8E8D-CA77-4DB0-AAEC-F9CC113E03B3} 3: C:\ProgramData\ETC\HogPC\resources\thumbnail_library\Gobo\diagonal_slices_lines_divide_three_color_yellow_purple_blue.png 
1: {6501E546-28F5-4A0E-97E0-1CD914185417} 2: {5649C9A8-8F22-4D40-BEC2-1E6EDBBC223B} 3: C:\ProgramData\ETC\HogPC\resources\thumbnail_library\Gobo\diagonal_stripes_thin_triangles.png 
1: {6501E546-28F5-4A0E-97E0-1CD914185417} 2: {0961EEAE-DE89-4831-B37F-769CEF22CE08} 3: C:\ProgramData\ETC\HogPC\resources\thumbnail_library\Gobo\disconnect_squigle_winding.png 
1: {6501E546-28F5-4A0E-97E0-1CD914185417} 2: {5DFE0581-3DCF-4C5E-9F28-72D1359E44D6} 3: C:\ProgramData\ETC\HogPC\resources\thumbnail_library\Gobo\doodle_thin_curve_line.png 
1: {6501E546-28F5-4A0E-97E0-1CD914185417} 2: {F082ED4B-477E-4E74-BEBE-C6C2C627B3CC} 3: C:\ProgramData\ETC\HogPC\resources\thumbnail_library\Gobo\dots_breakup_medium.png 
1: {6501E546-28F5-4A0E-97E0-1CD914185417} 2: {57B2EE15-B641-4928-B654-D2BF4080BE25} 3: C:\ProgramData\ETC\HogPC\resources\thumbnail_library\Gobo\dots_breakup_small.png 
1: {6501E546-28F5-4A0E-97E0-1CD914185417} 2: {903AD4C0-B329-469F-AD9A-94535DDFF251} 3: C:\ProgramData\ETC\HogPC\resources\thumbnail_library\Gobo\dots_bubbles_filled_gradients.png 
1: {6501E546-28F5-4A0E-97E0-1CD914185417} 2: {D753F365-0477-4142-958B-890919EC1BB2} 3: C:\ProgramData\ETC\HogPC\resources\thumbnail_library\Gobo\dots_cross_fifteen.png 
1: {6501E546-28F5-4A0E-97E0-1CD914185417} 2: {DF9CFC89-20E2-4F8D-B895-68BD6FA7D4F3} 3: C:\ProgramData\ETC\HogPC\resources\thumbnail_library\Gobo\dots_fourdots_dotgrid.png 
1: {6501E546-28F5-4A0E-97E0-1CD914185417} 2: {50D1A95D-CB8E-4C13-882A-2CEE6A62B0A2} 3: C:\ProgramData\ETC\HogPC\resources\thumbnail_library\Gobo\dots_four_large.png 
1: {6501E546-28F5-4A0E-97E0-1CD914185417} 2: {C9481CAE-92DE-45E9-BA4D-39E6FA1E2B9E} 3: C:\ProgramData\ETC\HogPC\resources\thumbnail_library\Gobo\dots_gatlin_multi_thirteen_phone.png 
1: {6501E546-28F5-4A0E-97E0-1CD914185417} 2: {2CB1125E-072B-4D62-B433-ADFBEB3F82FD} 3: C:\ProgramData\ETC\HogPC\resources\thumbnail_library\Gobo\dots_line_horizontal_ten.png 
1: {6501E546-28F5-4A0E-97E0-1CD914185417} 2: {04455732-B0D9-4647-91BE-1AD5CD0F4DF4} 3: C:\ProgramData\ETC\HogPC\resources\thumbnail_library\Gobo\dots_medium_random.png 
1: {6501E546-28F5-4A0E-97E0-1CD914185417} 2: {45DA924E-738B-4F7F-9FF5-296F3C869F1E} 3: C:\ProgramData\ETC\HogPC\resources\thumbnail_library\Gobo\dots_multi_random.png 
1: {6501E546-28F5-4A0E-97E0-1CD914185417} 2: {E12699D4-846C-4DA8-9242-51900875C7B8} 3: C:\ProgramData\ETC\HogPC\resources\thumbnail_library\Gobo\dots_multi_sizes.png 
1: {6501E546-28F5-4A0E-97E0-1CD914185417} 2: {9D899407-330E-4BA8-AC2A-ECF0CA0856AA} 3: C:\ProgramData\ETC\HogPC\resources\thumbnail_library\Gobo\dots_radial_starburst_sun_fan_symmetrical.png 
1: {6501E546-28F5-4A0E-97E0-1CD914185417} 2: {8D4E271F-CDA3-4A6B-824E-BE1BB4377B61} 3: C:\ProgramData\ETC\HogPC\resources\thumbnail_library\Gobo\dots_sizes_five.png 
1: {6501E546-28F5-4A0E-97E0-1CD914185417} 2: {044471F1-F1CA-41D5-B441-41D1546E56D1} 3: C:\ProgramData\ETC\HogPC\resources\thumbnail_library\Gobo\dots_swirl_spin_squiggles_foliage.png 
1: {6501E546-28F5-4A0E-97E0-1CD914185417} 2: {B9552714-C391-4987-93E1-664AD8F31EEA} 3: C:\ProgramData\ETC\HogPC\resources\thumbnail_library\Gobo\dots_tri_three_horizontal.png 
1: {6501E546-28F5-4A0E-97E0-1CD914185417} 2: {DF31F643-BD12-4C80-AD39-427C5A8DA35E} 3: C:\ProgramData\ETC\HogPC\resources\thumbnail_library\Gobo\dot_mesh_grid_symmetrical.png 
1: {6501E546-28F5-4A0E-97E0-1CD914185417} 2: {E1435503-714C-46E0-A5B1-1F56EEEEA5A0} 3: C:\ProgramData\ETC\HogPC\resources\thumbnail_library\Gobo\double_arrow_two_triangles.png 
1: {6501E546-28F5-4A0E-97E0-1CD914185417} 2: {C112B4A2-42FC-4A94-A5F1-91AA50FEBA20} 3: C:\ProgramData\ETC\HogPC\resources\thumbnail_library\Gobo\douser_black.png 
1: {6501E546-28F5-4A0E-97E0-1CD914185417} 2: {7C1DD977-8339-44A8-90DD-6707EEEE75FC} 3: C:\ProgramData\ETC\HogPC\resources\thumbnail_library\Gobo\eighteen_diamond_square_line_curved.png 
1: {6501E546-28F5-4A0E-97E0-1CD914185417} 2: {EEFD16E7-9ED9-4F8B-A2A5-987EFAD0616F} 3: C:\ProgramData\ETC\HogPC\resources\thumbnail_library\Gobo\eighteen_dots_multi.png 
1: {6501E546-28F5-4A0E-97E0-1CD914185417} 2: {8CBCD010-DA80-4EFC-8CE1-8E0EE0861355} 3: C:\ProgramData\ETC\HogPC\resources\thumbnail_library\Gobo\eighteen_multisize_dots_bubbles.png 
1: {6501E546-28F5-4A0E-97E0-1CD914185417} 2: {C4888C9F-81BB-4B8B-9E47-2880BD7EC9AB} 3: C:\ProgramData\ETC\HogPC\resources\thumbnail_library\Gobo\eighteen_rounded_multi_squares.png 
1: {6501E546-28F5-4A0E-97E0-1CD914185417} 2: {2021D30D-48F3-46FB-9564-8C090EDCA8BE} 3: C:\ProgramData\ETC\HogPC\resources\thumbnail_library\Gobo\eighteen_square_border_small_color_red.png 
1: {6501E546-28F5-4A0E-97E0-1CD914185417} 2: {54BD38A7-9349-4EE6-A3F0-7DE334F666BB} 3: C:\ProgramData\ETC\HogPC\resources\thumbnail_library\Gobo\eighteen_square_ring_cone.png 
1: {6501E546-28F5-4A0E-97E0-1CD914185417} 2: {759074CA-D0F5-418C-823F-49E0D74814FA} 3: C:\ProgramData\ETC\HogPC\resources\thumbnail_library\Gobo\eights_bars_lines_ovals_fan_flower.png 
1: {6501E546-28F5-4A0E-97E0-1CD914185417} 2: {F36802D1-9F8A-426D-A6E6-83D8C33D409E} 3: C:\ProgramData\ETC\HogPC\resources\thumbnail_library\Gobo\eight_arrow_radial_fan_symmetrical.png 
1: {6501E546-28F5-4A0E-97E0-1CD914185417} 2: {72022771-7BD6-40D6-8AB7-29D369963047} 3: C:\ProgramData\ETC\HogPC\resources\thumbnail_library\Gobo\eight_asymmetrical_curved_pinwheel.png 
1: {6501E546-28F5-4A0E-97E0-1CD914185417} 2: {B45011DB-8D79-45D2-90D4-82B4B45A44FA} 3: C:\ProgramData\ETC\HogPC\resources\thumbnail_library\Gobo\eight_bar_fan_circle_color_yellow.png 
1: {6501E546-28F5-4A0E-97E0-1CD914185417} 2: {2EE9D26F-3043-4557-918D-DE7562C947D4} 3: C:\ProgramData\ETC\HogPC\resources\thumbnail_library\Gobo\eight_bolts_circle.png 
1: {6501E546-28F5-4A0E-97E0-1CD914185417} 2: {4DACDF9B-165E-4ED6-B093-BC910852878E} 3: C:\ProgramData\ETC\HogPC\resources\thumbnail_library\Gobo\eight_circle_fan_symmetrical.png 
1: {6501E546-28F5-4A0E-97E0-1CD914185417} 2: {B59DAAF0-180C-4C51-8C49-CC6D09838546} 3: C:\ProgramData\ETC\HogPC\resources\thumbnail_library\Gobo\eight_curved_cones_radial_color_red.png 
1: {6501E546-28F5-4A0E-97E0-1CD914185417} 2: {FC12431A-77A5-4FA0-A0AB-F91D85C2195C} 3: C:\ProgramData\ETC\HogPC\resources\thumbnail_library\Gobo\eight_curved_iris_wedges.png 
1: {6501E546-28F5-4A0E-97E0-1CD914185417} 2: {0BAE2078-6CDE-431B-AE77-2B11C79AB5E2} 3: C:\ProgramData\ETC\HogPC\resources\thumbnail_library\Gobo\eight_diamonds_symmetrical_cones.png 
1: {6501E546-28F5-4A0E-97E0-1CD914185417} 2: {372048E4-B11A-426F-8540-FD3477966C1B} 3: C:\ProgramData\ETC\HogPC\resources\thumbnail_library\Gobo\eight_dots_border_circle_cinema_purple_color.png 
1: {6501E546-28F5-4A0E-97E0-1CD914185417} 2: {7907D195-7835-4D57-8BD8-D71E6320EF19} 3: C:\ProgramData\ETC\HogPC\resources\thumbnail_library\Gobo\eight_dots_border_circle_cinema_red_color.png 
1: {6501E546-28F5-4A0E-97E0-1CD914185417} 2: {2EAEAA5F-13E8-4D65-82D4-2B7230261957} 3: C:\ProgramData\ETC\HogPC\resources\thumbnail_library\Gobo\eight_dots_breakup_big.png 
1: {6501E546-28F5-4A0E-97E0-1CD914185417} 2: {2FCF9175-F448-4D80-A4E8-1018D0845BFB} 3: C:\ProgramData\ETC\HogPC\resources\thumbnail_library\Gobo\eight_dots_circle_border_small.png 
1: {6501E546-28F5-4A0E-97E0-1CD914185417} 2: {50DBCFB9-91BF-4E97-B5E1-547E24B303C6} 3: C:\ProgramData\ETC\HogPC\resources\thumbnail_library\Gobo\eight_dots_circle_center_cinema_color_purple.png 
1: {6501E546-28F5-4A0E-97E0-1CD914185417} 2: {D3889040-D651-4E7B-9BA5-B124D144454A} 3: C:\ProgramData\ETC\HogPC\resources\thumbnail_library\Gobo\eight_dots_circle_center_cinema_color_red.png 
1: {6501E546-28F5-4A0E-97E0-1CD914185417} 2: {A158BE32-32A3-4D7D-8A80-C0CA420FA9AB} 3: C:\ProgramData\ETC\HogPC\resources\thumbnail_library\Gobo\eight_dots_circle_multi_sun.png 
1: {6501E546-28F5-4A0E-97E0-1CD914185417} 2: {B164BA83-68D9-4083-AC06-90A85CD9E6A8} 3: C:\ProgramData\ETC\HogPC\resources\thumbnail_library\Gobo\eight_dots_fortune_cookie_wedges_small_flower.png 
1: {6501E546-28F5-4A0E-97E0-1CD914185417} 2: {55C1BBEC-1583-47CB-90AF-C2217E74D5D4} 3: C:\ProgramData\ETC\HogPC\resources\thumbnail_library\Gobo\eight_dots_medium_asymmetrical.png 
1: {6501E546-28F5-4A0E-97E0-1CD914185417} 2: {A9B8E073-6308-4267-A9A2-841E983C9E86} 3: C:\ProgramData\ETC\HogPC\resources\thumbnail_library\Gobo\eight_dots_vertical_bars_medium.png 
1: {6501E546-28F5-4A0E-97E0-1CD914185417} 2: {3249B5E8-A13F-4BB5-AD1A-A4CCEF1C6731} 3: C:\ProgramData\ETC\HogPC\resources\thumbnail_library\Gobo\eight_fan_bars_medium_symmetrical.png 
1: {6501E546-28F5-4A0E-97E0-1CD914185417} 2: {ADF9B34F-189E-4122-A9BE-F2EFE07A2105} 3: C:\ProgramData\ETC\HogPC\resources\thumbnail_library\Gobo\eight_flower_petal_teardrop.png 
1: {6501E546-28F5-4A0E-97E0-1CD914185417} 2: {0B254FA5-AF04-4D3E-9ECD-D6F1279E5774} 3: C:\ProgramData\ETC\HogPC\resources\thumbnail_library\Gobo\eight_horizontal_wave_stripes.png 
1: {6501E546-28F5-4A0E-97E0-1CD914185417} 2: {A93B88B1-AF59-4A29-A8D5-C610284E9E1F} 3: C:\ProgramData\ETC\HogPC\resources\thumbnail_library\Gobo\eight_interlocking_rings_medium_symmetrical.png 
1: {6501E546-28F5-4A0E-97E0-1CD914185417} 2: {20814D00-0E81-4B0D-8859-9641FBA1C2BC} 3: C:\ProgramData\ETC\HogPC\resources\thumbnail_library\Gobo\eight_inverted_wedges_cones_radial.png 
1: {6501E546-28F5-4A0E-97E0-1CD914185417} 2: {7FCBBAAE-5A97-439E-982B-223429644B31} 3: C:\ProgramData\ETC\HogPC\resources\thumbnail_library\Gobo\eight_jagged_rotating_pinwheel.png 
1: {6501E546-28F5-4A0E-97E0-1CD914185417} 2: {CF3871EC-23AC-4C11-86F0-C4F82C4B106A} 3: C:\ProgramData\ETC\HogPC\resources\thumbnail_library\Gobo\eight_layer_slices_wedges_spiral.png 
1: {6501E546-28F5-4A0E-97E0-1CD914185417} 2: {BAF66E16-33B1-4660-B647-40CA6D700DC3} 3: C:\ProgramData\ETC\HogPC\resources\thumbnail_library\Gobo\eight_legs_spiral_spin_fan.png 
1: {6501E546-28F5-4A0E-97E0-1CD914185417} 2: {E526DCD1-F473-4D2B-AE46-972E638DB317} 3: C:\ProgramData\ETC\HogPC\resources\thumbnail_library\Gobo\eight_lines_shooting_star_tunnel.png 
1: {6501E546-28F5-4A0E-97E0-1CD914185417} 2: {4AF3A420-FF98-4E2C-BA1D-BCE08EAEC310} 3: C:\ProgramData\ETC\HogPC\resources\thumbnail_library\Gobo\eight_ovals_multi_sun_.png 
1: {6501E546-28F5-4A0E-97E0-1CD914185417} 2: {A8FAD4D0-58DC-4936-AA37-F1AFFD3D6643} 3: C:\ProgramData\ETC\HogPC\resources\thumbnail_library\Gobo\eight_ovals_ring_medium_symmetrical.png 
1: {6501E546-28F5-4A0E-97E0-1CD914185417} 2: {0B074270-C508-4F55-88F9-EAF55E02E490} 3: C:\ProgramData\ETC\HogPC\resources\thumbnail_library\Gobo\eight_ovals_tunnel_spiral_spin.png 
1: {6501E546-28F5-4A0E-97E0-1CD914185417} 2: {FAD2B51D-39F9-4BAC-8329-88E5913C4EF5} 3: C:\ProgramData\ETC\HogPC\resources\thumbnail_library\Gobo\eight_oval_ring_color_red.png 
1: {6501E546-28F5-4A0E-97E0-1CD914185417} 2: {37BC42C6-4A0A-4D7C-8BD1-F1E53D213642} 3: C:\ProgramData\ETC\HogPC\resources\thumbnail_library\Gobo\eight_pegs_breakup_flower_wheel.png 
1: {6501E546-28F5-4A0E-97E0-1CD914185417} 2: {C92C6A72-0232-4A30-8E72-5D866C634B0A} 3: C:\ProgramData\ETC\HogPC\resources\thumbnail_library\Gobo\eight_petal_flower_radial_symmetrical.png 
1: {6501E546-28F5-4A0E-97E0-1CD914185417} 2: {5625299E-A698-4D36-B79E-3946489B0085} 3: C:\ProgramData\ETC\HogPC\resources\thumbnail_library\Gobo\eight_petal_overlay_radial.png 
1: {6501E546-28F5-4A0E-97E0-1CD914185417} 2: {7EB02134-B3D2-4174-8C44-AB8C85AECEA7} 3: C:\ProgramData\ETC\HogPC\resources\thumbnail_library\Gobo\eight_pointed_inverted_star_curved_bars.png 
1: {6501E546-28F5-4A0E-97E0-1CD914185417} 2: {F92606F4-56CC-4F73-BD94-FCA17E2850E6} 3: C:\ProgramData\ETC\HogPC\resources\thumbnail_library\Gobo\eight_pointed_single_star_symmetrical.png 
1: {6501E546-28F5-4A0E-97E0-1CD914185417} 2: {98933042-81FA-41EC-A4F1-72B14BCD0A8F} 3: C:\ProgramData\ETC\HogPC\resources\thumbnail_library\Gobo\eight_pointed_sixteen_oval_radial_symmetrical.png 
1: {6501E546-28F5-4A0E-97E0-1CD914185417} 2: {234DD1B5-4287-4433-81D0-24B22B1A43EE} 3: C:\ProgramData\ETC\HogPC\resources\thumbnail_library\Gobo\eight_pointed_star_half.png 
1: {6501E546-28F5-4A0E-97E0-1CD914185417} 2: {CACE98D9-D601-47F2-B869-6974FE3B7F0F} 3: C:\ProgramData\ETC\HogPC\resources\thumbnail_library\Gobo\eight_pointed_star_radial_symmetrical.png 
1: {6501E546-28F5-4A0E-97E0-1CD914185417} 2: {9BD0B449-31A3-46BF-BE5A-50321CE91E30} 3: C:\ProgramData\ETC\HogPC\resources\thumbnail_library\Gobo\eight_pointed_star_starburst_radial_symmetrical.png 
1: {6501E546-28F5-4A0E-97E0-1CD914185417} 2: {931C2229-5F53-418B-89B9-974C3DD61986} 3: C:\ProgramData\ETC\HogPC\resources\thumbnail_library\Gobo\eight_pointed_wedge_fan_symmetrical.png 
1: {6501E546-28F5-4A0E-97E0-1CD914185417} 2: {A995AA5F-FA8D-4348-9A29-A946B22BAD43} 3: C:\ProgramData\ETC\HogPC\resources\thumbnail_library\Gobo\eight_point_ovals_sun_varioius_sizes_color_red.png 
1: {6501E546-28F5-4A0E-97E0-1CD914185417} 2: {A3FBE3AA-D776-4075-BA1D-8CA20AA17994} 3: C:\ProgramData\ETC\HogPC\resources\thumbnail_library\Gobo\eight_point_ovals_sun_various_sizes_color_purple.png 
1: {6501E546-28F5-4A0E-97E0-1CD914185417} 2: {7A7BD7D2-C4B5-4074-BB62-5D362AF03420} 3: C:\ProgramData\ETC\HogPC\resources\thumbnail_library\Gobo\eight_rectangles_curved_multi_checkered.png 
1: {6501E546-28F5-4A0E-97E0-1CD914185417} 2: {8AAE6BF3-35A7-4B6A-A9E6-A6CA5C7D2188} 3: C:\ProgramData\ETC\HogPC\resources\thumbnail_library\Gobo\eight_rectangle_squares_overlap_border_circle.png 
1: {6501E546-28F5-4A0E-97E0-1CD914185417} 2: {31AAB117-65B6-4700-B697-805620DF7756} 3: C:\ProgramData\ETC\HogPC\resources\thumbnail_library\Gobo\eight_ring_oval_petals_radial_symmetrical.png 
1: {6501E546-28F5-4A0E-97E0-1CD914185417} 2: {3A1250A6-545C-4296-9092-0E75808AF014} 3: C:\ProgramData\ETC\HogPC\resources\thumbnail_library\Gobo\eight_rotating_right_archs_symmetrical.png 
1: {6501E546-28F5-4A0E-97E0-1CD914185417} 2: {639254D1-3370-4058-87BB-968F7D25BF3E} 3: C:\ProgramData\ETC\HogPC\resources\thumbnail_library\Gobo\eight_rotating_right_flags_radial_triangles_color_blue.png 
1: {6501E546-28F5-4A0E-97E0-1CD914185417} 2: {5D89E249-7202-46EF-A4A3-87BEC1F4812B} 3: C:\ProgramData\ETC\HogPC\resources\thumbnail_library\Gobo\eight_rounded_bars_fan_radial_symmetrical.png 
1: {6501E546-28F5-4A0E-97E0-1CD914185417} 2: {E0407824-6671-4D53-99F0-33E3945A96E0} 3: C:\ProgramData\ETC\HogPC\resources\thumbnail_library\Gobo\eight_segmented_radial_wheel.png 
1: {6501E546-28F5-4A0E-97E0-1CD914185417} 2: {F157EBFE-CAE6-4307-838E-9732E1BC0A0F} 3: C:\ProgramData\ETC\HogPC\resources\thumbnail_library\Gobo\eight_segmented_wedges_petals_symmetrical.png 
1: {6501E546-28F5-4A0E-97E0-1CD914185417} 2: {7E378B32-4345-485C-B13F-07B0508CFF29} 3: C:\ProgramData\ETC\HogPC\resources\thumbnail_library\Gobo\eight_slices_lines_symmetrical_bulge_cross.png 
1: {6501E546-28F5-4A0E-97E0-1CD914185417} 2: {5FE4EE52-0418-44BF-8F23-3E2BE6FE0ED3} 3: C:\ProgramData\ETC\HogPC\resources\thumbnail_library\Gobo\eight_small_dots.png 
1: {6501E546-28F5-4A0E-97E0-1CD914185417} 2: {3912A94F-FB61-4A03-A60E-E085998FEF49} 3: C:\ProgramData\ETC\HogPC\resources\thumbnail_library\Gobo\eight_small_dots_circle_border_color_purple.png 
1: {6501E546-28F5-4A0E-97E0-1CD914185417} 2: {EF8D6156-F10E-4FAC-A0A0-1F766E01AFFB} 3: C:\ProgramData\ETC\HogPC\resources\thumbnail_library\Gobo\eight_small_vertical_dots_line.png 
1: {6501E546-28F5-4A0E-97E0-1CD914185417} 2: {4553C235-94DD-4107-8CA3-E5A8AF516F33} 3: C:\ProgramData\ETC\HogPC\resources\thumbnail_library\Gobo\eight_squiggle_rotating.png 
1: {6501E546-28F5-4A0E-97E0-1CD914185417} 2: {B09ECEB0-0AEC-4779-886F-F9AF6AF75894} 3: C:\ProgramData\ETC\HogPC\resources\thumbnail_library\Gobo\eight_star_rectangular_points_color_red.png 
1: {6501E546-28F5-4A0E-97E0-1CD914185417} 2: {397F6D3A-DF72-4EBD-B0A2-52B693C6C82B} 3: C:\ProgramData\ETC\HogPC\resources\thumbnail_library\Gobo\eight_sun_rays_fan_pointed.png 
1: {6501E546-28F5-4A0E-97E0-1CD914185417} 2: {294D7B34-C358-4B91-B88D-D23104D20457} 3: C:\ProgramData\ETC\HogPC\resources\thumbnail_library\Gobo\eight_symmetrical_ovals_wheel.png 
1: {6501E546-28F5-4A0E-97E0-1CD914185417} 2: {622782FD-294D-4002-9352-95F564B68704} 3: C:\ProgramData\ETC\HogPC\resources\thumbnail_library\Gobo\eight_thin_squiggles_fan_spin.png 
1: {6501E546-28F5-4A0E-97E0-1CD914185417} 2: {8D99B73D-8180-4D48-9DD1-0D93B77F3D5D} 3: C:\ProgramData\ETC\HogPC\resources\thumbnail_library\Gobo\eight_thin_stretched_ovals_flower_multi.png 
1: {6501E546-28F5-4A0E-97E0-1CD914185417} 2: {6B8AB2F1-835A-4E2D-9FBB-F41A1221C0B0} 3: C:\ProgramData\ETC\HogPC\resources\thumbnail_library\Gobo\eight_tounged_star_symmetrical_radial.png 
1: {6501E546-28F5-4A0E-97E0-1CD914185417} 2: {986C2E12-1170-41CE-802E-6B91443242DB} 3: C:\ProgramData\ETC\HogPC\resources\thumbnail_library\Gobo\eight_triangles_squares_symmetrical.png 
1: {6501E546-28F5-4A0E-97E0-1CD914185417} 2: {043E53CB-B2E7-4572-B940-6C15BBB08E78} 3: C:\ProgramData\ETC\HogPC\resources\thumbnail_library\Gobo\eight_wavey_bars_big.png 
1: {6501E546-28F5-4A0E-97E0-1CD914185417} 2: {1C1034F9-A367-4A04-930A-865A0875D620} 3: C:\ProgramData\ETC\HogPC\resources\thumbnail_library\Gobo\eight_wedges_symmetrical.png 
1: {6501E546-28F5-4A0E-97E0-1CD914185417} 2: {EBA9406A-780A-48FD-A2D4-140D908CFE33} 3: C:\ProgramData\ETC\HogPC\resources\thumbnail_library\Gobo\eight_zigzag_radial_starburst.png 
1: {6501E546-28F5-4A0E-97E0-1CD914185417} 2: {C30BDDA1-E8B2-447A-94ED-1E5033960D30} 3: C:\ProgramData\ETC\HogPC\resources\thumbnail_library\Gobo\eleven_dots_radial_starburst_sun_symmetrical.png 
1: {6501E546-28F5-4A0E-97E0-1CD914185417} 2: {75722FFD-BD9C-4BE0-875F-63B45509A38D} 3: C:\ProgramData\ETC\HogPC\resources\thumbnail_library\Gobo\eleven_horizontal_squiggles.png 
1: {6501E546-28F5-4A0E-97E0-1CD914185417} 2: {3C386720-FCFE-4B6E-B170-1A204C69D5B5} 3: C:\ProgramData\ETC\HogPC\resources\thumbnail_library\Gobo\eleven_medium_stars.png 
1: {6501E546-28F5-4A0E-97E0-1CD914185417} 2: {D440F49B-2027-4476-9607-A2DADF712CF5} 3: C:\ProgramData\ETC\HogPC\resources\thumbnail_library\Gobo\eleven_stars_galaxy_space.png 
1: {6501E546-28F5-4A0E-97E0-1CD914185417} 2: {C33A8B29-2CBE-47CE-AB60-725A969C3502} 3: C:\ProgramData\ETC\HogPC\resources\thumbnail_library\Gobo\eleven_sunburst_asymmetrical.png 
1: {6501E546-28F5-4A0E-97E0-1CD914185417} 2: {759B426B-D094-484E-B716-01DF7403FE34} 3: C:\ProgramData\ETC\HogPC\resources\thumbnail_library\Gobo\eleven_sunburst_asymmetrical_color_blue.png 
1: {6501E546-28F5-4A0E-97E0-1CD914185417} 2: {1ABF31E0-9E83-4AC0-9C6A-71F0723E5FB0} 3: C:\ProgramData\ETC\HogPC\resources\thumbnail_library\Gobo\eleven_thin_spikes_lines_star_sun.png 
1: {6501E546-28F5-4A0E-97E0-1CD914185417} 2: {1844E25A-23E7-4AC3-AB08-628F130F4B7C} 3: C:\ProgramData\ETC\HogPC\resources\thumbnail_library\Gobo\eleven_twinkle_stars_tiny_speckles_dots.png 
1: {6501E546-28F5-4A0E-97E0-1CD914185417} 2: {0288AB3A-F4F5-4112-8A3F-58BC3D792309} 3: C:\ProgramData\ETC\HogPC\resources\thumbnail_library\Gobo\eleven_vertical_bars_lines.png 
1: {6501E546-28F5-4A0E-97E0-1CD914185417} 2: {7A8D6170-21B1-401E-8691-236EB0DF276C} 3: C:\ProgramData\ETC\HogPC\resources\thumbnail_library\Gobo\explosion_circle_fan_paint.png 
1: {6501E546-28F5-4A0E-97E0-1CD914185417} 2: {E71BFAA3-2762-40FA-BA27-FA0719B54A3E} 3: C:\ProgramData\ETC\HogPC\resources\thumbnail_library\Gobo\explosion_sun_fire_flames_multi.png 
1: {6501E546-28F5-4A0E-97E0-1CD914185417} 2: {FBF26150-E4E4-486B-AC65-6D2CE098B6F8} 3: C:\ProgramData\ETC\HogPC\resources\thumbnail_library\Gobo\eye_ring_spikes_sun_tail_circle.png 
1: {6501E546-28F5-4A0E-97E0-1CD914185417} 2: {9F7CDBBA-208D-4476-8C7E-88C4FF1E6C5C} 3: C:\ProgramData\ETC\HogPC\resources\thumbnail_library\Gobo\fade_multidot_dots_square.png 
1: {6501E546-28F5-4A0E-97E0-1CD914185417} 2: {F201E23D-19FC-4113-90A7-3BDC2CB155FB} 3: C:\ProgramData\ETC\HogPC\resources\thumbnail_library\Gobo\fan_lines_rugged_six.png 
1: {6501E546-28F5-4A0E-97E0-1CD914185417} 2: {C5335E8E-AE30-4770-BF96-23DD924819FF} 3: C:\ProgramData\ETC\HogPC\resources\thumbnail_library\Gobo\fan_paper_wedge_five.png 
1: {6501E546-28F5-4A0E-97E0-1CD914185417} 2: {039C8AFF-6FE3-440D-BE1C-B689552C5C88} 3: C:\ProgramData\ETC\HogPC\resources\thumbnail_library\Gobo\fan_spin.png 
1: {6501E546-28F5-4A0E-97E0-1CD914185417} 2: {6E59E86F-6353-482E-9A81-A8623AB2CF04} 3: C:\ProgramData\ETC\HogPC\resources\thumbnail_library\Gobo\fan_spiral_swirl_circle_thin.png 
1: {6501E546-28F5-4A0E-97E0-1CD914185417} 2: {16628912-1E1C-45D6-88B4-72D92D9949AE} 3: C:\ProgramData\ETC\HogPC\resources\thumbnail_library\Gobo\few_tiny_dots_sparkle_space_color_purple_galaxy.png 
1: {6501E546-28F5-4A0E-97E0-1CD914185417} 2: {12EB37D9-7AA5-4294-A7E9-AAED0DA88CCC} 3: C:\ProgramData\ETC\HogPC\resources\thumbnail_library\Gobo\fifteen_curved_circle_rotating.png 
1: {6501E546-28F5-4A0E-97E0-1CD914185417} 2: {11D3E590-243C-422B-8CC8-27E84E0208C8} 3: C:\ProgramData\ETC\HogPC\resources\thumbnail_library\Gobo\fifteen_curved_petals_radial_symmetrical.png 
1: {6501E546-28F5-4A0E-97E0-1CD914185417} 2: {D378AC3D-B5E5-462D-8453-9DF5A66825BF} 3: C:\ProgramData\ETC\HogPC\resources\thumbnail_library\Gobo\fifteen_curved_pinwheel_radial.png 
1: {6501E546-28F5-4A0E-97E0-1CD914185417} 2: {89FE0E87-7376-4B21-814B-852D7E6C9629} 3: C:\ProgramData\ETC\HogPC\resources\thumbnail_library\Gobo\fifteen_interlocking_bars_cross.png 
1: {6501E546-28F5-4A0E-97E0-1CD914185417} 2: {B1646C2A-F87B-46DF-8D97-BDA95B6A0AF4} 3: C:\ProgramData\ETC\HogPC\resources\thumbnail_library\Gobo\fifteen_multi_triangle_breakup.png 
1: {6501E546-28F5-4A0E-97E0-1CD914185417} 2: {82C79D9B-2DDD-4F13-9133-FE952ECD0D6E} 3: C:\ProgramData\ETC\HogPC\resources\thumbnail_library\Gobo\fifteen_point_curved_sun_color_purple.png 
1: {6501E546-28F5-4A0E-97E0-1CD914185417} 2: {2560E0B6-6C06-49FA-94EB-C544FC545C1F} 3: C:\ProgramData\ETC\HogPC\resources\thumbnail_library\Gobo\fifteen_thin_line_pinwheel.png 
1: {6501E546-28F5-4A0E-97E0-1CD914185417} 2: {DC13E7AB-7FE5-4E50-B314-CE3C50559C45} 3: C:\ProgramData\ETC\HogPC\resources\thumbnail_library\Gobo\fireworks_explosion_small_lines_curved_multi.png 
1: {6501E546-28F5-4A0E-97E0-1CD914185417} 2: {49EAF73D-F248-44C2-907A-63491E4F77A2} 3: C:\ProgramData\ETC\HogPC\resources\thumbnail_library\Gobo\fireworks_thin_curved_lines_multi.png 
1: {6501E546-28F5-4A0E-97E0-1CD914185417} 2: {7C7E3158-6516-4198-BD20-D427CE5E976D} 3: C:\ProgramData\ETC\HogPC\resources\thumbnail_library\Gobo\firework_shard_multi_sharp_pointer.png 
1: {6501E546-28F5-4A0E-97E0-1CD914185417} 2: {F52A661D-72A6-4BC6-8421-0F96266C288C} 3: C:\ProgramData\ETC\HogPC\resources\thumbnail_library\Gobo\firework_splat_splatter_explosion.png 
1: {6501E546-28F5-4A0E-97E0-1CD914185417} 2: {CA49D85E-E168-4604-8651-EAFD2D9585F3} 3: C:\ProgramData\ETC\HogPC\resources\thumbnail_library\Gobo\fire_explosion_fireworks_scattered_splatter_dots_tiny.png 
1: {6501E546-28F5-4A0E-97E0-1CD914185417} 2: {54D66311-BD2D-4C31-9E65-895505225423} 3: C:\ProgramData\ETC\HogPC\resources\thumbnail_library\Gobo\fire_flames_vertical_lines_squiggles.png 
1: {6501E546-28F5-4A0E-97E0-1CD914185417} 2: {7BD52830-C510-4DED-A4EF-84C219C2939A} 3: C:\ProgramData\ETC\HogPC\resources\thumbnail_library\Gobo\fire_flames_vertical_small.png 
1: {6501E546-28F5-4A0E-97E0-1CD914185417} 2: {B0058FD5-B0AE-495B-9E78-C1F5546D6A98} 3: C:\ProgramData\ETC\HogPC\resources\thumbnail_library\Gobo\fire_fusion_breakup_multicolor_purple_orange.png 
1: {6501E546-28F5-4A0E-97E0-1CD914185417} 2: {C1C02296-5173-44CC-8F05-72CC9DB6EE81} 3: C:\ProgramData\ETC\HogPC\resources\thumbnail_library\Gobo\fire_fusion_breakup_red_yellow_multicolor.png 
1: {6501E546-28F5-4A0E-97E0-1CD914185417} 2: {C7461F79-B40D-4170-A2D5-83C82A3BE1D3} 3: C:\ProgramData\ETC\HogPC\resources\thumbnail_library\Gobo\fire_lines_horizontal.png 
1: {6501E546-28F5-4A0E-97E0-1CD914185417} 2: {9C5C701C-A6CD-487D-A503-298FFC245181} 3: C:\ProgramData\ETC\HogPC\resources\thumbnail_library\Gobo\fire_multi_vertical_small.png 
1: {6501E546-28F5-4A0E-97E0-1CD914185417} 2: {A0EEFC3F-C2E9-4807-8C3E-158CACEFDA39} 3: C:\ProgramData\ETC\HogPC\resources\thumbnail_library\Gobo\five_archs_swirl_circle_rotating_right.png 
1: {6501E546-28F5-4A0E-97E0-1CD914185417} 2: {8E362945-2D34-49E3-85FB-3763F2983A64} 3: C:\ProgramData\ETC\HogPC\resources\thumbnail_library\Gobo\five_arrows_squares_color_purple_yellow_white.png 
1: {6501E546-28F5-4A0E-97E0-1CD914185417} 2: {F1148998-8EAB-4D3A-9F99-5DC27819081B} 3: C:\ProgramData\ETC\HogPC\resources\thumbnail_library\Gobo\five_brush_strokes.png 
1: {6501E546-28F5-4A0E-97E0-1CD914185417} 2: {83A28F02-635C-44EB-A52E-90F347BBFA79} 3: C:\ProgramData\ETC\HogPC\resources\thumbnail_library\Gobo\five_crescents_color_yellow_spiral_spin.png 
1: {6501E546-28F5-4A0E-97E0-1CD914185417} 2: {57151C72-5175-4612-A7D4-7E37B8797A7E} 3: C:\ProgramData\ETC\HogPC\resources\thumbnail_library\Gobo\five_crescent_dot_border.png 
1: {6501E546-28F5-4A0E-97E0-1CD914185417} 2: {8175E3D6-DE44-42A5-A73A-5302FB38462C} 3: C:\ProgramData\ETC\HogPC\resources\thumbnail_library\Gobo\five_crosses_squares_multi_grunge_faded.png 
1: {6501E546-28F5-4A0E-97E0-1CD914185417} 2: {2549C43F-C428-499F-BFC4-E6EA90347C33} 3: C:\ProgramData\ETC\HogPC\resources\thumbnail_library\Gobo\five_dots_asymmetrical.png 
1: {6501E546-28F5-4A0E-97E0-1CD914185417} 2: {48A50B37-625D-408E-8288-32416CC7A256} 3: C:\ProgramData\ETC\HogPC\resources\thumbnail_library\Gobo\five_flower_outline_petals_big.png 
1: {6501E546-28F5-4A0E-97E0-1CD914185417} 2: {9D39493C-2AC3-40E2-84F0-725D409B6272} 3: C:\ProgramData\ETC\HogPC\resources\thumbnail_library\Gobo\five_half_medium_spikes.png 
1: {6501E546-28F5-4A0E-97E0-1CD914185417} 2: {AD114AC5-601E-4338-AF6F-046DBFAC002D} 3: C:\ProgramData\ETC\HogPC\resources\thumbnail_library\Gobo\five_horizontal_bars_medium.png 
1: {6501E546-28F5-4A0E-97E0-1CD914185417} 2: {6281A013-FE78-4596-9486-1BA86FFCF9CB} 3: C:\ProgramData\ETC\HogPC\resources\thumbnail_library\Gobo\five_horizontal_zigzag.png 
1: {6501E546-28F5-4A0E-97E0-1CD914185417} 2: {704C6B55-40BB-4E2D-BD4C-74004AD6DA50} 3: C:\ProgramData\ETC\HogPC\resources\thumbnail_library\Gobo\five_inverted_fan_wedge_cones.png 
1: {6501E546-28F5-4A0E-97E0-1CD914185417} 2: {0882F40E-1C32-4E62-A52F-DA007D05AF4D} 3: C:\ProgramData\ETC\HogPC\resources\thumbnail_library\Gobo\five_layer_horizontal_bars_pyramid.png 
1: {6501E546-28F5-4A0E-97E0-1CD914185417} 2: {1E2DA2E4-58C1-4BA7-809A-F4093AEB6825} 3: C:\ProgramData\ETC\HogPC\resources\thumbnail_library\Gobo\five_maze_puzzle_lines_tunnel.png 
1: {6501E546-28F5-4A0E-97E0-1CD914185417} 2: {01691094-232E-4A7B-AF34-10E56BAEAF92} 3: C:\ProgramData\ETC\HogPC\resources\thumbnail_library\Gobo\five_medium_dots_symmetrical.png 
1: {6501E546-28F5-4A0E-97E0-1CD914185417} 2: {B7A7E51A-EB2F-4E05-9AC3-8DB077BA7293} 3: C:\ProgramData\ETC\HogPC\resources\thumbnail_library\Gobo\five_multicolor_curved_zigzag_bars_pink.png 
1: {6501E546-28F5-4A0E-97E0-1CD914185417} 2: {DF83B261-7A3F-4EE5-83AE-E506D4E05436} 3: C:\ProgramData\ETC\HogPC\resources\thumbnail_library\Gobo\five_ovals_rings_vertical.png 
1: {6501E546-28F5-4A0E-97E0-1CD914185417} 2: {3EACF049-C95F-48C7-B693-17999203B707} 3: C:\ProgramData\ETC\HogPC\resources\thumbnail_library\Gobo\five_overlapping_rectangles_medium.png 
1: {6501E546-28F5-4A0E-97E0-1CD914185417} 2: {B555BBE5-0D96-4E71-8271-D3C8AC76E25C} 3: C:\ProgramData\ETC\HogPC\resources\thumbnail_library\Gobo\five_pinwheel_swirl.png 
1: {6501E546-28F5-4A0E-97E0-1CD914185417} 2: {D26BEFC6-E3ED-4302-B011-DDE59A660207} 3: C:\ProgramData\ETC\HogPC\resources\thumbnail_library\Gobo\five_pointed_star.png 
1: {6501E546-28F5-4A0E-97E0-1CD914185417} 2: {17B15E31-6590-4390-BBB3-29A2BA60161F} 3: C:\ProgramData\ETC\HogPC\resources\thumbnail_library\Gobo\five_pointed_star_small.png 
1: {6501E546-28F5-4A0E-97E0-1CD914185417} 2: {9E0E67C9-7357-4EDD-BE3E-7EBF5C80C975} 3: C:\ProgramData\ETC\HogPC\resources\thumbnail_library\Gobo\five_rings_multi_dot_symmetrical.png 
1: {6501E546-28F5-4A0E-97E0-1CD914185417} 2: {D055D629-83BF-4454-900E-A6003C18647B} 3: C:\ProgramData\ETC\HogPC\resources\thumbnail_library\Gobo\five_rings_spiral_tunnel_tiny_dots.png 
1: {6501E546-28F5-4A0E-97E0-1CD914185417} 2: {A44DFED5-3AFE-482B-AF6E-C7C2431C713E} 3: C:\ProgramData\ETC\HogPC\resources\thumbnail_library\Gobo\five_rings_tiny_dots.png 
1: {6501E546-28F5-4A0E-97E0-1CD914185417} 2: {7E0D6773-F33A-454D-BACF-94AF380AE291} 3: C:\ProgramData\ETC\HogPC\resources\thumbnail_library\Gobo\five_rounded_horizontal_bars.png 
1: {6501E546-28F5-4A0E-97E0-1CD914185417} 2: {0B042F80-228D-49A4-9770-B4FCCE33EABA} 3: C:\ProgramData\ETC\HogPC\resources\thumbnail_library\Gobo\five_segmented_concentric_wheel_radial.png 
1: {6501E546-28F5-4A0E-97E0-1CD914185417} 2: {BFB9F449-2E38-4777-BC19-02D51A4EA05F} 3: C:\ProgramData\ETC\HogPC\resources\thumbnail_library\Gobo\five_segmented_oval_radial_cones.png 
1: {6501E546-28F5-4A0E-97E0-1CD914185417} 2: {14A9CD5A-7C11-4BD9-8A5D-EF73461AD396} 3: C:\ProgramData\ETC\HogPC\resources\thumbnail_library\Gobo\five_segmented_pinwheel.png 
1: {6501E546-28F5-4A0E-97E0-1CD914185417} 2: {5AADF488-3C76-4442-9A75-E9C54A75D714} 3: C:\ProgramData\ETC\HogPC\resources\thumbnail_library\Gobo\five_segmented_rings_tunnel_scope.png 
1: {6501E546-28F5-4A0E-97E0-1CD914185417} 2: {B6C75169-C61C-4621-A7D5-8A0A7F6C3D19} 3: C:\ProgramData\ETC\HogPC\resources\thumbnail_library\Gobo\five_small_crescent_fan_spin_color_yellow.png 
1: {6501E546-28F5-4A0E-97E0-1CD914185417} 2: {837CA5A1-7E0C-4100-8247-D1B0DCD84C34} 3: C:\ProgramData\ETC\HogPC\resources\thumbnail_library\Gobo\five_star_pinwheel_color_red.png 
1: {6501E546-28F5-4A0E-97E0-1CD914185417} 2: {8EC472EF-1885-4F56-8116-2FF540FFDFE0} 3: C:\ProgramData\ETC\HogPC\resources\thumbnail_library\Gobo\five_thick_rectangles.png 
1: {6501E546-28F5-4A0E-97E0-1CD914185417} 2: {383CBA29-8A32-4AEF-8E8B-B376F867D018} 3: C:\ProgramData\ETC\HogPC\resources\thumbnail_library\Gobo\five_thick_rings_circle.png 
1: {6501E546-28F5-4A0E-97E0-1CD914185417} 2: {7E9A48D3-6E21-4A4D-94EC-49F5D6EEE955} 3: C:\ProgramData\ETC\HogPC\resources\thumbnail_library\Gobo\five_triangle_wedge_fan_spin_green.png 
1: {6501E546-28F5-4A0E-97E0-1CD914185417} 2: {B1CA17AA-1069-47AB-9400-6C11AFFF73CF} 3: C:\ProgramData\ETC\HogPC\resources\thumbnail_library\Gobo\five_triangle_wedge_spiral_fan.png 
1: {6501E546-28F5-4A0E-97E0-1CD914185417} 2: {85698F73-8CF8-4538-96D1-5CF13230B96E} 3: C:\ProgramData\ETC\HogPC\resources\thumbnail_library\Gobo\five_vertical_towers_lines.png 
1: {6501E546-28F5-4A0E-97E0-1CD914185417} 2: {0D0B5371-6182-4429-9E12-9C4DCFF191E6} 3: C:\ProgramData\ETC\HogPC\resources\thumbnail_library\Gobo\five_zigzag_inverted_fan.png 
1: {6501E546-28F5-4A0E-97E0-1CD914185417} 2: {3E83A8BC-4FAE-4684-AC89-47A8C5A9F929} 3: C:\ProgramData\ETC\HogPC\resources\thumbnail_library\Gobo\flames_center_thin_squiggles_vertical_fire.png 
1: {6501E546-28F5-4A0E-97E0-1CD914185417} 2: {688DC8BB-3E5B-449F-8554-2EF377168DF2} 3: C:\ProgramData\ETC\HogPC\resources\thumbnail_library\Gobo\flames_medium_fire.png 
1: {6501E546-28F5-4A0E-97E0-1CD914185417} 2: {B8875EC2-708D-4641-B23F-EBF9FAA52BDB} 3: C:\ProgramData\ETC\HogPC\resources\thumbnail_library\Gobo\flames_spiral_fan_spin_foliage_lightning.png 
1: {6501E546-28F5-4A0E-97E0-1CD914185417} 2: {79BB87CF-535B-45BE-97C1-F38B13E19D87} 3: C:\ProgramData\ETC\HogPC\resources\thumbnail_library\Gobo\flames_vertical_fire_medium.png 
1: {6501E546-28F5-4A0E-97E0-1CD914185417} 2: {4DE1DE5D-46FC-4EBF-ABA9-E446C41572E6} 3: C:\ProgramData\ETC\HogPC\resources\thumbnail_library\Gobo\flowers_sixties.png 
1: {6501E546-28F5-4A0E-97E0-1CD914185417} 2: {E79B7184-8D98-40FA-B1C9-1581A46CCB41} 3: C:\ProgramData\ETC\HogPC\resources\thumbnail_library\Gobo\flower_mosaic_breakup_multi_net.png 
1: {6501E546-28F5-4A0E-97E0-1CD914185417} 2: {863BCB6C-E42C-449D-8144-C064F91ECFA0} 3: C:\ProgramData\ETC\HogPC\resources\thumbnail_library\Gobo\flower_oval_multi_small_color_pink.png 
1: {6501E546-28F5-4A0E-97E0-1CD914185417} 2: {E30E1B18-661D-4505-BD30-F85458C6EF59} 3: C:\ProgramData\ETC\HogPC\resources\thumbnail_library\Gobo\flower_petals_color_blue.png 
1: {6501E546-28F5-4A0E-97E0-1CD914185417} 2: {C8090B87-79E3-4B91-844B-9D97E0DFD878} 3: C:\ProgramData\ETC\HogPC\resources\thumbnail_library\Gobo\flower_petals_eight_wedges.png 
1: {6501E546-28F5-4A0E-97E0-1CD914185417} 2: {23131AAB-CECF-43B8-952B-00723FBA3584} 3: C:\ProgramData\ETC\HogPC\resources\thumbnail_library\Gobo\foliage_leaf_medium_breakup.png 
1: {6501E546-28F5-4A0E-97E0-1CD914185417} 2: {2266E0D0-2374-4011-875D-ED3BA393BFA9} 3: C:\ProgramData\ETC\HogPC\resources\thumbnail_library\Gobo\foliage_silhouette_multi.png 
1: {6501E546-28F5-4A0E-97E0-1CD914185417} 2: {1CF6E6DF-1BAD-459C-AB48-996797D968B9} 3: C:\ProgramData\ETC\HogPC\resources\thumbnail_library\Gobo\fourdots.png 
1: {6501E546-28F5-4A0E-97E0-1CD914185417} 2: {F57218CC-393B-4805-A5FF-F415868DFCEC} 3: C:\ProgramData\ETC\HogPC\resources\thumbnail_library\Gobo\fourdots_dotsline_horizontal.png 
1: {6501E546-28F5-4A0E-97E0-1CD914185417} 2: {FD6A7261-F12F-4965-A6EF-2CDB1D499733} 3: C:\ProgramData\ETC\HogPC\resources\thumbnail_library\Gobo\fourteen_bars_fan_spiral_spin.png 
1: {6501E546-28F5-4A0E-97E0-1CD914185417} 2: {8A2BC055-1043-4B13-BC8A-2CD536A02DFD} 3: C:\ProgramData\ETC\HogPC\resources\thumbnail_library\Gobo\fourteen_flower_petals_multi_fan_spin.png 
1: {6501E546-28F5-4A0E-97E0-1CD914185417} 2: {02F0CD2A-7A7C-4CB6-A89A-45108D6C88F9} 3: C:\ProgramData\ETC\HogPC\resources\thumbnail_library\Gobo\fourteen_tilted_stars_animated.png 
1: {6501E546-28F5-4A0E-97E0-1CD914185417} 2: {8645F69B-071F-4FEC-BEAE-96D358402E3A} 3: C:\ProgramData\ETC\HogPC\resources\thumbnail_library\Gobo\fourteen_twinkle_stars_multi_animated.png 
1: {6501E546-28F5-4A0E-97E0-1CD914185417} 2: {70036BA4-5DB4-49C8-804F-59C397BFA38F} 3: C:\ProgramData\ETC\HogPC\resources\thumbnail_library\Gobo\four_arm_cross_circle.png 
1: {6501E546-28F5-4A0E-97E0-1CD914185417} 2: {60AD1F58-F521-4E19-98BF-8D8EC5619691} 3: C:\ProgramData\ETC\HogPC\resources\thumbnail_library\Gobo\four_arrows_five_squares_grid.png 
1: {6501E546-28F5-4A0E-97E0-1CD914185417} 2: {03020019-0F4B-4A23-B794-48A835274B41} 3: C:\ProgramData\ETC\HogPC\resources\thumbnail_library\Gobo\four_arrow_radial_fan_symmetrical.png 
1: {6501E546-28F5-4A0E-97E0-1CD914185417} 2: {EC2C0269-E961-47F6-A622-DD626F560756} 3: C:\ProgramData\ETC\HogPC\resources\thumbnail_library\Gobo\four_asymmetrical_curves_archs_circles.png 
1: {6501E546-28F5-4A0E-97E0-1CD914185417} 2: {5AD79558-A353-4B50-9C12-017B695C604B} 3: C:\ProgramData\ETC\HogPC\resources\thumbnail_library\Gobo\four_blue_radar_fan_rings.png 
1: {6501E546-28F5-4A0E-97E0-1CD914185417} 2: {094AAB36-F2E6-408B-B382-87BD92BFB7BF} 3: C:\ProgramData\ETC\HogPC\resources\thumbnail_library\Gobo\four_cobblestone_fan_cross_big.png 
1: {6501E546-28F5-4A0E-97E0-1CD914185417} 2: {AA387CD1-E931-4EFE-99E0-DBB56C653786} 3: C:\ProgramData\ETC\HogPC\resources\thumbnail_library\Gobo\four_crescent_symmetrical_medium.png 
1: {6501E546-28F5-4A0E-97E0-1CD914185417} 2: {6CD64617-84CF-4A7C-AA76-C6A134776E5A} 3: C:\ProgramData\ETC\HogPC\resources\thumbnail_library\Gobo\four_curved_diamonds_squares_symmetrical.png 
1: {6501E546-28F5-4A0E-97E0-1CD914185417} 2: {2EABC610-1AAF-406B-B050-55D541878452} 3: C:\ProgramData\ETC\HogPC\resources\thumbnail_library\Gobo\four_curved_star_symmetrical.png 
1: {6501E546-28F5-4A0E-97E0-1CD914185417} 2: {CC7BD082-3DA8-4046-8CA6-C28C731F1B8D} 3: C:\ProgramData\ETC\HogPC\resources\thumbnail_library\Gobo\four_diagonal_ribbons_banners_bars.png 
1: {6501E546-28F5-4A0E-97E0-1CD914185417} 2: {7A7500BB-BE46-4DE2-8572-0283969B99B4} 3: C:\ProgramData\ETC\HogPC\resources\thumbnail_library\Gobo\four_dots_bar_big.png 
1: {6501E546-28F5-4A0E-97E0-1CD914185417} 2: {0AB01AF9-DB91-4B0B-8FCB-9B053203A75A} 3: C:\ProgramData\ETC\HogPC\resources\thumbnail_library\Gobo\four_dots_horizontal.png 
1: {6501E546-28F5-4A0E-97E0-1CD914185417} 2: {2CE9D9D8-F72D-4BFF-A1AF-F76D475C67BE} 3: C:\ProgramData\ETC\HogPC\resources\thumbnail_library\Gobo\four_dots_rotating_right.png 
1: {6501E546-28F5-4A0E-97E0-1CD914185417} 2: {354DEC38-435D-41D1-906D-6A1B2E686F10} 3: C:\ProgramData\ETC\HogPC\resources\thumbnail_library\Gobo\four_dots_spirals_galaxy_swirl_fan.png 
1: {6501E546-28F5-4A0E-97E0-1CD914185417} 2: {D067094B-20C3-422A-BD7A-104CE69EE3A4} 3: C:\ProgramData\ETC\HogPC\resources\thumbnail_library\Gobo\four_horizontal_bars_slats.png 
1: {6501E546-28F5-4A0E-97E0-1CD914185417} 2: {AB86A9EE-439B-439F-8359-78BD375CD4D2} 3: C:\ProgramData\ETC\HogPC\resources\thumbnail_library\Gobo\four_large_paisley_teardrop_color_pink.png 
1: {6501E546-28F5-4A0E-97E0-1CD914185417} 2: {F794BAB6-5A1C-4535-8AA7-4C4DD03A13E9} 3: C:\ProgramData\ETC\HogPC\resources\thumbnail_library\Gobo\four_leg_spiral_fan_spin_color_blue.png 
1: {6501E546-28F5-4A0E-97E0-1CD914185417} 2: {E8C84BC1-BD2E-4230-B252-85E3F6AF6EF1} 3: C:\ProgramData\ETC\HogPC\resources\thumbnail_library\Gobo\four_purple_circles_curved_rotating_right.png 
1: {6501E546-28F5-4A0E-97E0-1CD914185417} 2: {2CDE3495-2315-419A-ABA3-93D6E9C5CE2C} 3: C:\ProgramData\ETC\HogPC\resources\thumbnail_library\Gobo\four_radial_cobblestone_rings.png 
1: {6501E546-28F5-4A0E-97E0-1CD914185417} 2: {D66D0B16-087D-4C91-97D5-54CF951FC3C4} 3: C:\ProgramData\ETC\HogPC\resources\thumbnail_library\Gobo\four_radial_crescents.png 
1: {6501E546-28F5-4A0E-97E0-1CD914185417} 2: {FC316211-E4B7-4552-AE91-296A30BA3B02} 3: C:\ProgramData\ETC\HogPC\resources\thumbnail_library\Gobo\four_rectangles_bars_fan_symmetrical.png 
1: {6501E546-28F5-4A0E-97E0-1CD914185417} 2: {E6091E5C-DEF6-45F8-BB28-0B813C25B7E2} 3: C:\ProgramData\ETC\HogPC\resources\thumbnail_library\Gobo\four_rings_biohazard_symbol.png 
1: {6501E546-28F5-4A0E-97E0-1CD914185417} 2: {F8CA7857-1360-495A-A751-F9291BA7E4BA} 3: C:\ProgramData\ETC\HogPC\resources\thumbnail_library\Gobo\four_rings_medium.png 
1: {6501E546-28F5-4A0E-97E0-1CD914185417} 2: {7BED4EC1-FE9A-4E87-A1EB-0F37256AD67A} 3: C:\ProgramData\ETC\HogPC\resources\thumbnail_library\Gobo\four_rotating_left_archs_curves_color_pink.png 
1: {6501E546-28F5-4A0E-97E0-1CD914185417} 2: {64725543-849D-43AC-B26F-0957D286FC99} 3: C:\ProgramData\ETC\HogPC\resources\thumbnail_library\Gobo\four_rotating_left_dots_archs.png 
1: {6501E546-28F5-4A0E-97E0-1CD914185417} 2: {77ACB9F7-5C1C-4052-8709-8B0221789A51} 3: C:\ProgramData\ETC\HogPC\resources\thumbnail_library\Gobo\four_rotating_right_curves_pinwheel.png 
1: {6501E546-28F5-4A0E-97E0-1CD914185417} 2: {48910B01-0E47-4CCB-91E2-8D2893BCCDE1} 3: C:\ProgramData\ETC\HogPC\resources\thumbnail_library\Gobo\four_rotating_squiggles_medium.png 
1: {6501E546-28F5-4A0E-97E0-1CD914185417} 2: {93F5F896-A640-4CFB-B5F5-DCEE76C19333} 3: C:\ProgramData\ETC\HogPC\resources\thumbnail_library\Gobo\four_rounded_squares_symmetrical.png 
1: {6501E546-28F5-4A0E-97E0-1CD914185417} 2: {EFA7877C-B0B3-46C2-8914-EA4E7D024B6D} 3: C:\ProgramData\ETC\HogPC\resources\thumbnail_library\Gobo\four_section_border_circle.png 
1: {6501E546-28F5-4A0E-97E0-1CD914185417} 2: {55A0DAA2-E7C2-4344-B49C-CC39F967791A} 3: C:\ProgramData\ETC\HogPC\resources\thumbnail_library\Gobo\four_segmented_crescents_ring.png 
1: {6501E546-28F5-4A0E-97E0-1CD914185417} 2: {A10D383F-059C-49CB-AFB4-60CF61178503} 3: C:\ProgramData\ETC\HogPC\resources\thumbnail_library\Gobo\four_segment_square_border.png 
1: {6501E546-28F5-4A0E-97E0-1CD914185417} 2: {C81B91C6-6B11-4A97-8976-BB37E959CF4C} 3: C:\ProgramData\ETC\HogPC\resources\thumbnail_library\Gobo\four_slices_rainbow_color_red_yellow_green_blue_wedges.png 
1: {6501E546-28F5-4A0E-97E0-1CD914185417} 2: {9E115BAD-91DD-4DFF-B7F5-AD32BF0A2F65} 3: C:\ProgramData\ETC\HogPC\resources\thumbnail_library\Gobo\four_slice_wedges_cross.png 
1: {6501E546-28F5-4A0E-97E0-1CD914185417} 2: {3669A4FF-C1C6-46A2-B31D-C10BA4B8A13C} 3: C:\ProgramData\ETC\HogPC\resources\thumbnail_library\Gobo\four_squares_cross.png 
1: {6501E546-28F5-4A0E-97E0-1CD914185417} 2: {DB7EB1D6-CCB2-4569-81C5-03104FA075BA} 3: C:\ProgramData\ETC\HogPC\resources\thumbnail_library\Gobo\four_square_glass_multi_color_blue_red_yellow_purple.png 
1: {6501E546-28F5-4A0E-97E0-1CD914185417} 2: {C67B9C9C-EF2C-4C63-A162-D8180D7E6B0C} 3: C:\ProgramData\ETC\HogPC\resources\thumbnail_library\Gobo\four_square_warped_curved.png 
1: {6501E546-28F5-4A0E-97E0-1CD914185417} 2: {8ADF5CEB-2C1F-43F4-A6E7-0386A2D61BF1} 3: C:\ProgramData\ETC\HogPC\resources\thumbnail_library\Gobo\four_teardrop_paisley_circle_small_color_yellow.png 
1: {6501E546-28F5-4A0E-97E0-1CD914185417} 2: {277583FC-B44C-4718-ABF8-5BE598B06558} 3: C:\ProgramData\ETC\HogPC\resources\thumbnail_library\Gobo\four_thin_element_cone_circle_tunnel.png 
1: {6501E546-28F5-4A0E-97E0-1CD914185417} 2: {45FE45C5-405E-402B-8EF9-13D35FFA1B58} 3: C:\ProgramData\ETC\HogPC\resources\thumbnail_library\Gobo\four_thin_spiral_rotate_flower.png 
1: {6501E546-28F5-4A0E-97E0-1CD914185417} 2: {773803CC-6FF4-454A-80E3-34811E08AAA7} 3: C:\ProgramData\ETC\HogPC\resources\thumbnail_library\Gobo\four_triangle_wedges_slices_medium.png 
1: {6501E546-28F5-4A0E-97E0-1CD914185417} 2: {1497715B-355D-4003-84DE-F7AE7DE24CEA} 3: C:\ProgramData\ETC\HogPC\resources\thumbnail_library\Gobo\four_tribal_pinwheel.png 
1: {6501E546-28F5-4A0E-97E0-1CD914185417} 2: {977BFA23-2963-4BA7-B3DE-9B63ED4547E4} 3: C:\ProgramData\ETC\HogPC\resources\thumbnail_library\Gobo\four_t_shaped_maze.png 
1: {6501E546-28F5-4A0E-97E0-1CD914185417} 2: {CCFD51E1-2963-4890-A336-824D88E602DD} 3: C:\ProgramData\ETC\HogPC\resources\thumbnail_library\Gobo\four_vertical_bars_slats.png 
1: {6501E546-28F5-4A0E-97E0-1CD914185417} 2: {08769FBE-9AFE-4216-BCE3-BF63F090646E} 3: C:\ProgramData\ETC\HogPC\resources\thumbnail_library\Gobo\four_wedges_large.png 
1: {6501E546-28F5-4A0E-97E0-1CD914185417} 2: {8F6CE5C6-D075-4AA8-87F1-E765C1D1F3FD} 3: C:\ProgramData\ETC\HogPC\resources\thumbnail_library\Gobo\frost_glass_swirl.png 
1: {6501E546-28F5-4A0E-97E0-1CD914185417} 2: {239843B3-8771-4179-B1C8-5FC25219C176} 3: C:\ProgramData\ETC\HogPC\resources\thumbnail_library\Gobo\fusion_breakup_multicolor_blue_teal_yellow_orangebroken.png 
1: {6501E546-28F5-4A0E-97E0-1CD914185417} 2: {DDDC3DC3-CFD7-444A-A692-BCF0A47DC809} 3: C:\ProgramData\ETC\HogPC\resources\thumbnail_library\Gobo\fuzzy_horizontal_stripes_diagonal_thin.png 
1: {6501E546-28F5-4A0E-97E0-1CD914185417} 2: {438D305A-F120-45F7-8D49-676947C7C794} 3: C:\ProgramData\ETC\HogPC\resources\thumbnail_library\Gobo\galaxy_ring_oval_layer_space.png 
1: {6501E546-28F5-4A0E-97E0-1CD914185417} 2: {2C98176C-AB83-4F1B-8F78-59F0B9C05AFD} 3: C:\ProgramData\ETC\HogPC\resources\thumbnail_library\Gobo\giraffe_medium_breakup.png 
1: {6501E546-28F5-4A0E-97E0-1CD914185417} 2: {CD0D5052-A8B3-4F54-94DF-20B511630D94} 3: C:\ProgramData\ETC\HogPC\resources\thumbnail_library\Gobo\glass_blotches_medium.png 
1: {6501E546-28F5-4A0E-97E0-1CD914185417} 2: {1F96D6C3-EDB9-4B9B-A603-DBDF9ECE0812} 3: C:\ProgramData\ETC\HogPC\resources\thumbnail_library\Gobo\glass_blue_color_small_rocks_pebbles_circle.png 
1: {6501E546-28F5-4A0E-97E0-1CD914185417} 2: {43A52338-16A7-4617-BB74-0C19AF7335AD} 3: C:\ProgramData\ETC\HogPC\resources\thumbnail_library\Gobo\glass_broken_cracks_shattered.png 
1: {6501E546-28F5-4A0E-97E0-1CD914185417} 2: {EAA8398E-7614-4B8F-9DDE-69BED9CEB746} 3: C:\ProgramData\ETC\HogPC\resources\thumbnail_library\Gobo\glass_broken_pieces_shattered_fragments_color_purple_blue.png 
1: {6501E546-28F5-4A0E-97E0-1CD914185417} 2: {F6E8CF42-6930-4092-A31D-F76C75854724} 3: C:\ProgramData\ETC\HogPC\resources\thumbnail_library\Gobo\glass_bubble_pattern_multi.png 
1: {6501E546-28F5-4A0E-97E0-1CD914185417} 2: {3AD594B1-8FD7-4DEE-ACE1-2DC009C384DC} 3: C:\ProgramData\ETC\HogPC\resources\thumbnail_library\Gobo\glass_checkerboard_color_blue_purple_small.png 
1: {6501E546-28F5-4A0E-97E0-1CD914185417} 2: {DF28E25C-C794-4053-BD8B-23E8C09DED9F} 3: C:\ProgramData\ETC\HogPC\resources\thumbnail_library\Gobo\glass_cloud.png 
1: {6501E546-28F5-4A0E-97E0-1CD914185417} 2: {36CB5157-ECCB-4A56-81CC-040E6573B2F7} 3: C:\ProgramData\ETC\HogPC\resources\thumbnail_library\Gobo\glass_cobblestone_color_teal_medium_breakup.png 
1: {6501E546-28F5-4A0E-97E0-1CD914185417} 2: {57F1E9DA-8029-4AC3-86FA-4D31D19035A8} 3: C:\ProgramData\ETC\HogPC\resources\thumbnail_library\Gobo\glass_color_blue_green_yellow_breakup.png 
1: {6501E546-28F5-4A0E-97E0-1CD914185417} 2: {0CAD7E20-D72F-419B-BE47-4E61295FE8F1} 3: C:\ProgramData\ETC\HogPC\resources\thumbnail_library\Gobo\Glass_color_blue_green_yellow_oil_swirl.png 
1: {6501E546-28F5-4A0E-97E0-1CD914185417} 2: {3E333379-BEE6-4D95-A217-E8B1465B1313} 3: C:\ProgramData\ETC\HogPC\resources\thumbnail_library\Gobo\glass_color_blue_radial_ocean_wave.png 
1: {6501E546-28F5-4A0E-97E0-1CD914185417} 2: {63A24F42-6107-4F9E-BF65-1902ED08B268} 3: C:\ProgramData\ETC\HogPC\resources\thumbnail_library\Gobo\Glass_color_pinwheel_rotating_red.png 
1: {6501E546-28F5-4A0E-97E0-1CD914185417} 2: {1544DCD0-0FE3-481A-900B-F554B56D0024} 3: C:\ProgramData\ETC\HogPC\resources\thumbnail_library\Gobo\glass_crater_color_purple_big.png 
1: {6501E546-28F5-4A0E-97E0-1CD914185417} 2: {CB4DF1AC-BCCB-4A7F-ACDF-3CF7010CE1DE} 3: C:\ProgramData\ETC\HogPC\resources\thumbnail_library\Gobo\glass_diagonal_lines_clear.png 
1: {6501E546-28F5-4A0E-97E0-1CD914185417} 2: {1DA7FB34-74B2-4149-BC5C-851B3AA3A0CB} 3: C:\ProgramData\ETC\HogPC\resources\thumbnail_library\Gobo\glass_diagonal_paint_lines_stripes_color_pink_sunrise.png 
1: {6501E546-28F5-4A0E-97E0-1CD914185417} 2: {B1010994-440C-485B-AE06-0E9BDA59E702} 3: C:\ProgramData\ETC\HogPC\resources\thumbnail_library\Gobo\glass_diagonal_ripples.png 
1: {6501E546-28F5-4A0E-97E0-1CD914185417} 2: {9A8009AC-62AE-47B1-A869-E8E099807B62} 3: C:\ProgramData\ETC\HogPC\resources\thumbnail_library\Gobo\glass_droplets_water.png 
1: {6501E546-28F5-4A0E-97E0-1CD914185417} 2: {39557649-1140-44A6-B721-A3763C355E1A} 3: C:\ProgramData\ETC\HogPC\resources\thumbnail_library\Gobo\glass_eight_point_star_mesh_grid_color_purple.png 
1: {6501E546-28F5-4A0E-97E0-1CD914185417} 2: {2F196951-BD60-4E88-88A4-7A0084B847CB} 3: C:\ProgramData\ETC\HogPC\resources\thumbnail_library\Gobo\glass_fishscales.png 
1: {6501E546-28F5-4A0E-97E0-1CD914185417} 2: {CA974DE4-F5B3-460D-86D5-D7DB5573A0D4} 3: C:\ProgramData\ETC\HogPC\resources\thumbnail_library\Gobo\glass_foliage_swirl_mix_blend_color.png 
1: {6501E546-28F5-4A0E-97E0-1CD914185417} 2: {D9DC3742-BBD2-464E-A71F-68656B7857B7} 3: C:\ProgramData\ETC\HogPC\resources\thumbnail_library\Gobo\glass_frost_wavey_texture.png 
1: {6501E546-28F5-4A0E-97E0-1CD914185417} 2: {E07AEDF5-1C06-4AB5-A443-A253777233F9} 3: C:\ProgramData\ETC\HogPC\resources\thumbnail_library\Gobo\glass_glow_lines_cracks.png 
1: {6501E546-28F5-4A0E-97E0-1CD914185417} 2: {A3F7F438-FF81-41A8-A9B9-7321CD432658} 3: C:\ProgramData\ETC\HogPC\resources\thumbnail_library\Gobo\glass_golf_holes_pores.png 
1: {6501E546-28F5-4A0E-97E0-1CD914185417} 2: {093F59B0-9326-4390-8F39-7425BE9EAAE2} 3: C:\ProgramData\ETC\HogPC\resources\thumbnail_library\Gobo\glass_grid-cylinder_oval_map.png 
1: {6501E546-28F5-4A0E-97E0-1CD914185417} 2: {F7AD9396-ACBD-48D1-B113-483846465294} 3: C:\ProgramData\ETC\HogPC\resources\thumbnail_library\Gobo\glass_half_white_bubbles.png 
1: {6501E546-28F5-4A0E-97E0-1CD914185417} 2: {ABEF9F3A-C71A-4852-B5A9-666B22081B64} 3: C:\ProgramData\ETC\HogPC\resources\thumbnail_library\Gobo\glass_honeycomb_pores.png 
1: {6501E546-28F5-4A0E-97E0-1CD914185417} 2: {CC06774D-5D20-4921-85B1-052F5D681C73} 3: C:\ProgramData\ETC\HogPC\resources\thumbnail_library\Gobo\glass_honeycomb_sand.png 
1: {6501E546-28F5-4A0E-97E0-1CD914185417} 2: {8C6BF74C-EF47-4679-91A8-C38EFAAA13CB} 3: C:\ProgramData\ETC\HogPC\resources\thumbnail_library\Gobo\glass_horizontal_curved_lines_thin.png 
1: {6501E546-28F5-4A0E-97E0-1CD914185417} 2: {65C10203-D55F-491B-9453-E5769A9DCA70} 3: C:\ProgramData\ETC\HogPC\resources\thumbnail_library\Gobo\glass_horizontal_lines_gradient.png 
1: {6501E546-28F5-4A0E-97E0-1CD914185417} 2: {8FB79A67-10E3-4407-AAD3-5239C64C1FF9} 3: C:\ProgramData\ETC\HogPC\resources\thumbnail_library\Gobo\glass_horizontal_lines_sunrise_sunset.png 
1: {6501E546-28F5-4A0E-97E0-1CD914185417} 2: {1B5285DF-B70A-463C-8929-33DF40917E91} 3: C:\ProgramData\ETC\HogPC\resources\thumbnail_library\Gobo\glass_horizontal_stripes_lines_thick.png 
1: {6501E546-28F5-4A0E-97E0-1CD914185417} 2: {E7C8F327-55E5-416B-81B9-9CE8DD5F73D5} 3: C:\ProgramData\ETC\HogPC\resources\thumbnail_library\Gobo\glass_jupiter_warped_circles.png 
1: {6501E546-28F5-4A0E-97E0-1CD914185417} 2: {FF9B4671-0A33-4BE4-A036-C08C55ED6B97} 3: C:\ProgramData\ETC\HogPC\resources\thumbnail_library\Gobo\glass_light.png 
1: {6501E546-28F5-4A0E-97E0-1CD914185417} 2: {D71A8149-95DC-4EDD-BEFE-728F4F410131} 3: C:\ProgramData\ETC\HogPC\resources\thumbnail_library\Gobo\glass_lines_frost.png 
1: {6501E546-28F5-4A0E-97E0-1CD914185417} 2: {2C5B6D90-9EBF-4B71-9C55-44D58BB037EE} 3: C:\ProgramData\ETC\HogPC\resources\thumbnail_library\Gobo\glass_moonrock_rock_lump.png 
1: {6501E546-28F5-4A0E-97E0-1CD914185417} 2: {031F8886-5F27-4E45-A37C-6A44564B65C0} 3: C:\ProgramData\ETC\HogPC\resources\thumbnail_library\Gobo\glass_multicolor_puzzle_shattered_breakup_medium_yellow_blue_purple_teal.png 
1: {6501E546-28F5-4A0E-97E0-1CD914185417} 2: {5D28581D-03C2-4FAB-9CA4-B0D484342861} 3: C:\ProgramData\ETC\HogPC\resources\thumbnail_library\Gobo\glass_multicolor_texture_medium_blue_orange.png 
1: {6501E546-28F5-4A0E-97E0-1CD914185417} 2: {61C309CD-498D-4F66-B4CF-25D48DC86A46} 3: C:\ProgramData\ETC\HogPC\resources\thumbnail_library\Gobo\glass_ocean_ripples.png 
1: {6501E546-28F5-4A0E-97E0-1CD914185417} 2: {DA82DE05-C4D1-4155-B64C-1E3B86F9E6A7} 3: C:\ProgramData\ETC\HogPC\resources\thumbnail_library\Gobo\glass_ocean_waves_swirl.png 
1: {6501E546-28F5-4A0E-97E0-1CD914185417} 2: {643442C8-B0AA-45A0-B81A-3B53DA03F479} 3: C:\ProgramData\ETC\HogPC\resources\thumbnail_library\Gobo\glass_pattern.png 
1: {6501E546-28F5-4A0E-97E0-1CD914185417} 2: {77841602-62F0-42FB-9D84-B42AA4F6312B} 3: C:\ProgramData\ETC\HogPC\resources\thumbnail_library\Gobo\glass_pebbles_overlay.png 
1: {6501E546-28F5-4A0E-97E0-1CD914185417} 2: {CADDCA6A-25E2-49BB-9BE7-432A3DD8CF39} 3: C:\ProgramData\ETC\HogPC\resources\thumbnail_library\Gobo\glass_ripples_color_blue_purple_small.png 
1: {6501E546-28F5-4A0E-97E0-1CD914185417} 2: {D558122F-FFE6-486D-B83D-DC38AC621EFD} 3: C:\ProgramData\ETC\HogPC\resources\thumbnail_library\Gobo\glass_rocks_pebbles_outline_blue_color.png 
1: {6501E546-28F5-4A0E-97E0-1CD914185417} 2: {0E855718-5829-4183-9E82-C3838AF9421B} 3: C:\ProgramData\ETC\HogPC\resources\thumbnail_library\Gobo\glass_rows_white_lines_square.png 
1: {6501E546-28F5-4A0E-97E0-1CD914185417} 2: {D6BF631A-1617-48E9-8891-194D910CAB52} 3: C:\ProgramData\ETC\HogPC\resources\thumbnail_library\Gobo\glass_shattered_broken_tiny_pieces_pink_color.png 
1: {6501E546-28F5-4A0E-97E0-1CD914185417} 2: {76241461-560B-4F91-88D5-19B329F9BD21} 3: C:\ProgramData\ETC\HogPC\resources\thumbnail_library\Gobo\glass_shattered_multi_cracks_foliage_color_purple_green.png 
1: {6501E546-28F5-4A0E-97E0-1CD914185417} 2: {51A34D88-BD11-445E-AFF5-26A4ECB4806A} 3: C:\ProgramData\ETC\HogPC\resources\thumbnail_library\Gobo\glass_small_squares_grid_multi_lines_maze.png 
1: {6501E546-28F5-4A0E-97E0-1CD914185417} 2: {F25C4C23-0D66-416D-8C8B-DFD733ADBBCA} 3: C:\ProgramData\ETC\HogPC\resources\thumbnail_library\Gobo\glass_square_layer_stacked.png 
1: {6501E546-28F5-4A0E-97E0-1CD914185417} 2: {2747CC4F-AAEF-4D0A-B598-2E6724897B7C} 3: C:\ProgramData\ETC\HogPC\resources\thumbnail_library\Gobo\glass_square_rows_grid.png 
1: {6501E546-28F5-4A0E-97E0-1CD914185417} 2: {ADF66903-2F29-4A07-A299-1B40CDCA6C16} 3: C:\ProgramData\ETC\HogPC\resources\thumbnail_library\Gobo\glass_stems_dots_thin_lines.png 
1: {6501E546-28F5-4A0E-97E0-1CD914185417} 2: {CD1B9053-1471-467E-A9C9-984F87D55C10} 3: C:\ProgramData\ETC\HogPC\resources\thumbnail_library\Gobo\glass_stones_color_red_blue_color_multicolor_rocks.png 
1: {6501E546-28F5-4A0E-97E0-1CD914185417} 2: {A74B0B10-200B-4687-A286-718201FFEFCC} 3: C:\ProgramData\ETC\HogPC\resources\thumbnail_library\Gobo\glass_stray.png 
1: {6501E546-28F5-4A0E-97E0-1CD914185417} 2: {04E49D89-8382-440D-A865-14A3C5F9CF71} 3: C:\ProgramData\ETC\HogPC\resources\thumbnail_library\Gobo\glass_sunrise_horizontal_stripes.png 
1: {6501E546-28F5-4A0E-97E0-1CD914185417} 2: {8D0E7382-EDCD-4AF5-BEDF-A6A6D0449A8A} 3: C:\ProgramData\ETC\HogPC\resources\thumbnail_library\Gobo\glass_swirl_color_blue.png 
1: {6501E546-28F5-4A0E-97E0-1CD914185417} 2: {F95E51CE-6AEE-4AF6-8B25-FDE3962B8D82} 3: C:\ProgramData\ETC\HogPC\resources\thumbnail_library\Gobo\glass_thin_lines_flowers.png 
1: {6501E546-28F5-4A0E-97E0-1CD914185417} 2: {BE0E33FF-0177-46B7-9EB2-B5E786C6FF11} 3: C:\ProgramData\ETC\HogPC\resources\thumbnail_library\Gobo\glass_tiny_dots_maze.png 
1: {6501E546-28F5-4A0E-97E0-1CD914185417} 2: {820F836E-A7E4-4D22-A392-3C83F5162EAE} 3: C:\ProgramData\ETC\HogPC\resources\thumbnail_library\Gobo\glass_triangle_swirl_color_purple.png 
1: {6501E546-28F5-4A0E-97E0-1CD914185417} 2: {BB20E718-1267-4529-BE6A-48A94472162F} 3: C:\ProgramData\ETC\HogPC\resources\thumbnail_library\Gobo\glass_twist_color_purple.png 
1: {6501E546-28F5-4A0E-97E0-1CD914185417} 2: {50A2C74F-8E38-40E7-A6CA-5048C8B5DE39} 3: C:\ProgramData\ETC\HogPC\resources\thumbnail_library\Gobo\glass_underwater_sand.png 
1: {6501E546-28F5-4A0E-97E0-1CD914185417} 2: {43CB8B24-CD69-4204-AF65-ED9A6C49FD96} 3: C:\ProgramData\ETC\HogPC\resources\thumbnail_library\Gobo\glass_vertical_foliage.png 
1: {6501E546-28F5-4A0E-97E0-1CD914185417} 2: {0E5829FE-1F01-483B-9A21-54CD8E13332D} 3: C:\ProgramData\ETC\HogPC\resources\thumbnail_library\Gobo\glass_water_breakup.png 
1: {6501E546-28F5-4A0E-97E0-1CD914185417} 2: {A9B9D3F5-02A2-48F2-81C8-C99C7FEE39CC} 3: C:\ProgramData\ETC\HogPC\resources\thumbnail_library\Gobo\glass_water_drops_droplets.png 
1: {6501E546-28F5-4A0E-97E0-1CD914185417} 2: {2A7E54EE-6F12-487E-BABF-FE929063F448} 3: C:\ProgramData\ETC\HogPC\resources\thumbnail_library\Gobo\glass_water_ripples.png 
1: {6501E546-28F5-4A0E-97E0-1CD914185417} 2: {B54621B7-2230-4D98-8165-19B2D43BCD11} 3: C:\ProgramData\ETC\HogPC\resources\thumbnail_library\Gobo\glass_water_ripples_color_blue.png 
1: {6501E546-28F5-4A0E-97E0-1CD914185417} 2: {3B9D6486-9918-4A07-AD40-E2710021584B} 3: C:\ProgramData\ETC\HogPC\resources\thumbnail_library\Gobo\glass_water_swirl_blue_purple.png 
1: {6501E546-28F5-4A0E-97E0-1CD914185417} 2: {675058A1-EA63-4CF0-8601-F2ADAF220FC7} 3: C:\ProgramData\ETC\HogPC\resources\thumbnail_library\Gobo\glass_wave_ripples_bubbles.png 
1: {6501E546-28F5-4A0E-97E0-1CD914185417} 2: {8BB3D944-E2F2-4497-8E8C-0C20E08C8A20} 3: C:\ProgramData\ETC\HogPC\resources\thumbnail_library\Gobo\glass_white_dot.png 
1: {6501E546-28F5-4A0E-97E0-1CD914185417} 2: {10B22304-8655-4EF7-9130-B05A1B7AB529} 3: C:\ProgramData\ETC\HogPC\resources\thumbnail_library\Gobo\gradient_fan_spin_wave_smudge.png 
1: {6501E546-28F5-4A0E-97E0-1CD914185417} 2: {E8313CBF-E742-4955-8E3F-FA5352422B87} 3: C:\ProgramData\ETC\HogPC\resources\thumbnail_library\Gobo\gradient_grid_square_net.png 
1: {6501E546-28F5-4A0E-97E0-1CD914185417} 2: {3D30BBF6-DA2A-4397-875D-283F80EACC86} 3: C:\ProgramData\ETC\HogPC\resources\thumbnail_library\Gobo\grid_barbed_wire_net_tiny_holes_warped_3D.png 
1: {6501E546-28F5-4A0E-97E0-1CD914185417} 2: {C20BD937-291E-4D0C-90B4-EE868953B08A} 3: C:\ProgramData\ETC\HogPC\resources\thumbnail_library\Gobo\grid_rows_tiny_squares_net_multi.png 
1: {6501E546-28F5-4A0E-97E0-1CD914185417} 2: {3CE52DC2-E736-4836-9208-70323744634F} 3: C:\ProgramData\ETC\HogPC\resources\thumbnail_library\Gobo\hands_ten_3D_globe_multi_puzzle.png 
1: {6501E546-28F5-4A0E-97E0-1CD914185417} 2: {4E0FB712-1AAF-4006-A47A-944A0FFDDFCE} 3: C:\ProgramData\ETC\HogPC\resources\thumbnail_library\Gobo\hand_palm_high_five.png 
1: {6501E546-28F5-4A0E-97E0-1CD914185417} 2: {CEC1C402-0DD0-44C4-83BD-46976B9AFE0B} 3: C:\ProgramData\ETC\HogPC\resources\thumbnail_library\Gobo\hatch_circle_grid.png 
1: {6501E546-28F5-4A0E-97E0-1CD914185417} 2: {340DBAFC-FE34-4F07-8A31-49A93384EDEA} 3: C:\ProgramData\ETC\HogPC\resources\thumbnail_library\Gobo\heart_thin.png 
1: {6501E546-28F5-4A0E-97E0-1CD914185417} 2: {3034FA31-FE72-40C7-8E57-26157FBD18CC} 3: C:\ProgramData\ETC\HogPC\resources\thumbnail_library\Gobo\heart_tunnel_cone.png 
1: {6501E546-28F5-4A0E-97E0-1CD914185417} 2: {9F23398F-8A8C-4D72-B071-913D189C54B5} 3: C:\ProgramData\ETC\HogPC\resources\thumbnail_library\Gobo\hollow_circle_oval_outline_multi.png 
1: {6501E546-28F5-4A0E-97E0-1CD914185417} 2: {C15C3326-D873-4ED4-8EE0-5D1E20017C36} 3: C:\ProgramData\ETC\HogPC\resources\thumbnail_library\Gobo\horizontallines_horizontal_lines_five.png 
1: {6501E546-28F5-4A0E-97E0-1CD914185417} 2: {D7039EC8-9098-460E-91B9-B6F6FD5FA1B6} 3: C:\ProgramData\ETC\HogPC\resources\thumbnail_library\Gobo\horizontallines_lines_sizes.png 
1: {6501E546-28F5-4A0E-97E0-1CD914185417} 2: {51ACF20C-2D3A-499B-8474-DB7ECE106264} 3: C:\ProgramData\ETC\HogPC\resources\thumbnail_library\Gobo\horizontal_lines_grayscale_gradient_sunset.png 
1: {6501E546-28F5-4A0E-97E0-1CD914185417} 2: {BE0C4C23-E647-43C6-A852-2C4D8E848C75} 3: C:\ProgramData\ETC\HogPC\resources\thumbnail_library\Gobo\horizontal_lines_sunset_foliage_trees.png 
1: {6501E546-28F5-4A0E-97E0-1CD914185417} 2: {63BF81AE-9B4B-4F9D-A835-473F0A81EB9B} 3: C:\ProgramData\ETC\HogPC\resources\thumbnail_library\Gobo\horizontal_medium_breakup.png 
1: {6501E546-28F5-4A0E-97E0-1CD914185417} 2: {52B767AC-DAA5-417F-89C6-785375F50DC9} 3: C:\ProgramData\ETC\HogPC\resources\thumbnail_library\Gobo\horizontal_thick_lines_curve.png 
1: {6501E546-28F5-4A0E-97E0-1CD914185417} 2: {F357718A-F748-4E3C-B55A-6FD57682B23A} 3: C:\ProgramData\ETC\HogPC\resources\thumbnail_library\Gobo\horizontal_wave_lines_multi.png 
1: {6501E546-28F5-4A0E-97E0-1CD914185417} 2: {3BCC22CF-F38E-4067-B0BA-D4E7B826A10D} 3: C:\ProgramData\ETC\HogPC\resources\thumbnail_library\Gobo\ink_spill_splash.png 
1: {6501E546-28F5-4A0E-97E0-1CD914185417} 2: {6F363956-4C99-47E7-A863-558D548C3032} 3: C:\ProgramData\ETC\HogPC\resources\thumbnail_library\Gobo\interlocking_bubbles_rings_small.png 
1: {6501E546-28F5-4A0E-97E0-1CD914185417} 2: {914AB994-DDF7-4A4C-92A3-B5E450ECC7D9} 3: C:\ProgramData\ETC\HogPC\resources\thumbnail_library\Gobo\interlocking_rings_big.png 
1: {6501E546-28F5-4A0E-97E0-1CD914185417} 2: {14E01EF0-8A14-4827-A289-7BFCA28D627E} 3: C:\ProgramData\ETC\HogPC\resources\thumbnail_library\Gobo\inverted_ripple_texture_breakup_medium.png 
1: {6501E546-28F5-4A0E-97E0-1CD914185417} 2: {6A506C49-B675-4CE9-BF0A-EFBCA22C9DE4} 3: C:\ProgramData\ETC\HogPC\resources\thumbnail_library\Gobo\inverted_star_five_curved_bars.png 
1: {6501E546-28F5-4A0E-97E0-1CD914185417} 2: {9CBFD325-5BDF-445A-BF46-B55FDCF625C9} 3: C:\ProgramData\ETC\HogPC\resources\thumbnail_library\Gobo\invert_sunburst_radial_symmetrical.png 
1: {6501E546-28F5-4A0E-97E0-1CD914185417} 2: {AB0EC980-E979-4149-BFD5-094730C46A0E} 3: C:\ProgramData\ETC\HogPC\resources\thumbnail_library\Gobo\large_circle_centered_thick_border.png 
1: {6501E546-28F5-4A0E-97E0-1CD914185417} 2: {9B4A46AE-901D-4777-A23E-ACFAF663FB21} 3: C:\ProgramData\ETC\HogPC\resources\thumbnail_library\Gobo\large_dot_thick_border_color_blue.png 
1: {6501E546-28F5-4A0E-97E0-1CD914185417} 2: {B8FF5B89-1508-4F29-8B47-B8296CA0546B} 3: C:\ProgramData\ETC\HogPC\resources\thumbnail_library\Gobo\large_flame_fire.png 
1: {6501E546-28F5-4A0E-97E0-1CD914185417} 2: {1ECC8BFD-416D-4C24-BE8C-979280B0AF3B} 3: C:\ProgramData\ETC\HogPC\resources\thumbnail_library\Gobo\large_narrow_X_cross_criss_one.png 
1: {6501E546-28F5-4A0E-97E0-1CD914185417} 2: {4B5AAEF5-DE29-4EE1-A257-8C245F4C040F} 3: C:\ProgramData\ETC\HogPC\resources\thumbnail_library\Gobo\large_twinkle_star_tiny_dots.png 
1: {6501E546-28F5-4A0E-97E0-1CD914185417} 2: {84FEC529-A773-4B57-803D-AAC8576AE826} 3: C:\ProgramData\ETC\HogPC\resources\thumbnail_library\Gobo\lava_blob_red_multicolor_red_yellow_purple.png 
1: {6501E546-28F5-4A0E-97E0-1CD914185417} 2: {AE3A47E9-00B1-47BB-910C-91F73B02FF52} 3: C:\ProgramData\ETC\HogPC\resources\thumbnail_library\Gobo\lava_mix_warped.png 
1: {6501E546-28F5-4A0E-97E0-1CD914185417} 2: {EEB4A6C9-90FF-495E-910C-A02A143E8A80} 3: C:\ProgramData\ETC\HogPC\resources\thumbnail_library\Gobo\lava_ovals_melt_gradient.png 
1: {6501E546-28F5-4A0E-97E0-1CD914185417} 2: {9132C1EE-671D-4782-BB2E-8FF48D7C1D55} 3: C:\ProgramData\ETC\HogPC\resources\thumbnail_library\Gobo\lava_overlapping_ovals_circles_multicolor_cyan_magenta.png 
1: {6501E546-28F5-4A0E-97E0-1CD914185417} 2: {1686CB1C-A64C-4467-A1F7-258370FCF56E} 3: C:\ProgramData\ETC\HogPC\resources\thumbnail_library\Gobo\layered_crescent_wedges_border_circle.png 
1: {6501E546-28F5-4A0E-97E0-1CD914185417} 2: {E71E8713-6C52-4E8F-8780-62B1393F1BB5} 3: C:\ProgramData\ETC\HogPC\resources\thumbnail_library\Gobo\layered_cylinder_cross_x_color_multicolor_cyan_magenta_yellow_green.png 
1: {6501E546-28F5-4A0E-97E0-1CD914185417} 2: {A248EE0B-3EBD-43FF-89BD-F07D27ACC59D} 3: C:\ProgramData\ETC\HogPC\resources\thumbnail_library\Gobo\layered_pastel_shapes_multi_color_multicolor_cyan_magenta.png 
1: {6501E546-28F5-4A0E-97E0-1CD914185417} 2: {B0269669-CC4F-4E91-95E2-8BB508A9AA51} 3: C:\ProgramData\ETC\HogPC\resources\thumbnail_library\Gobo\layered_rainbow_shard_broken_.png 
1: {6501E546-28F5-4A0E-97E0-1CD914185417} 2: {89EE295A-2097-4B75-81BD-38F1889DB837} 3: C:\ProgramData\ETC\HogPC\resources\thumbnail_library\Gobo\layered_square_stack_fan_spiral.png 
1: {6501E546-28F5-4A0E-97E0-1CD914185417} 2: {491FDCD2-003F-44AE-BF7B-E35788B23774} 3: C:\ProgramData\ETC\HogPC\resources\thumbnail_library\Gobo\layers_triangles_squares_fan_circle_border_spin.png 
1: {6501E546-28F5-4A0E-97E0-1CD914185417} 2: {64C555A7-31F5-4DA1-B02B-D49AE6BB669F} 3: C:\ProgramData\ETC\HogPC\resources\thumbnail_library\Gobo\layer_circles_bubbles-color_overlapping.png 
1: {6501E546-28F5-4A0E-97E0-1CD914185417} 2: {06318BC7-43A4-4E12-BFDE-174E97501225} 3: C:\ProgramData\ETC\HogPC\resources\thumbnail_library\Gobo\layer_lines_confetti_multicolor_teal_blue_yellow.png 
1: {6501E546-28F5-4A0E-97E0-1CD914185417} 2: {8050F4D7-2074-4CE5-8564-05876E5EC84B} 3: C:\ProgramData\ETC\HogPC\resources\thumbnail_library\Gobo\layer_multi_breakup_circles.png 
1: {6501E546-28F5-4A0E-97E0-1CD914185417} 2: {884F74D2-FF6E-4CFE-94E6-668FCB09193A} 3: C:\ProgramData\ETC\HogPC\resources\thumbnail_library\Gobo\layer_stars_multi_pow_kaboom.png 
1: {6501E546-28F5-4A0E-97E0-1CD914185417} 2: {A656F5AC-55C4-4150-AB1C-A24D2AE5979A} 3: C:\ProgramData\ETC\HogPC\resources\thumbnail_library\Gobo\layer_star_lines_bars.png 
1: {6501E546-28F5-4A0E-97E0-1CD914185417} 2: {ACF03EDC-C5F0-4378-98C1-224A70B4C4D5} 3: C:\ProgramData\ETC\HogPC\resources\thumbnail_library\Gobo\lightning_bolt_storm.png 
1: {6501E546-28F5-4A0E-97E0-1CD914185417} 2: {1F1AA5E7-1344-4E2B-BD21-C32FD0308259} 3: C:\ProgramData\ETC\HogPC\resources\thumbnail_library\Gobo\lightning_image_clouds_strike.png 
1: {6501E546-28F5-4A0E-97E0-1CD914185417} 2: {BF3BAD25-41DB-4028-94A6-76C3B75C5400} 3: C:\ProgramData\ETC\HogPC\resources\thumbnail_library\Gobo\lightning_thin_lines.png 
1: {6501E546-28F5-4A0E-97E0-1CD914185417} 2: {5D2AADAE-0E37-47EF-A588-7549BFC571C1} 3: C:\ProgramData\ETC\HogPC\resources\thumbnail_library\Gobo\lightning_zigzag_large_thick.png 
1: {6501E546-28F5-4A0E-97E0-1CD914185417} 2: {87A5918E-C1D1-4A73-BFF8-B21F6603148A} 3: C:\ProgramData\ETC\HogPC\resources\thumbnail_library\Gobo\lineglass_bubbleglass.png 
1: {6501E546-28F5-4A0E-97E0-1CD914185417} 2: {4E41D3ED-B79F-4A85-8F4A-5BB5029889F0} 3: C:\ProgramData\ETC\HogPC\resources\thumbnail_library\Gobo\lines_bars_multi_overlap_layer.png 
1: {6501E546-28F5-4A0E-97E0-1CD914185417} 2: {F734361E-DB5E-43E7-B402-B27F7C71384A} 3: C:\ProgramData\ETC\HogPC\resources\thumbnail_library\Gobo\lines_curved_bars_circle_multi.png 
1: {6501E546-28F5-4A0E-97E0-1CD914185417} 2: {FD2DAD82-9974-4628-99AF-C5CC9F68555C} 3: C:\ProgramData\ETC\HogPC\resources\thumbnail_library\Gobo\lines_fire_vertical.png 
1: {6501E546-28F5-4A0E-97E0-1CD914185417} 2: {2D7A78A5-3823-400F-A690-D3A5F75FDE5C} 3: C:\ProgramData\ETC\HogPC\resources\thumbnail_library\Gobo\lines_grid_squares_squiggles_map_maze.png 
1: {6501E546-28F5-4A0E-97E0-1CD914185417} 2: {75C53AFF-78DF-4FDD-85DD-225CD2C080F7} 3: C:\ProgramData\ETC\HogPC\resources\thumbnail_library\Gobo\lines_hatch_grid_random.png 
1: {6501E546-28F5-4A0E-97E0-1CD914185417} 2: {9D6F2F6C-4329-4DE4-BDF3-66ADBF58E71F} 3: C:\ProgramData\ETC\HogPC\resources\thumbnail_library\Gobo\lines_sphere_thin_color_round.png 
1: {6501E546-28F5-4A0E-97E0-1CD914185417} 2: {7CF986F3-3F8D-4F13-A336-63BF28593555} 3: C:\ProgramData\ETC\HogPC\resources\thumbnail_library\Gobo\lines_trees_branches_foliage.png 
1: {6501E546-28F5-4A0E-97E0-1CD914185417} 2: {11A1C298-4DE2-411A-A399-484207E9BE28} 3: C:\ProgramData\ETC\HogPC\resources\thumbnail_library\Gobo\lines_triangles_spin_fan_star.png 
1: {6501E546-28F5-4A0E-97E0-1CD914185417} 2: {E63D2FA5-0705-4F7A-90ED-CC3CFB86FD6F} 3: C:\ProgramData\ETC\HogPC\resources\thumbnail_library\Gobo\lines_vertical_fat_messy_zebra.png 
1: {6501E546-28F5-4A0E-97E0-1CD914185417} 2: {12CAA04F-5AEE-4FF3-9E00-6352938089EC} 3: C:\ProgramData\ETC\HogPC\resources\thumbnail_library\Gobo\line_bar_broadband_single_horizontal.png 
1: {6501E546-28F5-4A0E-97E0-1CD914185417} 2: {20A5F517-BA6F-4095-9D5C-7DB81A55C075} 3: C:\ProgramData\ETC\HogPC\resources\thumbnail_library\Gobo\line_bar_broadband_single_vertical.png 
1: {6501E546-28F5-4A0E-97E0-1CD914185417} 2: {77CAB83A-C28C-40FA-841C-05285D8144F8} 3: C:\ProgramData\ETC\HogPC\resources\thumbnail_library\Gobo\line_tunnel_flower.png 
1: {6501E546-28F5-4A0E-97E0-1CD914185417} 2: {2EBB20D4-54AB-4E02-B227-6E9A1ACB7BB0} 3: C:\ProgramData\ETC\HogPC\resources\thumbnail_library\Gobo\LMP_text_red_dot_words.png 
1: {6501E546-28F5-4A0E-97E0-1CD914185417} 2: {F3581393-F2E7-4E75-B3E3-63FABB1A0657} 3: C:\ProgramData\ETC\HogPC\resources\thumbnail_library\Gobo\loop_single_ring.png 
1: {6501E546-28F5-4A0E-97E0-1CD914185417} 2: {B6D248B6-CA7E-4F8C-8924-0E84BD5B2B97} 3: C:\ProgramData\ETC\HogPC\resources\thumbnail_library\Gobo\magenta_purple_hole_ring.png 
1: {6501E546-28F5-4A0E-97E0-1CD914185417} 2: {51BAD50F-5DA2-41F3-8594-FB4698ED28BC} 3: C:\ProgramData\ETC\HogPC\resources\thumbnail_library\Gobo\marble_swirl_mix_color_blue_purple.png 
1: {6501E546-28F5-4A0E-97E0-1CD914185417} 2: {4DB1313D-23AE-406C-89AF-55A87E64D415} 3: C:\ProgramData\ETC\HogPC\resources\thumbnail_library\Gobo\maze_grid_puzzle_lines_layer_overlap_thin.png 
1: {6501E546-28F5-4A0E-97E0-1CD914185417} 2: {1D77B50B-FB8B-4002-BC20-043D708419E7} 3: C:\ProgramData\ETC\HogPC\resources\thumbnail_library\Gobo\maze_map_one_puzzle_paths.png 
1: {6501E546-28F5-4A0E-97E0-1CD914185417} 2: {4DFB3E87-9013-47F3-8575-6167838A91C4} 3: C:\ProgramData\ETC\HogPC\resources\thumbnail_library\Gobo\medium_checkered_tunnel_medium.png 
1: {6501E546-28F5-4A0E-97E0-1CD914185417} 2: {9BB9FB5E-70F8-4B2C-91B8-96FBC02E44D8} 3: C:\ProgramData\ETC\HogPC\resources\thumbnail_library\Gobo\medium_curves_lines_random.png 
1: {6501E546-28F5-4A0E-97E0-1CD914185417} 2: {FD08ACEE-E473-464D-A090-26ED972A262F} 3: C:\ProgramData\ETC\HogPC\resources\thumbnail_library\Gobo\mix_layer_color_pastel_multicolor_swirl_cyan_magenta.png 
1: {6501E546-28F5-4A0E-97E0-1CD914185417} 2: {BDF3CADB-3224-4AC4-92FC-E1B1FB1CAA9D} 3: C:\ProgramData\ETC\HogPC\resources\thumbnail_library\Gobo\moon_paint_smudge_green_yellow_multicolor.png 
1: {6501E546-28F5-4A0E-97E0-1CD914185417} 2: {F210054A-5E83-40EF-9E84-984106742A39} 3: C:\ProgramData\ETC\HogPC\resources\thumbnail_library\Gobo\mulit_speck_scattered_tiny_dots_purple.png 
1: {6501E546-28F5-4A0E-97E0-1CD914185417} 2: {3CCF9BF4-7452-41F1-93A1-9D616AA59AF9} 3: C:\ProgramData\ETC\HogPC\resources\thumbnail_library\Gobo\multi-dots_small_spaced_moon.png 
1: {6501E546-28F5-4A0E-97E0-1CD914185417} 2: {890F1D21-37C1-4A11-8F59-207AD1B99CDE} 3: C:\ProgramData\ETC\HogPC\resources\thumbnail_library\Gobo\multicolor_bars_thin_random_red_blue_green_yellow_purple.png 
1: {6501E546-28F5-4A0E-97E0-1CD914185417} 2: {1B7F1BE3-2599-41CF-A0B9-964F682A7879} 3: C:\ProgramData\ETC\HogPC\resources\thumbnail_library\Gobo\multicolor_cloud_breakup_small_rainbow_red_blue_green_yellow_purple.png 
1: {6501E546-28F5-4A0E-97E0-1CD914185417} 2: {A944333F-63C1-43E2-8CBF-0B39BD6F607D} 3: C:\ProgramData\ETC\HogPC\resources\thumbnail_library\Gobo\multicolor_colored_breakup_cyan_magenta_yellow_purple.png 
1: {6501E546-28F5-4A0E-97E0-1CD914185417} 2: {63CC3D4E-840B-4070-8042-D2B2F15DDB9E} 3: C:\ProgramData\ETC\HogPC\resources\thumbnail_library\Gobo\multicolor_grass_strokes_psychedelic_texture_yellow_red_orange.png 
1: {6501E546-28F5-4A0E-97E0-1CD914185417} 2: {FB68943A-3D98-45B7-9111-D631F2AE04CD} 3: C:\ProgramData\ETC\HogPC\resources\thumbnail_library\Gobo\multicolor_mix_swirl_pink_purple.png 
1: {6501E546-28F5-4A0E-97E0-1CD914185417} 2: {550F5860-E7D2-4666-97C1-8FD3AB62F608} 3: C:\ProgramData\ETC\HogPC\resources\thumbnail_library\Gobo\multicolor_overlapping_bars_pastel_cyan_magenta.png 
1: {6501E546-28F5-4A0E-97E0-1CD914185417} 2: {2E4F8D0C-1745-4A02-93D8-6318A11EC74D} 3: C:\ProgramData\ETC\HogPC\resources\thumbnail_library\Gobo\multicolor_overlapping_blotchy_breakup_rainbow_red_blue_green_yellow_purple.png 
1: {6501E546-28F5-4A0E-97E0-1CD914185417} 2: {37FEC76E-2979-400B-B893-589381738083} 3: C:\ProgramData\ETC\HogPC\resources\thumbnail_library\Gobo\multicolor_overlapping_radial_squiggles_cyan_magenta.png 
1: {6501E546-28F5-4A0E-97E0-1CD914185417} 2: {28409813-665C-47CB-B9BC-37011E048E43} 3: C:\ProgramData\ETC\HogPC\resources\thumbnail_library\Gobo\multicolor_overlapping_strokes_curved_squiggles_blue_green.png 
1: {6501E546-28F5-4A0E-97E0-1CD914185417} 2: {999EE59D-E6EE-4A89-A56A-F4912F7F273E} 3: C:\ProgramData\ETC\HogPC\resources\thumbnail_library\Gobo\multicolor_rounded_squares_sphere_grid_pink.png 
1: {6501E546-28F5-4A0E-97E0-1CD914185417} 2: {DFD1C4A6-5FA7-48D1-9685-6665C2439FD1} 3: C:\ProgramData\ETC\HogPC\resources\thumbnail_library\Gobo\multicolor_six_lines_star_rainbow_red_yellow_blue_green_purple_teal.png 
1: {6501E546-28F5-4A0E-97E0-1CD914185417} 2: {AD3EA3B8-F5DC-41A0-BC8F-8D8F1C67BB3E} 3: C:\ProgramData\ETC\HogPC\resources\thumbnail_library\Gobo\multicolor_sun_sunburst_face_yellow.png 
1: {6501E546-28F5-4A0E-97E0-1CD914185417} 2: {0F049701-EEC4-4B92-914E-9FBD285C806A} 3: C:\ProgramData\ETC\HogPC\resources\thumbnail_library\Gobo\multidot_dots_sizes_eight.png 
1: {6501E546-28F5-4A0E-97E0-1CD914185417} 2: {033CFEB0-B3E5-4996-9CEB-ACCB0EE59D0A} 3: C:\ProgramData\ETC\HogPC\resources\thumbnail_library\Gobo\multisize_multi_dots.png 
1: {6501E546-28F5-4A0E-97E0-1CD914185417} 2: {488FD542-411B-4204-A824-E38C551FEE85} 3: C:\ProgramData\ETC\HogPC\resources\thumbnail_library\Gobo\multi_bars_fan_spin_thin_flower.png 
1: {6501E546-28F5-4A0E-97E0-1CD914185417} 2: {3CC1847A-D521-40EB-9425-15A3B6E84312} 3: C:\ProgramData\ETC\HogPC\resources\thumbnail_library\Gobo\multi_bars_jagged_breakup.png 
1: {6501E546-28F5-4A0E-97E0-1CD914185417} 2: {6CD030CE-D6E3-40B6-A998-E792FB5637B3} 3: C:\ProgramData\ETC\HogPC\resources\thumbnail_library\Gobo\multi_bars_lines_ring.png 
1: {6501E546-28F5-4A0E-97E0-1CD914185417} 2: {1E766F4E-42EA-4138-8931-E3A677B19B68} 3: C:\ProgramData\ETC\HogPC\resources\thumbnail_library\Gobo\multi_bars_random.png 
1: {6501E546-28F5-4A0E-97E0-1CD914185417} 2: {9F81E0BB-550A-40CA-A744-B90FD4DBBF7E} 3: C:\ProgramData\ETC\HogPC\resources\thumbnail_library\Gobo\multi_bars_rods_small.png 
1: {6501E546-28F5-4A0E-97E0-1CD914185417} 2: {D16F6165-4B73-4558-B476-7ED4A7DC6032} 3: C:\ProgramData\ETC\HogPC\resources\thumbnail_library\Gobo\multi_bar_thin_border_green_multicolor.png 
1: {6501E546-28F5-4A0E-97E0-1CD914185417} 2: {3476610B-A6CD-41F3-9625-AF4E5C887417} 3: C:\ProgramData\ETC\HogPC\resources\thumbnail_library\Gobo\multi_branches_overlapping_thin_breakup.png 
1: {6501E546-28F5-4A0E-97E0-1CD914185417} 2: {D9D75FFC-831C-407C-A2F1-213820BDE18E} 3: C:\ProgramData\ETC\HogPC\resources\thumbnail_library\Gobo\multi_breakup_pointer_firework.png 
1: {6501E546-28F5-4A0E-97E0-1CD914185417} 2: {08CC6962-8A4B-4DB0-878F-F6FE9ACEEF68} 3: C:\ProgramData\ETC\HogPC\resources\thumbnail_library\Gobo\multi_circle_oval_radial.png 
1: {6501E546-28F5-4A0E-97E0-1CD914185417} 2: {AF522E9C-47DF-4627-8FA5-227ACE29EFBB} 3: C:\ProgramData\ETC\HogPC\resources\thumbnail_library\Gobo\multi_cloud_puffy_small.png 
1: {6501E546-28F5-4A0E-97E0-1CD914185417} 2: {32F12F25-1328-4F86-907B-B3F2F06FE128} 3: C:\ProgramData\ETC\HogPC\resources\thumbnail_library\Gobo\Multi_cobblestone_breakup.png 
1: {6501E546-28F5-4A0E-97E0-1CD914185417} 2: {CA0268A8-1747-4A95-9954-7DB59B244FD6} 3: C:\ProgramData\ETC\HogPC\resources\thumbnail_library\Gobo\multi_crescent_arches_medium.png 
1: {6501E546-28F5-4A0E-97E0-1CD914185417} 2: {83DB4760-10A3-44CF-B22B-1222BA45BE9E} 3: C:\ProgramData\ETC\HogPC\resources\thumbnail_library\Gobo\multi_crescent_boomerang_paint.png 
1: {6501E546-28F5-4A0E-97E0-1CD914185417} 2: {6C4892D1-04C3-4255-BE6D-6EB65A047173} 3: C:\ProgramData\ETC\HogPC\resources\thumbnail_library\Gobo\multi_crescent_circle_ring_flower_sun.png 
1: {6501E546-28F5-4A0E-97E0-1CD914185417} 2: {4CF7ECCB-56AC-42C2-B64F-02096438B558} 3: C:\ProgramData\ETC\HogPC\resources\thumbnail_library\Gobo\multi_crescent_wedges_rose_dot.png 
1: {6501E546-28F5-4A0E-97E0-1CD914185417} 2: {F97A84A0-ACF7-4622-8C88-025E13864ED7} 3: C:\ProgramData\ETC\HogPC\resources\thumbnail_library\Gobo\multi_curved_lines_net_breakup.png 
1: {6501E546-28F5-4A0E-97E0-1CD914185417} 2: {4E14D2C0-2E3D-4F5E-B49A-E8A5557515A3} 3: C:\ProgramData\ETC\HogPC\resources\thumbnail_library\Gobo\multi_curved_pointed_breakup_small.png 
1: {6501E546-28F5-4A0E-97E0-1CD914185417} 2: {74AB84BB-6A15-4C11-AA72-6FC21F7E5DD3} 3: C:\ProgramData\ETC\HogPC\resources\thumbnail_library\Gobo\multi_curves_overlapping_breakup_medium.png 
1: {6501E546-28F5-4A0E-97E0-1CD914185417} 2: {ED7D3CD6-B25A-49C7-8052-354A2CC451ED} 3: C:\ProgramData\ETC\HogPC\resources\thumbnail_library\Gobo\multi_curves_symmetrical.png 
1: {6501E546-28F5-4A0E-97E0-1CD914185417} 2: {85AEB207-9F98-4F3C-B044-A834A9A42A58} 3: C:\ProgramData\ETC\HogPC\resources\thumbnail_library\Gobo\multi_dots.png 
1: {6501E546-28F5-4A0E-97E0-1CD914185417} 2: {3D5C213C-AD23-49CE-86AA-085DD53A1321} 3: C:\ProgramData\ETC\HogPC\resources\thumbnail_library\Gobo\multi_dots_breakup_medium.png 
1: {6501E546-28F5-4A0E-97E0-1CD914185417} 2: {4FA7C973-3BD6-47C7-A1C3-460056E586FB} 3: C:\ProgramData\ETC\HogPC\resources\thumbnail_library\Gobo\multi_dots_breakup_small.png 
1: {6501E546-28F5-4A0E-97E0-1CD914185417} 2: {14111AC7-1B5F-44C7-9D90-49EF2A10290F} 3: C:\ProgramData\ETC\HogPC\resources\thumbnail_library\Gobo\multi_dots_curved_rotating_right.png 
1: {6501E546-28F5-4A0E-97E0-1CD914185417} 2: {8EF49817-B196-4297-8FEE-9ED4821E3DCC} 3: C:\ProgramData\ETC\HogPC\resources\thumbnail_library\Gobo\multi_dots_medium.png 
1: {6501E546-28F5-4A0E-97E0-1CD914185417} 2: {E458DB5A-AAC7-4B80-B14F-3780213048F2} 3: C:\ProgramData\ETC\HogPC\resources\thumbnail_library\Gobo\multi_dots_medium_breakup.png 
1: {6501E546-28F5-4A0E-97E0-1CD914185417} 2: {EEE6BC63-EFAD-4C24-8123-9E8ED2BACF86} 3: C:\ProgramData\ETC\HogPC\resources\thumbnail_library\Gobo\multi_dots_ovals.png 
1: {6501E546-28F5-4A0E-97E0-1CD914185417} 2: {EC506C3B-E508-4A02-B700-941BEE6FA72F} 3: C:\ProgramData\ETC\HogPC\resources\thumbnail_library\Gobo\multi_dots_ovals_moon.png 
1: {6501E546-28F5-4A0E-97E0-1CD914185417} 2: {5FDD44B5-D482-4218-8547-26AB51EB10EB} 3: C:\ProgramData\ETC\HogPC\resources\thumbnail_library\Gobo\multi_dots_radial.png 
1: {6501E546-28F5-4A0E-97E0-1CD914185417} 2: {2730753B-EA83-421E-B90A-5F498EC80F0A} 3: C:\ProgramData\ETC\HogPC\resources\thumbnail_library\Gobo\multi_dots_radial_rotating_right.png 
1: {6501E546-28F5-4A0E-97E0-1CD914185417} 2: {0C547422-E200-4B8B-A346-75E0A6C1C495} 3: C:\ProgramData\ETC\HogPC\resources\thumbnail_library\Gobo\multi_dots_radial_tunnel.png 
1: {6501E546-28F5-4A0E-97E0-1CD914185417} 2: {64462457-88F0-4A31-8A3A-5ABE232D1092} 3: C:\ProgramData\ETC\HogPC\resources\thumbnail_library\Gobo\multi_dots_rotating_right.png 
1: {6501E546-28F5-4A0E-97E0-1CD914185417} 2: {C7145B80-E9DD-4DAF-9B61-7E5287B9ACC6} 3: C:\ProgramData\ETC\HogPC\resources\thumbnail_library\Gobo\multi_dots_small.png 
1: {6501E546-28F5-4A0E-97E0-1CD914185417} 2: {226C9274-1A3C-46A2-B5C8-BE0519FF6A16} 3: C:\ProgramData\ETC\HogPC\resources\thumbnail_library\Gobo\multi_dots_small_breakup.png 
1: {6501E546-28F5-4A0E-97E0-1CD914185417} 2: {0985E5D0-444A-4961-8CC8-E21BB6C4612E} 3: C:\ProgramData\ETC\HogPC\resources\thumbnail_library\Gobo\multi_dots_small_large.png 
1: {6501E546-28F5-4A0E-97E0-1CD914185417} 2: {8C50FD1E-1B0A-4A4D-A2D7-D564B3E7DFEE} 3: C:\ProgramData\ETC\HogPC\resources\thumbnail_library\Gobo\multi_dots_space.png 
1: {6501E546-28F5-4A0E-97E0-1CD914185417} 2: {086C3036-B7D4-4894-BD7B-802C84FA9474} 3: C:\ProgramData\ETC\HogPC\resources\thumbnail_library\Gobo\multi_dots_sun_ring.png 
1: {6501E546-28F5-4A0E-97E0-1CD914185417} 2: {A2D5B47C-39C5-437F-B769-AA87F77B246B} 3: C:\ProgramData\ETC\HogPC\resources\thumbnail_library\Gobo\multi_dots_tiny.png 
1: {6501E546-28F5-4A0E-97E0-1CD914185417} 2: {1DA8907F-B26F-4DE0-B3B6-18F20C1F5B85} 3: C:\ProgramData\ETC\HogPC\resources\thumbnail_library\Gobo\multi_dot_breakup_medium.png 
1: {6501E546-28F5-4A0E-97E0-1CD914185417} 2: {6FFF3B2A-8B75-40B9-B739-1B60CD6CBFDE} 3: C:\ProgramData\ETC\HogPC\resources\thumbnail_library\Gobo\multi_dot_cross_sphere.png 
1: {6501E546-28F5-4A0E-97E0-1CD914185417} 2: {17B456C4-7A7A-40A0-BA90-8535B1CEFE82} 3: C:\ProgramData\ETC\HogPC\resources\thumbnail_library\Gobo\multi_dot_medium.png 
1: {6501E546-28F5-4A0E-97E0-1CD914185417} 2: {5DF21DBE-41B1-49E6-A657-DB8FE1F4F2C6} 3: C:\ProgramData\ETC\HogPC\resources\thumbnail_library\Gobo\multi_dot_radial_rings.png 
1: {6501E546-28F5-4A0E-97E0-1CD914185417} 2: {2F0FFB3A-F71A-471C-A0A1-B6F951752F3C} 3: C:\ProgramData\ETC\HogPC\resources\thumbnail_library\Gobo\multi_eight_point_stars.png 
1: {6501E546-28F5-4A0E-97E0-1CD914185417} 2: {648C29DA-5FDD-4664-BE28-0FCBB582FDC8} 3: C:\ProgramData\ETC\HogPC\resources\thumbnail_library\Gobo\multi_five_pointed_stars.png 
1: {6501E546-28F5-4A0E-97E0-1CD914185417} 2: {46940DCC-C457-47F2-80F4-7B41ADD86892} 3: C:\ProgramData\ETC\HogPC\resources\thumbnail_library\Gobo\multi_five_point_stars_small.png 
1: {6501E546-28F5-4A0E-97E0-1CD914185417} 2: {7BCA0C2D-8FCA-4B98-B6B5-BC723EE5E1C2} 3: C:\ProgramData\ETC\HogPC\resources\thumbnail_library\Gobo\multi_five_point_star_breakup.png 
1: {6501E546-28F5-4A0E-97E0-1CD914185417} 2: {26B6D640-1464-473E-88A3-4755C61EDDED} 3: C:\ProgramData\ETC\HogPC\resources\thumbnail_library\Gobo\multi_flame_small_cylinder.png 
1: {6501E546-28F5-4A0E-97E0-1CD914185417} 2: {BA7AC429-105A-4952-BC0D-AAFFF9E2B52E} 3: C:\ProgramData\ETC\HogPC\resources\thumbnail_library\Gobo\multi_four_point_stars.png 
1: {6501E546-28F5-4A0E-97E0-1CD914185417} 2: {808B61FD-58F6-4E59-876D-24A1F1746469} 3: C:\ProgramData\ETC\HogPC\resources\thumbnail_library\Gobo\multi_geometric_breakup_medium.png 
1: {6501E546-28F5-4A0E-97E0-1CD914185417} 2: {2B1058A6-5361-4E02-BAA0-BE9E48E13A48} 3: C:\ProgramData\ETC\HogPC\resources\thumbnail_library\Gobo\multi_horizontal_wavy_lines.png 
1: {6501E546-28F5-4A0E-97E0-1CD914185417} 2: {6E21D9B6-C639-4362-B52C-8AB4835F58C7} 3: C:\ProgramData\ETC\HogPC\resources\thumbnail_library\Gobo\multi_interlocking_rings_hoops_medium.png 
1: {6501E546-28F5-4A0E-97E0-1CD914185417} 2: {7626AC0B-0B0B-42E2-A176-74CA018F264A} 3: C:\ProgramData\ETC\HogPC\resources\thumbnail_library\Gobo\multi_jogging_lines_thin.png 
1: {6501E546-28F5-4A0E-97E0-1CD914185417} 2: {01AB8CDC-7B39-4EE3-925A-BB4676EB75B3} 3: C:\ProgramData\ETC\HogPC\resources\thumbnail_library\Gobo\multi_large_dots_concentric_rings_tunnel.png 
1: {6501E546-28F5-4A0E-97E0-1CD914185417} 2: {04A73009-B02F-48DF-B2CD-7006DFBB9208} 3: C:\ProgramData\ETC\HogPC\resources\thumbnail_library\Gobo\multi_lines_grids_overlapping_vines_foliage.png 
1: {6501E546-28F5-4A0E-97E0-1CD914185417} 2: {0CF0901E-3FEE-4EEA-9579-342896FAA967} 3: C:\ProgramData\ETC\HogPC\resources\thumbnail_library\Gobo\multi_lines_vertical_overlapping.png 
1: {6501E546-28F5-4A0E-97E0-1CD914185417} 2: {37D88178-068D-4416-9214-73C11340C0EA} 3: C:\ProgramData\ETC\HogPC\resources\thumbnail_library\Gobo\multi_noodle_wave_arms_sun_spiral_fan.png 
1: {6501E546-28F5-4A0E-97E0-1CD914185417} 2: {CDB0284A-DEF9-4315-BE26-688FFADDCF01} 3: C:\ProgramData\ETC\HogPC\resources\thumbnail_library\Gobo\multi_overlapping_bars_breakup_small.png 
1: {6501E546-28F5-4A0E-97E0-1CD914185417} 2: {151FB8A6-CA5E-4975-8D90-9883DB6F20B8} 3: C:\ProgramData\ETC\HogPC\resources\thumbnail_library\Gobo\multi_overlapping_lines_small.png 
1: {6501E546-28F5-4A0E-97E0-1CD914185417} 2: {5A8C0CD2-094E-47B9-97B9-E7D27C5AC2B3} 3: C:\ProgramData\ETC\HogPC\resources\thumbnail_library\Gobo\multi_overlapping_squares_small.png 
1: {6501E546-28F5-4A0E-97E0-1CD914185417} 2: {21C3A738-4487-42B3-B07A-1160CE647B37} 3: C:\ProgramData\ETC\HogPC\resources\thumbnail_library\Gobo\multi_paisley_raindrop_dots.png 
1: {6501E546-28F5-4A0E-97E0-1CD914185417} 2: {6737252B-F03A-42FB-BC37-10BE031D4B84} 3: C:\ProgramData\ETC\HogPC\resources\thumbnail_library\Gobo\multi_palm_leafs_medium.png 
1: {6501E546-28F5-4A0E-97E0-1CD914185417} 2: {2E08134B-AAC5-4201-ACC7-6124F185AE39} 3: C:\ProgramData\ETC\HogPC\resources\thumbnail_library\Gobo\multi_pieces_shattered_cracks.png 
1: {6501E546-28F5-4A0E-97E0-1CD914185417} 2: {68D7591C-EE71-4330-A476-FA5BBBBCFB7C} 3: C:\ProgramData\ETC\HogPC\resources\thumbnail_library\Gobo\multi_pointed_bars_color_pink.png 
1: {6501E546-28F5-4A0E-97E0-1CD914185417} 2: {E7ADBAED-A5B4-47ED-A319-139CA56E3849} 3: C:\ProgramData\ETC\HogPC\resources\thumbnail_library\Gobo\multi_pointed_sun_big.png 
1: {6501E546-28F5-4A0E-97E0-1CD914185417} 2: {F9EBAB08-D4CC-474B-AAC6-60A9B19BAC1C} 3: C:\ProgramData\ETC\HogPC\resources\thumbnail_library\Gobo\multi_rectangle_breakup.png 
1: {6501E546-28F5-4A0E-97E0-1CD914185417} 2: {9E2BFD91-3A3E-4A36-8828-EB7514FE6CB0} 3: C:\ProgramData\ETC\HogPC\resources\thumbnail_library\Gobo\multi_ribbons_flower_petals.png 
1: {6501E546-28F5-4A0E-97E0-1CD914185417} 2: {B7156CEA-FE63-443F-8E93-85091A4BA8EF} 3: C:\ProgramData\ETC\HogPC\resources\thumbnail_library\Gobo\multi_ring_target_color_multicolor_blue_red_green_yellow_purple_teal.png 
1: {6501E546-28F5-4A0E-97E0-1CD914185417} 2: {307ADA3A-31BB-402E-8E8F-8838732678DA} 3: C:\ProgramData\ETC\HogPC\resources\thumbnail_library\Gobo\multi_rounded_square_breakup.png 
1: {6501E546-28F5-4A0E-97E0-1CD914185417} 2: {0E646D95-6E85-4D71-84D9-8577344EDDCD} 3: C:\ProgramData\ETC\HogPC\resources\thumbnail_library\Gobo\multi_shape_square_circle_dot_pattern.png 
1: {6501E546-28F5-4A0E-97E0-1CD914185417} 2: {80B5518E-9B9A-45BB-81FB-E4848C454671} 3: C:\ProgramData\ETC\HogPC\resources\thumbnail_library\Gobo\multi_small_dots_space.png 
1: {6501E546-28F5-4A0E-97E0-1CD914185417} 2: {563B1E4C-EEC1-48FB-9E4D-492F383DA994} 3: C:\ProgramData\ETC\HogPC\resources\thumbnail_library\Gobo\multi_small_ovals_pebbles_rocks.png 
1: {6501E546-28F5-4A0E-97E0-1CD914185417} 2: {6A21A414-25F9-44CB-98C5-9110F0CDB3CE} 3: C:\ProgramData\ETC\HogPC\resources\thumbnail_library\Gobo\multi_small_rocks_3D.png 
1: {6501E546-28F5-4A0E-97E0-1CD914185417} 2: {4AC656BF-F8EB-4A6C-9BD8-C38CA1EAED6F} 3: C:\ProgramData\ETC\HogPC\resources\thumbnail_library\Gobo\multi_speckles_dots_tiny.png 
1: {6501E546-28F5-4A0E-97E0-1CD914185417} 2: {9875453E-1467-4100-8EDC-5D1E0DB8FABE} 3: C:\ProgramData\ETC\HogPC\resources\thumbnail_library\Gobo\multi_squares_breakup.png 
1: {6501E546-28F5-4A0E-97E0-1CD914185417} 2: {27B48BB1-1F05-4C25-B968-085DCA4D22C9} 3: C:\ProgramData\ETC\HogPC\resources\thumbnail_library\Gobo\multi_squares_diamonds_grid.png 
1: {6501E546-28F5-4A0E-97E0-1CD914185417} 2: {FFAD68A7-038D-4F11-9045-4887E5D0B126} 3: C:\ProgramData\ETC\HogPC\resources\thumbnail_library\Gobo\multi_square_cubes_curved_rounded.png 
1: {6501E546-28F5-4A0E-97E0-1CD914185417} 2: {29AF664C-563A-4913-B201-172597B3BC34} 3: C:\ProgramData\ETC\HogPC\resources\thumbnail_library\Gobo\multi_square_grid_lines_cross.png 
1: {6501E546-28F5-4A0E-97E0-1CD914185417} 2: {88426C1C-81E7-4FAC-880D-37D16D3A4DC1} 3: C:\ProgramData\ETC\HogPC\resources\thumbnail_library\Gobo\multi_squiggles_breakup_small.png 
1: {6501E546-28F5-4A0E-97E0-1CD914185417} 2: {B9721CC7-0294-43A8-8902-72A7A482BE40} 3: C:\ProgramData\ETC\HogPC\resources\thumbnail_library\Gobo\multi_squiggles_curve_tiny_waves.png 
1: {6501E546-28F5-4A0E-97E0-1CD914185417} 2: {81975E06-52F5-4B28-A7A8-0382C442BEDF} 3: C:\ProgramData\ETC\HogPC\resources\thumbnail_library\Gobo\multi_squiggle_breakup_small.png 
1: {6501E546-28F5-4A0E-97E0-1CD914185417} 2: {8D4C2A4F-3BE5-4A73-BAAA-5B3C1FBD7E2C} 3: C:\ProgramData\ETC\HogPC\resources\thumbnail_library\Gobo\multi_stars_random.png 
1: {6501E546-28F5-4A0E-97E0-1CD914185417} 2: {1DC94092-7CC6-4ED4-891C-2AE9AE687F04} 3: C:\ProgramData\ETC\HogPC\resources\thumbnail_library\Gobo\multi_stars_rotating_right_concentric_rings_tunnel.png 
1: {6501E546-28F5-4A0E-97E0-1CD914185417} 2: {515AC955-FE08-409B-B9F2-8A16D218448A} 3: C:\ProgramData\ETC\HogPC\resources\thumbnail_library\Gobo\multi_stars_splats.png 
1: {6501E546-28F5-4A0E-97E0-1CD914185417} 2: {E390EC18-B1F4-4CFA-AC63-E9396F9D8848} 3: C:\ProgramData\ETC\HogPC\resources\thumbnail_library\Gobo\multi_sun_squiggles_medium_circle.png 
1: {6501E546-28F5-4A0E-97E0-1CD914185417} 2: {EBE6C535-1316-405A-AFD8-3BDCE1A5A8D7} 3: C:\ProgramData\ETC\HogPC\resources\thumbnail_library\Gobo\multi_thin_lines_blur_pink_color.png 
1: {6501E546-28F5-4A0E-97E0-1CD914185417} 2: {1484508B-71D0-48F6-B7D4-68822E6FFDB0} 3: C:\ProgramData\ETC\HogPC\resources\thumbnail_library\Gobo\multi_tiny_dots_color_purple.png 
1: {6501E546-28F5-4A0E-97E0-1CD914185417} 2: {6552BD4C-647D-47EC-81F9-E31329722B6B} 3: C:\ProgramData\ETC\HogPC\resources\thumbnail_library\Gobo\multi_tiny_dots_multisize.png 
1: {6501E546-28F5-4A0E-97E0-1CD914185417} 2: {DFA66BA7-CB07-43B9-9D2C-05201C46E60D} 3: C:\ProgramData\ETC\HogPC\resources\thumbnail_library\Gobo\multi_tiny_paisley_teardrop.png 
1: {6501E546-28F5-4A0E-97E0-1CD914185417} 2: {286EB2D1-156D-48DF-AEDB-C96A64804A96} 3: C:\ProgramData\ETC\HogPC\resources\thumbnail_library\Gobo\multi_tiny_triangles.png 
1: {6501E546-28F5-4A0E-97E0-1CD914185417} 2: {9610FE75-5419-4BB7-A42D-C5F03DA75574} 3: C:\ProgramData\ETC\HogPC\resources\thumbnail_library\Gobo\multi_triangel_breakup_medium.png 
1: {6501E546-28F5-4A0E-97E0-1CD914185417} 2: {C7AE8110-1DAA-4C4A-AEE9-475CC3AF55D7} 3: C:\ProgramData\ETC\HogPC\resources\thumbnail_library\Gobo\multi_triangles_rings_radial_tunnel_multicolor_pink.png 
1: {6501E546-28F5-4A0E-97E0-1CD914185417} 2: {62470473-5A50-445E-B7E2-DFA41C7316A5} 3: C:\ProgramData\ETC\HogPC\resources\thumbnail_library\Gobo\multi_triangle_breakup.png 
1: {6501E546-28F5-4A0E-97E0-1CD914185417} 2: {E4FB518D-D196-4E3B-BE39-8D09AD021100} 3: C:\ProgramData\ETC\HogPC\resources\thumbnail_library\Gobo\multi_vertical_wavey_lines_rain_medium.png 
1: {6501E546-28F5-4A0E-97E0-1CD914185417} 2: {6EF81746-B9D1-484B-9058-B14DD8B816C0} 3: C:\ProgramData\ETC\HogPC\resources\thumbnail_library\Gobo\multi_waves_horizontal_curves.png 
1: {6501E546-28F5-4A0E-97E0-1CD914185417} 2: {007E4869-B309-4B43-8C92-EF9A8EE10609} 3: C:\ProgramData\ETC\HogPC\resources\thumbnail_library\Gobo\multi_wedges_breakup.png 
1: {6501E546-28F5-4A0E-97E0-1CD914185417} 2: {2ED1254F-88AF-4242-B2A6-0D55E593F079} 3: C:\ProgramData\ETC\HogPC\resources\thumbnail_library\Gobo\multi_wedges_spikes_breakup.png 
1: {6501E546-28F5-4A0E-97E0-1CD914185417} 2: {B3E20968-288B-4BFB-A2DF-0177FE1FA677} 3: C:\ProgramData\ETC\HogPC\resources\thumbnail_library\Gobo\multi_wedge_fan_circle.png 
1: {6501E546-28F5-4A0E-97E0-1CD914185417} 2: {1418044B-60B1-49BA-99CC-B147F6E3F7EC} 3: C:\ProgramData\ETC\HogPC\resources\thumbnail_library\Gobo\multi_wedge_radial_starburst.png 
1: {6501E546-28F5-4A0E-97E0-1CD914185417} 2: {3CA151F3-4429-4C51-BA6C-CAF7E630EB66} 3: C:\ProgramData\ETC\HogPC\resources\thumbnail_library\Gobo\multi_zigzag_radial_pinwheel_thin.png 
1: {6501E546-28F5-4A0E-97E0-1CD914185417} 2: {EBD2C482-E594-43F3-B6AD-23849306D14B} 3: C:\ProgramData\ETC\HogPC\resources\thumbnail_library\Gobo\multi_zigzag_tiny_z.png 
1: {6501E546-28F5-4A0E-97E0-1CD914185417} 2: {309A4405-1324-4C1A-BB4F-DB49A659C7E7} 3: C:\ProgramData\ETC\HogPC\resources\thumbnail_library\Gobo\multi_z_zigzag_curved_small.png 
1: {6501E546-28F5-4A0E-97E0-1CD914185417} 2: {0384F0C0-1A29-447D-8301-0CCE0C74D2A4} 3: C:\ProgramData\ETC\HogPC\resources\thumbnail_library\Gobo\narrow_arrow_up.png 
1: {6501E546-28F5-4A0E-97E0-1CD914185417} 2: {6006EC6E-2225-4B5D-A694-6D462E9C57AE} 3: C:\ProgramData\ETC\HogPC\resources\thumbnail_library\Gobo\narrow_triangles_angle_cracks_divide_circle_tunnel_color_purple.png 
1: {6501E546-28F5-4A0E-97E0-1CD914185417} 2: {523E442B-F2AE-4532-9A90-A9086087C690} 3: C:\ProgramData\ETC\HogPC\resources\thumbnail_library\Gobo\neon_breakup_broken_glass_splatter_paint_multicolor_magenta_yellow.png 
1: {6501E546-28F5-4A0E-97E0-1CD914185417} 2: {80C8DA45-43D2-4C8D-A17E-81CEE02CC25A} 3: C:\ProgramData\ETC\HogPC\resources\thumbnail_library\Gobo\neon_broken_fusion_bubbles_green_blue_multicolor.png 
1: {6501E546-28F5-4A0E-97E0-1CD914185417} 2: {3B8855AF-95DA-4D57-8ED8-CE00BB4E4A07} 3: C:\ProgramData\ETC\HogPC\resources\thumbnail_library\Gobo\neon_lava_smudge_blend_purple_pink_multicolor.png 
1: {6501E546-28F5-4A0E-97E0-1CD914185417} 2: {17CA0598-C5D5-4DFD-AD09-C7063249E282} 3: C:\ProgramData\ETC\HogPC\resources\thumbnail_library\Gobo\neon_moon_paint_smudge_pink_purple_multicolor.png 
1: {6501E546-28F5-4A0E-97E0-1CD914185417} 2: {DEE711A3-D589-4D99-887C-EB3399DF48AC} 3: C:\ProgramData\ETC\HogPC\resources\thumbnail_library\Gobo\neon_shard_glass_broken_breakup_cracks_purple_rainbow_multicolor_blue_purple_yellow_orange.png 
1: {6501E546-28F5-4A0E-97E0-1CD914185417} 2: {31EB4079-1C20-4E89-A5F8-A89F02C30969} 3: C:\ProgramData\ETC\HogPC\resources\thumbnail_library\Gobo\net_mix_swirl_color_purple.png 
1: {6501E546-28F5-4A0E-97E0-1CD914185417} 2: {D5CE04D4-3451-4E84-8EEC-E82072DEEECF} 3: C:\ProgramData\ETC\HogPC\resources\thumbnail_library\Gobo\net_overlap_holes_tunnel_circle.png 
1: {6501E546-28F5-4A0E-97E0-1CD914185417} 2: {3E00FB1F-FA13-4F35-825B-C363710E5D12} 3: C:\ProgramData\ETC\HogPC\resources\thumbnail_library\Gobo\nineteen_dots_symmetrical.png 
1: {6501E546-28F5-4A0E-97E0-1CD914185417} 2: {8AC95558-34FF-43B2-A402-6B7785159403} 3: C:\ProgramData\ETC\HogPC\resources\thumbnail_library\Gobo\nineteen_rings_color_red.png 
1: {6501E546-28F5-4A0E-97E0-1CD914185417} 2: {2191812E-C822-4142-AE2D-4583251BDB3F} 3: C:\ProgramData\ETC\HogPC\resources\thumbnail_library\Gobo\nine_3D_stars_diamond.png 
1: {6501E546-28F5-4A0E-97E0-1CD914185417} 2: {D6045D01-39F3-4567-9A67-45580F4AAD4F} 3: C:\ProgramData\ETC\HogPC\resources\thumbnail_library\Gobo\nine_circle_ovals_flower_petals.png 
1: {6501E546-28F5-4A0E-97E0-1CD914185417} 2: {66E97258-0FA5-4C8D-91B4-D639EEB3CF6F} 3: C:\ProgramData\ETC\HogPC\resources\thumbnail_library\Gobo\nine_curved_pointed_radial_pinwheel.png 
1: {6501E546-28F5-4A0E-97E0-1CD914185417} 2: {B81816AD-9E1F-4A06-97E1-E54C55DA5C14} 3: C:\ProgramData\ETC\HogPC\resources\thumbnail_library\Gobo\nine_segmented_horizontal_rectangles.png 
1: {6501E546-28F5-4A0E-97E0-1CD914185417} 2: {FDEAF0CE-C266-4455-9BB0-458EDB3A8BBB} 3: C:\ProgramData\ETC\HogPC\resources\thumbnail_library\Gobo\nine_small_dots_border_circle.png 
1: {6501E546-28F5-4A0E-97E0-1CD914185417} 2: {2ADF373A-BE95-42CD-989D-C0C4BC0AE95E} 3: C:\ProgramData\ETC\HogPC\resources\thumbnail_library\Gobo\nine_small_dots_line_horizontal.png 
1: {6501E546-28F5-4A0E-97E0-1CD914185417} 2: {F7E5F2FD-E5B4-4121-A6B2-F23CB5DCAFC1} 3: C:\ProgramData\ETC\HogPC\resources\thumbnail_library\Gobo\nine_spike_fan_spin_star.png 
1: {6501E546-28F5-4A0E-97E0-1CD914185417} 2: {265D9B79-45FA-4E19-A826-AEA2FDC14898} 3: C:\ProgramData\ETC\HogPC\resources\thumbnail_library\Gobo\nine_squiggles_swirl_spiral_flower_sun.png 
1: {6501E546-28F5-4A0E-97E0-1CD914185417} 2: {4E5E5D63-8760-487E-B023-722066A42BB4} 3: C:\ProgramData\ETC\HogPC\resources\thumbnail_library\Gobo\nine_symmetrical_dots.png 
1: {6501E546-28F5-4A0E-97E0-1CD914185417} 2: {65489DB8-9F23-451C-96B2-686E3A0BE2E6} 3: C:\ProgramData\ETC\HogPC\resources\thumbnail_library\Gobo\nine_thick_horizontal_bars.png 
1: {6501E546-28F5-4A0E-97E0-1CD914185417} 2: {3C97C9A5-3D6C-4DE6-B9EF-5584B20906A7} 3: C:\ProgramData\ETC\HogPC\resources\thumbnail_library\Gobo\nine_thick_vertical_bars.png 
1: {6501E546-28F5-4A0E-97E0-1CD914185417} 2: {BE4A61AB-BF39-40A7-9378-39CA460E9490} 3: C:\ProgramData\ETC\HogPC\resources\thumbnail_library\Gobo\north_star_cross.png 
1: {6501E546-28F5-4A0E-97E0-1CD914185417} 2: {19DDF180-219B-4210-9081-9B9EAE2B40C1} 3: C:\ProgramData\ETC\HogPC\resources\thumbnail_library\Gobo\offcenter_dot_asymmetrical_one_large.png 
1: {6501E546-28F5-4A0E-97E0-1CD914185417} 2: {168A5041-4A85-4EE2-8244-1C989C914AAB} 3: C:\ProgramData\ETC\HogPC\resources\thumbnail_library\Gobo\offcenter_dot_asymmetrical_one_small.png 
1: {6501E546-28F5-4A0E-97E0-1CD914185417} 2: {58A7DD70-7A64-4CA5-8CBC-318501FD2BB7} 3: C:\ProgramData\ETC\HogPC\resources\thumbnail_library\Gobo\offcenter_sun_flares_glow_star_bright.png 
1: {6501E546-28F5-4A0E-97E0-1CD914185417} 2: {620EC7F1-6AF0-4F9F-B7AE-75554E30E4BF} 3: C:\ProgramData\ETC\HogPC\resources\thumbnail_library\Gobo\one_connected_bar_curved.png 
1: {6501E546-28F5-4A0E-97E0-1CD914185417} 2: {55FADCF3-C027-4704-9768-4571AEDCF93A} 3: C:\ProgramData\ETC\HogPC\resources\thumbnail_library\Gobo\one_horizontal_bar_line_thick.png 
1: {6501E546-28F5-4A0E-97E0-1CD914185417} 2: {6BF19C8C-7C27-445A-9EF2-05B799FAB44C} 3: C:\ProgramData\ETC\HogPC\resources\thumbnail_library\Gobo\one_horizontal_single_wave.png 
1: {6501E546-28F5-4A0E-97E0-1CD914185417} 2: {507FB73A-6987-41E8-8808-25D30C0155A0} 3: C:\ProgramData\ETC\HogPC\resources\thumbnail_library\Gobo\one_small_curved_triangle_purple_color.png 
1: {6501E546-28F5-4A0E-97E0-1CD914185417} 2: {23041331-2759-443C-8952-6F01927AB7E0} 3: C:\ProgramData\ETC\HogPC\resources\thumbnail_library\Gobo\one_square_dash_line_border_purple_color.png 
1: {6501E546-28F5-4A0E-97E0-1CD914185417} 2: {313C3EE5-40C4-48DF-B9AC-14FFC936F804} 3: C:\ProgramData\ETC\HogPC\resources\thumbnail_library\Gobo\one_triangle_multicolor_rainbow_red_yellow_blue_green_purple_teal.png 
1: {6501E546-28F5-4A0E-97E0-1CD914185417} 2: {C785CDA5-31CF-4891-ACBE-4C2ADC0E080F} 3: C:\ProgramData\ETC\HogPC\resources\thumbnail_library\Gobo\one_vertical_bar_line_thick.png 
1: {6501E546-28F5-4A0E-97E0-1CD914185417} 2: {F65F86CD-7059-4F3C-AE84-F7BAF1FF834F} 3: C:\ProgramData\ETC\HogPC\resources\thumbnail_library\Gobo\open.png 
1: {6501E546-28F5-4A0E-97E0-1CD914185417} 2: {CFC40BD1-0FDA-45A0-AC46-E123256D69EC} 3: C:\ProgramData\ETC\HogPC\resources\thumbnail_library\Gobo\outline_fifteen_curved_circle_rotating.png 
1: {6501E546-28F5-4A0E-97E0-1CD914185417} 2: {C2129324-C545-4B22-944F-9BF1D8185E85} 3: C:\ProgramData\ETC\HogPC\resources\thumbnail_library\Gobo\ovals_breakup_eight.png 
1: {6501E546-28F5-4A0E-97E0-1CD914185417} 2: {440997D7-F76A-4607-B633-CEC3FAC93CFD} 3: C:\ProgramData\ETC\HogPC\resources\thumbnail_library\Gobo\ovals_cirlces_breakup.png 
1: {6501E546-28F5-4A0E-97E0-1CD914185417} 2: {1F6C2F1B-645D-4E05-897B-93BD93F99933} 3: C:\ProgramData\ETC\HogPC\resources\thumbnail_library\Gobo\ovals_net_breakup_multi_large_dots.png 
1: {6501E546-28F5-4A0E-97E0-1CD914185417} 2: {2D7956F3-3486-4063-A04C-5D5D57EE81EE} 3: C:\ProgramData\ETC\HogPC\resources\thumbnail_library\Gobo\ovals_radial_pie.png 
1: {6501E546-28F5-4A0E-97E0-1CD914185417} 2: {07990071-82AE-41A3-8C28-E73417948259} 3: C:\ProgramData\ETC\HogPC\resources\thumbnail_library\Gobo\ovals_tunnel_color_purple_spiral.png 
1: {6501E546-28F5-4A0E-97E0-1CD914185417} 2: {109362B5-5B9B-4B48-925F-37C9724BBE8F} 3: C:\ProgramData\ETC\HogPC\resources\thumbnail_library\Gobo\ovals_tunnel_color_red_spiral.png 
1: {6501E546-28F5-4A0E-97E0-1CD914185417} 2: {8FF024DA-0ED9-493B-9D6D-8388ACCD37C4} 3: C:\ProgramData\ETC\HogPC\resources\thumbnail_library\Gobo\oval_layers_circles_star_overlapping.png 
1: {6501E546-28F5-4A0E-97E0-1CD914185417} 2: {B9F22070-04ED-48A0-9396-7FC6A38FC92F} 3: C:\ProgramData\ETC\HogPC\resources\thumbnail_library\Gobo\oval_overlap_layer_flower_color_pink_thin_petal.png 
1: {6501E546-28F5-4A0E-97E0-1CD914185417} 2: {7AAE3F96-6D67-48CE-B583-34DB307D1DB2} 3: C:\ProgramData\ETC\HogPC\resources\thumbnail_library\Gobo\oval_rotating_pinwheel.png 
1: {6501E546-28F5-4A0E-97E0-1CD914185417} 2: {D4B1FB00-0027-4F68-992D-C1EB5A208A12} 3: C:\ProgramData\ETC\HogPC\resources\thumbnail_library\Gobo\oval_striped_tunnel_warped_spiral.png 
1: {6501E546-28F5-4A0E-97E0-1CD914185417} 2: {DFDFEE7E-8A9D-4CAD-828B-35F684D16508} 3: C:\ProgramData\ETC\HogPC\resources\thumbnail_library\Gobo\oval_x_dot_cross_criss_ring.png 
1: {6501E546-28F5-4A0E-97E0-1CD914185417} 2: {9986EF24-8000-4B6A-A21A-2C7ACAD7054E} 3: C:\ProgramData\ETC\HogPC\resources\thumbnail_library\Gobo\overlapping_bars_web.png 
1: {6501E546-28F5-4A0E-97E0-1CD914185417} 2: {2810A7E9-E5AA-4458-99C5-6AC6738E9219} 3: C:\ProgramData\ETC\HogPC\resources\thumbnail_library\Gobo\overlapping_curved_archs_mesh_weave.png 
1: {6501E546-28F5-4A0E-97E0-1CD914185417} 2: {82817B59-2C06-407E-A3E5-9C5EB219F7A9} 3: C:\ProgramData\ETC\HogPC\resources\thumbnail_library\Gobo\overlapping_curves_bars.png 
1: {6501E546-28F5-4A0E-97E0-1CD914185417} 2: {1FC95847-4C96-4341-9777-231E1FF44EFE} 3: C:\ProgramData\ETC\HogPC\resources\thumbnail_library\Gobo\overlapping_lines_cross_bulge_thick.png 
1: {6501E546-28F5-4A0E-97E0-1CD914185417} 2: {D8E6E233-901B-46E3-BCBE-FE6274D2759C} 3: C:\ProgramData\ETC\HogPC\resources\thumbnail_library\Gobo\overlapping_lines_cylinders_layer.png 
1: {6501E546-28F5-4A0E-97E0-1CD914185417} 2: {9BBF5FB5-1ABA-4914-B3A4-46430EB82F55} 3: C:\ProgramData\ETC\HogPC\resources\thumbnail_library\Gobo\overlapping_oval_rings_layer.png 
1: {6501E546-28F5-4A0E-97E0-1CD914185417} 2: {0E917297-2797-4302-9BB8-B2F8B91BE530} 3: C:\ProgramData\ETC\HogPC\resources\thumbnail_library\Gobo\overlapping_pink_sphere_bubbles_multi.png 
1: {6501E546-28F5-4A0E-97E0-1CD914185417} 2: {68DFBF8A-AC41-4958-AC8D-B3E22AA5DE7F} 3: C:\ProgramData\ETC\HogPC\resources\thumbnail_library\Gobo\overlapping_rectangle_cubes_layers_multi.png 
1: {6501E546-28F5-4A0E-97E0-1CD914185417} 2: {3203567C-0D10-40F3-A710-2B06A304B190} 3: C:\ProgramData\ETC\HogPC\resources\thumbnail_library\Gobo\overlapping_rings_circles_flowers.png 
1: {6501E546-28F5-4A0E-97E0-1CD914185417} 2: {E988DDFB-3AE7-46FE-A1F4-0EB2867F8801} 3: C:\ProgramData\ETC\HogPC\resources\thumbnail_library\Gobo\overlapping_spike_crescents_flower_thorns.png 
1: {6501E546-28F5-4A0E-97E0-1CD914185417} 2: {E8338AF8-CC56-46E0-9175-E518204236AF} 3: C:\ProgramData\ETC\HogPC\resources\thumbnail_library\Gobo\overlapping_spirals_curves_interlocking.png 
1: {6501E546-28F5-4A0E-97E0-1CD914185417} 2: {0EA1AE1B-0B84-48A8-99FF-9AE24BE807BB} 3: C:\ProgramData\ETC\HogPC\resources\thumbnail_library\Gobo\overlapping_squares_cards_spiral_fan.png 
1: {6501E546-28F5-4A0E-97E0-1CD914185417} 2: {DC04D452-6565-42FF-877F-335AE48E9338} 3: C:\ProgramData\ETC\HogPC\resources\thumbnail_library\Gobo\overlapping_squiggles_lines_curved_multicolor_pastel_cyan_magenta.png 
1: {6501E546-28F5-4A0E-97E0-1CD914185417} 2: {F4B50ACF-C8D4-4635-A3F3-D20D4E8FF0D8} 3: C:\ProgramData\ETC\HogPC\resources\thumbnail_library\Gobo\overlapping_thin_lines_layer_stack.png 
1: {6501E546-28F5-4A0E-97E0-1CD914185417} 2: {E074B366-754F-4203-946A-387EFA9B9002} 3: C:\ProgramData\ETC\HogPC\resources\thumbnail_library\Gobo\overlapping_triangles_sharp_layer.png 
1: {6501E546-28F5-4A0E-97E0-1CD914185417} 2: {C720D646-B25C-466D-A792-848253208670} 3: C:\ProgramData\ETC\HogPC\resources\thumbnail_library\Gobo\overlapping_triangle_3D_layer.png 
1: {6501E546-28F5-4A0E-97E0-1CD914185417} 2: {EEFEC8B5-F780-48A7-B74C-B55847B31DC5} 3: C:\ProgramData\ETC\HogPC\resources\thumbnail_library\Gobo\overlap_bars_lines_grid_multi.png 
1: {6501E546-28F5-4A0E-97E0-1CD914185417} 2: {DD662A37-27A4-4D26-BD03-8EE4E94680C4} 3: C:\ProgramData\ETC\HogPC\resources\thumbnail_library\Gobo\overlap_flowers_image_petals.png 
1: {6501E546-28F5-4A0E-97E0-1CD914185417} 2: {252C9ED1-CC43-4F16-990A-EE3586443EF4} 3: C:\ProgramData\ETC\HogPC\resources\thumbnail_library\Gobo\overlap_tiny_dots_rainbow_color_multicolor_cyan_magenta_yellow_green.png 
1: {6501E546-28F5-4A0E-97E0-1CD914185417} 2: {006041BB-3719-4F40-B1D7-7BCFB245100E} 3: C:\ProgramData\ETC\HogPC\resources\thumbnail_library\Gobo\paint_circle_flares_sun_drip_thin_arms.png 
1: {6501E546-28F5-4A0E-97E0-1CD914185417} 2: {C11728B6-6E84-4815-ABE4-67615403F1A1} 3: C:\ProgramData\ETC\HogPC\resources\thumbnail_library\Gobo\paint_diagonal_lines_thick.png 
1: {6501E546-28F5-4A0E-97E0-1CD914185417} 2: {B97DF9A6-C1E5-4074-9761-A9078D112A19} 3: C:\ProgramData\ETC\HogPC\resources\thumbnail_library\Gobo\paint_multicolor_color_mix_rainbow_red_yellow_blue_cyan_magenta.png 
1: {6501E546-28F5-4A0E-97E0-1CD914185417} 2: {F1BEA25F-41BB-4689-BF7F-16C5C41B77D4} 3: C:\ProgramData\ETC\HogPC\resources\thumbnail_library\Gobo\paint_pastel_rings_layer_color_multicolor_cyan_magenta.png 
1: {6501E546-28F5-4A0E-97E0-1CD914185417} 2: {D31F8305-4972-496E-82FF-290084A46308} 3: C:\ProgramData\ETC\HogPC\resources\thumbnail_library\Gobo\palms_inverted_breakup_small.png 
1: {6501E546-28F5-4A0E-97E0-1CD914185417} 2: {491E3A2D-5E13-492A-B3FA-008018172862} 3: C:\ProgramData\ETC\HogPC\resources\thumbnail_library\Gobo\palms_leaves_curved_breakup_small.png 
1: {6501E546-28F5-4A0E-97E0-1CD914185417} 2: {8DE20DE4-D9A2-48CB-B696-9AC2AB721A0C} 3: C:\ProgramData\ETC\HogPC\resources\thumbnail_library\Gobo\pebbles-rocks_cracks_bubbles.png 
1: {6501E546-28F5-4A0E-97E0-1CD914185417} 2: {3AB70F49-A5FB-492C-9922-44297BA47231} 3: C:\ProgramData\ETC\HogPC\resources\thumbnail_library\Gobo\pentalobe.png 
1: {6501E546-28F5-4A0E-97E0-1CD914185417} 2: {7BBE8C8E-93F8-4778-9A38-CFCA637C6482} 3: C:\ProgramData\ETC\HogPC\resources\thumbnail_library\Gobo\peppermint_spin_spiral_swirl_color_blue.png 
1: {6501E546-28F5-4A0E-97E0-1CD914185417} 2: {93DACBD2-24C8-4A0C-B3C4-C3746CF8F948} 3: C:\ProgramData\ETC\HogPC\resources\thumbnail_library\Gobo\peppermint_spin_swirl_fan_twist_color_pink.png 
1: {6501E546-28F5-4A0E-97E0-1CD914185417} 2: {E3F77339-A469-45EF-BBDA-661DCAE27D75} 3: C:\ProgramData\ETC\HogPC\resources\thumbnail_library\Gobo\pinwheel_curved_lines_wedges.png 
1: {6501E546-28F5-4A0E-97E0-1CD914185417} 2: {B3EC66BD-7156-47A7-847F-7D636E83A1A0} 3: C:\ProgramData\ETC\HogPC\resources\thumbnail_library\Gobo\pinwheel_inverted_rotating_left_archs_curves.png 
1: {6501E546-28F5-4A0E-97E0-1CD914185417} 2: {755240E4-AEA9-460C-B9B1-8F8BB049369B} 3: C:\ProgramData\ETC\HogPC\resources\thumbnail_library\Gobo\planet_orbit_ovals_circles_big.png 
1: {6501E546-28F5-4A0E-97E0-1CD914185417} 2: {662690B2-9502-436D-A75E-27D8C21F8635} 3: C:\ProgramData\ETC\HogPC\resources\thumbnail_library\Gobo\pointed_breakup_medium.png 
1: {6501E546-28F5-4A0E-97E0-1CD914185417} 2: {76667CB8-C63B-4CE2-86BA-AC4344EB396E} 3: C:\ProgramData\ETC\HogPC\resources\thumbnail_library\Gobo\pointed_breakup_small.png 
1: {6501E546-28F5-4A0E-97E0-1CD914185417} 2: {543BFC9C-6B70-4B2B-979B-85D4EA63DA2E} 3: C:\ProgramData\ETC\HogPC\resources\thumbnail_library\Gobo\pointed_horizontal_breakup_medium.png 
1: {6501E546-28F5-4A0E-97E0-1CD914185417} 2: {D5A96EC3-854E-440C-AA0E-E585948B9E66} 3: C:\ProgramData\ETC\HogPC\resources\thumbnail_library\Gobo\pointed_triangle_single_one_outline.png 
1: {6501E546-28F5-4A0E-97E0-1CD914185417} 2: {0B16B0A7-7228-4F90-8661-56DEDE77FF7F} 3: C:\ProgramData\ETC\HogPC\resources\thumbnail_library\Gobo\psydye_paint_red_yellow_splash_ink_birdshit_splat.png 
1: {6501E546-28F5-4A0E-97E0-1CD914185417} 2: {49C48B49-086C-45AC-8DB9-A4913935B7ED} 3: C:\ProgramData\ETC\HogPC\resources\thumbnail_library\Gobo\puff_burst.png 
1: {6501E546-28F5-4A0E-97E0-1CD914185417} 2: {0851F776-F396-47F5-AB8C-9FB2EC56BD3F} 3: C:\ProgramData\ETC\HogPC\resources\thumbnail_library\Gobo\purple_circle_rings_interlocking_small_symmetrical.png 
1: {6501E546-28F5-4A0E-97E0-1CD914185417} 2: {7C261760-1D7E-4078-9F6A-8F8D846FD2BC} 3: C:\ProgramData\ETC\HogPC\resources\thumbnail_library\Gobo\purple_gatlin_eight_reallypurple.png 
1: {6501E546-28F5-4A0E-97E0-1CD914185417} 2: {76644ACA-B806-4560-95CD-C2EA67C83F3A} 3: C:\ProgramData\ETC\HogPC\resources\thumbnail_library\Gobo\purple_glass_breakup.png 
1: {6501E546-28F5-4A0E-97E0-1CD914185417} 2: {B1D7D704-5632-40CD-A666-6B627B90AA69} 3: C:\ProgramData\ETC\HogPC\resources\thumbnail_library\Gobo\purple_tunnel_linetunnel_indigo_chicklet.png 
1: {6501E546-28F5-4A0E-97E0-1CD914185417} 2: {E8A1291A-977B-4D0E-B261-5320870C38FB} 3: C:\ProgramData\ETC\HogPC\resources\thumbnail_library\Gobo\purple_yellow_cross_pattern.png 
1: {6501E546-28F5-4A0E-97E0-1CD914185417} 2: {44863B18-A7C4-4911-8AC0-7FA3C346A680} 3: C:\ProgramData\ETC\HogPC\resources\thumbnail_library\Gobo\puzzle_breakup_medium.png 
1: {6501E546-28F5-4A0E-97E0-1CD914185417} 2: {B04517BD-7065-463E-A847-5E8E56AE804A} 3: C:\ProgramData\ETC\HogPC\resources\thumbnail_library\Gobo\radial_blur_mesh_grid.png 
1: {6501E546-28F5-4A0E-97E0-1CD914185417} 2: {1C61339A-5D85-4FD9-9369-2325331D3E99} 3: C:\ProgramData\ETC\HogPC\resources\thumbnail_library\Gobo\radial_fire_flower_petals.png 
1: {6501E546-28F5-4A0E-97E0-1CD914185417} 2: {963D5E31-8E43-4EE8-8BAD-842449DB87EB} 3: C:\ProgramData\ETC\HogPC\resources\thumbnail_library\Gobo\radial_ovals_splat_medium.png 
1: {6501E546-28F5-4A0E-97E0-1CD914185417} 2: {4ACAB83A-FB7C-4ADE-B19B-CF74F8428A61} 3: C:\ProgramData\ETC\HogPC\resources\thumbnail_library\Gobo\radial_petals_asymmetrical.png 
1: {6501E546-28F5-4A0E-97E0-1CD914185417} 2: {9A14121D-B470-4366-B399-628B3EBE116F} 3: C:\ProgramData\ETC\HogPC\resources\thumbnail_library\Gobo\radial_sun_lace.png 
1: {6501E546-28F5-4A0E-97E0-1CD914185417} 2: {1FD686AA-685C-4D54-A7E2-39C41015B801} 3: C:\ProgramData\ETC\HogPC\resources\thumbnail_library\Gobo\radial_wedges_asymmetrical.png 
1: {6501E546-28F5-4A0E-97E0-1CD914185417} 2: {A4D5E29F-48BA-4877-BDAF-5D5E961339E2} 3: C:\ProgramData\ETC\HogPC\resources\thumbnail_library\Gobo\radial_wedges_color_pink.png 
1: {6501E546-28F5-4A0E-97E0-1CD914185417} 2: {B5874C07-FFFF-4CFB-A2E6-A1FA8940DC64} 3: C:\ProgramData\ETC\HogPC\resources\thumbnail_library\Gobo\radiation_three_wedge.png 
1: {6501E546-28F5-4A0E-97E0-1CD914185417} 2: {555E5AE5-651D-4365-B78F-134A8AFA9496} 3: C:\ProgramData\ETC\HogPC\resources\thumbnail_library\Gobo\random_curves_cobblestones.png 
1: {6501E546-28F5-4A0E-97E0-1CD914185417} 2: {6FA6117D-C784-4B7F-8720-F0D14BAA379B} 3: C:\ProgramData\ETC\HogPC\resources\thumbnail_library\Gobo\random_shattered_wedges.png 
1: {6501E546-28F5-4A0E-97E0-1CD914185417} 2: {AA8209CC-8455-44FA-91CB-6F29C8192B5F} 3: C:\ProgramData\ETC\HogPC\resources\thumbnail_library\Gobo\random_various_glass.png 
1: {6501E546-28F5-4A0E-97E0-1CD914185417} 2: {9FE20F83-97D3-43AF-9F5A-26703941BFC4} 3: C:\ProgramData\ETC\HogPC\resources\thumbnail_library\Gobo\raondom_breakup_medium.png 
1: {6501E546-28F5-4A0E-97E0-1CD914185417} 2: {77DE7DB9-BFAB-423B-BF65-76D5C7BB138F} 3: C:\ProgramData\ETC\HogPC\resources\thumbnail_library\Gobo\rectangle_small_border_multi_circle.png 
1: {6501E546-28F5-4A0E-97E0-1CD914185417} 2: {70F8D93D-E5DE-485B-90EB-4BEB7E0AB652} 3: C:\ProgramData\ETC\HogPC\resources\thumbnail_library\Gobo\red_gatlin_holes_eight.png 
1: {6501E546-28F5-4A0E-97E0-1CD914185417} 2: {435C9636-E77D-435A-9BD4-D34E29161D60} 3: C:\ProgramData\ETC\HogPC\resources\thumbnail_library\Gobo\red_peppermint_squiggles_medium.png 
1: {6501E546-28F5-4A0E-97E0-1CD914185417} 2: {3A0DD117-2CFD-4019-85EF-CB5340A1207F} 3: C:\ProgramData\ETC\HogPC\resources\thumbnail_library\Gobo\red_rings_nineteen.png 
1: {6501E546-28F5-4A0E-97E0-1CD914185417} 2: {02F7E43D-2E74-4B43-A22B-56A9B5618286} 3: C:\ProgramData\ETC\HogPC\resources\thumbnail_library\Gobo\red_rotating_fire_symmetrical.png 
1: {6501E546-28F5-4A0E-97E0-1CD914185417} 2: {8DD6CCC0-B777-402D-9EB0-9151D111180E} 3: C:\ProgramData\ETC\HogPC\resources\thumbnail_library\Gobo\red_rotating_radial_foliage_breakup.png 
1: {6501E546-28F5-4A0E-97E0-1CD914185417} 2: {6AB3B03F-77A1-4D6E-B1DE-F180A3326FDB} 3: C:\ProgramData\ETC\HogPC\resources\thumbnail_library\Gobo\red_sun_bars_medium.png 
1: {6501E546-28F5-4A0E-97E0-1CD914185417} 2: {86537AAD-26C0-4E22-86C3-135B32C9D10B} 3: C:\ProgramData\ETC\HogPC\resources\thumbnail_library\Gobo\red_yellow_lava.png 
1: {6501E546-28F5-4A0E-97E0-1CD914185417} 2: {BC03D712-EBA5-4B68-B12E-1240181D0370} 3: C:\ProgramData\ETC\HogPC\resources\thumbnail_library\Gobo\retro_swirl_squiggles.png 
1: {6501E546-28F5-4A0E-97E0-1CD914185417} 2: {9E7F2C6F-FC10-4B8D-9D48-E11B56B33FD5} 3: C:\ProgramData\ETC\HogPC\resources\thumbnail_library\Gobo\rings_multicolor_interlocking_medium_symmetrical_red_purple_blue_teal_yellow.png 
1: {6501E546-28F5-4A0E-97E0-1CD914185417} 2: {5C7FC749-882F-4AA4-BA73-8274D2CDA648} 3: C:\ProgramData\ETC\HogPC\resources\thumbnail_library\Gobo\rounded_breakup_big.png 
1: {6501E546-28F5-4A0E-97E0-1CD914185417} 2: {EB30330E-F280-4C0C-B75E-188ABBA08FD2} 3: C:\ProgramData\ETC\HogPC\resources\thumbnail_library\Gobo\rounded_breakup_large.png 
1: {6501E546-28F5-4A0E-97E0-1CD914185417} 2: {6349CD1A-3DE1-4EF3-983F-E357E8E05A64} 3: C:\ProgramData\ETC\HogPC\resources\thumbnail_library\Gobo\rounded_breakup_mid.png 
1: {6501E546-28F5-4A0E-97E0-1CD914185417} 2: {57E39FE9-9E97-4382-A550-5A34E64C187B} 3: C:\ProgramData\ETC\HogPC\resources\thumbnail_library\Gobo\rounded_small_breakup.png 
1: {6501E546-28F5-4A0E-97E0-1CD914185417} 2: {B8716CB5-C41D-40D8-B9BF-F10D4D5FFA87} 3: C:\ProgramData\ETC\HogPC\resources\thumbnail_library\Gobo\rubberband_ball.png 
1: {6501E546-28F5-4A0E-97E0-1CD914185417} 2: {9D37F4D4-C5A3-47E2-B920-6BA86078AC1B} 3: C:\ProgramData\ETC\HogPC\resources\thumbnail_library\Gobo\scattered_maze_cracks_foliage.png 
1: {6501E546-28F5-4A0E-97E0-1CD914185417} 2: {9A4A9D0F-042C-41B4-929D-86F6F0DDDED0} 3: C:\ProgramData\ETC\HogPC\resources\thumbnail_library\Gobo\segmented_circle_cone_color_purple.png 
1: {6501E546-28F5-4A0E-97E0-1CD914185417} 2: {1BEF044E-2F72-4958-9381-53543146086C} 3: C:\ProgramData\ETC\HogPC\resources\thumbnail_library\Gobo\segmented_curved_triangle_rotating_left.png 
1: {6501E546-28F5-4A0E-97E0-1CD914185417} 2: {58AC9748-B919-4527-BB12-486B8962BDBC} 3: C:\ProgramData\ETC\HogPC\resources\thumbnail_library\Gobo\segmented_curved_wheel.png 
1: {6501E546-28F5-4A0E-97E0-1CD914185417} 2: {4284B2D5-D9AA-4C24-A043-9ECF4C5219E0} 3: C:\ProgramData\ETC\HogPC\resources\thumbnail_library\Gobo\segmented_four_petals_symmetrical.png 
1: {6501E546-28F5-4A0E-97E0-1CD914185417} 2: {31D51E31-77DE-4688-B4CB-7A7D3E2A7FCC} 3: C:\ProgramData\ETC\HogPC\resources\thumbnail_library\Gobo\segmented_radial_ring_cone_pointed.png 
1: {6501E546-28F5-4A0E-97E0-1CD914185417} 2: {9BC2BB1A-DA85-4030-9226-8C81E0BAFB31} 3: C:\ProgramData\ETC\HogPC\resources\thumbnail_library\Gobo\segmented_ring_radial_bars_thin.png 
1: {6501E546-28F5-4A0E-97E0-1CD914185417} 2: {461AADE7-B85A-4157-8969-6C8CEC26B9D7} 3: C:\ProgramData\ETC\HogPC\resources\thumbnail_library\Gobo\segmented_rounded_bar_triangle.png 
1: {6501E546-28F5-4A0E-97E0-1CD914185417} 2: {EEC0DEA0-089D-431C-B62B-B84B65F8890F} 3: C:\ProgramData\ETC\HogPC\resources\thumbnail_library\Gobo\segmented_seperated_hexagon.png 
1: {6501E546-28F5-4A0E-97E0-1CD914185417} 2: {9FC0EA00-756E-4667-AB2F-4F7F01865954} 3: C:\ProgramData\ETC\HogPC\resources\thumbnail_library\Gobo\segmented_square_diamond_thin.png 
1: {6501E546-28F5-4A0E-97E0-1CD914185417} 2: {96CE2776-7544-4E81-9E5E-FDE8871359B1} 3: C:\ProgramData\ETC\HogPC\resources\thumbnail_library\Gobo\segmented_swirl_rotating_left.png 
1: {6501E546-28F5-4A0E-97E0-1CD914185417} 2: {AE07E7ED-0033-4BAC-A243-0012563D2F5A} 3: C:\ProgramData\ETC\HogPC\resources\thumbnail_library\Gobo\segmented_triangle_cone_medium.png 
1: {6501E546-28F5-4A0E-97E0-1CD914185417} 2: {46470601-53DE-4DEC-A457-65A3B8D641C4} 3: C:\ProgramData\ETC\HogPC\resources\thumbnail_library\Gobo\segmented_triangle_curved.png 
1: {6501E546-28F5-4A0E-97E0-1CD914185417} 2: {264ACC85-F732-4053-8C04-ED308F5177DA} 3: C:\ProgramData\ETC\HogPC\resources\thumbnail_library\Gobo\segmented_vertical_wavy_bars_slats.png 
1: {6501E546-28F5-4A0E-97E0-1CD914185417} 2: {2509ACAB-43A8-43E8-A3E0-192216432537} 3: C:\ProgramData\ETC\HogPC\resources\thumbnail_library\Gobo\seventeen_dots_rings_small_large_flower_star.png 
1: {6501E546-28F5-4A0E-97E0-1CD914185417} 2: {D4CE66F8-1D6D-4C14-88E4-6DB91A36BD2A} 3: C:\ProgramData\ETC\HogPC\resources\thumbnail_library\Gobo\seventeen_small_cubes_multi_diamond.png 
1: {6501E546-28F5-4A0E-97E0-1CD914185417} 2: {CD21BBBE-10C5-4045-81F8-B98EFF7B2BA5} 3: C:\ProgramData\ETC\HogPC\resources\thumbnail_library\Gobo\seventeen_squares.png 
1: {6501E546-28F5-4A0E-97E0-1CD914185417} 2: {78F0E5C9-85A1-417A-BBC9-FCC2DFB22C62} 3: C:\ProgramData\ETC\HogPC\resources\thumbnail_library\Gobo\seventeen_twinkle_stars_multi.png 
1: {6501E546-28F5-4A0E-97E0-1CD914185417} 2: {896D7EF7-D5C4-42B3-A0F8-03E9EC1C4CAC} 3: C:\ProgramData\ETC\HogPC\resources\thumbnail_library\Gobo\seventeen_vertical_bars.png 
1: {6501E546-28F5-4A0E-97E0-1CD914185417} 2: {0B5CF345-93D6-4F83-915D-90095F783D66} 3: C:\ProgramData\ETC\HogPC\resources\thumbnail_library\Gobo\seven_asymmetrical_rings_thin.png 
1: {6501E546-28F5-4A0E-97E0-1CD914185417} 2: {8EA6AD9A-E156-419E-BB45-8FFFC69F817C} 3: C:\ProgramData\ETC\HogPC\resources\thumbnail_library\Gobo\seven_bars_slats_diagonal.png 
1: {6501E546-28F5-4A0E-97E0-1CD914185417} 2: {655472C4-43AD-404A-8867-106430C01066} 3: C:\ProgramData\ETC\HogPC\resources\thumbnail_library\Gobo\seven_circles_six_diamonds_symmetrical.png 
1: {6501E546-28F5-4A0E-97E0-1CD914185417} 2: {25296ECA-5A9A-4A87-A9E1-C0BFB1A9456A} 3: C:\ProgramData\ETC\HogPC\resources\thumbnail_library\Gobo\seven_curved_horizontal_bars.png 
1: {6501E546-28F5-4A0E-97E0-1CD914185417} 2: {7FFD21A7-D2A1-4060-BBC0-BF3242C26DA9} 3: C:\ProgramData\ETC\HogPC\resources\thumbnail_library\Gobo\seven_oval_rings_horizontal_symmetrical.png 
1: {6501E546-28F5-4A0E-97E0-1CD914185417} 2: {79C2121F-CC49-4876-A440-55C97D1718B5} 3: C:\ProgramData\ETC\HogPC\resources\thumbnail_library\Gobo\seven_part_circle_curved_color_red_yellow.png 
1: {6501E546-28F5-4A0E-97E0-1CD914185417} 2: {D2E4420A-E526-414F-B5E8-F17642BFC025} 3: C:\ProgramData\ETC\HogPC\resources\thumbnail_library\Gobo\seven_segmented_rings_symmetrical.png 
1: {6501E546-28F5-4A0E-97E0-1CD914185417} 2: {D3FC00A5-F6CD-4D94-BA78-88A5BCA87ADF} 3: C:\ProgramData\ETC\HogPC\resources\thumbnail_library\Gobo\seven_squares_bar_horizontal.png 
1: {6501E546-28F5-4A0E-97E0-1CD914185417} 2: {FE261A79-9342-4448-9AE1-1B94F2B57258} 3: C:\ProgramData\ETC\HogPC\resources\thumbnail_library\Gobo\seven_vertical_bars_slats.png 
1: {6501E546-28F5-4A0E-97E0-1CD914185417} 2: {49B55ACC-568B-4FBA-8C62-EA9AAC1460E9} 3: C:\ProgramData\ETC\HogPC\resources\thumbnail_library\Gobo\shapes_cracks_stripes_broken.png 
1: {6501E546-28F5-4A0E-97E0-1CD914185417} 2: {2CCE2F5E-D0B1-43AC-AA70-D7AA6F674CCF} 3: C:\ProgramData\ETC\HogPC\resources\thumbnail_library\Gobo\shapes_trapezoids_breakup_fracture.png 
1: {6501E546-28F5-4A0E-97E0-1CD914185417} 2: {5D946C02-3EBD-4CB9-A38B-6058CE3E11DB} 3: C:\ProgramData\ETC\HogPC\resources\thumbnail_library\Gobo\shattered_breakup_medium.png 
1: {6501E546-28F5-4A0E-97E0-1CD914185417} 2: {7DDDD4E0-1351-4FFA-86DC-60E3C0DB6AAB} 3: C:\ProgramData\ETC\HogPC\resources\thumbnail_library\Gobo\shattered_foliage_mix.png 
1: {6501E546-28F5-4A0E-97E0-1CD914185417} 2: {5A45DA03-5BB8-463A-A525-D2F2A082B5A0} 3: C:\ProgramData\ETC\HogPC\resources\thumbnail_library\Gobo\shattered_glass_multicolor_fire_breakup_red_orange_yellow.png 
1: {6501E546-28F5-4A0E-97E0-1CD914185417} 2: {646EFFA8-2407-4E92-95FB-C47DE876C804} 3: C:\ProgramData\ETC\HogPC\resources\thumbnail_library\Gobo\shattered_glass_pointed_gradiant_breakup.png 
1: {6501E546-28F5-4A0E-97E0-1CD914185417} 2: {006B571F-3277-4664-911C-F93396F2A70C} 3: C:\ProgramData\ETC\HogPC\resources\thumbnail_library\Gobo\shattered_multicolor_wedges_asymmetrical_cyan_magenta_yellow.png 
1: {6501E546-28F5-4A0E-97E0-1CD914185417} 2: {92525903-CA59-4873-AA32-9DA3E05AF580} 3: C:\ProgramData\ETC\HogPC\resources\thumbnail_library\Gobo\shattered_pointed_wedges_breakup.png 
1: {6501E546-28F5-4A0E-97E0-1CD914185417} 2: {E9326477-30CF-4A8C-BE41-F269EB23831B} 3: C:\ProgramData\ETC\HogPC\resources\thumbnail_library\Gobo\shattered_square_puzzle.png 
1: {6501E546-28F5-4A0E-97E0-1CD914185417} 2: {E025CC7D-F701-4386-B55A-8F5EFCB3FE76} 3: C:\ProgramData\ETC\HogPC\resources\thumbnail_library\Gobo\shattered_wedges_asymmetrical.png 
1: {6501E546-28F5-4A0E-97E0-1CD914185417} 2: {3C1DE5CD-345D-437D-9D88-A62FCF11F50F} 3: C:\ProgramData\ETC\HogPC\resources\thumbnail_library\Gobo\shattred_puzzle_medium_breakup.png 
1: {6501E546-28F5-4A0E-97E0-1CD914185417} 2: {A7A21C64-3FEE-4BFE-832A-E5EABAE28301} 3: C:\ProgramData\ETC\HogPC\resources\thumbnail_library\Gobo\shiny_bubbles_multi_multisize.png 
1: {6501E546-28F5-4A0E-97E0-1CD914185417} 2: {1A969E67-6B87-4356-BCCF-6ABB7EE201CD} 3: C:\ProgramData\ETC\HogPC\resources\thumbnail_library\Gobo\shredded_triangle_web_net_stripes.png 
1: {6501E546-28F5-4A0E-97E0-1CD914185417} 2: {027BB826-65DD-4582-80BC-3ED53034D282} 3: C:\ProgramData\ETC\HogPC\resources\thumbnail_library\Gobo\single-twinkle-star_long_flares.png 
1: {6501E546-28F5-4A0E-97E0-1CD914185417} 2: {C69FEF4C-9391-44BE-9284-293A354A4C86} 3: C:\ProgramData\ETC\HogPC\resources\thumbnail_library\Gobo\single_atom_inverted_ovals_interlocking.png 
1: {6501E546-28F5-4A0E-97E0-1CD914185417} 2: {939F9941-0B29-4C6D-880F-679443C461B0} 3: C:\ProgramData\ETC\HogPC\resources\thumbnail_library\Gobo\single_curved_bar_asymmetrical_big.png 
1: {6501E546-28F5-4A0E-97E0-1CD914185417} 2: {0DA752A9-41A3-410D-ACB4-89B5A21CF522} 3: C:\ProgramData\ETC\HogPC\resources\thumbnail_library\Gobo\single_curved_horizontal_line_bar_medium.png 
1: {6501E546-28F5-4A0E-97E0-1CD914185417} 2: {937FE774-6EB2-4165-9A10-BD49167212A8} 3: C:\ProgramData\ETC\HogPC\resources\thumbnail_library\Gobo\single_dot_big.png 
1: {6501E546-28F5-4A0E-97E0-1CD914185417} 2: {4144F353-B405-41EA-A342-88EFF62AB8FE} 3: C:\ProgramData\ETC\HogPC\resources\thumbnail_library\Gobo\single_dot_color_pink_medium.png 
1: {6501E546-28F5-4A0E-97E0-1CD914185417} 2: {2B9A966D-6BAC-4EA1-9E59-427739F136A1} 3: C:\ProgramData\ETC\HogPC\resources\thumbnail_library\Gobo\single_dot_large.png 
1: {6501E546-28F5-4A0E-97E0-1CD914185417} 2: {A6FF1A30-8373-4505-BCAD-29B700936065} 3: C:\ProgramData\ETC\HogPC\resources\thumbnail_library\Gobo\single_dot_large_symmetrical_centered.png 
1: {6501E546-28F5-4A0E-97E0-1CD914185417} 2: {13219940-218A-48E1-B5EC-8957BC40AB70} 3: C:\ProgramData\ETC\HogPC\resources\thumbnail_library\Gobo\single_dot_medium.png 
1: {6501E546-28F5-4A0E-97E0-1CD914185417} 2: {EDC2396A-E4BB-4697-97F4-1899F2CAA364} 3: C:\ProgramData\ETC\HogPC\resources\thumbnail_library\Gobo\single_dot_mid.png 
1: {6501E546-28F5-4A0E-97E0-1CD914185417} 2: {BBE8A2FE-3171-464F-83EB-2EB120FC084D} 3: C:\ProgramData\ETC\HogPC\resources\thumbnail_library\Gobo\single_dot_small.png 
1: {6501E546-28F5-4A0E-97E0-1CD914185417} 2: {189184AA-07C8-4C85-8653-218A2DD2731C} 3: C:\ProgramData\ETC\HogPC\resources\thumbnail_library\Gobo\single_dot_small_symmetrical_centered.png 
1: {6501E546-28F5-4A0E-97E0-1CD914185417} 2: {D9B46B04-54AB-4A89-8B75-10FF5BFDA77B} 3: C:\ProgramData\ETC\HogPC\resources\thumbnail_library\Gobo\single_dot_tiny.png 
1: {6501E546-28F5-4A0E-97E0-1CD914185417} 2: {10DA1192-C8EE-468B-8322-73FA40CB31C3} 3: C:\ProgramData\ETC\HogPC\resources\thumbnail_library\Gobo\single_five_point_star_spikes.png 
1: {6501E546-28F5-4A0E-97E0-1CD914185417} 2: {C7A27E88-9F6B-4E57-9A5F-4A80D7216A61} 3: C:\ProgramData\ETC\HogPC\resources\thumbnail_library\Gobo\single_four_point_thin_star.png 
1: {6501E546-28F5-4A0E-97E0-1CD914185417} 2: {F1E9CE54-3787-4450-96D2-516C434C68EA} 3: C:\ProgramData\ETC\HogPC\resources\thumbnail_library\Gobo\single_horizontal_bar_line_one.png 
1: {6501E546-28F5-4A0E-97E0-1CD914185417} 2: {4D561D73-881B-4897-842B-7EFDDA48DD0F} 3: C:\ProgramData\ETC\HogPC\resources\thumbnail_library\Gobo\single_horizontal_bar_medium.png 
1: {6501E546-28F5-4A0E-97E0-1CD914185417} 2: {654572CB-4692-40FB-AEF5-067352D86305} 3: C:\ProgramData\ETC\HogPC\resources\thumbnail_library\Gobo\single_medium_horizontal_bar.png 
1: {6501E546-28F5-4A0E-97E0-1CD914185417} 2: {D15127BF-39E7-44CF-B2BE-77312C01C3E0} 3: C:\ProgramData\ETC\HogPC\resources\thumbnail_library\Gobo\single_medium_splat.png 
1: {6501E546-28F5-4A0E-97E0-1CD914185417} 2: {0FF738CC-6F5E-496D-9B72-A76B55741E06} 3: C:\ProgramData\ETC\HogPC\resources\thumbnail_library\Gobo\single_outline_square_medium.png 
1: {6501E546-28F5-4A0E-97E0-1CD914185417} 2: {CA375482-B34C-44A7-93BE-BDBDAE944CF2} 3: C:\ProgramData\ETC\HogPC\resources\thumbnail_library\Gobo\single_paint_splat_big.png 
1: {6501E546-28F5-4A0E-97E0-1CD914185417} 2: {AC9403DB-C62F-42BF-9ED6-8CAEC6F5D42D} 3: C:\ProgramData\ETC\HogPC\resources\thumbnail_library\Gobo\single_plus_cross.png 
1: {6501E546-28F5-4A0E-97E0-1CD914185417} 2: {C461A2F1-3EBC-4581-AF29-6AB324A046F1} 3: C:\ProgramData\ETC\HogPC\resources\thumbnail_library\Gobo\single_ring_cone_medium.png 
1: {6501E546-28F5-4A0E-97E0-1CD914185417} 2: {FD6BEC79-1F85-47E3-8617-6C6D3DCB900B} 3: C:\ProgramData\ETC\HogPC\resources\thumbnail_library\Gobo\single_rose_color_pink.png 
1: {6501E546-28F5-4A0E-97E0-1CD914185417} 2: {FBE08C95-AB77-4914-AB5D-9DEE612B9C37} 3: C:\ProgramData\ETC\HogPC\resources\thumbnail_library\Gobo\single_segmented_ring_cone_medium.png 
1: {6501E546-28F5-4A0E-97E0-1CD914185417} 2: {50765582-C454-4AD0-A256-B1BA5BB16412} 3: C:\ProgramData\ETC\HogPC\resources\thumbnail_library\Gobo\single_six_segmented_triangle_cone.png 
1: {6501E546-28F5-4A0E-97E0-1CD914185417} 2: {A0AE4C99-64DF-4679-97AF-AB1B8A150351} 3: C:\ProgramData\ETC\HogPC\resources\thumbnail_library\Gobo\single_square_big.png 
1: {6501E546-28F5-4A0E-97E0-1CD914185417} 2: {AB967E49-BFFC-421E-967B-AA8ABBAE7062} 3: C:\ProgramData\ETC\HogPC\resources\thumbnail_library\Gobo\single_star_one_small.png 
1: {6501E546-28F5-4A0E-97E0-1CD914185417} 2: {898C0828-6FC2-44F7-B9B3-FB067F72B679} 3: C:\ProgramData\ETC\HogPC\resources\thumbnail_library\Gobo\single_star_one_tilted_pointed.png 
1: {6501E546-28F5-4A0E-97E0-1CD914185417} 2: {F064651D-AB77-4615-B6C4-0A7FF5B7E58A} 3: C:\ProgramData\ETC\HogPC\resources\thumbnail_library\Gobo\single_star_twinkle_bright.png 
1: {6501E546-28F5-4A0E-97E0-1CD914185417} 2: {FCBFE832-5198-4BD4-BE7D-FC8CFDC380E9} 3: C:\ProgramData\ETC\HogPC\resources\thumbnail_library\Gobo\single_three_pointed_star.png 
1: {6501E546-28F5-4A0E-97E0-1CD914185417} 2: {7CF1097C-C0E4-46A2-8B90-D415E0066105} 3: C:\ProgramData\ETC\HogPC\resources\thumbnail_library\Gobo\single_tribal_bar_curved_archs_asymmetrical.png 
1: {6501E546-28F5-4A0E-97E0-1CD914185417} 2: {8731E16B-1278-4D0D-A4F1-3A08815E6807} 3: C:\ProgramData\ETC\HogPC\resources\thumbnail_library\Gobo\single_twelve_point_star.png 
1: {6501E546-28F5-4A0E-97E0-1CD914185417} 2: {538E3664-4A7B-4E08-8E2E-55EF910D1A07} 3: C:\ProgramData\ETC\HogPC\resources\thumbnail_library\Gobo\single_typhoon_rotating_right_archs.png 
1: {6501E546-28F5-4A0E-97E0-1CD914185417} 2: {C313D99D-AA02-48E1-BB30-C4BDF8DD6CD3} 3: C:\ProgramData\ETC\HogPC\resources\thumbnail_library\Gobo\single_vertical_bar_medium.png 
1: {6501E546-28F5-4A0E-97E0-1CD914185417} 2: {260E351F-403B-4E79-8763-5340B8F4D212} 3: C:\ProgramData\ETC\HogPC\resources\thumbnail_library\Gobo\single_web_radial_big.png 
1: {6501E546-28F5-4A0E-97E0-1CD914185417} 2: {741319BD-A45E-405F-8B88-BF7763696C19} 3: C:\ProgramData\ETC\HogPC\resources\thumbnail_library\Gobo\single_wide_bar.png 
1: {6501E546-28F5-4A0E-97E0-1CD914185417} 2: {1E11BD57-3CD8-44FE-9B9F-A0E169DF1B61} 3: C:\ProgramData\ETC\HogPC\resources\thumbnail_library\Gobo\single_yin_arch_rotating_left_big.png 
1: {6501E546-28F5-4A0E-97E0-1CD914185417} 2: {F774A5EB-60C8-4ED1-AF3C-B3FC9C1C89F1} 3: C:\ProgramData\ETC\HogPC\resources\thumbnail_library\Gobo\single_zigzag_z_shape_one.png 
1: {6501E546-28F5-4A0E-97E0-1CD914185417} 2: {5C6A7DDC-8F9D-4F48-90EE-DEEAA30F7447} 3: C:\ProgramData\ETC\HogPC\resources\thumbnail_library\Gobo\sixteen_bars_lines_circle_fan.png 
1: {6501E546-28F5-4A0E-97E0-1CD914185417} 2: {68B5337D-4E7A-4F2C-B973-EFCB2EB0A2D3} 3: C:\ProgramData\ETC\HogPC\resources\thumbnail_library\Gobo\sixteen_curved_crescent_bars_lines_signal_wave_sound_segment.png 
1: {6501E546-28F5-4A0E-97E0-1CD914185417} 2: {AAC691CD-7C1F-4DC2-9BAC-8B39273E7487} 3: C:\ProgramData\ETC\HogPC\resources\thumbnail_library\Gobo\sixteen_dots_circle_symmetrical_ring.png 
1: {6501E546-28F5-4A0E-97E0-1CD914185417} 2: {9018F24C-6489-4699-BA13-4CB6DC90B40A} 3: C:\ProgramData\ETC\HogPC\resources\thumbnail_library\Gobo\sixteen_ovals_flower_petals_symmetrical.png 
1: {6501E546-28F5-4A0E-97E0-1CD914185417} 2: {D01988B9-F247-4130-8702-B92D4C0F2D7F} 3: C:\ProgramData\ETC\HogPC\resources\thumbnail_library\Gobo\sixteen_petals_dot_flower_foliage.png 
1: {6501E546-28F5-4A0E-97E0-1CD914185417} 2: {9C15CF13-BD01-47B5-A33D-A45ED5E78591} 3: C:\ProgramData\ETC\HogPC\resources\thumbnail_library\Gobo\sixteen_rectangles_rows_lines_grid.png 
1: {6501E546-28F5-4A0E-97E0-1CD914185417} 2: {E1BAE243-6018-4B37-832E-B2E7B0CEA77E} 3: C:\ProgramData\ETC\HogPC\resources\thumbnail_library\Gobo\sixteen_squares_grid.png 
1: {6501E546-28F5-4A0E-97E0-1CD914185417} 2: {8C08203E-FF08-44D1-88B5-012B3DCE1A66} 3: C:\ProgramData\ETC\HogPC\resources\thumbnail_library\Gobo\sixteen_twinkle_stars_multi.png 
1: {6501E546-28F5-4A0E-97E0-1CD914185417} 2: {6FA9CF9D-BBC7-49C0-B981-43356B6B905A} 3: C:\ProgramData\ETC\HogPC\resources\thumbnail_library\Gobo\sixteen_wavy_sun_color_red.png 
1: {6501E546-28F5-4A0E-97E0-1CD914185417} 2: {ECA0BFCD-FC65-4566-827B-E63B5F56F69C} 3: C:\ProgramData\ETC\HogPC\resources\thumbnail_library\Gobo\sixteen_wedge_radial_fan_symmetrical.png 
1: {6501E546-28F5-4A0E-97E0-1CD914185417} 2: {B9889995-7380-4FA9-A1C3-C4641E50D64D} 3: C:\ProgramData\ETC\HogPC\resources\thumbnail_library\Gobo\six_asymmetrical_dots.png 
1: {6501E546-28F5-4A0E-97E0-1CD914185417} 2: {5EBEED64-8F93-4E41-9694-49DC63BBC54E} 3: C:\ProgramData\ETC\HogPC\resources\thumbnail_library\Gobo\six_bar_fan_symmetrical.png 
1: {6501E546-28F5-4A0E-97E0-1CD914185417} 2: {F1D8C4A2-BCD3-4A98-80D2-297324297C27} 3: C:\ProgramData\ETC\HogPC\resources\thumbnail_library\Gobo\six_bar_fan_symmetrical_medium.png 
1: {6501E546-28F5-4A0E-97E0-1CD914185417} 2: {4534AD3A-5298-4E1A-BCBF-3A019F7450E4} 3: C:\ProgramData\ETC\HogPC\resources\thumbnail_library\Gobo\six_blue_curved_pinwheel.png 
1: {6501E546-28F5-4A0E-97E0-1CD914185417} 2: {0FA003E6-DABF-4917-B3F4-FECE754FE6B0} 3: C:\ProgramData\ETC\HogPC\resources\thumbnail_library\Gobo\six_circle_wedge.png 
1: {6501E546-28F5-4A0E-97E0-1CD914185417} 2: {E081A766-A3FD-401A-BF03-4D1E44C81F6D} 3: C:\ProgramData\ETC\HogPC\resources\thumbnail_library\Gobo\six_crescent_boomerangs_fan_spin.png 
1: {6501E546-28F5-4A0E-97E0-1CD914185417} 2: {C2E33EDA-4150-43B5-A553-9A09DA38B8D7} 3: C:\ProgramData\ETC\HogPC\resources\thumbnail_library\Gobo\six_crescent_thin_dot_flower_rose_color_pink.png 
1: {6501E546-28F5-4A0E-97E0-1CD914185417} 2: {5FE23B39-D34A-4D2E-B6DD-9BBC92A00DF8} 3: C:\ProgramData\ETC\HogPC\resources\thumbnail_library\Gobo\six_curved_asymmetrical_horizontal_wedges.png 
1: {6501E546-28F5-4A0E-97E0-1CD914185417} 2: {B4858E58-FEC9-4599-93E6-C827FC22F39D} 3: C:\ProgramData\ETC\HogPC\resources\thumbnail_library\Gobo\six_curved_circles_rotating_medium.png 
1: {6501E546-28F5-4A0E-97E0-1CD914185417} 2: {0C7A5C8E-284D-49D1-9808-2E3DA040D4A5} 3: C:\ProgramData\ETC\HogPC\resources\thumbnail_library\Gobo\six_curved_lines_thin_pinwheel.png 
1: {6501E546-28F5-4A0E-97E0-1CD914185417} 2: {1EA2EB8A-0639-4983-9164-9E2978153EE1} 3: C:\ProgramData\ETC\HogPC\resources\thumbnail_library\Gobo\six_curved_lines_thin_pinwheel_multicolor_pink.png 
1: {6501E546-28F5-4A0E-97E0-1CD914185417} 2: {93C7D384-6418-4E9B-B0BD-3368C7CE88BB} 3: C:\ProgramData\ETC\HogPC\resources\thumbnail_library\Gobo\six_curved_pointed_radial_inverted_sun.png 
1: {6501E546-28F5-4A0E-97E0-1CD914185417} 2: {3C17EFC7-C832-4144-A74F-AEC17AEBD707} 3: C:\ProgramData\ETC\HogPC\resources\thumbnail_library\Gobo\six_dots_horizontal_bar.png 
1: {6501E546-28F5-4A0E-97E0-1CD914185417} 2: {E08DF67C-9D4E-480C-B413-D19F736E3B8C} 3: C:\ProgramData\ETC\HogPC\resources\thumbnail_library\Gobo\six_dots_ring_symmetrical_medium.png 
1: {6501E546-28F5-4A0E-97E0-1CD914185417} 2: {534A76A7-3F62-4FFD-A66C-D363E397155A} 3: C:\ProgramData\ETC\HogPC\resources\thumbnail_library\Gobo\six_dots_rotating_right.png 
1: {6501E546-28F5-4A0E-97E0-1CD914185417} 2: {042723A4-1769-4B8E-86BC-5702EB9B2457} 3: C:\ProgramData\ETC\HogPC\resources\thumbnail_library\Gobo\six_fan_petals_circle_flower.png 
1: {6501E546-28F5-4A0E-97E0-1CD914185417} 2: {8BED7095-22B6-4535-9A8D-A65A82B07B57} 3: C:\ProgramData\ETC\HogPC\resources\thumbnail_library\Gobo\six_fan_spin_tunnel.png 
1: {6501E546-28F5-4A0E-97E0-1CD914185417} 2: {AB07541F-D213-4E36-A3ED-612F112F3537} 3: C:\ProgramData\ETC\HogPC\resources\thumbnail_library\Gobo\six_horizontal_bars_ovals_stripes_lines.png 
1: {6501E546-28F5-4A0E-97E0-1CD914185417} 2: {2E81B421-16BF-4990-B89B-3F7741628AD1} 3: C:\ProgramData\ETC\HogPC\resources\thumbnail_library\Gobo\six_horizontal_cones_wave.png 
1: {6501E546-28F5-4A0E-97E0-1CD914185417} 2: {0D569948-00F7-4A69-9304-8E9B483C5BCF} 3: C:\ProgramData\ETC\HogPC\resources\thumbnail_library\Gobo\six_inverted_circles_rotating_right.png 
1: {6501E546-28F5-4A0E-97E0-1CD914185417} 2: {B9C49BE2-AF24-408D-BCB5-198BE751F4A2} 3: C:\ProgramData\ETC\HogPC\resources\thumbnail_library\Gobo\six_multicolor_wheel_radial_circle_yellow.png 
1: {6501E546-28F5-4A0E-97E0-1CD914185417} 2: {67AB88DE-CB34-426D-9F53-0A6CB26A6F1F} 3: C:\ProgramData\ETC\HogPC\resources\thumbnail_library\Gobo\six_ovals_multi_horizontal_vertical.png 
1: {6501E546-28F5-4A0E-97E0-1CD914185417} 2: {0FEE84FC-F219-40AD-8664-A8C57EE991ED} 3: C:\ProgramData\ETC\HogPC\resources\thumbnail_library\Gobo\six_paisley_teardrop_color_blue.png 
1: {6501E546-28F5-4A0E-97E0-1CD914185417} 2: {F0D5B6C3-9965-4ABC-9F50-36B76275026C} 3: C:\ProgramData\ETC\HogPC\resources\thumbnail_library\Gobo\six_petals_rotating_right.png 
1: {6501E546-28F5-4A0E-97E0-1CD914185417} 2: {4876ED3D-EB11-4E26-8AFC-D5C0B9BF0110} 3: C:\ProgramData\ETC\HogPC\resources\thumbnail_library\Gobo\six_pointed_star_bars.png 
1: {6501E546-28F5-4A0E-97E0-1CD914185417} 2: {C4A611A7-D84F-4B67-986A-2BB7A3867563} 3: C:\ProgramData\ETC\HogPC\resources\thumbnail_library\Gobo\six_pointed_star_hexagon.png 
1: {6501E546-28F5-4A0E-97E0-1CD914185417} 2: {58721838-F1AB-4C88-BB4C-A5366754CFF0} 3: C:\ProgramData\ETC\HogPC\resources\thumbnail_library\Gobo\six_pointed_star_rounded_petals_symmetrical.png 
1: {6501E546-28F5-4A0E-97E0-1CD914185417} 2: {3F6F1085-68C1-4AB6-A46D-10464B7F6B37} 3: C:\ProgramData\ETC\HogPC\resources\thumbnail_library\Gobo\six_pointed_star_slats_thin.png 
1: {6501E546-28F5-4A0E-97E0-1CD914185417} 2: {20752087-FD20-4A13-B106-40931F2A973E} 3: C:\ProgramData\ETC\HogPC\resources\thumbnail_library\Gobo\six_point_cross_star_multicolor_dot_purple.png 
1: {6501E546-28F5-4A0E-97E0-1CD914185417} 2: {FEA1369B-AC6B-4C29-B7F6-404C8C4442CF} 3: C:\ProgramData\ETC\HogPC\resources\thumbnail_library\Gobo\six_point_cross_star_multicolor_dot_red.png 
1: {6501E546-28F5-4A0E-97E0-1CD914185417} 2: {2DC49B73-9AF8-4C3C-8CC3-F0D344EEB008} 3: C:\ProgramData\ETC\HogPC\resources\thumbnail_library\Gobo\six_point_star_layer_stacked_spiral_multi.png 
1: {6501E546-28F5-4A0E-97E0-1CD914185417} 2: {43A7F58C-F2D8-42E8-9CFA-35BF7C1A9709} 3: C:\ProgramData\ETC\HogPC\resources\thumbnail_library\Gobo\six_radial_crescent_petals_symmetrical.png 
1: {6501E546-28F5-4A0E-97E0-1CD914185417} 2: {5FB6ABDC-859E-420E-81D2-DA1F529B403A} 3: C:\ProgramData\ETC\HogPC\resources\thumbnail_library\Gobo\six_radial_fan_wedge.png 
1: {6501E546-28F5-4A0E-97E0-1CD914185417} 2: {DADBFD00-D9AD-4CF9-AAE7-18F33F8E1337} 3: C:\ProgramData\ETC\HogPC\resources\thumbnail_library\Gobo\six_radial_wheel_ring_cone.png 
1: {6501E546-28F5-4A0E-97E0-1CD914185417} 2: {CE13F676-38AA-4330-BDA3-35814A759C1C} 3: C:\ProgramData\ETC\HogPC\resources\thumbnail_library\Gobo\six_rectangles_bars_fan.png 
1: {6501E546-28F5-4A0E-97E0-1CD914185417} 2: {C16B4E3A-375D-4CB7-9011-73F5DD2961FC} 3: C:\ProgramData\ETC\HogPC\resources\thumbnail_library\Gobo\six_rings_radial_medium_symmetrical.png 
1: {6501E546-28F5-4A0E-97E0-1CD914185417} 2: {A1E8E67C-08BA-478F-969A-F8E8F80A3869} 3: C:\ProgramData\ETC\HogPC\resources\thumbnail_library\Gobo\six_rotating_curve_sprial.png 
1: {6501E546-28F5-4A0E-97E0-1CD914185417} 2: {59B48608-4686-4EFE-872D-BEDE3EAEC8DE} 3: C:\ProgramData\ETC\HogPC\resources\thumbnail_library\Gobo\six_segmented_ring_cone_medium.png 
1: {6501E546-28F5-4A0E-97E0-1CD914185417} 2: {6849FCEE-1B46-4A69-A95C-84F971DD335F} 3: C:\ProgramData\ETC\HogPC\resources\thumbnail_library\Gobo\six_segments_border_pieces.png 
1: {6501E546-28F5-4A0E-97E0-1CD914185417} 2: {43A45569-930B-4A73-9A05-5FCDEE95B32E} 3: C:\ProgramData\ETC\HogPC\resources\thumbnail_library\Gobo\six_shooting_star_tail.png 
1: {6501E546-28F5-4A0E-97E0-1CD914185417} 2: {1A47FA93-A730-4F91-A372-A972A6744B7C} 3: C:\ProgramData\ETC\HogPC\resources\thumbnail_library\Gobo\six_spikes_pointed_fan.png 
1: {6501E546-28F5-4A0E-97E0-1CD914185417} 2: {D6D1ABD4-E7D5-456E-94B5-F6C24A1F5C2C} 3: C:\ProgramData\ETC\HogPC\resources\thumbnail_library\Gobo\six_squiggles_fan_spin_multi.png 
1: {6501E546-28F5-4A0E-97E0-1CD914185417} 2: {5C8A4908-5497-4078-95EB-E791A76C5BA9} 3: C:\ProgramData\ETC\HogPC\resources\thumbnail_library\Gobo\six_star_asterisk_cracks.png 
1: {6501E546-28F5-4A0E-97E0-1CD914185417} 2: {8166EA1C-1E93-4B06-92A7-3A87118EE114} 3: C:\ProgramData\ETC\HogPC\resources\thumbnail_library\Gobo\six_teardrop_flower_spiral.png 
1: {6501E546-28F5-4A0E-97E0-1CD914185417} 2: {F94412F5-338F-4B0E-B81F-A3F9F0AA0A21} 3: C:\ProgramData\ETC\HogPC\resources\thumbnail_library\Gobo\six_teardrop_paisley_border_color_pink.png 
1: {6501E546-28F5-4A0E-97E0-1CD914185417} 2: {03870F2E-613B-448D-B451-6BB3AABACC54} 3: C:\ProgramData\ETC\HogPC\resources\thumbnail_library\Gobo\six_teardrop_paisley_fan_spin_color_pink.png 
1: {6501E546-28F5-4A0E-97E0-1CD914185417} 2: {B9A25651-3F37-402A-B930-DFAC15D403AF} 3: C:\ProgramData\ETC\HogPC\resources\thumbnail_library\Gobo\six_triangles_arrows_point_fan_multi.png 
1: {6501E546-28F5-4A0E-97E0-1CD914185417} 2: {79A19CAC-71D7-401B-8C2A-006B8E2D39BA} 3: C:\ProgramData\ETC\HogPC\resources\thumbnail_library\Gobo\six_triangles_random_medium.png 
1: {6501E546-28F5-4A0E-97E0-1CD914185417} 2: {8416561D-6C0F-4C43-8B4E-1491F37DF1EE} 3: C:\ProgramData\ETC\HogPC\resources\thumbnail_library\Gobo\six_triangles_star_wave_fan_spiral_color_red.png 
1: {6501E546-28F5-4A0E-97E0-1CD914185417} 2: {DB95A916-FA0F-4EBD-8860-901CC005EF0B} 3: C:\ProgramData\ETC\HogPC\resources\thumbnail_library\Gobo\six_triangle_wedges_color_yellow.png 
1: {6501E546-28F5-4A0E-97E0-1CD914185417} 2: {74537919-4D3E-4881-9342-2250AEF69390} 3: C:\ProgramData\ETC\HogPC\resources\thumbnail_library\Gobo\six_triangle_wedges_dot_fan_spin.png 
1: {6501E546-28F5-4A0E-97E0-1CD914185417} 2: {37587B5C-6175-499A-9A84-7F5088341C74} 3: C:\ProgramData\ETC\HogPC\resources\thumbnail_library\Gobo\six_wedge_pie_multicolor_cyan_magenta_yellow.png 
1: {6501E546-28F5-4A0E-97E0-1CD914185417} 2: {890292E8-4743-4C9D-B785-F03B4A385C45} 3: C:\ProgramData\ETC\HogPC\resources\thumbnail_library\Gobo\six_winged_spiral_fan_color_blue.png 
1: {6501E546-28F5-4A0E-97E0-1CD914185417} 2: {48A1C7F3-F2D0-4588-A5B0-A33121C02A93} 3: C:\ProgramData\ETC\HogPC\resources\thumbnail_library\Gobo\slanted_bars_medium_ring.png 
1: {6501E546-28F5-4A0E-97E0-1CD914185417} 2: {4F24A835-4868-41D3-A8A3-045020FC1406} 3: C:\ProgramData\ETC\HogPC\resources\thumbnail_library\Gobo\smallshapes_stars_multi_breakup_triangle.png 
1: {6501E546-28F5-4A0E-97E0-1CD914185417} 2: {7B3280F0-230F-4645-8483-2EB7134A5A59} 3: C:\ProgramData\ETC\HogPC\resources\thumbnail_library\Gobo\small_blob_dots_clouds_multi.png 
1: {6501E546-28F5-4A0E-97E0-1CD914185417} 2: {C444247D-6D5B-4245-96E7-59CDB2B67BC6} 3: C:\ProgramData\ETC\HogPC\resources\thumbnail_library\Gobo\small_circle_droplet.png 
1: {6501E546-28F5-4A0E-97E0-1CD914185417} 2: {84557A5A-BA80-4C24-BC1E-1A2A4B93B889} 3: C:\ProgramData\ETC\HogPC\resources\thumbnail_library\Gobo\small_cityscape_city_skyline_image_silhouette.png 
1: {6501E546-28F5-4A0E-97E0-1CD914185417} 2: {64D50E83-303E-480D-8CF2-AFB57202050B} 3: C:\ProgramData\ETC\HogPC\resources\thumbnail_library\Gobo\small_clouds_maze_cracks_puffy.png 
1: {6501E546-28F5-4A0E-97E0-1CD914185417} 2: {F29524EA-87BC-456E-87EE-F94A8F9CAB2D} 3: C:\ProgramData\ETC\HogPC\resources\thumbnail_library\Gobo\small_curved_lines_horizontal_sunset_multi.png 
1: {6501E546-28F5-4A0E-97E0-1CD914185417} 2: {9807A755-EC86-4856-9498-D44D588CF76C} 3: C:\ProgramData\ETC\HogPC\resources\thumbnail_library\Gobo\small_cutout_shapes_globe_multi.png 
1: {6501E546-28F5-4A0E-97E0-1CD914185417} 2: {10CF9D1F-C474-40EC-86FD-06A689010D23} 3: C:\ProgramData\ETC\HogPC\resources\thumbnail_library\Gobo\small_diamond_arrow_point_multi_layer_paper_origami.png 
1: {6501E546-28F5-4A0E-97E0-1CD914185417} 2: {6F6A2A89-694A-42BB-93AD-0AE595EE4A93} 3: C:\ProgramData\ETC\HogPC\resources\thumbnail_library\Gobo\small_dots_multi.png 
1: {6501E546-28F5-4A0E-97E0-1CD914185417} 2: {0D52FB9D-6B45-441A-BB1D-901E061058BE} 3: C:\ProgramData\ETC\HogPC\resources\thumbnail_library\Gobo\small_dots_random.png 
1: {6501E546-28F5-4A0E-97E0-1CD914185417} 2: {F6B1CB0E-73D2-42E1-ADE7-36CCE961AF23} 3: C:\ProgramData\ETC\HogPC\resources\thumbnail_library\Gobo\small_dots_space_breakup_galaxy_twelve.png 
1: {6501E546-28F5-4A0E-97E0-1CD914185417} 2: {44DD9027-2B98-493B-8507-4634C7BCBBDE} 3: C:\ProgramData\ETC\HogPC\resources\thumbnail_library\Gobo\small_dot_grid_symmetrical.png 
1: {6501E546-28F5-4A0E-97E0-1CD914185417} 2: {298789FB-143B-49D0-96D3-65CB154ADB96} 3: C:\ProgramData\ETC\HogPC\resources\thumbnail_library\Gobo\small_foliage_breakup_cracks_multi.png 
1: {6501E546-28F5-4A0E-97E0-1CD914185417} 2: {FAA0AA76-C4B0-4036-88BF-08A1B8CE6C9E} 3: C:\ProgramData\ETC\HogPC\resources\thumbnail_library\Gobo\small_medium_dots_multi.png 
1: {6501E546-28F5-4A0E-97E0-1CD914185417} 2: {59E69E77-0D85-4EFA-A1AD-79CA553CF2D5} 3: C:\ProgramData\ETC\HogPC\resources\thumbnail_library\Gobo\small_multi_breakup_bulge.png 
1: {6501E546-28F5-4A0E-97E0-1CD914185417} 2: {4488ECA7-876C-4052-8208-75B4AD41DE35} 3: C:\ProgramData\ETC\HogPC\resources\thumbnail_library\Gobo\small_multi_breakup_cracks.png 
1: {6501E546-28F5-4A0E-97E0-1CD914185417} 2: {78BBAC5D-F02D-4837-83A7-286DA852B131} 3: C:\ProgramData\ETC\HogPC\resources\thumbnail_library\Gobo\small_oval_fan_multi_spin_triangle.png 
1: {6501E546-28F5-4A0E-97E0-1CD914185417} 2: {53582692-BEB7-4B00-BC7A-223DF467F9B2} 3: C:\ProgramData\ETC\HogPC\resources\thumbnail_library\Gobo\small_round_pieces_warped_curved_multi.png 
1: {6501E546-28F5-4A0E-97E0-1CD914185417} 2: {02290257-6B6C-4226-8C94-C7CBB0D3AAE8} 3: C:\ProgramData\ETC\HogPC\resources\thumbnail_library\Gobo\small_squares_block_grid.png 
1: {6501E546-28F5-4A0E-97E0-1CD914185417} 2: {97364CEA-CA61-4155-B16B-13DC066BCF27} 3: C:\ProgramData\ETC\HogPC\resources\thumbnail_library\Gobo\small_squares_multi_sizes.png 
1: {6501E546-28F5-4A0E-97E0-1CD914185417} 2: {37A40B37-5B33-450A-92AF-D1B581FAF833} 3: C:\ProgramData\ETC\HogPC\resources\thumbnail_library\Gobo\small_stars_eighteen_animated.png 
1: {6501E546-28F5-4A0E-97E0-1CD914185417} 2: {C66C0B6C-E6BD-4A13-BB6B-E48425BFC319} 3: C:\ProgramData\ETC\HogPC\resources\thumbnail_library\Gobo\small_stones_circle_asymmetrical.png 
1: {6501E546-28F5-4A0E-97E0-1CD914185417} 2: {7F121567-87E0-477A-B4D5-01C50D5A706D} 3: C:\ProgramData\ETC\HogPC\resources\thumbnail_library\Gobo\small_teardrop_dots_multi_breakup.png 
1: {6501E546-28F5-4A0E-97E0-1CD914185417} 2: {AF002B9C-7A8E-41E1-9C09-A92B528A2197} 3: C:\ProgramData\ETC\HogPC\resources\thumbnail_library\Gobo\small_thin_triangles_fan_spin.png 
1: {6501E546-28F5-4A0E-97E0-1CD914185417} 2: {86028850-1A62-4F87-A5D3-89B866AF44FB} 3: C:\ProgramData\ETC\HogPC\resources\thumbnail_library\Gobo\small_triangles_scattered_multi.png 
1: {6501E546-28F5-4A0E-97E0-1CD914185417} 2: {A9794501-7C16-48DF-A6C2-06363EF3F586} 3: C:\ProgramData\ETC\HogPC\resources\thumbnail_library\Gobo\small_water_droplets_multi_color_blue_purple.png 
1: {6501E546-28F5-4A0E-97E0-1CD914185417} 2: {EEDE78D8-8DE2-4ABF-944E-4BEDD4668B47} 3: C:\ProgramData\ETC\HogPC\resources\thumbnail_library\Gobo\snakeskin_net_swirl_blob.png 
1: {6501E546-28F5-4A0E-97E0-1CD914185417} 2: {EC482B76-B7AA-49C8-90F7-F179C2E4EF72} 3: C:\ProgramData\ETC\HogPC\resources\thumbnail_library\Gobo\solid_arrow_right.png 
1: {6501E546-28F5-4A0E-97E0-1CD914185417} 2: {FE35891C-F65E-40CF-93F1-AB5C74CEBF42} 3: C:\ProgramData\ETC\HogPC\resources\thumbnail_library\Gobo\speckled_galaxy_spiral_swirl_tiny_dots.png 
1: {6501E546-28F5-4A0E-97E0-1CD914185417} 2: {2E8525FE-62AC-42FF-8920-3F1C36F4801A} 3: C:\ProgramData\ETC\HogPC\resources\thumbnail_library\Gobo\specks_culture_glass_frost_bubbles.png 
1: {6501E546-28F5-4A0E-97E0-1CD914185417} 2: {755C569C-79BD-4FB9-8352-49337B4FE11F} 3: C:\ProgramData\ETC\HogPC\resources\thumbnail_library\Gobo\sphere_basketweave_grid.png 
1: {6501E546-28F5-4A0E-97E0-1CD914185417} 2: {F1F4FFE2-26F8-431F-843A-4FD4796E8C46} 3: C:\ProgramData\ETC\HogPC\resources\thumbnail_library\Gobo\sphere_multi_layer_oval.png 
1: {6501E546-28F5-4A0E-97E0-1CD914185417} 2: {A58A7D0F-A4E1-4FBF-893B-F89433E48744} 3: C:\ProgramData\ETC\HogPC\resources\thumbnail_library\Gobo\sphere_square_border_sun_tribal.png 
1: {6501E546-28F5-4A0E-97E0-1CD914185417} 2: {1D1AC2E5-85D4-4351-AB49-5C978592EB2A} 3: C:\ProgramData\ETC\HogPC\resources\thumbnail_library\Gobo\spider_mask_teardrop_layer_outline.png 
1: {6501E546-28F5-4A0E-97E0-1CD914185417} 2: {6FCDFE57-21D5-4B0C-8129-DD1F7F3D41C0} 3: C:\ProgramData\ETC\HogPC\resources\thumbnail_library\Gobo\spin_arch_curve_circle.png 
1: {6501E546-28F5-4A0E-97E0-1CD914185417} 2: {2D79CB6A-B599-4C5C-AD0E-1183CE7FA985} 3: C:\ProgramData\ETC\HogPC\resources\thumbnail_library\Gobo\spin_broken_circle_triangle_rectangle_multi.png 
1: {6501E546-28F5-4A0E-97E0-1CD914185417} 2: {E6C5CA73-5C1D-412B-BE30-60C77EAAD477} 3: C:\ProgramData\ETC\HogPC\resources\thumbnail_library\Gobo\spin_fan_thin_twelve.png 
1: {6501E546-28F5-4A0E-97E0-1CD914185417} 2: {E143AAA4-DEEA-4EC2-B2BB-B0BE0A2F1449} 3: C:\ProgramData\ETC\HogPC\resources\thumbnail_library\Gobo\spin_fan_twelve.png 
1: {6501E546-28F5-4A0E-97E0-1CD914185417} 2: {F536B25C-C822-4EF6-8FF2-366CF6447DCF} 3: C:\ProgramData\ETC\HogPC\resources\thumbnail_library\Gobo\spin_spiral_swirl_fan_color_pink_blue.png 
1: {6501E546-28F5-4A0E-97E0-1CD914185417} 2: {DD2E7B12-31B1-4F0E-826A-18EB7412A68B} 3: C:\ProgramData\ETC\HogPC\resources\thumbnail_library\Gobo\spin_spiral_swirl_peppermint_color_swirl_blue.png 
1: {6501E546-28F5-4A0E-97E0-1CD914185417} 2: {E644E548-F4E9-43AD-91B9-8E585C3855D9} 3: C:\ProgramData\ETC\HogPC\resources\thumbnail_library\Gobo\spiral_dots_curve_spiral_color_purple.png 
1: {6501E546-28F5-4A0E-97E0-1CD914185417} 2: {DD3DF548-BF28-4C94-A738-881D57A11285} 3: C:\ProgramData\ETC\HogPC\resources\thumbnail_library\Gobo\spiral_dots_curve_spiral_color_red.png 
1: {6501E546-28F5-4A0E-97E0-1CD914185417} 2: {44EDEA3C-2C70-4C4A-AC33-6E1A34FCC9C7} 3: C:\ProgramData\ETC\HogPC\resources\thumbnail_library\Gobo\spiral_fatends.png 
1: {6501E546-28F5-4A0E-97E0-1CD914185417} 2: {6435A489-98AB-4DBE-91A2-D14D8F6D4D88} 3: C:\ProgramData\ETC\HogPC\resources\thumbnail_library\Gobo\spiral_kaleidescope.png 
1: {6501E546-28F5-4A0E-97E0-1CD914185417} 2: {09195FC5-C3E3-4558-9645-627D832F473C} 3: C:\ProgramData\ETC\HogPC\resources\thumbnail_library\Gobo\spiral_spin_swirl_slices.png 
1: {6501E546-28F5-4A0E-97E0-1CD914185417} 2: {A6F1D184-F570-499D-88B8-9883C11CA3A8} 3: C:\ProgramData\ETC\HogPC\resources\thumbnail_library\Gobo\spiral_spin_twist.png 
1: {6501E546-28F5-4A0E-97E0-1CD914185417} 2: {65F10775-6F8E-4461-9FE9-0EEA81FE0933} 3: C:\ProgramData\ETC\HogPC\resources\thumbnail_library\Gobo\spiral_sun_fan_swirl_wedges.png 
1: {6501E546-28F5-4A0E-97E0-1CD914185417} 2: {49C2EF41-4A4C-4D13-B888-76226C6B9068} 3: C:\ProgramData\ETC\HogPC\resources\thumbnail_library\Gobo\spiral_sun_twist_sphere_border_elaborate.png 
1: {6501E546-28F5-4A0E-97E0-1CD914185417} 2: {E1657E29-3D5D-48D2-B02F-15D378A19062} 3: C:\ProgramData\ETC\HogPC\resources\thumbnail_library\Gobo\spiral_swirl_tunnel.png 
1: {6501E546-28F5-4A0E-97E0-1CD914185417} 2: {808CD5E7-3A9A-42FE-A9C3-CD5A44FB8956} 3: C:\ProgramData\ETC\HogPC\resources\thumbnail_library\Gobo\spiral_tunnel_lines.png 
1: {6501E546-28F5-4A0E-97E0-1CD914185417} 2: {0D612D98-8AFA-494C-AB3F-092B4939A2D4} 3: C:\ProgramData\ETC\HogPC\resources\thumbnail_library\Gobo\spiral_two_legs_fan_swirl_spin.png 
1: {6501E546-28F5-4A0E-97E0-1CD914185417} 2: {C4EFA7BD-4378-4667-ACC2-DB8A30F56A63} 3: C:\ProgramData\ETC\HogPC\resources\thumbnail_library\Gobo\splash_archs_medium.png 
1: {6501E546-28F5-4A0E-97E0-1CD914185417} 2: {A3F7CB39-93F7-43C9-A541-7A6FB74D5E08} 3: C:\ProgramData\ETC\HogPC\resources\thumbnail_library\Gobo\splattered_foliage_breakup.png 
1: {6501E546-28F5-4A0E-97E0-1CD914185417} 2: {FE8F61C5-55E2-439F-AABF-83BA6CBAB875} 3: C:\ProgramData\ETC\HogPC\resources\thumbnail_library\Gobo\splatter_splat_blob_paint.png 
1: {6501E546-28F5-4A0E-97E0-1CD914185417} 2: {ED9B1AE5-3A49-497C-84B3-43619C5C2AEC} 3: C:\ProgramData\ETC\HogPC\resources\thumbnail_library\Gobo\splatter_tiny_dots_lines.png 
1: {6501E546-28F5-4A0E-97E0-1CD914185417} 2: {9B7C1E31-C61D-4B17-A852-C3030472B2C7} 3: C:\ProgramData\ETC\HogPC\resources\thumbnail_library\Gobo\sqaure_pipes_random.png 
1: {6501E546-28F5-4A0E-97E0-1CD914185417} 2: {9BDB759B-D5A0-4A90-94E6-EDB8B91A5597} 3: C:\ProgramData\ETC\HogPC\resources\thumbnail_library\Gobo\squares_multi_breakup.png 
1: {6501E546-28F5-4A0E-97E0-1CD914185417} 2: {63033E71-CD2D-45EC-A012-F92C5853D41E} 3: C:\ProgramData\ETC\HogPC\resources\thumbnail_library\Gobo\squares_rectangles_breakup.png 
1: {6501E546-28F5-4A0E-97E0-1CD914185417} 2: {2B41FE02-FDFE-4150-A81E-2C442B5087D0} 3: C:\ProgramData\ETC\HogPC\resources\thumbnail_library\Gobo\squares_rectangles_multi.png 
1: {6501E546-28F5-4A0E-97E0-1CD914185417} 2: {88BF7579-12F8-4E9E-BDB7-7BC705B6DCE3} 3: C:\ProgramData\ETC\HogPC\resources\thumbnail_library\Gobo\squares_vertical_grid.png 
1: {6501E546-28F5-4A0E-97E0-1CD914185417} 2: {7A7C35A1-62C0-4371-9DB7-C2214B17A4F9} 3: C:\ProgramData\ETC\HogPC\resources\thumbnail_library\Gobo\square_barbed_wire_cross_lines_layer_overlap.png 
1: {6501E546-28F5-4A0E-97E0-1CD914185417} 2: {D471C7B5-CE74-49E8-A9AB-4F33996356E6} 3: C:\ProgramData\ETC\HogPC\resources\thumbnail_library\Gobo\square_curved_overlapping_layers_multi.png 
1: {6501E546-28F5-4A0E-97E0-1CD914185417} 2: {B2CB3FE4-89FE-44D7-BD74-1989D0F95135} 3: C:\ProgramData\ETC\HogPC\resources\thumbnail_library\Gobo\square_starburst_lines.png 
1: {6501E546-28F5-4A0E-97E0-1CD914185417} 2: {61CE6786-2B14-41B4-B209-6D8244483909} 3: C:\ProgramData\ETC\HogPC\resources\thumbnail_library\Gobo\square_stretched_curved.png 
1: {6501E546-28F5-4A0E-97E0-1CD914185417} 2: {3B293001-73D8-41DC-B98D-D1C44AE022EE} 3: C:\ProgramData\ETC\HogPC\resources\thumbnail_library\Gobo\squiggle_breakup_patch.png 
1: {6501E546-28F5-4A0E-97E0-1CD914185417} 2: {A3654051-329B-452A-B32F-5B83A4847D72} 3: C:\ProgramData\ETC\HogPC\resources\thumbnail_library\Gobo\squiggle_fan_purple_pink_multicolor_pink_purple.png 
1: {6501E546-28F5-4A0E-97E0-1CD914185417} 2: {955A0A4B-4725-432F-B00B-510AA964EFD4} 3: C:\ProgramData\ETC\HogPC\resources\thumbnail_library\Gobo\squiggle_lines_maze.png 
1: {6501E546-28F5-4A0E-97E0-1CD914185417} 2: {B081280C-555A-4F84-A5FC-19F8B15AE432} 3: C:\ProgramData\ETC\HogPC\resources\thumbnail_library\Gobo\squiggle_multi_color_pink_blue_layer_pastel.png 
1: {6501E546-28F5-4A0E-97E0-1CD914185417} 2: {1F00B29B-3DC4-47B9-A7E1-1F54286E1C59} 3: C:\ProgramData\ETC\HogPC\resources\thumbnail_library\Gobo\squiggle_overlap_thin_lines_wreath_border.png 
1: {6501E546-28F5-4A0E-97E0-1CD914185417} 2: {3B8050A3-2A70-4E14-BBC3-DBCF3D819D54} 3: C:\ProgramData\ETC\HogPC\resources\thumbnail_library\Gobo\squiggle_thin_overlapping.png 
1: {6501E546-28F5-4A0E-97E0-1CD914185417} 2: {55FB2CE4-17EE-4D17-80A9-703AA777F2B3} 3: C:\ProgramData\ETC\HogPC\resources\thumbnail_library\Gobo\squiggle_western_paisley_multi.png 
1: {6501E546-28F5-4A0E-97E0-1CD914185417} 2: {BCA4D6FE-AA99-438B-8A7B-35074046767C} 3: C:\ProgramData\ETC\HogPC\resources\thumbnail_library\Gobo\squished_squiggles_vertical.png 
1: {6501E546-28F5-4A0E-97E0-1CD914185417} 2: {6D50E3CA-A016-45E5-A169-594735AFABA9} 3: C:\ProgramData\ETC\HogPC\resources\thumbnail_library\Gobo\starburst_color_pink_spikes_radial.png 
1: {6501E546-28F5-4A0E-97E0-1CD914185417} 2: {7A9C97C0-DF57-4E55-9A3B-E98803BC0FF1} 3: C:\ProgramData\ETC\HogPC\resources\thumbnail_library\Gobo\stars_breakup_lotsofstars.png 
1: {6501E546-28F5-4A0E-97E0-1CD914185417} 2: {0B3C7666-4E00-4C9C-B9AC-49D13341D0E3} 3: C:\ProgramData\ETC\HogPC\resources\thumbnail_library\Gobo\stars_kaleidescope_six.png 
1: {6501E546-28F5-4A0E-97E0-1CD914185417} 2: {7E2E879A-D0D8-4E1A-9258-9B8BC26E4E80} 3: C:\ProgramData\ETC\HogPC\resources\thumbnail_library\Gobo\stars_multi_fourteen.png 
1: {6501E546-28F5-4A0E-97E0-1CD914185417} 2: {83597A1F-C298-4C08-8378-1669A3927283} 3: C:\ProgramData\ETC\HogPC\resources\thumbnail_library\Gobo\stars_six_large_multi.png 
1: {6501E546-28F5-4A0E-97E0-1CD914185417} 2: {A42C4B07-253F-4477-857C-5EA03B4E7D94} 3: C:\ProgramData\ETC\HogPC\resources\thumbnail_library\Gobo\startrek_tripoint_wedge_threepoint.png 
1: {6501E546-28F5-4A0E-97E0-1CD914185417} 2: {34417964-37BC-4A2E-B27B-12AEA54B96F4} 3: C:\ProgramData\ETC\HogPC\resources\thumbnail_library\Gobo\star_david_eights_points.png 
1: {6501E546-28F5-4A0E-97E0-1CD914185417} 2: {0DEDD8EF-FE9A-46C6-8484-D652917130EC} 3: C:\ProgramData\ETC\HogPC\resources\thumbnail_library\Gobo\star_disproportional_asymmetrical.png 
1: {6501E546-28F5-4A0E-97E0-1CD914185417} 2: {218A75B9-205C-4ADA-8AED-A9CDCD152DC3} 3: C:\ProgramData\ETC\HogPC\resources\thumbnail_library\Gobo\star_eight_point_multilayer.png 
1: {6501E546-28F5-4A0E-97E0-1CD914185417} 2: {50595955-BA16-4537-BFA1-0E495F6CEE7B} 3: C:\ProgramData\ETC\HogPC\resources\thumbnail_library\Gobo\star_fivepoint_broken.png 
1: {6501E546-28F5-4A0E-97E0-1CD914185417} 2: {B2B0B3CB-9F12-4140-A559-D4CE9DEB8D51} 3: C:\ProgramData\ETC\HogPC\resources\thumbnail_library\Gobo\star_fourpoint.png 
1: {6501E546-28F5-4A0E-97E0-1CD914185417} 2: {A1474D90-0919-499C-A2CF-AA7414C100FE} 3: C:\ProgramData\ETC\HogPC\resources\thumbnail_library\Gobo\star_layer_breakup_multi.png 
1: {6501E546-28F5-4A0E-97E0-1CD914185417} 2: {0DDA0B74-3903-4C33-BC88-C7DDCB04177D} 3: C:\ProgramData\ETC\HogPC\resources\thumbnail_library\Gobo\star_single_animated_curved.png 
1: {6501E546-28F5-4A0E-97E0-1CD914185417} 2: {C93DADED-B4D9-4A92-A6D1-674B987ED360} 3: C:\ProgramData\ETC\HogPC\resources\thumbnail_library\Gobo\star_thin_pointed_twelve_circle.png 
1: {6501E546-28F5-4A0E-97E0-1CD914185417} 2: {2107D38D-A2BB-4CB7-B054-64943C36FAF8} 3: C:\ProgramData\ETC\HogPC\resources\thumbnail_library\Gobo\striped_rings_tunnel_swirl.png 
1: {6501E546-28F5-4A0E-97E0-1CD914185417} 2: {827680C9-1B36-42A0-A580-C059C2D23249} 3: C:\ProgramData\ETC\HogPC\resources\thumbnail_library\Gobo\stripes_spiral_tunnel_.png 
1: {6501E546-28F5-4A0E-97E0-1CD914185417} 2: {CD821ABE-AA65-4BB3-A762-F29795427578} 3: C:\ProgramData\ETC\HogPC\resources\thumbnail_library\Gobo\sunburst_color_blue_purple_thin_right.png 
1: {6501E546-28F5-4A0E-97E0-1CD914185417} 2: {994EC131-67A6-4F40-BB58-BB2241BBBCEC} 3: C:\ProgramData\ETC\HogPC\resources\thumbnail_library\Gobo\sunburst_curves_circle_radial_asymmetrical.png 
1: {6501E546-28F5-4A0E-97E0-1CD914185417} 2: {B7E30F60-CBD7-4D76-9B73-210F786C0E83} 3: C:\ProgramData\ETC\HogPC\resources\thumbnail_library\Gobo\sunburst_radial_cones_spikes.png 
1: {6501E546-28F5-4A0E-97E0-1CD914185417} 2: {B8A3D3B5-E284-449E-B07A-8B5865E63012} 3: C:\ProgramData\ETC\HogPC\resources\thumbnail_library\Gobo\sunburst_wedges_offset.png 
1: {6501E546-28F5-4A0E-97E0-1CD914185417} 2: {C0AA25B2-1B41-4EB2-811A-57DDDD78BFA8} 3: C:\ProgramData\ETC\HogPC\resources\thumbnail_library\Gobo\sunburst_wedge_bottom_right.png 
1: {6501E546-28F5-4A0E-97E0-1CD914185417} 2: {8B8A9C61-FD74-4A45-AF18-F4D3878765BF} 3: C:\ProgramData\ETC\HogPC\resources\thumbnail_library\Gobo\sunburts_color_blue_purple_thin_bottom_left.png 
1: {6501E546-28F5-4A0E-97E0-1CD914185417} 2: {2377B24D-AC2E-4C8E-89D9-F33940A09B51} 3: C:\ProgramData\ETC\HogPC\resources\thumbnail_library\Gobo\sunflower_flower_petals_.png 
1: {6501E546-28F5-4A0E-97E0-1CD914185417} 2: {C473FB23-0402-4E94-9F67-9A117A95DEEC} 3: C:\ProgramData\ETC\HogPC\resources\thumbnail_library\Gobo\sunrise_sun_tunnel_striped_vertical.png 
1: {6501E546-28F5-4A0E-97E0-1CD914185417} 2: {942A0C31-7A16-4904-9A18-798D5F9F01F4} 3: C:\ProgramData\ETC\HogPC\resources\thumbnail_library\Gobo\sun_beam_thin_flares_lines_bright.png 
1: {6501E546-28F5-4A0E-97E0-1CD914185417} 2: {77EE9525-4774-46BE-8C24-4EEBD51DE623} 3: C:\ProgramData\ETC\HogPC\resources\thumbnail_library\Gobo\sun_drip_red_yellow_multicolor_paint.png 
1: {6501E546-28F5-4A0E-97E0-1CD914185417} 2: {39FF36DB-0564-4342-9BD4-74A4DF4D71AC} 3: C:\ProgramData\ETC\HogPC\resources\thumbnail_library\Gobo\sun_face_color_red_yellow.png 
1: {6501E546-28F5-4A0E-97E0-1CD914185417} 2: {A8CBE01B-5F79-425B-B6E0-D09DB133F793} 3: C:\ProgramData\ETC\HogPC\resources\thumbnail_library\Gobo\sun_face_squiggle.png 
1: {6501E546-28F5-4A0E-97E0-1CD914185417} 2: {A945AB93-413A-4E3E-85BF-BB35D2F9F8FF} 3: C:\ProgramData\ETC\HogPC\resources\thumbnail_library\Gobo\sun_face_tribal_red_yellow_multicolor.png 
1: {6501E546-28F5-4A0E-97E0-1CD914185417} 2: {B33A43C9-09E6-4613-B878-A8E354F38682} 3: C:\ProgramData\ETC\HogPC\resources\thumbnail_library\Gobo\sun_flames_tribal_squiggles.png 
1: {6501E546-28F5-4A0E-97E0-1CD914185417} 2: {EA387B06-A8DE-4034-A9CF-64FAA274948A} 3: C:\ProgramData\ETC\HogPC\resources\thumbnail_library\Gobo\sun_flare_flower_bright_beams_thin.png 
1: {6501E546-28F5-4A0E-97E0-1CD914185417} 2: {B2BB88A6-9666-44E8-87A4-5A8EDC8D1181} 3: C:\ProgramData\ETC\HogPC\resources\thumbnail_library\Gobo\sun_multi_fan.png 
1: {6501E546-28F5-4A0E-97E0-1CD914185417} 2: {F7960130-BC92-4183-AA51-9AC179F0E336} 3: C:\ProgramData\ETC\HogPC\resources\thumbnail_library\Gobo\sun_spiral_drip_thin_blue_purple_multicolor.png 
1: {6501E546-28F5-4A0E-97E0-1CD914185417} 2: {FA42A4EC-2F40-467E-A7A9-BBB62CADD14A} 3: C:\ProgramData\ETC\HogPC\resources\thumbnail_library\Gobo\sun_squiggle_circle_fan.png 
1: {6501E546-28F5-4A0E-97E0-1CD914185417} 2: {7C880292-A67F-41C9-B498-989EC017A6EB} 3: C:\ProgramData\ETC\HogPC\resources\thumbnail_library\Gobo\sun_squiggle_swirl_spiral.png 
1: {6501E546-28F5-4A0E-97E0-1CD914185417} 2: {EE34DCA0-45C4-4ACD-A07E-CC511A17D2C4} 3: C:\ProgramData\ETC\HogPC\resources\thumbnail_library\Gobo\sun_squiggle_tribal_pink_multicolor_pink.png 
1: {6501E546-28F5-4A0E-97E0-1CD914185417} 2: {527070D8-A1A1-45B6-819A-299E2768B243} 3: C:\ProgramData\ETC\HogPC\resources\thumbnail_library\Gobo\sun_star_single_points.png 
1: {6501E546-28F5-4A0E-97E0-1CD914185417} 2: {5B1268A4-821A-4707-930C-D070A9B38F2D} 3: C:\ProgramData\ETC\HogPC\resources\thumbnail_library\Gobo\sun_thin_border_circle_tribal.png 
1: {6501E546-28F5-4A0E-97E0-1CD914185417} 2: {932CDA8D-37A7-46CB-81AF-713127D220AC} 3: C:\ProgramData\ETC\HogPC\resources\thumbnail_library\Gobo\sun_thin_flares_offcenter.png 
1: {6501E546-28F5-4A0E-97E0-1CD914185417} 2: {595DCA84-438E-474D-A6E5-F5C7100A1718} 3: C:\ProgramData\ETC\HogPC\resources\thumbnail_library\Gobo\sun_thin_lines_flames_multi_circle.png 
1: {6501E546-28F5-4A0E-97E0-1CD914185417} 2: {9DE730F9-FB5E-47E4-964B-1BEF15341D58} 3: C:\ProgramData\ETC\HogPC\resources\thumbnail_library\Gobo\sun_thin_rays_circle.png 
1: {6501E546-28F5-4A0E-97E0-1CD914185417} 2: {AE0D060F-DA7A-4F8C-BF40-A8670A93C7D9} 3: C:\ProgramData\ETC\HogPC\resources\thumbnail_library\Gobo\sun_tribal_squiggle_circle.png 
1: {6501E546-28F5-4A0E-97E0-1CD914185417} 2: {1C377F29-235E-4756-850F-18D41551EB93} 3: C:\ProgramData\ETC\HogPC\resources\thumbnail_library\Gobo\sun_tribal_squiggle_circle_small_large.png 
1: {6501E546-28F5-4A0E-97E0-1CD914185417} 2: {4CBB2AAC-ABB4-4518-BEB1-FD0C1A0F8961} 3: C:\ProgramData\ETC\HogPC\resources\thumbnail_library\Gobo\sun_wave_border_purple_color.png 
1: {6501E546-28F5-4A0E-97E0-1CD914185417} 2: {BF483BE8-F1F3-4D40-998F-4946784D8797} 3: C:\ProgramData\ETC\HogPC\resources\thumbnail_library\Gobo\sun_wavy_sunburst_symmetrical.png 
1: {6501E546-28F5-4A0E-97E0-1CD914185417} 2: {5FC220D4-3C14-4A24-B764-551351FB8C0C} 3: C:\ProgramData\ETC\HogPC\resources\thumbnail_library\Gobo\swirl_blob_spiral_smudge_blur.png 
1: {6501E546-28F5-4A0E-97E0-1CD914185417} 2: {1D20AC69-F9EA-4263-991E-A6B8AF3BE50A} 3: C:\ProgramData\ETC\HogPC\resources\thumbnail_library\Gobo\swirl_color_blue_purple.png 
1: {6501E546-28F5-4A0E-97E0-1CD914185417} 2: {6AF7E508-82B9-4419-A7BF-04A01C4F6361} 3: C:\ProgramData\ETC\HogPC\resources\thumbnail_library\Gobo\swirl_gradiant_curves_crescents.png 
1: {6501E546-28F5-4A0E-97E0-1CD914185417} 2: {07BE2BA2-A201-466E-A7A6-C08108B6059E} 3: C:\ProgramData\ETC\HogPC\resources\thumbnail_library\Gobo\swirl_marble_color_pink_red_yellow.png 
1: {6501E546-28F5-4A0E-97E0-1CD914185417} 2: {533DCCD5-9AD7-4713-A994-7E4DCB61B152} 3: C:\ProgramData\ETC\HogPC\resources\thumbnail_library\Gobo\swirl_mix_marble.png 
1: {6501E546-28F5-4A0E-97E0-1CD914185417} 2: {B9FF6AD9-84B7-47FE-BD6E-B71D87B67E5F} 3: C:\ProgramData\ETC\HogPC\resources\thumbnail_library\Gobo\swirl_pinwheel_offset.png 
1: {6501E546-28F5-4A0E-97E0-1CD914185417} 2: {5E8FA4FE-C6E4-431A-8980-22D8B0025971} 3: C:\ProgramData\ETC\HogPC\resources\thumbnail_library\Gobo\swirl_radial_big.png 
1: {6501E546-28F5-4A0E-97E0-1CD914185417} 2: {A21916C8-49D6-46C5-A6C5-3D7E03927431} 3: C:\ProgramData\ETC\HogPC\resources\thumbnail_library\Gobo\swirl_rotating_left_circle_spiral.png 
1: {6501E546-28F5-4A0E-97E0-1CD914185417} 2: {032CAD64-2AF8-49CD-956A-02B6A5BB051A} 3: C:\ProgramData\ETC\HogPC\resources\thumbnail_library\Gobo\swirl_rotating_right_color_blue.png 
1: {6501E546-28F5-4A0E-97E0-1CD914185417} 2: {05CC8D2A-168A-48BF-8110-A2E67360E34F} 3: C:\ProgramData\ETC\HogPC\resources\thumbnail_library\Gobo\swirl_spin_thick_lines.png 
1: {6501E546-28F5-4A0E-97E0-1CD914185417} 2: {D087A59C-929F-4458-B204-5D2634C0736C} 3: C:\ProgramData\ETC\HogPC\resources\thumbnail_library\Gobo\swirl_spiral_spin.png 
1: {6501E546-28F5-4A0E-97E0-1CD914185417} 2: {17CDDDF3-D37E-4958-B80E-A8BB9D20A332} 3: C:\ProgramData\ETC\HogPC\resources\thumbnail_library\Gobo\swirl_triangle_blur_shapes.png 
1: {6501E546-28F5-4A0E-97E0-1CD914185417} 2: {0A2D88EA-9BD3-44F4-A1ED-A429CEFF399E} 3: C:\ProgramData\ETC\HogPC\resources\thumbnail_library\Gobo\symmetrical_kaleidoscope_shapes_triangle_square_circle.png 
1: {6501E546-28F5-4A0E-97E0-1CD914185417} 2: {D8EA1F39-7FEC-4A30-A016-B7B78D844989} 3: C:\ProgramData\ETC\HogPC\resources\thumbnail_library\Gobo\tangled_branches_thin_overlapping_small.png 
1: {6501E546-28F5-4A0E-97E0-1CD914185417} 2: {AAC65D19-7670-4ACB-8C9C-58B5865AFE95} 3: C:\ProgramData\ETC\HogPC\resources\thumbnail_library\Gobo\tangled_web_curved_lines_overlapping.png 
1: {6501E546-28F5-4A0E-97E0-1CD914185417} 2: {BF288AA6-386F-467B-923B-AEABCB7F9785} 3: C:\ProgramData\ETC\HogPC\resources\thumbnail_library\Gobo\technowedge_red_spin.png 
1: {6501E546-28F5-4A0E-97E0-1CD914185417} 2: {B9B248B1-4E50-426A-815D-AD04C917E017} 3: C:\ProgramData\ETC\HogPC\resources\thumbnail_library\Gobo\ten_circles_ring_pink.png 
1: {6501E546-28F5-4A0E-97E0-1CD914185417} 2: {D51CD4A1-ED4C-41B0-8B6E-C344A79446E0} 3: C:\ProgramData\ETC\HogPC\resources\thumbnail_library\Gobo\ten_crescents_asymmetrical.png 
1: {6501E546-28F5-4A0E-97E0-1CD914185417} 2: {412CBED8-0F5D-4B13-9A68-7177446138FD} 3: C:\ProgramData\ETC\HogPC\resources\thumbnail_library\Gobo\ten_dots_border_circles_multi.png 
1: {6501E546-28F5-4A0E-97E0-1CD914185417} 2: {BD45B156-F428-4DB1-AE6B-882BBAF71E53} 3: C:\ProgramData\ETC\HogPC\resources\thumbnail_library\Gobo\ten_large_dots_border_circle_ring.png 
1: {6501E546-28F5-4A0E-97E0-1CD914185417} 2: {661328FD-C3D8-4F6D-8372-AED73ECDADCA} 3: C:\ProgramData\ETC\HogPC\resources\thumbnail_library\Gobo\ten_medium_dots_circle_border_color_purple.png 
1: {6501E546-28F5-4A0E-97E0-1CD914185417} 2: {0C48469E-B4A4-4EF0-AE0A-263B78D65D34} 3: C:\ProgramData\ETC\HogPC\resources\thumbnail_library\Gobo\ten_oval_cones_rotating_left.png 
1: {6501E546-28F5-4A0E-97E0-1CD914185417} 2: {38381872-772C-4C2C-B96B-8B2B743A7BD7} 3: C:\ProgramData\ETC\HogPC\resources\thumbnail_library\Gobo\ten_pointed_star_radial_crown_circles.png 
1: {6501E546-28F5-4A0E-97E0-1CD914185417} 2: {D6B9F5B5-74C5-41B0-9E63-4C6F32DCF9EC} 3: C:\ProgramData\ETC\HogPC\resources\thumbnail_library\Gobo\ten_segmented_rings_interlocking.png 
1: {6501E546-28F5-4A0E-97E0-1CD914185417} 2: {92C5D605-A158-4571-97D9-C90FBBDC94E7} 3: C:\ProgramData\ETC\HogPC\resources\thumbnail_library\Gobo\ten_small_dots_Y_shape_multi.png 
1: {6501E546-28F5-4A0E-97E0-1CD914185417} 2: {9B976F3B-A378-43A8-B045-D2D6E1FCC9F9} 3: C:\ProgramData\ETC\HogPC\resources\thumbnail_library\Gobo\ten_spiral_oval_multi_cone.png 
1: {6501E546-28F5-4A0E-97E0-1CD914185417} 2: {C359F42A-2763-456F-B25F-E09E0A1DA0D5} 3: C:\ProgramData\ETC\HogPC\resources\thumbnail_library\Gobo\ten_spots_breakup_big.png 
1: {6501E546-28F5-4A0E-97E0-1CD914185417} 2: {C82FDC86-CF5E-49B5-BCD6-7D77A51C06FF} 3: C:\ProgramData\ETC\HogPC\resources\thumbnail_library\Gobo\ten_tapered_vertical_bars.png 
1: {6501E546-28F5-4A0E-97E0-1CD914185417} 2: {78667EDD-6D8C-436C-8EED-B0062C1CBB81} 3: C:\ProgramData\ETC\HogPC\resources\thumbnail_library\Gobo\ten_thin_wavey_vertical_lines.png 
1: {6501E546-28F5-4A0E-97E0-1CD914185417} 2: {4FFD26B6-162C-4F22-BFBB-2D1B73049302} 3: C:\ProgramData\ETC\HogPC\resources\thumbnail_library\Gobo\textured_glass_bumbs_rainbow_color_multicolor_red_green_teal_purple.png 
1: {6501E546-28F5-4A0E-97E0-1CD914185417} 2: {A3089B1E-4D1D-4238-88F1-D3B444216F32} 3: C:\ProgramData\ETC\HogPC\resources\thumbnail_library\Gobo\thick_bars_tunnel_thin_triangles.png 
1: {6501E546-28F5-4A0E-97E0-1CD914185417} 2: {EC05FA96-AE60-43C7-AD0D-BD9C1D0A1A89} 3: C:\ProgramData\ETC\HogPC\resources\thumbnail_library\Gobo\thick_border_small_drips_tiny.png 
1: {6501E546-28F5-4A0E-97E0-1CD914185417} 2: {8F95FE2F-1E3F-4F4D-81E4-A02CA86B23C5} 3: C:\ProgramData\ETC\HogPC\resources\thumbnail_library\Gobo\thick_bulge_lines_clouds_multi_horizontal.png 
1: {6501E546-28F5-4A0E-97E0-1CD914185417} 2: {9639B754-C882-4C92-946C-81C9A671DA4B} 3: C:\ProgramData\ETC\HogPC\resources\thumbnail_library\Gobo\thick_ring_border_single_circle.png 
1: {6501E546-28F5-4A0E-97E0-1CD914185417} 2: {93361CC4-1E0E-4E43-BFCE-54009EADEB23} 3: C:\ProgramData\ETC\HogPC\resources\thumbnail_library\Gobo\thick_spiral_asymmetrical.png 
1: {6501E546-28F5-4A0E-97E0-1CD914185417} 2: {AB7EDD9B-C3DA-4CA9-9A57-8FF47DC13978} 3: C:\ProgramData\ETC\HogPC\resources\thumbnail_library\Gobo\thick_uneven_lines_multi_horizontal.png 
1: {6501E546-28F5-4A0E-97E0-1CD914185417} 2: {7B5C8C32-3134-4D5D-A64C-CB1AAE9BCF1C} 3: C:\ProgramData\ETC\HogPC\resources\thumbnail_library\Gobo\thick_vertical_lines_breakup.png 
1: {6501E546-28F5-4A0E-97E0-1CD914185417} 2: {D5DA972E-DA1E-4163-BFF9-5FE222622656} 3: C:\ProgramData\ETC\HogPC\resources\thumbnail_library\Gobo\thin_bars_border_circle.png 
1: {6501E546-28F5-4A0E-97E0-1CD914185417} 2: {238BA82D-3D6C-4A8D-A8F2-6F456C64E18E} 3: C:\ProgramData\ETC\HogPC\resources\thumbnail_library\Gobo\thin_curved_lines_crescent_flower_outline_rose.png 
1: {6501E546-28F5-4A0E-97E0-1CD914185417} 2: {32E4B028-DEDB-4B6F-918C-C32334D19005} 3: C:\ProgramData\ETC\HogPC\resources\thumbnail_library\Gobo\thin_curved_rings_wave_color.png 
1: {6501E546-28F5-4A0E-97E0-1CD914185417} 2: {C6190B3D-34C2-4685-9C08-B66612443496} 3: C:\ProgramData\ETC\HogPC\resources\thumbnail_library\Gobo\thin_diagonal_lines_glass.png 
1: {6501E546-28F5-4A0E-97E0-1CD914185417} 2: {B4A7D595-2EFB-4C47-81AB-7AC7E8F69497} 3: C:\ProgramData\ETC\HogPC\resources\thumbnail_library\Gobo\thin_diagonal_strips_zigzag.png 
1: {6501E546-28F5-4A0E-97E0-1CD914185417} 2: {5F0C657C-A20D-4A86-9CE4-8554B26D5E58} 3: C:\ProgramData\ETC\HogPC\resources\thumbnail_library\Gobo\thin_grid_oval_sphere.png 
1: {6501E546-28F5-4A0E-97E0-1CD914185417} 2: {71E6558D-B0AE-4ECB-A817-3684330793DB} 3: C:\ProgramData\ETC\HogPC\resources\thumbnail_library\Gobo\thin_horizontal_lines_glass.png 
1: {6501E546-28F5-4A0E-97E0-1CD914185417} 2: {CDDA06E7-5E01-472E-92AA-54079FCA2893} 3: C:\ProgramData\ETC\HogPC\resources\thumbnail_library\Gobo\thin_lines-ring_circle_stripes.png 
1: {6501E546-28F5-4A0E-97E0-1CD914185417} 2: {82516D42-7430-49F9-9C9F-3CD9A89CCD85} 3: C:\ProgramData\ETC\HogPC\resources\thumbnail_library\Gobo\thin_lines_bright_circle_color_purple.png 
1: {6501E546-28F5-4A0E-97E0-1CD914185417} 2: {12683516-6543-49E8-AA01-B54CBB78F048} 3: C:\ProgramData\ETC\HogPC\resources\thumbnail_library\Gobo\thin_lines_flower_spiral_fan_multi.png 
1: {6501E546-28F5-4A0E-97E0-1CD914185417} 2: {07D9C279-9C26-44F4-ACCB-D3AB85180EA1} 3: C:\ProgramData\ETC\HogPC\resources\thumbnail_library\Gobo\thin_lines_multi_horizontal_vertical_grid.png 
1: {6501E546-28F5-4A0E-97E0-1CD914185417} 2: {17626476-FAE8-40D5-941F-3A1DE246B4AF} 3: C:\ProgramData\ETC\HogPC\resources\thumbnail_library\Gobo\thin_lines_star_asterisk.png 
1: {6501E546-28F5-4A0E-97E0-1CD914185417} 2: {39B8C22B-53E8-4211-9529-9A5C908A8708} 3: C:\ProgramData\ETC\HogPC\resources\thumbnail_library\Gobo\thin_lines_sun_circle.png 
1: {6501E546-28F5-4A0E-97E0-1CD914185417} 2: {E1746E96-5DC0-4F1A-BE9F-F3305EBC264C} 3: C:\ProgramData\ETC\HogPC\resources\thumbnail_library\Gobo\thin_lines_wedge_curve_sun_spin_stripes_circle.png 
1: {6501E546-28F5-4A0E-97E0-1CD914185417} 2: {8F0C1F8F-C6FD-4C67-8705-891345B87EE3} 3: C:\ProgramData\ETC\HogPC\resources\thumbnail_library\Gobo\thin_line_flower_tunnel.png 
1: {6501E546-28F5-4A0E-97E0-1CD914185417} 2: {EE7F5485-967F-4AA7-84A7-965F2F4BE9C4} 3: C:\ProgramData\ETC\HogPC\resources\thumbnail_library\Gobo\thin_line_swirl_spiral_spin.png 
1: {6501E546-28F5-4A0E-97E0-1CD914185417} 2: {236693D6-FFFC-47A7-9765-302B2B5D7B06} 3: C:\ProgramData\ETC\HogPC\resources\thumbnail_library\Gobo\thin_multi_arm_spiral_spin_turn_fan.png 
1: {6501E546-28F5-4A0E-97E0-1CD914185417} 2: {B81A656E-491A-434E-8641-1F02454A3790} 3: C:\ProgramData\ETC\HogPC\resources\thumbnail_library\Gobo\thin_multi_rectangular_color_blue_purple_border.png 
1: {6501E546-28F5-4A0E-97E0-1CD914185417} 2: {248115CB-99DC-417D-8DB5-077F0445B6A8} 3: C:\ProgramData\ETC\HogPC\resources\thumbnail_library\Gobo\thin_multi_rectangular_color_red_border.png 
1: {6501E546-28F5-4A0E-97E0-1CD914185417} 2: {EB9D5357-B989-44CC-9271-9DD8B20AFF76} 3: C:\ProgramData\ETC\HogPC\resources\thumbnail_library\Gobo\thin_one_barbed_wire_twist_x.png 
1: {6501E546-28F5-4A0E-97E0-1CD914185417} 2: {6DA5D68B-BE33-4C3A-8C89-77A687F9B473} 3: C:\ProgramData\ETC\HogPC\resources\thumbnail_library\Gobo\thin_ovals_fan_flower_multi_spin.png 
1: {6501E546-28F5-4A0E-97E0-1CD914185417} 2: {950D75C4-630F-4EFD-B4C5-9D7A62352FB9} 3: C:\ProgramData\ETC\HogPC\resources\thumbnail_library\Gobo\thin_pointed_bars_lines_fan_circle_tunnel_multi_circle.png 
1: {6501E546-28F5-4A0E-97E0-1CD914185417} 2: {323486FC-54EC-4DC3-AD2F-08DF93041C9D} 3: C:\ProgramData\ETC\HogPC\resources\thumbnail_library\Gobo\thin_rainbow_bubble_outline_stream_color_multicolor_cyan_magenta_yellow_green.png 
1: {6501E546-28F5-4A0E-97E0-1CD914185417} 2: {9FB7360F-6BF3-4D6D-A5BA-480F44A1B9F7} 3: C:\ProgramData\ETC\HogPC\resources\thumbnail_library\Gobo\thin_rectangle_vertical_lines_multi.png 
1: {6501E546-28F5-4A0E-97E0-1CD914185417} 2: {16065D4E-0C42-471D-9E2F-57878DFC73F8} 3: C:\ProgramData\ETC\HogPC\resources\thumbnail_library\Gobo\thin_sharp_lines_circle.png 
1: {6501E546-28F5-4A0E-97E0-1CD914185417} 2: {490C681F-351D-4951-82BC-3269B7232356} 3: C:\ProgramData\ETC\HogPC\resources\thumbnail_library\Gobo\thin_thorn_lines_bars_pointed_circle_ring.png 
1: {6501E546-28F5-4A0E-97E0-1CD914185417} 2: {CF75FA5E-CF3D-45DF-AAA4-CA2650AA8E66} 3: C:\ProgramData\ETC\HogPC\resources\thumbnail_library\Gobo\thin_tiny_skinny_triangle_border.png 
1: {6501E546-28F5-4A0E-97E0-1CD914185417} 2: {8D548CE1-9B4B-4D0B-9F3C-25700D03E4F3} 3: C:\ProgramData\ETC\HogPC\resources\thumbnail_library\Gobo\thin_triangle.png 
1: {6501E546-28F5-4A0E-97E0-1CD914185417} 2: {BC662FCE-277D-4782-B85D-327BACE31CA0} 3: C:\ProgramData\ETC\HogPC\resources\thumbnail_library\Gobo\thin_triangles_fan_flower_point.png 
1: {6501E546-28F5-4A0E-97E0-1CD914185417} 2: {6BDB14A0-C8FA-4885-8637-B05C5888716C} 3: C:\ProgramData\ETC\HogPC\resources\thumbnail_library\Gobo\thin_triangle_wedges_shards_breakup_multi.png 
1: {6501E546-28F5-4A0E-97E0-1CD914185417} 2: {D949E028-BAAF-4B5A-9E7D-E266FBB2A534} 3: C:\ProgramData\ETC\HogPC\resources\thumbnail_library\Gobo\thin_vertical_lines_hair.png 
1: {6501E546-28F5-4A0E-97E0-1CD914185417} 2: {FB203455-F9B5-403D-8931-10C235398153} 3: C:\ProgramData\ETC\HogPC\resources\thumbnail_library\Gobo\thin_wave_curved_lines_thorns_layer_multi.png 
1: {6501E546-28F5-4A0E-97E0-1CD914185417} 2: {D96EE11A-22E7-4947-A74E-4B7D5F16A2A3} 3: C:\ProgramData\ETC\HogPC\resources\thumbnail_library\Gobo\thirteen_asymmetrical_dots_curved.png 
1: {6501E546-28F5-4A0E-97E0-1CD914185417} 2: {459A78BF-0BFF-4DDA-8266-B324AD0A7AD3} 3: C:\ProgramData\ETC\HogPC\resources\thumbnail_library\Gobo\thirteen_dots_ring_symmetrical.png 
1: {6501E546-28F5-4A0E-97E0-1CD914185417} 2: {F9D9FB06-6717-4F22-AE5C-D13875013FDF} 3: C:\ProgramData\ETC\HogPC\resources\thumbnail_library\Gobo\thirteen_overlapping_lace_circles_radial_symmetrical.png 
1: {6501E546-28F5-4A0E-97E0-1CD914185417} 2: {41BDCEDF-A83F-45E1-ADD5-C8DC1BD6C65C} 3: C:\ProgramData\ETC\HogPC\resources\thumbnail_library\Gobo\thirteen_thick_bars_lines.png 
1: {6501E546-28F5-4A0E-97E0-1CD914185417} 2: {4C5D3836-F7DD-4588-8679-22547C6B3155} 3: C:\ProgramData\ETC\HogPC\resources\thumbnail_library\Gobo\thirteen_thin_vertical_bars.png 
1: {6501E546-28F5-4A0E-97E0-1CD914185417} 2: {F04A2582-C117-4256-8DD9-E9FFB65C4A27} 3: C:\ProgramData\ETC\HogPC\resources\thumbnail_library\Gobo\thirteen_triangles_3D_diamonds.png 
1: {6501E546-28F5-4A0E-97E0-1CD914185417} 2: {DEE06D14-1B87-492C-B6EE-59A642EFC9BB} 3: C:\ProgramData\ETC\HogPC\resources\thumbnail_library\Gobo\thirtytwo_petals_ovals_flower_rings_layer.png 
1: {6501E546-28F5-4A0E-97E0-1CD914185417} 2: {A4B67407-21C1-4FB6-BCC9-83163DEF5527} 3: C:\ProgramData\ETC\HogPC\resources\thumbnail_library\Gobo\thirty_small_large_dots_rows_square.png 
1: {6501E546-28F5-4A0E-97E0-1CD914185417} 2: {99D756A5-33ED-48C0-8DDE-489F5D8671C1} 3: C:\ProgramData\ETC\HogPC\resources\thumbnail_library\Gobo\threedots_gatlin.png 
1: {6501E546-28F5-4A0E-97E0-1CD914185417} 2: {4EBD06AF-DEBF-4F5F-83BF-CDE36DCFDA5F} 3: C:\ProgramData\ETC\HogPC\resources\thumbnail_library\Gobo\three_arm_fan_spin.png 
1: {6501E546-28F5-4A0E-97E0-1CD914185417} 2: {BF472CE1-D1A0-4000-BF6E-C1D96F61028E} 3: C:\ProgramData\ETC\HogPC\resources\thumbnail_library\Gobo\three_asymmetrical_rings_big.png 
1: {6501E546-28F5-4A0E-97E0-1CD914185417} 2: {A0362EE2-CCEB-441A-844E-E1C5D93EBCC4} 3: C:\ProgramData\ETC\HogPC\resources\thumbnail_library\Gobo\three_bars_horizontal_vertical_asymmetrical.png 
1: {6501E546-28F5-4A0E-97E0-1CD914185417} 2: {A35A875A-686F-4322-A8F2-306DCB530C70} 3: C:\ProgramData\ETC\HogPC\resources\thumbnail_library\Gobo\three_bars_rectangles_horizontal.png 
1: {6501E546-28F5-4A0E-97E0-1CD914185417} 2: {FE2DB171-FE24-4489-9802-24FA388A1C9B} 3: C:\ProgramData\ETC\HogPC\resources\thumbnail_library\Gobo\three_bars_separated_triangle.png 
1: {6501E546-28F5-4A0E-97E0-1CD914185417} 2: {0BD6C7F4-956B-4DF0-978B-3F53B2BE4BFE} 3: C:\ProgramData\ETC\HogPC\resources\thumbnail_library\Gobo\three_bars_seperated_curved_triangle_medium.png 
1: {6501E546-28F5-4A0E-97E0-1CD914185417} 2: {89DB086A-BBB3-4125-9BA1-F08D34DEC7EE} 3: C:\ProgramData\ETC\HogPC\resources\thumbnail_library\Gobo\three_bars_vertical_symmetrical.png 
1: {6501E546-28F5-4A0E-97E0-1CD914185417} 2: {FE2972E6-B7AB-4147-8017-C753F7474235} 3: C:\ProgramData\ETC\HogPC\resources\thumbnail_library\Gobo\three_bar_fan_medium.png 
1: {6501E546-28F5-4A0E-97E0-1CD914185417} 2: {84C1A123-AD68-4EFD-887A-0624EE65036C} 3: C:\ProgramData\ETC\HogPC\resources\thumbnail_library\Gobo\three_branches_squiggles_multi_foliage.png 
1: {6501E546-28F5-4A0E-97E0-1CD914185417} 2: {D73BE7CD-D9A6-4269-A8B5-F18811C8EA09} 3: C:\ProgramData\ETC\HogPC\resources\thumbnail_library\Gobo\three_bulge_fan_spin.png 
1: {6501E546-28F5-4A0E-97E0-1CD914185417} 2: {ADCD2DD1-BC50-4ADB-A521-863161A46261} 3: C:\ProgramData\ETC\HogPC\resources\thumbnail_library\Gobo\three_circles_dots_random.png 
1: {6501E546-28F5-4A0E-97E0-1CD914185417} 2: {8732C3E3-424D-4C21-AD7D-920285EB394E} 3: C:\ProgramData\ETC\HogPC\resources\thumbnail_library\Gobo\three_circles_rings_striped_multicolor_rainbow_red_yellow_blue_green_purple_teal.png 
1: {6501E546-28F5-4A0E-97E0-1CD914185417} 2: {D5AD9FFC-2BE7-4CB8-A6BC-6A16978DEEE8} 3: C:\ProgramData\ETC\HogPC\resources\thumbnail_library\Gobo\three_circles_tribal_rotating_left.png 
1: {6501E546-28F5-4A0E-97E0-1CD914185417} 2: {3A60F7C6-5765-44DA-81C5-11FF65DD6AFE} 3: C:\ProgramData\ETC\HogPC\resources\thumbnail_library\Gobo\three_circles_tribal_rotating_right.png 
1: {6501E546-28F5-4A0E-97E0-1CD914185417} 2: {D840A065-131B-4F24-B6CE-8CEBAAB7087E} 3: C:\ProgramData\ETC\HogPC\resources\thumbnail_library\Gobo\three_circle_curves_rotating_left.png 
1: {6501E546-28F5-4A0E-97E0-1CD914185417} 2: {BD3E4C4A-868D-40F1-92DE-A808B9E9777A} 3: C:\ProgramData\ETC\HogPC\resources\thumbnail_library\Gobo\three_color_red_pointed_rings.png 
1: {6501E546-28F5-4A0E-97E0-1CD914185417} 2: {866D840B-FE36-43E0-9C25-9C831FE6C23D} 3: C:\ProgramData\ETC\HogPC\resources\thumbnail_library\Gobo\three_curved_lines_border_thick.png 
1: {6501E546-28F5-4A0E-97E0-1CD914185417} 2: {7D2C8B42-D003-4647-BCF6-9BEF81488772} 3: C:\ProgramData\ETC\HogPC\resources\thumbnail_library\Gobo\three_curves_radar_arches.png 
1: {6501E546-28F5-4A0E-97E0-1CD914185417} 2: {47863860-2642-401A-9FE6-A0B5D1B01A9C} 3: C:\ProgramData\ETC\HogPC\resources\thumbnail_library\Gobo\three_diamonds_squares_symmetrical.png 
1: {6501E546-28F5-4A0E-97E0-1CD914185417} 2: {5C758761-619A-4154-80A0-48B48F574694} 3: C:\ProgramData\ETC\HogPC\resources\thumbnail_library\Gobo\three_dots_multi_medium.png 
1: {6501E546-28F5-4A0E-97E0-1CD914185417} 2: {867AFF7A-C7AB-4D25-BE81-D39D188A4A87} 3: C:\ProgramData\ETC\HogPC\resources\thumbnail_library\Gobo\three_interlocking_keltic.png 
1: {6501E546-28F5-4A0E-97E0-1CD914185417} 2: {2EE547FE-A69C-4A94-9B02-048E316DD529} 3: C:\ProgramData\ETC\HogPC\resources\thumbnail_library\Gobo\three_interlocking_segmented_rings.png 
1: {6501E546-28F5-4A0E-97E0-1CD914185417} 2: {AB03E04B-E3AE-4D90-9B5A-179429B01F41} 3: C:\ProgramData\ETC\HogPC\resources\thumbnail_library\Gobo\three_large_dots.png 
1: {6501E546-28F5-4A0E-97E0-1CD914185417} 2: {01AD534D-D333-4BB5-9B96-AB92FC722CC0} 3: C:\ProgramData\ETC\HogPC\resources\thumbnail_library\Gobo\three_layer_multi_cylinder_ovals_flower.png 
1: {6501E546-28F5-4A0E-97E0-1CD914185417} 2: {CDC68124-B126-4DF2-960F-DD55C926C5FE} 3: C:\ProgramData\ETC\HogPC\resources\thumbnail_library\Gobo\three_multicolor_rotating_fan_dots_cyan_magenta_yellow.png 
1: {6501E546-28F5-4A0E-97E0-1CD914185417} 2: {A9372898-A4A1-4608-86B5-1D3C75A69BC1} 3: C:\ProgramData\ETC\HogPC\resources\thumbnail_library\Gobo\three_oval_cogs_warped.png 
1: {6501E546-28F5-4A0E-97E0-1CD914185417} 2: {63FF4A61-C97D-4FE7-BE4D-8E87C24DFAD3} 3: C:\ProgramData\ETC\HogPC\resources\thumbnail_library\Gobo\three_rings_border_broken.png 
1: {6501E546-28F5-4A0E-97E0-1CD914185417} 2: {079215EB-EF2C-420A-B1B2-4AF64EDF5860} 3: C:\ProgramData\ETC\HogPC\resources\thumbnail_library\Gobo\three_rings_circles_small.png 
1: {6501E546-28F5-4A0E-97E0-1CD914185417} 2: {95279236-4B98-45AB-9BF0-A9E796638624} 3: C:\ProgramData\ETC\HogPC\resources\thumbnail_library\Gobo\three_rings_cogwheel.png 
1: {6501E546-28F5-4A0E-97E0-1CD914185417} 2: {D4B8CCA7-BD29-48AB-9CE2-492A36476987} 3: C:\ProgramData\ETC\HogPC\resources\thumbnail_library\Gobo\three_rings_segment_overlap_layer_venn_diagram.png 
1: {6501E546-28F5-4A0E-97E0-1CD914185417} 2: {C3D514B1-C35C-49AA-8A85-5B9246233B1C} 3: C:\ProgramData\ETC\HogPC\resources\thumbnail_library\Gobo\three_rings_square_curved.png 
1: {6501E546-28F5-4A0E-97E0-1CD914185417} 2: {B1EF283D-A9DC-4AD5-8FF5-8F09DE8CE6AA} 3: C:\ProgramData\ETC\HogPC\resources\thumbnail_library\Gobo\three_ring_circle_color_purple_offcenter.png 
1: {6501E546-28F5-4A0E-97E0-1CD914185417} 2: {A2C63A0A-94BE-45B6-84BE-FD68E850A610} 3: C:\ProgramData\ETC\HogPC\resources\thumbnail_library\Gobo\three_ring_galaxy_planet_color_diagonal.png 
1: {6501E546-28F5-4A0E-97E0-1CD914185417} 2: {FDF340B3-035D-4457-9074-CBBB24854689} 3: C:\ProgramData\ETC\HogPC\resources\thumbnail_library\Gobo\three_section_breakup_thick_border_line.png 
1: {6501E546-28F5-4A0E-97E0-1CD914185417} 2: {8B5C7879-FD9B-4667-A5A8-4093BC7B60D8} 3: C:\ProgramData\ETC\HogPC\resources\thumbnail_library\Gobo\three_segmented_keltic_knot.png 
1: {6501E546-28F5-4A0E-97E0-1CD914185417} 2: {0CC081D0-0545-4DD8-BBC2-DAA79B3392E0} 3: C:\ProgramData\ETC\HogPC\resources\thumbnail_library\Gobo\three_segmented_radial_rings_large.png 
1: {6501E546-28F5-4A0E-97E0-1CD914185417} 2: {7F5ACC8C-1F53-4545-83AA-3040DAD9438A} 3: C:\ProgramData\ETC\HogPC\resources\thumbnail_library\Gobo\three_segmented_rings_medium.png 
1: {6501E546-28F5-4A0E-97E0-1CD914185417} 2: {127C079A-5D14-4F21-9C5C-E60B9751C0BB} 3: C:\ProgramData\ETC\HogPC\resources\thumbnail_library\Gobo\three_segmented_rings_radial.png 
1: {6501E546-28F5-4A0E-97E0-1CD914185417} 2: {B3F7FAB2-64DA-4E22-8006-0D935DCA0740} 3: C:\ProgramData\ETC\HogPC\resources\thumbnail_library\Gobo\three_segmented_triangle.png 
1: {6501E546-28F5-4A0E-97E0-1CD914185417} 2: {11C7B0CC-CA7D-44E2-9EFA-228F40FEB53B} 3: C:\ProgramData\ETC\HogPC\resources\thumbnail_library\Gobo\three_segment_border_circle.png 
1: {6501E546-28F5-4A0E-97E0-1CD914185417} 2: {620463E6-AE36-4CAC-8986-3315809317C9} 3: C:\ProgramData\ETC\HogPC\resources\thumbnail_library\Gobo\three_small_dots_bar_symmetrical.png 
1: {6501E546-28F5-4A0E-97E0-1CD914185417} 2: {D433D111-0CDD-4E38-8177-3F4F0FF5955E} 3: C:\ProgramData\ETC\HogPC\resources\thumbnail_library\Gobo\three_spiral_peppermint_color_blue_purple.png 
1: {6501E546-28F5-4A0E-97E0-1CD914185417} 2: {B7D9D7A5-A0E6-4EBB-B21B-A1E40D7869BC} 3: C:\ProgramData\ETC\HogPC\resources\thumbnail_library\Gobo\three_spiral_pinwheel.png 
1: {6501E546-28F5-4A0E-97E0-1CD914185417} 2: {D66B535C-D3EE-4BA2-9490-39F936C696F8} 3: C:\ProgramData\ETC\HogPC\resources\thumbnail_library\Gobo\three_spiral_spin_mix_fan_swirl_color_purple.png 
1: {6501E546-28F5-4A0E-97E0-1CD914185417} 2: {D58B7EEC-167F-4E2C-9E00-4CDEA6C2B8E5} 3: C:\ProgramData\ETC\HogPC\resources\thumbnail_library\Gobo\three_squiggles_medium.png 
1: {6501E546-28F5-4A0E-97E0-1CD914185417} 2: {DA783E5B-76C9-4C39-8E1E-5CACD6D77533} 3: C:\ProgramData\ETC\HogPC\resources\thumbnail_library\Gobo\three_squiggles_wave_triangle.png 
1: {6501E546-28F5-4A0E-97E0-1CD914185417} 2: {3026D9FC-A5B8-49B3-8D52-87EF5A90273D} 3: C:\ProgramData\ETC\HogPC\resources\thumbnail_library\Gobo\three_stretched_square_border_segmented.png 
1: {6501E546-28F5-4A0E-97E0-1CD914185417} 2: {F2B82D1E-30B6-4B32-8009-21A156A81C38} 3: C:\ProgramData\ETC\HogPC\resources\thumbnail_library\Gobo\three_triangle_symmetrical.png 
1: {6501E546-28F5-4A0E-97E0-1CD914185417} 2: {16D02E40-781E-4194-8C4D-86F6F3C33EA1} 3: C:\ProgramData\ETC\HogPC\resources\thumbnail_library\Gobo\three_triangle_wedges_fan.png 
1: {6501E546-28F5-4A0E-97E0-1CD914185417} 2: {B60DFCC4-48EA-42FE-A4B1-CB4E177B8799} 3: C:\ProgramData\ETC\HogPC\resources\thumbnail_library\Gobo\three_tribal_circle.png 
1: {6501E546-28F5-4A0E-97E0-1CD914185417} 2: {DBE1B5E7-7C2B-4D63-B43D-A50C45C5DAF5} 3: C:\ProgramData\ETC\HogPC\resources\thumbnail_library\Gobo\three_warped_squiggles.png 
1: {6501E546-28F5-4A0E-97E0-1CD914185417} 2: {7E3CB6CF-7A90-4DDD-958C-82F2F130739F} 3: C:\ProgramData\ETC\HogPC\resources\thumbnail_library\Gobo\three_winged_fan_spin.png 
1: {6501E546-28F5-4A0E-97E0-1CD914185417} 2: {627DAE5A-4737-4CDB-B879-961D9F021B1A} 3: C:\ProgramData\ETC\HogPC\resources\thumbnail_library\Gobo\three_winged_spiral_segmented_thin_spin.png 
1: {6501E546-28F5-4A0E-97E0-1CD914185417} 2: {78B337F1-EABC-496D-BD76-B4BA0ABF54B9} 3: C:\ProgramData\ETC\HogPC\resources\thumbnail_library\Gobo\three_winged_spiral_spin_fan.png 
1: {6501E546-28F5-4A0E-97E0-1CD914185417} 2: {DC6F080E-180C-4119-AD2F-E9510DACB40F} 3: C:\ProgramData\ETC\HogPC\resources\thumbnail_library\Gobo\three_winged_spiral_thin_lines_spin_swirl.png 
1: {6501E546-28F5-4A0E-97E0-1CD914185417} 2: {90BF1284-C55C-4DFB-AEE0-53A3730E6F82} 3: C:\ProgramData\ETC\HogPC\resources\thumbnail_library\Gobo\tilted_star_cinema_border.png 
1: {6501E546-28F5-4A0E-97E0-1CD914185417} 2: {B6E437DC-67D1-4EB0-A25F-FB71EDF58490} 3: C:\ProgramData\ETC\HogPC\resources\thumbnail_library\Gobo\tiny_animated_stars_multi.png 
1: {6501E546-28F5-4A0E-97E0-1CD914185417} 2: {7E77D651-E0EC-434E-94CB-2A24083C34AD} 3: C:\ProgramData\ETC\HogPC\resources\thumbnail_library\Gobo\tiny_blades_lines_fan_saw_border_spin.png 
1: {6501E546-28F5-4A0E-97E0-1CD914185417} 2: {55287E3F-44AF-4BF4-A388-AB82C3B5C60A} 3: C:\ProgramData\ETC\HogPC\resources\thumbnail_library\Gobo\tiny_bubbles_multi_pebbles.png 
1: {6501E546-28F5-4A0E-97E0-1CD914185417} 2: {D4EBB0F5-0F8A-4794-A6AB-B3ADF80FC3DD} 3: C:\ProgramData\ETC\HogPC\resources\thumbnail_library\Gobo\tiny_bulge_breakup_cloud.png 
1: {6501E546-28F5-4A0E-97E0-1CD914185417} 2: {D16195E7-6BD5-4DA7-ADE6-E0922F1D8ADD} 3: C:\ProgramData\ETC\HogPC\resources\thumbnail_library\Gobo\tiny_checkered_red_tunnel_color.png 
1: {6501E546-28F5-4A0E-97E0-1CD914185417} 2: {B3D8CBFC-1361-4AB7-9002-7FD50ABFCE31} 3: C:\ProgramData\ETC\HogPC\resources\thumbnail_library\Gobo\tiny_circles_bubbles_color_blue.png 
1: {6501E546-28F5-4A0E-97E0-1CD914185417} 2: {FF7FCFC1-B9E1-4B5B-AC3A-A17CB8CF07E1} 3: C:\ProgramData\ETC\HogPC\resources\thumbnail_library\Gobo\tiny_curved_square_lines_multi.png 
1: {6501E546-28F5-4A0E-97E0-1CD914185417} 2: {B963B581-2C03-47D7-BC7B-2D804E28CE29} 3: C:\ProgramData\ETC\HogPC\resources\thumbnail_library\Gobo\tiny_dots_circle_pattern_multi.png 
1: {6501E546-28F5-4A0E-97E0-1CD914185417} 2: {F1FBB70E-00E1-4C9D-A657-BF02BE92C608} 3: C:\ProgramData\ETC\HogPC\resources\thumbnail_library\Gobo\tiny_dots_color_blue_droplets.png 
1: {6501E546-28F5-4A0E-97E0-1CD914185417} 2: {3821C272-74A3-40FE-88FF-9729977DE328} 3: C:\ProgramData\ETC\HogPC\resources\thumbnail_library\Gobo\tiny_dots_galaxy_stars_spheres_multi.png 
1: {6501E546-28F5-4A0E-97E0-1CD914185417} 2: {192FBA3A-C28C-4CAE-B23B-E14A240E1F8D} 3: C:\ProgramData\ETC\HogPC\resources\thumbnail_library\Gobo\tiny_dots_multi.png 
1: {6501E546-28F5-4A0E-97E0-1CD914185417} 2: {5CEA50AF-DEA6-40BE-BAD7-ED5A3363AD54} 3: C:\ProgramData\ETC\HogPC\resources\thumbnail_library\Gobo\tiny_dots_multi_galaxy_stars.png 
1: {6501E546-28F5-4A0E-97E0-1CD914185417} 2: {C4D5D111-2F75-4DF4-9C0C-1F0B9F181F6F} 3: C:\ProgramData\ETC\HogPC\resources\thumbnail_library\Gobo\tiny_dots_net_mesh_diamond_pebbles_multi_cracks.png 
1: {6501E546-28F5-4A0E-97E0-1CD914185417} 2: {EDADEAB7-CAC8-4135-A99D-DD4341E3D010} 3: C:\ProgramData\ETC\HogPC\resources\thumbnail_library\Gobo\tiny_dots_random.png 
1: {6501E546-28F5-4A0E-97E0-1CD914185417} 2: {92BAC773-C86E-4C1C-B114-92EC1E88ECE7} 3: C:\ProgramData\ETC\HogPC\resources\thumbnail_library\Gobo\tiny_dots_spiral_galaxy_swirl_spin.png 
1: {6501E546-28F5-4A0E-97E0-1CD914185417} 2: {F3AA4471-B055-4E88-8851-93050B3AE346} 3: C:\ProgramData\ETC\HogPC\resources\thumbnail_library\Gobo\tiny_dots_splatter_moon.png 
1: {6501E546-28F5-4A0E-97E0-1CD914185417} 2: {AD22E2DE-A09E-467D-802D-06376225D104} 3: C:\ProgramData\ETC\HogPC\resources\thumbnail_library\Gobo\tiny_dots_stars_galaxy_space_color_purple.png 
1: {6501E546-28F5-4A0E-97E0-1CD914185417} 2: {A7BEF20D-0C38-4B66-8209-A2DE0DCFDA1C} 3: C:\ProgramData\ETC\HogPC\resources\thumbnail_library\Gobo\tiny_dots_thin_lines_spin_fan_spiral.png 
1: {6501E546-28F5-4A0E-97E0-1CD914185417} 2: {109A9738-A46D-4B63-957A-C2452BEAAAD7} 3: C:\ProgramData\ETC\HogPC\resources\thumbnail_library\Gobo\tiny_dot_color_yellow.png 
1: {6501E546-28F5-4A0E-97E0-1CD914185417} 2: {D2C70272-E085-4EBD-9691-F6CD4EF19304} 3: C:\ProgramData\ETC\HogPC\resources\thumbnail_library\Gobo\tiny_dot_speck_rows_multi.png 
1: {6501E546-28F5-4A0E-97E0-1CD914185417} 2: {DAB06BBF-68E4-4A5F-B4B8-65E67883585F} 3: C:\ProgramData\ETC\HogPC\resources\thumbnail_library\Gobo\tiny_layered_spheres.png 
1: {6501E546-28F5-4A0E-97E0-1CD914185417} 2: {B7135AA2-F028-412B-B50F-8B97B3C67459} 3: C:\ProgramData\ETC\HogPC\resources\thumbnail_library\Gobo\tiny_lines_multi_scattered_maze.png 
1: {6501E546-28F5-4A0E-97E0-1CD914185417} 2: {12652981-3434-4231-97EF-BABF05157113} 3: C:\ProgramData\ETC\HogPC\resources\thumbnail_library\Gobo\tiny_lines_thumbprint_maze.png 
1: {6501E546-28F5-4A0E-97E0-1CD914185417} 2: {D6D20FE9-C509-4B6A-82CF-38D522CA1BDB} 3: C:\ProgramData\ETC\HogPC\resources\thumbnail_library\Gobo\tiny_multi_speckles_dots.png 
1: {6501E546-28F5-4A0E-97E0-1CD914185417} 2: {F16155E5-82C5-437F-BA7A-ACE41F152427} 3: C:\ProgramData\ETC\HogPC\resources\thumbnail_library\Gobo\tiny_multi_specks_dots.png 
1: {6501E546-28F5-4A0E-97E0-1CD914185417} 2: {1CD904B5-12BB-49DE-AFF0-E887F2D54C5F} 3: C:\ProgramData\ETC\HogPC\resources\thumbnail_library\Gobo\tiny_pebble_rocks_bubbles_cracks_multi.png 
1: {6501E546-28F5-4A0E-97E0-1CD914185417} 2: {3F72667A-5F62-46F1-8D2C-8429FE78D83C} 3: C:\ProgramData\ETC\HogPC\resources\thumbnail_library\Gobo\tiny_polkadots_dots_multi_red_color.png 
1: {6501E546-28F5-4A0E-97E0-1CD914185417} 2: {1F57C23D-78E7-45E3-BD4E-9C546A8DCC28} 3: C:\ProgramData\ETC\HogPC\resources\thumbnail_library\Gobo\tiny_rectangles_breakup.png 
1: {6501E546-28F5-4A0E-97E0-1CD914185417} 2: {C05D1CAB-45E2-4694-B877-A5054857CB83} 3: C:\ProgramData\ETC\HogPC\resources\thumbnail_library\Gobo\tiny_rocks_pebbles_rings_cracks.png 
1: {6501E546-28F5-4A0E-97E0-1CD914185417} 2: {65DB8F45-06BC-40F4-B2B6-E2651C288B3E} 3: C:\ProgramData\ETC\HogPC\resources\thumbnail_library\Gobo\tiny_round_dots_stars_galaxy.png 
1: {6501E546-28F5-4A0E-97E0-1CD914185417} 2: {9B08FBDD-2906-44CC-B311-39BAC11AEDB0} 3: C:\ProgramData\ETC\HogPC\resources\thumbnail_library\Gobo\tiny_scattered_specks_multicolor_green.png 
1: {6501E546-28F5-4A0E-97E0-1CD914185417} 2: {EF8B7075-A400-44DC-B1D7-3E7CECAD1384} 3: C:\ProgramData\ETC\HogPC\resources\thumbnail_library\Gobo\tiny_speckled_dots_ring_dot.png 
1: {6501E546-28F5-4A0E-97E0-1CD914185417} 2: {ADB0AAF0-C21B-480F-8A8E-9B1AAEFE4974} 3: C:\ProgramData\ETC\HogPC\resources\thumbnail_library\Gobo\tiny_speckles_dots_small.png 
1: {6501E546-28F5-4A0E-97E0-1CD914185417} 2: {C95E99E1-9D7D-419B-B5A9-28F917FF2E15} 3: C:\ProgramData\ETC\HogPC\resources\thumbnail_library\Gobo\tiny_sphere_bubbles_multi.png 
1: {6501E546-28F5-4A0E-97E0-1CD914185417} 2: {48885015-1DD4-4D49-B56E-404F3FBAFE19} 3: C:\ProgramData\ETC\HogPC\resources\thumbnail_library\Gobo\tiny_squares_bulge_3D_multi.png 
1: {6501E546-28F5-4A0E-97E0-1CD914185417} 2: {2521B662-E098-40C8-856D-E401CE19D9C4} 3: C:\ProgramData\ETC\HogPC\resources\thumbnail_library\Gobo\tiny_squares_mosaic_diamond_color_multi.png 
1: {6501E546-28F5-4A0E-97E0-1CD914185417} 2: {B9C11913-73F9-4F8D-9EC6-F2514E3AF0CE} 3: C:\ProgramData\ETC\HogPC\resources\thumbnail_library\Gobo\tiny_squares_warped_net_multi.png 
1: {6501E546-28F5-4A0E-97E0-1CD914185417} 2: {4479CF67-BBF0-4FEF-83AA-915CF7C08FF5} 3: C:\ProgramData\ETC\HogPC\resources\thumbnail_library\Gobo\tiny_squiggles_multi.png 
1: {6501E546-28F5-4A0E-97E0-1CD914185417} 2: {C679E8B3-C3F7-4F0A-BC25-427D81E2AB95} 3: C:\ProgramData\ETC\HogPC\resources\thumbnail_library\Gobo\tiny_triangles_border_circle_rings.png 
1: {6501E546-28F5-4A0E-97E0-1CD914185417} 2: {BCD067CD-DF5A-445D-88E9-81B5E4A76AF1} 3: C:\ProgramData\ETC\HogPC\resources\thumbnail_library\Gobo\tiny_triangles_broken_breakup_cracks_color_blue.png 
1: {6501E546-28F5-4A0E-97E0-1CD914185417} 2: {7E0ACE75-4131-45A2-A843-5FB486B880E6} 3: C:\ProgramData\ETC\HogPC\resources\thumbnail_library\Gobo\tiny_triangles_curved_multi.png 
1: {6501E546-28F5-4A0E-97E0-1CD914185417} 2: {30086B6B-6718-4747-97CB-AD43961BFA3C} 3: C:\ProgramData\ETC\HogPC\resources\thumbnail_library\Gobo\tiny_triangles_shattered_multi.png 
1: {6501E546-28F5-4A0E-97E0-1CD914185417} 2: {D67A9728-3AEA-4B6D-BFD0-802279B923F3} 3: C:\ProgramData\ETC\HogPC\resources\thumbnail_library\Gobo\tiny_triangle_border_multi_color_purple.png 
1: {6501E546-28F5-4A0E-97E0-1CD914185417} 2: {D58FC09C-3388-44F9-AB40-C22F4DD9FFB6} 3: C:\ProgramData\ETC\HogPC\resources\thumbnail_library\Gobo\tiny_triangle_breakup_multi.png 
1: {6501E546-28F5-4A0E-97E0-1CD914185417} 2: {76D34DC9-7830-4EFD-AD9E-09180E9F601E} 3: C:\ProgramData\ETC\HogPC\resources\thumbnail_library\Gobo\tiny_triangle_shards_broken_cracks_multi.png 
1: {6501E546-28F5-4A0E-97E0-1CD914185417} 2: {07669F2B-87EC-4D8F-B352-C7D699FFC58F} 3: C:\ProgramData\ETC\HogPC\resources\thumbnail_library\Gobo\tiny_twigs_small_lines_branches_multi.png 
1: {6501E546-28F5-4A0E-97E0-1CD914185417} 2: {BD3199F8-2BE1-4F5D-AA73-C2766F9D1DDC} 3: C:\ProgramData\ETC\HogPC\resources\thumbnail_library\Gobo\tirbal_curved_breakup.png 
1: {6501E546-28F5-4A0E-97E0-1CD914185417} 2: {73DC72A5-9254-40F5-8322-D3CA0F26214A} 3: C:\ProgramData\ETC\HogPC\resources\thumbnail_library\Gobo\tree_branches_foliage_multi_lines_horizontal_vertical.png 
1: {6501E546-28F5-4A0E-97E0-1CD914185417} 2: {85DAF1A9-C6CC-46E8-9EF6-8A45AF41E6B3} 3: C:\ProgramData\ETC\HogPC\resources\thumbnail_library\Gobo\tree_branches_radial_medium.png 
1: {6501E546-28F5-4A0E-97E0-1CD914185417} 2: {C6EA7F90-41E2-4029-A344-17DA598958E9} 3: C:\ProgramData\ETC\HogPC\resources\thumbnail_library\Gobo\tree_limbs_foliage.png 
1: {6501E546-28F5-4A0E-97E0-1CD914185417} 2: {B763605A-0789-4E3E-BD83-96AE0FD99A8B} 3: C:\ProgramData\ETC\HogPC\resources\thumbnail_library\Gobo\triangles_circle_tunnel_fan_shards.png 
1: {6501E546-28F5-4A0E-97E0-1CD914185417} 2: {19447B55-2935-4DA6-9632-32A813F05D31} 3: C:\ProgramData\ETC\HogPC\resources\thumbnail_library\Gobo\triangles_multi_star_pointed.png 
1: {6501E546-28F5-4A0E-97E0-1CD914185417} 2: {F9608FB3-6C75-4D66-9F51-0366C346D951} 3: C:\ProgramData\ETC\HogPC\resources\thumbnail_library\Gobo\triangle_single_big.png 
1: {6501E546-28F5-4A0E-97E0-1CD914185417} 2: {8D32401C-7F63-4E8E-91AD-1628476AD545} 3: C:\ProgramData\ETC\HogPC\resources\thumbnail_library\Gobo\triangle_single_segmented_rounded_bars.png 
1: {6501E546-28F5-4A0E-97E0-1CD914185417} 2: {41C06B8C-FABF-4F89-AF77-4B8033763E46} 3: C:\ProgramData\ETC\HogPC\resources\thumbnail_library\Gobo\triangle_small_square_pinwheel.png 
1: {6501E546-28F5-4A0E-97E0-1CD914185417} 2: {FBD5D015-72E6-4F88-9361-9AC9D4D2286D} 3: C:\ProgramData\ETC\HogPC\resources\thumbnail_library\Gobo\triangle_thin.png 
1: {6501E546-28F5-4A0E-97E0-1CD914185417} 2: {C36CD81C-CB9C-4DE2-8066-0471007C57A5} 3: C:\ProgramData\ETC\HogPC\resources\thumbnail_library\Gobo\tribal_breakup.png 
1: {6501E546-28F5-4A0E-97E0-1CD914185417} 2: {27779EEB-78D7-449C-A662-8C86F1B3690B} 3: C:\ProgramData\ETC\HogPC\resources\thumbnail_library\Gobo\tribal_lines.png 
1: {6501E546-28F5-4A0E-97E0-1CD914185417} 2: {F57125A2-02ED-4D4B-9646-44ECCFC144C8} 3: C:\ProgramData\ETC\HogPC\resources\thumbnail_library\Gobo\tribal_lines_grid_hatch.png 
1: {6501E546-28F5-4A0E-97E0-1CD914185417} 2: {F99A3FFA-83CA-47BC-A74B-842B504123B8} 3: C:\ProgramData\ETC\HogPC\resources\thumbnail_library\Gobo\tribal_sun_radial_symmetrical.png 
1: {6501E546-28F5-4A0E-97E0-1CD914185417} 2: {4D36A076-3C88-44B8-9C3C-3EA8F501768A} 3: C:\ProgramData\ETC\HogPC\resources\thumbnail_library\Gobo\triwing_trism_triangle.png 
1: {6501E546-28F5-4A0E-97E0-1CD914185417} 2: {4987A8C4-99F2-4D97-A65C-05EEF9080F2A} 3: C:\ProgramData\ETC\HogPC\resources\thumbnail_library\Gobo\tunnel_bars_thick.png 
1: {6501E546-28F5-4A0E-97E0-1CD914185417} 2: {860F3E33-84EF-43BA-B8A2-DF23CEE5CE27} 3: C:\ProgramData\ETC\HogPC\resources\thumbnail_library\Gobo\tunnel_hole_loop.png 
1: {6501E546-28F5-4A0E-97E0-1CD914185417} 2: {DB015F4A-FF5F-4531-ABC0-0D76E18E7C4A} 3: C:\ProgramData\ETC\HogPC\resources\thumbnail_library\Gobo\tunnel_inverted.png 
1: {6501E546-28F5-4A0E-97E0-1CD914185417} 2: {CA490AF9-B3C6-460E-ACD5-A071BB6A30C6} 3: C:\ProgramData\ETC\HogPC\resources\thumbnail_library\Gobo\tunnel_multi_row_crescents_small.png 
1: {6501E546-28F5-4A0E-97E0-1CD914185417} 2: {D4789CBB-97D3-47F9-8A46-1C79FC844DF3} 3: C:\ProgramData\ETC\HogPC\resources\thumbnail_library\Gobo\tunnel_stripes_spin.png 
1: {6501E546-28F5-4A0E-97E0-1CD914185417} 2: {BAE43C25-EE80-4031-8CB4-88CE7818D4BD} 3: C:\ProgramData\ETC\HogPC\resources\thumbnail_library\Gobo\turn_bars_tunnel_curved_fan_spin.png 
1: {6501E546-28F5-4A0E-97E0-1CD914185417} 2: {0BA457EE-DD07-483F-AF71-48301B2C4C70} 3: C:\ProgramData\ETC\HogPC\resources\thumbnail_library\Gobo\twelve_archs_rotating_right.png 
1: {6501E546-28F5-4A0E-97E0-1CD914185417} 2: {7DF77F67-4BD8-42CF-8255-20022D962796} 3: C:\ProgramData\ETC\HogPC\resources\thumbnail_library\Gobo\twelve_arm_squiggles_sun.png 
1: {6501E546-28F5-4A0E-97E0-1CD914185417} 2: {B04F7F43-A5F7-4896-BC9B-C212A116E888} 3: C:\ProgramData\ETC\HogPC\resources\thumbnail_library\Gobo\twelve_bars_thin_horizontal.png 
1: {6501E546-28F5-4A0E-97E0-1CD914185417} 2: {0F93BF3C-01F1-4DEE-B127-6DD343D5060E} 3: C:\ProgramData\ETC\HogPC\resources\thumbnail_library\Gobo\twelve_bars_wedges_radial_symmetrical.png 
1: {6501E546-28F5-4A0E-97E0-1CD914185417} 2: {7170A557-0854-43F8-B140-43944607421D} 3: C:\ProgramData\ETC\HogPC\resources\thumbnail_library\Gobo\twelve_blade_fan_speckle.png 
1: {6501E546-28F5-4A0E-97E0-1CD914185417} 2: {5AE6D2CC-3AAF-4405-88D9-588427489060} 3: C:\ProgramData\ETC\HogPC\resources\thumbnail_library\Gobo\twelve_broken_triangles_dot_border.png 
1: {6501E546-28F5-4A0E-97E0-1CD914185417} 2: {7E0D82F4-53AE-4882-85E7-A12D70700C69} 3: C:\ProgramData\ETC\HogPC\resources\thumbnail_library\Gobo\twelve_curved_lines_horizontal.png 
1: {6501E546-28F5-4A0E-97E0-1CD914185417} 2: {DB9DC7CD-87AF-49F2-94A0-D8A5FEE6C454} 3: C:\ProgramData\ETC\HogPC\resources\thumbnail_library\Gobo\twelve_curved_petals_radial.png 
1: {6501E546-28F5-4A0E-97E0-1CD914185417} 2: {8F574CF6-2427-4196-A4F7-919ABAEAA8BE} 3: C:\ProgramData\ETC\HogPC\resources\thumbnail_library\Gobo\twelve_curved_segmented_square_border.png 
1: {6501E546-28F5-4A0E-97E0-1CD914185417} 2: {22145C52-0914-4AE4-8B8D-6761B77E01BE} 3: C:\ProgramData\ETC\HogPC\resources\thumbnail_library\Gobo\twelve_curved_square_border.png 
1: {6501E546-28F5-4A0E-97E0-1CD914185417} 2: {E43F2692-7BE9-4CE8-8B3E-CCF4999DAB64} 3: C:\ProgramData\ETC\HogPC\resources\thumbnail_library\Gobo\twelve_curves_inverted_pinwheel.png 
1: {6501E546-28F5-4A0E-97E0-1CD914185417} 2: {14FA9435-3E3A-44BF-AEDB-1DFF65F7062C} 3: C:\ProgramData\ETC\HogPC\resources\thumbnail_library\Gobo\twelve_dots_circle_border_large.png 
1: {6501E546-28F5-4A0E-97E0-1CD914185417} 2: {4EE1377E-8C8B-4B84-9814-AB1D8B442F83} 3: C:\ProgramData\ETC\HogPC\resources\thumbnail_library\Gobo\twelve_dots_circle_wedge_ring.png 
1: {6501E546-28F5-4A0E-97E0-1CD914185417} 2: {A0DE7215-FD9F-4DC7-AD92-DE370B908A1C} 3: C:\ProgramData\ETC\HogPC\resources\thumbnail_library\Gobo\twelve_dots_horizontal_bars.png 
1: {6501E546-28F5-4A0E-97E0-1CD914185417} 2: {450D05F9-59E7-4FEC-B3F2-83FD50450112} 3: C:\ProgramData\ETC\HogPC\resources\thumbnail_library\Gobo\twelve_dots_star_symmetrical.png 
1: {6501E546-28F5-4A0E-97E0-1CD914185417} 2: {6E3FF67E-0502-4148-99CB-8175A8CB2425} 3: C:\ProgramData\ETC\HogPC\resources\thumbnail_library\Gobo\twelve_five_point_stars_radial_ring.png 
1: {6501E546-28F5-4A0E-97E0-1CD914185417} 2: {73DA2015-7438-4E85-963A-AD0E540A6951} 3: C:\ProgramData\ETC\HogPC\resources\thumbnail_library\Gobo\twelve_interlocking_pointed_triangles_curved_bars.png 
1: {6501E546-28F5-4A0E-97E0-1CD914185417} 2: {FD66DFCE-EE90-4150-B6B6-719C0B16C2D8} 3: C:\ProgramData\ETC\HogPC\resources\thumbnail_library\Gobo\twelve_inverted_interlocking_rings.png 
1: {6501E546-28F5-4A0E-97E0-1CD914185417} 2: {93336E97-986E-4919-8BAF-97E794C938D7} 3: C:\ProgramData\ETC\HogPC\resources\thumbnail_library\Gobo\twelve_ovals_circle.png 
1: {6501E546-28F5-4A0E-97E0-1CD914185417} 2: {B14F1DCB-10B9-4D94-BB25-2A9538AA7079} 3: C:\ProgramData\ETC\HogPC\resources\thumbnail_library\Gobo\twelve_ovals_ring_rotating_left.png 
1: {6501E546-28F5-4A0E-97E0-1CD914185417} 2: {3C5CE1D4-1FE6-400F-BF5A-60B18494530D} 3: C:\ProgramData\ETC\HogPC\resources\thumbnail_library\Gobo\twelve_oval_petals_multicolor_radial_yellow_blue.png 
1: {6501E546-28F5-4A0E-97E0-1CD914185417} 2: {E2AAFAC0-267A-4476-A403-93E29FDDA84D} 3: C:\ProgramData\ETC\HogPC\resources\thumbnail_library\Gobo\twelve_petals_radial_symmetrical.png 
1: {6501E546-28F5-4A0E-97E0-1CD914185417} 2: {19B2AD11-9CB2-409B-8B32-D6AAF55CC782} 3: C:\ProgramData\ETC\HogPC\resources\thumbnail_library\Gobo\twelve_pointed_curved_star.png 
1: {6501E546-28F5-4A0E-97E0-1CD914185417} 2: {F897E19F-059F-4891-ABFC-775EF534379A} 3: C:\ProgramData\ETC\HogPC\resources\thumbnail_library\Gobo\twelve_pointed_fan_radial.png 
1: {6501E546-28F5-4A0E-97E0-1CD914185417} 2: {10DAD1FC-2093-4157-811B-1BD0F49AF0CB} 3: C:\ProgramData\ETC\HogPC\resources\thumbnail_library\Gobo\twelve_pointed_sun_big.png 
1: {6501E546-28F5-4A0E-97E0-1CD914185417} 2: {3A97F859-69A7-4218-B9F4-8E0B220DDE57} 3: C:\ProgramData\ETC\HogPC\resources\thumbnail_library\Gobo\twelve_small_circles_border_color_purple.png 
1: {6501E546-28F5-4A0E-97E0-1CD914185417} 2: {7D856B4A-9BAA-4C25-ADB6-CBAE5359C6C5} 3: C:\ProgramData\ETC\HogPC\resources\thumbnail_library\Gobo\twelve_squares_fan_symmetrical.png 
1: {6501E546-28F5-4A0E-97E0-1CD914185417} 2: {0054D754-0106-4B6E-BAD1-B31EFA745F3D} 3: C:\ProgramData\ETC\HogPC\resources\thumbnail_library\Gobo\twelve_star_ring_cone.png 
1: {6501E546-28F5-4A0E-97E0-1CD914185417} 2: {9C619EB4-AFEE-454B-A41E-8AD454F63D64} 3: C:\ProgramData\ETC\HogPC\resources\thumbnail_library\Gobo\twelve_teardrop_border_color_pink.png 
1: {6501E546-28F5-4A0E-97E0-1CD914185417} 2: {F49F8AB2-BBA8-4DBA-BAD3-09E5B0B1F1BB} 3: C:\ProgramData\ETC\HogPC\resources\thumbnail_library\Gobo\twelve_teardrop_shapes_border_ring.png 
1: {6501E546-28F5-4A0E-97E0-1CD914185417} 2: {DAFEE81A-7CF5-4E24-9BB0-127A95B00175} 3: C:\ProgramData\ETC\HogPC\resources\thumbnail_library\Gobo\twelve_thin_bars_circle.png 
1: {6501E546-28F5-4A0E-97E0-1CD914185417} 2: {E79D300A-48BB-4A71-9565-1D170E9C5B99} 3: C:\ProgramData\ETC\HogPC\resources\thumbnail_library\Gobo\twelve_thin_bars_cross_multi.png 
1: {6501E546-28F5-4A0E-97E0-1CD914185417} 2: {3E3E3C69-C2C1-4802-A2A5-F43C443E234D} 3: C:\ProgramData\ETC\HogPC\resources\thumbnail_library\Gobo\twelve_triangle_radial_pinwheel_color_red.png 
1: {6501E546-28F5-4A0E-97E0-1CD914185417} 2: {7C4979F1-5B45-4956-86C5-4F570CC1E765} 3: C:\ProgramData\ETC\HogPC\resources\thumbnail_library\Gobo\twelve_triangle_wedges_circle_fan_spin.png 
1: {6501E546-28F5-4A0E-97E0-1CD914185417} 2: {6C32F78B-239D-4006-BD7E-3101B6F3A8C8} 3: C:\ProgramData\ETC\HogPC\resources\thumbnail_library\Gobo\twelve_triangle_wedges_circle_multi.png 
1: {6501E546-28F5-4A0E-97E0-1CD914185417} 2: {57112291-075A-4ADA-909C-3B99DC565C5F} 3: C:\ProgramData\ETC\HogPC\resources\thumbnail_library\Gobo\twelve_twinkle_stars_multi_animated.png 
1: {6501E546-28F5-4A0E-97E0-1CD914185417} 2: {48489CAA-6C6B-45D9-908F-E3C02DA5AA08} 3: C:\ProgramData\ETC\HogPC\resources\thumbnail_library\Gobo\twelve_wedges_circle_lace_border_multi.png 
1: {6501E546-28F5-4A0E-97E0-1CD914185417} 2: {4DD1009B-681E-4C11-9814-26B4D83F390A} 3: C:\ProgramData\ETC\HogPC\resources\thumbnail_library\Gobo\twelve_zigzag_radial_sun.png 
1: {6501E546-28F5-4A0E-97E0-1CD914185417} 2: {B3BEDA07-4989-4C7D-B559-3A448618390A} 3: C:\ProgramData\ETC\HogPC\resources\thumbnail_library\Gobo\twenty_pointed_star.png 
1: {6501E546-28F5-4A0E-97E0-1CD914185417} 2: {B0C1BEDB-39F1-45C7-9C45-AD879A346922} 3: C:\ProgramData\ETC\HogPC\resources\thumbnail_library\Gobo\twenty_small_dots_lines_multi.png 
1: {6501E546-28F5-4A0E-97E0-1CD914185417} 2: {3061C888-45F8-4FC4-BAB8-B607CFDA2738} 3: C:\ProgramData\ETC\HogPC\resources\thumbnail_library\Gobo\twenty_small_triangles_multi_scattered.png 
1: {6501E546-28F5-4A0E-97E0-1CD914185417} 2: {92FFD78D-956E-4D62-BCF0-EC4317E6B0D2} 3: C:\ProgramData\ETC\HogPC\resources\thumbnail_library\Gobo\twinkle_star_one.png 
1: {6501E546-28F5-4A0E-97E0-1CD914185417} 2: {5E9EAF8D-2A84-4FE2-AA67-FF05FAB6930F} 3: C:\ProgramData\ETC\HogPC\resources\thumbnail_library\Gobo\twisted_leaves_branches_foliage_layer.png 
1: {6501E546-28F5-4A0E-97E0-1CD914185417} 2: {C5BD9DC6-ABC0-4C9F-AD47-61D24B19CDCD} 3: C:\ProgramData\ETC\HogPC\resources\thumbnail_library\Gobo\two_adjoined_dots_medium.png 
1: {6501E546-28F5-4A0E-97E0-1CD914185417} 2: {974F9AE7-2B13-49B9-87D9-67C02B500FE4} 3: C:\ProgramData\ETC\HogPC\resources\thumbnail_library\Gobo\two_bars_tails_symmetrical.png 
1: {6501E546-28F5-4A0E-97E0-1CD914185417} 2: {F90671C3-54F3-4D72-8DB2-A09C8D818033} 3: C:\ProgramData\ETC\HogPC\resources\thumbnail_library\Gobo\two_boomerang_crescents.png 
1: {6501E546-28F5-4A0E-97E0-1CD914185417} 2: {A76EA4D1-6D31-4937-8B29-1EE50B8889C9} 3: C:\ProgramData\ETC\HogPC\resources\thumbnail_library\Gobo\two_crescent_asymmetrical_big.png 
1: {6501E546-28F5-4A0E-97E0-1CD914185417} 2: {558DA3C2-4ED5-4BFE-99EB-48FA59233C2A} 3: C:\ProgramData\ETC\HogPC\resources\thumbnail_library\Gobo\two_cresents_half_red_purple.png 
1: {6501E546-28F5-4A0E-97E0-1CD914185417} 2: {86AA14EC-4585-4C60-AD51-6ACB8377512C} 3: C:\ProgramData\ETC\HogPC\resources\thumbnail_library\Gobo\two_curved_crescents_border.png 
1: {6501E546-28F5-4A0E-97E0-1CD914185417} 2: {03BCA0F3-B9A9-4691-A98A-330182A4F760} 3: C:\ProgramData\ETC\HogPC\resources\thumbnail_library\Gobo\two_diagonal_dots_small.png 
1: {6501E546-28F5-4A0E-97E0-1CD914185417} 2: {BE8CA5E7-F966-4B65-A048-C6A8A85E2383} 3: C:\ProgramData\ETC\HogPC\resources\thumbnail_library\Gobo\two_fat_bars_symmetrical.png 
1: {6501E546-28F5-4A0E-97E0-1CD914185417} 2: {CA259D23-B675-4094-8647-7AF048AF5D2A} 3: C:\ProgramData\ETC\HogPC\resources\thumbnail_library\Gobo\two_rings_bullseye.png 
1: {6501E546-28F5-4A0E-97E0-1CD914185417} 2: {9E72BCF6-37AC-4832-A1B6-F62DE2FBF7C7} 3: C:\ProgramData\ETC\HogPC\resources\thumbnail_library\Gobo\two_rings_small_large_circle.png 
1: {6501E546-28F5-4A0E-97E0-1CD914185417} 2: {6984D426-90B0-4CD4-B04C-5D230424EF49} 3: C:\ProgramData\ETC\HogPC\resources\thumbnail_library\Gobo\two_rings_tunnel_cone.png 
1: {6501E546-28F5-4A0E-97E0-1CD914185417} 2: {8F07D7ED-C28A-4E78-AA3C-DCDFD01E38B7} 3: C:\ProgramData\ETC\HogPC\resources\thumbnail_library\Gobo\two_segmented_rings_small.png 
1: {6501E546-28F5-4A0E-97E0-1CD914185417} 2: {C296FBB3-08F9-4944-8C73-086A761E4C8E} 3: C:\ProgramData\ETC\HogPC\resources\thumbnail_library\Gobo\two_thick_crescents_fan.png 
1: {6501E546-28F5-4A0E-97E0-1CD914185417} 2: {756BA5E3-5337-4E04-B750-DD85E62740A5} 3: C:\ProgramData\ETC\HogPC\resources\thumbnail_library\Gobo\two_thin_bars_rings.png 
1: {6501E546-28F5-4A0E-97E0-1CD914185417} 2: {AD4132E9-44CE-4EAE-A4F7-A804BBC82D67} 3: C:\ProgramData\ETC\HogPC\resources\thumbnail_library\Gobo\two_triangle_tunnel_cone.png 
1: {6501E546-28F5-4A0E-97E0-1CD914185417} 2: {E884DA63-CCA4-4D32-BF96-3F7A744C0B81} 3: C:\ProgramData\ETC\HogPC\resources\thumbnail_library\Gobo\two_tribal_circle.png 
1: {6501E546-28F5-4A0E-97E0-1CD914185417} 2: {47758FB1-5D49-4B63-93A5-2425C6B7458F} 3: C:\ProgramData\ETC\HogPC\resources\thumbnail_library\Gobo\various_glass.png 
1: {6501E546-28F5-4A0E-97E0-1CD914185417} 2: {1712B9AB-ACD6-425B-B2C0-0E82CA9380C2} 3: C:\ProgramData\ETC\HogPC\resources\thumbnail_library\Gobo\vertical_bars_rain_medium.png 
1: {6501E546-28F5-4A0E-97E0-1CD914185417} 2: {54DBF9BC-E997-4552-8662-7252CAC7C038} 3: C:\ProgramData\ETC\HogPC\resources\thumbnail_library\Gobo\vertical_bars_rain_small.png 
1: {6501E546-28F5-4A0E-97E0-1CD914185417} 2: {90FD4AEE-C3DA-4C02-90B0-B7E9EF701BB5} 3: C:\ProgramData\ETC\HogPC\resources\thumbnail_library\Gobo\vertical_blinds_bars_thin.png 
1: {6501E546-28F5-4A0E-97E0-1CD914185417} 2: {53633D89-BBC5-4441-BC5D-A17678257DF6} 3: C:\ProgramData\ETC\HogPC\resources\thumbnail_library\Gobo\vertical_blurred_lines.png 
1: {6501E546-28F5-4A0E-97E0-1CD914185417} 2: {FF3A4477-1A5A-49C3-8261-CC69E96B0907} 3: C:\ProgramData\ETC\HogPC\resources\thumbnail_library\Gobo\vertical_glass_bark_lines.png 
1: {6501E546-28F5-4A0E-97E0-1CD914185417} 2: {76F85BB3-25FC-4D10-97EB-A42C586B1A0E} 3: C:\ProgramData\ETC\HogPC\resources\thumbnail_library\Gobo\vertical_jagged_breakup.png 
1: {6501E546-28F5-4A0E-97E0-1CD914185417} 2: {ACD855B0-776E-4B38-BFE5-5B787B0923AB} 3: C:\ProgramData\ETC\HogPC\resources\thumbnail_library\Gobo\vertical_lines_rectangle_geometric.png 
1: {6501E546-28F5-4A0E-97E0-1CD914185417} 2: {FD48E84F-A6FC-4BC5-8917-881824905759} 3: C:\ProgramData\ETC\HogPC\resources\thumbnail_library\Gobo\vertical_thick_lines_bulge_wave.png 
1: {6501E546-28F5-4A0E-97E0-1CD914185417} 2: {C94D9363-C8F9-4620-AA77-450A21D212B2} 3: C:\ProgramData\ETC\HogPC\resources\thumbnail_library\Gobo\vertical_thin_squiggle_lines_flames.png 
1: {6501E546-28F5-4A0E-97E0-1CD914185417} 2: {51CEDF99-A565-47B6-AF70-B6C2705A0EDE} 3: C:\ProgramData\ETC\HogPC\resources\thumbnail_library\Gobo\vertical_thin_wave_lines_squiggles.png 
1: {6501E546-28F5-4A0E-97E0-1CD914185417} 2: {ED17D555-49DA-4DEA-84E7-3A5C721C32CC} 3: C:\ProgramData\ETC\HogPC\resources\thumbnail_library\Gobo\vertical_wave_stripes.png 
1: {6501E546-28F5-4A0E-97E0-1CD914185417} 2: {8DC28046-676A-4A18-81D3-642E13D5C882} 3: C:\ProgramData\ETC\HogPC\resources\thumbnail_library\Gobo\warped_checkered_kaleidoscope.png 
1: {6501E546-28F5-4A0E-97E0-1CD914185417} 2: {B5544D78-B295-41EA-9DC9-0470B8774478} 3: C:\ProgramData\ETC\HogPC\resources\thumbnail_library\Gobo\warped_circle_tunnel_fade.png 
1: {6501E546-28F5-4A0E-97E0-1CD914185417} 2: {240E532E-7804-4C4C-B2DD-A1E0E5C6D058} 3: C:\ProgramData\ETC\HogPC\resources\thumbnail_library\Gobo\warped_squiggle_sun.png 
1: {6501E546-28F5-4A0E-97E0-1CD914185417} 2: {CB476BB0-A742-496D-903B-BEFA8EB5E964} 3: C:\ProgramData\ETC\HogPC\resources\thumbnail_library\Gobo\water_cloud_small_breakup.png 
1: {6501E546-28F5-4A0E-97E0-1CD914185417} 2: {E951AD93-10CA-4BAC-8BFE-734F0CD986DA} 3: C:\ProgramData\ETC\HogPC\resources\thumbnail_library\Gobo\water_image.png 
1: {6501E546-28F5-4A0E-97E0-1CD914185417} 2: {16543849-AA15-47A4-AB42-E0FEC1BEFBB4} 3: C:\ProgramData\ETC\HogPC\resources\thumbnail_library\Gobo\water_ocean_moon_landscape.png 
1: {6501E546-28F5-4A0E-97E0-1CD914185417} 2: {7DBB55E4-A4FE-4B86-9226-162069382CC7} 3: C:\ProgramData\ETC\HogPC\resources\thumbnail_library\Gobo\water_thin_small_horizontal_wavy_lines.png 
1: {6501E546-28F5-4A0E-97E0-1CD914185417} 2: {CAD62F97-8E78-40DE-91C2-1D4C1A40E431} 3: C:\ProgramData\ETC\HogPC\resources\thumbnail_library\Gobo\waves_horizontal_small.png 
1: {6501E546-28F5-4A0E-97E0-1CD914185417} 2: {437A4064-0574-4869-8D75-F2ACEE5EDE93} 3: C:\ProgramData\ETC\HogPC\resources\thumbnail_library\Gobo\wave_lines_circle_spin_fan.png 
1: {6501E546-28F5-4A0E-97E0-1CD914185417} 2: {C28BB448-9509-4693-9538-3439829781A4} 3: C:\ProgramData\ETC\HogPC\resources\thumbnail_library\Gobo\web_breakup_thin.png 
1: {6501E546-28F5-4A0E-97E0-1CD914185417} 2: {1EBAC416-8ABF-4922-A24A-AFB85EAF42CC} 3: C:\ProgramData\ETC\HogPC\resources\thumbnail_library\Gobo\wedges_square_fan_spin_color_blue_purple.png 
1: {6501E546-28F5-4A0E-97E0-1CD914185417} 2: {4EC11F33-79C8-48C3-B81A-D10DF46EF50F} 3: C:\ProgramData\ETC\HogPC\resources\thumbnail_library\Gobo\white_dot_ocean_wave.png 
1: {6501E546-28F5-4A0E-97E0-1CD914185417} 2: {5B300A2D-7911-42EE-97BB-B12655120A82} 3: C:\ProgramData\ETC\HogPC\resources\thumbnail_library\Gobo\w_bulge_outline_bat.png 
1: {6501E546-28F5-4A0E-97E0-1CD914185417} 2: {04388EEC-EB80-42AA-B01C-C42105032821} 3: C:\ProgramData\ETC\HogPC\resources\thumbnail_library\Gobo\X_L_xl_text_logo.png 
1: {6501E546-28F5-4A0E-97E0-1CD914185417} 2: {4B996AEF-5575-47A8-9FBC-B2C308FDB7D6} 3: C:\ProgramData\ETC\HogPC\resources\thumbnail_library\Gobo\yellow_outerlines_eight.png 
1: {6501E546-28F5-4A0E-97E0-1CD914185417} 2: {A964C646-8563-4DB2-A277-53F0982CE2C3} 3: C:\ProgramData\ETC\HogPC\resources\thumbnail_library\Gobo\Y_bars_single.png 
1: {6501E546-28F5-4A0E-97E0-1CD914185417} 2: {6F678980-5E23-4466-88C5-E2B634096CA1} 3: C:\ProgramData\ETC\HogPC\resources\thumbnail_library\Gobo\zigzag_abstract_seven_circle.png 
1: {6501E546-28F5-4A0E-97E0-1CD914185417} 2: {61F3566D-32AC-4143-9E8D-461408444A00} 3: C:\ProgramData\ETC\HogPC\resources\thumbnail_library\Gobo\zigzag_arms_sun_dot_multi_squiggles.png 
1: {6501E546-28F5-4A0E-97E0-1CD914185417} 2: {536DD780-0BCA-43CF-9A62-49F76C4E75C0} 3: C:\ProgramData\ETC\HogPC\resources\thumbnail_library\Gobo\zigzag_broken_cracks_circle.png 
1: {6501E546-28F5-4A0E-97E0-1CD914185417} 2: {9302320C-2004-49EA-873B-86B01111ACFD} 3: C:\ProgramData\ETC\HogPC\resources\thumbnail_library\Gobo\zigzag_broken_crack_circle_shadow.png 
1: {6501E546-28F5-4A0E-97E0-1CD914185417} 2: {B59D7D66-DD24-4089-A711-5F7E1F0C2EEF} 3: C:\ProgramData\ETC\HogPC\resources\thumbnail_library\Gobo\zigzag_checkered_spiral.png 
1: {6501E546-28F5-4A0E-97E0-1CD914185417} 2: {9DA84D6E-3BBB-47E7-8999-9819B78FBA43} 3: C:\ProgramData\ETC\HogPC\resources\thumbnail_library\Gobo\zigzag_curve_warped_squiggle_vertical_color_pink.png 
1: {6501E546-28F5-4A0E-97E0-1CD914185417} 2: {E0993C35-98EC-4147-B754-F5908EDBE3E2} 3: C:\ProgramData\ETC\HogPC\resources\thumbnail_library\Gobo\zigzag_lightning_single_one_vertical.png 
1: {6501E546-28F5-4A0E-97E0-1CD914185417} 2: {73ABB7E5-4082-4134-A836-68F4B6128FA5} 3: C:\ProgramData\ETC\HogPC\resources\thumbnail_library\Gobo\zigzag_radial.png 
1: {6501E546-28F5-4A0E-97E0-1CD914185417} 2: {8FDE6BF2-0581-4641-B827-DD0A4170AC30} 3: C:\ProgramData\ETC\HogPC\resources\thumbnail_library\Gobo\zigzag_ring_breakup.png 
1: {6501E546-28F5-4A0E-97E0-1CD914185417} 2: {3452C1B0-EC74-413C-8103-062BCF6328C9} 3: C:\ProgramData\ETC\HogPC\resources\thumbnail_library\Gobo\zigzag_squiggle_paint_mark_single_one.png 
1: {6501E546-28F5-4A0E-97E0-1CD914185417} 2: {1DB6FDA0-52D1-41AC-9B66-791F4810F170} 3: C:\ProgramData\ETC\HogPC\resources\thumbnail_library\Gobo\zigzag_stripes_horizontal_multi.png 
1: {6501E546-28F5-4A0E-97E0-1CD914185417} 2: {8FADD973-CF98-4109-A45F-8AC0B6719D42} 3: C:\ProgramData\ETC\HogPC\resources\thumbnail_library\Gobo\zigzag_swirl_lines_yellow_red_multicolor.png 
1: {6501E546-28F5-4A0E-97E0-1CD914185417} 2: {C170E22F-87FA-4E63-ACDB-6557DE5C8DBF} 3: C:\ProgramData\ETC\HogPC\resources\thumbnail_library\Gobo\zigzag_tunnel_lines_lightning.png 
1: {6501E546-28F5-4A0E-97E0-1CD914185417} 2: {9BB648D7-E408-404D-9C56-7E68955DF95D} 3: C:\ProgramData\ETC\HogPC\resources\thumbnail_library\Prism\0000_open.png 
1: {6501E546-28F5-4A0E-97E0-1CD914185417} 2: {2D01385C-A4B8-4FF2-A80D-1A6D2CD3DA09} 3: C:\ProgramData\ETC\HogPC\resources\thumbnail_library\Prism\0001_threeface.png 
1: {6501E546-28F5-4A0E-97E0-1CD914185417} 2: {FB69EB86-50D7-4E61-B126-7FA93159500C} 3: C:\ProgramData\ETC\HogPC\resources\thumbnail_library\Prism\0002_fourface.png 
1: {6501E546-28F5-4A0E-97E0-1CD914185417} 2: {5ADDE6A6-A500-4387-9211-D9E8DF9865DE} 3: C:\ProgramData\ETC\HogPC\resources\thumbnail_library\Prism\0003_fiveface.png 
1: {6501E546-28F5-4A0E-97E0-1CD914185417} 2: {DF126728-E370-493E-B841-31F4B5AABD46} 3: C:\ProgramData\ETC\HogPC\resources\thumbnail_library\Prism\0004_sixface.png 
1: {6501E546-28F5-4A0E-97E0-1CD914185417} 2: {43440DBA-C474-41ED-85AF-8B2FEA9A8293} 3: C:\ProgramData\ETC\HogPC\resources\thumbnail_library\Prism\0005_sevenface.png 
1: {6501E546-28F5-4A0E-97E0-1CD914185417} 2: {9B0440EC-563A-4A3C-82E2-29DCBA9333CD} 3: C:\ProgramData\ETC\HogPC\resources\thumbnail_library\Prism\0006_eightface.png 
1: {6501E546-28F5-4A0E-97E0-1CD914185417} 2: {A8DCDE13-D7AD-413A-9B86-AB8390ACD47D} 3: C:\ProgramData\ETC\HogPC\resources\thumbnail_library\Prism\0007_nineface.png 
1: {6501E546-28F5-4A0E-97E0-1CD914185417} 2: {B38F4D31-E591-4A5F-A495-A06513A8723B} 3: C:\ProgramData\ETC\HogPC\resources\thumbnail_library\Prism\0008_twoface.png 
1: {6501E546-28F5-4A0E-97E0-1CD914185417} 2: {67B23E30-EE28-493E-AB51-2F2F5766E624} 3: C:\ProgramData\ETC\HogPC\resources\thumbnail_library\Strobe\0000_open.png 
1: {6501E546-28F5-4A0E-97E0-1CD914185417} 2: {6CA4E23F-32C5-4C1E-8603-48D1F57ED734} 3: C:\ProgramData\ETC\HogPC\resources\thumbnail_library\Strobe\0001_closed.png 
1: {6501E546-28F5-4A0E-97E0-1CD914185417} 2: {40383669-C98F-44A0-BB05-FFC0C2184331} 3: C:\Program Files (x86)\ETC\HogPC\drivers\umdmx\ 
1: {6501E546-28F5-4A0E-97E0-1CD914185417} 2: {F1B8536F-DD83-4AF7-96DB-923E50A38407} 3: C:\Program Files (x86)\ETC\HogPC\drivers\umltc\ 
1: {6501E546-28F5-4A0E-97E0-1CD914185417} 2: {67401525-E8A0-4E60-A890-55DA79BC4ADE} 3: C:\Program Files (x86)\ETC\HogPC\drivers\umprowing\ 
1: {6501E546-28F5-4A0E-97E0-1CD914185417} 2: {B947EC12-9D61-489A-BAD2-573E07A1FBE7} 3: C:\Program Files (x86)\ETC\HogPC\drivers\umupload\ 
1: {6501E546-28F5-4A0E-97E0-1CD914185417} 2: {29B10564-DAED-40A8-A95E-DE2E37AABC21} 3: C:\Program Files (x86)\ETC\HogPC\drivers\kmh4touch\ 
1: {6501E546-28F5-4A0E-97E0-1CD914185417} 2: {026D3BE8-8F69-42F1-A57D-1C31FBEA599E} 3: C:\Program Files (x86)\ETC\HogPC\drivers\gadget\ 
1: {6501E546-28F5-4A0E-97E0-1CD914185417} 2: {07A06F66-1936-456D-8535-792A4DFA2EB1} 3: C:\Program Files (x86)\ETC\HogPC\drivers\umblk\ 
1: {6501E546-28F5-4A0E-97E0-1CD914185417} 2: {C0B76F7B-CB3E-4CB5-8CB8-A249143D2EAF} 3: C:\Program Files (x86)\ETC\HogPC\drivers\umdmx\ 
1: {6501E546-28F5-4A0E-97E0-1CD914185417} 2: {3DD8CE63-0975-456A-A44E-9283234B8C04} 3: C:\Program Files (x86)\ETC\HogPC\drivers\umltc\ 
1: {6501E546-28F5-4A0E-97E0-1CD914185417} 2: {361E242B-3E4E-4BCD-9991-6F110BFF6E8C} 3: C:\Program Files (x86)\ETC\HogPC\drivers\umprowing\ 
1: {6501E546-28F5-4A0E-97E0-1CD914185417} 2: {BE214899-2F16-4FE7-9629-AF599D3D14AA} 3: C:\Program Files (x86)\ETC\HogPC\drivers\umupload\ 
1: {6501E546-28F5-4A0E-97E0-1CD914185417} 2: {2346927A-7A25-4AA8-A4B8-D9008335E893} 3: C:\Program Files (x86)\ETC\HogPC\drivers\gadget\ 
1: {6501E546-28F5-4A0E-97E0-1CD914185417} 2: {0DEC0B4C-F0FD-46E6-8BB7-7E7943A7C4D7} 3: C:\Program Files (x86)\ETC\HogPC\drivers\umblk\ 
1: {6501E546-28F5-4A0E-97E0-1CD914185417} 2: {E8E39D3B-4F35-36D8-B892-4B28336FE041} 3: C:\windows\syswow64\vcruntime140.dll 
1: {6501E546-28F5-4A0E-97E0-1CD914185417} 2: {A2AA960C-FD3C-3A6D-BD6F-14933011AFB3} 3: C:\windows\syswow64\msvcp140.dll 
1: {6501E546-28F5-4A0E-97E0-1CD914185417} 2: {A2E7203F-60C2-3D7E-8A46-DB3D381A2CE6} 3: C:\windows\syswow64\msvcp140_1.dll 
1: {6501E546-28F5-4A0E-97E0-1CD914185417} 2: {BC0399EF-5E9D-3C7C-BFF5-5E9A95C96DAF} 3: C:\windows\syswow64\msvcp140_2.dll 
1: {6501E546-28F5-4A0E-97E0-1CD914185417} 2: {763CEC2D-A166-4806-9E55-7D0676C9B2C2} 3: C:\windows\syswow64\msvcp140_atomic_wait.dll 
1: {6501E546-28F5-4A0E-97E0-1CD914185417} 2: {A09E2159-AF75-436E-AA4D-25B6B0A11D60} 3: C:\windows\syswow64\msvcp140_codecvt_ids.dll 
1: {6501E546-28F5-4A0E-97E0-1CD914185417} 2: {9FC931F8-9ED1-3263-A0F1-8ADE330D0ECE} 3: C:\windows\syswow64\concrt140.dll 
1: {6501E546-28F5-4A0E-97E0-1CD914185417} 2: {0200CF79-B9A1-3BE4-955A-29FA9D4B1A5C} 3: C:\windows\syswow64\vccorlib140.dll 
1: {6501E546-28F5-4A0E-97E0-1CD914185417} 2: {4FD4AB8C-C57F-3782-9230-9CCA22153AD3} 3: C:\windows\syswow64\mfc140.dll 
1: {6501E546-28F5-4A0E-97E0-1CD914185417} 2: {46A1EA6B-3D81-3399-8991-127F7F7AE76A} 3: C:\windows\syswow64\mfc140u.dll 
1: {6501E546-28F5-4A0E-97E0-1CD914185417} 2: {C94DDE19-CC70-3B9A-A6AF-5CA7340B9B9A} 3: C:\windows\syswow64\mfcm140.dll 
1: {6501E546-28F5-4A0E-97E0-1CD914185417} 2: {946D6FA6-49BB-3415-AD2D-4D634C432CF0} 3: C:\windows\syswow64\mfcm140u.dll 
1: {6501E546-28F5-4A0E-97E0-1CD914185417} 2: {E533B148-A83A-3788-A763-0C6C46CF6CC3} 3: C:\windows\syswow64\mfc140chs.dll 
1: {6501E546-28F5-4A0E-97E0-1CD914185417} 2: {8B35C1A3-3BC8-3C7F-B375-6D5B2E278BFF} 3: C:\windows\syswow64\mfc140cht.dll 
1: {6501E546-28F5-4A0E-97E0-1CD914185417} 2: {A06367B0-D1B9-3CA0-A518-2BB563762257} 3: C:\windows\syswow64\mfc140deu.dll 
1: {6501E546-28F5-4A0E-97E0-1CD914185417} 2: {B2A724FB-BE66-3A00-8162-733A2616AA43} 3: C:\windows\syswow64\mfc140enu.dll 
1: {6501E546-28F5-4A0E-97E0-1CD914185417} 2: {29C00ECB-07FA-314C-93B9-A4058FE2025B} 3: C:\windows\syswow64\mfc140esn.dll 
1: {6501E546-28F5-4A0E-97E0-1CD914185417} 2: {4E5D8DF7-1BC9-3950-B148-90102BCE777A} 3: C:\windows\syswow64\mfc140fra.dll 
1: {6501E546-28F5-4A0E-97E0-1CD914185417} 2: {B9E93E81-8CA8-3A5A-AE53-58269C7974C8} 3: C:\windows\syswow64\mfc140ita.dll 
1: {6501E546-28F5-4A0E-97E0-1CD914185417} 2: {BFAB25E7-7089-3F7F-B206-5B894ABD7B7A} 3: C:\windows\syswow64\mfc140jpn.dll 
1: {6501E546-28F5-4A0E-97E0-1CD914185417} 2: {8A2ECF25-CE78-39E8-B94D-AB1B1A825FC3} 3: C:\windows\syswow64\mfc140kor.dll 
1: {6501E546-28F5-4A0E-97E0-1CD914185417} 2: {DE8821FC-6B01-34B3-822E-1F37A99E4A2E} 3: C:\windows\syswow64\mfc140rus.dll 
1: {6501E546-28F5-4A0E-97E0-1CD914185417} 2: {64DE6BFD-3D7C-36DF-9427-2DE6858F45CE} 3: C:\windows\syswow64\vcomp140.dll 
Action ended 3:17:16: ProcessComponents. Return value 1.
Action 3:17:16: UnpublishFeatures. Unpublishing Product Features
Action start 3:17:16: UnpublishFeatures.
Action ended 3:17:16: UnpublishFeatures. Return value 1.
Action 3:17:16: StopServices. Stopping services
Action start 3:17:16: StopServices.
Service: 
Service: 
Action ended 3:17:16: StopServices. Return value 1.
Action 3:17:16: DeleteServices. Deleting services
Action start 3:17:16: DeleteServices.
Action ended 3:17:16: DeleteServices. Return value 1.
Action 3:17:16: RemoveRegistryValues. Removing system registry values
Action start 3:17:16: RemoveRegistryValues.
Action ended 3:17:16: RemoveRegistryValues. Return value 1.
Action 3:17:16: RemoveShortcuts. Removing shortcuts
Action start 3:17:16: RemoveShortcuts.
Action ended 3:17:16: RemoveShortcuts. Return value 1.
Action 3:17:16: RemoveDuplicateFiles. Removing duplicated files
Action start 3:17:16: RemoveDuplicateFiles.
Action ended 3:17:16: RemoveDuplicateFiles. Return value 1.
Action 3:17:16: RemoveFiles. Removing files
Action start 3:17:16: RemoveFiles.
File: RM_D_HogPCStartMenuFolder, Directory: C:\users\asdf\AppData\Roaming\Microsoft\Windows\Start Menu\Programs\HogPC\
File: 7ZA.EXE, Directory: Hog_PC
File: archive.dll, Directory: Hog_PC
File: avcodec.dll, Directory: Hog_PC
File: avdevice.dll, Directory: Hog_PC
File: avfilter.dll, Directory: Hog_PC
File: avformat.dll, Directory: Hog_PC
File: avutil.dll, Directory: Hog_PC
File: bzip2.dll, Directory: Hog_PC
File: concrt140.dll, Directory: SystemFolder.F1670FCA_6780_3657_9C04_AF8005AC8143
File: critical-win32-golden.exe, Directory: Hog_PC
File: desktop-win32-golden.exe, Directory: Hog_PC
File: dialogue-win32-golden.exe, Directory: Hog_PC
File: dp8k-win32-golden.exe, Directory: Hog_PC
File: small_water_droplets_multi_color_blue_purple.png, Directory: dir7BFBE7152BD1F709E4A8AB545308CE6B
File: center_wheel_prefs.png, Directory: dir301D0264053C1D31E4C443AA1728EE85
File: cue_editor5.png, Directory: dir301D0264053C1D31E4C443AA1728EE85
File: seven_squares_bar_horizontal.png, Directory: dir7BFBE7152BD1F709E4A8AB545308CE6B
File: six_dots_horizontal_bar.png, Directory: dir7BFBE7152BD1F709E4A8AB545308CE6B
File: neon_broken_fusion_bubbles_green_blue_multicolor.png, Directory: dir7BFBE7152BD1F709E4A8AB545308CE6B
File: PointCue.htm, Directory: dirFBF7365A5264634AB5246E4024DA46BB
File: eight_star_rectangular_points_color_red.png, Directory: dir7BFBE7152BD1F709E4A8AB545308CE6B
File: vis_wyg_config_3_476x266.png, Directory: dir301D0264053C1D31E4C443AA1728EE85
File: Synonyms.js, Directory: dirAAE153D476A857C192561F7A3BFE2D57
File: UpdatingHPUV2Widgets.htm, Directory: dir5DC53C2A105460D0156677FED587ECF6
File: wheels_toolbar_chase5.png, Directory: dir301D0264053C1D31E4C443AA1728EE85
File: eight_pointed_sixteen_oval_radial_symmetrical.png, Directory: dir7BFBE7152BD1F709E4A8AB545308CE6B
File: playback_options_cuelist5_960x687.png, Directory: dir301D0264053C1D31E4C443AA1728EE85
File: ten_spiral_oval_multi_cone.png, Directory: dir7BFBE7152BD1F709E4A8AB545308CE6B
File: twelve_ovals_ring_rotating_left.png, Directory: dir7BFBE7152BD1F709E4A8AB545308CE6B
File: FixBuild_Tutorial_Gen.htm, Directory: dir4DDC1C874BC664E97A383AFD2CB09114
File: plybck_opt_cuelist_loop5_600x424.png, Directory: dir301D0264053C1D31E4C443AA1728EE85
File: thin_multi_rectangular_color_red_border.png, Directory: dir7BFBE7152BD1F709E4A8AB545308CE6B
File: SearchTopic_Chunk0.js, Directory: dirAAE153D476A857C192561F7A3BFE2D57
File: four_leg_spiral_fan_spin_color_blue.png, Directory: dir7BFBE7152BD1F709E4A8AB545308CE6B
File: SoftParameterValue.htm, Directory: dirFBF7365A5264634AB5246E4024DA46BB
File: prefs_def_name5.png, Directory: dir301D0264053C1D31E4C443AA1728EE85
File: tiny_sphere_bubbles_multi.png, Directory: dir7BFBE7152BD1F709E4A8AB545308CE6B
File: AdvancedProgramming.htm, Directory: dirF9235F3A8134F8266E4FFC7F7A31716E
File: six_curved_lines_thin_pinwheel.png, Directory: dir7BFBE7152BD1F709E4A8AB545308CE6B
File: auto_launch5.png, Directory: dir301D0264053C1D31E4C443AA1728EE85
File: palms_leaves_curved_breakup_small.png, Directory: dir7BFBE7152BD1F709E4A8AB545308CE6B
File: flower_oval_multi_small_color_pink.png, Directory: dir7BFBE7152BD1F709E4A8AB545308CE6B
File: single_atom_inverted_ovals_interlocking.png, Directory: dir7BFBE7152BD1F709E4A8AB545308CE6B
File: five_crosses_squares_multi_grunge_faded.png, Directory: dir7BFBE7152BD1F709E4A8AB545308CE6B
File: dmx_superwidget_320x113.png, Directory: dir301D0264053C1D31E4C443AA1728EE85
File: textured_glass_bumbs_rainbow_color_multicolor_red_green_teal_purple.png, Directory: dir7BFBE7152BD1F709E4A8AB545308CE6B
File: dir_lock_360x423.png, Directory: dir301D0264053C1D31E4C443AA1728EE85
File: twenty_small_triangles_multi_scattered.png, Directory: dir7BFBE7152BD1F709E4A8AB545308CE6B
File: three_spiral_spin_mix_fan_swirl_color_purple.png, Directory: dir7BFBE7152BD1F709E4A8AB545308CE6B
File: 0015_magenta5.png, Directory: dirCF9519B65614710F6BDCEFAB09BAE21D
File: fb_mid4_5.png, Directory: dir301D0264053C1D31E4C443AA1728EE85
File: glass_horizontal_stripes_lines_thick.png, Directory: dir7BFBE7152BD1F709E4A8AB545308CE6B
File: config_icon.png, Directory: dir301D0264053C1D31E4C443AA1728EE85
File: prefs_misc5.png, Directory: dir301D0264053C1D31E4C443AA1728EE85
File: Patching.htm, Directory: dirE1F6960898D23EE4594C548D589D98C6
File: five_rounded_horizontal_bars.png, Directory: dir7BFBE7152BD1F709E4A8AB545308CE6B
File: fifteen_interlocking_bars_cross.png, Directory: dir7BFBE7152BD1F709E4A8AB545308CE6B
File: FB_CSP_BuildSucess_5.png, Directory: dir301D0264053C1D31E4C443AA1728EE85
File: SearchTopic_Chunk5.js, Directory: dirAAE153D476A857C192561F7A3BFE2D57
File: front_panel_LH.png, Directory: dir301D0264053C1D31E4C443AA1728EE85
File: DMXOutputWindow.htm, Directory: dir9A97A7B3D386D7011D7BF321F7232B1F
File: trigger_toolbar5.png, Directory: dir301D0264053C1D31E4C443AA1728EE85
File: net_mix_swirl_color_purple.png, Directory: dir7BFBE7152BD1F709E4A8AB545308CE6B
File: sun_squiggle_tribal_pink_multicolor_pink.png, Directory: dir7BFBE7152BD1F709E4A8AB545308CE6B
File: lineglass_bubbleglass.png, Directory: dir7BFBE7152BD1F709E4A8AB545308CE6B
File: maze_grid_puzzle_lines_layer_overlap_thin.png, Directory: dir7BFBE7152BD1F709E4A8AB545308CE6B
File: cfx_add_1_5_960x535.png, Directory: dir301D0264053C1D31E4C443AA1728EE85
File: twelve_triangle_wedges_circle_fan_spin.png, Directory: dir7BFBE7152BD1F709E4A8AB545308CE6B
File: icon-user-light-gray.png, Directory: dirB18C0EE27D64684ADC5C3CC0891E3399
File: Gamut.htm, Directory: dirFBF7365A5264634AB5246E4024DA46BB
File: output_window_colours_en_green5.png, Directory: dir301D0264053C1D31E4C443AA1728EE85
File: flames_center_thin_squiggles_vertical_fire.png, Directory: dir7BFBE7152BD1F709E4A8AB545308CE6B
File: 0024_congo.png, Directory: dirCF9519B65614710F6BDCEFAB09BAE21D
File: dmx_widget.png, Directory: dir301D0264053C1D31E4C443AA1728EE85
File: two_curved_crescents_border.png, Directory: dir7BFBE7152BD1F709E4A8AB545308CE6B
File: sunburts_color_blue_purple_thin_bottom_left.png, Directory: dir7BFBE7152BD1F709E4A8AB545308CE6B
File: multi_dots_space.png, Directory: dir7BFBE7152BD1F709E4A8AB545308CE6B
File: five_segmented_oval_radial_cones.png, Directory: dir7BFBE7152BD1F709E4A8AB545308CE6B
File: tiny_blades_lines_fan_saw_border_spin.png, Directory: dir7BFBE7152BD1F709E4A8AB545308CE6B
File: login.png, Directory: dirB18C0EE27D64684ADC5C3CC0891E3399
File: one_vertical_bar_line_thick.png, Directory: dir7BFBE7152BD1F709E4A8AB545308CE6B
File: SearchPhrase_Chunk38.js, Directory: dirAAE153D476A857C192561F7A3BFE2D57
File: FrontPanelDiagrams.htm, Directory: dir8D3DE84CACE1BF39A6D8DEE76C1BAA21
File: expand.png, Directory: dirB18C0EE27D64684ADC5C3CC0891E3399
File: cue_mark_cuelist_opt5.png, Directory: dir301D0264053C1D31E4C443AA1728EE85
File: CueDelete.htm, Directory: dir429E2BE47FEE1102CC112010FC902992
File: AdvancedPlayback.htm, Directory: dir3399D43E8E0CB2368BC79B27F701792F
File: spin_broken_circle_triangle_rectangle_multi.png, Directory: dir7BFBE7152BD1F709E4A8AB545308CE6B
File: TechSpec_PlaybackWing4.htm, Directory: dirE616E725F39764101A897681B058E202
File: MIDITimecode.htm, Directory: dirF4FE94F7D1F783D69C43259372E7A09E
File: RequestFixLib.htm, Directory: dir7DA94037655E84DCD759135C96771333
File: six_spikes_pointed_fan.png, Directory: dir7BFBE7152BD1F709E4A8AB545308CE6B
File: CITPMediaPicker.htm, Directory: dir158F969D79590B25CF1C2A5D8BF8C587
File: 3D_pointed_spike_net_mesh_star.png, Directory: dir7BFBE7152BD1F709E4A8AB545308CE6B
File: FirmwareRestore.htm, Directory: dir89EA610D4F97992D0567E123129F87FD
File: arrow_curve_right.png, Directory: dir7BFBE7152BD1F709E4A8AB545308CE6B
File: segmented_seperated_hexagon.png, Directory: dir7BFBE7152BD1F709E4A8AB545308CE6B
File: help-control.png, Directory: dirB18C0EE27D64684ADC5C3CC0891E3399
File: FB_Sum2_5.png, Directory: dir301D0264053C1D31E4C443AA1728EE85
File: four_dots_rotating_right.png, Directory: dir7BFBE7152BD1F709E4A8AB545308CE6B
File: FB_CSP_BuildType_5_600x565.png, Directory: dir301D0264053C1D31E4C443AA1728EE85
File: two_boomerang_crescents.png, Directory: dir7BFBE7152BD1F709E4A8AB545308CE6B
File: typical_editor5.png, Directory: dir301D0264053C1D31E4C443AA1728EE85
File: ResponsiveTOCActive.png, Directory: dirB18C0EE27D64684ADC5C3CC0891E3399
File: cnsl_sec.png, Directory: dir301D0264053C1D31E4C443AA1728EE85
File: config_wings5.png, Directory: dir301D0264053C1D31E4C443AA1728EE85
File: CommandLine.htm, Directory: dir506C26B368C466EAAF42C3B612DDA6A7
File: shredded_triangle_web_net_stripes.png, Directory: dir7BFBE7152BD1F709E4A8AB545308CE6B
File: pebbles-rocks_cracks_bubbles.png, Directory: dir7BFBE7152BD1F709E4A8AB545308CE6B
File: PortNumber.htm, Directory: dirFBF7365A5264634AB5246E4024DA46BB
File: slot_color5_960x244.png, Directory: dir301D0264053C1D31E4C443AA1728EE85
File: bio_hazard_warn_nuclear_tri.png, Directory: dir7BFBE7152BD1F709E4A8AB545308CE6B
File: macro_ok.png, Directory: dir301D0264053C1D31E4C443AA1728EE85
File: Tablet.css, Directory: dirB84FA28B9E44762734654BF649E116C4
File: heart_thin.png, Directory: dir7BFBE7152BD1F709E4A8AB545308CE6B
File: parked_output_src5.png, Directory: dir301D0264053C1D31E4C443AA1728EE85
File: dmx_superduperwidget_402x73.png, Directory: dir301D0264053C1D31E4C443AA1728EE85
File: tiny_dots_spiral_galaxy_swirl_spin.png, Directory: dir7BFBE7152BD1F709E4A8AB545308CE6B
File: 0011_red1.png, Directory: dirCF9519B65614710F6BDCEFAB09BAE21D
File: param_pale_ref5_960x166.png, Directory: dir301D0264053C1D31E4C443AA1728EE85
File: twelve_blade_fan_speckle.png, Directory: dir7BFBE7152BD1F709E4A8AB545308CE6B
File: fw_update_600x400.png, Directory: dir301D0264053C1D31E4C443AA1728EE85
File: multi_jogging_lines_thin.png, Directory: dir7BFBE7152BD1F709E4A8AB545308CE6B
File: six_winged_spiral_fan_color_blue.png, Directory: dir7BFBE7152BD1F709E4A8AB545308CE6B
File: ConsoleNoStart.htm, Directory: dir89EA610D4F97992D0567E123129F87FD
File: tiny_multi_speckles_dots.png, Directory: dir7BFBE7152BD1F709E4A8AB545308CE6B
File: zigzag_squiggle_paint_mark_single_one.png, Directory: dir7BFBE7152BD1F709E4A8AB545308CE6B
File: MaintainState.htm, Directory: dirFBF7365A5264634AB5246E4024DA46BB
File: ten_large_dots_border_circle_ring.png, Directory: dir7BFBE7152BD1F709E4A8AB545308CE6B
File: thin_diagonal_strips_zigzag.png, Directory: dir7BFBE7152BD1F709E4A8AB545308CE6B
File: multicolor_rounded_squares_sphere_grid_pink.png, Directory: dir7BFBE7152BD1F709E4A8AB545308CE6B
File: glass_blue_color_small_rocks_pebbles_circle.png, Directory: dir7BFBE7152BD1F709E4A8AB545308CE6B
File: FrontPanelReboot.htm, Directory: dir89EA610D4F97992D0567E123129F87FD
File: fire_lines_horizontal.png, Directory: dir7BFBE7152BD1F709E4A8AB545308CE6B
File: dir_kind_mask_leg5.png, Directory: dir301D0264053C1D31E4C443AA1728EE85
File: plybck_opt_cuelist_loop5.png, Directory: dir301D0264053C1D31E4C443AA1728EE85
File: pgm_com_600x421.png, Directory: dir301D0264053C1D31E4C443AA1728EE85
File: VisualizerConnect.htm, Directory: dirDC400B2463EACEDD8C6FFFA0A2442745
File: three_rings_border_broken.png, Directory: dir7BFBE7152BD1F709E4A8AB545308CE6B
File: FixtureLibrary.htm, Directory: dirFBF7365A5264634AB5246E4024DA46BB
File: multi_dots.png, Directory: dir7BFBE7152BD1F709E4A8AB545308CE6B
File: two_rings_tunnel_cone.png, Directory: dir7BFBE7152BD1F709E4A8AB545308CE6B
File: multi_pointed_sun_big.png, Directory: dir7BFBE7152BD1F709E4A8AB545308CE6B
File: fusion_breakup_multicolor_blue_teal_yellow_orangebroken.png, Directory: dir7BFBE7152BD1F709E4A8AB545308CE6B
File: pal_masking5.png, Directory: dir301D0264053C1D31E4C443AA1728EE85
File: 0022_lavender.png, Directory: dirCF9519B65614710F6BDCEFAB09BAE21D
File: multi_flame_small_cylinder.png, Directory: dir7BFBE7152BD1F709E4A8AB545308CE6B
File: glass_rocks_pebbles_outline_blue_color.png, Directory: dir7BFBE7152BD1F709E4A8AB545308CE6B
File: pinwheel_curved_lines_wedges.png, Directory: dir7BFBE7152BD1F709E4A8AB545308CE6B
File: seventeen_squares.png, Directory: dir7BFBE7152BD1F709E4A8AB545308CE6B
File: sunburst_wedge_bottom_right.png, Directory: dir7BFBE7152BD1F709E4A8AB545308CE6B
File: PlotsUsing.htm, Directory: dir4B06B9CE32721023DA45AA4F5B064B42
File: 0012_red2.png, Directory: dirCF9519B65614710F6BDCEFAB09BAE21D
File: multicolor_colored_breakup_cyan_magenta_yellow_purple.png, Directory: dir7BFBE7152BD1F709E4A8AB545308CE6B
File: tiny_rectangles_breakup.png, Directory: dir7BFBE7152BD1F709E4A8AB545308CE6B
File: tiny_squares_warped_net_multi.png, Directory: dir7BFBE7152BD1F709E4A8AB545308CE6B
File: multi_squiggles_breakup_small.png, Directory: dir7BFBE7152BD1F709E4A8AB545308CE6B
File: HTP.htm, Directory: dir3399D43E8E0CB2368BC79B27F701792F
File: eleven_thin_spikes_lines_star_sun.png, Directory: dir7BFBE7152BD1F709E4A8AB545308CE6B
File: thin_sharp_lines_circle.png, Directory: dir7BFBE7152BD1F709E4A8AB545308CE6B
File: pinwheel_inverted_rotating_left_archs_curves.png, Directory: dir7BFBE7152BD1F709E4A8AB545308CE6B
File: arrow_right_pointer.png, Directory: dir7BFBE7152BD1F709E4A8AB545308CE6B
File: fb_mid12_5_960x610.png, Directory: dir301D0264053C1D31E4C443AA1728EE85
File: fan_spiral_swirl_circle_thin.png, Directory: dir7BFBE7152BD1F709E4A8AB545308CE6B
File: tiny_triangle_shards_broken_cracks_multi.png, Directory: dir7BFBE7152BD1F709E4A8AB545308CE6B
File: tiny_squares_mosaic_diamond_color_multi.png, Directory: dir7BFBE7152BD1F709E4A8AB545308CE6B
File: star_fivepoint_broken.png, Directory: dir7BFBE7152BD1F709E4A8AB545308CE6B
File: ButtonSize.htm, Directory: dir3CED7FB55F25D98E1AF47F4B0F8B6ACD
File: fix_uniview5.png, Directory: dir301D0264053C1D31E4C443AA1728EE85
File: task_ok.png, Directory: dir301D0264053C1D31E4C443AA1728EE85
File: programmer_bottom_half.png, Directory: dir301D0264053C1D31E4C443AA1728EE85
File: five_pinwheel_swirl.png, Directory: dir7BFBE7152BD1F709E4A8AB545308CE6B
File: merge_3.png, Directory: dir301D0264053C1D31E4C443AA1728EE85
File: fb_mid2_5.png, Directory: dir301D0264053C1D31E4C443AA1728EE85
File: three_circles_rings_striped_multicolor_rainbow_red_yellow_blue_green_purple_teal.png, Directory: dir7BFBE7152BD1F709E4A8AB545308CE6B
File: multi_ribbons_flower_petals.png, Directory: dir7BFBE7152BD1F709E4A8AB545308CE6B
File: fix_comp5.png, Directory: dir301D0264053C1D31E4C443AA1728EE85
File: navigate-next.png, Directory: dirB18C0EE27D64684ADC5C3CC0891E3399
File: seven_bars_slats_diagonal.png, Directory: dir7BFBE7152BD1F709E4A8AB545308CE6B
File: output_window_colours_en_red5.png, Directory: dir301D0264053C1D31E4C443AA1728EE85
File: timecode_active.png, Directory: dir301D0264053C1D31E4C443AA1728EE85
File: paths_toolbar.png, Directory: dir301D0264053C1D31E4C443AA1728EE85
File: Widget.htm, Directory: dirFBF7365A5264634AB5246E4024DA46BB
File: Styles.css, Directory: dirB84FA28B9E44762734654BF649E116C4
File: communityActive-GREEN.png, Directory: dirB18C0EE27D64684ADC5C3CC0891E3399
File: outline_fifteen_curved_circle_rotating.png, Directory: dir7BFBE7152BD1F709E4A8AB545308CE6B
File: red_peppermint_squiggles_medium.png, Directory: dir7BFBE7152BD1F709E4A8AB545308CE6B
File: three_color_red_pointed_rings.png, Directory: dir7BFBE7152BD1F709E4A8AB545308CE6B
File: 0025_darkblue.png, Directory: dirCF9519B65614710F6BDCEFAB09BAE21D
File: SearchPhrase_Chunk49.js, Directory: dirAAE153D476A857C192561F7A3BFE2D57
File: Buddying.htm, Directory: dirFBF7365A5264634AB5246E4024DA46BB
File: ReplacingScreens.htm, Directory: dir0828A62CDE7C6CE38A06416C531F88C9
File: six_point_cross_star_multicolor_dot_purple.png, Directory: dir7BFBE7152BD1F709E4A8AB545308CE6B
File: eight_rounded_bars_fan_radial_symmetrical.png, Directory: dir7BFBE7152BD1F709E4A8AB545308CE6B
File: fade_multidot_dots_square.png, Directory: dir7BFBE7152BD1F709E4A8AB545308CE6B
File: three_oval_cogs_warped.png, Directory: dir7BFBE7152BD1F709E4A8AB545308CE6B
File: New_Icon_Note.png, Directory: dir7AF6A0C930E549D94C2D8FE050B5B4F8
File: eight_interlocking_rings_medium_symmetrical.png, Directory: dir7BFBE7152BD1F709E4A8AB545308CE6B
File: CueRenumbing.htm, Directory: dir429E2BE47FEE1102CC112010FC902992
File: sun_multi_fan.png, Directory: dir7BFBE7152BD1F709E4A8AB545308CE6B
File: multi_square_cubes_curved_rounded.png, Directory: dir7BFBE7152BD1F709E4A8AB545308CE6B
File: curves_archs_foliage_breakup_medium.png, Directory: dir7BFBE7152BD1F709E4A8AB545308CE6B
File: cmdexe5.png, Directory: dir301D0264053C1D31E4C443AA1728EE85
File: MIDI.htm, Directory: dirF4FE94F7D1F783D69C43259372E7A09E
File: star_disproportional_asymmetrical.png, Directory: dir7BFBE7152BD1F709E4A8AB545308CE6B
File: eight_pointed_single_star_symmetrical.png, Directory: dir7BFBE7152BD1F709E4A8AB545308CE6B
File: 3D_eight_pointed_star_starburst_radial.png, Directory: dir7BFBE7152BD1F709E4A8AB545308CE6B
File: plot_export_5_960x72.png, Directory: dir301D0264053C1D31E4C443AA1728EE85
File: glass_moonrock_rock_lump.png, Directory: dir7BFBE7152BD1F709E4A8AB545308CE6B
File: TechSpec_FlexHog.htm, Directory: dirE616E725F39764101A897681B058E202
File: swirl_blob_spiral_smudge_blur.png, Directory: dir7BFBE7152BD1F709E4A8AB545308CE6B
File: tiny_polkadots_dots_multi_red_color.png, Directory: dir7BFBE7152BD1F709E4A8AB545308CE6B
File: 0019_magenta2.png, Directory: dirCF9519B65614710F6BDCEFAB09BAE21D
File: auto_update5.png, Directory: dir301D0264053C1D31E4C443AA1728EE85
File: dots_breakup_small.png, Directory: dir7BFBE7152BD1F709E4A8AB545308CE6B
File: twelve_curved_petals_radial.png, Directory: dir7BFBE7152BD1F709E4A8AB545308CE6B
File: SafetyWarnings4.htm, Directory: dirC813D43350262FBC3346A130A06ED7BF
File: NoArtNetFromFixtureNet.htm, Directory: dir89EA610D4F97992D0567E123129F87FD
File: 0003_yellow.png, Directory: dirCF9519B65614710F6BDCEFAB09BAE21D
File: output_window_colours_en_parked5.png, Directory: dir301D0264053C1D31E4C443AA1728EE85
File: Full_V5_FP.png, Directory: dir301D0264053C1D31E4C443AA1728EE85
File: thin_rectangle_vertical_lines_multi.png, Directory: dir7BFBE7152BD1F709E4A8AB545308CE6B
File: UpdatingFirmware.htm, Directory: dir5DC53C2A105460D0156677FED587ECF6
File: tunnel_bars_thick.png, Directory: dir7BFBE7152BD1F709E4A8AB545308CE6B
File: patch_preview_pkg5_960x408.png, Directory: dir301D0264053C1D31E4C443AA1728EE85
File: Bullet1.png, Directory: dir7E3583D6AFFDB5562E15E0CABD8504D0
File: plybck_opt_cuelist_reset_release5.png, Directory: dir301D0264053C1D31E4C443AA1728EE85
File: PlotsCreate.htm, Directory: dir4B06B9CE32721023DA45AA4F5B064B42
File: tiny_speckles_dots_small.png, Directory: dir7BFBE7152BD1F709E4A8AB545308CE6B
File: waves_horizontal_small.png, Directory: dir7BFBE7152BD1F709E4A8AB545308CE6B
File: six_ovals_multi_horizontal_vertical.png, Directory: dir7BFBE7152BD1F709E4A8AB545308CE6B
File: transparent.gif, Directory: dirB18C0EE27D64684ADC5C3CC0891E3399
File: Glass_color_pinwheel_rotating_red.png, Directory: dir7BFBE7152BD1F709E4A8AB545308CE6B
File: multiple_patch_points.png, Directory: dir301D0264053C1D31E4C443AA1728EE85
File: end.png, Directory: dir301D0264053C1D31E4C443AA1728EE85
File: hollow_circle_oval_outline_multi.png, Directory: dir7BFBE7152BD1F709E4A8AB545308CE6B
File: shattered_square_puzzle.png, Directory: dir7BFBE7152BD1F709E4A8AB545308CE6B
File: six_asymmetrical_dots.png, Directory: dir7BFBE7152BD1F709E4A8AB545308CE6B
File: group_master_levels.png, Directory: dir301D0264053C1D31E4C443AA1728EE85
File: dmx_superduperwidget.png, Directory: dir301D0264053C1D31E4C443AA1728EE85
File: sunburst_color_blue_purple_thin_right.png, Directory: dir7BFBE7152BD1F709E4A8AB545308CE6B
File: single_yin_arch_rotating_left_big.png, Directory: dir7BFBE7152BD1F709E4A8AB545308CE6B
File: 0005_wideverticalfrost.png, Directory: dir6D583EA6C7A4916F30AECA4AC4DB133D
File: sun_squiggle_circle_fan.png, Directory: dir7BFBE7152BD1F709E4A8AB545308CE6B
File: shapes_cracks_stripes_broken.png, Directory: dir7BFBE7152BD1F709E4A8AB545308CE6B
File: FB_CSP_1_5_600x246.png, Directory: dir301D0264053C1D31E4C443AA1728EE85
File: twelve_curves_inverted_pinwheel.png, Directory: dir7BFBE7152BD1F709E4A8AB545308CE6B
File: playback_bar_5_960x65.png, Directory: dir301D0264053C1D31E4C443AA1728EE85
File: lines_fire_vertical.png, Directory: dir7BFBE7152BD1F709E4A8AB545308CE6B
File: single_dot_tiny.png, Directory: dir7BFBE7152BD1F709E4A8AB545308CE6B
File: thin_triangles_fan_flower_point.png, Directory: dir7BFBE7152BD1F709E4A8AB545308CE6B
File: 3D_square_diamond_warped_bulge_silver.png, Directory: dir7BFBE7152BD1F709E4A8AB545308CE6B
File: VirtualMaster.htm, Directory: dirFBF7365A5264634AB5246E4024DA46BB
File: tiny_circles_bubbles_color_blue.png, Directory: dir7BFBE7152BD1F709E4A8AB545308CE6B
File: gradient_fan_spin_wave_smudge.png, Directory: dir7BFBE7152BD1F709E4A8AB545308CE6B
File: six_crescent_thin_dot_flower_rose_color_pink.png, Directory: dir7BFBE7152BD1F709E4A8AB545308CE6B
File: touch_ex25.png, Directory: dir301D0264053C1D31E4C443AA1728EE85
File: Saturation.htm, Directory: dirFBF7365A5264634AB5246E4024DA46BB
File: TC_Input.htm, Directory: dirEB1884289FDB2B8A3A7EA3D2480E5577
File: CompoundFixture.htm, Directory: dirFBF7365A5264634AB5246E4024DA46BB
File: guard.png, Directory: dir301D0264053C1D31E4C443AA1728EE85
File: swirl_spin_thick_lines.png, Directory: dir7BFBE7152BD1F709E4A8AB545308CE6B
File: Color_Space_RGB.htm, Directory: dirFBF7365A5264634AB5246E4024DA46BB
File: PageCopyMove.htm, Directory: dir1295D77647C34B08C40F04A047C6B38F
File: DelayTime.htm, Directory: dirFBF7365A5264634AB5246E4024DA46BB
File: open.png, Directory: dir7BFBE7152BD1F709E4A8AB545308CE6B
File: ResponsivePrintButton.png, Directory: dirB18C0EE27D64684ADC5C3CC0891E3399
File: ResponsiveBrowseSequenceInactive.png, Directory: dirB18C0EE27D64684ADC5C3CC0891E3399
File: FixtureRemoval.htm, Directory: dirE1F6960898D23EE4594C548D589D98C6
File: two_diagonal_dots_small.png, Directory: dir7BFBE7152BD1F709E4A8AB545308CE6B
File: Slideshow.css, Directory: dirDE1604631C19C70F9C8F30BFD284C63B
File: circle_big_horizontal_cut_three_quarter.png, Directory: dir7BFBE7152BD1F709E4A8AB545308CE6B
File: multi_stars_random.png, Directory: dir7BFBE7152BD1F709E4A8AB545308CE6B
File: glass_horizontal_lines_gradient.png, Directory: dir7BFBE7152BD1F709E4A8AB545308CE6B
File: ten_thin_wavey_vertical_lines.png, Directory: dir7BFBE7152BD1F709E4A8AB545308CE6B
File: horizontal_lines_sunset_foliage_trees.png, Directory: dir7BFBE7152BD1F709E4A8AB545308CE6B
File: three_large_dots.png, Directory: dir7BFBE7152BD1F709E4A8AB545308CE6B
File: eight_segmented_wedges_petals_symmetrical.png, Directory: dir7BFBE7152BD1F709E4A8AB545308CE6B
File: ChooseSelectMasters.htm, Directory: dir3399D43E8E0CB2368BC79B27F701792F
File: twelve_dots_horizontal_bars.png, Directory: dir7BFBE7152BD1F709E4A8AB545308CE6B
File: circle_big_horizontal_cut_two_thirds.png, Directory: dir7BFBE7152BD1F709E4A8AB545308CE6B
File: three_triangle_wedges_fan.png, Directory: dir7BFBE7152BD1F709E4A8AB545308CE6B
File: wheel_toolbar_timing5_960x54.png, Directory: dir301D0264053C1D31E4C443AA1728EE85
File: CITP.htm, Directory: dirFBF7365A5264634AB5246E4024DA46BB
File: SceneCopyMove.htm, Directory: dir070BAB3FED22BFAFF21D603A3F08F6D5
File: dot_mesh_grid_symmetrical.png, Directory: dir7BFBE7152BD1F709E4A8AB545308CE6B
File: ConversionCurve.htm, Directory: dirFBF7365A5264634AB5246E4024DA46BB
File: suck4_5.png, Directory: dir301D0264053C1D31E4C443AA1728EE85
File: config_entire_button5_600x706.png, Directory: dir301D0264053C1D31E4C443AA1728EE85
File: SearchPhrase_Chunk7.js, Directory: dirAAE153D476A857C192561F7A3BFE2D57
File: tiny_dots_stars_galaxy_space_color_purple.png, Directory: dir7BFBE7152BD1F709E4A8AB545308CE6B
File: radial_fire_flower_petals.png, Directory: dir7BFBE7152BD1F709E4A8AB545308CE6B
File: ReplacingFaders.htm, Directory: dir0828A62CDE7C6CE38A06416C531F88C9
File: AbstractionLayer.htm, Directory: dirFBF7365A5264634AB5246E4024DA46BB
File: eight_slices_lines_symmetrical_bulge_cross.png, Directory: dir7BFBE7152BD1F709E4A8AB545308CE6B
File: thin_line_swirl_spiral_spin.png, Directory: dir7BFBE7152BD1F709E4A8AB545308CE6B
File: USBFlashDrive_390.htm, Directory: dir5DC53C2A105460D0156677FED587ECF6
File: MountingRackEars.htm, Directory: dir0828A62CDE7C6CE38A06416C531F88C9
File: PageTemplate.htm, Directory: dir1295D77647C34B08C40F04A047C6B38F
File: four_teardrop_paisley_circle_small_color_yellow.png, Directory: dir7BFBE7152BD1F709E4A8AB545308CE6B
File: seven_segmented_rings_symmetrical.png, Directory: dir7BFBE7152BD1F709E4A8AB545308CE6B
File: clock_trigger5.png, Directory: dir301D0264053C1D31E4C443AA1728EE85
File: broken_glass_shattered.png, Directory: dir7BFBE7152BD1F709E4A8AB545308CE6B
File: peppermint_spin_spiral_swirl_color_blue.png, Directory: dir7BFBE7152BD1F709E4A8AB545308CE6B
File: overlapping_triangles_sharp_layer.png, Directory: dir7BFBE7152BD1F709E4A8AB545308CE6B
File: douser_black.png, Directory: dir7BFBE7152BD1F709E4A8AB545308CE6B
File: printer.png, Directory: dirB18C0EE27D64684ADC5C3CC0891E3399
File: grouping_toolbar_5.png, Directory: dir301D0264053C1D31E4C443AA1728EE85
File: six_horizontal_cones_wave.png, Directory: dir7BFBE7152BD1F709E4A8AB545308CE6B
File: sun_flames_tribal_squiggles.png, Directory: dir7BFBE7152BD1F709E4A8AB545308CE6B
File: sunburst_curves_circle_radial_asymmetrical.png, Directory: dir7BFBE7152BD1F709E4A8AB545308CE6B
File: index-expanded_1.png, Directory: dirB18C0EE27D64684ADC5C3CC0891E3399
File: index_CSH.htm, Directory: dir90F13DF2359462D0E6501FE5B26659D8
File: 0000_open.png, Directory: dirCF9519B65614710F6BDCEFAB09BAE21D
File: SelectionOrder.htm, Directory: dirFBF7365A5264634AB5246E4024DA46BB
File: Serrano_keymapping_960x404.png, Directory: dir301D0264053C1D31E4C443AA1728EE85
File: user_kinds_dir5.png, Directory: dir301D0264053C1D31E4C443AA1728EE85
File: five_overlapping_rectangles_medium.png, Directory: dir7BFBE7152BD1F709E4A8AB545308CE6B
File: wheels_toolbar_chase5_600x93.png, Directory: dir301D0264053C1D31E4C443AA1728EE85
File: fb_basic_diagram_5.png, Directory: dir301D0264053C1D31E4C443AA1728EE85
File: SearchPhrase_Chunk28.js, Directory: dirAAE153D476A857C192561F7A3BFE2D57
File: fx_size.png, Directory: dir301D0264053C1D31E4C443AA1728EE85
File: Spreadsheets.htm, Directory: dir506C26B368C466EAAF42C3B612DDA6A7
File: multi_large_dots_concentric_rings_tunnel.png, Directory: dir7BFBE7152BD1F709E4A8AB545308CE6B
File: TourHog_layout.png, Directory: dir301D0264053C1D31E4C443AA1728EE85
File: three_winged_spiral_thin_lines_spin_swirl.png, Directory: dir7BFBE7152BD1F709E4A8AB545308CE6B
File: effect_timing_en.png, Directory: dir301D0264053C1D31E4C443AA1728EE85
File: multi_noodle_wave_arms_sun_spiral_fan.png, Directory: dir7BFBE7152BD1F709E4A8AB545308CE6B
File: SearchPhrase_Chunk23.js, Directory: dirAAE153D476A857C192561F7A3BFE2D57
File: single_segmented_ring_cone_medium.png, Directory: dir7BFBE7152BD1F709E4A8AB545308CE6B
File: kbrd_stat5.png, Directory: dir301D0264053C1D31E4C443AA1728EE85
File: glass_ripples_color_blue_purple_small.png, Directory: dir7BFBE7152BD1F709E4A8AB545308CE6B
File: multi_dot_cross_sphere.png, Directory: dir7BFBE7152BD1F709E4A8AB545308CE6B
File: multisize_multi_dots.png, Directory: dir7BFBE7152BD1F709E4A8AB545308CE6B
File: vis_wyg_config_5.png, Directory: dir301D0264053C1D31E4C443AA1728EE85
File: OnStage.htm, Directory: dirFBF7365A5264634AB5246E4024DA46BB
File: nine_3D_stars_diamond.png, Directory: dir7BFBE7152BD1F709E4A8AB545308CE6B
File: midi_note_win5.png, Directory: dir301D0264053C1D31E4C443AA1728EE85
File: peppermint_spin_swirl_fan_twist_color_pink.png, Directory: dir7BFBE7152BD1F709E4A8AB545308CE6B
File: fire_fusion_breakup_multicolor_purple_orange.png, Directory: dir7BFBE7152BD1F709E4A8AB545308CE6B
File: CueCuelist.htm, Directory: dir429E2BE47FEE1102CC112010FC902992
File: HelpSystem.js, Directory: dirAAE153D476A857C192561F7A3BFE2D57
File: Legal.htm, Directory: dirBB870C5ED2605CFCEDE6D58205CFE039
File: new-indicator1.png, Directory: dirB18C0EE27D64684ADC5C3CC0891E3399
File: DefaultValue.htm, Directory: dirFBF7365A5264634AB5246E4024DA46BB
File: playback_rog.png, Directory: dir301D0264053C1D31E4C443AA1728EE85
File: DMXChannel_ArtNetSourceRevert.htm, Directory: dir9A97A7B3D386D7011D7BF321F7232B1F
File: thick_ring_border_single_circle.png, Directory: dir7BFBE7152BD1F709E4A8AB545308CE6B
File: multi_bars_fan_spin_thin_flower.png, Directory: dir7BFBE7152BD1F709E4A8AB545308CE6B
File: ResponsiveGlossaryActive.png, Directory: dirB18C0EE27D64684ADC5C3CC0891E3399
File: 0030_blue2.png, Directory: dirCF9519B65614710F6BDCEFAB09BAE21D
File: three_stretched_square_border_segmented.png, Directory: dir7BFBE7152BD1F709E4A8AB545308CE6B
File: v_CIE_y.htm, Directory: dirFBF7365A5264634AB5246E4024DA46BB
File: New_Icon_Caution.png, Directory: dirB8908DA68F0FFF4F8C8581F78213BDB8
File: ten_crescents_asymmetrical.png, Directory: dir7BFBE7152BD1F709E4A8AB545308CE6B
File: random_curves_cobblestones.png, Directory: dir7BFBE7152BD1F709E4A8AB545308CE6B
File: circle_paint_pink_purple.png, Directory: dir7BFBE7152BD1F709E4A8AB545308CE6B
File: five_horizontal_bars_medium.png, Directory: dir7BFBE7152BD1F709E4A8AB545308CE6B
File: multi_lines_vertical_overlapping.png, Directory: dir7BFBE7152BD1F709E4A8AB545308CE6B
File: five_dots_asymmetrical.png, Directory: dir7BFBE7152BD1F709E4A8AB545308CE6B
File: cinema_one_number_grid.png, Directory: dir7BFBE7152BD1F709E4A8AB545308CE6B
File: ovals_tunnel_color_purple_spiral.png, Directory: dir7BFBE7152BD1F709E4A8AB545308CE6B
File: SearchPhrase_Chunk45.js, Directory: dirAAE153D476A857C192561F7A3BFE2D57
File: GettingStarted.htm, Directory: dir89AEB7EEACCDFBF95C518E72B57C88B7
File: glass_foliage_swirl_mix_blend_color.png, Directory: dir7BFBE7152BD1F709E4A8AB545308CE6B
File: glass_broken_cracks_shattered.png, Directory: dir7BFBE7152BD1F709E4A8AB545308CE6B
File: multi_wedges_spikes_breakup.png, Directory: dir7BFBE7152BD1F709E4A8AB545308CE6B
File: fbt_ch10_5.png, Directory: dir301D0264053C1D31E4C443AA1728EE85
File: six_star_asterisk_cracks.png, Directory: dir7BFBE7152BD1F709E4A8AB545308CE6B
File: SearchPhrase_Chunk36.js, Directory: dirAAE153D476A857C192561F7A3BFE2D57
File: overlap_flowers_image_petals.png, Directory: dir7BFBE7152BD1F709E4A8AB545308CE6B
File: eight_circle_fan_symmetrical.png, Directory: dir7BFBE7152BD1F709E4A8AB545308CE6B
File: show_icon.png, Directory: dir301D0264053C1D31E4C443AA1728EE85
File: neon_breakup_broken_glass_splatter_paint_multicolor_magenta_yellow.png, Directory: dir7BFBE7152BD1F709E4A8AB545308CE6B
File: lock5.png, Directory: dir301D0264053C1D31E4C443AA1728EE85
File: zigzag_lightning_single_one_vertical.png, Directory: dir7BFBE7152BD1F709E4A8AB545308CE6B
File: 0027_blue.png, Directory: dirCF9519B65614710F6BDCEFAB09BAE21D
File: single_dot_medium.png, Directory: dir7BFBE7152BD1F709E4A8AB545308CE6B
File: Suck.htm, Directory: dirFBF7365A5264634AB5246E4024DA46BB
File: twelve_squares_fan_symmetrical.png, Directory: dir7BFBE7152BD1F709E4A8AB545308CE6B
File: six_pointed_star_hexagon.png, Directory: dir7BFBE7152BD1F709E4A8AB545308CE6B
File: network_ok.png, Directory: dir301D0264053C1D31E4C443AA1728EE85
File: 0020_purple1.png, Directory: dirCF9519B65614710F6BDCEFAB09BAE21D
File: Switch.htm, Directory: dirFBF7365A5264634AB5246E4024DA46BB
File: solid_arrow_right.png, Directory: dir7BFBE7152BD1F709E4A8AB545308CE6B
File: zigzag_checkered_spiral.png, Directory: dir7BFBE7152BD1F709E4A8AB545308CE6B
File: pointed_horizontal_breakup_medium.png, Directory: dir7BFBE7152BD1F709E4A8AB545308CE6B
File: SafetyWarnings1.htm, Directory: dirC813D43350262FBC3346A130A06ED7BF
File: six_pointed_star_rounded_petals_symmetrical.png, Directory: dir7BFBE7152BD1F709E4A8AB545308CE6B
File: eight_curved_iris_wedges.png, Directory: dir7BFBE7152BD1F709E4A8AB545308CE6B
File: single_ring_cone_medium.png, Directory: dir7BFBE7152BD1F709E4A8AB545308CE6B
File: multi_thin_lines_blur_pink_color.png, Directory: dir7BFBE7152BD1F709E4A8AB545308CE6B
File: three_squiggles_wave_triangle.png, Directory: dir7BFBE7152BD1F709E4A8AB545308CE6B
File: ResponsiveCollapseAllButton.png, Directory: dirB18C0EE27D64684ADC5C3CC0891E3399
File: show_pal5.png, Directory: dir301D0264053C1D31E4C443AA1728EE85
File: v_Red.htm, Directory: dirFBF7365A5264634AB5246E4024DA46BB
File: flower_mosaic_breakup_multi_net.png, Directory: dir7BFBE7152BD1F709E4A8AB545308CE6B
File: parked_output_val5_960x366.png, Directory: dir301D0264053C1D31E4C443AA1728EE85
File: cue_list_clock_trig5.png, Directory: dir301D0264053C1D31E4C443AA1728EE85
File: four_segmented_crescents_ring.png, Directory: dir7BFBE7152BD1F709E4A8AB545308CE6B
File: rounded_breakup_large.png, Directory: dir7BFBE7152BD1F709E4A8AB545308CE6B
File: start.png, Directory: dir301D0264053C1D31E4C443AA1728EE85
File: overlap_tiny_dots_rainbow_color_multicolor_cyan_magenta_yellow_green.png, Directory: dir7BFBE7152BD1F709E4A8AB545308CE6B
File: six_radial_wheel_ring_cone.png, Directory: dir7BFBE7152BD1F709E4A8AB545308CE6B
File: playback_pov.png, Directory: dir301D0264053C1D31E4C443AA1728EE85
File: twelve_dots_circle_border_large.png, Directory: dir7BFBE7152BD1F709E4A8AB545308CE6B
File: vis_wyg_config_7.png, Directory: dir301D0264053C1D31E4C443AA1728EE85
File: DMXAddress.htm, Directory: dirFBF7365A5264634AB5246E4024DA46BB
File: ctrl_pnl_disp_v5_960x610.png, Directory: dir301D0264053C1D31E4C443AA1728EE85
File: sixteen_twinkle_stars_multi.png, Directory: dir7BFBE7152BD1F709E4A8AB545308CE6B
File: DropDownOpen.gif, Directory: dirDE1604631C19C70F9C8F30BFD284C63B
File: playback_fader_manual.png, Directory: dir301D0264053C1D31E4C443AA1728EE85
File: circular_clouds_lines_rose_flower_fan_spin.png, Directory: dir7BFBE7152BD1F709E4A8AB545308CE6B
File: multi_four_point_stars.png, Directory: dir7BFBE7152BD1F709E4A8AB545308CE6B
File: six_curved_circles_rotating_medium.png, Directory: dir7BFBE7152BD1F709E4A8AB545308CE6B
File: lava_overlapping_ovals_circles_multicolor_cyan_magenta.png, Directory: dir7BFBE7152BD1F709E4A8AB545308CE6B
File: CommentMacros.htm, Directory: dir4906AD30EA0612325645F02F4BEB2740
File: indicator_chat_unread_38x38.png, Directory: dir301D0264053C1D31E4C443AA1728EE85
File: current_page_en.png, Directory: dir301D0264053C1D31E4C443AA1728EE85
File: ovals_net_breakup_multi_large_dots.png, Directory: dir7BFBE7152BD1F709E4A8AB545308CE6B
File: seventeen_twinkle_stars_multi.png, Directory: dir7BFBE7152BD1F709E4A8AB545308CE6B
File: six_paisley_teardrop_color_blue.png, Directory: dir7BFBE7152BD1F709E4A8AB545308CE6B
File: CueRecording.htm, Directory: dir429E2BE47FEE1102CC112010FC902992
File: glass_horizontal_lines_sunrise_sunset.png, Directory: dir7BFBE7152BD1F709E4A8AB545308CE6B
File: dots_fourdots_dotgrid.png, Directory: dir7BFBE7152BD1F709E4A8AB545308CE6B
File: PaletteInsMerRep.htm, Directory: dirA1A3397425DE95F5347E70E7B4149798
File: four_large_paisley_teardrop_color_pink.png, Directory: dir7BFBE7152BD1F709E4A8AB545308CE6B
File: twelve_triangle_wedges_circle_multi.png, Directory: dir7BFBE7152BD1F709E4A8AB545308CE6B
File: tiny_dots_thin_lines_spin_fan_spiral.png, Directory: dir7BFBE7152BD1F709E4A8AB545308CE6B
File: two_segmented_rings_small.png, Directory: dir7BFBE7152BD1F709E4A8AB545308CE6B
File: 0002_strawyellow.png, Directory: dirCF9519B65614710F6BDCEFAB09BAE21D
File: fix_user_nums5.png, Directory: dir301D0264053C1D31E4C443AA1728EE85
File: plybck_opt_cuelist_chase5_600x424.png, Directory: dir301D0264053C1D31E4C443AA1728EE85
File: bar_single_rectangle_big.png, Directory: dir7BFBE7152BD1F709E4A8AB545308CE6B
File: tiny_layered_spheres.png, Directory: dir7BFBE7152BD1F709E4A8AB545308CE6B
File: SupportReport.htm, Directory: dir89EA610D4F97992D0567E123129F87FD
File: TableEffects.htm, Directory: dir1B2A2472AB42112053DD12BE1660438C
File: merge_2_960x655.png, Directory: dir301D0264053C1D31E4C443AA1728EE85
File: FixtureAggregation.htm, Directory: dirE1F6960898D23EE4594C548D589D98C6
File: recorded_eligible_600x416.png, Directory: dir301D0264053C1D31E4C443AA1728EE85
File: eight_petal_overlay_radial.png, Directory: dir7BFBE7152BD1F709E4A8AB545308CE6B
File: purple_glass_breakup.png, Directory: dir7BFBE7152BD1F709E4A8AB545308CE6B
File: small_triangles_scattered_multi.png, Directory: dir7BFBE7152BD1F709E4A8AB545308CE6B
File: squiggle_fan_purple_pink_multicolor_pink_purple.png, Directory: dir7BFBE7152BD1F709E4A8AB545308CE6B
File: v_Value.htm, Directory: dirFBF7365A5264634AB5246E4024DA46BB
File: pal_global_fix5.png, Directory: dir301D0264053C1D31E4C443AA1728EE85
File: console_setting_midi_timecode5.png, Directory: dir301D0264053C1D31E4C443AA1728EE85
File: thin_multi_rectangular_color_blue_purple_border.png, Directory: dir7BFBE7152BD1F709E4A8AB545308CE6B
File: cloud_large.png, Directory: dir7BFBE7152BD1F709E4A8AB545308CE6B
File: burst_lines_sharp_blast.png, Directory: dir7BFBE7152BD1F709E4A8AB545308CE6B
File: Mobile.css, Directory: dirDE1604631C19C70F9C8F30BFD284C63B
File: 0008_widehorizontalfrost.png, Directory: dir6D583EA6C7A4916F30AECA4AC4DB133D
File: neon_lava_smudge_blend_purple_pink_multicolor.png, Directory: dir7BFBE7152BD1F709E4A8AB545308CE6B
File: firmware_reset_keys_960x390.png, Directory: dir301D0264053C1D31E4C443AA1728EE85
File: eight_legs_spiral_spin_fan.png, Directory: dir7BFBE7152BD1F709E4A8AB545308CE6B
File: multi_eight_point_stars.png, Directory: dir7BFBE7152BD1F709E4A8AB545308CE6B
File: communityActive.png, Directory: dirB18C0EE27D64684ADC5C3CC0891E3399
File: multi_dots_sun_ring.png, Directory: dir7BFBE7152BD1F709E4A8AB545308CE6B
File: thirteen_asymmetrical_dots_curved.png, Directory: dir7BFBE7152BD1F709E4A8AB545308CE6B
File: TechSpec_H418.htm, Directory: dirE616E725F39764101A897681B058E202
File: vis_wyg_config_2.png, Directory: dir301D0264053C1D31E4C443AA1728EE85
File: oval_overlap_layer_flower_color_pink_thin_petal.png, Directory: dir7BFBE7152BD1F709E4A8AB545308CE6B
File: circle_gun_scope_bars.png, Directory: dir7BFBE7152BD1F709E4A8AB545308CE6B
File: dots_breakup_medium.png, Directory: dir7BFBE7152BD1F709E4A8AB545308CE6B
File: cracks_thin_broken_zigzag_circle.png, Directory: dir7BFBE7152BD1F709E4A8AB545308CE6B
File: two_thick_crescents_fan.png, Directory: dir7BFBE7152BD1F709E4A8AB545308CE6B
File: 0007_nineface.png, Directory: dir0D973686163D66EE8454B4DA57145C33
File: HelpManualLogo_600x419.png, Directory: dir301D0264053C1D31E4C443AA1728EE85
File: magenta_purple_hole_ring.png, Directory: dir7BFBE7152BD1F709E4A8AB545308CE6B
File: browseActive_1.png, Directory: dirB18C0EE27D64684ADC5C3CC0891E3399
File: console_setting_midi_config5_600x383.png, Directory: dir301D0264053C1D31E4C443AA1728EE85
File: SearchPhrase_Chunk29.js, Directory: dirAAE153D476A857C192561F7A3BFE2D57
File: eight_horizontal_wave_stripes.png, Directory: dir7BFBE7152BD1F709E4A8AB545308CE6B
File: broken_glass_multicolor_shattered_blue_green.png, Directory: dir7BFBE7152BD1F709E4A8AB545308CE6B
File: overlapping_pink_sphere_bubbles_multi.png, Directory: dir7BFBE7152BD1F709E4A8AB545308CE6B
File: small_blob_dots_clouds_multi.png, Directory: dir7BFBE7152BD1F709E4A8AB545308CE6B
File: web_breakup_thin.png, Directory: dir7BFBE7152BD1F709E4A8AB545308CE6B
File: SearchTopic_Chunk4.js, Directory: dirAAE153D476A857C192561F7A3BFE2D57
File: damped.png, Directory: dir301D0264053C1D31E4C443AA1728EE85
File: 0035_pacificgreen.png, Directory: dirCF9519B65614710F6BDCEFAB09BAE21D
File: fade_mark_active5.png, Directory: dir301D0264053C1D31E4C443AA1728EE85
File: five_half_medium_spikes.png, Directory: dir7BFBE7152BD1F709E4A8AB545308CE6B
File: offcenter_dot_asymmetrical_one_large.png, Directory: dir7BFBE7152BD1F709E4A8AB545308CE6B
File: winctrl_max.png, Directory: dir301D0264053C1D31E4C443AA1728EE85
File: FixedKind.htm, Directory: dirFBF7365A5264634AB5246E4024DA46BB
File: zigzag_abstract_seven_circle.png, Directory: dir7BFBE7152BD1F709E4A8AB545308CE6B
File: symmetrical_kaleidoscope_shapes_triangle_square_circle.png, Directory: dir7BFBE7152BD1F709E4A8AB545308CE6B
File: plybck_opt_cuelist_tcode_src5.png, Directory: dir301D0264053C1D31E4C443AA1728EE85
File: four_section_border_circle.png, Directory: dir7BFBE7152BD1F709E4A8AB545308CE6B
File: shattered_glass_pointed_gradiant_breakup.png, Directory: dir7BFBE7152BD1F709E4A8AB545308CE6B
File: RatingStars.png, Directory: dirB18C0EE27D64684ADC5C3CC0891E3399
File: index.js, Directory: dir90F13DF2359462D0E6501FE5B26659D8
File: multi_wedges_breakup.png, Directory: dir7BFBE7152BD1F709E4A8AB545308CE6B
File: pointed_breakup_medium.png, Directory: dir7BFBE7152BD1F709E4A8AB545308CE6B
File: warped_circle_tunnel_fade.png, Directory: dir7BFBE7152BD1F709E4A8AB545308CE6B
File: plot_add_fixture_5.png, Directory: dir301D0264053C1D31E4C443AA1728EE85
File: FixBuild_Tutorial_Uno.htm, Directory: dir4DDC1C874BC664E97A383AFD2CB09114
File: dots_tri_three_horizontal.png, Directory: dir7BFBE7152BD1F709E4A8AB545308CE6B
File: cloud_breakup_medium.png, Directory: dir7BFBE7152BD1F709E4A8AB545308CE6B
File: six_fan_petals_circle_flower.png, Directory: dir7BFBE7152BD1F709E4A8AB545308CE6B
File: tiny_dots_color_blue_droplets.png, Directory: dir7BFBE7152BD1F709E4A8AB545308CE6B
File: playback_bar_w_template_5_960x65.png, Directory: dir301D0264053C1D31E4C443AA1728EE85
File: eleven_dots_radial_starburst_sun_symmetrical.png, Directory: dir7BFBE7152BD1F709E4A8AB545308CE6B
File: Glossary.js, Directory: dirAAE153D476A857C192561F7A3BFE2D57
File: cuelist5.png, Directory: dir301D0264053C1D31E4C443AA1728EE85
File: five_rings_tiny_dots.png, Directory: dir7BFBE7152BD1F709E4A8AB545308CE6B
File: Parameter.htm, Directory: dirFBF7365A5264634AB5246E4024DA46BB
File: shape_tool_5.png, Directory: dir301D0264053C1D31E4C443AA1728EE85
File: lines_hatch_grid_random.png, Directory: dir7BFBE7152BD1F709E4A8AB545308CE6B
File: SearchPhrase_Chunk17.js, Directory: dirAAE153D476A857C192561F7A3BFE2D57
File: TC.htm, Directory: dirEB1884289FDB2B8A3A7EA3D2480E5577
File: 0004_narrowverticalfrost.png, Directory: dir6D583EA6C7A4916F30AECA4AC4DB133D
File: radiation_three_wedge.png, Directory: dir7BFBE7152BD1F709E4A8AB545308CE6B
File: new-indicator.png, Directory: dirB18C0EE27D64684ADC5C3CC0891E3399
File: slot_toolbar_path.png, Directory: dir301D0264053C1D31E4C443AA1728EE85
File: hands_ten_3D_globe_multi_puzzle.png, Directory: dir7BFBE7152BD1F709E4A8AB545308CE6B
File: multi_geometric_breakup_medium.png, Directory: dir7BFBE7152BD1F709E4A8AB545308CE6B
File: winctrl_copy.png, Directory: dir301D0264053C1D31E4C443AA1728EE85
File: three_spiral_peppermint_color_blue_purple.png, Directory: dir7BFBE7152BD1F709E4A8AB545308CE6B
File: Web.css, Directory: dirDE1604631C19C70F9C8F30BFD284C63B
File: TechSpec_RH4_21.htm, Directory: dirE616E725F39764101A897681B058E202
File: tiny_rocks_pebbles_rings_cracks.png, Directory: dir7BFBE7152BD1F709E4A8AB545308CE6B
File: vertical_glass_bark_lines.png, Directory: dir7BFBE7152BD1F709E4A8AB545308CE6B
File: twelve_small_circles_border_color_purple.png, Directory: dir7BFBE7152BD1F709E4A8AB545308CE6B
File: hog_start_5_600x245.png, Directory: dir301D0264053C1D31E4C443AA1728EE85
File: three_ring_galaxy_planet_color_diagonal.png, Directory: dir7BFBE7152BD1F709E4A8AB545308CE6B
File: tiny_checkered_red_tunnel_color.png, Directory: dir7BFBE7152BD1F709E4A8AB545308CE6B
File: thin_curved_rings_wave_color.png, Directory: dir7BFBE7152BD1F709E4A8AB545308CE6B
File: multi_rounded_square_breakup.png, Directory: dir7BFBE7152BD1F709E4A8AB545308CE6B
File: fixture_tool_5.png, Directory: dir301D0264053C1D31E4C443AA1728EE85
File: cfx_add_2_5_960x536.png, Directory: dir301D0264053C1D31E4C443AA1728EE85
File: SceneContents.htm, Directory: dir070BAB3FED22BFAFF21D603A3F08F6D5
File: FB_CSP_Protocol.png, Directory: dir301D0264053C1D31E4C443AA1728EE85
File: GigHog.htm, Directory: dir4BE944CC52319BEEBBE027DB9BA856E7
File: 0057.png, Directory: dirCF9519B65614710F6BDCEFAB09BAE21D
File: View.htm, Directory: dirFBF7365A5264634AB5246E4024DA46BB
File: 0005_orange.png, Directory: dirCF9519B65614710F6BDCEFAB09BAE21D
File: small_squares_multi_sizes.png, Directory: dir7BFBE7152BD1F709E4A8AB545308CE6B
File: ss_w_agg5.png, Directory: dir301D0264053C1D31E4C443AA1728EE85
File: three_circles_tribal_rotating_right.png, Directory: dir7BFBE7152BD1F709E4A8AB545308CE6B
File: Fanning.htm, Directory: dir104759975766716C7047FC16D523E7B8
File: eleven_stars_galaxy_space.png, Directory: dir7BFBE7152BD1F709E4A8AB545308CE6B
File: small_round_pieces_warped_curved_multi.png, Directory: dir7BFBE7152BD1F709E4A8AB545308CE6B
File: multi_dots_small.png, Directory: dir7BFBE7152BD1F709E4A8AB545308CE6B
File: SearchPhrase_Chunk5.js, Directory: dirAAE153D476A857C192561F7A3BFE2D57
File: four_radial_cobblestone_rings.png, Directory: dir7BFBE7152BD1F709E4A8AB545308CE6B
File: five_inverted_fan_wedge_cones.png, Directory: dir7BFBE7152BD1F709E4A8AB545308CE6B
File: 0004_sixface.png, Directory: dir0D973686163D66EE8454B4DA57145C33
File: FB_CSP_3_5_600x531.png, Directory: dir301D0264053C1D31E4C443AA1728EE85
File: groupings_repeat.png, Directory: dir301D0264053C1D31E4C443AA1728EE85
File: ConsoleSetup.htm, Directory: dir4BE944CC52319BEEBBE027DB9BA856E7
File: 0001_closed.png, Directory: dirB6A48B5F0A2C9D42D5F3D11AD610CF6A
File: index-expanded.png, Directory: dirB18C0EE27D64684ADC5C3CC0891E3399
File: HogNet_NetworkAdapter_960x649.png, Directory: dir301D0264053C1D31E4C443AA1728EE85
File: ResponsiveSearchFilterActive.png, Directory: dirB18C0EE27D64684ADC5C3CC0891E3399
File: paint_diagonal_lines_thick.png, Directory: dir7BFBE7152BD1F709E4A8AB545308CE6B
File: vis_wyg_config_6.png, Directory: dir301D0264053C1D31E4C443AA1728EE85
File: square_stretched_curved.png, Directory: dir7BFBE7152BD1F709E4A8AB545308CE6B
File: Color_Space_HSV.htm, Directory: dirFBF7365A5264634AB5246E4024DA46BB
File: checkered_zigzag_tunnel.png, Directory: dir7BFBE7152BD1F709E4A8AB545308CE6B
File: Playback.htm, Directory: dir3399D43E8E0CB2368BC79B27F701792F
File: random_shattered_wedges.png, Directory: dir7BFBE7152BD1F709E4A8AB545308CE6B
File: sun_tribal_squiggle_circle.png, Directory: dir7BFBE7152BD1F709E4A8AB545308CE6B
File: OldShow.htm, Directory: dir59111B18C3A85535B8DD93AED5C7CB42
File: biohazard_big_segmented_circles.png, Directory: dir7BFBE7152BD1F709E4A8AB545308CE6B
File: plugins.min.js, Directory: dir61588760BB0E426A2E1C40CAD4CA6677
File: eight_symmetrical_ovals_wheel.png, Directory: dir7BFBE7152BD1F709E4A8AB545308CE6B
File: SearchPhrase_Chunk32.js, Directory: dirAAE153D476A857C192561F7A3BFE2D57
File: 0060.png, Directory: dirCF9519B65614710F6BDCEFAB09BAE21D
File: tiny_dots_circle_pattern_multi.png, Directory: dir7BFBE7152BD1F709E4A8AB545308CE6B
File: six_radial_fan_wedge.png, Directory: dir7BFBE7152BD1F709E4A8AB545308CE6B
File: sphere_basketweave_grid.png, Directory: dir7BFBE7152BD1F709E4A8AB545308CE6B
File: UndoRedo.htm, Directory: dir506C26B368C466EAAF42C3B612DDA6A7
File: tiny_triangle_border_multi_color_purple.png, Directory: dir7BFBE7152BD1F709E4A8AB545308CE6B
File: multi_ring_target_color_multicolor_blue_red_green_yellow_purple_teal.png, Directory: dir7BFBE7152BD1F709E4A8AB545308CE6B
File: ShowOptimize.htm, Directory: dir59111B18C3A85535B8DD93AED5C7CB42
File: wheelset_toolbar5_960x98.png, Directory: dir301D0264053C1D31E4C443AA1728EE85
File: add_proc5.png, Directory: dir301D0264053C1D31E4C443AA1728EE85
File: twelve_pointed_sun_big.png, Directory: dir7BFBE7152BD1F709E4A8AB545308CE6B
File: multicolor_bars_thin_random_red_blue_green_yellow_purple.png, Directory: dir7BFBE7152BD1F709E4A8AB545308CE6B
File: cross_symmetrical_wedges_divide_four.png, Directory: dir7BFBE7152BD1F709E4A8AB545308CE6B
File: media5_960x559.png, Directory: dir301D0264053C1D31E4C443AA1728EE85
File: Topic.css, Directory: dirDE1604631C19C70F9C8F30BFD284C63B
File: StageHog_layout.png, Directory: dir301D0264053C1D31E4C443AA1728EE85
File: circle_star_multi_pointed_spikes.png, Directory: dir7BFBE7152BD1F709E4A8AB545308CE6B
File: spider_mask_teardrop_layer_outline.png, Directory: dir7BFBE7152BD1F709E4A8AB545308CE6B
File: nine_small_dots_border_circle.png, Directory: dir7BFBE7152BD1F709E4A8AB545308CE6B
File: three_arm_fan_spin.png, Directory: dir7BFBE7152BD1F709E4A8AB545308CE6B
File: eight_dots_breakup_big.png, Directory: dir7BFBE7152BD1F709E4A8AB545308CE6B
File: New_Icon_Warning_Electric_Shock_whitefill.png, Directory: dirB8908DA68F0FFF4F8C8581F78213BDB8
File: five_triangle_wedge_spiral_fan.png, Directory: dir7BFBE7152BD1F709E4A8AB545308CE6B
File: twelve_petals_radial_symmetrical.png, Directory: dir7BFBE7152BD1F709E4A8AB545308CE6B
File: task_running.png, Directory: dir301D0264053C1D31E4C443AA1728EE85
File: pixelmap_tool_5.png, Directory: dir301D0264053C1D31E4C443AA1728EE85
File: Wheelsets.htm, Directory: dirCB638DC6BA628F7AD1A44426E433B19A
File: horizontal_wave_lines_multi.png, Directory: dir7BFBE7152BD1F709E4A8AB545308CE6B
File: SearchPhrase_Chunk34.js, Directory: dirAAE153D476A857C192561F7A3BFE2D57
File: four_rings_biohazard_symbol.png, Directory: dir7BFBE7152BD1F709E4A8AB545308CE6B
File: firmware_5.png, Directory: dir301D0264053C1D31E4C443AA1728EE85
File: eights_bars_lines_ovals_fan_flower.png, Directory: dir7BFBE7152BD1F709E4A8AB545308CE6B
File: glass_white_dot.png, Directory: dir7BFBE7152BD1F709E4A8AB545308CE6B
File: thin_ovals_fan_flower_multi_spin.png, Directory: dir7BFBE7152BD1F709E4A8AB545308CE6B
File: Hog_HTML5.css, Directory: dirF896BC2B2DB66ADAFF21F89DE7A4DDB5
File: Index.js, Directory: dirAAE153D476A857C192561F7A3BFE2D57
File: five_layer_horizontal_bars_pyramid.png, Directory: dir7BFBE7152BD1F709E4A8AB545308CE6B
File: HPC_4.png, Directory: dir301D0264053C1D31E4C443AA1728EE85
File: StarrEmpty.png, Directory: dirB18C0EE27D64684ADC5C3CC0891E3399
File: fade_mark_start5.png, Directory: dir301D0264053C1D31E4C443AA1728EE85
File: fb_mid6_5.png, Directory: dir301D0264053C1D31E4C443AA1728EE85
File: CopyMovePalettes.htm, Directory: dirA1A3397425DE95F5347E70E7B4149798
File: eight_jagged_rotating_pinwheel.png, Directory: dir7BFBE7152BD1F709E4A8AB545308CE6B
File: single_plus_cross.png, Directory: dir7BFBE7152BD1F709E4A8AB545308CE6B
File: single_horizontal_bar_medium.png, Directory: dir7BFBE7152BD1F709E4A8AB545308CE6B
File: glass_tiny_dots_maze.png, Directory: dir7BFBE7152BD1F709E4A8AB545308CE6B
File: vis_wyg_config_1.png, Directory: dir301D0264053C1D31E4C443AA1728EE85
File: wheels_toolbar5_960x37.png, Directory: dir301D0264053C1D31E4C443AA1728EE85
File: UDP.htm, Directory: dirFBF7365A5264634AB5246E4024DA46BB
File: fb_mid14_5.png, Directory: dir301D0264053C1D31E4C443AA1728EE85
File: two_tribal_circle.png, Directory: dir7BFBE7152BD1F709E4A8AB545308CE6B
File: sixteen_squares_grid.png, Directory: dir7BFBE7152BD1F709E4A8AB545308CE6B
File: arrow-up.png, Directory: dirB18C0EE27D64684ADC5C3CC0891E3399
File: five_rings_multi_dot_symmetrical.png, Directory: dir7BFBE7152BD1F709E4A8AB545308CE6B
File: spiral_spin_twist.png, Directory: dir7BFBE7152BD1F709E4A8AB545308CE6B
File: segmented_triangle_curved.png, Directory: dir7BFBE7152BD1F709E4A8AB545308CE6B
File: loading-32px.gif, Directory: dirB18C0EE27D64684ADC5C3CC0891E3399
File: PlotsIntro.htm, Directory: dir4B06B9CE32721023DA45AA4F5B064B42
File: interlocking_rings_big.png, Directory: dir7BFBE7152BD1F709E4A8AB545308CE6B
File: squiggle_thin_overlapping.png, Directory: dir7BFBE7152BD1F709E4A8AB545308CE6B
File: breakup_leaves_foliage.png, Directory: dir7BFBE7152BD1F709E4A8AB545308CE6B
File: 16b_add5_960x340.png, Directory: dir301D0264053C1D31E4C443AA1728EE85
File: eight_segmented_radial_wheel.png, Directory: dir7BFBE7152BD1F709E4A8AB545308CE6B
File: multi_crescent_wedges_rose_dot.png, Directory: dir7BFBE7152BD1F709E4A8AB545308CE6B
File: pgm_full_600x516.png, Directory: dir301D0264053C1D31E4C443AA1728EE85
File: curved_square_stretched_outline_four_wedges.png, Directory: dir7BFBE7152BD1F709E4A8AB545308CE6B
File: proc_home5.png, Directory: dir301D0264053C1D31E4C443AA1728EE85
File: multi_dots_medium_breakup.png, Directory: dir7BFBE7152BD1F709E4A8AB545308CE6B
File: two_fat_bars_symmetrical.png, Directory: dir7BFBE7152BD1F709E4A8AB545308CE6B
File: wedges_square_fan_spin_color_blue_purple.png, Directory: dir7BFBE7152BD1F709E4A8AB545308CE6B
File: explosion_circle_fan_paint.png, Directory: dir7BFBE7152BD1F709E4A8AB545308CE6B
File: visualizer_setup_no_ip.png, Directory: dir301D0264053C1D31E4C443AA1728EE85
File: replicated_fixture.png, Directory: dir301D0264053C1D31E4C443AA1728EE85
File: SearchPhrase_Chunk19.js, Directory: dirAAE153D476A857C192561F7A3BFE2D57
File: magnifying_glass.png, Directory: dirB18C0EE27D64684ADC5C3CC0891E3399
File: AddingFixture.htm, Directory: dirE1F6960898D23EE4594C548D589D98C6
File: NoDMXOutput_Builtin.htm, Directory: dir89EA610D4F97992D0567E123129F87FD
File: small_dot_grid_symmetrical.png, Directory: dir7BFBE7152BD1F709E4A8AB545308CE6B
File: console_setting_midi_timecode5_600x417.png, Directory: dir301D0264053C1D31E4C443AA1728EE85
File: output_window_colours_en_teal5.png, Directory: dir301D0264053C1D31E4C443AA1728EE85
File: 0012_conefrost.png, Directory: dir6D583EA6C7A4916F30AECA4AC4DB133D
File: DownloadInstallFixLib.htm, Directory: dir7DA94037655E84DCD759135C96771333
File: tiny_triangles_curved_multi.png, Directory: dir7BFBE7152BD1F709E4A8AB545308CE6B
File: thin_lines_wedge_curve_sun_spin_stripes_circle.png, Directory: dir7BFBE7152BD1F709E4A8AB545308CE6B
File: parked_output_src5_960x366.png, Directory: dir301D0264053C1D31E4C443AA1728EE85
File: ten_dots_border_circles_multi.png, Directory: dir7BFBE7152BD1F709E4A8AB545308CE6B
File: tribal_lines_grid_hatch.png, Directory: dir7BFBE7152BD1F709E4A8AB545308CE6B
File: one_horizontal_bar_line_thick.png, Directory: dir7BFBE7152BD1F709E4A8AB545308CE6B
File: using_live_touch_w_mask_2_en_5.png, Directory: dir301D0264053C1D31E4C443AA1728EE85
File: fire_flames_vertical_small.png, Directory: dir7BFBE7152BD1F709E4A8AB545308CE6B
File: SearchPhrase_Chunk3.js, Directory: dirAAE153D476A857C192561F7A3BFE2D57
File: pig_key5.png, Directory: dir301D0264053C1D31E4C443AA1728EE85
File: multi_pointed_bars_color_pink.png, Directory: dir7BFBE7152BD1F709E4A8AB545308CE6B
File: SearchPhrase_Chunk21.js, Directory: dirAAE153D476A857C192561F7A3BFE2D57
File: 0018_magenta1.png, Directory: dirCF9519B65614710F6BDCEFAB09BAE21D
File: TextEffects.css, Directory: dirDE1604631C19C70F9C8F30BFD284C63B
File: lines_sphere_thin_color_round.png, Directory: dir7BFBE7152BD1F709E4A8AB545308CE6B
File: spd_scaling5.png, Directory: dir301D0264053C1D31E4C443AA1728EE85
File: show_item_tool_5.png, Directory: dir301D0264053C1D31E4C443AA1728EE85
File: single_dot_big.png, Directory: dir7BFBE7152BD1F709E4A8AB545308CE6B
File: ImportExportCueList.htm, Directory: dir59111B18C3A85535B8DD93AED5C7CB42
File: AutoCreate.htm, Directory: dirE1F6960898D23EE4594C548D589D98C6
File: six_circle_wedge.png, Directory: dir7BFBE7152BD1F709E4A8AB545308CE6B
File: small_dots_multi.png, Directory: dir7BFBE7152BD1F709E4A8AB545308CE6B
File: mp_cust5.png, Directory: dir301D0264053C1D31E4C443AA1728EE85
File: OSCConfigIN.htm, Directory: dir5129A05B3C5DF7E91A6148CBEC3A96C7
File: vertical_lines_rectangle_geometric.png, Directory: dir7BFBE7152BD1F709E4A8AB545308CE6B
File: 0002_mediumfrost.png, Directory: dir6D583EA6C7A4916F30AECA4AC4DB133D
File: glass_checkerboard_color_blue_purple_small.png, Directory: dir7BFBE7152BD1F709E4A8AB545308CE6B
File: three_bar_fan_medium.png, Directory: dir7BFBE7152BD1F709E4A8AB545308CE6B
File: ShowChange.htm, Directory: dir59111B18C3A85535B8DD93AED5C7CB42
File: single_six_segmented_triangle_cone.png, Directory: dir7BFBE7152BD1F709E4A8AB545308CE6B
File: multi_dots_medium.png, Directory: dir7BFBE7152BD1F709E4A8AB545308CE6B
File: swirl_triangle_blur_shapes.png, Directory: dir7BFBE7152BD1F709E4A8AB545308CE6B
File: glass_fishscales.png, Directory: dir7BFBE7152BD1F709E4A8AB545308CE6B
File: multi_cloud_puffy_small.png, Directory: dir7BFBE7152BD1F709E4A8AB545308CE6B
File: eight_squiggle_rotating.png, Directory: dir7BFBE7152BD1F709E4A8AB545308CE6B
File: LTP.htm, Directory: dirFBF7365A5264634AB5246E4024DA46BB
File: zigzag_ring_breakup.png, Directory: dir7BFBE7152BD1F709E4A8AB545308CE6B
File: sixteen_rectangles_rows_lines_grid.png, Directory: dir7BFBE7152BD1F709E4A8AB545308CE6B
File: vert_wing_win5.png, Directory: dir301D0264053C1D31E4C443AA1728EE85
File: eight_asymmetrical_curved_pinwheel.png, Directory: dir7BFBE7152BD1F709E4A8AB545308CE6B
File: 0049.PNG, Directory: dirCF9519B65614710F6BDCEFAB09BAE21D
File: plot_num_show_5.png, Directory: dir301D0264053C1D31E4C443AA1728EE85
File: multi_bar_thin_border_green_multicolor.png, Directory: dir7BFBE7152BD1F709E4A8AB545308CE6B
File: fx_offset.png, Directory: dir301D0264053C1D31E4C443AA1728EE85
File: ten_circles_ring_pink.png, Directory: dir7BFBE7152BD1F709E4A8AB545308CE6B
File: FB_CSP_4_5.png, Directory: dir301D0264053C1D31E4C443AA1728EE85
File: thirteen_dots_ring_symmetrical.png, Directory: dir7BFBE7152BD1F709E4A8AB545308CE6B
File: triangle_thin.png, Directory: dir7BFBE7152BD1F709E4A8AB545308CE6B
File: cuelist_window_cue_running_5.png, Directory: dir301D0264053C1D31E4C443AA1728EE85
File: seven_circles_six_diamonds_symmetrical.png, Directory: dir7BFBE7152BD1F709E4A8AB545308CE6B
File: v_Green.htm, Directory: dirFBF7365A5264634AB5246E4024DA46BB
File: clr_dir5_sheet_600x409.png, Directory: dir301D0264053C1D31E4C443AA1728EE85
File: book-open.png, Directory: dirB18C0EE27D64684ADC5C3CC0891E3399
File: startup_macro5.png, Directory: dir301D0264053C1D31E4C443AA1728EE85
File: technowedge_red_spin.png, Directory: dir7BFBE7152BD1F709E4A8AB545308CE6B
File: firmware_reset_keys.png, Directory: dir301D0264053C1D31E4C443AA1728EE85
File: Parking.htm, Directory: dirF9235F3A8134F8266E4FFC7F7A31716E
File: grp_repeat_5.png, Directory: dir301D0264053C1D31E4C443AA1728EE85
File: highlow.htm, Directory: dirF9235F3A8134F8266E4FFC7F7A31716E
File: recorded.png, Directory: dir301D0264053C1D31E4C443AA1728EE85
File: UsingGroups.htm, Directory: dir2B73C4AF7D97B518FD415ECB6940F18F
File: SearchPhrase_Chunk50.js, Directory: dirAAE153D476A857C192561F7A3BFE2D57
File: single_four_point_thin_star.png, Directory: dir7BFBE7152BD1F709E4A8AB545308CE6B
File: playback_dashboard_menu.png, Directory: dir301D0264053C1D31E4C443AA1728EE85
File: SearchTopic_Chunk2.js, Directory: dirAAE153D476A857C192561F7A3BFE2D57
File: dots_sizes_five.png, Directory: dir7BFBE7152BD1F709E4A8AB545308CE6B
File: multicolor_overlapping_bars_pastel_cyan_magenta.png, Directory: dir7BFBE7152BD1F709E4A8AB545308CE6B
File: thirteen_thin_vertical_bars.png, Directory: dir7BFBE7152BD1F709E4A8AB545308CE6B
File: zigzag_swirl_lines_yellow_red_multicolor.png, Directory: dir7BFBE7152BD1F709E4A8AB545308CE6B
File: Mix_Spectral.htm, Directory: dirFBF7365A5264634AB5246E4024DA46BB
File: Palette.htm, Directory: dirFBF7365A5264634AB5246E4024DA46BB
File: tiny_lines_thumbprint_maze.png, Directory: dir7BFBE7152BD1F709E4A8AB545308CE6B
File: vis_wyg_config_4.png, Directory: dir301D0264053C1D31E4C443AA1728EE85
File: SafetyWarnings.htm, Directory: dirC813D43350262FBC3346A130A06ED7BF
File: plot_export_5.png, Directory: dir301D0264053C1D31E4C443AA1728EE85
File: three_circles_tribal_rotating_left.png, Directory: dir7BFBE7152BD1F709E4A8AB545308CE6B
File: inverted_star_five_curved_bars.png, Directory: dir7BFBE7152BD1F709E4A8AB545308CE6B
File: fbt_ch15_5.png, Directory: dir301D0264053C1D31E4C443AA1728EE85
File: ColorCoding.htm, Directory: dir3CED7FB55F25D98E1AF47F4B0F8B6ACD
File: sun_tribal_squiggle_circle_small_large.png, Directory: dir7BFBE7152BD1F709E4A8AB545308CE6B
File: sun_thin_lines_flames_multi_circle.png, Directory: dir7BFBE7152BD1F709E4A8AB545308CE6B
File: SPD_Graph.htm, Directory: dirFBF7365A5264634AB5246E4024DA46BB
File: single_dot_color_pink_medium.png, Directory: dir7BFBE7152BD1F709E4A8AB545308CE6B
File: loop_single_ring.png, Directory: dir7BFBE7152BD1F709E4A8AB545308CE6B
File: random_various_glass.png, Directory: dir7BFBE7152BD1F709E4A8AB545308CE6B
File: SearchPhrase_Chunk52.js, Directory: dirAAE153D476A857C192561F7A3BFE2D57
File: MIDIShowControl.htm, Directory: dirF4FE94F7D1F783D69C43259372E7A09E
File: glass_water_ripples.png, Directory: dir7BFBE7152BD1F709E4A8AB545308CE6B
File: fourteen_tilted_stars_animated.png, Directory: dir7BFBE7152BD1F709E4A8AB545308CE6B
File: Zoom.htm, Directory: dirFBF7365A5264634AB5246E4024DA46BB
File: fix_dotted_user_nums5.png, Directory: dir301D0264053C1D31E4C443AA1728EE85
File: multi_square_grid_lines_cross.png, Directory: dir7BFBE7152BD1F709E4A8AB545308CE6B
File: SceneRecording.htm, Directory: dir070BAB3FED22BFAFF21D603A3F08F6D5
File: fix_window_parked5.png, Directory: dir301D0264053C1D31E4C443AA1728EE85
File: lines_curved_bars_circle_multi.png, Directory: dir7BFBE7152BD1F709E4A8AB545308CE6B
File: 0019_frost.png, Directory: dir6D583EA6C7A4916F30AECA4AC4DB133D
File: multicolor_cloud_breakup_small_rainbow_red_blue_green_yellow_purple.png, Directory: dir7BFBE7152BD1F709E4A8AB545308CE6B
File: SearchPhrase_Chunk12.js, Directory: dirAAE153D476A857C192561F7A3BFE2D57
File: squiggle_breakup_patch.png, Directory: dir7BFBE7152BD1F709E4A8AB545308CE6B
File: six_rectangles_bars_fan.png, Directory: dir7BFBE7152BD1F709E4A8AB545308CE6B
File: swaptospreadsheet.png, Directory: dir301D0264053C1D31E4C443AA1728EE85
File: 10BaseT.htm, Directory: dirFBF7365A5264634AB5246E4024DA46BB
File: H4PCRemoval.htm, Directory: dir276877C9EE0952DB9877D40943F3E64C
File: vertical_wave_stripes.png, Directory: dir7BFBE7152BD1F709E4A8AB545308CE6B
File: five_pointed_star_small.png, Directory: dir7BFBE7152BD1F709E4A8AB545308CE6B
File: five_star_pinwheel_color_red.png, Directory: dir7BFBE7152BD1F709E4A8AB545308CE6B
File: few_tiny_dots_sparkle_space_color_purple_galaxy.png, Directory: dir7BFBE7152BD1F709E4A8AB545308CE6B
File: plybck_opt_cuelist_release_time5.png, Directory: dir301D0264053C1D31E4C443AA1728EE85
File: tribal_sun_radial_symmetrical.png, Directory: dir7BFBE7152BD1F709E4A8AB545308CE6B
File: SearchPhrase_Chunk44.js, Directory: dirAAE153D476A857C192561F7A3BFE2D57
File: indexActive_1_1.png, Directory: dirB18C0EE27D64684ADC5C3CC0891E3399
File: three_triangle_symmetrical.png, Directory: dir7BFBE7152BD1F709E4A8AB545308CE6B
File: blurred_glass_circle_golf.png, Directory: dir7BFBE7152BD1F709E4A8AB545308CE6B
File: breakup_multi_foliage_rectangles.png, Directory: dir7BFBE7152BD1F709E4A8AB545308CE6B
File: fb_mid7_5.png, Directory: dir301D0264053C1D31E4C443AA1728EE85
File: Rate.htm, Directory: dirFBF7365A5264634AB5246E4024DA46BB
File: proc_setting_output5_960x481.png, Directory: dir301D0264053C1D31E4C443AA1728EE85
File: 0013_mediumred.png, Directory: dirCF9519B65614710F6BDCEFAB09BAE21D
File: plots_dir5.png, Directory: dir301D0264053C1D31E4C443AA1728EE85
File: fourdots.png, Directory: dir7BFBE7152BD1F709E4A8AB545308CE6B
File: glass_cobblestone_color_teal_medium_breakup.png, Directory: dir7BFBE7152BD1F709E4A8AB545308CE6B
File: FB_CSP_4_5_600x530.png, Directory: dir301D0264053C1D31E4C443AA1728EE85
File: segmented_square_diamond_thin.png, Directory: dir7BFBE7152BD1F709E4A8AB545308CE6B
File: small_circle_droplet.png, Directory: dir7BFBE7152BD1F709E4A8AB545308CE6B
File: asymmetrical_swirls_curved_archs.png, Directory: dir7BFBE7152BD1F709E4A8AB545308CE6B
File: UsingPalettes.htm, Directory: dirA1A3397425DE95F5347E70E7B4149798
File: console_setting_midi_note_out5.png, Directory: dir301D0264053C1D31E4C443AA1728EE85
File: SearchPhrase_Chunk14.js, Directory: dirAAE153D476A857C192561F7A3BFE2D57
File: fix_window_parked5_960x143.png, Directory: dir301D0264053C1D31E4C443AA1728EE85
File: 0010_squarefrost.png, Directory: dir6D583EA6C7A4916F30AECA4AC4DB133D
File: ResponsiveRemoveHighlightsButton.png, Directory: dirB18C0EE27D64684ADC5C3CC0891E3399
File: views_direct5.png, Directory: dir301D0264053C1D31E4C443AA1728EE85
File: lightning_zigzag_large_thick.png, Directory: dir7BFBE7152BD1F709E4A8AB545308CE6B
File: broken_shattered_layer_pink_purple_paint_multicolor.png, Directory: dir7BFBE7152BD1F709E4A8AB545308CE6B
File: small_oval_fan_multi_spin_triangle.png, Directory: dir7BFBE7152BD1F709E4A8AB545308CE6B
File: breakup_broken_lines_shattered_multi.png, Directory: dir7BFBE7152BD1F709E4A8AB545308CE6B
File: OpenSoundControl_OSC_.htm, Directory: dirFBF7365A5264634AB5246E4024DA46BB
File: v_Blue.htm, Directory: dirFBF7365A5264634AB5246E4024DA46BB
File: SearchIcon_1.png, Directory: dirB18C0EE27D64684ADC5C3CC0891E3399
File: lava_blob_red_multicolor_red_yellow_purple.png, Directory: dir7BFBE7152BD1F709E4A8AB545308CE6B
File: dots_bubbles_filled_gradients.png, Directory: dir7BFBE7152BD1F709E4A8AB545308CE6B
File: v_CIE_x.htm, Directory: dirFBF7365A5264634AB5246E4024DA46BB
File: multi_squares_breakup.png, Directory: dir7BFBE7152BD1F709E4A8AB545308CE6B
File: index.mcwebhelp, Directory: dir90F13DF2359462D0E6501FE5B26659D8
File: TC_View.htm, Directory: dirEB1884289FDB2B8A3A7EA3D2480E5577
File: osc_config_in5_960x586.png, Directory: dir301D0264053C1D31E4C443AA1728EE85
File: X_L_xl_text_logo.png, Directory: dir7BFBE7152BD1F709E4A8AB545308CE6B
File: five_maze_puzzle_lines_tunnel.png, Directory: dir7BFBE7152BD1F709E4A8AB545308CE6B
File: plybck_opt_cuelist_manual_fader5_360x306.png, Directory: dir301D0264053C1D31E4C443AA1728EE85
File: lock5_360x312.png, Directory: dir301D0264053C1D31E4C443AA1728EE85
File: UnderstandingCuelists.htm, Directory: dir429E2BE47FEE1102CC112010FC902992
File: eighteen_square_border_small_color_red.png, Directory: dir7BFBE7152BD1F709E4A8AB545308CE6B
File: AutoPatch.htm, Directory: dirE1F6960898D23EE4594C548D589D98C6
File: using_live_suck_2_en_5.png, Directory: dir301D0264053C1D31E4C443AA1728EE85
File: CueWaitTime.htm, Directory: dir4937F9448319195033DF111F8C9A4E12
File: SearchStem_Chunk8.js, Directory: dirAAE153D476A857C192561F7A3BFE2D57
File: glass_color_blue_radial_ocean_wave.png, Directory: dir7BFBE7152BD1F709E4A8AB545308CE6B
File: winctrl_closeall.png, Directory: dir301D0264053C1D31E4C443AA1728EE85
File: patch_pnt5.png, Directory: dir301D0264053C1D31E4C443AA1728EE85
File: ParameterWheel.htm, Directory: dirFBF7365A5264634AB5246E4024DA46BB
File: medium_checkered_tunnel_medium.png, Directory: dir7BFBE7152BD1F709E4A8AB545308CE6B
File: zigzag_radial.png, Directory: dir7BFBE7152BD1F709E4A8AB545308CE6B
File: six_triangles_random_medium.png, Directory: dir7BFBE7152BD1F709E4A8AB545308CE6B
File: calibration_screen.png, Directory: dir301D0264053C1D31E4C443AA1728EE85
File: RemainderDim.htm, Directory: dirFBF7365A5264634AB5246E4024DA46BB
File: glass_water_breakup.png, Directory: dir7BFBE7152BD1F709E4A8AB545308CE6B
File: SearchPhrase_Chunk46.js, Directory: dirAAE153D476A857C192561F7A3BFE2D57
File: Intro_to_Macros.htm, Directory: dir4906AD30EA0612325645F02F4BEB2740
File: New_Icon_Note.png, Directory: dirB8908DA68F0FFF4F8C8581F78213BDB8
File: flower_petals_color_blue.png, Directory: dir7BFBE7152BD1F709E4A8AB545308CE6B
File: maze_map_one_puzzle_paths.png, Directory: dir7BFBE7152BD1F709E4A8AB545308CE6B
File: splatter_tiny_dots_lines.png, Directory: dir7BFBE7152BD1F709E4A8AB545308CE6B
File: twelve_inverted_interlocking_rings.png, Directory: dir7BFBE7152BD1F709E4A8AB545308CE6B
File: four_curved_diamonds_squares_symmetrical.png, Directory: dir7BFBE7152BD1F709E4A8AB545308CE6B
File: tiny_dot_color_yellow.png, Directory: dir7BFBE7152BD1F709E4A8AB545308CE6B
File: ReplacingTrackball.htm, Directory: dir0828A62CDE7C6CE38A06416C531F88C9
File: flowers_sixties.png, Directory: dir7BFBE7152BD1F709E4A8AB545308CE6B
File: SearchPhrase_Chunk20.js, Directory: dirAAE153D476A857C192561F7A3BFE2D57
File: FB_CSP_5_RGBL_5.png, Directory: dir301D0264053C1D31E4C443AA1728EE85
File: InstallingDriver.htm, Directory: dirDC400B2463EACEDD8C6FFFA0A2442745
File: New_Icon_Caution.png, Directory: dir7AF6A0C930E549D94C2D8FE050B5B4F8
File: Knockout.htm, Directory: dirFBF7365A5264634AB5246E4024DA46BB
File: PalettesDirectories.htm, Directory: dir506C26B368C466EAAF42C3B612DDA6A7
File: four_tribal_pinwheel.png, Directory: dir7BFBE7152BD1F709E4A8AB545308CE6B
File: playback_dashboard_pb_mr.png, Directory: dir301D0264053C1D31E4C443AA1728EE85
File: viz_0.png, Directory: dir301D0264053C1D31E4C443AA1728EE85
File: config_show_fewer5.png, Directory: dir301D0264053C1D31E4C443AA1728EE85
File: programmer_top_half.png, Directory: dir301D0264053C1D31E4C443AA1728EE85
File: line_bar_broadband_single_horizontal.png, Directory: dir7BFBE7152BD1F709E4A8AB545308CE6B
File: seventeen_dots_rings_small_large_flower_star.png, Directory: dir7BFBE7152BD1F709E4A8AB545308CE6B
File: playback_bar_5.png, Directory: dir301D0264053C1D31E4C443AA1728EE85
File: 0007_heavysquarefrost.png, Directory: dir6D583EA6C7A4916F30AECA4AC4DB133D
File: sixteen_petals_dot_flower_foliage.png, Directory: dir7BFBE7152BD1F709E4A8AB545308CE6B
File: New_Icon_Warning_General_whitefill.png, Directory: dir7AF6A0C930E549D94C2D8FE050B5B4F8
File: print5.png, Directory: dir301D0264053C1D31E4C443AA1728EE85
File: HPC_2.png, Directory: dir301D0264053C1D31E4C443AA1728EE85
File: single_zigzag_z_shape_one.png, Directory: dir7BFBE7152BD1F709E4A8AB545308CE6B
File: spin_arch_curve_circle.png, Directory: dir7BFBE7152BD1F709E4A8AB545308CE6B
File: red_rings_nineteen.png, Directory: dir7BFBE7152BD1F709E4A8AB545308CE6B
File: layered_cylinder_cross_x_color_multicolor_cyan_magenta_yellow_green.png, Directory: dir7BFBE7152BD1F709E4A8AB545308CE6B
File: 0006_eightface.png, Directory: dir0D973686163D66EE8454B4DA57145C33
File: arrow_up_horizontal_segmented.png, Directory: dir7BFBE7152BD1F709E4A8AB545308CE6B
File: thin_wave_curved_lines_thorns_layer_multi.png, Directory: dir7BFBE7152BD1F709E4A8AB545308CE6B
File: square_starburst_lines.png, Directory: dir7BFBE7152BD1F709E4A8AB545308CE6B
File: AutoUpdate.htm, Directory: dirF9235F3A8134F8266E4FFC7F7A31716E
File: PageUse.htm, Directory: dir1295D77647C34B08C40F04A047C6B38F
File: Mask.htm, Directory: dir3CED7FB55F25D98E1AF47F4B0F8B6ACD
File: H4PC_Operation.htm, Directory: dir276877C9EE0952DB9877D40943F3E64C
File: dip_sw.png, Directory: dir301D0264053C1D31E4C443AA1728EE85
File: single_twelve_point_star.png, Directory: dir7BFBE7152BD1F709E4A8AB545308CE6B
File: multi_curved_pointed_breakup_small.png, Directory: dir7BFBE7152BD1F709E4A8AB545308CE6B
File: network_upgrade.png, Directory: dir301D0264053C1D31E4C443AA1728EE85
File: cuelist_options_toolbar.png, Directory: dir301D0264053C1D31E4C443AA1728EE85
File: three_layer_multi_cylinder_ovals_flower.png, Directory: dir7BFBE7152BD1F709E4A8AB545308CE6B
File: SearchPhrase_Chunk10.js, Directory: dirAAE153D476A857C192561F7A3BFE2D57
File: dir_kind_mask5_600x707.png, Directory: dir301D0264053C1D31E4C443AA1728EE85
File: template.png, Directory: dir301D0264053C1D31E4C443AA1728EE85
File: SearchUrl_Chunk0.js, Directory: dirAAE153D476A857C192561F7A3BFE2D57
File: Hog_Manual.js, Directory: dir6A3D216280F87924386A8B77837E3037
File: squares_rectangles_breakup.png, Directory: dir7BFBE7152BD1F709E4A8AB545308CE6B
File: output_window_5_960x298.png, Directory: dir301D0264053C1D31E4C443AA1728EE85
File: FixBuildUI.htm, Directory: dir4DDC1C874BC664E97A383AFD2CB09114
File: 0037_turqoise.png, Directory: dirCF9519B65614710F6BDCEFAB09BAE21D
File: prefs_trackball5.png, Directory: dir301D0264053C1D31E4C443AA1728EE85
File: fb_mid10_5.png, Directory: dir301D0264053C1D31E4C443AA1728EE85
File: flames_spiral_fan_spin_foliage_lightning.png, Directory: dir7BFBE7152BD1F709E4A8AB545308CE6B
File: eleven_sunburst_asymmetrical.png, Directory: dir7BFBE7152BD1F709E4A8AB545308CE6B
File: ReportQueries.htm, Directory: dir7D044F2D594EAE0335E0674B82658F2B
File: pal_per_fix5_960x216.png, Directory: dir301D0264053C1D31E4C443AA1728EE85
File: multi_zigzag_tiny_z.png, Directory: dir7BFBE7152BD1F709E4A8AB545308CE6B
File: Effects.htm, Directory: dir1B2A2472AB42112053DD12BE1660438C
File: six_bar_fan_symmetrical_medium.png, Directory: dir7BFBE7152BD1F709E4A8AB545308CE6B
File: six_triangles_star_wave_fan_spiral_color_red.png, Directory: dir7BFBE7152BD1F709E4A8AB545308CE6B
File: spiral_spin_swirl_slices.png, Directory: dir7BFBE7152BD1F709E4A8AB545308CE6B
File: fb_mid18_5.png, Directory: dir301D0264053C1D31E4C443AA1728EE85
File: fire_explosion_fireworks_scattered_splatter_dots_tiny.png, Directory: dir7BFBE7152BD1F709E4A8AB545308CE6B
File: seven_asymmetrical_rings_thin.png, Directory: dir7BFBE7152BD1F709E4A8AB545308CE6B
File: 0011_lightsquarefrost.png, Directory: dir6D583EA6C7A4916F30AECA4AC4DB133D
File: swirl_rotating_right_color_blue.png, Directory: dir7BFBE7152BD1F709E4A8AB545308CE6B
File: spiral_sun_fan_swirl_wedges.png, Directory: dir7BFBE7152BD1F709E4A8AB545308CE6B
File: status_bar_config.png, Directory: dir301D0264053C1D31E4C443AA1728EE85
File: chosen_selected5_600x175.png, Directory: dir301D0264053C1D31E4C443AA1728EE85
File: star_thin_pointed_twelve_circle.png, Directory: dir7BFBE7152BD1F709E4A8AB545308CE6B
File: overlapping_rings_circles_flowers.png, Directory: dir7BFBE7152BD1F709E4A8AB545308CE6B
File: multi_crescent_boomerang_paint.png, Directory: dir7BFBE7152BD1F709E4A8AB545308CE6B
File: glass_broken_pieces_shattered_fragments_color_purple_blue.png, Directory: dir7BFBE7152BD1F709E4A8AB545308CE6B
File: network_syncing.png, Directory: dir301D0264053C1D31E4C443AA1728EE85
File: PlaybackWing.htm, Directory: dirFBF7365A5264634AB5246E4024DA46BB
File: 0008_brown.png, Directory: dirCF9519B65614710F6BDCEFAB09BAE21D
File: marble_swirl_mix_color_blue_purple.png, Directory: dir7BFBE7152BD1F709E4A8AB545308CE6B
File: Tracking.htm, Directory: dir506C26B368C466EAAF42C3B612DDA6A7
File: output_window_colours_en_bolddarkblue5_600x158.png, Directory: dir301D0264053C1D31E4C443AA1728EE85
File: eight_oval_ring_color_red.png, Directory: dir7BFBE7152BD1F709E4A8AB545308CE6B
File: ESD.htm, Directory: dirBB870C5ED2605CFCEDE6D58205CFE039
File: clr_cust5.png, Directory: dir301D0264053C1D31E4C443AA1728EE85
File: eight_dots_border_circle_cinema_red_color.png, Directory: dir7BFBE7152BD1F709E4A8AB545308CE6B
File: bullet_grey.png, Directory: dirB8908DA68F0FFF4F8C8581F78213BDB8
File: pointed_triangle_single_one_outline.png, Directory: dir7BFBE7152BD1F709E4A8AB545308CE6B
File: foundation.min.js, Directory: dir61588760BB0E426A2E1C40CAD4CA6677
File: sixteen_wavy_sun_color_red.png, Directory: dir7BFBE7152BD1F709E4A8AB545308CE6B
File: 0015_heavyconefrost.png, Directory: dir6D583EA6C7A4916F30AECA4AC4DB133D
File: Stage_Value.htm, Directory: dirFBF7365A5264634AB5246E4024DA46BB
File: dmx_output.png, Directory: dir301D0264053C1D31E4C443AA1728EE85
File: shattered_foliage_mix.png, Directory: dir7BFBE7152BD1F709E4A8AB545308CE6B
File: report.png, Directory: dir301D0264053C1D31E4C443AA1728EE85
File: thin_pointed_bars_lines_fan_circle_tunnel_multi_circle.png, Directory: dir7BFBE7152BD1F709E4A8AB545308CE6B
File: sun_squiggle_swirl_spiral.png, Directory: dir7BFBE7152BD1F709E4A8AB545308CE6B
File: tiny_twigs_small_lines_branches_multi.png, Directory: dir7BFBE7152BD1F709E4A8AB545308CE6B
File: Breakpoints.js, Directory: dirAAE153D476A857C192561F7A3BFE2D57
File: glass_water_swirl_blue_purple.png, Directory: dir7BFBE7152BD1F709E4A8AB545308CE6B
File: wtb_pinup.png, Directory: dir301D0264053C1D31E4C443AA1728EE85
File: glass_swirl_color_blue.png, Directory: dir7BFBE7152BD1F709E4A8AB545308CE6B
File: foliage_leaf_medium_breakup.png, Directory: dir7BFBE7152BD1F709E4A8AB545308CE6B
File: spin_spiral_swirl_peppermint_color_swirl_blue.png, Directory: dir7BFBE7152BD1F709E4A8AB545308CE6B
File: three_circles_dots_random.png, Directory: dir7BFBE7152BD1F709E4A8AB545308CE6B
File: 0055.PNG, Directory: dirCF9519B65614710F6BDCEFAB09BAE21D
File: multi_crescent_arches_medium.png, Directory: dir7BFBE7152BD1F709E4A8AB545308CE6B
File: Virtual_Color.htm, Directory: dirFBF7365A5264634AB5246E4024DA46BB
File: 3D_star_single_one.png, Directory: dir7BFBE7152BD1F709E4A8AB545308CE6B
File: CueContentsEdit.htm, Directory: dir429E2BE47FEE1102CC112010FC902992
File: overlapping_squares_cards_spiral_fan.png, Directory: dir7BFBE7152BD1F709E4A8AB545308CE6B
File: cross_flower_bubble.png, Directory: dir7BFBE7152BD1F709E4A8AB545308CE6B
File: five_crescents_color_yellow_spiral_spin.png, Directory: dir7BFBE7152BD1F709E4A8AB545308CE6B
File: 0058.png, Directory: dirCF9519B65614710F6BDCEFAB09BAE21D
File: glass_frost_wavey_texture.png, Directory: dir7BFBE7152BD1F709E4A8AB545308CE6B
File: 3D_puzzle_starburst_cones.png, Directory: dir7BFBE7152BD1F709E4A8AB545308CE6B
File: show_state5.png, Directory: dir301D0264053C1D31E4C443AA1728EE85
File: jquery.min.js, Directory: dir61588760BB0E426A2E1C40CAD4CA6677
File: MediaPickerOverview.htm, Directory: dir158F969D79590B25CF1C2A5D8BF8C587
File: TextEffects.micro-content.css, Directory: dirDE1604631C19C70F9C8F30BFD284C63B
File: OSCConfigOUT.htm, Directory: dir5129A05B3C5DF7E91A6148CBEC3A96C7
File: Rows_8pt.css, Directory: dirDBDC99A262A4FAA84D627E9B94AD3076
File: curved_breakup_small.png, Directory: dir7BFBE7152BD1F709E4A8AB545308CE6B
File: fb_mid9_5.png, Directory: dir301D0264053C1D31E4C443AA1728EE85
File: glass_vertical_foliage.png, Directory: dir7BFBE7152BD1F709E4A8AB545308CE6B
File: multi_speckles_dots_tiny.png, Directory: dir7BFBE7152BD1F709E4A8AB545308CE6B
File: snakeskin_net_swirl_blob.png, Directory: dir7BFBE7152BD1F709E4A8AB545308CE6B
File: nine_thick_vertical_bars.png, Directory: dir7BFBE7152BD1F709E4A8AB545308CE6B
File: swirl_color_blue_purple.png, Directory: dir7BFBE7152BD1F709E4A8AB545308CE6B
File: FileBrowser.htm, Directory: dir506C26B368C466EAAF42C3B612DDA6A7
File: glass_diagonal_lines_clear.png, Directory: dir7BFBE7152BD1F709E4A8AB545308CE6B
File: winctrl_size.png, Directory: dir301D0264053C1D31E4C443AA1728EE85
File: five_small_crescent_fan_spin_color_yellow.png, Directory: dir7BFBE7152BD1F709E4A8AB545308CE6B
File: FB_CSP_1_5.png, Directory: dir301D0264053C1D31E4C443AA1728EE85
File: sixteen_wedge_radial_fan_symmetrical.png, Directory: dir7BFBE7152BD1F709E4A8AB545308CE6B
File: RecordingPalette.htm, Directory: dirA1A3397425DE95F5347E70E7B4149798
File: two_adjoined_dots_medium.png, Directory: dir7BFBE7152BD1F709E4A8AB545308CE6B
File: PlotsEdit.htm, Directory: dir4B06B9CE32721023DA45AA4F5B064B42
File: glass_diagonal_paint_lines_stripes_color_pink_sunrise.png, Directory: dir7BFBE7152BD1F709E4A8AB545308CE6B
File: sunflower_flower_petals_.png, Directory: dir7BFBE7152BD1F709E4A8AB545308CE6B
File: eleven_sunburst_asymmetrical_color_blue.png, Directory: dir7BFBE7152BD1F709E4A8AB545308CE6B
File: ovals_radial_pie.png, Directory: dir7BFBE7152BD1F709E4A8AB545308CE6B
File: SearchPhrase_Chunk48.js, Directory: dirAAE153D476A857C192561F7A3BFE2D57
File: FadeTime.htm, Directory: dirFBF7365A5264634AB5246E4024DA46BB
File: Crossfade.htm, Directory: dirFBF7365A5264634AB5246E4024DA46BB
File: IndividualParaTiming.htm, Directory: dir4937F9448319195033DF111F8C9A4E12
File: eight_rectangles_curved_multi_checkered.png, Directory: dir7BFBE7152BD1F709E4A8AB545308CE6B
File: squares_rectangles_multi.png, Directory: dir7BFBE7152BD1F709E4A8AB545308CE6B
File: direct.png, Directory: dir301D0264053C1D31E4C443AA1728EE85
File: ConfigPC.htm, Directory: dirDC400B2463EACEDD8C6FFFA0A2442745
File: accelerate.png, Directory: dir301D0264053C1D31E4C443AA1728EE85
File: eight_arrow_radial_fan_symmetrical.png, Directory: dir7BFBE7152BD1F709E4A8AB545308CE6B
File: plybck_opt_cuelist_pile_add_fx5.png, Directory: dir301D0264053C1D31E4C443AA1728EE85
File: thirteen_overlapping_lace_circles_radial_symmetrical.png, Directory: dir7BFBE7152BD1F709E4A8AB545308CE6B
File: plybck_opt_cuelist_release_other_go5.png, Directory: dir301D0264053C1D31E4C443AA1728EE85
File: planet_orbit_ovals_circles_big.png, Directory: dir7BFBE7152BD1F709E4A8AB545308CE6B
File: multidot_dots_sizes_eight.png, Directory: dir7BFBE7152BD1F709E4A8AB545308CE6B
File: CommandKeyAction.htm, Directory: dirFC7559CFE1102D19ECDAABCC2BEF6B65
File: six_point_cross_star_multicolor_dot_red.png, Directory: dir7BFBE7152BD1F709E4A8AB545308CE6B
File: single_five_point_star_spikes.png, Directory: dir7BFBE7152BD1F709E4A8AB545308CE6B
File: Styles.css, Directory: dirDE1604631C19C70F9C8F30BFD284C63B
File: TechSpec_MasterWing.htm, Directory: dirE616E725F39764101A897681B058E202
File: SearchPhrase_Chunk37.js, Directory: dirAAE153D476A857C192561F7A3BFE2D57
File: tiny_dot_speck_rows_multi.png, Directory: dir7BFBE7152BD1F709E4A8AB545308CE6B
File: fb_mid22_5.png, Directory: dir301D0264053C1D31E4C443AA1728EE85
File: purple_tunnel_linetunnel_indigo_chicklet.png, Directory: dir7BFBE7152BD1F709E4A8AB545308CE6B
File: cross_target_twelve_segments_breakup.png, Directory: dir7BFBE7152BD1F709E4A8AB545308CE6B
File: multi_triangel_breakup_medium.png, Directory: dir7BFBE7152BD1F709E4A8AB545308CE6B
File: 0067.png, Directory: dirCF9519B65614710F6BDCEFAB09BAE21D
File: multi-dots_small_spaced_moon.png, Directory: dir7BFBE7152BD1F709E4A8AB545308CE6B
File: multi_wedge_fan_circle.png, Directory: dir7BFBE7152BD1F709E4A8AB545308CE6B
File: curved_square_breakup_lines_grid_multi.png, Directory: dir7BFBE7152BD1F709E4A8AB545308CE6B
File: CleaningFaders.htm, Directory: dir0828A62CDE7C6CE38A06416C531F88C9
File: HelpManualLogo.png, Directory: dir301D0264053C1D31E4C443AA1728EE85
File: fire_multi_vertical_small.png, Directory: dir7BFBE7152BD1F709E4A8AB545308CE6B
File: SafetyWarnings3.htm, Directory: dirC813D43350262FBC3346A130A06ED7BF
File: small_cutout_shapes_globe_multi.png, Directory: dir7BFBE7152BD1F709E4A8AB545308CE6B
File: arrow-down.png, Directory: dirB18C0EE27D64684ADC5C3CC0891E3399
File: TimingBasics.htm, Directory: dir4937F9448319195033DF111F8C9A4E12
File: newfolder5.png, Directory: dir301D0264053C1D31E4C443AA1728EE85
File: cuelist_with_loop5.png, Directory: dir301D0264053C1D31E4C443AA1728EE85
File: Scenes.htm, Directory: dir070BAB3FED22BFAFF21D603A3F08F6D5
File: 0066.png, Directory: dirCF9519B65614710F6BDCEFAB09BAE21D
File: auto_update_mask5_960x101.png, Directory: dir301D0264053C1D31E4C443AA1728EE85
File: LTP.htm, Directory: dir3399D43E8E0CB2368BC79B27F701792F
File: dir_item_clr5.png, Directory: dir301D0264053C1D31E4C443AA1728EE85
File: ResponsiveRatingStarFilled.png, Directory: dirB18C0EE27D64684ADC5C3CC0891E3399
File: zigzag_broken_cracks_circle.png, Directory: dir7BFBE7152BD1F709E4A8AB545308CE6B
File: VirtualMasterPlayback.htm, Directory: dir3399D43E8E0CB2368BC79B27F701792F
File: horizontal_thick_lines_curve.png, Directory: dir7BFBE7152BD1F709E4A8AB545308CE6B
File: 0045.png, Directory: dirCF9519B65614710F6BDCEFAB09BAE21D
File: sun_spiral_drip_thin_blue_purple_multicolor.png, Directory: dir7BFBE7152BD1F709E4A8AB545308CE6B
File: output_window_colours_en_bolddarkblue5.png, Directory: dir301D0264053C1D31E4C443AA1728EE85
File: glass_grid-cylinder_oval_map.png, Directory: dir7BFBE7152BD1F709E4A8AB545308CE6B
File: Pixelmap.htm, Directory: dirFBF7365A5264634AB5246E4024DA46BB
File: nine_thick_horizontal_bars.png, Directory: dir7BFBE7152BD1F709E4A8AB545308CE6B
File: wtb_close.png, Directory: dir301D0264053C1D31E4C443AA1728EE85
File: small_stones_circle_asymmetrical.png, Directory: dir7BFBE7152BD1F709E4A8AB545308CE6B
File: broken_square_shapes_shattered_breakup.png, Directory: dir7BFBE7152BD1F709E4A8AB545308CE6B
File: lines_triangles_spin_fan_star.png, Directory: dir7BFBE7152BD1F709E4A8AB545308CE6B
File: multicolor_six_lines_star_rainbow_red_yellow_blue_green_purple_teal.png, Directory: dir7BFBE7152BD1F709E4A8AB545308CE6B
File: twelve_dots_circle_wedge_ring.png, Directory: dir7BFBE7152BD1F709E4A8AB545308CE6B
File: Page.htm, Directory: dirFBF7365A5264634AB5246E4024DA46BB
File: SearchPhrase_Chunk40.js, Directory: dirAAE153D476A857C192561F7A3BFE2D57
File: multi_palm_leafs_medium.png, Directory: dir7BFBE7152BD1F709E4A8AB545308CE6B
File: multi_zigzag_radial_pinwheel_thin.png, Directory: dir7BFBE7152BD1F709E4A8AB545308CE6B
File: shattered_glass_multicolor_fire_breakup_red_orange_yellow.png, Directory: dir7BFBE7152BD1F709E4A8AB545308CE6B
File: fourteen_bars_fan_spiral_spin.png, Directory: dir7BFBE7152BD1F709E4A8AB545308CE6B
File: TechSpec_HH4n.htm, Directory: dirE616E725F39764101A897681B058E202
File: eight_pointed_wedge_fan_symmetrical.png, Directory: dir7BFBE7152BD1F709E4A8AB545308CE6B
File: offcanvas.css, Directory: dirDE1604631C19C70F9C8F30BFD284C63B
File: 3D_pointed_star_stripes_ball_color_red.png, Directory: dir7BFBE7152BD1F709E4A8AB545308CE6B
File: glass_shattered_multi_cracks_foliage_color_purple_green.png, Directory: dir7BFBE7152BD1F709E4A8AB545308CE6B
File: glass_multicolor_puzzle_shattered_breakup_medium_yellow_blue_purple_teal.png, Directory: dir7BFBE7152BD1F709E4A8AB545308CE6B
File: 0001_cto.png, Directory: dirCF9519B65614710F6BDCEFAB09BAE21D
File: playback_priority_low.png, Directory: dir301D0264053C1D31E4C443AA1728EE85
File: FixtureBuilder.htm, Directory: dir4DDC1C874BC664E97A383AFD2CB09114
File: HogNet.htm, Directory: dir4BE944CC52319BEEBBE027DB9BA856E7
File: eight_rotating_right_archs_symmetrical.png, Directory: dir7BFBE7152BD1F709E4A8AB545308CE6B
File: 0002_fourface.png, Directory: dir0D973686163D66EE8454B4DA57145C33
File: winctrl_arrows.png, Directory: dir301D0264053C1D31E4C443AA1728EE85
File: five_multicolor_curved_zigzag_bars_pink.png, Directory: dir7BFBE7152BD1F709E4A8AB545308CE6B
File: glass_honeycomb_sand.png, Directory: dir7BFBE7152BD1F709E4A8AB545308CE6B
File: sun_thin_rays_circle.png, Directory: dir7BFBE7152BD1F709E4A8AB545308CE6B
File: glass_crater_color_purple_big.png, Directory: dir7BFBE7152BD1F709E4A8AB545308CE6B
File: ManagingFixtures.htm, Directory: dirE1F6960898D23EE4594C548D589D98C6
File: 0006_darkamber.png, Directory: dirCF9519B65614710F6BDCEFAB09BAE21D
File: HogNet_LinkState_960x649.png, Directory: dir301D0264053C1D31E4C443AA1728EE85
File: arrow_up.png, Directory: dir7BFBE7152BD1F709E4A8AB545308CE6B
File: fourdots_dotsline_horizontal.png, Directory: dir7BFBE7152BD1F709E4A8AB545308CE6B
File: inverted_ripple_texture_breakup_medium.png, Directory: dir7BFBE7152BD1F709E4A8AB545308CE6B
File: SceneTiming.htm, Directory: dir070BAB3FED22BFAFF21D603A3F08F6D5
File: fifteen_curved_petals_radial_symmetrical.png, Directory: dir7BFBE7152BD1F709E4A8AB545308CE6B
File: fanned_timings5_960x448.png, Directory: dir301D0264053C1D31E4C443AA1728EE85
File: edit-profile.png, Directory: dirB18C0EE27D64684ADC5C3CC0891E3399
File: MediaPicker.htm, Directory: dir158F969D79590B25CF1C2A5D8BF8C587
File: archived_icon.png, Directory: dir301D0264053C1D31E4C443AA1728EE85
File: chase.png, Directory: dir301D0264053C1D31E4C443AA1728EE85
File: plybck_opt_cuelist_is_chase5.png, Directory: dir301D0264053C1D31E4C443AA1728EE85
File: BuildFixTypes.htm, Directory: dir4DDC1C874BC664E97A383AFD2CB09114
File: MarkCues.htm, Directory: dir429E2BE47FEE1102CC112010FC902992
File: select_invert5.png, Directory: dir301D0264053C1D31E4C443AA1728EE85
File: dots_gatlin_multi_thirteen_phone.png, Directory: dir7BFBE7152BD1F709E4A8AB545308CE6B
File: Master.htm, Directory: dirFBF7365A5264634AB5246E4024DA46BB
File: 0034_paleblue.png, Directory: dirCF9519B65614710F6BDCEFAB09BAE21D
File: multi_dots_small_breakup.png, Directory: dir7BFBE7152BD1F709E4A8AB545308CE6B
File: 0014_rosered.png, Directory: dirCF9519B65614710F6BDCEFAB09BAE21D
File: vertical_thick_lines_bulge_wave.png, Directory: dir7BFBE7152BD1F709E4A8AB545308CE6B
File: SearchPhrase_Chunk41.js, Directory: dirAAE153D476A857C192561F7A3BFE2D57
File: basic_plot5_600x436.png, Directory: dir301D0264053C1D31E4C443AA1728EE85
File: four_curved_star_symmetrical.png, Directory: dir7BFBE7152BD1F709E4A8AB545308CE6B
File: TechSpec_TourHog.htm, Directory: dirE616E725F39764101A897681B058E202
File: clock_trigger5_600x417.png, Directory: dir301D0264053C1D31E4C443AA1728EE85
File: CommandKeyOverview.htm, Directory: dirFC7559CFE1102D19ECDAABCC2BEF6B65
File: red_rotating_radial_foliage_breakup.png, Directory: dir7BFBE7152BD1F709E4A8AB545308CE6B
File: multi_stars_rotating_right_concentric_rings_tunnel.png, Directory: dir7BFBE7152BD1F709E4A8AB545308CE6B
File: eight_rotating_right_flags_radial_triangles_color_blue.png, Directory: dir7BFBE7152BD1F709E4A8AB545308CE6B
File: center_wheel_use.png, Directory: dir301D0264053C1D31E4C443AA1728EE85
File: fan_ex_2_5.png.png, Directory: dir301D0264053C1D31E4C443AA1728EE85
File: ResponsiveMenuButton.png, Directory: dirB18C0EE27D64684ADC5C3CC0891E3399
File: SearchStem_Chunk1.js, Directory: dirAAE153D476A857C192561F7A3BFE2D57
File: GigHog_layout_960x326.png, Directory: dir301D0264053C1D31E4C443AA1728EE85
File: breakup_grid_curves_puzzle.png, Directory: dir7BFBE7152BD1F709E4A8AB545308CE6B
File: six_radial_crescent_petals_symmetrical.png, Directory: dir7BFBE7152BD1F709E4A8AB545308CE6B
File: EULA.htm, Directory: dirBB870C5ED2605CFCEDE6D58205CFE039
File: Toolbar.htm, Directory: dirFBF7365A5264634AB5246E4024DA46BB
File: twelve_interlocking_pointed_triangles_curved_bars.png, Directory: dir7BFBE7152BD1F709E4A8AB545308CE6B
File: frost_glass_swirl.png, Directory: dir7BFBE7152BD1F709E4A8AB545308CE6B
File: three_branches_squiggles_multi_foliage.png, Directory: dir7BFBE7152BD1F709E4A8AB545308CE6B
File: three_segmented_keltic_knot.png, Directory: dir7BFBE7152BD1F709E4A8AB545308CE6B
File: ReplicatingFixtures.htm, Directory: dirE1F6960898D23EE4594C548D589D98C6
File: VirtualUserNumber.htm, Directory: dirFBF7365A5264634AB5246E4024DA46BB
File: glass_golf_holes_pores.png, Directory: dir7BFBE7152BD1F709E4A8AB545308CE6B
File: FixBuildConcepts.htm, Directory: dir4DDC1C874BC664E97A383AFD2CB09114
File: vertical_thin_squiggle_lines_flames.png, Directory: dir7BFBE7152BD1F709E4A8AB545308CE6B
File: ctrl_pnl_disp_v5.png, Directory: dir301D0264053C1D31E4C443AA1728EE85
File: InhibitiveSubmaster.htm, Directory: dirFBF7365A5264634AB5246E4024DA46BB
File: Search.js, Directory: dirAAE153D476A857C192561F7A3BFE2D57
File: four_dots_spirals_galaxy_swirl_fan.png, Directory: dir7BFBE7152BD1F709E4A8AB545308CE6B
File: diagonal_blurred_oval.png, Directory: dir7BFBE7152BD1F709E4A8AB545308CE6B
File: glass_stems_dots_thin_lines.png, Directory: dir7BFBE7152BD1F709E4A8AB545308CE6B
File: require.config.js, Directory: dir61588760BB0E426A2E1C40CAD4CA6677
File: single_dot_small.png, Directory: dir7BFBE7152BD1F709E4A8AB545308CE6B
File: fb_mid12_5.png, Directory: dir301D0264053C1D31E4C443AA1728EE85
File: FCC_Info.htm, Directory: dirCAE2967671FF55BA027016B8054C0AC2
File: ModifierKeys.htm, Directory: dir506C26B368C466EAAF42C3B612DDA6A7
File: Serrano_keymapping.png, Directory: dir301D0264053C1D31E4C443AA1728EE85
File: asymmetrical_curves_dots_big.png, Directory: dir7BFBE7152BD1F709E4A8AB545308CE6B
File: InsertMergeReplace.htm, Directory: dir2B73C4AF7D97B518FD415ECB6940F18F
File: dots_four_large.png, Directory: dir7BFBE7152BD1F709E4A8AB545308CE6B
File: PageChange.htm, Directory: dir1295D77647C34B08C40F04A047C6B38F
File: swirl_spiral_spin.png, Directory: dir7BFBE7152BD1F709E4A8AB545308CE6B
File: four_slice_wedges_cross.png, Directory: dir7BFBE7152BD1F709E4A8AB545308CE6B
File: macro_window_5.png, Directory: dir301D0264053C1D31E4C443AA1728EE85
File: HTML_for_Console.mclog, Directory: dir90F13DF2359462D0E6501FE5B26659D8
File: intens_kind_editor5.png, Directory: dir301D0264053C1D31E4C443AA1728EE85
File: merge_4.png, Directory: dir301D0264053C1D31E4C443AA1728EE85
File: 0050.PNG, Directory: dirCF9519B65614710F6BDCEFAB09BAE21D
File: FB_Sum1_5.png, Directory: dir301D0264053C1D31E4C443AA1728EE85
File: fb_mid1_5_960x393.png, Directory: dir301D0264053C1D31E4C443AA1728EE85
File: single_horizontal_bar_line_one.png, Directory: dir7BFBE7152BD1F709E4A8AB545308CE6B
File: single_web_radial_big.png, Directory: dir7BFBE7152BD1F709E4A8AB545308CE6B
File: eight_sun_rays_fan_pointed.png, Directory: dir7BFBE7152BD1F709E4A8AB545308CE6B
File: cuelist_directory5.png, Directory: dir301D0264053C1D31E4C443AA1728EE85
File: water_cloud_small_breakup.png, Directory: dir7BFBE7152BD1F709E4A8AB545308CE6B
File: interlocking_bubbles_rings_small.png, Directory: dir7BFBE7152BD1F709E4A8AB545308CE6B
File: multi_small_rocks_3D.png, Directory: dir7BFBE7152BD1F709E4A8AB545308CE6B
File: multi_stars_splats.png, Directory: dir7BFBE7152BD1F709E4A8AB545308CE6B
File: warped_checkered_kaleidoscope.png, Directory: dir7BFBE7152BD1F709E4A8AB545308CE6B
File: Editor.htm, Directory: dirFBF7365A5264634AB5246E4024DA46BB
File: brokenglass_glass_conglomerate.png, Directory: dir7BFBE7152BD1F709E4A8AB545308CE6B
File: v_Saturation.htm, Directory: dirFBF7365A5264634AB5246E4024DA46BB
File: five_segmented_rings_tunnel_scope.png, Directory: dir7BFBE7152BD1F709E4A8AB545308CE6B
File: OpenBookIcon_1_1.png, Directory: dirB18C0EE27D64684ADC5C3CC0891E3399
File: six_horizontal_bars_ovals_stripes_lines.png, Directory: dir7BFBE7152BD1F709E4A8AB545308CE6B
File: six_pointed_star_slats_thin.png, Directory: dir7BFBE7152BD1F709E4A8AB545308CE6B
File: FB_CSP_6_SimpleStrobe_5.png, Directory: dir301D0264053C1D31E4C443AA1728EE85
File: lines_vertical_fat_messy_zebra.png, Directory: dir7BFBE7152BD1F709E4A8AB545308CE6B
File: six_shooting_star_tail.png, Directory: dir7BFBE7152BD1F709E4A8AB545308CE6B
File: threedots_gatlin.png, Directory: dir7BFBE7152BD1F709E4A8AB545308CE6B
File: glass_horizontal_curved_lines_thin.png, Directory: dir7BFBE7152BD1F709E4A8AB545308CE6B
File: cuelist5_600x157.png, Directory: dir301D0264053C1D31E4C443AA1728EE85
File: glass_diagonal_ripples.png, Directory: dir7BFBE7152BD1F709E4A8AB545308CE6B
File: fb_mid20_5.png, Directory: dir301D0264053C1D31E4C443AA1728EE85
File: nineteen_rings_color_red.png, Directory: dir7BFBE7152BD1F709E4A8AB545308CE6B
File: fixed_kinds5.png, Directory: dir301D0264053C1D31E4C443AA1728EE85
File: lines_trees_branches_foliage.png, Directory: dir7BFBE7152BD1F709E4A8AB545308CE6B
File: multi_curved_lines_net_breakup.png, Directory: dir7BFBE7152BD1F709E4A8AB545308CE6B
File: SearchPhrase_Chunk43.js, Directory: dirAAE153D476A857C192561F7A3BFE2D57
File: overlapping_bars_web.png, Directory: dir7BFBE7152BD1F709E4A8AB545308CE6B
File: foundation_custom.css, Directory: dirDE1604631C19C70F9C8F30BFD284C63B
File: single_curved_bar_asymmetrical_big.png, Directory: dir7BFBE7152BD1F709E4A8AB545308CE6B
File: six_curved_lines_thin_pinwheel_multicolor_pink.png, Directory: dir7BFBE7152BD1F709E4A8AB545308CE6B
File: multi_paisley_raindrop_dots.png, Directory: dir7BFBE7152BD1F709E4A8AB545308CE6B
File: squished_squiggles_vertical.png, Directory: dir7BFBE7152BD1F709E4A8AB545308CE6B
File: 0008_twoface.png, Directory: dir0D973686163D66EE8454B4DA57145C33
File: fifteen_curved_circle_rotating.png, Directory: dir7BFBE7152BD1F709E4A8AB545308CE6B
File: linear.png, Directory: dir301D0264053C1D31E4C443AA1728EE85
File: small_multi_breakup_cracks.png, Directory: dir7BFBE7152BD1F709E4A8AB545308CE6B
File: spd_curve5.png, Directory: dir301D0264053C1D31E4C443AA1728EE85
File: SelModFixParam.htm, Directory: dir104759975766716C7047FC16D523E7B8
File: EncoderWheel.htm, Directory: dirFBF7365A5264634AB5246E4024DA46BB
File: raondom_breakup_medium.png, Directory: dir7BFBE7152BD1F709E4A8AB545308CE6B
File: winctrl_arrows_300x122.png, Directory: dir301D0264053C1D31E4C443AA1728EE85
File: colordir_buttonview5.png, Directory: dir301D0264053C1D31E4C443AA1728EE85
File: plot_grid_5.png, Directory: dir301D0264053C1D31E4C443AA1728EE85
File: DeletingGroups.htm, Directory: dir2B73C4AF7D97B518FD415ECB6940F18F
File: dots_multi_random.png, Directory: dir7BFBE7152BD1F709E4A8AB545308CE6B
File: select_toolbar5_960x90.png, Directory: dir301D0264053C1D31E4C443AA1728EE85
File: GroupMasters.htm, Directory: dir3399D43E8E0CB2368BC79B27F701792F
File: StageHog_layout_960x300.png, Directory: dir301D0264053C1D31E4C443AA1728EE85
File: 0032_babyblue.png, Directory: dirCF9519B65614710F6BDCEFAB09BAE21D
File: MasterPlaybackOptions.htm, Directory: dir3399D43E8E0CB2368BC79B27F701792F
File: six_blue_curved_pinwheel.png, Directory: dir7BFBE7152BD1F709E4A8AB545308CE6B
File: fb_mid16_5_960x769.png, Directory: dir301D0264053C1D31E4C443AA1728EE85
File: FixtureConfig.htm, Directory: dirE1F6960898D23EE4594C548D589D98C6
File: single_three_pointed_star.png, Directory: dir7BFBE7152BD1F709E4A8AB545308CE6B
File: SPD.htm, Directory: dirFBF7365A5264634AB5246E4024DA46BB
File: three_section_breakup_thick_border_line.png, Directory: dir7BFBE7152BD1F709E4A8AB545308CE6B
File: h_touch1_5.png, Directory: dir301D0264053C1D31E4C443AA1728EE85
File: net_overlap_holes_tunnel_circle.png, Directory: dir7BFBE7152BD1F709E4A8AB545308CE6B
File: Tracking.htm, Directory: dir429E2BE47FEE1102CC112010FC902992
File: MediaPicker.htm, Directory: dirFBF7365A5264634AB5246E4024DA46BB
File: seventeen_small_cubes_multi_diamond.png, Directory: dir7BFBE7152BD1F709E4A8AB545308CE6B
File: multi_overlapping_bars_breakup_small.png, Directory: dir7BFBE7152BD1F709E4A8AB545308CE6B
File: vertical_bars_rain_medium.png, Directory: dir7BFBE7152BD1F709E4A8AB545308CE6B
File: fourteen_flower_petals_multi_fan_spin.png, Directory: dir7BFBE7152BD1F709E4A8AB545308CE6B
File: plot_add_shape_5.png, Directory: dir301D0264053C1D31E4C443AA1728EE85
File: multi_lines_grids_overlapping_vines_foliage.png, Directory: dir7BFBE7152BD1F709E4A8AB545308CE6B
File: PageDelete.htm, Directory: dir1295D77647C34B08C40F04A047C6B38F
File: star_fourpoint.png, Directory: dir7BFBE7152BD1F709E4A8AB545308CE6B
File: bars_spiral_swirl_four_layer.png, Directory: dir7BFBE7152BD1F709E4A8AB545308CE6B
File: thin_triangle_wedges_shards_breakup_multi.png, Directory: dir7BFBE7152BD1F709E4A8AB545308CE6B
File: twinkle_star_one.png, Directory: dir7BFBE7152BD1F709E4A8AB545308CE6B
File: red_rotating_fire_symmetrical.png, Directory: dir7BFBE7152BD1F709E4A8AB545308CE6B
File: SearchPhrase_Chunk1.js, Directory: dirAAE153D476A857C192561F7A3BFE2D57
File: cmdexe5_600x321.png, Directory: dir301D0264053C1D31E4C443AA1728EE85
File: multi_dots_breakup_small.png, Directory: dir7BFBE7152BD1F709E4A8AB545308CE6B
File: Gobo.htm, Directory: dirFBF7365A5264634AB5246E4024DA46BB
File: four_thin_element_cone_circle_tunnel.png, Directory: dir7BFBE7152BD1F709E4A8AB545308CE6B
File: three_bars_vertical_symmetrical.png, Directory: dir7BFBE7152BD1F709E4A8AB545308CE6B
File: glass_jupiter_warped_circles.png, Directory: dir7BFBE7152BD1F709E4A8AB545308CE6B
File: vertical_bars_rain_small.png, Directory: dir7BFBE7152BD1F709E4A8AB545308CE6B
File: stars_breakup_lotsofstars.png, Directory: dir7BFBE7152BD1F709E4A8AB545308CE6B
File: shattered_breakup_medium.png, Directory: dir7BFBE7152BD1F709E4A8AB545308CE6B
File: cue_dir_active_5.png, Directory: dir301D0264053C1D31E4C443AA1728EE85
File: HPC_1_600x466.png, Directory: dir301D0264053C1D31E4C443AA1728EE85
File: sun_wave_border_purple_color.png, Directory: dir7BFBE7152BD1F709E4A8AB545308CE6B
File: glass_glow_lines_cracks.png, Directory: dir7BFBE7152BD1F709E4A8AB545308CE6B
File: cloud_breakup_small.png, Directory: dir7BFBE7152BD1F709E4A8AB545308CE6B
File: HogOSFundamentals.htm, Directory: dir506C26B368C466EAAF42C3B612DDA6A7
File: cracks_lines_diagonal_broken.png, Directory: dir7BFBE7152BD1F709E4A8AB545308CE6B
File: tirbal_curved_breakup.png, Directory: dir7BFBE7152BD1F709E4A8AB545308CE6B
File: dotusernumselect4_427x703.png, Directory: dir301D0264053C1D31E4C443AA1728EE85
File: midi_note_win5_600x283.png, Directory: dir301D0264053C1D31E4C443AA1728EE85
File: eight_pointed_star_half.png, Directory: dir7BFBE7152BD1F709E4A8AB545308CE6B
File: SearchStem_Chunk4.js, Directory: dirAAE153D476A857C192561F7A3BFE2D57
File: plybck_opt_cuelist_chase5.png, Directory: dir301D0264053C1D31E4C443AA1728EE85
File: FB_CSP_5_add_5.png, Directory: dir301D0264053C1D31E4C443AA1728EE85
File: SearchPhrase_Chunk31.js, Directory: dirAAE153D476A857C192561F7A3BFE2D57
File: clock.png, Directory: dir301D0264053C1D31E4C443AA1728EE85
File: single_paint_splat_big.png, Directory: dir7BFBE7152BD1F709E4A8AB545308CE6B
File: blur_small_circles_bulge_sphere.png, Directory: dir7BFBE7152BD1F709E4A8AB545308CE6B
File: sqaure_pipes_random.png, Directory: dir7BFBE7152BD1F709E4A8AB545308CE6B
File: Setup.htm, Directory: dir4BE944CC52319BEEBBE027DB9BA856E7
File: eight_lines_shooting_star_tunnel.png, Directory: dir7BFBE7152BD1F709E4A8AB545308CE6B
File: 0016_diagonalfrost.png, Directory: dir6D583EA6C7A4916F30AECA4AC4DB133D
File: cnsl_sec_360x234.png, Directory: dir301D0264053C1D31E4C443AA1728EE85
File: eleven_medium_stars.png, Directory: dir7BFBE7152BD1F709E4A8AB545308CE6B
File: RenamingPreviewImages.htm, Directory: dir158F969D79590B25CF1C2A5D8BF8C587
File: fbt_ch10_11_5.png, Directory: dir301D0264053C1D31E4C443AA1728EE85
File: fbt_ch5_5.png, Directory: dir301D0264053C1D31E4C443AA1728EE85
File: cue_mark_keypad5_960x321.png, Directory: dir301D0264053C1D31E4C443AA1728EE85
File: eight_ovals_tunnel_spiral_spin.png, Directory: dir7BFBE7152BD1F709E4A8AB545308CE6B
File: four_radial_crescents.png, Directory: dir7BFBE7152BD1F709E4A8AB545308CE6B
File: winctrl_focus.png, Directory: dir301D0264053C1D31E4C443AA1728EE85
File: TechSpec_HH4_2015.htm, Directory: dirE616E725F39764101A897681B058E202
File: Modifier.htm, Directory: dirFBF7365A5264634AB5246E4024DA46BB
File: ResponsiveHome.png, Directory: dirB18C0EE27D64684ADC5C3CC0891E3399
File: eight_bar_fan_circle_color_yellow.png, Directory: dir7BFBE7152BD1F709E4A8AB545308CE6B
File: dots_medium_random.png, Directory: dir7BFBE7152BD1F709E4A8AB545308CE6B
File: ThirdPartySofttware.htm, Directory: dirCAE2967671FF55BA027016B8054C0AC2
File: fan_toolbar_5.png, Directory: dir301D0264053C1D31E4C443AA1728EE85
File: 100BaseT.htm, Directory: dirFBF7365A5264634AB5246E4024DA46BB
File: glass_triangle_swirl_color_purple.png, Directory: dir7BFBE7152BD1F709E4A8AB545308CE6B
File: Timing.htm, Directory: dirFBF7365A5264634AB5246E4024DA46BB
File: fuzzy_horizontal_stripes_diagonal_thin.png, Directory: dir7BFBE7152BD1F709E4A8AB545308CE6B
File: brake.png, Directory: dir301D0264053C1D31E4C443AA1728EE85
File: LoopsandLinks.htm, Directory: dir4937F9448319195033DF111F8C9A4E12
File: cue_list_clock_trig5_960x295.png, Directory: dir301D0264053C1D31E4C443AA1728EE85
File: twelve_twinkle_stars_multi_animated.png, Directory: dir7BFBE7152BD1F709E4A8AB545308CE6B
File: 3D_skull_face_image.png, Directory: dir7BFBE7152BD1F709E4A8AB545308CE6B
File: DMXOutput.htm, Directory: dir4BE944CC52319BEEBBE027DB9BA856E7
File: fade_mark_comp5.png, Directory: dir301D0264053C1D31E4C443AA1728EE85
File: multi_small_ovals_pebbles_rocks.png, Directory: dir7BFBE7152BD1F709E4A8AB545308CE6B
File: slots_toolbar5_960x216.png, Directory: dir301D0264053C1D31E4C443AA1728EE85
File: IWheel.htm, Directory: dirFBF7365A5264634AB5246E4024DA46BB
File: two_rings_small_large_circle.png, Directory: dir7BFBE7152BD1F709E4A8AB545308CE6B
File: config_button_size5.png, Directory: dir301D0264053C1D31E4C443AA1728EE85
File: fan_spin.png, Directory: dir7BFBE7152BD1F709E4A8AB545308CE6B
File: LMP_text_red_dot_words.png, Directory: dir7BFBE7152BD1F709E4A8AB545308CE6B
File: lava_ovals_melt_gradient.png, Directory: dir7BFBE7152BD1F709E4A8AB545308CE6B
File: fb_mid14_5_960x609.png, Directory: dir301D0264053C1D31E4C443AA1728EE85
File: fourteen_twinkle_stars_multi_animated.png, Directory: dir7BFBE7152BD1F709E4A8AB545308CE6B
File: H4OS_KeyCombo.htm, Directory: dir8D3DE84CACE1BF39A6D8DEE76C1BAA21
File: ShowServer.htm, Directory: dirFBF7365A5264634AB5246E4024DA46BB
File: FilterOutline.png, Directory: dirB18C0EE27D64684ADC5C3CC0891E3399
File: three_small_dots_bar_symmetrical.png, Directory: dir7BFBE7152BD1F709E4A8AB545308CE6B
File: layer_stars_multi_pow_kaboom.png, Directory: dir7BFBE7152BD1F709E4A8AB545308CE6B
File: index-collapsed.png, Directory: dirB18C0EE27D64684ADC5C3CC0891E3399
File: SearchPhrase_Chunk33.js, Directory: dirAAE153D476A857C192561F7A3BFE2D57
File: twelve_broken_triangles_dot_border.png, Directory: dir7BFBE7152BD1F709E4A8AB545308CE6B
File: firework_shard_multi_sharp_pointer.png, Directory: dir7BFBE7152BD1F709E4A8AB545308CE6B
File: eight_triangles_squares_symmetrical.png, Directory: dir7BFBE7152BD1F709E4A8AB545308CE6B
File: sun_star_single_points.png, Directory: dir7BFBE7152BD1F709E4A8AB545308CE6B
File: crater_glass_deep.png, Directory: dir7BFBE7152BD1F709E4A8AB545308CE6B
File: thick_uneven_lines_multi_horizontal.png, Directory: dir7BFBE7152BD1F709E4A8AB545308CE6B
File: thin_lines_multi_horizontal_vertical_grid.png, Directory: dir7BFBE7152BD1F709E4A8AB545308CE6B
File: EditingPalettes.htm, Directory: dirA1A3397425DE95F5347E70E7B4149798
File: glass_eight_point_star_mesh_grid_color_purple.png, Directory: dir7BFBE7152BD1F709E4A8AB545308CE6B
File: TechSpec_Hog4PC.htm, Directory: dirE616E725F39764101A897681B058E202
File: Glass_color_blue_green_yellow_oil_swirl.png, Directory: dir7BFBE7152BD1F709E4A8AB545308CE6B
File: OSCIntro.htm, Directory: dir5129A05B3C5DF7E91A6148CBEC3A96C7
File: NetworkShow.htm, Directory: dir59111B18C3A85535B8DD93AED5C7CB42
File: sun_thin_border_circle_tribal.png, Directory: dir7BFBE7152BD1F709E4A8AB545308CE6B
File: glass_wave_ripples_bubbles.png, Directory: dir7BFBE7152BD1F709E4A8AB545308CE6B
File: osc_config_out5_960x586.png, Directory: dir301D0264053C1D31E4C443AA1728EE85
File: programmer_bottom_half_960x362.png, Directory: dir301D0264053C1D31E4C443AA1728EE85
File: LargeShows.htm, Directory: dir59111B18C3A85535B8DD93AED5C7CB42
File: CueListNaming.htm, Directory: dir429E2BE47FEE1102CC112010FC902992
File: SearchPhrase_Chunk6.js, Directory: dirAAE153D476A857C192561F7A3BFE2D57
File: fb_advanced_clone_960x567.png, Directory: dir301D0264053C1D31E4C443AA1728EE85
File: IpAddress.htm, Directory: dirFBF7365A5264634AB5246E4024DA46BB
File: three_segment_border_circle.png, Directory: dir7BFBE7152BD1F709E4A8AB545308CE6B
File: 0005_sevenface.png, Directory: dir0D973686163D66EE8454B4DA57145C33
File: winctrl_move.png, Directory: dir301D0264053C1D31E4C443AA1728EE85
File: Y_bars_single.png, Directory: dir7BFBE7152BD1F709E4A8AB545308CE6B
File: TechSpec_StageHog.htm, Directory: dirE616E725F39764101A897681B058E202
File: SearchPhrase_Chunk11.js, Directory: dirAAE153D476A857C192561F7A3BFE2D57
File: fx_timing_engine.png, Directory: dir301D0264053C1D31E4C443AA1728EE85
File: Effect_Baseless.htm, Directory: dirFBF7365A5264634AB5246E4024DA46BB
File: thirtytwo_petals_ovals_flower_rings_layer.png, Directory: dir7BFBE7152BD1F709E4A8AB545308CE6B
File: mediapicker5.png, Directory: dir301D0264053C1D31E4C443AA1728EE85
File: shattred_puzzle_medium_breakup.png, Directory: dir7BFBE7152BD1F709E4A8AB545308CE6B
File: pal_type_fix5.png, Directory: dir301D0264053C1D31E4C443AA1728EE85
File: 0001_frost.png, Directory: dir6D583EA6C7A4916F30AECA4AC4DB133D
File: 0016_magenta4.png, Directory: dirCF9519B65614710F6BDCEFAB09BAE21D
File: diagonal_slices_lines_divide_three_color_yellow_purple_blue.png, Directory: dir7BFBE7152BD1F709E4A8AB545308CE6B
File: Synonyms.xml, Directory: dirAAE153D476A857C192561F7A3BFE2D57
File: triangles_circle_tunnel_fan_shards.png, Directory: dir7BFBE7152BD1F709E4A8AB545308CE6B
File: fb_mid15_5_960x768.png, Directory: dir301D0264053C1D31E4C443AA1728EE85
File: twelve_thin_bars_circle.png, Directory: dir7BFBE7152BD1F709E4A8AB545308CE6B
File: multi_sun_squiggles_medium_circle.png, Directory: dir7BFBE7152BD1F709E4A8AB545308CE6B
File: TourHog_layout_960x402.png, Directory: dir301D0264053C1D31E4C443AA1728EE85
File: tiny_dots_splatter_moon.png, Directory: dir7BFBE7152BD1F709E4A8AB545308CE6B
File: 3D_cracked_puzzle_maze.png, Directory: dir7BFBE7152BD1F709E4A8AB545308CE6B
File: SceneDeleting.htm, Directory: dir070BAB3FED22BFAFF21D603A3F08F6D5
File: breakup_scattered_foliage_multi.png, Directory: dir7BFBE7152BD1F709E4A8AB545308CE6B
File: cinema_zero_number_grid.png, Directory: dir7BFBE7152BD1F709E4A8AB545308CE6B
File: single_square_big.png, Directory: dir7BFBE7152BD1F709E4A8AB545308CE6B
File: HES_USB_DMX_Widgets.htm, Directory: dir4BE944CC52319BEEBBE027DB9BA856E7
File: small_cityscape_city_skyline_image_silhouette.png, Directory: dir7BFBE7152BD1F709E4A8AB545308CE6B
File: thick_vertical_lines_breakup.png, Directory: dir7BFBE7152BD1F709E4A8AB545308CE6B
File: fix_agg_ex5.png, Directory: dir301D0264053C1D31E4C443AA1728EE85
File: toolbar_dir_ent5.png, Directory: dir301D0264053C1D31E4C443AA1728EE85
File: eight_point_ovals_sun_varioius_sizes_color_red.png, Directory: dir7BFBE7152BD1F709E4A8AB545308CE6B
File: Chromaticity_Diagram.htm, Directory: dirFBF7365A5264634AB5246E4024DA46BB
File: tocActive_1_1.png, Directory: dirB18C0EE27D64684ADC5C3CC0891E3399
File: four_squares_cross.png, Directory: dir7BFBE7152BD1F709E4A8AB545308CE6B
File: tunnel_stripes_spin.png, Directory: dir7BFBE7152BD1F709E4A8AB545308CE6B
File: v_CIE_yy.htm, Directory: dirFBF7365A5264634AB5246E4024DA46BB
File: sixteen_bars_lines_circle_fan.png, Directory: dir7BFBE7152BD1F709E4A8AB545308CE6B
File: brick_square_horizontal_lines_squares.png, Directory: dir7BFBE7152BD1F709E4A8AB545308CE6B
File: four_crescent_symmetrical_medium.png, Directory: dir7BFBE7152BD1F709E4A8AB545308CE6B
File: vertical_jagged_breakup.png, Directory: dir7BFBE7152BD1F709E4A8AB545308CE6B
File: ovals_breakup_eight.png, Directory: dir7BFBE7152BD1F709E4A8AB545308CE6B
File: PlaybackControlErrors.htm, Directory: dir89EA610D4F97992D0567E123129F87FD
File: DeletePalette.htm, Directory: dirA1A3397425DE95F5347E70E7B4149798
File: sunburst_radial_cones_spikes.png, Directory: dir7BFBE7152BD1F709E4A8AB545308CE6B
File: pal_edit5_960x191.png, Directory: dir301D0264053C1D31E4C443AA1728EE85
File: six_petals_rotating_right.png, Directory: dir7BFBE7152BD1F709E4A8AB545308CE6B
File: six_segmented_ring_cone_medium.png, Directory: dir7BFBE7152BD1F709E4A8AB545308CE6B
File: 3D_spike_ball.png, Directory: dir7BFBE7152BD1F709E4A8AB545308CE6B
File: six_dots_rotating_right.png, Directory: dir7BFBE7152BD1F709E4A8AB545308CE6B
File: four_rotating_left_dots_archs.png, Directory: dir7BFBE7152BD1F709E4A8AB545308CE6B
File: crater_glass_extra_deep.png, Directory: dir7BFBE7152BD1F709E4A8AB545308CE6B
File: twelve_wedges_circle_lace_border_multi.png, Directory: dir7BFBE7152BD1F709E4A8AB545308CE6B
File: 0059.png, Directory: dirCF9519B65614710F6BDCEFAB09BAE21D
File: warped_squiggle_sun.png, Directory: dir7BFBE7152BD1F709E4A8AB545308CE6B
File: tiny_triangles_border_circle_rings.png, Directory: dir7BFBE7152BD1F709E4A8AB545308CE6B
File: 3D_tiny_triangles_color_pink.png, Directory: dir7BFBE7152BD1F709E4A8AB545308CE6B
File: three_winged_spiral_segmented_thin_spin.png, Directory: dir7BFBE7152BD1F709E4A8AB545308CE6B
File: SplitFade.htm, Directory: dirFBF7365A5264634AB5246E4024DA46BB
File: tiny_curved_square_lines_multi.png, Directory: dir7BFBE7152BD1F709E4A8AB545308CE6B
File: thick_spiral_asymmetrical.png, Directory: dir7BFBE7152BD1F709E4A8AB545308CE6B
File: Timecode.htm, Directory: dirFBF7365A5264634AB5246E4024DA46BB
File: ResponsiveMadCapLogo.png, Directory: dirB18C0EE27D64684ADC5C3CC0891E3399
File: fbt_summary_5_960x574.png, Directory: dir301D0264053C1D31E4C443AA1728EE85
File: TechSpec_FB4.htm, Directory: dirE616E725F39764101A897681B058E202
File: FixBuild_Tutorial_CSPar.htm, Directory: dir4DDC1C874BC664E97A383AFD2CB09114
File: SearchPhrase_Chunk15.js, Directory: dirAAE153D476A857C192561F7A3BFE2D57
File: six_rings_radial_medium_symmetrical.png, Directory: dir7BFBE7152BD1F709E4A8AB545308CE6B
File: segmented_ring_radial_bars_thin.png, Directory: dir7BFBE7152BD1F709E4A8AB545308CE6B
File: thin_triangle.png, Directory: dir7BFBE7152BD1F709E4A8AB545308CE6B
File: MIDINoteandCCoutput.htm, Directory: dirF4FE94F7D1F783D69C43259372E7A09E
File: glass_square_layer_stacked.png, Directory: dir7BFBE7152BD1F709E4A8AB545308CE6B
File: palms_inverted_breakup_small.png, Directory: dir7BFBE7152BD1F709E4A8AB545308CE6B
File: twelve_curved_lines_horizontal.png, Directory: dir7BFBE7152BD1F709E4A8AB545308CE6B
File: Group.htm, Directory: dirFBF7365A5264634AB5246E4024DA46BB
File: book.png, Directory: dirB18C0EE27D64684ADC5C3CC0891E3399
File: vertical_blinds_bars_thin.png, Directory: dir7BFBE7152BD1F709E4A8AB545308CE6B
File: lines_grid_squares_squiggles_map_maze.png, Directory: dir7BFBE7152BD1F709E4A8AB545308CE6B
File: pal_type_fix5_960x215.png, Directory: dir301D0264053C1D31E4C443AA1728EE85
File: red_sun_bars_medium.png, Directory: dir7BFBE7152BD1F709E4A8AB545308CE6B
File: UpdatingSoftware.htm, Directory: dir5DC53C2A105460D0156677FED587ECF6
File: line_tunnel_flower.png, Directory: dir7BFBE7152BD1F709E4A8AB545308CE6B
File: ManuallySpecifyingDMXChannels.htm, Directory: dir9A97A7B3D386D7011D7BF321F7232B1F
File: spiral_tunnel_lines.png, Directory: dir7BFBE7152BD1F709E4A8AB545308CE6B
File: 0010_darkpink.png, Directory: dirCF9519B65614710F6BDCEFAB09BAE21D
File: CueListDelete.htm, Directory: dir429E2BE47FEE1102CC112010FC902992
File: segmented_swirl_rotating_left.png, Directory: dir7BFBE7152BD1F709E4A8AB545308CE6B
File: thin_multi_arm_spiral_spin_turn_fan.png, Directory: dir7BFBE7152BD1F709E4A8AB545308CE6B
File: sixteen_ovals_flower_petals_symmetrical.png, Directory: dir7BFBE7152BD1F709E4A8AB545308CE6B
File: arrow_up_angled_bottom.png, Directory: dir7BFBE7152BD1F709E4A8AB545308CE6B
File: star_david_eights_points.png, Directory: dir7BFBE7152BD1F709E4A8AB545308CE6B
File: one_connected_bar_curved.png, Directory: dir7BFBE7152BD1F709E4A8AB545308CE6B
File: loops_toolbar5_600x230.png, Directory: dir301D0264053C1D31E4C443AA1728EE85
File: twelve_oval_petals_multicolor_radial_yellow_blue.png, Directory: dir7BFBE7152BD1F709E4A8AB545308CE6B
File: ovals_tunnel_color_red_spiral.png, Directory: dir7BFBE7152BD1F709E4A8AB545308CE6B
File: pointed_breakup_small.png, Directory: dir7BFBE7152BD1F709E4A8AB545308CE6B
File: blurred_gradient_circle_sphere_one.png, Directory: dir7BFBE7152BD1F709E4A8AB545308CE6B
File: 3D_net_circles_multi_dimmensional.png, Directory: dir7BFBE7152BD1F709E4A8AB545308CE6B
File: star_layer_breakup_multi.png, Directory: dir7BFBE7152BD1F709E4A8AB545308CE6B
File: pal_masking_toolbar5.png, Directory: dir301D0264053C1D31E4C443AA1728EE85
File: DocumentIcon.png, Directory: dirB18C0EE27D64684ADC5C3CC0891E3399
File: ResponsiveNextTopicButton.png, Directory: dirB18C0EE27D64684ADC5C3CC0891E3399
File: swirl_mix_marble.png, Directory: dir7BFBE7152BD1F709E4A8AB545308CE6B
File: one_small_curved_triangle_purple_color.png, Directory: dir7BFBE7152BD1F709E4A8AB545308CE6B
File: two_thin_bars_rings.png, Directory: dir7BFBE7152BD1F709E4A8AB545308CE6B
File: start_screen5.png, Directory: dir301D0264053C1D31E4C443AA1728EE85
File: gang_tool_5.png, Directory: dir301D0264053C1D31E4C443AA1728EE85
File: DMX.htm, Directory: dirFBF7365A5264634AB5246E4024DA46BB
File: twelve_teardrop_border_color_pink.png, Directory: dir7BFBE7152BD1F709E4A8AB545308CE6B
File: dotusernumselect3.png, Directory: dir301D0264053C1D31E4C443AA1728EE85
File: TC_Assign.htm, Directory: dirEB1884289FDB2B8A3A7EA3D2480E5577
File: four_square_warped_curved.png, Directory: dir7BFBE7152BD1F709E4A8AB545308CE6B
File: single_typhoon_rotating_right_archs.png, Directory: dir7BFBE7152BD1F709E4A8AB545308CE6B
File: network_warning.png, Directory: dir301D0264053C1D31E4C443AA1728EE85
File: macro_recording.png, Directory: dir301D0264053C1D31E4C443AA1728EE85
File: FB_CSP_133_5.png, Directory: dir301D0264053C1D31E4C443AA1728EE85
File: using_live_touch_2_en_5.png, Directory: dir301D0264053C1D31E4C443AA1728EE85
File: EditingGroups.htm, Directory: dir2B73C4AF7D97B518FD415ECB6940F18F
File: bars_lines_maze_tunnel.png, Directory: dir7BFBE7152BD1F709E4A8AB545308CE6B
File: glass_lines_frost.png, Directory: dir7BFBE7152BD1F709E4A8AB545308CE6B
File: Spectral_Curve.htm, Directory: dirFBF7365A5264634AB5246E4024DA46BB
File: multi_crescent_circle_ring_flower_sun.png, Directory: dir7BFBE7152BD1F709E4A8AB545308CE6B
File: KeystrokeMacros.htm, Directory: dir4906AD30EA0612325645F02F4BEB2740
File: blurred_sun_thin_smudge_pink_purple_multicolor.png, Directory: dir7BFBE7152BD1F709E4A8AB545308CE6B
File: glass_bubble_pattern_multi.png, Directory: dir7BFBE7152BD1F709E4A8AB545308CE6B
File: ResponsiveLogInButton.png, Directory: dirB18C0EE27D64684ADC5C3CC0891E3399
File: Filter.png, Directory: dirB18C0EE27D64684ADC5C3CC0891E3399
File: segmented_vertical_wavy_bars_slats.png, Directory: dir7BFBE7152BD1F709E4A8AB545308CE6B
File: fb_mid17_5_960x770.png, Directory: dir301D0264053C1D31E4C443AA1728EE85
File: 0014_mediumconefrost.png, Directory: dir6D583EA6C7A4916F30AECA4AC4DB133D
File: TechSpec_HH4.htm, Directory: dirE616E725F39764101A897681B058E202
File: TouchedValue.htm, Directory: dirFBF7365A5264634AB5246E4024DA46BB
File: 0040_limegreen.png, Directory: dirCF9519B65614710F6BDCEFAB09BAE21D
File: galaxy_ring_oval_layer_space.png, Directory: dir7BFBE7152BD1F709E4A8AB545308CE6B
File: single_medium_horizontal_bar.png, Directory: dir7BFBE7152BD1F709E4A8AB545308CE6B
File: curved_arrow_left.png, Directory: dir7BFBE7152BD1F709E4A8AB545308CE6B
File: prerecorded.png, Directory: dir301D0264053C1D31E4C443AA1728EE85
File: indicator_chat_unread.png, Directory: dir301D0264053C1D31E4C443AA1728EE85
File: sixteen_curved_crescent_bars_lines_signal_wave_sound_segment.png, Directory: dir7BFBE7152BD1F709E4A8AB545308CE6B
File: large_flame_fire.png, Directory: dir7BFBE7152BD1F709E4A8AB545308CE6B
File: stars_six_large_multi.png, Directory: dir7BFBE7152BD1F709E4A8AB545308CE6B
File: multi_squiggle_breakup_small.png, Directory: dir7BFBE7152BD1F709E4A8AB545308CE6B
File: square_curved_overlapping_layers_multi.png, Directory: dir7BFBE7152BD1F709E4A8AB545308CE6B
File: five_zigzag_inverted_fan.png, Directory: dir7BFBE7152BD1F709E4A8AB545308CE6B
File: 0068.png, Directory: dirCF9519B65614710F6BDCEFAB09BAE21D
File: FB_CSP_3_5.png, Directory: dir301D0264053C1D31E4C443AA1728EE85
File: four_blue_radar_fan_rings.png, Directory: dir7BFBE7152BD1F709E4A8AB545308CE6B
File: glass_square_rows_grid.png, Directory: dir7BFBE7152BD1F709E4A8AB545308CE6B
File: FB_CSP_Protocol_600x362.png, Directory: dir301D0264053C1D31E4C443AA1728EE85
File: ten_medium_dots_circle_border_color_purple.png, Directory: dir7BFBE7152BD1F709E4A8AB545308CE6B
File: CP_Gels5.png, Directory: dir301D0264053C1D31E4C443AA1728EE85
File: eighteen_square_ring_cone.png, Directory: dir7BFBE7152BD1F709E4A8AB545308CE6B
File: eighteen_rounded_multi_squares.png, Directory: dir7BFBE7152BD1F709E4A8AB545308CE6B
File: DHCP.htm, Directory: dirFBF7365A5264634AB5246E4024DA46BB
File: playback_bar_template_page_5.png, Directory: dir301D0264053C1D31E4C443AA1728EE85
File: ResponsiveIndexActive.png, Directory: dirB18C0EE27D64684ADC5C3CC0891E3399
File: Color_Space_xyY.htm, Directory: dirFBF7365A5264634AB5246E4024DA46BB
File: overlapping_triangle_3D_layer.png, Directory: dir7BFBE7152BD1F709E4A8AB545308CE6B
File: flames_vertical_fire_medium.png, Directory: dir7BFBE7152BD1F709E4A8AB545308CE6B
File: ConfigConsole.htm, Directory: dirDC400B2463EACEDD8C6FFFA0A2442745
File: layered_pastel_shapes_multi_color_multicolor_cyan_magenta.png, Directory: dir7BFBE7152BD1F709E4A8AB545308CE6B
File: topic.png, Directory: dirB18C0EE27D64684ADC5C3CC0891E3399
File: dotusernumselect4.png, Directory: dir301D0264053C1D31E4C443AA1728EE85
File: glass_small_squares_grid_multi_lines_maze.png, Directory: dir7BFBE7152BD1F709E4A8AB545308CE6B
File: circles_weave_connected_swirl_puzzle.png, Directory: dir7BFBE7152BD1F709E4A8AB545308CE6B
File: lines_bars_multi_overlap_layer.png, Directory: dir7BFBE7152BD1F709E4A8AB545308CE6B
File: NetNumber.htm, Directory: dirFBF7365A5264634AB5246E4024DA46BB
File: ten_pointed_star_radial_crown_circles.png, Directory: dir7BFBE7152BD1F709E4A8AB545308CE6B
File: index.png, Directory: dirB18C0EE27D64684ADC5C3CC0891E3399
File: edit_sort_func5.png, Directory: dir301D0264053C1D31E4C443AA1728EE85
File: diagonal_bars_medium.png, Directory: dir7BFBE7152BD1F709E4A8AB545308CE6B
File: 3D_rods_cones_spheres_symmetrical.png, Directory: dir7BFBE7152BD1F709E4A8AB545308CE6B
File: KindWheelsets.htm, Directory: dirCB638DC6BA628F7AD1A44426E433B19A
File: Mask.htm, Directory: dirFBF7365A5264634AB5246E4024DA46BB
File: Kinds.htm, Directory: dirFBF7365A5264634AB5246E4024DA46BB
File: slots_toolbar5.png, Directory: dir301D0264053C1D31E4C443AA1728EE85
File: multi_circle_oval_radial.png, Directory: dir7BFBE7152BD1F709E4A8AB545308CE6B
File: Alias.xml, Directory: dirAAE153D476A857C192561F7A3BFE2D57
File: GUI.htm, Directory: dirFBF7365A5264634AB5246E4024DA46BB
File: SearchPhrase_Chunk2.js, Directory: dirAAE153D476A857C192561F7A3BFE2D57
File: multi_dot_medium.png, Directory: dir7BFBE7152BD1F709E4A8AB545308CE6B
File: ResponsiveBrowseSequenceActive.png, Directory: dirB18C0EE27D64684ADC5C3CC0891E3399
File: GrandMaster.htm, Directory: dir3399D43E8E0CB2368BC79B27F701792F
File: curved_triangle_spin_fan_spiral_twist.png, Directory: dir7BFBE7152BD1F709E4A8AB545308CE6B
File: water_image.png, Directory: dir7BFBE7152BD1F709E4A8AB545308CE6B
File: swirl_marble_color_pink_red_yellow.png, Directory: dir7BFBE7152BD1F709E4A8AB545308CE6B
File: auto_update5_960x745.png, Directory: dir301D0264053C1D31E4C443AA1728EE85
File: HogNet_NetworkAdapter.png, Directory: dir301D0264053C1D31E4C443AA1728EE85
File: jump_toolbar5.png, Directory: dir301D0264053C1D31E4C443AA1728EE85
File: curved_zigzag-arch_multi.png, Directory: dir7BFBE7152BD1F709E4A8AB545308CE6B
File: FB_CSP_5_RGBL_5_600x564.png, Directory: dir301D0264053C1D31E4C443AA1728EE85
File: thin_curved_lines_crescent_flower_outline_rose.png, Directory: dir7BFBE7152BD1F709E4A8AB545308CE6B
File: multi_dot_breakup_medium.png, Directory: dir7BFBE7152BD1F709E4A8AB545308CE6B
File: FixtureLibrary.htm, Directory: dir7DA94037655E84DCD759135C96771333
File: fb_mid19_5.png, Directory: dir301D0264053C1D31E4C443AA1728EE85
File: twenty_small_dots_lines_multi.png, Directory: dir7BFBE7152BD1F709E4A8AB545308CE6B
File: ShowWideImport_Export.htm, Directory: dir59111B18C3A85535B8DD93AED5C7CB42
File: SearchPhrase_Chunk4.js, Directory: dirAAE153D476A857C192561F7A3BFE2D57
File: PIE-no-motw.htc, Directory: dir61588760BB0E426A2E1C40CAD4CA6677
File: fb_mid20_5_960x574.png, Directory: dir301D0264053C1D31E4C443AA1728EE85
File: tribal_lines.png, Directory: dir7BFBE7152BD1F709E4A8AB545308CE6B
File: H4PC_wNomadKey.htm, Directory: dir4BE944CC52319BEEBBE027DB9BA856E7
File: multi_bars_random.png, Directory: dir7BFBE7152BD1F709E4A8AB545308CE6B
File: ReleasingMasters.htm, Directory: dir3399D43E8E0CB2368BC79B27F701792F
File: six_triangles_arrows_point_fan_multi.png, Directory: dir7BFBE7152BD1F709E4A8AB545308CE6B
File: Directory.htm, Directory: dirFBF7365A5264634AB5246E4024DA46BB
File: radial_petals_asymmetrical.png, Directory: dir7BFBE7152BD1F709E4A8AB545308CE6B
File: PlotsPixelmapping.htm, Directory: dir4B06B9CE32721023DA45AA4F5B064B42
File: fx_rate_en.png, Directory: dir301D0264053C1D31E4C443AA1728EE85
File: v_Hue.htm, Directory: dirFBF7365A5264634AB5246E4024DA46BB
File: stripes_spiral_tunnel_.png, Directory: dir7BFBE7152BD1F709E4A8AB545308CE6B
File: circles_rings_multi_symmetrical.png, Directory: dir7BFBE7152BD1F709E4A8AB545308CE6B
File: TechSpec_Nano.htm, Directory: dirE616E725F39764101A897681B058E202
File: HPC_4_600x466.png, Directory: dir301D0264053C1D31E4C443AA1728EE85
File: pal_edit5.png, Directory: dir301D0264053C1D31E4C443AA1728EE85
File: three_curved_lines_border_thick.png, Directory: dir7BFBE7152BD1F709E4A8AB545308CE6B
File: Programmer.htm, Directory: dirFBF7365A5264634AB5246E4024DA46BB
File: Ethernet.htm, Directory: dirFBF7365A5264634AB5246E4024DA46BB
File: heart_tunnel_cone.png, Directory: dir7BFBE7152BD1F709E4A8AB545308CE6B
File: eight_dots_circle_center_cinema_color_red.png, Directory: dir7BFBE7152BD1F709E4A8AB545308CE6B
File: triwing_trism_triangle.png, Directory: dir7BFBE7152BD1F709E4A8AB545308CE6B
File: tiny_squiggles_multi.png, Directory: dir7BFBE7152BD1F709E4A8AB545308CE6B
File: tiny_lines_multi_scattered_maze.png, Directory: dir7BFBE7152BD1F709E4A8AB545308CE6B
File: browseInactive.png, Directory: dirB18C0EE27D64684ADC5C3CC0891E3399
File: 0056.PNG, Directory: dirCF9519B65614710F6BDCEFAB09BAE21D
File: glass_honeycomb_pores.png, Directory: dir7BFBE7152BD1F709E4A8AB545308CE6B
File: Concepts.js, Directory: dirAAE153D476A857C192561F7A3BFE2D57
File: DirectoyType.htm, Directory: dir3CED7FB55F25D98E1AF47F4B0F8B6ACD
File: twelve_bars_wedges_radial_symmetrical.png, Directory: dir7BFBE7152BD1F709E4A8AB545308CE6B
File: fire_flames_vertical_lines_squiggles.png, Directory: dir7BFBE7152BD1F709E4A8AB545308CE6B
File: multi_curves_symmetrical.png, Directory: dir7BFBE7152BD1F709E4A8AB545308CE6B
File: multi_dots_radial_rotating_right.png, Directory: dir7BFBE7152BD1F709E4A8AB545308CE6B
File: cfx_sub_1_5.png, Directory: dir301D0264053C1D31E4C443AA1728EE85
File: nine_curved_pointed_radial_pinwheel.png, Directory: dir7BFBE7152BD1F709E4A8AB545308CE6B
File: cross_ovals_bars_symmetrical.png, Directory: dir7BFBE7152BD1F709E4A8AB545308CE6B
File: ResponsiveBook.png, Directory: dirB18C0EE27D64684ADC5C3CC0891E3399
File: one_triangle_multicolor_rainbow_red_yellow_blue_green_purple_teal.png, Directory: dir7BFBE7152BD1F709E4A8AB545308CE6B
File: Hog_Rows_8pt.css, Directory: dir194C51132B5AD171B607CE4BDE446CC3
File: single_star_one_small.png, Directory: dir7BFBE7152BD1F709E4A8AB545308CE6B
File: OSCInputMapping.htm, Directory: dir5129A05B3C5DF7E91A6148CBEC3A96C7
File: radial_sun_lace.png, Directory: dir7BFBE7152BD1F709E4A8AB545308CE6B
File: segmented_four_petals_symmetrical.png, Directory: dir7BFBE7152BD1F709E4A8AB545308CE6B
File: FB_CSP_6_SimpleStrobe_5_600x563.png, Directory: dir301D0264053C1D31E4C443AA1728EE85
File: playback_dashboard_menu_960x382.png, Directory: dir301D0264053C1D31E4C443AA1728EE85
File: multi_tiny_triangles.png, Directory: dir7BFBE7152BD1F709E4A8AB545308CE6B
File: eight_pointed_star_starburst_radial_symmetrical.png, Directory: dir7BFBE7152BD1F709E4A8AB545308CE6B
File: pal_global_fix5_960x215.png, Directory: dir301D0264053C1D31E4C443AA1728EE85
File: single_tribal_bar_curved_archs_asymmetrical.png, Directory: dir7BFBE7152BD1F709E4A8AB545308CE6B
File: sixteen_dots_circle_symmetrical_ring.png, Directory: dir7BFBE7152BD1F709E4A8AB545308CE6B
File: HTP_and_LTP.htm, Directory: dir506C26B368C466EAAF42C3B612DDA6A7
File: cue_mark_button5.png, Directory: dir301D0264053C1D31E4C443AA1728EE85
File: 0053.PNG, Directory: dirCF9519B65614710F6BDCEFAB09BAE21D
File: blue_purple_gatlin_eight.png, Directory: dir7BFBE7152BD1F709E4A8AB545308CE6B
File: glass_water_ripples_color_blue.png, Directory: dir7BFBE7152BD1F709E4A8AB545308CE6B
File: five_horizontal_zigzag.png, Directory: dir7BFBE7152BD1F709E4A8AB545308CE6B
File: InTime.htm, Directory: dirFBF7365A5264634AB5246E4024DA46BB
File: dmx_superwidget.png, Directory: dir301D0264053C1D31E4C443AA1728EE85
File: eight_pointed_star_radial_symmetrical.png, Directory: dir7BFBE7152BD1F709E4A8AB545308CE6B
File: five_thick_rings_circle.png, Directory: dir7BFBE7152BD1F709E4A8AB545308CE6B
File: multi_small_dots_space.png, Directory: dir7BFBE7152BD1F709E4A8AB545308CE6B
File: eight_inverted_wedges_cones_radial.png, Directory: dir7BFBE7152BD1F709E4A8AB545308CE6B
File: SearchPhrase_Chunk9.js, Directory: dirAAE153D476A857C192561F7A3BFE2D57
File: NewShow.htm, Directory: dir59111B18C3A85535B8DD93AED5C7CB42
File: CompoundFixtures.htm, Directory: dirE1F6960898D23EE4594C548D589D98C6
File: 0047.PNG, Directory: dirCF9519B65614710F6BDCEFAB09BAE21D
File: tiny_squares_bulge_3D_multi.png, Directory: dir7BFBE7152BD1F709E4A8AB545308CE6B
File: radial_wedges_asymmetrical.png, Directory: dir7BFBE7152BD1F709E4A8AB545308CE6B
File: multi_breakup_pointer_firework.png, Directory: dir7BFBE7152BD1F709E4A8AB545308CE6B
File: Button.htm, Directory: dirFBF7365A5264634AB5246E4024DA46BB
File: three_rings_segment_overlap_layer_venn_diagram.png, Directory: dir7BFBE7152BD1F709E4A8AB545308CE6B
File: viz_1_600x465.png, Directory: dir301D0264053C1D31E4C443AA1728EE85
File: spin_fan_twelve.png, Directory: dir7BFBE7152BD1F709E4A8AB545308CE6B
File: FunctionKeys.htm, Directory: dirBACA301BED12F6D7C102245E3D5DD8DD
File: biohazard_four_ring_overlap_layer.png, Directory: dir7BFBE7152BD1F709E4A8AB545308CE6B
File: merge_3_960x655.png, Directory: dir301D0264053C1D31E4C443AA1728EE85
File: merge_1.png, Directory: dir301D0264053C1D31E4C443AA1728EE85
File: ReportEditingProgramming.htm, Directory: dir7D044F2D594EAE0335E0674B82658F2B
File: line_bar_broadband_single_vertical.png, Directory: dir7BFBE7152BD1F709E4A8AB545308CE6B
File: three_diamonds_squares_symmetrical.png, Directory: dir7BFBE7152BD1F709E4A8AB545308CE6B
File: large_narrow_X_cross_criss_one.png, Directory: dir7BFBE7152BD1F709E4A8AB545308CE6B
File: TC_Config.htm, Directory: dirEB1884289FDB2B8A3A7EA3D2480E5577
File: logo.png, Directory: dirB18C0EE27D64684ADC5C3CC0891E3399
File: eight_wedges_symmetrical.png, Directory: dir7BFBE7152BD1F709E4A8AB545308CE6B
File: overlapping_lines_cylinders_layer.png, Directory: dir7BFBE7152BD1F709E4A8AB545308CE6B
File: playback_bar_template_page_5_960x64.png, Directory: dir301D0264053C1D31E4C443AA1728EE85
File: GraphicalUserInterface.htm, Directory: dirFBF7365A5264634AB5246E4024DA46BB
File: CP_Tint5.png, Directory: dir301D0264053C1D31E4C443AA1728EE85
File: DottedUserNumber.htm, Directory: dirFBF7365A5264634AB5246E4024DA46BB
File: purple_gatlin_eight_reallypurple.png, Directory: dir7BFBE7152BD1F709E4A8AB545308CE6B
File: zigzag_arms_sun_dot_multi_squiggles.png, Directory: dir7BFBE7152BD1F709E4A8AB545308CE6B
File: fb_mid19_5_960x769.png, Directory: dir301D0264053C1D31E4C443AA1728EE85
File: vis_wyg_ce_config.png, Directory: dir301D0264053C1D31E4C443AA1728EE85
File: eight_pegs_breakup_flower_wheel.png, Directory: dir7BFBE7152BD1F709E4A8AB545308CE6B
File: 3D_ripple_foil_waves_hills.png, Directory: dir7BFBE7152BD1F709E4A8AB545308CE6B
File: cuelist_with_loop5_600x219.png, Directory: dir301D0264053C1D31E4C443AA1728EE85
File: multi_bars_lines_ring.png, Directory: dir7BFBE7152BD1F709E4A8AB545308CE6B
File: sun_flare_flower_bright_beams_thin.png, Directory: dir7BFBE7152BD1F709E4A8AB545308CE6B
File: glossaryActive_1.png, Directory: dirB18C0EE27D64684ADC5C3CC0891E3399
File: tiny_dots_multi.png, Directory: dir7BFBE7152BD1F709E4A8AB545308CE6B
File: currved_spiral_spin_large.png, Directory: dir7BFBE7152BD1F709E4A8AB545308CE6B
File: specks_culture_glass_frost_bubbles.png, Directory: dir7BFBE7152BD1F709E4A8AB545308CE6B
File: UpdatingSoftware_Console.htm, Directory: dir5DC53C2A105460D0156677FED587ECF6
File: five_segmented_concentric_wheel_radial.png, Directory: dir7BFBE7152BD1F709E4A8AB545308CE6B
File: timecode_tlbar5.png, Directory: dir301D0264053C1D31E4C443AA1728EE85
File: radial_wedges_color_pink.png, Directory: dir7BFBE7152BD1F709E4A8AB545308CE6B
File: Pages.htm, Directory: dir1295D77647C34B08C40F04A047C6B38F
File: eight_small_dots.png, Directory: dir7BFBE7152BD1F709E4A8AB545308CE6B
File: multi_z_zigzag_curved_small.png, Directory: dir7BFBE7152BD1F709E4A8AB545308CE6B
File: 3D_overlapped_lines_circles_texture.png, Directory: dir7BFBE7152BD1F709E4A8AB545308CE6B
File: segmented_curved_triangle_rotating_left.png, Directory: dir7BFBE7152BD1F709E4A8AB545308CE6B
File: blue_cobblestones_medium.png, Directory: dir7BFBE7152BD1F709E4A8AB545308CE6B
File: tunnel_inverted.png, Directory: dir7BFBE7152BD1F709E4A8AB545308CE6B
File: loading.gif, Directory: dirB18C0EE27D64684ADC5C3CC0891E3399
File: eleven_vertical_bars_lines.png, Directory: dir7BFBE7152BD1F709E4A8AB545308CE6B
File: 0021_purple2.png, Directory: dirCF9519B65614710F6BDCEFAB09BAE21D
File: multi_horizontal_wavy_lines.png, Directory: dir7BFBE7152BD1F709E4A8AB545308CE6B
File: thirty_small_large_dots_rows_square.png, Directory: dir7BFBE7152BD1F709E4A8AB545308CE6B
File: winctrl_unlock.png, Directory: dir301D0264053C1D31E4C443AA1728EE85
File: fanned_timings5.png, Directory: dir301D0264053C1D31E4C443AA1728EE85
File: chosen_selected5.png, Directory: dir301D0264053C1D31E4C443AA1728EE85
File: thin_lines_flower_spiral_fan_multi.png, Directory: dir7BFBE7152BD1F709E4A8AB545308CE6B
File: six_fan_spin_tunnel.png, Directory: dir7BFBE7152BD1F709E4A8AB545308CE6B
File: 3D_rotating_left_tubes_curves_pinwheel.png, Directory: dir7BFBE7152BD1F709E4A8AB545308CE6B
File: TechSpec_HH4x_2020.htm, Directory: dirE616E725F39764101A897681B058E202
File: Users.htm, Directory: dir59111B18C3A85535B8DD93AED5C7CB42
File: 0017_ovalfrost.png, Directory: dir6D583EA6C7A4916F30AECA4AC4DB133D
File: double_arrow_two_triangles.png, Directory: dir7BFBE7152BD1F709E4A8AB545308CE6B
File: oval_rotating_pinwheel.png, Directory: dir7BFBE7152BD1F709E4A8AB545308CE6B
File: oval_layers_circles_star_overlapping.png, Directory: dir7BFBE7152BD1F709E4A8AB545308CE6B
File: selectiontool_lasso_5.png, Directory: dir301D0264053C1D31E4C443AA1728EE85
File: Editors.htm, Directory: dir506C26B368C466EAAF42C3B612DDA6A7
File: Tracking.htm, Directory: dirFBF7365A5264634AB5246E4024DA46BB
File: single_star_one_tilted_pointed.png, Directory: dir7BFBE7152BD1F709E4A8AB545308CE6B
File: HPC_3.png, Directory: dir301D0264053C1D31E4C443AA1728EE85
File: sh_mgr_file_brow5_960x413.png, Directory: dir301D0264053C1D31E4C443AA1728EE85
File: fb_mid15_5.png, Directory: dir301D0264053C1D31E4C443AA1728EE85
File: styles_1.css, Directory: dirF896BC2B2DB66ADAFF21F89DE7A4DDB5
File: auto_update_mask5.png, Directory: dir301D0264053C1D31E4C443AA1728EE85
File: 0036_bluegreen.png, Directory: dirCF9519B65614710F6BDCEFAB09BAE21D
File: MIDINoteandCCinput.htm, Directory: dirF4FE94F7D1F783D69C43259372E7A09E
File: paint_circle_flares_sun_drip_thin_arms.png, Directory: dir7BFBE7152BD1F709E4A8AB545308CE6B
File: three_rings_cogwheel.png, Directory: dir7BFBE7152BD1F709E4A8AB545308CE6B
File: Function.htm, Directory: dirFBF7365A5264634AB5246E4024DA46BB
File: 0031_steelblue.png, Directory: dirCF9519B65614710F6BDCEFAB09BAE21D
File: effect_directory5.png, Directory: dir301D0264053C1D31E4C443AA1728EE85
File: config.png, Directory: dir301D0264053C1D31E4C443AA1728EE85
File: TC_Opts.htm, Directory: dirEB1884289FDB2B8A3A7EA3D2480E5577
File: 0009_pink.png, Directory: dirCF9519B65614710F6BDCEFAB09BAE21D
File: DMXDirectControl.htm, Directory: dir9A97A7B3D386D7011D7BF321F7232B1F
File: Mix_Brightest.htm, Directory: dirFBF7365A5264634AB5246E4024DA46BB
File: six_teardrop_paisley_fan_spin_color_pink.png, Directory: dir7BFBE7152BD1F709E4A8AB545308CE6B
File: multi_dots_radial.png, Directory: dir7BFBE7152BD1F709E4A8AB545308CE6B
File: 0061.png, Directory: dirCF9519B65614710F6BDCEFAB09BAE21D
File: 0009_narrowhorizontalfrost.png, Directory: dir6D583EA6C7A4916F30AECA4AC4DB133D
File: dir_lock.png, Directory: dir301D0264053C1D31E4C443AA1728EE85
File: slot_color5.png, Directory: dir301D0264053C1D31E4C443AA1728EE85
File: earth_symbol_ring.png, Directory: dir301D0264053C1D31E4C443AA1728EE85
File: four_arm_cross_circle.png, Directory: dir7BFBE7152BD1F709E4A8AB545308CE6B
File: h_touch2_5_600x101.png, Directory: dir301D0264053C1D31E4C443AA1728EE85
File: playback_bar_w_template_5.png, Directory: dir301D0264053C1D31E4C443AA1728EE85
File: playback_bar_chase.png, Directory: dir301D0264053C1D31E4C443AA1728EE85
File: multi_triangles_rings_radial_tunnel_multicolor_pink.png, Directory: dir7BFBE7152BD1F709E4A8AB545308CE6B
File: Kinds.htm, Directory: dirCB638DC6BA628F7AD1A44426E433B19A
File: four_arrows_five_squares_grid.png, Directory: dir7BFBE7152BD1F709E4A8AB545308CE6B
File: multi_dots_breakup_medium.png, Directory: dir7BFBE7152BD1F709E4A8AB545308CE6B
File: DMX_Test.htm, Directory: dir9A97A7B3D386D7011D7BF321F7232B1F
File: 0062.PNG, Directory: dirCF9519B65614710F6BDCEFAB09BAE21D
File: four_horizontal_bars_slats.png, Directory: dir7BFBE7152BD1F709E4A8AB545308CE6B
File: AddressTablePDF.css, Directory: dir194C51132B5AD171B607CE4BDE446CC3
File: five_pointed_star.png, Directory: dir7BFBE7152BD1F709E4A8AB545308CE6B
File: 3D_donut_net_mesh_tilted.png, Directory: dir7BFBE7152BD1F709E4A8AB545308CE6B
File: asymmetrical_tribal_bug_curved.png, Directory: dir7BFBE7152BD1F709E4A8AB545308CE6B
File: zigzag_tunnel_lines_lightning.png, Directory: dir7BFBE7152BD1F709E4A8AB545308CE6B
File: fade_mark_start5_960x305.png, Directory: dir301D0264053C1D31E4C443AA1728EE85
File: squiggle_multi_color_pink_blue_layer_pastel.png, Directory: dir7BFBE7152BD1F709E4A8AB545308CE6B
File: twelve_archs_rotating_right.png, Directory: dir7BFBE7152BD1F709E4A8AB545308CE6B
File: square_barbed_wire_cross_lines_layer_overlap.png, Directory: dir7BFBE7152BD1F709E4A8AB545308CE6B
File: 16b_attach_5_960x292.png, Directory: dir301D0264053C1D31E4C443AA1728EE85
File: effect_engine5_960x361.png, Directory: dir301D0264053C1D31E4C443AA1728EE85
File: purify.min.js, Directory: dir61588760BB0E426A2E1C40CAD4CA6677
File: CueListCopyMove.htm, Directory: dir429E2BE47FEE1102CC112010FC902992
File: tree_branches_radial_medium.png, Directory: dir7BFBE7152BD1F709E4A8AB545308CE6B
File: hh_upgrade2_5.png, Directory: dir301D0264053C1D31E4C443AA1728EE85
File: TCPIP.htm, Directory: dirFBF7365A5264634AB5246E4024DA46BB
File: playback_dashboard_pb_mr_960x369.png, Directory: dir301D0264053C1D31E4C443AA1728EE85
File: triangle_small_square_pinwheel.png, Directory: dir7BFBE7152BD1F709E4A8AB545308CE6B
File: OrganinzingSaving.htm, Directory: dir7D044F2D594EAE0335E0674B82658F2B
File: CatalystPreviews.htm, Directory: dir158F969D79590B25CF1C2A5D8BF8C587
File: white_dot_ocean_wave.png, Directory: dir7BFBE7152BD1F709E4A8AB545308CE6B
File: wheel_toolbar_timing_param_types5_960x364.png, Directory: dir301D0264053C1D31E4C443AA1728EE85
File: select_toolbar5.png, Directory: dir301D0264053C1D31E4C443AA1728EE85
File: retro_swirl_squiggles.png, Directory: dir7BFBE7152BD1F709E4A8AB545308CE6B
File: six_pointed_star_bars.png, Directory: dir7BFBE7152BD1F709E4A8AB545308CE6B
File: glass_stray.png, Directory: dir7BFBE7152BD1F709E4A8AB545308CE6B
File: selectiontool_square_5.png, Directory: dir301D0264053C1D31E4C443AA1728EE85
File: eye_ring_spikes_sun_tail_circle.png, Directory: dir7BFBE7152BD1F709E4A8AB545308CE6B
File: five_thick_rectangles.png, Directory: dir7BFBE7152BD1F709E4A8AB545308CE6B
File: config5.png, Directory: dir301D0264053C1D31E4C443AA1728EE85
File: ParamModify.htm, Directory: dir104759975766716C7047FC16D523E7B8
File: cross_medium_curved_bars.png, Directory: dir7BFBE7152BD1F709E4A8AB545308CE6B
File: SearchPhrase_Chunk16.js, Directory: dirAAE153D476A857C192561F7A3BFE2D57
File: console_setting_midi_config5.png, Directory: dir301D0264053C1D31E4C443AA1728EE85
File: H4PCInstall.htm, Directory: dir276877C9EE0952DB9877D40943F3E64C
File: HelpSystem.xml, Directory: dirAAE153D476A857C192561F7A3BFE2D57
File: HPC_5_600x466.png, Directory: dir301D0264053C1D31E4C443AA1728EE85
File: Fanning.htm, Directory: dirFBF7365A5264634AB5246E4024DA46BB
File: four_diagonal_ribbons_banners_bars.png, Directory: dir7BFBE7152BD1F709E4A8AB545308CE6B
File: multi_branches_overlapping_thin_breakup.png, Directory: dir7BFBE7152BD1F709E4A8AB545308CE6B
File: multi_dots_curved_rotating_right.png, Directory: dir7BFBE7152BD1F709E4A8AB545308CE6B
File: glass_color_blue_green_yellow_breakup.png, Directory: dir7BFBE7152BD1F709E4A8AB545308CE6B
File: horizontallines_horizontal_lines_five.png, Directory: dir7BFBE7152BD1F709E4A8AB545308CE6B
File: offcenter_dot_asymmetrical_one_small.png, Directory: dir7BFBE7152BD1F709E4A8AB545308CE6B
File: multi_five_pointed_stars.png, Directory: dir7BFBE7152BD1F709E4A8AB545308CE6B
File: twelve_five_point_stars_radial_ring.png, Directory: dir7BFBE7152BD1F709E4A8AB545308CE6B
File: macro_playing.png, Directory: dir301D0264053C1D31E4C443AA1728EE85
File: cue_editor_times5_960x438.png, Directory: dir301D0264053C1D31E4C443AA1728EE85
File: config_button_across5.png, Directory: dir301D0264053C1D31E4C443AA1728EE85
File: plot_feedback_5_960x509.png, Directory: dir301D0264053C1D31E4C443AA1728EE85
File: rec_opts_toolbar.png, Directory: dir301D0264053C1D31E4C443AA1728EE85
File: tiny_bulge_breakup_cloud.png, Directory: dir7BFBE7152BD1F709E4A8AB545308CE6B
File: FixBuild_Tutorial_Comp.htm, Directory: dir4DDC1C874BC664E97A383AFD2CB09114
File: multicolor_overlapping_blotchy_breakup_rainbow_red_blue_green_yellow_purple.png, Directory: dir7BFBE7152BD1F709E4A8AB545308CE6B
File: fixtures_w_multiple_patch_pts_en.png, Directory: dir301D0264053C1D31E4C443AA1728EE85
File: ResponsiveGlossaryInactive.png, Directory: dirB18C0EE27D64684ADC5C3CC0891E3399
File: four_rounded_squares_symmetrical.png, Directory: dir7BFBE7152BD1F709E4A8AB545308CE6B
File: HogNet_CustomDHCPServing_600x406.png, Directory: dir301D0264053C1D31E4C443AA1728EE85
File: CommandKeys.htm, Directory: dirFC7559CFE1102D19ECDAABCC2BEF6B65
File: Service.htm, Directory: dir0828A62CDE7C6CE38A06416C531F88C9
File: layer_multi_breakup_circles.png, Directory: dir7BFBE7152BD1F709E4A8AB545308CE6B
File: overlapping_oval_rings_layer.png, Directory: dir7BFBE7152BD1F709E4A8AB545308CE6B
File: dashboard_on_pc_toggle.png, Directory: dir301D0264053C1D31E4C443AA1728EE85
File: multicolor_overlapping_strokes_curved_squiggles_blue_green.png, Directory: dir7BFBE7152BD1F709E4A8AB545308CE6B
File: overlapping_thin_lines_layer_stack.png, Directory: dir7BFBE7152BD1F709E4A8AB545308CE6B
File: 0044_neongreen.png, Directory: dirCF9519B65614710F6BDCEFAB09BAE21D
File: shattered_pointed_wedges_breakup.png, Directory: dir7BFBE7152BD1F709E4A8AB545308CE6B
File: layered_square_stack_fan_spiral.png, Directory: dir7BFBE7152BD1F709E4A8AB545308CE6B
File: GroupNaming.htm, Directory: dir2B73C4AF7D97B518FD415ECB6940F18F
File: thin_diagonal_lines_glass.png, Directory: dir7BFBE7152BD1F709E4A8AB545308CE6B
File: rounded_small_breakup.png, Directory: dir7BFBE7152BD1F709E4A8AB545308CE6B
File: single_curved_horizontal_line_bar_medium.png, Directory: dir7BFBE7152BD1F709E4A8AB545308CE6B
File: ResponsiveExpandAllButton.png, Directory: dirB18C0EE27D64684ADC5C3CC0891E3399
File: VirtualPlaybackWings.htm, Directory: dir4BE944CC52319BEEBBE027DB9BA856E7
File: bars_sunburst_circle_symmetrical.png, Directory: dir7BFBE7152BD1F709E4A8AB545308CE6B
File: Effect_Base.htm, Directory: dirFBF7365A5264634AB5246E4024DA46BB
File: SafetyInformation.htm, Directory: dirC813D43350262FBC3346A130A06ED7BF
File: pgm_full.png, Directory: dir301D0264053C1D31E4C443AA1728EE85
File: glass_cloud.png, Directory: dir7BFBE7152BD1F709E4A8AB545308CE6B
File: squiggle_overlap_thin_lines_wreath_border.png, Directory: dir7BFBE7152BD1F709E4A8AB545308CE6B
File: stars_kaleidescope_six.png, Directory: dir7BFBE7152BD1F709E4A8AB545308CE6B
File: intens_dir_menu_360x113.png, Directory: dir301D0264053C1D31E4C443AA1728EE85
File: Macros.htm, Directory: dir4906AD30EA0612325645F02F4BEB2740
File: mp_cust5_600x388.png, Directory: dir301D0264053C1D31E4C443AA1728EE85
File: plybck_opt_cuelist_persist_override5.png, Directory: dir301D0264053C1D31E4C443AA1728EE85
File: swirl_rotating_left_circle_spiral.png, Directory: dir7BFBE7152BD1F709E4A8AB545308CE6B
File: thin_lines_star_asterisk.png, Directory: dir7BFBE7152BD1F709E4A8AB545308CE6B
File: tunnel_hole_loop.png, Directory: dir7BFBE7152BD1F709E4A8AB545308CE6B
File: PigKey.htm, Directory: dirFBF7365A5264634AB5246E4024DA46BB
File: large_twinkle_star_tiny_dots.png, Directory: dir7BFBE7152BD1F709E4A8AB545308CE6B
File: segmented_rounded_bar_triangle.png, Directory: dir7BFBE7152BD1F709E4A8AB545308CE6B
File: multi_tiny_paisley_teardrop.png, Directory: dir7BFBE7152BD1F709E4A8AB545308CE6B
File: multi_five_point_star_breakup.png, Directory: dir7BFBE7152BD1F709E4A8AB545308CE6B
File: dmx_widget_116x108.png, Directory: dir301D0264053C1D31E4C443AA1728EE85
File: 3D_water_ripple_waves_texture_medium.png, Directory: dir7BFBE7152BD1F709E4A8AB545308CE6B
File: SearchPhrase_Chunk35.js, Directory: dirAAE153D476A857C192561F7A3BFE2D57
File: twenty_pointed_star.png, Directory: dir7BFBE7152BD1F709E4A8AB545308CE6B
File: intens_dir_menu.png, Directory: dir301D0264053C1D31E4C443AA1728EE85
File: plot_add_pixelmap_5.png, Directory: dir301D0264053C1D31E4C443AA1728EE85
File: playback_options_cuelist5.png, Directory: dir301D0264053C1D31E4C443AA1728EE85
File: 3D_glass_water_spray_archs_curves.png, Directory: dir7BFBE7152BD1F709E4A8AB545308CE6B
File: tiny_round_dots_stars_galaxy.png, Directory: dir7BFBE7152BD1F709E4A8AB545308CE6B
File: recorded_600x416.png, Directory: dir301D0264053C1D31E4C443AA1728EE85
File: MidiShowControl.htm, Directory: dirFBF7365A5264634AB5246E4024DA46BB
File: fb_mid22_5_960x575.png, Directory: dir301D0264053C1D31E4C443AA1728EE85
File: Vision2018_1.png, Directory: dir301D0264053C1D31E4C443AA1728EE85
File: patch_preview_pkg5.png, Directory: dir301D0264053C1D31E4C443AA1728EE85
File: winctrl_close.png, Directory: dir301D0264053C1D31E4C443AA1728EE85
File: starburst_color_pink_spikes_radial.png, Directory: dir7BFBE7152BD1F709E4A8AB545308CE6B
File: basic_plot5.png, Directory: dir301D0264053C1D31E4C443AA1728EE85
File: medium_curves_lines_random.png, Directory: dir7BFBE7152BD1F709E4A8AB545308CE6B
File: fan_lines_rugged_six.png, Directory: dir7BFBE7152BD1F709E4A8AB545308CE6B
File: overlapping_spirals_curves_interlocking.png, Directory: dir7BFBE7152BD1F709E4A8AB545308CE6B
File: four_thin_spiral_rotate_flower.png, Directory: dir7BFBE7152BD1F709E4A8AB545308CE6B
File: 16b_range_diff_5.png, Directory: dir301D0264053C1D31E4C443AA1728EE85
File: star-empty.png, Directory: dirB18C0EE27D64684ADC5C3CC0891E3399
File: colordir_spreadsheet5.png, Directory: dir301D0264053C1D31E4C443AA1728EE85
File: eight_thin_stretched_ovals_flower_multi.png, Directory: dir7BFBE7152BD1F709E4A8AB545308CE6B
File: restore_activity.png, Directory: dir301D0264053C1D31E4C443AA1728EE85
File: hand_palm_high_five.png, Directory: dir7BFBE7152BD1F709E4A8AB545308CE6B
File: ControlPanel_HogNet.png, Directory: dir301D0264053C1D31E4C443AA1728EE85
File: fw_update.png, Directory: dir301D0264053C1D31E4C443AA1728EE85
File: HPC_2_600x466.png, Directory: dir301D0264053C1D31E4C443AA1728EE85
File: red_yellow_lava.png, Directory: dir7BFBE7152BD1F709E4A8AB545308CE6B
File: ShowNetwork.htm, Directory: dir4BE944CC52319BEEBBE027DB9BA856E7
File: four_asymmetrical_curves_archs_circles.png, Directory: dir7BFBE7152BD1F709E4A8AB545308CE6B
File: four_rotating_left_archs_curves_color_pink.png, Directory: dir7BFBE7152BD1F709E4A8AB545308CE6B
File: eight_fan_bars_medium_symmetrical.png, Directory: dir7BFBE7152BD1F709E4A8AB545308CE6B
File: prog_wfx_val5.png, Directory: dir301D0264053C1D31E4C443AA1728EE85
File: rec_opts_toolbar_960x222.png, Directory: dir301D0264053C1D31E4C443AA1728EE85
File: scattered_maze_cracks_foliage.png, Directory: dir7BFBE7152BD1F709E4A8AB545308CE6B
File: Reporting.htm, Directory: dir7D044F2D594EAE0335E0674B82658F2B
File: CP_Virtual5.png, Directory: dir301D0264053C1D31E4C443AA1728EE85
File: multi_five_point_stars_small.png, Directory: dir7BFBE7152BD1F709E4A8AB545308CE6B
File: NewPage.htm, Directory: dir1295D77647C34B08C40F04A047C6B38F
File: Full_ISO_Upgrade.htm, Directory: dir5DC53C2A105460D0156677FED587ECF6
File: prog_wfx_val5_960x279.png, Directory: dir301D0264053C1D31E4C443AA1728EE85
File: Dashboard.htm, Directory: dir4BE944CC52319BEEBBE027DB9BA856E7
File: glass_ocean_waves_swirl.png, Directory: dir7BFBE7152BD1F709E4A8AB545308CE6B
File: CP_Tint5_600x540.png, Directory: dir301D0264053C1D31E4C443AA1728EE85
File: striped_rings_tunnel_swirl.png, Directory: dir7BFBE7152BD1F709E4A8AB545308CE6B
File: dotusernumselect2.png, Directory: dir301D0264053C1D31E4C443AA1728EE85
File: tiny_bubbles_multi_pebbles.png, Directory: dir7BFBE7152BD1F709E4A8AB545308CE6B
File: SceneToggling.htm, Directory: dir070BAB3FED22BFAFF21D603A3F08F6D5
File: 16b_range_diff_5_960x368.png, Directory: dir301D0264053C1D31E4C443AA1728EE85
File: tangled_branches_thin_overlapping_small.png, Directory: dir7BFBE7152BD1F709E4A8AB545308CE6B
File: rounded_breakup_mid.png, Directory: dir7BFBE7152BD1F709E4A8AB545308CE6B
File: PixelmapLayer.htm, Directory: dirFBF7365A5264634AB5246E4024DA46BB
File: eight_ovals_ring_medium_symmetrical.png, Directory: dir7BFBE7152BD1F709E4A8AB545308CE6B
File: SearchPhrase_Chunk51.js, Directory: dirAAE153D476A857C192561F7A3BFE2D57
File: fx_active.png, Directory: dir301D0264053C1D31E4C443AA1728EE85
File: Trademarks.htm, Directory: dirBB870C5ED2605CFCEDE6D58205CFE039
File: viz_1.png, Directory: dir301D0264053C1D31E4C443AA1728EE85
File: Full_V5_FP_960x385.png, Directory: dir301D0264053C1D31E4C443AA1728EE85
File: BlockingCue.htm, Directory: dirFBF7365A5264634AB5246E4024DA46BB
File: single_medium_splat.png, Directory: dir7BFBE7152BD1F709E4A8AB545308CE6B
File: SelectOnStage.htm, Directory: dirF9235F3A8134F8266E4FFC7F7A31716E
File: sphere_multi_layer_oval.png, Directory: dir7BFBE7152BD1F709E4A8AB545308CE6B
File: three_segmented_rings_radial.png, Directory: dir7BFBE7152BD1F709E4A8AB545308CE6B
File: puzzle_breakup_medium.png, Directory: dir7BFBE7152BD1F709E4A8AB545308CE6B
File: 3D_curved_triangle_multi_bulge_specks_dots_tiny.png, Directory: dir7BFBE7152BD1F709E4A8AB545308CE6B
File: multi_tiny_dots_multisize.png, Directory: dir7BFBE7152BD1F709E4A8AB545308CE6B
File: csh.js, Directory: dir90F13DF2359462D0E6501FE5B26659D8
File: dashboard_on_pc_toggle_360x621.png, Directory: dir301D0264053C1D31E4C443AA1728EE85
File: four_rotating_squiggles_medium.png, Directory: dir7BFBE7152BD1F709E4A8AB545308CE6B
File: New_Icon_Caution_ESD2.png, Directory: dirB8908DA68F0FFF4F8C8581F78213BDB8
File: SearchTopic_Chunk1.js, Directory: dirAAE153D476A857C192561F7A3BFE2D57
File: fb_mid11_5_960x611.png, Directory: dir301D0264053C1D31E4C443AA1728EE85
File: Scene.htm, Directory: dirFBF7365A5264634AB5246E4024DA46BB
File: SearchStem_Chunk7.js, Directory: dirAAE153D476A857C192561F7A3BFE2D57
File: CheatSheets.htm, Directory: dir8D3DE84CACE1BF39A6D8DEE76C1BAA21
File: six_point_star_layer_stacked_spiral_multi.png, Directory: dir7BFBE7152BD1F709E4A8AB545308CE6B
File: single_vertical_bar_medium.png, Directory: dir7BFBE7152BD1F709E4A8AB545308CE6B
File: tree_branches_foliage_multi_lines_horizontal_vertical.png, Directory: dir7BFBE7152BD1F709E4A8AB545308CE6B
File: WarrantyInfo.htm, Directory: dirCAE2967671FF55BA027016B8054C0AC2
File: 0003_fiveface.png, Directory: dir0D973686163D66EE8454B4DA57145C33
File: tiny_multi_specks_dots.png, Directory: dir7BFBE7152BD1F709E4A8AB545308CE6B
File: seventeen_vertical_bars.png, Directory: dir7BFBE7152BD1F709E4A8AB545308CE6B
File: pentalobe.png, Directory: dir7BFBE7152BD1F709E4A8AB545308CE6B
File: three_warped_squiggles.png, Directory: dir7BFBE7152BD1F709E4A8AB545308CE6B
File: glass_stones_color_red_blue_color_multicolor_rocks.png, Directory: dir7BFBE7152BD1F709E4A8AB545308CE6B
File: multi_vertical_wavey_lines_rain_medium.png, Directory: dir7BFBE7152BD1F709E4A8AB545308CE6B
File: reference.png, Directory: dir301D0264053C1D31E4C443AA1728EE85
File: fb_advanced_clone.png, Directory: dir301D0264053C1D31E4C443AA1728EE85
File: multi_overlapping_lines_small.png, Directory: dir7BFBE7152BD1F709E4A8AB545308CE6B
File: fade_mark_comp5_960x305.png, Directory: dir301D0264053C1D31E4C443AA1728EE85
File: twelve_thin_bars_cross_multi.png, Directory: dir7BFBE7152BD1F709E4A8AB545308CE6B
File: 16b_unused_5.png, Directory: dir301D0264053C1D31E4C443AA1728EE85
File: agg_ss_collapsed5.png, Directory: dir301D0264053C1D31E4C443AA1728EE85
File: highlight.png, Directory: dir301D0264053C1D31E4C443AA1728EE85
File: grid_rows_tiny_squares_net_multi.png, Directory: dir7BFBE7152BD1F709E4A8AB545308CE6B
File: twelve_curved_segmented_square_border.png, Directory: dir7BFBE7152BD1F709E4A8AB545308CE6B
File: segmented_triangle_cone_medium.png, Directory: dir7BFBE7152BD1F709E4A8AB545308CE6B
File: macro_window_commands_5.png, Directory: dir301D0264053C1D31E4C443AA1728EE85
File: Glossary_Chunk0.js, Directory: dirAAE153D476A857C192561F7A3BFE2D57
File: SearchStem_Chunk5.js, Directory: dirAAE153D476A857C192561F7A3BFE2D57
File: tilted_star_cinema_border.png, Directory: dir7BFBE7152BD1F709E4A8AB545308CE6B
File: plot_bg_image_import_5.png, Directory: dir301D0264053C1D31E4C443AA1728EE85
File: cue_editor5_960x264.png, Directory: dir301D0264053C1D31E4C443AA1728EE85
File: parked_win5.png, Directory: dir301D0264053C1D31E4C443AA1728EE85
File: param_pale_ref5.png, Directory: dir301D0264053C1D31E4C443AA1728EE85
File: layered_crescent_wedges_border_circle.png, Directory: dir7BFBE7152BD1F709E4A8AB545308CE6B
File: 0029_tealblue.png, Directory: dirCF9519B65614710F6BDCEFAB09BAE21D
File: tribal_breakup.png, Directory: dir7BFBE7152BD1F709E4A8AB545308CE6B
File: moon_paint_smudge_green_yellow_multicolor.png, Directory: dir7BFBE7152BD1F709E4A8AB545308CE6B
File: twelve_curved_square_border.png, Directory: dir7BFBE7152BD1F709E4A8AB545308CE6B
File: segmented_radial_ring_cone_pointed.png, Directory: dir7BFBE7152BD1F709E4A8AB545308CE6B
File: six_bar_fan_symmetrical.png, Directory: dir7BFBE7152BD1F709E4A8AB545308CE6B
File: 3D_spikes_ball_star_red_sun_color.png, Directory: dir7BFBE7152BD1F709E4A8AB545308CE6B
File: 0018_wideovalfrost.png, Directory: dir6D583EA6C7A4916F30AECA4AC4DB133D
File: 0052.PNG, Directory: dirCF9519B65614710F6BDCEFAB09BAE21D
File: layers_triangles_squares_fan_circle_border_spin.png, Directory: dir7BFBE7152BD1F709E4A8AB545308CE6B
File: multi_interlocking_rings_hoops_medium.png, Directory: dir7BFBE7152BD1F709E4A8AB545308CE6B
File: cobblestone_medium_breakup.png, Directory: dir7BFBE7152BD1F709E4A8AB545308CE6B
File: nine_symmetrical_dots.png, Directory: dir7BFBE7152BD1F709E4A8AB545308CE6B
File: 0000_open.png, Directory: dir0D973686163D66EE8454B4DA57145C33
File: spiral_swirl_tunnel.png, Directory: dir7BFBE7152BD1F709E4A8AB545308CE6B
File: small_thin_triangles_fan_spin.png, Directory: dir7BFBE7152BD1F709E4A8AB545308CE6B
File: five_flower_outline_petals_big.png, Directory: dir7BFBE7152BD1F709E4A8AB545308CE6B
File: AutoGeneratingGroups.htm, Directory: dir2B73C4AF7D97B518FD415ECB6940F18F
File: SearchPhrase_Chunk22.js, Directory: dirAAE153D476A857C192561F7A3BFE2D57
File: tiny_animated_stars_multi.png, Directory: dir7BFBE7152BD1F709E4A8AB545308CE6B
File: ImportantSafetyInfo.htm, Directory: dirCAE2967671FF55BA027016B8054C0AC2
File: 3D_net_mesh_mutli_dots.png, Directory: dir7BFBE7152BD1F709E4A8AB545308CE6B
File: diagonal_lines.png, Directory: dirB18C0EE27D64684ADC5C3CC0891E3399
File: CommandLine.htm, Directory: dirFBF7365A5264634AB5246E4024DA46BB
File: vis_wyg_config_4_316x334.png, Directory: dir301D0264053C1D31E4C443AA1728EE85
File: 3D_ball_spike_small.png, Directory: dir7BFBE7152BD1F709E4A8AB545308CE6B
File: bullet.png, Directory: dirB8908DA68F0FFF4F8C8581F78213BDB8
File: MIDI.htm, Directory: dirFBF7365A5264634AB5246E4024DA46BB
File: multi_rectangle_breakup.png, Directory: dir7BFBE7152BD1F709E4A8AB545308CE6B
File: ETCnomandKeyNotRecognized.htm, Directory: dir89EA610D4F97992D0567E123129F87FD
File: HogNet_CustomDHCPServing.png, Directory: dir301D0264053C1D31E4C443AA1728EE85
File: plybck_opt_cuelist_use_htp5.png, Directory: dir301D0264053C1D31E4C443AA1728EE85
File: ResponsiveIndexInactive.png, Directory: dirB18C0EE27D64684ADC5C3CC0891E3399
File: 0007_flesh.png, Directory: dirCF9519B65614710F6BDCEFAB09BAE21D
File: SuckParameters.htm, Directory: dirF9235F3A8134F8266E4FFC7F7A31716E
File: firmware_update_progress.png, Directory: dir301D0264053C1D31E4C443AA1728EE85
File: north_star_cross.png, Directory: dir7BFBE7152BD1F709E4A8AB545308CE6B
File: 0070.png, Directory: dirCF9519B65614710F6BDCEFAB09BAE21D
File: prefs_def_name5_960x785.png, Directory: dir301D0264053C1D31E4C443AA1728EE85
File: single_star_twinkle_bright.png, Directory: dir7BFBE7152BD1F709E4A8AB545308CE6B
File: index.htm, Directory: dir90F13DF2359462D0E6501FE5B26659D8
File: multi_curves_overlapping_breakup_medium.png, Directory: dir7BFBE7152BD1F709E4A8AB545308CE6B
File: criss_cross_lines_mesh_puzzle.png, Directory: dir7BFBE7152BD1F709E4A8AB545308CE6B
File: cfx_add_2_5.png, Directory: dir301D0264053C1D31E4C443AA1728EE85
File: foliage_silhouette_multi.png, Directory: dir7BFBE7152BD1F709E4A8AB545308CE6B
File: TouchScreens.htm, Directory: dirFBF7365A5264634AB5246E4024DA46BB
File: fb_basic_template_5.png, Directory: dir301D0264053C1D31E4C443AA1728EE85
File: 0038_palegreen.png, Directory: dirCF9519B65614710F6BDCEFAB09BAE21D
File: overlapping_spike_crescents_flower_thorns.png, Directory: dir7BFBE7152BD1F709E4A8AB545308CE6B
File: ControlSet.htm, Directory: dirFBF7365A5264634AB5246E4024DA46BB
File: indexInactive.png, Directory: dirB18C0EE27D64684ADC5C3CC0891E3399
File: viz_2.png, Directory: dir301D0264053C1D31E4C443AA1728EE85
File: EffectPalettes.htm, Directory: dir1B2A2472AB42112053DD12BE1660438C
File: three_interlocking_segmented_rings.png, Directory: dir7BFBE7152BD1F709E4A8AB545308CE6B
File: h_touch1_5_600x77.png, Directory: dir301D0264053C1D31E4C443AA1728EE85
File: ShowMerge.htm, Directory: dir59111B18C3A85535B8DD93AED5C7CB42
File: triangle_single_segmented_rounded_bars.png, Directory: dir7BFBE7152BD1F709E4A8AB545308CE6B
File: config_auto_color_menu5.png, Directory: dir301D0264053C1D31E4C443AA1728EE85
File: SearchPhrase_Chunk47.js, Directory: dirAAE153D476A857C192561F7A3BFE2D57
File: SearchPhrase_Chunk26.js, Directory: dirAAE153D476A857C192561F7A3BFE2D57
File: Groups.htm, Directory: dir2B73C4AF7D97B518FD415ECB6940F18F
File: FadeDelayPath.htm, Directory: dir4937F9448319195033DF111F8C9A4E12
File: zigzag_curve_warped_squiggle_vertical_color_pink.png, Directory: dir7BFBE7152BD1F709E4A8AB545308CE6B
File: tiny_dots_galaxy_stars_spheres_multi.png, Directory: dir7BFBE7152BD1F709E4A8AB545308CE6B
File: MediaPickerWindow.htm, Directory: dir158F969D79590B25CF1C2A5D8BF8C587
File: 3D_arrow_right.png, Directory: dir7BFBE7152BD1F709E4A8AB545308CE6B
File: fix_uniview5_960x590.png, Directory: dir301D0264053C1D31E4C443AA1728EE85
File: rubberband_ball.png, Directory: dir7BFBE7152BD1F709E4A8AB545308CE6B
File: triangle_single_big.png, Directory: dir7BFBE7152BD1F709E4A8AB545308CE6B
File: fix_type_tool_bar5.png, Directory: dir301D0264053C1D31E4C443AA1728EE85
File: FixtureLibraryIntro.htm, Directory: dir7DA94037655E84DCD759135C96771333
File: highlight.png, Directory: dirB18C0EE27D64684ADC5C3CC0891E3399
File: fireworks_explosion_small_lines_curved_multi.png, Directory: dir7BFBE7152BD1F709E4A8AB545308CE6B
File: one_horizontal_single_wave.png, Directory: dir7BFBE7152BD1F709E4A8AB545308CE6B
File: effect_engine5.png, Directory: dir301D0264053C1D31E4C443AA1728EE85
File: grouping_toolbar_5_960x74.png, Directory: dir301D0264053C1D31E4C443AA1728EE85
File: sun_face_color_red_yellow.png, Directory: dir7BFBE7152BD1F709E4A8AB545308CE6B
File: CommandKeys.htm, Directory: dirFBF7365A5264634AB5246E4024DA46BB
File: swirl_pinwheel_offset.png, Directory: dir7BFBE7152BD1F709E4A8AB545308CE6B
File: wheel_toolbar_timing_param_types5.png, Directory: dir301D0264053C1D31E4C443AA1728EE85
File: OSCNetwork.htm, Directory: dir5129A05B3C5DF7E91A6148CBEC3A96C7
File: Mobile.css, Directory: dirB84FA28B9E44762734654BF649E116C4
File: ink_spill_splash.png, Directory: dir7BFBE7152BD1F709E4A8AB545308CE6B
File: eight_small_vertical_dots_line.png, Directory: dir7BFBE7152BD1F709E4A8AB545308CE6B
File: levels_view_5.png, Directory: dir301D0264053C1D31E4C443AA1728EE85
File: triangles_multi_star_pointed.png, Directory: dir7BFBE7152BD1F709E4A8AB545308CE6B
File: hog_start_5.png, Directory: dir301D0264053C1D31E4C443AA1728EE85
File: QWERTY_Shortcuts.htm, Directory: dir8D3DE84CACE1BF39A6D8DEE76C1BAA21
File: overlapping_curved_archs_mesh_weave.png, Directory: dir7BFBE7152BD1F709E4A8AB545308CE6B
File: eight_flower_petal_teardrop.png, Directory: dir7BFBE7152BD1F709E4A8AB545308CE6B
File: fifteen_point_curved_sun_color_purple.png, Directory: dir7BFBE7152BD1F709E4A8AB545308CE6B
File: communityInactive.png, Directory: dirB18C0EE27D64684ADC5C3CC0891E3399
File: TechSpec_RH4.htm, Directory: dirE616E725F39764101A897681B058E202
File: touch_ex5.png, Directory: dir301D0264053C1D31E4C443AA1728EE85
File: ten_spots_breakup_big.png, Directory: dir7BFBE7152BD1F709E4A8AB545308CE6B
File: six_curved_pointed_radial_inverted_sun.png, Directory: dir7BFBE7152BD1F709E4A8AB545308CE6B
File: layer_star_lines_bars.png, Directory: dir7BFBE7152BD1F709E4A8AB545308CE6B
File: radial_ovals_splat_medium.png, Directory: dir7BFBE7152BD1F709E4A8AB545308CE6B
File: sun_beam_thin_flares_lines_bright.png, Directory: dir7BFBE7152BD1F709E4A8AB545308CE6B
File: OutputMap.htm, Directory: dir4BE944CC52319BEEBBE027DB9BA856E7
File: eleven_twinkle_stars_tiny_speckles_dots.png, Directory: dir7BFBE7152BD1F709E4A8AB545308CE6B
File: timecode_tlbar5_960x34.png, Directory: dir301D0264053C1D31E4C443AA1728EE85
File: cueonly.png, Directory: dir301D0264053C1D31E4C443AA1728EE85
File: three_asymmetrical_rings_big.png, Directory: dir7BFBE7152BD1F709E4A8AB545308CE6B
File: firmware_update_complete.png, Directory: dir301D0264053C1D31E4C443AA1728EE85
File: tangled_web_curved_lines_overlapping.png, Directory: dir7BFBE7152BD1F709E4A8AB545308CE6B
File: clock_toolbar5.png, Directory: dir301D0264053C1D31E4C443AA1728EE85
File: five_medium_dots_symmetrical.png, Directory: dir7BFBE7152BD1F709E4A8AB545308CE6B
File: SearchPhrase_Chunk0.js, Directory: dirAAE153D476A857C192561F7A3BFE2D57
File: single_dot_mid.png, Directory: dir7BFBE7152BD1F709E4A8AB545308CE6B
File: 0051.PNG, Directory: dirCF9519B65614710F6BDCEFAB09BAE21D
File: twelve_dots_star_symmetrical.png, Directory: dir7BFBE7152BD1F709E4A8AB545308CE6B
File: thirteen_triangles_3D_diamonds.png, Directory: dir7BFBE7152BD1F709E4A8AB545308CE6B
File: SearchPhrase_Chunk18.js, Directory: dirAAE153D476A857C192561F7A3BFE2D57
File: plot_add_show_item.png, Directory: dir301D0264053C1D31E4C443AA1728EE85
File: Effect_Link.htm, Directory: dirFBF7365A5264634AB5246E4024DA46BB
File: config_auto_color5.png, Directory: dir301D0264053C1D31E4C443AA1728EE85
File: AggregateFixtures.htm, Directory: dirFBF7365A5264634AB5246E4024DA46BB
File: FB_CSP_BuildType_5.png, Directory: dir301D0264053C1D31E4C443AA1728EE85
File: fb_mid17_5.png, Directory: dir301D0264053C1D31E4C443AA1728EE85
File: spiral_kaleidescope.png, Directory: dir7BFBE7152BD1F709E4A8AB545308CE6B
File: background pattern.png, Directory: dirB18C0EE27D64684ADC5C3CC0891E3399
File: mix_layer_color_pastel_multicolor_swirl_cyan_magenta.png, Directory: dir7BFBE7152BD1F709E4A8AB545308CE6B
File: nine_circle_ovals_flower_petals.png, Directory: dir7BFBE7152BD1F709E4A8AB545308CE6B
File: seven_curved_horizontal_bars.png, Directory: dir7BFBE7152BD1F709E4A8AB545308CE6B
File: glass_shattered_broken_tiny_pieces_pink_color.png, Directory: dir7BFBE7152BD1F709E4A8AB545308CE6B
File: HPC_5.png, Directory: dir301D0264053C1D31E4C443AA1728EE85
File: USB.htm, Directory: dirFBF7365A5264634AB5246E4024DA46BB
File: 16b_add5.png, Directory: dir301D0264053C1D31E4C443AA1728EE85
File: macro_window_playcontrols_5.png, Directory: dir301D0264053C1D31E4C443AA1728EE85
File: six_triangle_wedges_dot_fan_spin.png, Directory: dir7BFBE7152BD1F709E4A8AB545308CE6B
File: eight_pointed_inverted_star_curved_bars.png, Directory: dir7BFBE7152BD1F709E4A8AB545308CE6B
File: speckled_galaxy_spiral_swirl_tiny_dots.png, Directory: dir7BFBE7152BD1F709E4A8AB545308CE6B
File: Effect_Track.htm, Directory: dirFBF7365A5264634AB5246E4024DA46BB
File: over.png, Directory: dir301D0264053C1D31E4C443AA1728EE85
File: eight_layer_slices_wedges_spiral.png, Directory: dir7BFBE7152BD1F709E4A8AB545308CE6B
File: thin_grid_oval_sphere.png, Directory: dir7BFBE7152BD1F709E4A8AB545308CE6B
File: config_wings5_960x503.png, Directory: dir301D0264053C1D31E4C443AA1728EE85
File: 0072.png, Directory: dirCF9519B65614710F6BDCEFAB09BAE21D
File: large_circle_centered_thick_border.png, Directory: dir7BFBE7152BD1F709E4A8AB545308CE6B
File: six_inverted_circles_rotating_right.png, Directory: dir7BFBE7152BD1F709E4A8AB545308CE6B
File: twelve_zigzag_radial_sun.png, Directory: dir7BFBE7152BD1F709E4A8AB545308CE6B
File: puff_burst.png, Directory: dir7BFBE7152BD1F709E4A8AB545308CE6B
File: startup_macro5_960x564.png, Directory: dir301D0264053C1D31E4C443AA1728EE85
File: fire_fusion_breakup_red_yellow_multicolor.png, Directory: dir7BFBE7152BD1F709E4A8AB545308CE6B
File: sh_mgr_file_brow5.png, Directory: dir301D0264053C1D31E4C443AA1728EE85
File: tiny_triangles_shattered_multi.png, Directory: dir7BFBE7152BD1F709E4A8AB545308CE6B
File: oval_x_dot_cross_criss_ring.png, Directory: dir7BFBE7152BD1F709E4A8AB545308CE6B
File: Batches.htm, Directory: dir3399D43E8E0CB2368BC79B27F701792F
File: MadCapAll.js, Directory: dir61588760BB0E426A2E1C40CAD4CA6677
File: TechSpec_GigHog.htm, Directory: dirE616E725F39764101A897681B058E202
File: Launcher_ControlPanel.png, Directory: dir301D0264053C1D31E4C443AA1728EE85
File: three_bars_separated_triangle.png, Directory: dir7BFBE7152BD1F709E4A8AB545308CE6B
File: multi_dots_small_large.png, Directory: dir7BFBE7152BD1F709E4A8AB545308CE6B
File: auto_launch5_960x608.png, Directory: dir301D0264053C1D31E4C443AA1728EE85
File: merge_5.png, Directory: dir301D0264053C1D31E4C443AA1728EE85
File: twisted_leaves_branches_foliage_layer.png, Directory: dir7BFBE7152BD1F709E4A8AB545308CE6B
File: DectoHex.htm, Directory: dir8D3DE84CACE1BF39A6D8DEE76C1BAA21
File: ArtNet_sACN.htm, Directory: dir4BE944CC52319BEEBBE027DB9BA856E7
File: fb_mid21_5_960x575.png, Directory: dir301D0264053C1D31E4C443AA1728EE85
File: plybck_opt_cuelist_is_chase5_360x349.png, Directory: dir301D0264053C1D31E4C443AA1728EE85
File: three_curves_radar_arches.png, Directory: dir7BFBE7152BD1F709E4A8AB545308CE6B
File: ShowBackup.htm, Directory: dir59111B18C3A85535B8DD93AED5C7CB42
File: glass_twist_color_purple.png, Directory: dir7BFBE7152BD1F709E4A8AB545308CE6B
File: using_suck_1_en_5.png, Directory: dir301D0264053C1D31E4C443AA1728EE85
File: three_interlocking_keltic.png, Directory: dir7BFBE7152BD1F709E4A8AB545308CE6B
File: About_this_Manual.htm, Directory: dir89AEB7EEACCDFBF95C518E72B57C88B7
File: AddingPreviewspre20.htm, Directory: dir158F969D79590B25CF1C2A5D8BF8C587
File: DottedUserNumbers.htm, Directory: dirE1F6960898D23EE4594C548D589D98C6
File: SearchIcon.png, Directory: dirB18C0EE27D64684ADC5C3CC0891E3399
File: three_multicolor_rotating_fan_dots_cyan_magenta_yellow.png, Directory: dir7BFBE7152BD1F709E4A8AB545308CE6B
File: gradient_grid_square_net.png, Directory: dir7BFBE7152BD1F709E4A8AB545308CE6B
File: status_bar.png, Directory: dir301D0264053C1D31E4C443AA1728EE85
File: 3D_leather_texture_small.png, Directory: dir7BFBE7152BD1F709E4A8AB545308CE6B
File: eight_dots_medium_asymmetrical.png, Directory: dir7BFBE7152BD1F709E4A8AB545308CE6B
File: five_crescent_dot_border.png, Directory: dir7BFBE7152BD1F709E4A8AB545308CE6B
File: tiny_pebble_rocks_bubbles_cracks_multi.png, Directory: dir7BFBE7152BD1F709E4A8AB545308CE6B
File: eight_ovals_multi_sun_.png, Directory: dir7BFBE7152BD1F709E4A8AB545308CE6B
File: small_diamond_arrow_point_multi_layer_paper_origami.png, Directory: dir7BFBE7152BD1F709E4A8AB545308CE6B
File: loops_toolbar5.png, Directory: dir301D0264053C1D31E4C443AA1728EE85
File: indicator_chat_39x39.png, Directory: dir301D0264053C1D31E4C443AA1728EE85
File: glass_half_white_bubbles.png, Directory: dir7BFBE7152BD1F709E4A8AB545308CE6B
File: New_Icon_Warning_General_whitefill.png, Directory: dirB8908DA68F0FFF4F8C8581F78213BDB8
File: TechSpec_HPU.htm, Directory: dirE616E725F39764101A897681B058E202
File: SafetyWarnings6.htm, Directory: dirC813D43350262FBC3346A130A06ED7BF
File: cfx_add_1_5.png, Directory: dir301D0264053C1D31E4C443AA1728EE85
File: WaitTime.htm, Directory: dirFBF7365A5264634AB5246E4024DA46BB
File: ten_small_dots_Y_shape_multi.png, Directory: dir7BFBE7152BD1F709E4A8AB545308CE6B
File: closedBook_1_1.png, Directory: dirB18C0EE27D64684ADC5C3CC0891E3399
File: four_purple_circles_curved_rotating_right.png, Directory: dir7BFBE7152BD1F709E4A8AB545308CE6B
File: four_slices_rainbow_color_red_yellow_green_blue_wedges.png, Directory: dir7BFBE7152BD1F709E4A8AB545308CE6B
File: three_rings_square_curved.png, Directory: dir7BFBE7152BD1F709E4A8AB545308CE6B
File: HPC_3_600x466.png, Directory: dir301D0264053C1D31E4C443AA1728EE85
File: cue_list_clock_trig_button5.png, Directory: dir301D0264053C1D31E4C443AA1728EE85
File: fb_mid13_5_960x610.png, Directory: dir301D0264053C1D31E4C443AA1728EE85
File: CalBypass.htm, Directory: dirFBF7365A5264634AB5246E4024DA46BB
File: hh_upgrade4_5.png, Directory: dir301D0264053C1D31E4C443AA1728EE85
File: nine_squiggles_swirl_spiral_flower_sun.png, Directory: dir7BFBE7152BD1F709E4A8AB545308CE6B
File: multicolor_overlapping_radial_squiggles_cyan_magenta.png, Directory: dir7BFBE7152BD1F709E4A8AB545308CE6B
File: nine_spike_fan_spin_star.png, Directory: dir7BFBE7152BD1F709E4A8AB545308CE6B
File: desert_image_silhouette.png, Directory: dir7BFBE7152BD1F709E4A8AB545308CE6B
File: fb_mid5_5.png, Directory: dir301D0264053C1D31E4C443AA1728EE85
File: SearchPhrase_Chunk8.js, Directory: dirAAE153D476A857C192561F7A3BFE2D57
File: 3D_donut_mesh_net-ring_tilted_angle.png, Directory: dir7BFBE7152BD1F709E4A8AB545308CE6B
File: spin_spiral_swirl_fan_color_pink_blue.png, Directory: dir7BFBE7152BD1F709E4A8AB545308CE6B
File: squiggle_western_paisley_multi.png, Directory: dir7BFBE7152BD1F709E4A8AB545308CE6B
File: glass_pattern.png, Directory: dir7BFBE7152BD1F709E4A8AB545308CE6B
File: GigHog_layout.png, Directory: dir301D0264053C1D31E4C443AA1728EE85
File: four_segment_square_border.png, Directory: dir7BFBE7152BD1F709E4A8AB545308CE6B
File: Key.htm, Directory: dirFBF7365A5264634AB5246E4024DA46BB
File: layered_rainbow_shard_broken_.png, Directory: dir7BFBE7152BD1F709E4A8AB545308CE6B
File: DMXChannel_ArtNetSource.htm, Directory: dir9A97A7B3D386D7011D7BF321F7232B1F
File: twelve_bars_thin_horizontal.png, Directory: dir7BFBE7152BD1F709E4A8AB545308CE6B
File: 3D_swirl_spiral_thick.png, Directory: dir7BFBE7152BD1F709E4A8AB545308CE6B
File: Path.htm, Directory: dirFBF7365A5264634AB5246E4024DA46BB
File: horizontal_lines_grayscale_gradient_sunset.png, Directory: dir7BFBE7152BD1F709E4A8AB545308CE6B
File: eight_thin_squiggles_fan_spin.png, Directory: dir7BFBE7152BD1F709E4A8AB545308CE6B
File: spiral_sun_twist_sphere_border_elaborate.png, Directory: dir7BFBE7152BD1F709E4A8AB545308CE6B
File: seven_vertical_bars_slats.png, Directory: dir7BFBE7152BD1F709E4A8AB545308CE6B
File: pal_per_fix5.png, Directory: dir301D0264053C1D31E4C443AA1728EE85
File: three_segmented_rings_medium.png, Directory: dir7BFBE7152BD1F709E4A8AB545308CE6B
File: dots_multi_sizes.png, Directory: dir7BFBE7152BD1F709E4A8AB545308CE6B
File: twelve_arm_squiggles_sun.png, Directory: dir7BFBE7152BD1F709E4A8AB545308CE6B
File: CopyMoveGroup.htm, Directory: dir2B73C4AF7D97B518FD415ECB6940F18F
File: Introduction.htm, Directory: dirCAE2967671FF55BA027016B8054C0AC2
File: thick_bars_tunnel_thin_triangles.png, Directory: dir7BFBE7152BD1F709E4A8AB545308CE6B
File: twelve_pointed_fan_radial.png, Directory: dir7BFBE7152BD1F709E4A8AB545308CE6B
File: wtb_pageleft.png, Directory: dir301D0264053C1D31E4C443AA1728EE85
File: fan_ex_1_5.png, Directory: dir301D0264053C1D31E4C443AA1728EE85
File: fifteen_curved_pinwheel_radial.png, Directory: dir7BFBE7152BD1F709E4A8AB545308CE6B
File: 16b_attach_5.png, Directory: dir301D0264053C1D31E4C443AA1728EE85
File: thin_lines-ring_circle_stripes.png, Directory: dir7BFBE7152BD1F709E4A8AB545308CE6B
File: edit_fix5_960x857.png, Directory: dir301D0264053C1D31E4C443AA1728EE85
File: startrek_tripoint_wedge_threepoint.png, Directory: dir7BFBE7152BD1F709E4A8AB545308CE6B
File: SoftKey.htm, Directory: dirFBF7365A5264634AB5246E4024DA46BB
File: small_dots_space_breakup_galaxy_twelve.png, Directory: dir7BFBE7152BD1F709E4A8AB545308CE6B
File: tiny_triangles_broken_breakup_cracks_color_blue.png, Directory: dir7BFBE7152BD1F709E4A8AB545308CE6B
File: prefs_trackball5_960x661.png, Directory: dir301D0264053C1D31E4C443AA1728EE85
File: UserPrefs.htm, Directory: dir59111B18C3A85535B8DD93AED5C7CB42
File: four_rotating_right_curves_pinwheel.png, Directory: dir7BFBE7152BD1F709E4A8AB545308CE6B
File: three_segmented_radial_rings_large.png, Directory: dir7BFBE7152BD1F709E4A8AB545308CE6B
File: edit5.png, Directory: dir301D0264053C1D31E4C443AA1728EE85
File: groupings_buddy.png, Directory: dir301D0264053C1D31E4C443AA1728EE85
File: layer_circles_bubbles-color_overlapping.png, Directory: dir7BFBE7152BD1F709E4A8AB545308CE6B
File: PreviewPackages.htm, Directory: dir158F969D79590B25CF1C2A5D8BF8C587
File: multicolor_grass_strokes_psychedelic_texture_yellow_red_orange.png, Directory: dir7BFBE7152BD1F709E4A8AB545308CE6B
File: fb_mid18_5_960x769.png, Directory: dir301D0264053C1D31E4C443AA1728EE85
File: lava_mix_warped.png, Directory: dir7BFBE7152BD1F709E4A8AB545308CE6B
File: CP_physical5.png, Directory: dir301D0264053C1D31E4C443AA1728EE85
File: Hog4PC.htm, Directory: dir276877C9EE0952DB9877D40943F3E64C
File: eight_dots_fortune_cookie_wedges_small_flower.png, Directory: dir7BFBE7152BD1F709E4A8AB545308CE6B
File: pgm_com.png, Directory: dir301D0264053C1D31E4C443AA1728EE85
File: Chase.htm, Directory: dirFBF7365A5264634AB5246E4024DA46BB
File: single_dot_large_symmetrical_centered.png, Directory: dir7BFBE7152BD1F709E4A8AB545308CE6B
File: OSCOutputMapping.htm, Directory: dir5129A05B3C5DF7E91A6148CBEC3A96C7
File: Tablet.css, Directory: dirDE1604631C19C70F9C8F30BFD284C63B
File: layer_lines_confetti_multicolor_teal_blue_yellow.png, Directory: dir7BFBE7152BD1F709E4A8AB545308CE6B
File: thin_thorn_lines_bars_pointed_circle_ring.png, Directory: dir7BFBE7152BD1F709E4A8AB545308CE6B
File: nine_segmented_horizontal_rectangles.png, Directory: dir7BFBE7152BD1F709E4A8AB545308CE6B
File: neon_shard_glass_broken_breakup_cracks_purple_rainbow_multicolor_blue_purple_yellow_orange.png, Directory: dir7BFBE7152BD1F709E4A8AB545308CE6B
File: GUI.htm, Directory: dir506C26B368C466EAAF42C3B612DDA6A7
File: six_rotating_curve_sprial.png, Directory: dir7BFBE7152BD1F709E4A8AB545308CE6B
File: circle_splatter_ring_weave.png, Directory: dir7BFBE7152BD1F709E4A8AB545308CE6B
File: fade_changes5.png, Directory: dir301D0264053C1D31E4C443AA1728EE85
File: lightning_bolt_storm.png, Directory: dir7BFBE7152BD1F709E4A8AB545308CE6B
File: two_rings_bullseye.png, Directory: dir7BFBE7152BD1F709E4A8AB545308CE6B
File: Index_Chunk0.js, Directory: dirAAE153D476A857C192561F7A3BFE2D57
File: cuelist_window_play_controls5.png, Directory: dir301D0264053C1D31E4C443AA1728EE85
File: SearchPhrase_Chunk39.js, Directory: dirAAE153D476A857C192561F7A3BFE2D57
File: PatchPoint.htm, Directory: dirFBF7365A5264634AB5246E4024DA46BB
File: shattered_wedges_asymmetrical.png, Directory: dir7BFBE7152BD1F709E4A8AB545308CE6B
File: HTP.htm, Directory: dirFBF7365A5264634AB5246E4024DA46BB
File: glossaryInactive.png, Directory: dirB18C0EE27D64684ADC5C3CC0891E3399
File: dir_kind_mask5.png, Directory: dir301D0264053C1D31E4C443AA1728EE85
File: thin_one_barbed_wire_twist_x.png, Directory: dir7BFBE7152BD1F709E4A8AB545308CE6B
File: small_curved_lines_horizontal_sunset_multi.png, Directory: dir7BFBE7152BD1F709E4A8AB545308CE6B
File: recorded_eligible.png, Directory: dir301D0264053C1D31E4C443AA1728EE85
File: six_multicolor_wheel_radial_circle_yellow.png, Directory: dir7BFBE7152BD1F709E4A8AB545308CE6B
File: horizontal_medium_breakup.png, Directory: dir7BFBE7152BD1F709E4A8AB545308CE6B
File: 16b_unused_5_960x288.png, Directory: dir301D0264053C1D31E4C443AA1728EE85
File: DMXUniverse.htm, Directory: dirFBF7365A5264634AB5246E4024DA46BB
File: multi_overlapping_squares_small.png, Directory: dir7BFBE7152BD1F709E4A8AB545308CE6B
File: ChangeType.htm, Directory: dirE1F6960898D23EE4594C548D589D98C6
File: multi_tiny_dots_color_purple.png, Directory: dir7BFBE7152BD1F709E4A8AB545308CE6B
File: Topic.micro-content.css, Directory: dirDE1604631C19C70F9C8F30BFD284C63B
File: 0000_open.png, Directory: dirB6A48B5F0A2C9D42D5F3D11AD610CF6A
File: dip_sw_360x458.png, Directory: dir301D0264053C1D31E4C443AA1728EE85
File: purple_circle_rings_interlocking_small_symmetrical.png, Directory: dir7BFBE7152BD1F709E4A8AB545308CE6B
File: playback_fader_ipcb.png, Directory: dir301D0264053C1D31E4C443AA1728EE85
File: tree_limbs_foliage.png, Directory: dir7BFBE7152BD1F709E4A8AB545308CE6B
File: Node.htm, Directory: dirFBF7365A5264634AB5246E4024DA46BB
File: Cell.htm, Directory: dirFBF7365A5264634AB5246E4024DA46BB
File: SelOrder.htm, Directory: dir104759975766716C7047FC16D523E7B8
File: small_stars_eighteen_animated.png, Directory: dir7BFBE7152BD1F709E4A8AB545308CE6B
File: rings_multicolor_interlocking_medium_symmetrical_red_purple_blue_teal_yellow.png, Directory: dir7BFBE7152BD1F709E4A8AB545308CE6B
File: multicolor_mix_swirl_pink_purple.png, Directory: dir7BFBE7152BD1F709E4A8AB545308CE6B
File: SearchPhrase_Chunk13.js, Directory: dirAAE153D476A857C192561F7A3BFE2D57
File: starFull.png, Directory: dirB18C0EE27D64684ADC5C3CC0891E3399
File: twelve_ovals_circle.png, Directory: dir7BFBE7152BD1F709E4A8AB545308CE6B
File: radial_blur_mesh_grid.png, Directory: dir7BFBE7152BD1F709E4A8AB545308CE6B
File: SearchStem_Chunk3.js, Directory: dirAAE153D476A857C192561F7A3BFE2D57
File: jquery.offcanvas.js, Directory: dir61588760BB0E426A2E1C40CAD4CA6677
File: EffectsEngine.htm, Directory: dirFBF7365A5264634AB5246E4024DA46BB
File: various_glass.png, Directory: dir7BFBE7152BD1F709E4A8AB545308CE6B
File: Hog_Manual_Chunk0.js, Directory: dir6A3D216280F87924386A8B77837E3037
File: tiny_dots_multi_galaxy_stars.png, Directory: dir7BFBE7152BD1F709E4A8AB545308CE6B
File: playback_htp.png, Directory: dir301D0264053C1D31E4C443AA1728EE85
File: clr_select5.png, Directory: dir301D0264053C1D31E4C443AA1728EE85
File: ResponsiveSearchFilterInactive.png, Directory: dirB18C0EE27D64684ADC5C3CC0891E3399
File: fix_comp5_960x183.png, Directory: dir301D0264053C1D31E4C443AA1728EE85
File: TroubleShooting.htm, Directory: dir89EA610D4F97992D0567E123129F87FD
File: 3D_spiral_color_spin_blue.png, Directory: dir7BFBE7152BD1F709E4A8AB545308CE6B
File: merge_2.png, Directory: dir301D0264053C1D31E4C443AA1728EE85
File: select_even5.png, Directory: dir301D0264053C1D31E4C443AA1728EE85
File: FlexHog_layout.png, Directory: dir301D0264053C1D31E4C443AA1728EE85
File: PaletteRecOptions.htm, Directory: dirA1A3397425DE95F5347E70E7B4149798
File: four_cobblestone_fan_cross_big.png, Directory: dir7BFBE7152BD1F709E4A8AB545308CE6B
File: 0006_heavyverticalfrost.png, Directory: dir6D583EA6C7A4916F30AECA4AC4DB133D
File: dots_radial_starburst_sun_fan_symmetrical.png, Directory: dir7BFBE7152BD1F709E4A8AB545308CE6B
File: SeparatingParameters.htm, Directory: dir104759975766716C7047FC16D523E7B8
File: PhysicalMasterPlayback.htm, Directory: dir3399D43E8E0CB2368BC79B27F701792F
File: thin_bars_border_circle.png, Directory: dir7BFBE7152BD1F709E4A8AB545308CE6B
File: multi_dots_ovals.png, Directory: dir7BFBE7152BD1F709E4A8AB545308CE6B
File: 0023_indigo.png, Directory: dirCF9519B65614710F6BDCEFAB09BAE21D
File: five_arrows_squares_color_purple_yellow_white.png, Directory: dir7BFBE7152BD1F709E4A8AB545308CE6B
File: ResponsiveOpenBook.png, Directory: dirB18C0EE27D64684ADC5C3CC0891E3399
File: osc_config_out5.png, Directory: dir301D0264053C1D31E4C443AA1728EE85
File: wheel_toolbar_effect5.png, Directory: dir301D0264053C1D31E4C443AA1728EE85
File: Hue.htm, Directory: dirFBF7365A5264634AB5246E4024DA46BB
File: plybck_opt_cuelist_action_end_list5.png, Directory: dir301D0264053C1D31E4C443AA1728EE85
File: 0003_heavyfrost.png, Directory: dir6D583EA6C7A4916F30AECA4AC4DB133D
File: water_thin_small_horizontal_wavy_lines.png, Directory: dir7BFBE7152BD1F709E4A8AB545308CE6B
File: tocInactive.png, Directory: dirB18C0EE27D64684ADC5C3CC0891E3399
File: Abstraction.htm, Directory: dir506C26B368C466EAAF42C3B612DDA6A7
File: Feedback.htm, Directory: dir3399D43E8E0CB2368BC79B27F701792F
File: batch_pbb.png, Directory: dir301D0264053C1D31E4C443AA1728EE85
File: SearchStem_Chunk0.js, Directory: dirAAE153D476A857C192561F7A3BFE2D57
File: ETCGadget2.htm, Directory: dir4BE944CC52319BEEBBE027DB9BA856E7
File: star_eight_point_multilayer.png, Directory: dir7BFBE7152BD1F709E4A8AB545308CE6B
File: HogNet_LinkState.png, Directory: dir301D0264053C1D31E4C443AA1728EE85
File: config_entire_button5.png, Directory: dir301D0264053C1D31E4C443AA1728EE85
File: yellow_outerlines_eight.png, Directory: dir7BFBE7152BD1F709E4A8AB545308CE6B
File: Plot.htm, Directory: dirFBF7365A5264634AB5246E4024DA46BB
File: SearchStem_Chunk2.js, Directory: dirAAE153D476A857C192561F7A3BFE2D57
File: zigzag_broken_crack_circle_shadow.png, Directory: dir7BFBE7152BD1F709E4A8AB545308CE6B
File: OutTime.htm, Directory: dirFBF7365A5264634AB5246E4024DA46BB
File: Shows.htm, Directory: dir59111B18C3A85535B8DD93AED5C7CB42
File: ConsoleCrash.htm, Directory: dir89EA610D4F97992D0567E123129F87FD
File: multi_squares_diamonds_grid.png, Directory: dir7BFBE7152BD1F709E4A8AB545308CE6B
File: ManualSymbols.htm, Directory: dir89AEB7EEACCDFBF95C518E72B57C88B7
File: thick_border_small_drips_tiny.png, Directory: dir7BFBE7152BD1F709E4A8AB545308CE6B
File: criss_cross_lines_tiny_squares_multi_net.png, Directory: dir7BFBE7152BD1F709E4A8AB545308CE6B
File: CommandKeyCopyMoveDel.htm, Directory: dirFC7559CFE1102D19ECDAABCC2BEF6B65
File: output_window_colours_en_purple5.png, Directory: dir301D0264053C1D31E4C443AA1728EE85
File: squares_vertical_grid.png, Directory: dir7BFBE7152BD1F709E4A8AB545308CE6B
File: fb_mid1_5.png, Directory: dir301D0264053C1D31E4C443AA1728EE85
File: overlap_bars_lines_grid_multi.png, Directory: dir7BFBE7152BD1F709E4A8AB545308CE6B
File: RemovingValues.htm, Directory: dir104759975766716C7047FC16D523E7B8
File: icon-user-gray.png, Directory: dirB18C0EE27D64684ADC5C3CC0891E3399
File: uno_dmx.png, Directory: dir301D0264053C1D31E4C443AA1728EE85
File: six_teardrop_flower_spiral.png, Directory: dir7BFBE7152BD1F709E4A8AB545308CE6B
File: shapes_trapezoids_breakup_fracture.png, Directory: dir7BFBE7152BD1F709E4A8AB545308CE6B
File: stars_multi_fourteen.png, Directory: dir7BFBE7152BD1F709E4A8AB545308CE6B
File: five_segmented_pinwheel.png, Directory: dir7BFBE7152BD1F709E4A8AB545308CE6B
File: ten_segmented_rings_interlocking.png, Directory: dir7BFBE7152BD1F709E4A8AB545308CE6B
File: dots_line_horizontal_ten.png, Directory: dir7BFBE7152BD1F709E4A8AB545308CE6B
File: fifteen_multi_triangle_breakup.png, Directory: dir7BFBE7152BD1F709E4A8AB545308CE6B
File: small_squares_block_grid.png, Directory: dir7BFBE7152BD1F709E4A8AB545308CE6B
File: eighteen_diamond_square_line_curved.png, Directory: dir7BFBE7152BD1F709E4A8AB545308CE6B
File: sh_mgr_cd5_960x484.png, Directory: dir301D0264053C1D31E4C443AA1728EE85
File: twelve_teardrop_shapes_border_ring.png, Directory: dir7BFBE7152BD1F709E4A8AB545308CE6B
File: SearchPhrase_Chunk27.js, Directory: dirAAE153D476A857C192561F7A3BFE2D57
File: fb_mid21_5.png, Directory: dir301D0264053C1D31E4C443AA1728EE85
File: fb_mid8_5.png, Directory: dir301D0264053C1D31E4C443AA1728EE85
File: splattered_foliage_breakup.png, Directory: dir7BFBE7152BD1F709E4A8AB545308CE6B
File: jump_toolbar5_960x266.png, Directory: dir301D0264053C1D31E4C443AA1728EE85
File: viz_3_600x466.png, Directory: dir301D0264053C1D31E4C443AA1728EE85
File: multi_dots_tiny.png, Directory: dir7BFBE7152BD1F709E4A8AB545308CE6B
File: Language.js, Directory: dirAAE153D476A857C192561F7A3BFE2D57
File: views_toolbar5_600x57.png, Directory: dir301D0264053C1D31E4C443AA1728EE85
File: horizontallines_lines_sizes.png, Directory: dir7BFBE7152BD1F709E4A8AB545308CE6B
File: three_segmented_triangle.png, Directory: dir7BFBE7152BD1F709E4A8AB545308CE6B
File: FB_CSP_2_5.png, Directory: dir301D0264053C1D31E4C443AA1728EE85
File: 0069.png, Directory: dirCF9519B65614710F6BDCEFAB09BAE21D
File: SMPTE.htm, Directory: dirFBF7365A5264634AB5246E4024DA46BB
File: CueCopyMove.htm, Directory: dir429E2BE47FEE1102CC112010FC902992
File: Wheelset.htm, Directory: dirFBF7365A5264634AB5246E4024DA46BB
File: smallshapes_stars_multi_breakup_triangle.png, Directory: dir7BFBE7152BD1F709E4A8AB545308CE6B
File: PhysicalConnect.htm, Directory: dirDC400B2463EACEDD8C6FFFA0A2442745
File: path_sel_list_editor5.png, Directory: dir301D0264053C1D31E4C443AA1728EE85
File: sh_mgr_cd5.png, Directory: dir301D0264053C1D31E4C443AA1728EE85
File: fifteen_thin_line_pinwheel.png, Directory: dir7BFBE7152BD1F709E4A8AB545308CE6B
File: VisualizerTroubleshooting.htm, Directory: dirDC400B2463EACEDD8C6FFFA0A2442745
File: multi_pieces_shattered_cracks.png, Directory: dir7BFBE7152BD1F709E4A8AB545308CE6B
File: vert_wing_win5_600x638.png, Directory: dir301D0264053C1D31E4C443AA1728EE85
File: w_bulge_outline_bat.png, Directory: dir7BFBE7152BD1F709E4A8AB545308CE6B
File: effect_directory5_960x551.png, Directory: dir301D0264053C1D31E4C443AA1728EE85
File: grp_buddy_5.png, Directory: dir301D0264053C1D31E4C443AA1728EE85
File: column_header5.png, Directory: dir301D0264053C1D31E4C443AA1728EE85
File: tiny_dots_random.png, Directory: dir7BFBE7152BD1F709E4A8AB545308CE6B
File: three_bulge_fan_spin.png, Directory: dir7BFBE7152BD1F709E4A8AB545308CE6B
File: ControlPanel_HogNet_600x406.png, Directory: dir301D0264053C1D31E4C443AA1728EE85
File: osc_config_in5.png, Directory: dir301D0264053C1D31E4C443AA1728EE85
File: multi_bars_rods_small.png, Directory: dir7BFBE7152BD1F709E4A8AB545308CE6B
File: 0043_green1.png, Directory: dirCF9519B65614710F6BDCEFAB09BAE21D
File: shiny_bubbles_multi_multisize.png, Directory: dir7BFBE7152BD1F709E4A8AB545308CE6B
File: FixBuildCompound.htm, Directory: dir4DDC1C874BC664E97A383AFD2CB09114
File: fb_mid3_5.png, Directory: dir301D0264053C1D31E4C443AA1728EE85
File: eight_point_ovals_sun_various_sizes_color_purple.png, Directory: dir7BFBE7152BD1F709E4A8AB545308CE6B
File: close.png, Directory: dirB18C0EE27D64684ADC5C3CC0891E3399
File: vertical_thin_wave_lines_squiggles.png, Directory: dir7BFBE7152BD1F709E4A8AB545308CE6B
File: overlapping_lines_cross_bulge_thick.png, Directory: dir7BFBE7152BD1F709E4A8AB545308CE6B
File: five_vertical_towers_lines.png, Directory: dir7BFBE7152BD1F709E4A8AB545308CE6B
File: cue_editor_times5.png, Directory: dir301D0264053C1D31E4C443AA1728EE85
File: FB_CSP_Blue_5.png, Directory: dir301D0264053C1D31E4C443AA1728EE85
File: HPC_1.png, Directory: dir301D0264053C1D31E4C443AA1728EE85
File: cue_dir_active_5_360x238.png, Directory: dir301D0264053C1D31E4C443AA1728EE85
File: parked_win5_360x299.png, Directory: dir301D0264053C1D31E4C443AA1728EE85
File: tunnel_multi_row_crescents_small.png, Directory: dir7BFBE7152BD1F709E4A8AB545308CE6B
File: PageModify.htm, Directory: dir1295D77647C34B08C40F04A047C6B38F
File: curved_wedges_rotating_left_color_blue_pinwheel.png, Directory: dir7BFBE7152BD1F709E4A8AB545308CE6B
File: select-language.png, Directory: dirB18C0EE27D64684ADC5C3CC0891E3399
File: hatch_circle_grid.png, Directory: dir7BFBE7152BD1F709E4A8AB545308CE6B
File: splatter_splat_blob_paint.png, Directory: dir7BFBE7152BD1F709E4A8AB545308CE6B
File: glass_blotches_medium.png, Directory: dir7BFBE7152BD1F709E4A8AB545308CE6B
File: navigate-previous.png, Directory: dirB18C0EE27D64684ADC5C3CC0891E3399
File: line_selection_tool5.png, Directory: dir301D0264053C1D31E4C443AA1728EE85
File: thin_vertical_lines_hair.png, Directory: dir7BFBE7152BD1F709E4A8AB545308CE6B
File: dots_cross_fifteen.png, Directory: dir7BFBE7152BD1F709E4A8AB545308CE6B
File: splash_archs_medium.png, Directory: dir7BFBE7152BD1F709E4A8AB545308CE6B
File: zigzag_stripes_horizontal_multi.png, Directory: dir7BFBE7152BD1F709E4A8AB545308CE6B
File: stemmer-english.amd.min.js, Directory: dir61588760BB0E426A2E1C40CAD4CA6677
File: small_dots_random.png, Directory: dir7BFBE7152BD1F709E4A8AB545308CE6B
File: 0004_amber.png, Directory: dirCF9519B65614710F6BDCEFAB09BAE21D
File: output_window_colours_en_orange5.png, Directory: dir301D0264053C1D31E4C443AA1728EE85
File: ResponsiveTOCInactive.png, Directory: dirB18C0EE27D64684ADC5C3CC0891E3399
File: nine_small_dots_line_horizontal.png, Directory: dir7BFBE7152BD1F709E4A8AB545308CE6B
File: media5.png, Directory: dir301D0264053C1D31E4C443AA1728EE85
File: HidMode.htm, Directory: dirFBF7365A5264634AB5246E4024DA46BB
File: spiral_fatends.png, Directory: dir7BFBE7152BD1F709E4A8AB545308CE6B
File: glass_water_drops_droplets.png, Directory: dir7BFBE7152BD1F709E4A8AB545308CE6B
File: fb_advanced_diagram_5.png, Directory: dir301D0264053C1D31E4C443AA1728EE85
File: thin_tiny_skinny_triangle_border.png, Directory: dir7BFBE7152BD1F709E4A8AB545308CE6B
File: six_triangle_wedges_color_yellow.png, Directory: dir7BFBE7152BD1F709E4A8AB545308CE6B
File: Plots.htm, Directory: dir4B06B9CE32721023DA45AA4F5B064B42
File: turn_bars_tunnel_curved_fan_spin.png, Directory: dir7BFBE7152BD1F709E4A8AB545308CE6B
File: five_ovals_rings_vertical.png, Directory: dir7BFBE7152BD1F709E4A8AB545308CE6B
File: Multi_cobblestone_breakup.png, Directory: dir7BFBE7152BD1F709E4A8AB545308CE6B
File: narrow_triangles_angle_cracks_divide_circle_tunnel_color_purple.png, Directory: dir7BFBE7152BD1F709E4A8AB545308CE6B
File: multi_dots_ovals_moon.png, Directory: dir7BFBE7152BD1F709E4A8AB545308CE6B
File: four_triangle_wedges_slices_medium.png, Directory: dir7BFBE7152BD1F709E4A8AB545308CE6B
File: cog_silhouette_layer_square.png, Directory: dir7BFBE7152BD1F709E4A8AB545308CE6B
File: selectiontool_freeline_5.png, Directory: dir301D0264053C1D31E4C443AA1728EE85
File: cfx_sub_1_5_960x535.png, Directory: dir301D0264053C1D31E4C443AA1728EE85
File: sun_face_tribal_red_yellow_multicolor.png, Directory: dir7BFBE7152BD1F709E4A8AB545308CE6B
File: multi_dots_radial_tunnel.png, Directory: dir7BFBE7152BD1F709E4A8AB545308CE6B
File: tiny_dots_net_mesh_diamond_pebbles_multi_cracks.png, Directory: dir7BFBE7152BD1F709E4A8AB545308CE6B
File: SceneInsertMergeReplace.htm, Directory: dir070BAB3FED22BFAFF21D603A3F08F6D5
File: tiny_speckled_dots_ring_dot.png, Directory: dir7BFBE7152BD1F709E4A8AB545308CE6B
File: prerecorded_600x413.png, Directory: dir301D0264053C1D31E4C443AA1728EE85
File: four_rings_medium.png, Directory: dir7BFBE7152BD1F709E4A8AB545308CE6B
File: bars_vertical_lines_three.png, Directory: dir7BFBE7152BD1F709E4A8AB545308CE6B
File: Spreadsheet.htm, Directory: dirFBF7365A5264634AB5246E4024DA46BB
File: eighteen_dots_multi.png, Directory: dir7BFBE7152BD1F709E4A8AB545308CE6B
File: lightning_image_clouds_strike.png, Directory: dir7BFBE7152BD1F709E4A8AB545308CE6B
File: start_screen5_960x354.png, Directory: dir301D0264053C1D31E4C443AA1728EE85
File: three_winged_spiral_spin_fan.png, Directory: dir7BFBE7152BD1F709E4A8AB545308CE6B
File: six_wedge_pie_multicolor_cyan_magenta_yellow.png, Directory: dir7BFBE7152BD1F709E4A8AB545308CE6B
File: clone5.png, Directory: dir301D0264053C1D31E4C443AA1728EE85
File: 0041_greenyellow.png, Directory: dirCF9519B65614710F6BDCEFAB09BAE21D
File: shake.png, Directory: dir301D0264053C1D31E4C443AA1728EE85
File: wheelset_toolbar5.png, Directory: dir301D0264053C1D31E4C443AA1728EE85
File: 0000_open.png, Directory: dir7BFBE7152BD1F709E4A8AB545308CE6B
File: trigger_toolbar5_960x212.png, Directory: dir301D0264053C1D31E4C443AA1728EE85
File: eight_dots_border_circle_cinema_purple_color.png, Directory: dir7BFBE7152BD1F709E4A8AB545308CE6B
File: small_foliage_breakup_cracks_multi.png, Directory: dir7BFBE7152BD1F709E4A8AB545308CE6B
File: eight_dots_circle_center_cinema_color_purple.png, Directory: dir7BFBE7152BD1F709E4A8AB545308CE6B
File: five_brush_strokes.png, Directory: dir7BFBE7152BD1F709E4A8AB545308CE6B
File: fan_paper_wedge_five.png, Directory: dir7BFBE7152BD1F709E4A8AB545308CE6B
File: small_teardrop_dots_multi_breakup.png, Directory: dir7BFBE7152BD1F709E4A8AB545308CE6B
File: three_circle_curves_rotating_left.png, Directory: dir7BFBE7152BD1F709E4A8AB545308CE6B
File: 0063.PNG, Directory: dirCF9519B65614710F6BDCEFAB09BAE21D
File: SearchStem_Chunk9.js, Directory: dirAAE153D476A857C192561F7A3BFE2D57
File: merge_1_960x616.png, Directory: dir301D0264053C1D31E4C443AA1728EE85
File: thirteen_thick_bars_lines.png, Directory: dir7BFBE7152BD1F709E4A8AB545308CE6B
File: Patch.htm, Directory: dirFBF7365A5264634AB5246E4024DA46BB
File: 3D_rectangular_prisms_cube_grayscale.png, Directory: dir7BFBE7152BD1F709E4A8AB545308CE6B
File: viz_0_600x466.png, Directory: dir301D0264053C1D31E4C443AA1728EE85
File: glass_multicolor_texture_medium_blue_orange.png, Directory: dir7BFBE7152BD1F709E4A8AB545308CE6B
File: CommandKeyFeedback.htm, Directory: dirFC7559CFE1102D19ECDAABCC2BEF6B65
File: invert_sunburst_radial_symmetrical.png, Directory: dir7BFBE7152BD1F709E4A8AB545308CE6B
File: star_single_animated_curved.png, Directory: dir7BFBE7152BD1F709E4A8AB545308CE6B
File: six_dots_ring_symmetrical_medium.png, Directory: dir7BFBE7152BD1F709E4A8AB545308CE6B
File: eight_small_dots_circle_border_color_purple.png, Directory: dir7BFBE7152BD1F709E4A8AB545308CE6B
File: FixtureBuilderIntro.htm, Directory: dir4DDC1C874BC664E97A383AFD2CB09114
File: glass_thin_lines_flowers.png, Directory: dir7BFBE7152BD1F709E4A8AB545308CE6B
File: spiral_two_legs_fan_swirl_spin.png, Directory: dir7BFBE7152BD1F709E4A8AB545308CE6B
File: ResponsiveTopic.png, Directory: dirB18C0EE27D64684ADC5C3CC0891E3399
File: system_info_tab_5.png, Directory: dir301D0264053C1D31E4C443AA1728EE85
File: Slot.htm, Directory: dirFBF7365A5264634AB5246E4024DA46BB
File: cloud_dust_mist.png, Directory: dir7BFBE7152BD1F709E4A8AB545308CE6B
File: thin_lines_sun_circle.png, Directory: dir7BFBE7152BD1F709E4A8AB545308CE6B
File: wheel_toolbar_effect5_960x92.png, Directory: dir301D0264053C1D31E4C443AA1728EE85
File: four_dots_bar_big.png, Directory: dir7BFBE7152BD1F709E4A8AB545308CE6B
File: mediapicker5_600x522.png, Directory: dir301D0264053C1D31E4C443AA1728EE85
File: sep_param5.png, Directory: dir301D0264053C1D31E4C443AA1728EE85
File: Palettes.htm, Directory: dirA1A3397425DE95F5347E70E7B4149798
File: viz_2_600x467.png, Directory: dir301D0264053C1D31E4C443AA1728EE85
File: wheel_toolbar_timing5.png, Directory: dir301D0264053C1D31E4C443AA1728EE85
File: fb_mid16_5.png, Directory: dir301D0264053C1D31E4C443AA1728EE85
File: 0028_lightblue.png, Directory: dirCF9519B65614710F6BDCEFAB09BAE21D
File: 0071.png, Directory: dirCF9519B65614710F6BDCEFAB09BAE21D
File: views_toolbar5.png, Directory: dir301D0264053C1D31E4C443AA1728EE85
File: programmer_top_half_960x351.png, Directory: dir301D0264053C1D31E4C443AA1728EE85
File: thin_horizontal_lines_glass.png, Directory: dir7BFBE7152BD1F709E4A8AB545308CE6B
File: arrow_right_detailed_tribal.png, Directory: dir7BFBE7152BD1F709E4A8AB545308CE6B
File: Cue.htm, Directory: dirFBF7365A5264634AB5246E4024DA46BB
File: segmented_curved_wheel.png, Directory: dir7BFBE7152BD1F709E4A8AB545308CE6B
File: vertical_blurred_lines.png, Directory: dir7BFBE7152BD1F709E4A8AB545308CE6B
File: SearchPhrase_Chunk25.js, Directory: dirAAE153D476A857C192561F7A3BFE2D57
File: GH_frontpanel.png, Directory: dir301D0264053C1D31E4C443AA1728EE85
File: eight_bolts_circle.png, Directory: dir7BFBE7152BD1F709E4A8AB545308CE6B
File: squares_multi_breakup.png, Directory: dir7BFBE7152BD1F709E4A8AB545308CE6B
File: TrackedValue.htm, Directory: dirFBF7365A5264634AB5246E4024DA46BB
File: Timing.htm, Directory: dir4937F9448319195033DF111F8C9A4E12
File: three_bars_seperated_curved_triangle_medium.png, Directory: dir7BFBE7152BD1F709E4A8AB545308CE6B
File: four_t_shaped_maze.png, Directory: dir7BFBE7152BD1F709E4A8AB545308CE6B
File: multi_triangle_breakup.png, Directory: dir7BFBE7152BD1F709E4A8AB545308CE6B
File: explosion_sun_fire_flames_multi.png, Directory: dir7BFBE7152BD1F709E4A8AB545308CE6B
File: plybck_opt_cuelist_manual_fader5.png, Directory: dir301D0264053C1D31E4C443AA1728EE85
File: clr_dir5_sheet.png, Directory: dir301D0264053C1D31E4C443AA1728EE85
File: lowlight.png, Directory: dir301D0264053C1D31E4C443AA1728EE85
File: multi_shape_square_circle_dot_pattern.png, Directory: dir7BFBE7152BD1F709E4A8AB545308CE6B
File: segmented_circle_cone_color_purple.png, Directory: dir7BFBE7152BD1F709E4A8AB545308CE6B
File: single_dot_large.png, Directory: dir7BFBE7152BD1F709E4A8AB545308CE6B
File: DirectoryWindows.htm, Directory: dir3CED7FB55F25D98E1AF47F4B0F8B6ACD
File: glass_droplets_water.png, Directory: dir7BFBE7152BD1F709E4A8AB545308CE6B
File: TC_Mod.htm, Directory: dirEB1884289FDB2B8A3A7EA3D2480E5577
File: curved_breakup_medium.png, Directory: dir7BFBE7152BD1F709E4A8AB545308CE6B
File: six_curved_asymmetrical_horizontal_wedges.png, Directory: dir7BFBE7152BD1F709E4A8AB545308CE6B
File: two_triangle_tunnel_cone.png, Directory: dir7BFBE7152BD1F709E4A8AB545308CE6B
File: wave_lines_circle_spin_fan.png, Directory: dir7BFBE7152BD1F709E4A8AB545308CE6B
File: single_rose_color_pink.png, Directory: dir7BFBE7152BD1F709E4A8AB545308CE6B
File: Effect_Off.htm, Directory: dirFBF7365A5264634AB5246E4024DA46BB
File: TechSpecs.htm, Directory: dirE616E725F39764101A897681B058E202
File: breakup_overlapping_lines_layers_thin_net_spiderweb.png, Directory: dir7BFBE7152BD1F709E4A8AB545308CE6B
File: glass_pebbles_overlay.png, Directory: dir7BFBE7152BD1F709E4A8AB545308CE6B
File: fb_mid13_5.png, Directory: dir301D0264053C1D31E4C443AA1728EE85
File: 0013_gradientfrost.png, Directory: dir6D583EA6C7A4916F30AECA4AC4DB133D
File: SearchPhrase_Chunk24.js, Directory: dirAAE153D476A857C192561F7A3BFE2D57
File: keyboard5_960x326.png, Directory: dir301D0264053C1D31E4C443AA1728EE85
File: ten_oval_cones_rotating_left.png, Directory: dir7BFBE7152BD1F709E4A8AB545308CE6B
File: 0001_threeface.png, Directory: dir0D973686163D66EE8454B4DA57145C33
File: sun_drip_red_yellow_multicolor_paint.png, Directory: dir7BFBE7152BD1F709E4A8AB545308CE6B
File: Visualizer.htm, Directory: dirFBF7365A5264634AB5246E4024DA46BB
File: twelve_triangle_radial_pinwheel_color_red.png, Directory: dir7BFBE7152BD1F709E4A8AB545308CE6B
File: multi_wedge_radial_starburst.png, Directory: dir7BFBE7152BD1F709E4A8AB545308CE6B
File: circle_sun_paint_multicolor_green_yellow_drip_thin.png, Directory: dir7BFBE7152BD1F709E4A8AB545308CE6B
File: ResponsivePreviousTopicButton.png, Directory: dirB18C0EE27D64684ADC5C3CC0891E3399
File: swirl_radial_big.png, Directory: dir7BFBE7152BD1F709E4A8AB545308CE6B
File: multi_bars_jagged_breakup.png, Directory: dir7BFBE7152BD1F709E4A8AB545308CE6B
File: single_wide_bar.png, Directory: dir7BFBE7152BD1F709E4A8AB545308CE6B
File: shattered_multicolor_wedges_asymmetrical_cyan_magenta_yellow.png, Directory: dir7BFBE7152BD1F709E4A8AB545308CE6B
File: slanted_bars_medium_ring.png, Directory: dir7BFBE7152BD1F709E4A8AB545308CE6B
File: UserNumbers.htm, Directory: dirE1F6960898D23EE4594C548D589D98C6
File: RateWheel.htm, Directory: dirFBF7365A5264634AB5246E4024DA46BB
File: four_dots_horizontal.png, Directory: dir7BFBE7152BD1F709E4A8AB545308CE6B
File: glass_underwater_sand.png, Directory: dir7BFBE7152BD1F709E4A8AB545308CE6B
File: thin_rainbow_bubble_outline_stream_color_multicolor_cyan_magenta_yellow_green.png, Directory: dir7BFBE7152BD1F709E4A8AB545308CE6B
File: eight_dots_vertical_bars_medium.png, Directory: dir7BFBE7152BD1F709E4A8AB545308CE6B
File: mulit_speck_scattered_tiny_dots_purple.png, Directory: dir7BFBE7152BD1F709E4A8AB545308CE6B
File: DimmerCurve.htm, Directory: dirFBF7365A5264634AB5246E4024DA46BB
File: Alias.js, Directory: dirAAE153D476A857C192561F7A3BFE2D57
File: cue_mark_keypad5.png, Directory: dir301D0264053C1D31E4C443AA1728EE85
File: 0046.png, Directory: dirCF9519B65614710F6BDCEFAB09BAE21D
File: eight_curved_cones_radial_color_red.png, Directory: dir7BFBE7152BD1F709E4A8AB545308CE6B
File: dots_swirl_spin_squiggles_foliage.png, Directory: dir7BFBE7152BD1F709E4A8AB545308CE6B
File: mp_opts5.png, Directory: dir301D0264053C1D31E4C443AA1728EE85
File: small_multi_breakup_bulge.png, Directory: dir7BFBE7152BD1F709E4A8AB545308CE6B
File: three_spiral_pinwheel.png, Directory: dir7BFBE7152BD1F709E4A8AB545308CE6B
File: eight_dots_circle_border_small.png, Directory: dir7BFBE7152BD1F709E4A8AB545308CE6B
File: PileOn.htm, Directory: dirFBF7365A5264634AB5246E4024DA46BB
File: ResponsiveRatingStarEmpty.png, Directory: dirB18C0EE27D64684ADC5C3CC0891E3399
File: glass_ocean_ripples.png, Directory: dir7BFBE7152BD1F709E4A8AB545308CE6B
File: one_square_dash_line_border_purple_color.png, Directory: dir7BFBE7152BD1F709E4A8AB545308CE6B
File: overlapping_rectangle_cubes_layers_multi.png, Directory: dir7BFBE7152BD1F709E4A8AB545308CE6B
File: two_bars_tails_symmetrical.png, Directory: dir7BFBE7152BD1F709E4A8AB545308CE6B
File: 0026_mediumblue.png, Directory: dirCF9519B65614710F6BDCEFAB09BAE21D
File: six_squiggles_fan_spin_multi.png, Directory: dir7BFBE7152BD1F709E4A8AB545308CE6B
File: Multicast.htm, Directory: dirFBF7365A5264634AB5246E4024DA46BB
File: DropDownClosed.gif, Directory: dirDE1604631C19C70F9C8F30BFD284C63B
File: fade_mark_active5_960x305.png, Directory: dir301D0264053C1D31E4C443AA1728EE85
File: merge_4_960x655.png, Directory: dir301D0264053C1D31E4C443AA1728EE85
File: normalize.css, Directory: dirDE1604631C19C70F9C8F30BFD284C63B
File: spiral_dots_curve_spiral_color_red.png, Directory: dir7BFBE7152BD1F709E4A8AB545308CE6B
File: star-full.png, Directory: dirB18C0EE27D64684ADC5C3CC0891E3399
File: multicolor_sun_sunburst_face_yellow.png, Directory: dir7BFBE7152BD1F709E4A8AB545308CE6B
File: overlapping_curves_bars.png, Directory: dir7BFBE7152BD1F709E4A8AB545308CE6B
File: dotusernumselect1.png, Directory: dir301D0264053C1D31E4C443AA1728EE85
File: four_rectangles_bars_fan_symmetrical.png, Directory: dir7BFBE7152BD1F709E4A8AB545308CE6B
File: Cuelist.htm, Directory: dirFBF7365A5264634AB5246E4024DA46BB
File: collapse.png, Directory: dirB18C0EE27D64684ADC5C3CC0891E3399
File: login-dialog-icon.png, Directory: dirB18C0EE27D64684ADC5C3CC0891E3399
File: views_direct5_sheet.png, Directory: dir301D0264053C1D31E4C443AA1728EE85
File: 0054.PNG, Directory: dirCF9519B65614710F6BDCEFAB09BAE21D
File: eight_diamonds_symmetrical_cones.png, Directory: dir7BFBE7152BD1F709E4A8AB545308CE6B
File: CueRecOptions.htm, Directory: dir429E2BE47FEE1102CC112010FC902992
File: multi_dots_rotating_right.png, Directory: dir7BFBE7152BD1F709E4A8AB545308CE6B
File: fbt_summary_5.png, Directory: dir301D0264053C1D31E4C443AA1728EE85
File: thin_lines_bright_circle_color_purple.png, Directory: dir7BFBE7152BD1F709E4A8AB545308CE6B
File: FP_CSP_254_5.png, Directory: dir301D0264053C1D31E4C443AA1728EE85
File: eight_rectangle_squares_overlap_border_circle.png, Directory: dir7BFBE7152BD1F709E4A8AB545308CE6B
File: vis_wyg_config_3.png, Directory: dir301D0264053C1D31E4C443AA1728EE85
File: SearchPhrase_Chunk30.js, Directory: dirAAE153D476A857C192561F7A3BFE2D57
File: StartupMacros.htm, Directory: dir59111B18C3A85535B8DD93AED5C7CB42
File: cuelist_window_play_controls5_600x151.png, Directory: dir301D0264053C1D31E4C443AA1728EE85
File: fix_patch5.png, Directory: dir301D0264053C1D31E4C443AA1728EE85
File: glass_rows_white_lines_square.png, Directory: dir7BFBE7152BD1F709E4A8AB545308CE6B
File: select-skin.png, Directory: dirB18C0EE27D64684ADC5C3CC0891E3399
File: flower_petals_eight_wedges.png, Directory: dir7BFBE7152BD1F709E4A8AB545308CE6B
File: criss_cross_x_pieces_triangles_flower.png, Directory: dir7BFBE7152BD1F709E4A8AB545308CE6B
File: ShowData.htm, Directory: dir59111B18C3A85535B8DD93AED5C7CB42
File: eight_zigzag_radial_starburst.png, Directory: dir7BFBE7152BD1F709E4A8AB545308CE6B
File: front_panel_RH.png, Directory: dir301D0264053C1D31E4C443AA1728EE85
File: require.min.js, Directory: dir61588760BB0E426A2E1C40CAD4CA6677
File: sunrise_sun_tunnel_striped_vertical.png, Directory: dir7BFBE7152BD1F709E4A8AB545308CE6B
File: three_bars_rectangles_horizontal.png, Directory: dir7BFBE7152BD1F709E4A8AB545308CE6B
File: glass_sunrise_horizontal_stripes.png, Directory: dir7BFBE7152BD1F709E4A8AB545308CE6B
File: 3D_cubes_multi_small.png, Directory: dir7BFBE7152BD1F709E4A8AB545308CE6B
File: comment_macro_midinote5.png, Directory: dir301D0264053C1D31E4C443AA1728EE85
File: seven_oval_rings_horizontal_symmetrical.png, Directory: dir7BFBE7152BD1F709E4A8AB545308CE6B
File: TechSpec_H4.htm, Directory: dirE616E725F39764101A897681B058E202
File: psydye_paint_red_yellow_splash_ink_birdshit_splat.png, Directory: dir7BFBE7152BD1F709E4A8AB545308CE6B
File: cuelist_directory5_600x369.png, Directory: dir301D0264053C1D31E4C443AA1728EE85
File: five_triangle_wedge_fan_spin_green.png, Directory: dir7BFBE7152BD1F709E4A8AB545308CE6B
File: indicator_chat.png, Directory: dir301D0264053C1D31E4C443AA1728EE85
File: single_outline_square_medium.png, Directory: dir7BFBE7152BD1F709E4A8AB545308CE6B
File: nineteen_dots_symmetrical.png, Directory: dir7BFBE7152BD1F709E4A8AB545308CE6B
File: sunburst_wedges_offset.png, Directory: dir7BFBE7152BD1F709E4A8AB545308CE6B
File: eleven_horizontal_squiggles.png, Directory: dir7BFBE7152BD1F709E4A8AB545308CE6B
File: seven_part_circle_curved_color_red_yellow.png, Directory: dir7BFBE7152BD1F709E4A8AB545308CE6B
File: giraffe_medium_breakup.png, Directory: dir7BFBE7152BD1F709E4A8AB545308CE6B
File: visualizer_setup_ip.png, Directory: dir301D0264053C1D31E4C443AA1728EE85
File: small_clouds_maze_cracks_puffy.png, Directory: dir7BFBE7152BD1F709E4A8AB545308CE6B
File: Basic.css, Directory: dirDBDC99A262A4FAA84D627E9B94AD3076
File: diagonal_stripes_thin_triangles.png, Directory: dir7BFBE7152BD1F709E4A8AB545308CE6B
File: Preview_Color.htm, Directory: dirFBF7365A5264634AB5246E4024DA46BB
File: six_crescent_boomerangs_fan_spin.png, Directory: dir7BFBE7152BD1F709E4A8AB545308CE6B
File: six_teardrop_paisley_border_color_pink.png, Directory: dir7BFBE7152BD1F709E4A8AB545308CE6B
File: swirl_gradiant_curves_crescents.png, Directory: dir7BFBE7152BD1F709E4A8AB545308CE6B
File: lightning_thin_lines.png, Directory: dir7BFBE7152BD1F709E4A8AB545308CE6B
File: USBFlashDrive_380below.htm, Directory: dir5DC53C2A105460D0156677FED587ECF6
File: keyboard5.png, Directory: dir301D0264053C1D31E4C443AA1728EE85
File: SafetyWarnings5.htm, Directory: dirC813D43350262FBC3346A130A06ED7BF
File: plybck_opt_cuelist_priority5.png, Directory: dir301D0264053C1D31E4C443AA1728EE85
File: 0000_open.png, Directory: dir6D583EA6C7A4916F30AECA4AC4DB133D
File: toolbar_dir_ent5_960x231.png, Directory: dir301D0264053C1D31E4C443AA1728EE85
File: h_touch2_5.png, Directory: dir301D0264053C1D31E4C443AA1728EE85
File: single-twinkle-star_long_flares.png, Directory: dir7BFBE7152BD1F709E4A8AB545308CE6B
File: rectangle_small_border_multi_circle.png, Directory: dir7BFBE7152BD1F709E4A8AB545308CE6B
File: three_rings_circles_small.png, Directory: dir7BFBE7152BD1F709E4A8AB545308CE6B
File: 3D_glass_diagonal_bars_slats.png, Directory: dir7BFBE7152BD1F709E4A8AB545308CE6B
File: MCSlider_controls.png, Directory: dirB18C0EE27D64684ADC5C3CC0891E3399
File: viz_3.png, Directory: dir301D0264053C1D31E4C443AA1728EE85
File: tiny_scattered_specks_multicolor_green.png, Directory: dir7BFBE7152BD1F709E4A8AB545308CE6B
File: paint_pastel_rings_layer_color_multicolor_cyan_magenta.png, Directory: dir7BFBE7152BD1F709E4A8AB545308CE6B
File: DMXProcessor.htm, Directory: dirFBF7365A5264634AB5246E4024DA46BB
File: firework_splat_splatter_explosion.png, Directory: dir7BFBE7152BD1F709E4A8AB545308CE6B
File: VisualizerConnectOverview.htm, Directory: dirDC400B2463EACEDD8C6FFFA0A2442745
File: twelve_pointed_curved_star.png, Directory: dir7BFBE7152BD1F709E4A8AB545308CE6B
File: three_bars_horizontal_vertical_asymmetrical.png, Directory: dir7BFBE7152BD1F709E4A8AB545308CE6B
File: PlaybackWings.htm, Directory: dir4BE944CC52319BEEBBE027DB9BA856E7
File: four_vertical_bars_slats.png, Directory: dir7BFBE7152BD1F709E4A8AB545308CE6B
File: under.png, Directory: dir301D0264053C1D31E4C443AA1728EE85
File: TC_Enable.htm, Directory: dirEB1884289FDB2B8A3A7EA3D2480E5577
File: thick_bulge_lines_clouds_multi_horizontal.png, Directory: dir7BFBE7152BD1F709E4A8AB545308CE6B
File: ovals_cirlces_breakup.png, Directory: dir7BFBE7152BD1F709E4A8AB545308CE6B
File: three_squiggles_medium.png, Directory: dir7BFBE7152BD1F709E4A8AB545308CE6B
File: rounded_breakup_big.png, Directory: dir7BFBE7152BD1F709E4A8AB545308CE6B
File: three_dots_multi_medium.png, Directory: dir7BFBE7152BD1F709E4A8AB545308CE6B
File: 0033_ctb.png, Directory: dirCF9519B65614710F6BDCEFAB09BAE21D
File: paint_multicolor_color_mix_rainbow_red_yellow_blue_cyan_magenta.png, Directory: dir7BFBE7152BD1F709E4A8AB545308CE6B
File: four_wedges_large.png, Directory: dir7BFBE7152BD1F709E4A8AB545308CE6B
File: hh_upgrade3_5.png, Directory: dir301D0264053C1D31E4C443AA1728EE85
File: MCSlider_loader.gif, Directory: dirB18C0EE27D64684ADC5C3CC0891E3399
File: fb_advanced_diagram_5_960x406.png, Directory: dir301D0264053C1D31E4C443AA1728EE85
File: 0065.png, Directory: dirCF9519B65614710F6BDCEFAB09BAE21D
File: Vision2018_2.png, Directory: dir301D0264053C1D31E4C443AA1728EE85
File: eight_tounged_star_symmetrical_radial.png, Directory: dir7BFBE7152BD1F709E4A8AB545308CE6B
File: hh_upgrade5_5.png, Directory: dir301D0264053C1D31E4C443AA1728EE85
File: DiscreetEditing.htm, Directory: dirF9235F3A8134F8266E4FFC7F7A31716E
File: diagonal_divide_color_split_purple_green.png, Directory: dir7BFBE7152BD1F709E4A8AB545308CE6B
File: four_arrow_radial_fan_symmetrical.png, Directory: dir7BFBE7152BD1F709E4A8AB545308CE6B
File: SearchStem_Chunk6.js, Directory: dirAAE153D476A857C192561F7A3BFE2D57
File: 0017_magenta3.png, Directory: dirCF9519B65614710F6BDCEFAB09BAE21D
File: parked_output_val5.png, Directory: dir301D0264053C1D31E4C443AA1728EE85
File: thin_line_flower_tunnel.png, Directory: dir7BFBE7152BD1F709E4A8AB545308CE6B
File: three_ring_circle_color_purple_offcenter.png, Directory: dir7BFBE7152BD1F709E4A8AB545308CE6B
File: multi_waves_horizontal_curves.png, Directory: dir7BFBE7152BD1F709E4A8AB545308CE6B
File: prefs_misc5_960x545.png, Directory: dir301D0264053C1D31E4C443AA1728EE85
File: narrow_arrow_up.png, Directory: dir7BFBE7152BD1F709E4A8AB545308CE6B
File: SearchTopic_Chunk3.js, Directory: dirAAE153D476A857C192561F7A3BFE2D57
File: edit_fix5.png, Directory: dir301D0264053C1D31E4C443AA1728EE85
File: overlapping_squiggles_lines_curved_multicolor_pastel_cyan_magenta.png, Directory: dir7BFBE7152BD1F709E4A8AB545308CE6B
File: doodle_thin_curve_line.png, Directory: dir7BFBE7152BD1F709E4A8AB545308CE6B
File: offcenter_sun_flares_glow_star_bright.png, Directory: dir7BFBE7152BD1F709E4A8AB545308CE6B
File: sun_face_squiggle.png, Directory: dir7BFBE7152BD1F709E4A8AB545308CE6B
File: FlexHog_layout_960x302.png, Directory: dir301D0264053C1D31E4C443AA1728EE85
File: eight_ring_oval_petals_radial_symmetrical.png, Directory: dir7BFBE7152BD1F709E4A8AB545308CE6B
File: eighteen_multisize_dots_bubbles.png, Directory: dir7BFBE7152BD1F709E4A8AB545308CE6B
File: sphere_square_border_sun_tribal.png, Directory: dir7BFBE7152BD1F709E4A8AB545308CE6B
File: playback_priority_high.png, Directory: dir301D0264053C1D31E4C443AA1728EE85
File: single_dot_small_symmetrical_centered.png, Directory: dir7BFBE7152BD1F709E4A8AB545308CE6B
File: abyss_red_yellow_lava_psychedelic_tiedye.png, Directory: dir7BFBE7152BD1F709E4A8AB545308CE6B
File: small_medium_dots_multi.png, Directory: dir7BFBE7152BD1F709E4A8AB545308CE6B
File: timings_en.png, Directory: dir301D0264053C1D31E4C443AA1728EE85
File: TechSpec_TourWing.htm, Directory: dirE616E725F39764101A897681B058E202
File: glass_light.png, Directory: dir7BFBE7152BD1F709E4A8AB545308CE6B
File: eight_petal_flower_radial_symmetrical.png, Directory: dir7BFBE7152BD1F709E4A8AB545308CE6B
File: AutoLaunchShow.htm, Directory: dir59111B18C3A85535B8DD93AED5C7CB42
File: RecordingGroups.htm, Directory: dir2B73C4AF7D97B518FD415ECB6940F18F
File: effect_table.png, Directory: dir301D0264053C1D31E4C443AA1728EE85
File: SearchPhrase_Chunk42.js, Directory: dirAAE153D476A857C192561F7A3BFE2D57
File: bulge_rings_tiny_dots_multi.png, Directory: dir7BFBE7152BD1F709E4A8AB545308CE6B
File: wheels_toolbar5.png, Directory: dir301D0264053C1D31E4C443AA1728EE85
File: multi_dot_radial_rings.png, Directory: dir7BFBE7152BD1F709E4A8AB545308CE6B
File: typical_editor5_960x236.png, Directory: dir301D0264053C1D31E4C443AA1728EE85
File: breakup_smooth_color_red_orange_yellow.png, Directory: dir7BFBE7152BD1F709E4A8AB545308CE6B
File: Launcher_ControlPanel_600x221.png, Directory: dir301D0264053C1D31E4C443AA1728EE85
File: two_crescent_asymmetrical_big.png, Directory: dir7BFBE7152BD1F709E4A8AB545308CE6B
File: MasterWing.htm, Directory: dirFBF7365A5264634AB5246E4024DA46BB
File: spiral_dots_curve_spiral_color_purple.png, Directory: dir7BFBE7152BD1F709E4A8AB545308CE6B
File: DBO.htm, Directory: dirFBF7365A5264634AB5246E4024DA46BB
File: fb_mid11_5.png, Directory: dir301D0264053C1D31E4C443AA1728EE85
File: three_winged_fan_spin.png, Directory: dir7BFBE7152BD1F709E4A8AB545308CE6B
File: water_ocean_moon_landscape.png, Directory: dir7BFBE7152BD1F709E4A8AB545308CE6B
File: tiny_triangle_breakup_multi.png, Directory: dir7BFBE7152BD1F709E4A8AB545308CE6B
File: 0064.png, Directory: dirCF9519B65614710F6BDCEFAB09BAE21D
File: disconnect_squigle_winding.png, Directory: dir7BFBE7152BD1F709E4A8AB545308CE6B
File: SelectingFix.htm, Directory: dir104759975766716C7047FC16D523E7B8
File: two_cresents_half_red_purple.png, Directory: dir7BFBE7152BD1F709E4A8AB545308CE6B
File: checkered_tunnel_warped_3D.png, Directory: dir7BFBE7152BD1F709E4A8AB545308CE6B
File: proc_setting_output5.png, Directory: dir301D0264053C1D31E4C443AA1728EE85
File: purple_yellow_cross_pattern.png, Directory: dir7BFBE7152BD1F709E4A8AB545308CE6B
File: Filters.js, Directory: dirAAE153D476A857C192561F7A3BFE2D57
File: four_square_glass_multi_color_blue_red_yellow_purple.png, Directory: dir7BFBE7152BD1F709E4A8AB545308CE6B
File: CommandKeyCreate.htm, Directory: dirFC7559CFE1102D19ECDAABCC2BEF6B65
File: fireworks_thin_curved_lines_multi.png, Directory: dir7BFBE7152BD1F709E4A8AB545308CE6B
File: Help_from_HES_Technical_Services.htm, Directory: dir89EA610D4F97992D0567E123129F87FD
File: HardValue.htm, Directory: dirFBF7365A5264634AB5246E4024DA46BB
File: ResponsiveSearch.png, Directory: dirB18C0EE27D64684ADC5C3CC0891E3399
File: eight_dots_circle_multi_sun.png, Directory: dir7BFBE7152BD1F709E4A8AB545308CE6B
File: AutoFocus.htm, Directory: dirDC400B2463EACEDD8C6FFFA0A2442745
File: compact5.png, Directory: dir301D0264053C1D31E4C443AA1728EE85
File: five_rings_spiral_tunnel_tiny_dots.png, Directory: dir7BFBE7152BD1F709E4A8AB545308CE6B
File: sun_thin_flares_offcenter.png, Directory: dir7BFBE7152BD1F709E4A8AB545308CE6B
File: squiggle_lines_maze.png, Directory: dir7BFBE7152BD1F709E4A8AB545308CE6B
File: UserKind.htm, Directory: dirFBF7365A5264634AB5246E4024DA46BB
File: flames_medium_fire.png, Directory: dir7BFBE7152BD1F709E4A8AB545308CE6B
File: DeskChannel.htm, Directory: dirFBF7365A5264634AB5246E4024DA46BB
File: oval_striped_tunnel_warped_spiral.png, Directory: dir7BFBE7152BD1F709E4A8AB545308CE6B
File: matching_levels_ch_page5.png, Directory: dir301D0264053C1D31E4C443AA1728EE85
File: task_fail.png, Directory: dir301D0264053C1D31E4C443AA1728EE85
File: 0048.PNG, Directory: dirCF9519B65614710F6BDCEFAB09BAE21D
File: plybck_opt_cuelist_assert_time5.png, Directory: dir301D0264053C1D31E4C443AA1728EE85
File: 0039_mustard.png, Directory: dirCF9519B65614710F6BDCEFAB09BAE21D
File: large_dot_thick_border_color_blue.png, Directory: dir7BFBE7152BD1F709E4A8AB545308CE6B
File: FB_CSP_5_add_5_600x564.png, Directory: dir301D0264053C1D31E4C443AA1728EE85
File: eight_wavey_bars_big.png, Directory: dir7BFBE7152BD1F709E4A8AB545308CE6B
File: output_window_5.png, Directory: dir301D0264053C1D31E4C443AA1728EE85
File: red_gatlin_holes_eight.png, Directory: dir7BFBE7152BD1F709E4A8AB545308CE6B
File: begin_end_start.png, Directory: dir301D0264053C1D31E4C443AA1728EE85
File: 0042_green2.png, Directory: dirCF9519B65614710F6BDCEFAB09BAE21D
File: ten_tapered_vertical_bars.png, Directory: dir7BFBE7152BD1F709E4A8AB545308CE6B
File: dapple_medium_texture_breakup.png, Directory: dir7BFBE7152BD1F709E4A8AB545308CE6B
File: WhitePoint.htm, Directory: dirFBF7365A5264634AB5246E4024DA46BB
File: five_archs_swirl_circle_rotating_right.png, Directory: dir7BFBE7152BD1F709E4A8AB545308CE6B
File: sun_wavy_sunburst_symmetrical.png, Directory: dir7BFBE7152BD1F709E4A8AB545308CE6B
File: six_segments_border_pieces.png, Directory: dir7BFBE7152BD1F709E4A8AB545308CE6B
File: TC_Sim.htm, Directory: dirEB1884289FDB2B8A3A7EA3D2480E5577
File: multi_squiggles_curve_tiny_waves.png, Directory: dir7BFBE7152BD1F709E4A8AB545308CE6B
File: grid_barbed_wire_net_tiny_holes_warped_3D.png, Directory: dir7BFBE7152BD1F709E4A8AB545308CE6B
File: spin_fan_thin_twelve.png, Directory: dir7BFBE7152BD1F709E4A8AB545308CE6B
File: neon_moon_paint_smudge_pink_purple_multicolor.png, Directory: dir7BFBE7152BD1F709E4A8AB545308CE6B
File: plot_feedback_5.png, Directory: dir301D0264053C1D31E4C443AA1728EE85
File: three_tribal_circle.png, Directory: dir7BFBE7152BD1F709E4A8AB545308CE6B
File: 3D_warped_swirl_twist_bulge_silver.png, Directory: dir7BFBE7152BD1F709E4A8AB545308CE6B
File: UpgradeHH4_2015.htm, Directory: dir5DC53C2A105460D0156677FED587ECF6
File: twelve_star_ring_cone.png, Directory: dir7BFBE7152BD1F709E4A8AB545308CE6B
File: auto_launch.png, Directory: dir301D0264053C1D31E4C443AA1728EE85
File: OpenSoundControl.htm, Directory: dir5129A05B3C5DF7E91A6148CBEC3A96C7
File: SafetyWarnings2.htm, Directory: dirC813D43350262FBC3346A130A06ED7BF
File: fixturelib.hog5lib, Directory: Hog_PC
File: gadget.dll, Directory: D_gadget_ARM64
File: gadget.dll, Directory: D_gadget_x64
File: gadget.cat, Directory: D_gadget_ARM64
File: gadget.cat, Directory: D_gadget_x64
File: gadget.inf, Directory: D_gadget_ARM64
File: gadget.inf, Directory: D_gadget_x64
File: GadgetDrvChange.exe, Directory: Hog_PC
File: haspdinst.exe, Directory: Hog_PC
File: hesf0001.bin, Directory: D_umupload_ARM64
File: hesf0001.bin, Directory: D_umupload_x64
File: hesf0008.bin, Directory: D_umupload_ARM64
File: hesf0008.bin, Directory: D_umupload_x64
File: hesf000A.bin, Directory: D_umupload_ARM64
File: hesf000A.bin, Directory: D_umupload_x64
File: hesf0010.bin, Directory: D_umupload_ARM64
File: hesf0010.bin, Directory: D_umupload_x64
File: hesf0012.bin, Directory: D_umupload_ARM64
File: hesf0012.bin, Directory: D_umupload_x64
File: hesf0018.bin, Directory: D_umupload_ARM64
File: hesf0018.bin, Directory: D_umupload_x64
File: hesf001F.bin, Directory: D_umupload_ARM64
File: hesf001F.bin, Directory: D_umupload_x64
File: hesf0020.bin, Directory: D_umupload_ARM64
File: hesf0020.bin, Directory: D_umupload_x64
File: hesf0021.bin, Directory: D_umupload_ARM64
File: hesf0021.bin, Directory: D_umupload_x64
File: hesf0026.bin, Directory: D_umupload_ARM64
File: hesf0026.bin, Directory: D_umupload_x64
File: hesf0082.bin, Directory: D_umupload_ARM64
File: hesf0082.bin, Directory: D_umupload_x64
File: hesf0084.bin, Directory: D_umupload_ARM64
File: hesf0084.bin, Directory: D_umupload_x64
File: hesf0087.bin, Directory: D_umupload_ARM64
File: hesf0087.bin, Directory: D_umupload_x64
File: hesf008C.bin, Directory: D_umupload_ARM64
File: hesf008C.bin, Directory: D_umupload_x64
File: hesf008F.bin, Directory: D_umupload_ARM64
File: hesf008F.bin, Directory: D_umupload_x64
File: hesf0093.bin, Directory: D_umupload_ARM64
File: hesf0093.bin, Directory: D_umupload_x64
File: hesf0095.bin, Directory: D_umupload_ARM64
File: hesf0095.bin, Directory: D_umupload_x64
File: hesf009D.bin, Directory: D_umupload_ARM64
File: hesf009D.bin, Directory: D_umupload_x64
File: hesf009F.bin, Directory: D_umupload_ARM64
File: hesf009F.bin, Directory: D_umupload_x64
File: hesf00A0.bin, Directory: D_umupload_ARM64
File: hesf00A0.bin, Directory: D_umupload_x64
File: icudtb.dat, Directory: resources
File: icudtl.dat, Directory: resources
File: Install-Driver.ps1, Directory: drivers
File: WdfCoInstaller01009.dll, Directory: D_kmh4touch_x64
File: winusbcoinstaller2.dll, Directory: D_kmh4touch_x64
File: WUDFUpdate_01009.dll, Directory: D_kmh4touch_x64
File: kmh4touch.sys, Directory: D_kmh4touch_x64
File: kmh4touch.cat, Directory: D_kmh4touch_x64
File: kmh4touch.inf, Directory: D_kmh4touch_x64
File: launcher-win32-golden.exe, Directory: Hog_PC
File: libx265.dll, Directory: Hog_PC
File: lock-win32-golden.exe, Directory: Hog_PC
File: ltc_display-Win32-golden.exe, Directory: Hog_PC
File: lx2hog3dp.dll, Directory: VizFolder
File: lxhog3dp.dll, Directory: VizFolder
File: Manual.url, Directory: Hog_PC
File: mfc140.dll, Directory: SystemFolder.F1670FCA_6780_3657_9C04_AF8005AC8143
File: mfc140chs.dll, Directory: SystemFolder.F1670FCA_6780_3657_9C04_AF8005AC8143
File: mfc140cht.dll, Directory: SystemFolder.F1670FCA_6780_3657_9C04_AF8005AC8143
File: mfc140deu.dll, Directory: SystemFolder.F1670FCA_6780_3657_9C04_AF8005AC8143
File: mfc140enu.dll, Directory: SystemFolder.F1670FCA_6780_3657_9C04_AF8005AC8143
File: mfc140esn.dll, Directory: SystemFolder.F1670FCA_6780_3657_9C04_AF8005AC8143
File: mfc140fra.dll, Directory: SystemFolder.F1670FCA_6780_3657_9C04_AF8005AC8143
File: mfc140ita.dll, Directory: SystemFolder.F1670FCA_6780_3657_9C04_AF8005AC8143
File: mfc140jpn.dll, Directory: SystemFolder.F1670FCA_6780_3657_9C04_AF8005AC8143
File: mfc140kor.dll, Directory: SystemFolder.F1670FCA_6780_3657_9C04_AF8005AC8143
File: mfc140rus.dll, Directory: SystemFolder.F1670FCA_6780_3657_9C04_AF8005AC8143
File: mfc140u.dll, Directory: SystemFolder.F1670FCA_6780_3657_9C04_AF8005AC8143
File: mfcm140.dll, Directory: SystemFolder.F1670FCA_6780_3657_9C04_AF8005AC8143
File: mfcm140u.dll, Directory: SystemFolder.F1670FCA_6780_3657_9C04_AF8005AC8143
File: miniwing_test-Win32-golden.exe, Directory: Hog_PC
File: modelsplugin.dll, Directory: Models.2
File: monitor-win32-golden.exe, Directory: Hog_PC
File: msvcp140.dll, Directory: SystemFolder.F1670FCA_6780_3657_9C04_AF8005AC8143
File: msvcp140_1.dll, Directory: SystemFolder.F1670FCA_6780_3657_9C04_AF8005AC8143
File: msvcp140_2.dll, Directory: SystemFolder.F1670FCA_6780_3657_9C04_AF8005AC8143
File: msvcp140_atomic_wait.dll, Directory: SystemFolder.F1670FCA_6780_3657_9C04_AF8005AC8143
File: msvcp140_codecvt_ids.dll, Directory: SystemFolder.F1670FCA_6780_3657_9C04_AF8005AC8143
File: netservices-win32-golden.exe, Directory: Hog_PC
File: postproc.dll, Directory: Hog_PC
File: qgif.dll, Directory: imageformats
File: qicns.dll, Directory: imageformats
File: qico.dll, Directory: imageformats
File: qjpeg.dll, Directory: imageformats
File: qmldir, Directory: Controls.2
File: qmldir, Directory: Templates.2
File: qmldir, Directory: QtQuick.2
File: qmlplugin.dll, Directory: QtQml
File: qpdf.dll, Directory: imageformats
File: qsqlite.dll, Directory: sqldrivers
File: qsvg.dll, Directory: imageformats
File: qsvgicon.dll, Directory: iconengines
File: Qt5Core.dll, Directory: Hog_PC
File: Qt5Gui.dll, Directory: Hog_PC
File: Qt5Multimedia.dll, Directory: Hog_PC
File: Qt5MultimediaQuick.dll, Directory: Hog_PC
File: Qt5MultimediaWidgets.dll, Directory: Hog_PC
File: Qt5Network.dll, Directory: Hog_PC
File: Qt5NetworkAuth.dll, Directory: Hog_PC
File: Qt5Pdf.dll, Directory: Hog_PC
File: Qt5PdfWidgets.dll, Directory: Hog_PC
File: Qt5Positioning.dll, Directory: Hog_PC
File: Qt5PrintSupport.dll, Directory: Hog_PC
File: Qt5Qml.dll, Directory: Hog_PC
File: Qt5QmlModels.dll, Directory: Hog_PC
File: Qt5QmlWorkerScript.dll, Directory: Hog_PC
File: Qt5Quick.dll, Directory: Hog_PC
File: Qt5QuickControls2.dll, Directory: Hog_PC
File: Qt5QuickTemplates2.dll, Directory: Hog_PC
File: Qt5QuickWidgets.dll, Directory: Hog_PC
File: Qt5RemoteObjects.dll, Directory: Hog_PC
File: Qt5Script.dll, Directory: Hog_PC
File: Qt5ScriptTools.dll, Directory: Hog_PC
File: Qt5Scxml.dll, Directory: Hog_PC
File: Qt5Sql.dll, Directory: Hog_PC
File: Qt5Svg.dll, Directory: Hog_PC
File: Qt5Test.dll, Directory: Hog_PC
File: Qt5WebChannel.dll, Directory: Hog_PC
File: Qt5WebEngine.dll, Directory: Hog_PC
File: Qt5WebEngineCore.dll, Directory: Hog_PC
File: Qt5WebEngineWidgets.dll, Directory: Hog_PC
File: Qt5WebSockets.dll, Directory: Hog_PC
File: Qt5Widgets.dll, Directory: Hog_PC
File: Qt5Xml.dll, Directory: Hog_PC
File: Qt5XmlPatterns.dll, Directory: Hog_PC
File: qtga.dll, Directory: imageformats
File: qtiff.dll, Directory: imageformats
File: qtquick2plugin.dll, Directory: QtQuick.2
File: qtquickcontrols2plugin.dll, Directory: Controls.2
File: qtquicktemplates2plugin.dll, Directory: Templates.2
File: qtwebengine_devtools_resources.pak, Directory: resources
File: qtwebengine_resources.pak, Directory: resources
File: qtwebengine_resources_100p.pak, Directory: resources
File: qtwebengine_resources_200p.pak, Directory: resources
File: QtWebEngineProcess.exe, Directory: Hog_PC
File: qtwebview_webengine.dll, Directory: webview
File: qwbmp.dll, Directory: imageformats
File: qwebp.dll, Directory: imageformats
File: qwindows.dll, Directory: platforms
File: server-win32-golden.exe, Directory: Hog_PC
File: swresample.dll, Directory: Hog_PC
File: swscale.dll, Directory: Hog_PC
File: umblk.dll, Directory: D_umblk_ARM64
File: umblk.dll, Directory: D_umblk_x64
File: umblk.cat, Directory: D_umblk_ARM64
File: umblk.cat, Directory: D_umblk_x64
File: umblk.inf, Directory: D_umblk_ARM64
File: umblk.inf, Directory: D_umblk_x64
File: umdmx.dll, Directory: D_umdmx_ARM64
File: umdmx.dll, Directory: D_umdmx_x64
File: umdmx.cat, Directory: D_umdmx_ARM64
File: umdmx.cat, Directory: D_umdmx_x64
File: umdmx.inf, Directory: D_umdmx_ARM64
File: umdmx.inf, Directory: D_umdmx_x64
File: umltc.dll, Directory: D_umltc_ARM64
File: umltc.dll, Directory: D_umltc_x64
File: umltc.cat, Directory: D_umltc_ARM64
File: umltc.cat, Directory: D_umltc_x64
File: umltc.inf, Directory: D_umltc_ARM64
File: umltc.inf, Directory: D_umltc_x64
File: umprowing.dll, Directory: D_umprowing_ARM64
File: umprowing.dll, Directory: D_umprowing_x64
File: umprowing.cat, Directory: D_umprowing_ARM64
File: umprowing.cat, Directory: D_umprowing_x64
File: umprowing.inf, Directory: D_umprowing_ARM64
File: umprowing.inf, Directory: D_umprowing_x64
File: umupload.dll, Directory: D_umupload_ARM64
File: umupload.dll, Directory: D_umupload_x64
File: umupload.cat, Directory: D_umupload_ARM64
File: umupload.cat, Directory: D_umupload_x64
File: umupload.inf, Directory: D_umupload_ARM64
File: umupload.inf, Directory: D_umupload_x64
File: Uninstall-Driver.ps1, Directory: drivers
File: vccorlib140.dll, Directory: SystemFolder.F1670FCA_6780_3657_9C04_AF8005AC8143
File: vcomp140.dll, Directory: SystemFolder.F1670FCA_6780_3657_9C04_AF8005AC8143
File: vcruntime140.dll, Directory: SystemFolder.F1670FCA_6780_3657_9C04_AF8005AC8143
File: Visualizer.dll, Directory: VizFolder
File: zlibwapi.dll, Directory: SystemFolder
File: vob-win32-golden.exe, Directory: Hog_PC
File: Widget_Upgrader-Win32-golden.exe, Directory: Hog_PC
File: workerscriptplugin.dll, Directory: WorkerScript.2
File: zlib1.dll, Directory: Hog_PC
Action ended 3:17:16: RemoveFiles. Return value 1.
Action 3:17:16: RemoveFolders. Removing folders
Action start 3:17:16: RemoveFolders.
Action ended 3:17:16: RemoveFolders. Return value 1.
Action 3:17:16: CreateFolders. Creating folders
Action start 3:17:16: CreateFolders.
Folder: Hog_PC
Folder: Hog_PC
Folder: Hog_PC
Folder: Hog_PC
Folder: Hog_PC
Folder: Hog_PC
Folder: Hog_PC
Folder: Hog_PC
Folder: iconengines
Folder: imageformats
Folder: sqldrivers
Folder: webview
Folder: platforms
Folder: resources
Folder: SystemFolder
Folder: VizFolder
Folder: VizFolder
Folder: D_umdmx_x64
Folder: D_umltc_x64
Folder: D_umprowing_x64
Folder: D_umupload_x64
Folder: D_kmh4touch_x64
Folder: D_gadget_x64
Folder: D_umblk_x64
Action ended 3:17:16: CreateFolders. Return value 1.
Action 3:17:16: InstallFiles. Copying new files
Action start 3:17:16: InstallFiles.
File: 7ZA.EXE,  Directory: Hog_PC,  Size: 739840
File: archive.dll,  Directory: Hog_PC,  Size: 516608
File: avcodec.dll,  Directory: Hog_PC,  Size: 20951552
File: avdevice.dll,  Directory: Hog_PC,  Size: 2092544
File: avfilter.dll,  Directory: Hog_PC,  Size: 5426688
File: avformat.dll,  Directory: Hog_PC,  Size: 6820352
File: avutil.dll,  Directory: Hog_PC,  Size: 517120
File: bzip2.dll,  Directory: Hog_PC,  Size: 372736
File: concrt140.dll,  Directory: SystemFolder.F1670FCA_6780_3657_9C04_AF8005AC8143,  Size: 243592
File: critical-win32-golden.exe,  Directory: Hog_PC,  Size: 5481440
File: desktop-win32-golden.exe,  Directory: Hog_PC,  Size: 33603040
File: dialogue-win32-golden.exe,  Directory: Hog_PC,  Size: 31571424
File: dp8k-win32-golden.exe,  Directory: Hog_PC,  Size: 10678232
File: small_water_droplets_multi_color_blue_purple.png,  Directory: dir7BFBE7152BD1F709E4A8AB545308CE6B,  Size: 29237
File: center_wheel_prefs.png,  Directory: dir301D0264053C1D31E4C443AA1728EE85,  Size: 47402
File: cue_editor5.png,  Directory: dir301D0264053C1D31E4C443AA1728EE85,  Size: 101873
File: seven_squares_bar_horizontal.png,  Directory: dir7BFBE7152BD1F709E4A8AB545308CE6B,  Size: 2289
File: six_dots_horizontal_bar.png,  Directory: dir7BFBE7152BD1F709E4A8AB545308CE6B,  Size: 2101
File: neon_broken_fusion_bubbles_green_blue_multicolor.png,  Directory: dir7BFBE7152BD1F709E4A8AB545308CE6B,  Size: 33249
File: PointCue.htm,  Directory: dirFBF7365A5264634AB5246E4024DA46BB,  Size: 2578
File: eight_star_rectangular_points_color_red.png,  Directory: dir7BFBE7152BD1F709E4A8AB545308CE6B,  Size: 3200
File: vis_wyg_config_3_476x266.png,  Directory: dir301D0264053C1D31E4C443AA1728EE85,  Size: 31574
File: Synonyms.js,  Directory: dirAAE153D476A857C192561F7A3BFE2D57,  Size: 354
File: UpdatingHPUV2Widgets.htm,  Directory: dir5DC53C2A105460D0156677FED587ECF6,  Size: 5841
File: wheels_toolbar_chase5.png,  Directory: dir301D0264053C1D31E4C443AA1728EE85,  Size: 8693
File: eight_pointed_sixteen_oval_radial_symmetrical.png,  Directory: dir7BFBE7152BD1F709E4A8AB545308CE6B,  Size: 5289
File: playback_options_cuelist5_960x687.png,  Directory: dir301D0264053C1D31E4C443AA1728EE85,  Size: 135547
File: ten_spiral_oval_multi_cone.png,  Directory: dir7BFBE7152BD1F709E4A8AB545308CE6B,  Size: 9402
File: twelve_ovals_ring_rotating_left.png,  Directory: dir7BFBE7152BD1F709E4A8AB545308CE6B,  Size: 4516
File: FixBuild_Tutorial_Gen.htm,  Directory: dir4DDC1C874BC664E97A383AFD2CB09114,  Size: 40032
File: plybck_opt_cuelist_loop5_600x424.png,  Directory: dir301D0264053C1D31E4C443AA1728EE85,  Size: 78013
File: thin_multi_rectangular_color_red_border.png,  Directory: dir7BFBE7152BD1F709E4A8AB545308CE6B,  Size: 11094
File: SearchTopic_Chunk0.js,  Directory: dirAAE153D476A857C192561F7A3BFE2D57,  Size: 29870
File: four_leg_spiral_fan_spin_color_blue.png,  Directory: dir7BFBE7152BD1F709E4A8AB545308CE6B,  Size: 3853
File: SoftParameterValue.htm,  Directory: dirFBF7365A5264634AB5246E4024DA46BB,  Size: 2678
File: prefs_def_name5.png,  Directory: dir301D0264053C1D31E4C443AA1728EE85,  Size: 94373
File: tiny_sphere_bubbles_multi.png,  Directory: dir7BFBE7152BD1F709E4A8AB545308CE6B,  Size: 18849
File: AdvancedProgramming.htm,  Directory: dirF9235F3A8134F8266E4FFC7F7A31716E,  Size: 2580
File: six_curved_lines_thin_pinwheel.png,  Directory: dir7BFBE7152BD1F709E4A8AB545308CE6B,  Size: 4066
File: auto_launch5.png,  Directory: dir301D0264053C1D31E4C443AA1728EE85,  Size: 66441
File: palms_leaves_curved_breakup_small.png,  Directory: dir7BFBE7152BD1F709E4A8AB545308CE6B,  Size: 4921
File: flower_oval_multi_small_color_pink.png,  Directory: dir7BFBE7152BD1F709E4A8AB545308CE6B,  Size: 8755
File: single_atom_inverted_ovals_interlocking.png,  Directory: dir7BFBE7152BD1F709E4A8AB545308CE6B,  Size: 4171
File: five_crosses_squares_multi_grunge_faded.png,  Directory: dir7BFBE7152BD1F709E4A8AB545308CE6B,  Size: 6228
File: dmx_superwidget_320x113.png,  Directory: dir301D0264053C1D31E4C443AA1728EE85,  Size: 45641
File: textured_glass_bumbs_rainbow_color_multicolor_red_green_teal_purple.png,  Directory: dir7BFBE7152BD1F709E4A8AB545308CE6B,  Size: 33369
File: dir_lock_360x423.png,  Directory: dir301D0264053C1D31E4C443AA1728EE85,  Size: 18653
File: twenty_small_triangles_multi_scattered.png,  Directory: dir7BFBE7152BD1F709E4A8AB545308CE6B,  Size: 6872
File: three_spiral_spin_mix_fan_swirl_color_purple.png,  Directory: dir7BFBE7152BD1F709E4A8AB545308CE6B,  Size: 10813
File: 0015_magenta5.png,  Directory: dirCF9519B65614710F6BDCEFAB09BAE21D,  Size: 3510
File: fb_mid4_5.png,  Directory: dir301D0264053C1D31E4C443AA1728EE85,  Size: 24861
File: glass_horizontal_stripes_lines_thick.png,  Directory: dir7BFBE7152BD1F709E4A8AB545308CE6B,  Size: 18345
File: config_icon.png,  Directory: dir301D0264053C1D31E4C443AA1728EE85,  Size: 1525
File: prefs_misc5.png,  Directory: dir301D0264053C1D31E4C443AA1728EE85,  Size: 118287
File: Patching.htm,  Directory: dirE1F6960898D23EE4594C548D589D98C6,  Size: 23927
File: five_rounded_horizontal_bars.png,  Directory: dir7BFBE7152BD1F709E4A8AB545308CE6B,  Size: 1534
File: fifteen_interlocking_bars_cross.png,  Directory: dir7BFBE7152BD1F709E4A8AB545308CE6B,  Size: 4167
File: FB_CSP_BuildSucess_5.png,  Directory: dir301D0264053C1D31E4C443AA1728EE85,  Size: 6108
File: SearchTopic_Chunk5.js,  Directory: dirAAE153D476A857C192561F7A3BFE2D57,  Size: 6272
File: front_panel_LH.png,  Directory: dir301D0264053C1D31E4C443AA1728EE85,  Size: 159817
File: DMXOutputWindow.htm,  Directory: dir9A97A7B3D386D7011D7BF321F7232B1F,  Size: 3070
File: trigger_toolbar5.png,  Directory: dir301D0264053C1D31E4C443AA1728EE85,  Size: 19508
File: net_mix_swirl_color_purple.png,  Directory: dir7BFBE7152BD1F709E4A8AB545308CE6B,  Size: 30477
File: sun_squiggle_tribal_pink_multicolor_pink.png,  Directory: dir7BFBE7152BD1F709E4A8AB545308CE6B,  Size: 19588
File: lineglass_bubbleglass.png,  Directory: dir7BFBE7152BD1F709E4A8AB545308CE6B,  Size: 24030
File: maze_grid_puzzle_lines_layer_overlap_thin.png,  Directory: dir7BFBE7152BD1F709E4A8AB545308CE6B,  Size: 10315
File: cfx_add_1_5_960x535.png,  Directory: dir301D0264053C1D31E4C443AA1728EE85,  Size: 55370
File: twelve_triangle_wedges_circle_fan_spin.png,  Directory: dir7BFBE7152BD1F709E4A8AB545308CE6B,  Size: 9860
File: icon-user-light-gray.png,  Directory: dirB18C0EE27D64684ADC5C3CC0891E3399,  Size: 366
File: Gamut.htm,  Directory: dirFBF7365A5264634AB5246E4024DA46BB,  Size: 2541
File: output_window_colours_en_green5.png,  Directory: dir301D0264053C1D31E4C443AA1728EE85,  Size: 12947
File: flames_center_thin_squiggles_vertical_fire.png,  Directory: dir7BFBE7152BD1F709E4A8AB545308CE6B,  Size: 13420
File: 0024_congo.png,  Directory: dirCF9519B65614710F6BDCEFAB09BAE21D,  Size: 3510
File: dmx_widget.png,  Directory: dir301D0264053C1D31E4C443AA1728EE85,  Size: 15043
File: two_curved_crescents_border.png,  Directory: dir7BFBE7152BD1F709E4A8AB545308CE6B,  Size: 5913
File: sunburts_color_blue_purple_thin_bottom_left.png,  Directory: dir7BFBE7152BD1F709E4A8AB545308CE6B,  Size: 27435
File: multi_dots_space.png,  Directory: dir7BFBE7152BD1F709E4A8AB545308CE6B,  Size: 6665
File: five_segmented_oval_radial_cones.png,  Directory: dir7BFBE7152BD1F709E4A8AB545308CE6B,  Size: 5889
File: tiny_blades_lines_fan_saw_border_spin.png,  Directory: dir7BFBE7152BD1F709E4A8AB545308CE6B,  Size: 13295
File: login.png,  Directory: dirB18C0EE27D64684ADC5C3CC0891E3399,  Size: 2964
File: one_vertical_bar_line_thick.png,  Directory: dir7BFBE7152BD1F709E4A8AB545308CE6B,  Size: 883
File: SearchPhrase_Chunk38.js,  Directory: dirAAE153D476A857C192561F7A3BFE2D57,  Size: 30005
File: FrontPanelDiagrams.htm,  Directory: dir8D3DE84CACE1BF39A6D8DEE76C1BAA21,  Size: 4026
File: expand.png,  Directory: dirB18C0EE27D64684ADC5C3CC0891E3399,  Size: 2878
File: cue_mark_cuelist_opt5.png,  Directory: dir301D0264053C1D31E4C443AA1728EE85,  Size: 43325
File: CueDelete.htm,  Directory: dir429E2BE47FEE1102CC112010FC902992,  Size: 4339
File: AdvancedPlayback.htm,  Directory: dir3399D43E8E0CB2368BC79B27F701792F,  Size: 23729
File: spin_broken_circle_triangle_rectangle_multi.png,  Directory: dir7BFBE7152BD1F709E4A8AB545308CE6B,  Size: 11208
File: TechSpec_PlaybackWing4.htm,  Directory: dirE616E725F39764101A897681B058E202,  Size: 8486
File: MIDITimecode.htm,  Directory: dirF4FE94F7D1F783D69C43259372E7A09E,  Size: 15169
File: RequestFixLib.htm,  Directory: dir7DA94037655E84DCD759135C96771333,  Size: 4658
File: six_spikes_pointed_fan.png,  Directory: dir7BFBE7152BD1F709E4A8AB545308CE6B,  Size: 2461
File: CITPMediaPicker.htm,  Directory: dir158F969D79590B25CF1C2A5D8BF8C587,  Size: 8842
File: 3D_pointed_spike_net_mesh_star.png,  Directory: dir7BFBE7152BD1F709E4A8AB545308CE6B,  Size: 8685
File: FirmwareRestore.htm,  Directory: dir89EA610D4F97992D0567E123129F87FD,  Size: 4629
File: arrow_curve_right.png,  Directory: dir7BFBE7152BD1F709E4A8AB545308CE6B,  Size: 2512
File: segmented_seperated_hexagon.png,  Directory: dir7BFBE7152BD1F709E4A8AB545308CE6B,  Size: 1713
File: help-control.png,  Directory: dirB18C0EE27D64684ADC5C3CC0891E3399,  Size: 3038
File: FB_Sum2_5.png,  Directory: dir301D0264053C1D31E4C443AA1728EE85,  Size: 27881
File: four_dots_rotating_right.png,  Directory: dir7BFBE7152BD1F709E4A8AB545308CE6B,  Size: 2173
File: FB_CSP_BuildType_5_600x565.png,  Directory: dir301D0264053C1D31E4C443AA1728EE85,  Size: 40522
File: two_boomerang_crescents.png,  Directory: dir7BFBE7152BD1F709E4A8AB545308CE6B,  Size: 3708
File: typical_editor5.png,  Directory: dir301D0264053C1D31E4C443AA1728EE85,  Size: 66824
File: ResponsiveTOCActive.png,  Directory: dirB18C0EE27D64684ADC5C3CC0891E3399,  Size: 318
File: cnsl_sec.png,  Directory: dir301D0264053C1D31E4C443AA1728EE85,  Size: 29386
File: config_wings5.png,  Directory: dir301D0264053C1D31E4C443AA1728EE85,  Size: 79079
File: CommandLine.htm,  Directory: dir506C26B368C466EAAF42C3B612DDA6A7,  Size: 22436
File: shredded_triangle_web_net_stripes.png,  Directory: dir7BFBE7152BD1F709E4A8AB545308CE6B,  Size: 11370
File: pebbles-rocks_cracks_bubbles.png,  Directory: dir7BFBE7152BD1F709E4A8AB545308CE6B,  Size: 12162
File: PortNumber.htm,  Directory: dirFBF7365A5264634AB5246E4024DA46BB,  Size: 2608
File: slot_color5_960x244.png,  Directory: dir301D0264053C1D31E4C443AA1728EE85,  Size: 32192
File: bio_hazard_warn_nuclear_tri.png,  Directory: dir7BFBE7152BD1F709E4A8AB545308CE6B,  Size: 1830
File: macro_ok.png,  Directory: dir301D0264053C1D31E4C443AA1728EE85,  Size: 950
File: Tablet.css,  Directory: dirB84FA28B9E44762734654BF649E116C4,  Size: 373
File: heart_thin.png,  Directory: dir7BFBE7152BD1F709E4A8AB545308CE6B,  Size: 1554
File: parked_output_src5.png,  Directory: dir301D0264053C1D31E4C443AA1728EE85,  Size: 46799
File: dmx_superduperwidget_402x73.png,  Directory: dir301D0264053C1D31E4C443AA1728EE85,  Size: 40160
File: tiny_dots_spiral_galaxy_swirl_spin.png,  Directory: dir7BFBE7152BD1F709E4A8AB545308CE6B,  Size: 13403
File: 0011_red1.png,  Directory: dirCF9519B65614710F6BDCEFAB09BAE21D,  Size: 3507
File: param_pale_ref5_960x166.png,  Directory: dir301D0264053C1D31E4C443AA1728EE85,  Size: 41698
File: twelve_blade_fan_speckle.png,  Directory: dir7BFBE7152BD1F709E4A8AB545308CE6B,  Size: 10088
File: fw_update_600x400.png,  Directory: dir301D0264053C1D31E4C443AA1728EE85,  Size: 62910
File: multi_jogging_lines_thin.png,  Directory: dir7BFBE7152BD1F709E4A8AB545308CE6B,  Size: 4374
File: six_winged_spiral_fan_color_blue.png,  Directory: dir7BFBE7152BD1F709E4A8AB545308CE6B,  Size: 6901
File: ConsoleNoStart.htm,  Directory: dir89EA610D4F97992D0567E123129F87FD,  Size: 2822
File: tiny_multi_speckles_dots.png,  Directory: dir7BFBE7152BD1F709E4A8AB545308CE6B,  Size: 4219
File: zigzag_squiggle_paint_mark_single_one.png,  Directory: dir7BFBE7152BD1F709E4A8AB545308CE6B,  Size: 9835
File: MaintainState.htm,  Directory: dirFBF7365A5264634AB5246E4024DA46BB,  Size: 2588
File: ten_large_dots_border_circle_ring.png,  Directory: dir7BFBE7152BD1F709E4A8AB545308CE6B,  Size: 2558
File: thin_diagonal_strips_zigzag.png,  Directory: dir7BFBE7152BD1F709E4A8AB545308CE6B,  Size: 10512
File: multicolor_rounded_squares_sphere_grid_pink.png,  Directory: dir7BFBE7152BD1F709E4A8AB545308CE6B,  Size: 10771
File: glass_blue_color_small_rocks_pebbles_circle.png,  Directory: dir7BFBE7152BD1F709E4A8AB545308CE6B,  Size: 23339
File: FrontPanelReboot.htm,  Directory: dir89EA610D4F97992D0567E123129F87FD,  Size: 3439
File: fire_lines_horizontal.png,  Directory: dir7BFBE7152BD1F709E4A8AB545308CE6B,  Size: 15732
File: dir_kind_mask_leg5.png,  Directory: dir301D0264053C1D31E4C443AA1728EE85,  Size: 18017
File: plybck_opt_cuelist_loop5.png,  Directory: dir301D0264053C1D31E4C443AA1728EE85,  Size: 168529
File: pgm_com_600x421.png,  Directory: dir301D0264053C1D31E4C443AA1728EE85,  Size: 58575
File: VisualizerConnect.htm,  Directory: dirDC400B2463EACEDD8C6FFFA0A2442745,  Size: 2586
File: three_rings_border_broken.png,  Directory: dir7BFBE7152BD1F709E4A8AB545308CE6B,  Size: 4198
File: FixtureLibrary.htm,  Directory: dirFBF7365A5264634AB5246E4024DA46BB,  Size: 2692
File: multi_dots.png,  Directory: dir7BFBE7152BD1F709E4A8AB545308CE6B,  Size: 9446
File: two_rings_tunnel_cone.png,  Directory: dir7BFBE7152BD1F709E4A8AB545308CE6B,  Size: 6288
File: multi_pointed_sun_big.png,  Directory: dir7BFBE7152BD1F709E4A8AB545308CE6B,  Size: 3638
File: fusion_breakup_multicolor_blue_teal_yellow_orangebroken.png,  Directory: dir7BFBE7152BD1F709E4A8AB545308CE6B,  Size: 30699
File: pal_masking5.png,  Directory: dir301D0264053C1D31E4C443AA1728EE85,  Size: 21526
File: 0022_lavender.png,  Directory: dirCF9519B65614710F6BDCEFAB09BAE21D,  Size: 3510
File: multi_flame_small_cylinder.png,  Directory: dir7BFBE7152BD1F709E4A8AB545308CE6B,  Size: 9504
File: glass_rocks_pebbles_outline_blue_color.png,  Directory: dir7BFBE7152BD1F709E4A8AB545308CE6B,  Size: 26362
File: pinwheel_curved_lines_wedges.png,  Directory: dir7BFBE7152BD1F709E4A8AB545308CE6B,  Size: 12264
File: seventeen_squares.png,  Directory: dir7BFBE7152BD1F709E4A8AB545308CE6B,  Size: 6468
File: sunburst_wedge_bottom_right.png,  Directory: dir7BFBE7152BD1F709E4A8AB545308CE6B,  Size: 8737
File: PlotsUsing.htm,  Directory: dir4B06B9CE32721023DA45AA4F5B064B42,  Size: 11094
File: 0012_red2.png,  Directory: dirCF9519B65614710F6BDCEFAB09BAE21D,  Size: 3510
File: multicolor_colored_breakup_cyan_magenta_yellow_purple.png,  Directory: dir7BFBE7152BD1F709E4A8AB545308CE6B,  Size: 28490
File: tiny_rectangles_breakup.png,  Directory: dir7BFBE7152BD1F709E4A8AB545308CE6B,  Size: 3439
File: tiny_squares_warped_net_multi.png,  Directory: dir7BFBE7152BD1F709E4A8AB545308CE6B,  Size: 22137
File: multi_squiggles_breakup_small.png,  Directory: dir7BFBE7152BD1F709E4A8AB545308CE6B,  Size: 12185
File: HTP.htm,  Directory: dir3399D43E8E0CB2368BC79B27F701792F,  Size: 4409
File: eleven_thin_spikes_lines_star_sun.png,  Directory: dir7BFBE7152BD1F709E4A8AB545308CE6B,  Size: 7776
File: thin_sharp_lines_circle.png,  Directory: dir7BFBE7152BD1F709E4A8AB545308CE6B,  Size: 14347
File: pinwheel_inverted_rotating_left_archs_curves.png,  Directory: dir7BFBE7152BD1F709E4A8AB545308CE6B,  Size: 2632
File: arrow_right_pointer.png,  Directory: dir7BFBE7152BD1F709E4A8AB545308CE6B,  Size: 1551
File: fb_mid12_5_960x610.png,  Directory: dir301D0264053C1D31E4C443AA1728EE85,  Size: 61004
File: fan_spiral_swirl_circle_thin.png,  Directory: dir7BFBE7152BD1F709E4A8AB545308CE6B,  Size: 7173
File: tiny_triangle_shards_broken_cracks_multi.png,  Directory: dir7BFBE7152BD1F709E4A8AB545308CE6B,  Size: 13325
File: tiny_squares_mosaic_diamond_color_multi.png,  Directory: dir7BFBE7152BD1F709E4A8AB545308CE6B,  Size: 33054
File: star_fivepoint_broken.png,  Directory: dir7BFBE7152BD1F709E4A8AB545308CE6B,  Size: 6289
File: ButtonSize.htm,  Directory: dir3CED7FB55F25D98E1AF47F4B0F8B6ACD,  Size: 7798
File: fix_uniview5.png,  Directory: dir301D0264053C1D31E4C443AA1728EE85,  Size: 104214
File: task_ok.png,  Directory: dir301D0264053C1D31E4C443AA1728EE85,  Size: 932
File: programmer_bottom_half.png,  Directory: dir301D0264053C1D31E4C443AA1728EE85,  Size: 72183
File: five_pinwheel_swirl.png,  Directory: dir7BFBE7152BD1F709E4A8AB545308CE6B,  Size: 4122
File: merge_3.png,  Directory: dir301D0264053C1D31E4C443AA1728EE85,  Size: 28179
File: fb_mid2_5.png,  Directory: dir301D0264053C1D31E4C443AA1728EE85,  Size: 9393
File: three_circles_rings_striped_multicolor_rainbow_red_yellow_blue_green_purple_teal.png,  Directory: dir7BFBE7152BD1F709E4A8AB545308CE6B,  Size: 11846
File: multi_ribbons_flower_petals.png,  Directory: dir7BFBE7152BD1F709E4A8AB545308CE6B,  Size: 5357
File: fix_comp5.png,  Directory: dir301D0264053C1D31E4C443AA1728EE85,  Size: 75217
File: navigate-next.png,  Directory: dirB18C0EE27D64684ADC5C3CC0891E3399,  Size: 2944
File: seven_bars_slats_diagonal.png,  Directory: dir7BFBE7152BD1F709E4A8AB545308CE6B,  Size: 9294
File: output_window_colours_en_red5.png,  Directory: dir301D0264053C1D31E4C443AA1728EE85,  Size: 12880
File: timecode_active.png,  Directory: dir301D0264053C1D31E4C443AA1728EE85,  Size: 935
File: paths_toolbar.png,  Directory: dir301D0264053C1D31E4C443AA1728EE85,  Size: 5109
File: Widget.htm,  Directory: dirFBF7365A5264634AB5246E4024DA46BB,  Size: 2517
File: Styles.css,  Directory: dirB84FA28B9E44762734654BF649E116C4,  Size: 10141
File: communityActive-GREEN.png,  Directory: dirB18C0EE27D64684ADC5C3CC0891E3399,  Size: 375
File: outline_fifteen_curved_circle_rotating.png,  Directory: dir7BFBE7152BD1F709E4A8AB545308CE6B,  Size: 13750
File: red_peppermint_squiggles_medium.png,  Directory: dir7BFBE7152BD1F709E4A8AB545308CE6B,  Size: 22528
File: three_color_red_pointed_rings.png,  Directory: dir7BFBE7152BD1F709E4A8AB545308CE6B,  Size: 9825
File: 0025_darkblue.png,  Directory: dirCF9519B65614710F6BDCEFAB09BAE21D,  Size: 3510
File: SearchPhrase_Chunk49.js,  Directory: dirAAE153D476A857C192561F7A3BFE2D57,  Size: 29964
File: Buddying.htm,  Directory: dirFBF7365A5264634AB5246E4024DA46BB,  Size: 2496
File: ReplacingScreens.htm,  Directory: dir0828A62CDE7C6CE38A06416C531F88C9,  Size: 3728
File: six_point_cross_star_multicolor_dot_purple.png,  Directory: dir7BFBE7152BD1F709E4A8AB545308CE6B,  Size: 5753
File: eight_rounded_bars_fan_radial_symmetrical.png,  Directory: dir7BFBE7152BD1F709E4A8AB545308CE6B,  Size: 3196
File: fade_multidot_dots_square.png,  Directory: dir7BFBE7152BD1F709E4A8AB545308CE6B,  Size: 7954
File: three_oval_cogs_warped.png,  Directory: dir7BFBE7152BD1F709E4A8AB545308CE6B,  Size: 9870
File: New_Icon_Note.png,  Directory: dir7AF6A0C930E549D94C2D8FE050B5B4F8,  Size: 1903
File: eight_interlocking_rings_medium_symmetrical.png,  Directory: dir7BFBE7152BD1F709E4A8AB545308CE6B,  Size: 14410
File: CueRenumbing.htm,  Directory: dir429E2BE47FEE1102CC112010FC902992,  Size: 5792
File: sun_multi_fan.png,  Directory: dir7BFBE7152BD1F709E4A8AB545308CE6B,  Size: 16584
File: multi_square_cubes_curved_rounded.png,  Directory: dir7BFBE7152BD1F709E4A8AB545308CE6B,  Size: 8054
File: curves_archs_foliage_breakup_medium.png,  Directory: dir7BFBE7152BD1F709E4A8AB545308CE6B,  Size: 5610
File: cmdexe5.png,  Directory: dir301D0264053C1D31E4C443AA1728EE85,  Size: 50093
File: MIDI.htm,  Directory: dirF4FE94F7D1F783D69C43259372E7A09E,  Size: 2548
File: star_disproportional_asymmetrical.png,  Directory: dir7BFBE7152BD1F709E4A8AB545308CE6B,  Size: 5701
File: eight_pointed_single_star_symmetrical.png,  Directory: dir7BFBE7152BD1F709E4A8AB545308CE6B,  Size: 4702
File: 3D_eight_pointed_star_starburst_radial.png,  Directory: dir7BFBE7152BD1F709E4A8AB545308CE6B,  Size: 23025
File: plot_export_5_960x72.png,  Directory: dir301D0264053C1D31E4C443AA1728EE85,  Size: 25969
File: glass_moonrock_rock_lump.png,  Directory: dir7BFBE7152BD1F709E4A8AB545308CE6B,  Size: 9206
File: TechSpec_FlexHog.htm,  Directory: dirE616E725F39764101A897681B058E202,  Size: 19908
File: swirl_blob_spiral_smudge_blur.png,  Directory: dir7BFBE7152BD1F709E4A8AB545308CE6B,  Size: 9816
File: tiny_polkadots_dots_multi_red_color.png,  Directory: dir7BFBE7152BD1F709E4A8AB545308CE6B,  Size: 6201
File: 0019_magenta2.png,  Directory: dirCF9519B65614710F6BDCEFAB09BAE21D,  Size: 3510
File: auto_update5.png,  Directory: dir301D0264053C1D31E4C443AA1728EE85,  Size: 27982
File: dots_breakup_small.png,  Directory: dir7BFBE7152BD1F709E4A8AB545308CE6B,  Size: 7386
File: twelve_curved_petals_radial.png,  Directory: dir7BFBE7152BD1F709E4A8AB545308CE6B,  Size: 4517
File: SafetyWarnings4.htm,  Directory: dirC813D43350262FBC3346A130A06ED7BF,  Size: 3674
File: NoArtNetFromFixtureNet.htm,  Directory: dir89EA610D4F97992D0567E123129F87FD,  Size: 4865
File: 0003_yellow.png,  Directory: dirCF9519B65614710F6BDCEFAB09BAE21D,  Size: 3507
File: output_window_colours_en_parked5.png,  Directory: dir301D0264053C1D31E4C443AA1728EE85,  Size: 12942
File: Full_V5_FP.png,  Directory: dir301D0264053C1D31E4C443AA1728EE85,  Size: 223913
File: thin_rectangle_vertical_lines_multi.png,  Directory: dir7BFBE7152BD1F709E4A8AB545308CE6B,  Size: 12959
File: UpdatingFirmware.htm,  Directory: dir5DC53C2A105460D0156677FED587ECF6,  Size: 4773
File: tunnel_bars_thick.png,  Directory: dir7BFBE7152BD1F709E4A8AB545308CE6B,  Size: 11548
File: patch_preview_pkg5_960x408.png,  Directory: dir301D0264053C1D31E4C443AA1728EE85,  Size: 80187
File: Bullet1.png,  Directory: dir7E3583D6AFFDB5562E15E0CABD8504D0,  Size: 341
File: plybck_opt_cuelist_reset_release5.png,  Directory: dir301D0264053C1D31E4C443AA1728EE85,  Size: 40754
File: PlotsCreate.htm,  Directory: dir4B06B9CE32721023DA45AA4F5B064B42,  Size: 4140
File: tiny_speckles_dots_small.png,  Directory: dir7BFBE7152BD1F709E4A8AB545308CE6B,  Size: 6505
File: waves_horizontal_small.png,  Directory: dir7BFBE7152BD1F709E4A8AB545308CE6B,  Size: 7399
File: six_ovals_multi_horizontal_vertical.png,  Directory: dir7BFBE7152BD1F709E4A8AB545308CE6B,  Size: 2799
File: transparent.gif,  Directory: dirB18C0EE27D64684ADC5C3CC0891E3399,  Size: 832
File: Glass_color_pinwheel_rotating_red.png,  Directory: dir7BFBE7152BD1F709E4A8AB545308CE6B,  Size: 36286
File: multiple_patch_points.png,  Directory: dir301D0264053C1D31E4C443AA1728EE85,  Size: 10696
File: end.png,  Directory: dir301D0264053C1D31E4C443AA1728EE85,  Size: 511
File: hollow_circle_oval_outline_multi.png,  Directory: dir7BFBE7152BD1F709E4A8AB545308CE6B,  Size: 21682
File: shattered_square_puzzle.png,  Directory: dir7BFBE7152BD1F709E4A8AB545308CE6B,  Size: 3207
File: six_asymmetrical_dots.png,  Directory: dir7BFBE7152BD1F709E4A8AB545308CE6B,  Size: 2728
File: group_master_levels.png,  Directory: dir301D0264053C1D31E4C443AA1728EE85,  Size: 31708
File: dmx_superduperwidget.png,  Directory: dir301D0264053C1D31E4C443AA1728EE85,  Size: 29339
File: sunburst_color_blue_purple_thin_right.png,  Directory: dir7BFBE7152BD1F709E4A8AB545308CE6B,  Size: 34495
File: single_yin_arch_rotating_left_big.png,  Directory: dir7BFBE7152BD1F709E4A8AB545308CE6B,  Size: 3391
File: 0005_wideverticalfrost.png,  Directory: dir6D583EA6C7A4916F30AECA4AC4DB133D,  Size: 4837
File: sun_squiggle_circle_fan.png,  Directory: dir7BFBE7152BD1F709E4A8AB545308CE6B,  Size: 11513
File: shapes_cracks_stripes_broken.png,  Directory: dir7BFBE7152BD1F709E4A8AB545308CE6B,  Size: 13519
File: FB_CSP_1_5_600x246.png,  Directory: dir301D0264053C1D31E4C443AA1728EE85,  Size: 21198
File: twelve_curves_inverted_pinwheel.png,  Directory: dir7BFBE7152BD1F709E4A8AB545308CE6B,  Size: 5590
File: playback_bar_5_960x65.png,  Directory: dir301D0264053C1D31E4C443AA1728EE85,  Size: 10832
File: lines_fire_vertical.png,  Directory: dir7BFBE7152BD1F709E4A8AB545308CE6B,  Size: 17173
File: single_dot_tiny.png,  Directory: dir7BFBE7152BD1F709E4A8AB545308CE6B,  Size: 1437
File: thin_triangles_fan_flower_point.png,  Directory: dir7BFBE7152BD1F709E4A8AB545308CE6B,  Size: 14716
File: 3D_square_diamond_warped_bulge_silver.png,  Directory: dir7BFBE7152BD1F709E4A8AB545308CE6B,  Size: 20408
File: VirtualMaster.htm,  Directory: dirFBF7365A5264634AB5246E4024DA46BB,  Size: 2651
File: tiny_circles_bubbles_color_blue.png,  Directory: dir7BFBE7152BD1F709E4A8AB545308CE6B,  Size: 9161
File: gradient_fan_spin_wave_smudge.png,  Directory: dir7BFBE7152BD1F709E4A8AB545308CE6B,  Size: 9524
File: six_crescent_thin_dot_flower_rose_color_pink.png,  Directory: dir7BFBE7152BD1F709E4A8AB545308CE6B,  Size: 7210
File: touch_ex25.png,  Directory: dir301D0264053C1D31E4C443AA1728EE85,  Size: 18448
File: Saturation.htm,  Directory: dirFBF7365A5264634AB5246E4024DA46BB,  Size: 2447
File: TC_Input.htm,  Directory: dirEB1884289FDB2B8A3A7EA3D2480E5577,  Size: 11647
File: CompoundFixture.htm,  Directory: dirFBF7365A5264634AB5246E4024DA46BB,  Size: 2489
File: guard.png,  Directory: dir301D0264053C1D31E4C443AA1728EE85,  Size: 895
File: swirl_spin_thick_lines.png,  Directory: dir7BFBE7152BD1F709E4A8AB545308CE6B,  Size: 11332
File: Color_Space_RGB.htm,  Directory: dirFBF7365A5264634AB5246E4024DA46BB,  Size: 2634
File: PageCopyMove.htm,  Directory: dir1295D77647C34B08C40F04A047C6B38F,  Size: 3688
File: DelayTime.htm,  Directory: dirFBF7365A5264634AB5246E4024DA46BB,  Size: 2559
File: open.png,  Directory: dir7BFBE7152BD1F709E4A8AB545308CE6B,  Size: 2017
File: ResponsivePrintButton.png,  Directory: dirB18C0EE27D64684ADC5C3CC0891E3399,  Size: 2968
File: ResponsiveBrowseSequenceInactive.png,  Directory: dirB18C0EE27D64684ADC5C3CC0891E3399,  Size: 277
File: FixtureRemoval.htm,  Directory: dirE1F6960898D23EE4594C548D589D98C6,  Size: 3382
File: two_diagonal_dots_small.png,  Directory: dir7BFBE7152BD1F709E4A8AB545308CE6B,  Size: 3789
File: Slideshow.css,  Directory: dirDE1604631C19C70F9C8F30BFD284C63B,  Size: 4649
File: circle_big_horizontal_cut_three_quarter.png,  Directory: dir7BFBE7152BD1F709E4A8AB545308CE6B,  Size: 2257
File: multi_stars_random.png,  Directory: dir7BFBE7152BD1F709E4A8AB545308CE6B,  Size: 5578
File: glass_horizontal_lines_gradient.png,  Directory: dir7BFBE7152BD1F709E4A8AB545308CE6B,  Size: 14250
File: ten_thin_wavey_vertical_lines.png,  Directory: dir7BFBE7152BD1F709E4A8AB545308CE6B,  Size: 10895
File: horizontal_lines_sunset_foliage_trees.png,  Directory: dir7BFBE7152BD1F709E4A8AB545308CE6B,  Size: 8473
File: three_large_dots.png,  Directory: dir7BFBE7152BD1F709E4A8AB545308CE6B,  Size: 1505
File: eight_segmented_wedges_petals_symmetrical.png,  Directory: dir7BFBE7152BD1F709E4A8AB545308CE6B,  Size: 3572
File: ChooseSelectMasters.htm,  Directory: dir3399D43E8E0CB2368BC79B27F701792F,  Size: 3952
File: twelve_dots_horizontal_bars.png,  Directory: dir7BFBE7152BD1F709E4A8AB545308CE6B,  Size: 3303
File: circle_big_horizontal_cut_two_thirds.png,  Directory: dir7BFBE7152BD1F709E4A8AB545308CE6B,  Size: 2108
File: three_triangle_wedges_fan.png,  Directory: dir7BFBE7152BD1F709E4A8AB545308CE6B,  Size: 5475
File: wheel_toolbar_timing5_960x54.png,  Directory: dir301D0264053C1D31E4C443AA1728EE85,  Size: 18986
File: CITP.htm,  Directory: dirFBF7365A5264634AB5246E4024DA46BB,  Size: 2577
File: SceneCopyMove.htm,  Directory: dir070BAB3FED22BFAFF21D603A3F08F6D5,  Size: 3324
File: dot_mesh_grid_symmetrical.png,  Directory: dir7BFBE7152BD1F709E4A8AB545308CE6B,  Size: 2574
File: ConversionCurve.htm,  Directory: dirFBF7365A5264634AB5246E4024DA46BB,  Size: 2766
File: suck4_5.png,  Directory: dir301D0264053C1D31E4C443AA1728EE85,  Size: 52574
File: config_entire_button5_600x706.png,  Directory: dir301D0264053C1D31E4C443AA1728EE85,  Size: 60096
File: SearchPhrase_Chunk7.js,  Directory: dirAAE153D476A857C192561F7A3BFE2D57,  Size: 30000
File: tiny_dots_stars_galaxy_space_color_purple.png,  Directory: dir7BFBE7152BD1F709E4A8AB545308CE6B,  Size: 20510
File: radial_fire_flower_petals.png,  Directory: dir7BFBE7152BD1F709E4A8AB545308CE6B,  Size: 8183
File: ReplacingFaders.htm,  Directory: dir0828A62CDE7C6CE38A06416C531F88C9,  Size: 5339
File: AbstractionLayer.htm,  Directory: dirFBF7365A5264634AB5246E4024DA46BB,  Size: 2662
File: eight_slices_lines_symmetrical_bulge_cross.png,  Directory: dir7BFBE7152BD1F709E4A8AB545308CE6B,  Size: 11131
File: thin_line_swirl_spiral_spin.png,  Directory: dir7BFBE7152BD1F709E4A8AB545308CE6B,  Size: 10692
File: USBFlashDrive_390.htm,  Directory: dir5DC53C2A105460D0156677FED587ECF6,  Size: 4202
File: MountingRackEars.htm,  Directory: dir0828A62CDE7C6CE38A06416C531F88C9,  Size: 3332
File: PageTemplate.htm,  Directory: dir1295D77647C34B08C40F04A047C6B38F,  Size: 5234
File: four_teardrop_paisley_circle_small_color_yellow.png,  Directory: dir7BFBE7152BD1F709E4A8AB545308CE6B,  Size: 5739
File: seven_segmented_rings_symmetrical.png,  Directory: dir7BFBE7152BD1F709E4A8AB545308CE6B,  Size: 9181
File: clock_trigger5.png,  Directory: dir301D0264053C1D31E4C443AA1728EE85,  Size: 53849
File: broken_glass_shattered.png,  Directory: dir7BFBE7152BD1F709E4A8AB545308CE6B,  Size: 31167
File: peppermint_spin_spiral_swirl_color_blue.png,  Directory: dir7BFBE7152BD1F709E4A8AB545308CE6B,  Size: 11660
File: overlapping_triangles_sharp_layer.png,  Directory: dir7BFBE7152BD1F709E4A8AB545308CE6B,  Size: 4410
File: douser_black.png,  Directory: dir7BFBE7152BD1F709E4A8AB545308CE6B,  Size: 746
File: printer.png,  Directory: dirB18C0EE27D64684ADC5C3CC0891E3399,  Size: 2968
File: grouping_toolbar_5.png,  Directory: dir301D0264053C1D31E4C443AA1728EE85,  Size: 13375
File: six_horizontal_cones_wave.png,  Directory: dir7BFBE7152BD1F709E4A8AB545308CE6B,  Size: 7686
File: sun_flames_tribal_squiggles.png,  Directory: dir7BFBE7152BD1F709E4A8AB545308CE6B,  Size: 11019
File: sunburst_curves_circle_radial_asymmetrical.png,  Directory: dir7BFBE7152BD1F709E4A8AB545308CE6B,  Size: 8707
File: index-expanded_1.png,  Directory: dirB18C0EE27D64684ADC5C3CC0891E3399,  Size: 262
File: index_CSH.htm,  Directory: dir90F13DF2359462D0E6501FE5B26659D8,  Size: 2674
File: 0000_open.png,  Directory: dirCF9519B65614710F6BDCEFAB09BAE21D,  Size: 6186
File: SelectionOrder.htm,  Directory: dirFBF7365A5264634AB5246E4024DA46BB,  Size: 2777
File: Serrano_keymapping_960x404.png,  Directory: dir301D0264053C1D31E4C443AA1728EE85,  Size: 82533
File: user_kinds_dir5.png,  Directory: dir301D0264053C1D31E4C443AA1728EE85,  Size: 35225
File: five_overlapping_rectangles_medium.png,  Directory: dir7BFBE7152BD1F709E4A8AB545308CE6B,  Size: 7971
File: wheels_toolbar_chase5_600x93.png,  Directory: dir301D0264053C1D31E4C443AA1728EE85,  Size: 14640
File: fb_basic_diagram_5.png,  Directory: dir301D0264053C1D31E4C443AA1728EE85,  Size: 37709
File: SearchPhrase_Chunk28.js,  Directory: dirAAE153D476A857C192561F7A3BFE2D57,  Size: 30003
File: fx_size.png,  Directory: dir301D0264053C1D31E4C443AA1728EE85,  Size: 7646
File: Spreadsheets.htm,  Directory: dir506C26B368C466EAAF42C3B612DDA6A7,  Size: 10892
File: multi_large_dots_concentric_rings_tunnel.png,  Directory: dir7BFBE7152BD1F709E4A8AB545308CE6B,  Size: 5558
File: TourHog_layout.png,  Directory: dir301D0264053C1D31E4C443AA1728EE85,  Size: 464148
File: three_winged_spiral_thin_lines_spin_swirl.png,  Directory: dir7BFBE7152BD1F709E4A8AB545308CE6B,  Size: 6475
File: effect_timing_en.png,  Directory: dir301D0264053C1D31E4C443AA1728EE85,  Size: 50105
File: multi_noodle_wave_arms_sun_spiral_fan.png,  Directory: dir7BFBE7152BD1F709E4A8AB545308CE6B,  Size: 16141
File: SearchPhrase_Chunk23.js,  Directory: dirAAE153D476A857C192561F7A3BFE2D57,  Size: 29975
File: single_segmented_ring_cone_medium.png,  Directory: dir7BFBE7152BD1F709E4A8AB545308CE6B,  Size: 1665
File: kbrd_stat5.png,  Directory: dir301D0264053C1D31E4C443AA1728EE85,  Size: 8841
File: glass_ripples_color_blue_purple_small.png,  Directory: dir7BFBE7152BD1F709E4A8AB545308CE6B,  Size: 22556
File: multi_dot_cross_sphere.png,  Directory: dir7BFBE7152BD1F709E4A8AB545308CE6B,  Size: 1626
File: multisize_multi_dots.png,  Directory: dir7BFBE7152BD1F709E4A8AB545308CE6B,  Size: 5525
File: vis_wyg_config_5.png,  Directory: dir301D0264053C1D31E4C443AA1728EE85,  Size: 12226
File: OnStage.htm,  Directory: dirFBF7365A5264634AB5246E4024DA46BB,  Size: 2455
File: nine_3D_stars_diamond.png,  Directory: dir7BFBE7152BD1F709E4A8AB545308CE6B,  Size: 4539
File: midi_note_win5.png,  Directory: dir301D0264053C1D31E4C443AA1728EE85,  Size: 33782
File: peppermint_spin_swirl_fan_twist_color_pink.png,  Directory: dir7BFBE7152BD1F709E4A8AB545308CE6B,  Size: 13086
File: fire_fusion_breakup_multicolor_purple_orange.png,  Directory: dir7BFBE7152BD1F709E4A8AB545308CE6B,  Size: 29136
File: CueCuelist.htm,  Directory: dir429E2BE47FEE1102CC112010FC902992,  Size: 2572
File: HelpSystem.js,  Directory: dirAAE153D476A857C192561F7A3BFE2D57,  Size: 2246
File: Legal.htm,  Directory: dirBB870C5ED2605CFCEDE6D58205CFE039,  Size: 2555
File: new-indicator1.png,  Directory: dirB18C0EE27D64684ADC5C3CC0891E3399,  Size: 2890
File: DefaultValue.htm,  Directory: dirFBF7365A5264634AB5246E4024DA46BB,  Size: 2685
File: playback_rog.png,  Directory: dir301D0264053C1D31E4C443AA1728EE85,  Size: 987
File: DMXChannel_ArtNetSourceRevert.htm,  Directory: dir9A97A7B3D386D7011D7BF321F7232B1F,  Size: 3166
File: thick_ring_border_single_circle.png,  Directory: dir7BFBE7152BD1F709E4A8AB545308CE6B,  Size: 2692
File: multi_bars_fan_spin_thin_flower.png,  Directory: dir7BFBE7152BD1F709E4A8AB545308CE6B,  Size: 14744
File: ResponsiveGlossaryActive.png,  Directory: dirB18C0EE27D64684ADC5C3CC0891E3399,  Size: 290
File: 0030_blue2.png,  Directory: dirCF9519B65614710F6BDCEFAB09BAE21D,  Size: 3510
File: three_stretched_square_border_segmented.png,  Directory: dir7BFBE7152BD1F709E4A8AB545308CE6B,  Size: 5534
File: v_CIE_y.htm,  Directory: dirFBF7365A5264634AB5246E4024DA46BB,  Size: 2600
File: New_Icon_Caution.png,  Directory: dirB8908DA68F0FFF4F8C8581F78213BDB8,  Size: 580
File: ten_crescents_asymmetrical.png,  Directory: dir7BFBE7152BD1F709E4A8AB545308CE6B,  Size: 4439
File: random_curves_cobblestones.png,  Directory: dir7BFBE7152BD1F709E4A8AB545308CE6B,  Size: 9751
File: circle_paint_pink_purple.png,  Directory: dir7BFBE7152BD1F709E4A8AB545308CE6B,  Size: 15836
File: five_horizontal_bars_medium.png,  Directory: dir7BFBE7152BD1F709E4A8AB545308CE6B,  Size: 1394
File: multi_lines_vertical_overlapping.png,  Directory: dir7BFBE7152BD1F709E4A8AB545308CE6B,  Size: 17461
File: five_dots_asymmetrical.png,  Directory: dir7BFBE7152BD1F709E4A8AB545308CE6B,  Size: 5068
File: cinema_one_number_grid.png,  Directory: dir7BFBE7152BD1F709E4A8AB545308CE6B,  Size: 6852
File: ovals_tunnel_color_purple_spiral.png,  Directory: dir7BFBE7152BD1F709E4A8AB545308CE6B,  Size: 7011
File: SearchPhrase_Chunk45.js,  Directory: dirAAE153D476A857C192561F7A3BFE2D57,  Size: 29990
File: GettingStarted.htm,  Directory: dir89AEB7EEACCDFBF95C518E72B57C88B7,  Size: 2570
File: glass_foliage_swirl_mix_blend_color.png,  Directory: dir7BFBE7152BD1F709E4A8AB545308CE6B,  Size: 30860
File: glass_broken_cracks_shattered.png,  Directory: dir7BFBE7152BD1F709E4A8AB545308CE6B,  Size: 14682
File: multi_wedges_spikes_breakup.png,  Directory: dir7BFBE7152BD1F709E4A8AB545308CE6B,  Size: 5197
File: fbt_ch10_5.png,  Directory: dir301D0264053C1D31E4C443AA1728EE85,  Size: 11180
File: six_star_asterisk_cracks.png,  Directory: dir7BFBE7152BD1F709E4A8AB545308CE6B,  Size: 7274
File: SearchPhrase_Chunk36.js,  Directory: dirAAE153D476A857C192561F7A3BFE2D57,  Size: 29983
File: overlap_flowers_image_petals.png,  Directory: dir7BFBE7152BD1F709E4A8AB545308CE6B,  Size: 11471
File: eight_circle_fan_symmetrical.png,  Directory: dir7BFBE7152BD1F709E4A8AB545308CE6B,  Size: 4913
File: show_icon.png,  Directory: dir301D0264053C1D31E4C443AA1728EE85,  Size: 1175
File: neon_breakup_broken_glass_splatter_paint_multicolor_magenta_yellow.png,  Directory: dir7BFBE7152BD1F709E4A8AB545308CE6B,  Size: 32620
File: lock5.png,  Directory: dir301D0264053C1D31E4C443AA1728EE85,  Size: 26008
File: zigzag_lightning_single_one_vertical.png,  Directory: dir7BFBE7152BD1F709E4A8AB545308CE6B,  Size: 5250
File: 0027_blue.png,  Directory: dirCF9519B65614710F6BDCEFAB09BAE21D,  Size: 3510
File: single_dot_medium.png,  Directory: dir7BFBE7152BD1F709E4A8AB545308CE6B,  Size: 2016
File: Suck.htm,  Directory: dirFBF7365A5264634AB5246E4024DA46BB,  Size: 2525
File: twelve_squares_fan_symmetrical.png,  Directory: dir7BFBE7152BD1F709E4A8AB545308CE6B,  Size: 14057
File: six_pointed_star_hexagon.png,  Directory: dir7BFBE7152BD1F709E4A8AB545308CE6B,  Size: 3825
File: network_ok.png,  Directory: dir301D0264053C1D31E4C443AA1728EE85,  Size: 1033
File: 0020_purple1.png,  Directory: dirCF9519B65614710F6BDCEFAB09BAE21D,  Size: 3510
File: Switch.htm,  Directory: dirFBF7365A5264634AB5246E4024DA46BB,  Size: 2518
File: solid_arrow_right.png,  Directory: dir7BFBE7152BD1F709E4A8AB545308CE6B,  Size: 2025
File: zigzag_checkered_spiral.png,  Directory: dir7BFBE7152BD1F709E4A8AB545308CE6B,  Size: 9253
File: pointed_horizontal_breakup_medium.png,  Directory: dir7BFBE7152BD1F709E4A8AB545308CE6B,  Size: 14157
File: SafetyWarnings1.htm,  Directory: dirC813D43350262FBC3346A130A06ED7BF,  Size: 3656
File: six_pointed_star_rounded_petals_symmetrical.png,  Directory: dir7BFBE7152BD1F709E4A8AB545308CE6B,  Size: 5708
File: eight_curved_iris_wedges.png,  Directory: dir7BFBE7152BD1F709E4A8AB545308CE6B,  Size: 7304
File: single_ring_cone_medium.png,  Directory: dir7BFBE7152BD1F709E4A8AB545308CE6B,  Size: 3965
File: multi_thin_lines_blur_pink_color.png,  Directory: dir7BFBE7152BD1F709E4A8AB545308CE6B,  Size: 15421
File: three_squiggles_wave_triangle.png,  Directory: dir7BFBE7152BD1F709E4A8AB545308CE6B,  Size: 1951
File: ResponsiveCollapseAllButton.png,  Directory: dirB18C0EE27D64684ADC5C3CC0891E3399,  Size: 303
File: show_pal5.png,  Directory: dir301D0264053C1D31E4C443AA1728EE85,  Size: 2288
File: v_Red.htm,  Directory: dirFBF7365A5264634AB5246E4024DA46BB,  Size: 2564
File: flower_mosaic_breakup_multi_net.png,  Directory: dir7BFBE7152BD1F709E4A8AB545308CE6B,  Size: 11873
File: parked_output_val5_960x366.png,  Directory: dir301D0264053C1D31E4C443AA1728EE85,  Size: 119018
File: cue_list_clock_trig5.png,  Directory: dir301D0264053C1D31E4C443AA1728EE85,  Size: 48251
File: four_segmented_crescents_ring.png,  Directory: dir7BFBE7152BD1F709E4A8AB545308CE6B,  Size: 1476
File: rounded_breakup_large.png,  Directory: dir7BFBE7152BD1F709E4A8AB545308CE6B,  Size: 4954
File: start.png,  Directory: dir301D0264053C1D31E4C443AA1728EE85,  Size: 494
File: overlap_tiny_dots_rainbow_color_multicolor_cyan_magenta_yellow_green.png,  Directory: dir7BFBE7152BD1F709E4A8AB545308CE6B,  Size: 18597
File: six_radial_wheel_ring_cone.png,  Directory: dir7BFBE7152BD1F709E4A8AB545308CE6B,  Size: 7498
File: playback_pov.png,  Directory: dir301D0264053C1D31E4C443AA1728EE85,  Size: 932
File: twelve_dots_circle_border_large.png,  Directory: dir7BFBE7152BD1F709E4A8AB545308CE6B,  Size: 2546
File: vis_wyg_config_7.png,  Directory: dir301D0264053C1D31E4C443AA1728EE85,  Size: 14791
File: DMXAddress.htm,  Directory: dirFBF7365A5264634AB5246E4024DA46BB,  Size: 2598
File: ctrl_pnl_disp_v5_960x610.png,  Directory: dir301D0264053C1D31E4C443AA1728EE85,  Size: 92246
File: sixteen_twinkle_stars_multi.png,  Directory: dir7BFBE7152BD1F709E4A8AB545308CE6B,  Size: 8006
File: DropDownOpen.gif,  Directory: dirDE1604631C19C70F9C8F30BFD284C63B,  Size: 865
File: playback_fader_manual.png,  Directory: dir301D0264053C1D31E4C443AA1728EE85,  Size: 1166
File: circular_clouds_lines_rose_flower_fan_spin.png,  Directory: dir7BFBE7152BD1F709E4A8AB545308CE6B,  Size: 7807
File: multi_four_point_stars.png,  Directory: dir7BFBE7152BD1F709E4A8AB545308CE6B,  Size: 5483
File: six_curved_circles_rotating_medium.png,  Directory: dir7BFBE7152BD1F709E4A8AB545308CE6B,  Size: 5656
File: lava_overlapping_ovals_circles_multicolor_cyan_magenta.png,  Directory: dir7BFBE7152BD1F709E4A8AB545308CE6B,  Size: 19385
File: CommentMacros.htm,  Directory: dir4906AD30EA0612325645F02F4BEB2740,  Size: 48497
File: indicator_chat_unread_38x38.png,  Directory: dir301D0264053C1D31E4C443AA1728EE85,  Size: 1925
File: current_page_en.png,  Directory: dir301D0264053C1D31E4C443AA1728EE85,  Size: 3598
File: ovals_net_breakup_multi_large_dots.png,  Directory: dir7BFBE7152BD1F709E4A8AB545308CE6B,  Size: 13088
File: seventeen_twinkle_stars_multi.png,  Directory: dir7BFBE7152BD1F709E4A8AB545308CE6B,  Size: 5562
File: six_paisley_teardrop_color_blue.png,  Directory: dir7BFBE7152BD1F709E4A8AB545308CE6B,  Size: 7402
File: CueRecording.htm,  Directory: dir429E2BE47FEE1102CC112010FC902992,  Size: 7968
File: glass_horizontal_lines_sunrise_sunset.png,  Directory: dir7BFBE7152BD1F709E4A8AB545308CE6B,  Size: 9534
File: dots_fourdots_dotgrid.png,  Directory: dir7BFBE7152BD1F709E4A8AB545308CE6B,  Size: 1198
File: PaletteInsMerRep.htm,  Directory: dirA1A3397425DE95F5347E70E7B4149798,  Size: 3519
File: four_large_paisley_teardrop_color_pink.png,  Directory: dir7BFBE7152BD1F709E4A8AB545308CE6B,  Size: 6082
File: twelve_triangle_wedges_circle_multi.png,  Directory: dir7BFBE7152BD1F709E4A8AB545308CE6B,  Size: 8787
File: tiny_dots_thin_lines_spin_fan_spiral.png,  Directory: dir7BFBE7152BD1F709E4A8AB545308CE6B,  Size: 11945
File: two_segmented_rings_small.png,  Directory: dir7BFBE7152BD1F709E4A8AB545308CE6B,  Size: 4308
File: 0002_strawyellow.png,  Directory: dirCF9519B65614710F6BDCEFAB09BAE21D,  Size: 3502
File: fix_user_nums5.png,  Directory: dir301D0264053C1D31E4C443AA1728EE85,  Size: 40344
File: plybck_opt_cuelist_chase5_600x424.png,  Directory: dir301D0264053C1D31E4C443AA1728EE85,  Size: 77975
File: bar_single_rectangle_big.png,  Directory: dir7BFBE7152BD1F709E4A8AB545308CE6B,  Size: 2280
File: tiny_layered_spheres.png,  Directory: dir7BFBE7152BD1F709E4A8AB545308CE6B,  Size: 13772
File: SupportReport.htm,  Directory: dir89EA610D4F97992D0567E123129F87FD,  Size: 7526
File: TableEffects.htm,  Directory: dir1B2A2472AB42112053DD12BE1660438C,  Size: 24434
File: merge_2_960x655.png,  Directory: dir301D0264053C1D31E4C443AA1728EE85,  Size: 64555
File: FixtureAggregation.htm,  Directory: dirE1F6960898D23EE4594C548D589D98C6,  Size: 3983
File: recorded_eligible_600x416.png,  Directory: dir301D0264053C1D31E4C443AA1728EE85,  Size: 74954
File: eight_petal_overlay_radial.png,  Directory: dir7BFBE7152BD1F709E4A8AB545308CE6B,  Size: 5351
File: purple_glass_breakup.png,  Directory: dir7BFBE7152BD1F709E4A8AB545308CE6B,  Size: 28324
File: small_triangles_scattered_multi.png,  Directory: dir7BFBE7152BD1F709E4A8AB545308CE6B,  Size: 6816
File: squiggle_fan_purple_pink_multicolor_pink_purple.png,  Directory: dir7BFBE7152BD1F709E4A8AB545308CE6B,  Size: 13751
File: v_Value.htm,  Directory: dirFBF7365A5264634AB5246E4024DA46BB,  Size: 2574
File: pal_global_fix5.png,  Directory: dir301D0264053C1D31E4C443AA1728EE85,  Size: 70549
File: console_setting_midi_timecode5.png,  Directory: dir301D0264053C1D31E4C443AA1728EE85,  Size: 78768
File: thin_multi_rectangular_color_blue_purple_border.png,  Directory: dir7BFBE7152BD1F709E4A8AB545308CE6B,  Size: 12566
File: cloud_large.png,  Directory: dir7BFBE7152BD1F709E4A8AB545308CE6B,  Size: 7381
File: burst_lines_sharp_blast.png,  Directory: dir7BFBE7152BD1F709E4A8AB545308CE6B,  Size: 15156
File: Mobile.css,  Directory: dirDE1604631C19C70F9C8F30BFD284C63B,  Size: 41462
File: 0008_widehorizontalfrost.png,  Directory: dir6D583EA6C7A4916F30AECA4AC4DB133D,  Size: 4490
File: neon_lava_smudge_blend_purple_pink_multicolor.png,  Directory: dir7BFBE7152BD1F709E4A8AB545308CE6B,  Size: 29131
File: firmware_reset_keys_960x390.png,  Directory: dir301D0264053C1D31E4C443AA1728EE85,  Size: 74137
File: eight_legs_spiral_spin_fan.png,  Directory: dir7BFBE7152BD1F709E4A8AB545308CE6B,  Size: 6637
File: multi_eight_point_stars.png,  Directory: dir7BFBE7152BD1F709E4A8AB545308CE6B,  Size: 7960
File: communityActive.png,  Directory: dirB18C0EE27D64684ADC5C3CC0891E3399,  Size: 3016
File: multi_dots_sun_ring.png,  Directory: dir7BFBE7152BD1F709E4A8AB545308CE6B,  Size: 8358
File: thirteen_asymmetrical_dots_curved.png,  Directory: dir7BFBE7152BD1F709E4A8AB545308CE6B,  Size: 7520
File: TechSpec_H418.htm,  Directory: dirE616E725F39764101A897681B058E202,  Size: 11085
File: vis_wyg_config_2.png,  Directory: dir301D0264053C1D31E4C443AA1728EE85,  Size: 26466
File: oval_overlap_layer_flower_color_pink_thin_petal.png,  Directory: dir7BFBE7152BD1F709E4A8AB545308CE6B,  Size: 4940
File: circle_gun_scope_bars.png,  Directory: dir7BFBE7152BD1F709E4A8AB545308CE6B,  Size: 3307
File: dots_breakup_medium.png,  Directory: dir7BFBE7152BD1F709E4A8AB545308CE6B,  Size: 5156
File: cracks_thin_broken_zigzag_circle.png,  Directory: dir7BFBE7152BD1F709E4A8AB545308CE6B,  Size: 17860
File: two_thick_crescents_fan.png,  Directory: dir7BFBE7152BD1F709E4A8AB545308CE6B,  Size: 5408
File: 0007_nineface.png,  Directory: dir0D973686163D66EE8454B4DA57145C33,  Size: 9875
File: HelpManualLogo_600x419.png,  Directory: dir301D0264053C1D31E4C443AA1728EE85,  Size: 62265
File: magenta_purple_hole_ring.png,  Directory: dir7BFBE7152BD1F709E4A8AB545308CE6B,  Size: 2256
File: browseActive_1.png,  Directory: dirB18C0EE27D64684ADC5C3CC0891E3399,  Size: 2962
File: console_setting_midi_config5_600x383.png,  Directory: dir301D0264053C1D31E4C443AA1728EE85,  Size: 44913
File: SearchPhrase_Chunk29.js,  Directory: dirAAE153D476A857C192561F7A3BFE2D57,  Size: 30000
File: eight_horizontal_wave_stripes.png,  Directory: dir7BFBE7152BD1F709E4A8AB545308CE6B,  Size: 9142
File: broken_glass_multicolor_shattered_blue_green.png,  Directory: dir7BFBE7152BD1F709E4A8AB545308CE6B,  Size: 31882
File: overlapping_pink_sphere_bubbles_multi.png,  Directory: dir7BFBE7152BD1F709E4A8AB545308CE6B,  Size: 21220
File: small_blob_dots_clouds_multi.png,  Directory: dir7BFBE7152BD1F709E4A8AB545308CE6B,  Size: 4451
File: web_breakup_thin.png,  Directory: dir7BFBE7152BD1F709E4A8AB545308CE6B,  Size: 13483
File: SearchTopic_Chunk4.js,  Directory: dirAAE153D476A857C192561F7A3BFE2D57,  Size: 29908
File: damped.png,  Directory: dir301D0264053C1D31E4C443AA1728EE85,  Size: 1056
File: 0035_pacificgreen.png,  Directory: dirCF9519B65614710F6BDCEFAB09BAE21D,  Size: 3682
File: fade_mark_active5.png,  Directory: dir301D0264053C1D31E4C443AA1728EE85,  Size: 44247
File: five_half_medium_spikes.png,  Directory: dir7BFBE7152BD1F709E4A8AB545308CE6B,  Size: 4241
File: offcenter_dot_asymmetrical_one_large.png,  Directory: dir7BFBE7152BD1F709E4A8AB545308CE6B,  Size: 1915
File: winctrl_max.png,  Directory: dir301D0264053C1D31E4C443AA1728EE85,  Size: 1258
File: FixedKind.htm,  Directory: dirFBF7365A5264634AB5246E4024DA46BB,  Size: 2695
File: zigzag_abstract_seven_circle.png,  Directory: dir7BFBE7152BD1F709E4A8AB545308CE6B,  Size: 6925
File: symmetrical_kaleidoscope_shapes_triangle_square_circle.png,  Directory: dir7BFBE7152BD1F709E4A8AB545308CE6B,  Size: 9671
File: plybck_opt_cuelist_tcode_src5.png,  Directory: dir301D0264053C1D31E4C443AA1728EE85,  Size: 19450
File: four_section_border_circle.png,  Directory: dir7BFBE7152BD1F709E4A8AB545308CE6B,  Size: 3377
File: shattered_glass_pointed_gradiant_breakup.png,  Directory: dir7BFBE7152BD1F709E4A8AB545308CE6B,  Size: 9733
File: RatingStars.png,  Directory: dirB18C0EE27D64684ADC5C3CC0891E3399,  Size: 659
File: index.js,  Directory: dir90F13DF2359462D0E6501FE5B26659D8,  Size: 200925
File: multi_wedges_breakup.png,  Directory: dir7BFBE7152BD1F709E4A8AB545308CE6B,  Size: 4300
File: pointed_breakup_medium.png,  Directory: dir7BFBE7152BD1F709E4A8AB545308CE6B,  Size: 7318
File: warped_circle_tunnel_fade.png,  Directory: dir7BFBE7152BD1F709E4A8AB545308CE6B,  Size: 11702
File: plot_add_fixture_5.png,  Directory: dir301D0264053C1D31E4C443AA1728EE85,  Size: 7902
File: FixBuild_Tutorial_Uno.htm,  Directory: dir4DDC1C874BC664E97A383AFD2CB09114,  Size: 16411
File: dots_tri_three_horizontal.png,  Directory: dir7BFBE7152BD1F709E4A8AB545308CE6B,  Size: 1097
File: cloud_breakup_medium.png,  Directory: dir7BFBE7152BD1F709E4A8AB545308CE6B,  Size: 6903
File: six_fan_petals_circle_flower.png,  Directory: dir7BFBE7152BD1F709E4A8AB545308CE6B,  Size: 6728
File: tiny_dots_color_blue_droplets.png,  Directory: dir7BFBE7152BD1F709E4A8AB545308CE6B,  Size: 28416
File: playback_bar_w_template_5_960x65.png,  Directory: dir301D0264053C1D31E4C443AA1728EE85,  Size: 10670
File: eleven_dots_radial_starburst_sun_symmetrical.png,  Directory: dir7BFBE7152BD1F709E4A8AB545308CE6B,  Size: 8461
File: Glossary.js,  Directory: dirAAE153D476A857C192561F7A3BFE2D57,  Size: 3107
File: cuelist5.png,  Directory: dir301D0264053C1D31E4C443AA1728EE85,  Size: 40435
File: five_rings_tiny_dots.png,  Directory: dir7BFBE7152BD1F709E4A8AB545308CE6B,  Size: 10437
File: Parameter.htm,  Directory: dirFBF7365A5264634AB5246E4024DA46BB,  Size: 2607
File: shape_tool_5.png,  Directory: dir301D0264053C1D31E4C443AA1728EE85,  Size: 12530
File: lines_hatch_grid_random.png,  Directory: dir7BFBE7152BD1F709E4A8AB545308CE6B,  Size: 7458
File: SearchPhrase_Chunk17.js,  Directory: dirAAE153D476A857C192561F7A3BFE2D57,  Size: 29910
File: TC.htm,  Directory: dirEB1884289FDB2B8A3A7EA3D2480E5577,  Size: 2556
File: 0004_narrowverticalfrost.png,  Directory: dir6D583EA6C7A4916F30AECA4AC4DB133D,  Size: 4100
File: radiation_three_wedge.png,  Directory: dir7BFBE7152BD1F709E4A8AB545308CE6B,  Size: 1908
File: new-indicator.png,  Directory: dirB18C0EE27D64684ADC5C3CC0891E3399,  Size: 272
File: slot_toolbar_path.png,  Directory: dir301D0264053C1D31E4C443AA1728EE85,  Size: 2825
File: hands_ten_3D_globe_multi_puzzle.png,  Directory: dir7BFBE7152BD1F709E4A8AB545308CE6B,  Size: 11376
File: multi_geometric_breakup_medium.png,  Directory: dir7BFBE7152BD1F709E4A8AB545308CE6B,  Size: 7155
File: winctrl_copy.png,  Directory: dir301D0264053C1D31E4C443AA1728EE85,  Size: 1447
File: three_spiral_peppermint_color_blue_purple.png,  Directory: dir7BFBE7152BD1F709E4A8AB545308CE6B,  Size: 23919
File: Web.css,  Directory: dirDE1604631C19C70F9C8F30BFD284C63B,  Size: 1330
File: TechSpec_RH4_21.htm,  Directory: dirE616E725F39764101A897681B058E202,  Size: 9292
File: tiny_rocks_pebbles_rings_cracks.png,  Directory: dir7BFBE7152BD1F709E4A8AB545308CE6B,  Size: 11127
File: vertical_glass_bark_lines.png,  Directory: dir7BFBE7152BD1F709E4A8AB545308CE6B,  Size: 20143
File: twelve_small_circles_border_color_purple.png,  Directory: dir7BFBE7152BD1F709E4A8AB545308CE6B,  Size: 6936
File: hog_start_5_600x245.png,  Directory: dir301D0264053C1D31E4C443AA1728EE85,  Size: 31650
File: three_ring_galaxy_planet_color_diagonal.png,  Directory: dir7BFBE7152BD1F709E4A8AB545308CE6B,  Size: 19790
File: tiny_checkered_red_tunnel_color.png,  Directory: dir7BFBE7152BD1F709E4A8AB545308CE6B,  Size: 28516
File: thin_curved_rings_wave_color.png,  Directory: dir7BFBE7152BD1F709E4A8AB545308CE6B,  Size: 22810
File: multi_rounded_square_breakup.png,  Directory: dir7BFBE7152BD1F709E4A8AB545308CE6B,  Size: 1478
File: fixture_tool_5.png,  Directory: dir301D0264053C1D31E4C443AA1728EE85,  Size: 12787
File: cfx_add_2_5_960x536.png,  Directory: dir301D0264053C1D31E4C443AA1728EE85,  Size: 57419
File: SceneContents.htm,  Directory: dir070BAB3FED22BFAFF21D603A3F08F6D5,  Size: 3562
File: FB_CSP_Protocol.png,  Directory: dir301D0264053C1D31E4C443AA1728EE85,  Size: 133899
File: GigHog.htm,  Directory: dir4BE944CC52319BEEBBE027DB9BA856E7,  Size: 8482
File: 0057.png,  Directory: dirCF9519B65614710F6BDCEFAB09BAE21D,  Size: 2619
File: View.htm,  Directory: dirFBF7365A5264634AB5246E4024DA46BB,  Size: 2465
File: 0005_orange.png,  Directory: dirCF9519B65614710F6BDCEFAB09BAE21D,  Size: 3507
File: small_squares_multi_sizes.png,  Directory: dir7BFBE7152BD1F709E4A8AB545308CE6B,  Size: 6897
File: ss_w_agg5.png,  Directory: dir301D0264053C1D31E4C443AA1728EE85,  Size: 60215
File: three_circles_tribal_rotating_right.png,  Directory: dir7BFBE7152BD1F709E4A8AB545308CE6B,  Size: 5133
File: Fanning.htm,  Directory: dir104759975766716C7047FC16D523E7B8,  Size: 24352
File: eleven_stars_galaxy_space.png,  Directory: dir7BFBE7152BD1F709E4A8AB545308CE6B,  Size: 4910
File: small_round_pieces_warped_curved_multi.png,  Directory: dir7BFBE7152BD1F709E4A8AB545308CE6B,  Size: 9420
File: multi_dots_small.png,  Directory: dir7BFBE7152BD1F709E4A8AB545308CE6B,  Size: 6088
File: SearchPhrase_Chunk5.js,  Directory: dirAAE153D476A857C192561F7A3BFE2D57,  Size: 29988
File: four_radial_cobblestone_rings.png,  Directory: dir7BFBE7152BD1F709E4A8AB545308CE6B,  Size: 12327
File: five_inverted_fan_wedge_cones.png,  Directory: dir7BFBE7152BD1F709E4A8AB545308CE6B,  Size: 6732
File: 0004_sixface.png,  Directory: dir0D973686163D66EE8454B4DA57145C33,  Size: 9952
File: FB_CSP_3_5_600x531.png,  Directory: dir301D0264053C1D31E4C443AA1728EE85,  Size: 29527
File: groupings_repeat.png,  Directory: dir301D0264053C1D31E4C443AA1728EE85,  Size: 3271
File: ConsoleSetup.htm,  Directory: dir4BE944CC52319BEEBBE027DB9BA856E7,  Size: 40544
File: 0001_closed.png,  Directory: dirB6A48B5F0A2C9D42D5F3D11AD610CF6A,  Size: 9874
File: index-expanded.png,  Directory: dirB18C0EE27D64684ADC5C3CC0891E3399,  Size: 200
File: HogNet_NetworkAdapter_960x649.png,  Directory: dir301D0264053C1D31E4C443AA1728EE85,  Size: 127180
File: ResponsiveSearchFilterActive.png,  Directory: dirB18C0EE27D64684ADC5C3CC0891E3399,  Size: 458
File: paint_diagonal_lines_thick.png,  Directory: dir7BFBE7152BD1F709E4A8AB545308CE6B,  Size: 18214
File: vis_wyg_config_6.png,  Directory: dir301D0264053C1D31E4C443AA1728EE85,  Size: 14595
File: square_stretched_curved.png,  Directory: dir7BFBE7152BD1F709E4A8AB545308CE6B,  Size: 2216
File: Color_Space_HSV.htm,  Directory: dirFBF7365A5264634AB5246E4024DA46BB,  Size: 2852
File: checkered_zigzag_tunnel.png,  Directory: dir7BFBE7152BD1F709E4A8AB545308CE6B,  Size: 12034
File: Playback.htm,  Directory: dir3399D43E8E0CB2368BC79B27F701792F,  Size: 2556
File: random_shattered_wedges.png,  Directory: dir7BFBE7152BD1F709E4A8AB545308CE6B,  Size: 12738
File: sun_tribal_squiggle_circle.png,  Directory: dir7BFBE7152BD1F709E4A8AB545308CE6B,  Size: 7059
File: OldShow.htm,  Directory: dir59111B18C3A85535B8DD93AED5C7CB42,  Size: 3270
File: biohazard_big_segmented_circles.png,  Directory: dir7BFBE7152BD1F709E4A8AB545308CE6B,  Size: 3765
File: plugins.min.js,  Directory: dir61588760BB0E426A2E1C40CAD4CA6677,  Size: 10689
File: eight_symmetrical_ovals_wheel.png,  Directory: dir7BFBE7152BD1F709E4A8AB545308CE6B,  Size: 10576
File: SearchPhrase_Chunk32.js,  Directory: dirAAE153D476A857C192561F7A3BFE2D57,  Size: 29960
File: 0060.png,  Directory: dirCF9519B65614710F6BDCEFAB09BAE21D,  Size: 10769
File: tiny_dots_circle_pattern_multi.png,  Directory: dir7BFBE7152BD1F709E4A8AB545308CE6B,  Size: 24666
File: six_radial_fan_wedge.png,  Directory: dir7BFBE7152BD1F709E4A8AB545308CE6B,  Size: 5384
File: sphere_basketweave_grid.png,  Directory: dir7BFBE7152BD1F709E4A8AB545308CE6B,  Size: 16085
File: UndoRedo.htm,  Directory: dir506C26B368C466EAAF42C3B612DDA6A7,  Size: 3869
File: tiny_triangle_border_multi_color_purple.png,  Directory: dir7BFBE7152BD1F709E4A8AB545308CE6B,  Size: 8862
File: multi_ring_target_color_multicolor_blue_red_green_yellow_purple_teal.png,  Directory: dir7BFBE7152BD1F709E4A8AB545308CE6B,  Size: 30119
File: ShowOptimize.htm,  Directory: dir59111B18C3A85535B8DD93AED5C7CB42,  Size: 3413
File: wheelset_toolbar5_960x98.png,  Directory: dir301D0264053C1D31E4C443AA1728EE85,  Size: 42945
File: add_proc5.png,  Directory: dir301D0264053C1D31E4C443AA1728EE85,  Size: 13189
File: twelve_pointed_sun_big.png,  Directory: dir7BFBE7152BD1F709E4A8AB545308CE6B,  Size: 3205
File: multicolor_bars_thin_random_red_blue_green_yellow_purple.png,  Directory: dir7BFBE7152BD1F709E4A8AB545308CE6B,  Size: 21906
File: cross_symmetrical_wedges_divide_four.png,  Directory: dir7BFBE7152BD1F709E4A8AB545308CE6B,  Size: 965
File: media5_960x559.png,  Directory: dir301D0264053C1D31E4C443AA1728EE85,  Size: 99182
File: Topic.css,  Directory: dirDE1604631C19C70F9C8F30BFD284C63B,  Size: 12000
File: StageHog_layout.png,  Directory: dir301D0264053C1D31E4C443AA1728EE85,  Size: 369458
File: circle_star_multi_pointed_spikes.png,  Directory: dir7BFBE7152BD1F709E4A8AB545308CE6B,  Size: 7011
File: spider_mask_teardrop_layer_outline.png,  Directory: dir7BFBE7152BD1F709E4A8AB545308CE6B,  Size: 7261
File: nine_small_dots_border_circle.png,  Directory: dir7BFBE7152BD1F709E4A8AB545308CE6B,  Size: 6505
File: three_arm_fan_spin.png,  Directory: dir7BFBE7152BD1F709E4A8AB545308CE6B,  Size: 5605
File: eight_dots_breakup_big.png,  Directory: dir7BFBE7152BD1F709E4A8AB545308CE6B,  Size: 2998
File: New_Icon_Warning_Electric_Shock_whitefill.png,  Directory: dirB8908DA68F0FFF4F8C8581F78213BDB8,  Size: 1079
File: five_triangle_wedge_spiral_fan.png,  Directory: dir7BFBE7152BD1F709E4A8AB545308CE6B,  Size: 6953
File: twelve_petals_radial_symmetrical.png,  Directory: dir7BFBE7152BD1F709E4A8AB545308CE6B,  Size: 10441
File: task_running.png,  Directory: dir301D0264053C1D31E4C443AA1728EE85,  Size: 1061
File: pixelmap_tool_5.png,  Directory: dir301D0264053C1D31E4C443AA1728EE85,  Size: 13417
File: Wheelsets.htm,  Directory: dirCB638DC6BA628F7AD1A44426E433B19A,  Size: 5811
File: horizontal_wave_lines_multi.png,  Directory: dir7BFBE7152BD1F709E4A8AB545308CE6B,  Size: 6558
File: SearchPhrase_Chunk34.js,  Directory: dirAAE153D476A857C192561F7A3BFE2D57,  Size: 29982
File: four_rings_biohazard_symbol.png,  Directory: dir7BFBE7152BD1F709E4A8AB545308CE6B,  Size: 7344
File: firmware_5.png,  Directory: dir301D0264053C1D31E4C443AA1728EE85,  Size: 44074
File: eights_bars_lines_ovals_fan_flower.png,  Directory: dir7BFBE7152BD1F709E4A8AB545308CE6B,  Size: 5378
File: glass_white_dot.png,  Directory: dir7BFBE7152BD1F709E4A8AB545308CE6B,  Size: 15130
File: thin_ovals_fan_flower_multi_spin.png,  Directory: dir7BFBE7152BD1F709E4A8AB545308CE6B,  Size: 2265
File: Hog_HTML5.css,  Directory: dirF896BC2B2DB66ADAFF21F89DE7A4DDB5,  Size: 15504
File: Index.js,  Directory: dirAAE153D476A857C192561F7A3BFE2D57,  Size: 72
File: five_layer_horizontal_bars_pyramid.png,  Directory: dir7BFBE7152BD1F709E4A8AB545308CE6B,  Size: 1225
File: HPC_4.png,  Directory: dir301D0264053C1D31E4C443AA1728EE85,  Size: 31372
File: StarrEmpty.png,  Directory: dirB18C0EE27D64684ADC5C3CC0891E3399,  Size: 406
File: fade_mark_start5.png,  Directory: dir301D0264053C1D31E4C443AA1728EE85,  Size: 44030
File: fb_mid6_5.png,  Directory: dir301D0264053C1D31E4C443AA1728EE85,  Size: 33301
File: CopyMovePalettes.htm,  Directory: dirA1A3397425DE95F5347E70E7B4149798,  Size: 4763
File: eight_jagged_rotating_pinwheel.png,  Directory: dir7BFBE7152BD1F709E4A8AB545308CE6B,  Size: 6416
File: single_plus_cross.png,  Directory: dir7BFBE7152BD1F709E4A8AB545308CE6B,  Size: 1780
File: single_horizontal_bar_medium.png,  Directory: dir7BFBE7152BD1F709E4A8AB545308CE6B,  Size: 1328
File: glass_tiny_dots_maze.png,  Directory: dir7BFBE7152BD1F709E4A8AB545308CE6B,  Size: 13473
File: vis_wyg_config_1.png,  Directory: dir301D0264053C1D31E4C443AA1728EE85,  Size: 20544
File: wheels_toolbar5_960x37.png,  Directory: dir301D0264053C1D31E4C443AA1728EE85,  Size: 12313
File: UDP.htm,  Directory: dirFBF7365A5264634AB5246E4024DA46BB,  Size: 2747
File: fb_mid14_5.png,  Directory: dir301D0264053C1D31E4C443AA1728EE85,  Size: 49229
File: two_tribal_circle.png,  Directory: dir7BFBE7152BD1F709E4A8AB545308CE6B,  Size: 3048
File: sixteen_squares_grid.png,  Directory: dir7BFBE7152BD1F709E4A8AB545308CE6B,  Size: 4133
File: arrow-up.png,  Directory: dirB18C0EE27D64684ADC5C3CC0891E3399,  Size: 180
File: five_rings_multi_dot_symmetrical.png,  Directory: dir7BFBE7152BD1F709E4A8AB545308CE6B,  Size: 5558
File: spiral_spin_twist.png,  Directory: dir7BFBE7152BD1F709E4A8AB545308CE6B,  Size: 9035
File: segmented_triangle_curved.png,  Directory: dir7BFBE7152BD1F709E4A8AB545308CE6B,  Size: 2841
File: loading-32px.gif,  Directory: dirB18C0EE27D64684ADC5C3CC0891E3399,  Size: 1593
File: PlotsIntro.htm,  Directory: dir4B06B9CE32721023DA45AA4F5B064B42,  Size: 3983
File: interlocking_rings_big.png,  Directory: dir7BFBE7152BD1F709E4A8AB545308CE6B,  Size: 11734
File: squiggle_thin_overlapping.png,  Directory: dir7BFBE7152BD1F709E4A8AB545308CE6B,  Size: 10817
File: breakup_leaves_foliage.png,  Directory: dir7BFBE7152BD1F709E4A8AB545308CE6B,  Size: 16056
File: 16b_add5_960x340.png,  Directory: dir301D0264053C1D31E4C443AA1728EE85,  Size: 34781
File: eight_segmented_radial_wheel.png,  Directory: dir7BFBE7152BD1F709E4A8AB545308CE6B,  Size: 2923
File: multi_crescent_wedges_rose_dot.png,  Directory: dir7BFBE7152BD1F709E4A8AB545308CE6B,  Size: 3911
File: pgm_full_600x516.png,  Directory: dir301D0264053C1D31E4C443AA1728EE85,  Size: 93302
File: curved_square_stretched_outline_four_wedges.png,  Directory: dir7BFBE7152BD1F709E4A8AB545308CE6B,  Size: 3251
File: proc_home5.png,  Directory: dir301D0264053C1D31E4C443AA1728EE85,  Size: 23849
File: multi_dots_medium_breakup.png,  Directory: dir7BFBE7152BD1F709E4A8AB545308CE6B,  Size: 3716
File: two_fat_bars_symmetrical.png,  Directory: dir7BFBE7152BD1F709E4A8AB545308CE6B,  Size: 2909
File: wedges_square_fan_spin_color_blue_purple.png,  Directory: dir7BFBE7152BD1F709E4A8AB545308CE6B,  Size: 5955
File: explosion_circle_fan_paint.png,  Directory: dir7BFBE7152BD1F709E4A8AB545308CE6B,  Size: 20550
File: visualizer_setup_no_ip.png,  Directory: dir301D0264053C1D31E4C443AA1728EE85,  Size: 43987
File: replicated_fixture.png,  Directory: dir301D0264053C1D31E4C443AA1728EE85,  Size: 12543
File: SearchPhrase_Chunk19.js,  Directory: dirAAE153D476A857C192561F7A3BFE2D57,  Size: 30005
File: magnifying_glass.png,  Directory: dirB18C0EE27D64684ADC5C3CC0891E3399,  Size: 3047
File: AddingFixture.htm,  Directory: dirE1F6960898D23EE4594C548D589D98C6,  Size: 5297
File: NoDMXOutput_Builtin.htm,  Directory: dir89EA610D4F97992D0567E123129F87FD,  Size: 6011
File: small_dot_grid_symmetrical.png,  Directory: dir7BFBE7152BD1F709E4A8AB545308CE6B,  Size: 4630
File: console_setting_midi_timecode5_600x417.png,  Directory: dir301D0264053C1D31E4C443AA1728EE85,  Size: 55727
File: output_window_colours_en_teal5.png,  Directory: dir301D0264053C1D31E4C443AA1728EE85,  Size: 12945
File: 0012_conefrost.png,  Directory: dir6D583EA6C7A4916F30AECA4AC4DB133D,  Size: 6496
File: DownloadInstallFixLib.htm,  Directory: dir7DA94037655E84DCD759135C96771333,  Size: 5278
File: tiny_triangles_curved_multi.png,  Directory: dir7BFBE7152BD1F709E4A8AB545308CE6B,  Size: 10203
File: thin_lines_wedge_curve_sun_spin_stripes_circle.png,  Directory: dir7BFBE7152BD1F709E4A8AB545308CE6B,  Size: 20906
File: parked_output_src5_960x366.png,  Directory: dir301D0264053C1D31E4C443AA1728EE85,  Size: 106563
File: ten_dots_border_circles_multi.png,  Directory: dir7BFBE7152BD1F709E4A8AB545308CE6B,  Size: 6935
File: tribal_lines_grid_hatch.png,  Directory: dir7BFBE7152BD1F709E4A8AB545308CE6B,  Size: 5087
File: one_horizontal_bar_line_thick.png,  Directory: dir7BFBE7152BD1F709E4A8AB545308CE6B,  Size: 848
File: using_live_touch_w_mask_2_en_5.png,  Directory: dir301D0264053C1D31E4C443AA1728EE85,  Size: 55095
File: fire_flames_vertical_small.png,  Directory: dir7BFBE7152BD1F709E4A8AB545308CE6B,  Size: 7872
File: SearchPhrase_Chunk3.js,  Directory: dirAAE153D476A857C192561F7A3BFE2D57,  Size: 29986
File: pig_key5.png,  Directory: dir301D0264053C1D31E4C443AA1728EE85,  Size: 15264
File: multi_pointed_bars_color_pink.png,  Directory: dir7BFBE7152BD1F709E4A8AB545308CE6B,  Size: 12007
File: SearchPhrase_Chunk21.js,  Directory: dirAAE153D476A857C192561F7A3BFE2D57,  Size: 29981
File: 0018_magenta1.png,  Directory: dirCF9519B65614710F6BDCEFAB09BAE21D,  Size: 3510
File: TextEffects.css,  Directory: dirDE1604631C19C70F9C8F30BFD284C63B,  Size: 36219
File: lines_sphere_thin_color_round.png,  Directory: dir7BFBE7152BD1F709E4A8AB545308CE6B,  Size: 32533
File: spd_scaling5.png,  Directory: dir301D0264053C1D31E4C443AA1728EE85,  Size: 246975
File: show_item_tool_5.png,  Directory: dir301D0264053C1D31E4C443AA1728EE85,  Size: 12545
File: single_dot_big.png,  Directory: dir7BFBE7152BD1F709E4A8AB545308CE6B,  Size: 2535
File: ImportExportCueList.htm,  Directory: dir59111B18C3A85535B8DD93AED5C7CB42,  Size: 14666
File: AutoCreate.htm,  Directory: dirE1F6960898D23EE4594C548D589D98C6,  Size: 6016
File: six_circle_wedge.png,  Directory: dir7BFBE7152BD1F709E4A8AB545308CE6B,  Size: 4493
File: small_dots_multi.png,  Directory: dir7BFBE7152BD1F709E4A8AB545308CE6B,  Size: 2484
File: mp_cust5.png,  Directory: dir301D0264053C1D31E4C443AA1728EE85,  Size: 48451
File: OSCConfigIN.htm,  Directory: dir5129A05B3C5DF7E91A6148CBEC3A96C7,  Size: 3549
File: vertical_lines_rectangle_geometric.png,  Directory: dir7BFBE7152BD1F709E4A8AB545308CE6B,  Size: 7131
File: 0002_mediumfrost.png,  Directory: dir6D583EA6C7A4916F30AECA4AC4DB133D,  Size: 5670
File: glass_checkerboard_color_blue_purple_small.png,  Directory: dir7BFBE7152BD1F709E4A8AB545308CE6B,  Size: 26713
File: three_bar_fan_medium.png,  Directory: dir7BFBE7152BD1F709E4A8AB545308CE6B,  Size: 1967
File: ShowChange.htm,  Directory: dir59111B18C3A85535B8DD93AED5C7CB42,  Size: 2904
File: single_six_segmented_triangle_cone.png,  Directory: dir7BFBE7152BD1F709E4A8AB545308CE6B,  Size: 4667
File: multi_dots_medium.png,  Directory: dir7BFBE7152BD1F709E4A8AB545308CE6B,  Size: 8902
File: swirl_triangle_blur_shapes.png,  Directory: dir7BFBE7152BD1F709E4A8AB545308CE6B,  Size: 22857
File: glass_fishscales.png,  Directory: dir7BFBE7152BD1F709E4A8AB545308CE6B,  Size: 26818
File: multi_cloud_puffy_small.png,  Directory: dir7BFBE7152BD1F709E4A8AB545308CE6B,  Size: 10694
File: eight_squiggle_rotating.png,  Directory: dir7BFBE7152BD1F709E4A8AB545308CE6B,  Size: 2926
File: LTP.htm,  Directory: dirFBF7365A5264634AB5246E4024DA46BB,  Size: 2645
File: zigzag_ring_breakup.png,  Directory: dir7BFBE7152BD1F709E4A8AB545308CE6B,  Size: 11342
File: sixteen_rectangles_rows_lines_grid.png,  Directory: dir7BFBE7152BD1F709E4A8AB545308CE6B,  Size: 3825
File: vert_wing_win5.png,  Directory: dir301D0264053C1D31E4C443AA1728EE85,  Size: 93952
File: eight_asymmetrical_curved_pinwheel.png,  Directory: dir7BFBE7152BD1F709E4A8AB545308CE6B,  Size: 1468
File: 0049.PNG,  Directory: dirCF9519B65614710F6BDCEFAB09BAE21D,  Size: 3604
File: plot_num_show_5.png,  Directory: dir301D0264053C1D31E4C443AA1728EE85,  Size: 5656
File: multi_bar_thin_border_green_multicolor.png,  Directory: dir7BFBE7152BD1F709E4A8AB545308CE6B,  Size: 15121
File: fx_offset.png,  Directory: dir301D0264053C1D31E4C443AA1728EE85,  Size: 7158
File: ten_circles_ring_pink.png,  Directory: dir7BFBE7152BD1F709E4A8AB545308CE6B,  Size: 7021
File: FB_CSP_4_5.png,  Directory: dir301D0264053C1D31E4C443AA1728EE85,  Size: 18166
File: thirteen_dots_ring_symmetrical.png,  Directory: dir7BFBE7152BD1F709E4A8AB545308CE6B,  Size: 2522
File: triangle_thin.png,  Directory: dir7BFBE7152BD1F709E4A8AB545308CE6B,  Size: 4840
File: cuelist_window_cue_running_5.png,  Directory: dir301D0264053C1D31E4C443AA1728EE85,  Size: 15269
File: seven_circles_six_diamonds_symmetrical.png,  Directory: dir7BFBE7152BD1F709E4A8AB545308CE6B,  Size: 5072
File: v_Green.htm,  Directory: dirFBF7365A5264634AB5246E4024DA46BB,  Size: 2574
File: clr_dir5_sheet_600x409.png,  Directory: dir301D0264053C1D31E4C443AA1728EE85,  Size: 98920
File: book-open.png,  Directory: dirB18C0EE27D64684ADC5C3CC0891E3399,  Size: 544
File: startup_macro5.png,  Directory: dir301D0264053C1D31E4C443AA1728EE85,  Size: 154810
File: technowedge_red_spin.png,  Directory: dir7BFBE7152BD1F709E4A8AB545308CE6B,  Size: 6501
File: firmware_reset_keys.png,  Directory: dir301D0264053C1D31E4C443AA1728EE85,  Size: 149929
File: Parking.htm,  Directory: dirF9235F3A8134F8266E4FFC7F7A31716E,  Size: 7000
File: grp_repeat_5.png,  Directory: dir301D0264053C1D31E4C443AA1728EE85,  Size: 27494
File: highlow.htm,  Directory: dirF9235F3A8134F8266E4FFC7F7A31716E,  Size: 7431
File: recorded.png,  Directory: dir301D0264053C1D31E4C443AA1728EE85,  Size: 53058
File: UsingGroups.htm,  Directory: dir2B73C4AF7D97B518FD415ECB6940F18F,  Size: 3731
File: SearchPhrase_Chunk50.js,  Directory: dirAAE153D476A857C192561F7A3BFE2D57,  Size: 29991
File: single_four_point_thin_star.png,  Directory: dir7BFBE7152BD1F709E4A8AB545308CE6B,  Size: 3021
File: playback_dashboard_menu.png,  Directory: dir301D0264053C1D31E4C443AA1728EE85,  Size: 54684
File: SearchTopic_Chunk2.js,  Directory: dirAAE153D476A857C192561F7A3BFE2D57,  Size: 29848
File: dots_sizes_five.png,  Directory: dir7BFBE7152BD1F709E4A8AB545308CE6B,  Size: 1865
File: multicolor_overlapping_bars_pastel_cyan_magenta.png,  Directory: dir7BFBE7152BD1F709E4A8AB545308CE6B,  Size: 29496
File: thirteen_thin_vertical_bars.png,  Directory: dir7BFBE7152BD1F709E4A8AB545308CE6B,  Size: 2511
File: zigzag_swirl_lines_yellow_red_multicolor.png,  Directory: dir7BFBE7152BD1F709E4A8AB545308CE6B,  Size: 30633
File: Mix_Spectral.htm,  Directory: dirFBF7365A5264634AB5246E4024DA46BB,  Size: 2572
File: Palette.htm,  Directory: dirFBF7365A5264634AB5246E4024DA46BB,  Size: 2546
File: tiny_lines_thumbprint_maze.png,  Directory: dir7BFBE7152BD1F709E4A8AB545308CE6B,  Size: 13868
File: vis_wyg_config_4.png,  Directory: dir301D0264053C1D31E4C443AA1728EE85,  Size: 18316
File: SafetyWarnings.htm,  Directory: dirC813D43350262FBC3346A130A06ED7BF,  Size: 4429
File: plot_export_5.png,  Directory: dir301D0264053C1D31E4C443AA1728EE85,  Size: 14808
File: three_circles_tribal_rotating_left.png,  Directory: dir7BFBE7152BD1F709E4A8AB545308CE6B,  Size: 5785
File: inverted_star_five_curved_bars.png,  Directory: dir7BFBE7152BD1F709E4A8AB545308CE6B,  Size: 4499
File: fbt_ch15_5.png,  Directory: dir301D0264053C1D31E4C443AA1728EE85,  Size: 16691
File: ColorCoding.htm,  Directory: dir3CED7FB55F25D98E1AF47F4B0F8B6ACD,  Size: 3923
File: sun_tribal_squiggle_circle_small_large.png,  Directory: dir7BFBE7152BD1F709E4A8AB545308CE6B,  Size: 8680
File: sun_thin_lines_flames_multi_circle.png,  Directory: dir7BFBE7152BD1F709E4A8AB545308CE6B,  Size: 19623
File: SPD_Graph.htm,  Directory: dirFBF7365A5264634AB5246E4024DA46BB,  Size: 2705
File: single_dot_color_pink_medium.png,  Directory: dir7BFBE7152BD1F709E4A8AB545308CE6B,  Size: 811
File: loop_single_ring.png,  Directory: dir7BFBE7152BD1F709E4A8AB545308CE6B,  Size: 2349
File: random_various_glass.png,  Directory: dir7BFBE7152BD1F709E4A8AB545308CE6B,  Size: 22439
File: SearchPhrase_Chunk52.js,  Directory: dirAAE153D476A857C192561F7A3BFE2D57,  Size: 23315
File: MIDIShowControl.htm,  Directory: dirF4FE94F7D1F783D69C43259372E7A09E,  Size: 10007
File: glass_water_ripples.png,  Directory: dir7BFBE7152BD1F709E4A8AB545308CE6B,  Size: 32837
File: fourteen_tilted_stars_animated.png,  Directory: dir7BFBE7152BD1F709E4A8AB545308CE6B,  Size: 4615
File: Zoom.htm,  Directory: dirFBF7365A5264634AB5246E4024DA46BB,  Size: 2471
File: fix_dotted_user_nums5.png,  Directory: dir301D0264053C1D31E4C443AA1728EE85,  Size: 34439
File: multi_square_grid_lines_cross.png,  Directory: dir7BFBE7152BD1F709E4A8AB545308CE6B,  Size: 5666
File: SceneRecording.htm,  Directory: dir070BAB3FED22BFAFF21D603A3F08F6D5,  Size: 5026
File: fix_window_parked5.png,  Directory: dir301D0264053C1D31E4C443AA1728EE85,  Size: 86728
File: lines_curved_bars_circle_multi.png,  Directory: dir7BFBE7152BD1F709E4A8AB545308CE6B,  Size: 13302
File: 0019_frost.png,  Directory: dir6D583EA6C7A4916F30AECA4AC4DB133D,  Size: 7442
File: multicolor_cloud_breakup_small_rainbow_red_blue_green_yellow_purple.png,  Directory: dir7BFBE7152BD1F709E4A8AB545308CE6B,  Size: 26635
File: SearchPhrase_Chunk12.js,  Directory: dirAAE153D476A857C192561F7A3BFE2D57,  Size: 29990
File: squiggle_breakup_patch.png,  Directory: dir7BFBE7152BD1F709E4A8AB545308CE6B,  Size: 3493
File: six_rectangles_bars_fan.png,  Directory: dir7BFBE7152BD1F709E4A8AB545308CE6B,  Size: 2359
File: swaptospreadsheet.png,  Directory: dir301D0264053C1D31E4C443AA1728EE85,  Size: 302
File: 10BaseT.htm,  Directory: dirFBF7365A5264634AB5246E4024DA46BB,  Size: 2744
File: H4PCRemoval.htm,  Directory: dir276877C9EE0952DB9877D40943F3E64C,  Size: 3031
File: vertical_wave_stripes.png,  Directory: dir7BFBE7152BD1F709E4A8AB545308CE6B,  Size: 4543
File: five_pointed_star_small.png,  Directory: dir7BFBE7152BD1F709E4A8AB545308CE6B,  Size: 3032
File: five_star_pinwheel_color_red.png,  Directory: dir7BFBE7152BD1F709E4A8AB545308CE6B,  Size: 8093
File: few_tiny_dots_sparkle_space_color_purple_galaxy.png,  Directory: dir7BFBE7152BD1F709E4A8AB545308CE6B,  Size: 16703
File: plybck_opt_cuelist_release_time5.png,  Directory: dir301D0264053C1D31E4C443AA1728EE85,  Size: 33595
File: tribal_sun_radial_symmetrical.png,  Directory: dir7BFBE7152BD1F709E4A8AB545308CE6B,  Size: 5079
File: SearchPhrase_Chunk44.js,  Directory: dirAAE153D476A857C192561F7A3BFE2D57,  Size: 29990
File: indexActive_1_1.png,  Directory: dirB18C0EE27D64684ADC5C3CC0891E3399,  Size: 3135
File: three_triangle_symmetrical.png,  Directory: dir7BFBE7152BD1F709E4A8AB545308CE6B,  Size: 1658
File: blurred_glass_circle_golf.png,  Directory: dir7BFBE7152BD1F709E4A8AB545308CE6B,  Size: 17136
File: breakup_multi_foliage_rectangles.png,  Directory: dir7BFBE7152BD1F709E4A8AB545308CE6B,  Size: 10268
File: fb_mid7_5.png,  Directory: dir301D0264053C1D31E4C443AA1728EE85,  Size: 48553
File: Rate.htm,  Directory: dirFBF7365A5264634AB5246E4024DA46BB,  Size: 2697
File: proc_setting_output5_960x481.png,  Directory: dir301D0264053C1D31E4C443AA1728EE85,  Size: 75766
File: 0013_mediumred.png,  Directory: dirCF9519B65614710F6BDCEFAB09BAE21D,  Size: 3510
File: plots_dir5.png,  Directory: dir301D0264053C1D31E4C443AA1728EE85,  Size: 7547
File: fourdots.png,  Directory: dir7BFBE7152BD1F709E4A8AB545308CE6B,  Size: 4724
File: glass_cobblestone_color_teal_medium_breakup.png,  Directory: dir7BFBE7152BD1F709E4A8AB545308CE6B,  Size: 25776
File: FB_CSP_4_5_600x530.png,  Directory: dir301D0264053C1D31E4C443AA1728EE85,  Size: 19937
File: segmented_square_diamond_thin.png,  Directory: dir7BFBE7152BD1F709E4A8AB545308CE6B,  Size: 3077
File: small_circle_droplet.png,  Directory: dir7BFBE7152BD1F709E4A8AB545308CE6B,  Size: 28430
File: asymmetrical_swirls_curved_archs.png,  Directory: dir7BFBE7152BD1F709E4A8AB545308CE6B,  Size: 6165
File: UsingPalettes.htm,  Directory: dirA1A3397425DE95F5347E70E7B4149798,  Size: 4004
File: console_setting_midi_note_out5.png,  Directory: dir301D0264053C1D31E4C443AA1728EE85,  Size: 22459
File: SearchPhrase_Chunk14.js,  Directory: dirAAE153D476A857C192561F7A3BFE2D57,  Size: 29960
File: fix_window_parked5_960x143.png,  Directory: dir301D0264053C1D31E4C443AA1728EE85,  Size: 67344
File: 0010_squarefrost.png,  Directory: dir6D583EA6C7A4916F30AECA4AC4DB133D,  Size: 4197
File: ResponsiveRemoveHighlightsButton.png,  Directory: dirB18C0EE27D64684ADC5C3CC0891E3399,  Size: 3072
File: views_direct5.png,  Directory: dir301D0264053C1D31E4C443AA1728EE85,  Size: 13931
File: lightning_zigzag_large_thick.png,  Directory: dir7BFBE7152BD1F709E4A8AB545308CE6B,  Size: 7868
File: broken_shattered_layer_pink_purple_paint_multicolor.png,  Directory: dir7BFBE7152BD1F709E4A8AB545308CE6B,  Size: 32091
File: small_oval_fan_multi_spin_triangle.png,  Directory: dir7BFBE7152BD1F709E4A8AB545308CE6B,  Size: 10002
File: breakup_broken_lines_shattered_multi.png,  Directory: dir7BFBE7152BD1F709E4A8AB545308CE6B,  Size: 4931
File: OpenSoundControl_OSC_.htm,  Directory: dirFBF7365A5264634AB5246E4024DA46BB,  Size: 2582
File: v_Blue.htm,  Directory: dirFBF7365A5264634AB5246E4024DA46BB,  Size: 2569
File: SearchIcon_1.png,  Directory: dirB18C0EE27D64684ADC5C3CC0891E3399,  Size: 1072
File: lava_blob_red_multicolor_red_yellow_purple.png,  Directory: dir7BFBE7152BD1F709E4A8AB545308CE6B,  Size: 15613
File: dots_bubbles_filled_gradients.png,  Directory: dir7BFBE7152BD1F709E4A8AB545308CE6B,  Size: 10837
File: v_CIE_x.htm,  Directory: dirFBF7365A5264634AB5246E4024DA46BB,  Size: 2600
File: multi_squares_breakup.png,  Directory: dir7BFBE7152BD1F709E4A8AB545308CE6B,  Size: 5256
File: index.mcwebhelp,  Directory: dir90F13DF2359462D0E6501FE5B26659D8,  Size: 1835
File: TC_View.htm,  Directory: dirEB1884289FDB2B8A3A7EA3D2480E5577,  Size: 9062
File: osc_config_in5_960x586.png,  Directory: dir301D0264053C1D31E4C443AA1728EE85,  Size: 79792
File: X_L_xl_text_logo.png,  Directory: dir7BFBE7152BD1F709E4A8AB545308CE6B,  Size: 4210
File: five_maze_puzzle_lines_tunnel.png,  Directory: dir7BFBE7152BD1F709E4A8AB545308CE6B,  Size: 3632
File: plybck_opt_cuelist_manual_fader5_360x306.png,  Directory: dir301D0264053C1D31E4C443AA1728EE85,  Size: 20478
File: lock5_360x312.png,  Directory: dir301D0264053C1D31E4C443AA1728EE85,  Size: 22943
File: UnderstandingCuelists.htm,  Directory: dir429E2BE47FEE1102CC112010FC902992,  Size: 4815
File: eighteen_square_border_small_color_red.png,  Directory: dir7BFBE7152BD1F709E4A8AB545308CE6B,  Size: 6576
File: AutoPatch.htm,  Directory: dirE1F6960898D23EE4594C548D589D98C6,  Size: 4752
File: using_live_suck_2_en_5.png,  Directory: dir301D0264053C1D31E4C443AA1728EE85,  Size: 22333
File: CueWaitTime.htm,  Directory: dir4937F9448319195033DF111F8C9A4E12,  Size: 14929
File: SearchStem_Chunk8.js,  Directory: dirAAE153D476A857C192561F7A3BFE2D57,  Size: 30008
File: glass_color_blue_radial_ocean_wave.png,  Directory: dir7BFBE7152BD1F709E4A8AB545308CE6B,  Size: 34336
File: winctrl_closeall.png,  Directory: dir301D0264053C1D31E4C443AA1728EE85,  Size: 1651
File: patch_pnt5.png,  Directory: dir301D0264053C1D31E4C443AA1728EE85,  Size: 14982
File: ParameterWheel.htm,  Directory: dirFBF7365A5264634AB5246E4024DA46BB,  Size: 2724
File: medium_checkered_tunnel_medium.png,  Directory: dir7BFBE7152BD1F709E4A8AB545308CE6B,  Size: 14011
File: zigzag_radial.png,  Directory: dir7BFBE7152BD1F709E4A8AB545308CE6B,  Size: 15519
File: six_triangles_random_medium.png,  Directory: dir7BFBE7152BD1F709E4A8AB545308CE6B,  Size: 7070
File: calibration_screen.png,  Directory: dir301D0264053C1D31E4C443AA1728EE85,  Size: 21303
File: RemainderDim.htm,  Directory: dirFBF7365A5264634AB5246E4024DA46BB,  Size: 2615
File: glass_water_breakup.png,  Directory: dir7BFBE7152BD1F709E4A8AB545308CE6B,  Size: 30793
File: SearchPhrase_Chunk46.js,  Directory: dirAAE153D476A857C192561F7A3BFE2D57,  Size: 29975
File: Intro_to_Macros.htm,  Directory: dir4906AD30EA0612325645F02F4BEB2740,  Size: 2825
File: New_Icon_Note.png,  Directory: dirB8908DA68F0FFF4F8C8581F78213BDB8,  Size: 1903
File: flower_petals_color_blue.png,  Directory: dir7BFBE7152BD1F709E4A8AB545308CE6B,  Size: 22711
File: maze_map_one_puzzle_paths.png,  Directory: dir7BFBE7152BD1F709E4A8AB545308CE6B,  Size: 16069
File: splatter_tiny_dots_lines.png,  Directory: dir7BFBE7152BD1F709E4A8AB545308CE6B,  Size: 9416
File: twelve_inverted_interlocking_rings.png,  Directory: dir7BFBE7152BD1F709E4A8AB545308CE6B,  Size: 1939
File: four_curved_diamonds_squares_symmetrical.png,  Directory: dir7BFBE7152BD1F709E4A8AB545308CE6B,  Size: 3462
File: tiny_dot_color_yellow.png,  Directory: dir7BFBE7152BD1F709E4A8AB545308CE6B,  Size: 4227
File: ReplacingTrackball.htm,  Directory: dir0828A62CDE7C6CE38A06416C531F88C9,  Size: 3458
File: flowers_sixties.png,  Directory: dir7BFBE7152BD1F709E4A8AB545308CE6B,  Size: 7240
File: SearchPhrase_Chunk20.js,  Directory: dirAAE153D476A857C192561F7A3BFE2D57,  Size: 29988
File: FB_CSP_5_RGBL_5.png,  Directory: dir301D0264053C1D31E4C443AA1728EE85,  Size: 49612
File: InstallingDriver.htm,  Directory: dirDC400B2463EACEDD8C6FFFA0A2442745,  Size: 4790
File: New_Icon_Caution.png,  Directory: dir7AF6A0C930E549D94C2D8FE050B5B4F8,  Size: 580
File: Knockout.htm,  Directory: dirFBF7365A5264634AB5246E4024DA46BB,  Size: 2507
File: PalettesDirectories.htm,  Directory: dir506C26B368C466EAAF42C3B612DDA6A7,  Size: 21740
File: four_tribal_pinwheel.png,  Directory: dir7BFBE7152BD1F709E4A8AB545308CE6B,  Size: 7349
File: playback_dashboard_pb_mr.png,  Directory: dir301D0264053C1D31E4C443AA1728EE85,  Size: 48885
File: viz_0.png,  Directory: dir301D0264053C1D31E4C443AA1728EE85,  Size: 62384
File: config_show_fewer5.png,  Directory: dir301D0264053C1D31E4C443AA1728EE85,  Size: 19852
File: programmer_top_half.png,  Directory: dir301D0264053C1D31E4C443AA1728EE85,  Size: 75113
File: line_bar_broadband_single_horizontal.png,  Directory: dir7BFBE7152BD1F709E4A8AB545308CE6B,  Size: 758
File: seventeen_dots_rings_small_large_flower_star.png,  Directory: dir7BFBE7152BD1F709E4A8AB545308CE6B,  Size: 4630
File: playback_bar_5.png,  Directory: dir301D0264053C1D31E4C443AA1728EE85,  Size: 15179
File: 0007_heavysquarefrost.png,  Directory: dir6D583EA6C7A4916F30AECA4AC4DB133D,  Size: 4456
File: sixteen_petals_dot_flower_foliage.png,  Directory: dir7BFBE7152BD1F709E4A8AB545308CE6B,  Size: 7962
File: New_Icon_Warning_General_whitefill.png,  Directory: dir7AF6A0C930E549D94C2D8FE050B5B4F8,  Size: 703
File: print5.png,  Directory: dir301D0264053C1D31E4C443AA1728EE85,  Size: 1089
File: HPC_2.png,  Directory: dir301D0264053C1D31E4C443AA1728EE85,  Size: 61950
File: single_zigzag_z_shape_one.png,  Directory: dir7BFBE7152BD1F709E4A8AB545308CE6B,  Size: 1882
File: spin_arch_curve_circle.png,  Directory: dir7BFBE7152BD1F709E4A8AB545308CE6B,  Size: 6188
File: red_rings_nineteen.png,  Directory: dir7BFBE7152BD1F709E4A8AB545308CE6B,  Size: 7822
File: layered_cylinder_cross_x_color_multicolor_cyan_magenta_yellow_green.png,  Directory: dir7BFBE7152BD1F709E4A8AB545308CE6B,  Size: 24092
File: 0006_eightface.png,  Directory: dir0D973686163D66EE8454B4DA57145C33,  Size: 9835
File: arrow_up_horizontal_segmented.png,  Directory: dir7BFBE7152BD1F709E4A8AB545308CE6B,  Size: 2721
File: thin_wave_curved_lines_thorns_layer_multi.png,  Directory: dir7BFBE7152BD1F709E4A8AB545308CE6B,  Size: 10780
File: square_starburst_lines.png,  Directory: dir7BFBE7152BD1F709E4A8AB545308CE6B,  Size: 4662
File: AutoUpdate.htm,  Directory: dirF9235F3A8134F8266E4FFC7F7A31716E,  Size: 5528
File: PageUse.htm,  Directory: dir1295D77647C34B08C40F04A047C6B38F,  Size: 3036
File: Mask.htm,  Directory: dir3CED7FB55F25D98E1AF47F4B0F8B6ACD,  Size: 3553
File: H4PC_Operation.htm,  Directory: dir276877C9EE0952DB9877D40943F3E64C,  Size: 22166
File: dip_sw.png,  Directory: dir301D0264053C1D31E4C443AA1728EE85,  Size: 1142578
File: single_twelve_point_star.png,  Directory: dir7BFBE7152BD1F709E4A8AB545308CE6B,  Size: 4923
File: multi_curved_pointed_breakup_small.png,  Directory: dir7BFBE7152BD1F709E4A8AB545308CE6B,  Size: 7344
File: network_upgrade.png,  Directory: dir301D0264053C1D31E4C443AA1728EE85,  Size: 834
File: cuelist_options_toolbar.png,  Directory: dir301D0264053C1D31E4C443AA1728EE85,  Size: 28938
File: three_layer_multi_cylinder_ovals_flower.png,  Directory: dir7BFBE7152BD1F709E4A8AB545308CE6B,  Size: 7948
File: SearchPhrase_Chunk10.js,  Directory: dirAAE153D476A857C192561F7A3BFE2D57,  Size: 29996
File: dir_kind_mask5_600x707.png,  Directory: dir301D0264053C1D31E4C443AA1728EE85,  Size: 61673
File: template.png,  Directory: dir301D0264053C1D31E4C443AA1728EE85,  Size: 843
File: SearchUrl_Chunk0.js,  Directory: dirAAE153D476A857C192561F7A3BFE2D57,  Size: 21255
File: Hog_Manual.js,  Directory: dir6A3D216280F87924386A8B77837E3037,  Size: 3708
File: squares_rectangles_breakup.png,  Directory: dir7BFBE7152BD1F709E4A8AB545308CE6B,  Size: 8936
File: output_window_5_960x298.png,  Directory: dir301D0264053C1D31E4C443AA1728EE85,  Size: 175399
File: FixBuildUI.htm,  Directory: dir4DDC1C874BC664E97A383AFD2CB09114,  Size: 15496
File: 0037_turqoise.png,  Directory: dirCF9519B65614710F6BDCEFAB09BAE21D,  Size: 3685
File: prefs_trackball5.png,  Directory: dir301D0264053C1D31E4C443AA1728EE85,  Size: 136243
File: fb_mid10_5.png,  Directory: dir301D0264053C1D31E4C443AA1728EE85,  Size: 44134
File: flames_spiral_fan_spin_foliage_lightning.png,  Directory: dir7BFBE7152BD1F709E4A8AB545308CE6B,  Size: 18602
File: eleven_sunburst_asymmetrical.png,  Directory: dir7BFBE7152BD1F709E4A8AB545308CE6B,  Size: 3488
File: ReportQueries.htm,  Directory: dir7D044F2D594EAE0335E0674B82658F2B,  Size: 5773
File: pal_per_fix5_960x216.png,  Directory: dir301D0264053C1D31E4C443AA1728EE85,  Size: 50527
File: multi_zigzag_tiny_z.png,  Directory: dir7BFBE7152BD1F709E4A8AB545308CE6B,  Size: 2516
File: Effects.htm,  Directory: dir1B2A2472AB42112053DD12BE1660438C,  Size: 2554
File: six_bar_fan_symmetrical_medium.png,  Directory: dir7BFBE7152BD1F709E4A8AB545308CE6B,  Size: 1548
File: six_triangles_star_wave_fan_spiral_color_red.png,  Directory: dir7BFBE7152BD1F709E4A8AB545308CE6B,  Size: 5627
File: spiral_spin_swirl_slices.png,  Directory: dir7BFBE7152BD1F709E4A8AB545308CE6B,  Size: 5350
File: fb_mid18_5.png,  Directory: dir301D0264053C1D31E4C443AA1728EE85,  Size: 77584
File: fire_explosion_fireworks_scattered_splatter_dots_tiny.png,  Directory: dir7BFBE7152BD1F709E4A8AB545308CE6B,  Size: 13003
File: seven_asymmetrical_rings_thin.png,  Directory: dir7BFBE7152BD1F709E4A8AB545308CE6B,  Size: 6827
File: 0011_lightsquarefrost.png,  Directory: dir6D583EA6C7A4916F30AECA4AC4DB133D,  Size: 1708
File: swirl_rotating_right_color_blue.png,  Directory: dir7BFBE7152BD1F709E4A8AB545308CE6B,  Size: 8238
File: spiral_sun_fan_swirl_wedges.png,  Directory: dir7BFBE7152BD1F709E4A8AB545308CE6B,  Size: 6812
File: status_bar_config.png,  Directory: dir301D0264053C1D31E4C443AA1728EE85,  Size: 13229
File: chosen_selected5_600x175.png,  Directory: dir301D0264053C1D31E4C443AA1728EE85,  Size: 27496
File: star_thin_pointed_twelve_circle.png,  Directory: dir7BFBE7152BD1F709E4A8AB545308CE6B,  Size: 6039
File: overlapping_rings_circles_flowers.png,  Directory: dir7BFBE7152BD1F709E4A8AB545308CE6B,  Size: 14633
File: multi_crescent_boomerang_paint.png,  Directory: dir7BFBE7152BD1F709E4A8AB545308CE6B,  Size: 13238
File: glass_broken_pieces_shattered_fragments_color_purple_blue.png,  Directory: dir7BFBE7152BD1F709E4A8AB545308CE6B,  Size: 34060
File: network_syncing.png,  Directory: dir301D0264053C1D31E4C443AA1728EE85,  Size: 666
File: PlaybackWing.htm,  Directory: dirFBF7365A5264634AB5246E4024DA46BB,  Size: 2496
File: 0008_brown.png,  Directory: dirCF9519B65614710F6BDCEFAB09BAE21D,  Size: 3510
File: marble_swirl_mix_color_blue_purple.png,  Directory: dir7BFBE7152BD1F709E4A8AB545308CE6B,  Size: 21093
File: Tracking.htm,  Directory: dir506C26B368C466EAAF42C3B612DDA6A7,  Size: 12030
File: output_window_colours_en_bolddarkblue5_600x158.png,  Directory: dir301D0264053C1D31E4C443AA1728EE85,  Size: 62298
File: eight_oval_ring_color_red.png,  Directory: dir7BFBE7152BD1F709E4A8AB545308CE6B,  Size: 15475
File: ESD.htm,  Directory: dirBB870C5ED2605CFCEDE6D58205CFE039,  Size: 2827
File: clr_cust5.png,  Directory: dir301D0264053C1D31E4C443AA1728EE85,  Size: 19964
File: eight_dots_border_circle_cinema_red_color.png,  Directory: dir7BFBE7152BD1F709E4A8AB545308CE6B,  Size: 5289
File: bullet_grey.png,  Directory: dirB8908DA68F0FFF4F8C8581F78213BDB8,  Size: 201
File: pointed_triangle_single_one_outline.png,  Directory: dir7BFBE7152BD1F709E4A8AB545308CE6B,  Size: 5125
File: foundation.min.js,  Directory: dir61588760BB0E426A2E1C40CAD4CA6677,  Size: 15658
File: sixteen_wavy_sun_color_red.png,  Directory: dir7BFBE7152BD1F709E4A8AB545308CE6B,  Size: 3428
File: 0015_heavyconefrost.png,  Directory: dir6D583EA6C7A4916F30AECA4AC4DB133D,  Size: 6165
File: Stage_Value.htm,  Directory: dirFBF7365A5264634AB5246E4024DA46BB,  Size: 2620
File: dmx_output.png,  Directory: dir301D0264053C1D31E4C443AA1728EE85,  Size: 20382
File: shattered_foliage_mix.png,  Directory: dir7BFBE7152BD1F709E4A8AB545308CE6B,  Size: 8143
File: report.png,  Directory: dir301D0264053C1D31E4C443AA1728EE85,  Size: 505
File: thin_pointed_bars_lines_fan_circle_tunnel_multi_circle.png,  Directory: dir7BFBE7152BD1F709E4A8AB545308CE6B,  Size: 11155
File: sun_squiggle_swirl_spiral.png,  Directory: dir7BFBE7152BD1F709E4A8AB545308CE6B,  Size: 8423
File: tiny_twigs_small_lines_branches_multi.png,  Directory: dir7BFBE7152BD1F709E4A8AB545308CE6B,  Size: 9794
File: Breakpoints.js,  Directory: dirAAE153D476A857C192561F7A3BFE2D57,  Size: 71
File: glass_water_swirl_blue_purple.png,  Directory: dir7BFBE7152BD1F709E4A8AB545308CE6B,  Size: 31046
File: wtb_pinup.png,  Directory: dir301D0264053C1D31E4C443AA1728EE85,  Size: 523
File: glass_swirl_color_blue.png,  Directory: dir7BFBE7152BD1F709E4A8AB545308CE6B,  Size: 21393
File: foliage_leaf_medium_breakup.png,  Directory: dir7BFBE7152BD1F709E4A8AB545308CE6B,  Size: 14233
File: spin_spiral_swirl_peppermint_color_swirl_blue.png,  Directory: dir7BFBE7152BD1F709E4A8AB545308CE6B,  Size: 10623
File: three_circles_dots_random.png,  Directory: dir7BFBE7152BD1F709E4A8AB545308CE6B,  Size: 3306
File: 0055.PNG,  Directory: dirCF9519B65614710F6BDCEFAB09BAE21D,  Size: 3593
File: multi_crescent_arches_medium.png,  Directory: dir7BFBE7152BD1F709E4A8AB545308CE6B,  Size: 3766
File: Virtual_Color.htm,  Directory: dirFBF7365A5264634AB5246E4024DA46BB,  Size: 2825
File: 3D_star_single_one.png,  Directory: dir7BFBE7152BD1F709E4A8AB545308CE6B,  Size: 7663
File: CueContentsEdit.htm,  Directory: dir429E2BE47FEE1102CC112010FC902992,  Size: 6377
File: overlapping_squares_cards_spiral_fan.png,  Directory: dir7BFBE7152BD1F709E4A8AB545308CE6B,  Size: 10612
File: cross_flower_bubble.png,  Directory: dir7BFBE7152BD1F709E4A8AB545308CE6B,  Size: 4091
File: five_crescents_color_yellow_spiral_spin.png,  Directory: dir7BFBE7152BD1F709E4A8AB545308CE6B,  Size: 5842
File: 0058.png,  Directory: dirCF9519B65614710F6BDCEFAB09BAE21D,  Size: 4092
File: glass_frost_wavey_texture.png,  Directory: dir7BFBE7152BD1F709E4A8AB545308CE6B,  Size: 28665
File: 3D_puzzle_starburst_cones.png,  Directory: dir7BFBE7152BD1F709E4A8AB545308CE6B,  Size: 32233
File: show_state5.png,  Directory: dir301D0264053C1D31E4C443AA1728EE85,  Size: 5749
File: jquery.min.js,  Directory: dir61588760BB0E426A2E1C40CAD4CA6677,  Size: 89622
File: MediaPickerOverview.htm,  Directory: dir158F969D79590B25CF1C2A5D8BF8C587,  Size: 3712
File: TextEffects.micro-content.css,  Directory: dirDE1604631C19C70F9C8F30BFD284C63B,  Size: 39115
File: OSCConfigOUT.htm,  Directory: dir5129A05B3C5DF7E91A6148CBEC3A96C7,  Size: 3509
File: Rows_8pt.css,  Directory: dirDBDC99A262A4FAA84D627E9B94AD3076,  Size: 37484
File: curved_breakup_small.png,  Directory: dir7BFBE7152BD1F709E4A8AB545308CE6B,  Size: 3260
File: fb_mid9_5.png,  Directory: dir301D0264053C1D31E4C443AA1728EE85,  Size: 41797
File: glass_vertical_foliage.png,  Directory: dir7BFBE7152BD1F709E4A8AB545308CE6B,  Size: 18220
File: multi_speckles_dots_tiny.png,  Directory: dir7BFBE7152BD1F709E4A8AB545308CE6B,  Size: 3752
File: snakeskin_net_swirl_blob.png,  Directory: dir7BFBE7152BD1F709E4A8AB545308CE6B,  Size: 11566
File: nine_thick_vertical_bars.png,  Directory: dir7BFBE7152BD1F709E4A8AB545308CE6B,  Size: 1998
File: swirl_color_blue_purple.png,  Directory: dir7BFBE7152BD1F709E4A8AB545308CE6B,  Size: 24639
File: FileBrowser.htm,  Directory: dir506C26B368C466EAAF42C3B612DDA6A7,  Size: 7205
File: glass_diagonal_lines_clear.png,  Directory: dir7BFBE7152BD1F709E4A8AB545308CE6B,  Size: 14573
File: winctrl_size.png,  Directory: dir301D0264053C1D31E4C443AA1728EE85,  Size: 1279
File: five_small_crescent_fan_spin_color_yellow.png,  Directory: dir7BFBE7152BD1F709E4A8AB545308CE6B,  Size: 6119
File: FB_CSP_1_5.png,  Directory: dir301D0264053C1D31E4C443AA1728EE85,  Size: 15546
File: sixteen_wedge_radial_fan_symmetrical.png,  Directory: dir7BFBE7152BD1F709E4A8AB545308CE6B,  Size: 3987
File: RecordingPalette.htm,  Directory: dirA1A3397425DE95F5347E70E7B4149798,  Size: 5421
File: two_adjoined_dots_medium.png,  Directory: dir7BFBE7152BD1F709E4A8AB545308CE6B,  Size: 4983
File: PlotsEdit.htm,  Directory: dir4B06B9CE32721023DA45AA4F5B064B42,  Size: 18930
File: glass_diagonal_paint_lines_stripes_color_pink_sunrise.png,  Directory: dir7BFBE7152BD1F709E4A8AB545308CE6B,  Size: 28431
File: sunflower_flower_petals_.png,  Directory: dir7BFBE7152BD1F709E4A8AB545308CE6B,  Size: 10958
File: eleven_sunburst_asymmetrical_color_blue.png,  Directory: dir7BFBE7152BD1F709E4A8AB545308CE6B,  Size: 7578
File: ovals_radial_pie.png,  Directory: dir7BFBE7152BD1F709E4A8AB545308CE6B,  Size: 5547
File: SearchPhrase_Chunk48.js,  Directory: dirAAE153D476A857C192561F7A3BFE2D57,  Size: 29942
File: FadeTime.htm,  Directory: dirFBF7365A5264634AB5246E4024DA46BB,  Size: 2596
File: Crossfade.htm,  Directory: dirFBF7365A5264634AB5246E4024DA46BB,  Size: 2422
File: IndividualParaTiming.htm,  Directory: dir4937F9448319195033DF111F8C9A4E12,  Size: 14923
File: eight_rectangles_curved_multi_checkered.png,  Directory: dir7BFBE7152BD1F709E4A8AB545308CE6B,  Size: 4065
File: squares_rectangles_multi.png,  Directory: dir7BFBE7152BD1F709E4A8AB545308CE6B,  Size: 5003
File: direct.png,  Directory: dir301D0264053C1D31E4C443AA1728EE85,  Size: 1005
File: ConfigPC.htm,  Directory: dirDC400B2463EACEDD8C6FFFA0A2442745,  Size: 10454
File: accelerate.png,  Directory: dir301D0264053C1D31E4C443AA1728EE85,  Size: 1022
File: eight_arrow_radial_fan_symmetrical.png,  Directory: dir7BFBE7152BD1F709E4A8AB545308CE6B,  Size: 7844
File: plybck_opt_cuelist_pile_add_fx5.png,  Directory: dir301D0264053C1D31E4C443AA1728EE85,  Size: 61881
File: thirteen_overlapping_lace_circles_radial_symmetrical.png,  Directory: dir7BFBE7152BD1F709E4A8AB545308CE6B,  Size: 13129
File: plybck_opt_cuelist_release_other_go5.png,  Directory: dir301D0264053C1D31E4C443AA1728EE85,  Size: 17704
File: planet_orbit_ovals_circles_big.png,  Directory: dir7BFBE7152BD1F709E4A8AB545308CE6B,  Size: 10942
File: multidot_dots_sizes_eight.png,  Directory: dir7BFBE7152BD1F709E4A8AB545308CE6B,  Size: 2231
File: CommandKeyAction.htm,  Directory: dirFC7559CFE1102D19ECDAABCC2BEF6B65,  Size: 3573
File: six_point_cross_star_multicolor_dot_red.png,  Directory: dir7BFBE7152BD1F709E4A8AB545308CE6B,  Size: 5067
File: single_five_point_star_spikes.png,  Directory: dir7BFBE7152BD1F709E4A8AB545308CE6B,  Size: 5000
File: Styles.css,  Directory: dirDE1604631C19C70F9C8F30BFD284C63B,  Size: 63734
File: TechSpec_MasterWing.htm,  Directory: dirE616E725F39764101A897681B058E202,  Size: 8654
File: SearchPhrase_Chunk37.js,  Directory: dirAAE153D476A857C192561F7A3BFE2D57,  Size: 30004
File: tiny_dot_speck_rows_multi.png,  Directory: dir7BFBE7152BD1F709E4A8AB545308CE6B,  Size: 30043
File: fb_mid22_5.png,  Directory: dir301D0264053C1D31E4C443AA1728EE85,  Size: 58007
File: purple_tunnel_linetunnel_indigo_chicklet.png,  Directory: dir7BFBE7152BD1F709E4A8AB545308CE6B,  Size: 4842
File: cross_target_twelve_segments_breakup.png,  Directory: dir7BFBE7152BD1F709E4A8AB545308CE6B,  Size: 8590
File: multi_triangel_breakup_medium.png,  Directory: dir7BFBE7152BD1F709E4A8AB545308CE6B,  Size: 10810
File: 0067.png,  Directory: dirCF9519B65614710F6BDCEFAB09BAE21D,  Size: 7268
File: multi-dots_small_spaced_moon.png,  Directory: dir7BFBE7152BD1F709E4A8AB545308CE6B,  Size: 5297
File: multi_wedge_fan_circle.png,  Directory: dir7BFBE7152BD1F709E4A8AB545308CE6B,  Size: 6533
File: curved_square_breakup_lines_grid_multi.png,  Directory: dir7BFBE7152BD1F709E4A8AB545308CE6B,  Size: 5121
File: CleaningFaders.htm,  Directory: dir0828A62CDE7C6CE38A06416C531F88C9,  Size: 5287
File: HelpManualLogo.png,  Directory: dir301D0264053C1D31E4C443AA1728EE85,  Size: 100794
File: fire_multi_vertical_small.png,  Directory: dir7BFBE7152BD1F709E4A8AB545308CE6B,  Size: 13004
File: SafetyWarnings3.htm,  Directory: dirC813D43350262FBC3346A130A06ED7BF,  Size: 3635
File: small_cutout_shapes_globe_multi.png,  Directory: dir7BFBE7152BD1F709E4A8AB545308CE6B,  Size: 7520
File: arrow-down.png,  Directory: dirB18C0EE27D64684ADC5C3CC0891E3399,  Size: 186
File: TimingBasics.htm,  Directory: dir4937F9448319195033DF111F8C9A4E12,  Size: 6091
File: newfolder5.png,  Directory: dir301D0264053C1D31E4C443AA1728EE85,  Size: 1495
File: cuelist_with_loop5.png,  Directory: dir301D0264053C1D31E4C443AA1728EE85,  Size: 56769
File: Scenes.htm,  Directory: dir070BAB3FED22BFAFF21D603A3F08F6D5,  Size: 2552
File: 0066.png,  Directory: dirCF9519B65614710F6BDCEFAB09BAE21D,  Size: 5954
File: auto_update_mask5_960x101.png,  Directory: dir301D0264053C1D31E4C443AA1728EE85,  Size: 24933
File: LTP.htm,  Directory: dir3399D43E8E0CB2368BC79B27F701792F,  Size: 11845
File: dir_item_clr5.png,  Directory: dir301D0264053C1D31E4C443AA1728EE85,  Size: 45230
File: ResponsiveRatingStarFilled.png,  Directory: dirB18C0EE27D64684ADC5C3CC0891E3399,  Size: 17616
File: zigzag_broken_cracks_circle.png,  Directory: dir7BFBE7152BD1F709E4A8AB545308CE6B,  Size: 10912
File: VirtualMasterPlayback.htm,  Directory: dir3399D43E8E0CB2368BC79B27F701792F,  Size: 6820
File: horizontal_thick_lines_curve.png,  Directory: dir7BFBE7152BD1F709E4A8AB545308CE6B,  Size: 11141
File: 0045.png,  Directory: dirCF9519B65614710F6BDCEFAB09BAE21D,  Size: 28131
File: sun_spiral_drip_thin_blue_purple_multicolor.png,  Directory: dir7BFBE7152BD1F709E4A8AB545308CE6B,  Size: 25436
File: output_window_colours_en_bolddarkblue5.png,  Directory: dir301D0264053C1D31E4C443AA1728EE85,  Size: 35388
File: glass_grid-cylinder_oval_map.png,  Directory: dir7BFBE7152BD1F709E4A8AB545308CE6B,  Size: 29081
File: Pixelmap.htm,  Directory: dirFBF7365A5264634AB5246E4024DA46BB,  Size: 2605
File: nine_thick_horizontal_bars.png,  Directory: dir7BFBE7152BD1F709E4A8AB545308CE6B,  Size: 2201
File: wtb_close.png,  Directory: dir301D0264053C1D31E4C443AA1728EE85,  Size: 750
File: small_stones_circle_asymmetrical.png,  Directory: dir7BFBE7152BD1F709E4A8AB545308CE6B,  Size: 6669
File: broken_square_shapes_shattered_breakup.png,  Directory: dir7BFBE7152BD1F709E4A8AB545308CE6B,  Size: 14257
File: lines_triangles_spin_fan_star.png,  Directory: dir7BFBE7152BD1F709E4A8AB545308CE6B,  Size: 9461
File: multicolor_six_lines_star_rainbow_red_yellow_blue_green_purple_teal.png,  Directory: dir7BFBE7152BD1F709E4A8AB545308CE6B,  Size: 11391
File: twelve_dots_circle_wedge_ring.png,  Directory: dir7BFBE7152BD1F709E4A8AB545308CE6B,  Size: 4358
File: Page.htm,  Directory: dirFBF7365A5264634AB5246E4024DA46BB,  Size: 2507
File: SearchPhrase_Chunk40.js,  Directory: dirAAE153D476A857C192561F7A3BFE2D57,  Size: 29996
File: multi_palm_leafs_medium.png,  Directory: dir7BFBE7152BD1F709E4A8AB545308CE6B,  Size: 9307
File: multi_zigzag_radial_pinwheel_thin.png,  Directory: dir7BFBE7152BD1F709E4A8AB545308CE6B,  Size: 7951
File: shattered_glass_multicolor_fire_breakup_red_orange_yellow.png,  Directory: dir7BFBE7152BD1F709E4A8AB545308CE6B,  Size: 29860
File: fourteen_bars_fan_spiral_spin.png,  Directory: dir7BFBE7152BD1F709E4A8AB545308CE6B,  Size: 9505
File: TechSpec_HH4n.htm,  Directory: dirE616E725F39764101A897681B058E202,  Size: 8750
File: eight_pointed_wedge_fan_symmetrical.png,  Directory: dir7BFBE7152BD1F709E4A8AB545308CE6B,  Size: 5373
File: offcanvas.css,  Directory: dirDE1604631C19C70F9C8F30BFD284C63B,  Size: 3380
File: 3D_pointed_star_stripes_ball_color_red.png,  Directory: dir7BFBE7152BD1F709E4A8AB545308CE6B,  Size: 11564
File: glass_shattered_multi_cracks_foliage_color_purple_green.png,  Directory: dir7BFBE7152BD1F709E4A8AB545308CE6B,  Size: 33831
File: glass_multicolor_puzzle_shattered_breakup_medium_yellow_blue_purple_teal.png,  Directory: dir7BFBE7152BD1F709E4A8AB545308CE6B,  Size: 36494
File: 0001_cto.png,  Directory: dirCF9519B65614710F6BDCEFAB09BAE21D,  Size: 3502
File: playback_priority_low.png,  Directory: dir301D0264053C1D31E4C443AA1728EE85,  Size: 728
File: FixtureBuilder.htm,  Directory: dir4DDC1C874BC664E97A383AFD2CB09114,  Size: 2570
File: HogNet.htm,  Directory: dir4BE944CC52319BEEBBE027DB9BA856E7,  Size: 14232
File: eight_rotating_right_archs_symmetrical.png,  Directory: dir7BFBE7152BD1F709E4A8AB545308CE6B,  Size: 3782
File: 0002_fourface.png,  Directory: dir0D973686163D66EE8454B4DA57145C33,  Size: 8667
File: winctrl_arrows.png,  Directory: dir301D0264053C1D31E4C443AA1728EE85,  Size: 7124
File: five_multicolor_curved_zigzag_bars_pink.png,  Directory: dir7BFBE7152BD1F709E4A8AB545308CE6B,  Size: 15223
File: glass_honeycomb_sand.png,  Directory: dir7BFBE7152BD1F709E4A8AB545308CE6B,  Size: 26976
File: sun_thin_rays_circle.png,  Directory: dir7BFBE7152BD1F709E4A8AB545308CE6B,  Size: 10083
File: glass_crater_color_purple_big.png,  Directory: dir7BFBE7152BD1F709E4A8AB545308CE6B,  Size: 22106
File: ManagingFixtures.htm,  Directory: dirE1F6960898D23EE4594C548D589D98C6,  Size: 2614
File: 0006_darkamber.png,  Directory: dirCF9519B65614710F6BDCEFAB09BAE21D,  Size: 3507
File: HogNet_LinkState_960x649.png,  Directory: dir301D0264053C1D31E4C443AA1728EE85,  Size: 127134
File: arrow_up.png,  Directory: dir7BFBE7152BD1F709E4A8AB545308CE6B,  Size: 2600
File: fourdots_dotsline_horizontal.png,  Directory: dir7BFBE7152BD1F709E4A8AB545308CE6B,  Size: 3164
File: inverted_ripple_texture_breakup_medium.png,  Directory: dir7BFBE7152BD1F709E4A8AB545308CE6B,  Size: 24032
File: SceneTiming.htm,  Directory: dir070BAB3FED22BFAFF21D603A3F08F6D5,  Size: 3653
File: fifteen_curved_petals_radial_symmetrical.png,  Directory: dir7BFBE7152BD1F709E4A8AB545308CE6B,  Size: 10159
File: fanned_timings5_960x448.png,  Directory: dir301D0264053C1D31E4C443AA1728EE85,  Size: 106708
File: edit-profile.png,  Directory: dirB18C0EE27D64684ADC5C3CC0891E3399,  Size: 3013
File: MediaPicker.htm,  Directory: dir158F969D79590B25CF1C2A5D8BF8C587,  Size: 2564
File: archived_icon.png,  Directory: dir301D0264053C1D31E4C443AA1728EE85,  Size: 739
File: chase.png,  Directory: dir301D0264053C1D31E4C443AA1728EE85,  Size: 585
File: plybck_opt_cuelist_is_chase5.png,  Directory: dir301D0264053C1D31E4C443AA1728EE85,  Size: 61902
File: BuildFixTypes.htm,  Directory: dir4DDC1C874BC664E97A383AFD2CB09114,  Size: 11350
File: MarkCues.htm,  Directory: dir429E2BE47FEE1102CC112010FC902992,  Size: 23244
File: select_invert5.png,  Directory: dir301D0264053C1D31E4C443AA1728EE85,  Size: 19635
File: dots_gatlin_multi_thirteen_phone.png,  Directory: dir7BFBE7152BD1F709E4A8AB545308CE6B,  Size: 8264
File: Master.htm,  Directory: dirFBF7365A5264634AB5246E4024DA46BB,  Size: 2772
File: 0034_paleblue.png,  Directory: dirCF9519B65614710F6BDCEFAB09BAE21D,  Size: 3511
File: multi_dots_small_breakup.png,  Directory: dir7BFBE7152BD1F709E4A8AB545308CE6B,  Size: 8295
File: 0014_rosered.png,  Directory: dirCF9519B65614710F6BDCEFAB09BAE21D,  Size: 3510
File: vertical_thick_lines_bulge_wave.png,  Directory: dir7BFBE7152BD1F709E4A8AB545308CE6B,  Size: 19576
File: SearchPhrase_Chunk41.js,  Directory: dirAAE153D476A857C192561F7A3BFE2D57,  Size: 29967
File: basic_plot5_600x436.png,  Directory: dir301D0264053C1D31E4C443AA1728EE85,  Size: 53084
File: four_curved_star_symmetrical.png,  Directory: dir7BFBE7152BD1F709E4A8AB545308CE6B,  Size: 4596
File: TechSpec_TourHog.htm,  Directory: dirE616E725F39764101A897681B058E202,  Size: 22470
File: clock_trigger5_600x417.png,  Directory: dir301D0264053C1D31E4C443AA1728EE85,  Size: 37146
File: CommandKeyOverview.htm,  Directory: dirFC7559CFE1102D19ECDAABCC2BEF6B65,  Size: 3198
File: red_rotating_radial_foliage_breakup.png,  Directory: dir7BFBE7152BD1F709E4A8AB545308CE6B,  Size: 15633
File: multi_stars_rotating_right_concentric_rings_tunnel.png,  Directory: dir7BFBE7152BD1F709E4A8AB545308CE6B,  Size: 6251
File: eight_rotating_right_flags_radial_triangles_color_blue.png,  Directory: dir7BFBE7152BD1F709E4A8AB545308CE6B,  Size: 31587
File: center_wheel_use.png,  Directory: dir301D0264053C1D31E4C443AA1728EE85,  Size: 48791
File: fan_ex_2_5.png.png,  Directory: dir301D0264053C1D31E4C443AA1728EE85,  Size: 11500
File: ResponsiveMenuButton.png,  Directory: dirB18C0EE27D64684ADC5C3CC0891E3399,  Size: 204
File: SearchStem_Chunk1.js,  Directory: dirAAE153D476A857C192561F7A3BFE2D57,  Size: 30006
File: GigHog_layout_960x326.png,  Directory: dir301D0264053C1D31E4C443AA1728EE85,  Size: 105230
File: breakup_grid_curves_puzzle.png,  Directory: dir7BFBE7152BD1F709E4A8AB545308CE6B,  Size: 6337
File: six_radial_crescent_petals_symmetrical.png,  Directory: dir7BFBE7152BD1F709E4A8AB545308CE6B,  Size: 5303
File: EULA.htm,  Directory: dirBB870C5ED2605CFCEDE6D58205CFE039,  Size: 17836
File: Toolbar.htm,  Directory: dirFBF7365A5264634AB5246E4024DA46BB,  Size: 2591
File: twelve_interlocking_pointed_triangles_curved_bars.png,  Directory: dir7BFBE7152BD1F709E4A8AB545308CE6B,  Size: 13850
File: frost_glass_swirl.png,  Directory: dir7BFBE7152BD1F709E4A8AB545308CE6B,  Size: 22040
File: three_branches_squiggles_multi_foliage.png,  Directory: dir7BFBE7152BD1F709E4A8AB545308CE6B,  Size: 10538
File: three_segmented_keltic_knot.png,  Directory: dir7BFBE7152BD1F709E4A8AB545308CE6B,  Size: 11421
File: ReplicatingFixtures.htm,  Directory: dirE1F6960898D23EE4594C548D589D98C6,  Size: 3794
File: VirtualUserNumber.htm,  Directory: dirFBF7365A5264634AB5246E4024DA46BB,  Size: 2619
File: glass_golf_holes_pores.png,  Directory: dir7BFBE7152BD1F709E4A8AB545308CE6B,  Size: 4835
File: FixBuildConcepts.htm,  Directory: dir4DDC1C874BC664E97A383AFD2CB09114,  Size: 19526
File: vertical_thin_squiggle_lines_flames.png,  Directory: dir7BFBE7152BD1F709E4A8AB545308CE6B,  Size: 17907
File: ctrl_pnl_disp_v5.png,  Directory: dir301D0264053C1D31E4C443AA1728EE85,  Size: 74956
File: InhibitiveSubmaster.htm,  Directory: dirFBF7365A5264634AB5246E4024DA46BB,  Size: 2599
File: Search.js,  Directory: dirAAE153D476A857C192561F7A3BFE2D57,  Size: 918
File: four_dots_spirals_galaxy_swirl_fan.png,  Directory: dir7BFBE7152BD1F709E4A8AB545308CE6B,  Size: 3129
File: diagonal_blurred_oval.png,  Directory: dir7BFBE7152BD1F709E4A8AB545308CE6B,  Size: 3436
File: glass_stems_dots_thin_lines.png,  Directory: dir7BFBE7152BD1F709E4A8AB545308CE6B,  Size: 13333
File: require.config.js,  Directory: dir61588760BB0E426A2E1C40CAD4CA6677,  Size: 58
File: single_dot_small.png,  Directory: dir7BFBE7152BD1F709E4A8AB545308CE6B,  Size: 1517
File: fb_mid12_5.png,  Directory: dir301D0264053C1D31E4C443AA1728EE85,  Size: 45528
File: FCC_Info.htm,  Directory: dirCAE2967671FF55BA027016B8054C0AC2,  Size: 3754
File: ModifierKeys.htm,  Directory: dir506C26B368C466EAAF42C3B612DDA6A7,  Size: 3559
File: Serrano_keymapping.png,  Directory: dir301D0264053C1D31E4C443AA1728EE85,  Size: 94887
File: asymmetrical_curves_dots_big.png,  Directory: dir7BFBE7152BD1F709E4A8AB545308CE6B,  Size: 9282
File: InsertMergeReplace.htm,  Directory: dir2B73C4AF7D97B518FD415ECB6940F18F,  Size: 3408
File: dots_four_large.png,  Directory: dir7BFBE7152BD1F709E4A8AB545308CE6B,  Size: 2258
File: PageChange.htm,  Directory: dir1295D77647C34B08C40F04A047C6B38F,  Size: 11049
File: swirl_spiral_spin.png,  Directory: dir7BFBE7152BD1F709E4A8AB545308CE6B,  Size: 5922
File: four_slice_wedges_cross.png,  Directory: dir7BFBE7152BD1F709E4A8AB545308CE6B,  Size: 4379
File: macro_window_5.png,  Directory: dir301D0264053C1D31E4C443AA1728EE85,  Size: 14230
File: HTML_for_Console.mclog,  Directory: dir90F13DF2359462D0E6501FE5B26659D8,  Size: 44779
File: intens_kind_editor5.png,  Directory: dir301D0264053C1D31E4C443AA1728EE85,  Size: 100320
File: merge_4.png,  Directory: dir301D0264053C1D31E4C443AA1728EE85,  Size: 31812
File: 0050.PNG,  Directory: dirCF9519B65614710F6BDCEFAB09BAE21D,  Size: 3597
File: FB_Sum1_5.png,  Directory: dir301D0264053C1D31E4C443AA1728EE85,  Size: 26235
File: fb_mid1_5_960x393.png,  Directory: dir301D0264053C1D31E4C443AA1728EE85,  Size: 39339
File: single_horizontal_bar_line_one.png,  Directory: dir7BFBE7152BD1F709E4A8AB545308CE6B,  Size: 2969
File: single_web_radial_big.png,  Directory: dir7BFBE7152BD1F709E4A8AB545308CE6B,  Size: 4716
File: eight_sun_rays_fan_pointed.png,  Directory: dir7BFBE7152BD1F709E4A8AB545308CE6B,  Size: 8186
File: cuelist_directory5.png,  Directory: dir301D0264053C1D31E4C443AA1728EE85,  Size: 29842
File: water_cloud_small_breakup.png,  Directory: dir7BFBE7152BD1F709E4A8AB545308CE6B,  Size: 6830
File: interlocking_bubbles_rings_small.png,  Directory: dir7BFBE7152BD1F709E4A8AB545308CE6B,  Size: 33515
File: multi_small_rocks_3D.png,  Directory: dir7BFBE7152BD1F709E4A8AB545308CE6B,  Size: 15263
File: multi_stars_splats.png,  Directory: dir7BFBE7152BD1F709E4A8AB545308CE6B,  Size: 7647
File: warped_checkered_kaleidoscope.png,  Directory: dir7BFBE7152BD1F709E4A8AB545308CE6B,  Size: 4415
File: Editor.htm,  Directory: dirFBF7365A5264634AB5246E4024DA46BB,  Size: 2482
File: brokenglass_glass_conglomerate.png,  Directory: dir7BFBE7152BD1F709E4A8AB545308CE6B,  Size: 23011
File: v_Saturation.htm,  Directory: dirFBF7365A5264634AB5246E4024DA46BB,  Size: 2599
File: five_segmented_rings_tunnel_scope.png,  Directory: dir7BFBE7152BD1F709E4A8AB545308CE6B,  Size: 5514
File: OpenBookIcon_1_1.png,  Directory: dirB18C0EE27D64684ADC5C3CC0891E3399,  Size: 513
File: six_horizontal_bars_ovals_stripes_lines.png,  Directory: dir7BFBE7152BD1F709E4A8AB545308CE6B,  Size: 4217
File: six_pointed_star_slats_thin.png,  Directory: dir7BFBE7152BD1F709E4A8AB545308CE6B,  Size: 14339
File: FB_CSP_6_SimpleStrobe_5.png,  Directory: dir301D0264053C1D31E4C443AA1728EE85,  Size: 49408
File: lines_vertical_fat_messy_zebra.png,  Directory: dir7BFBE7152BD1F709E4A8AB545308CE6B,  Size: 10638
File: six_shooting_star_tail.png,  Directory: dir7BFBE7152BD1F709E4A8AB545308CE6B,  Size: 3664
File: threedots_gatlin.png,  Directory: dir7BFBE7152BD1F709E4A8AB545308CE6B,  Size: 4251
File: glass_horizontal_curved_lines_thin.png,  Directory: dir7BFBE7152BD1F709E4A8AB545308CE6B,  Size: 23926
File: cuelist5_600x157.png,  Directory: dir301D0264053C1D31E4C443AA1728EE85,  Size: 30914
File: glass_diagonal_ripples.png,  Directory: dir7BFBE7152BD1F709E4A8AB545308CE6B,  Size: 25715
File: fb_mid20_5.png,  Directory: dir301D0264053C1D31E4C443AA1728EE85,  Size: 46013
File: nineteen_rings_color_red.png,  Directory: dir7BFBE7152BD1F709E4A8AB545308CE6B,  Size: 24355
File: fixed_kinds5.png,  Directory: dir301D0264053C1D31E4C443AA1728EE85,  Size: 40360
File: lines_trees_branches_foliage.png,  Directory: dir7BFBE7152BD1F709E4A8AB545308CE6B,  Size: 15356
File: multi_curved_lines_net_breakup.png,  Directory: dir7BFBE7152BD1F709E4A8AB545308CE6B,  Size: 25128
File: SearchPhrase_Chunk43.js,  Directory: dirAAE153D476A857C192561F7A3BFE2D57,  Size: 29798
File: overlapping_bars_web.png,  Directory: dir7BFBE7152BD1F709E4A8AB545308CE6B,  Size: 9125
File: foundation_custom.css,  Directory: dirDE1604631C19C70F9C8F30BFD284C63B,  Size: 8877
File: single_curved_bar_asymmetrical_big.png,  Directory: dir7BFBE7152BD1F709E4A8AB545308CE6B,  Size: 4450
File: six_curved_lines_thin_pinwheel_multicolor_pink.png,  Directory: dir7BFBE7152BD1F709E4A8AB545308CE6B,  Size: 3889
File: multi_paisley_raindrop_dots.png,  Directory: dir7BFBE7152BD1F709E4A8AB545308CE6B,  Size: 7867
File: squished_squiggles_vertical.png,  Directory: dir7BFBE7152BD1F709E4A8AB545308CE6B,  Size: 14077
File: 0008_twoface.png,  Directory: dir0D973686163D66EE8454B4DA57145C33,  Size: 7619
File: fifteen_curved_circle_rotating.png,  Directory: dir7BFBE7152BD1F709E4A8AB545308CE6B,  Size: 10979
File: linear.png,  Directory: dir301D0264053C1D31E4C443AA1728EE85,  Size: 639
File: small_multi_breakup_cracks.png,  Directory: dir7BFBE7152BD1F709E4A8AB545308CE6B,  Size: 11952
File: spd_curve5.png,  Directory: dir301D0264053C1D31E4C443AA1728EE85,  Size: 226771
File: SelModFixParam.htm,  Directory: dir104759975766716C7047FC16D523E7B8,  Size: 2622
File: EncoderWheel.htm,  Directory: dirFBF7365A5264634AB5246E4024DA46BB,  Size: 2428
File: raondom_breakup_medium.png,  Directory: dir7BFBE7152BD1F709E4A8AB545308CE6B,  Size: 13205
File: winctrl_arrows_300x122.png,  Directory: dir301D0264053C1D31E4C443AA1728EE85,  Size: 4033
File: colordir_buttonview5.png,  Directory: dir301D0264053C1D31E4C443AA1728EE85,  Size: 48991
File: plot_grid_5.png,  Directory: dir301D0264053C1D31E4C443AA1728EE85,  Size: 9901
File: DeletingGroups.htm,  Directory: dir2B73C4AF7D97B518FD415ECB6940F18F,  Size: 4443
File: dots_multi_random.png,  Directory: dir7BFBE7152BD1F709E4A8AB545308CE6B,  Size: 4562
File: select_toolbar5_960x90.png,  Directory: dir301D0264053C1D31E4C443AA1728EE85,  Size: 18509
File: GroupMasters.htm,  Directory: dir3399D43E8E0CB2368BC79B27F701792F,  Size: 8223
File: StageHog_layout_960x300.png,  Directory: dir301D0264053C1D31E4C443AA1728EE85,  Size: 109569
File: 0032_babyblue.png,  Directory: dirCF9519B65614710F6BDCEFAB09BAE21D,  Size: 3510
File: MasterPlaybackOptions.htm,  Directory: dir3399D43E8E0CB2368BC79B27F701792F,  Size: 17763
File: six_blue_curved_pinwheel.png,  Directory: dir7BFBE7152BD1F709E4A8AB545308CE6B,  Size: 7602
File: fb_mid16_5_960x769.png,  Directory: dir301D0264053C1D31E4C443AA1728EE85,  Size: 95698
File: FixtureConfig.htm,  Directory: dirE1F6960898D23EE4594C548D589D98C6,  Size: 25576
File: single_three_pointed_star.png,  Directory: dir7BFBE7152BD1F709E4A8AB545308CE6B,  Size: 3334
File: SPD.htm,  Directory: dirFBF7365A5264634AB5246E4024DA46BB,  Size: 2619
File: three_section_breakup_thick_border_line.png,  Directory: dir7BFBE7152BD1F709E4A8AB545308CE6B,  Size: 2476
File: h_touch1_5.png,  Directory: dir301D0264053C1D31E4C443AA1728EE85,  Size: 35485
File: net_overlap_holes_tunnel_circle.png,  Directory: dir7BFBE7152BD1F709E4A8AB545308CE6B,  Size: 12627
File: Tracking.htm,  Directory: dir429E2BE47FEE1102CC112010FC902992,  Size: 56715
File: MediaPicker.htm,  Directory: dirFBF7365A5264634AB5246E4024DA46BB,  Size: 2522
File: seventeen_small_cubes_multi_diamond.png,  Directory: dir7BFBE7152BD1F709E4A8AB545308CE6B,  Size: 16907
File: multi_overlapping_bars_breakup_small.png,  Directory: dir7BFBE7152BD1F709E4A8AB545308CE6B,  Size: 10663
File: vertical_bars_rain_medium.png,  Directory: dir7BFBE7152BD1F709E4A8AB545308CE6B,  Size: 7430
File: fourteen_flower_petals_multi_fan_spin.png,  Directory: dir7BFBE7152BD1F709E4A8AB545308CE6B,  Size: 10015
File: plot_add_shape_5.png,  Directory: dir301D0264053C1D31E4C443AA1728EE85,  Size: 9158
File: multi_lines_grids_overlapping_vines_foliage.png,  Directory: dir7BFBE7152BD1F709E4A8AB545308CE6B,  Size: 21416
File: PageDelete.htm,  Directory: dir1295D77647C34B08C40F04A047C6B38F,  Size: 3673
File: star_fourpoint.png,  Directory: dir7BFBE7152BD1F709E4A8AB545308CE6B,  Size: 1160
File: bars_spiral_swirl_four_layer.png,  Directory: dir7BFBE7152BD1F709E4A8AB545308CE6B,  Size: 6631
File: thin_triangle_wedges_shards_breakup_multi.png,  Directory: dir7BFBE7152BD1F709E4A8AB545308CE6B,  Size: 12222
File: twinkle_star_one.png,  Directory: dir7BFBE7152BD1F709E4A8AB545308CE6B,  Size: 4182
File: red_rotating_fire_symmetrical.png,  Directory: dir7BFBE7152BD1F709E4A8AB545308CE6B,  Size: 29254
File: SearchPhrase_Chunk1.js,  Directory: dirAAE153D476A857C192561F7A3BFE2D57,  Size: 30006
File: cmdexe5_600x321.png,  Directory: dir301D0264053C1D31E4C443AA1728EE85,  Size: 49495
File: multi_dots_breakup_small.png,  Directory: dir7BFBE7152BD1F709E4A8AB545308CE6B,  Size: 5016
File: Gobo.htm,  Directory: dirFBF7365A5264634AB5246E4024DA46BB,  Size: 2480
File: four_thin_element_cone_circle_tunnel.png,  Directory: dir7BFBE7152BD1F709E4A8AB545308CE6B,  Size: 4099
File: three_bars_vertical_symmetrical.png,  Directory: dir7BFBE7152BD1F709E4A8AB545308CE6B,  Size: 1524
File: glass_jupiter_warped_circles.png,  Directory: dir7BFBE7152BD1F709E4A8AB545308CE6B,  Size: 11466
File: vertical_bars_rain_small.png,  Directory: dir7BFBE7152BD1F709E4A8AB545308CE6B,  Size: 11494
File: stars_breakup_lotsofstars.png,  Directory: dir7BFBE7152BD1F709E4A8AB545308CE6B,  Size: 7338
File: shattered_breakup_medium.png,  Directory: dir7BFBE7152BD1F709E4A8AB545308CE6B,  Size: 7027
File: cue_dir_active_5.png,  Directory: dir301D0264053C1D31E4C443AA1728EE85,  Size: 44547
File: HPC_1_600x466.png,  Directory: dir301D0264053C1D31E4C443AA1728EE85,  Size: 91668
File: sun_wave_border_purple_color.png,  Directory: dir7BFBE7152BD1F709E4A8AB545308CE6B,  Size: 4326
File: glass_glow_lines_cracks.png,  Directory: dir7BFBE7152BD1F709E4A8AB545308CE6B,  Size: 25885
File: cloud_breakup_small.png,  Directory: dir7BFBE7152BD1F709E4A8AB545308CE6B,  Size: 9879
File: HogOSFundamentals.htm,  Directory: dir506C26B368C466EAAF42C3B612DDA6A7,  Size: 2576
File: cracks_lines_diagonal_broken.png,  Directory: dir7BFBE7152BD1F709E4A8AB545308CE6B,  Size: 5785
File: tirbal_curved_breakup.png,  Directory: dir7BFBE7152BD1F709E4A8AB545308CE6B,  Size: 8603
File: dotusernumselect4_427x703.png,  Directory: dir301D0264053C1D31E4C443AA1728EE85,  Size: 107052
File: midi_note_win5_600x283.png,  Directory: dir301D0264053C1D31E4C443AA1728EE85,  Size: 20857
File: eight_pointed_star_half.png,  Directory: dir7BFBE7152BD1F709E4A8AB545308CE6B,  Size: 1606
File: SearchStem_Chunk4.js,  Directory: dirAAE153D476A857C192561F7A3BFE2D57,  Size: 30012
File: plybck_opt_cuelist_chase5.png,  Directory: dir301D0264053C1D31E4C443AA1728EE85,  Size: 168607
File: FB_CSP_5_add_5.png,  Directory: dir301D0264053C1D31E4C443AA1728EE85,  Size: 29693
File: SearchPhrase_Chunk31.js,  Directory: dirAAE153D476A857C192561F7A3BFE2D57,  Size: 29990
File: clock.png,  Directory: dir301D0264053C1D31E4C443AA1728EE85,  Size: 914
File: single_paint_splat_big.png,  Directory: dir7BFBE7152BD1F709E4A8AB545308CE6B,  Size: 5364
File: blur_small_circles_bulge_sphere.png,  Directory: dir7BFBE7152BD1F709E4A8AB545308CE6B,  Size: 21956
File: sqaure_pipes_random.png,  Directory: dir7BFBE7152BD1F709E4A8AB545308CE6B,  Size: 7383
File: Setup.htm,  Directory: dir4BE944CC52319BEEBBE027DB9BA856E7,  Size: 2580
File: eight_lines_shooting_star_tunnel.png,  Directory: dir7BFBE7152BD1F709E4A8AB545308CE6B,  Size: 10393
File: 0016_diagonalfrost.png,  Directory: dir6D583EA6C7A4916F30AECA4AC4DB133D,  Size: 9628
File: cnsl_sec_360x234.png,  Directory: dir301D0264053C1D31E4C443AA1728EE85,  Size: 16237
File: eleven_medium_stars.png,  Directory: dir7BFBE7152BD1F709E4A8AB545308CE6B,  Size: 8062
File: RenamingPreviewImages.htm,  Directory: dir158F969D79590B25CF1C2A5D8BF8C587,  Size: 4076
File: fbt_ch10_11_5.png,  Directory: dir301D0264053C1D31E4C443AA1728EE85,  Size: 41283
File: fbt_ch5_5.png,  Directory: dir301D0264053C1D31E4C443AA1728EE85,  Size: 23138
File: cue_mark_keypad5_960x321.png,  Directory: dir301D0264053C1D31E4C443AA1728EE85,  Size: 73931
File: eight_ovals_tunnel_spiral_spin.png,  Directory: dir7BFBE7152BD1F709E4A8AB545308CE6B,  Size: 6558
File: four_radial_crescents.png,  Directory: dir7BFBE7152BD1F709E4A8AB545308CE6B,  Size: 2704
File: winctrl_focus.png,  Directory: dir301D0264053C1D31E4C443AA1728EE85,  Size: 1319
File: TechSpec_HH4_2015.htm,  Directory: dirE616E725F39764101A897681B058E202,  Size: 9210
File: Modifier.htm,  Directory: dirFBF7365A5264634AB5246E4024DA46BB,  Size: 2530
File: ResponsiveHome.png,  Directory: dirB18C0EE27D64684ADC5C3CC0891E3399,  Size: 301
File: eight_bar_fan_circle_color_yellow.png,  Directory: dir7BFBE7152BD1F709E4A8AB545308CE6B,  Size: 9964
File: dots_medium_random.png,  Directory: dir7BFBE7152BD1F709E4A8AB545308CE6B,  Size: 2790
File: ThirdPartySofttware.htm,  Directory: dirCAE2967671FF55BA027016B8054C0AC2,  Size: 3942
File: fan_toolbar_5.png,  Directory: dir301D0264053C1D31E4C443AA1728EE85,  Size: 9014
File: 100BaseT.htm,  Directory: dirFBF7365A5264634AB5246E4024DA46BB,  Size: 2748
File: glass_triangle_swirl_color_purple.png,  Directory: dir7BFBE7152BD1F709E4A8AB545308CE6B,  Size: 12431
File: Timing.htm,  Directory: dirFBF7365A5264634AB5246E4024DA46BB,  Size: 2699
File: fuzzy_horizontal_stripes_diagonal_thin.png,  Directory: dir7BFBE7152BD1F709E4A8AB545308CE6B,  Size: 11938
File: brake.png,  Directory: dir301D0264053C1D31E4C443AA1728EE85,  Size: 1059
File: LoopsandLinks.htm,  Directory: dir4937F9448319195033DF111F8C9A4E12,  Size: 15036
File: cue_list_clock_trig5_960x295.png,  Directory: dir301D0264053C1D31E4C443AA1728EE85,  Size: 68145
File: twelve_twinkle_stars_multi_animated.png,  Directory: dir7BFBE7152BD1F709E4A8AB545308CE6B,  Size: 8884
File: 3D_skull_face_image.png,  Directory: dir7BFBE7152BD1F709E4A8AB545308CE6B,  Size: 8683
File: DMXOutput.htm,  Directory: dir4BE944CC52319BEEBBE027DB9BA856E7,  Size: 11746
File: fade_mark_comp5.png,  Directory: dir301D0264053C1D31E4C443AA1728EE85,  Size: 39404
File: multi_small_ovals_pebbles_rocks.png,  Directory: dir7BFBE7152BD1F709E4A8AB545308CE6B,  Size: 9724
File: slots_toolbar5_960x216.png,  Directory: dir301D0264053C1D31E4C443AA1728EE85,  Size: 21079
File: IWheel.htm,  Directory: dirFBF7365A5264634AB5246E4024DA46BB,  Size: 2548
File: two_rings_small_large_circle.png,  Directory: dir7BFBE7152BD1F709E4A8AB545308CE6B,  Size: 3236
File: config_button_size5.png,  Directory: dir301D0264053C1D31E4C443AA1728EE85,  Size: 20814
File: fan_spin.png,  Directory: dir7BFBE7152BD1F709E4A8AB545308CE6B,  Size: 5869
File: LMP_text_red_dot_words.png,  Directory: dir7BFBE7152BD1F709E4A8AB545308CE6B,  Size: 5400
File: lava_ovals_melt_gradient.png,  Directory: dir7BFBE7152BD1F709E4A8AB545308CE6B,  Size: 8806
File: fb_mid14_5_960x609.png,  Directory: dir301D0264053C1D31E4C443AA1728EE85,  Size: 66566
File: fourteen_twinkle_stars_multi_animated.png,  Directory: dir7BFBE7152BD1F709E4A8AB545308CE6B,  Size: 4879
File: H4OS_KeyCombo.htm,  Directory: dir8D3DE84CACE1BF39A6D8DEE76C1BAA21,  Size: 32538
File: ShowServer.htm,  Directory: dirFBF7365A5264634AB5246E4024DA46BB,  Size: 2580
File: FilterOutline.png,  Directory: dirB18C0EE27D64684ADC5C3CC0891E3399,  Size: 301
File: three_small_dots_bar_symmetrical.png,  Directory: dir7BFBE7152BD1F709E4A8AB545308CE6B,  Size: 1892
File: layer_stars_multi_pow_kaboom.png,  Directory: dir7BFBE7152BD1F709E4A8AB545308CE6B,  Size: 6703
File: index-collapsed.png,  Directory: dirB18C0EE27D64684ADC5C3CC0891E3399,  Size: 209
File: SearchPhrase_Chunk33.js,  Directory: dirAAE153D476A857C192561F7A3BFE2D57,  Size: 29790
File: twelve_broken_triangles_dot_border.png,  Directory: dir7BFBE7152BD1F709E4A8AB545308CE6B,  Size: 7570
File: firework_shard_multi_sharp_pointer.png,  Directory: dir7BFBE7152BD1F709E4A8AB545308CE6B,  Size: 9386
File: eight_triangles_squares_symmetrical.png,  Directory: dir7BFBE7152BD1F709E4A8AB545308CE6B,  Size: 4072
File: sun_star_single_points.png,  Directory: dir7BFBE7152BD1F709E4A8AB545308CE6B,  Size: 6689
File: crater_glass_deep.png,  Directory: dir7BFBE7152BD1F709E4A8AB545308CE6B,  Size: 16630
File: thick_uneven_lines_multi_horizontal.png,  Directory: dir7BFBE7152BD1F709E4A8AB545308CE6B,  Size: 10146
File: thin_lines_multi_horizontal_vertical_grid.png,  Directory: dir7BFBE7152BD1F709E4A8AB545308CE6B,  Size: 8132
File: EditingPalettes.htm,  Directory: dirA1A3397425DE95F5347E70E7B4149798,  Size: 6101
File: glass_eight_point_star_mesh_grid_color_purple.png,  Directory: dir7BFBE7152BD1F709E4A8AB545308CE6B,  Size: 31586
File: TechSpec_Hog4PC.htm,  Directory: dirE616E725F39764101A897681B058E202,  Size: 4734
File: Glass_color_blue_green_yellow_oil_swirl.png,  Directory: dir7BFBE7152BD1F709E4A8AB545308CE6B,  Size: 28276
File: OSCIntro.htm,  Directory: dir5129A05B3C5DF7E91A6148CBEC3A96C7,  Size: 2947
File: NetworkShow.htm,  Directory: dir59111B18C3A85535B8DD93AED5C7CB42,  Size: 3236
File: sun_thin_border_circle_tribal.png,  Directory: dir7BFBE7152BD1F709E4A8AB545308CE6B,  Size: 3996
File: glass_wave_ripples_bubbles.png,  Directory: dir7BFBE7152BD1F709E4A8AB545308CE6B,  Size: 15728
File: osc_config_out5_960x586.png,  Directory: dir301D0264053C1D31E4C443AA1728EE85,  Size: 79828
File: programmer_bottom_half_960x362.png,  Directory: dir301D0264053C1D31E4C443AA1728EE85,  Size: 56730
File: LargeShows.htm,  Directory: dir59111B18C3A85535B8DD93AED5C7CB42,  Size: 4719
File: CueListNaming.htm,  Directory: dir429E2BE47FEE1102CC112010FC902992,  Size: 3259
File: SearchPhrase_Chunk6.js,  Directory: dirAAE153D476A857C192561F7A3BFE2D57,  Size: 29991
File: fb_advanced_clone_960x567.png,  Directory: dir301D0264053C1D31E4C443AA1728EE85,  Size: 66643
File: IpAddress.htm,  Directory: dirFBF7365A5264634AB5246E4024DA46BB,  Size: 2625
File: three_segment_border_circle.png,  Directory: dir7BFBE7152BD1F709E4A8AB545308CE6B,  Size: 7061
File: 0005_sevenface.png,  Directory: dir0D973686163D66EE8454B4DA57145C33,  Size: 9457
File: winctrl_move.png,  Directory: dir301D0264053C1D31E4C443AA1728EE85,  Size: 1343
File: Y_bars_single.png,  Directory: dir7BFBE7152BD1F709E4A8AB545308CE6B,  Size: 4183
File: TechSpec_StageHog.htm,  Directory: dirE616E725F39764101A897681B058E202,  Size: 25323
File: SearchPhrase_Chunk11.js,  Directory: dirAAE153D476A857C192561F7A3BFE2D57,  Size: 29990
File: fx_timing_engine.png,  Directory: dir301D0264053C1D31E4C443AA1728EE85,  Size: 45403
File: Effect_Baseless.htm,  Directory: dirFBF7365A5264634AB5246E4024DA46BB,  Size: 2658
File: thirtytwo_petals_ovals_flower_rings_layer.png,  Directory: dir7BFBE7152BD1F709E4A8AB545308CE6B,  Size: 5433
File: mediapicker5.png,  Directory: dir301D0264053C1D31E4C443AA1728EE85,  Size: 93539
File: shattred_puzzle_medium_breakup.png,  Directory: dir7BFBE7152BD1F709E4A8AB545308CE6B,  Size: 6946
File: pal_type_fix5.png,  Directory: dir301D0264053C1D31E4C443AA1728EE85,  Size: 74740
File: 0001_frost.png,  Directory: dir6D583EA6C7A4916F30AECA4AC4DB133D,  Size: 5641
File: 0016_magenta4.png,  Directory: dirCF9519B65614710F6BDCEFAB09BAE21D,  Size: 3510
File: diagonal_slices_lines_divide_three_color_yellow_purple_blue.png,  Directory: dir7BFBE7152BD1F709E4A8AB545308CE6B,  Size: 5771
File: Synonyms.xml,  Directory: dirAAE153D476A857C192561F7A3BFE2D57,  Size: 129
File: triangles_circle_tunnel_fan_shards.png,  Directory: dir7BFBE7152BD1F709E4A8AB545308CE6B,  Size: 9240
File: fb_mid15_5_960x768.png,  Directory: dir301D0264053C1D31E4C443AA1728EE85,  Size: 83961
File: twelve_thin_bars_circle.png,  Directory: dir7BFBE7152BD1F709E4A8AB545308CE6B,  Size: 2578
File: multi_sun_squiggles_medium_circle.png,  Directory: dir7BFBE7152BD1F709E4A8AB545308CE6B,  Size: 7067
File: TourHog_layout_960x402.png,  Directory: dir301D0264053C1D31E4C443AA1728EE85,  Size: 121669
File: tiny_dots_splatter_moon.png,  Directory: dir7BFBE7152BD1F709E4A8AB545308CE6B,  Size: 9384
File: 3D_cracked_puzzle_maze.png,  Directory: dir7BFBE7152BD1F709E4A8AB545308CE6B,  Size: 32174
File: SceneDeleting.htm,  Directory: dir070BAB3FED22BFAFF21D603A3F08F6D5,  Size: 3920
File: breakup_scattered_foliage_multi.png,  Directory: dir7BFBE7152BD1F709E4A8AB545308CE6B,  Size: 21352
File: cinema_zero_number_grid.png,  Directory: dir7BFBE7152BD1F709E4A8AB545308CE6B,  Size: 7564
File: single_square_big.png,  Directory: dir7BFBE7152BD1F709E4A8AB545308CE6B,  Size: 1777
File: HES_USB_DMX_Widgets.htm,  Directory: dir4BE944CC52319BEEBBE027DB9BA856E7,  Size: 14022
File: small_cityscape_city_skyline_image_silhouette.png,  Directory: dir7BFBE7152BD1F709E4A8AB545308CE6B,  Size: 5050
File: thick_vertical_lines_breakup.png,  Directory: dir7BFBE7152BD1F709E4A8AB545308CE6B,  Size: 3830
File: fix_agg_ex5.png,  Directory: dir301D0264053C1D31E4C443AA1728EE85,  Size: 28634
File: toolbar_dir_ent5.png,  Directory: dir301D0264053C1D31E4C443AA1728EE85,  Size: 71921
File: eight_point_ovals_sun_varioius_sizes_color_red.png,  Directory: dir7BFBE7152BD1F709E4A8AB545308CE6B,  Size: 8506
File: Chromaticity_Diagram.htm,  Directory: dirFBF7365A5264634AB5246E4024DA46BB,  Size: 2523
File: tocActive_1_1.png,  Directory: dirB18C0EE27D64684ADC5C3CC0891E3399,  Size: 3028
File: four_squares_cross.png,  Directory: dir7BFBE7152BD1F709E4A8AB545308CE6B,  Size: 4104
File: tunnel_stripes_spin.png,  Directory: dir7BFBE7152BD1F709E4A8AB545308CE6B,  Size: 11748
File: v_CIE_yy.htm,  Directory: dirFBF7365A5264634AB5246E4024DA46BB,  Size: 2600
File: sixteen_bars_lines_circle_fan.png,  Directory: dir7BFBE7152BD1F709E4A8AB545308CE6B,  Size: 6463
File: brick_square_horizontal_lines_squares.png,  Directory: dir7BFBE7152BD1F709E4A8AB545308CE6B,  Size: 7883
File: four_crescent_symmetrical_medium.png,  Directory: dir7BFBE7152BD1F709E4A8AB545308CE6B,  Size: 7149
File: vertical_jagged_breakup.png,  Directory: dir7BFBE7152BD1F709E4A8AB545308CE6B,  Size: 4607
File: ovals_breakup_eight.png,  Directory: dir7BFBE7152BD1F709E4A8AB545308CE6B,  Size: 6397
File: PlaybackControlErrors.htm,  Directory: dir89EA610D4F97992D0567E123129F87FD,  Size: 2786
File: DeletePalette.htm,  Directory: dirA1A3397425DE95F5347E70E7B4149798,  Size: 4082
File: sunburst_radial_cones_spikes.png,  Directory: dir7BFBE7152BD1F709E4A8AB545308CE6B,  Size: 9767
File: pal_edit5_960x191.png,  Directory: dir301D0264053C1D31E4C443AA1728EE85,  Size: 55347
File: six_petals_rotating_right.png,  Directory: dir7BFBE7152BD1F709E4A8AB545308CE6B,  Size: 8406
File: six_segmented_ring_cone_medium.png,  Directory: dir7BFBE7152BD1F709E4A8AB545308CE6B,  Size: 4245
File: 3D_spike_ball.png,  Directory: dir7BFBE7152BD1F709E4A8AB545308CE6B,  Size: 9788
File: six_dots_rotating_right.png,  Directory: dir7BFBE7152BD1F709E4A8AB545308CE6B,  Size: 3104
File: four_rotating_left_dots_archs.png,  Directory: dir7BFBE7152BD1F709E4A8AB545308CE6B,  Size: 5335
File: crater_glass_extra_deep.png,  Directory: dir7BFBE7152BD1F709E4A8AB545308CE6B,  Size: 26891
File: twelve_wedges_circle_lace_border_multi.png,  Directory: dir7BFBE7152BD1F709E4A8AB545308CE6B,  Size: 6250
File: 0059.png,  Directory: dirCF9519B65614710F6BDCEFAB09BAE21D,  Size: 6976
File: warped_squiggle_sun.png,  Directory: dir7BFBE7152BD1F709E4A8AB545308CE6B,  Size: 9325
File: tiny_triangles_border_circle_rings.png,  Directory: dir7BFBE7152BD1F709E4A8AB545308CE6B,  Size: 9076
File: 3D_tiny_triangles_color_pink.png,  Directory: dir7BFBE7152BD1F709E4A8AB545308CE6B,  Size: 21993
File: three_winged_spiral_segmented_thin_spin.png,  Directory: dir7BFBE7152BD1F709E4A8AB545308CE6B,  Size: 4221
File: SplitFade.htm,  Directory: dirFBF7365A5264634AB5246E4024DA46BB,  Size: 2636
File: tiny_curved_square_lines_multi.png,  Directory: dir7BFBE7152BD1F709E4A8AB545308CE6B,  Size: 5164
File: thick_spiral_asymmetrical.png,  Directory: dir7BFBE7152BD1F709E4A8AB545308CE6B,  Size: 6228
File: Timecode.htm,  Directory: dirFBF7365A5264634AB5246E4024DA46BB,  Size: 2589
File: ResponsiveMadCapLogo.png,  Directory: dirB18C0EE27D64684ADC5C3CC0891E3399,  Size: 15604
File: fbt_summary_5_960x574.png,  Directory: dir301D0264053C1D31E4C443AA1728EE85,  Size: 35190
File: TechSpec_FB4.htm,  Directory: dirE616E725F39764101A897681B058E202,  Size: 9843
File: FixBuild_Tutorial_CSPar.htm,  Directory: dir4DDC1C874BC664E97A383AFD2CB09114,  Size: 8449
File: SearchPhrase_Chunk15.js,  Directory: dirAAE153D476A857C192561F7A3BFE2D57,  Size: 30000
File: six_rings_radial_medium_symmetrical.png,  Directory: dir7BFBE7152BD1F709E4A8AB545308CE6B,  Size: 6435
File: segmented_ring_radial_bars_thin.png,  Directory: dir7BFBE7152BD1F709E4A8AB545308CE6B,  Size: 3638
File: thin_triangle.png,  Directory: dir7BFBE7152BD1F709E4A8AB545308CE6B,  Size: 1555
File: MIDINoteandCCoutput.htm,  Directory: dirF4FE94F7D1F783D69C43259372E7A09E,  Size: 6215
File: glass_square_layer_stacked.png,  Directory: dir7BFBE7152BD1F709E4A8AB545308CE6B,  Size: 24577
File: palms_inverted_breakup_small.png,  Directory: dir7BFBE7152BD1F709E4A8AB545308CE6B,  Size: 7479
File: twelve_curved_lines_horizontal.png,  Directory: dir7BFBE7152BD1F709E4A8AB545308CE6B,  Size: 10792
File: Group.htm,  Directory: dirFBF7365A5264634AB5246E4024DA46BB,  Size: 2590
File: book.png,  Directory: dirB18C0EE27D64684ADC5C3CC0891E3399,  Size: 412
File: vertical_blinds_bars_thin.png,  Directory: dir7BFBE7152BD1F709E4A8AB545308CE6B,  Size: 11448
File: lines_grid_squares_squiggles_map_maze.png,  Directory: dir7BFBE7152BD1F709E4A8AB545308CE6B,  Size: 17085
File: pal_type_fix5_960x215.png,  Directory: dir301D0264053C1D31E4C443AA1728EE85,  Size: 46787
File: red_sun_bars_medium.png,  Directory: dir7BFBE7152BD1F709E4A8AB545308CE6B,  Size: 18036
File: UpdatingSoftware.htm,  Directory: dir5DC53C2A105460D0156677FED587ECF6,  Size: 2574
File: line_tunnel_flower.png,  Directory: dir7BFBE7152BD1F709E4A8AB545308CE6B,  Size: 17084
File: ManuallySpecifyingDMXChannels.htm,  Directory: dir9A97A7B3D386D7011D7BF321F7232B1F,  Size: 3305
File: spiral_tunnel_lines.png,  Directory: dir7BFBE7152BD1F709E4A8AB545308CE6B,  Size: 7611
File: 0010_darkpink.png,  Directory: dirCF9519B65614710F6BDCEFAB09BAE21D,  Size: 3510
File: CueListDelete.htm,  Directory: dir429E2BE47FEE1102CC112010FC902992,  Size: 4126
File: segmented_swirl_rotating_left.png,  Directory: dir7BFBE7152BD1F709E4A8AB545308CE6B,  Size: 3223
File: thin_multi_arm_spiral_spin_turn_fan.png,  Directory: dir7BFBE7152BD1F709E4A8AB545308CE6B,  Size: 12816
File: sixteen_ovals_flower_petals_symmetrical.png,  Directory: dir7BFBE7152BD1F709E4A8AB545308CE6B,  Size: 9942
File: arrow_up_angled_bottom.png,  Directory: dir7BFBE7152BD1F709E4A8AB545308CE6B,  Size: 2496
File: star_david_eights_points.png,  Directory: dir7BFBE7152BD1F709E4A8AB545308CE6B,  Size: 8253
File: one_connected_bar_curved.png,  Directory: dir7BFBE7152BD1F709E4A8AB545308CE6B,  Size: 1966
File: loops_toolbar5_600x230.png,  Directory: dir301D0264053C1D31E4C443AA1728EE85,  Size: 42625
File: twelve_oval_petals_multicolor_radial_yellow_blue.png,  Directory: dir7BFBE7152BD1F709E4A8AB545308CE6B,  Size: 12314
File: ovals_tunnel_color_red_spiral.png,  Directory: dir7BFBE7152BD1F709E4A8AB545308CE6B,  Size: 10134
File: pointed_breakup_small.png,  Directory: dir7BFBE7152BD1F709E4A8AB545308CE6B,  Size: 6954
File: blurred_gradient_circle_sphere_one.png,  Directory: dir7BFBE7152BD1F709E4A8AB545308CE6B,  Size: 2998
File: 3D_net_circles_multi_dimmensional.png,  Directory: dir7BFBE7152BD1F709E4A8AB545308CE6B,  Size: 11205
File: star_layer_breakup_multi.png,  Directory: dir7BFBE7152BD1F709E4A8AB545308CE6B,  Size: 6687
File: pal_masking_toolbar5.png,  Directory: dir301D0264053C1D31E4C443AA1728EE85,  Size: 5519
File: DocumentIcon.png,  Directory: dirB18C0EE27D64684ADC5C3CC0891E3399,  Size: 217
File: ResponsiveNextTopicButton.png,  Directory: dirB18C0EE27D64684ADC5C3CC0891E3399,  Size: 2944
File: swirl_mix_marble.png,  Directory: dir7BFBE7152BD1F709E4A8AB545308CE6B,  Size: 7860
File: one_small_curved_triangle_purple_color.png,  Directory: dir7BFBE7152BD1F709E4A8AB545308CE6B,  Size: 3531
File: two_thin_bars_rings.png,  Directory: dir7BFBE7152BD1F709E4A8AB545308CE6B,  Size: 2318
File: start_screen5.png,  Directory: dir301D0264053C1D31E4C443AA1728EE85,  Size: 53689
File: gang_tool_5.png,  Directory: dir301D0264053C1D31E4C443AA1728EE85,  Size: 12770
File: DMX.htm,  Directory: dirFBF7365A5264634AB5246E4024DA46BB,  Size: 2578
File: twelve_teardrop_border_color_pink.png,  Directory: dir7BFBE7152BD1F709E4A8AB545308CE6B,  Size: 7333
File: dotusernumselect3.png,  Directory: dir301D0264053C1D31E4C443AA1728EE85,  Size: 61506
File: TC_Assign.htm,  Directory: dirEB1884289FDB2B8A3A7EA3D2480E5577,  Size: 6341
File: four_square_warped_curved.png,  Directory: dir7BFBE7152BD1F709E4A8AB545308CE6B,  Size: 2308
File: single_typhoon_rotating_right_archs.png,  Directory: dir7BFBE7152BD1F709E4A8AB545308CE6B,  Size: 7207
File: network_warning.png,  Directory: dir301D0264053C1D31E4C443AA1728EE85,  Size: 866
File: macro_recording.png,  Directory: dir301D0264053C1D31E4C443AA1728EE85,  Size: 1176
File: FB_CSP_133_5.png,  Directory: dir301D0264053C1D31E4C443AA1728EE85,  Size: 24839
File: using_live_touch_2_en_5.png,  Directory: dir301D0264053C1D31E4C443AA1728EE85,  Size: 54138
File: EditingGroups.htm,  Directory: dir2B73C4AF7D97B518FD415ECB6940F18F,  Size: 3847
File: bars_lines_maze_tunnel.png,  Directory: dir7BFBE7152BD1F709E4A8AB545308CE6B,  Size: 9568
File: glass_lines_frost.png,  Directory: dir7BFBE7152BD1F709E4A8AB545308CE6B,  Size: 11337
File: Spectral_Curve.htm,  Directory: dirFBF7365A5264634AB5246E4024DA46BB,  Size: 2526
File: multi_crescent_circle_ring_flower_sun.png,  Directory: dir7BFBE7152BD1F709E4A8AB545308CE6B,  Size: 17987
File: KeystrokeMacros.htm,  Directory: dir4906AD30EA0612325645F02F4BEB2740,  Size: 18115
File: blurred_sun_thin_smudge_pink_purple_multicolor.png,  Directory: dir7BFBE7152BD1F709E4A8AB545308CE6B,  Size: 19539
File: glass_bubble_pattern_multi.png,  Directory: dir7BFBE7152BD1F709E4A8AB545308CE6B,  Size: 18734
File: ResponsiveLogInButton.png,  Directory: dirB18C0EE27D64684ADC5C3CC0891E3399,  Size: 427
File: Filter.png,  Directory: dirB18C0EE27D64684ADC5C3CC0891E3399,  Size: 313
File: segmented_vertical_wavy_bars_slats.png,  Directory: dir7BFBE7152BD1F709E4A8AB545308CE6B,  Size: 9600
File: fb_mid17_5_960x770.png,  Directory: dir301D0264053C1D31E4C443AA1728EE85,  Size: 134069
File: 0014_mediumconefrost.png,  Directory: dir6D583EA6C7A4916F30AECA4AC4DB133D,  Size: 6594
File: TechSpec_HH4.htm,  Directory: dirE616E725F39764101A897681B058E202,  Size: 8811
File: TouchedValue.htm,  Directory: dirFBF7365A5264634AB5246E4024DA46BB,  Size: 2596
File: 0040_limegreen.png,  Directory: dirCF9519B65614710F6BDCEFAB09BAE21D,  Size: 3510
File: galaxy_ring_oval_layer_space.png,  Directory: dir7BFBE7152BD1F709E4A8AB545308CE6B,  Size: 7798
File: single_medium_horizontal_bar.png,  Directory: dir7BFBE7152BD1F709E4A8AB545308CE6B,  Size: 1838
File: curved_arrow_left.png,  Directory: dir7BFBE7152BD1F709E4A8AB545308CE6B,  Size: 1604
File: prerecorded.png,  Directory: dir301D0264053C1D31E4C443AA1728EE85,  Size: 51258
File: indicator_chat_unread.png,  Directory: dir301D0264053C1D31E4C443AA1728EE85,  Size: 1680
File: sixteen_curved_crescent_bars_lines_signal_wave_sound_segment.png,  Directory: dir7BFBE7152BD1F709E4A8AB545308CE6B,  Size: 11559
File: large_flame_fire.png,  Directory: dir7BFBE7152BD1F709E4A8AB545308CE6B,  Size: 7968
File: stars_six_large_multi.png,  Directory: dir7BFBE7152BD1F709E4A8AB545308CE6B,  Size: 6707
File: multi_squiggle_breakup_small.png,  Directory: dir7BFBE7152BD1F709E4A8AB545308CE6B,  Size: 8144
File: square_curved_overlapping_layers_multi.png,  Directory: dir7BFBE7152BD1F709E4A8AB545308CE6B,  Size: 5962
File: five_zigzag_inverted_fan.png,  Directory: dir7BFBE7152BD1F709E4A8AB545308CE6B,  Size: 3736
File: 0068.png,  Directory: dirCF9519B65614710F6BDCEFAB09BAE21D,  Size: 2756
File: FB_CSP_3_5.png,  Directory: dir301D0264053C1D31E4C443AA1728EE85,  Size: 24632
File: four_blue_radar_fan_rings.png,  Directory: dir7BFBE7152BD1F709E4A8AB545308CE6B,  Size: 9009
File: glass_square_rows_grid.png,  Directory: dir7BFBE7152BD1F709E4A8AB545308CE6B,  Size: 28471
File: FB_CSP_Protocol_600x362.png,  Directory: dir301D0264053C1D31E4C443AA1728EE85,  Size: 70830
File: ten_medium_dots_circle_border_color_purple.png,  Directory: dir7BFBE7152BD1F709E4A8AB545308CE6B,  Size: 7859
File: CP_Gels5.png,  Directory: dir301D0264053C1D31E4C443AA1728EE85,  Size: 135469
File: eighteen_square_ring_cone.png,  Directory: dir7BFBE7152BD1F709E4A8AB545308CE6B,  Size: 4965
File: eighteen_rounded_multi_squares.png,  Directory: dir7BFBE7152BD1F709E4A8AB545308CE6B,  Size: 3152
File: DHCP.htm,  Directory: dirFBF7365A5264634AB5246E4024DA46BB,  Size: 2788
File: playback_bar_template_page_5.png,  Directory: dir301D0264053C1D31E4C443AA1728EE85,  Size: 10055
File: ResponsiveIndexActive.png,  Directory: dirB18C0EE27D64684ADC5C3CC0891E3399,  Size: 273
File: Color_Space_xyY.htm,  Directory: dirFBF7365A5264634AB5246E4024DA46BB,  Size: 2611
File: overlapping_triangle_3D_layer.png,  Directory: dir7BFBE7152BD1F709E4A8AB545308CE6B,  Size: 7516
File: flames_vertical_fire_medium.png,  Directory: dir7BFBE7152BD1F709E4A8AB545308CE6B,  Size: 10724
File: ConfigConsole.htm,  Directory: dirDC400B2463EACEDD8C6FFFA0A2442745,  Size: 4574
File: layered_pastel_shapes_multi_color_multicolor_cyan_magenta.png,  Directory: dir7BFBE7152BD1F709E4A8AB545308CE6B,  Size: 26309
File: topic.png,  Directory: dirB18C0EE27D64684ADC5C3CC0891E3399,  Size: 543
File: dotusernumselect4.png,  Directory: dir301D0264053C1D31E4C443AA1728EE85,  Size: 31016
File: glass_small_squares_grid_multi_lines_maze.png,  Directory: dir7BFBE7152BD1F709E4A8AB545308CE6B,  Size: 31087
File: circles_weave_connected_swirl_puzzle.png,  Directory: dir7BFBE7152BD1F709E4A8AB545308CE6B,  Size: 11899
File: lines_bars_multi_overlap_layer.png,  Directory: dir7BFBE7152BD1F709E4A8AB545308CE6B,  Size: 10296
File: NetNumber.htm,  Directory: dirFBF7365A5264634AB5246E4024DA46BB,  Size: 2450
File: ten_pointed_star_radial_crown_circles.png,  Directory: dir7BFBE7152BD1F709E4A8AB545308CE6B,  Size: 4297
File: index.png,  Directory: dirB18C0EE27D64684ADC5C3CC0891E3399,  Size: 179
File: edit_sort_func5.png,  Directory: dir301D0264053C1D31E4C443AA1728EE85,  Size: 290548
File: diagonal_bars_medium.png,  Directory: dir7BFBE7152BD1F709E4A8AB545308CE6B,  Size: 10384
File: 3D_rods_cones_spheres_symmetrical.png,  Directory: dir7BFBE7152BD1F709E4A8AB545308CE6B,  Size: 5966
File: KindWheelsets.htm,  Directory: dirCB638DC6BA628F7AD1A44426E433B19A,  Size: 2578
File: Mask.htm,  Directory: dirFBF7365A5264634AB5246E4024DA46BB,  Size: 2760
File: Kinds.htm,  Directory: dirFBF7365A5264634AB5246E4024DA46BB,  Size: 2657
File: slots_toolbar5.png,  Directory: dir301D0264053C1D31E4C443AA1728EE85,  Size: 22171
File: multi_circle_oval_radial.png,  Directory: dir7BFBE7152BD1F709E4A8AB545308CE6B,  Size: 13139
File: Alias.xml,  Directory: dirAAE153D476A857C192561F7A3BFE2D57,  Size: 61
File: GUI.htm,  Directory: dirFBF7365A5264634AB5246E4024DA46BB,  Size: 2426
File: SearchPhrase_Chunk2.js,  Directory: dirAAE153D476A857C192561F7A3BFE2D57,  Size: 29999
File: multi_dot_medium.png,  Directory: dir7BFBE7152BD1F709E4A8AB545308CE6B,  Size: 7350
File: ResponsiveBrowseSequenceActive.png,  Directory: dirB18C0EE27D64684ADC5C3CC0891E3399,  Size: 275
File: GrandMaster.htm,  Directory: dir3399D43E8E0CB2368BC79B27F701792F,  Size: 7220
File: curved_triangle_spin_fan_spiral_twist.png,  Directory: dir7BFBE7152BD1F709E4A8AB545308CE6B,  Size: 4647
File: water_image.png,  Directory: dir7BFBE7152BD1F709E4A8AB545308CE6B,  Size: 21261
File: swirl_marble_color_pink_red_yellow.png,  Directory: dir7BFBE7152BD1F709E4A8AB545308CE6B,  Size: 24321
File: auto_update5_960x745.png,  Directory: dir301D0264053C1D31E4C443AA1728EE85,  Size: 59560
File: HogNet_NetworkAdapter.png,  Directory: dir301D0264053C1D31E4C443AA1728EE85,  Size: 71742
File: jump_toolbar5.png,  Directory: dir301D0264053C1D31E4C443AA1728EE85,  Size: 108238
File: curved_zigzag-arch_multi.png,  Directory: dir7BFBE7152BD1F709E4A8AB545308CE6B,  Size: 10912
File: FB_CSP_5_RGBL_5_600x564.png,  Directory: dir301D0264053C1D31E4C443AA1728EE85,  Size: 59929
File: thin_curved_lines_crescent_flower_outline_rose.png,  Directory: dir7BFBE7152BD1F709E4A8AB545308CE6B,  Size: 17779
File: multi_dot_breakup_medium.png,  Directory: dir7BFBE7152BD1F709E4A8AB545308CE6B,  Size: 2225
File: FixtureLibrary.htm,  Directory: dir7DA94037655E84DCD759135C96771333,  Size: 2570
File: fb_mid19_5.png,  Directory: dir301D0264053C1D31E4C443AA1728EE85,  Size: 57499
File: twenty_small_dots_lines_multi.png,  Directory: dir7BFBE7152BD1F709E4A8AB545308CE6B,  Size: 4197
File: ShowWideImport_Export.htm,  Directory: dir59111B18C3A85535B8DD93AED5C7CB42,  Size: 15531
File: SearchPhrase_Chunk4.js,  Directory: dirAAE153D476A857C192561F7A3BFE2D57,  Size: 29984
File: PIE-no-motw.htc,  Directory: dir61588760BB0E426A2E1C40CAD4CA6677,  Size: 53504
File: fb_mid20_5_960x574.png,  Directory: dir301D0264053C1D31E4C443AA1728EE85,  Size: 57096
File: tribal_lines.png,  Directory: dir7BFBE7152BD1F709E4A8AB545308CE6B,  Size: 14908
File: H4PC_wNomadKey.htm,  Directory: dir4BE944CC52319BEEBBE027DB9BA856E7,  Size: 3067
File: multi_bars_random.png,  Directory: dir7BFBE7152BD1F709E4A8AB545308CE6B,  Size: 6255
File: ReleasingMasters.htm,  Directory: dir3399D43E8E0CB2368BC79B27F701792F,  Size: 10864
File: six_triangles_arrows_point_fan_multi.png,  Directory: dir7BFBE7152BD1F709E4A8AB545308CE6B,  Size: 3625
File: Directory.htm,  Directory: dirFBF7365A5264634AB5246E4024DA46BB,  Size: 2555
File: radial_petals_asymmetrical.png,  Directory: dir7BFBE7152BD1F709E4A8AB545308CE6B,  Size: 2329
File: PlotsPixelmapping.htm,  Directory: dir4B06B9CE32721023DA45AA4F5B064B42,  Size: 21215
File: fx_rate_en.png,  Directory: dir301D0264053C1D31E4C443AA1728EE85,  Size: 8037
File: v_Hue.htm,  Directory: dirFBF7365A5264634AB5246E4024DA46BB,  Size: 2564
File: stripes_spiral_tunnel_.png,  Directory: dir7BFBE7152BD1F709E4A8AB545308CE6B,  Size: 12374
File: circles_rings_multi_symmetrical.png,  Directory: dir7BFBE7152BD1F709E4A8AB545308CE6B,  Size: 6351
File: TechSpec_Nano.htm,  Directory: dirE616E725F39764101A897681B058E202,  Size: 8163
File: HPC_4_600x466.png,  Directory: dir301D0264053C1D31E4C443AA1728EE85,  Size: 35906
File: pal_edit5.png,  Directory: dir301D0264053C1D31E4C443AA1728EE85,  Size: 59856
File: three_curved_lines_border_thick.png,  Directory: dir7BFBE7152BD1F709E4A8AB545308CE6B,  Size: 5978
File: Programmer.htm,  Directory: dirFBF7365A5264634AB5246E4024DA46BB,  Size: 2516
File: Ethernet.htm,  Directory: dirFBF7365A5264634AB5246E4024DA46BB,  Size: 2582
File: heart_tunnel_cone.png,  Directory: dir7BFBE7152BD1F709E4A8AB545308CE6B,  Size: 3196
File: eight_dots_circle_center_cinema_color_red.png,  Directory: dir7BFBE7152BD1F709E4A8AB545308CE6B,  Size: 2848
File: triwing_trism_triangle.png,  Directory: dir7BFBE7152BD1F709E4A8AB545308CE6B,  Size: 3029
File: tiny_squiggles_multi.png,  Directory: dir7BFBE7152BD1F709E4A8AB545308CE6B,  Size: 11230
File: tiny_lines_multi_scattered_maze.png,  Directory: dir7BFBE7152BD1F709E4A8AB545308CE6B,  Size: 15975
File: browseInactive.png,  Directory: dirB18C0EE27D64684ADC5C3CC0891E3399,  Size: 2848
File: 0056.PNG,  Directory: dirCF9519B65614710F6BDCEFAB09BAE21D,  Size: 3609
File: glass_honeycomb_pores.png,  Directory: dir7BFBE7152BD1F709E4A8AB545308CE6B,  Size: 20748
File: Concepts.js,  Directory: dirAAE153D476A857C192561F7A3BFE2D57,  Size: 11
File: DirectoyType.htm,  Directory: dir3CED7FB55F25D98E1AF47F4B0F8B6ACD,  Size: 2838
File: twelve_bars_wedges_radial_symmetrical.png,  Directory: dir7BFBE7152BD1F709E4A8AB545308CE6B,  Size: 8936
File: fire_flames_vertical_lines_squiggles.png,  Directory: dir7BFBE7152BD1F709E4A8AB545308CE6B,  Size: 2619
File: multi_curves_symmetrical.png,  Directory: dir7BFBE7152BD1F709E4A8AB545308CE6B,  Size: 3761
File: multi_dots_radial_rotating_right.png,  Directory: dir7BFBE7152BD1F709E4A8AB545308CE6B,  Size: 6025
File: cfx_sub_1_5.png,  Directory: dir301D0264053C1D31E4C443AA1728EE85,  Size: 47446
File: nine_curved_pointed_radial_pinwheel.png,  Directory: dir7BFBE7152BD1F709E4A8AB545308CE6B,  Size: 8077
File: cross_ovals_bars_symmetrical.png,  Directory: dir7BFBE7152BD1F709E4A8AB545308CE6B,  Size: 2715
File: ResponsiveBook.png,  Directory: dirB18C0EE27D64684ADC5C3CC0891E3399,  Size: 389
File: one_triangle_multicolor_rainbow_red_yellow_blue_green_purple_teal.png,  Directory: dir7BFBE7152BD1F709E4A8AB545308CE6B,  Size: 8931
File: Hog_Rows_8pt.css,  Directory: dir194C51132B5AD171B607CE4BDE446CC3,  Size: 39782
File: single_star_one_small.png,  Directory: dir7BFBE7152BD1F709E4A8AB545308CE6B,  Size: 4881
File: OSCInputMapping.htm,  Directory: dir5129A05B3C5DF7E91A6148CBEC3A96C7,  Size: 110106
File: radial_sun_lace.png,  Directory: dir7BFBE7152BD1F709E4A8AB545308CE6B,  Size: 30866
File: segmented_four_petals_symmetrical.png,  Directory: dir7BFBE7152BD1F709E4A8AB545308CE6B,  Size: 6961
File: FB_CSP_6_SimpleStrobe_5_600x563.png,  Directory: dir301D0264053C1D31E4C443AA1728EE85,  Size: 58729
File: playback_dashboard_menu_960x382.png,  Directory: dir301D0264053C1D31E4C443AA1728EE85,  Size: 41109
File: multi_tiny_triangles.png,  Directory: dir7BFBE7152BD1F709E4A8AB545308CE6B,  Size: 11092
File: eight_pointed_star_starburst_radial_symmetrical.png,  Directory: dir7BFBE7152BD1F709E4A8AB545308CE6B,  Size: 6096
File: pal_global_fix5_960x215.png,  Directory: dir301D0264053C1D31E4C443AA1728EE85,  Size: 44190
File: single_tribal_bar_curved_archs_asymmetrical.png,  Directory: dir7BFBE7152BD1F709E4A8AB545308CE6B,  Size: 4568
File: sixteen_dots_circle_symmetrical_ring.png,  Directory: dir7BFBE7152BD1F709E4A8AB545308CE6B,  Size: 5999
File: HTP_and_LTP.htm,  Directory: dir506C26B368C466EAAF42C3B612DDA6A7,  Size: 4219
File: cue_mark_button5.png,  Directory: dir301D0264053C1D31E4C443AA1728EE85,  Size: 38540
File: 0053.PNG,  Directory: dirCF9519B65614710F6BDCEFAB09BAE21D,  Size: 3601
File: blue_purple_gatlin_eight.png,  Directory: dir7BFBE7152BD1F709E4A8AB545308CE6B,  Size: 1974
File: glass_water_ripples_color_blue.png,  Directory: dir7BFBE7152BD1F709E4A8AB545308CE6B,  Size: 20528
File: five_horizontal_zigzag.png,  Directory: dir7BFBE7152BD1F709E4A8AB545308CE6B,  Size: 8004
File: InTime.htm,  Directory: dirFBF7365A5264634AB5246E4024DA46BB,  Size: 2647
File: dmx_superwidget.png,  Directory: dir301D0264053C1D31E4C443AA1728EE85,  Size: 38428
File: eight_pointed_star_radial_symmetrical.png,  Directory: dir7BFBE7152BD1F709E4A8AB545308CE6B,  Size: 7540
File: five_thick_rings_circle.png,  Directory: dir7BFBE7152BD1F709E4A8AB545308CE6B,  Size: 12321
File: multi_small_dots_space.png,  Directory: dir7BFBE7152BD1F709E4A8AB545308CE6B,  Size: 10099
File: eight_inverted_wedges_cones_radial.png,  Directory: dir7BFBE7152BD1F709E4A8AB545308CE6B,  Size: 3550
File: SearchPhrase_Chunk9.js,  Directory: dirAAE153D476A857C192561F7A3BFE2D57,  Size: 29989
File: NewShow.htm,  Directory: dir59111B18C3A85535B8DD93AED5C7CB42,  Size: 3238
File: CompoundFixtures.htm,  Directory: dirE1F6960898D23EE4594C548D589D98C6,  Size: 7219
File: 0047.PNG,  Directory: dirCF9519B65614710F6BDCEFAB09BAE21D,  Size: 3582
File: tiny_squares_bulge_3D_multi.png,  Directory: dir7BFBE7152BD1F709E4A8AB545308CE6B,  Size: 11811
File: radial_wedges_asymmetrical.png,  Directory: dir7BFBE7152BD1F709E4A8AB545308CE6B,  Size: 11068
File: multi_breakup_pointer_firework.png,  Directory: dir7BFBE7152BD1F709E4A8AB545308CE6B,  Size: 11952
File: Button.htm,  Directory: dirFBF7365A5264634AB5246E4024DA46BB,  Size: 2547
File: three_rings_segment_overlap_layer_venn_diagram.png,  Directory: dir7BFBE7152BD1F709E4A8AB545308CE6B,  Size: 7403
File: viz_1_600x465.png,  Directory: dir301D0264053C1D31E4C443AA1728EE85,  Size: 139539
File: spin_fan_twelve.png,  Directory: dir7BFBE7152BD1F709E4A8AB545308CE6B,  Size: 12979
File: FunctionKeys.htm,  Directory: dirBACA301BED12F6D7C102245E3D5DD8DD,  Size: 8718
File: biohazard_four_ring_overlap_layer.png,  Directory: dir7BFBE7152BD1F709E4A8AB545308CE6B,  Size: 2338
File: merge_3_960x655.png,  Directory: dir301D0264053C1D31E4C443AA1728EE85,  Size: 35137
File: merge_1.png,  Directory: dir301D0264053C1D31E4C443AA1728EE85,  Size: 72059
File: ReportEditingProgramming.htm,  Directory: dir7D044F2D594EAE0335E0674B82658F2B,  Size: 2944
File: line_bar_broadband_single_vertical.png,  Directory: dir7BFBE7152BD1F709E4A8AB545308CE6B,  Size: 789
File: three_diamonds_squares_symmetrical.png,  Directory: dir7BFBE7152BD1F709E4A8AB545308CE6B,  Size: 8961
File: large_narrow_X_cross_criss_one.png,  Directory: dir7BFBE7152BD1F709E4A8AB545308CE6B,  Size: 2100
File: TC_Config.htm,  Directory: dirEB1884289FDB2B8A3A7EA3D2480E5577,  Size: 3622
File: logo.png,  Directory: dirB18C0EE27D64684ADC5C3CC0891E3399,  Size: 3816
File: eight_wedges_symmetrical.png,  Directory: dir7BFBE7152BD1F709E4A8AB545308CE6B,  Size: 8979
File: overlapping_lines_cylinders_layer.png,  Directory: dir7BFBE7152BD1F709E4A8AB545308CE6B,  Size: 8263
File: playback_bar_template_page_5_960x64.png,  Directory: dir301D0264053C1D31E4C443AA1728EE85,  Size: 5894
File: GraphicalUserInterface.htm,  Directory: dirFBF7365A5264634AB5246E4024DA46BB,  Size: 2650
File: CP_Tint5.png,  Directory: dir301D0264053C1D31E4C443AA1728EE85,  Size: 60775
File: DottedUserNumber.htm,  Directory: dirFBF7365A5264634AB5246E4024DA46BB,  Size: 2547
File: purple_gatlin_eight_reallypurple.png,  Directory: dir7BFBE7152BD1F709E4A8AB545308CE6B,  Size: 6330
File: zigzag_arms_sun_dot_multi_squiggles.png,  Directory: dir7BFBE7152BD1F709E4A8AB545308CE6B,  Size: 9592
File: fb_mid19_5_960x769.png,  Directory: dir301D0264053C1D31E4C443AA1728EE85,  Size: 113295
File: vis_wyg_ce_config.png,  Directory: dir301D0264053C1D31E4C443AA1728EE85,  Size: 16821
File: eight_pegs_breakup_flower_wheel.png,  Directory: dir7BFBE7152BD1F709E4A8AB545308CE6B,  Size: 3151
File: 3D_ripple_foil_waves_hills.png,  Directory: dir7BFBE7152BD1F709E4A8AB545308CE6B,  Size: 12341
File: cuelist_with_loop5_600x219.png,  Directory: dir301D0264053C1D31E4C443AA1728EE85,  Size: 40571
File: multi_bars_lines_ring.png,  Directory: dir7BFBE7152BD1F709E4A8AB545308CE6B,  Size: 7154
File: sun_flare_flower_bright_beams_thin.png,  Directory: dir7BFBE7152BD1F709E4A8AB545308CE6B,  Size: 13544
File: glossaryActive_1.png,  Directory: dirB18C0EE27D64684ADC5C3CC0891E3399,  Size: 3003
File: tiny_dots_multi.png,  Directory: dir7BFBE7152BD1F709E4A8AB545308CE6B,  Size: 13166
File: currved_spiral_spin_large.png,  Directory: dir7BFBE7152BD1F709E4A8AB545308CE6B,  Size: 9236
File: specks_culture_glass_frost_bubbles.png,  Directory: dir7BFBE7152BD1F709E4A8AB545308CE6B,  Size: 23094
File: UpdatingSoftware_Console.htm,  Directory: dir5DC53C2A105460D0156677FED587ECF6,  Size: 4837
File: five_segmented_concentric_wheel_radial.png,  Directory: dir7BFBE7152BD1F709E4A8AB545308CE6B,  Size: 4308
File: timecode_tlbar5.png,  Directory: dir301D0264053C1D31E4C443AA1728EE85,  Size: 17796
File: radial_wedges_color_pink.png,  Directory: dir7BFBE7152BD1F709E4A8AB545308CE6B,  Size: 29436
File: Pages.htm,  Directory: dir1295D77647C34B08C40F04A047C6B38F,  Size: 2550
File: eight_small_dots.png,  Directory: dir7BFBE7152BD1F709E4A8AB545308CE6B,  Size: 6440
File: multi_z_zigzag_curved_small.png,  Directory: dir7BFBE7152BD1F709E4A8AB545308CE6B,  Size: 8856
File: 3D_overlapped_lines_circles_texture.png,  Directory: dir7BFBE7152BD1F709E4A8AB545308CE6B,  Size: 11743
File: segmented_curved_triangle_rotating_left.png,  Directory: dir7BFBE7152BD1F709E4A8AB545308CE6B,  Size: 9874
File: blue_cobblestones_medium.png,  Directory: dir7BFBE7152BD1F709E4A8AB545308CE6B,  Size: 34347
File: tunnel_inverted.png,  Directory: dir7BFBE7152BD1F709E4A8AB545308CE6B,  Size: 1118
File: loading.gif,  Directory: dirB18C0EE27D64684ADC5C3CC0891E3399,  Size: 980
File: eleven_vertical_bars_lines.png,  Directory: dir7BFBE7152BD1F709E4A8AB545308CE6B,  Size: 3672
File: 0021_purple2.png,  Directory: dirCF9519B65614710F6BDCEFAB09BAE21D,  Size: 3510
File: multi_horizontal_wavy_lines.png,  Directory: dir7BFBE7152BD1F709E4A8AB545308CE6B,  Size: 5569
File: thirty_small_large_dots_rows_square.png,  Directory: dir7BFBE7152BD1F709E4A8AB545308CE6B,  Size: 6243
File: winctrl_unlock.png,  Directory: dir301D0264053C1D31E4C443AA1728EE85,  Size: 1362
File: fanned_timings5.png,  Directory: dir301D0264053C1D31E4C443AA1728EE85,  Size: 63172
File: chosen_selected5.png,  Directory: dir301D0264053C1D31E4C443AA1728EE85,  Size: 20068
File: thin_lines_flower_spiral_fan_multi.png,  Directory: dir7BFBE7152BD1F709E4A8AB545308CE6B,  Size: 6859
File: six_fan_spin_tunnel.png,  Directory: dir7BFBE7152BD1F709E4A8AB545308CE6B,  Size: 15857
File: 3D_rotating_left_tubes_curves_pinwheel.png,  Directory: dir7BFBE7152BD1F709E4A8AB545308CE6B,  Size: 7630
File: TechSpec_HH4x_2020.htm,  Directory: dirE616E725F39764101A897681B058E202,  Size: 9230
File: Users.htm,  Directory: dir59111B18C3A85535B8DD93AED5C7CB42,  Size: 6951
File: 0017_ovalfrost.png,  Directory: dir6D583EA6C7A4916F30AECA4AC4DB133D,  Size: 6103
File: double_arrow_two_triangles.png,  Directory: dir7BFBE7152BD1F709E4A8AB545308CE6B,  Size: 2371
File: oval_rotating_pinwheel.png,  Directory: dir7BFBE7152BD1F709E4A8AB545308CE6B,  Size: 10466
File: oval_layers_circles_star_overlapping.png,  Directory: dir7BFBE7152BD1F709E4A8AB545308CE6B,  Size: 3023
File: selectiontool_lasso_5.png,  Directory: dir301D0264053C1D31E4C443AA1728EE85,  Size: 1378
File: Editors.htm,  Directory: dir506C26B368C466EAAF42C3B612DDA6A7,  Size: 12769
File: Tracking.htm,  Directory: dirFBF7365A5264634AB5246E4024DA46BB,  Size: 2736
File: single_star_one_tilted_pointed.png,  Directory: dir7BFBE7152BD1F709E4A8AB545308CE6B,  Size: 2693
File: HPC_3.png,  Directory: dir301D0264053C1D31E4C443AA1728EE85,  Size: 32239
File: sh_mgr_file_brow5_960x413.png,  Directory: dir301D0264053C1D31E4C443AA1728EE85,  Size: 97592
File: fb_mid15_5.png,  Directory: dir301D0264053C1D31E4C443AA1728EE85,  Size: 48661
File: styles_1.css,  Directory: dirF896BC2B2DB66ADAFF21F89DE7A4DDB5,  Size: 33429
File: auto_update_mask5.png,  Directory: dir301D0264053C1D31E4C443AA1728EE85,  Size: 45135
File: 0036_bluegreen.png,  Directory: dirCF9519B65614710F6BDCEFAB09BAE21D,  Size: 3683
File: MIDINoteandCCinput.htm,  Directory: dirF4FE94F7D1F783D69C43259372E7A09E,  Size: 14859
File: paint_circle_flares_sun_drip_thin_arms.png,  Directory: dir7BFBE7152BD1F709E4A8AB545308CE6B,  Size: 14561
File: three_rings_cogwheel.png,  Directory: dir7BFBE7152BD1F709E4A8AB545308CE6B,  Size: 12213
File: Function.htm,  Directory: dirFBF7365A5264634AB5246E4024DA46BB,  Size: 2508
File: 0031_steelblue.png,  Directory: dirCF9519B65614710F6BDCEFAB09BAE21D,  Size: 3510
File: effect_directory5.png,  Directory: dir301D0264053C1D31E4C443AA1728EE85,  Size: 45147
File: config.png,  Directory: dir301D0264053C1D31E4C443AA1728EE85,  Size: 541
File: TC_Opts.htm,  Directory: dirEB1884289FDB2B8A3A7EA3D2480E5577,  Size: 3308
File: 0009_pink.png,  Directory: dirCF9519B65614710F6BDCEFAB09BAE21D,  Size: 3510
File: DMXDirectControl.htm,  Directory: dir9A97A7B3D386D7011D7BF321F7232B1F,  Size: 2600
File: Mix_Brightest.htm,  Directory: dirFBF7365A5264634AB5246E4024DA46BB,  Size: 2512
File: six_teardrop_paisley_fan_spin_color_pink.png,  Directory: dir7BFBE7152BD1F709E4A8AB545308CE6B,  Size: 3190
File: multi_dots_radial.png,  Directory: dir7BFBE7152BD1F709E4A8AB545308CE6B,  Size: 3799
File: 0061.png,  Directory: dirCF9519B65614710F6BDCEFAB09BAE21D,  Size: 7952
File: 0009_narrowhorizontalfrost.png,  Directory: dir6D583EA6C7A4916F30AECA4AC4DB133D,  Size: 3358
File: dir_lock.png,  Directory: dir301D0264053C1D31E4C443AA1728EE85,  Size: 22053
File: slot_color5.png,  Directory: dir301D0264053C1D31E4C443AA1728EE85,  Size: 32603
File: earth_symbol_ring.png,  Directory: dir301D0264053C1D31E4C443AA1728EE85,  Size: 736
File: four_arm_cross_circle.png,  Directory: dir7BFBE7152BD1F709E4A8AB545308CE6B,  Size: 7052
File: h_touch2_5_600x101.png,  Directory: dir301D0264053C1D31E4C443AA1728EE85,  Size: 40818
File: playback_bar_w_template_5.png,  Directory: dir301D0264053C1D31E4C443AA1728EE85,  Size: 12667
File: playback_bar_chase.png,  Directory: dir301D0264053C1D31E4C443AA1728EE85,  Size: 5435
File: multi_triangles_rings_radial_tunnel_multicolor_pink.png,  Directory: dir7BFBE7152BD1F709E4A8AB545308CE6B,  Size: 14334
File: Kinds.htm,  Directory: dirCB638DC6BA628F7AD1A44426E433B19A,  Size: 9209
File: four_arrows_five_squares_grid.png,  Directory: dir7BFBE7152BD1F709E4A8AB545308CE6B,  Size: 1886
File: multi_dots_breakup_medium.png,  Directory: dir7BFBE7152BD1F709E4A8AB545308CE6B,  Size: 10505
File: DMX_Test.htm,  Directory: dir9A97A7B3D386D7011D7BF321F7232B1F,  Size: 3319
File: 0062.PNG,  Directory: dirCF9519B65614710F6BDCEFAB09BAE21D,  Size: 3641
File: four_horizontal_bars_slats.png,  Directory: dir7BFBE7152BD1F709E4A8AB545308CE6B,  Size: 1191
File: AddressTablePDF.css,  Directory: dir194C51132B5AD171B607CE4BDE446CC3,  Size: 11737
File: five_pointed_star.png,  Directory: dir7BFBE7152BD1F709E4A8AB545308CE6B,  Size: 2446
File: 3D_donut_net_mesh_tilted.png,  Directory: dir7BFBE7152BD1F709E4A8AB545308CE6B,  Size: 17085
File: asymmetrical_tribal_bug_curved.png,  Directory: dir7BFBE7152BD1F709E4A8AB545308CE6B,  Size: 6674
File: zigzag_tunnel_lines_lightning.png,  Directory: dir7BFBE7152BD1F709E4A8AB545308CE6B,  Size: 19553
File: fade_mark_start5_960x305.png,  Directory: dir301D0264053C1D31E4C443AA1728EE85,  Size: 64142
File: squiggle_multi_color_pink_blue_layer_pastel.png,  Directory: dir7BFBE7152BD1F709E4A8AB545308CE6B,  Size: 23779
File: twelve_archs_rotating_right.png,  Directory: dir7BFBE7152BD1F709E4A8AB545308CE6B,  Size: 7797
File: square_barbed_wire_cross_lines_layer_overlap.png,  Directory: dir7BFBE7152BD1F709E4A8AB545308CE6B,  Size: 8448
File: 16b_attach_5_960x292.png,  Directory: dir301D0264053C1D31E4C443AA1728EE85,  Size: 33126
File: effect_engine5_960x361.png,  Directory: dir301D0264053C1D31E4C443AA1728EE85,  Size: 73198
File: purify.min.js,  Directory: dir61588760BB0E426A2E1C40CAD4CA6677,  Size: 15433
File: CueListCopyMove.htm,  Directory: dir429E2BE47FEE1102CC112010FC902992,  Size: 5226
File: tree_branches_radial_medium.png,  Directory: dir7BFBE7152BD1F709E4A8AB545308CE6B,  Size: 7392
File: hh_upgrade2_5.png,  Directory: dir301D0264053C1D31E4C443AA1728EE85,  Size: 45379
File: TCPIP.htm,  Directory: dirFBF7365A5264634AB5246E4024DA46BB,  Size: 2825
File: playback_dashboard_pb_mr_960x369.png,  Directory: dir301D0264053C1D31E4C443AA1728EE85,  Size: 35437
File: triangle_small_square_pinwheel.png,  Directory: dir7BFBE7152BD1F709E4A8AB545308CE6B,  Size: 7801
File: OrganinzingSaving.htm,  Directory: dir7D044F2D594EAE0335E0674B82658F2B,  Size: 3575
File: CatalystPreviews.htm,  Directory: dir158F969D79590B25CF1C2A5D8BF8C587,  Size: 7505
File: white_dot_ocean_wave.png,  Directory: dir7BFBE7152BD1F709E4A8AB545308CE6B,  Size: 17308
File: wheel_toolbar_timing_param_types5_960x364.png,  Directory: dir301D0264053C1D31E4C443AA1728EE85,  Size: 31859
File: select_toolbar5.png,  Directory: dir301D0264053C1D31E4C443AA1728EE85,  Size: 21907
File: retro_swirl_squiggles.png,  Directory: dir7BFBE7152BD1F709E4A8AB545308CE6B,  Size: 9768
File: six_pointed_star_bars.png,  Directory: dir7BFBE7152BD1F709E4A8AB545308CE6B,  Size: 7580
File: glass_stray.png,  Directory: dir7BFBE7152BD1F709E4A8AB545308CE6B,  Size: 9429
File: selectiontool_square_5.png,  Directory: dir301D0264053C1D31E4C443AA1728EE85,  Size: 1252
File: eye_ring_spikes_sun_tail_circle.png,  Directory: dir7BFBE7152BD1F709E4A8AB545308CE6B,  Size: 8569
File: five_thick_rectangles.png,  Directory: dir7BFBE7152BD1F709E4A8AB545308CE6B,  Size: 3655
File: config5.png,  Directory: dir301D0264053C1D31E4C443AA1728EE85,  Size: 1217
File: ParamModify.htm,  Directory: dir104759975766716C7047FC16D523E7B8,  Size: 43504
File: cross_medium_curved_bars.png,  Directory: dir7BFBE7152BD1F709E4A8AB545308CE6B,  Size: 6076
File: SearchPhrase_Chunk16.js,  Directory: dirAAE153D476A857C192561F7A3BFE2D57,  Size: 29990
File: console_setting_midi_config5.png,  Directory: dir301D0264053C1D31E4C443AA1728EE85,  Size: 66146
File: H4PCInstall.htm,  Directory: dir276877C9EE0952DB9877D40943F3E64C,  Size: 12452
File: HelpSystem.xml,  Directory: dirAAE153D476A857C192561F7A3BFE2D57,  Size: 1835
File: HPC_5_600x466.png,  Directory: dir301D0264053C1D31E4C443AA1728EE85,  Size: 83846
File: Fanning.htm,  Directory: dirFBF7365A5264634AB5246E4024DA46BB,  Size: 2665
File: four_diagonal_ribbons_banners_bars.png,  Directory: dir7BFBE7152BD1F709E4A8AB545308CE6B,  Size: 5797
File: multi_branches_overlapping_thin_breakup.png,  Directory: dir7BFBE7152BD1F709E4A8AB545308CE6B,  Size: 10780
File: multi_dots_curved_rotating_right.png,  Directory: dir7BFBE7152BD1F709E4A8AB545308CE6B,  Size: 3138
File: glass_color_blue_green_yellow_breakup.png,  Directory: dir7BFBE7152BD1F709E4A8AB545308CE6B,  Size: 34758
File: horizontallines_horizontal_lines_five.png,  Directory: dir7BFBE7152BD1F709E4A8AB545308CE6B,  Size: 6051
File: offcenter_dot_asymmetrical_one_small.png,  Directory: dir7BFBE7152BD1F709E4A8AB545308CE6B,  Size: 1578
File: multi_five_pointed_stars.png,  Directory: dir7BFBE7152BD1F709E4A8AB545308CE6B,  Size: 2574
File: twelve_five_point_stars_radial_ring.png,  Directory: dir7BFBE7152BD1F709E4A8AB545308CE6B,  Size: 3560
File: macro_playing.png,  Directory: dir301D0264053C1D31E4C443AA1728EE85,  Size: 1145
File: cue_editor_times5_960x438.png,  Directory: dir301D0264053C1D31E4C443AA1728EE85,  Size: 119939
File: config_button_across5.png,  Directory: dir301D0264053C1D31E4C443AA1728EE85,  Size: 19891
File: plot_feedback_5_960x509.png,  Directory: dir301D0264053C1D31E4C443AA1728EE85,  Size: 120304
File: rec_opts_toolbar.png,  Directory: dir301D0264053C1D31E4C443AA1728EE85,  Size: 36360
File: tiny_bulge_breakup_cloud.png,  Directory: dir7BFBE7152BD1F709E4A8AB545308CE6B,  Size: 2981
File: FixBuild_Tutorial_Comp.htm,  Directory: dir4DDC1C874BC664E97A383AFD2CB09114,  Size: 14454
File: multicolor_overlapping_blotchy_breakup_rainbow_red_blue_green_yellow_purple.png,  Directory: dir7BFBE7152BD1F709E4A8AB545308CE6B,  Size: 29080
File: fixtures_w_multiple_patch_pts_en.png,  Directory: dir301D0264053C1D31E4C443AA1728EE85,  Size: 21513
File: ResponsiveGlossaryInactive.png,  Directory: dirB18C0EE27D64684ADC5C3CC0891E3399,  Size: 292
File: four_rounded_squares_symmetrical.png,  Directory: dir7BFBE7152BD1F709E4A8AB545308CE6B,  Size: 2146
File: HogNet_CustomDHCPServing_600x406.png,  Directory: dir301D0264053C1D31E4C443AA1728EE85,  Size: 69471
File: CommandKeys.htm,  Directory: dirFC7559CFE1102D19ECDAABCC2BEF6B65,  Size: 2564
File: Service.htm,  Directory: dir0828A62CDE7C6CE38A06416C531F88C9,  Size: 2554
File: layer_multi_breakup_circles.png,  Directory: dir7BFBE7152BD1F709E4A8AB545308CE6B,  Size: 7279
File: overlapping_oval_rings_layer.png,  Directory: dir7BFBE7152BD1F709E4A8AB545308CE6B,  Size: 5420
File: dashboard_on_pc_toggle.png,  Directory: dir301D0264053C1D31E4C443AA1728EE85,  Size: 39839
File: multicolor_overlapping_strokes_curved_squiggles_blue_green.png,  Directory: dir7BFBE7152BD1F709E4A8AB545308CE6B,  Size: 17430
File: overlapping_thin_lines_layer_stack.png,  Directory: dir7BFBE7152BD1F709E4A8AB545308CE6B,  Size: 13092
File: 0044_neongreen.png,  Directory: dirCF9519B65614710F6BDCEFAB09BAE21D,  Size: 3510
File: shattered_pointed_wedges_breakup.png,  Directory: dir7BFBE7152BD1F709E4A8AB545308CE6B,  Size: 9383
File: layered_square_stack_fan_spiral.png,  Directory: dir7BFBE7152BD1F709E4A8AB545308CE6B,  Size: 4491
File: GroupNaming.htm,  Directory: dir2B73C4AF7D97B518FD415ECB6940F18F,  Size: 3203
File: thin_diagonal_lines_glass.png,  Directory: dir7BFBE7152BD1F709E4A8AB545308CE6B,  Size: 32568
File: rounded_small_breakup.png,  Directory: dir7BFBE7152BD1F709E4A8AB545308CE6B,  Size: 3951
File: single_curved_horizontal_line_bar_medium.png,  Directory: dir7BFBE7152BD1F709E4A8AB545308CE6B,  Size: 4191
File: ResponsiveExpandAllButton.png,  Directory: dirB18C0EE27D64684ADC5C3CC0891E3399,  Size: 305
File: VirtualPlaybackWings.htm,  Directory: dir4BE944CC52319BEEBBE027DB9BA856E7,  Size: 3845
File: bars_sunburst_circle_symmetrical.png,  Directory: dir7BFBE7152BD1F709E4A8AB545308CE6B,  Size: 8910
File: Effect_Base.htm,  Directory: dirFBF7365A5264634AB5246E4024DA46BB,  Size: 2640
File: SafetyInformation.htm,  Directory: dirC813D43350262FBC3346A130A06ED7BF,  Size: 2576
File: pgm_full.png,  Directory: dir301D0264053C1D31E4C443AA1728EE85,  Size: 69649
File: glass_cloud.png,  Directory: dir7BFBE7152BD1F709E4A8AB545308CE6B,  Size: 17127
File: squiggle_overlap_thin_lines_wreath_border.png,  Directory: dir7BFBE7152BD1F709E4A8AB545308CE6B,  Size: 8866
File: stars_kaleidescope_six.png,  Directory: dir7BFBE7152BD1F709E4A8AB545308CE6B,  Size: 4097
File: intens_dir_menu_360x113.png,  Directory: dir301D0264053C1D31E4C443AA1728EE85,  Size: 14043
File: Macros.htm,  Directory: dir4906AD30EA0612325645F02F4BEB2740,  Size: 2570
File: mp_cust5_600x388.png,  Directory: dir301D0264053C1D31E4C443AA1728EE85,  Size: 43997
File: plybck_opt_cuelist_persist_override5.png,  Directory: dir301D0264053C1D31E4C443AA1728EE85,  Size: 18828
File: swirl_rotating_left_circle_spiral.png,  Directory: dir7BFBE7152BD1F709E4A8AB545308CE6B,  Size: 6427
File: thin_lines_star_asterisk.png,  Directory: dir7BFBE7152BD1F709E4A8AB545308CE6B,  Size: 6464
File: tunnel_hole_loop.png,  Directory: dir7BFBE7152BD1F709E4A8AB545308CE6B,  Size: 5382
File: PigKey.htm,  Directory: dirFBF7365A5264634AB5246E4024DA46BB,  Size: 2527
File: large_twinkle_star_tiny_dots.png,  Directory: dir7BFBE7152BD1F709E4A8AB545308CE6B,  Size: 10769
File: segmented_rounded_bar_triangle.png,  Directory: dir7BFBE7152BD1F709E4A8AB545308CE6B,  Size: 1863
File: multi_tiny_paisley_teardrop.png,  Directory: dir7BFBE7152BD1F709E4A8AB545308CE6B,  Size: 9183
File: multi_five_point_star_breakup.png,  Directory: dir7BFBE7152BD1F709E4A8AB545308CE6B,  Size: 2052
File: dmx_widget_116x108.png,  Directory: dir301D0264053C1D31E4C443AA1728EE85,  Size: 18951
File: 3D_water_ripple_waves_texture_medium.png,  Directory: dir7BFBE7152BD1F709E4A8AB545308CE6B,  Size: 31761
File: SearchPhrase_Chunk35.js,  Directory: dirAAE153D476A857C192561F7A3BFE2D57,  Size: 29983
File: twenty_pointed_star.png,  Directory: dir7BFBE7152BD1F709E4A8AB545308CE6B,  Size: 4209
File: intens_dir_menu.png,  Directory: dir301D0264053C1D31E4C443AA1728EE85,  Size: 12495
File: plot_add_pixelmap_5.png,  Directory: dir301D0264053C1D31E4C443AA1728EE85,  Size: 8404
File: playback_options_cuelist5.png,  Directory: dir301D0264053C1D31E4C443AA1728EE85,  Size: 135391
File: 3D_glass_water_spray_archs_curves.png,  Directory: dir7BFBE7152BD1F709E4A8AB545308CE6B,  Size: 32644
File: tiny_round_dots_stars_galaxy.png,  Directory: dir7BFBE7152BD1F709E4A8AB545308CE6B,  Size: 13994
File: recorded_600x416.png,  Directory: dir301D0264053C1D31E4C443AA1728EE85,  Size: 68510
File: MidiShowControl.htm,  Directory: dirFBF7365A5264634AB5246E4024DA46BB,  Size: 2575
File: fb_mid22_5_960x575.png,  Directory: dir301D0264053C1D31E4C443AA1728EE85,  Size: 79489
File: Vision2018_1.png,  Directory: dir301D0264053C1D31E4C443AA1728EE85,  Size: 28396
File: patch_preview_pkg5.png,  Directory: dir301D0264053C1D31E4C443AA1728EE85,  Size: 98614
File: winctrl_close.png,  Directory: dir301D0264053C1D31E4C443AA1728EE85,  Size: 1415
File: starburst_color_pink_spikes_radial.png,  Directory: dir7BFBE7152BD1F709E4A8AB545308CE6B,  Size: 11585
File: basic_plot5.png,  Directory: dir301D0264053C1D31E4C443AA1728EE85,  Size: 62383
File: medium_curves_lines_random.png,  Directory: dir7BFBE7152BD1F709E4A8AB545308CE6B,  Size: 7096
File: fan_lines_rugged_six.png,  Directory: dir7BFBE7152BD1F709E4A8AB545308CE6B,  Size: 13372
File: overlapping_spirals_curves_interlocking.png,  Directory: dir7BFBE7152BD1F709E4A8AB545308CE6B,  Size: 5284
File: four_thin_spiral_rotate_flower.png,  Directory: dir7BFBE7152BD1F709E4A8AB545308CE6B,  Size: 3520
File: 16b_range_diff_5.png,  Directory: dir301D0264053C1D31E4C443AA1728EE85,  Size: 28206
File: star-empty.png,  Directory: dirB18C0EE27D64684ADC5C3CC0891E3399,  Size: 3164
File: colordir_spreadsheet5.png,  Directory: dir301D0264053C1D31E4C443AA1728EE85,  Size: 70271
File: eight_thin_stretched_ovals_flower_multi.png,  Directory: dir7BFBE7152BD1F709E4A8AB545308CE6B,  Size: 8049
File: restore_activity.png,  Directory: dir301D0264053C1D31E4C443AA1728EE85,  Size: 1030
File: hand_palm_high_five.png,  Directory: dir7BFBE7152BD1F709E4A8AB545308CE6B,  Size: 3770
File: ControlPanel_HogNet.png,  Directory: dir301D0264053C1D31E4C443AA1728EE85,  Size: 59046
File: fw_update.png,  Directory: dir301D0264053C1D31E4C443AA1728EE85,  Size: 55218
File: HPC_2_600x466.png,  Directory: dir301D0264053C1D31E4C443AA1728EE85,  Size: 121450
File: red_yellow_lava.png,  Directory: dir7BFBE7152BD1F709E4A8AB545308CE6B,  Size: 16124
File: ShowNetwork.htm,  Directory: dir4BE944CC52319BEEBBE027DB9BA856E7,  Size: 16687
File: four_asymmetrical_curves_archs_circles.png,  Directory: dir7BFBE7152BD1F709E4A8AB545308CE6B,  Size: 21108
File: four_rotating_left_archs_curves_color_pink.png,  Directory: dir7BFBE7152BD1F709E4A8AB545308CE6B,  Size: 5348
File: eight_fan_bars_medium_symmetrical.png,  Directory: dir7BFBE7152BD1F709E4A8AB545308CE6B,  Size: 5680
File: prog_wfx_val5.png,  Directory: dir301D0264053C1D31E4C443AA1728EE85,  Size: 59731
File: rec_opts_toolbar_960x222.png,  Directory: dir301D0264053C1D31E4C443AA1728EE85,  Size: 33625
File: scattered_maze_cracks_foliage.png,  Directory: dir7BFBE7152BD1F709E4A8AB545308CE6B,  Size: 13087
File: Reporting.htm,  Directory: dir7D044F2D594EAE0335E0674B82658F2B,  Size: 2558
File: CP_Virtual5.png,  Directory: dir301D0264053C1D31E4C443AA1728EE85,  Size: 97456
File: multi_five_point_stars_small.png,  Directory: dir7BFBE7152BD1F709E4A8AB545308CE6B,  Size: 9511
File: NewPage.htm,  Directory: dir1295D77647C34B08C40F04A047C6B38F,  Size: 4191
File: Full_ISO_Upgrade.htm,  Directory: dir5DC53C2A105460D0156677FED587ECF6,  Size: 5621
File: prog_wfx_val5_960x279.png,  Directory: dir301D0264053C1D31E4C443AA1728EE85,  Size: 70491
File: Dashboard.htm,  Directory: dir4BE944CC52319BEEBBE027DB9BA856E7,  Size: 11205
File: glass_ocean_waves_swirl.png,  Directory: dir7BFBE7152BD1F709E4A8AB545308CE6B,  Size: 38542
File: CP_Tint5_600x540.png,  Directory: dir301D0264053C1D31E4C443AA1728EE85,  Size: 39730
File: striped_rings_tunnel_swirl.png,  Directory: dir7BFBE7152BD1F709E4A8AB545308CE6B,  Size: 7798
File: dotusernumselect2.png,  Directory: dir301D0264053C1D31E4C443AA1728EE85,  Size: 29271
File: tiny_bubbles_multi_pebbles.png,  Directory: dir7BFBE7152BD1F709E4A8AB545308CE6B,  Size: 11424
File: SceneToggling.htm,  Directory: dir070BAB3FED22BFAFF21D603A3F08F6D5,  Size: 4873
File: 16b_range_diff_5_960x368.png,  Directory: dir301D0264053C1D31E4C443AA1728EE85,  Size: 43771
File: tangled_branches_thin_overlapping_small.png,  Directory: dir7BFBE7152BD1F709E4A8AB545308CE6B,  Size: 6883
File: rounded_breakup_mid.png,  Directory: dir7BFBE7152BD1F709E4A8AB545308CE6B,  Size: 4140
File: PixelmapLayer.htm,  Directory: dirFBF7365A5264634AB5246E4024DA46BB,  Size: 2504
File: eight_ovals_ring_medium_symmetrical.png,  Directory: dir7BFBE7152BD1F709E4A8AB545308CE6B,  Size: 4092
File: SearchPhrase_Chunk51.js,  Directory: dirAAE153D476A857C192561F7A3BFE2D57,  Size: 29958
File: fx_active.png,  Directory: dir301D0264053C1D31E4C443AA1728EE85,  Size: 7131
File: Trademarks.htm,  Directory: dirBB870C5ED2605CFCEDE6D58205CFE039,  Size: 3339
File: viz_1.png,  Directory: dir301D0264053C1D31E4C443AA1728EE85,  Size: 73670
File: Full_V5_FP_960x385.png,  Directory: dir301D0264053C1D31E4C443AA1728EE85,  Size: 87003
File: BlockingCue.htm,  Directory: dirFBF7365A5264634AB5246E4024DA46BB,  Size: 2570
File: single_medium_splat.png,  Directory: dir7BFBE7152BD1F709E4A8AB545308CE6B,  Size: 3965
File: SelectOnStage.htm,  Directory: dirF9235F3A8134F8266E4FFC7F7A31716E,  Size: 4971
File: sphere_multi_layer_oval.png,  Directory: dir7BFBE7152BD1F709E4A8AB545308CE6B,  Size: 9768
File: three_segmented_rings_radial.png,  Directory: dir7BFBE7152BD1F709E4A8AB545308CE6B,  Size: 8224
File: puzzle_breakup_medium.png,  Directory: dir7BFBE7152BD1F709E4A8AB545308CE6B,  Size: 2902
File: 3D_curved_triangle_multi_bulge_specks_dots_tiny.png,  Directory: dir7BFBE7152BD1F709E4A8AB545308CE6B,  Size: 4864
File: multi_tiny_dots_multisize.png,  Directory: dir7BFBE7152BD1F709E4A8AB545308CE6B,  Size: 14538
File: csh.js,  Directory: dir90F13DF2359462D0E6501FE5B26659D8,  Size: 197346
File: dashboard_on_pc_toggle_360x621.png,  Directory: dir301D0264053C1D31E4C443AA1728EE85,  Size: 72486
File: four_rotating_squiggles_medium.png,  Directory: dir7BFBE7152BD1F709E4A8AB545308CE6B,  Size: 4925
File: New_Icon_Caution_ESD2.png,  Directory: dirB8908DA68F0FFF4F8C8581F78213BDB8,  Size: 1277
File: SearchTopic_Chunk1.js,  Directory: dirAAE153D476A857C192561F7A3BFE2D57,  Size: 29709
File: fb_mid11_5_960x611.png,  Directory: dir301D0264053C1D31E4C443AA1728EE85,  Size: 47917
File: Scene.htm,  Directory: dirFBF7365A5264634AB5246E4024DA46BB,  Size: 2749
File: SearchStem_Chunk7.js,  Directory: dirAAE153D476A857C192561F7A3BFE2D57,  Size: 30006
File: CheatSheets.htm,  Directory: dir8D3DE84CACE1BF39A6D8DEE76C1BAA21,  Size: 2562
File: six_point_star_layer_stacked_spiral_multi.png,  Directory: dir7BFBE7152BD1F709E4A8AB545308CE6B,  Size: 11990
File: single_vertical_bar_medium.png,  Directory: dir7BFBE7152BD1F709E4A8AB545308CE6B,  Size: 1119
File: tree_branches_foliage_multi_lines_horizontal_vertical.png,  Directory: dir7BFBE7152BD1F709E4A8AB545308CE6B,  Size: 9365
File: WarrantyInfo.htm,  Directory: dirCAE2967671FF55BA027016B8054C0AC2,  Size: 2703
File: 0003_fiveface.png,  Directory: dir0D973686163D66EE8454B4DA57145C33,  Size: 9234
File: tiny_multi_specks_dots.png,  Directory: dir7BFBE7152BD1F709E4A8AB545308CE6B,  Size: 6620
File: seventeen_vertical_bars.png,  Directory: dir7BFBE7152BD1F709E4A8AB545308CE6B,  Size: 2010
File: pentalobe.png,  Directory: dir7BFBE7152BD1F709E4A8AB545308CE6B,  Size: 4385
File: three_warped_squiggles.png,  Directory: dir7BFBE7152BD1F709E4A8AB545308CE6B,  Size: 8224
File: glass_stones_color_red_blue_color_multicolor_rocks.png,  Directory: dir7BFBE7152BD1F709E4A8AB545308CE6B,  Size: 32438
File: multi_vertical_wavey_lines_rain_medium.png,  Directory: dir7BFBE7152BD1F709E4A8AB545308CE6B,  Size: 8582
File: reference.png,  Directory: dir301D0264053C1D31E4C443AA1728EE85,  Size: 1030
File: fb_advanced_clone.png,  Directory: dir301D0264053C1D31E4C443AA1728EE85,  Size: 58218
File: multi_overlapping_lines_small.png,  Directory: dir7BFBE7152BD1F709E4A8AB545308CE6B,  Size: 7812
File: fade_mark_comp5_960x305.png,  Directory: dir301D0264053C1D31E4C443AA1728EE85,  Size: 64550
File: twelve_thin_bars_cross_multi.png,  Directory: dir7BFBE7152BD1F709E4A8AB545308CE6B,  Size: 2602
File: 16b_unused_5.png,  Directory: dir301D0264053C1D31E4C443AA1728EE85,  Size: 22242
File: agg_ss_collapsed5.png,  Directory: dir301D0264053C1D31E4C443AA1728EE85,  Size: 56939
File: highlight.png,  Directory: dir301D0264053C1D31E4C443AA1728EE85,  Size: 857
File: grid_rows_tiny_squares_net_multi.png,  Directory: dir7BFBE7152BD1F709E4A8AB545308CE6B,  Size: 12436
File: twelve_curved_segmented_square_border.png,  Directory: dir7BFBE7152BD1F709E4A8AB545308CE6B,  Size: 3789
File: segmented_triangle_cone_medium.png,  Directory: dir7BFBE7152BD1F709E4A8AB545308CE6B,  Size: 3466
File: macro_window_commands_5.png,  Directory: dir301D0264053C1D31E4C443AA1728EE85,  Size: 26192
File: Glossary_Chunk0.js,  Directory: dirAAE153D476A857C192561F7A3BFE2D57,  Size: 8969
File: SearchStem_Chunk5.js,  Directory: dirAAE153D476A857C192561F7A3BFE2D57,  Size: 30010
File: tilted_star_cinema_border.png,  Directory: dir7BFBE7152BD1F709E4A8AB545308CE6B,  Size: 5014
File: plot_bg_image_import_5.png,  Directory: dir301D0264053C1D31E4C443AA1728EE85,  Size: 7434
File: cue_editor5_960x264.png,  Directory: dir301D0264053C1D31E4C443AA1728EE85,  Size: 118358
File: parked_win5.png,  Directory: dir301D0264053C1D31E4C443AA1728EE85,  Size: 20939
File: param_pale_ref5.png,  Directory: dir301D0264053C1D31E4C443AA1728EE85,  Size: 25298
File: layered_crescent_wedges_border_circle.png,  Directory: dir7BFBE7152BD1F709E4A8AB545308CE6B,  Size: 11046
File: 0029_tealblue.png,  Directory: dirCF9519B65614710F6BDCEFAB09BAE21D,  Size: 3683
File: tribal_breakup.png,  Directory: dir7BFBE7152BD1F709E4A8AB545308CE6B,  Size: 12513
File: moon_paint_smudge_green_yellow_multicolor.png,  Directory: dir7BFBE7152BD1F709E4A8AB545308CE6B,  Size: 29909
File: twelve_curved_square_border.png,  Directory: dir7BFBE7152BD1F709E4A8AB545308CE6B,  Size: 7114
File: segmented_radial_ring_cone_pointed.png,  Directory: dir7BFBE7152BD1F709E4A8AB545308CE6B,  Size: 9778
File: six_bar_fan_symmetrical.png,  Directory: dir7BFBE7152BD1F709E4A8AB545308CE6B,  Size: 1431
File: 3D_spikes_ball_star_red_sun_color.png,  Directory: dir7BFBE7152BD1F709E4A8AB545308CE6B,  Size: 11367
File: 0018_wideovalfrost.png,  Directory: dir6D583EA6C7A4916F30AECA4AC4DB133D,  Size: 5619
File: 0052.PNG,  Directory: dirCF9519B65614710F6BDCEFAB09BAE21D,  Size: 3612
File: layers_triangles_squares_fan_circle_border_spin.png,  Directory: dir7BFBE7152BD1F709E4A8AB545308CE6B,  Size: 4569
File: multi_interlocking_rings_hoops_medium.png,  Directory: dir7BFBE7152BD1F709E4A8AB545308CE6B,  Size: 9226
File: cobblestone_medium_breakup.png,  Directory: dir7BFBE7152BD1F709E4A8AB545308CE6B,  Size: 7063
File: nine_symmetrical_dots.png,  Directory: dir7BFBE7152BD1F709E4A8AB545308CE6B,  Size: 7973
File: 0000_open.png,  Directory: dir0D973686163D66EE8454B4DA57145C33,  Size: 6186
File: spiral_swirl_tunnel.png,  Directory: dir7BFBE7152BD1F709E4A8AB545308CE6B,  Size: 8144
File: small_thin_triangles_fan_spin.png,  Directory: dir7BFBE7152BD1F709E4A8AB545308CE6B,  Size: 6835
File: five_flower_outline_petals_big.png,  Directory: dir7BFBE7152BD1F709E4A8AB545308CE6B,  Size: 5499
File: AutoGeneratingGroups.htm,  Directory: dir2B73C4AF7D97B518FD415ECB6940F18F,  Size: 3426
File: SearchPhrase_Chunk22.js,  Directory: dirAAE153D476A857C192561F7A3BFE2D57,  Size: 29995
File: tiny_animated_stars_multi.png,  Directory: dir7BFBE7152BD1F709E4A8AB545308CE6B,  Size: 15849
File: ImportantSafetyInfo.htm,  Directory: dirCAE2967671FF55BA027016B8054C0AC2,  Size: 5806
File: 3D_net_mesh_mutli_dots.png,  Directory: dir7BFBE7152BD1F709E4A8AB545308CE6B,  Size: 18018
File: diagonal_lines.png,  Directory: dirB18C0EE27D64684ADC5C3CC0891E3399,  Size: 2808
File: CommandLine.htm,  Directory: dirFBF7365A5264634AB5246E4024DA46BB,  Size: 2518
File: vis_wyg_config_4_316x334.png,  Directory: dir301D0264053C1D31E4C443AA1728EE85,  Size: 43485
File: 3D_ball_spike_small.png,  Directory: dir7BFBE7152BD1F709E4A8AB545308CE6B,  Size: 9323
File: bullet.png,  Directory: dirB8908DA68F0FFF4F8C8581F78213BDB8,  Size: 186
File: MIDI.htm,  Directory: dirFBF7365A5264634AB5246E4024DA46BB,  Size: 2607
File: multi_rectangle_breakup.png,  Directory: dir7BFBE7152BD1F709E4A8AB545308CE6B,  Size: 3644
File: ETCnomandKeyNotRecognized.htm,  Directory: dir89EA610D4F97992D0567E123129F87FD,  Size: 3802
File: HogNet_CustomDHCPServing.png,  Directory: dir301D0264053C1D31E4C443AA1728EE85,  Size: 73619
File: plybck_opt_cuelist_use_htp5.png,  Directory: dir301D0264053C1D31E4C443AA1728EE85,  Size: 61888
File: ResponsiveIndexInactive.png,  Directory: dirB18C0EE27D64684ADC5C3CC0891E3399,  Size: 276
File: 0007_flesh.png,  Directory: dirCF9519B65614710F6BDCEFAB09BAE21D,  Size: 3507
File: SuckParameters.htm,  Directory: dirF9235F3A8134F8266E4FFC7F7A31716E,  Size: 7247
File: firmware_update_progress.png,  Directory: dir301D0264053C1D31E4C443AA1728EE85,  Size: 12119
File: north_star_cross.png,  Directory: dir7BFBE7152BD1F709E4A8AB545308CE6B,  Size: 4535
File: 0070.png,  Directory: dirCF9519B65614710F6BDCEFAB09BAE21D,  Size: 6493
File: prefs_def_name5_960x785.png,  Directory: dir301D0264053C1D31E4C443AA1728EE85,  Size: 164448
File: single_star_twinkle_bright.png,  Directory: dir7BFBE7152BD1F709E4A8AB545308CE6B,  Size: 5385
File: index.htm,  Directory: dir90F13DF2359462D0E6501FE5B26659D8,  Size: 21393
File: multi_curves_overlapping_breakup_medium.png,  Directory: dir7BFBE7152BD1F709E4A8AB545308CE6B,  Size: 3763
File: criss_cross_lines_mesh_puzzle.png,  Directory: dir7BFBE7152BD1F709E4A8AB545308CE6B,  Size: 12631
File: cfx_add_2_5.png,  Directory: dir301D0264053C1D31E4C443AA1728EE85,  Size: 49984
File: foliage_silhouette_multi.png,  Directory: dir7BFBE7152BD1F709E4A8AB545308CE6B,  Size: 11515
File: TouchScreens.htm,  Directory: dirFBF7365A5264634AB5246E4024DA46BB,  Size: 2469
File: fb_basic_template_5.png,  Directory: dir301D0264053C1D31E4C443AA1728EE85,  Size: 36940
File: 0038_palegreen.png,  Directory: dirCF9519B65614710F6BDCEFAB09BAE21D,  Size: 3683
File: overlapping_spike_crescents_flower_thorns.png,  Directory: dir7BFBE7152BD1F709E4A8AB545308CE6B,  Size: 10558
File: ControlSet.htm,  Directory: dirFBF7365A5264634AB5246E4024DA46BB,  Size: 2607
File: indexInactive.png,  Directory: dirB18C0EE27D64684ADC5C3CC0891E3399,  Size: 2893
File: viz_2.png,  Directory: dir301D0264053C1D31E4C443AA1728EE85,  Size: 32357
File: EffectPalettes.htm,  Directory: dir1B2A2472AB42112053DD12BE1660438C,  Size: 13597
File: three_interlocking_segmented_rings.png,  Directory: dir7BFBE7152BD1F709E4A8AB545308CE6B,  Size: 2961
File: h_touch1_5_600x77.png,  Directory: dir301D0264053C1D31E4C443AA1728EE85,  Size: 32865
File: ShowMerge.htm,  Directory: dir59111B18C3A85535B8DD93AED5C7CB42,  Size: 12743
File: triangle_single_segmented_rounded_bars.png,  Directory: dir7BFBE7152BD1F709E4A8AB545308CE6B,  Size: 1556
File: config_auto_color_menu5.png,  Directory: dir301D0264053C1D31E4C443AA1728EE85,  Size: 27020
File: SearchPhrase_Chunk47.js,  Directory: dirAAE153D476A857C192561F7A3BFE2D57,  Size: 29988
File: SearchPhrase_Chunk26.js,  Directory: dirAAE153D476A857C192561F7A3BFE2D57,  Size: 29445
File: Groups.htm,  Directory: dir2B73C4AF7D97B518FD415ECB6940F18F,  Size: 2550
File: FadeDelayPath.htm,  Directory: dir4937F9448319195033DF111F8C9A4E12,  Size: 18331
File: zigzag_curve_warped_squiggle_vertical_color_pink.png,  Directory: dir7BFBE7152BD1F709E4A8AB545308CE6B,  Size: 6130
File: tiny_dots_galaxy_stars_spheres_multi.png,  Directory: dir7BFBE7152BD1F709E4A8AB545308CE6B,  Size: 5101
File: MediaPickerWindow.htm,  Directory: dir158F969D79590B25CF1C2A5D8BF8C587,  Size: 4345
File: 3D_arrow_right.png,  Directory: dir7BFBE7152BD1F709E4A8AB545308CE6B,  Size: 1524
File: fix_uniview5_960x590.png,  Directory: dir301D0264053C1D31E4C443AA1728EE85,  Size: 131457
File: rubberband_ball.png,  Directory: dir7BFBE7152BD1F709E4A8AB545308CE6B,  Size: 27760
File: triangle_single_big.png,  Directory: dir7BFBE7152BD1F709E4A8AB545308CE6B,  Size: 2891
File: fix_type_tool_bar5.png,  Directory: dir301D0264053C1D31E4C443AA1728EE85,  Size: 7727
File: FixtureLibraryIntro.htm,  Directory: dir7DA94037655E84DCD759135C96771333,  Size: 3359
File: highlight.png,  Directory: dirB18C0EE27D64684ADC5C3CC0891E3399,  Size: 3072
File: fireworks_explosion_small_lines_curved_multi.png,  Directory: dir7BFBE7152BD1F709E4A8AB545308CE6B,  Size: 9556
File: one_horizontal_single_wave.png,  Directory: dir7BFBE7152BD1F709E4A8AB545308CE6B,  Size: 4044
File: effect_engine5.png,  Directory: dir301D0264053C1D31E4C443AA1728EE85,  Size: 58599
File: grouping_toolbar_5_960x74.png,  Directory: dir301D0264053C1D31E4C443AA1728EE85,  Size: 10591
File: sun_face_color_red_yellow.png,  Directory: dir7BFBE7152BD1F709E4A8AB545308CE6B,  Size: 13939
File: CommandKeys.htm,  Directory: dirFBF7365A5264634AB5246E4024DA46BB,  Size: 2448
File: swirl_pinwheel_offset.png,  Directory: dir7BFBE7152BD1F709E4A8AB545308CE6B,  Size: 3770
File: wheel_toolbar_timing_param_types5.png,  Directory: dir301D0264053C1D31E4C443AA1728EE85,  Size: 21855
File: OSCNetwork.htm,  Directory: dir5129A05B3C5DF7E91A6148CBEC3A96C7,  Size: 4782
File: Mobile.css,  Directory: dirB84FA28B9E44762734654BF649E116C4,  Size: 112
File: ink_spill_splash.png,  Directory: dir7BFBE7152BD1F709E4A8AB545308CE6B,  Size: 6581
File: eight_small_vertical_dots_line.png,  Directory: dir7BFBE7152BD1F709E4A8AB545308CE6B,  Size: 1926
File: levels_view_5.png,  Directory: dir301D0264053C1D31E4C443AA1728EE85,  Size: 11315
File: triangles_multi_star_pointed.png,  Directory: dir7BFBE7152BD1F709E4A8AB545308CE6B,  Size: 8531
File: hog_start_5.png,  Directory: dir301D0264053C1D31E4C443AA1728EE85,  Size: 42655
File: QWERTY_Shortcuts.htm,  Directory: dir8D3DE84CACE1BF39A6D8DEE76C1BAA21,  Size: 20795
File: overlapping_curved_archs_mesh_weave.png,  Directory: dir7BFBE7152BD1F709E4A8AB545308CE6B,  Size: 7519
File: eight_flower_petal_teardrop.png,  Directory: dir7BFBE7152BD1F709E4A8AB545308CE6B,  Size: 9049
File: fifteen_point_curved_sun_color_purple.png,  Directory: dir7BFBE7152BD1F709E4A8AB545308CE6B,  Size: 8050
File: communityInactive.png,  Directory: dirB18C0EE27D64684ADC5C3CC0891E3399,  Size: 3015
File: TechSpec_RH4.htm,  Directory: dirE616E725F39764101A897681B058E202,  Size: 9152
File: touch_ex5.png,  Directory: dir301D0264053C1D31E4C443AA1728EE85,  Size: 18333
File: ten_spots_breakup_big.png,  Directory: dir7BFBE7152BD1F709E4A8AB545308CE6B,  Size: 3295
File: six_curved_pointed_radial_inverted_sun.png,  Directory: dir7BFBE7152BD1F709E4A8AB545308CE6B,  Size: 4921
File: layer_star_lines_bars.png,  Directory: dir7BFBE7152BD1F709E4A8AB545308CE6B,  Size: 11440
File: radial_ovals_splat_medium.png,  Directory: dir7BFBE7152BD1F709E4A8AB545308CE6B,  Size: 3572
File: sun_beam_thin_flares_lines_bright.png,  Directory: dir7BFBE7152BD1F709E4A8AB545308CE6B,  Size: 7232
File: OutputMap.htm,  Directory: dir4BE944CC52319BEEBBE027DB9BA856E7,  Size: 7369
File: eleven_twinkle_stars_tiny_speckles_dots.png,  Directory: dir7BFBE7152BD1F709E4A8AB545308CE6B,  Size: 2940
File: timecode_tlbar5_960x34.png,  Directory: dir301D0264053C1D31E4C443AA1728EE85,  Size: 15695
File: cueonly.png,  Directory: dir301D0264053C1D31E4C443AA1728EE85,  Size: 1947
File: three_asymmetrical_rings_big.png,  Directory: dir7BFBE7152BD1F709E4A8AB545308CE6B,  Size: 1479
File: firmware_update_complete.png,  Directory: dir301D0264053C1D31E4C443AA1728EE85,  Size: 8905
File: tangled_web_curved_lines_overlapping.png,  Directory: dir7BFBE7152BD1F709E4A8AB545308CE6B,  Size: 9600
File: clock_toolbar5.png,  Directory: dir301D0264053C1D31E4C443AA1728EE85,  Size: 29696
File: five_medium_dots_symmetrical.png,  Directory: dir7BFBE7152BD1F709E4A8AB545308CE6B,  Size: 4658
File: SearchPhrase_Chunk0.js,  Directory: dirAAE153D476A857C192561F7A3BFE2D57,  Size: 30001
File: single_dot_mid.png,  Directory: dir7BFBE7152BD1F709E4A8AB545308CE6B,  Size: 1781
File: 0051.PNG,  Directory: dirCF9519B65614710F6BDCEFAB09BAE21D,  Size: 3603
File: twelve_dots_star_symmetrical.png,  Directory: dir7BFBE7152BD1F709E4A8AB545308CE6B,  Size: 5319
File: thirteen_triangles_3D_diamonds.png,  Directory: dir7BFBE7152BD1F709E4A8AB545308CE6B,  Size: 15297
File: SearchPhrase_Chunk18.js,  Directory: dirAAE153D476A857C192561F7A3BFE2D57,  Size: 29995
File: plot_add_show_item.png,  Directory: dir301D0264053C1D31E4C443AA1728EE85,  Size: 15233
File: Effect_Link.htm,  Directory: dirFBF7365A5264634AB5246E4024DA46BB,  Size: 2604
File: config_auto_color5.png,  Directory: dir301D0264053C1D31E4C443AA1728EE85,  Size: 19916
File: AggregateFixtures.htm,  Directory: dirFBF7365A5264634AB5246E4024DA46BB,  Size: 2502
File: FB_CSP_BuildType_5.png,  Directory: dir301D0264053C1D31E4C443AA1728EE85,  Size: 38651
File: fb_mid17_5.png,  Directory: dir301D0264053C1D31E4C443AA1728EE85,  Size: 79006
File: spiral_kaleidescope.png,  Directory: dir7BFBE7152BD1F709E4A8AB545308CE6B,  Size: 22755
File: background pattern.png,  Directory: dirB18C0EE27D64684ADC5C3CC0891E3399,  Size: 2801
File: mix_layer_color_pastel_multicolor_swirl_cyan_magenta.png,  Directory: dir7BFBE7152BD1F709E4A8AB545308CE6B,  Size: 24497
File: nine_circle_ovals_flower_petals.png,  Directory: dir7BFBE7152BD1F709E4A8AB545308CE6B,  Size: 4021
File: seven_curved_horizontal_bars.png,  Directory: dir7BFBE7152BD1F709E4A8AB545308CE6B,  Size: 1485
File: glass_shattered_broken_tiny_pieces_pink_color.png,  Directory: dir7BFBE7152BD1F709E4A8AB545308CE6B,  Size: 30573
File: HPC_5.png,  Directory: dir301D0264053C1D31E4C443AA1728EE85,  Size: 45822
File: USB.htm,  Directory: dirFBF7365A5264634AB5246E4024DA46BB,  Size: 2453
File: 16b_add5.png,  Directory: dir301D0264053C1D31E4C443AA1728EE85,  Size: 22126
File: macro_window_playcontrols_5.png,  Directory: dir301D0264053C1D31E4C443AA1728EE85,  Size: 14909
File: six_triangle_wedges_dot_fan_spin.png,  Directory: dir7BFBE7152BD1F709E4A8AB545308CE6B,  Size: 4122
File: eight_pointed_inverted_star_curved_bars.png,  Directory: dir7BFBE7152BD1F709E4A8AB545308CE6B,  Size: 4854
File: speckled_galaxy_spiral_swirl_tiny_dots.png,  Directory: dir7BFBE7152BD1F709E4A8AB545308CE6B,  Size: 4830
File: Effect_Track.htm,  Directory: dirFBF7365A5264634AB5246E4024DA46BB,  Size: 2596
File: over.png,  Directory: dir301D0264053C1D31E4C443AA1728EE85,  Size: 1449
File: eight_layer_slices_wedges_spiral.png,  Directory: dir7BFBE7152BD1F709E4A8AB545308CE6B,  Size: 2795
File: thin_grid_oval_sphere.png,  Directory: dir7BFBE7152BD1F709E4A8AB545308CE6B,  Size: 8732
File: config_wings5_960x503.png,  Directory: dir301D0264053C1D31E4C443AA1728EE85,  Size: 76636
File: 0072.png,  Directory: dirCF9519B65614710F6BDCEFAB09BAE21D,  Size: 6129
File: large_circle_centered_thick_border.png,  Directory: dir7BFBE7152BD1F709E4A8AB545308CE6B,  Size: 3935
File: six_inverted_circles_rotating_right.png,  Directory: dir7BFBE7152BD1F709E4A8AB545308CE6B,  Size: 1792
File: twelve_zigzag_radial_sun.png,  Directory: dir7BFBE7152BD1F709E4A8AB545308CE6B,  Size: 4332
File: puff_burst.png,  Directory: dir7BFBE7152BD1F709E4A8AB545308CE6B,  Size: 20770
File: startup_macro5_960x564.png,  Directory: dir301D0264053C1D31E4C443AA1728EE85,  Size: 122714
File: fire_fusion_breakup_red_yellow_multicolor.png,  Directory: dir7BFBE7152BD1F709E4A8AB545308CE6B,  Size: 27823
File: sh_mgr_file_brow5.png,  Directory: dir301D0264053C1D31E4C443AA1728EE85,  Size: 141673
File: tiny_triangles_shattered_multi.png,  Directory: dir7BFBE7152BD1F709E4A8AB545308CE6B,  Size: 17648
File: oval_x_dot_cross_criss_ring.png,  Directory: dir7BFBE7152BD1F709E4A8AB545308CE6B,  Size: 4292
File: Batches.htm,  Directory: dir3399D43E8E0CB2368BC79B27F701792F,  Size: 9544
File: MadCapAll.js,  Directory: dir61588760BB0E426A2E1C40CAD4CA6677,  Size: 284262
File: TechSpec_GigHog.htm,  Directory: dirE616E725F39764101A897681B058E202,  Size: 13466
File: Launcher_ControlPanel.png,  Directory: dir301D0264053C1D31E4C443AA1728EE85,  Size: 47979
File: three_bars_separated_triangle.png,  Directory: dir7BFBE7152BD1F709E4A8AB545308CE6B,  Size: 5433
File: multi_dots_small_large.png,  Directory: dir7BFBE7152BD1F709E4A8AB545308CE6B,  Size: 7907
File: auto_launch5_960x608.png,  Directory: dir301D0264053C1D31E4C443AA1728EE85,  Size: 108315
File: merge_5.png,  Directory: dir301D0264053C1D31E4C443AA1728EE85,  Size: 38608
File: twisted_leaves_branches_foliage_layer.png,  Directory: dir7BFBE7152BD1F709E4A8AB545308CE6B,  Size: 27149
File: DectoHex.htm,  Directory: dir8D3DE84CACE1BF39A6D8DEE76C1BAA21,  Size: 49666
File: ArtNet_sACN.htm,  Directory: dir4BE944CC52319BEEBBE027DB9BA856E7,  Size: 15593
File: fb_mid21_5_960x575.png,  Directory: dir301D0264053C1D31E4C443AA1728EE85,  Size: 79402
File: plybck_opt_cuelist_is_chase5_360x349.png,  Directory: dir301D0264053C1D31E4C443AA1728EE85,  Size: 47006
File: three_curves_radar_arches.png,  Directory: dir7BFBE7152BD1F709E4A8AB545308CE6B,  Size: 2142
File: ShowBackup.htm,  Directory: dir59111B18C3A85535B8DD93AED5C7CB42,  Size: 4594
File: glass_twist_color_purple.png,  Directory: dir7BFBE7152BD1F709E4A8AB545308CE6B,  Size: 17408
File: using_suck_1_en_5.png,  Directory: dir301D0264053C1D31E4C443AA1728EE85,  Size: 52067
File: three_interlocking_keltic.png,  Directory: dir7BFBE7152BD1F709E4A8AB545308CE6B,  Size: 7673
File: About_this_Manual.htm,  Directory: dir89AEB7EEACCDFBF95C518E72B57C88B7,  Size: 4939
File: AddingPreviewspre20.htm,  Directory: dir158F969D79590B25CF1C2A5D8BF8C587,  Size: 3032
File: DottedUserNumbers.htm,  Directory: dirE1F6960898D23EE4594C548D589D98C6,  Size: 4923
File: SearchIcon.png,  Directory: dirB18C0EE27D64684ADC5C3CC0891E3399,  Size: 608
File: three_multicolor_rotating_fan_dots_cyan_magenta_yellow.png,  Directory: dir7BFBE7152BD1F709E4A8AB545308CE6B,  Size: 9335
File: gradient_grid_square_net.png,  Directory: dir7BFBE7152BD1F709E4A8AB545308CE6B,  Size: 9677
File: status_bar.png,  Directory: dir301D0264053C1D31E4C443AA1728EE85,  Size: 8032
File: 3D_leather_texture_small.png,  Directory: dir7BFBE7152BD1F709E4A8AB545308CE6B,  Size: 24754
File: eight_dots_medium_asymmetrical.png,  Directory: dir7BFBE7152BD1F709E4A8AB545308CE6B,  Size: 2341
File: five_crescent_dot_border.png,  Directory: dir7BFBE7152BD1F709E4A8AB545308CE6B,  Size: 7247
File: tiny_pebble_rocks_bubbles_cracks_multi.png,  Directory: dir7BFBE7152BD1F709E4A8AB545308CE6B,  Size: 9757
File: eight_ovals_multi_sun_.png,  Directory: dir7BFBE7152BD1F709E4A8AB545308CE6B,  Size: 3652
File: small_diamond_arrow_point_multi_layer_paper_origami.png,  Directory: dir7BFBE7152BD1F709E4A8AB545308CE6B,  Size: 14150
File: loops_toolbar5.png,  Directory: dir301D0264053C1D31E4C443AA1728EE85,  Size: 61935
File: indicator_chat_39x39.png,  Directory: dir301D0264053C1D31E4C443AA1728EE85,  Size: 1819
File: glass_half_white_bubbles.png,  Directory: dir7BFBE7152BD1F709E4A8AB545308CE6B,  Size: 10756
File: New_Icon_Warning_General_whitefill.png,  Directory: dirB8908DA68F0FFF4F8C8581F78213BDB8,  Size: 703
File: TechSpec_HPU.htm,  Directory: dirE616E725F39764101A897681B058E202,  Size: 15790
File: SafetyWarnings6.htm,  Directory: dirC813D43350262FBC3346A130A06ED7BF,  Size: 4776
File: cfx_add_1_5.png,  Directory: dir301D0264053C1D31E4C443AA1728EE85,  Size: 48059
File: WaitTime.htm,  Directory: dirFBF7365A5264634AB5246E4024DA46BB,  Size: 2757
File: ten_small_dots_Y_shape_multi.png,  Directory: dir7BFBE7152BD1F709E4A8AB545308CE6B,  Size: 2961
File: closedBook_1_1.png,  Directory: dirB18C0EE27D64684ADC5C3CC0891E3399,  Size: 240
File: four_purple_circles_curved_rotating_right.png,  Directory: dir7BFBE7152BD1F709E4A8AB545308CE6B,  Size: 2867
File: four_slices_rainbow_color_red_yellow_green_blue_wedges.png,  Directory: dir7BFBE7152BD1F709E4A8AB545308CE6B,  Size: 1768
File: three_rings_square_curved.png,  Directory: dir7BFBE7152BD1F709E4A8AB545308CE6B,  Size: 5536
File: HPC_3_600x466.png,  Directory: dir301D0264053C1D31E4C443AA1728EE85,  Size: 42030
File: cue_list_clock_trig_button5.png,  Directory: dir301D0264053C1D31E4C443AA1728EE85,  Size: 32388
File: fb_mid13_5_960x610.png,  Directory: dir301D0264053C1D31E4C443AA1728EE85,  Size: 77072
File: CalBypass.htm,  Directory: dirFBF7365A5264634AB5246E4024DA46BB,  Size: 2780
File: hh_upgrade4_5.png,  Directory: dir301D0264053C1D31E4C443AA1728EE85,  Size: 20399
File: nine_squiggles_swirl_spiral_flower_sun.png,  Directory: dir7BFBE7152BD1F709E4A8AB545308CE6B,  Size: 8015
File: multicolor_overlapping_radial_squiggles_cyan_magenta.png,  Directory: dir7BFBE7152BD1F709E4A8AB545308CE6B,  Size: 32430
File: nine_spike_fan_spin_star.png,  Directory: dir7BFBE7152BD1F709E4A8AB545308CE6B,  Size: 4327
File: desert_image_silhouette.png,  Directory: dir7BFBE7152BD1F709E4A8AB545308CE6B,  Size: 9680
File: fb_mid5_5.png,  Directory: dir301D0264053C1D31E4C443AA1728EE85,  Size: 33925
File: SearchPhrase_Chunk8.js,  Directory: dirAAE153D476A857C192561F7A3BFE2D57,  Size: 29992
File: 3D_donut_mesh_net-ring_tilted_angle.png,  Directory: dir7BFBE7152BD1F709E4A8AB545308CE6B,  Size: 12218
File: spin_spiral_swirl_fan_color_pink_blue.png,  Directory: dir7BFBE7152BD1F709E4A8AB545308CE6B,  Size: 29715
File: squiggle_western_paisley_multi.png,  Directory: dir7BFBE7152BD1F709E4A8AB545308CE6B,  Size: 9771
File: glass_pattern.png,  Directory: dir7BFBE7152BD1F709E4A8AB545308CE6B,  Size: 17015
File: GigHog_layout.png,  Directory: dir301D0264053C1D31E4C443AA1728EE85,  Size: 365930
File: four_segment_square_border.png,  Directory: dir7BFBE7152BD1F709E4A8AB545308CE6B,  Size: 3703
File: Key.htm,  Directory: dirFBF7365A5264634AB5246E4024DA46BB,  Size: 2491
File: layered_rainbow_shard_broken_.png,  Directory: dir7BFBE7152BD1F709E4A8AB545308CE6B,  Size: 26879
File: DMXChannel_ArtNetSource.htm,  Directory: dir9A97A7B3D386D7011D7BF321F7232B1F,  Size: 4763
File: twelve_bars_thin_horizontal.png,  Directory: dir7BFBE7152BD1F709E4A8AB545308CE6B,  Size: 1139
File: 3D_swirl_spiral_thick.png,  Directory: dir7BFBE7152BD1F709E4A8AB545308CE6B,  Size: 7536
File: Path.htm,  Directory: dirFBF7365A5264634AB5246E4024DA46BB,  Size: 2707
File: horizontal_lines_grayscale_gradient_sunset.png,  Directory: dir7BFBE7152BD1F709E4A8AB545308CE6B,  Size: 2557
File: eight_thin_squiggles_fan_spin.png,  Directory: dir7BFBE7152BD1F709E4A8AB545308CE6B,  Size: 8321
File: spiral_sun_twist_sphere_border_elaborate.png,  Directory: dir7BFBE7152BD1F709E4A8AB545308CE6B,  Size: 6936
File: seven_vertical_bars_slats.png,  Directory: dir7BFBE7152BD1F709E4A8AB545308CE6B,  Size: 2278
File: pal_per_fix5.png,  Directory: dir301D0264053C1D31E4C443AA1728EE85,  Size: 81746
File: three_segmented_rings_medium.png,  Directory: dir7BFBE7152BD1F709E4A8AB545308CE6B,  Size: 7727
File: dots_multi_sizes.png,  Directory: dir7BFBE7152BD1F709E4A8AB545308CE6B,  Size: 3323
File: twelve_arm_squiggles_sun.png,  Directory: dir7BFBE7152BD1F709E4A8AB545308CE6B,  Size: 7377
File: CopyMoveGroup.htm,  Directory: dir2B73C4AF7D97B518FD415ECB6940F18F,  Size: 4097
File: Introduction.htm,  Directory: dirCAE2967671FF55BA027016B8054C0AC2,  Size: 3062
File: thick_bars_tunnel_thin_triangles.png,  Directory: dir7BFBE7152BD1F709E4A8AB545308CE6B,  Size: 6534
File: twelve_pointed_fan_radial.png,  Directory: dir7BFBE7152BD1F709E4A8AB545308CE6B,  Size: 7114
File: wtb_pageleft.png,  Directory: dir301D0264053C1D31E4C443AA1728EE85,  Size: 478
File: fan_ex_1_5.png,  Directory: dir301D0264053C1D31E4C443AA1728EE85,  Size: 11628
File: fifteen_curved_pinwheel_radial.png,  Directory: dir7BFBE7152BD1F709E4A8AB545308CE6B,  Size: 11549
File: 16b_attach_5.png,  Directory: dir301D0264053C1D31E4C443AA1728EE85,  Size: 21459
File: thin_lines-ring_circle_stripes.png,  Directory: dir7BFBE7152BD1F709E4A8AB545308CE6B,  Size: 18796
File: edit_fix5_960x857.png,  Directory: dir301D0264053C1D31E4C443AA1728EE85,  Size: 325418
File: startrek_tripoint_wedge_threepoint.png,  Directory: dir7BFBE7152BD1F709E4A8AB545308CE6B,  Size: 1588
File: SoftKey.htm,  Directory: dirFBF7365A5264634AB5246E4024DA46BB,  Size: 2571
File: small_dots_space_breakup_galaxy_twelve.png,  Directory: dir7BFBE7152BD1F709E4A8AB545308CE6B,  Size: 16565
File: tiny_triangles_broken_breakup_cracks_color_blue.png,  Directory: dir7BFBE7152BD1F709E4A8AB545308CE6B,  Size: 14343
File: prefs_trackball5_960x661.png,  Directory: dir301D0264053C1D31E4C443AA1728EE85,  Size: 246205
File: UserPrefs.htm,  Directory: dir59111B18C3A85535B8DD93AED5C7CB42,  Size: 34768
File: four_rotating_right_curves_pinwheel.png,  Directory: dir7BFBE7152BD1F709E4A8AB545308CE6B,  Size: 4118
File: three_segmented_radial_rings_large.png,  Directory: dir7BFBE7152BD1F709E4A8AB545308CE6B,  Size: 5104
File: edit5.png,  Directory: dir301D0264053C1D31E4C443AA1728EE85,  Size: 4717
File: groupings_buddy.png,  Directory: dir301D0264053C1D31E4C443AA1728EE85,  Size: 5865
File: layer_circles_bubbles-color_overlapping.png,  Directory: dir7BFBE7152BD1F709E4A8AB545308CE6B,  Size: 25132
File: PreviewPackages.htm,  Directory: dir158F969D79590B25CF1C2A5D8BF8C587,  Size: 4645
File: multicolor_grass_strokes_psychedelic_texture_yellow_red_orange.png,  Directory: dir7BFBE7152BD1F709E4A8AB545308CE6B,  Size: 34859
File: fb_mid18_5_960x769.png,  Directory: dir301D0264053C1D31E4C443AA1728EE85,  Size: 129097
File: lava_mix_warped.png,  Directory: dir7BFBE7152BD1F709E4A8AB545308CE6B,  Size: 13653
File: CP_physical5.png,  Directory: dir301D0264053C1D31E4C443AA1728EE85,  Size: 29194
File: Hog4PC.htm,  Directory: dir276877C9EE0952DB9877D40943F3E64C,  Size: 2552
File: eight_dots_fortune_cookie_wedges_small_flower.png,  Directory: dir7BFBE7152BD1F709E4A8AB545308CE6B,  Size: 6691
File: pgm_com.png,  Directory: dir301D0264053C1D31E4C443AA1728EE85,  Size: 46557
File: Chase.htm,  Directory: dirFBF7365A5264634AB5246E4024DA46BB,  Size: 2442
File: single_dot_large_symmetrical_centered.png,  Directory: dir7BFBE7152BD1F709E4A8AB545308CE6B,  Size: 2008
File: OSCOutputMapping.htm,  Directory: dir5129A05B3C5DF7E91A6148CBEC3A96C7,  Size: 8187
File: Tablet.css,  Directory: dirDE1604631C19C70F9C8F30BFD284C63B,  Size: 52428
File: layer_lines_confetti_multicolor_teal_blue_yellow.png,  Directory: dir7BFBE7152BD1F709E4A8AB545308CE6B,  Size: 32855
File: thin_thorn_lines_bars_pointed_circle_ring.png,  Directory: dir7BFBE7152BD1F709E4A8AB545308CE6B,  Size: 13506
File: nine_segmented_horizontal_rectangles.png,  Directory: dir7BFBE7152BD1F709E4A8AB545308CE6B,  Size: 1188
File: neon_shard_glass_broken_breakup_cracks_purple_rainbow_multicolor_blue_purple_yellow_orange.png,  Directory: dir7BFBE7152BD1F709E4A8AB545308CE6B,  Size: 32571
File: GUI.htm,  Directory: dir506C26B368C466EAAF42C3B612DDA6A7,  Size: 31789
File: six_rotating_curve_sprial.png,  Directory: dir7BFBE7152BD1F709E4A8AB545308CE6B,  Size: 5367
File: circle_splatter_ring_weave.png,  Directory: dir7BFBE7152BD1F709E4A8AB545308CE6B,  Size: 9774
File: fade_changes5.png,  Directory: dir301D0264053C1D31E4C443AA1728EE85,  Size: 5786
File: lightning_bolt_storm.png,  Directory: dir7BFBE7152BD1F709E4A8AB545308CE6B,  Size: 5080
File: two_rings_bullseye.png,  Directory: dir7BFBE7152BD1F709E4A8AB545308CE6B,  Size: 2484
File: Index_Chunk0.js,  Directory: dirAAE153D476A857C192561F7A3BFE2D57,  Size: 473
File: cuelist_window_play_controls5.png,  Directory: dir301D0264053C1D31E4C443AA1728EE85,  Size: 70280
File: SearchPhrase_Chunk39.js,  Directory: dirAAE153D476A857C192561F7A3BFE2D57,  Size: 29997
File: PatchPoint.htm,  Directory: dirFBF7365A5264634AB5246E4024DA46BB,  Size: 2732
File: shattered_wedges_asymmetrical.png,  Directory: dir7BFBE7152BD1F709E4A8AB545308CE6B,  Size: 5411
File: HTP.htm,  Directory: dirFBF7365A5264634AB5246E4024DA46BB,  Size: 2729
File: glossaryInactive.png,  Directory: dirB18C0EE27D64684ADC5C3CC0891E3399,  Size: 2927
File: dir_kind_mask5.png,  Directory: dir301D0264053C1D31E4C443AA1728EE85,  Size: 42186
File: thin_one_barbed_wire_twist_x.png,  Directory: dir7BFBE7152BD1F709E4A8AB545308CE6B,  Size: 3030
File: small_curved_lines_horizontal_sunset_multi.png,  Directory: dir7BFBE7152BD1F709E4A8AB545308CE6B,  Size: 6492
File: recorded_eligible.png,  Directory: dir301D0264053C1D31E4C443AA1728EE85,  Size: 57702
File: six_multicolor_wheel_radial_circle_yellow.png,  Directory: dir7BFBE7152BD1F709E4A8AB545308CE6B,  Size: 11258
File: horizontal_medium_breakup.png,  Directory: dir7BFBE7152BD1F709E4A8AB545308CE6B,  Size: 6544
File: 16b_unused_5_960x288.png,  Directory: dir301D0264053C1D31E4C443AA1728EE85,  Size: 33271
File: DMXUniverse.htm,  Directory: dirFBF7365A5264634AB5246E4024DA46BB,  Size: 2584
File: multi_overlapping_squares_small.png,  Directory: dir7BFBE7152BD1F709E4A8AB545308CE6B,  Size: 10635
File: ChangeType.htm,  Directory: dirE1F6960898D23EE4594C548D589D98C6,  Size: 5339
File: multi_tiny_dots_color_purple.png,  Directory: dir7BFBE7152BD1F709E4A8AB545308CE6B,  Size: 13516
File: Topic.micro-content.css,  Directory: dirDE1604631C19C70F9C8F30BFD284C63B,  Size: 12971
File: 0000_open.png,  Directory: dirB6A48B5F0A2C9D42D5F3D11AD610CF6A,  Size: 6186
File: dip_sw_360x458.png,  Directory: dir301D0264053C1D31E4C443AA1728EE85,  Size: 86763
File: purple_circle_rings_interlocking_small_symmetrical.png,  Directory: dir7BFBE7152BD1F709E4A8AB545308CE6B,  Size: 25740
File: playback_fader_ipcb.png,  Directory: dir301D0264053C1D31E4C443AA1728EE85,  Size: 1133
File: tree_limbs_foliage.png,  Directory: dir7BFBE7152BD1F709E4A8AB545308CE6B,  Size: 24504
File: Node.htm,  Directory: dirFBF7365A5264634AB5246E4024DA46BB,  Size: 2565
File: Cell.htm,  Directory: dirFBF7365A5264634AB5246E4024DA46BB,  Size: 2466
File: SelOrder.htm,  Directory: dir104759975766716C7047FC16D523E7B8,  Size: 4889
File: small_stars_eighteen_animated.png,  Directory: dir7BFBE7152BD1F709E4A8AB545308CE6B,  Size: 6620
File: rings_multicolor_interlocking_medium_symmetrical_red_purple_blue_teal_yellow.png,  Directory: dir7BFBE7152BD1F709E4A8AB545308CE6B,  Size: 29880
File: multicolor_mix_swirl_pink_purple.png,  Directory: dir7BFBE7152BD1F709E4A8AB545308CE6B,  Size: 29616
File: SearchPhrase_Chunk13.js,  Directory: dirAAE153D476A857C192561F7A3BFE2D57,  Size: 29993
File: starFull.png,  Directory: dirB18C0EE27D64684ADC5C3CC0891E3399,  Size: 368
File: twelve_ovals_circle.png,  Directory: dir7BFBE7152BD1F709E4A8AB545308CE6B,  Size: 2601
File: radial_blur_mesh_grid.png,  Directory: dir7BFBE7152BD1F709E4A8AB545308CE6B,  Size: 20501
File: SearchStem_Chunk3.js,  Directory: dirAAE153D476A857C192561F7A3BFE2D57,  Size: 30010
File: jquery.offcanvas.js,  Directory: dir61588760BB0E426A2E1C40CAD4CA6677,  Size: 2894
File: EffectsEngine.htm,  Directory: dirFBF7365A5264634AB5246E4024DA46BB,  Size: 2575
File: various_glass.png,  Directory: dir7BFBE7152BD1F709E4A8AB545308CE6B,  Size: 20331
File: Hog_Manual_Chunk0.js,  Directory: dir6A3D216280F87924386A8B77837E3037,  Size: 26357
File: tiny_dots_multi_galaxy_stars.png,  Directory: dir7BFBE7152BD1F709E4A8AB545308CE6B,  Size: 6609
File: playback_htp.png,  Directory: dir301D0264053C1D31E4C443AA1728EE85,  Size: 1032
File: clr_select5.png,  Directory: dir301D0264053C1D31E4C443AA1728EE85,  Size: 15674
File: ResponsiveSearchFilterInactive.png,  Directory: dirB18C0EE27D64684ADC5C3CC0891E3399,  Size: 458
File: fix_comp5_960x183.png,  Directory: dir301D0264053C1D31E4C443AA1728EE85,  Size: 80766
File: TroubleShooting.htm,  Directory: dir89EA610D4F97992D0567E123129F87FD,  Size: 2570
File: 3D_spiral_color_spin_blue.png,  Directory: dir7BFBE7152BD1F709E4A8AB545308CE6B,  Size: 10735
File: merge_2.png,  Directory: dir301D0264053C1D31E4C443AA1728EE85,  Size: 36542
File: select_even5.png,  Directory: dir301D0264053C1D31E4C443AA1728EE85,  Size: 19503
File: FlexHog_layout.png,  Directory: dir301D0264053C1D31E4C443AA1728EE85,  Size: 365885
File: PaletteRecOptions.htm,  Directory: dirA1A3397425DE95F5347E70E7B4149798,  Size: 17658
File: four_cobblestone_fan_cross_big.png,  Directory: dir7BFBE7152BD1F709E4A8AB545308CE6B,  Size: 7850
File: 0006_heavyverticalfrost.png,  Directory: dir6D583EA6C7A4916F30AECA4AC4DB133D,  Size: 5668
File: dots_radial_starburst_sun_fan_symmetrical.png,  Directory: dir7BFBE7152BD1F709E4A8AB545308CE6B,  Size: 6241
File: SeparatingParameters.htm,  Directory: dir104759975766716C7047FC16D523E7B8,  Size: 4223
File: PhysicalMasterPlayback.htm,  Directory: dir3399D43E8E0CB2368BC79B27F701792F,  Size: 37532
File: thin_bars_border_circle.png,  Directory: dir7BFBE7152BD1F709E4A8AB545308CE6B,  Size: 12451
File: multi_dots_ovals.png,  Directory: dir7BFBE7152BD1F709E4A8AB545308CE6B,  Size: 12827
File: 0023_indigo.png,  Directory: dirCF9519B65614710F6BDCEFAB09BAE21D,  Size: 3510
File: five_arrows_squares_color_purple_yellow_white.png,  Directory: dir7BFBE7152BD1F709E4A8AB545308CE6B,  Size: 6467
File: ResponsiveOpenBook.png,  Directory: dirB18C0EE27D64684ADC5C3CC0891E3399,  Size: 731
File: osc_config_out5.png,  Directory: dir301D0264053C1D31E4C443AA1728EE85,  Size: 41002
File: wheel_toolbar_effect5.png,  Directory: dir301D0264053C1D31E4C443AA1728EE85,  Size: 23458
File: Hue.htm,  Directory: dirFBF7365A5264634AB5246E4024DA46BB,  Size: 2454
File: plybck_opt_cuelist_action_end_list5.png,  Directory: dir301D0264053C1D31E4C443AA1728EE85,  Size: 19405
File: 0003_heavyfrost.png,  Directory: dir6D583EA6C7A4916F30AECA4AC4DB133D,  Size: 5161
File: water_thin_small_horizontal_wavy_lines.png,  Directory: dir7BFBE7152BD1F709E4A8AB545308CE6B,  Size: 7541
File: tocInactive.png,  Directory: dirB18C0EE27D64684ADC5C3CC0891E3399,  Size: 2897
File: Abstraction.htm,  Directory: dir506C26B368C466EAAF42C3B612DDA6A7,  Size: 5796
File: Feedback.htm,  Directory: dir3399D43E8E0CB2368BC79B27F701792F,  Size: 22323
File: batch_pbb.png,  Directory: dir301D0264053C1D31E4C443AA1728EE85,  Size: 1353
File: SearchStem_Chunk0.js,  Directory: dirAAE153D476A857C192561F7A3BFE2D57,  Size: 29618
File: ETCGadget2.htm,  Directory: dir4BE944CC52319BEEBBE027DB9BA856E7,  Size: 10908
File: star_eight_point_multilayer.png,  Directory: dir7BFBE7152BD1F709E4A8AB545308CE6B,  Size: 2809
File: HogNet_LinkState.png,  Directory: dir301D0264053C1D31E4C443AA1728EE85,  Size: 71750
File: config_entire_button5.png,  Directory: dir301D0264053C1D31E4C443AA1728EE85,  Size: 41105
File: yellow_outerlines_eight.png,  Directory: dir7BFBE7152BD1F709E4A8AB545308CE6B,  Size: 2643
File: Plot.htm,  Directory: dirFBF7365A5264634AB5246E4024DA46BB,  Size: 2559
File: SearchStem_Chunk2.js,  Directory: dirAAE153D476A857C192561F7A3BFE2D57,  Size: 30011
File: zigzag_broken_crack_circle_shadow.png,  Directory: dir7BFBE7152BD1F709E4A8AB545308CE6B,  Size: 10179
File: OutTime.htm,  Directory: dirFBF7365A5264634AB5246E4024DA46BB,  Size: 2726
File: Shows.htm,  Directory: dir59111B18C3A85535B8DD93AED5C7CB42,  Size: 2548
File: ConsoleCrash.htm,  Directory: dir89EA610D4F97992D0567E123129F87FD,  Size: 3691
File: multi_squares_diamonds_grid.png,  Directory: dir7BFBE7152BD1F709E4A8AB545308CE6B,  Size: 13116
File: ManualSymbols.htm,  Directory: dir89AEB7EEACCDFBF95C518E72B57C88B7,  Size: 4268
File: thick_border_small_drips_tiny.png,  Directory: dir7BFBE7152BD1F709E4A8AB545308CE6B,  Size: 3615
File: criss_cross_lines_tiny_squares_multi_net.png,  Directory: dir7BFBE7152BD1F709E4A8AB545308CE6B,  Size: 21063
File: CommandKeyCopyMoveDel.htm,  Directory: dirFC7559CFE1102D19ECDAABCC2BEF6B65,  Size: 3427
File: output_window_colours_en_purple5.png,  Directory: dir301D0264053C1D31E4C443AA1728EE85,  Size: 12957
File: squares_vertical_grid.png,  Directory: dir7BFBE7152BD1F709E4A8AB545308CE6B,  Size: 1240
File: fb_mid1_5.png,  Directory: dir301D0264053C1D31E4C443AA1728EE85,  Size: 15546
File: overlap_bars_lines_grid_multi.png,  Directory: dir7BFBE7152BD1F709E4A8AB545308CE6B,  Size: 6974
File: RemovingValues.htm,  Directory: dir104759975766716C7047FC16D523E7B8,  Size: 5304
File: icon-user-gray.png,  Directory: dirB18C0EE27D64684ADC5C3CC0891E3399,  Size: 347
File: uno_dmx.png,  Directory: dir301D0264053C1D31E4C443AA1728EE85,  Size: 52368
File: six_teardrop_flower_spiral.png,  Directory: dir7BFBE7152BD1F709E4A8AB545308CE6B,  Size: 4717
File: shapes_trapezoids_breakup_fracture.png,  Directory: dir7BFBE7152BD1F709E4A8AB545308CE6B,  Size: 6556
File: stars_multi_fourteen.png,  Directory: dir7BFBE7152BD1F709E4A8AB545308CE6B,  Size: 4702
File: five_segmented_pinwheel.png,  Directory: dir7BFBE7152BD1F709E4A8AB545308CE6B,  Size: 3790
File: ten_segmented_rings_interlocking.png,  Directory: dir7BFBE7152BD1F709E4A8AB545308CE6B,  Size: 16243
File: dots_line_horizontal_ten.png,  Directory: dir7BFBE7152BD1F709E4A8AB545308CE6B,  Size: 4733
File: fifteen_multi_triangle_breakup.png,  Directory: dir7BFBE7152BD1F709E4A8AB545308CE6B,  Size: 4861
File: small_squares_block_grid.png,  Directory: dir7BFBE7152BD1F709E4A8AB545308CE6B,  Size: 1568
File: eighteen_diamond_square_line_curved.png,  Directory: dir7BFBE7152BD1F709E4A8AB545308CE6B,  Size: 4432
File: sh_mgr_cd5_960x484.png,  Directory: dir301D0264053C1D31E4C443AA1728EE85,  Size: 93366
File: twelve_teardrop_shapes_border_ring.png,  Directory: dir7BFBE7152BD1F709E4A8AB545308CE6B,  Size: 7712
File: SearchPhrase_Chunk27.js,  Directory: dirAAE153D476A857C192561F7A3BFE2D57,  Size: 29995
File: fb_mid21_5.png,  Directory: dir301D0264053C1D31E4C443AA1728EE85,  Size: 58101
File: fb_mid8_5.png,  Directory: dir301D0264053C1D31E4C443AA1728EE85,  Size: 41785
File: splattered_foliage_breakup.png,  Directory: dir7BFBE7152BD1F709E4A8AB545308CE6B,  Size: 22459
File: jump_toolbar5_960x266.png,  Directory: dir301D0264053C1D31E4C443AA1728EE85,  Size: 99397
File: viz_3_600x466.png,  Directory: dir301D0264053C1D31E4C443AA1728EE85,  Size: 87228
File: multi_dots_tiny.png,  Directory: dir7BFBE7152BD1F709E4A8AB545308CE6B,  Size: 8252
File: Language.js,  Directory: dirAAE153D476A857C192561F7A3BFE2D57,  Size: 3975
File: views_toolbar5_600x57.png,  Directory: dir301D0264053C1D31E4C443AA1728EE85,  Size: 9226
File: horizontallines_lines_sizes.png,  Directory: dir7BFBE7152BD1F709E4A8AB545308CE6B,  Size: 894
File: three_segmented_triangle.png,  Directory: dir7BFBE7152BD1F709E4A8AB545308CE6B,  Size: 4269
File: FB_CSP_2_5.png,  Directory: dir301D0264053C1D31E4C443AA1728EE85,  Size: 9393
File: 0069.png,  Directory: dirCF9519B65614710F6BDCEFAB09BAE21D,  Size: 6459
File: SMPTE.htm,  Directory: dirFBF7365A5264634AB5246E4024DA46BB,  Size: 2597
File: CueCopyMove.htm,  Directory: dir429E2BE47FEE1102CC112010FC902992,  Size: 5347
File: Wheelset.htm,  Directory: dirFBF7365A5264634AB5246E4024DA46BB,  Size: 2718
File: smallshapes_stars_multi_breakup_triangle.png,  Directory: dir7BFBE7152BD1F709E4A8AB545308CE6B,  Size: 7146
File: PhysicalConnect.htm,  Directory: dirDC400B2463EACEDD8C6FFFA0A2442745,  Size: 2904
File: path_sel_list_editor5.png,  Directory: dir301D0264053C1D31E4C443AA1728EE85,  Size: 22363
File: sh_mgr_cd5.png,  Directory: dir301D0264053C1D31E4C443AA1728EE85,  Size: 115147
File: fifteen_thin_line_pinwheel.png,  Directory: dir7BFBE7152BD1F709E4A8AB545308CE6B,  Size: 8164
File: VisualizerTroubleshooting.htm,  Directory: dirDC400B2463EACEDD8C6FFFA0A2442745,  Size: 9046
File: multi_pieces_shattered_cracks.png,  Directory: dir7BFBE7152BD1F709E4A8AB545308CE6B,  Size: 10708
File: vert_wing_win5_600x638.png,  Directory: dir301D0264053C1D31E4C443AA1728EE85,  Size: 126254
File: w_bulge_outline_bat.png,  Directory: dir7BFBE7152BD1F709E4A8AB545308CE6B,  Size: 2040
File: effect_directory5_960x551.png,  Directory: dir301D0264053C1D31E4C443AA1728EE85,  Size: 154350
File: grp_buddy_5.png,  Directory: dir301D0264053C1D31E4C443AA1728EE85,  Size: 21059
File: column_header5.png,  Directory: dir301D0264053C1D31E4C443AA1728EE85,  Size: 65568
File: tiny_dots_random.png,  Directory: dir7BFBE7152BD1F709E4A8AB545308CE6B,  Size: 9830
File: three_bulge_fan_spin.png,  Directory: dir7BFBE7152BD1F709E4A8AB545308CE6B,  Size: 2571
File: ControlPanel_HogNet_600x406.png,  Directory: dir301D0264053C1D31E4C443AA1728EE85,  Size: 53764
File: osc_config_in5.png,  Directory: dir301D0264053C1D31E4C443AA1728EE85,  Size: 41042
File: multi_bars_rods_small.png,  Directory: dir7BFBE7152BD1F709E4A8AB545308CE6B,  Size: 6713
File: 0043_green1.png,  Directory: dirCF9519B65614710F6BDCEFAB09BAE21D,  Size: 3510
File: shiny_bubbles_multi_multisize.png,  Directory: dir7BFBE7152BD1F709E4A8AB545308CE6B,  Size: 20215
File: FixBuildCompound.htm,  Directory: dir4DDC1C874BC664E97A383AFD2CB09114,  Size: 9557
File: fb_mid3_5.png,  Directory: dir301D0264053C1D31E4C443AA1728EE85,  Size: 27500
File: eight_point_ovals_sun_various_sizes_color_purple.png,  Directory: dir7BFBE7152BD1F709E4A8AB545308CE6B,  Size: 9990
File: close.png,  Directory: dirB18C0EE27D64684ADC5C3CC0891E3399,  Size: 529
File: vertical_thin_wave_lines_squiggles.png,  Directory: dir7BFBE7152BD1F709E4A8AB545308CE6B,  Size: 12179
File: overlapping_lines_cross_bulge_thick.png,  Directory: dir7BFBE7152BD1F709E4A8AB545308CE6B,  Size: 6371
File: five_vertical_towers_lines.png,  Directory: dir7BFBE7152BD1F709E4A8AB545308CE6B,  Size: 4135
File: cue_editor_times5.png,  Directory: dir301D0264053C1D31E4C443AA1728EE85,  Size: 58853
File: FB_CSP_Blue_5.png,  Directory: dir301D0264053C1D31E4C443AA1728EE85,  Size: 7748
File: HPC_1.png,  Directory: dir301D0264053C1D31E4C443AA1728EE85,  Size: 52716
File: cue_dir_active_5_360x238.png,  Directory: dir301D0264053C1D31E4C443AA1728EE85,  Size: 30671
File: parked_win5_360x299.png,  Directory: dir301D0264053C1D31E4C443AA1728EE85,  Size: 32899
File: tunnel_multi_row_crescents_small.png,  Directory: dir7BFBE7152BD1F709E4A8AB545308CE6B,  Size: 21013
File: PageModify.htm,  Directory: dir1295D77647C34B08C40F04A047C6B38F,  Size: 6466
File: curved_wedges_rotating_left_color_blue_pinwheel.png,  Directory: dir7BFBE7152BD1F709E4A8AB545308CE6B,  Size: 11253
File: select-language.png,  Directory: dirB18C0EE27D64684ADC5C3CC0891E3399,  Size: 503
File: hatch_circle_grid.png,  Directory: dir7BFBE7152BD1F709E4A8AB545308CE6B,  Size: 12810
File: splatter_splat_blob_paint.png,  Directory: dir7BFBE7152BD1F709E4A8AB545308CE6B,  Size: 2320
File: glass_blotches_medium.png,  Directory: dir7BFBE7152BD1F709E4A8AB545308CE6B,  Size: 22233
File: navigate-previous.png,  Directory: dirB18C0EE27D64684ADC5C3CC0891E3399,  Size: 2941
File: line_selection_tool5.png,  Directory: dir301D0264053C1D31E4C443AA1728EE85,  Size: 945
File: thin_vertical_lines_hair.png,  Directory: dir7BFBE7152BD1F709E4A8AB545308CE6B,  Size: 29013
File: dots_cross_fifteen.png,  Directory: dir7BFBE7152BD1F709E4A8AB545308CE6B,  Size: 5584
File: splash_archs_medium.png,  Directory: dir7BFBE7152BD1F709E4A8AB545308CE6B,  Size: 2284
File: zigzag_stripes_horizontal_multi.png,  Directory: dir7BFBE7152BD1F709E4A8AB545308CE6B,  Size: 10645
File: stemmer-english.amd.min.js,  Directory: dir61588760BB0E426A2E1C40CAD4CA6677,  Size: 26856
File: small_dots_random.png,  Directory: dir7BFBE7152BD1F709E4A8AB545308CE6B,  Size: 3431
File: 0004_amber.png,  Directory: dirCF9519B65614710F6BDCEFAB09BAE21D,  Size: 3507
File: output_window_colours_en_orange5.png,  Directory: dir301D0264053C1D31E4C443AA1728EE85,  Size: 13887
File: ResponsiveTOCInactive.png,  Directory: dirB18C0EE27D64684ADC5C3CC0891E3399,  Size: 322
File: nine_small_dots_line_horizontal.png,  Directory: dir7BFBE7152BD1F709E4A8AB545308CE6B,  Size: 4071
File: media5.png,  Directory: dir301D0264053C1D31E4C443AA1728EE85,  Size: 57255
File: HidMode.htm,  Directory: dirFBF7365A5264634AB5246E4024DA46BB,  Size: 2642
File: spiral_fatends.png,  Directory: dir7BFBE7152BD1F709E4A8AB545308CE6B,  Size: 9890
File: glass_water_drops_droplets.png,  Directory: dir7BFBE7152BD1F709E4A8AB545308CE6B,  Size: 32437
File: fb_advanced_diagram_5.png,  Directory: dir301D0264053C1D31E4C443AA1728EE85,  Size: 48562
File: thin_tiny_skinny_triangle_border.png,  Directory: dir7BFBE7152BD1F709E4A8AB545308CE6B,  Size: 12282
File: six_triangle_wedges_color_yellow.png,  Directory: dir7BFBE7152BD1F709E4A8AB545308CE6B,  Size: 9853
File: Plots.htm,  Directory: dir4B06B9CE32721023DA45AA4F5B064B42,  Size: 2550
File: turn_bars_tunnel_curved_fan_spin.png,  Directory: dir7BFBE7152BD1F709E4A8AB545308CE6B,  Size: 4903
File: five_ovals_rings_vertical.png,  Directory: dir7BFBE7152BD1F709E4A8AB545308CE6B,  Size: 6523
File: Multi_cobblestone_breakup.png,  Directory: dir7BFBE7152BD1F709E4A8AB545308CE6B,  Size: 4982
File: narrow_triangles_angle_cracks_divide_circle_tunnel_color_purple.png,  Directory: dir7BFBE7152BD1F709E4A8AB545308CE6B,  Size: 18900
File: multi_dots_ovals_moon.png,  Directory: dir7BFBE7152BD1F709E4A8AB545308CE6B,  Size: 4702
File: four_triangle_wedges_slices_medium.png,  Directory: dir7BFBE7152BD1F709E4A8AB545308CE6B,  Size: 1921
File: cog_silhouette_layer_square.png,  Directory: dir7BFBE7152BD1F709E4A8AB545308CE6B,  Size: 9186
File: selectiontool_freeline_5.png,  Directory: dir301D0264053C1D31E4C443AA1728EE85,  Size: 1033
File: cfx_sub_1_5_960x535.png,  Directory: dir301D0264053C1D31E4C443AA1728EE85,  Size: 52984
File: sun_face_tribal_red_yellow_multicolor.png,  Directory: dir7BFBE7152BD1F709E4A8AB545308CE6B,  Size: 25453
File: multi_dots_radial_tunnel.png,  Directory: dir7BFBE7152BD1F709E4A8AB545308CE6B,  Size: 5297
File: tiny_dots_net_mesh_diamond_pebbles_multi_cracks.png,  Directory: dir7BFBE7152BD1F709E4A8AB545308CE6B,  Size: 10953
File: SceneInsertMergeReplace.htm,  Directory: dir070BAB3FED22BFAFF21D603A3F08F6D5,  Size: 3566
File: tiny_speckled_dots_ring_dot.png,  Directory: dir7BFBE7152BD1F709E4A8AB545308CE6B,  Size: 11947
File: prerecorded_600x413.png,  Directory: dir301D0264053C1D31E4C443AA1728EE85,  Size: 68824
File: four_rings_medium.png,  Directory: dir7BFBE7152BD1F709E4A8AB545308CE6B,  Size: 2504
File: bars_vertical_lines_three.png,  Directory: dir7BFBE7152BD1F709E4A8AB545308CE6B,  Size: 802
File: Spreadsheet.htm,  Directory: dirFBF7365A5264634AB5246E4024DA46BB,  Size: 2418
File: eighteen_dots_multi.png,  Directory: dir7BFBE7152BD1F709E4A8AB545308CE6B,  Size: 7842
File: lightning_image_clouds_strike.png,  Directory: dir7BFBE7152BD1F709E4A8AB545308CE6B,  Size: 10231
File: start_screen5_960x354.png,  Directory: dir301D0264053C1D31E4C443AA1728EE85,  Size: 64670
File: three_winged_spiral_spin_fan.png,  Directory: dir7BFBE7152BD1F709E4A8AB545308CE6B,  Size: 8357
File: six_wedge_pie_multicolor_cyan_magenta_yellow.png,  Directory: dir7BFBE7152BD1F709E4A8AB545308CE6B,  Size: 16757
File: clone5.png,  Directory: dir301D0264053C1D31E4C443AA1728EE85,  Size: 18454
File: 0041_greenyellow.png,  Directory: dirCF9519B65614710F6BDCEFAB09BAE21D,  Size: 3683
File: shake.png,  Directory: dir301D0264053C1D31E4C443AA1728EE85,  Size: 1466
File: wheelset_toolbar5.png,  Directory: dir301D0264053C1D31E4C443AA1728EE85,  Size: 23258
File: 0000_open.png,  Directory: dir7BFBE7152BD1F709E4A8AB545308CE6B,  Size: 6186
File: trigger_toolbar5_960x212.png,  Directory: dir301D0264053C1D31E4C443AA1728EE85,  Size: 32629
File: eight_dots_border_circle_cinema_purple_color.png,  Directory: dir7BFBE7152BD1F709E4A8AB545308CE6B,  Size: 4606
File: small_foliage_breakup_cracks_multi.png,  Directory: dir7BFBE7152BD1F709E4A8AB545308CE6B,  Size: 14424
File: eight_dots_circle_center_cinema_color_purple.png,  Directory: dir7BFBE7152BD1F709E4A8AB545308CE6B,  Size: 5693
File: five_brush_strokes.png,  Directory: dir7BFBE7152BD1F709E4A8AB545308CE6B,  Size: 4544
File: fan_paper_wedge_five.png,  Directory: dir7BFBE7152BD1F709E4A8AB545308CE6B,  Size: 11097
File: small_teardrop_dots_multi_breakup.png,  Directory: dir7BFBE7152BD1F709E4A8AB545308CE6B,  Size: 5340
File: three_circle_curves_rotating_left.png,  Directory: dir7BFBE7152BD1F709E4A8AB545308CE6B,  Size: 10903
File: 0063.PNG,  Directory: dirCF9519B65614710F6BDCEFAB09BAE21D,  Size: 3638
File: SearchStem_Chunk9.js,  Directory: dirAAE153D476A857C192561F7A3BFE2D57,  Size: 4413
File: merge_1_960x616.png,  Directory: dir301D0264053C1D31E4C443AA1728EE85,  Size: 103269
File: thirteen_thick_bars_lines.png,  Directory: dir7BFBE7152BD1F709E4A8AB545308CE6B,  Size: 1959
File: Patch.htm,  Directory: dirFBF7365A5264634AB5246E4024DA46BB,  Size: 2642
File: 3D_rectangular_prisms_cube_grayscale.png,  Directory: dir7BFBE7152BD1F709E4A8AB545308CE6B,  Size: 24491
File: viz_0_600x466.png,  Directory: dir301D0264053C1D31E4C443AA1728EE85,  Size: 104945
File: glass_multicolor_texture_medium_blue_orange.png,  Directory: dir7BFBE7152BD1F709E4A8AB545308CE6B,  Size: 29540
File: CommandKeyFeedback.htm,  Directory: dirFC7559CFE1102D19ECDAABCC2BEF6B65,  Size: 10347
File: invert_sunburst_radial_symmetrical.png,  Directory: dir7BFBE7152BD1F709E4A8AB545308CE6B,  Size: 6262
File: star_single_animated_curved.png,  Directory: dir7BFBE7152BD1F709E4A8AB545308CE6B,  Size: 4532
File: six_dots_ring_symmetrical_medium.png,  Directory: dir7BFBE7152BD1F709E4A8AB545308CE6B,  Size: 2071
File: eight_small_dots_circle_border_color_purple.png,  Directory: dir7BFBE7152BD1F709E4A8AB545308CE6B,  Size: 6041
File: FixtureBuilderIntro.htm,  Directory: dir4DDC1C874BC664E97A383AFD2CB09114,  Size: 3048
File: glass_thin_lines_flowers.png,  Directory: dir7BFBE7152BD1F709E4A8AB545308CE6B,  Size: 25605
File: spiral_two_legs_fan_swirl_spin.png,  Directory: dir7BFBE7152BD1F709E4A8AB545308CE6B,  Size: 2992
File: ResponsiveTopic.png,  Directory: dirB18C0EE27D64684ADC5C3CC0891E3399,  Size: 360
File: system_info_tab_5.png,  Directory: dir301D0264053C1D31E4C443AA1728EE85,  Size: 71335
File: Slot.htm,  Directory: dirFBF7365A5264634AB5246E4024DA46BB,  Size: 2434
File: cloud_dust_mist.png,  Directory: dir7BFBE7152BD1F709E4A8AB545308CE6B,  Size: 15489
File: thin_lines_sun_circle.png,  Directory: dir7BFBE7152BD1F709E4A8AB545308CE6B,  Size: 9752
File: wheel_toolbar_effect5_960x92.png,  Directory: dir301D0264053C1D31E4C443AA1728EE85,  Size: 14479
File: four_dots_bar_big.png,  Directory: dir7BFBE7152BD1F709E4A8AB545308CE6B,  Size: 1212
File: mediapicker5_600x522.png,  Directory: dir301D0264053C1D31E4C443AA1728EE85,  Size: 86751
File: sep_param5.png,  Directory: dir301D0264053C1D31E4C443AA1728EE85,  Size: 51817
File: Palettes.htm,  Directory: dirA1A3397425DE95F5347E70E7B4149798,  Size: 2554
File: viz_2_600x467.png,  Directory: dir301D0264053C1D31E4C443AA1728EE85,  Size: 38898
File: wheel_toolbar_timing5.png,  Directory: dir301D0264053C1D31E4C443AA1728EE85,  Size: 11125
File: fb_mid16_5.png,  Directory: dir301D0264053C1D31E4C443AA1728EE85,  Size: 53189
File: 0028_lightblue.png,  Directory: dirCF9519B65614710F6BDCEFAB09BAE21D,  Size: 3683
File: 0071.png,  Directory: dirCF9519B65614710F6BDCEFAB09BAE21D,  Size: 6513
File: views_toolbar5.png,  Directory: dir301D0264053C1D31E4C443AA1728EE85,  Size: 4147
File: programmer_top_half_960x351.png,  Directory: dir301D0264053C1D31E4C443AA1728EE85,  Size: 59232
File: thin_horizontal_lines_glass.png,  Directory: dir7BFBE7152BD1F709E4A8AB545308CE6B,  Size: 14968
File: arrow_right_detailed_tribal.png,  Directory: dir7BFBE7152BD1F709E4A8AB545308CE6B,  Size: 2038
File: Cue.htm,  Directory: dirFBF7365A5264634AB5246E4024DA46BB,  Size: 2679
File: segmented_curved_wheel.png,  Directory: dir7BFBE7152BD1F709E4A8AB545308CE6B,  Size: 6391
File: vertical_blurred_lines.png,  Directory: dir7BFBE7152BD1F709E4A8AB545308CE6B,  Size: 13603
File: SearchPhrase_Chunk25.js,  Directory: dirAAE153D476A857C192561F7A3BFE2D57,  Size: 29945
File: GH_frontpanel.png,  Directory: dir301D0264053C1D31E4C443AA1728EE85,  Size: 64580
File: eight_bolts_circle.png,  Directory: dir7BFBE7152BD1F709E4A8AB545308CE6B,  Size: 6400
File: squares_multi_breakup.png,  Directory: dir7BFBE7152BD1F709E4A8AB545308CE6B,  Size: 2988
File: TrackedValue.htm,  Directory: dirFBF7365A5264634AB5246E4024DA46BB,  Size: 2779
File: Timing.htm,  Directory: dir4937F9448319195033DF111F8C9A4E12,  Size: 2552
File: three_bars_seperated_curved_triangle_medium.png,  Directory: dir7BFBE7152BD1F709E4A8AB545308CE6B,  Size: 3647
File: four_t_shaped_maze.png,  Directory: dir7BFBE7152BD1F709E4A8AB545308CE6B,  Size: 3073
File: multi_triangle_breakup.png,  Directory: dir7BFBE7152BD1F709E4A8AB545308CE6B,  Size: 9872
File: explosion_sun_fire_flames_multi.png,  Directory: dir7BFBE7152BD1F709E4A8AB545308CE6B,  Size: 19605
File: plybck_opt_cuelist_manual_fader5.png,  Directory: dir301D0264053C1D31E4C443AA1728EE85,  Size: 17162
File: clr_dir5_sheet.png,  Directory: dir301D0264053C1D31E4C443AA1728EE85,  Size: 53302
File: lowlight.png,  Directory: dir301D0264053C1D31E4C443AA1728EE85,  Size: 813
File: multi_shape_square_circle_dot_pattern.png,  Directory: dir7BFBE7152BD1F709E4A8AB545308CE6B,  Size: 7490
File: segmented_circle_cone_color_purple.png,  Directory: dir7BFBE7152BD1F709E4A8AB545308CE6B,  Size: 12296
File: single_dot_large.png,  Directory: dir7BFBE7152BD1F709E4A8AB545308CE6B,  Size: 2447
File: DirectoryWindows.htm,  Directory: dir3CED7FB55F25D98E1AF47F4B0F8B6ACD,  Size: 2572
File: glass_droplets_water.png,  Directory: dir7BFBE7152BD1F709E4A8AB545308CE6B,  Size: 19873
File: TC_Mod.htm,  Directory: dirEB1884289FDB2B8A3A7EA3D2480E5577,  Size: 4004
File: curved_breakup_medium.png,  Directory: dir7BFBE7152BD1F709E4A8AB545308CE6B,  Size: 4141
File: six_curved_asymmetrical_horizontal_wedges.png,  Directory: dir7BFBE7152BD1F709E4A8AB545308CE6B,  Size: 3343
File: two_triangle_tunnel_cone.png,  Directory: dir7BFBE7152BD1F709E4A8AB545308CE6B,  Size: 5724
File: wave_lines_circle_spin_fan.png,  Directory: dir7BFBE7152BD1F709E4A8AB545308CE6B,  Size: 5387
File: single_rose_color_pink.png,  Directory: dir7BFBE7152BD1F709E4A8AB545308CE6B,  Size: 10827
File: Effect_Off.htm,  Directory: dirFBF7365A5264634AB5246E4024DA46BB,  Size: 2649
File: TechSpecs.htm,  Directory: dirE616E725F39764101A897681B058E202,  Size: 2588
File: breakup_overlapping_lines_layers_thin_net_spiderweb.png,  Directory: dir7BFBE7152BD1F709E4A8AB545308CE6B,  Size: 24506
File: glass_pebbles_overlay.png,  Directory: dir7BFBE7152BD1F709E4A8AB545308CE6B,  Size: 7084
File: fb_mid13_5.png,  Directory: dir301D0264053C1D31E4C443AA1728EE85,  Size: 58894
File: 0013_gradientfrost.png,  Directory: dir6D583EA6C7A4916F30AECA4AC4DB133D,  Size: 5457
File: SearchPhrase_Chunk24.js,  Directory: dirAAE153D476A857C192561F7A3BFE2D57,  Size: 29935
File: keyboard5_960x326.png,  Directory: dir301D0264053C1D31E4C443AA1728EE85,  Size: 43066
File: ten_oval_cones_rotating_left.png,  Directory: dir7BFBE7152BD1F709E4A8AB545308CE6B,  Size: 2113
File: 0001_threeface.png,  Directory: dir0D973686163D66EE8454B4DA57145C33,  Size: 8896
File: sun_drip_red_yellow_multicolor_paint.png,  Directory: dir7BFBE7152BD1F709E4A8AB545308CE6B,  Size: 26619
File: Visualizer.htm,  Directory: dirFBF7365A5264634AB5246E4024DA46BB,  Size: 2499
File: twelve_triangle_radial_pinwheel_color_red.png,  Directory: dir7BFBE7152BD1F709E4A8AB545308CE6B,  Size: 8102
File: multi_wedge_radial_starburst.png,  Directory: dir7BFBE7152BD1F709E4A8AB545308CE6B,  Size: 5119
File: circle_sun_paint_multicolor_green_yellow_drip_thin.png,  Directory: dir7BFBE7152BD1F709E4A8AB545308CE6B,  Size: 16180
File: ResponsivePreviousTopicButton.png,  Directory: dirB18C0EE27D64684ADC5C3CC0891E3399,  Size: 2941
File: swirl_radial_big.png,  Directory: dir7BFBE7152BD1F709E4A8AB545308CE6B,  Size: 8994
File: multi_bars_jagged_breakup.png,  Directory: dir7BFBE7152BD1F709E4A8AB545308CE6B,  Size: 8141
File: single_wide_bar.png,  Directory: dir7BFBE7152BD1F709E4A8AB545308CE6B,  Size: 3615
File: shattered_multicolor_wedges_asymmetrical_cyan_magenta_yellow.png,  Directory: dir7BFBE7152BD1F709E4A8AB545308CE6B,  Size: 12652
File: slanted_bars_medium_ring.png,  Directory: dir7BFBE7152BD1F709E4A8AB545308CE6B,  Size: 6552
File: UserNumbers.htm,  Directory: dirE1F6960898D23EE4594C548D589D98C6,  Size: 4396
File: RateWheel.htm,  Directory: dirFBF7365A5264634AB5246E4024DA46BB,  Size: 2476
File: four_dots_horizontal.png,  Directory: dir7BFBE7152BD1F709E4A8AB545308CE6B,  Size: 3780
File: glass_underwater_sand.png,  Directory: dir7BFBE7152BD1F709E4A8AB545308CE6B,  Size: 30868
File: thin_rainbow_bubble_outline_stream_color_multicolor_cyan_magenta_yellow_green.png,  Directory: dir7BFBE7152BD1F709E4A8AB545308CE6B,  Size: 25623
File: eight_dots_vertical_bars_medium.png,  Directory: dir7BFBE7152BD1F709E4A8AB545308CE6B,  Size: 4566
File: mulit_speck_scattered_tiny_dots_purple.png,  Directory: dir7BFBE7152BD1F709E4A8AB545308CE6B,  Size: 2391
File: DimmerCurve.htm,  Directory: dirFBF7365A5264634AB5246E4024DA46BB,  Size: 2669
File: Alias.js,  Directory: dirAAE153D476A857C192561F7A3BFE2D57,  Size: 203
File: cue_mark_keypad5.png,  Directory: dir301D0264053C1D31E4C443AA1728EE85,  Size: 48613
File: 0046.png,  Directory: dirCF9519B65614710F6BDCEFAB09BAE21D,  Size: 26741
File: eight_curved_cones_radial_color_red.png,  Directory: dir7BFBE7152BD1F709E4A8AB545308CE6B,  Size: 6965
File: dots_swirl_spin_squiggles_foliage.png,  Directory: dir7BFBE7152BD1F709E4A8AB545308CE6B,  Size: 9126
File: mp_opts5.png,  Directory: dir301D0264053C1D31E4C443AA1728EE85,  Size: 65775
File: small_multi_breakup_bulge.png,  Directory: dir7BFBE7152BD1F709E4A8AB545308CE6B,  Size: 5143
File: three_spiral_pinwheel.png,  Directory: dir7BFBE7152BD1F709E4A8AB545308CE6B,  Size: 5136
File: eight_dots_circle_border_small.png,  Directory: dir7BFBE7152BD1F709E4A8AB545308CE6B,  Size: 6307
File: PileOn.htm,  Directory: dirFBF7365A5264634AB5246E4024DA46BB,  Size: 2573
File: ResponsiveRatingStarEmpty.png,  Directory: dirB18C0EE27D64684ADC5C3CC0891E3399,  Size: 3161
File: glass_ocean_ripples.png,  Directory: dir7BFBE7152BD1F709E4A8AB545308CE6B,  Size: 18603
File: one_square_dash_line_border_purple_color.png,  Directory: dir7BFBE7152BD1F709E4A8AB545308CE6B,  Size: 4749
File: overlapping_rectangle_cubes_layers_multi.png,  Directory: dir7BFBE7152BD1F709E4A8AB545308CE6B,  Size: 5350
File: two_bars_tails_symmetrical.png,  Directory: dir7BFBE7152BD1F709E4A8AB545308CE6B,  Size: 3954
File: 0026_mediumblue.png,  Directory: dirCF9519B65614710F6BDCEFAB09BAE21D,  Size: 3510
File: six_squiggles_fan_spin_multi.png,  Directory: dir7BFBE7152BD1F709E4A8AB545308CE6B,  Size: 7879
File: Multicast.htm,  Directory: dirFBF7365A5264634AB5246E4024DA46BB,  Size: 2734
File: DropDownClosed.gif,  Directory: dirDE1604631C19C70F9C8F30BFD284C63B,  Size: 864
File: fade_mark_active5_960x305.png,  Directory: dir301D0264053C1D31E4C443AA1728EE85,  Size: 67398
File: merge_4_960x655.png,  Directory: dir301D0264053C1D31E4C443AA1728EE85,  Size: 45776
File: normalize.css,  Directory: dirDE1604631C19C70F9C8F30BFD284C63B,  Size: 8037
File: spiral_dots_curve_spiral_color_red.png,  Directory: dir7BFBE7152BD1F709E4A8AB545308CE6B,  Size: 7869
File: star-full.png,  Directory: dirB18C0EE27D64684ADC5C3CC0891E3399,  Size: 3332
File: multicolor_sun_sunburst_face_yellow.png,  Directory: dir7BFBE7152BD1F709E4A8AB545308CE6B,  Size: 11048
File: overlapping_curves_bars.png,  Directory: dir7BFBE7152BD1F709E4A8AB545308CE6B,  Size: 11522
File: dotusernumselect1.png,  Directory: dir301D0264053C1D31E4C443AA1728EE85,  Size: 29660
File: four_rectangles_bars_fan_symmetrical.png,  Directory: dir7BFBE7152BD1F709E4A8AB545308CE6B,  Size: 942
File: Cuelist.htm,  Directory: dirFBF7365A5264634AB5246E4024DA46BB,  Size: 2653
File: collapse.png,  Directory: dirB18C0EE27D64684ADC5C3CC0891E3399,  Size: 2851
File: login-dialog-icon.png,  Directory: dirB18C0EE27D64684ADC5C3CC0891E3399,  Size: 412
File: views_direct5_sheet.png,  Directory: dir301D0264053C1D31E4C443AA1728EE85,  Size: 16978
File: 0054.PNG,  Directory: dirCF9519B65614710F6BDCEFAB09BAE21D,  Size: 3608
File: eight_diamonds_symmetrical_cones.png,  Directory: dir7BFBE7152BD1F709E4A8AB545308CE6B,  Size: 14081
File: CueRecOptions.htm,  Directory: dir429E2BE47FEE1102CC112010FC902992,  Size: 4534
File: multi_dots_rotating_right.png,  Directory: dir7BFBE7152BD1F709E4A8AB545308CE6B,  Size: 6566
File: fbt_summary_5.png,  Directory: dir301D0264053C1D31E4C443AA1728EE85,  Size: 28405
File: thin_lines_bright_circle_color_purple.png,  Directory: dir7BFBE7152BD1F709E4A8AB545308CE6B,  Size: 11463
File: FP_CSP_254_5.png,  Directory: dir301D0264053C1D31E4C443AA1728EE85,  Size: 24953
File: eight_rectangle_squares_overlap_border_circle.png,  Directory: dir7BFBE7152BD1F709E4A8AB545308CE6B,  Size: 3938
File: vis_wyg_config_3.png,  Directory: dir301D0264053C1D31E4C443AA1728EE85,  Size: 28339
File: SearchPhrase_Chunk30.js,  Directory: dirAAE153D476A857C192561F7A3BFE2D57,  Size: 29998
File: StartupMacros.htm,  Directory: dir59111B18C3A85535B8DD93AED5C7CB42,  Size: 3510
File: cuelist_window_play_controls5_600x151.png,  Directory: dir301D0264053C1D31E4C443AA1728EE85,  Size: 32601
File: fix_patch5.png,  Directory: dir301D0264053C1D31E4C443AA1728EE85,  Size: 30777
File: glass_rows_white_lines_square.png,  Directory: dir7BFBE7152BD1F709E4A8AB545308CE6B,  Size: 20050
File: select-skin.png,  Directory: dirB18C0EE27D64684ADC5C3CC0891E3399,  Size: 3057
File: flower_petals_eight_wedges.png,  Directory: dir7BFBE7152BD1F709E4A8AB545308CE6B,  Size: 7357
File: criss_cross_x_pieces_triangles_flower.png,  Directory: dir7BFBE7152BD1F709E4A8AB545308CE6B,  Size: 9159
File: ShowData.htm,  Directory: dir59111B18C3A85535B8DD93AED5C7CB42,  Size: 4579
File: eight_zigzag_radial_starburst.png,  Directory: dir7BFBE7152BD1F709E4A8AB545308CE6B,  Size: 1917
File: front_panel_RH.png,  Directory: dir301D0264053C1D31E4C443AA1728EE85,  Size: 158830
File: require.min.js,  Directory: dir61588760BB0E426A2E1C40CAD4CA6677,  Size: 20484
File: sunrise_sun_tunnel_striped_vertical.png,  Directory: dir7BFBE7152BD1F709E4A8AB545308CE6B,  Size: 10743
File: three_bars_rectangles_horizontal.png,  Directory: dir7BFBE7152BD1F709E4A8AB545308CE6B,  Size: 1672
File: glass_sunrise_horizontal_stripes.png,  Directory: dir7BFBE7152BD1F709E4A8AB545308CE6B,  Size: 15250
File: 3D_cubes_multi_small.png,  Directory: dir7BFBE7152BD1F709E4A8AB545308CE6B,  Size: 9523
File: comment_macro_midinote5.png,  Directory: dir301D0264053C1D31E4C443AA1728EE85,  Size: 12030
File: seven_oval_rings_horizontal_symmetrical.png,  Directory: dir7BFBE7152BD1F709E4A8AB545308CE6B,  Size: 3234
File: TechSpec_H4.htm,  Directory: dirE616E725F39764101A897681B058E202,  Size: 10361
File: psydye_paint_red_yellow_splash_ink_birdshit_splat.png,  Directory: dir7BFBE7152BD1F709E4A8AB545308CE6B,  Size: 6732
File: cuelist_directory5_600x369.png,  Directory: dir301D0264053C1D31E4C443AA1728EE85,  Size: 36972
File: five_triangle_wedge_fan_spin_green.png,  Directory: dir7BFBE7152BD1F709E4A8AB545308CE6B,  Size: 9337
File: indicator_chat.png,  Directory: dir301D0264053C1D31E4C443AA1728EE85,  Size: 1463
File: single_outline_square_medium.png,  Directory: dir7BFBE7152BD1F709E4A8AB545308CE6B,  Size: 837
File: nineteen_dots_symmetrical.png,  Directory: dir7BFBE7152BD1F709E4A8AB545308CE6B,  Size: 6094
File: sunburst_wedges_offset.png,  Directory: dir7BFBE7152BD1F709E4A8AB545308CE6B,  Size: 9884
File: eleven_horizontal_squiggles.png,  Directory: dir7BFBE7152BD1F709E4A8AB545308CE6B,  Size: 10034
File: seven_part_circle_curved_color_red_yellow.png,  Directory: dir7BFBE7152BD1F709E4A8AB545308CE6B,  Size: 18269
File: giraffe_medium_breakup.png,  Directory: dir7BFBE7152BD1F709E4A8AB545308CE6B,  Size: 9732
File: visualizer_setup_ip.png,  Directory: dir301D0264053C1D31E4C443AA1728EE85,  Size: 48136
File: small_clouds_maze_cracks_puffy.png,  Directory: dir7BFBE7152BD1F709E4A8AB545308CE6B,  Size: 4908
File: Basic.css,  Directory: dirDBDC99A262A4FAA84D627E9B94AD3076,  Size: 8314
File: diagonal_stripes_thin_triangles.png,  Directory: dir7BFBE7152BD1F709E4A8AB545308CE6B,  Size: 13170
File: Preview_Color.htm,  Directory: dirFBF7365A5264634AB5246E4024DA46BB,  Size: 2653
File: six_crescent_boomerangs_fan_spin.png,  Directory: dir7BFBE7152BD1F709E4A8AB545308CE6B,  Size: 9147
File: six_teardrop_paisley_border_color_pink.png,  Directory: dir7BFBE7152BD1F709E4A8AB545308CE6B,  Size: 5744
File: swirl_gradiant_curves_crescents.png,  Directory: dir7BFBE7152BD1F709E4A8AB545308CE6B,  Size: 10345
File: lightning_thin_lines.png,  Directory: dir7BFBE7152BD1F709E4A8AB545308CE6B,  Size: 8893
File: USBFlashDrive_380below.htm,  Directory: dir5DC53C2A105460D0156677FED587ECF6,  Size: 4696
File: keyboard5.png,  Directory: dir301D0264053C1D31E4C443AA1728EE85,  Size: 28892
File: SafetyWarnings5.htm,  Directory: dirC813D43350262FBC3346A130A06ED7BF,  Size: 2728
File: plybck_opt_cuelist_priority5.png,  Directory: dir301D0264053C1D31E4C443AA1728EE85,  Size: 18822
File: 0000_open.png,  Directory: dir6D583EA6C7A4916F30AECA4AC4DB133D,  Size: 6186
File: toolbar_dir_ent5_960x231.png,  Directory: dir301D0264053C1D31E4C443AA1728EE85,  Size: 41356
File: h_touch2_5.png,  Directory: dir301D0264053C1D31E4C443AA1728EE85,  Size: 47488
File: single-twinkle-star_long_flares.png,  Directory: dir7BFBE7152BD1F709E4A8AB545308CE6B,  Size: 3227
File: rectangle_small_border_multi_circle.png,  Directory: dir7BFBE7152BD1F709E4A8AB545308CE6B,  Size: 9737
File: three_rings_circles_small.png,  Directory: dir7BFBE7152BD1F709E4A8AB545308CE6B,  Size: 9193
File: 3D_glass_diagonal_bars_slats.png,  Directory: dir7BFBE7152BD1F709E4A8AB545308CE6B,  Size: 28884
File: MCSlider_controls.png,  Directory: dirB18C0EE27D64684ADC5C3CC0891E3399,  Size: 2806
File: viz_3.png,  Directory: dir301D0264053C1D31E4C443AA1728EE85,  Size: 48121
File: tiny_scattered_specks_multicolor_green.png,  Directory: dir7BFBE7152BD1F709E4A8AB545308CE6B,  Size: 28321
File: paint_pastel_rings_layer_color_multicolor_cyan_magenta.png,  Directory: dir7BFBE7152BD1F709E4A8AB545308CE6B,  Size: 31762
File: DMXProcessor.htm,  Directory: dirFBF7365A5264634AB5246E4024DA46BB,  Size: 2575
File: firework_splat_splatter_explosion.png,  Directory: dir7BFBE7152BD1F709E4A8AB545308CE6B,  Size: 7792
File: VisualizerConnectOverview.htm,  Directory: dirDC400B2463EACEDD8C6FFFA0A2442745,  Size: 3173
File: twelve_pointed_curved_star.png,  Directory: dir7BFBE7152BD1F709E4A8AB545308CE6B,  Size: 4620
File: three_bars_horizontal_vertical_asymmetrical.png,  Directory: dir7BFBE7152BD1F709E4A8AB545308CE6B,  Size: 1619
File: PlaybackWings.htm,  Directory: dir4BE944CC52319BEEBBE027DB9BA856E7,  Size: 5171
File: four_vertical_bars_slats.png,  Directory: dir7BFBE7152BD1F709E4A8AB545308CE6B,  Size: 1275
File: under.png,  Directory: dir301D0264053C1D31E4C443AA1728EE85,  Size: 1415
File: TC_Enable.htm,  Directory: dirEB1884289FDB2B8A3A7EA3D2480E5577,  Size: 3983
File: thick_bulge_lines_clouds_multi_horizontal.png,  Directory: dir7BFBE7152BD1F709E4A8AB545308CE6B,  Size: 9839
File: ovals_cirlces_breakup.png,  Directory: dir7BFBE7152BD1F709E4A8AB545308CE6B,  Size: 8744
File: three_squiggles_medium.png,  Directory: dir7BFBE7152BD1F709E4A8AB545308CE6B,  Size: 5271
File: rounded_breakup_big.png,  Directory: dir7BFBE7152BD1F709E4A8AB545308CE6B,  Size: 3377
File: three_dots_multi_medium.png,  Directory: dir7BFBE7152BD1F709E4A8AB545308CE6B,  Size: 4991
File: 0033_ctb.png,  Directory: dirCF9519B65614710F6BDCEFAB09BAE21D,  Size: 3511
File: paint_multicolor_color_mix_rainbow_red_yellow_blue_cyan_magenta.png,  Directory: dir7BFBE7152BD1F709E4A8AB545308CE6B,  Size: 27781
File: four_wedges_large.png,  Directory: dir7BFBE7152BD1F709E4A8AB545308CE6B,  Size: 2910
File: hh_upgrade3_5.png,  Directory: dir301D0264053C1D31E4C443AA1728EE85,  Size: 20424
File: MCSlider_loader.gif,  Directory: dirB18C0EE27D64684ADC5C3CC0891E3399,  Size: 8581
File: fb_advanced_diagram_5_960x406.png,  Directory: dir301D0264053C1D31E4C443AA1728EE85,  Size: 77741
File: 0065.png,  Directory: dirCF9519B65614710F6BDCEFAB09BAE21D,  Size: 7541
File: Vision2018_2.png,  Directory: dir301D0264053C1D31E4C443AA1728EE85,  Size: 26982
File: eight_tounged_star_symmetrical_radial.png,  Directory: dir7BFBE7152BD1F709E4A8AB545308CE6B,  Size: 3149
File: hh_upgrade5_5.png,  Directory: dir301D0264053C1D31E4C443AA1728EE85,  Size: 19231
File: DiscreetEditing.htm,  Directory: dirF9235F3A8134F8266E4FFC7F7A31716E,  Size: 5450
File: diagonal_divide_color_split_purple_green.png,  Directory: dir7BFBE7152BD1F709E4A8AB545308CE6B,  Size: 3084
File: four_arrow_radial_fan_symmetrical.png,  Directory: dir7BFBE7152BD1F709E4A8AB545308CE6B,  Size: 6183
File: SearchStem_Chunk6.js,  Directory: dirAAE153D476A857C192561F7A3BFE2D57,  Size: 29952
File: 0017_magenta3.png,  Directory: dirCF9519B65614710F6BDCEFAB09BAE21D,  Size: 3511
File: parked_output_val5.png,  Directory: dir301D0264053C1D31E4C443AA1728EE85,  Size: 50497
File: thin_line_flower_tunnel.png,  Directory: dir7BFBE7152BD1F709E4A8AB545308CE6B,  Size: 8827
File: three_ring_circle_color_purple_offcenter.png,  Directory: dir7BFBE7152BD1F709E4A8AB545308CE6B,  Size: 7260
File: multi_waves_horizontal_curves.png,  Directory: dir7BFBE7152BD1F709E4A8AB545308CE6B,  Size: 5425
File: prefs_misc5_960x545.png,  Directory: dir301D0264053C1D31E4C443AA1728EE85,  Size: 90993
File: narrow_arrow_up.png,  Directory: dir7BFBE7152BD1F709E4A8AB545308CE6B,  Size: 1970
File: SearchTopic_Chunk3.js,  Directory: dirAAE153D476A857C192561F7A3BFE2D57,  Size: 30305
File: edit_fix5.png,  Directory: dir301D0264053C1D31E4C443AA1728EE85,  Size: 129235
File: overlapping_squiggles_lines_curved_multicolor_pastel_cyan_magenta.png,  Directory: dir7BFBE7152BD1F709E4A8AB545308CE6B,  Size: 24819
File: doodle_thin_curve_line.png,  Directory: dir7BFBE7152BD1F709E4A8AB545308CE6B,  Size: 7220
File: offcenter_sun_flares_glow_star_bright.png,  Directory: dir7BFBE7152BD1F709E4A8AB545308CE6B,  Size: 12689
File: sun_face_squiggle.png,  Directory: dir7BFBE7152BD1F709E4A8AB545308CE6B,  Size: 5689
File: FlexHog_layout_960x302.png,  Directory: dir301D0264053C1D31E4C443AA1728EE85,  Size: 108905
File: eight_ring_oval_petals_radial_symmetrical.png,  Directory: dir7BFBE7152BD1F709E4A8AB545308CE6B,  Size: 6673
File: eighteen_multisize_dots_bubbles.png,  Directory: dir7BFBE7152BD1F709E4A8AB545308CE6B,  Size: 4178
File: sphere_square_border_sun_tribal.png,  Directory: dir7BFBE7152BD1F709E4A8AB545308CE6B,  Size: 8352
File: playback_priority_high.png,  Directory: dir301D0264053C1D31E4C443AA1728EE85,  Size: 792
File: single_dot_small_symmetrical_centered.png,  Directory: dir7BFBE7152BD1F709E4A8AB545308CE6B,  Size: 1470
File: abyss_red_yellow_lava_psychedelic_tiedye.png,  Directory: dir7BFBE7152BD1F709E4A8AB545308CE6B,  Size: 30027
File: small_medium_dots_multi.png,  Directory: dir7BFBE7152BD1F709E4A8AB545308CE6B,  Size: 7546
File: timings_en.png,  Directory: dir301D0264053C1D31E4C443AA1728EE85,  Size: 21027
File: TechSpec_TourWing.htm,  Directory: dirE616E725F39764101A897681B058E202,  Size: 6081
File: glass_light.png,  Directory: dir7BFBE7152BD1F709E4A8AB545308CE6B,  Size: 9328
File: eight_petal_flower_radial_symmetrical.png,  Directory: dir7BFBE7152BD1F709E4A8AB545308CE6B,  Size: 7369
File: AutoLaunchShow.htm,  Directory: dir59111B18C3A85535B8DD93AED5C7CB42,  Size: 3864
File: RecordingGroups.htm,  Directory: dir2B73C4AF7D97B518FD415ECB6940F18F,  Size: 4009
File: effect_table.png,  Directory: dir301D0264053C1D31E4C443AA1728EE85,  Size: 65442
File: SearchPhrase_Chunk42.js,  Directory: dirAAE153D476A857C192561F7A3BFE2D57,  Size: 29930
File: bulge_rings_tiny_dots_multi.png,  Directory: dir7BFBE7152BD1F709E4A8AB545308CE6B,  Size: 8336
File: wheels_toolbar5.png,  Directory: dir301D0264053C1D31E4C443AA1728EE85,  Size: 7305
File: multi_dot_radial_rings.png,  Directory: dir7BFBE7152BD1F709E4A8AB545308CE6B,  Size: 4294
File: typical_editor5_960x236.png,  Directory: dir301D0264053C1D31E4C443AA1728EE85,  Size: 64018
File: breakup_smooth_color_red_orange_yellow.png,  Directory: dir7BFBE7152BD1F709E4A8AB545308CE6B,  Size: 33059
File: Launcher_ControlPanel_600x221.png,  Directory: dir301D0264053C1D31E4C443AA1728EE85,  Size: 30258
File: two_crescent_asymmetrical_big.png,  Directory: dir7BFBE7152BD1F709E4A8AB545308CE6B,  Size: 2573
File: MasterWing.htm,  Directory: dirFBF7365A5264634AB5246E4024DA46BB,  Size: 2507
File: spiral_dots_curve_spiral_color_purple.png,  Directory: dir7BFBE7152BD1F709E4A8AB545308CE6B,  Size: 6175
File: DBO.htm,  Directory: dirFBF7365A5264634AB5246E4024DA46BB,  Size: 2565
File: fb_mid11_5.png,  Directory: dir301D0264053C1D31E4C443AA1728EE85,  Size: 37641
File: three_winged_fan_spin.png,  Directory: dir7BFBE7152BD1F709E4A8AB545308CE6B,  Size: 2747
File: water_ocean_moon_landscape.png,  Directory: dir7BFBE7152BD1F709E4A8AB545308CE6B,  Size: 9109
File: tiny_triangle_breakup_multi.png,  Directory: dir7BFBE7152BD1F709E4A8AB545308CE6B,  Size: 33134
File: 0064.png,  Directory: dirCF9519B65614710F6BDCEFAB09BAE21D,  Size: 7536
File: disconnect_squigle_winding.png,  Directory: dir7BFBE7152BD1F709E4A8AB545308CE6B,  Size: 10162
File: SelectingFix.htm,  Directory: dir104759975766716C7047FC16D523E7B8,  Size: 20301
File: two_cresents_half_red_purple.png,  Directory: dir7BFBE7152BD1F709E4A8AB545308CE6B,  Size: 3826
File: checkered_tunnel_warped_3D.png,  Directory: dir7BFBE7152BD1F709E4A8AB545308CE6B,  Size: 12865
File: proc_setting_output5.png,  Directory: dir301D0264053C1D31E4C443AA1728EE85,  Size: 69571
File: purple_yellow_cross_pattern.png,  Directory: dir7BFBE7152BD1F709E4A8AB545308CE6B,  Size: 31041
File: Filters.js,  Directory: dirAAE153D476A857C192561F7A3BFE2D57,  Size: 42
File: four_square_glass_multi_color_blue_red_yellow_purple.png,  Directory: dir7BFBE7152BD1F709E4A8AB545308CE6B,  Size: 1375
File: CommandKeyCreate.htm,  Directory: dirFC7559CFE1102D19ECDAABCC2BEF6B65,  Size: 3572
File: fireworks_thin_curved_lines_multi.png,  Directory: dir7BFBE7152BD1F709E4A8AB545308CE6B,  Size: 12676
File: Help_from_HES_Technical_Services.htm,  Directory: dir89EA610D4F97992D0567E123129F87FD,  Size: 10003
File: HardValue.htm,  Directory: dirFBF7365A5264634AB5246E4024DA46BB,  Size: 2599
File: ResponsiveSearch.png,  Directory: dirB18C0EE27D64684ADC5C3CC0891E3399,  Size: 548
File: eight_dots_circle_multi_sun.png,  Directory: dir7BFBE7152BD1F709E4A8AB545308CE6B,  Size: 3528
File: AutoFocus.htm,  Directory: dirDC400B2463EACEDD8C6FFFA0A2442745,  Size: 3326
File: compact5.png,  Directory: dir301D0264053C1D31E4C443AA1728EE85,  Size: 5375
File: five_rings_spiral_tunnel_tiny_dots.png,  Directory: dir7BFBE7152BD1F709E4A8AB545308CE6B,  Size: 8738
File: sun_thin_flares_offcenter.png,  Directory: dir7BFBE7152BD1F709E4A8AB545308CE6B,  Size: 11844
File: squiggle_lines_maze.png,  Directory: dir7BFBE7152BD1F709E4A8AB545308CE6B,  Size: 5567
File: UserKind.htm,  Directory: dirFBF7365A5264634AB5246E4024DA46BB,  Size: 2496
File: flames_medium_fire.png,  Directory: dir7BFBE7152BD1F709E4A8AB545308CE6B,  Size: 16106
File: DeskChannel.htm,  Directory: dirFBF7365A5264634AB5246E4024DA46BB,  Size: 2456
File: oval_striped_tunnel_warped_spiral.png,  Directory: dir7BFBE7152BD1F709E4A8AB545308CE6B,  Size: 4455
File: matching_levels_ch_page5.png,  Directory: dir301D0264053C1D31E4C443AA1728EE85,  Size: 24655
File: task_fail.png,  Directory: dir301D0264053C1D31E4C443AA1728EE85,  Size: 1050
File: 0048.PNG,  Directory: dirCF9519B65614710F6BDCEFAB09BAE21D,  Size: 3601
File: plybck_opt_cuelist_assert_time5.png,  Directory: dir301D0264053C1D31E4C443AA1728EE85,  Size: 33558
File: 0039_mustard.png,  Directory: dirCF9519B65614710F6BDCEFAB09BAE21D,  Size: 3510
File: large_dot_thick_border_color_blue.png,  Directory: dir7BFBE7152BD1F709E4A8AB545308CE6B,  Size: 4683
File: FB_CSP_5_add_5_600x564.png,  Directory: dir301D0264053C1D31E4C443AA1728EE85,  Size: 31617
File: eight_wavey_bars_big.png,  Directory: dir7BFBE7152BD1F709E4A8AB545308CE6B,  Size: 1536
File: output_window_5.png,  Directory: dir301D0264053C1D31E4C443AA1728EE85,  Size: 61865
File: red_gatlin_holes_eight.png,  Directory: dir7BFBE7152BD1F709E4A8AB545308CE6B,  Size: 1974
File: begin_end_start.png,  Directory: dir301D0264053C1D31E4C443AA1728EE85,  Size: 2453
File: 0042_green2.png,  Directory: dirCF9519B65614710F6BDCEFAB09BAE21D,  Size: 3682
File: ten_tapered_vertical_bars.png,  Directory: dir7BFBE7152BD1F709E4A8AB545308CE6B,  Size: 4159
File: dapple_medium_texture_breakup.png,  Directory: dir7BFBE7152BD1F709E4A8AB545308CE6B,  Size: 14891
File: WhitePoint.htm,  Directory: dirFBF7365A5264634AB5246E4024DA46BB,  Size: 2526
File: five_archs_swirl_circle_rotating_right.png,  Directory: dir7BFBE7152BD1F709E4A8AB545308CE6B,  Size: 6564
File: sun_wavy_sunburst_symmetrical.png,  Directory: dir7BFBE7152BD1F709E4A8AB545308CE6B,  Size: 12276
File: six_segments_border_pieces.png,  Directory: dir7BFBE7152BD1F709E4A8AB545308CE6B,  Size: 3574
File: TC_Sim.htm,  Directory: dirEB1884289FDB2B8A3A7EA3D2480E5577,  Size: 3276
File: multi_squiggles_curve_tiny_waves.png,  Directory: dir7BFBE7152BD1F709E4A8AB545308CE6B,  Size: 16033
File: grid_barbed_wire_net_tiny_holes_warped_3D.png,  Directory: dir7BFBE7152BD1F709E4A8AB545308CE6B,  Size: 17727
File: spin_fan_thin_twelve.png,  Directory: dir7BFBE7152BD1F709E4A8AB545308CE6B,  Size: 12925
File: neon_moon_paint_smudge_pink_purple_multicolor.png,  Directory: dir7BFBE7152BD1F709E4A8AB545308CE6B,  Size: 26712
File: plot_feedback_5.png,  Directory: dir301D0264053C1D31E4C443AA1728EE85,  Size: 87684
File: three_tribal_circle.png,  Directory: dir7BFBE7152BD1F709E4A8AB545308CE6B,  Size: 2462
File: 3D_warped_swirl_twist_bulge_silver.png,  Directory: dir7BFBE7152BD1F709E4A8AB545308CE6B,  Size: 20199
File: UpgradeHH4_2015.htm,  Directory: dir5DC53C2A105460D0156677FED587ECF6,  Size: 9011
File: twelve_star_ring_cone.png,  Directory: dir7BFBE7152BD1F709E4A8AB545308CE6B,  Size: 1980
File: auto_launch.png,  Directory: dir301D0264053C1D31E4C443AA1728EE85,  Size: 8769
File: OpenSoundControl.htm,  Directory: dir5129A05B3C5DF7E91A6148CBEC3A96C7,  Size: 2576
File: SafetyWarnings2.htm,  Directory: dirC813D43350262FBC3346A130A06ED7BF,  Size: 4460
File: fixturelib.hog5lib,  Directory: Hog_PC,  Size: 136903059
File: gadget.dll,  Directory: D_gadget_ARM64,  Size: 83184
File: gadget.dll,  Directory: D_gadget_x64,  Size: 92912
File: gadget.cat,  Directory: D_gadget_ARM64,  Size: 12072
File: gadget.cat,  Directory: D_gadget_x64,  Size: 12068
File: gadget.inf,  Directory: D_gadget_ARM64,  Size: 3958
File: gadget.inf,  Directory: D_gadget_x64,  Size: 3958
File: GadgetDrvChange.exe,  Directory: Hog_PC,  Size: 187360
File: haspdinst.exe,  Directory: Hog_PC,  Size: 25914528
File: hesf0001.bin,  Directory: D_umupload_ARM64,  Size: 18011
File: hesf0001.bin,  Directory: D_umupload_x64,  Size: 18011
File: hesf0008.bin,  Directory: D_umupload_ARM64,  Size: 6692
File: hesf0008.bin,  Directory: D_umupload_x64,  Size: 6692
File: hesf000A.bin,  Directory: D_umupload_ARM64,  Size: 19589
File: hesf000A.bin,  Directory: D_umupload_x64,  Size: 19589
File: hesf0010.bin,  Directory: D_umupload_ARM64,  Size: 14184
File: hesf0010.bin,  Directory: D_umupload_x64,  Size: 14184
File: hesf0012.bin,  Directory: D_umupload_ARM64,  Size: 168556
File: hesf0012.bin,  Directory: D_umupload_x64,  Size: 168556
File: hesf0018.bin,  Directory: D_umupload_ARM64,  Size: 17155
File: hesf0018.bin,  Directory: D_umupload_x64,  Size: 17155
File: hesf001F.bin,  Directory: D_umupload_ARM64,  Size: 20021
File: hesf001F.bin,  Directory: D_umupload_x64,  Size: 20021
File: hesf0020.bin,  Directory: D_umupload_ARM64,  Size: 20460
File: hesf0020.bin,  Directory: D_umupload_x64,  Size: 20460
File: hesf0021.bin,  Directory: D_umupload_ARM64,  Size: 15317
File: hesf0021.bin,  Directory: D_umupload_x64,  Size: 15317
File: hesf0026.bin,  Directory: D_umupload_ARM64,  Size: 530428
File: hesf0026.bin,  Directory: D_umupload_x64,  Size: 530428
File: hesf0082.bin,  Directory: D_umupload_ARM64,  Size: 17972
File: hesf0082.bin,  Directory: D_umupload_x64,  Size: 17972
File: hesf0084.bin,  Directory: D_umupload_ARM64,  Size: 20005
File: hesf0084.bin,  Directory: D_umupload_x64,  Size: 20005
File: hesf0087.bin,  Directory: D_umupload_ARM64,  Size: 314916
File: hesf0087.bin,  Directory: D_umupload_x64,  Size: 314916
File: hesf008C.bin,  Directory: D_umupload_ARM64,  Size: 386524
File: hesf008C.bin,  Directory: D_umupload_x64,  Size: 386524
File: hesf008F.bin,  Directory: D_umupload_ARM64,  Size: 257036
File: hesf008F.bin,  Directory: D_umupload_x64,  Size: 257036
File: hesf0093.bin,  Directory: D_umupload_ARM64,  Size: 388252
File: hesf0093.bin,  Directory: D_umupload_x64,  Size: 388252
File: hesf0095.bin,  Directory: D_umupload_ARM64,  Size: 378892
File: hesf0095.bin,  Directory: D_umupload_x64,  Size: 378892
File: hesf009D.bin,  Directory: D_umupload_ARM64,  Size: 386532
File: hesf009D.bin,  Directory: D_umupload_x64,  Size: 386532
File: hesf009F.bin,  Directory: D_umupload_ARM64,  Size: 388260
File: hesf009F.bin,  Directory: D_umupload_x64,  Size: 388260
File: hesf00A0.bin,  Directory: D_umupload_ARM64,  Size: 378900
File: hesf00A0.bin,  Directory: D_umupload_x64,  Size: 378900
File: icudtb.dat,  Directory: resources,  Size: 10505952
File: icudtl.dat,  Directory: resources,  Size: 10505952
File: Install-Driver.ps1,  Directory: drivers,  Size: 1104
File: WdfCoInstaller01009.dll,  Directory: D_kmh4touch_x64,  Size: 1731896
File: winusbcoinstaller2.dll,  Directory: D_kmh4touch_x64,  Size: 1013048
File: WUDFUpdate_01009.dll,  Directory: D_kmh4touch_x64,  Size: 2162504
File: kmh4touch.sys,  Directory: D_kmh4touch_x64,  Size: 23608
File: kmh4touch.cat,  Directory: D_kmh4touch_x64,  Size: 12103
File: kmh4touch.inf,  Directory: D_kmh4touch_x64,  Size: 3850
File: launcher-win32-golden.exe,  Directory: Hog_PC,  Size: 32617432
File: libx265.dll,  Directory: Hog_PC,  Size: 2858496
File: lock-win32-golden.exe,  Directory: Hog_PC,  Size: 851936
File: ltc_display-Win32-golden.exe,  Directory: Hog_PC,  Size: 615392
File: lx2hog3dp.dll,  Directory: VizFolder,  Size: 35296
File: lxhog3dp.dll,  Directory: VizFolder,  Size: 35296
File: Manual.url,  Directory: Hog_PC,  Size: 91
File: mfc140.dll,  Directory: SystemFolder.F1670FCA_6780_3657_9C04_AF8005AC8143,  Size: 4827512
File: mfc140chs.dll,  Directory: SystemFolder.F1670FCA_6780_3657_9C04_AF8005AC8143,  Size: 39816
File: mfc140cht.dll,  Directory: SystemFolder.F1670FCA_6780_3657_9C04_AF8005AC8143,  Size: 39816
File: mfc140deu.dll,  Directory: SystemFolder.F1670FCA_6780_3657_9C04_AF8005AC8143,  Size: 68472
File: mfc140enu.dll,  Directory: SystemFolder.F1670FCA_6780_3657_9C04_AF8005AC8143,  Size: 58760
File: mfc140esn.dll,  Directory: SystemFolder.F1670FCA_6780_3657_9C04_AF8005AC8143,  Size: 67464
File: mfc140fra.dll,  Directory: SystemFolder.F1670FCA_6780_3657_9C04_AF8005AC8143,  Size: 68488
File: mfc140ita.dll,  Directory: SystemFolder.F1670FCA_6780_3657_9C04_AF8005AC8143,  Size: 66440
File: mfc140jpn.dll,  Directory: SystemFolder.F1670FCA_6780_3657_9C04_AF8005AC8143,  Size: 48008
File: mfc140kor.dll,  Directory: SystemFolder.F1670FCA_6780_3657_9C04_AF8005AC8143,  Size: 46968
File: mfc140rus.dll,  Directory: SystemFolder.F1670FCA_6780_3657_9C04_AF8005AC8143,  Size: 64376
File: mfc140u.dll,  Directory: SystemFolder.F1670FCA_6780_3657_9C04_AF8005AC8143,  Size: 5126024
File: mfcm140.dll,  Directory: SystemFolder.F1670FCA_6780_3657_9C04_AF8005AC8143,  Size: 75152
File: mfcm140u.dll,  Directory: SystemFolder.F1670FCA_6780_3657_9C04_AF8005AC8143,  Size: 75152
File: miniwing_test-Win32-golden.exe,  Directory: Hog_PC,  Size: 31874520
File: modelsplugin.dll,  Directory: Models.2,  Size: 14848
File: monitor-win32-golden.exe,  Directory: Hog_PC,  Size: 32209880
File: msvcp140.dll,  Directory: SystemFolder.F1670FCA_6780_3657_9C04_AF8005AC8143,  Size: 436600
File: msvcp140_1.dll,  Directory: SystemFolder.F1670FCA_6780_3657_9C04_AF8005AC8143,  Size: 21368
File: msvcp140_2.dll,  Directory: SystemFolder.F1670FCA_6780_3657_9C04_AF8005AC8143,  Size: 166264
File: msvcp140_atomic_wait.dll,  Directory: SystemFolder.F1670FCA_6780_3657_9C04_AF8005AC8143,  Size: 52080
File: msvcp140_codecvt_ids.dll,  Directory: SystemFolder.F1670FCA_6780_3657_9C04_AF8005AC8143,  Size: 18808
File: netservices-win32-golden.exe,  Directory: Hog_PC,  Size: 465376
File: postproc.dll,  Directory: Hog_PC,  Size: 46080
File: qgif.dll,  Directory: imageformats,  Size: 27136
File: qicns.dll,  Directory: imageformats,  Size: 31744
File: qico.dll,  Directory: imageformats,  Size: 25600
File: qjpeg.dll,  Directory: imageformats,  Size: 367104
File: qmldir,  Directory: Controls.2,  Size: 135
File: qmldir,  Directory: Templates.2,  Size: 117
File: qmldir,  Directory: QtQuick.2,  Size: 125
File: qmlplugin.dll,  Directory: QtQml,  Size: 14848
File: qpdf.dll,  Directory: imageformats,  Size: 22016
File: qsqlite.dll,  Directory: sqldrivers,  Size: 1099264
File: qsvg.dll,  Directory: imageformats,  Size: 21504
File: qsvgicon.dll,  Directory: iconengines,  Size: 29184
File: Qt5Core.dll,  Directory: Hog_PC,  Size: 5400064
File: Qt5Gui.dll,  Directory: Hog_PC,  Size: 5679616
File: Qt5Multimedia.dll,  Directory: Hog_PC,  Size: 595456
File: Qt5MultimediaQuick.dll,  Directory: Hog_PC,  Size: 97280
File: Qt5MultimediaWidgets.dll,  Directory: Hog_PC,  Size: 79872
File: Qt5Network.dll,  Directory: Hog_PC,  Size: 827904
File: Qt5NetworkAuth.dll,  Directory: Hog_PC,  Size: 117248
File: Qt5Pdf.dll,  Directory: Hog_PC,  Size: 4021760
File: Qt5PdfWidgets.dll,  Directory: Hog_PC,  Size: 36864
File: Qt5Positioning.dll,  Directory: Hog_PC,  Size: 258048
File: Qt5PrintSupport.dll,  Directory: Hog_PC,  Size: 261120
File: Qt5Qml.dll,  Directory: Hog_PC,  Size: 2994688
File: Qt5QmlModels.dll,  Directory: Hog_PC,  Size: 348160
File: Qt5QmlWorkerScript.dll,  Directory: Hog_PC,  Size: 41984
File: Qt5Quick.dll,  Directory: Hog_PC,  Size: 3502592
File: Qt5QuickControls2.dll,  Directory: Hog_PC,  Size: 137216
File: Qt5QuickTemplates2.dll,  Directory: Hog_PC,  Size: 937984
File: Qt5QuickWidgets.dll,  Directory: Hog_PC,  Size: 61440
File: Qt5RemoteObjects.dll,  Directory: Hog_PC,  Size: 375808
File: Qt5Script.dll,  Directory: Hog_PC,  Size: 1156096
File: Qt5ScriptTools.dll,  Directory: Hog_PC,  Size: 455680
File: Qt5Scxml.dll,  Directory: Hog_PC,  Size: 290304
File: Qt5Sql.dll,  Directory: Hog_PC,  Size: 157184
File: Qt5Svg.dll,  Directory: Hog_PC,  Size: 257024
File: Qt5Test.dll,  Directory: Hog_PC,  Size: 216576
File: Qt5WebChannel.dll,  Directory: Hog_PC,  Size: 101376
File: Qt5WebEngine.dll,  Directory: Hog_PC,  Size: 311296
File: Qt5WebEngineCore.dll,  Directory: Hog_PC,  Size: 72512000
File: Qt5WebEngineWidgets.dll,  Directory: Hog_PC,  Size: 196608
File: Qt5WebSockets.dll,  Directory: Hog_PC,  Size: 102400
File: Qt5Widgets.dll,  Directory: Hog_PC,  Size: 4469760
File: Qt5Xml.dll,  Directory: Hog_PC,  Size: 166912
File: Qt5XmlPatterns.dll,  Directory: Hog_PC,  Size: 2317312
File: qtga.dll,  Directory: imageformats,  Size: 20480
File: qtiff.dll,  Directory: imageformats,  Size: 346624
File: qtquick2plugin.dll,  Directory: QtQuick.2,  Size: 15360
File: qtquickcontrols2plugin.dll,  Directory: Controls.2,  Size: 266240
File: qtquicktemplates2plugin.dll,  Directory: Templates.2,  Size: 305152
File: qtwebengine_devtools_resources.pak,  Directory: resources,  Size: 6458517
File: qtwebengine_resources.pak,  Directory: resources,  Size: 2879696
File: qtwebengine_resources_100p.pak,  Directory: resources,  Size: 643465
File: qtwebengine_resources_200p.pak,  Directory: resources,  Size: 791089
File: QtWebEngineProcess.exe,  Directory: Hog_PC,  Size: 505344
File: qtwebview_webengine.dll,  Directory: webview,  Size: 24576
File: qwbmp.dll,  Directory: imageformats,  Size: 19456
File: qwebp.dll,  Directory: imageformats,  Size: 406016
File: qwindows.dll,  Directory: platforms,  Size: 1204736
File: server-win32-golden.exe,  Directory: Hog_PC,  Size: 32182744
File: swresample.dll,  Directory: Hog_PC,  Size: 249344
File: swscale.dll,  Directory: Hog_PC,  Size: 424960
File: umblk.dll,  Directory: D_umblk_ARM64,  Size: 134896
File: umblk.dll,  Directory: D_umblk_x64,  Size: 128240
File: umblk.cat,  Directory: D_umblk_ARM64,  Size: 12062
File: umblk.cat,  Directory: D_umblk_x64,  Size: 12058
File: umblk.inf,  Directory: D_umblk_ARM64,  Size: 4302
File: umblk.inf,  Directory: D_umblk_x64,  Size: 4302
File: umdmx.dll,  Directory: D_umdmx_ARM64,  Size: 87792
File: umdmx.dll,  Directory: D_umdmx_x64,  Size: 96488
File: umdmx.cat,  Directory: D_umdmx_ARM64,  Size: 12257
File: umdmx.cat,  Directory: D_umdmx_x64,  Size: 12256
File: umdmx.inf,  Directory: D_umdmx_ARM64,  Size: 6053
File: umdmx.inf,  Directory: D_umdmx_x64,  Size: 6052
File: umltc.dll,  Directory: D_umltc_ARM64,  Size: 81128
File: umltc.dll,  Directory: D_umltc_x64,  Size: 89328
File: umltc.cat,  Directory: D_umltc_ARM64,  Size: 11862
File: umltc.cat,  Directory: D_umltc_x64,  Size: 11855
File: umltc.inf,  Directory: D_umltc_ARM64,  Size: 2980
File: umltc.inf,  Directory: D_umltc_x64,  Size: 2980
File: umprowing.dll,  Directory: D_umprowing_ARM64,  Size: 96488
File: umprowing.dll,  Directory: D_umprowing_x64,  Size: 107248
File: umprowing.cat,  Directory: D_umprowing_ARM64,  Size: 13329
File: umprowing.cat,  Directory: D_umprowing_x64,  Size: 13325
File: umprowing.inf,  Directory: D_umprowing_ARM64,  Size: 11353
File: umprowing.inf,  Directory: D_umprowing_x64,  Size: 11353
File: umupload.dll,  Directory: D_umupload_ARM64,  Size: 80104
File: umupload.dll,  Directory: D_umupload_x64,  Size: 88816
File: umupload.cat,  Directory: D_umupload_ARM64,  Size: 21856
File: umupload.cat,  Directory: D_umupload_x64,  Size: 21855
File: umupload.inf,  Directory: D_umupload_ARM64,  Size: 40823
File: umupload.inf,  Directory: D_umupload_x64,  Size: 40822
File: Uninstall-Driver.ps1,  Directory: drivers,  Size: 2709
File: vccorlib140.dll,  Directory: SystemFolder.F1670FCA_6780_3657_9C04_AF8005AC8143,  Size: 267656
File: vcomp140.dll,  Directory: SystemFolder.F1670FCA_6780_3657_9C04_AF8005AC8143,  Size: 148872
File: vcruntime140.dll,  Directory: SystemFolder.F1670FCA_6780_3657_9C04_AF8005AC8143,  Size: 76168
File: Visualizer.dll,  Directory: VizFolder,  Size: 11196384
File: zlibwapi.dll,  Directory: SystemFolder,  Size: 417280
File: vob-win32-golden.exe,  Directory: Hog_PC,  Size: 9926616
File: Widget_Upgrader-Win32-golden.exe,  Directory: Hog_PC,  Size: 12103640
File: workerscriptplugin.dll,  Directory: WorkerScript.2,  Size: 14848
File: zlib1.dll,  Directory: Hog_PC,  Size: 417280
Action ended 3:17:25: InstallFiles. Return value 1.
Action 3:17:25: Install_kmh4touch_x64. 
Action start 3:17:25: Install_kmh4touch_x64.
Action ended 3:17:26: Install_kmh4touch_x64. Return value 1.
Action 3:17:26: Install_umblk_x64. 
Action start 3:17:26: Install_umblk_x64.
Action ended 3:17:26: Install_umblk_x64. Return value 1.
Action 3:17:26: Install_umdmx_x64. 
Action start 3:17:26: Install_umdmx_x64.
Action ended 3:17:26: Install_umdmx_x64. Return value 1.
Action 3:17:26: Install_umltc_x64. 
Action start 3:17:26: Install_umltc_x64.
Action ended 3:17:26: Install_umltc_x64. Return value 1.
Action 3:17:26: Install_umprowing_x64. 
Action start 3:17:26: Install_umprowing_x64.
Action ended 3:17:26: Install_umprowing_x64. Return value 1.
Action 3:17:26: Install_umupload_x64. 
Action start 3:17:26: Install_umupload_x64.
Action ended 3:17:26: Install_umupload_x64. Return value 1.
Action 3:17:26: WixExecFirewallExceptionsInstall. 
Action start 3:17:26: WixExecFirewallExceptionsInstall.
ExecFirewallExceptions:  Installing firewall exception2 Hog PC Server TCP Firewall Rule (C:\Program Files (x86)\ETC\HogPC\server-win32-golden.exe)
ExecFirewallExceptions:  Error 0x80004001: failed trying to find existing app
ExecFirewallExceptions:  Installing firewall exception2 Hog PC Server UDP Firewall Rule (C:\Program Files (x86)\ETC\HogPC\server-win32-golden.exe)
ExecFirewallExceptions:  Error 0x80004001: failed trying to find existing app
ExecFirewallExceptions:  Installing firewall exception2 Hog PC Critical TCP Firewall Rule (C:\Program Files (x86)\ETC\HogPC\critical-win32-golden.exe)
ExecFirewallExceptions:  Error 0x80004001: failed trying to find existing app
ExecFirewallExceptions:  Installing firewall exception2 Hog PC Critical UDP Firewall Rule (C:\Program Files (x86)\ETC\HogPC\critical-win32-golden.exe)
ExecFirewallExceptions:  Error 0x80004001: failed trying to find existing app
ExecFirewallExceptions:  Installing firewall exception2 Hog PC Launcher TCP Firewall Rule (C:\Program Files (x86)\ETC\HogPC\launcher-win32-golden.exe)
ExecFirewallExceptions:  Error 0x80004001: failed trying to find existing app
ExecFirewallExceptions:  Installing firewall exception2 Hog PC Launcher UDP Firewall Rule (C:\Program Files (x86)\ETC\HogPC\launcher-win32-golden.exe)
ExecFirewallExceptions:  Error 0x80004001: failed trying to find existing app
ExecFirewallExceptions:  Installing firewall exception2 Hog PC Desktop TCP Firewall Rule (C:\Program Files (x86)\ETC\HogPC\desktop-win32-golden.exe)
ExecFirewallExceptions:  Error 0x80004001: failed trying to find existing app
ExecFirewallExceptions:  Installing firewall exception2 Hog PC Desktop UDP Firewall Rule (C:\Program Files (x86)\ETC\HogPC\desktop-win32-golden.exe)
ExecFirewallExceptions:  Error 0x80004001: failed trying to find existing app
ExecFirewallExceptions:  Installing firewall exception2 Hog PC DP8K TCP Firewall Rule (C:\Program Files (x86)\ETC\HogPC\dp8k-win32-golden.exe)
ExecFirewallExceptions:  Error 0x80004001: failed trying to find existing app
ExecFirewallExceptions:  Installing firewall exception2 Hog PC DP8K UDP Firewall Rule (C:\Program Files (x86)\ETC\HogPC\dp8k-win32-golden.exe)
ExecFirewallExceptions:  Error 0x80004001: failed trying to find existing app
Action ended 3:17:26: WixExecFirewallExceptionsInstall. Return value 1.
Action 3:17:26: DuplicateFiles. Creating duplicate files
Action start 3:17:26: DuplicateFiles.
File: fixturelib.hog5lib,  Directory: fixtureLibrary,  Size: 136903059
Action ended 3:17:26: DuplicateFiles. Return value 1.
Action 3:17:26: CreateShortcuts. Creating shortcuts
Action start 3:17:26: CreateShortcuts.
Shortcut: StartMenuShortcut
Shortcut: HogPCDesktopShortcut
Shortcut: Widget_Upgrader
Shortcut: Manual_IE_Shortcut
Action ended 3:17:26: CreateShortcuts. Return value 1.
Action 3:17:26: WriteRegistryValues. Writing system registry values
Action start 3:17:26: WriteRegistryValues.
Key: HKEY_LOCAL_MACHINE\Software\ETC\HogPC, Name: ProductVersion, Value: 5.2.1.31
Key: HKEY_CURRENT_USER\SOFTWARE\ETC\HogPC, Name: , Value: HogPCStartMenu
Key: HKEY_CURRENT_USER\SOFTWARE\ETC\HogPC, Name: LauncherShortcuts, Value: LauncherShortcuts
Key: HKEY_CURRENT_USER\SOFTWARE\ETC\HogPC, Name: UpgradeUtilShortcut, Value: UpgradeUtilShortcut
Key: HKEY_CURRENT_USER\SOFTWARE\ETC\HogPC, Name: PDFIEShortcut, Value: PDFIEShortcut
Key: HKEY_LOCAL_MACHINE\Software\ETC\HogPC, Name: +, Value: 
Key: HKEY_LOCAL_MACHINE\SOFTWARE\Flying Pig Systems\Wholehog III ESP, Name: Port, Value: 
Key: HKEY_LOCAL_MACHINE\SOFTWARE\Flying Pig Systems\Wholehog III ESP, Name: Number, Value: 
Key: HKEY_LOCAL_MACHINE\SOFTWARE\Flying Pig Systems\Wholehog III ESP, Name: Location, Value: C:\Program Files (x86)\ETC\Hog Connectivity
Key: HKEY_LOCAL_MACHINE\Software\CAST Lighting Limited\Protocol Manager\Wholehog III DP, Name: File, Value: C:\Program Files (x86)\ETC\Hog Connectivity\lxhog3dp.dll
Action ended 3:17:26: WriteRegistryValues. Return value 1.
Action 3:17:26: InstallServices. Installing new services
Action start 3:17:26: InstallServices.
Action ended 3:17:26: InstallServices. Return value 1.
Action 3:17:26: StartServices. Starting services
Action start 3:17:26: StartServices.
Action ended 3:17:26: StartServices. Return value 1.
Action 3:17:26: RegisterUser. Registering user
Action start 3:17:26: RegisterUser.
1:  
Action ended 3:17:26: RegisterUser. Return value 1.
Action 3:17:26: RegisterProduct. Registering product
Action start 3:17:26: RegisterProduct.
1: {6501E546-28F5-4A0E-97E0-1CD914185417} 
Action ended 3:17:26: RegisterProduct. Return value 1.
Action 3:17:26: PublishFeatures. Publishing Product Features
Action start 3:17:26: PublishFeatures.
Feature: Install_x64
Feature: VizFeature
Feature: DefaultFeature
Action ended 3:17:26: PublishFeatures. Return value 1.
Action 3:17:26: PublishProduct. Publishing product information
Action start 3:17:26: PublishProduct.
1: {6501E546-28F5-4A0E-97E0-1CD914185417} 
Action ended 3:17:26: PublishProduct. Return value 1.
Action 3:17:26: SA_FixLib_Unpack. 
Action start 3:17:26: SA_FixLib_Unpack.
Action ended 3:17:48: SA_FixLib_Unpack. Return value 1.
Action ended 3:17:48: InstallFinalize. Return value 1.
Action ended 3:17:48: INSTALL. Return value 1.
1: Hog PC 2: {6501E546-28F5-4A0E-97E0-1CD914185417} 3: 1 
Property(S): UpgradeCode = {227A08B6-20D8-4CE2-9B1D-36C593C8BF0E}
Property(S): WixRollbackFirewallExceptionsInstall = 1?Hog PC Server TCP Firewall Rule?2147483647?*?1?2?C:\Program Files (x86)\ETC\HogPC\server-win32-golden.exe??-2147450874??1?Hog PC Server UDP Firewall Rule?2147483647?*?1?2?C:\Program Files (x86)\ETC\HogPC\server-win32-golden.exe??-2147450863??1?Hog PC Critical TCP Firewall Rule?2147483647?*?1?2?C:\Program Files (x86)\ETC\HogPC\critical-win32-golden.exe??-2147450874??1?Hog PC Critical UDP Firewall Rule?2147483647?*?1?2?C:\Program Files (x86)\ETC\HogPC\critical-win32-golden.exe??-2147450863??1?Hog PC Launcher TCP Firewall Rule?2147483647?*?1?2?C:\Program Files (x86)\ETC\HogPC\launcher-win32-golden.exe??-2147450874??1?Hog PC Launcher UDP Firewall Rule?2147483647?*?1?2?C:\Program Files (x86)\ETC\HogPC\launcher-win32-golden.exe??-2147450863??1?Hog PC Desktop TCP Firewall Rule?2147483647?*?1?2?C:\Program Files (x86)\ETC\HogPC\desktop-win32-golden.exe??-2147450874??1?Hog PC Desktop UDP Firewall Rule?2147483647?*?1?2?C:\Program Files (x86)\ETC\HogPC\desktop-win32-golden.exe??-2147450863??1?Hog PC DP8K TCP Firewall Rule?2147483647?*?1?2?C:\Program Files (x86)\ETC\HogPC\dp8k-win32-golden.exe??-2147450874??1?Hog PC DP8K UDP Firewall Rule?2147483647?*?1?2?C:\Program Files (x86)\ETC\HogPC\dp8k-win32-golden.exe??-2147450863?
Property(S): WixExecFirewallExceptionsInstall = 1?Hog PC Server TCP Firewall Rule?2147483647?*?1?2?C:\Program Files (x86)\ETC\HogPC\server-win32-golden.exe??-2147450874??1?Hog PC Server UDP Firewall Rule?2147483647?*?1?2?C:\Program Files (x86)\ETC\HogPC\server-win32-golden.exe??-2147450863??1?Hog PC Critical TCP Firewall Rule?2147483647?*?1?2?C:\Program Files (x86)\ETC\HogPC\critical-win32-golden.exe??-2147450874??1?Hog PC Critical UDP Firewall Rule?2147483647?*?1?2?C:\Program Files (x86)\ETC\HogPC\critical-win32-golden.exe??-2147450863??1?Hog PC Launcher TCP Firewall Rule?2147483647?*?1?2?C:\Program Files (x86)\ETC\HogPC\launcher-win32-golden.exe??-2147450874??1?Hog PC Launcher UDP Firewall Rule?2147483647?*?1?2?C:\Program Files (x86)\ETC\HogPC\launcher-win32-golden.exe??-2147450863??1?Hog PC Desktop TCP Firewall Rule?2147483647?*?1?2?C:\Program Files (x86)\ETC\HogPC\desktop-win32-golden.exe??-2147450874??1?Hog PC Desktop UDP Firewall Rule?2147483647?*?1?2?C:\Program Files (x86)\ETC\HogPC\desktop-win32-golden.exe??-2147450863??1?Hog PC DP8K TCP Firewall Rule?2147483647?*?1?2?C:\Program Files (x86)\ETC\HogPC\dp8k-win32-golden.exe??-2147450874??1?Hog PC DP8K UDP Firewall Rule?2147483647?*?1?2?C:\Program Files (x86)\ETC\HogPC\dp8k-win32-golden.exe??-2147450863?
Property(S): Install_umdmx_x64 = "powershell.exe" -NoProfile -ExecutionPolicy Bypass -File "C:\Program Files (x86)\ETC\HogPC\drivers\Install-Driver.ps1" "C:\Program Files (x86)\ETC\HogPC\drivers\umdmx\umdmx.inf"
Property(S): Install_umltc_x64 = "powershell.exe" -NoProfile -ExecutionPolicy Bypass -File "C:\Program Files (x86)\ETC\HogPC\drivers\Install-Driver.ps1" "C:\Program Files (x86)\ETC\HogPC\drivers\umltc\umltc.inf"
Property(S): Install_umprowing_x64 = "powershell.exe" -NoProfile -ExecutionPolicy Bypass -File "C:\Program Files (x86)\ETC\HogPC\drivers\Install-Driver.ps1" "C:\Program Files (x86)\ETC\HogPC\drivers\umprowing\umprowing.inf"
Property(S): Install_umupload_x64 = "powershell.exe" -NoProfile -ExecutionPolicy Bypass -File "C:\Program Files (x86)\ETC\HogPC\drivers\Install-Driver.ps1" "C:\Program Files (x86)\ETC\HogPC\drivers\umupload\umupload.inf"
Property(S): Install_kmh4touch_x64 = "powershell.exe" -NoProfile -ExecutionPolicy Bypass -File "C:\Program Files (x86)\ETC\HogPC\drivers\Install-Driver.ps1" "C:\Program Files (x86)\ETC\HogPC\drivers\kmh4touch\kmh4touch.inf"
Property(S): Install_umblk_x64 = "powershell.exe" -NoProfile -ExecutionPolicy Bypass -File "C:\Program Files (x86)\ETC\HogPC\drivers\Install-Driver.ps1" "C:\Program Files (x86)\ETC\HogPC\drivers\umblk\umblk.inf"
Property(S): SA_FixLib_Unpack = C:\Program Files (x86)\
Property(S): WINVERSION = 19045
Property(S): TARGETDIR = C:\Program Files (x86)\
Property(S): D_HogPCStartMenuFolder = C:\users\asdf\AppData\Roaming\Microsoft\Windows\Start Menu\Programs\HogPC\
Property(S): Hog_PC = C:\Program Files (x86)\ETC\HogPC\
Property(S): QtQml = C:\Program Files (x86)\ETC\HogPC\QtQml\
Property(S): Models.2 = C:\Program Files (x86)\ETC\HogPC\QtQml\Models.2\
Property(S): WorkerScript.2 = C:\Program Files (x86)\ETC\HogPC\QtQml\WorkerScript.2\
Property(S): Controls.2 = C:\Program Files (x86)\ETC\HogPC\QtQuick\Controls.2\
Property(S): Templates.2 = C:\Program Files (x86)\ETC\HogPC\QtQuick\Templates.2\
Property(S): QtQuick.2 = C:\Program Files (x86)\ETC\HogPC\QtQuick.2\
Property(S): preferences = C:\Program Files (x86)\ETC\HogPC\preferences\
Property(S): iconengines = C:\Program Files (x86)\ETC\HogPC\iconengines\
Property(S): imageformats = C:\Program Files (x86)\ETC\HogPC\imageformats\
Property(S): sqldrivers = C:\Program Files (x86)\ETC\HogPC\sqldrivers\
Property(S): webview = C:\Program Files (x86)\ETC\HogPC\webview\
Property(S): platforms = C:\Program Files (x86)\ETC\HogPC\platforms\
Property(S): resources = C:\Program Files (x86)\ETC\HogPC\resources\
Property(S): drivers = C:\Program Files (x86)\ETC\HogPC\drivers\
Property(S): SystemFolder = C:\windows\syswow64\
Property(S): VizFolder = C:\Program Files (x86)\ETC\Hog Connectivity\
Property(S): dir90F13DF2359462D0E6501FE5B26659D8 = C:\ProgramData\ETC\HogPC\helptext\en\
Property(S): dirBACA301BED12F6D7C102245E3D5DD8DD = C:\ProgramData\ETC\HogPC\helptext\en\Content\
Property(S): dirCAE2967671FF55BA027016B8054C0AC2 = C:\ProgramData\ETC\HogPC\helptext\en\Content\00_covers_frontmatter\
Property(S): dirFBF7365A5264634AB5246E4024DA46BB = C:\ProgramData\ETC\HogPC\helptext\en\Content\00_definitions\
Property(S): dir89AEB7EEACCDFBF95C518E72B57C88B7 = C:\ProgramData\ETC\HogPC\helptext\en\Content\01_GettingStarted\
Property(S): dir506C26B368C466EAAF42C3B612DDA6A7 = C:\ProgramData\ETC\HogPC\helptext\en\Content\02_Hog_OS_Fundamentals\
Property(S): dir4BE944CC52319BEEBBE027DB9BA856E7 = C:\ProgramData\ETC\HogPC\helptext\en\Content\03_Setup\
Property(S): dir59111B18C3A85535B8DD93AED5C7CB42 = C:\ProgramData\ETC\HogPC\helptext\en\Content\04_Shows\
Property(S): dirE1F6960898D23EE4594C548D589D98C6 = C:\ProgramData\ETC\HogPC\helptext\en\Content\05_Patching\
Property(S): dir104759975766716C7047FC16D523E7B8 = C:\ProgramData\ETC\HogPC\helptext\en\Content\06_FixtureParameters\
Property(S): dir2B73C4AF7D97B518FD415ECB6940F18F = C:\ProgramData\ETC\HogPC\helptext\en\Content\07_Groups\
Property(S): dirA1A3397425DE95F5347E70E7B4149798 = C:\ProgramData\ETC\HogPC\helptext\en\Content\08_Palettes\
Property(S): dir3CED7FB55F25D98E1AF47F4B0F8B6ACD = C:\ProgramData\ETC\HogPC\helptext\en\Content\09_DirectoryWindows\
Property(S): dir158F969D79590B25CF1C2A5D8BF8C587 = C:\ProgramData\ETC\HogPC\helptext\en\Content\10_MediaPicker\
Property(S): dir429E2BE47FEE1102CC112010FC902992 = C:\ProgramData\ETC\HogPC\helptext\en\Content\11_Cuelists\
Property(S): dir070BAB3FED22BFAFF21D603A3F08F6D5 = C:\ProgramData\ETC\HogPC\helptext\en\Content\12_Scenes\
Property(S): dir4937F9448319195033DF111F8C9A4E12 = C:\ProgramData\ETC\HogPC\helptext\en\Content\13_Timing\
Property(S): dir1B2A2472AB42112053DD12BE1660438C = C:\ProgramData\ETC\HogPC\helptext\en\Content\14_Effects\
Property(S): dirCB638DC6BA628F7AD1A44426E433B19A = C:\ProgramData\ETC\HogPC\helptext\en\Content\15_Kinds_and_Wheelsets\
Property(S): dirF9235F3A8134F8266E4FFC7F7A31716E = C:\ProgramData\ETC\HogPC\helptext\en\Content\16_AdvancedProgramming\
Property(S): dir3399D43E8E0CB2368BC79B27F701792F = C:\ProgramData\ETC\HogPC\helptext\en\Content\17_Playback\
Property(S): dir1295D77647C34B08C40F04A047C6B38F = C:\ProgramData\ETC\HogPC\helptext\en\Content\18_Pages\
Property(S): dirFC7559CFE1102D19ECDAABCC2BEF6B65 = C:\ProgramData\ETC\HogPC\helptext\en\Content\19_CommandKeys\
Property(S): dir4B06B9CE32721023DA45AA4F5B064B42 = C:\ProgramData\ETC\HogPC\helptext\en\Content\20_Plots\
Property(S): dirF4FE94F7D1F783D69C43259372E7A09E = C:\ProgramData\ETC\HogPC\helptext\en\Content\21_MIDI\
Property(S): dir5129A05B3C5DF7E91A6148CBEC3A96C7 = C:\ProgramData\ETC\HogPC\helptext\en\Content\22_OSC\
Property(S): dirEB1884289FDB2B8A3A7EA3D2480E5577 = C:\ProgramData\ETC\HogPC\helptext\en\Content\23_TC\
Property(S): dir4906AD30EA0612325645F02F4BEB2740 = C:\ProgramData\ETC\HogPC\helptext\en\Content\24_Macros\
Property(S): dir9A97A7B3D386D7011D7BF321F7232B1F = C:\ProgramData\ETC\HogPC\helptext\en\Content\25_DirectDMXControl\
Property(S): dir7D044F2D594EAE0335E0674B82658F2B = C:\ProgramData\ETC\HogPC\helptext\en\Content\26_Reporting\
Property(S): dir7DA94037655E84DCD759135C96771333 = C:\ProgramData\ETC\HogPC\helptext\en\Content\27_FixtureLibrary\
Property(S): dir4DDC1C874BC664E97A383AFD2CB09114 = C:\ProgramData\ETC\HogPC\helptext\en\Content\28_FixtureBuilder\
Property(S): dirDC400B2463EACEDD8C6FFFA0A2442745 = C:\ProgramData\ETC\HogPC\helptext\en\Content\29_Visualizer\
Property(S): dir5DC53C2A105460D0156677FED587ECF6 = C:\ProgramData\ETC\HogPC\helptext\en\Content\30_UpdatingSoftware\
Property(S): dir276877C9EE0952DB9877D40943F3E64C = C:\ProgramData\ETC\HogPC\helptext\en\Content\31_H4PC\
Property(S): dir8D3DE84CACE1BF39A6D8DEE76C1BAA21 = C:\ProgramData\ETC\HogPC\helptext\en\Content\32_CheatSheets\
Property(S): dir89EA610D4F97992D0567E123129F87FD = C:\ProgramData\ETC\HogPC\helptext\en\Content\33_Troubleshooting\
Property(S): dir0828A62CDE7C6CE38A06416C531F88C9 = C:\ProgramData\ETC\HogPC\helptext\en\Content\34_Service\
Property(S): dirC813D43350262FBC3346A130A06ED7BF = C:\ProgramData\ETC\HogPC\helptext\en\Content\35_SafetyInformation\
Property(S): dirE616E725F39764101A897681B058E202 = C:\ProgramData\ETC\HogPC\helptext\en\Content\36_TechSpecs\
Property(S): dirBB870C5ED2605CFCEDE6D58205CFE039 = C:\ProgramData\ETC\HogPC\helptext\en\Content\37_Legal\
Property(S): dirB8908DA68F0FFF4F8C8581F78213BDB8 = C:\ProgramData\ETC\HogPC\helptext\en\Content\MasterProjectContent\Resources\Images\Common\
Property(S): dirDBDC99A262A4FAA84D627E9B94AD3076 = C:\ProgramData\ETC\HogPC\helptext\en\Content\MasterProjectContent\Resources\TableStyles\
Property(S): dir301D0264053C1D31E4C443AA1728EE85 = C:\ProgramData\ETC\HogPC\helptext\en\Content\Resources\Images\
Property(S): dir7AF6A0C930E549D94C2D8FE050B5B4F8 = C:\ProgramData\ETC\HogPC\helptext\en\Content\Resources\Images\Common\
Property(S): dir7E3583D6AFFDB5562E15E0CABD8504D0 = C:\ProgramData\ETC\HogPC\helptext\en\Content\Resources\Images\Template_Images\
Property(S): dirF896BC2B2DB66ADAFF21F89DE7A4DDB5 = C:\ProgramData\ETC\HogPC\helptext\en\Content\Resources\Stylesheets\
Property(S): dir194C51132B5AD171B607CE4BDE446CC3 = C:\ProgramData\ETC\HogPC\helptext\en\Content\Resources\TableStyles\
Property(S): dirAAE153D476A857C192561F7A3BFE2D57 = C:\ProgramData\ETC\HogPC\helptext\en\Data\
Property(S): dir6A3D216280F87924386A8B77837E3037 = C:\ProgramData\ETC\HogPC\helptext\en\Data\Tocs\
Property(S): dir61588760BB0E426A2E1C40CAD4CA6677 = C:\ProgramData\ETC\HogPC\helptext\en\Resources\Scripts\
Property(S): dirDE1604631C19C70F9C8F30BFD284C63B = C:\ProgramData\ETC\HogPC\helptext\en\Skins\Default\Stylesheets\
Property(S): dirB84FA28B9E44762734654BF649E116C4 = C:\ProgramData\ETC\HogPC\helptext\en\Skins\Default\Stylesheets\Components\
Property(S): dirB18C0EE27D64684ADC5C3CC0891E3399 = C:\ProgramData\ETC\HogPC\helptext\en\Skins\Default\Stylesheets\Images\
Property(S): dirCF9519B65614710F6BDCEFAB09BAE21D = C:\ProgramData\ETC\HogPC\resources\thumbnail_library\Color\
Property(S): dir6D583EA6C7A4916F30AECA4AC4DB133D = C:\ProgramData\ETC\HogPC\resources\thumbnail_library\Frost\
Property(S): dir7BFBE7152BD1F709E4A8AB545308CE6B = C:\ProgramData\ETC\HogPC\resources\thumbnail_library\Gobo\
Property(S): dir0D973686163D66EE8454B4DA57145C33 = C:\ProgramData\ETC\HogPC\resources\thumbnail_library\Prism\
Property(S): dirB6A48B5F0A2C9D42D5F3D11AD610CF6A = C:\ProgramData\ETC\HogPC\resources\thumbnail_library\Strobe\
Property(S): D_umdmx_x64 = C:\Program Files (x86)\ETC\HogPC\drivers\umdmx\
Property(S): D_umltc_x64 = C:\Program Files (x86)\ETC\HogPC\drivers\umltc\
Property(S): D_umprowing_x64 = C:\Program Files (x86)\ETC\HogPC\drivers\umprowing\
Property(S): D_umupload_x64 = C:\Program Files (x86)\ETC\HogPC\drivers\umupload\
Property(S): D_kmh4touch_x64 = C:\Program Files (x86)\ETC\HogPC\drivers\kmh4touch\
Property(S): D_gadget_x64 = C:\Program Files (x86)\ETC\HogPC\drivers\gadget\
Property(S): D_umblk_x64 = C:\Program Files (x86)\ETC\HogPC\drivers\umblk\
Property(S): D_umdmx_ARM64 = C:\Program Files (x86)\ETC\HogPC\drivers\umdmx\
Property(S): D_umltc_ARM64 = C:\Program Files (x86)\ETC\HogPC\drivers\umltc\
Property(S): D_umprowing_ARM64 = C:\Program Files (x86)\ETC\HogPC\drivers\umprowing\
Property(S): D_umupload_ARM64 = C:\Program Files (x86)\ETC\HogPC\drivers\umupload\
Property(S): D_gadget_ARM64 = C:\Program Files (x86)\ETC\HogPC\drivers\gadget\
Property(S): D_umblk_ARM64 = C:\Program Files (x86)\ETC\HogPC\drivers\umblk\
Property(S): WixUIRMOption = UseRM
Property(S): ALLUSERS = 1
Property(S): ARPNOMODIFY = yes
Property(S): ARPNOREPAIR = yes
Property(S): ARPINSTALLLOCATION = C:\Program Files (x86)\
Property(S): qtwebengine_locales = C:\Program Files (x86)\ETC\HogPC\translations\qtwebengine_locales\
Property(S): D_translations = C:\Program Files (x86)\ETC\HogPC\translations\
Property(S): ETCROOT = C:\Program Files (x86)\ETC\
Property(S): ProgramMenuFolder = C:\users\asdf\AppData\Roaming\Microsoft\Windows\Start Menu\Programs\
Property(S): DesktopFolder = C:\users\asdf\Desktop\
Property(S): D_helptext = C:\ProgramData\ETC\HogPC\helptext\
Property(S): D_Hog = C:\ProgramData\ETC\HogPC\
Property(S): fixtureLibrary = C:\ProgramData\ETC\HogPC\fixtureLibrary\
Property(S): D_resources = C:\ProgramData\ETC\HogPC\resources\
Property(S): D_HES = C:\ProgramData\ETC\
Property(S): CommonAppDataFolder = C:\ProgramData\
Property(S): WindowsFolder = C:\windows\
Property(S): SourceDir = Z:\run\media\asdf\Windows\hog-media\
Property(S): QtQuick = C:\Program Files (x86)\ETC\HogPC\QtQuick\
Property(S): dirA1A4147C60676997226B0688BC1128EF = C:\ProgramData\ETC\HogPC\helptext\en\Content\MasterProjectContent\Resources\Images\
Property(S): dirE2B0E836AD7272C74F813B32F55CD5BA = C:\ProgramData\ETC\HogPC\helptext\en\Content\MasterProjectContent\Resources\
Property(S): dir5D4F89830075918ABFB92D5459F08944 = C:\ProgramData\ETC\HogPC\helptext\en\Content\MasterProjectContent\
Property(S): dir752BE06F962F352B242B02FD30021F79 = C:\ProgramData\ETC\HogPC\helptext\en\Content\Resources\
Property(S): dir82352C5714FF602DEBFF749627464E73 = C:\ProgramData\ETC\HogPC\helptext\en\Resources\
Property(S): dir37A73CDF1D892E6933622DE068D7DFFC = C:\ProgramData\ETC\HogPC\helptext\en\Skins\Default\
Property(S): dirF16935EAE5ED989192896383B7009623 = C:\ProgramData\ETC\HogPC\helptext\en\Skins\
Property(S): dirB85A604FFC95722F77DEF72DCDCCCC58 = C:\ProgramData\ETC\HogPC\resources\thumbnail_library\
Property(S): D_x64_drivers = C:\Program Files (x86)\ETC\HogPC\drivers\
Property(S): D_ARM64_drivers = C:\Program Files (x86)\ETC\HogPC\drivers\
Property(S): VersionNT = 603
Property(S): Privileged = 1
Property(S): ARPPRODUCTICON = HogPC
Property(S): ARPURLUPDATEINFO = http://www.highend.com/support/
Property(S): Manufacturer = High End Systems, Inc.
Property(S): ProductCode = {6501E546-28F5-4A0E-97E0-1CD914185417}
Property(S): ProductLanguage = 1033
Property(S): ProductName = Hog PC
Property(S): ProductVersion = 5.2.1.31
Property(S): DefaultUIFont = WixUI_Font_Normal
Property(S): ErrorDialog = ErrorDlg
Property(S): SecureCustomProperties = ARPNOMODIFY;ARPNOREPAIR;HASPEXISTS;NEWERVERSIONBEINGDOWNGRADED;OLDERVERSIONBEINGUPGRADED;WIX_NATIVE_MACHINE
Property(S): MsiHiddenProperties = AddMachineCertificate;AddUserCertificate;DeleteMachineCertificate;DeleteUserCertificate;RollbackAddMachineCertificate;RollbackAddUserCertificate;RollbackDeleteMachineCertificate;RollbackDeleteUserCertificate
Property(S): SystemFolder.F1670FCA_6780_3657_9C04_AF8005AC8143 = C:\windows\syswow64\
Property(S): DirectoryTable100_x86.F1670FCA_6780_3657_9C04_AF8005AC8143 = DirectoryTable
Property(S): AdminUser = 1
Property(S): MsiRunningElevated = 1
Property(S): MsiTrueAdminUser = 1
Property(S): FavoritesFolder = C:\users\asdf\Favorites\
Property(S): FontsFolder = C:\windows\Fonts\
Property(S): SendToFolder = C:\users\asdf\AppData\Roaming\Microsoft\Windows\SendTo\
Property(S): StartMenuFolder = C:\users\asdf\AppData\Roaming\Microsoft\Windows\Start Menu\
Property(S): StartupFolder = C:\users\asdf\AppData\Roaming\Microsoft\Windows\Start Menu\Programs\StartUp\
Property(S): TemplateFolder = C:\users\asdf\AppData\Roaming\Microsoft\Windows\Templates\
Property(S): AdminToolsFolder = C:\users\asdf\AppData\Roaming\Microsoft\Windows\Start Menu\Programs\Administrative Tools\
Property(S): AppDataFolder = C:\users\asdf\AppData\Roaming\
Property(S): System16Folder = C:\windows\system32\
Property(S): LocalAppDataFolder = C:\users\asdf\AppData\Local\
Property(S): MyPicturesFolder = C:\users\asdf\Pictures\
Property(S): PersonalFolder = C:\users\asdf\Documents\
Property(S): PrintHoodFolder = C:\users\asdf\AppData\Roaming\Microsoft\Windows\Printer Shortcuts\
Property(S): NetHoodFolder = C:\users\asdf\AppData\Roaming\Microsoft\Windows\Network Shortcuts\
Property(S): RecentFolder = C:\users\asdf\AppData\Roaming\Microsoft\Windows\Recent\
Property(S): PhysicalMemory = 31043
Property(S): WindowsVolume = C:\
Property(S): TempFolder = C:\users\asdf\AppData\Local\Temp\
Property(S): MsiNTProductType = 1
Property(S): WindowsBuild = 9600
Property(S): ServicePackLevel = 0
Property(S): VersionMsi = 5.0
Property(S): VersionDatabase = 500
Property(S): Intel = 6
Property(S): MsiAMD64 = 6
Property(S): Msix64 = 6
Property(S): VersionNT64 = 603
Property(S): System64Folder = C:\windows\system32\
Property(S): ProgramFiles64Folder = C:\Program Files\
Property(S): ProgramFilesFolder = C:\Program Files (x86)\
Property(S): CommonFiles64Folder = C:\Program Files\Common Files\
Property(S): CommonFilesFolder = C:\Program Files (x86)\Common Files\
Property(S): ScreenX = 1600
Property(S): ScreenY = 1000
Property(S): ColorBits = 32
Property(S): UserSID = S-1-5-21-0-0-0-1000
Property(S): MsiNetAssemblySupport = 4.6.1590.0
Property(S): UserLanguageID = 1033
Property(S): SystemLanguageID = 1033
Property(S): ProductState = -1
Property(S): LogonUser = asdf
Property(S): ComputerName = ASDF-THINKPAD-E
Property(S): UILevel = 2
Property(S): PackageCode = {E693B5EE-165F-4F6C-ACF2-92E594754355}
Property(S): DATABASE = C:\windows\Installer\44af.msi
Property(S): OriginalDatabase = Z:\run\media\asdf\Windows\hog-media\Hog_PC_5.2.1.31.msi
Property(S): SOURCEDIR = Z:\run\media\asdf\Windows\hog-media\
Property(S): ACTION = INSTALL
Property(S): EXECUTEACTION = INSTALL
Property(S): WIX_NATIVE_MACHINE = 34404
Property(S): CostingComplete = 1
Property(S): ROOTDRIVE = C:\
Property(S): INSTALLLEVEL = 1
Property(S): OutOfDiskSpace = 0
Property(S): OutOfNoRbDiskSpace = 0
Property(S): CustomActionData = C:\Program Files (x86)\
1: 2 2: 0 
1: 2 2: 1 
Action ended 3:17:48: INSTALL. Return value 1.
