"FullName","Length"
"C:\Program Files\Tableau\Tableau 2026.2\NOTICES.txt","312"
"C:\Program Files\Tableau\Tableau 2026.2\bin\art_cpp.dll","294240"
"C:\Program Files\Tableau\Tableau 2026.2\bin\atrdiag.exe","2984288"
"C:\Program Files\Tableau\Tableau 2026.2\bin\boost_atomic-mt-x64.dll","28000"
"C:\Program Files\Tableau\Tableau 2026.2\bin\boost_chrono-mt-x64.dll","48480"
"C:\Program Files\Tableau\Tableau 2026.2\bin\boost_container-mt-x64.dll","66912"
"C:\Program Files\Tableau\Tableau 2026.2\bin\boost_date_time-mt-x64.dll","20320"
"C:\Program Files\Tableau\Tableau 2026.2\bin\boost_filesystem-mt-x64.dll","171360"
"C:\Program Files\Tableau\Tableau 2026.2\bin\boost_json-mt-x64.dll","294752"
"C:\Program Files\Tableau\Tableau 2026.2\bin\boost_program_options-mt-x64.dll","415584"
"C:\Program Files\Tableau\Tableau 2026.2\bin\boost_thread-mt-x64.dll","100192"
"C:\Program Files\Tableau\Tableau 2026.2\bin\capi.dll","80736"
"C:\Program Files\Tableau\Tableau 2026.2\bin\custactutil.exe","1779552"
"C:\Program Files\Tableau\Tableau 2026.2\bin\custactutil_libFNP.dll","10066784"
"C:\Program Files\Tableau\Tableau 2026.2\bin\d3dcompiler_47.dll","3466856"
"C:\Program Files\Tableau\Tableau 2026.2\bin\datalithfactories.dll","31584"
"C:\Program Files\Tableau\Tableau 2026.2\bin\datalithinterfaces.dll","42336"
"C:\Program Files\Tableau\Tableau 2026.2\bin\docapi.dll","29749088"
"C:\Program Files\Tableau\Tableau 2026.2\bin\fnpcommssoap.dll","501032"
"C:\Program Files\Tableau\Tableau 2026.2\bin\FNP_Act_Installer.dll","4646184"
"C:\Program Files\Tableau\Tableau 2026.2\bin\grpcclienthelpers.dll","35680"
"C:\Program Files\Tableau\Tableau 2026.2\bin\grpcservicehelpers.dll","899936"
"C:\Program Files\Tableau\Tableau 2026.2\bin\hyperapi.dll","26463072"
"C:\Program Files\Tableau\Tableau 2026.2\bin\icudt74.dll","30796640"
"C:\Program Files\Tableau\Tableau 2026.2\bin\icuin74.dll","2646880"
"C:\Program Files\Tableau\Tableau 2026.2\bin\icuio74.dll","62816"
"C:\Program Files\Tableau\Tableau 2026.2\bin\icuuc74.dll","1795936"
"C:\Program Files\Tableau\Tableau 2026.2\bin\installanchorservice.exe","25440"
"C:\Program Files\Tableau\Tableau 2026.2\bin\jdbcserver.jar","63314718"
"C:\Program Files\Tableau\Tableau 2026.2\bin\libbz2-1.dll","85368"
"C:\Program Files\Tableau\Tableau 2026.2\bin\libcrypto-3.dll","5177696"
"C:\Program Files\Tableau\Tableau 2026.2\bin\libcurl.dll","1095520"
"C:\Program Files\Tableau\Tableau 2026.2\bin\libEGL.dll","28512"
"C:\Program Files\Tableau\Tableau 2026.2\bin\libGLESv2.dll","3578720"
"C:\Program Files\Tableau\Tableau 2026.2\bin\libhyphenate.dll","142688"
"C:\Program Files\Tableau\Tableau 2026.2\bin\liblz4.dll","123744"
"C:\Program Files\Tableau\Tableau 2026.2\bin\liblzma-5.dll","165728"
"C:\Program Files\Tableau\Tableau 2026.2\bin\librdata-0.dll","1772424"
"C:\Program Files\Tableau\Tableau 2026.2\bin\libreadstat-1.dll","3008544"
"C:\Program Files\Tableau\Tableau 2026.2\bin\libssl-3.dll","1239392"
"C:\Program Files\Tableau\Tableau 2026.2\bin\libxpdf.dll","1886048"
"C:\Program Files\Tableau\Tableau 2026.2\bin\metrics2.dll","138080"
"C:\Program Files\Tableau\Tableau 2026.2\bin\oauthservice.jar","50729513"
"C:\Program Files\Tableau\Tableau 2026.2\bin\qmapboxgl.dll","6445920"
"C:\Program Files\Tableau\Tableau 2026.2\bin\qscintilla2.dll","2192736"
"C:\Program Files\Tableau\Tableau 2026.2\bin\qt.conf","67"
"C:\Program Files\Tableau\Tableau 2026.2\bin\Qt6Core.dll","5584736"
"C:\Program Files\Tableau\Tableau 2026.2\bin\Qt6Gui.dll","7867232"
"C:\Program Files\Tableau\Tableau 2026.2\bin\Qt6Multimedia.dll","809312"
"C:\Program Files\Tableau\Tableau 2026.2\bin\Qt6MultimediaWidgets.dll","60256"
"C:\Program Files\Tableau\Tableau 2026.2\bin\Qt6Network.dll","1377632"
"C:\Program Files\Tableau\Tableau 2026.2\bin\Qt6OpenGL.dll","1948512"
"C:\Program Files\Tableau\Tableau 2026.2\bin\Qt6OpenGLWidgets.dll","58208"
"C:\Program Files\Tableau\Tableau 2026.2\bin\Qt6Positioning.dll","478560"
"C:\Program Files\Tableau\Tableau 2026.2\bin\Qt6PrintSupport.dll","393056"
"C:\Program Files\Tableau\Tableau 2026.2\bin\Qt6Qml.dll","4643168"
"C:\Program Files\Tableau\Tableau 2026.2\bin\Qt6QmlModels.dll","686944"
"C:\Program Files\Tableau\Tableau 2026.2\bin\Qt6Quick.dll","5203808"
"C:\Program Files\Tableau\Tableau 2026.2\bin\Qt6QuickWidgets.dll","115552"
"C:\Program Files\Tableau\Tableau 2026.2\bin\Qt6Sensors.dll","220000"
"C:\Program Files\Tableau\Tableau 2026.2\bin\Qt6Sql.dll","275296"
"C:\Program Files\Tableau\Tableau 2026.2\bin\Qt6Svg.dll","366432"
"C:\Program Files\Tableau\Tableau 2026.2\bin\Qt6WebChannel.dll","245088"
"C:\Program Files\Tableau\Tableau 2026.2\bin\Qt6WebEngineCore.dll","162660192"
"C:\Program Files\Tableau\Tableau 2026.2\bin\Qt6WebEngineWidgets.dll","178520"
"C:\Program Files\Tableau\Tableau 2026.2\bin\Qt6WebSockets.dll","201056"
"C:\Program Files\Tableau\Tableau 2026.2\bin\Qt6Widgets.dll","5888864"
"C:\Program Files\Tableau\Tableau 2026.2\bin\Qt6Xml.dll","145760"
"C:\Program Files\Tableau\Tableau 2026.2\bin\QtWebEngineProcess.exe","695648"
"C:\Program Files\Tableau\Tableau 2026.2\bin\runtimekeybundles.dll","3252064"
"C:\Program Files\Tableau\Tableau 2026.2\bin\runtimeweb.dll","168288"
"C:\Program Files\Tableau\Tableau 2026.2\bin\tabanim.dll","1000800"
"C:\Program Files\Tableau\Tableau 2026.2\bin\tabcache.dll","452448"
"C:\Program Files\Tableau\Tableau 2026.2\bin\tabcgal.dll","837472"
"C:\Program Files\Tableau\Tableau 2026.2\bin\tabconnect.dll","1107296"
"C:\Program Files\Tableau\Tableau 2026.2\bin\tabconnectorsbase.dll","11599200"
"C:\Program Files\Tableau\Tableau 2026.2\bin\tabconnectorsinternal.dll","2647392"
"C:\Program Files\Tableau\Tableau 2026.2\bin\tabconnectorsweb.dll","2947936"
"C:\Program Files\Tableau\Tableau 2026.2\bin\tabcore.dll","6846816"
"C:\Program Files\Tableau\Tableau 2026.2\bin\tabcoredata.dll","2709856"
"C:\Program Files\Tableau\Tableau 2026.2\bin\tabcoreplatform.dll","713056"
"C:\Program Files\Tableau\Tableau 2026.2\bin\tabcorexml.dll","494944"
"C:\Program Files\Tableau\Tableau 2026.2\bin\tabcrashdumper.exe","479584"
"C:\Program Files\Tableau\Tableau 2026.2\bin\tabcrashreporter.exe","897376"
"C:\Program Files\Tableau\Tableau 2026.2\bin\tabdata.dll","5873504"
"C:\Program Files\Tableau\Tableau 2026.2\bin\tabdatacollections.dll","821600"
"C:\Program Files\Tableau\Tableau 2026.2\bin\tabdatagraph.dll","187232"
"C:\Program Files\Tableau\Tableau 2026.2\bin\tabdatamdx.dll","740704"
"C:\Program Files\Tableau\Tableau 2026.2\bin\tabdatamodel.dll","4132704"
"C:\Program Files\Tableau\Tableau 2026.2\bin\tabdesktopui.dll","2800992"
"C:\Program Files\Tableau\Tableau 2026.2\bin\tabdialog.dll","652128"
"C:\Program Files\Tableau\Tableau 2026.2\bin\tabdisplaycore.dll","79200"
"C:\Program Files\Tableau\Tableau 2026.2\bin\tabdoc.dll","25227616"
"C:\Program Files\Tableau\Tableau 2026.2\bin\tabdocactions.dll","1095520"
"C:\Program Files\Tableau\Tableau 2026.2\bin\tabdocagent.dll","9057632"
"C:\Program Files\Tableau\Tableau 2026.2\bin\tabdocannotations.dll","157024"
"C:\Program Files\Tableau\Tableau 2026.2\bin\tabdocautoinsights.dll","1713504"
"C:\Program Files\Tableau\Tableau 2026.2\bin\tabdocaxis.dll","629088"
"C:\Program Files\Tableau\Tableau 2026.2\bin\tabdoccalc.dll","31072"
"C:\Program Files\Tableau\Tableau 2026.2\bin\tabdoccategoricalbin.dll","169824"
"C:\Program Files\Tableau\Tableau 2026.2\bin\tabdocclusteranalysis.dll","303456"
"C:\Program Files\Tableau\Tableau 2026.2\bin\tabdoccontextmenus.dll","180064"
"C:\Program Files\Tableau\Tableau 2026.2\bin\tabdocdashboard.dll","1639776"
"C:\Program Files\Tableau\Tableau 2026.2\bin\tabdocdashobjects.dll","158560"
"C:\Program Files\Tableau\Tableau 2026.2\bin\tabdocdataalert.dll","316256"
"C:\Program Files\Tableau\Tableau 2026.2\bin\tabdocdatacatalog.dll","106848"
"C:\Program Files\Tableau\Tableau 2026.2\bin\tabdocexport.dll","373088"
"C:\Program Files\Tableau\Tableau 2026.2\bin\tabdocextension.dll","578912"
"C:\Program Files\Tableau\Tableau 2026.2\bin\tabdocextsvc.dll","155488"
"C:\Program Files\Tableau\Tableau 2026.2\bin\tabdocfilter.dll","1446752"
"C:\Program Files\Tableau\Tableau 2026.2\bin\tabdocformatting.dll","1265504"
"C:\Program Files\Tableau\Tableau 2026.2\bin\tabdoclegend.dll","508768"
"C:\Program Files\Tableau\Tableau 2026.2\bin\tabdocmaps.dll","447840"
"C:\Program Files\Tableau\Tableau 2026.2\bin\tabdocmarkbounds.dll","100192"
"C:\Program Files\Tableau\Tableau 2026.2\bin\tabdocobjectgraph.dll","751968"
"C:\Program Files\Tableau\Tableau 2026.2\bin\tabdocobjectstate.dll","80736"
"C:\Program Files\Tableau\Tableau 2026.2\bin\tabdocpages.dll","221536"
"C:\Program Files\Tableau\Tableau 2026.2\bin\tabdocparameters.dll","634208"
"C:\Program Files\Tableau\Tableau 2026.2\bin\tabdocrichtext.dll","444768"
"C:\Program Files\Tableau\Tableau 2026.2\bin\tabdocschemaviewer.dll","1055072"
"C:\Program Files\Tableau\Tableau 2026.2\bin\tabdocsegments.dll","602464"
"C:\Program Files\Tableau\Tableau 2026.2\bin\tabdocselection.dll","329568"
"C:\Program Files\Tableau\Tableau 2026.2\bin\tabdocsort.dll","487776"
"C:\Program Files\Tableau\Tableau 2026.2\bin\tabdocstory.dll","542560"
"C:\Program Files\Tableau\Tableau 2026.2\bin\tabdoctablecalc.dll","679256"
"C:\Program Files\Tableau\Tableau 2026.2\bin\tabdoctableresize.dll","112992"
"C:\Program Files\Tableau\Tableau 2026.2\bin\tabdoctrendline.dll","210272"
"C:\Program Files\Tableau\Tableau 2026.2\bin\tabdocviewdata.dll","737120"
"C:\Program Files\Tableau\Tableau 2026.2\bin\tabdocvizapi.dll","289632"
"C:\Program Files\Tableau\Tableau 2026.2\bin\tabdocwbanalyzer.dll","184160"
"C:\Program Files\Tableau\Tableau 2026.2\bin\tabdomtransforms.dll","1230688"
"C:\Program Files\Tableau\Tableau 2026.2\bin\tabendeavour.dll","1020256"
"C:\Program Files\Tableau\Tableau 2026.2\bin\tabeprsclient.dll","7904096"
"C:\Program Files\Tableau\Tableau 2026.2\bin\tabextensionregistration.dll","231776"
"C:\Program Files\Tableau\Tableau 2026.2\bin\tabextsvc.dll","8575328"
"C:\Program Files\Tableau\Tableau 2026.2\bin\tabfield.dll","410464"
"C:\Program Files\Tableau\Tableau 2026.2\bin\tabfileformat.dll","2193760"
"C:\Program Files\Tableau\Tableau 2026.2\bin\tabfnp.dll","10066784"
"C:\Program Files\Tableau\Tableau 2026.2\bin\tabgeo.dll","16278368"
"C:\Program Files\Tableau\Tableau 2026.2\bin\tabgeocoding.dll","199520"
"C:\Program Files\Tableau\Tableau 2026.2\bin\tabgeosearch.dll","1593696"
"C:\Program Files\Tableau\Tableau 2026.2\bin\tabgrpchealthcheck.dll","7836000"
"C:\Program Files\Tableau\Tableau 2026.2\bin\tabhyper.dll","2891104"
"C:\Program Files\Tableau\Tableau 2026.2\bin\tabicu.dll","135520"
"C:\Program Files\Tableau\Tableau 2026.2\bin\tabicu44compatcollate.dll","19180896"
"C:\Program Files\Tableau\Tableau 2026.2\bin\tableau.com","549216"
"C:\Program Files\Tableau\Tableau 2026.2\bin\tableau.exe","677728"
"C:\Program Files\Tableau\Tableau 2026.2\bin\tableaumarkup.dll","85344"
"C:\Program Files\Tableau\Tableau 2026.2\bin\tabmaps.dll","1331040"
"C:\Program Files\Tableau\Tableau 2026.2\bin\tabmaterializedviews.dll","760160"
"C:\Program Files\Tableau\Tableau 2026.2\bin\tabminervaclient.dll","8917856"
"C:\Program Files\Tableau\Tableau 2026.2\bin\tabmixins.dll","24871776"
"C:\Program Files\Tableau\Tableau 2026.2\bin\tabmvcachemanager.dll","8319840"
"C:\Program Files\Tableau\Tableau 2026.2\bin\tabobjectstatemanager.dll","105312"
"C:\Program Files\Tableau\Tableau 2026.2\bin\tabpreslayer.dll","1178464"
"C:\Program Files\Tableau\Tableau 2026.2\bin\tabpreslayerdata.dll","3645792"
"C:\Program Files\Tableau\Tableau 2026.2\bin\tabprotosrv.exe","797536"
"C:\Program Files\Tableau\Tableau 2026.2\bin\tabquery.dll","7958880"
"C:\Program Files\Tableau\Tableau 2026.2\bin\tabquerybatchproc.dll","3293536"
"C:\Program Files\Tableau\Tableau 2026.2\bin\tabquerycache.dll","1171808"
"C:\Program Files\Tableau\Tableau 2026.2\bin\tabqueryclihelper.dll","1101664"
"C:\Program Files\Tableau\Tableau 2026.2\bin\tabquerycore.dll","347488"
"C:\Program Files\Tableau\Tableau 2026.2\bin\tabqueryfed.dll","2299744"
"C:\Program Files\Tableau\Tableau 2026.2\bin\tabquerygatewayclient.dll","8553824"
"C:\Program Files\Tableau\Tableau 2026.2\bin\tabqueryproc.dll","1357664"
"C:\Program Files\Tableau\Tableau 2026.2\bin\tabquerytool.exe","381280"
"C:\Program Files\Tableau\Tableau 2026.2\bin\tabredis.dll","442208"
"C:\Program Files\Tableau\Tableau 2026.2\bin\tabrender.dll","306016"
"C:\Program Files\Tableau\Tableau 2026.2\bin\tabres.dll","608608"
"C:\Program Files\Tableau\Tableau 2026.2\bin\tabrqslib.dll","122720"
"C:\Program Files\Tableau\Tableau 2026.2\bin\tabrtcore.dll","4914016"
"C:\Program Files\Tableau\Tableau 2026.2\bin\tabrtmaker.dll","697184"
"C:\Program Files\Tableau\Tableau 2026.2\bin\tabrtvm.dll","1227616"
"C:\Program Files\Tableau\Tableau 2026.2\bin\tabservicediscovery.dll","8101728"
"C:\Program Files\Tableau\Tableau 2026.2\bin\tabspatial.dll","123232"
"C:\Program Files\Tableau\Tableau 2026.2\bin\tabsrv.dll","2389856"
"C:\Program Files\Tableau\Tableau 2026.2\bin\tabstaticworkbookdata.dll","147808"
"C:\Program Files\Tableau\Tableau 2026.2\bin\tabstylemodel.dll","578912"
"C:\Program Files\Tableau\Tableau 2026.2\bin\tabsys.dll","585056"
"C:\Program Files\Tableau\Tableau 2026.2\bin\tabtelemetry.dll","914272"
"C:\Program Files\Tableau\Tableau 2026.2\bin\tabtestsvc.dll","399200"
"C:\Program Files\Tableau\Tableau 2026.2\bin\tabtransforms.dll","1233760"
"C:\Program Files\Tableau\Tableau 2026.2\bin\tabtuaclient.dll","3313504"
"C:\Program Files\Tableau\Tableau 2026.2\bin\tabui.dll","22141792"
"C:\Program Files\Tableau\Tableau 2026.2\bin\tabuiactions.dll","59744"
"C:\Program Files\Tableau\Tableau 2026.2\bin\tabuicategoricalbin.dll","194400"
"C:\Program Files\Tableau\Tableau 2026.2\bin\tabuidashboardapps.dll","31072"
"C:\Program Files\Tableau\Tableau 2026.2\bin\tabuifilter.dll","31072"
"C:\Program Files\Tableau\Tableau 2026.2\bin\tabuiformatting.dll","112480"
"C:\Program Files\Tableau\Tableau 2026.2\bin\tabuilegacydashboard.dll","1296736"
"C:\Program Files\Tableau\Tableau 2026.2\bin\tabuiremovesheets.dll","60768"
"C:\Program Files\Tableau\Tableau 2026.2\bin\tabuisbfeatureflags.dll","169824"
"C:\Program Files\Tableau\Tableau 2026.2\bin\tabuischemaviewer.dll","980320"
"C:\Program Files\Tableau\Tableau 2026.2\bin\tabuistatusbar.dll","52576"
"C:\Program Files\Tableau\Tableau 2026.2\bin\tabuitablecalc.dll","411488"
"C:\Program Files\Tableau\Tableau 2026.2\bin\tabuivizqlrender.dll","235872"
"C:\Program Files\Tableau\Tableau 2026.2\bin\tabuivizqlworker.dll","358752"
"C:\Program Files\Tableau\Tableau 2026.2\bin\tabvconnresolverclient.dll","8055136"
"C:\Program Files\Tableau\Tableau 2026.2\bin\tabvizdata.dll","10500960"
"C:\Program Files\Tableau\Tableau 2026.2\bin\tabvizdatamodel.dll","214368"
"C:\Program Files\Tableau\Tableau 2026.2\bin\tabvizdatasrvcore.dll","631136"
"C:\Program Files\Tableau\Tableau 2026.2\bin\tabvizengine.dll","1709920"
"C:\Program Files\Tableau\Tableau 2026.2\bin\tabvizintooltip.dll","43872"
"C:\Program Files\Tableau\Tableau 2026.2\bin\tabvizql.dll","9053024"
"C:\Program Files\Tableau\Tableau 2026.2\bin\tabvizqlmodel.dll","1007456"
"C:\Program Files\Tableau\Tableau 2026.2\bin\tabvizqlserver.dll","18624864"
"C:\Program Files\Tableau\Tableau 2026.2\bin\tabvizrender.dll","2431328"
"C:\Program Files\Tableau\Tableau 2026.2\bin\tabwbfileformat.dll","1980256"
"C:\Program Files\Tableau\Tableau 2026.2\bin\tabwebengine.dll","215392"
"C:\Program Files\Tableau\Tableau 2026.2\bin\tabwidgets.dll","1118560"
"C:\Program Files\Tableau\Tableau 2026.2\bin\tabworkbook.dll","1685344"
"C:\Program Files\Tableau\Tableau 2026.2\bin\tabworkbookeditor.dll","1149792"
"C:\Program Files\Tableau\Tableau 2026.2\bin\tabworkgroup.dll","1502048"
"C:\Program Files\Tableau\Tableau 2026.2\bin\tabxmldom.dll","745312"
"C:\Program Files\Tableau\Tableau 2026.2\bin\tabyaxcat.dll","8016224"
"C:\Program Files\Tableau\Tableau 2026.2\bin\tacosignatureverifier.jar","17732"
"C:\Program Files\Tableau\Tableau 2026.2\bin\tbb12.dll","475488"
"C:\Program Files\Tableau\Tableau 2026.2\bin\tlibxl.dll","23795040"
"C:\Program Files\Tableau\Tableau 2026.2\bin\trendlineapi.dll","21856"
"C:\Program Files\Tableau\Tableau 2026.2\bin\uninstallanchorservice.exe","25440"
"C:\Program Files\Tableau\Tableau 2026.2\bin\xerces-c_3_3.dll","2783072"
"C:\Program Files\Tableau\Tableau 2026.2\bin\connectors\alibaba-adb.dll","42848"
"C:\Program Files\Tableau\Tableau 2026.2\bin\connectors\alibaba-dla.dll","42848"
"C:\Program Files\Tableau\Tableau 2026.2\bin\connectors\alibaba-maxcompute.dll","44896"
"C:\Program Files\Tableau\Tableau 2026.2\bin\connectors\athena.dll","50016"
"C:\Program Files\Tableau\Tableau 2026.2\bin\connectors\azure-dw.dll","63840"
"C:\Program Files\Tableau\Tableau 2026.2\bin\connectors\azure-sqldb.dll","63840"
"C:\Program Files\Tableau\Tableau 2026.2\bin\connectors\databricks.dll","124256"
"C:\Program Files\Tableau\Tableau 2026.2\bin\connectors\datorama_jdbc.dll","48992"
"C:\Program Files\Tableau\Tableau 2026.2\bin\connectors\dremio.dll","135520"
"C:\Program Files\Tableau\Tableau 2026.2\bin\connectors\esri.dll","47968"
"C:\Program Files\Tableau\Tableau 2026.2\bin\connectors\firebird-3.dll","42336"
"C:\Program Files\Tableau\Tableau 2026.2\bin\connectors\impala.dll","38752"
"C:\Program Files\Tableau\Tableau 2026.2\bin\connectors\kyvos.dll","54624"
"C:\Program Files\Tableau\Tableau 2026.2\bin\connectors\mariadb.dll","41824"
"C:\Program Files\Tableau\Tableau 2026.2\bin\connectors\memsql.dll","41824"
"C:\Program Files\Tableau\Tableau 2026.2\bin\connectors\mongodb.dll","43872"
"C:\Program Files\Tableau\Tableau 2026.2\bin\connectors\qubole.dll","45920"
"C:\Program Files\Tableau\Tableau 2026.2\bin\connectors\redshift.dll","55136"
"C:\Program Files\Tableau\Tableau 2026.2\bin\connectors\salesforce-uip.dll","46944"
"C:\Program Files\Tableau\Tableau 2026.2\bin\eps\eps.exe","132146440"
"C:\Program Files\Tableau\Tableau 2026.2\bin\hyper\crashdumper.exe","361824"
"C:\Program Files\Tableau\Tableau 2026.2\bin\hyper\hyperd.exe","207962976"
"C:\Program Files\Tableau\Tableau 2026.2\bin\jre\release","1281"
"C:\Program Files\Tableau\Tableau 2026.2\bin\jre\bin\api-ms-win-core-console-l1-1-0.dll","22056"
"C:\Program Files\Tableau\Tableau 2026.2\bin\jre\bin\api-ms-win-core-console-l1-2-0.dll","21960"
"C:\Program Files\Tableau\Tableau 2026.2\bin\jre\bin\api-ms-win-core-datetime-l1-1-0.dll","22056"
"C:\Program Files\Tableau\Tableau 2026.2\bin\jre\bin\api-ms-win-core-debug-l1-1-0.dll","21960"
"C:\Program Files\Tableau\Tableau 2026.2\bin\jre\bin\api-ms-win-core-errorhandling-l1-1-0.dll","22056"
"C:\Program Files\Tableau\Tableau 2026.2\bin\jre\bin\api-ms-win-core-fibers-l1-1-0.dll","22056"
"C:\Program Files\Tableau\Tableau 2026.2\bin\jre\bin\api-ms-win-core-fibers-l1-1-1.dll","21960"
"C:\Program Files\Tableau\Tableau 2026.2\bin\jre\bin\api-ms-win-core-file-l1-1-0.dll","26056"
"C:\Program Files\Tableau\Tableau 2026.2\bin\jre\bin\api-ms-win-core-file-l1-2-0.dll","22072"
"C:\Program Files\Tableau\Tableau 2026.2\bin\jre\bin\api-ms-win-core-file-l2-1-0.dll","22056"
"C:\Program Files\Tableau\Tableau 2026.2\bin\jre\bin\api-ms-win-core-handle-l1-1-0.dll","22072"
"C:\Program Files\Tableau\Tableau 2026.2\bin\jre\bin\api-ms-win-core-heap-l1-1-0.dll","22072"
"C:\Program Files\Tableau\Tableau 2026.2\bin\jre\bin\api-ms-win-core-interlocked-l1-1-0.dll","22072"
"C:\Program Files\Tableau\Tableau 2026.2\bin\jre\bin\api-ms-win-core-kernel32-legacy-l1-1-1.dll","21960"
"C:\Program Files\Tableau\Tableau 2026.2\bin\jre\bin\api-ms-win-core-libraryloader-l1-1-0.dll","21960"
"C:\Program Files\Tableau\Tableau 2026.2\bin\jre\bin\api-ms-win-core-localization-l1-2-0.dll","22056"
"C:\Program Files\Tableau\Tableau 2026.2\bin\jre\bin\api-ms-win-core-memory-l1-1-0.dll","22056"
"C:\Program Files\Tableau\Tableau 2026.2\bin\jre\bin\api-ms-win-core-namedpipe-l1-1-0.dll","22056"
"C:\Program Files\Tableau\Tableau 2026.2\bin\jre\bin\api-ms-win-core-processenvironment-l1-1-0.dll","22056"
"C:\Program Files\Tableau\Tableau 2026.2\bin\jre\bin\api-ms-win-core-processthreads-l1-1-0.dll","22056"
"C:\Program Files\Tableau\Tableau 2026.2\bin\jre\bin\api-ms-win-core-processthreads-l1-1-1.dll","22072"
"C:\Program Files\Tableau\Tableau 2026.2\bin\jre\bin\api-ms-win-core-profile-l1-1-0.dll","21944"
"C:\Program Files\Tableau\Tableau 2026.2\bin\jre\bin\api-ms-win-core-rtlsupport-l1-1-0.dll","21944"
"C:\Program Files\Tableau\Tableau 2026.2\bin\jre\bin\api-ms-win-core-string-l1-1-0.dll","22072"
"C:\Program Files\Tableau\Tableau 2026.2\bin\jre\bin\api-ms-win-core-synch-l1-1-0.dll","21944"
"C:\Program Files\Tableau\Tableau 2026.2\bin\jre\bin\api-ms-win-core-synch-l1-2-0.dll","22072"
"C:\Program Files\Tableau\Tableau 2026.2\bin\jre\bin\api-ms-win-core-sysinfo-l1-1-0.dll","21960"
"C:\Program Files\Tableau\Tableau 2026.2\bin\jre\bin\api-ms-win-core-sysinfo-l1-2-0.dll","21960"
"C:\Program Files\Tableau\Tableau 2026.2\bin\jre\bin\api-ms-win-core-timezone-l1-1-0.dll","21944"
"C:\Program Files\Tableau\Tableau 2026.2\bin\jre\bin\api-ms-win-core-util-l1-1-0.dll","22056"
"C:\Program Files\Tableau\Tableau 2026.2\bin\jre\bin\api-ms-win-crt-conio-l1-1-0.dll","22072"
"C:\Program Files\Tableau\Tableau 2026.2\bin\jre\bin\api-ms-win-crt-convert-l1-1-0.dll","26040"
"C:\Program Files\Tableau\Tableau 2026.2\bin\jre\bin\api-ms-win-crt-environment-l1-1-0.dll","21944"
"C:\Program Files\Tableau\Tableau 2026.2\bin\jre\bin\api-ms-win-crt-filesystem-l1-1-0.dll","21944"
"C:\Program Files\Tableau\Tableau 2026.2\bin\jre\bin\api-ms-win-crt-heap-l1-1-0.dll","22056"
"C:\Program Files\Tableau\Tableau 2026.2\bin\jre\bin\api-ms-win-crt-locale-l1-1-0.dll","22072"
"C:\Program Files\Tableau\Tableau 2026.2\bin\jre\bin\api-ms-win-crt-math-l1-1-0.dll","30248"
"C:\Program Files\Tableau\Tableau 2026.2\bin\jre\bin\api-ms-win-crt-multibyte-l1-1-0.dll","30264"
"C:\Program Files\Tableau\Tableau 2026.2\bin\jre\bin\api-ms-win-crt-private-l1-1-0.dll","75320"
"C:\Program Files\Tableau\Tableau 2026.2\bin\jre\bin\api-ms-win-crt-process-l1-1-0.dll","21944"
"C:\Program Files\Tableau\Tableau 2026.2\bin\jre\bin\api-ms-win-crt-runtime-l1-1-0.dll","26168"
"C:\Program Files\Tableau\Tableau 2026.2\bin\jre\bin\api-ms-win-crt-stdio-l1-1-0.dll","26168"
"C:\Program Files\Tableau\Tableau 2026.2\bin\jre\bin\api-ms-win-crt-string-l1-1-0.dll","26168"
"C:\Program Files\Tableau\Tableau 2026.2\bin\jre\bin\api-ms-win-crt-time-l1-1-0.dll","21944"
"C:\Program Files\Tableau\Tableau 2026.2\bin\jre\bin\api-ms-win-crt-utility-l1-1-0.dll","21944"
"C:\Program Files\Tableau\Tableau 2026.2\bin\jre\bin\attach.dll","29280"
"C:\Program Files\Tableau\Tableau 2026.2\bin\jre\bin\awt.dll","1486944"
"C:\Program Files\Tableau\Tableau 2026.2\bin\jre\bin\dt_shmem.dll","37472"
"C:\Program Files\Tableau\Tableau 2026.2\bin\jre\bin\dt_socket.dll","35936"
"C:\Program Files\Tableau\Tableau 2026.2\bin\jre\bin\extnet.dll","23648"
"C:\Program Files\Tableau\Tableau 2026.2\bin\jre\bin\fontmanager.dll","967264"
"C:\Program Files\Tableau\Tableau 2026.2\bin\jre\bin\freetype.dll","558176"
"C:\Program Files\Tableau\Tableau 2026.2\bin\jre\bin\hsdis-amd64.dll","5505632"
"C:\Program Files\Tableau\Tableau 2026.2\bin\jre\bin\instrument.dll","51808"
"C:\Program Files\Tableau\Tableau 2026.2\bin\jre\bin\j2gss.dll","50784"
"C:\Program Files\Tableau\Tableau 2026.2\bin\jre\bin\j2pcsc.dll","26208"
"C:\Program Files\Tableau\Tableau 2026.2\bin\jre\bin\j2pkcs11.dll","78432"
"C:\Program Files\Tableau\Tableau 2026.2\bin\jre\bin\jaas.dll","28256"
"C:\Program Files\Tableau\Tableau 2026.2\bin\jre\bin\jabswitch.exe","45152"
"C:\Program Files\Tableau\Tableau 2026.2\bin\jre\bin\jaccessinspector.exe","106592"
"C:\Program Files\Tableau\Tableau 2026.2\bin\jre\bin\jaccesswalker.exe","70752"
"C:\Program Files\Tableau\Tableau 2026.2\bin\jre\bin\jar.exe","23648"
"C:\Program Files\Tableau\Tableau 2026.2\bin\jre\bin\jarsigner.exe","23648"
"C:\Program Files\Tableau\Tableau 2026.2\bin\jre\bin\java.dll","147040"
"C:\Program Files\Tableau\Tableau 2026.2\bin\jre\bin\java.exe","49760"
"C:\Program Files\Tableau\Tableau 2026.2\bin\jre\bin\javaaccessbridge.dll","304736"
"C:\Program Files\Tableau\Tableau 2026.2\bin\jre\bin\javac.exe","23648"
"C:\Program Files\Tableau\Tableau 2026.2\bin\jre\bin\javadoc.exe","23648"
"C:\Program Files\Tableau\Tableau 2026.2\bin\jre\bin\javajpeg.dll","178784"
"C:\Program Files\Tableau\Tableau 2026.2\bin\jre\bin\javap.exe","23648"
"C:\Program Files\Tableau\Tableau 2026.2\bin\jre\bin\javaw.exe","49760"
"C:\Program Files\Tableau\Tableau 2026.2\bin\jre\bin\jawt.dll","21088"
"C:\Program Files\Tableau\Tableau 2026.2\bin\jre\bin\jcmd.exe","23648"
"C:\Program Files\Tableau\Tableau 2026.2\bin\jre\bin\jconsole.exe","24160"
"C:\Program Files\Tableau\Tableau 2026.2\bin\jre\bin\jdb.exe","23648"
"C:\Program Files\Tableau\Tableau 2026.2\bin\jre\bin\jdeprscan.exe","23648"
"C:\Program Files\Tableau\Tableau 2026.2\bin\jre\bin\jdeps.exe","23648"
"C:\Program Files\Tableau\Tableau 2026.2\bin\jre\bin\jdwp.dll","229984"
"C:\Program Files\Tableau\Tableau 2026.2\bin\jre\bin\jfr.exe","23648"
"C:\Program Files\Tableau\Tableau 2026.2\bin\jre\bin\jimage.dll","33376"
"C:\Program Files\Tableau\Tableau 2026.2\bin\jre\bin\jimage.exe","23648"
"C:\Program Files\Tableau\Tableau 2026.2\bin\jre\bin\jinfo.exe","23640"
"C:\Program Files\Tableau\Tableau 2026.2\bin\jre\bin\jli.dll","92256"
"C:\Program Files\Tableau\Tableau 2026.2\bin\jre\bin\jlink.exe","23648"
"C:\Program Files\Tableau\Tableau 2026.2\bin\jre\bin\jmap.exe","23648"
"C:\Program Files\Tableau\Tableau 2026.2\bin\jre\bin\jmod.exe","23648"
"C:\Program Files\Tableau\Tableau 2026.2\bin\jre\bin\jpackage.dll","132704"
"C:\Program Files\Tableau\Tableau 2026.2\bin\jre\bin\jpackage.exe","23648"
"C:\Program Files\Tableau\Tableau 2026.2\bin\jre\bin\jps.exe","23648"
"C:\Program Files\Tableau\Tableau 2026.2\bin\jre\bin\jrunscript.exe","23648"
"C:\Program Files\Tableau\Tableau 2026.2\bin\jre\bin\jshell.exe","23648"
"C:\Program Files\Tableau\Tableau 2026.2\bin\jre\bin\jsound.dll","61536"
"C:\Program Files\Tableau\Tableau 2026.2\bin\jre\bin\jstack.exe","23648"
"C:\Program Files\Tableau\Tableau 2026.2\bin\jre\bin\jstat.exe","23648"
"C:\Program Files\Tableau\Tableau 2026.2\bin\jre\bin\jstatd.exe","23648"
"C:\Program Files\Tableau\Tableau 2026.2\bin\jre\bin\jsvml.dll","869984"
"C:\Program Files\Tableau\Tableau 2026.2\bin\jre\bin\keytool.exe","23648"
"C:\Program Files\Tableau\Tableau 2026.2\bin\jre\bin\kinit.exe","23648"
"C:\Program Files\Tableau\Tableau 2026.2\bin\jre\bin\klist.exe","23648"
"C:\Program Files\Tableau\Tableau 2026.2\bin\jre\bin\ktab.exe","23648"
"C:\Program Files\Tableau\Tableau 2026.2\bin\jre\bin\lcms.dll","258144"
"C:\Program Files\Tableau\Tableau 2026.2\bin\jre\bin\le.dll","34912"
"C:\Program Files\Tableau\Tableau 2026.2\bin\jre\bin\management.dll","28768"
"C:\Program Files\Tableau\Tableau 2026.2\bin\jre\bin\management_agent.dll","24160"
"C:\Program Files\Tableau\Tableau 2026.2\bin\jre\bin\management_ext.dll","35936"
"C:\Program Files\Tableau\Tableau 2026.2\bin\jre\bin\mlib_image.dll","511584"
"C:\Program Files\Tableau\Tableau 2026.2\bin\jre\bin\msvcp140.dll","575056"
"C:\Program Files\Tableau\Tableau 2026.2\bin\jre\bin\net.dll","96864"
"C:\Program Files\Tableau\Tableau 2026.2\bin\jre\bin\nio.dll","79968"
"C:\Program Files\Tableau\Tableau 2026.2\bin\jre\bin\prefs.dll","25696"
"C:\Program Files\Tableau\Tableau 2026.2\bin\jre\bin\rmi.dll","21088"
"C:\Program Files\Tableau\Tableau 2026.2\bin\jre\bin\rmiregistry.exe","23648"
"C:\Program Files\Tableau\Tableau 2026.2\bin\jre\bin\serialver.exe","23648"
"C:\Program Files\Tableau\Tableau 2026.2\bin\jre\bin\splashscreen.dll","216160"
"C:\Program Files\Tableau\Tableau 2026.2\bin\jre\bin\sspi_bridge.dll","44640"
"C:\Program Files\Tableau\Tableau 2026.2\bin\jre\bin\sunmscapi.dll","47712"
"C:\Program Files\Tableau\Tableau 2026.2\bin\jre\bin\ucrtbase.dll","1357256"
"C:\Program Files\Tableau\Tableau 2026.2\bin\jre\bin\vcruntime140.dll","119888"
"C:\Program Files\Tableau\Tableau 2026.2\bin\jre\bin\vcruntime140_1.dll","49640"
"C:\Program Files\Tableau\Tableau 2026.2\bin\jre\bin\verify.dll","54880"
"C:\Program Files\Tableau\Tableau 2026.2\bin\jre\bin\w2k_lsa_auth.dll","31328"
"C:\Program Files\Tableau\Tableau 2026.2\bin\jre\bin\windowsaccessbridge-64.dll","72288"
"C:\Program Files\Tableau\Tableau 2026.2\bin\jre\bin\WinFallbackLookup.dll","27744"
"C:\Program Files\Tableau\Tableau 2026.2\bin\jre\bin\zip.dll","89184"
"C:\Program Files\Tableau\Tableau 2026.2\bin\jre\bin\server\classes.jsa","12648448"
"C:\Program Files\Tableau\Tableau 2026.2\bin\jre\bin\server\classes_nocoops.jsa","12648448"
"C:\Program Files\Tableau\Tableau 2026.2\bin\jre\bin\server\jvm.dll","11928672"
"C:\Program Files\Tableau\Tableau 2026.2\bin\jre\conf\logging.properties","2732"
"C:\Program Files\Tableau\Tableau 2026.2\bin\jre\conf\net.properties","7504"
"C:\Program Files\Tableau\Tableau 2026.2\bin\jre\conf\sound.properties","1210"
"C:\Program Files\Tableau\Tableau 2026.2\bin\jre\conf\management\jmxremote.access","3997"
"C:\Program Files\Tableau\Tableau 2026.2\bin\jre\conf\management\jmxremote.password.template","5690"
"C:\Program Files\Tableau\Tableau 2026.2\bin\jre\conf\management\management.properties","14410"
"C:\Program Files\Tableau\Tableau 2026.2\bin\jre\conf\security\java.policy","2293"
"C:\Program Files\Tableau\Tableau 2026.2\bin\jre\conf\security\java.security","66707"
"C:\Program Files\Tableau\Tableau 2026.2\bin\jre\conf\security\policy\README.txt","2390"
"C:\Program Files\Tableau\Tableau 2026.2\bin\jre\conf\security\policy\limited\default_local.policy","647"
"C:\Program Files\Tableau\Tableau 2026.2\bin\jre\conf\security\policy\limited\default_US_export.policy","146"
"C:\Program Files\Tableau\Tableau 2026.2\bin\jre\conf\security\policy\limited\exempt_local.policy","566"
"C:\Program Files\Tableau\Tableau 2026.2\bin\jre\conf\security\policy\unlimited\default_local.policy","193"
"C:\Program Files\Tableau\Tableau 2026.2\bin\jre\conf\security\policy\unlimited\default_US_export.policy","146"
"C:\Program Files\Tableau\Tableau 2026.2\bin\jre\legal\com.azul.crs.client\ADDITIONAL_LICENSE_INFO","49"
"C:\Program Files\Tableau\Tableau 2026.2\bin\jre\legal\com.azul.crs.client\ASSEMBLY_EXCEPTION","44"
"C:\Program Files\Tableau\Tableau 2026.2\bin\jre\legal\com.azul.crs.client\CLASSPATH_EXCEPTION_NOTE","50"
"C:\Program Files\Tableau\Tableau 2026.2\bin\jre\legal\com.azul.crs.client\crs-asm.md","1578"
"C:\Program Files\Tableau\Tableau 2026.2\bin\jre\legal\com.azul.crs.client\LICENSE","33"
"C:\Program Files\Tableau\Tableau 2026.2\bin\jre\legal\com.azul.tooling\ADDITIONAL_LICENSE_INFO","49"
"C:\Program Files\Tableau\Tableau 2026.2\bin\jre\legal\com.azul.tooling\ASSEMBLY_EXCEPTION","44"
"C:\Program Files\Tableau\Tableau 2026.2\bin\jre\legal\com.azul.tooling\CLASSPATH_EXCEPTION_NOTE","50"
"C:\Program Files\Tableau\Tableau 2026.2\bin\jre\legal\com.azul.tooling\LICENSE","33"
"C:\Program Files\Tableau\Tableau 2026.2\bin\jre\legal\java.base\ADDITIONAL_LICENSE_INFO","2114"
"C:\Program Files\Tableau\Tableau 2026.2\bin\jre\legal\java.base\aes.md","1444"
"C:\Program Files\Tableau\Tableau 2026.2\bin\jre\legal\java.base\asm.md","1584"
"C:\Program Files\Tableau\Tableau 2026.2\bin\jre\legal\java.base\ASSEMBLY_EXCEPTION","1522"
"C:\Program Files\Tableau\Tableau 2026.2\bin\jre\legal\java.base\c-libutl.md","1556"
"C:\Program Files\Tableau\Tableau 2026.2\bin\jre\legal\java.base\CLASSPATH_EXCEPTION_NOTE","551"
"C:\Program Files\Tableau\Tableau 2026.2\bin\jre\legal\java.base\cldr.md","9130"
"C:\Program Files\Tableau\Tableau 2026.2\bin\jre\legal\java.base\icu.md","11086"
"C:\Program Files\Tableau\Tableau 2026.2\bin\jre\legal\java.base\LICENSE","19274"
"C:\Program Files\Tableau\Tableau 2026.2\bin\jre\legal\java.base\public_suffix.md","17785"
"C:\Program Files\Tableau\Tableau 2026.2\bin\jre\legal\java.base\siphash.md","8256"
"C:\Program Files\Tableau\Tableau 2026.2\bin\jre\legal\java.base\unicode.md","2384"
"C:\Program Files\Tableau\Tableau 2026.2\bin\jre\legal\java.base\wepoll.md","1454"
"C:\Program Files\Tableau\Tableau 2026.2\bin\jre\legal\java.base\zlib.md","1010"
"C:\Program Files\Tableau\Tableau 2026.2\bin\jre\legal\java.compiler\ADDITIONAL_LICENSE_INFO","49"
"C:\Program Files\Tableau\Tableau 2026.2\bin\jre\legal\java.compiler\ASSEMBLY_EXCEPTION","44"
"C:\Program Files\Tableau\Tableau 2026.2\bin\jre\legal\java.compiler\CLASSPATH_EXCEPTION_NOTE","50"
"C:\Program Files\Tableau\Tableau 2026.2\bin\jre\legal\java.compiler\LICENSE","33"
"C:\Program Files\Tableau\Tableau 2026.2\bin\jre\legal\java.datatransfer\ADDITIONAL_LICENSE_INFO","49"
"C:\Program Files\Tableau\Tableau 2026.2\bin\jre\legal\java.datatransfer\ASSEMBLY_EXCEPTION","44"
"C:\Program Files\Tableau\Tableau 2026.2\bin\jre\legal\java.datatransfer\CLASSPATH_EXCEPTION_NOTE","50"
"C:\Program Files\Tableau\Tableau 2026.2\bin\jre\legal\java.datatransfer\LICENSE","33"
"C:\Program Files\Tableau\Tableau 2026.2\bin\jre\legal\java.desktop\ADDITIONAL_LICENSE_INFO","49"
"C:\Program Files\Tableau\Tableau 2026.2\bin\jre\legal\java.desktop\ASSEMBLY_EXCEPTION","44"
"C:\Program Files\Tableau\Tableau 2026.2\bin\jre\legal\java.desktop\CLASSPATH_EXCEPTION_NOTE","50"
"C:\Program Files\Tableau\Tableau 2026.2\bin\jre\legal\java.desktop\colorimaging.md","741"
"C:\Program Files\Tableau\Tableau 2026.2\bin\jre\legal\java.desktop\freetype.md","30460"
"C:\Program Files\Tableau\Tableau 2026.2\bin\jre\legal\java.desktop\giflib.md","1646"
"C:\Program Files\Tableau\Tableau 2026.2\bin\jre\legal\java.desktop\harfbuzz.md","3628"
"C:\Program Files\Tableau\Tableau 2026.2\bin\jre\legal\java.desktop\jpeg.md","3475"
"C:\Program Files\Tableau\Tableau 2026.2\bin\jre\legal\java.desktop\lcms.md","2641"
"C:\Program Files\Tableau\Tableau 2026.2\bin\jre\legal\java.desktop\libpng.md","7419"
"C:\Program Files\Tableau\Tableau 2026.2\bin\jre\legal\java.desktop\LICENSE","33"
"C:\Program Files\Tableau\Tableau 2026.2\bin\jre\legal\java.desktop\mesa3d.md","5732"
"C:\Program Files\Tableau\Tableau 2026.2\bin\jre\legal\java.instrument\ADDITIONAL_LICENSE_INFO","49"
"C:\Program Files\Tableau\Tableau 2026.2\bin\jre\legal\java.instrument\ASSEMBLY_EXCEPTION","44"
"C:\Program Files\Tableau\Tableau 2026.2\bin\jre\legal\java.instrument\CLASSPATH_EXCEPTION_NOTE","50"
"C:\Program Files\Tableau\Tableau 2026.2\bin\jre\legal\java.instrument\LICENSE","33"
"C:\Program Files\Tableau\Tableau 2026.2\bin\jre\legal\java.logging\ADDITIONAL_LICENSE_INFO","49"
"C:\Program Files\Tableau\Tableau 2026.2\bin\jre\legal\java.logging\ASSEMBLY_EXCEPTION","44"
"C:\Program Files\Tableau\Tableau 2026.2\bin\jre\legal\java.logging\CLASSPATH_EXCEPTION_NOTE","50"
"C:\Program Files\Tableau\Tableau 2026.2\bin\jre\legal\java.logging\LICENSE","33"
"C:\Program Files\Tableau\Tableau 2026.2\bin\jre\legal\java.management\ADDITIONAL_LICENSE_INFO","49"
"C:\Program Files\Tableau\Tableau 2026.2\bin\jre\legal\java.management\ASSEMBLY_EXCEPTION","44"
"C:\Program Files\Tableau\Tableau 2026.2\bin\jre\legal\java.management\CLASSPATH_EXCEPTION_NOTE","50"
"C:\Program Files\Tableau\Tableau 2026.2\bin\jre\legal\java.management\LICENSE","33"
"C:\Program Files\Tableau\Tableau 2026.2\bin\jre\legal\java.management.rmi\ADDITIONAL_LICENSE_INFO","49"
"C:\Program Files\Tableau\Tableau 2026.2\bin\jre\legal\java.management.rmi\ASSEMBLY_EXCEPTION","44"
"C:\Program Files\Tableau\Tableau 2026.2\bin\jre\legal\java.management.rmi\CLASSPATH_EXCEPTION_NOTE","50"
"C:\Program Files\Tableau\Tableau 2026.2\bin\jre\legal\java.management.rmi\LICENSE","33"
"C:\Program Files\Tableau\Tableau 2026.2\bin\jre\legal\java.naming\ADDITIONAL_LICENSE_INFO","49"
"C:\Program Files\Tableau\Tableau 2026.2\bin\jre\legal\java.naming\ASSEMBLY_EXCEPTION","44"
"C:\Program Files\Tableau\Tableau 2026.2\bin\jre\legal\java.naming\CLASSPATH_EXCEPTION_NOTE","50"
"C:\Program Files\Tableau\Tableau 2026.2\bin\jre\legal\java.naming\LICENSE","33"
"C:\Program Files\Tableau\Tableau 2026.2\bin\jre\legal\java.net.http\ADDITIONAL_LICENSE_INFO","49"
"C:\Program Files\Tableau\Tableau 2026.2\bin\jre\legal\java.net.http\ASSEMBLY_EXCEPTION","44"
"C:\Program Files\Tableau\Tableau 2026.2\bin\jre\legal\java.net.http\CLASSPATH_EXCEPTION_NOTE","50"
"C:\Program Files\Tableau\Tableau 2026.2\bin\jre\legal\java.net.http\LICENSE","33"
"C:\Program Files\Tableau\Tableau 2026.2\bin\jre\legal\java.prefs\ADDITIONAL_LICENSE_INFO","49"
"C:\Program Files\Tableau\Tableau 2026.2\bin\jre\legal\java.prefs\ASSEMBLY_EXCEPTION","44"
"C:\Program Files\Tableau\Tableau 2026.2\bin\jre\legal\java.prefs\CLASSPATH_EXCEPTION_NOTE","50"
"C:\Program Files\Tableau\Tableau 2026.2\bin\jre\legal\java.prefs\LICENSE","33"
"C:\Program Files\Tableau\Tableau 2026.2\bin\jre\legal\java.rmi\ADDITIONAL_LICENSE_INFO","49"
"C:\Program Files\Tableau\Tableau 2026.2\bin\jre\legal\java.rmi\ASSEMBLY_EXCEPTION","44"
"C:\Program Files\Tableau\Tableau 2026.2\bin\jre\legal\java.rmi\CLASSPATH_EXCEPTION_NOTE","50"
"C:\Program Files\Tableau\Tableau 2026.2\bin\jre\legal\java.rmi\LICENSE","33"
"C:\Program Files\Tableau\Tableau 2026.2\bin\jre\legal\java.scripting\ADDITIONAL_LICENSE_INFO","49"
"C:\Program Files\Tableau\Tableau 2026.2\bin\jre\legal\java.scripting\ASSEMBLY_EXCEPTION","44"
"C:\Program Files\Tableau\Tableau 2026.2\bin\jre\legal\java.scripting\CLASSPATH_EXCEPTION_NOTE","50"
"C:\Program Files\Tableau\Tableau 2026.2\bin\jre\legal\java.scripting\LICENSE","33"
"C:\Program Files\Tableau\Tableau 2026.2\bin\jre\legal\java.se\ADDITIONAL_LICENSE_INFO","49"
"C:\Program Files\Tableau\Tableau 2026.2\bin\jre\legal\java.se\ASSEMBLY_EXCEPTION","44"
"C:\Program Files\Tableau\Tableau 2026.2\bin\jre\legal\java.se\CLASSPATH_EXCEPTION_NOTE","50"
"C:\Program Files\Tableau\Tableau 2026.2\bin\jre\legal\java.se\LICENSE","33"
"C:\Program Files\Tableau\Tableau 2026.2\bin\jre\legal\java.security.jgss\ADDITIONAL_LICENSE_INFO","49"
"C:\Program Files\Tableau\Tableau 2026.2\bin\jre\legal\java.security.jgss\ASSEMBLY_EXCEPTION","44"
"C:\Program Files\Tableau\Tableau 2026.2\bin\jre\legal\java.security.jgss\CLASSPATH_EXCEPTION_NOTE","50"
"C:\Program Files\Tableau\Tableau 2026.2\bin\jre\legal\java.security.jgss\LICENSE","33"
"C:\Program Files\Tableau\Tableau 2026.2\bin\jre\legal\java.security.sasl\ADDITIONAL_LICENSE_INFO","49"
"C:\Program Files\Tableau\Tableau 2026.2\bin\jre\legal\java.security.sasl\ASSEMBLY_EXCEPTION","44"
"C:\Program Files\Tableau\Tableau 2026.2\bin\jre\legal\java.security.sasl\CLASSPATH_EXCEPTION_NOTE","50"
"C:\Program Files\Tableau\Tableau 2026.2\bin\jre\legal\java.security.sasl\LICENSE","33"
"C:\Program Files\Tableau\Tableau 2026.2\bin\jre\legal\java.smartcardio\ADDITIONAL_LICENSE_INFO","49"
"C:\Program Files\Tableau\Tableau 2026.2\bin\jre\legal\java.smartcardio\ASSEMBLY_EXCEPTION","44"
"C:\Program Files\Tableau\Tableau 2026.2\bin\jre\legal\java.smartcardio\CLASSPATH_EXCEPTION_NOTE","50"
"C:\Program Files\Tableau\Tableau 2026.2\bin\jre\legal\java.smartcardio\LICENSE","33"
"C:\Program Files\Tableau\Tableau 2026.2\bin\jre\legal\java.sql\ADDITIONAL_LICENSE_INFO","49"
"C:\Program Files\Tableau\Tableau 2026.2\bin\jre\legal\java.sql\ASSEMBLY_EXCEPTION","44"
"C:\Program Files\Tableau\Tableau 2026.2\bin\jre\legal\java.sql\CLASSPATH_EXCEPTION_NOTE","50"
"C:\Program Files\Tableau\Tableau 2026.2\bin\jre\legal\java.sql\LICENSE","33"
"C:\Program Files\Tableau\Tableau 2026.2\bin\jre\legal\java.sql.rowset\ADDITIONAL_LICENSE_INFO","49"
"C:\Program Files\Tableau\Tableau 2026.2\bin\jre\legal\java.sql.rowset\ASSEMBLY_EXCEPTION","44"
"C:\Program Files\Tableau\Tableau 2026.2\bin\jre\legal\java.sql.rowset\CLASSPATH_EXCEPTION_NOTE","50"
"C:\Program Files\Tableau\Tableau 2026.2\bin\jre\legal\java.sql.rowset\LICENSE","33"
"C:\Program Files\Tableau\Tableau 2026.2\bin\jre\legal\java.transaction.xa\ADDITIONAL_LICENSE_INFO","49"
"C:\Program Files\Tableau\Tableau 2026.2\bin\jre\legal\java.transaction.xa\ASSEMBLY_EXCEPTION","44"
"C:\Program Files\Tableau\Tableau 2026.2\bin\jre\legal\java.transaction.xa\CLASSPATH_EXCEPTION_NOTE","50"
"C:\Program Files\Tableau\Tableau 2026.2\bin\jre\legal\java.transaction.xa\LICENSE","33"
"C:\Program Files\Tableau\Tableau 2026.2\bin\jre\legal\java.xml\ADDITIONAL_LICENSE_INFO","49"
"C:\Program Files\Tableau\Tableau 2026.2\bin\jre\legal\java.xml\ASSEMBLY_EXCEPTION","44"
"C:\Program Files\Tableau\Tableau 2026.2\bin\jre\legal\java.xml\bcel.md","11195"
"C:\Program Files\Tableau\Tableau 2026.2\bin\jre\legal\java.xml\CLASSPATH_EXCEPTION_NOTE","50"
"C:\Program Files\Tableau\Tableau 2026.2\bin\jre\legal\java.xml\dom.md","3761"
"C:\Program Files\Tableau\Tableau 2026.2\bin\jre\legal\java.xml\jcup.md","1448"
"C:\Program Files\Tableau\Tableau 2026.2\bin\jre\legal\java.xml\LICENSE","33"
"C:\Program Files\Tableau\Tableau 2026.2\bin\jre\legal\java.xml\xalan.md","13494"
"C:\Program Files\Tableau\Tableau 2026.2\bin\jre\legal\java.xml\xerces.md","11852"
"C:\Program Files\Tableau\Tableau 2026.2\bin\jre\legal\java.xml.crypto\ADDITIONAL_LICENSE_INFO","49"
"C:\Program Files\Tableau\Tableau 2026.2\bin\jre\legal\java.xml.crypto\ASSEMBLY_EXCEPTION","44"
"C:\Program Files\Tableau\Tableau 2026.2\bin\jre\legal\java.xml.crypto\CLASSPATH_EXCEPTION_NOTE","50"
"C:\Program Files\Tableau\Tableau 2026.2\bin\jre\legal\java.xml.crypto\LICENSE","33"
"C:\Program Files\Tableau\Tableau 2026.2\bin\jre\legal\java.xml.crypto\santuario.md","11505"
"C:\Program Files\Tableau\Tableau 2026.2\bin\jre\legal\jdk.accessibility\ADDITIONAL_LICENSE_INFO","49"
"C:\Program Files\Tableau\Tableau 2026.2\bin\jre\legal\jdk.accessibility\ASSEMBLY_EXCEPTION","44"
"C:\Program Files\Tableau\Tableau 2026.2\bin\jre\legal\jdk.accessibility\CLASSPATH_EXCEPTION_NOTE","50"
"C:\Program Files\Tableau\Tableau 2026.2\bin\jre\legal\jdk.accessibility\LICENSE","33"
"C:\Program Files\Tableau\Tableau 2026.2\bin\jre\legal\jdk.attach\ADDITIONAL_LICENSE_INFO","49"
"C:\Program Files\Tableau\Tableau 2026.2\bin\jre\legal\jdk.attach\ASSEMBLY_EXCEPTION","44"
"C:\Program Files\Tableau\Tableau 2026.2\bin\jre\legal\jdk.attach\CLASSPATH_EXCEPTION_NOTE","50"
"C:\Program Files\Tableau\Tableau 2026.2\bin\jre\legal\jdk.attach\LICENSE","33"
"C:\Program Files\Tableau\Tableau 2026.2\bin\jre\legal\jdk.charsets\ADDITIONAL_LICENSE_INFO","49"
"C:\Program Files\Tableau\Tableau 2026.2\bin\jre\legal\jdk.charsets\ASSEMBLY_EXCEPTION","44"
"C:\Program Files\Tableau\Tableau 2026.2\bin\jre\legal\jdk.charsets\CLASSPATH_EXCEPTION_NOTE","50"
"C:\Program Files\Tableau\Tableau 2026.2\bin\jre\legal\jdk.charsets\LICENSE","33"
"C:\Program Files\Tableau\Tableau 2026.2\bin\jre\legal\jdk.compiler\ADDITIONAL_LICENSE_INFO","49"
"C:\Program Files\Tableau\Tableau 2026.2\bin\jre\legal\jdk.compiler\ASSEMBLY_EXCEPTION","44"
"C:\Program Files\Tableau\Tableau 2026.2\bin\jre\legal\jdk.compiler\CLASSPATH_EXCEPTION_NOTE","50"
"C:\Program Files\Tableau\Tableau 2026.2\bin\jre\legal\jdk.compiler\LICENSE","33"
"C:\Program Files\Tableau\Tableau 2026.2\bin\jre\legal\jdk.crypto.cryptoki\ADDITIONAL_LICENSE_INFO","49"
"C:\Program Files\Tableau\Tableau 2026.2\bin\jre\legal\jdk.crypto.cryptoki\ASSEMBLY_EXCEPTION","44"
"C:\Program Files\Tableau\Tableau 2026.2\bin\jre\legal\jdk.crypto.cryptoki\CLASSPATH_EXCEPTION_NOTE","50"
"C:\Program Files\Tableau\Tableau 2026.2\bin\jre\legal\jdk.crypto.cryptoki\LICENSE","33"
"C:\Program Files\Tableau\Tableau 2026.2\bin\jre\legal\jdk.crypto.cryptoki\pkcs11cryptotoken.md","4095"
"C:\Program Files\Tableau\Tableau 2026.2\bin\jre\legal\jdk.crypto.cryptoki\pkcs11wrapper.md","2131"
"C:\Program Files\Tableau\Tableau 2026.2\bin\jre\legal\jdk.crypto.ec\ADDITIONAL_LICENSE_INFO","49"
"C:\Program Files\Tableau\Tableau 2026.2\bin\jre\legal\jdk.crypto.ec\ASSEMBLY_EXCEPTION","44"
"C:\Program Files\Tableau\Tableau 2026.2\bin\jre\legal\jdk.crypto.ec\CLASSPATH_EXCEPTION_NOTE","50"
"C:\Program Files\Tableau\Tableau 2026.2\bin\jre\legal\jdk.crypto.ec\LICENSE","33"
"C:\Program Files\Tableau\Tableau 2026.2\bin\jre\legal\jdk.crypto.mscapi\ADDITIONAL_LICENSE_INFO","49"
"C:\Program Files\Tableau\Tableau 2026.2\bin\jre\legal\jdk.crypto.mscapi\ASSEMBLY_EXCEPTION","44"
"C:\Program Files\Tableau\Tableau 2026.2\bin\jre\legal\jdk.crypto.mscapi\CLASSPATH_EXCEPTION_NOTE","50"
"C:\Program Files\Tableau\Tableau 2026.2\bin\jre\legal\jdk.crypto.mscapi\LICENSE","33"
"C:\Program Files\Tableau\Tableau 2026.2\bin\jre\legal\jdk.dynalink\ADDITIONAL_LICENSE_INFO","49"
"C:\Program Files\Tableau\Tableau 2026.2\bin\jre\legal\jdk.dynalink\ASSEMBLY_EXCEPTION","44"
"C:\Program Files\Tableau\Tableau 2026.2\bin\jre\legal\jdk.dynalink\CLASSPATH_EXCEPTION_NOTE","50"
"C:\Program Files\Tableau\Tableau 2026.2\bin\jre\legal\jdk.dynalink\dynalink.md","1502"
"C:\Program Files\Tableau\Tableau 2026.2\bin\jre\legal\jdk.dynalink\LICENSE","33"
"C:\Program Files\Tableau\Tableau 2026.2\bin\jre\legal\jdk.editpad\ADDITIONAL_LICENSE_INFO","49"
"C:\Program Files\Tableau\Tableau 2026.2\bin\jre\legal\jdk.editpad\ASSEMBLY_EXCEPTION","44"
"C:\Program Files\Tableau\Tableau 2026.2\bin\jre\legal\jdk.editpad\CLASSPATH_EXCEPTION_NOTE","50"
"C:\Program Files\Tableau\Tableau 2026.2\bin\jre\legal\jdk.editpad\LICENSE","33"
"C:\Program Files\Tableau\Tableau 2026.2\bin\jre\legal\jdk.hsdis\ADDITIONAL_LICENSE_INFO","49"
"C:\Program Files\Tableau\Tableau 2026.2\bin\jre\legal\jdk.hsdis\ASSEMBLY_EXCEPTION","44"
"C:\Program Files\Tableau\Tableau 2026.2\bin\jre\legal\jdk.hsdis\capstone.md","8181"
"C:\Program Files\Tableau\Tableau 2026.2\bin\jre\legal\jdk.hsdis\CLASSPATH_EXCEPTION_NOTE","50"
"C:\Program Files\Tableau\Tableau 2026.2\bin\jre\legal\jdk.hsdis\hsdis.md","2191"
"C:\Program Files\Tableau\Tableau 2026.2\bin\jre\legal\jdk.hsdis\LICENSE","33"
"C:\Program Files\Tableau\Tableau 2026.2\bin\jre\legal\jdk.httpserver\ADDITIONAL_LICENSE_INFO","49"
"C:\Program Files\Tableau\Tableau 2026.2\bin\jre\legal\jdk.httpserver\ASSEMBLY_EXCEPTION","44"
"C:\Program Files\Tableau\Tableau 2026.2\bin\jre\legal\jdk.httpserver\CLASSPATH_EXCEPTION_NOTE","50"
"C:\Program Files\Tableau\Tableau 2026.2\bin\jre\legal\jdk.httpserver\LICENSE","33"
"C:\Program Files\Tableau\Tableau 2026.2\bin\jre\legal\jdk.incubator.foreign\ADDITIONAL_LICENSE_INFO","49"
"C:\Program Files\Tableau\Tableau 2026.2\bin\jre\legal\jdk.incubator.foreign\ASSEMBLY_EXCEPTION","44"
"C:\Program Files\Tableau\Tableau 2026.2\bin\jre\legal\jdk.incubator.foreign\CLASSPATH_EXCEPTION_NOTE","50"
"C:\Program Files\Tableau\Tableau 2026.2\bin\jre\legal\jdk.incubator.foreign\LICENSE","33"
"C:\Program Files\Tableau\Tableau 2026.2\bin\jre\legal\jdk.incubator.vector\ADDITIONAL_LICENSE_INFO","49"
"C:\Program Files\Tableau\Tableau 2026.2\bin\jre\legal\jdk.incubator.vector\ASSEMBLY_EXCEPTION","44"
"C:\Program Files\Tableau\Tableau 2026.2\bin\jre\legal\jdk.incubator.vector\CLASSPATH_EXCEPTION_NOTE","50"
"C:\Program Files\Tableau\Tableau 2026.2\bin\jre\legal\jdk.incubator.vector\LICENSE","33"
"C:\Program Files\Tableau\Tableau 2026.2\bin\jre\legal\jdk.internal.ed\ADDITIONAL_LICENSE_INFO","49"
"C:\Program Files\Tableau\Tableau 2026.2\bin\jre\legal\jdk.internal.ed\ASSEMBLY_EXCEPTION","44"
"C:\Program Files\Tableau\Tableau 2026.2\bin\jre\legal\jdk.internal.ed\CLASSPATH_EXCEPTION_NOTE","50"
"C:\Program Files\Tableau\Tableau 2026.2\bin\jre\legal\jdk.internal.ed\LICENSE","33"
"C:\Program Files\Tableau\Tableau 2026.2\bin\jre\legal\jdk.internal.jvmstat\ADDITIONAL_LICENSE_INFO","49"
"C:\Program Files\Tableau\Tableau 2026.2\bin\jre\legal\jdk.internal.jvmstat\ASSEMBLY_EXCEPTION","44"
"C:\Program Files\Tableau\Tableau 2026.2\bin\jre\legal\jdk.internal.jvmstat\CLASSPATH_EXCEPTION_NOTE","50"
"C:\Program Files\Tableau\Tableau 2026.2\bin\jre\legal\jdk.internal.jvmstat\LICENSE","33"
"C:\Program Files\Tableau\Tableau 2026.2\bin\jre\legal\jdk.internal.le\ADDITIONAL_LICENSE_INFO","49"
"C:\Program Files\Tableau\Tableau 2026.2\bin\jre\legal\jdk.internal.le\ASSEMBLY_EXCEPTION","44"
"C:\Program Files\Tableau\Tableau 2026.2\bin\jre\legal\jdk.internal.le\CLASSPATH_EXCEPTION_NOTE","50"
"C:\Program Files\Tableau\Tableau 2026.2\bin\jre\legal\jdk.internal.le\jline.md","1579"
"C:\Program Files\Tableau\Tableau 2026.2\bin\jre\legal\jdk.internal.le\LICENSE","33"
"C:\Program Files\Tableau\Tableau 2026.2\bin\jre\legal\jdk.internal.opt\ADDITIONAL_LICENSE_INFO","49"
"C:\Program Files\Tableau\Tableau 2026.2\bin\jre\legal\jdk.internal.opt\ASSEMBLY_EXCEPTION","44"
"C:\Program Files\Tableau\Tableau 2026.2\bin\jre\legal\jdk.internal.opt\CLASSPATH_EXCEPTION_NOTE","50"
"C:\Program Files\Tableau\Tableau 2026.2\bin\jre\legal\jdk.internal.opt\jopt-simple.md","1122"
"C:\Program Files\Tableau\Tableau 2026.2\bin\jre\legal\jdk.internal.opt\LICENSE","33"
"C:\Program Files\Tableau\Tableau 2026.2\bin\jre\legal\jdk.jartool\ADDITIONAL_LICENSE_INFO","49"
"C:\Program Files\Tableau\Tableau 2026.2\bin\jre\legal\jdk.jartool\ASSEMBLY_EXCEPTION","44"
"C:\Program Files\Tableau\Tableau 2026.2\bin\jre\legal\jdk.jartool\CLASSPATH_EXCEPTION_NOTE","50"
"C:\Program Files\Tableau\Tableau 2026.2\bin\jre\legal\jdk.jartool\LICENSE","33"
"C:\Program Files\Tableau\Tableau 2026.2\bin\jre\legal\jdk.javadoc\ADDITIONAL_LICENSE_INFO","49"
"C:\Program Files\Tableau\Tableau 2026.2\bin\jre\legal\jdk.javadoc\ASSEMBLY_EXCEPTION","44"
"C:\Program Files\Tableau\Tableau 2026.2\bin\jre\legal\jdk.javadoc\CLASSPATH_EXCEPTION_NOTE","50"
"C:\Program Files\Tableau\Tableau 2026.2\bin\jre\legal\jdk.javadoc\jquery.md","1157"
"C:\Program Files\Tableau\Tableau 2026.2\bin\jre\legal\jdk.javadoc\jqueryUI.md","1871"
"C:\Program Files\Tableau\Tableau 2026.2\bin\jre\legal\jdk.javadoc\LICENSE","33"
"C:\Program Files\Tableau\Tableau 2026.2\bin\jre\legal\jdk.jcmd\ADDITIONAL_LICENSE_INFO","49"
"C:\Program Files\Tableau\Tableau 2026.2\bin\jre\legal\jdk.jcmd\ASSEMBLY_EXCEPTION","44"
"C:\Program Files\Tableau\Tableau 2026.2\bin\jre\legal\jdk.jcmd\CLASSPATH_EXCEPTION_NOTE","50"
"C:\Program Files\Tableau\Tableau 2026.2\bin\jre\legal\jdk.jcmd\LICENSE","33"
"C:\Program Files\Tableau\Tableau 2026.2\bin\jre\legal\jdk.jconsole\ADDITIONAL_LICENSE_INFO","49"
"C:\Program Files\Tableau\Tableau 2026.2\bin\jre\legal\jdk.jconsole\ASSEMBLY_EXCEPTION","44"
"C:\Program Files\Tableau\Tableau 2026.2\bin\jre\legal\jdk.jconsole\CLASSPATH_EXCEPTION_NOTE","50"
"C:\Program Files\Tableau\Tableau 2026.2\bin\jre\legal\jdk.jconsole\LICENSE","33"
"C:\Program Files\Tableau\Tableau 2026.2\bin\jre\legal\jdk.jdeps\ADDITIONAL_LICENSE_INFO","49"
"C:\Program Files\Tableau\Tableau 2026.2\bin\jre\legal\jdk.jdeps\ASSEMBLY_EXCEPTION","44"
"C:\Program Files\Tableau\Tableau 2026.2\bin\jre\legal\jdk.jdeps\CLASSPATH_EXCEPTION_NOTE","50"
"C:\Program Files\Tableau\Tableau 2026.2\bin\jre\legal\jdk.jdeps\LICENSE","33"
"C:\Program Files\Tableau\Tableau 2026.2\bin\jre\legal\jdk.jdi\ADDITIONAL_LICENSE_INFO","49"
"C:\Program Files\Tableau\Tableau 2026.2\bin\jre\legal\jdk.jdi\ASSEMBLY_EXCEPTION","44"
"C:\Program Files\Tableau\Tableau 2026.2\bin\jre\legal\jdk.jdi\CLASSPATH_EXCEPTION_NOTE","50"
"C:\Program Files\Tableau\Tableau 2026.2\bin\jre\legal\jdk.jdi\LICENSE","33"
"C:\Program Files\Tableau\Tableau 2026.2\bin\jre\legal\jdk.jdwp.agent\ADDITIONAL_LICENSE_INFO","49"
"C:\Program Files\Tableau\Tableau 2026.2\bin\jre\legal\jdk.jdwp.agent\ASSEMBLY_EXCEPTION","44"
"C:\Program Files\Tableau\Tableau 2026.2\bin\jre\legal\jdk.jdwp.agent\CLASSPATH_EXCEPTION_NOTE","50"
"C:\Program Files\Tableau\Tableau 2026.2\bin\jre\legal\jdk.jdwp.agent\LICENSE","33"
"C:\Program Files\Tableau\Tableau 2026.2\bin\jre\legal\jdk.jfr\ADDITIONAL_LICENSE_INFO","49"
"C:\Program Files\Tableau\Tableau 2026.2\bin\jre\legal\jdk.jfr\ASSEMBLY_EXCEPTION","44"
"C:\Program Files\Tableau\Tableau 2026.2\bin\jre\legal\jdk.jfr\CLASSPATH_EXCEPTION_NOTE","50"
"C:\Program Files\Tableau\Tableau 2026.2\bin\jre\legal\jdk.jfr\LICENSE","33"
"C:\Program Files\Tableau\Tableau 2026.2\bin\jre\legal\jdk.jlink\ADDITIONAL_LICENSE_INFO","49"
"C:\Program Files\Tableau\Tableau 2026.2\bin\jre\legal\jdk.jlink\ASSEMBLY_EXCEPTION","44"
"C:\Program Files\Tableau\Tableau 2026.2\bin\jre\legal\jdk.jlink\CLASSPATH_EXCEPTION_NOTE","50"
"C:\Program Files\Tableau\Tableau 2026.2\bin\jre\legal\jdk.jlink\LICENSE","33"
"C:\Program Files\Tableau\Tableau 2026.2\bin\jre\legal\jdk.jpackage\ADDITIONAL_LICENSE_INFO","49"
"C:\Program Files\Tableau\Tableau 2026.2\bin\jre\legal\jdk.jpackage\ASSEMBLY_EXCEPTION","44"
"C:\Program Files\Tableau\Tableau 2026.2\bin\jre\legal\jdk.jpackage\CLASSPATH_EXCEPTION_NOTE","50"
"C:\Program Files\Tableau\Tableau 2026.2\bin\jre\legal\jdk.jpackage\LICENSE","33"
"C:\Program Files\Tableau\Tableau 2026.2\bin\jre\legal\jdk.jshell\ADDITIONAL_LICENSE_INFO","49"
"C:\Program Files\Tableau\Tableau 2026.2\bin\jre\legal\jdk.jshell\ASSEMBLY_EXCEPTION","44"
"C:\Program Files\Tableau\Tableau 2026.2\bin\jre\legal\jdk.jshell\CLASSPATH_EXCEPTION_NOTE","50"
"C:\Program Files\Tableau\Tableau 2026.2\bin\jre\legal\jdk.jshell\LICENSE","33"
"C:\Program Files\Tableau\Tableau 2026.2\bin\jre\legal\jdk.jsobject\ADDITIONAL_LICENSE_INFO","49"
"C:\Program Files\Tableau\Tableau 2026.2\bin\jre\legal\jdk.jsobject\ASSEMBLY_EXCEPTION","44"
"C:\Program Files\Tableau\Tableau 2026.2\bin\jre\legal\jdk.jsobject\CLASSPATH_EXCEPTION_NOTE","50"
"C:\Program Files\Tableau\Tableau 2026.2\bin\jre\legal\jdk.jsobject\LICENSE","33"
"C:\Program Files\Tableau\Tableau 2026.2\bin\jre\legal\jdk.jstatd\ADDITIONAL_LICENSE_INFO","49"
"C:\Program Files\Tableau\Tableau 2026.2\bin\jre\legal\jdk.jstatd\ASSEMBLY_EXCEPTION","44"
"C:\Program Files\Tableau\Tableau 2026.2\bin\jre\legal\jdk.jstatd\CLASSPATH_EXCEPTION_NOTE","50"
"C:\Program Files\Tableau\Tableau 2026.2\bin\jre\legal\jdk.jstatd\LICENSE","33"
"C:\Program Files\Tableau\Tableau 2026.2\bin\jre\legal\jdk.localedata\ADDITIONAL_LICENSE_INFO","49"
"C:\Program Files\Tableau\Tableau 2026.2\bin\jre\legal\jdk.localedata\ASSEMBLY_EXCEPTION","44"
"C:\Program Files\Tableau\Tableau 2026.2\bin\jre\legal\jdk.localedata\CLASSPATH_EXCEPTION_NOTE","50"
"C:\Program Files\Tableau\Tableau 2026.2\bin\jre\legal\jdk.localedata\cldr.md","33"
"C:\Program Files\Tableau\Tableau 2026.2\bin\jre\legal\jdk.localedata\LICENSE","33"
"C:\Program Files\Tableau\Tableau 2026.2\bin\jre\legal\jdk.localedata\thaidict.md","1346"
"C:\Program Files\Tableau\Tableau 2026.2\bin\jre\legal\jdk.management\ADDITIONAL_LICENSE_INFO","49"
"C:\Program Files\Tableau\Tableau 2026.2\bin\jre\legal\jdk.management\ASSEMBLY_EXCEPTION","44"
"C:\Program Files\Tableau\Tableau 2026.2\bin\jre\legal\jdk.management\CLASSPATH_EXCEPTION_NOTE","50"
"C:\Program Files\Tableau\Tableau 2026.2\bin\jre\legal\jdk.management\LICENSE","33"
"C:\Program Files\Tableau\Tableau 2026.2\bin\jre\legal\jdk.management.agent\ADDITIONAL_LICENSE_INFO","49"
"C:\Program Files\Tableau\Tableau 2026.2\bin\jre\legal\jdk.management.agent\ASSEMBLY_EXCEPTION","44"
"C:\Program Files\Tableau\Tableau 2026.2\bin\jre\legal\jdk.management.agent\CLASSPATH_EXCEPTION_NOTE","50"
"C:\Program Files\Tableau\Tableau 2026.2\bin\jre\legal\jdk.management.agent\LICENSE","33"
"C:\Program Files\Tableau\Tableau 2026.2\bin\jre\legal\jdk.management.jfr\ADDITIONAL_LICENSE_INFO","49"
"C:\Program Files\Tableau\Tableau 2026.2\bin\jre\legal\jdk.management.jfr\ASSEMBLY_EXCEPTION","44"
"C:\Program Files\Tableau\Tableau 2026.2\bin\jre\legal\jdk.management.jfr\CLASSPATH_EXCEPTION_NOTE","50"
"C:\Program Files\Tableau\Tableau 2026.2\bin\jre\legal\jdk.management.jfr\LICENSE","33"
"C:\Program Files\Tableau\Tableau 2026.2\bin\jre\legal\jdk.naming.dns\ADDITIONAL_LICENSE_INFO","49"
"C:\Program Files\Tableau\Tableau 2026.2\bin\jre\legal\jdk.naming.dns\ASSEMBLY_EXCEPTION","44"
"C:\Program Files\Tableau\Tableau 2026.2\bin\jre\legal\jdk.naming.dns\CLASSPATH_EXCEPTION_NOTE","50"
"C:\Program Files\Tableau\Tableau 2026.2\bin\jre\legal\jdk.naming.dns\LICENSE","33"
"C:\Program Files\Tableau\Tableau 2026.2\bin\jre\legal\jdk.naming.rmi\ADDITIONAL_LICENSE_INFO","49"
"C:\Program Files\Tableau\Tableau 2026.2\bin\jre\legal\jdk.naming.rmi\ASSEMBLY_EXCEPTION","44"
"C:\Program Files\Tableau\Tableau 2026.2\bin\jre\legal\jdk.naming.rmi\CLASSPATH_EXCEPTION_NOTE","50"
"C:\Program Files\Tableau\Tableau 2026.2\bin\jre\legal\jdk.naming.rmi\LICENSE","33"
"C:\Program Files\Tableau\Tableau 2026.2\bin\jre\legal\jdk.net\ADDITIONAL_LICENSE_INFO","49"
"C:\Program Files\Tableau\Tableau 2026.2\bin\jre\legal\jdk.net\ASSEMBLY_EXCEPTION","44"
"C:\Program Files\Tableau\Tableau 2026.2\bin\jre\legal\jdk.net\CLASSPATH_EXCEPTION_NOTE","50"
"C:\Program Files\Tableau\Tableau 2026.2\bin\jre\legal\jdk.net\LICENSE","33"
"C:\Program Files\Tableau\Tableau 2026.2\bin\jre\legal\jdk.nio.mapmode\ADDITIONAL_LICENSE_INFO","49"
"C:\Program Files\Tableau\Tableau 2026.2\bin\jre\legal\jdk.nio.mapmode\ASSEMBLY_EXCEPTION","44"
"C:\Program Files\Tableau\Tableau 2026.2\bin\jre\legal\jdk.nio.mapmode\CLASSPATH_EXCEPTION_NOTE","50"
"C:\Program Files\Tableau\Tableau 2026.2\bin\jre\legal\jdk.nio.mapmode\LICENSE","33"
"C:\Program Files\Tableau\Tableau 2026.2\bin\jre\legal\jdk.random\ADDITIONAL_LICENSE_INFO","49"
"C:\Program Files\Tableau\Tableau 2026.2\bin\jre\legal\jdk.random\ASSEMBLY_EXCEPTION","44"
"C:\Program Files\Tableau\Tableau 2026.2\bin\jre\legal\jdk.random\CLASSPATH_EXCEPTION_NOTE","50"
"C:\Program Files\Tableau\Tableau 2026.2\bin\jre\legal\jdk.random\LICENSE","33"
"C:\Program Files\Tableau\Tableau 2026.2\bin\jre\legal\jdk.sctp\ADDITIONAL_LICENSE_INFO","49"
"C:\Program Files\Tableau\Tableau 2026.2\bin\jre\legal\jdk.sctp\ASSEMBLY_EXCEPTION","44"
"C:\Program Files\Tableau\Tableau 2026.2\bin\jre\legal\jdk.sctp\CLASSPATH_EXCEPTION_NOTE","50"
"C:\Program Files\Tableau\Tableau 2026.2\bin\jre\legal\jdk.sctp\LICENSE","33"
"C:\Program Files\Tableau\Tableau 2026.2\bin\jre\legal\jdk.security.auth\ADDITIONAL_LICENSE_INFO","49"
"C:\Program Files\Tableau\Tableau 2026.2\bin\jre\legal\jdk.security.auth\ASSEMBLY_EXCEPTION","44"
"C:\Program Files\Tableau\Tableau 2026.2\bin\jre\legal\jdk.security.auth\CLASSPATH_EXCEPTION_NOTE","50"
"C:\Program Files\Tableau\Tableau 2026.2\bin\jre\legal\jdk.security.auth\LICENSE","33"
"C:\Program Files\Tableau\Tableau 2026.2\bin\jre\legal\jdk.security.jgss\ADDITIONAL_LICENSE_INFO","49"
"C:\Program Files\Tableau\Tableau 2026.2\bin\jre\legal\jdk.security.jgss\ASSEMBLY_EXCEPTION","44"
"C:\Program Files\Tableau\Tableau 2026.2\bin\jre\legal\jdk.security.jgss\CLASSPATH_EXCEPTION_NOTE","50"
"C:\Program Files\Tableau\Tableau 2026.2\bin\jre\legal\jdk.security.jgss\LICENSE","33"
"C:\Program Files\Tableau\Tableau 2026.2\bin\jre\legal\jdk.unsupported\ADDITIONAL_LICENSE_INFO","49"
"C:\Program Files\Tableau\Tableau 2026.2\bin\jre\legal\jdk.unsupported\ASSEMBLY_EXCEPTION","44"
"C:\Program Files\Tableau\Tableau 2026.2\bin\jre\legal\jdk.unsupported\CLASSPATH_EXCEPTION_NOTE","50"
"C:\Program Files\Tableau\Tableau 2026.2\bin\jre\legal\jdk.unsupported\LICENSE","33"
"C:\Program Files\Tableau\Tableau 2026.2\bin\jre\legal\jdk.unsupported.desktop\ADDITIONAL_LICENSE_INFO","49"
"C:\Program Files\Tableau\Tableau 2026.2\bin\jre\legal\jdk.unsupported.desktop\ASSEMBLY_EXCEPTION","44"
"C:\Program Files\Tableau\Tableau 2026.2\bin\jre\legal\jdk.unsupported.desktop\CLASSPATH_EXCEPTION_NOTE","50"
"C:\Program Files\Tableau\Tableau 2026.2\bin\jre\legal\jdk.unsupported.desktop\LICENSE","33"
"C:\Program Files\Tableau\Tableau 2026.2\bin\jre\legal\jdk.xml.dom\ADDITIONAL_LICENSE_INFO","49"
"C:\Program Files\Tableau\Tableau 2026.2\bin\jre\legal\jdk.xml.dom\ASSEMBLY_EXCEPTION","44"
"C:\Program Files\Tableau\Tableau 2026.2\bin\jre\legal\jdk.xml.dom\CLASSPATH_EXCEPTION_NOTE","50"
"C:\Program Files\Tableau\Tableau 2026.2\bin\jre\legal\jdk.xml.dom\LICENSE","33"
"C:\Program Files\Tableau\Tableau 2026.2\bin\jre\legal\jdk.zipfs\ADDITIONAL_LICENSE_INFO","49"
"C:\Program Files\Tableau\Tableau 2026.2\bin\jre\legal\jdk.zipfs\ASSEMBLY_EXCEPTION","44"
"C:\Program Files\Tableau\Tableau 2026.2\bin\jre\legal\jdk.zipfs\CLASSPATH_EXCEPTION_NOTE","50"
"C:\Program Files\Tableau\Tableau 2026.2\bin\jre\legal\jdk.zipfs\LICENSE","33"
"C:\Program Files\Tableau\Tableau 2026.2\bin\jre\lib\classlist","73164"
"C:\Program Files\Tableau\Tableau 2026.2\bin\jre\lib\ct.sym","8301513"
"C:\Program Files\Tableau\Tableau 2026.2\bin\jre\lib\fontconfig.bfc","4630"
"C:\Program Files\Tableau\Tableau 2026.2\bin\jre\lib\fontconfig.properties.src","12345"
"C:\Program Files\Tableau\Tableau 2026.2\bin\jre\lib\jawt.lib","1682"
"C:\Program Files\Tableau\Tableau 2026.2\bin\jre\lib\jrt-fs.jar","110519"
"C:\Program Files\Tableau\Tableau 2026.2\bin\jre\lib\jvm.cfg","29"
"C:\Program Files\Tableau\Tableau 2026.2\bin\jre\lib\jvm.lib","989638"
"C:\Program Files\Tableau\Tableau 2026.2\bin\jre\lib\modules","124705028"
"C:\Program Files\Tableau\Tableau 2026.2\bin\jre\lib\psfont.properties.ja","3793"
"C:\Program Files\Tableau\Tableau 2026.2\bin\jre\lib\psfontj2d.properties","11390"
"C:\Program Files\Tableau\Tableau 2026.2\bin\jre\lib\tzdb.dat","102820"
"C:\Program Files\Tableau\Tableau 2026.2\bin\jre\lib\tzmappings","22143"
"C:\Program Files\Tableau\Tableau 2026.2\bin\jre\lib\jfr\default.jfc","35918"
"C:\Program Files\Tableau\Tableau 2026.2\bin\jre\lib\jfr\profile.jfc","35871"
"C:\Program Files\Tableau\Tableau 2026.2\bin\jre\lib\security\blocked.certs","2527"
"C:\Program Files\Tableau\Tableau 2026.2\bin\jre\lib\security\cacerts","212120"
"C:\Program Files\Tableau\Tableau 2026.2\bin\jre\lib\security\default.policy","12507"
"C:\Program Files\Tableau\Tableau 2026.2\bin\jre\lib\security\public_suffix_list.dat","230382"
"C:\Program Files\Tableau\Tableau 2026.2\bin\plugins\imageformats\qgif.dll","46944"
"C:\Program Files\Tableau\Tableau 2026.2\bin\plugins\imageformats\qico.dll","45408"
"C:\Program Files\Tableau\Tableau 2026.2\bin\plugins\imageformats\qjpeg.dll","555872"
"C:\Program Files\Tableau\Tableau 2026.2\bin\plugins\imageformats\qsvg.dll","38240"
"C:\Program Files\Tableau\Tableau 2026.2\bin\plugins\imageformats\qtiff.dll","428896"
"C:\Program Files\Tableau\Tableau 2026.2\bin\plugins\imageformats\qwebp.dll","544096"
"C:\Program Files\Tableau\Tableau 2026.2\bin\plugins\platforms\qwindows.dll","864096"
"C:\Program Files\Tableau\Tableau 2026.2\bin\plugins\sqldrivers\qsqlite.dll","1680224"
"C:\Program Files\Tableau\Tableau 2026.2\bin\plugins\styles\qwindowsvistastyle.dll","141152"
"C:\Program Files\Tableau\Tableau 2026.2\bin\plugins\tls\qcertonlybackend.dll","97120"
"C:\Program Files\Tableau\Tableau 2026.2\bin\plugins\tls\qopensslbackend.dll","304992"
"C:\Program Files\Tableau\Tableau 2026.2\bin\plugins\tls\qschannelbackend.dll","217952"
"C:\Program Files\Tableau\Tableau 2026.2\bin\res\tablangres.rcc","27937622"
"C:\Program Files\Tableau\Tableau 2026.2\bin\res\de_DE\tablang.dll","612704"
"C:\Program Files\Tableau\Tableau 2026.2\bin\res\de_DE\tablangres.rcc","4360205"
"C:\Program Files\Tableau\Tableau 2026.2\bin\res\de_DE\tabres.dll","608608"
"C:\Program Files\Tableau\Tableau 2026.2\bin\res\en_GB\tablang.dll","740704"
"C:\Program Files\Tableau\Tableau 2026.2\bin\res\en_GB\tablangres.rcc","3880544"
"C:\Program Files\Tableau\Tableau 2026.2\bin\res\en_GB\tabres.dll","608608"
"C:\Program Files\Tableau\Tableau 2026.2\bin\res\es_ES\tablang.dll","612704"
"C:\Program Files\Tableau\Tableau 2026.2\bin\res\es_ES\tablangres.rcc","4242089"
"C:\Program Files\Tableau\Tableau 2026.2\bin\res\es_ES\tabres.dll","608608"
"C:\Program Files\Tableau\Tableau 2026.2\bin\res\fr_CA\tablang.dll","612704"
"C:\Program Files\Tableau\Tableau 2026.2\bin\res\fr_CA\tablangres.rcc","4285524"
"C:\Program Files\Tableau\Tableau 2026.2\bin\res\fr_CA\tabres.dll","608608"
"C:\Program Files\Tableau\Tableau 2026.2\bin\res\fr_FR\tablang.dll","613216"
"C:\Program Files\Tableau\Tableau 2026.2\bin\res\fr_FR\tablangres.rcc","4279956"
"C:\Program Files\Tableau\Tableau 2026.2\bin\res\fr_FR\tabres.dll","608608"
"C:\Program Files\Tableau\Tableau 2026.2\bin\res\it_IT\tablang.dll","723808"
"C:\Program Files\Tableau\Tableau 2026.2\bin\res\it_IT\tablangres.rcc","4239344"
"C:\Program Files\Tableau\Tableau 2026.2\bin\res\it_IT\tabres.dll","608608"
"C:\Program Files\Tableau\Tableau 2026.2\bin\res\ja_JP\tablang.dll","614240"
"C:\Program Files\Tableau\Tableau 2026.2\bin\res\ja_JP\tablangres.rcc","3770299"
"C:\Program Files\Tableau\Tableau 2026.2\bin\res\ja_JP\tabres.dll","608608"
"C:\Program Files\Tableau\Tableau 2026.2\bin\res\ko_KR\tablang.dll","612704"
"C:\Program Files\Tableau\Tableau 2026.2\bin\res\ko_KR\tablangres.rcc","3736064"
"C:\Program Files\Tableau\Tableau 2026.2\bin\res\ko_KR\tabres.dll","608608"
"C:\Program Files\Tableau\Tableau 2026.2\bin\res\nl_NL\tablang.dll","741216"
"C:\Program Files\Tableau\Tableau 2026.2\bin\res\nl_NL\tablangres.rcc","4242119"
"C:\Program Files\Tableau\Tableau 2026.2\bin\res\nl_NL\tabres.dll","608608"
"C:\Program Files\Tableau\Tableau 2026.2\bin\res\pt_BR\tablang.dll","612704"
"C:\Program Files\Tableau\Tableau 2026.2\bin\res\pt_BR\tablangres.rcc","4239069"
"C:\Program Files\Tableau\Tableau 2026.2\bin\res\pt_BR\tabres.dll","608608"
"C:\Program Files\Tableau\Tableau 2026.2\bin\res\sv_SE\tablang.dll","612192"
"C:\Program Files\Tableau\Tableau 2026.2\bin\res\sv_SE\tablangres.rcc","4150766"
"C:\Program Files\Tableau\Tableau 2026.2\bin\res\sv_SE\tabres.dll","608608"
"C:\Program Files\Tableau\Tableau 2026.2\bin\res\th_TH\tablang.dll","741216"
"C:\Program Files\Tableau\Tableau 2026.2\bin\res\th_TH\tablangres.rcc","4307804"
"C:\Program Files\Tableau\Tableau 2026.2\bin\res\th_TH\tabres.dll","608608"
"C:\Program Files\Tableau\Tableau 2026.2\bin\res\zh_CN\tablang.dll","612192"
"C:\Program Files\Tableau\Tableau 2026.2\bin\res\zh_CN\tablangres.rcc","3539570"
"C:\Program Files\Tableau\Tableau 2026.2\bin\res\zh_CN\tabres.dll","608608"
"C:\Program Files\Tableau\Tableau 2026.2\bin\res\zh_TW\tablang.dll","723296"
"C:\Program Files\Tableau\Tableau 2026.2\bin\res\zh_TW\tablangres.rcc","3527624"
"C:\Program Files\Tableau\Tableau 2026.2\bin\res\zh_TW\tabres.dll","608608"
"C:\Program Files\Tableau\Tableau 2026.2\bin\resources\icudtl.dat","10717680"
"C:\Program Files\Tableau\Tableau 2026.2\bin\resources\qtwebengine_devtools_resources.pak","9723911"
"C:\Program Files\Tableau\Tableau 2026.2\bin\resources\qtwebengine_resources.pak","2092545"
"C:\Program Files\Tableau\Tableau 2026.2\bin\resources\qtwebengine_resources_100p.pak","168805"
"C:\Program Files\Tableau\Tableau 2026.2\bin\resources\qtwebengine_resources_200p.pak","234913"
"C:\Program Files\Tableau\Tableau 2026.2\bin\resources\v8_context_snapshot.bin","679341"
"C:\Program Files\Tableau\Tableau 2026.2\bin\swiftshader\libEGL.dll","223072"
"C:\Program Files\Tableau\Tableau 2026.2\bin\swiftshader\libGLESv2.dll","38434144"
"C:\Program Files\Tableau\Tableau 2026.2\bin\translations\qtwebengine_locales\am.pak","781347"
"C:\Program Files\Tableau\Tableau 2026.2\bin\translations\qtwebengine_locales\ar.pak","855714"
"C:\Program Files\Tableau\Tableau 2026.2\bin\translations\qtwebengine_locales\bg.pak","889706"
"C:\Program Files\Tableau\Tableau 2026.2\bin\translations\qtwebengine_locales\bn.pak","1149788"
"C:\Program Files\Tableau\Tableau 2026.2\bin\translations\qtwebengine_locales\ca.pak","541847"
"C:\Program Files\Tableau\Tableau 2026.2\bin\translations\qtwebengine_locales\cs.pak","558626"
"C:\Program Files\Tableau\Tableau 2026.2\bin\translations\qtwebengine_locales\da.pak","504784"
"C:\Program Files\Tableau\Tableau 2026.2\bin\translations\qtwebengine_locales\de.pak","539108"
"C:\Program Files\Tableau\Tableau 2026.2\bin\translations\qtwebengine_locales\el.pak","976321"
"C:\Program Files\Tableau\Tableau 2026.2\bin\translations\qtwebengine_locales\en-GB.pak","439110"
"C:\Program Files\Tableau\Tableau 2026.2\bin\translations\qtwebengine_locales\en-US.pak","443577"
"C:\Program Files\Tableau\Tableau 2026.2\bin\translations\qtwebengine_locales\es-419.pak","533730"
"C:\Program Files\Tableau\Tableau 2026.2\bin\translations\qtwebengine_locales\es.pak","533760"
"C:\Program Files\Tableau\Tableau 2026.2\bin\translations\qtwebengine_locales\et.pak","484644"
"C:\Program Files\Tableau\Tableau 2026.2\bin\translations\qtwebengine_locales\fa.pak","793200"
"C:\Program Files\Tableau\Tableau 2026.2\bin\translations\qtwebengine_locales\fi.pak","494986"
"C:\Program Files\Tableau\Tableau 2026.2\bin\translations\qtwebengine_locales\fil.pak","560590"
"C:\Program Files\Tableau\Tableau 2026.2\bin\translations\qtwebengine_locales\fr.pak","577786"
"C:\Program Files\Tableau\Tableau 2026.2\bin\translations\qtwebengine_locales\gu.pak","1128186"
"C:\Program Files\Tableau\Tableau 2026.2\bin\translations\qtwebengine_locales\he.pak","695469"
"C:\Program Files\Tableau\Tableau 2026.2\bin\translations\qtwebengine_locales\hi.pak","1189447"
"C:\Program Files\Tableau\Tableau 2026.2\bin\translations\qtwebengine_locales\hr.pak","538998"
"C:\Program Files\Tableau\Tableau 2026.2\bin\translations\qtwebengine_locales\hu.pak","580195"
"C:\Program Files\Tableau\Tableau 2026.2\bin\translations\qtwebengine_locales\id.pak","478395"
"C:\Program Files\Tableau\Tableau 2026.2\bin\translations\qtwebengine_locales\it.pak","527438"
"C:\Program Files\Tableau\Tableau 2026.2\bin\translations\qtwebengine_locales\ja.pak","643253"
"C:\Program Files\Tableau\Tableau 2026.2\bin\translations\qtwebengine_locales\kn.pak","1293777"
"C:\Program Files\Tableau\Tableau 2026.2\bin\translations\qtwebengine_locales\ko.pak","544149"
"C:\Program Files\Tableau\Tableau 2026.2\bin\translations\qtwebengine_locales\lt.pak","584153"
"C:\Program Files\Tableau\Tableau 2026.2\bin\translations\qtwebengine_locales\lv.pak","582841"
"C:\Program Files\Tableau\Tableau 2026.2\bin\translations\qtwebengine_locales\ml.pak","1344838"
"C:\Program Files\Tableau\Tableau 2026.2\bin\translations\qtwebengine_locales\mr.pak","1104834"
"C:\Program Files\Tableau\Tableau 2026.2\bin\translations\qtwebengine_locales\ms.pak","501284"
"C:\Program Files\Tableau\Tableau 2026.2\bin\translations\qtwebengine_locales\nb.pak","486437"
"C:\Program Files\Tableau\Tableau 2026.2\bin\translations\qtwebengine_locales\nl.pak","501887"
"C:\Program Files\Tableau\Tableau 2026.2\bin\translations\qtwebengine_locales\pl.pak","560921"
"C:\Program Files\Tableau\Tableau 2026.2\bin\translations\qtwebengine_locales\pt-BR.pak","527380"
"C:\Program Files\Tableau\Tableau 2026.2\bin\translations\qtwebengine_locales\pt-PT.pak","530245"
"C:\Program Files\Tableau\Tableau 2026.2\bin\translations\qtwebengine_locales\ro.pak","550557"
"C:\Program Files\Tableau\Tableau 2026.2\bin\translations\qtwebengine_locales\ru.pak","901911"
"C:\Program Files\Tableau\Tableau 2026.2\bin\translations\qtwebengine_locales\sk.pak","567927"
"C:\Program Files\Tableau\Tableau 2026.2\bin\translations\qtwebengine_locales\sl.pak","544950"
"C:\Program Files\Tableau\Tableau 2026.2\bin\translations\qtwebengine_locales\sr.pak","838514"
"C:\Program Files\Tableau\Tableau 2026.2\bin\translations\qtwebengine_locales\sv.pak","489396"
"C:\Program Files\Tableau\Tableau 2026.2\bin\translations\qtwebengine_locales\sw.pak","515914"
"C:\Program Files\Tableau\Tableau 2026.2\bin\translations\qtwebengine_locales\ta.pak","1333751"
"C:\Program Files\Tableau\Tableau 2026.2\bin\translations\qtwebengine_locales\te.pak","1233862"
"C:\Program Files\Tableau\Tableau 2026.2\bin\translations\qtwebengine_locales\th.pak","1036052"
"C:\Program Files\Tableau\Tableau 2026.2\bin\translations\qtwebengine_locales\tr.pak","526301"
"C:\Program Files\Tableau\Tableau 2026.2\bin\translations\qtwebengine_locales\uk.pak","901304"
"C:\Program Files\Tableau\Tableau 2026.2\bin\translations\qtwebengine_locales\vi.pak","623712"
"C:\Program Files\Tableau\Tableau 2026.2\bin\translations\qtwebengine_locales\zh-CN.pak","450504"
"C:\Program Files\Tableau\Tableau 2026.2\bin\translations\qtwebengine_locales\zh-TW.pak","445263"
"C:\Program Files\Tableau\Tableau 2026.2\bin\yaxcat\yaxcatd.exe","6903136"
"C:\Program Files\Tableau\Tableau 2026.2\defaults\Datasources\Sample - Superstore.tds","191768"
"C:\Program Files\Tableau\Tableau 2026.2\defaults\Datasources\Sample - Superstore.xlsx","1362567"
"C:\Program Files\Tableau\Tableau 2026.2\defaults\Datasources\de_DE-EU\Beispiel - Superstore.tds","192418"
"C:\Program Files\Tableau\Tableau 2026.2\defaults\Datasources\de_DE-EU\Beispiel - Superstore.xlsx","1308261"
"C:\Program Files\Tableau\Tableau 2026.2\defaults\Datasources\de_DE-EU\Weltindikatoren.hyper","458752"
"C:\Program Files\Tableau\Tableau 2026.2\defaults\Datasources\de_DE-EU\Weltindikatoren.tds","16611"
"C:\Program Files\Tableau\Tableau 2026.2\defaults\Datasources\en_GB-EU\Sample - EU Superstore.tds","191894"
"C:\Program Files\Tableau\Tableau 2026.2\defaults\Datasources\en_GB-EU\Sample - EU Superstore.xlsx","1305764"
"C:\Program Files\Tableau\Tableau 2026.2\defaults\Datasources\en_GB-EU\World Indicators.hyper","458752"
"C:\Program Files\Tableau\Tableau 2026.2\defaults\Datasources\en_GB-EU\World Indicators.tds","16326"
"C:\Program Files\Tableau\Tableau 2026.2\defaults\Datasources\en_US-APAC\Sample - APAC Superstore.tds","171036"
"C:\Program Files\Tableau\Tableau 2026.2\defaults\Datasources\en_US-APAC\Sample - APAC Superstore.xlsx","1421049"
"C:\Program Files\Tableau\Tableau 2026.2\defaults\Datasources\en_US-APAC\World Indicators.hyper","458752"
"C:\Program Files\Tableau\Tableau 2026.2\defaults\Datasources\en_US-APAC\World Indicators.tds","16311"
"C:\Program Files\Tableau\Tableau 2026.2\defaults\Datasources\en_US-US\World Indicators.hyper","458752"
"C:\Program Files\Tableau\Tableau 2026.2\defaults\Datasources\en_US-US\World Indicators.tds","16311"
"C:\Program Files\Tableau\Tableau 2026.2\defaults\Datasources\es_ES-LATAM\Indicadores Mundiales.hyper","458752"
"C:\Program Files\Tableau\Tableau 2026.2\defaults\Datasources\es_ES-LATAM\Indicadores Mundiales.tds","16803"
"C:\Program Files\Tableau\Tableau 2026.2\defaults\Datasources\es_ES-LATAM\Muestra - Supertienda.tds","192868"
"C:\Program Files\Tableau\Tableau 2026.2\defaults\Datasources\es_ES-LATAM\Muestra - Supertienda.xlsx","1305869"
"C:\Program Files\Tableau\Tableau 2026.2\defaults\Datasources\fr_CA-USCA\Exemple - Hypermarch?.tds","192855"
"C:\Program Files\Tableau\Tableau 2026.2\defaults\Datasources\fr_CA-USCA\Exemple - Hypermarch?.xlsx","1372431"
"C:\Program Files\Tableau\Tableau 2026.2\defaults\Datasources\fr_CA-USCA\Indicateurs Mondiaux.hyper","458752"
"C:\Program Files\Tableau\Tableau 2026.2\defaults\Datasources\fr_CA-USCA\Indicateurs Mondiaux.tds","17148"
"C:\Program Files\Tableau\Tableau 2026.2\defaults\Datasources\fr_FR-EU\Exemple - Hypermarch?.tds","192850"
"C:\Program Files\Tableau\Tableau 2026.2\defaults\Datasources\fr_FR-EU\Exemple - Hypermarch?.xlsx","1307893"
"C:\Program Files\Tableau\Tableau 2026.2\defaults\Datasources\fr_FR-EU\Indicateurs Mondiaux.hyper","458752"
"C:\Program Files\Tableau\Tableau 2026.2\defaults\Datasources\fr_FR-EU\Indicateurs Mondiaux.tds","17123"
"C:\Program Files\Tableau\Tableau 2026.2\defaults\Datasources\it_IT-EU\Esempio - Supermercato.tds","191996"
"C:\Program Files\Tableau\Tableau 2026.2\defaults\Datasources\it_IT-EU\Esempio - Supermercato.xlsx","1377177"
"C:\Program Files\Tableau\Tableau 2026.2\defaults\Datasources\it_IT-EU\Indicatori mondiali.hyper","458752"
"C:\Program Files\Tableau\Tableau 2026.2\defaults\Datasources\it_IT-EU\Indicatori mondiali.tds","16977"
"C:\Program Files\Tableau\Tableau 2026.2\defaults\Datasources\ja_JP-Japan\???? - ???????.tds","192717"
"C:\Program Files\Tableau\Tableau 2026.2\defaults\Datasources\ja_JP-Japan\???? - ???????.xlsx","1377480"
"C:\Program Files\Tableau\Tableau 2026.2\defaults\Datasources\ja_JP-Japan\????.hyper","458752"
"C:\Program Files\Tableau\Tableau 2026.2\defaults\Datasources\ja_JP-Japan\????.tds","16645"
"C:\Program Files\Tableau\Tableau 2026.2\defaults\Datasources\ko_KR-APAC\?? ??.hyper","458752"
"C:\Program Files\Tableau\Tableau 2026.2\defaults\Datasources\ko_KR-APAC\?? ??.tds","16486"
"C:\Program Files\Tableau\Tableau 2026.2\defaults\Datasources\ko_KR-APAC\????? - ??.tds","192190"
"C:\Program Files\Tableau\Tableau 2026.2\defaults\Datasources\ko_KR-APAC\????? - ??.xlsx","1397862"
"C:\Program Files\Tableau\Tableau 2026.2\defaults\Datasources\nl_NL-EU\Voorbeeld - Superstore.tds","192412"
"C:\Program Files\Tableau\Tableau 2026.2\defaults\Datasources\nl_NL-EU\Voorbeeld - Superstore.xlsx","1317593"
"C:\Program Files\Tableau\Tableau 2026.2\defaults\Datasources\nl_NL-EU\Wereldwijde indicatoren.hyper","458752"
"C:\Program Files\Tableau\Tableau 2026.2\defaults\Datasources\nl_NL-EU\Wereldwijde indicatoren.tds","16822"
"C:\Program Files\Tableau\Tableau 2026.2\defaults\Datasources\pt_BR-LATAM\Exemplo - Superloja.tds","192444"
"C:\Program Files\Tableau\Tableau 2026.2\defaults\Datasources\pt_BR-LATAM\Exemplo - Superloja.xlsx","1304962"
"C:\Program Files\Tableau\Tableau 2026.2\defaults\Datasources\pt_BR-LATAM\Indicadores Mundiais.hyper","458752"
"C:\Program Files\Tableau\Tableau 2026.2\defaults\Datasources\pt_BR-LATAM\Indicadores Mundiais.tds","17012"
"C:\Program Files\Tableau\Tableau 2026.2\defaults\Datasources\sv_SE-EU\Globala indikatorer.hyper","458752"
"C:\Program Files\Tableau\Tableau 2026.2\defaults\Datasources\sv_SE-EU\Globala indikatorer.tds","16716"
"C:\Program Files\Tableau\Tableau 2026.2\defaults\Datasources\sv_SE-EU\Urval - Superstore.tds","191821"
"C:\Program Files\Tableau\Tableau 2026.2\defaults\Datasources\sv_SE-EU\Urval - Superstore.xlsx","1305260"
"C:\Program Files\Tableau\Tableau 2026.2\defaults\Datasources\th_TH-APAC\???????????????.hyper","458752"
"C:\Program Files\Tableau\Tableau 2026.2\defaults\Datasources\th_TH-APAC\???????????????.tds","20605"
"C:\Program Files\Tableau\Tableau 2026.2\defaults\Datasources\th_TH-APAC\???????? - Superstore.tds","198396"
"C:\Program Files\Tableau\Tableau 2026.2\defaults\Datasources\th_TH-APAC\???????? - Superstore.xlsx","1431455"
"C:\Program Files\Tableau\Tableau 2026.2\defaults\Datasources\zh_CN-China\??????.hyper","458752"
"C:\Program Files\Tableau\Tableau 2026.2\defaults\Datasources\zh_CN-China\??????.tds","16088"
"C:\Program Files\Tableau\Tableau 2026.2\defaults\Datasources\zh_CN-China\?? - ??.tds","191819"
"C:\Program Files\Tableau\Tableau 2026.2\defaults\Datasources\zh_CN-China\?? - ??.xlsx","1336683"
"C:\Program Files\Tableau\Tableau 2026.2\defaults\Datasources\zh_TW-APAC\????.hyper","458752"
"C:\Program Files\Tableau\Tableau 2026.2\defaults\Datasources\zh_TW-APAC\????.tds","16223"
"C:\Program Files\Tableau\Tableau 2026.2\defaults\Datasources\zh_TW-APAC\?? - ????.tds","191744"
"C:\Program Files\Tableau\Tableau 2026.2\defaults\Datasources\zh_TW-APAC\?? - ????.xlsx","1452494"
"C:\Program Files\Tableau\Tableau 2026.2\defaults\Shapes\Arrows\1-1.png","1517"
"C:\Program Files\Tableau\Tableau 2026.2\defaults\Shapes\Arrows\1-2.png","1416"
"C:\Program Files\Tableau\Tableau 2026.2\defaults\Shapes\Arrows\1-3.png","1420"
"C:\Program Files\Tableau\Tableau 2026.2\defaults\Shapes\Arrows\1-4.png","1406"
"C:\Program Files\Tableau\Tableau 2026.2\defaults\Shapes\Arrows\1-5.png","1533"
"C:\Program Files\Tableau\Tableau 2026.2\defaults\Shapes\Arrows\1-6.png","1368"
"C:\Program Files\Tableau\Tableau 2026.2\defaults\Shapes\Arrows\1-7.png","1420"
"C:\Program Files\Tableau\Tableau 2026.2\defaults\Shapes\Arrows\1-8.png","1398"
"C:\Program Files\Tableau\Tableau 2026.2\defaults\Shapes\Arrows\1g-1.png","1940"
"C:\Program Files\Tableau\Tableau 2026.2\defaults\Shapes\Arrows\1g-2.png","1827"
"C:\Program Files\Tableau\Tableau 2026.2\defaults\Shapes\Arrows\1g-3.png","1838"
"C:\Program Files\Tableau\Tableau 2026.2\defaults\Shapes\Arrows\1g-4.png","1751"
"C:\Program Files\Tableau\Tableau 2026.2\defaults\Shapes\Arrows\1g-5.png","1944"
"C:\Program Files\Tableau\Tableau 2026.2\defaults\Shapes\Arrows\1g-6.png","1853"
"C:\Program Files\Tableau\Tableau 2026.2\defaults\Shapes\Arrows\1g-7.png","1864"
"C:\Program Files\Tableau\Tableau 2026.2\defaults\Shapes\Arrows\1g-8.png","1769"
"C:\Program Files\Tableau\Tableau 2026.2\defaults\Shapes\Arrows\2-1.png","1245"
"C:\Program Files\Tableau\Tableau 2026.2\defaults\Shapes\Arrows\2-2.png","1231"
"C:\Program Files\Tableau\Tableau 2026.2\defaults\Shapes\Arrows\2-3.png","1193"
"C:\Program Files\Tableau\Tableau 2026.2\defaults\Shapes\Arrows\2-4.png","1244"
"C:\Program Files\Tableau\Tableau 2026.2\defaults\Shapes\Arrows\2-5.png","1227"
"C:\Program Files\Tableau\Tableau 2026.2\defaults\Shapes\Arrows\2-6.png","1229"
"C:\Program Files\Tableau\Tableau 2026.2\defaults\Shapes\Arrows\2-7.png","1216"
"C:\Program Files\Tableau\Tableau 2026.2\defaults\Shapes\Arrows\2-8.png","1239"
"C:\Program Files\Tableau\Tableau 2026.2\defaults\Shapes\Arrows\4-1.png","1504"
"C:\Program Files\Tableau\Tableau 2026.2\defaults\Shapes\Arrows\4-2.png","1380"
"C:\Program Files\Tableau\Tableau 2026.2\defaults\Shapes\Arrows\4-3.png","1556"
"C:\Program Files\Tableau\Tableau 2026.2\defaults\Shapes\Arrows\4-4.png","1387"
"C:\Program Files\Tableau\Tableau 2026.2\defaults\Shapes\Arrows\4-5.png","1500"
"C:\Program Files\Tableau\Tableau 2026.2\defaults\Shapes\Bars\bars0.png","1105"
"C:\Program Files\Tableau\Tableau 2026.2\defaults\Shapes\Bars\bars1.png","1125"
"C:\Program Files\Tableau\Tableau 2026.2\defaults\Shapes\Bars\bars2.png","1115"
"C:\Program Files\Tableau\Tableau 2026.2\defaults\Shapes\Bars\bars3.png","1111"
"C:\Program Files\Tableau\Tableau 2026.2\defaults\Shapes\Bars\bars4.png","1058"
"C:\Program Files\Tableau\Tableau 2026.2\defaults\Shapes\Bug Tracking\bug.png","1856"
"C:\Program Files\Tableau\Tableau 2026.2\defaults\Shapes\Bug Tracking\light.png","1678"
"C:\Program Files\Tableau\Tableau 2026.2\defaults\Shapes\Bug Tracking\mail.png","1420"
"C:\Program Files\Tableau\Tableau 2026.2\defaults\Shapes\Gender\1.png","1293"
"C:\Program Files\Tableau\Tableau 2026.2\defaults\Shapes\Gender\2.png","1459"
"C:\Program Files\Tableau\Tableau 2026.2\defaults\Shapes\Gender\3.png","1386"
"C:\Program Files\Tableau\Tableau 2026.2\defaults\Shapes\Gender\4.png","1582"
"C:\Program Files\Tableau\Tableau 2026.2\defaults\Shapes\Gender\5.png","3213"
"C:\Program Files\Tableau\Tableau 2026.2\defaults\Shapes\Gender\6.png","18220"
"C:\Program Files\Tableau\Tableau 2026.2\defaults\Shapes\Gender\7.png","18293"
"C:\Program Files\Tableau\Tableau 2026.2\defaults\Shapes\Gender\8.png","18317"
"C:\Program Files\Tableau\Tableau 2026.2\defaults\Shapes\Gender\9.png","18356"
"C:\Program Files\Tableau\Tableau 2026.2\defaults\Shapes\KPI\01.png","1503"
"C:\Program Files\Tableau\Tableau 2026.2\defaults\Shapes\KPI\02.png","1225"
"C:\Program Files\Tableau\Tableau 2026.2\defaults\Shapes\KPI\03.png","1309"
"C:\Program Files\Tableau\Tableau 2026.2\defaults\Shapes\KPI\04.png","1374"
"C:\Program Files\Tableau\Tableau 2026.2\defaults\Shapes\KPI\05.png","1385"
"C:\Program Files\Tableau\Tableau 2026.2\defaults\Shapes\KPI\06.png","1239"
"C:\Program Files\Tableau\Tableau 2026.2\defaults\Shapes\KPI\07.png","2019"
"C:\Program Files\Tableau\Tableau 2026.2\defaults\Shapes\KPI\08.png","1395"
"C:\Program Files\Tableau\Tableau 2026.2\defaults\Shapes\KPI\09.png","1538"
"C:\Program Files\Tableau\Tableau 2026.2\defaults\Shapes\KPI\11.png","1821"
"C:\Program Files\Tableau\Tableau 2026.2\defaults\Shapes\KPI\12.png","1637"
"C:\Program Files\Tableau\Tableau 2026.2\defaults\Shapes\KPI\13.png","1350"
"C:\Program Files\Tableau\Tableau 2026.2\defaults\Shapes\Proportions\0.png","1505"
"C:\Program Files\Tableau\Tableau 2026.2\defaults\Shapes\Proportions\1.png","1546"
"C:\Program Files\Tableau\Tableau 2026.2\defaults\Shapes\Proportions\2.png","1416"
"C:\Program Files\Tableau\Tableau 2026.2\defaults\Shapes\Proportions\3.png","1478"
"C:\Program Files\Tableau\Tableau 2026.2\defaults\Shapes\Proportions\4.png","1366"
"C:\Program Files\Tableau\Tableau 2026.2\defaults\Shapes\Ratings\0.png","1588"
"C:\Program Files\Tableau\Tableau 2026.2\defaults\Shapes\Ratings\1.png","1616"
"C:\Program Files\Tableau\Tableau 2026.2\defaults\Shapes\Ratings\2.png","1665"
"C:\Program Files\Tableau\Tableau 2026.2\defaults\Shapes\Ratings\3.png","1805"
"C:\Program Files\Tableau\Tableau 2026.2\defaults\Shapes\Ratings\3bw.png","1803"
"C:\Program Files\Tableau\Tableau 2026.2\defaults\Shapes\Ratings\4.png","1855"
"C:\Program Files\Tableau\Tableau 2026.2\defaults\Shapes\Ratings\4bw.png","1852"
"C:\Program Files\Tableau\Tableau 2026.2\defaults\Shapes\Thin Arrows\1.png","1132"
"C:\Program Files\Tableau\Tableau 2026.2\defaults\Shapes\Thin Arrows\2.png","1307"
"C:\Program Files\Tableau\Tableau 2026.2\defaults\Shapes\Thin Arrows\3.png","1097"
"C:\Program Files\Tableau\Tableau 2026.2\defaults\Shapes\Thin Arrows\4.png","1317"
"C:\Program Files\Tableau\Tableau 2026.2\defaults\Shapes\Thin Arrows\5.png","1107"
"C:\Program Files\Tableau\Tableau 2026.2\defaults\Shapes\Thin Arrows\6.png","1291"
"C:\Program Files\Tableau\Tableau 2026.2\defaults\Shapes\Thin Arrows\7.png","1110"
"C:\Program Files\Tableau\Tableau 2026.2\defaults\Shapes\Thin Arrows\8.png","1342"
"C:\Program Files\Tableau\Tableau 2026.2\defaults\Shapes\Weather\1-0.png","1328"
"C:\Program Files\Tableau\Tableau 2026.2\defaults\Shapes\Weather\1-1.png","1264"
"C:\Program Files\Tableau\Tableau 2026.2\defaults\Shapes\Weather\1-2.png","1403"
"C:\Program Files\Tableau\Tableau 2026.2\defaults\Shapes\Weather\1-4.png","1424"
"C:\Program Files\Tableau\Tableau 2026.2\defaults\Shapes\Weather\1-6.png","1495"
"C:\Program Files\Tableau\Tableau 2026.2\defaults\Shapes\Weather\1-8.png","1738"
"C:\Program Files\Tableau\Tableau 2026.2\defaults\Shapes\Weather\2-0.png","1848"
"C:\Program Files\Tableau\Tableau 2026.2\defaults\Shapes\Weather\2-1.png","1319"
"C:\Program Files\Tableau\Tableau 2026.2\defaults\Shapes\Weather\2-2.png","1479"
"C:\Program Files\Tableau\Tableau 2026.2\defaults\Shapes\Weather\2-4.png","1482"
"C:\Program Files\Tableau\Tableau 2026.2\defaults\Shapes\Weather\2-6.png","1568"
"C:\Program Files\Tableau\Tableau 2026.2\defaults\Shapes\Weather\2-8.png","1812"
"C:\Program Files\Tableau\Tableau 2026.2\help\Workbooks\de_DE\samples.manifest","512"
"C:\Program Files\Tableau\Tableau 2026.2\help\Workbooks\de_DE\superstore-1@2x.png","101415"
"C:\Program Files\Tableau\Tableau 2026.2\help\Workbooks\de_DE\superstore-2@2x.png","63964"
"C:\Program Files\Tableau\Tableau 2026.2\help\Workbooks\de_DE\superstore-3@2x.png","46754"
"C:\Program Files\Tableau\Tableau 2026.2\help\Workbooks\de_DE\superstore-4@2x.png","33041"
"C:\Program Files\Tableau\Tableau 2026.2\help\Workbooks\de_DE\superstore-5@2x.png","36393"
"C:\Program Files\Tableau\Tableau 2026.2\help\Workbooks\de_DE\superstore-6@2x.png","37369"
"C:\Program Files\Tableau\Tableau 2026.2\help\Workbooks\de_DE\superstore-7@2x.png","73588"
"C:\Program Files\Tableau\Tableau 2026.2\help\Workbooks\de_DE\Superstore.twbx","1971099"
"C:\Program Files\Tableau\Tableau 2026.2\help\Workbooks\de_DE\superstore@2X.png","55110"
"C:\Program Files\Tableau\Tableau 2026.2\help\Workbooks\de_DE\Weltindikatoren.twbx","325356"
"C:\Program Files\Tableau\Tableau 2026.2\help\Workbooks\de_DE\worldindicators-1@2x.png","80668"
"C:\Program Files\Tableau\Tableau 2026.2\help\Workbooks\de_DE\worldindicators-2@2x.png","46893"
"C:\Program Files\Tableau\Tableau 2026.2\help\Workbooks\de_DE\worldindicators-3@2x.png","34124"
"C:\Program Files\Tableau\Tableau 2026.2\help\Workbooks\de_DE\worldindicators-4@2x.png","24360"
"C:\Program Files\Tableau\Tableau 2026.2\help\Workbooks\de_DE\worldindicators-5@2x.png","31866"
"C:\Program Files\Tableau\Tableau 2026.2\help\Workbooks\de_DE\worldindicators-6@2x.png","34187"
"C:\Program Files\Tableau\Tableau 2026.2\help\Workbooks\de_DE\worldindicators-7@2x.png","51139"
"C:\Program Files\Tableau\Tableau 2026.2\help\Workbooks\de_DE\worldindicators-8@2x.png","82954"
"C:\Program Files\Tableau\Tableau 2026.2\help\Workbooks\de_DE\worldindicators@2X.png","45730"
"C:\Program Files\Tableau\Tableau 2026.2\help\Workbooks\en_GB\samples.manifest","513"
"C:\Program Files\Tableau\Tableau 2026.2\help\Workbooks\en_GB\superstore-1@2x.png","122964"
"C:\Program Files\Tableau\Tableau 2026.2\help\Workbooks\en_GB\superstore-2@2x.png","62817"
"C:\Program Files\Tableau\Tableau 2026.2\help\Workbooks\en_GB\superstore-3@2x.png","51509"
"C:\Program Files\Tableau\Tableau 2026.2\help\Workbooks\en_GB\superstore-4@2x.png","36801"
"C:\Program Files\Tableau\Tableau 2026.2\help\Workbooks\en_GB\superstore-5@2x.png","27826"
"C:\Program Files\Tableau\Tableau 2026.2\help\Workbooks\en_GB\superstore-6@2x.png","36652"
"C:\Program Files\Tableau\Tableau 2026.2\help\Workbooks\en_GB\superstore-7@2x.png","97331"
"C:\Program Files\Tableau\Tableau 2026.2\help\Workbooks\en_GB\Superstore.twbx","1967273"
"C:\Program Files\Tableau\Tableau 2026.2\help\Workbooks\en_GB\superstore@2X.png","55110"
"C:\Program Files\Tableau\Tableau 2026.2\help\Workbooks\en_GB\World Indicators.twbx","355123"
"C:\Program Files\Tableau\Tableau 2026.2\help\Workbooks\en_GB\worldindicators-1@2x.png","57382"
"C:\Program Files\Tableau\Tableau 2026.2\help\Workbooks\en_GB\worldindicators-2@2x.png","45607"
"C:\Program Files\Tableau\Tableau 2026.2\help\Workbooks\en_GB\worldindicators-3@2x.png","27775"
"C:\Program Files\Tableau\Tableau 2026.2\help\Workbooks\en_GB\worldindicators-4@2x.png","20287"
"C:\Program Files\Tableau\Tableau 2026.2\help\Workbooks\en_GB\worldindicators-5@2x.png","27684"
"C:\Program Files\Tableau\Tableau 2026.2\help\Workbooks\en_GB\worldindicators-6@2x.png","32337"
"C:\Program Files\Tableau\Tableau 2026.2\help\Workbooks\en_GB\worldindicators-7@2x.png","47219"
"C:\Program Files\Tableau\Tableau 2026.2\help\Workbooks\en_GB\worldindicators-8@2x.png","79273"
"C:\Program Files\Tableau\Tableau 2026.2\help\Workbooks\en_GB\worldindicators@2X.png","45730"
"C:\Program Files\Tableau\Tableau 2026.2\help\Workbooks\en_US\samples.manifest","521"
"C:\Program Files\Tableau\Tableau 2026.2\help\Workbooks\en_US\superstore-1@2x.png","87860"
"C:\Program Files\Tableau\Tableau 2026.2\help\Workbooks\en_US\superstore-2@2x.png","63193"
"C:\Program Files\Tableau\Tableau 2026.2\help\Workbooks\en_US\superstore-3@2x.png","32094"
"C:\Program Files\Tableau\Tableau 2026.2\help\Workbooks\en_US\superstore-4@2x.png","40278"
"C:\Program Files\Tableau\Tableau 2026.2\help\Workbooks\en_US\superstore-5@2x.png","30658"
"C:\Program Files\Tableau\Tableau 2026.2\help\Workbooks\en_US\superstore-6@2x.png","60414"
"C:\Program Files\Tableau\Tableau 2026.2\help\Workbooks\en_US\superstore-7@2x.png","97953"
"C:\Program Files\Tableau\Tableau 2026.2\help\Workbooks\en_US\superstore-8@2x.png","28801"
"C:\Program Files\Tableau\Tableau 2026.2\help\Workbooks\en_US\superstore-9@2x.png","104415"
"C:\Program Files\Tableau\Tableau 2026.2\help\Workbooks\en_US\Superstore.twbx","2027901"
"C:\Program Files\Tableau\Tableau 2026.2\help\Workbooks\en_US\superstore@2X.png","55110"
"C:\Program Files\Tableau\Tableau 2026.2\help\Workbooks\en_US\World Indicators.twbx","347913"
"C:\Program Files\Tableau\Tableau 2026.2\help\Workbooks\en_US\worldindicators-1@2x.png","78290"
"C:\Program Files\Tableau\Tableau 2026.2\help\Workbooks\en_US\worldindicators-2@2x.png","45849"
"C:\Program Files\Tableau\Tableau 2026.2\help\Workbooks\en_US\worldindicators-3@2x.png","32101"
"C:\Program Files\Tableau\Tableau 2026.2\help\Workbooks\en_US\worldindicators-4@2x.png","16217"
"C:\Program Files\Tableau\Tableau 2026.2\help\Workbooks\en_US\worldindicators-5@2x.png","21343"
"C:\Program Files\Tableau\Tableau 2026.2\help\Workbooks\en_US\worldindicators-6@2x.png","31123"
"C:\Program Files\Tableau\Tableau 2026.2\help\Workbooks\en_US\worldindicators-7@2x.png","42850"
"C:\Program Files\Tableau\Tableau 2026.2\help\Workbooks\en_US\worldindicators-8@2x.png","77834"
"C:\Program Files\Tableau\Tableau 2026.2\help\Workbooks\en_US\worldindicators@2X.png","45730"
"C:\Program Files\Tableau\Tableau 2026.2\help\Workbooks\es_ES\Indicadores Mundiales.twbx","328097"
"C:\Program Files\Tableau\Tableau 2026.2\help\Workbooks\es_ES\samples.manifest","533"
"C:\Program Files\Tableau\Tableau 2026.2\help\Workbooks\es_ES\superstore-1@2x.png","77077"
"C:\Program Files\Tableau\Tableau 2026.2\help\Workbooks\es_ES\superstore-2@2x.png","90142"
"C:\Program Files\Tableau\Tableau 2026.2\help\Workbooks\es_ES\superstore-3@2x.png","55940"
"C:\Program Files\Tableau\Tableau 2026.2\help\Workbooks\es_ES\superstore-4@2x.png","45835"
"C:\Program Files\Tableau\Tableau 2026.2\help\Workbooks\es_ES\superstore-5@2x.png","37545"
"C:\Program Files\Tableau\Tableau 2026.2\help\Workbooks\es_ES\superstore-6@2x.png","32920"
"C:\Program Files\Tableau\Tableau 2026.2\help\Workbooks\es_ES\superstore-7@2x.png","129645"
"C:\Program Files\Tableau\Tableau 2026.2\help\Workbooks\es_ES\superstore@2X.png","55110"
"C:\Program Files\Tableau\Tableau 2026.2\help\Workbooks\es_ES\Supertienda.twbx","1969372"
"C:\Program Files\Tableau\Tableau 2026.2\help\Workbooks\es_ES\worldindicators-1@2x.png","79898"
"C:\Program Files\Tableau\Tableau 2026.2\help\Workbooks\es_ES\worldindicators-2@2x.png","48082"
"C:\Program Files\Tableau\Tableau 2026.2\help\Workbooks\es_ES\worldindicators-3@2x.png","30492"
"C:\Program Files\Tableau\Tableau 2026.2\help\Workbooks\es_ES\worldindicators-4@2x.png","17097"
"C:\Program Files\Tableau\Tableau 2026.2\help\Workbooks\es_ES\worldindicators-5@2x.png","24551"
"C:\Program Files\Tableau\Tableau 2026.2\help\Workbooks\es_ES\worldindicators-6@2x.png","31050"
"C:\Program Files\Tableau\Tableau 2026.2\help\Workbooks\es_ES\worldindicators-7@2x.png","52004"
"C:\Program Files\Tableau\Tableau 2026.2\help\Workbooks\es_ES\worldindicators-8@2x.png","21407"
"C:\Program Files\Tableau\Tableau 2026.2\help\Workbooks\es_ES\worldindicators@2X.png","45730"
"C:\Program Files\Tableau\Tableau 2026.2\help\Workbooks\fr_CA\Hypermarch?.twbx","2037620"
"C:\Program Files\Tableau\Tableau 2026.2\help\Workbooks\fr_CA\Indicateurs Mondiaux.twbx","207300"
"C:\Program Files\Tableau\Tableau 2026.2\help\Workbooks\fr_CA\samples.manifest","539"
"C:\Program Files\Tableau\Tableau 2026.2\help\Workbooks\fr_CA\superstore-1@2x.png","107962"
"C:\Program Files\Tableau\Tableau 2026.2\help\Workbooks\fr_CA\superstore-2@2x.png","94702"
"C:\Program Files\Tableau\Tableau 2026.2\help\Workbooks\fr_CA\superstore-3@2x.png","61573"
"C:\Program Files\Tableau\Tableau 2026.2\help\Workbooks\fr_CA\superstore-4@2x.png","49878"
"C:\Program Files\Tableau\Tableau 2026.2\help\Workbooks\fr_CA\superstore-5@2x.png","47184"
"C:\Program Files\Tableau\Tableau 2026.2\help\Workbooks\fr_CA\superstore-6@2x.png","15153"
"C:\Program Files\Tableau\Tableau 2026.2\help\Workbooks\fr_CA\superstore-7@2x.png","96344"
"C:\Program Files\Tableau\Tableau 2026.2\help\Workbooks\fr_CA\superstore@2X.png","55110"
"C:\Program Files\Tableau\Tableau 2026.2\help\Workbooks\fr_CA\worldindicators-1@2x.png","72466"
"C:\Program Files\Tableau\Tableau 2026.2\help\Workbooks\fr_CA\worldindicators-2@2x.png","48865"
"C:\Program Files\Tableau\Tableau 2026.2\help\Workbooks\fr_CA\worldindicators-3@2x.png","10502"
"C:\Program Files\Tableau\Tableau 2026.2\help\Workbooks\fr_CA\worldindicators-4@2x.png","6619"
"C:\Program Files\Tableau\Tableau 2026.2\help\Workbooks\fr_CA\worldindicators-5@2x.png","28007"
"C:\Program Files\Tableau\Tableau 2026.2\help\Workbooks\fr_CA\worldindicators-6@2x.png","27662"
"C:\Program Files\Tableau\Tableau 2026.2\help\Workbooks\fr_CA\worldindicators-7@2x.png","26162"
"C:\Program Files\Tableau\Tableau 2026.2\help\Workbooks\fr_CA\worldindicators-8@2x.png","79098"
"C:\Program Files\Tableau\Tableau 2026.2\help\Workbooks\fr_CA\worldindicators@2X.png","45730"
"C:\Program Files\Tableau\Tableau 2026.2\help\Workbooks\fr_FR\Hypermarch?.twbx","1971719"
"C:\Program Files\Tableau\Tableau 2026.2\help\Workbooks\fr_FR\Indicateurs Mondiaux.twbx","326611"
"C:\Program Files\Tableau\Tableau 2026.2\help\Workbooks\fr_FR\samples.manifest","533"
"C:\Program Files\Tableau\Tableau 2026.2\help\Workbooks\fr_FR\superstore-1@2x.png","107962"
"C:\Program Files\Tableau\Tableau 2026.2\help\Workbooks\fr_FR\superstore-2@2x.png","94702"
"C:\Program Files\Tableau\Tableau 2026.2\help\Workbooks\fr_FR\superstore-3@2x.png","61573"
"C:\Program Files\Tableau\Tableau 2026.2\help\Workbooks\fr_FR\superstore-4@2x.png","49878"
"C:\Program Files\Tableau\Tableau 2026.2\help\Workbooks\fr_FR\superstore-5@2x.png","47184"
"C:\Program Files\Tableau\Tableau 2026.2\help\Workbooks\fr_FR\superstore-6@2x.png","15153"
"C:\Program Files\Tableau\Tableau 2026.2\help\Workbooks\fr_FR\superstore-7@2x.png","96344"
"C:\Program Files\Tableau\Tableau 2026.2\help\Workbooks\fr_FR\superstore@2X.png","55110"
"C:\Program Files\Tableau\Tableau 2026.2\help\Workbooks\fr_FR\worldindicators-1@2x.png","72466"
"C:\Program Files\Tableau\Tableau 2026.2\help\Workbooks\fr_FR\worldindicators-2@2x.png","48865"
"C:\Program Files\Tableau\Tableau 2026.2\help\Workbooks\fr_FR\worldindicators-3@2x.png","10502"
"C:\Program Files\Tableau\Tableau 2026.2\help\Workbooks\fr_FR\worldindicators-4@2x.png","6619"
"C:\Program Files\Tableau\Tableau 2026.2\help\Workbooks\fr_FR\worldindicators-5@2x.png","28007"
"C:\Program Files\Tableau\Tableau 2026.2\help\Workbooks\fr_FR\worldindicators-6@2x.png","27662"
"C:\Program Files\Tableau\Tableau 2026.2\help\Workbooks\fr_FR\worldindicators-7@2x.png","26162"
"C:\Program Files\Tableau\Tableau 2026.2\help\Workbooks\fr_FR\worldindicators-8@2x.png","79098"
"C:\Program Files\Tableau\Tableau 2026.2\help\Workbooks\fr_FR\worldindicators@2X.png","45730"
"C:\Program Files\Tableau\Tableau 2026.2\help\Workbooks\it_IT\Indicatori mondiali.twbx","309381"
"C:\Program Files\Tableau\Tableau 2026.2\help\Workbooks\it_IT\samples.manifest","531"
"C:\Program Files\Tableau\Tableau 2026.2\help\Workbooks\it_IT\Supermercato.twbx","2040620"
"C:\Program Files\Tableau\Tableau 2026.2\help\Workbooks\it_IT\superstore-1@2x.png","18937"
"C:\Program Files\Tableau\Tableau 2026.2\help\Workbooks\it_IT\superstore-2@2x.png","10014"
"C:\Program Files\Tableau\Tableau 2026.2\help\Workbooks\it_IT\superstore-3@2x.png","18339"
"C:\Program Files\Tableau\Tableau 2026.2\help\Workbooks\it_IT\superstore-4@2x.png","17224"
"C:\Program Files\Tableau\Tableau 2026.2\help\Workbooks\it_IT\superstore-5@2x.png","14561"
"C:\Program Files\Tableau\Tableau 2026.2\help\Workbooks\it_IT\superstore-6@2x.png","7894"
"C:\Program Files\Tableau\Tableau 2026.2\help\Workbooks\it_IT\superstore-7@2x.png","28520"
"C:\Program Files\Tableau\Tableau 2026.2\help\Workbooks\it_IT\superstore@2X.png","55110"
"C:\Program Files\Tableau\Tableau 2026.2\help\Workbooks\it_IT\worldindicators-1@2x.png","57382"
"C:\Program Files\Tableau\Tableau 2026.2\help\Workbooks\it_IT\worldindicators-2@2x.png","45607"
"C:\Program Files\Tableau\Tableau 2026.2\help\Workbooks\it_IT\worldindicators-3@2x.png","27775"
"C:\Program Files\Tableau\Tableau 2026.2\help\Workbooks\it_IT\worldindicators-4@2x.png","20287"
"C:\Program Files\Tableau\Tableau 2026.2\help\Workbooks\it_IT\worldindicators-5@2x.png","27684"
"C:\Program Files\Tableau\Tableau 2026.2\help\Workbooks\it_IT\worldindicators-6@2x.png","32337"
"C:\Program Files\Tableau\Tableau 2026.2\help\Workbooks\it_IT\worldindicators-7@2x.png","47219"
"C:\Program Files\Tableau\Tableau 2026.2\help\Workbooks\it_IT\worldindicators-8@2x.png","79273"
"C:\Program Files\Tableau\Tableau 2026.2\help\Workbooks\it_IT\worldindicators@2X.png","45730"
"C:\Program Files\Tableau\Tableau 2026.2\help\Workbooks\ja_JP\samples.manifest","536"
"C:\Program Files\Tableau\Tableau 2026.2\help\Workbooks\ja_JP\superstore-1@2x.png","68117"
"C:\Program Files\Tableau\Tableau 2026.2\help\Workbooks\ja_JP\superstore-2@2x.png","83306"
"C:\Program Files\Tableau\Tableau 2026.2\help\Workbooks\ja_JP\superstore-3@2x.png","47287"
"C:\Program Files\Tableau\Tableau 2026.2\help\Workbooks\ja_JP\superstore-4@2x.png","39350"
"C:\Program Files\Tableau\Tableau 2026.2\help\Workbooks\ja_JP\superstore-5@2x.png","18616"
"C:\Program Files\Tableau\Tableau 2026.2\help\Workbooks\ja_JP\superstore-6@2x.png","12431"
"C:\Program Files\Tableau\Tableau 2026.2\help\Workbooks\ja_JP\superstore-7@2x.png","36466"
"C:\Program Files\Tableau\Tableau 2026.2\help\Workbooks\ja_JP\superstore@2X.png","55110"
"C:\Program Files\Tableau\Tableau 2026.2\help\Workbooks\ja_JP\worldindicators-1@2x.png","80839"
"C:\Program Files\Tableau\Tableau 2026.2\help\Workbooks\ja_JP\worldindicators-2@2x.png","47640"
"C:\Program Files\Tableau\Tableau 2026.2\help\Workbooks\ja_JP\worldindicators-3@2x.png","31071"
"C:\Program Files\Tableau\Tableau 2026.2\help\Workbooks\ja_JP\worldindicators-4@2x.png","14342"
"C:\Program Files\Tableau\Tableau 2026.2\help\Workbooks\ja_JP\worldindicators-5@2x.png","8887"
"C:\Program Files\Tableau\Tableau 2026.2\help\Workbooks\ja_JP\worldindicators-6@2x.png","28879"
"C:\Program Files\Tableau\Tableau 2026.2\help\Workbooks\ja_JP\worldindicators-7@2x.png","36669"
"C:\Program Files\Tableau\Tableau 2026.2\help\Workbooks\ja_JP\worldindicators-8@2x.png","73732"
"C:\Program Files\Tableau\Tableau 2026.2\help\Workbooks\ja_JP\worldindicators@2X.png","45730"
"C:\Program Files\Tableau\Tableau 2026.2\help\Workbooks\ja_JP\???????.twbx","2043861"
"C:\Program Files\Tableau\Tableau 2026.2\help\Workbooks\ja_JP\????.twbx","300669"
"C:\Program Files\Tableau\Tableau 2026.2\help\Workbooks\ko_KR\samples.manifest","527"
"C:\Program Files\Tableau\Tableau 2026.2\help\Workbooks\ko_KR\superstore-1@2x.png","19217"
"C:\Program Files\Tableau\Tableau 2026.2\help\Workbooks\ko_KR\superstore-2@2x.png","34253"
"C:\Program Files\Tableau\Tableau 2026.2\help\Workbooks\ko_KR\superstore-3@2x.png","18846"
"C:\Program Files\Tableau\Tableau 2026.2\help\Workbooks\ko_KR\superstore-4@2x.png","18261"
"C:\Program Files\Tableau\Tableau 2026.2\help\Workbooks\ko_KR\superstore-5@2x.png","10462"
"C:\Program Files\Tableau\Tableau 2026.2\help\Workbooks\ko_KR\superstore-6@2x.png","13954"
"C:\Program Files\Tableau\Tableau 2026.2\help\Workbooks\ko_KR\superstore-7@2x.png","26150"
"C:\Program Files\Tableau\Tableau 2026.2\help\Workbooks\ko_KR\superstore@2X.png","55110"
"C:\Program Files\Tableau\Tableau 2026.2\help\Workbooks\ko_KR\worldindicators-1@2x.png","78290"
"C:\Program Files\Tableau\Tableau 2026.2\help\Workbooks\ko_KR\worldindicators-2@2x.png","45849"
"C:\Program Files\Tableau\Tableau 2026.2\help\Workbooks\ko_KR\worldindicators-3@2x.png","32101"
"C:\Program Files\Tableau\Tableau 2026.2\help\Workbooks\ko_KR\worldindicators-4@2x.png","16217"
"C:\Program Files\Tableau\Tableau 2026.2\help\Workbooks\ko_KR\worldindicators-5@2x.png","21343"
"C:\Program Files\Tableau\Tableau 2026.2\help\Workbooks\ko_KR\worldindicators-6@2x.png","31123"
"C:\Program Files\Tableau\Tableau 2026.2\help\Workbooks\ko_KR\worldindicators-7@2x.png","42850"
"C:\Program Files\Tableau\Tableau 2026.2\help\Workbooks\ko_KR\worldindicators-8@2x.png","77834"
"C:\Program Files\Tableau\Tableau 2026.2\help\Workbooks\ko_KR\worldindicators@2X.png","45730"
"C:\Program Files\Tableau\Tableau 2026.2\help\Workbooks\ko_KR\?? ??.twbx","356032"
"C:\Program Files\Tableau\Tableau 2026.2\help\Workbooks\ko_KR\?????.twbx","2081415"
"C:\Program Files\Tableau\Tableau 2026.2\help\Workbooks\nl_NL\samples.manifest","537"
"C:\Program Files\Tableau\Tableau 2026.2\help\Workbooks\nl_NL\superstore-1@2x.png","122964"
"C:\Program Files\Tableau\Tableau 2026.2\help\Workbooks\nl_NL\superstore-2@2x.png","62817"
"C:\Program Files\Tableau\Tableau 2026.2\help\Workbooks\nl_NL\superstore-3@2x.png","51509"
"C:\Program Files\Tableau\Tableau 2026.2\help\Workbooks\nl_NL\superstore-4@2x.png","36801"
"C:\Program Files\Tableau\Tableau 2026.2\help\Workbooks\nl_NL\superstore-5@2x.png","27826"
"C:\Program Files\Tableau\Tableau 2026.2\help\Workbooks\nl_NL\superstore-6@2x.png","36652"
"C:\Program Files\Tableau\Tableau 2026.2\help\Workbooks\nl_NL\superstore-7@2x.png","97331"
"C:\Program Files\Tableau\Tableau 2026.2\help\Workbooks\nl_NL\Superstore.twbx","1987369"
"C:\Program Files\Tableau\Tableau 2026.2\help\Workbooks\nl_NL\superstore@2X.png","55110"
"C:\Program Files\Tableau\Tableau 2026.2\help\Workbooks\nl_NL\Wereldwijde indicatoren.twbx","357336"
"C:\Program Files\Tableau\Tableau 2026.2\help\Workbooks\nl_NL\worldindicators-1@2x.png","57382"
"C:\Program Files\Tableau\Tableau 2026.2\help\Workbooks\nl_NL\worldindicators-2@2x.png","45607"
"C:\Program Files\Tableau\Tableau 2026.2\help\Workbooks\nl_NL\worldindicators-3@2x.png","27775"
"C:\Program Files\Tableau\Tableau 2026.2\help\Workbooks\nl_NL\worldindicators-4@2x.png","20287"
"C:\Program Files\Tableau\Tableau 2026.2\help\Workbooks\nl_NL\worldindicators-5@2x.png","27684"
"C:\Program Files\Tableau\Tableau 2026.2\help\Workbooks\nl_NL\worldindicators-6@2x.png","32337"
"C:\Program Files\Tableau\Tableau 2026.2\help\Workbooks\nl_NL\worldindicators-7@2x.png","47219"
"C:\Program Files\Tableau\Tableau 2026.2\help\Workbooks\nl_NL\worldindicators-8@2x.png","79273"
"C:\Program Files\Tableau\Tableau 2026.2\help\Workbooks\nl_NL\worldindicators@2X.png","45730"
"C:\Program Files\Tableau\Tableau 2026.2\help\Workbooks\pt_BR\Indicadores Mundiais.twbx","326159"
"C:\Program Files\Tableau\Tableau 2026.2\help\Workbooks\pt_BR\samples.manifest","524"
"C:\Program Files\Tableau\Tableau 2026.2\help\Workbooks\pt_BR\Superloja.twbx","1971335"
"C:\Program Files\Tableau\Tableau 2026.2\help\Workbooks\pt_BR\superstore-1@2x.png","59125"
"C:\Program Files\Tableau\Tableau 2026.2\help\Workbooks\pt_BR\superstore-2@2x.png","67784"
"C:\Program Files\Tableau\Tableau 2026.2\help\Workbooks\pt_BR\superstore-3@2x.png","37322"
"C:\Program Files\Tableau\Tableau 2026.2\help\Workbooks\pt_BR\superstore-4@2x.png","35230"
"C:\Program Files\Tableau\Tableau 2026.2\help\Workbooks\pt_BR\superstore-5@2x.png","38124"
"C:\Program Files\Tableau\Tableau 2026.2\help\Workbooks\pt_BR\superstore-6@2x.png","39898"
"C:\Program Files\Tableau\Tableau 2026.2\help\Workbooks\pt_BR\superstore-7@2x.png","76596"
"C:\Program Files\Tableau\Tableau 2026.2\help\Workbooks\pt_BR\superstore@2X.png","55110"
"C:\Program Files\Tableau\Tableau 2026.2\help\Workbooks\pt_BR\worldindicators-1@2x.png","24898"
"C:\Program Files\Tableau\Tableau 2026.2\help\Workbooks\pt_BR\worldindicators-2@2x.png","48097"
"C:\Program Files\Tableau\Tableau 2026.2\help\Workbooks\pt_BR\worldindicators-3@2x.png","30959"
"C:\Program Files\Tableau\Tableau 2026.2\help\Workbooks\pt_BR\worldindicators-4@2x.png","4832"
"C:\Program Files\Tableau\Tableau 2026.2\help\Workbooks\pt_BR\worldindicators-5@2x.png","6808"
"C:\Program Files\Tableau\Tableau 2026.2\help\Workbooks\pt_BR\worldindicators-6@2x.png","8030"
"C:\Program Files\Tableau\Tableau 2026.2\help\Workbooks\pt_BR\worldindicators-7@2x.png","10698"
"C:\Program Files\Tableau\Tableau 2026.2\help\Workbooks\pt_BR\worldindicators-8@2x.png","27504"
"C:\Program Files\Tableau\Tableau 2026.2\help\Workbooks\pt_BR\worldindicators@2X.png","45730"
"C:\Program Files\Tableau\Tableau 2026.2\help\Workbooks\sv_SE\Globala indikatorer.twbx","308025"
"C:\Program Files\Tableau\Tableau 2026.2\help\Workbooks\sv_SE\samples.manifest","525"
"C:\Program Files\Tableau\Tableau 2026.2\help\Workbooks\sv_SE\superstore-1@2x.png","122964"
"C:\Program Files\Tableau\Tableau 2026.2\help\Workbooks\sv_SE\superstore-2@2x.png","62817"
"C:\Program Files\Tableau\Tableau 2026.2\help\Workbooks\sv_SE\superstore-3@2x.png","51509"
"C:\Program Files\Tableau\Tableau 2026.2\help\Workbooks\sv_SE\superstore-4@2x.png","36801"
"C:\Program Files\Tableau\Tableau 2026.2\help\Workbooks\sv_SE\superstore-5@2x.png","27826"
"C:\Program Files\Tableau\Tableau 2026.2\help\Workbooks\sv_SE\superstore-6@2x.png","36652"
"C:\Program Files\Tableau\Tableau 2026.2\help\Workbooks\sv_SE\superstore-7@2x.png","97331"
"C:\Program Files\Tableau\Tableau 2026.2\help\Workbooks\sv_SE\Superstore.twbx","1970424"
"C:\Program Files\Tableau\Tableau 2026.2\help\Workbooks\sv_SE\superstore@2X.png","55110"
"C:\Program Files\Tableau\Tableau 2026.2\help\Workbooks\sv_SE\worldindicators-1@2x.png","57382"
"C:\Program Files\Tableau\Tableau 2026.2\help\Workbooks\sv_SE\worldindicators-2@2x.png","45607"
"C:\Program Files\Tableau\Tableau 2026.2\help\Workbooks\sv_SE\worldindicators-3@2x.png","27775"
"C:\Program Files\Tableau\Tableau 2026.2\help\Workbooks\sv_SE\worldindicators-4@2x.png","20287"
"C:\Program Files\Tableau\Tableau 2026.2\help\Workbooks\sv_SE\worldindicators-5@2x.png","27684"
"C:\Program Files\Tableau\Tableau 2026.2\help\Workbooks\sv_SE\worldindicators-6@2x.png","32337"
"C:\Program Files\Tableau\Tableau 2026.2\help\Workbooks\sv_SE\worldindicators-7@2x.png","47219"
"C:\Program Files\Tableau\Tableau 2026.2\help\Workbooks\sv_SE\worldindicators-8@2x.png","79273"
"C:\Program Files\Tableau\Tableau 2026.2\help\Workbooks\sv_SE\worldindicators@2X.png","45730"
"C:\Program Files\Tableau\Tableau 2026.2\help\Workbooks\th_TH\samples.manifest","603"
"C:\Program Files\Tableau\Tableau 2026.2\help\Workbooks\th_TH\superstore-1@2x.png","18198"
"C:\Program Files\Tableau\Tableau 2026.2\help\Workbooks\th_TH\superstore-2@2x.png","62817"
"C:\Program Files\Tableau\Tableau 2026.2\help\Workbooks\th_TH\superstore-3@2x.png","51509"
"C:\Program Files\Tableau\Tableau 2026.2\help\Workbooks\th_TH\superstore-4@2x.png","36801"
"C:\Program Files\Tableau\Tableau 2026.2\help\Workbooks\th_TH\superstore-5@2x.png","27826"
"C:\Program Files\Tableau\Tableau 2026.2\help\Workbooks\th_TH\superstore-6@2x.png","36652"
"C:\Program Files\Tableau\Tableau 2026.2\help\Workbooks\th_TH\superstore-7@2x.png","97331"
"C:\Program Files\Tableau\Tableau 2026.2\help\Workbooks\th_TH\Superstore.twbx","2116029"
"C:\Program Files\Tableau\Tableau 2026.2\help\Workbooks\th_TH\superstore@2X.png","55110"
"C:\Program Files\Tableau\Tableau 2026.2\help\Workbooks\th_TH\worldindicators-1@2x.png","78290"
"C:\Program Files\Tableau\Tableau 2026.2\help\Workbooks\th_TH\worldindicators-2@2x.png","45849"
"C:\Program Files\Tableau\Tableau 2026.2\help\Workbooks\th_TH\worldindicators-3@2x.png","32101"
"C:\Program Files\Tableau\Tableau 2026.2\help\Workbooks\th_TH\worldindicators-4@2x.png","16217"
"C:\Program Files\Tableau\Tableau 2026.2\help\Workbooks\th_TH\worldindicators-5@2x.png","21343"
"C:\Program Files\Tableau\Tableau 2026.2\help\Workbooks\th_TH\worldindicators-6@2x.png","31123"
"C:\Program Files\Tableau\Tableau 2026.2\help\Workbooks\th_TH\worldindicators-7@2x.png","42850"
"C:\Program Files\Tableau\Tableau 2026.2\help\Workbooks\th_TH\worldindicators-8@2x.png","77834"
"C:\Program Files\Tableau\Tableau 2026.2\help\Workbooks\th_TH\worldindicators@2X.png","45730"
"C:\Program Files\Tableau\Tableau 2026.2\help\Workbooks\th_TH\???????????????.twbx","310460"
"C:\Program Files\Tableau\Tableau 2026.2\help\Workbooks\zh_CN\samples.manifest","509"
"C:\Program Files\Tableau\Tableau 2026.2\help\Workbooks\zh_CN\superstore-1@2x.png","103829"
"C:\Program Files\Tableau\Tableau 2026.2\help\Workbooks\zh_CN\superstore-2@2x.png","11475"
"C:\Program Files\Tableau\Tableau 2026.2\help\Workbooks\zh_CN\superstore-3@2x.png","45098"
"C:\Program Files\Tableau\Tableau 2026.2\help\Workbooks\zh_CN\superstore-4@2x.png","67802"
"C:\Program Files\Tableau\Tableau 2026.2\help\Workbooks\zh_CN\superstore-5@2x.png","18292"
"C:\Program Files\Tableau\Tableau 2026.2\help\Workbooks\zh_CN\superstore-6@2x.png","81725"
"C:\Program Files\Tableau\Tableau 2026.2\help\Workbooks\zh_CN\superstore@2X.png","55110"
"C:\Program Files\Tableau\Tableau 2026.2\help\Workbooks\zh_CN\worldindicators-1@2x.png","71042"
"C:\Program Files\Tableau\Tableau 2026.2\help\Workbooks\zh_CN\worldindicators-2@2x.png","45792"
"C:\Program Files\Tableau\Tableau 2026.2\help\Workbooks\zh_CN\worldindicators-3@2x.png","8165"
"C:\Program Files\Tableau\Tableau 2026.2\help\Workbooks\zh_CN\worldindicators-4@2x.png","4378"
"C:\Program Files\Tableau\Tableau 2026.2\help\Workbooks\zh_CN\worldindicators-5@2x.png","8807"
"C:\Program Files\Tableau\Tableau 2026.2\help\Workbooks\zh_CN\worldindicators-6@2x.png","24948"
"C:\Program Files\Tableau\Tableau 2026.2\help\Workbooks\zh_CN\worldindicators-7@2x.png","10112"
"C:\Program Files\Tableau\Tableau 2026.2\help\Workbooks\zh_CN\worldindicators-8@2x.png","76543"
"C:\Program Files\Tableau\Tableau 2026.2\help\Workbooks\zh_CN\worldindicators@2X.png","45730"
"C:\Program Files\Tableau\Tableau 2026.2\help\Workbooks\zh_CN\????.twbx","355860"
"C:\Program Files\Tableau\Tableau 2026.2\help\Workbooks\zh_CN\????.twbx","2006140"
"C:\Program Files\Tableau\Tableau 2026.2\help\Workbooks\zh_TW\samples.manifest","510"
"C:\Program Files\Tableau\Tableau 2026.2\help\Workbooks\zh_TW\superstore-1@2x.png","20036"
"C:\Program Files\Tableau\Tableau 2026.2\help\Workbooks\zh_TW\superstore-2@2x.png","19087"
"C:\Program Files\Tableau\Tableau 2026.2\help\Workbooks\zh_TW\superstore-3@2x.png","6508"
"C:\Program Files\Tableau\Tableau 2026.2\help\Workbooks\zh_TW\superstore-4@2x.png","8787"
"C:\Program Files\Tableau\Tableau 2026.2\help\Workbooks\zh_TW\superstore-5@2x.png","10188"
"C:\Program Files\Tableau\Tableau 2026.2\help\Workbooks\zh_TW\superstore-6@2x.png","9982"
"C:\Program Files\Tableau\Tableau 2026.2\help\Workbooks\zh_TW\superstore-7@2x.png","34224"
"C:\Program Files\Tableau\Tableau 2026.2\help\Workbooks\zh_TW\superstore@2X.png","55110"
"C:\Program Files\Tableau\Tableau 2026.2\help\Workbooks\zh_TW\worldindicators-1@2x.png","78290"
"C:\Program Files\Tableau\Tableau 2026.2\help\Workbooks\zh_TW\worldindicators-2@2x.png","45849"
"C:\Program Files\Tableau\Tableau 2026.2\help\Workbooks\zh_TW\worldindicators-3@2x.png","32101"
"C:\Program Files\Tableau\Tableau 2026.2\help\Workbooks\zh_TW\worldindicators-4@2x.png","16217"
"C:\Program Files\Tableau\Tableau 2026.2\help\Workbooks\zh_TW\worldindicators-5@2x.png","21343"
"C:\Program Files\Tableau\Tableau 2026.2\help\Workbooks\zh_TW\worldindicators-6@2x.png","31123"
"C:\Program Files\Tableau\Tableau 2026.2\help\Workbooks\zh_TW\worldindicators-7@2x.png","42850"
"C:\Program Files\Tableau\Tableau 2026.2\help\Workbooks\zh_TW\worldindicators-8@2x.png","77834"
"C:\Program Files\Tableau\Tableau 2026.2\help\Workbooks\zh_TW\worldindicators@2X.png","45730"
"C:\Program Files\Tableau\Tableau 2026.2\help\Workbooks\zh_TW\????.twbx","356532"
"C:\Program Files\Tableau\Tableau 2026.2\help\Workbooks\zh_TW\????.twbx","2134418"
"C:\Program Files\Tableau\Tableau 2026.2\HybridUI\plugin-host-desktop.rcc","191297810"
"C:\Program Files\Tableau\Tableau 2026.2\HybridUI\vizclient-static-assets.rcc","86165770"
"C:\Program Files\Tableau\Tableau 2026.2\Local\data\Airport.tds","4379"
"C:\Program Files\Tableau\Tableau 2026.2\Local\data\AreaCode.tds","3217"
"C:\Program Files\Tableau\Tableau 2026.2\Local\data\City.tds","4286"
"C:\Program Files\Tableau\Tableau 2026.2\Local\data\CMSA.tds","4522"
"C:\Program Files\Tableau\Tableau 2026.2\Local\data\Congress.tds","4652"
"C:\Program Files\Tableau\Tableau 2026.2\Local\data\Country.tds","5455"
"C:\Program Files\Tableau\Tableau 2026.2\Local\data\County.tds","4590"
"C:\Program Files\Tableau\Tableau 2026.2\Local\data\GeocodingData.hyper","178978816"
"C:\Program Files\Tableau\Tableau 2026.2\Local\data\GeocodingHierarchy.json","124056"
"C:\Program Files\Tableau\Tableau 2026.2\Local\data\GeographicSearch.gdb","44476531"
"C:\Program Files\Tableau\Tableau 2026.2\Local\data\NUTS.tds","4528"
"C:\Program Files\Tableau\Tableau 2026.2\Local\data\State.tds","4568"
"C:\Program Files\Tableau\Tableau 2026.2\Local\data\ZipCode.tds","2770"
"C:\Program Files\Tableau\Tableau 2026.2\Local\Maps\CN\normal\0\0\0.png","10007"
"C:\Program Files\Tableau\Tableau 2026.2\Local\Maps\CN\normal\1\0\0.png","7968"
"C:\Program Files\Tableau\Tableau 2026.2\Local\Maps\CN\normal\1\0\1.png","3996"
"C:\Program Files\Tableau\Tableau 2026.2\Local\Maps\CN\normal\1\1\0.png","9777"
"C:\Program Files\Tableau\Tableau 2026.2\Local\Maps\CN\normal\1\1\1.png","3557"
"C:\Program Files\Tableau\Tableau 2026.2\Local\Maps\CN\normal\2\0\0.png","3875"
"C:\Program Files\Tableau\Tableau 2026.2\Local\Maps\CN\normal\2\0\1.png","3724"
"C:\Program Files\Tableau\Tableau 2026.2\Local\Maps\CN\normal\2\0\2.png","261"
"C:\Program Files\Tableau\Tableau 2026.2\Local\Maps\CN\normal\2\0\3.png","2317"
"C:\Program Files\Tableau\Tableau 2026.2\Local\Maps\CN\normal\2\1\0.png","5551"
"C:\Program Files\Tableau\Tableau 2026.2\Local\Maps\CN\normal\2\1\1.png","6463"
"C:\Program Files\Tableau\Tableau 2026.2\Local\Maps\CN\normal\2\1\2.png","3503"
"C:\Program Files\Tableau\Tableau 2026.2\Local\Maps\CN\normal\2\1\3.png","3394"
"C:\Program Files\Tableau\Tableau 2026.2\Local\Maps\CN\normal\2\2\0.png","4042"
"C:\Program Files\Tableau\Tableau 2026.2\Local\Maps\CN\normal\2\2\1.png","11414"
"C:\Program Files\Tableau\Tableau 2026.2\Local\Maps\CN\normal\2\2\2.png","2737"
"C:\Program Files\Tableau\Tableau 2026.2\Local\Maps\CN\normal\2\2\3.png","1295"
"C:\Program Files\Tableau\Tableau 2026.2\Local\Maps\CN\normal\2\3\0.png","2307"
"C:\Program Files\Tableau\Tableau 2026.2\Local\Maps\CN\normal\2\3\1.png","5545"
"C:\Program Files\Tableau\Tableau 2026.2\Local\Maps\CN\normal\2\3\2.png","2857"
"C:\Program Files\Tableau\Tableau 2026.2\Local\Maps\CN\normal\2\3\3.png","1492"
"C:\Program Files\Tableau\Tableau 2026.2\Local\Maps\CN\normal\3\0\0.png","103"
"C:\Program Files\Tableau\Tableau 2026.2\Local\Maps\CN\normal\3\0\1.png","1327"
"C:\Program Files\Tableau\Tableau 2026.2\Local\Maps\CN\normal\3\0\2.png","2784"
"C:\Program Files\Tableau\Tableau 2026.2\Local\Maps\CN\normal\3\0\3.png","517"
"C:\Program Files\Tableau\Tableau 2026.2\Local\Maps\CN\normal\3\0\4.png","729"
"C:\Program Files\Tableau\Tableau 2026.2\Local\Maps\CN\normal\3\0\5.png","269"
"C:\Program Files\Tableau\Tableau 2026.2\Local\Maps\CN\normal\3\0\6.png","1423"
"C:\Program Files\Tableau\Tableau 2026.2\Local\Maps\CN\normal\3\0\7.png","2212"
"C:\Program Files\Tableau\Tableau 2026.2\Local\Maps\CN\normal\3\1\0.png","1053"
"C:\Program Files\Tableau\Tableau 2026.2\Local\Maps\CN\normal\3\1\1.png","7104"
"C:\Program Files\Tableau\Tableau 2026.2\Local\Maps\CN\normal\3\1\2.png","6277"
"C:\Program Files\Tableau\Tableau 2026.2\Local\Maps\CN\normal\3\1\3.png","3188"
"C:\Program Files\Tableau\Tableau 2026.2\Local\Maps\CN\normal\3\1\4.png","341"
"C:\Program Files\Tableau\Tableau 2026.2\Local\Maps\CN\normal\3\1\5.png","103"
"C:\Program Files\Tableau\Tableau 2026.2\Local\Maps\CN\normal\3\1\6.png","1840"
"C:\Program Files\Tableau\Tableau 2026.2\Local\Maps\CN\normal\3\1\7.png","258"
"C:\Program Files\Tableau\Tableau 2026.2\Local\Maps\CN\normal\3\2\0.png","4178"
"C:\Program Files\Tableau\Tableau 2026.2\Local\Maps\CN\normal\3\2\1.png","5714"
"C:\Program Files\Tableau\Tableau 2026.2\Local\Maps\CN\normal\3\2\2.png","7397"
"C:\Program Files\Tableau\Tableau 2026.2\Local\Maps\CN\normal\3\2\3.png","5600"
"C:\Program Files\Tableau\Tableau 2026.2\Local\Maps\CN\normal\3\2\4.png","4523"
"C:\Program Files\Tableau\Tableau 2026.2\Local\Maps\CN\normal\3\2\5.png","3152"
"C:\Program Files\Tableau\Tableau 2026.2\Local\Maps\CN\normal\3\2\6.png","3331"
"C:\Program Files\Tableau\Tableau 2026.2\Local\Maps\CN\normal\3\2\7.png","2254"
"C:\Program Files\Tableau\Tableau 2026.2\Local\Maps\CN\normal\3\3\0.png","2517"
"C:\Program Files\Tableau\Tableau 2026.2\Local\Maps\CN\normal\3\3\1.png","2464"
"C:\Program Files\Tableau\Tableau 2026.2\Local\Maps\CN\normal\3\3\2.png","2691"
"C:\Program Files\Tableau\Tableau 2026.2\Local\Maps\CN\normal\3\3\3.png","3603"
"C:\Program Files\Tableau\Tableau 2026.2\Local\Maps\CN\normal\3\3\4.png","896"
"C:\Program Files\Tableau\Tableau 2026.2\Local\Maps\CN\normal\3\3\5.png","380"
"C:\Program Files\Tableau\Tableau 2026.2\Local\Maps\CN\normal\3\3\6.png","1542"
"C:\Program Files\Tableau\Tableau 2026.2\Local\Maps\CN\normal\3\3\7.png","1082"
"C:\Program Files\Tableau\Tableau 2026.2\Local\Maps\CN\normal\3\4\0.png","1294"
"C:\Program Files\Tableau\Tableau 2026.2\Local\Maps\CN\normal\3\4\1.png","3586"
"C:\Program Files\Tableau\Tableau 2026.2\Local\Maps\CN\normal\3\4\2.png","9881"
"C:\Program Files\Tableau\Tableau 2026.2\Local\Maps\CN\normal\3\4\3.png","8530"
"C:\Program Files\Tableau\Tableau 2026.2\Local\Maps\CN\normal\3\4\4.png","5290"
"C:\Program Files\Tableau\Tableau 2026.2\Local\Maps\CN\normal\3\4\5.png","269"
"C:\Program Files\Tableau\Tableau 2026.2\Local\Maps\CN\normal\3\4\6.png","1260"
"C:\Program Files\Tableau\Tableau 2026.2\Local\Maps\CN\normal\3\4\7.png","258"
"C:\Program Files\Tableau\Tableau 2026.2\Local\Maps\CN\normal\3\5\0.png","1797"
"C:\Program Files\Tableau\Tableau 2026.2\Local\Maps\CN\normal\3\5\1.png","3801"
"C:\Program Files\Tableau\Tableau 2026.2\Local\Maps\CN\normal\3\5\2.png","4233"
"C:\Program Files\Tableau\Tableau 2026.2\Local\Maps\CN\normal\3\5\3.png","8402"
"C:\Program Files\Tableau\Tableau 2026.2\Local\Maps\CN\normal\3\5\4.png","783"
"C:\Program Files\Tableau\Tableau 2026.2\Local\Maps\CN\normal\3\5\5.png","551"
"C:\Program Files\Tableau\Tableau 2026.2\Local\Maps\CN\normal\3\5\6.png","1438"
"C:\Program Files\Tableau\Tableau 2026.2\Local\Maps\CN\normal\3\5\7.png","258"
"C:\Program Files\Tableau\Tableau 2026.2\Local\Maps\CN\normal\3\6\0.png","1058"
"C:\Program Files\Tableau\Tableau 2026.2\Local\Maps\CN\normal\3\6\1.png","2680"
"C:\Program Files\Tableau\Tableau 2026.2\Local\Maps\CN\normal\3\6\2.png","4419"
"C:\Program Files\Tableau\Tableau 2026.2\Local\Maps\CN\normal\3\6\3.png","10694"
"C:\Program Files\Tableau\Tableau 2026.2\Local\Maps\CN\normal\3\6\4.png","3008"
"C:\Program Files\Tableau\Tableau 2026.2\Local\Maps\CN\normal\3\6\5.png","761"
"C:\Program Files\Tableau\Tableau 2026.2\Local\Maps\CN\normal\3\6\6.png","791"
"C:\Program Files\Tableau\Tableau 2026.2\Local\Maps\CN\normal\3\6\7.png","258"
"C:\Program Files\Tableau\Tableau 2026.2\Local\Maps\CN\normal\3\7\0.png","103"
"C:\Program Files\Tableau\Tableau 2026.2\Local\Maps\CN\normal\3\7\1.png","2035"
"C:\Program Files\Tableau\Tableau 2026.2\Local\Maps\CN\normal\3\7\2.png","2991"
"C:\Program Files\Tableau\Tableau 2026.2\Local\Maps\CN\normal\3\7\3.png","944"
"C:\Program Files\Tableau\Tableau 2026.2\Local\Maps\CN\normal\3\7\4.png","3719"
"C:\Program Files\Tableau\Tableau 2026.2\Local\Maps\CN\normal\3\7\5.png","958"
"C:\Program Files\Tableau\Tableau 2026.2\Local\Maps\CN\normal\3\7\6.png","1898"
"C:\Program Files\Tableau\Tableau 2026.2\Local\Maps\CN\normal\3\7\7.png","1218"
"C:\Program Files\Tableau\Tableau 2026.2\Local\Maps\CN\normal\4\0\0.png","103"
"C:\Program Files\Tableau\Tableau 2026.2\Local\Maps\CN\normal\4\0\1.png","103"
"C:\Program Files\Tableau\Tableau 2026.2\Local\Maps\CN\normal\4\0\10.png","427"
"C:\Program Files\Tableau\Tableau 2026.2\Local\Maps\CN\normal\4\0\11.png","103"
"C:\Program Files\Tableau\Tableau 2026.2\Local\Maps\CN\normal\4\0\12.png","103"
"C:\Program Files\Tableau\Tableau 2026.2\Local\Maps\CN\normal\4\0\13.png","725"
"C:\Program Files\Tableau\Tableau 2026.2\Local\Maps\CN\normal\4\0\14.png","975"
"C:\Program Files\Tableau\Tableau 2026.2\Local\Maps\CN\normal\4\0\15.png","2550"
"C:\Program Files\Tableau\Tableau 2026.2\Local\Maps\CN\normal\4\0\2.png","103"
"C:\Program Files\Tableau\Tableau 2026.2\Local\Maps\CN\normal\4\0\3.png","1631"
"C:\Program Files\Tableau\Tableau 2026.2\Local\Maps\CN\normal\4\0\4.png","3675"
"C:\Program Files\Tableau\Tableau 2026.2\Local\Maps\CN\normal\4\0\5.png","1352"
"C:\Program Files\Tableau\Tableau 2026.2\Local\Maps\CN\normal\4\0\6.png","325"
"C:\Program Files\Tableau\Tableau 2026.2\Local\Maps\CN\normal\4\0\7.png","370"
"C:\Program Files\Tableau\Tableau 2026.2\Local\Maps\CN\normal\4\0\8.png","719"
"C:\Program Files\Tableau\Tableau 2026.2\Local\Maps\CN\normal\4\0\9.png","253"
"C:\Program Files\Tableau\Tableau 2026.2\Local\Maps\CN\normal\4\1\0.png","103"
"C:\Program Files\Tableau\Tableau 2026.2\Local\Maps\CN\normal\4\1\1.png","103"
"C:\Program Files\Tableau\Tableau 2026.2\Local\Maps\CN\normal\4\1\10.png","103"
"C:\Program Files\Tableau\Tableau 2026.2\Local\Maps\CN\normal\4\1\11.png","103"
"C:\Program Files\Tableau\Tableau 2026.2\Local\Maps\CN\normal\4\1\12.png","103"
"C:\Program Files\Tableau\Tableau 2026.2\Local\Maps\CN\normal\4\1\13.png","2433"
"C:\Program Files\Tableau\Tableau 2026.2\Local\Maps\CN\normal\4\1\14.png","1346"
"C:\Program Files\Tableau\Tableau 2026.2\Local\Maps\CN\normal\4\1\15.png","670"
"C:\Program Files\Tableau\Tableau 2026.2\Local\Maps\CN\normal\4\1\2.png","103"
"C:\Program Files\Tableau\Tableau 2026.2\Local\Maps\CN\normal\4\1\3.png","1388"
"C:\Program Files\Tableau\Tableau 2026.2\Local\Maps\CN\normal\4\1\4.png","4029"
"C:\Program Files\Tableau\Tableau 2026.2\Local\Maps\CN\normal\4\1\5.png","103"
"C:\Program Files\Tableau\Tableau 2026.2\Local\Maps\CN\normal\4\1\6.png","103"
"C:\Program Files\Tableau\Tableau 2026.2\Local\Maps\CN\normal\4\1\7.png","558"
"C:\Program Files\Tableau\Tableau 2026.2\Local\Maps\CN\normal\4\1\8.png","818"
"C:\Program Files\Tableau\Tableau 2026.2\Local\Maps\CN\normal\4\1\9.png","287"
"C:\Program Files\Tableau\Tableau 2026.2\Local\Maps\CN\normal\4\10\0.png","103"
"C:\Program Files\Tableau\Tableau 2026.2\Local\Maps\CN\normal\4\10\1.png","3386"
"C:\Program Files\Tableau\Tableau 2026.2\Local\Maps\CN\normal\4\10\10.png","280"
"C:\Program Files\Tableau\Tableau 2026.2\Local\Maps\CN\normal\4\10\11.png","531"
"C:\Program Files\Tableau\Tableau 2026.2\Local\Maps\CN\normal\4\10\12.png","1312"
"C:\Program Files\Tableau\Tableau 2026.2\Local\Maps\CN\normal\4\10\13.png","175"
"C:\Program Files\Tableau\Tableau 2026.2\Local\Maps\CN\normal\4\10\14.png","175"
"C:\Program Files\Tableau\Tableau 2026.2\Local\Maps\CN\normal\4\10\15.png","255"
"C:\Program Files\Tableau\Tableau 2026.2\Local\Maps\CN\normal\4\10\2.png","1574"
"C:\Program Files\Tableau\Tableau 2026.2\Local\Maps\CN\normal\4\10\3.png","3152"
"C:\Program Files\Tableau\Tableau 2026.2\Local\Maps\CN\normal\4\10\4.png","1285"
"C:\Program Files\Tableau\Tableau 2026.2\Local\Maps\CN\normal\4\10\5.png","8663"
"C:\Program Files\Tableau\Tableau 2026.2\Local\Maps\CN\normal\4\10\6.png","9377"
"C:\Program Files\Tableau\Tableau 2026.2\Local\Maps\CN\normal\4\10\7.png","2939"
"C:\Program Files\Tableau\Tableau 2026.2\Local\Maps\CN\normal\4\10\8.png","1088"
"C:\Program Files\Tableau\Tableau 2026.2\Local\Maps\CN\normal\4\10\9.png","483"
"C:\Program Files\Tableau\Tableau 2026.2\Local\Maps\CN\normal\4\11\0.png","103"
"C:\Program Files\Tableau\Tableau 2026.2\Local\Maps\CN\normal\4\11\1.png","563"
"C:\Program Files\Tableau\Tableau 2026.2\Local\Maps\CN\normal\4\11\10.png","607"
"C:\Program Files\Tableau\Tableau 2026.2\Local\Maps\CN\normal\4\11\11.png","166"
"C:\Program Files\Tableau\Tableau 2026.2\Local\Maps\CN\normal\4\11\12.png","1860"
"C:\Program Files\Tableau\Tableau 2026.2\Local\Maps\CN\normal\4\11\13.png","175"
"C:\Program Files\Tableau\Tableau 2026.2\Local\Maps\CN\normal\4\11\14.png","175"
"C:\Program Files\Tableau\Tableau 2026.2\Local\Maps\CN\normal\4\11\15.png","255"
"C:\Program Files\Tableau\Tableau 2026.2\Local\Maps\CN\normal\4\11\2.png","1301"
"C:\Program Files\Tableau\Tableau 2026.2\Local\Maps\CN\normal\4\11\3.png","4599"
"C:\Program Files\Tableau\Tableau 2026.2\Local\Maps\CN\normal\4\11\4.png","787"
"C:\Program Files\Tableau\Tableau 2026.2\Local\Maps\CN\normal\4\11\5.png","8508"
"C:\Program Files\Tableau\Tableau 2026.2\Local\Maps\CN\normal\4\11\6.png","15729"
"C:\Program Files\Tableau\Tableau 2026.2\Local\Maps\CN\normal\4\11\7.png","4860"
"C:\Program Files\Tableau\Tableau 2026.2\Local\Maps\CN\normal\4\11\8.png","281"
"C:\Program Files\Tableau\Tableau 2026.2\Local\Maps\CN\normal\4\11\9.png","261"
"C:\Program Files\Tableau\Tableau 2026.2\Local\Maps\CN\normal\4\12\0.png","103"
"C:\Program Files\Tableau\Tableau 2026.2\Local\Maps\CN\normal\4\12\1.png","1980"
"C:\Program Files\Tableau\Tableau 2026.2\Local\Maps\CN\normal\4\12\10.png","103"
"C:\Program Files\Tableau\Tableau 2026.2\Local\Maps\CN\normal\4\12\11.png","912"
"C:\Program Files\Tableau\Tableau 2026.2\Local\Maps\CN\normal\4\12\12.png","740"
"C:\Program Files\Tableau\Tableau 2026.2\Local\Maps\CN\normal\4\12\13.png","175"
"C:\Program Files\Tableau\Tableau 2026.2\Local\Maps\CN\normal\4\12\14.png","175"
"C:\Program Files\Tableau\Tableau 2026.2\Local\Maps\CN\normal\4\12\15.png","255"
"C:\Program Files\Tableau\Tableau 2026.2\Local\Maps\CN\normal\4\12\2.png","3792"
"C:\Program Files\Tableau\Tableau 2026.2\Local\Maps\CN\normal\4\12\3.png","1883"
"C:\Program Files\Tableau\Tableau 2026.2\Local\Maps\CN\normal\4\12\4.png","1228"
"C:\Program Files\Tableau\Tableau 2026.2\Local\Maps\CN\normal\4\12\5.png","6697"
"C:\Program Files\Tableau\Tableau 2026.2\Local\Maps\CN\normal\4\12\6.png","13025"
"C:\Program Files\Tableau\Tableau 2026.2\Local\Maps\CN\normal\4\12\7.png","10749"
"C:\Program Files\Tableau\Tableau 2026.2\Local\Maps\CN\normal\4\12\8.png","1650"
"C:\Program Files\Tableau\Tableau 2026.2\Local\Maps\CN\normal\4\12\9.png","103"
"C:\Program Files\Tableau\Tableau 2026.2\Local\Maps\CN\normal\4\13\0.png","103"
"C:\Program Files\Tableau\Tableau 2026.2\Local\Maps\CN\normal\4\13\1.png","103"
"C:\Program Files\Tableau\Tableau 2026.2\Local\Maps\CN\normal\4\13\10.png","103"
"C:\Program Files\Tableau\Tableau 2026.2\Local\Maps\CN\normal\4\13\11.png","653"
"C:\Program Files\Tableau\Tableau 2026.2\Local\Maps\CN\normal\4\13\12.png","975"
"C:\Program Files\Tableau\Tableau 2026.2\Local\Maps\CN\normal\4\13\13.png","175"
"C:\Program Files\Tableau\Tableau 2026.2\Local\Maps\CN\normal\4\13\14.png","175"
"C:\Program Files\Tableau\Tableau 2026.2\Local\Maps\CN\normal\4\13\15.png","255"
"C:\Program Files\Tableau\Tableau 2026.2\Local\Maps\CN\normal\4\13\2.png","773"
"C:\Program Files\Tableau\Tableau 2026.2\Local\Maps\CN\normal\4\13\3.png","1888"
"C:\Program Files\Tableau\Tableau 2026.2\Local\Maps\CN\normal\4\13\4.png","193"
"C:\Program Files\Tableau\Tableau 2026.2\Local\Maps\CN\normal\4\13\5.png","9038"
"C:\Program Files\Tableau\Tableau 2026.2\Local\Maps\CN\normal\4\13\6.png","10114"
"C:\Program Files\Tableau\Tableau 2026.2\Local\Maps\CN\normal\4\13\7.png","5394"
"C:\Program Files\Tableau\Tableau 2026.2\Local\Maps\CN\normal\4\13\8.png","4832"
"C:\Program Files\Tableau\Tableau 2026.2\Local\Maps\CN\normal\4\13\9.png","2161"
"C:\Program Files\Tableau\Tableau 2026.2\Local\Maps\CN\normal\4\14\0.png","103"
"C:\Program Files\Tableau\Tableau 2026.2\Local\Maps\CN\normal\4\14\1.png","103"
"C:\Program Files\Tableau\Tableau 2026.2\Local\Maps\CN\normal\4\14\10.png","772"
"C:\Program Files\Tableau\Tableau 2026.2\Local\Maps\CN\normal\4\14\11.png","475"
"C:\Program Files\Tableau\Tableau 2026.2\Local\Maps\CN\normal\4\14\12.png","1146"
"C:\Program Files\Tableau\Tableau 2026.2\Local\Maps\CN\normal\4\14\13.png","175"
"C:\Program Files\Tableau\Tableau 2026.2\Local\Maps\CN\normal\4\14\14.png","175"
"C:\Program Files\Tableau\Tableau 2026.2\Local\Maps\CN\normal\4\14\15.png","255"
"C:\Program Files\Tableau\Tableau 2026.2\Local\Maps\CN\normal\4\14\2.png","1749"
"C:\Program Files\Tableau\Tableau 2026.2\Local\Maps\CN\normal\4\14\3.png","2060"
"C:\Program Files\Tableau\Tableau 2026.2\Local\Maps\CN\normal\4\14\4.png","1307"
"C:\Program Files\Tableau\Tableau 2026.2\Local\Maps\CN\normal\4\14\5.png","3614"
"C:\Program Files\Tableau\Tableau 2026.2\Local\Maps\CN\normal\4\14\6.png","2556"
"C:\Program Files\Tableau\Tableau 2026.2\Local\Maps\CN\normal\4\14\7.png","519"
"C:\Program Files\Tableau\Tableau 2026.2\Local\Maps\CN\normal\4\14\8.png","3809"
"C:\Program Files\Tableau\Tableau 2026.2\Local\Maps\CN\normal\4\14\9.png","3543"
"C:\Program Files\Tableau\Tableau 2026.2\Local\Maps\CN\normal\4\15\0.png","103"
"C:\Program Files\Tableau\Tableau 2026.2\Local\Maps\CN\normal\4\15\1.png","103"
"C:\Program Files\Tableau\Tableau 2026.2\Local\Maps\CN\normal\4\15\10.png","1456"
"C:\Program Files\Tableau\Tableau 2026.2\Local\Maps\CN\normal\4\15\11.png","291"
"C:\Program Files\Tableau\Tableau 2026.2\Local\Maps\CN\normal\4\15\12.png","1810"
"C:\Program Files\Tableau\Tableau 2026.2\Local\Maps\CN\normal\4\15\13.png","1967"
"C:\Program Files\Tableau\Tableau 2026.2\Local\Maps\CN\normal\4\15\14.png","1461"
"C:\Program Files\Tableau\Tableau 2026.2\Local\Maps\CN\normal\4\15\15.png","1137"
"C:\Program Files\Tableau\Tableau 2026.2\Local\Maps\CN\normal\4\15\2.png","103"
"C:\Program Files\Tableau\Tableau 2026.2\Local\Maps\CN\normal\4\15\3.png","1702"
"C:\Program Files\Tableau\Tableau 2026.2\Local\Maps\CN\normal\4\15\4.png","2396"
"C:\Program Files\Tableau\Tableau 2026.2\Local\Maps\CN\normal\4\15\5.png","932"
"C:\Program Files\Tableau\Tableau 2026.2\Local\Maps\CN\normal\4\15\6.png","103"
"C:\Program Files\Tableau\Tableau 2026.2\Local\Maps\CN\normal\4\15\7.png","444"
"C:\Program Files\Tableau\Tableau 2026.2\Local\Maps\CN\normal\4\15\8.png","1790"
"C:\Program Files\Tableau\Tableau 2026.2\Local\Maps\CN\normal\4\15\9.png","1247"
"C:\Program Files\Tableau\Tableau 2026.2\Local\Maps\CN\normal\4\2\0.png","103"
"C:\Program Files\Tableau\Tableau 2026.2\Local\Maps\CN\normal\4\2\1.png","103"
"C:\Program Files\Tableau\Tableau 2026.2\Local\Maps\CN\normal\4\2\10.png","103"
"C:\Program Files\Tableau\Tableau 2026.2\Local\Maps\CN\normal\4\2\11.png","103"
"C:\Program Files\Tableau\Tableau 2026.2\Local\Maps\CN\normal\4\2\12.png","829"
"C:\Program Files\Tableau\Tableau 2026.2\Local\Maps\CN\normal\4\2\13.png","1432"
"C:\Program Files\Tableau\Tableau 2026.2\Local\Maps\CN\normal\4\2\14.png","175"
"C:\Program Files\Tableau\Tableau 2026.2\Local\Maps\CN\normal\4\2\15.png","255"
"C:\Program Files\Tableau\Tableau 2026.2\Local\Maps\CN\normal\4\2\2.png","2519"
"C:\Program Files\Tableau\Tableau 2026.2\Local\Maps\CN\normal\4\2\3.png","4721"
"C:\Program Files\Tableau\Tableau 2026.2\Local\Maps\CN\normal\4\2\4.png","5788"
"C:\Program Files\Tableau\Tableau 2026.2\Local\Maps\CN\normal\4\2\5.png","5835"
"C:\Program Files\Tableau\Tableau 2026.2\Local\Maps\CN\normal\4\2\6.png","2680"
"C:\Program Files\Tableau\Tableau 2026.2\Local\Maps\CN\normal\4\2\7.png","174"
"C:\Program Files\Tableau\Tableau 2026.2\Local\Maps\CN\normal\4\2\8.png","103"
"C:\Program Files\Tableau\Tableau 2026.2\Local\Maps\CN\normal\4\2\9.png","191"
"C:\Program Files\Tableau\Tableau 2026.2\Local\Maps\CN\normal\4\3\0.png","103"
"C:\Program Files\Tableau\Tableau 2026.2\Local\Maps\CN\normal\4\3\1.png","2003"
"C:\Program Files\Tableau\Tableau 2026.2\Local\Maps\CN\normal\4\3\10.png","103"
"C:\Program Files\Tableau\Tableau 2026.2\Local\Maps\CN\normal\4\3\11.png","103"
"C:\Program Files\Tableau\Tableau 2026.2\Local\Maps\CN\normal\4\3\12.png","1662"
"C:\Program Files\Tableau\Tableau 2026.2\Local\Maps\CN\normal\4\3\13.png","1048"
"C:\Program Files\Tableau\Tableau 2026.2\Local\Maps\CN\normal\4\3\14.png","175"
"C:\Program Files\Tableau\Tableau 2026.2\Local\Maps\CN\normal\4\3\15.png","255"
"C:\Program Files\Tableau\Tableau 2026.2\Local\Maps\CN\normal\4\3\2.png","5766"
"C:\Program Files\Tableau\Tableau 2026.2\Local\Maps\CN\normal\4\3\3.png","7322"
"C:\Program Files\Tableau\Tableau 2026.2\Local\Maps\CN\normal\4\3\4.png","8112"
"C:\Program Files\Tableau\Tableau 2026.2\Local\Maps\CN\normal\4\3\5.png","7485"
"C:\Program Files\Tableau\Tableau 2026.2\Local\Maps\CN\normal\4\3\6.png","5524"
"C:\Program Files\Tableau\Tableau 2026.2\Local\Maps\CN\normal\4\3\7.png","2117"
"C:\Program Files\Tableau\Tableau 2026.2\Local\Maps\CN\normal\4\3\8.png","488"
"C:\Program Files\Tableau\Tableau 2026.2\Local\Maps\CN\normal\4\3\9.png","268"
"C:\Program Files\Tableau\Tableau 2026.2\Local\Maps\CN\normal\4\4\0.png","1226"
"C:\Program Files\Tableau\Tableau 2026.2\Local\Maps\CN\normal\4\4\1.png","4828"
"C:\Program Files\Tableau\Tableau 2026.2\Local\Maps\CN\normal\4\4\10.png","6551"
"C:\Program Files\Tableau\Tableau 2026.2\Local\Maps\CN\normal\4\4\11.png","268"
"C:\Program Files\Tableau\Tableau 2026.2\Local\Maps\CN\normal\4\4\12.png","3136"
"C:\Program Files\Tableau\Tableau 2026.2\Local\Maps\CN\normal\4\4\13.png","1913"
"C:\Program Files\Tableau\Tableau 2026.2\Local\Maps\CN\normal\4\4\14.png","1483"
"C:\Program Files\Tableau\Tableau 2026.2\Local\Maps\CN\normal\4\4\15.png","255"
"C:\Program Files\Tableau\Tableau 2026.2\Local\Maps\CN\normal\4\4\2.png","5304"
"C:\Program Files\Tableau\Tableau 2026.2\Local\Maps\CN\normal\4\4\3.png","6615"
"C:\Program Files\Tableau\Tableau 2026.2\Local\Maps\CN\normal\4\4\4.png","5540"
"C:\Program Files\Tableau\Tableau 2026.2\Local\Maps\CN\normal\4\4\5.png","10369"
"C:\Program Files\Tableau\Tableau 2026.2\Local\Maps\CN\normal\4\4\6.png","6250"
"C:\Program Files\Tableau\Tableau 2026.2\Local\Maps\CN\normal\4\4\7.png","7498"
"C:\Program Files\Tableau\Tableau 2026.2\Local\Maps\CN\normal\4\4\8.png","5890"
"C:\Program Files\Tableau\Tableau 2026.2\Local\Maps\CN\normal\4\4\9.png","3788"
"C:\Program Files\Tableau\Tableau 2026.2\Local\Maps\CN\normal\4\5\0.png","928"
"C:\Program Files\Tableau\Tableau 2026.2\Local\Maps\CN\normal\4\5\1.png","3474"
"C:\Program Files\Tableau\Tableau 2026.2\Local\Maps\CN\normal\4\5\10.png","1425"
"C:\Program Files\Tableau\Tableau 2026.2\Local\Maps\CN\normal\4\5\11.png","2270"
"C:\Program Files\Tableau\Tableau 2026.2\Local\Maps\CN\normal\4\5\12.png","2303"
"C:\Program Files\Tableau\Tableau 2026.2\Local\Maps\CN\normal\4\5\13.png","1186"
"C:\Program Files\Tableau\Tableau 2026.2\Local\Maps\CN\normal\4\5\14.png","2945"
"C:\Program Files\Tableau\Tableau 2026.2\Local\Maps\CN\normal\4\5\15.png","920"
"C:\Program Files\Tableau\Tableau 2026.2\Local\Maps\CN\normal\4\5\2.png","1566"
"C:\Program Files\Tableau\Tableau 2026.2\Local\Maps\CN\normal\4\5\3.png","3773"
"C:\Program Files\Tableau\Tableau 2026.2\Local\Maps\CN\normal\4\5\4.png","4603"
"C:\Program Files\Tableau\Tableau 2026.2\Local\Maps\CN\normal\4\5\5.png","5162"
"C:\Program Files\Tableau\Tableau 2026.2\Local\Maps\CN\normal\4\5\6.png","252"
"C:\Program Files\Tableau\Tableau 2026.2\Local\Maps\CN\normal\4\5\7.png","5274"
"C:\Program Files\Tableau\Tableau 2026.2\Local\Maps\CN\normal\4\5\8.png","4025"
"C:\Program Files\Tableau\Tableau 2026.2\Local\Maps\CN\normal\4\5\9.png","5879"
"C:\Program Files\Tableau\Tableau 2026.2\Local\Maps\CN\normal\4\6\0.png","2291"
"C:\Program Files\Tableau\Tableau 2026.2\Local\Maps\CN\normal\4\6\1.png","1710"
"C:\Program Files\Tableau\Tableau 2026.2\Local\Maps\CN\normal\4\6\10.png","508"
"C:\Program Files\Tableau\Tableau 2026.2\Local\Maps\CN\normal\4\6\11.png","358"
"C:\Program Files\Tableau\Tableau 2026.2\Local\Maps\CN\normal\4\6\12.png","103"
"C:\Program Files\Tableau\Tableau 2026.2\Local\Maps\CN\normal\4\6\13.png","1201"
"C:\Program Files\Tableau\Tableau 2026.2\Local\Maps\CN\normal\4\6\14.png","1807"
"C:\Program Files\Tableau\Tableau 2026.2\Local\Maps\CN\normal\4\6\15.png","255"
"C:\Program Files\Tableau\Tableau 2026.2\Local\Maps\CN\normal\4\6\2.png","505"
"C:\Program Files\Tableau\Tableau 2026.2\Local\Maps\CN\normal\4\6\3.png","3252"
"C:\Program Files\Tableau\Tableau 2026.2\Local\Maps\CN\normal\4\6\4.png","2011"
"C:\Program Files\Tableau\Tableau 2026.2\Local\Maps\CN\normal\4\6\5.png","103"
"C:\Program Files\Tableau\Tableau 2026.2\Local\Maps\CN\normal\4\6\6.png","496"
"C:\Program Files\Tableau\Tableau 2026.2\Local\Maps\CN\normal\4\6\7.png","511"
"C:\Program Files\Tableau\Tableau 2026.2\Local\Maps\CN\normal\4\6\8.png","1395"
"C:\Program Files\Tableau\Tableau 2026.2\Local\Maps\CN\normal\4\6\9.png","491"
"C:\Program Files\Tableau\Tableau 2026.2\Local\Maps\CN\normal\4\7\0.png","291"
"C:\Program Files\Tableau\Tableau 2026.2\Local\Maps\CN\normal\4\7\1.png","2152"
"C:\Program Files\Tableau\Tableau 2026.2\Local\Maps\CN\normal\4\7\10.png","103"
"C:\Program Files\Tableau\Tableau 2026.2\Local\Maps\CN\normal\4\7\11.png","103"
"C:\Program Files\Tableau\Tableau 2026.2\Local\Maps\CN\normal\4\7\12.png","1696"
"C:\Program Files\Tableau\Tableau 2026.2\Local\Maps\CN\normal\4\7\13.png","820"
"C:\Program Files\Tableau\Tableau 2026.2\Local\Maps\CN\normal\4\7\14.png","175"
"C:\Program Files\Tableau\Tableau 2026.2\Local\Maps\CN\normal\4\7\15.png","255"
"C:\Program Files\Tableau\Tableau 2026.2\Local\Maps\CN\normal\4\7\2.png","2533"
"C:\Program Files\Tableau\Tableau 2026.2\Local\Maps\CN\normal\4\7\3.png","959"
"C:\Program Files\Tableau\Tableau 2026.2\Local\Maps\CN\normal\4\7\4.png","2612"
"C:\Program Files\Tableau\Tableau 2026.2\Local\Maps\CN\normal\4\7\5.png","4851"
"C:\Program Files\Tableau\Tableau 2026.2\Local\Maps\CN\normal\4\7\6.png","6486"
"C:\Program Files\Tableau\Tableau 2026.2\Local\Maps\CN\normal\4\7\7.png","7971"
"C:\Program Files\Tableau\Tableau 2026.2\Local\Maps\CN\normal\4\7\8.png","276"
"C:\Program Files\Tableau\Tableau 2026.2\Local\Maps\CN\normal\4\7\9.png","268"
"C:\Program Files\Tableau\Tableau 2026.2\Local\Maps\CN\normal\4\8\0.png","103"
"C:\Program Files\Tableau\Tableau 2026.2\Local\Maps\CN\normal\4\8\1.png","1994"
"C:\Program Files\Tableau\Tableau 2026.2\Local\Maps\CN\normal\4\8\10.png","263"
"C:\Program Files\Tableau\Tableau 2026.2\Local\Maps\CN\normal\4\8\11.png","103"
"C:\Program Files\Tableau\Tableau 2026.2\Local\Maps\CN\normal\4\8\12.png","1361"
"C:\Program Files\Tableau\Tableau 2026.2\Local\Maps\CN\normal\4\8\13.png","175"
"C:\Program Files\Tableau\Tableau 2026.2\Local\Maps\CN\normal\4\8\14.png","175"
"C:\Program Files\Tableau\Tableau 2026.2\Local\Maps\CN\normal\4\8\15.png","255"
"C:\Program Files\Tableau\Tableau 2026.2\Local\Maps\CN\normal\4\8\2.png","2373"
"C:\Program Files\Tableau\Tableau 2026.2\Local\Maps\CN\normal\4\8\3.png","3847"
"C:\Program Files\Tableau\Tableau 2026.2\Local\Maps\CN\normal\4\8\4.png","8002"
"C:\Program Files\Tableau\Tableau 2026.2\Local\Maps\CN\normal\4\8\5.png","18848"
"C:\Program Files\Tableau\Tableau 2026.2\Local\Maps\CN\normal\4\8\6.png","5770"
"C:\Program Files\Tableau\Tableau 2026.2\Local\Maps\CN\normal\4\8\7.png","11406"
"C:\Program Files\Tableau\Tableau 2026.2\Local\Maps\CN\normal\4\8\8.png","5039"
"C:\Program Files\Tableau\Tableau 2026.2\Local\Maps\CN\normal\4\8\9.png","1838"
"C:\Program Files\Tableau\Tableau 2026.2\Local\Maps\CN\normal\4\9\0.png","103"
"C:\Program Files\Tableau\Tableau 2026.2\Local\Maps\CN\normal\4\9\1.png","1008"
"C:\Program Files\Tableau\Tableau 2026.2\Local\Maps\CN\normal\4\9\10.png","290"
"C:\Program Files\Tableau\Tableau 2026.2\Local\Maps\CN\normal\4\9\11.png","103"
"C:\Program Files\Tableau\Tableau 2026.2\Local\Maps\CN\normal\4\9\12.png","1365"
"C:\Program Files\Tableau\Tableau 2026.2\Local\Maps\CN\normal\4\9\13.png","175"
"C:\Program Files\Tableau\Tableau 2026.2\Local\Maps\CN\normal\4\9\14.png","175"
"C:\Program Files\Tableau\Tableau 2026.2\Local\Maps\CN\normal\4\9\15.png","255"
"C:\Program Files\Tableau\Tableau 2026.2\Local\Maps\CN\normal\4\9\2.png","796"
"C:\Program Files\Tableau\Tableau 2026.2\Local\Maps\CN\normal\4\9\3.png","5825"
"C:\Program Files\Tableau\Tableau 2026.2\Local\Maps\CN\normal\4\9\4.png","9841"
"C:\Program Files\Tableau\Tableau 2026.2\Local\Maps\CN\normal\4\9\5.png","10440"
"C:\Program Files\Tableau\Tableau 2026.2\Local\Maps\CN\normal\4\9\6.png","9308"
"C:\Program Files\Tableau\Tableau 2026.2\Local\Maps\CN\normal\4\9\7.png","10037"
"C:\Program Files\Tableau\Tableau 2026.2\Local\Maps\CN\normal\4\9\8.png","10825"
"C:\Program Files\Tableau\Tableau 2026.2\Local\Maps\CN\normal\4\9\9.png","3428"
"C:\Program Files\Tableau\Tableau 2026.2\Local\Maps\CN\normal\5\0\0.png","103"
"C:\Program Files\Tableau\Tableau 2026.2\Local\Maps\CN\normal\5\0\1.png","103"
"C:\Program Files\Tableau\Tableau 2026.2\Local\Maps\CN\normal\5\0\10.png","1120"
"C:\Program Files\Tableau\Tableau 2026.2\Local\Maps\CN\normal\5\0\11.png","103"
"C:\Program Files\Tableau\Tableau 2026.2\Local\Maps\CN\normal\5\0\12.png","103"
"C:\Program Files\Tableau\Tableau 2026.2\Local\Maps\CN\normal\5\0\13.png","266"
"C:\Program Files\Tableau\Tableau 2026.2\Local\Maps\CN\normal\5\0\14.png","169"
"C:\Program Files\Tableau\Tableau 2026.2\Local\Maps\CN\normal\5\0\15.png","175"
"C:\Program Files\Tableau\Tableau 2026.2\Local\Maps\CN\normal\5\0\16.png","304"
"C:\Program Files\Tableau\Tableau 2026.2\Local\Maps\CN\normal\5\0\17.png","972"
"C:\Program Files\Tableau\Tableau 2026.2\Local\Maps\CN\normal\5\0\18.png","269"
"C:\Program Files\Tableau\Tableau 2026.2\Local\Maps\CN\normal\5\0\19.png","103"
"C:\Program Files\Tableau\Tableau 2026.2\Local\Maps\CN\normal\5\0\2.png","103"
"C:\Program Files\Tableau\Tableau 2026.2\Local\Maps\CN\normal\5\0\20.png","492"
"C:\Program Files\Tableau\Tableau 2026.2\Local\Maps\CN\normal\5\0\21.png","103"
"C:\Program Files\Tableau\Tableau 2026.2\Local\Maps\CN\normal\5\0\22.png","103"
"C:\Program Files\Tableau\Tableau 2026.2\Local\Maps\CN\normal\5\0\23.png","103"
"C:\Program Files\Tableau\Tableau 2026.2\Local\Maps\CN\normal\5\0\24.png","103"
"C:\Program Files\Tableau\Tableau 2026.2\Local\Maps\CN\normal\5\0\25.png","103"
"C:\Program Files\Tableau\Tableau 2026.2\Local\Maps\CN\normal\5\0\26.png","103"
"C:\Program Files\Tableau\Tableau 2026.2\Local\Maps\CN\normal\5\0\27.png","103"
"C:\Program Files\Tableau\Tableau 2026.2\Local\Maps\CN\normal\5\0\28.png","103"
"C:\Program Files\Tableau\Tableau 2026.2\Local\Maps\CN\normal\5\0\29.png","103"
"C:\Program Files\Tableau\Tableau 2026.2\Local\Maps\CN\normal\5\0\3.png","103"
"C:\Program Files\Tableau\Tableau 2026.2\Local\Maps\CN\normal\5\0\30.png","1569"
"C:\Program Files\Tableau\Tableau 2026.2\Local\Maps\CN\normal\5\0\31.png","967"
"C:\Program Files\Tableau\Tableau 2026.2\Local\Maps\CN\normal\5\0\4.png","103"
"C:\Program Files\Tableau\Tableau 2026.2\Local\Maps\CN\normal\5\0\5.png","103"
"C:\Program Files\Tableau\Tableau 2026.2\Local\Maps\CN\normal\5\0\6.png","635"
"C:\Program Files\Tableau\Tableau 2026.2\Local\Maps\CN\normal\5\0\7.png","1432"
"C:\Program Files\Tableau\Tableau 2026.2\Local\Maps\CN\normal\5\0\8.png","2401"
"C:\Program Files\Tableau\Tableau 2026.2\Local\Maps\CN\normal\5\0\9.png","525"
"C:\Program Files\Tableau\Tableau 2026.2\Local\Maps\CN\normal\5\1\0.png","103"
"C:\Program Files\Tableau\Tableau 2026.2\Local\Maps\CN\normal\5\1\1.png","103"
"C:\Program Files\Tableau\Tableau 2026.2\Local\Maps\CN\normal\5\1\10.png","1903"
"C:\Program Files\Tableau\Tableau 2026.2\Local\Maps\CN\normal\5\1\11.png","103"
"C:\Program Files\Tableau\Tableau 2026.2\Local\Maps\CN\normal\5\1\12.png","103"
"C:\Program Files\Tableau\Tableau 2026.2\Local\Maps\CN\normal\5\1\13.png","354"
"C:\Program Files\Tableau\Tableau 2026.2\Local\Maps\CN\normal\5\1\14.png","400"
"C:\Program Files\Tableau\Tableau 2026.2\Local\Maps\CN\normal\5\1\15.png","317"
"C:\Program Files\Tableau\Tableau 2026.2\Local\Maps\CN\normal\5\1\16.png","275"
"C:\Program Files\Tableau\Tableau 2026.2\Local\Maps\CN\normal\5\1\17.png","346"
"C:\Program Files\Tableau\Tableau 2026.2\Local\Maps\CN\normal\5\1\18.png","103"
"C:\Program Files\Tableau\Tableau 2026.2\Local\Maps\CN\normal\5\1\19.png","103"
"C:\Program Files\Tableau\Tableau 2026.2\Local\Maps\CN\normal\5\1\2.png","103"
"C:\Program Files\Tableau\Tableau 2026.2\Local\Maps\CN\normal\5\1\20.png","103"
"C:\Program Files\Tableau\Tableau 2026.2\Local\Maps\CN\normal\5\1\21.png","103"
"C:\Program Files\Tableau\Tableau 2026.2\Local\Maps\CN\normal\5\1\22.png","103"
"C:\Program Files\Tableau\Tableau 2026.2\Local\Maps\CN\normal\5\1\23.png","103"
"C:\Program Files\Tableau\Tableau 2026.2\Local\Maps\CN\normal\5\1\24.png","103"
"C:\Program Files\Tableau\Tableau 2026.2\Local\Maps\CN\normal\5\1\25.png","103"
"C:\Program Files\Tableau\Tableau 2026.2\Local\Maps\CN\normal\5\1\26.png","103"
"C:\Program Files\Tableau\Tableau 2026.2\Local\Maps\CN\normal\5\1\27.png","1053"
"C:\Program Files\Tableau\Tableau 2026.2\Local\Maps\CN\normal\5\1\28.png","992"
"C:\Program Files\Tableau\Tableau 2026.2\Local\Maps\CN\normal\5\1\29.png","1004"
"C:\Program Files\Tableau\Tableau 2026.2\Local\Maps\CN\normal\5\1\3.png","103"
"C:\Program Files\Tableau\Tableau 2026.2\Local\Maps\CN\normal\5\1\30.png","1911"
"C:\Program Files\Tableau\Tableau 2026.2\Local\Maps\CN\normal\5\1\31.png","1596"
"C:\Program Files\Tableau\Tableau 2026.2\Local\Maps\CN\normal\5\1\4.png","103"
"C:\Program Files\Tableau\Tableau 2026.2\Local\Maps\CN\normal\5\1\5.png","103"
"C:\Program Files\Tableau\Tableau 2026.2\Local\Maps\CN\normal\5\1\6.png","560"
"C:\Program Files\Tableau\Tableau 2026.2\Local\Maps\CN\normal\5\1\7.png","1797"
"C:\Program Files\Tableau\Tableau 2026.2\Local\Maps\CN\normal\5\1\8.png","2569"
"C:\Program Files\Tableau\Tableau 2026.2\Local\Maps\CN\normal\5\1\9.png","3652"
"C:\Program Files\Tableau\Tableau 2026.2\Local\Maps\CN\normal\5\10\0.png","103"
"C:\Program Files\Tableau\Tableau 2026.2\Local\Maps\CN\normal\5\10\1.png","930"
"C:\Program Files\Tableau\Tableau 2026.2\Local\Maps\CN\normal\5\10\10.png","6853"
"C:\Program Files\Tableau\Tableau 2026.2\Local\Maps\CN\normal\5\10\11.png","3727"
"C:\Program Files\Tableau\Tableau 2026.2\Local\Maps\CN\normal\5\10\12.png","271"
"C:\Program Files\Tableau\Tableau 2026.2\Local\Maps\CN\normal\5\10\13.png","103"
"C:\Program Files\Tableau\Tableau 2026.2\Local\Maps\CN\normal\5\10\14.png","1464"
"C:\Program Files\Tableau\Tableau 2026.2\Local\Maps\CN\normal\5\10\15.png","12112"
"C:\Program Files\Tableau\Tableau 2026.2\Local\Maps\CN\normal\5\10\16.png","4633"
"C:\Program Files\Tableau\Tableau 2026.2\Local\Maps\CN\normal\5\10\17.png","9104"
"C:\Program Files\Tableau\Tableau 2026.2\Local\Maps\CN\normal\5\10\18.png","12405"
"C:\Program Files\Tableau\Tableau 2026.2\Local\Maps\CN\normal\5\10\19.png","5826"
"C:\Program Files\Tableau\Tableau 2026.2\Local\Maps\CN\normal\5\10\2.png","2539"
"C:\Program Files\Tableau\Tableau 2026.2\Local\Maps\CN\normal\5\10\20.png","1264"
"C:\Program Files\Tableau\Tableau 2026.2\Local\Maps\CN\normal\5\10\21.png","1873"
"C:\Program Files\Tableau\Tableau 2026.2\Local\Maps\CN\normal\5\10\22.png","303"
"C:\Program Files\Tableau\Tableau 2026.2\Local\Maps\CN\normal\5\10\23.png","4103"
"C:\Program Files\Tableau\Tableau 2026.2\Local\Maps\CN\normal\5\10\24.png","2695"
"C:\Program Files\Tableau\Tableau 2026.2\Local\Maps\CN\normal\5\10\25.png","2180"
"C:\Program Files\Tableau\Tableau 2026.2\Local\Maps\CN\normal\5\10\26.png","1329"
"C:\Program Files\Tableau\Tableau 2026.2\Local\Maps\CN\normal\5\10\27.png","429"
"C:\Program Files\Tableau\Tableau 2026.2\Local\Maps\CN\normal\5\10\28.png","2205"
"C:\Program Files\Tableau\Tableau 2026.2\Local\Maps\CN\normal\5\10\29.png","1795"
"C:\Program Files\Tableau\Tableau 2026.2\Local\Maps\CN\normal\5\10\3.png","1570"
"C:\Program Files\Tableau\Tableau 2026.2\Local\Maps\CN\normal\5\10\30.png","1405"
"C:\Program Files\Tableau\Tableau 2026.2\Local\Maps\CN\normal\5\10\31.png","252"
"C:\Program Files\Tableau\Tableau 2026.2\Local\Maps\CN\normal\5\10\4.png","837"
"C:\Program Files\Tableau\Tableau 2026.2\Local\Maps\CN\normal\5\10\5.png","1820"
"C:\Program Files\Tableau\Tableau 2026.2\Local\Maps\CN\normal\5\10\6.png","341"
"C:\Program Files\Tableau\Tableau 2026.2\Local\Maps\CN\normal\5\10\7.png","2104"
"C:\Program Files\Tableau\Tableau 2026.2\Local\Maps\CN\normal\5\10\8.png","3451"
"C:\Program Files\Tableau\Tableau 2026.2\Local\Maps\CN\normal\5\10\9.png","4169"
"C:\Program Files\Tableau\Tableau 2026.2\Local\Maps\CN\normal\5\11\0.png","103"
"C:\Program Files\Tableau\Tableau 2026.2\Local\Maps\CN\normal\5\11\1.png","998"
"C:\Program Files\Tableau\Tableau 2026.2\Local\Maps\CN\normal\5\11\10.png","1348"
"C:\Program Files\Tableau\Tableau 2026.2\Local\Maps\CN\normal\5\11\11.png","1521"
"C:\Program Files\Tableau\Tableau 2026.2\Local\Maps\CN\normal\5\11\12.png","103"
"C:\Program Files\Tableau\Tableau 2026.2\Local\Maps\CN\normal\5\11\13.png","103"
"C:\Program Files\Tableau\Tableau 2026.2\Local\Maps\CN\normal\5\11\14.png","103"
"C:\Program Files\Tableau\Tableau 2026.2\Local\Maps\CN\normal\5\11\15.png","4413"
"C:\Program Files\Tableau\Tableau 2026.2\Local\Maps\CN\normal\5\11\16.png","5515"
"C:\Program Files\Tableau\Tableau 2026.2\Local\Maps\CN\normal\5\11\17.png","6843"
"C:\Program Files\Tableau\Tableau 2026.2\Local\Maps\CN\normal\5\11\18.png","8642"
"C:\Program Files\Tableau\Tableau 2026.2\Local\Maps\CN\normal\5\11\19.png","2801"
"C:\Program Files\Tableau\Tableau 2026.2\Local\Maps\CN\normal\5\11\2.png","2657"
"C:\Program Files\Tableau\Tableau 2026.2\Local\Maps\CN\normal\5\11\20.png","103"
"C:\Program Files\Tableau\Tableau 2026.2\Local\Maps\CN\normal\5\11\21.png","103"
"C:\Program Files\Tableau\Tableau 2026.2\Local\Maps\CN\normal\5\11\22.png","571"
"C:\Program Files\Tableau\Tableau 2026.2\Local\Maps\CN\normal\5\11\23.png","542"
"C:\Program Files\Tableau\Tableau 2026.2\Local\Maps\CN\normal\5\11\24.png","103"
"C:\Program Files\Tableau\Tableau 2026.2\Local\Maps\CN\normal\5\11\25.png","103"
"C:\Program Files\Tableau\Tableau 2026.2\Local\Maps\CN\normal\5\11\26.png","103"
"C:\Program Files\Tableau\Tableau 2026.2\Local\Maps\CN\normal\5\11\27.png","967"
"C:\Program Files\Tableau\Tableau 2026.2\Local\Maps\CN\normal\5\11\28.png","1408"
"C:\Program Files\Tableau\Tableau 2026.2\Local\Maps\CN\normal\5\11\29.png","1502"
"C:\Program Files\Tableau\Tableau 2026.2\Local\Maps\CN\normal\5\11\3.png","1301"
"C:\Program Files\Tableau\Tableau 2026.2\Local\Maps\CN\normal\5\11\30.png","177"
"C:\Program Files\Tableau\Tableau 2026.2\Local\Maps\CN\normal\5\11\31.png","252"
"C:\Program Files\Tableau\Tableau 2026.2\Local\Maps\CN\normal\5\11\4.png","1132"
"C:\Program Files\Tableau\Tableau 2026.2\Local\Maps\CN\normal\5\11\5.png","349"
"C:\Program Files\Tableau\Tableau 2026.2\Local\Maps\CN\normal\5\11\6.png","2981"
"C:\Program Files\Tableau\Tableau 2026.2\Local\Maps\CN\normal\5\11\7.png","4386"
"C:\Program Files\Tableau\Tableau 2026.2\Local\Maps\CN\normal\5\11\8.png","3586"
"C:\Program Files\Tableau\Tableau 2026.2\Local\Maps\CN\normal\5\11\9.png","1483"
"C:\Program Files\Tableau\Tableau 2026.2\Local\Maps\CN\normal\5\12\0.png","103"
"C:\Program Files\Tableau\Tableau 2026.2\Local\Maps\CN\normal\5\12\1.png","2974"
"C:\Program Files\Tableau\Tableau 2026.2\Local\Maps\CN\normal\5\12\10.png","103"
"C:\Program Files\Tableau\Tableau 2026.2\Local\Maps\CN\normal\5\12\11.png","103"
"C:\Program Files\Tableau\Tableau 2026.2\Local\Maps\CN\normal\5\12\12.png","103"
"C:\Program Files\Tableau\Tableau 2026.2\Local\Maps\CN\normal\5\12\13.png","103"
"C:\Program Files\Tableau\Tableau 2026.2\Local\Maps\CN\normal\5\12\14.png","103"
"C:\Program Files\Tableau\Tableau 2026.2\Local\Maps\CN\normal\5\12\15.png","103"
"C:\Program Files\Tableau\Tableau 2026.2\Local\Maps\CN\normal\5\12\16.png","7075"
"C:\Program Files\Tableau\Tableau 2026.2\Local\Maps\CN\normal\5\12\17.png","3122"
"C:\Program Files\Tableau\Tableau 2026.2\Local\Maps\CN\normal\5\12\18.png","1082"
"C:\Program Files\Tableau\Tableau 2026.2\Local\Maps\CN\normal\5\12\19.png","103"
"C:\Program Files\Tableau\Tableau 2026.2\Local\Maps\CN\normal\5\12\2.png","1451"
"C:\Program Files\Tableau\Tableau 2026.2\Local\Maps\CN\normal\5\12\20.png","103"
"C:\Program Files\Tableau\Tableau 2026.2\Local\Maps\CN\normal\5\12\21.png","703"
"C:\Program Files\Tableau\Tableau 2026.2\Local\Maps\CN\normal\5\12\22.png","307"
"C:\Program Files\Tableau\Tableau 2026.2\Local\Maps\CN\normal\5\12\23.png","103"
"C:\Program Files\Tableau\Tableau 2026.2\Local\Maps\CN\normal\5\12\24.png","103"
"C:\Program Files\Tableau\Tableau 2026.2\Local\Maps\CN\normal\5\12\25.png","103"
"C:\Program Files\Tableau\Tableau 2026.2\Local\Maps\CN\normal\5\12\26.png","103"
"C:\Program Files\Tableau\Tableau 2026.2\Local\Maps\CN\normal\5\12\27.png","1252"
"C:\Program Files\Tableau\Tableau 2026.2\Local\Maps\CN\normal\5\12\28.png","1279"
"C:\Program Files\Tableau\Tableau 2026.2\Local\Maps\CN\normal\5\12\29.png","933"
"C:\Program Files\Tableau\Tableau 2026.2\Local\Maps\CN\normal\5\12\3.png","177"
"C:\Program Files\Tableau\Tableau 2026.2\Local\Maps\CN\normal\5\12\30.png","177"
"C:\Program Files\Tableau\Tableau 2026.2\Local\Maps\CN\normal\5\12\31.png","252"
"C:\Program Files\Tableau\Tableau 2026.2\Local\Maps\CN\normal\5\12\4.png","604"
"C:\Program Files\Tableau\Tableau 2026.2\Local\Maps\CN\normal\5\12\5.png","268"
"C:\Program Files\Tableau\Tableau 2026.2\Local\Maps\CN\normal\5\12\6.png","915"
"C:\Program Files\Tableau\Tableau 2026.2\Local\Maps\CN\normal\5\12\7.png","785"
"C:\Program Files\Tableau\Tableau 2026.2\Local\Maps\CN\normal\5\12\8.png","2848"
"C:\Program Files\Tableau\Tableau 2026.2\Local\Maps\CN\normal\5\12\9.png","1300"
"C:\Program Files\Tableau\Tableau 2026.2\Local\Maps\CN\normal\5\13\0.png","103"
"C:\Program Files\Tableau\Tableau 2026.2\Local\Maps\CN\normal\5\13\1.png","1920"
"C:\Program Files\Tableau\Tableau 2026.2\Local\Maps\CN\normal\5\13\10.png","103"
"C:\Program Files\Tableau\Tableau 2026.2\Local\Maps\CN\normal\5\13\11.png","103"
"C:\Program Files\Tableau\Tableau 2026.2\Local\Maps\CN\normal\5\13\12.png","634"
"C:\Program Files\Tableau\Tableau 2026.2\Local\Maps\CN\normal\5\13\13.png","103"
"C:\Program Files\Tableau\Tableau 2026.2\Local\Maps\CN\normal\5\13\14.png","661"
"C:\Program Files\Tableau\Tableau 2026.2\Local\Maps\CN\normal\5\13\15.png","254"
"C:\Program Files\Tableau\Tableau 2026.2\Local\Maps\CN\normal\5\13\16.png","251"
"C:\Program Files\Tableau\Tableau 2026.2\Local\Maps\CN\normal\5\13\17.png","254"
"C:\Program Files\Tableau\Tableau 2026.2\Local\Maps\CN\normal\5\13\18.png","103"
"C:\Program Files\Tableau\Tableau 2026.2\Local\Maps\CN\normal\5\13\19.png","103"
"C:\Program Files\Tableau\Tableau 2026.2\Local\Maps\CN\normal\5\13\2.png","1688"
"C:\Program Files\Tableau\Tableau 2026.2\Local\Maps\CN\normal\5\13\20.png","103"
"C:\Program Files\Tableau\Tableau 2026.2\Local\Maps\CN\normal\5\13\21.png","103"
"C:\Program Files\Tableau\Tableau 2026.2\Local\Maps\CN\normal\5\13\22.png","497"
"C:\Program Files\Tableau\Tableau 2026.2\Local\Maps\CN\normal\5\13\23.png","103"
"C:\Program Files\Tableau\Tableau 2026.2\Local\Maps\CN\normal\5\13\24.png","103"
"C:\Program Files\Tableau\Tableau 2026.2\Local\Maps\CN\normal\5\13\25.png","103"
"C:\Program Files\Tableau\Tableau 2026.2\Local\Maps\CN\normal\5\13\26.png","808"
"C:\Program Files\Tableau\Tableau 2026.2\Local\Maps\CN\normal\5\13\27.png","712"
"C:\Program Files\Tableau\Tableau 2026.2\Local\Maps\CN\normal\5\13\28.png","1866"
"C:\Program Files\Tableau\Tableau 2026.2\Local\Maps\CN\normal\5\13\29.png","177"
"C:\Program Files\Tableau\Tableau 2026.2\Local\Maps\CN\normal\5\13\3.png","676"
"C:\Program Files\Tableau\Tableau 2026.2\Local\Maps\CN\normal\5\13\30.png","177"
"C:\Program Files\Tableau\Tableau 2026.2\Local\Maps\CN\normal\5\13\31.png","252"
"C:\Program Files\Tableau\Tableau 2026.2\Local\Maps\CN\normal\5\13\4.png","177"
"C:\Program Files\Tableau\Tableau 2026.2\Local\Maps\CN\normal\5\13\5.png","357"
"C:\Program Files\Tableau\Tableau 2026.2\Local\Maps\CN\normal\5\13\6.png","4150"
"C:\Program Files\Tableau\Tableau 2026.2\Local\Maps\CN\normal\5\13\7.png","2338"
"C:\Program Files\Tableau\Tableau 2026.2\Local\Maps\CN\normal\5\13\8.png","1160"
"C:\Program Files\Tableau\Tableau 2026.2\Local\Maps\CN\normal\5\13\9.png","103"
"C:\Program Files\Tableau\Tableau 2026.2\Local\Maps\CN\normal\5\14\0.png","103"
"C:\Program Files\Tableau\Tableau 2026.2\Local\Maps\CN\normal\5\14\1.png","330"
"C:\Program Files\Tableau\Tableau 2026.2\Local\Maps\CN\normal\5\14\10.png","103"
"C:\Program Files\Tableau\Tableau 2026.2\Local\Maps\CN\normal\5\14\11.png","103"
"C:\Program Files\Tableau\Tableau 2026.2\Local\Maps\CN\normal\5\14\12.png","447"
"C:\Program Files\Tableau\Tableau 2026.2\Local\Maps\CN\normal\5\14\13.png","2739"
"C:\Program Files\Tableau\Tableau 2026.2\Local\Maps\CN\normal\5\14\14.png","9659"
"C:\Program Files\Tableau\Tableau 2026.2\Local\Maps\CN\normal\5\14\15.png","2479"
"C:\Program Files\Tableau\Tableau 2026.2\Local\Maps\CN\normal\5\14\16.png","272"
"C:\Program Files\Tableau\Tableau 2026.2\Local\Maps\CN\normal\5\14\17.png","103"
"C:\Program Files\Tableau\Tableau 2026.2\Local\Maps\CN\normal\5\14\18.png","103"
"C:\Program Files\Tableau\Tableau 2026.2\Local\Maps\CN\normal\5\14\19.png","274"
"C:\Program Files\Tableau\Tableau 2026.2\Local\Maps\CN\normal\5\14\2.png","2191"
"C:\Program Files\Tableau\Tableau 2026.2\Local\Maps\CN\normal\5\14\20.png","103"
"C:\Program Files\Tableau\Tableau 2026.2\Local\Maps\CN\normal\5\14\21.png","103"
"C:\Program Files\Tableau\Tableau 2026.2\Local\Maps\CN\normal\5\14\22.png","103"
"C:\Program Files\Tableau\Tableau 2026.2\Local\Maps\CN\normal\5\14\23.png","103"
"C:\Program Files\Tableau\Tableau 2026.2\Local\Maps\CN\normal\5\14\24.png","103"
"C:\Program Files\Tableau\Tableau 2026.2\Local\Maps\CN\normal\5\14\25.png","1481"
"C:\Program Files\Tableau\Tableau 2026.2\Local\Maps\CN\normal\5\14\26.png","1222"
"C:\Program Files\Tableau\Tableau 2026.2\Local\Maps\CN\normal\5\14\27.png","177"
"C:\Program Files\Tableau\Tableau 2026.2\Local\Maps\CN\normal\5\14\28.png","177"
"C:\Program Files\Tableau\Tableau 2026.2\Local\Maps\CN\normal\5\14\29.png","177"
"C:\Program Files\Tableau\Tableau 2026.2\Local\Maps\CN\normal\5\14\3.png","2151"
"C:\Program Files\Tableau\Tableau 2026.2\Local\Maps\CN\normal\5\14\30.png","177"
"C:\Program Files\Tableau\Tableau 2026.2\Local\Maps\CN\normal\5\14\31.png","252"
"C:\Program Files\Tableau\Tableau 2026.2\Local\Maps\CN\normal\5\14\4.png","2530"
"C:\Program Files\Tableau\Tableau 2026.2\Local\Maps\CN\normal\5\14\5.png","3111"
"C:\Program Files\Tableau\Tableau 2026.2\Local\Maps\CN\normal\5\14\6.png","1341"
"C:\Program Files\Tableau\Tableau 2026.2\Local\Maps\CN\normal\5\14\7.png","560"
"C:\Program Files\Tableau\Tableau 2026.2\Local\Maps\CN\normal\5\14\8.png","4818"
"C:\Program Files\Tableau\Tableau 2026.2\Local\Maps\CN\normal\5\14\9.png","131"
"C:\Program Files\Tableau\Tableau 2026.2\Local\Maps\CN\normal\5\15\0.png","103"
"C:\Program Files\Tableau\Tableau 2026.2\Local\Maps\CN\normal\5\15\1.png","103"
"C:\Program Files\Tableau\Tableau 2026.2\Local\Maps\CN\normal\5\15\10.png","8090"
"C:\Program Files\Tableau\Tableau 2026.2\Local\Maps\CN\normal\5\15\11.png","6614"
"C:\Program Files\Tableau\Tableau 2026.2\Local\Maps\CN\normal\5\15\12.png","12209"
"C:\Program Files\Tableau\Tableau 2026.2\Local\Maps\CN\normal\5\15\13.png","7710"
"C:\Program Files\Tableau\Tableau 2026.2\Local\Maps\CN\normal\5\15\14.png","11098"
"C:\Program Files\Tableau\Tableau 2026.2\Local\Maps\CN\normal\5\15\15.png","13762"
"C:\Program Files\Tableau\Tableau 2026.2\Local\Maps\CN\normal\5\15\16.png","103"
"C:\Program Files\Tableau\Tableau 2026.2\Local\Maps\CN\normal\5\15\17.png","264"
"C:\Program Files\Tableau\Tableau 2026.2\Local\Maps\CN\normal\5\15\18.png","103"
"C:\Program Files\Tableau\Tableau 2026.2\Local\Maps\CN\normal\5\15\19.png","273"
"C:\Program Files\Tableau\Tableau 2026.2\Local\Maps\CN\normal\5\15\2.png","103"
"C:\Program Files\Tableau\Tableau 2026.2\Local\Maps\CN\normal\5\15\20.png","103"
"C:\Program Files\Tableau\Tableau 2026.2\Local\Maps\CN\normal\5\15\21.png","103"
"C:\Program Files\Tableau\Tableau 2026.2\Local\Maps\CN\normal\5\15\22.png","103"
"C:\Program Files\Tableau\Tableau 2026.2\Local\Maps\CN\normal\5\15\23.png","103"
"C:\Program Files\Tableau\Tableau 2026.2\Local\Maps\CN\normal\5\15\24.png","562"
"C:\Program Files\Tableau\Tableau 2026.2\Local\Maps\CN\normal\5\15\25.png","1776"
"C:\Program Files\Tableau\Tableau 2026.2\Local\Maps\CN\normal\5\15\26.png","177"
"C:\Program Files\Tableau\Tableau 2026.2\Local\Maps\CN\normal\5\15\27.png","177"
"C:\Program Files\Tableau\Tableau 2026.2\Local\Maps\CN\normal\5\15\28.png","177"
"C:\Program Files\Tableau\Tableau 2026.2\Local\Maps\CN\normal\5\15\29.png","177"
"C:\Program Files\Tableau\Tableau 2026.2\Local\Maps\CN\normal\5\15\3.png","103"
"C:\Program Files\Tableau\Tableau 2026.2\Local\Maps\CN\normal\5\15\30.png","177"
"C:\Program Files\Tableau\Tableau 2026.2\Local\Maps\CN\normal\5\15\31.png","252"
"C:\Program Files\Tableau\Tableau 2026.2\Local\Maps\CN\normal\5\15\4.png","103"
"C:\Program Files\Tableau\Tableau 2026.2\Local\Maps\CN\normal\5\15\5.png","103"
"C:\Program Files\Tableau\Tableau 2026.2\Local\Maps\CN\normal\5\15\6.png","530"
"C:\Program Files\Tableau\Tableau 2026.2\Local\Maps\CN\normal\5\15\7.png","103"
"C:\Program Files\Tableau\Tableau 2026.2\Local\Maps\CN\normal\5\15\8.png","668"
"C:\Program Files\Tableau\Tableau 2026.2\Local\Maps\CN\normal\5\15\9.png","3198"
"C:\Program Files\Tableau\Tableau 2026.2\Local\Maps\CN\normal\5\16\0.png","103"
"C:\Program Files\Tableau\Tableau 2026.2\Local\Maps\CN\normal\5\16\1.png","103"
"C:\Program Files\Tableau\Tableau 2026.2\Local\Maps\CN\normal\5\16\10.png","13233"
"C:\Program Files\Tableau\Tableau 2026.2\Local\Maps\CN\normal\5\16\11.png","13944"
"C:\Program Files\Tableau\Tableau 2026.2\Local\Maps\CN\normal\5\16\12.png","12549"
"C:\Program Files\Tableau\Tableau 2026.2\Local\Maps\CN\normal\5\16\13.png","6739"
"C:\Program Files\Tableau\Tableau 2026.2\Local\Maps\CN\normal\5\16\14.png","10952"
"C:\Program Files\Tableau\Tableau 2026.2\Local\Maps\CN\normal\5\16\15.png","15394"
"C:\Program Files\Tableau\Tableau 2026.2\Local\Maps\CN\normal\5\16\16.png","1663"
"C:\Program Files\Tableau\Tableau 2026.2\Local\Maps\CN\normal\5\16\17.png","103"
"C:\Program Files\Tableau\Tableau 2026.2\Local\Maps\CN\normal\5\16\18.png","103"
"C:\Program Files\Tableau\Tableau 2026.2\Local\Maps\CN\normal\5\16\19.png","103"
"C:\Program Files\Tableau\Tableau 2026.2\Local\Maps\CN\normal\5\16\2.png","103"
"C:\Program Files\Tableau\Tableau 2026.2\Local\Maps\CN\normal\5\16\20.png","103"
"C:\Program Files\Tableau\Tableau 2026.2\Local\Maps\CN\normal\5\16\21.png","280"
"C:\Program Files\Tableau\Tableau 2026.2\Local\Maps\CN\normal\5\16\22.png","103"
"C:\Program Files\Tableau\Tableau 2026.2\Local\Maps\CN\normal\5\16\23.png","103"
"C:\Program Files\Tableau\Tableau 2026.2\Local\Maps\CN\normal\5\16\24.png","1150"
"C:\Program Files\Tableau\Tableau 2026.2\Local\Maps\CN\normal\5\16\25.png","750"
"C:\Program Files\Tableau\Tableau 2026.2\Local\Maps\CN\normal\5\16\26.png","177"
"C:\Program Files\Tableau\Tableau 2026.2\Local\Maps\CN\normal\5\16\27.png","177"
"C:\Program Files\Tableau\Tableau 2026.2\Local\Maps\CN\normal\5\16\28.png","177"
"C:\Program Files\Tableau\Tableau 2026.2\Local\Maps\CN\normal\5\16\29.png","177"
"C:\Program Files\Tableau\Tableau 2026.2\Local\Maps\CN\normal\5\16\3.png","638"
"C:\Program Files\Tableau\Tableau 2026.2\Local\Maps\CN\normal\5\16\30.png","177"
"C:\Program Files\Tableau\Tableau 2026.2\Local\Maps\CN\normal\5\16\31.png","252"
"C:\Program Files\Tableau\Tableau 2026.2\Local\Maps\CN\normal\5\16\4.png","607"
"C:\Program Files\Tableau\Tableau 2026.2\Local\Maps\CN\normal\5\16\5.png","103"
"C:\Program Files\Tableau\Tableau 2026.2\Local\Maps\CN\normal\5\16\6.png","103"
"C:\Program Files\Tableau\Tableau 2026.2\Local\Maps\CN\normal\5\16\7.png","103"
"C:\Program Files\Tableau\Tableau 2026.2\Local\Maps\CN\normal\5\16\8.png","4160"
"C:\Program Files\Tableau\Tableau 2026.2\Local\Maps\CN\normal\5\16\9.png","7445"
"C:\Program Files\Tableau\Tableau 2026.2\Local\Maps\CN\normal\5\17\0.png","103"
"C:\Program Files\Tableau\Tableau 2026.2\Local\Maps\CN\normal\5\17\1.png","103"
"C:\Program Files\Tableau\Tableau 2026.2\Local\Maps\CN\normal\5\17\10.png","15661"
"C:\Program Files\Tableau\Tableau 2026.2\Local\Maps\CN\normal\5\17\11.png","23111"
"C:\Program Files\Tableau\Tableau 2026.2\Local\Maps\CN\normal\5\17\12.png","6134"
"C:\Program Files\Tableau\Tableau 2026.2\Local\Maps\CN\normal\5\17\13.png","6961"
"C:\Program Files\Tableau\Tableau 2026.2\Local\Maps\CN\normal\5\17\14.png","10270"
"C:\Program Files\Tableau\Tableau 2026.2\Local\Maps\CN\normal\5\17\15.png","16438"
"C:\Program Files\Tableau\Tableau 2026.2\Local\Maps\CN\normal\5\17\16.png","13766"
"C:\Program Files\Tableau\Tableau 2026.2\Local\Maps\CN\normal\5\17\17.png","9259"
"C:\Program Files\Tableau\Tableau 2026.2\Local\Maps\CN\normal\5\17\18.png","5332"
"C:\Program Files\Tableau\Tableau 2026.2\Local\Maps\CN\normal\5\17\19.png","1414"
"C:\Program Files\Tableau\Tableau 2026.2\Local\Maps\CN\normal\5\17\2.png","103"
"C:\Program Files\Tableau\Tableau 2026.2\Local\Maps\CN\normal\5\17\20.png","103"
"C:\Program Files\Tableau\Tableau 2026.2\Local\Maps\CN\normal\5\17\21.png","103"
"C:\Program Files\Tableau\Tableau 2026.2\Local\Maps\CN\normal\5\17\22.png","103"
"C:\Program Files\Tableau\Tableau 2026.2\Local\Maps\CN\normal\5\17\23.png","103"
"C:\Program Files\Tableau\Tableau 2026.2\Local\Maps\CN\normal\5\17\24.png","1143"
"C:\Program Files\Tableau\Tableau 2026.2\Local\Maps\CN\normal\5\17\25.png","654"
"C:\Program Files\Tableau\Tableau 2026.2\Local\Maps\CN\normal\5\17\26.png","177"
"C:\Program Files\Tableau\Tableau 2026.2\Local\Maps\CN\normal\5\17\27.png","177"
"C:\Program Files\Tableau\Tableau 2026.2\Local\Maps\CN\normal\5\17\28.png","177"
"C:\Program Files\Tableau\Tableau 2026.2\Local\Maps\CN\normal\5\17\29.png","177"
"C:\Program Files\Tableau\Tableau 2026.2\Local\Maps\CN\normal\5\17\3.png","3473"
"C:\Program Files\Tableau\Tableau 2026.2\Local\Maps\CN\normal\5\17\30.png","177"
"C:\Program Files\Tableau\Tableau 2026.2\Local\Maps\CN\normal\5\17\31.png","252"
"C:\Program Files\Tableau\Tableau 2026.2\Local\Maps\CN\normal\5\17\4.png","4084"
"C:\Program Files\Tableau\Tableau 2026.2\Local\Maps\CN\normal\5\17\5.png","622"
"C:\Program Files\Tableau\Tableau 2026.2\Local\Maps\CN\normal\5\17\6.png","328"
"C:\Program Files\Tableau\Tableau 2026.2\Local\Maps\CN\normal\5\17\7.png","9282"
"C:\Program Files\Tableau\Tableau 2026.2\Local\Maps\CN\normal\5\17\8.png","10684"
"C:\Program Files\Tableau\Tableau 2026.2\Local\Maps\CN\normal\5\17\9.png","11921"
"C:\Program Files\Tableau\Tableau 2026.2\Local\Maps\CN\normal\5\18\0.png","103"
"C:\Program Files\Tableau\Tableau 2026.2\Local\Maps\CN\normal\5\18\1.png","103"
"C:\Program Files\Tableau\Tableau 2026.2\Local\Maps\CN\normal\5\18\10.png","16678"
"C:\Program Files\Tableau\Tableau 2026.2\Local\Maps\CN\normal\5\18\11.png","19283"
"C:\Program Files\Tableau\Tableau 2026.2\Local\Maps\CN\normal\5\18\12.png","10634"
"C:\Program Files\Tableau\Tableau 2026.2\Local\Maps\CN\normal\5\18\13.png","7165"
"C:\Program Files\Tableau\Tableau 2026.2\Local\Maps\CN\normal\5\18\14.png","6989"
"C:\Program Files\Tableau\Tableau 2026.2\Local\Maps\CN\normal\5\18\15.png","12330"
"C:\Program Files\Tableau\Tableau 2026.2\Local\Maps\CN\normal\5\18\16.png","13362"
"C:\Program Files\Tableau\Tableau 2026.2\Local\Maps\CN\normal\5\18\17.png","15011"
"C:\Program Files\Tableau\Tableau 2026.2\Local\Maps\CN\normal\5\18\18.png","11857"
"C:\Program Files\Tableau\Tableau 2026.2\Local\Maps\CN\normal\5\18\19.png","1277"
"C:\Program Files\Tableau\Tableau 2026.2\Local\Maps\CN\normal\5\18\2.png","103"
"C:\Program Files\Tableau\Tableau 2026.2\Local\Maps\CN\normal\5\18\20.png","103"
"C:\Program Files\Tableau\Tableau 2026.2\Local\Maps\CN\normal\5\18\21.png","103"
"C:\Program Files\Tableau\Tableau 2026.2\Local\Maps\CN\normal\5\18\22.png","103"
"C:\Program Files\Tableau\Tableau 2026.2\Local\Maps\CN\normal\5\18\23.png","103"
"C:\Program Files\Tableau\Tableau 2026.2\Local\Maps\CN\normal\5\18\24.png","975"
"C:\Program Files\Tableau\Tableau 2026.2\Local\Maps\CN\normal\5\18\25.png","695"
"C:\Program Files\Tableau\Tableau 2026.2\Local\Maps\CN\normal\5\18\26.png","177"
"C:\Program Files\Tableau\Tableau 2026.2\Local\Maps\CN\normal\5\18\27.png","177"
"C:\Program Files\Tableau\Tableau 2026.2\Local\Maps\CN\normal\5\18\28.png","177"
"C:\Program Files\Tableau\Tableau 2026.2\Local\Maps\CN\normal\5\18\29.png","177"
"C:\Program Files\Tableau\Tableau 2026.2\Local\Maps\CN\normal\5\18\3.png","1672"
"C:\Program Files\Tableau\Tableau 2026.2\Local\Maps\CN\normal\5\18\30.png","177"
"C:\Program Files\Tableau\Tableau 2026.2\Local\Maps\CN\normal\5\18\31.png","252"
"C:\Program Files\Tableau\Tableau 2026.2\Local\Maps\CN\normal\5\18\4.png","1091"
"C:\Program Files\Tableau\Tableau 2026.2\Local\Maps\CN\normal\5\18\5.png","493"
"C:\Program Files\Tableau\Tableau 2026.2\Local\Maps\CN\normal\5\18\6.png","1578"
"C:\Program Files\Tableau\Tableau 2026.2\Local\Maps\CN\normal\5\18\7.png","9741"
"C:\Program Files\Tableau\Tableau 2026.2\Local\Maps\CN\normal\5\18\8.png","14413"
"C:\Program Files\Tableau\Tableau 2026.2\Local\Maps\CN\normal\5\18\9.png","14822"
"C:\Program Files\Tableau\Tableau 2026.2\Local\Maps\CN\normal\5\19\0.png","103"
"C:\Program Files\Tableau\Tableau 2026.2\Local\Maps\CN\normal\5\19\1.png","103"
"C:\Program Files\Tableau\Tableau 2026.2\Local\Maps\CN\normal\5\19\10.png","11746"
"C:\Program Files\Tableau\Tableau 2026.2\Local\Maps\CN\normal\5\19\11.png","12617"
"C:\Program Files\Tableau\Tableau 2026.2\Local\Maps\CN\normal\5\19\12.png","20965"
"C:\Program Files\Tableau\Tableau 2026.2\Local\Maps\CN\normal\5\19\13.png","11236"
"C:\Program Files\Tableau\Tableau 2026.2\Local\Maps\CN\normal\5\19\14.png","12649"
"C:\Program Files\Tableau\Tableau 2026.2\Local\Maps\CN\normal\5\19\15.png","13911"
"C:\Program Files\Tableau\Tableau 2026.2\Local\Maps\CN\normal\5\19\16.png","10633"
"C:\Program Files\Tableau\Tableau 2026.2\Local\Maps\CN\normal\5\19\17.png","7547"
"C:\Program Files\Tableau\Tableau 2026.2\Local\Maps\CN\normal\5\19\18.png","1323"
"C:\Program Files\Tableau\Tableau 2026.2\Local\Maps\CN\normal\5\19\19.png","103"
"C:\Program Files\Tableau\Tableau 2026.2\Local\Maps\CN\normal\5\19\2.png","103"
"C:\Program Files\Tableau\Tableau 2026.2\Local\Maps\CN\normal\5\19\20.png","323"
"C:\Program Files\Tableau\Tableau 2026.2\Local\Maps\CN\normal\5\19\21.png","103"
"C:\Program Files\Tableau\Tableau 2026.2\Local\Maps\CN\normal\5\19\22.png","103"
"C:\Program Files\Tableau\Tableau 2026.2\Local\Maps\CN\normal\5\19\23.png","103"
"C:\Program Files\Tableau\Tableau 2026.2\Local\Maps\CN\normal\5\19\24.png","1283"
"C:\Program Files\Tableau\Tableau 2026.2\Local\Maps\CN\normal\5\19\25.png","177"
"C:\Program Files\Tableau\Tableau 2026.2\Local\Maps\CN\normal\5\19\26.png","177"
"C:\Program Files\Tableau\Tableau 2026.2\Local\Maps\CN\normal\5\19\27.png","177"
"C:\Program Files\Tableau\Tableau 2026.2\Local\Maps\CN\normal\5\19\28.png","177"
"C:\Program Files\Tableau\Tableau 2026.2\Local\Maps\CN\normal\5\19\29.png","177"
"C:\Program Files\Tableau\Tableau 2026.2\Local\Maps\CN\normal\5\19\3.png","330"
"C:\Program Files\Tableau\Tableau 2026.2\Local\Maps\CN\normal\5\19\30.png","177"
"C:\Program Files\Tableau\Tableau 2026.2\Local\Maps\CN\normal\5\19\31.png","252"
"C:\Program Files\Tableau\Tableau 2026.2\Local\Maps\CN\normal\5\19\4.png","103"
"C:\Program Files\Tableau\Tableau 2026.2\Local\Maps\CN\normal\5\19\5.png","103"
"C:\Program Files\Tableau\Tableau 2026.2\Local\Maps\CN\normal\5\19\6.png","103"
"C:\Program Files\Tableau\Tableau 2026.2\Local\Maps\CN\normal\5\19\7.png","2290"
"C:\Program Files\Tableau\Tableau 2026.2\Local\Maps\CN\normal\5\19\8.png","4421"
"C:\Program Files\Tableau\Tableau 2026.2\Local\Maps\CN\normal\5\19\9.png","9692"
"C:\Program Files\Tableau\Tableau 2026.2\Local\Maps\CN\normal\5\2\0.png","103"
"C:\Program Files\Tableau\Tableau 2026.2\Local\Maps\CN\normal\5\2\1.png","103"
"C:\Program Files\Tableau\Tableau 2026.2\Local\Maps\CN\normal\5\2\10.png","167"
"C:\Program Files\Tableau\Tableau 2026.2\Local\Maps\CN\normal\5\2\11.png","103"
"C:\Program Files\Tableau\Tableau 2026.2\Local\Maps\CN\normal\5\2\12.png","103"
"C:\Program Files\Tableau\Tableau 2026.2\Local\Maps\CN\normal\5\2\13.png","103"
"C:\Program Files\Tableau\Tableau 2026.2\Local\Maps\CN\normal\5\2\14.png","742"
"C:\Program Files\Tableau\Tableau 2026.2\Local\Maps\CN\normal\5\2\15.png","307"
"C:\Program Files\Tableau\Tableau 2026.2\Local\Maps\CN\normal\5\2\16.png","262"
"C:\Program Files\Tableau\Tableau 2026.2\Local\Maps\CN\normal\5\2\17.png","620"
"C:\Program Files\Tableau\Tableau 2026.2\Local\Maps\CN\normal\5\2\18.png","289"
"C:\Program Files\Tableau\Tableau 2026.2\Local\Maps\CN\normal\5\2\19.png","103"
"C:\Program Files\Tableau\Tableau 2026.2\Local\Maps\CN\normal\5\2\2.png","103"
"C:\Program Files\Tableau\Tableau 2026.2\Local\Maps\CN\normal\5\2\20.png","103"
"C:\Program Files\Tableau\Tableau 2026.2\Local\Maps\CN\normal\5\2\21.png","103"
"C:\Program Files\Tableau\Tableau 2026.2\Local\Maps\CN\normal\5\2\22.png","103"
"C:\Program Files\Tableau\Tableau 2026.2\Local\Maps\CN\normal\5\2\23.png","103"
"C:\Program Files\Tableau\Tableau 2026.2\Local\Maps\CN\normal\5\2\24.png","103"
"C:\Program Files\Tableau\Tableau 2026.2\Local\Maps\CN\normal\5\2\25.png","103"
"C:\Program Files\Tableau\Tableau 2026.2\Local\Maps\CN\normal\5\2\26.png","1275"
"C:\Program Files\Tableau\Tableau 2026.2\Local\Maps\CN\normal\5\2\27.png","2666"
"C:\Program Files\Tableau\Tableau 2026.2\Local\Maps\CN\normal\5\2\28.png","1720"
"C:\Program Files\Tableau\Tableau 2026.2\Local\Maps\CN\normal\5\2\29.png","1133"
"C:\Program Files\Tableau\Tableau 2026.2\Local\Maps\CN\normal\5\2\3.png","103"
"C:\Program Files\Tableau\Tableau 2026.2\Local\Maps\CN\normal\5\2\30.png","675"
"C:\Program Files\Tableau\Tableau 2026.2\Local\Maps\CN\normal\5\2\31.png","633"
"C:\Program Files\Tableau\Tableau 2026.2\Local\Maps\CN\normal\5\2\4.png","103"
"C:\Program Files\Tableau\Tableau 2026.2\Local\Maps\CN\normal\5\2\5.png","103"
"C:\Program Files\Tableau\Tableau 2026.2\Local\Maps\CN\normal\5\2\6.png","991"
"C:\Program Files\Tableau\Tableau 2026.2\Local\Maps\CN\normal\5\2\7.png","816"
"C:\Program Files\Tableau\Tableau 2026.2\Local\Maps\CN\normal\5\2\8.png","541"
"C:\Program Files\Tableau\Tableau 2026.2\Local\Maps\CN\normal\5\2\9.png","4927"
"C:\Program Files\Tableau\Tableau 2026.2\Local\Maps\CN\normal\5\20\0.png","103"
"C:\Program Files\Tableau\Tableau 2026.2\Local\Maps\CN\normal\5\20\1.png","103"
"C:\Program Files\Tableau\Tableau 2026.2\Local\Maps\CN\normal\5\20\10.png","11061"
"C:\Program Files\Tableau\Tableau 2026.2\Local\Maps\CN\normal\5\20\11.png","9453"
"C:\Program Files\Tableau\Tableau 2026.2\Local\Maps\CN\normal\5\20\12.png","15384"
"C:\Program Files\Tableau\Tableau 2026.2\Local\Maps\CN\normal\5\20\13.png","10145"
"C:\Program Files\Tableau\Tableau 2026.2\Local\Maps\CN\normal\5\20\14.png","6450"
"C:\Program Files\Tableau\Tableau 2026.2\Local\Maps\CN\normal\5\20\15.png","4206"
"C:\Program Files\Tableau\Tableau 2026.2\Local\Maps\CN\normal\5\20\16.png","517"
"C:\Program Files\Tableau\Tableau 2026.2\Local\Maps\CN\normal\5\20\17.png","6236"
"C:\Program Files\Tableau\Tableau 2026.2\Local\Maps\CN\normal\5\20\18.png","2093"
"C:\Program Files\Tableau\Tableau 2026.2\Local\Maps\CN\normal\5\20\19.png","103"
"C:\Program Files\Tableau\Tableau 2026.2\Local\Maps\CN\normal\5\20\2.png","611"
"C:\Program Files\Tableau\Tableau 2026.2\Local\Maps\CN\normal\5\20\20.png","301"
"C:\Program Files\Tableau\Tableau 2026.2\Local\Maps\CN\normal\5\20\21.png","103"
"C:\Program Files\Tableau\Tableau 2026.2\Local\Maps\CN\normal\5\20\22.png","103"
"C:\Program Files\Tableau\Tableau 2026.2\Local\Maps\CN\normal\5\20\23.png","623"
"C:\Program Files\Tableau\Tableau 2026.2\Local\Maps\CN\normal\5\20\24.png","1435"
"C:\Program Files\Tableau\Tableau 2026.2\Local\Maps\CN\normal\5\20\25.png","177"
"C:\Program Files\Tableau\Tableau 2026.2\Local\Maps\CN\normal\5\20\26.png","177"
"C:\Program Files\Tableau\Tableau 2026.2\Local\Maps\CN\normal\5\20\27.png","177"
"C:\Program Files\Tableau\Tableau 2026.2\Local\Maps\CN\normal\5\20\28.png","177"
"C:\Program Files\Tableau\Tableau 2026.2\Local\Maps\CN\normal\5\20\29.png","177"
"C:\Program Files\Tableau\Tableau 2026.2\Local\Maps\CN\normal\5\20\3.png","3352"
"C:\Program Files\Tableau\Tableau 2026.2\Local\Maps\CN\normal\5\20\30.png","177"
"C:\Program Files\Tableau\Tableau 2026.2\Local\Maps\CN\normal\5\20\31.png","252"
"C:\Program Files\Tableau\Tableau 2026.2\Local\Maps\CN\normal\5\20\4.png","103"
"C:\Program Files\Tableau\Tableau 2026.2\Local\Maps\CN\normal\5\20\5.png","775"
"C:\Program Files\Tableau\Tableau 2026.2\Local\Maps\CN\normal\5\20\6.png","2346"
"C:\Program Files\Tableau\Tableau 2026.2\Local\Maps\CN\normal\5\20\7.png","2603"
"C:\Program Files\Tableau\Tableau 2026.2\Local\Maps\CN\normal\5\20\8.png","3133"
"C:\Program Files\Tableau\Tableau 2026.2\Local\Maps\CN\normal\5\20\9.png","9589"
"C:\Program Files\Tableau\Tableau 2026.2\Local\Maps\CN\normal\5\21\0.png","103"
"C:\Program Files\Tableau\Tableau 2026.2\Local\Maps\CN\normal\5\21\1.png","103"
"C:\Program Files\Tableau\Tableau 2026.2\Local\Maps\CN\normal\5\21\10.png","9355"
"C:\Program Files\Tableau\Tableau 2026.2\Local\Maps\CN\normal\5\21\11.png","8660"
"C:\Program Files\Tableau\Tableau 2026.2\Local\Maps\CN\normal\5\21\12.png","14020"
"C:\Program Files\Tableau\Tableau 2026.2\Local\Maps\CN\normal\5\21\13.png","8366"
"C:\Program Files\Tableau\Tableau 2026.2\Local\Maps\CN\normal\5\21\14.png","1206"
"C:\Program Files\Tableau\Tableau 2026.2\Local\Maps\CN\normal\5\21\15.png","103"
"C:\Program Files\Tableau\Tableau 2026.2\Local\Maps\CN\normal\5\21\16.png","262"
"C:\Program Files\Tableau\Tableau 2026.2\Local\Maps\CN\normal\5\21\17.png","547"
"C:\Program Files\Tableau\Tableau 2026.2\Local\Maps\CN\normal\5\21\18.png","103"
"C:\Program Files\Tableau\Tableau 2026.2\Local\Maps\CN\normal\5\21\19.png","103"
"C:\Program Files\Tableau\Tableau 2026.2\Local\Maps\CN\normal\5\21\2.png","1628"
"C:\Program Files\Tableau\Tableau 2026.2\Local\Maps\CN\normal\5\21\20.png","103"
"C:\Program Files\Tableau\Tableau 2026.2\Local\Maps\CN\normal\5\21\21.png","103"
"C:\Program Files\Tableau\Tableau 2026.2\Local\Maps\CN\normal\5\21\22.png","103"
"C:\Program Files\Tableau\Tableau 2026.2\Local\Maps\CN\normal\5\21\23.png","420"
"C:\Program Files\Tableau\Tableau 2026.2\Local\Maps\CN\normal\5\21\24.png","1108"
"C:\Program Files\Tableau\Tableau 2026.2\Local\Maps\CN\normal\5\21\25.png","641"
"C:\Program Files\Tableau\Tableau 2026.2\Local\Maps\CN\normal\5\21\26.png","177"
"C:\Program Files\Tableau\Tableau 2026.2\Local\Maps\CN\normal\5\21\27.png","177"
"C:\Program Files\Tableau\Tableau 2026.2\Local\Maps\CN\normal\5\21\28.png","177"
"C:\Program Files\Tableau\Tableau 2026.2\Local\Maps\CN\normal\5\21\29.png","177"
"C:\Program Files\Tableau\Tableau 2026.2\Local\Maps\CN\normal\5\21\3.png","2553"
"C:\Program Files\Tableau\Tableau 2026.2\Local\Maps\CN\normal\5\21\30.png","177"
"C:\Program Files\Tableau\Tableau 2026.2\Local\Maps\CN\normal\5\21\31.png","252"
"C:\Program Files\Tableau\Tableau 2026.2\Local\Maps\CN\normal\5\21\4.png","428"
"C:\Program Files\Tableau\Tableau 2026.2\Local\Maps\CN\normal\5\21\5.png","2320"
"C:\Program Files\Tableau\Tableau 2026.2\Local\Maps\CN\normal\5\21\6.png","1203"
"C:\Program Files\Tableau\Tableau 2026.2\Local\Maps\CN\normal\5\21\7.png","4255"
"C:\Program Files\Tableau\Tableau 2026.2\Local\Maps\CN\normal\5\21\8.png","3633"
"C:\Program Files\Tableau\Tableau 2026.2\Local\Maps\CN\normal\5\21\9.png","6469"
"C:\Program Files\Tableau\Tableau 2026.2\Local\Maps\CN\normal\5\22\0.png","103"
"C:\Program Files\Tableau\Tableau 2026.2\Local\Maps\CN\normal\5\22\1.png","103"
"C:\Program Files\Tableau\Tableau 2026.2\Local\Maps\CN\normal\5\22\10.png","8976"
"C:\Program Files\Tableau\Tableau 2026.2\Local\Maps\CN\normal\5\22\11.png","8627"
"C:\Program Files\Tableau\Tableau 2026.2\Local\Maps\CN\normal\5\22\12.png","18878"
"C:\Program Files\Tableau\Tableau 2026.2\Local\Maps\CN\normal\5\22\13.png","10202"
"C:\Program Files\Tableau\Tableau 2026.2\Local\Maps\CN\normal\5\22\14.png","5481"
"C:\Program Files\Tableau\Tableau 2026.2\Local\Maps\CN\normal\5\22\15.png","1560"
"C:\Program Files\Tableau\Tableau 2026.2\Local\Maps\CN\normal\5\22\16.png","324"
"C:\Program Files\Tableau\Tableau 2026.2\Local\Maps\CN\normal\5\22\17.png","103"
"C:\Program Files\Tableau\Tableau 2026.2\Local\Maps\CN\normal\5\22\18.png","103"
"C:\Program Files\Tableau\Tableau 2026.2\Local\Maps\CN\normal\5\22\19.png","281"
"C:\Program Files\Tableau\Tableau 2026.2\Local\Maps\CN\normal\5\22\2.png","103"
"C:\Program Files\Tableau\Tableau 2026.2\Local\Maps\CN\normal\5\22\20.png","467"
"C:\Program Files\Tableau\Tableau 2026.2\Local\Maps\CN\normal\5\22\21.png","850"
"C:\Program Files\Tableau\Tableau 2026.2\Local\Maps\CN\normal\5\22\22.png","103"
"C:\Program Files\Tableau\Tableau 2026.2\Local\Maps\CN\normal\5\22\23.png","103"
"C:\Program Files\Tableau\Tableau 2026.2\Local\Maps\CN\normal\5\22\24.png","1814"
"C:\Program Files\Tableau\Tableau 2026.2\Local\Maps\CN\normal\5\22\25.png","1332"
"C:\Program Files\Tableau\Tableau 2026.2\Local\Maps\CN\normal\5\22\26.png","177"
"C:\Program Files\Tableau\Tableau 2026.2\Local\Maps\CN\normal\5\22\27.png","177"
"C:\Program Files\Tableau\Tableau 2026.2\Local\Maps\CN\normal\5\22\28.png","177"
"C:\Program Files\Tableau\Tableau 2026.2\Local\Maps\CN\normal\5\22\29.png","177"
"C:\Program Files\Tableau\Tableau 2026.2\Local\Maps\CN\normal\5\22\3.png","542"
"C:\Program Files\Tableau\Tableau 2026.2\Local\Maps\CN\normal\5\22\30.png","177"
"C:\Program Files\Tableau\Tableau 2026.2\Local\Maps\CN\normal\5\22\31.png","252"
"C:\Program Files\Tableau\Tableau 2026.2\Local\Maps\CN\normal\5\22\4.png","440"
"C:\Program Files\Tableau\Tableau 2026.2\Local\Maps\CN\normal\5\22\5.png","543"
"C:\Program Files\Tableau\Tableau 2026.2\Local\Maps\CN\normal\5\22\6.png","3257"
"C:\Program Files\Tableau\Tableau 2026.2\Local\Maps\CN\normal\5\22\7.png","3227"
"C:\Program Files\Tableau\Tableau 2026.2\Local\Maps\CN\normal\5\22\8.png","2215"
"C:\Program Files\Tableau\Tableau 2026.2\Local\Maps\CN\normal\5\22\9.png","4984"
"C:\Program Files\Tableau\Tableau 2026.2\Local\Maps\CN\normal\5\23\0.png","103"
"C:\Program Files\Tableau\Tableau 2026.2\Local\Maps\CN\normal\5\23\1.png","103"
"C:\Program Files\Tableau\Tableau 2026.2\Local\Maps\CN\normal\5\23\10.png","8838"
"C:\Program Files\Tableau\Tableau 2026.2\Local\Maps\CN\normal\5\23\11.png","6326"
"C:\Program Files\Tableau\Tableau 2026.2\Local\Maps\CN\normal\5\23\12.png","3237"
"C:\Program Files\Tableau\Tableau 2026.2\Local\Maps\CN\normal\5\23\13.png","14132"
"C:\Program Files\Tableau\Tableau 2026.2\Local\Maps\CN\normal\5\23\14.png","4198"
"C:\Program Files\Tableau\Tableau 2026.2\Local\Maps\CN\normal\5\23\15.png","2277"
"C:\Program Files\Tableau\Tableau 2026.2\Local\Maps\CN\normal\5\23\16.png","103"
"C:\Program Files\Tableau\Tableau 2026.2\Local\Maps\CN\normal\5\23\17.png","103"
"C:\Program Files\Tableau\Tableau 2026.2\Local\Maps\CN\normal\5\23\18.png","103"
"C:\Program Files\Tableau\Tableau 2026.2\Local\Maps\CN\normal\5\23\19.png","103"
"C:\Program Files\Tableau\Tableau 2026.2\Local\Maps\CN\normal\5\23\2.png","293"
"C:\Program Files\Tableau\Tableau 2026.2\Local\Maps\CN\normal\5\23\20.png","103"
"C:\Program Files\Tableau\Tableau 2026.2\Local\Maps\CN\normal\5\23\21.png","103"
"C:\Program Files\Tableau\Tableau 2026.2\Local\Maps\CN\normal\5\23\22.png","103"
"C:\Program Files\Tableau\Tableau 2026.2\Local\Maps\CN\normal\5\23\23.png","167"
"C:\Program Files\Tableau\Tableau 2026.2\Local\Maps\CN\normal\5\23\24.png","1090"
"C:\Program Files\Tableau\Tableau 2026.2\Local\Maps\CN\normal\5\23\25.png","177"
"C:\Program Files\Tableau\Tableau 2026.2\Local\Maps\CN\normal\5\23\26.png","177"
"C:\Program Files\Tableau\Tableau 2026.2\Local\Maps\CN\normal\5\23\27.png","177"
"C:\Program Files\Tableau\Tableau 2026.2\Local\Maps\CN\normal\5\23\28.png","177"
"C:\Program Files\Tableau\Tableau 2026.2\Local\Maps\CN\normal\5\23\29.png","177"
"C:\Program Files\Tableau\Tableau 2026.2\Local\Maps\CN\normal\5\23\3.png","531"
"C:\Program Files\Tableau\Tableau 2026.2\Local\Maps\CN\normal\5\23\30.png","177"
"C:\Program Files\Tableau\Tableau 2026.2\Local\Maps\CN\normal\5\23\31.png","252"
"C:\Program Files\Tableau\Tableau 2026.2\Local\Maps\CN\normal\5\23\4.png","562"
"C:\Program Files\Tableau\Tableau 2026.2\Local\Maps\CN\normal\5\23\5.png","2010"
"C:\Program Files\Tableau\Tableau 2026.2\Local\Maps\CN\normal\5\23\6.png","3295"
"C:\Program Files\Tableau\Tableau 2026.2\Local\Maps\CN\normal\5\23\7.png","4208"
"C:\Program Files\Tableau\Tableau 2026.2\Local\Maps\CN\normal\5\23\8.png","3081"
"C:\Program Files\Tableau\Tableau 2026.2\Local\Maps\CN\normal\5\23\9.png","4372"
"C:\Program Files\Tableau\Tableau 2026.2\Local\Maps\CN\normal\5\24\0.png","103"
"C:\Program Files\Tableau\Tableau 2026.2\Local\Maps\CN\normal\5\24\1.png","103"
"C:\Program Files\Tableau\Tableau 2026.2\Local\Maps\CN\normal\5\24\10.png","7854"
"C:\Program Files\Tableau\Tableau 2026.2\Local\Maps\CN\normal\5\24\11.png","8059"
"C:\Program Files\Tableau\Tableau 2026.2\Local\Maps\CN\normal\5\24\12.png","5746"
"C:\Program Files\Tableau\Tableau 2026.2\Local\Maps\CN\normal\5\24\13.png","13404"
"C:\Program Files\Tableau\Tableau 2026.2\Local\Maps\CN\normal\5\24\14.png","14065"
"C:\Program Files\Tableau\Tableau 2026.2\Local\Maps\CN\normal\5\24\15.png","5348"
"C:\Program Files\Tableau\Tableau 2026.2\Local\Maps\CN\normal\5\24\16.png","1083"
"C:\Program Files\Tableau\Tableau 2026.2\Local\Maps\CN\normal\5\24\17.png","179"
"C:\Program Files\Tableau\Tableau 2026.2\Local\Maps\CN\normal\5\24\18.png","103"
"C:\Program Files\Tableau\Tableau 2026.2\Local\Maps\CN\normal\5\24\19.png","103"
"C:\Program Files\Tableau\Tableau 2026.2\Local\Maps\CN\normal\5\24\2.png","686"
"C:\Program Files\Tableau\Tableau 2026.2\Local\Maps\CN\normal\5\24\20.png","103"
"C:\Program Files\Tableau\Tableau 2026.2\Local\Maps\CN\normal\5\24\21.png","103"
"C:\Program Files\Tableau\Tableau 2026.2\Local\Maps\CN\normal\5\24\22.png","103"
"C:\Program Files\Tableau\Tableau 2026.2\Local\Maps\CN\normal\5\24\23.png","973"
"C:\Program Files\Tableau\Tableau 2026.2\Local\Maps\CN\normal\5\24\24.png","886"
"C:\Program Files\Tableau\Tableau 2026.2\Local\Maps\CN\normal\5\24\25.png","177"
"C:\Program Files\Tableau\Tableau 2026.2\Local\Maps\CN\normal\5\24\26.png","177"
"C:\Program Files\Tableau\Tableau 2026.2\Local\Maps\CN\normal\5\24\27.png","177"
"C:\Program Files\Tableau\Tableau 2026.2\Local\Maps\CN\normal\5\24\28.png","177"
"C:\Program Files\Tableau\Tableau 2026.2\Local\Maps\CN\normal\5\24\29.png","177"
"C:\Program Files\Tableau\Tableau 2026.2\Local\Maps\CN\normal\5\24\3.png","3244"
"C:\Program Files\Tableau\Tableau 2026.2\Local\Maps\CN\normal\5\24\30.png","177"
"C:\Program Files\Tableau\Tableau 2026.2\Local\Maps\CN\normal\5\24\31.png","252"
"C:\Program Files\Tableau\Tableau 2026.2\Local\Maps\CN\normal\5\24\4.png","1582"
"C:\Program Files\Tableau\Tableau 2026.2\Local\Maps\CN\normal\5\24\5.png","2979"
"C:\Program Files\Tableau\Tableau 2026.2\Local\Maps\CN\normal\5\24\6.png","888"
"C:\Program Files\Tableau\Tableau 2026.2\Local\Maps\CN\normal\5\24\7.png","2017"
"C:\Program Files\Tableau\Tableau 2026.2\Local\Maps\CN\normal\5\24\8.png","317"
"C:\Program Files\Tableau\Tableau 2026.2\Local\Maps\CN\normal\5\24\9.png","1574"
"C:\Program Files\Tableau\Tableau 2026.2\Local\Maps\CN\normal\5\25\0.png","103"
"C:\Program Files\Tableau\Tableau 2026.2\Local\Maps\CN\normal\5\25\1.png","103"
"C:\Program Files\Tableau\Tableau 2026.2\Local\Maps\CN\normal\5\25\10.png","8293"
"C:\Program Files\Tableau\Tableau 2026.2\Local\Maps\CN\normal\5\25\11.png","8016"
"C:\Program Files\Tableau\Tableau 2026.2\Local\Maps\CN\normal\5\25\12.png","8285"
"C:\Program Files\Tableau\Tableau 2026.2\Local\Maps\CN\normal\5\25\13.png","9093"
"C:\Program Files\Tableau\Tableau 2026.2\Local\Maps\CN\normal\5\25\14.png","19651"
"C:\Program Files\Tableau\Tableau 2026.2\Local\Maps\CN\normal\5\25\15.png","6716"
"C:\Program Files\Tableau\Tableau 2026.2\Local\Maps\CN\normal\5\25\16.png","4995"
"C:\Program Files\Tableau\Tableau 2026.2\Local\Maps\CN\normal\5\25\17.png","103"
"C:\Program Files\Tableau\Tableau 2026.2\Local\Maps\CN\normal\5\25\18.png","103"
"C:\Program Files\Tableau\Tableau 2026.2\Local\Maps\CN\normal\5\25\19.png","103"
"C:\Program Files\Tableau\Tableau 2026.2\Local\Maps\CN\normal\5\25\2.png","103"
"C:\Program Files\Tableau\Tableau 2026.2\Local\Maps\CN\normal\5\25\20.png","103"
"C:\Program Files\Tableau\Tableau 2026.2\Local\Maps\CN\normal\5\25\21.png","103"
"C:\Program Files\Tableau\Tableau 2026.2\Local\Maps\CN\normal\5\25\22.png","103"
"C:\Program Files\Tableau\Tableau 2026.2\Local\Maps\CN\normal\5\25\23.png","857"
"C:\Program Files\Tableau\Tableau 2026.2\Local\Maps\CN\normal\5\25\24.png","647"
"C:\Program Files\Tableau\Tableau 2026.2\Local\Maps\CN\normal\5\25\25.png","177"
"C:\Program Files\Tableau\Tableau 2026.2\Local\Maps\CN\normal\5\25\26.png","177"
"C:\Program Files\Tableau\Tableau 2026.2\Local\Maps\CN\normal\5\25\27.png","177"
"C:\Program Files\Tableau\Tableau 2026.2\Local\Maps\CN\normal\5\25\28.png","177"
"C:\Program Files\Tableau\Tableau 2026.2\Local\Maps\CN\normal\5\25\29.png","177"
"C:\Program Files\Tableau\Tableau 2026.2\Local\Maps\CN\normal\5\25\3.png","605"
"C:\Program Files\Tableau\Tableau 2026.2\Local\Maps\CN\normal\5\25\30.png","177"
"C:\Program Files\Tableau\Tableau 2026.2\Local\Maps\CN\normal\5\25\31.png","252"
"C:\Program Files\Tableau\Tableau 2026.2\Local\Maps\CN\normal\5\25\4.png","2072"
"C:\Program Files\Tableau\Tableau 2026.2\Local\Maps\CN\normal\5\25\5.png","2415"
"C:\Program Files\Tableau\Tableau 2026.2\Local\Maps\CN\normal\5\25\6.png","2879"
"C:\Program Files\Tableau\Tableau 2026.2\Local\Maps\CN\normal\5\25\7.png","1952"
"C:\Program Files\Tableau\Tableau 2026.2\Local\Maps\CN\normal\5\25\8.png","4656"
"C:\Program Files\Tableau\Tableau 2026.2\Local\Maps\CN\normal\5\25\9.png","4870"
"C:\Program Files\Tableau\Tableau 2026.2\Local\Maps\CN\normal\5\26\0.png","103"
"C:\Program Files\Tableau\Tableau 2026.2\Local\Maps\CN\normal\5\26\1.png","103"
"C:\Program Files\Tableau\Tableau 2026.2\Local\Maps\CN\normal\5\26\10.png","6107"
"C:\Program Files\Tableau\Tableau 2026.2\Local\Maps\CN\normal\5\26\11.png","7072"
"C:\Program Files\Tableau\Tableau 2026.2\Local\Maps\CN\normal\5\26\12.png","8235"
"C:\Program Files\Tableau\Tableau 2026.2\Local\Maps\CN\normal\5\26\13.png","8835"
"C:\Program Files\Tableau\Tableau 2026.2\Local\Maps\CN\normal\5\26\14.png","4521"
"C:\Program Files\Tableau\Tableau 2026.2\Local\Maps\CN\normal\5\26\15.png","7086"
"C:\Program Files\Tableau\Tableau 2026.2\Local\Maps\CN\normal\5\26\16.png","5824"
"C:\Program Files\Tableau\Tableau 2026.2\Local\Maps\CN\normal\5\26\17.png","1094"
"C:\Program Files\Tableau\Tableau 2026.2\Local\Maps\CN\normal\5\26\18.png","2287"
"C:\Program Files\Tableau\Tableau 2026.2\Local\Maps\CN\normal\5\26\19.png","1010"
"C:\Program Files\Tableau\Tableau 2026.2\Local\Maps\CN\normal\5\26\2.png","103"
"C:\Program Files\Tableau\Tableau 2026.2\Local\Maps\CN\normal\5\26\20.png","103"
"C:\Program Files\Tableau\Tableau 2026.2\Local\Maps\CN\normal\5\26\21.png","103"
"C:\Program Files\Tableau\Tableau 2026.2\Local\Maps\CN\normal\5\26\22.png","103"
"C:\Program Files\Tableau\Tableau 2026.2\Local\Maps\CN\normal\5\26\23.png","548"
"C:\Program Files\Tableau\Tableau 2026.2\Local\Maps\CN\normal\5\26\24.png","1226"
"C:\Program Files\Tableau\Tableau 2026.2\Local\Maps\CN\normal\5\26\25.png","177"
"C:\Program Files\Tableau\Tableau 2026.2\Local\Maps\CN\normal\5\26\26.png","177"
"C:\Program Files\Tableau\Tableau 2026.2\Local\Maps\CN\normal\5\26\27.png","177"
"C:\Program Files\Tableau\Tableau 2026.2\Local\Maps\CN\normal\5\26\28.png","177"
"C:\Program Files\Tableau\Tableau 2026.2\Local\Maps\CN\normal\5\26\29.png","177"
"C:\Program Files\Tableau\Tableau 2026.2\Local\Maps\CN\normal\5\26\3.png","103"
"C:\Program Files\Tableau\Tableau 2026.2\Local\Maps\CN\normal\5\26\30.png","177"
"C:\Program Files\Tableau\Tableau 2026.2\Local\Maps\CN\normal\5\26\31.png","252"
"C:\Program Files\Tableau\Tableau 2026.2\Local\Maps\CN\normal\5\26\4.png","103"
"C:\Program Files\Tableau\Tableau 2026.2\Local\Maps\CN\normal\5\26\5.png","1232"
"C:\Program Files\Tableau\Tableau 2026.2\Local\Maps\CN\normal\5\26\6.png","1738"
"C:\Program Files\Tableau\Tableau 2026.2\Local\Maps\CN\normal\5\26\7.png","177"
"C:\Program Files\Tableau\Tableau 2026.2\Local\Maps\CN\normal\5\26\8.png","264"
"C:\Program Files\Tableau\Tableau 2026.2\Local\Maps\CN\normal\5\26\9.png","4699"
"C:\Program Files\Tableau\Tableau 2026.2\Local\Maps\CN\normal\5\27\0.png","103"
"C:\Program Files\Tableau\Tableau 2026.2\Local\Maps\CN\normal\5\27\1.png","103"
"C:\Program Files\Tableau\Tableau 2026.2\Local\Maps\CN\normal\5\27\10.png","7370"
"C:\Program Files\Tableau\Tableau 2026.2\Local\Maps\CN\normal\5\27\11.png","8127"
"C:\Program Files\Tableau\Tableau 2026.2\Local\Maps\CN\normal\5\27\12.png","9641"
"C:\Program Files\Tableau\Tableau 2026.2\Local\Maps\CN\normal\5\27\13.png","1279"
"C:\Program Files\Tableau\Tableau 2026.2\Local\Maps\CN\normal\5\27\14.png","951"
"C:\Program Files\Tableau\Tableau 2026.2\Local\Maps\CN\normal\5\27\15.png","3588"
"C:\Program Files\Tableau\Tableau 2026.2\Local\Maps\CN\normal\5\27\16.png","4594"
"C:\Program Files\Tableau\Tableau 2026.2\Local\Maps\CN\normal\5\27\17.png","2123"
"C:\Program Files\Tableau\Tableau 2026.2\Local\Maps\CN\normal\5\27\18.png","1144"
"C:\Program Files\Tableau\Tableau 2026.2\Local\Maps\CN\normal\5\27\19.png","785"
"C:\Program Files\Tableau\Tableau 2026.2\Local\Maps\CN\normal\5\27\2.png","103"
"C:\Program Files\Tableau\Tableau 2026.2\Local\Maps\CN\normal\5\27\20.png","103"
"C:\Program Files\Tableau\Tableau 2026.2\Local\Maps\CN\normal\5\27\21.png","103"
"C:\Program Files\Tableau\Tableau 2026.2\Local\Maps\CN\normal\5\27\22.png","103"
"C:\Program Files\Tableau\Tableau 2026.2\Local\Maps\CN\normal\5\27\23.png","773"
"C:\Program Files\Tableau\Tableau 2026.2\Local\Maps\CN\normal\5\27\24.png","817"
"C:\Program Files\Tableau\Tableau 2026.2\Local\Maps\CN\normal\5\27\25.png","177"
"C:\Program Files\Tableau\Tableau 2026.2\Local\Maps\CN\normal\5\27\26.png","177"
"C:\Program Files\Tableau\Tableau 2026.2\Local\Maps\CN\normal\5\27\27.png","177"
"C:\Program Files\Tableau\Tableau 2026.2\Local\Maps\CN\normal\5\27\28.png","177"
"C:\Program Files\Tableau\Tableau 2026.2\Local\Maps\CN\normal\5\27\29.png","177"
"C:\Program Files\Tableau\Tableau 2026.2\Local\Maps\CN\normal\5\27\3.png","103"
"C:\Program Files\Tableau\Tableau 2026.2\Local\Maps\CN\normal\5\27\30.png","177"
"C:\Program Files\Tableau\Tableau 2026.2\Local\Maps\CN\normal\5\27\31.png","252"
"C:\Program Files\Tableau\Tableau 2026.2\Local\Maps\CN\normal\5\27\4.png","103"
"C:\Program Files\Tableau\Tableau 2026.2\Local\Maps\CN\normal\5\27\5.png","103"
"C:\Program Files\Tableau\Tableau 2026.2\Local\Maps\CN\normal\5\27\6.png","2362"
"C:\Program Files\Tableau\Tableau 2026.2\Local\Maps\CN\normal\5\27\7.png","177"
"C:\Program Files\Tableau\Tableau 2026.2\Local\Maps\CN\normal\5\27\8.png","177"
"C:\Program Files\Tableau\Tableau 2026.2\Local\Maps\CN\normal\5\27\9.png","2026"
"C:\Program Files\Tableau\Tableau 2026.2\Local\Maps\CN\normal\5\28\0.png","103"
"C:\Program Files\Tableau\Tableau 2026.2\Local\Maps\CN\normal\5\28\1.png","103"
"C:\Program Files\Tableau\Tableau 2026.2\Local\Maps\CN\normal\5\28\10.png","3424"
"C:\Program Files\Tableau\Tableau 2026.2\Local\Maps\CN\normal\5\28\11.png","3975"
"C:\Program Files\Tableau\Tableau 2026.2\Local\Maps\CN\normal\5\28\12.png","6266"
"C:\Program Files\Tableau\Tableau 2026.2\Local\Maps\CN\normal\5\28\13.png","344"
"C:\Program Files\Tableau\Tableau 2026.2\Local\Maps\CN\normal\5\28\14.png","532"
"C:\Program Files\Tableau\Tableau 2026.2\Local\Maps\CN\normal\5\28\15.png","293"
"C:\Program Files\Tableau\Tableau 2026.2\Local\Maps\CN\normal\5\28\16.png","5061"
"C:\Program Files\Tableau\Tableau 2026.2\Local\Maps\CN\normal\5\28\17.png","2401"
"C:\Program Files\Tableau\Tableau 2026.2\Local\Maps\CN\normal\5\28\18.png","1697"
"C:\Program Files\Tableau\Tableau 2026.2\Local\Maps\CN\normal\5\28\19.png","3338"
"C:\Program Files\Tableau\Tableau 2026.2\Local\Maps\CN\normal\5\28\2.png","103"
"C:\Program Files\Tableau\Tableau 2026.2\Local\Maps\CN\normal\5\28\20.png","736"
"C:\Program Files\Tableau\Tableau 2026.2\Local\Maps\CN\normal\5\28\21.png","103"
"C:\Program Files\Tableau\Tableau 2026.2\Local\Maps\CN\normal\5\28\22.png","103"
"C:\Program Files\Tableau\Tableau 2026.2\Local\Maps\CN\normal\5\28\23.png","581"
"C:\Program Files\Tableau\Tableau 2026.2\Local\Maps\CN\normal\5\28\24.png","1065"
"C:\Program Files\Tableau\Tableau 2026.2\Local\Maps\CN\normal\5\28\25.png","177"
"C:\Program Files\Tableau\Tableau 2026.2\Local\Maps\CN\normal\5\28\26.png","177"
"C:\Program Files\Tableau\Tableau 2026.2\Local\Maps\CN\normal\5\28\27.png","177"
"C:\Program Files\Tableau\Tableau 2026.2\Local\Maps\CN\normal\5\28\28.png","177"
"C:\Program Files\Tableau\Tableau 2026.2\Local\Maps\CN\normal\5\28\29.png","177"
"C:\Program Files\Tableau\Tableau 2026.2\Local\Maps\CN\normal\5\28\3.png","103"
"C:\Program Files\Tableau\Tableau 2026.2\Local\Maps\CN\normal\5\28\30.png","177"
"C:\Program Files\Tableau\Tableau 2026.2\Local\Maps\CN\normal\5\28\31.png","252"
"C:\Program Files\Tableau\Tableau 2026.2\Local\Maps\CN\normal\5\28\4.png","103"
"C:\Program Files\Tableau\Tableau 2026.2\Local\Maps\CN\normal\5\28\5.png","2556"
"C:\Program Files\Tableau\Tableau 2026.2\Local\Maps\CN\normal\5\28\6.png","2563"
"C:\Program Files\Tableau\Tableau 2026.2\Local\Maps\CN\normal\5\28\7.png","177"
"C:\Program Files\Tableau\Tableau 2026.2\Local\Maps\CN\normal\5\28\8.png","2170"
"C:\Program Files\Tableau\Tableau 2026.2\Local\Maps\CN\normal\5\28\9.png","2222"
"C:\Program Files\Tableau\Tableau 2026.2\Local\Maps\CN\normal\5\29\0.png","103"
"C:\Program Files\Tableau\Tableau 2026.2\Local\Maps\CN\normal\5\29\1.png","103"
"C:\Program Files\Tableau\Tableau 2026.2\Local\Maps\CN\normal\5\29\10.png","1041"
"C:\Program Files\Tableau\Tableau 2026.2\Local\Maps\CN\normal\5\29\11.png","989"
"C:\Program Files\Tableau\Tableau 2026.2\Local\Maps\CN\normal\5\29\12.png","103"
"C:\Program Files\Tableau\Tableau 2026.2\Local\Maps\CN\normal\5\29\13.png","173"
"C:\Program Files\Tableau\Tableau 2026.2\Local\Maps\CN\normal\5\29\14.png","103"
"C:\Program Files\Tableau\Tableau 2026.2\Local\Maps\CN\normal\5\29\15.png","333"
"C:\Program Files\Tableau\Tableau 2026.2\Local\Maps\CN\normal\5\29\16.png","4141"
"C:\Program Files\Tableau\Tableau 2026.2\Local\Maps\CN\normal\5\29\17.png","881"
"C:\Program Files\Tableau\Tableau 2026.2\Local\Maps\CN\normal\5\29\18.png","1991"
"C:\Program Files\Tableau\Tableau 2026.2\Local\Maps\CN\normal\5\29\19.png","2017"
"C:\Program Files\Tableau\Tableau 2026.2\Local\Maps\CN\normal\5\29\2.png","103"
"C:\Program Files\Tableau\Tableau 2026.2\Local\Maps\CN\normal\5\29\20.png","896"
"C:\Program Files\Tableau\Tableau 2026.2\Local\Maps\CN\normal\5\29\21.png","103"
"C:\Program Files\Tableau\Tableau 2026.2\Local\Maps\CN\normal\5\29\22.png","103"
"C:\Program Files\Tableau\Tableau 2026.2\Local\Maps\CN\normal\5\29\23.png","103"
"C:\Program Files\Tableau\Tableau 2026.2\Local\Maps\CN\normal\5\29\24.png","1365"
"C:\Program Files\Tableau\Tableau 2026.2\Local\Maps\CN\normal\5\29\25.png","177"
"C:\Program Files\Tableau\Tableau 2026.2\Local\Maps\CN\normal\5\29\26.png","177"
"C:\Program Files\Tableau\Tableau 2026.2\Local\Maps\CN\normal\5\29\27.png","177"
"C:\Program Files\Tableau\Tableau 2026.2\Local\Maps\CN\normal\5\29\28.png","177"
"C:\Program Files\Tableau\Tableau 2026.2\Local\Maps\CN\normal\5\29\29.png","177"
"C:\Program Files\Tableau\Tableau 2026.2\Local\Maps\CN\normal\5\29\3.png","103"
"C:\Program Files\Tableau\Tableau 2026.2\Local\Maps\CN\normal\5\29\30.png","177"
"C:\Program Files\Tableau\Tableau 2026.2\Local\Maps\CN\normal\5\29\31.png","252"
"C:\Program Files\Tableau\Tableau 2026.2\Local\Maps\CN\normal\5\29\4.png","283"
"C:\Program Files\Tableau\Tableau 2026.2\Local\Maps\CN\normal\5\29\5.png","1084"
"C:\Program Files\Tableau\Tableau 2026.2\Local\Maps\CN\normal\5\29\6.png","1490"
"C:\Program Files\Tableau\Tableau 2026.2\Local\Maps\CN\normal\5\29\7.png","726"
"C:\Program Files\Tableau\Tableau 2026.2\Local\Maps\CN\normal\5\29\8.png","2629"
"C:\Program Files\Tableau\Tableau 2026.2\Local\Maps\CN\normal\5\29\9.png","2269"
"C:\Program Files\Tableau\Tableau 2026.2\Local\Maps\CN\normal\5\3\0.png","103"
"C:\Program Files\Tableau\Tableau 2026.2\Local\Maps\CN\normal\5\3\1.png","103"
"C:\Program Files\Tableau\Tableau 2026.2\Local\Maps\CN\normal\5\3\10.png","103"
"C:\Program Files\Tableau\Tableau 2026.2\Local\Maps\CN\normal\5\3\11.png","103"
"C:\Program Files\Tableau\Tableau 2026.2\Local\Maps\CN\normal\5\3\12.png","103"
"C:\Program Files\Tableau\Tableau 2026.2\Local\Maps\CN\normal\5\3\13.png","103"
"C:\Program Files\Tableau\Tableau 2026.2\Local\Maps\CN\normal\5\3\14.png","103"
"C:\Program Files\Tableau\Tableau 2026.2\Local\Maps\CN\normal\5\3\15.png","103"
"C:\Program Files\Tableau\Tableau 2026.2\Local\Maps\CN\normal\5\3\16.png","487"
"C:\Program Files\Tableau\Tableau 2026.2\Local\Maps\CN\normal\5\3\17.png","664"
"C:\Program Files\Tableau\Tableau 2026.2\Local\Maps\CN\normal\5\3\18.png","274"
"C:\Program Files\Tableau\Tableau 2026.2\Local\Maps\CN\normal\5\3\19.png","103"
"C:\Program Files\Tableau\Tableau 2026.2\Local\Maps\CN\normal\5\3\2.png","103"
"C:\Program Files\Tableau\Tableau 2026.2\Local\Maps\CN\normal\5\3\20.png","103"
"C:\Program Files\Tableau\Tableau 2026.2\Local\Maps\CN\normal\5\3\21.png","103"
"C:\Program Files\Tableau\Tableau 2026.2\Local\Maps\CN\normal\5\3\22.png","103"
"C:\Program Files\Tableau\Tableau 2026.2\Local\Maps\CN\normal\5\3\23.png","103"
"C:\Program Files\Tableau\Tableau 2026.2\Local\Maps\CN\normal\5\3\24.png","103"
"C:\Program Files\Tableau\Tableau 2026.2\Local\Maps\CN\normal\5\3\25.png","103"
"C:\Program Files\Tableau\Tableau 2026.2\Local\Maps\CN\normal\5\3\26.png","1379"
"C:\Program Files\Tableau\Tableau 2026.2\Local\Maps\CN\normal\5\3\27.png","709"
"C:\Program Files\Tableau\Tableau 2026.2\Local\Maps\CN\normal\5\3\28.png","177"
"C:\Program Files\Tableau\Tableau 2026.2\Local\Maps\CN\normal\5\3\29.png","177"
"C:\Program Files\Tableau\Tableau 2026.2\Local\Maps\CN\normal\5\3\3.png","103"
"C:\Program Files\Tableau\Tableau 2026.2\Local\Maps\CN\normal\5\3\30.png","177"
"C:\Program Files\Tableau\Tableau 2026.2\Local\Maps\CN\normal\5\3\31.png","252"
"C:\Program Files\Tableau\Tableau 2026.2\Local\Maps\CN\normal\5\3\4.png","103"
"C:\Program Files\Tableau\Tableau 2026.2\Local\Maps\CN\normal\5\3\5.png","103"
"C:\Program Files\Tableau\Tableau 2026.2\Local\Maps\CN\normal\5\3\6.png","103"
"C:\Program Files\Tableau\Tableau 2026.2\Local\Maps\CN\normal\5\3\7.png","1712"
"C:\Program Files\Tableau\Tableau 2026.2\Local\Maps\CN\normal\5\3\8.png","524"
"C:\Program Files\Tableau\Tableau 2026.2\Local\Maps\CN\normal\5\3\9.png","4067"
"C:\Program Files\Tableau\Tableau 2026.2\Local\Maps\CN\normal\5\30\0.png","103"
"C:\Program Files\Tableau\Tableau 2026.2\Local\Maps\CN\normal\5\30\1.png","103"
"C:\Program Files\Tableau\Tableau 2026.2\Local\Maps\CN\normal\5\30\10.png","1143"
"C:\Program Files\Tableau\Tableau 2026.2\Local\Maps\CN\normal\5\30\11.png","103"
"C:\Program Files\Tableau\Tableau 2026.2\Local\Maps\CN\normal\5\30\12.png","103"
"C:\Program Files\Tableau\Tableau 2026.2\Local\Maps\CN\normal\5\30\13.png","103"
"C:\Program Files\Tableau\Tableau 2026.2\Local\Maps\CN\normal\5\30\14.png","264"
"C:\Program Files\Tableau\Tableau 2026.2\Local\Maps\CN\normal\5\30\15.png","459"
"C:\Program Files\Tableau\Tableau 2026.2\Local\Maps\CN\normal\5\30\16.png","1258"
"C:\Program Files\Tableau\Tableau 2026.2\Local\Maps\CN\normal\5\30\17.png","1766"
"C:\Program Files\Tableau\Tableau 2026.2\Local\Maps\CN\normal\5\30\18.png","510"
"C:\Program Files\Tableau\Tableau 2026.2\Local\Maps\CN\normal\5\30\19.png","103"
"C:\Program Files\Tableau\Tableau 2026.2\Local\Maps\CN\normal\5\30\2.png","103"
"C:\Program Files\Tableau\Tableau 2026.2\Local\Maps\CN\normal\5\30\20.png","1502"
"C:\Program Files\Tableau\Tableau 2026.2\Local\Maps\CN\normal\5\30\21.png","492"
"C:\Program Files\Tableau\Tableau 2026.2\Local\Maps\CN\normal\5\30\22.png","103"
"C:\Program Files\Tableau\Tableau 2026.2\Local\Maps\CN\normal\5\30\23.png","345"
"C:\Program Files\Tableau\Tableau 2026.2\Local\Maps\CN\normal\5\30\24.png","1148"
"C:\Program Files\Tableau\Tableau 2026.2\Local\Maps\CN\normal\5\30\25.png","1804"
"C:\Program Files\Tableau\Tableau 2026.2\Local\Maps\CN\normal\5\30\26.png","1593"
"C:\Program Files\Tableau\Tableau 2026.2\Local\Maps\CN\normal\5\30\27.png","2420"
"C:\Program Files\Tableau\Tableau 2026.2\Local\Maps\CN\normal\5\30\28.png","1484"
"C:\Program Files\Tableau\Tableau 2026.2\Local\Maps\CN\normal\5\30\29.png","1552"
"C:\Program Files\Tableau\Tableau 2026.2\Local\Maps\CN\normal\5\30\3.png","103"
"C:\Program Files\Tableau\Tableau 2026.2\Local\Maps\CN\normal\5\30\30.png","933"
"C:\Program Files\Tableau\Tableau 2026.2\Local\Maps\CN\normal\5\30\31.png","252"
"C:\Program Files\Tableau\Tableau 2026.2\Local\Maps\CN\normal\5\30\4.png","103"
"C:\Program Files\Tableau\Tableau 2026.2\Local\Maps\CN\normal\5\30\5.png","103"
"C:\Program Files\Tableau\Tableau 2026.2\Local\Maps\CN\normal\5\30\6.png","596"
"C:\Program Files\Tableau\Tableau 2026.2\Local\Maps\CN\normal\5\30\7.png","3261"
"C:\Program Files\Tableau\Tableau 2026.2\Local\Maps\CN\normal\5\30\8.png","3829"
"C:\Program Files\Tableau\Tableau 2026.2\Local\Maps\CN\normal\5\30\9.png","2542"
"C:\Program Files\Tableau\Tableau 2026.2\Local\Maps\CN\normal\5\31\0.png","103"
"C:\Program Files\Tableau\Tableau 2026.2\Local\Maps\CN\normal\5\31\1.png","103"
"C:\Program Files\Tableau\Tableau 2026.2\Local\Maps\CN\normal\5\31\10.png","743"
"C:\Program Files\Tableau\Tableau 2026.2\Local\Maps\CN\normal\5\31\11.png","103"
"C:\Program Files\Tableau\Tableau 2026.2\Local\Maps\CN\normal\5\31\12.png","103"
"C:\Program Files\Tableau\Tableau 2026.2\Local\Maps\CN\normal\5\31\13.png","103"
"C:\Program Files\Tableau\Tableau 2026.2\Local\Maps\CN\normal\5\31\14.png","168"
"C:\Program Files\Tableau\Tableau 2026.2\Local\Maps\CN\normal\5\31\15.png","441"
"C:\Program Files\Tableau\Tableau 2026.2\Local\Maps\CN\normal\5\31\16.png","419"
"C:\Program Files\Tableau\Tableau 2026.2\Local\Maps\CN\normal\5\31\17.png","1304"
"C:\Program Files\Tableau\Tableau 2026.2\Local\Maps\CN\normal\5\31\18.png","103"
"C:\Program Files\Tableau\Tableau 2026.2\Local\Maps\CN\normal\5\31\19.png","3767"
"C:\Program Files\Tableau\Tableau 2026.2\Local\Maps\CN\normal\5\31\2.png","103"
"C:\Program Files\Tableau\Tableau 2026.2\Local\Maps\CN\normal\5\31\20.png","3566"
"C:\Program Files\Tableau\Tableau 2026.2\Local\Maps\CN\normal\5\31\21.png","318"
"C:\Program Files\Tableau\Tableau 2026.2\Local\Maps\CN\normal\5\31\22.png","103"
"C:\Program Files\Tableau\Tableau 2026.2\Local\Maps\CN\normal\5\31\23.png","103"
"C:\Program Files\Tableau\Tableau 2026.2\Local\Maps\CN\normal\5\31\24.png","103"
"C:\Program Files\Tableau\Tableau 2026.2\Local\Maps\CN\normal\5\31\25.png","1227"
"C:\Program Files\Tableau\Tableau 2026.2\Local\Maps\CN\normal\5\31\26.png","103"
"C:\Program Files\Tableau\Tableau 2026.2\Local\Maps\CN\normal\5\31\27.png","360"
"C:\Program Files\Tableau\Tableau 2026.2\Local\Maps\CN\normal\5\31\28.png","103"
"C:\Program Files\Tableau\Tableau 2026.2\Local\Maps\CN\normal\5\31\29.png","103"
"C:\Program Files\Tableau\Tableau 2026.2\Local\Maps\CN\normal\5\31\3.png","103"
"C:\Program Files\Tableau\Tableau 2026.2\Local\Maps\CN\normal\5\31\30.png","1150"
"C:\Program Files\Tableau\Tableau 2026.2\Local\Maps\CN\normal\5\31\31.png","695"
"C:\Program Files\Tableau\Tableau 2026.2\Local\Maps\CN\normal\5\31\4.png","103"
"C:\Program Files\Tableau\Tableau 2026.2\Local\Maps\CN\normal\5\31\5.png","103"
"C:\Program Files\Tableau\Tableau 2026.2\Local\Maps\CN\normal\5\31\6.png","558"
"C:\Program Files\Tableau\Tableau 2026.2\Local\Maps\CN\normal\5\31\7.png","1445"
"C:\Program Files\Tableau\Tableau 2026.2\Local\Maps\CN\normal\5\31\8.png","3178"
"C:\Program Files\Tableau\Tableau 2026.2\Local\Maps\CN\normal\5\31\9.png","825"
"C:\Program Files\Tableau\Tableau 2026.2\Local\Maps\CN\normal\5\4\0.png","103"
"C:\Program Files\Tableau\Tableau 2026.2\Local\Maps\CN\normal\5\4\1.png","103"
"C:\Program Files\Tableau\Tableau 2026.2\Local\Maps\CN\normal\5\4\10.png","5698"
"C:\Program Files\Tableau\Tableau 2026.2\Local\Maps\CN\normal\5\4\11.png","1169"
"C:\Program Files\Tableau\Tableau 2026.2\Local\Maps\CN\normal\5\4\12.png","498"
"C:\Program Files\Tableau\Tableau 2026.2\Local\Maps\CN\normal\5\4\13.png","103"
"C:\Program Files\Tableau\Tableau 2026.2\Local\Maps\CN\normal\5\4\14.png","103"
"C:\Program Files\Tableau\Tableau 2026.2\Local\Maps\CN\normal\5\4\15.png","103"
"C:\Program Files\Tableau\Tableau 2026.2\Local\Maps\CN\normal\5\4\16.png","103"
"C:\Program Files\Tableau\Tableau 2026.2\Local\Maps\CN\normal\5\4\17.png","103"
"C:\Program Files\Tableau\Tableau 2026.2\Local\Maps\CN\normal\5\4\18.png","290"
"C:\Program Files\Tableau\Tableau 2026.2\Local\Maps\CN\normal\5\4\19.png","103"
"C:\Program Files\Tableau\Tableau 2026.2\Local\Maps\CN\normal\5\4\2.png","103"
"C:\Program Files\Tableau\Tableau 2026.2\Local\Maps\CN\normal\5\4\20.png","103"
"C:\Program Files\Tableau\Tableau 2026.2\Local\Maps\CN\normal\5\4\21.png","103"
"C:\Program Files\Tableau\Tableau 2026.2\Local\Maps\CN\normal\5\4\22.png","103"
"C:\Program Files\Tableau\Tableau 2026.2\Local\Maps\CN\normal\5\4\23.png","103"
"C:\Program Files\Tableau\Tableau 2026.2\Local\Maps\CN\normal\5\4\24.png","103"
"C:\Program Files\Tableau\Tableau 2026.2\Local\Maps\CN\normal\5\4\25.png","865"
"C:\Program Files\Tableau\Tableau 2026.2\Local\Maps\CN\normal\5\4\26.png","1347"
"C:\Program Files\Tableau\Tableau 2026.2\Local\Maps\CN\normal\5\4\27.png","177"
"C:\Program Files\Tableau\Tableau 2026.2\Local\Maps\CN\normal\5\4\28.png","177"
"C:\Program Files\Tableau\Tableau 2026.2\Local\Maps\CN\normal\5\4\29.png","177"
"C:\Program Files\Tableau\Tableau 2026.2\Local\Maps\CN\normal\5\4\3.png","103"
"C:\Program Files\Tableau\Tableau 2026.2\Local\Maps\CN\normal\5\4\30.png","177"
"C:\Program Files\Tableau\Tableau 2026.2\Local\Maps\CN\normal\5\4\31.png","252"
"C:\Program Files\Tableau\Tableau 2026.2\Local\Maps\CN\normal\5\4\4.png","103"
"C:\Program Files\Tableau\Tableau 2026.2\Local\Maps\CN\normal\5\4\5.png","475"
"C:\Program Files\Tableau\Tableau 2026.2\Local\Maps\CN\normal\5\4\6.png","863"
"C:\Program Files\Tableau\Tableau 2026.2\Local\Maps\CN\normal\5\4\7.png","3757"
"C:\Program Files\Tableau\Tableau 2026.2\Local\Maps\CN\normal\5\4\8.png","2925"
"C:\Program Files\Tableau\Tableau 2026.2\Local\Maps\CN\normal\5\4\9.png","5573"
"C:\Program Files\Tableau\Tableau 2026.2\Local\Maps\CN\normal\5\5\0.png","103"
"C:\Program Files\Tableau\Tableau 2026.2\Local\Maps\CN\normal\5\5\1.png","103"
"C:\Program Files\Tableau\Tableau 2026.2\Local\Maps\CN\normal\5\5\10.png","3295"
"C:\Program Files\Tableau\Tableau 2026.2\Local\Maps\CN\normal\5\5\11.png","4727"
"C:\Program Files\Tableau\Tableau 2026.2\Local\Maps\CN\normal\5\5\12.png","4158"
"C:\Program Files\Tableau\Tableau 2026.2\Local\Maps\CN\normal\5\5\13.png","1711"
"C:\Program Files\Tableau\Tableau 2026.2\Local\Maps\CN\normal\5\5\14.png","251"
"C:\Program Files\Tableau\Tableau 2026.2\Local\Maps\CN\normal\5\5\15.png","103"
"C:\Program Files\Tableau\Tableau 2026.2\Local\Maps\CN\normal\5\5\16.png","103"
"C:\Program Files\Tableau\Tableau 2026.2\Local\Maps\CN\normal\5\5\17.png","103"
"C:\Program Files\Tableau\Tableau 2026.2\Local\Maps\CN\normal\5\5\18.png","103"
"C:\Program Files\Tableau\Tableau 2026.2\Local\Maps\CN\normal\5\5\19.png","103"
"C:\Program Files\Tableau\Tableau 2026.2\Local\Maps\CN\normal\5\5\2.png","103"
"C:\Program Files\Tableau\Tableau 2026.2\Local\Maps\CN\normal\5\5\20.png","103"
"C:\Program Files\Tableau\Tableau 2026.2\Local\Maps\CN\normal\5\5\21.png","103"
"C:\Program Files\Tableau\Tableau 2026.2\Local\Maps\CN\normal\5\5\22.png","103"
"C:\Program Files\Tableau\Tableau 2026.2\Local\Maps\CN\normal\5\5\23.png","103"
"C:\Program Files\Tableau\Tableau 2026.2\Local\Maps\CN\normal\5\5\24.png","103"
"C:\Program Files\Tableau\Tableau 2026.2\Local\Maps\CN\normal\5\5\25.png","844"
"C:\Program Files\Tableau\Tableau 2026.2\Local\Maps\CN\normal\5\5\26.png","1683"
"C:\Program Files\Tableau\Tableau 2026.2\Local\Maps\CN\normal\5\5\27.png","177"
"C:\Program Files\Tableau\Tableau 2026.2\Local\Maps\CN\normal\5\5\28.png","177"
"C:\Program Files\Tableau\Tableau 2026.2\Local\Maps\CN\normal\5\5\29.png","177"
"C:\Program Files\Tableau\Tableau 2026.2\Local\Maps\CN\normal\5\5\3.png","103"
"C:\Program Files\Tableau\Tableau 2026.2\Local\Maps\CN\normal\5\5\30.png","177"
"C:\Program Files\Tableau\Tableau 2026.2\Local\Maps\CN\normal\5\5\31.png","252"
"C:\Program Files\Tableau\Tableau 2026.2\Local\Maps\CN\normal\5\5\4.png","1562"
"C:\Program Files\Tableau\Tableau 2026.2\Local\Maps\CN\normal\5\5\5.png","3706"
"C:\Program Files\Tableau\Tableau 2026.2\Local\Maps\CN\normal\5\5\6.png","2364"
"C:\Program Files\Tableau\Tableau 2026.2\Local\Maps\CN\normal\5\5\7.png","4284"
"C:\Program Files\Tableau\Tableau 2026.2\Local\Maps\CN\normal\5\5\8.png","4359"
"C:\Program Files\Tableau\Tableau 2026.2\Local\Maps\CN\normal\5\5\9.png","1599"
"C:\Program Files\Tableau\Tableau 2026.2\Local\Maps\CN\normal\5\6\0.png","103"
"C:\Program Files\Tableau\Tableau 2026.2\Local\Maps\CN\normal\5\6\1.png","103"
"C:\Program Files\Tableau\Tableau 2026.2\Local\Maps\CN\normal\5\6\10.png","3260"
"C:\Program Files\Tableau\Tableau 2026.2\Local\Maps\CN\normal\5\6\11.png","2877"
"C:\Program Files\Tableau\Tableau 2026.2\Local\Maps\CN\normal\5\6\12.png","1983"
"C:\Program Files\Tableau\Tableau 2026.2\Local\Maps\CN\normal\5\6\13.png","8094"
"C:\Program Files\Tableau\Tableau 2026.2\Local\Maps\CN\normal\5\6\14.png","2740"
"C:\Program Files\Tableau\Tableau 2026.2\Local\Maps\CN\normal\5\6\15.png","174"
"C:\Program Files\Tableau\Tableau 2026.2\Local\Maps\CN\normal\5\6\16.png","103"
"C:\Program Files\Tableau\Tableau 2026.2\Local\Maps\CN\normal\5\6\17.png","103"
"C:\Program Files\Tableau\Tableau 2026.2\Local\Maps\CN\normal\5\6\18.png","291"
"C:\Program Files\Tableau\Tableau 2026.2\Local\Maps\CN\normal\5\6\19.png","103"
"C:\Program Files\Tableau\Tableau 2026.2\Local\Maps\CN\normal\5\6\2.png","103"
"C:\Program Files\Tableau\Tableau 2026.2\Local\Maps\CN\normal\5\6\20.png","103"
"C:\Program Files\Tableau\Tableau 2026.2\Local\Maps\CN\normal\5\6\21.png","103"
"C:\Program Files\Tableau\Tableau 2026.2\Local\Maps\CN\normal\5\6\22.png","103"
"C:\Program Files\Tableau\Tableau 2026.2\Local\Maps\CN\normal\5\6\23.png","103"
"C:\Program Files\Tableau\Tableau 2026.2\Local\Maps\CN\normal\5\6\24.png","103"
"C:\Program Files\Tableau\Tableau 2026.2\Local\Maps\CN\normal\5\6\25.png","1002"
"C:\Program Files\Tableau\Tableau 2026.2\Local\Maps\CN\normal\5\6\26.png","1348"
"C:\Program Files\Tableau\Tableau 2026.2\Local\Maps\CN\normal\5\6\27.png","177"
"C:\Program Files\Tableau\Tableau 2026.2\Local\Maps\CN\normal\5\6\28.png","177"
"C:\Program Files\Tableau\Tableau 2026.2\Local\Maps\CN\normal\5\6\29.png","177"
"C:\Program Files\Tableau\Tableau 2026.2\Local\Maps\CN\normal\5\6\3.png","547"
"C:\Program Files\Tableau\Tableau 2026.2\Local\Maps\CN\normal\5\6\30.png","177"
"C:\Program Files\Tableau\Tableau 2026.2\Local\Maps\CN\normal\5\6\31.png","252"
"C:\Program Files\Tableau\Tableau 2026.2\Local\Maps\CN\normal\5\6\4.png","2554"
"C:\Program Files\Tableau\Tableau 2026.2\Local\Maps\CN\normal\5\6\5.png","3447"
"C:\Program Files\Tableau\Tableau 2026.2\Local\Maps\CN\normal\5\6\6.png","3630"
"C:\Program Files\Tableau\Tableau 2026.2\Local\Maps\CN\normal\5\6\7.png","5162"
"C:\Program Files\Tableau\Tableau 2026.2\Local\Maps\CN\normal\5\6\8.png","6409"
"C:\Program Files\Tableau\Tableau 2026.2\Local\Maps\CN\normal\5\6\9.png","4913"
"C:\Program Files\Tableau\Tableau 2026.2\Local\Maps\CN\normal\5\7\0.png","103"
"C:\Program Files\Tableau\Tableau 2026.2\Local\Maps\CN\normal\5\7\1.png","103"
"C:\Program Files\Tableau\Tableau 2026.2\Local\Maps\CN\normal\5\7\10.png","6725"
"C:\Program Files\Tableau\Tableau 2026.2\Local\Maps\CN\normal\5\7\11.png","5776"
"C:\Program Files\Tableau\Tableau 2026.2\Local\Maps\CN\normal\5\7\12.png","4124"
"C:\Program Files\Tableau\Tableau 2026.2\Local\Maps\CN\normal\5\7\13.png","5474"
"C:\Program Files\Tableau\Tableau 2026.2\Local\Maps\CN\normal\5\7\14.png","8435"
"C:\Program Files\Tableau\Tableau 2026.2\Local\Maps\CN\normal\5\7\15.png","337"
"C:\Program Files\Tableau\Tableau 2026.2\Local\Maps\CN\normal\5\7\16.png","617"
"C:\Program Files\Tableau\Tableau 2026.2\Local\Maps\CN\normal\5\7\17.png","103"
"C:\Program Files\Tableau\Tableau 2026.2\Local\Maps\CN\normal\5\7\18.png","103"
"C:\Program Files\Tableau\Tableau 2026.2\Local\Maps\CN\normal\5\7\19.png","103"
"C:\Program Files\Tableau\Tableau 2026.2\Local\Maps\CN\normal\5\7\2.png","1210"
"C:\Program Files\Tableau\Tableau 2026.2\Local\Maps\CN\normal\5\7\20.png","103"
"C:\Program Files\Tableau\Tableau 2026.2\Local\Maps\CN\normal\5\7\21.png","103"
"C:\Program Files\Tableau\Tableau 2026.2\Local\Maps\CN\normal\5\7\22.png","103"
"C:\Program Files\Tableau\Tableau 2026.2\Local\Maps\CN\normal\5\7\23.png","103"
"C:\Program Files\Tableau\Tableau 2026.2\Local\Maps\CN\normal\5\7\24.png","286"
"C:\Program Files\Tableau\Tableau 2026.2\Local\Maps\CN\normal\5\7\25.png","2358"
"C:\Program Files\Tableau\Tableau 2026.2\Local\Maps\CN\normal\5\7\26.png","802"
"C:\Program Files\Tableau\Tableau 2026.2\Local\Maps\CN\normal\5\7\27.png","177"
"C:\Program Files\Tableau\Tableau 2026.2\Local\Maps\CN\normal\5\7\28.png","177"
"C:\Program Files\Tableau\Tableau 2026.2\Local\Maps\CN\normal\5\7\29.png","177"
"C:\Program Files\Tableau\Tableau 2026.2\Local\Maps\CN\normal\5\7\3.png","2878"
"C:\Program Files\Tableau\Tableau 2026.2\Local\Maps\CN\normal\5\7\30.png","177"
"C:\Program Files\Tableau\Tableau 2026.2\Local\Maps\CN\normal\5\7\31.png","252"
"C:\Program Files\Tableau\Tableau 2026.2\Local\Maps\CN\normal\5\7\4.png","2966"
"C:\Program Files\Tableau\Tableau 2026.2\Local\Maps\CN\normal\5\7\5.png","4662"
"C:\Program Files\Tableau\Tableau 2026.2\Local\Maps\CN\normal\5\7\6.png","4114"
"C:\Program Files\Tableau\Tableau 2026.2\Local\Maps\CN\normal\5\7\7.png","4940"
"C:\Program Files\Tableau\Tableau 2026.2\Local\Maps\CN\normal\5\7\8.png","5667"
"C:\Program Files\Tableau\Tableau 2026.2\Local\Maps\CN\normal\5\7\9.png","3152"
"C:\Program Files\Tableau\Tableau 2026.2\Local\Maps\CN\normal\5\8\0.png","103"
"C:\Program Files\Tableau\Tableau 2026.2\Local\Maps\CN\normal\5\8\1.png","821"
"C:\Program Files\Tableau\Tableau 2026.2\Local\Maps\CN\normal\5\8\10.png","2648"
"C:\Program Files\Tableau\Tableau 2026.2\Local\Maps\CN\normal\5\8\11.png","8573"
"C:\Program Files\Tableau\Tableau 2026.2\Local\Maps\CN\normal\5\8\12.png","7521"
"C:\Program Files\Tableau\Tableau 2026.2\Local\Maps\CN\normal\5\8\13.png","4717"
"C:\Program Files\Tableau\Tableau 2026.2\Local\Maps\CN\normal\5\8\14.png","9380"
"C:\Program Files\Tableau\Tableau 2026.2\Local\Maps\CN\normal\5\8\15.png","4111"
"C:\Program Files\Tableau\Tableau 2026.2\Local\Maps\CN\normal\5\8\16.png","3945"
"C:\Program Files\Tableau\Tableau 2026.2\Local\Maps\CN\normal\5\8\17.png","103"
"C:\Program Files\Tableau\Tableau 2026.2\Local\Maps\CN\normal\5\8\18.png","173"
"C:\Program Files\Tableau\Tableau 2026.2\Local\Maps\CN\normal\5\8\19.png","295"
"C:\Program Files\Tableau\Tableau 2026.2\Local\Maps\CN\normal\5\8\2.png","3031"
"C:\Program Files\Tableau\Tableau 2026.2\Local\Maps\CN\normal\5\8\20.png","103"
"C:\Program Files\Tableau\Tableau 2026.2\Local\Maps\CN\normal\5\8\21.png","103"
"C:\Program Files\Tableau\Tableau 2026.2\Local\Maps\CN\normal\5\8\22.png","103"
"C:\Program Files\Tableau\Tableau 2026.2\Local\Maps\CN\normal\5\8\23.png","103"
"C:\Program Files\Tableau\Tableau 2026.2\Local\Maps\CN\normal\5\8\24.png","103"
"C:\Program Files\Tableau\Tableau 2026.2\Local\Maps\CN\normal\5\8\25.png","1437"
"C:\Program Files\Tableau\Tableau 2026.2\Local\Maps\CN\normal\5\8\26.png","177"
"C:\Program Files\Tableau\Tableau 2026.2\Local\Maps\CN\normal\5\8\27.png","1473"
"C:\Program Files\Tableau\Tableau 2026.2\Local\Maps\CN\normal\5\8\28.png","711"
"C:\Program Files\Tableau\Tableau 2026.2\Local\Maps\CN\normal\5\8\29.png","177"
"C:\Program Files\Tableau\Tableau 2026.2\Local\Maps\CN\normal\5\8\3.png","3922"
"C:\Program Files\Tableau\Tableau 2026.2\Local\Maps\CN\normal\5\8\30.png","177"
"C:\Program Files\Tableau\Tableau 2026.2\Local\Maps\CN\normal\5\8\31.png","252"
"C:\Program Files\Tableau\Tableau 2026.2\Local\Maps\CN\normal\5\8\4.png","4472"
"C:\Program Files\Tableau\Tableau 2026.2\Local\Maps\CN\normal\5\8\5.png","3957"
"C:\Program Files\Tableau\Tableau 2026.2\Local\Maps\CN\normal\5\8\6.png","4163"
"C:\Program Files\Tableau\Tableau 2026.2\Local\Maps\CN\normal\5\8\7.png","4642"
"C:\Program Files\Tableau\Tableau 2026.2\Local\Maps\CN\normal\5\8\8.png","3459"
"C:\Program Files\Tableau\Tableau 2026.2\Local\Maps\CN\normal\5\8\9.png","1425"
"C:\Program Files\Tableau\Tableau 2026.2\Local\Maps\CN\normal\5\9\0.png","103"
"C:\Program Files\Tableau\Tableau 2026.2\Local\Maps\CN\normal\5\9\1.png","1695"
"C:\Program Files\Tableau\Tableau 2026.2\Local\Maps\CN\normal\5\9\10.png","5680"
"C:\Program Files\Tableau\Tableau 2026.2\Local\Maps\CN\normal\5\9\11.png","8818"
"C:\Program Files\Tableau\Tableau 2026.2\Local\Maps\CN\normal\5\9\12.png","3834"
"C:\Program Files\Tableau\Tableau 2026.2\Local\Maps\CN\normal\5\9\13.png","1555"
"C:\Program Files\Tableau\Tableau 2026.2\Local\Maps\CN\normal\5\9\14.png","5856"
"C:\Program Files\Tableau\Tableau 2026.2\Local\Maps\CN\normal\5\9\15.png","17038"
"C:\Program Files\Tableau\Tableau 2026.2\Local\Maps\CN\normal\5\9\16.png","12152"
"C:\Program Files\Tableau\Tableau 2026.2\Local\Maps\CN\normal\5\9\17.png","9223"
"C:\Program Files\Tableau\Tableau 2026.2\Local\Maps\CN\normal\5\9\18.png","4475"
"C:\Program Files\Tableau\Tableau 2026.2\Local\Maps\CN\normal\5\9\19.png","7163"
"C:\Program Files\Tableau\Tableau 2026.2\Local\Maps\CN\normal\5\9\2.png","1807"
"C:\Program Files\Tableau\Tableau 2026.2\Local\Maps\CN\normal\5\9\20.png","7816"
"C:\Program Files\Tableau\Tableau 2026.2\Local\Maps\CN\normal\5\9\21.png","8975"
"C:\Program Files\Tableau\Tableau 2026.2\Local\Maps\CN\normal\5\9\22.png","306"
"C:\Program Files\Tableau\Tableau 2026.2\Local\Maps\CN\normal\5\9\23.png","103"
"C:\Program Files\Tableau\Tableau 2026.2\Local\Maps\CN\normal\5\9\24.png","2241"
"C:\Program Files\Tableau\Tableau 2026.2\Local\Maps\CN\normal\5\9\25.png","3426"
"C:\Program Files\Tableau\Tableau 2026.2\Local\Maps\CN\normal\5\9\26.png","1053"
"C:\Program Files\Tableau\Tableau 2026.2\Local\Maps\CN\normal\5\9\27.png","1837"
"C:\Program Files\Tableau\Tableau 2026.2\Local\Maps\CN\normal\5\9\28.png","2106"
"C:\Program Files\Tableau\Tableau 2026.2\Local\Maps\CN\normal\5\9\29.png","357"
"C:\Program Files\Tableau\Tableau 2026.2\Local\Maps\CN\normal\5\9\3.png","2207"
"C:\Program Files\Tableau\Tableau 2026.2\Local\Maps\CN\normal\5\9\30.png","177"
"C:\Program Files\Tableau\Tableau 2026.2\Local\Maps\CN\normal\5\9\31.png","252"
"C:\Program Files\Tableau\Tableau 2026.2\Local\Maps\CN\normal\5\9\4.png","3071"
"C:\Program Files\Tableau\Tableau 2026.2\Local\Maps\CN\normal\5\9\5.png","894"
"C:\Program Files\Tableau\Tableau 2026.2\Local\Maps\CN\normal\5\9\6.png","2854"
"C:\Program Files\Tableau\Tableau 2026.2\Local\Maps\CN\normal\5\9\7.png","4443"
"C:\Program Files\Tableau\Tableau 2026.2\Local\Maps\CN\normal\5\9\8.png","4464"
"C:\Program Files\Tableau\Tableau 2026.2\Local\Maps\CN\normal\5\9\9.png","4302"
"C:\Program Files\Tableau\Tableau 2026.2\Local\Maps\IN\normal\0\0\0.png","10000"
"C:\Program Files\Tableau\Tableau 2026.2\Local\Maps\IN\normal\1\0\0.png","7968"
"C:\Program Files\Tableau\Tableau 2026.2\Local\Maps\IN\normal\1\0\1.png","3996"
"C:\Program Files\Tableau\Tableau 2026.2\Local\Maps\IN\normal\1\1\0.png","9749"
"C:\Program Files\Tableau\Tableau 2026.2\Local\Maps\IN\normal\1\1\1.png","3557"
"C:\Program Files\Tableau\Tableau 2026.2\Local\Maps\IN\normal\2\0\0.png","3875"
"C:\Program Files\Tableau\Tableau 2026.2\Local\Maps\IN\normal\2\0\1.png","3724"
"C:\Program Files\Tableau\Tableau 2026.2\Local\Maps\IN\normal\2\0\2.png","261"
"C:\Program Files\Tableau\Tableau 2026.2\Local\Maps\IN\normal\2\0\3.png","2317"
"C:\Program Files\Tableau\Tableau 2026.2\Local\Maps\IN\normal\2\1\0.png","5551"
"C:\Program Files\Tableau\Tableau 2026.2\Local\Maps\IN\normal\2\1\1.png","6463"
"C:\Program Files\Tableau\Tableau 2026.2\Local\Maps\IN\normal\2\1\2.png","3503"
"C:\Program Files\Tableau\Tableau 2026.2\Local\Maps\IN\normal\2\1\3.png","3394"
"C:\Program Files\Tableau\Tableau 2026.2\Local\Maps\IN\normal\2\2\0.png","4042"
"C:\Program Files\Tableau\Tableau 2026.2\Local\Maps\IN\normal\2\2\1.png","11415"
"C:\Program Files\Tableau\Tableau 2026.2\Local\Maps\IN\normal\2\2\2.png","2736"
"C:\Program Files\Tableau\Tableau 2026.2\Local\Maps\IN\normal\2\2\3.png","1295"
"C:\Program Files\Tableau\Tableau 2026.2\Local\Maps\IN\normal\2\3\0.png","2307"
"C:\Program Files\Tableau\Tableau 2026.2\Local\Maps\IN\normal\2\3\1.png","5489"
"C:\Program Files\Tableau\Tableau 2026.2\Local\Maps\IN\normal\2\3\2.png","2857"
"C:\Program Files\Tableau\Tableau 2026.2\Local\Maps\IN\normal\2\3\3.png","1492"
"C:\Program Files\Tableau\Tableau 2026.2\Local\Maps\IN\normal\3\0\0.png","103"
"C:\Program Files\Tableau\Tableau 2026.2\Local\Maps\IN\normal\3\0\1.png","1327"
"C:\Program Files\Tableau\Tableau 2026.2\Local\Maps\IN\normal\3\0\2.png","2784"
"C:\Program Files\Tableau\Tableau 2026.2\Local\Maps\IN\normal\3\0\3.png","517"
"C:\Program Files\Tableau\Tableau 2026.2\Local\Maps\IN\normal\3\0\4.png","729"
"C:\Program Files\Tableau\Tableau 2026.2\Local\Maps\IN\normal\3\0\5.png","269"
"C:\Program Files\Tableau\Tableau 2026.2\Local\Maps\IN\normal\3\0\6.png","1423"
"C:\Program Files\Tableau\Tableau 2026.2\Local\Maps\IN\normal\3\0\7.png","2212"
"C:\Program Files\Tableau\Tableau 2026.2\Local\Maps\IN\normal\3\1\0.png","1053"
"C:\Program Files\Tableau\Tableau 2026.2\Local\Maps\IN\normal\3\1\1.png","7104"
"C:\Program Files\Tableau\Tableau 2026.2\Local\Maps\IN\normal\3\1\2.png","6277"
"C:\Program Files\Tableau\Tableau 2026.2\Local\Maps\IN\normal\3\1\3.png","3188"
"C:\Program Files\Tableau\Tableau 2026.2\Local\Maps\IN\normal\3\1\4.png","341"
"C:\Program Files\Tableau\Tableau 2026.2\Local\Maps\IN\normal\3\1\5.png","103"
"C:\Program Files\Tableau\Tableau 2026.2\Local\Maps\IN\normal\3\1\6.png","1840"
"C:\Program Files\Tableau\Tableau 2026.2\Local\Maps\IN\normal\3\1\7.png","258"
"C:\Program Files\Tableau\Tableau 2026.2\Local\Maps\IN\normal\3\2\0.png","4178"
"C:\Program Files\Tableau\Tableau 2026.2\Local\Maps\IN\normal\3\2\1.png","5714"
"C:\Program Files\Tableau\Tableau 2026.2\Local\Maps\IN\normal\3\2\2.png","7397"
"C:\Program Files\Tableau\Tableau 2026.2\Local\Maps\IN\normal\3\2\3.png","5600"
"C:\Program Files\Tableau\Tableau 2026.2\Local\Maps\IN\normal\3\2\4.png","4523"
"C:\Program Files\Tableau\Tableau 2026.2\Local\Maps\IN\normal\3\2\5.png","3152"
"C:\Program Files\Tableau\Tableau 2026.2\Local\Maps\IN\normal\3\2\6.png","3331"
"C:\Program Files\Tableau\Tableau 2026.2\Local\Maps\IN\normal\3\2\7.png","2254"
"C:\Program Files\Tableau\Tableau 2026.2\Local\Maps\IN\normal\3\3\0.png","2517"
"C:\Program Files\Tableau\Tableau 2026.2\Local\Maps\IN\normal\3\3\1.png","2464"
"C:\Program Files\Tableau\Tableau 2026.2\Local\Maps\IN\normal\3\3\2.png","2691"
"C:\Program Files\Tableau\Tableau 2026.2\Local\Maps\IN\normal\3\3\3.png","3603"
"C:\Program Files\Tableau\Tableau 2026.2\Local\Maps\IN\normal\3\3\4.png","896"
"C:\Program Files\Tableau\Tableau 2026.2\Local\Maps\IN\normal\3\3\5.png","380"
"C:\Program Files\Tableau\Tableau 2026.2\Local\Maps\IN\normal\3\3\6.png","1542"
"C:\Program Files\Tableau\Tableau 2026.2\Local\Maps\IN\normal\3\3\7.png","1082"
"C:\Program Files\Tableau\Tableau 2026.2\Local\Maps\IN\normal\3\4\0.png","1294"
"C:\Program Files\Tableau\Tableau 2026.2\Local\Maps\IN\normal\3\4\1.png","3586"
"C:\Program Files\Tableau\Tableau 2026.2\Local\Maps\IN\normal\3\4\2.png","9881"
"C:\Program Files\Tableau\Tableau 2026.2\Local\Maps\IN\normal\3\4\3.png","8530"
"C:\Program Files\Tableau\Tableau 2026.2\Local\Maps\IN\normal\3\4\4.png","5290"
"C:\Program Files\Tableau\Tableau 2026.2\Local\Maps\IN\normal\3\4\5.png","269"
"C:\Program Files\Tableau\Tableau 2026.2\Local\Maps\IN\normal\3\4\6.png","1260"
"C:\Program Files\Tableau\Tableau 2026.2\Local\Maps\IN\normal\3\4\7.png","258"
"C:\Program Files\Tableau\Tableau 2026.2\Local\Maps\IN\normal\3\5\0.png","1797"
"C:\Program Files\Tableau\Tableau 2026.2\Local\Maps\IN\normal\3\5\1.png","3801"
"C:\Program Files\Tableau\Tableau 2026.2\Local\Maps\IN\normal\3\5\2.png","4233"
"C:\Program Files\Tableau\Tableau 2026.2\Local\Maps\IN\normal\3\5\3.png","8335"
"C:\Program Files\Tableau\Tableau 2026.2\Local\Maps\IN\normal\3\5\4.png","783"
"C:\Program Files\Tableau\Tableau 2026.2\Local\Maps\IN\normal\3\5\5.png","551"
"C:\Program Files\Tableau\Tableau 2026.2\Local\Maps\IN\normal\3\5\6.png","1438"
"C:\Program Files\Tableau\Tableau 2026.2\Local\Maps\IN\normal\3\5\7.png","258"
"C:\Program Files\Tableau\Tableau 2026.2\Local\Maps\IN\normal\3\6\0.png","1058"
"C:\Program Files\Tableau\Tableau 2026.2\Local\Maps\IN\normal\3\6\1.png","2680"
"C:\Program Files\Tableau\Tableau 2026.2\Local\Maps\IN\normal\3\6\2.png","4419"
"C:\Program Files\Tableau\Tableau 2026.2\Local\Maps\IN\normal\3\6\3.png","10619"
"C:\Program Files\Tableau\Tableau 2026.2\Local\Maps\IN\normal\3\6\4.png","3008"
"C:\Program Files\Tableau\Tableau 2026.2\Local\Maps\IN\normal\3\6\5.png","761"
"C:\Program Files\Tableau\Tableau 2026.2\Local\Maps\IN\normal\3\6\6.png","791"
"C:\Program Files\Tableau\Tableau 2026.2\Local\Maps\IN\normal\3\6\7.png","258"
"C:\Program Files\Tableau\Tableau 2026.2\Local\Maps\IN\normal\3\7\0.png","103"
"C:\Program Files\Tableau\Tableau 2026.2\Local\Maps\IN\normal\3\7\1.png","2035"
"C:\Program Files\Tableau\Tableau 2026.2\Local\Maps\IN\normal\3\7\2.png","2991"
"C:\Program Files\Tableau\Tableau 2026.2\Local\Maps\IN\normal\3\7\3.png","944"
"C:\Program Files\Tableau\Tableau 2026.2\Local\Maps\IN\normal\3\7\4.png","3719"
"C:\Program Files\Tableau\Tableau 2026.2\Local\Maps\IN\normal\3\7\5.png","958"
"C:\Program Files\Tableau\Tableau 2026.2\Local\Maps\IN\normal\3\7\6.png","1898"
"C:\Program Files\Tableau\Tableau 2026.2\Local\Maps\IN\normal\3\7\7.png","1218"
"C:\Program Files\Tableau\Tableau 2026.2\Local\Maps\IN\normal\4\0\0.png","103"
"C:\Program Files\Tableau\Tableau 2026.2\Local\Maps\IN\normal\4\0\1.png","103"
"C:\Program Files\Tableau\Tableau 2026.2\Local\Maps\IN\normal\4\0\10.png","427"
"C:\Program Files\Tableau\Tableau 2026.2\Local\Maps\IN\normal\4\0\11.png","103"
"C:\Program Files\Tableau\Tableau 2026.2\Local\Maps\IN\normal\4\0\12.png","103"
"C:\Program Files\Tableau\Tableau 2026.2\Local\Maps\IN\normal\4\0\13.png","725"
"C:\Program Files\Tableau\Tableau 2026.2\Local\Maps\IN\normal\4\0\14.png","975"
"C:\Program Files\Tableau\Tableau 2026.2\Local\Maps\IN\normal\4\0\15.png","2550"
"C:\Program Files\Tableau\Tableau 2026.2\Local\Maps\IN\normal\4\0\2.png","103"
"C:\Program Files\Tableau\Tableau 2026.2\Local\Maps\IN\normal\4\0\3.png","1631"
"C:\Program Files\Tableau\Tableau 2026.2\Local\Maps\IN\normal\4\0\4.png","3675"
"C:\Program Files\Tableau\Tableau 2026.2\Local\Maps\IN\normal\4\0\5.png","1352"
"C:\Program Files\Tableau\Tableau 2026.2\Local\Maps\IN\normal\4\0\6.png","325"
"C:\Program Files\Tableau\Tableau 2026.2\Local\Maps\IN\normal\4\0\7.png","370"
"C:\Program Files\Tableau\Tableau 2026.2\Local\Maps\IN\normal\4\0\8.png","719"
"C:\Program Files\Tableau\Tableau 2026.2\Local\Maps\IN\normal\4\0\9.png","253"
"C:\Program Files\Tableau\Tableau 2026.2\Local\Maps\IN\normal\4\1\0.png","103"
"C:\Program Files\Tableau\Tableau 2026.2\Local\Maps\IN\normal\4\1\1.png","103"
"C:\Program Files\Tableau\Tableau 2026.2\Local\Maps\IN\normal\4\1\10.png","103"
"C:\Program Files\Tableau\Tableau 2026.2\Local\Maps\IN\normal\4\1\11.png","103"
"C:\Program Files\Tableau\Tableau 2026.2\Local\Maps\IN\normal\4\1\12.png","103"
"C:\Program Files\Tableau\Tableau 2026.2\Local\Maps\IN\normal\4\1\13.png","2433"
"C:\Program Files\Tableau\Tableau 2026.2\Local\Maps\IN\normal\4\1\14.png","1346"
"C:\Program Files\Tableau\Tableau 2026.2\Local\Maps\IN\normal\4\1\15.png","670"
"C:\Program Files\Tableau\Tableau 2026.2\Local\Maps\IN\normal\4\1\2.png","103"
"C:\Program Files\Tableau\Tableau 2026.2\Local\Maps\IN\normal\4\1\3.png","1388"
"C:\Program Files\Tableau\Tableau 2026.2\Local\Maps\IN\normal\4\1\4.png","4029"
"C:\Program Files\Tableau\Tableau 2026.2\Local\Maps\IN\normal\4\1\5.png","103"
"C:\Program Files\Tableau\Tableau 2026.2\Local\Maps\IN\normal\4\1\6.png","103"
"C:\Program Files\Tableau\Tableau 2026.2\Local\Maps\IN\normal\4\1\7.png","558"
"C:\Program Files\Tableau\Tableau 2026.2\Local\Maps\IN\normal\4\1\8.png","818"
"C:\Program Files\Tableau\Tableau 2026.2\Local\Maps\IN\normal\4\1\9.png","287"
"C:\Program Files\Tableau\Tableau 2026.2\Local\Maps\IN\normal\4\10\0.png","103"
"C:\Program Files\Tableau\Tableau 2026.2\Local\Maps\IN\normal\4\10\1.png","3386"
"C:\Program Files\Tableau\Tableau 2026.2\Local\Maps\IN\normal\4\10\10.png","280"
"C:\Program Files\Tableau\Tableau 2026.2\Local\Maps\IN\normal\4\10\11.png","531"
"C:\Program Files\Tableau\Tableau 2026.2\Local\Maps\IN\normal\4\10\12.png","1312"
"C:\Program Files\Tableau\Tableau 2026.2\Local\Maps\IN\normal\4\10\13.png","175"
"C:\Program Files\Tableau\Tableau 2026.2\Local\Maps\IN\normal\4\10\14.png","175"
"C:\Program Files\Tableau\Tableau 2026.2\Local\Maps\IN\normal\4\10\15.png","255"
"C:\Program Files\Tableau\Tableau 2026.2\Local\Maps\IN\normal\4\10\2.png","1574"
"C:\Program Files\Tableau\Tableau 2026.2\Local\Maps\IN\normal\4\10\3.png","3152"
"C:\Program Files\Tableau\Tableau 2026.2\Local\Maps\IN\normal\4\10\4.png","1285"
"C:\Program Files\Tableau\Tableau 2026.2\Local\Maps\IN\normal\4\10\5.png","8663"
"C:\Program Files\Tableau\Tableau 2026.2\Local\Maps\IN\normal\4\10\6.png","9377"
"C:\Program Files\Tableau\Tableau 2026.2\Local\Maps\IN\normal\4\10\7.png","2939"
"C:\Program Files\Tableau\Tableau 2026.2\Local\Maps\IN\normal\4\10\8.png","1088"
"C:\Program Files\Tableau\Tableau 2026.2\Local\Maps\IN\normal\4\10\9.png","483"
"C:\Program Files\Tableau\Tableau 2026.2\Local\Maps\IN\normal\4\11\0.png","103"
"C:\Program Files\Tableau\Tableau 2026.2\Local\Maps\IN\normal\4\11\1.png","563"
"C:\Program Files\Tableau\Tableau 2026.2\Local\Maps\IN\normal\4\11\10.png","607"
"C:\Program Files\Tableau\Tableau 2026.2\Local\Maps\IN\normal\4\11\11.png","166"
"C:\Program Files\Tableau\Tableau 2026.2\Local\Maps\IN\normal\4\11\12.png","1860"
"C:\Program Files\Tableau\Tableau 2026.2\Local\Maps\IN\normal\4\11\13.png","175"
"C:\Program Files\Tableau\Tableau 2026.2\Local\Maps\IN\normal\4\11\14.png","175"
"C:\Program Files\Tableau\Tableau 2026.2\Local\Maps\IN\normal\4\11\15.png","255"
"C:\Program Files\Tableau\Tableau 2026.2\Local\Maps\IN\normal\4\11\2.png","1301"
"C:\Program Files\Tableau\Tableau 2026.2\Local\Maps\IN\normal\4\11\3.png","4599"
"C:\Program Files\Tableau\Tableau 2026.2\Local\Maps\IN\normal\4\11\4.png","787"
"C:\Program Files\Tableau\Tableau 2026.2\Local\Maps\IN\normal\4\11\5.png","8511"
"C:\Program Files\Tableau\Tableau 2026.2\Local\Maps\IN\normal\4\11\6.png","15590"
"C:\Program Files\Tableau\Tableau 2026.2\Local\Maps\IN\normal\4\11\7.png","4859"
"C:\Program Files\Tableau\Tableau 2026.2\Local\Maps\IN\normal\4\11\8.png","281"
"C:\Program Files\Tableau\Tableau 2026.2\Local\Maps\IN\normal\4\11\9.png","261"
"C:\Program Files\Tableau\Tableau 2026.2\Local\Maps\IN\normal\4\12\0.png","103"
"C:\Program Files\Tableau\Tableau 2026.2\Local\Maps\IN\normal\4\12\1.png","1980"
"C:\Program Files\Tableau\Tableau 2026.2\Local\Maps\IN\normal\4\12\10.png","103"
"C:\Program Files\Tableau\Tableau 2026.2\Local\Maps\IN\normal\4\12\11.png","912"
"C:\Program Files\Tableau\Tableau 2026.2\Local\Maps\IN\normal\4\12\12.png","740"
"C:\Program Files\Tableau\Tableau 2026.2\Local\Maps\IN\normal\4\12\13.png","175"
"C:\Program Files\Tableau\Tableau 2026.2\Local\Maps\IN\normal\4\12\14.png","175"
"C:\Program Files\Tableau\Tableau 2026.2\Local\Maps\IN\normal\4\12\15.png","255"
"C:\Program Files\Tableau\Tableau 2026.2\Local\Maps\IN\normal\4\12\2.png","3792"
"C:\Program Files\Tableau\Tableau 2026.2\Local\Maps\IN\normal\4\12\3.png","1883"
"C:\Program Files\Tableau\Tableau 2026.2\Local\Maps\IN\normal\4\12\4.png","1228"
"C:\Program Files\Tableau\Tableau 2026.2\Local\Maps\IN\normal\4\12\5.png","6697"
"C:\Program Files\Tableau\Tableau 2026.2\Local\Maps\IN\normal\4\12\6.png","13433"
"C:\Program Files\Tableau\Tableau 2026.2\Local\Maps\IN\normal\4\12\7.png","10325"
"C:\Program Files\Tableau\Tableau 2026.2\Local\Maps\IN\normal\4\12\8.png","1650"
"C:\Program Files\Tableau\Tableau 2026.2\Local\Maps\IN\normal\4\12\9.png","103"
"C:\Program Files\Tableau\Tableau 2026.2\Local\Maps\IN\normal\4\13\0.png","103"
"C:\Program Files\Tableau\Tableau 2026.2\Local\Maps\IN\normal\4\13\1.png","103"
"C:\Program Files\Tableau\Tableau 2026.2\Local\Maps\IN\normal\4\13\10.png","103"
"C:\Program Files\Tableau\Tableau 2026.2\Local\Maps\IN\normal\4\13\11.png","653"
"C:\Program Files\Tableau\Tableau 2026.2\Local\Maps\IN\normal\4\13\12.png","975"
"C:\Program Files\Tableau\Tableau 2026.2\Local\Maps\IN\normal\4\13\13.png","175"
"C:\Program Files\Tableau\Tableau 2026.2\Local\Maps\IN\normal\4\13\14.png","175"
"C:\Program Files\Tableau\Tableau 2026.2\Local\Maps\IN\normal\4\13\15.png","255"
"C:\Program Files\Tableau\Tableau 2026.2\Local\Maps\IN\normal\4\13\2.png","773"
"C:\Program Files\Tableau\Tableau 2026.2\Local\Maps\IN\normal\4\13\3.png","1888"
"C:\Program Files\Tableau\Tableau 2026.2\Local\Maps\IN\normal\4\13\4.png","193"
"C:\Program Files\Tableau\Tableau 2026.2\Local\Maps\IN\normal\4\13\5.png","8963"
"C:\Program Files\Tableau\Tableau 2026.2\Local\Maps\IN\normal\4\13\6.png","9367"
"C:\Program Files\Tableau\Tableau 2026.2\Local\Maps\IN\normal\4\13\7.png","4820"
"C:\Program Files\Tableau\Tableau 2026.2\Local\Maps\IN\normal\4\13\8.png","4832"
"C:\Program Files\Tableau\Tableau 2026.2\Local\Maps\IN\normal\4\13\9.png","2161"
"C:\Program Files\Tableau\Tableau 2026.2\Local\Maps\IN\normal\4\14\0.png","103"
"C:\Program Files\Tableau\Tableau 2026.2\Local\Maps\IN\normal\4\14\1.png","103"
"C:\Program Files\Tableau\Tableau 2026.2\Local\Maps\IN\normal\4\14\10.png","772"
"C:\Program Files\Tableau\Tableau 2026.2\Local\Maps\IN\normal\4\14\11.png","475"
"C:\Program Files\Tableau\Tableau 2026.2\Local\Maps\IN\normal\4\14\12.png","1146"
"C:\Program Files\Tableau\Tableau 2026.2\Local\Maps\IN\normal\4\14\13.png","175"
"C:\Program Files\Tableau\Tableau 2026.2\Local\Maps\IN\normal\4\14\14.png","175"
"C:\Program Files\Tableau\Tableau 2026.2\Local\Maps\IN\normal\4\14\15.png","255"
"C:\Program Files\Tableau\Tableau 2026.2\Local\Maps\IN\normal\4\14\2.png","1749"
"C:\Program Files\Tableau\Tableau 2026.2\Local\Maps\IN\normal\4\14\3.png","2060"
"C:\Program Files\Tableau\Tableau 2026.2\Local\Maps\IN\normal\4\14\4.png","1307"
"C:\Program Files\Tableau\Tableau 2026.2\Local\Maps\IN\normal\4\14\5.png","3614"
"C:\Program Files\Tableau\Tableau 2026.2\Local\Maps\IN\normal\4\14\6.png","2557"
"C:\Program Files\Tableau\Tableau 2026.2\Local\Maps\IN\normal\4\14\7.png","519"
"C:\Program Files\Tableau\Tableau 2026.2\Local\Maps\IN\normal\4\14\8.png","3809"
"C:\Program Files\Tableau\Tableau 2026.2\Local\Maps\IN\normal\4\14\9.png","3543"
"C:\Program Files\Tableau\Tableau 2026.2\Local\Maps\IN\normal\4\15\0.png","103"
"C:\Program Files\Tableau\Tableau 2026.2\Local\Maps\IN\normal\4\15\1.png","103"
"C:\Program Files\Tableau\Tableau 2026.2\Local\Maps\IN\normal\4\15\10.png","1456"
"C:\Program Files\Tableau\Tableau 2026.2\Local\Maps\IN\normal\4\15\11.png","291"
"C:\Program Files\Tableau\Tableau 2026.2\Local\Maps\IN\normal\4\15\12.png","1810"
"C:\Program Files\Tableau\Tableau 2026.2\Local\Maps\IN\normal\4\15\13.png","1967"
"C:\Program Files\Tableau\Tableau 2026.2\Local\Maps\IN\normal\4\15\14.png","1461"
"C:\Program Files\Tableau\Tableau 2026.2\Local\Maps\IN\normal\4\15\15.png","1137"
"C:\Program Files\Tableau\Tableau 2026.2\Local\Maps\IN\normal\4\15\2.png","103"
"C:\Program Files\Tableau\Tableau 2026.2\Local\Maps\IN\normal\4\15\3.png","1702"
"C:\Program Files\Tableau\Tableau 2026.2\Local\Maps\IN\normal\4\15\4.png","2396"
"C:\Program Files\Tableau\Tableau 2026.2\Local\Maps\IN\normal\4\15\5.png","932"
"C:\Program Files\Tableau\Tableau 2026.2\Local\Maps\IN\normal\4\15\6.png","103"
"C:\Program Files\Tableau\Tableau 2026.2\Local\Maps\IN\normal\4\15\7.png","444"
"C:\Program Files\Tableau\Tableau 2026.2\Local\Maps\IN\normal\4\15\8.png","1790"
"C:\Program Files\Tableau\Tableau 2026.2\Local\Maps\IN\normal\4\15\9.png","1247"
"C:\Program Files\Tableau\Tableau 2026.2\Local\Maps\IN\normal\4\2\0.png","103"
"C:\Program Files\Tableau\Tableau 2026.2\Local\Maps\IN\normal\4\2\1.png","103"
"C:\Program Files\Tableau\Tableau 2026.2\Local\Maps\IN\normal\4\2\10.png","103"
"C:\Program Files\Tableau\Tableau 2026.2\Local\Maps\IN\normal\4\2\11.png","103"
"C:\Program Files\Tableau\Tableau 2026.2\Local\Maps\IN\normal\4\2\12.png","829"
"C:\Program Files\Tableau\Tableau 2026.2\Local\Maps\IN\normal\4\2\13.png","1432"
"C:\Program Files\Tableau\Tableau 2026.2\Local\Maps\IN\normal\4\2\14.png","175"
"C:\Program Files\Tableau\Tableau 2026.2\Local\Maps\IN\normal\4\2\15.png","255"
"C:\Program Files\Tableau\Tableau 2026.2\Local\Maps\IN\normal\4\2\2.png","2519"
"C:\Program Files\Tableau\Tableau 2026.2\Local\Maps\IN\normal\4\2\3.png","4721"
"C:\Program Files\Tableau\Tableau 2026.2\Local\Maps\IN\normal\4\2\4.png","5788"
"C:\Program Files\Tableau\Tableau 2026.2\Local\Maps\IN\normal\4\2\5.png","5835"
"C:\Program Files\Tableau\Tableau 2026.2\Local\Maps\IN\normal\4\2\6.png","2680"
"C:\Program Files\Tableau\Tableau 2026.2\Local\Maps\IN\normal\4\2\7.png","174"
"C:\Program Files\Tableau\Tableau 2026.2\Local\Maps\IN\normal\4\2\8.png","103"
"C:\Program Files\Tableau\Tableau 2026.2\Local\Maps\IN\normal\4\2\9.png","191"
"C:\Program Files\Tableau\Tableau 2026.2\Local\Maps\IN\normal\4\3\0.png","103"
"C:\Program Files\Tableau\Tableau 2026.2\Local\Maps\IN\normal\4\3\1.png","2003"
"C:\Program Files\Tableau\Tableau 2026.2\Local\Maps\IN\normal\4\3\10.png","103"
"C:\Program Files\Tableau\Tableau 2026.2\Local\Maps\IN\normal\4\3\11.png","103"
"C:\Program Files\Tableau\Tableau 2026.2\Local\Maps\IN\normal\4\3\12.png","1662"
"C:\Program Files\Tableau\Tableau 2026.2\Local\Maps\IN\normal\4\3\13.png","1048"
"C:\Program Files\Tableau\Tableau 2026.2\Local\Maps\IN\normal\4\3\14.png","175"
"C:\Program Files\Tableau\Tableau 2026.2\Local\Maps\IN\normal\4\3\15.png","255"
"C:\Program Files\Tableau\Tableau 2026.2\Local\Maps\IN\normal\4\3\2.png","5766"
"C:\Program Files\Tableau\Tableau 2026.2\Local\Maps\IN\normal\4\3\3.png","7322"
"C:\Program Files\Tableau\Tableau 2026.2\Local\Maps\IN\normal\4\3\4.png","8112"
"C:\Program Files\Tableau\Tableau 2026.2\Local\Maps\IN\normal\4\3\5.png","7485"
"C:\Program Files\Tableau\Tableau 2026.2\Local\Maps\IN\normal\4\3\6.png","5524"
"C:\Program Files\Tableau\Tableau 2026.2\Local\Maps\IN\normal\4\3\7.png","2117"
"C:\Program Files\Tableau\Tableau 2026.2\Local\Maps\IN\normal\4\3\8.png","488"
"C:\Program Files\Tableau\Tableau 2026.2\Local\Maps\IN\normal\4\3\9.png","268"
"C:\Program Files\Tableau\Tableau 2026.2\Local\Maps\IN\normal\4\4\0.png","1226"
"C:\Program Files\Tableau\Tableau 2026.2\Local\Maps\IN\normal\4\4\1.png","4828"
"C:\Program Files\Tableau\Tableau 2026.2\Local\Maps\IN\normal\4\4\10.png","6550"
"C:\Program Files\Tableau\Tableau 2026.2\Local\Maps\IN\normal\4\4\11.png","268"
"C:\Program Files\Tableau\Tableau 2026.2\Local\Maps\IN\normal\4\4\12.png","3136"
"C:\Program Files\Tableau\Tableau 2026.2\Local\Maps\IN\normal\4\4\13.png","1913"
"C:\Program Files\Tableau\Tableau 2026.2\Local\Maps\IN\normal\4\4\14.png","1483"
"C:\Program Files\Tableau\Tableau 2026.2\Local\Maps\IN\normal\4\4\15.png","255"
"C:\Program Files\Tableau\Tableau 2026.2\Local\Maps\IN\normal\4\4\2.png","5304"
"C:\Program Files\Tableau\Tableau 2026.2\Local\Maps\IN\normal\4\4\3.png","6615"
"C:\Program Files\Tableau\Tableau 2026.2\Local\Maps\IN\normal\4\4\4.png","5540"
"C:\Program Files\Tableau\Tableau 2026.2\Local\Maps\IN\normal\4\4\5.png","10369"
"C:\Program Files\Tableau\Tableau 2026.2\Local\Maps\IN\normal\4\4\6.png","6250"
"C:\Program Files\Tableau\Tableau 2026.2\Local\Maps\IN\normal\4\4\7.png","7498"
"C:\Program Files\Tableau\Tableau 2026.2\Local\Maps\IN\normal\4\4\8.png","5890"
"C:\Program Files\Tableau\Tableau 2026.2\Local\Maps\IN\normal\4\4\9.png","3788"
"C:\Program Files\Tableau\Tableau 2026.2\Local\Maps\IN\normal\4\5\0.png","928"
"C:\Program Files\Tableau\Tableau 2026.2\Local\Maps\IN\normal\4\5\1.png","3474"
"C:\Program Files\Tableau\Tableau 2026.2\Local\Maps\IN\normal\4\5\10.png","1425"
"C:\Program Files\Tableau\Tableau 2026.2\Local\Maps\IN\normal\4\5\11.png","2270"
"C:\Program Files\Tableau\Tableau 2026.2\Local\Maps\IN\normal\4\5\12.png","2303"
"C:\Program Files\Tableau\Tableau 2026.2\Local\Maps\IN\normal\4\5\13.png","1186"
"C:\Program Files\Tableau\Tableau 2026.2\Local\Maps\IN\normal\4\5\14.png","2945"
"C:\Program Files\Tableau\Tableau 2026.2\Local\Maps\IN\normal\4\5\15.png","920"
"C:\Program Files\Tableau\Tableau 2026.2\Local\Maps\IN\normal\4\5\2.png","1566"
"C:\Program Files\Tableau\Tableau 2026.2\Local\Maps\IN\normal\4\5\3.png","3773"
"C:\Program Files\Tableau\Tableau 2026.2\Local\Maps\IN\normal\4\5\4.png","4603"
"C:\Program Files\Tableau\Tableau 2026.2\Local\Maps\IN\normal\4\5\5.png","5162"
"C:\Program Files\Tableau\Tableau 2026.2\Local\Maps\IN\normal\4\5\6.png","252"
"C:\Program Files\Tableau\Tableau 2026.2\Local\Maps\IN\normal\4\5\7.png","5274"
"C:\Program Files\Tableau\Tableau 2026.2\Local\Maps\IN\normal\4\5\8.png","4025"
"C:\Program Files\Tableau\Tableau 2026.2\Local\Maps\IN\normal\4\5\9.png","5879"
"C:\Program Files\Tableau\Tableau 2026.2\Local\Maps\IN\normal\4\6\0.png","2291"
"C:\Program Files\Tableau\Tableau 2026.2\Local\Maps\IN\normal\4\6\1.png","1710"
"C:\Program Files\Tableau\Tableau 2026.2\Local\Maps\IN\normal\4\6\10.png","508"
"C:\Program Files\Tableau\Tableau 2026.2\Local\Maps\IN\normal\4\6\11.png","358"
"C:\Program Files\Tableau\Tableau 2026.2\Local\Maps\IN\normal\4\6\12.png","103"
"C:\Program Files\Tableau\Tableau 2026.2\Local\Maps\IN\normal\4\6\13.png","1201"
"C:\Program Files\Tableau\Tableau 2026.2\Local\Maps\IN\normal\4\6\14.png","1807"
"C:\Program Files\Tableau\Tableau 2026.2\Local\Maps\IN\normal\4\6\15.png","255"
"C:\Program Files\Tableau\Tableau 2026.2\Local\Maps\IN\normal\4\6\2.png","505"
"C:\Program Files\Tableau\Tableau 2026.2\Local\Maps\IN\normal\4\6\3.png","3252"
"C:\Program Files\Tableau\Tableau 2026.2\Local\Maps\IN\normal\4\6\4.png","2011"
"C:\Program Files\Tableau\Tableau 2026.2\Local\Maps\IN\normal\4\6\5.png","103"
"C:\Program Files\Tableau\Tableau 2026.2\Local\Maps\IN\normal\4\6\6.png","496"
"C:\Program Files\Tableau\Tableau 2026.2\Local\Maps\IN\normal\4\6\7.png","511"
"C:\Program Files\Tableau\Tableau 2026.2\Local\Maps\IN\normal\4\6\8.png","1395"
"C:\Program Files\Tableau\Tableau 2026.2\Local\Maps\IN\normal\4\6\9.png","491"
"C:\Program Files\Tableau\Tableau 2026.2\Local\Maps\IN\normal\4\7\0.png","291"
"C:\Program Files\Tableau\Tableau 2026.2\Local\Maps\IN\normal\4\7\1.png","2152"
"C:\Program Files\Tableau\Tableau 2026.2\Local\Maps\IN\normal\4\7\10.png","103"
"C:\Program Files\Tableau\Tableau 2026.2\Local\Maps\IN\normal\4\7\11.png","103"
"C:\Program Files\Tableau\Tableau 2026.2\Local\Maps\IN\normal\4\7\12.png","1696"
"C:\Program Files\Tableau\Tableau 2026.2\Local\Maps\IN\normal\4\7\13.png","820"
"C:\Program Files\Tableau\Tableau 2026.2\Local\Maps\IN\normal\4\7\14.png","175"
"C:\Program Files\Tableau\Tableau 2026.2\Local\Maps\IN\normal\4\7\15.png","255"
"C:\Program Files\Tableau\Tableau 2026.2\Local\Maps\IN\normal\4\7\2.png","2533"
"C:\Program Files\Tableau\Tableau 2026.2\Local\Maps\IN\normal\4\7\3.png","959"
"C:\Program Files\Tableau\Tableau 2026.2\Local\Maps\IN\normal\4\7\4.png","2612"
"C:\Program Files\Tableau\Tableau 2026.2\Local\Maps\IN\normal\4\7\5.png","4850"
"C:\Program Files\Tableau\Tableau 2026.2\Local\Maps\IN\normal\4\7\6.png","6486"
"C:\Program Files\Tableau\Tableau 2026.2\Local\Maps\IN\normal\4\7\7.png","7971"
"C:\Program Files\Tableau\Tableau 2026.2\Local\Maps\IN\normal\4\7\8.png","276"
"C:\Program Files\Tableau\Tableau 2026.2\Local\Maps\IN\normal\4\7\9.png","268"
"C:\Program Files\Tableau\Tableau 2026.2\Local\Maps\IN\normal\4\8\0.png","103"
"C:\Program Files\Tableau\Tableau 2026.2\Local\Maps\IN\normal\4\8\1.png","1994"
"C:\Program Files\Tableau\Tableau 2026.2\Local\Maps\IN\normal\4\8\10.png","263"
"C:\Program Files\Tableau\Tableau 2026.2\Local\Maps\IN\normal\4\8\11.png","103"
"C:\Program Files\Tableau\Tableau 2026.2\Local\Maps\IN\normal\4\8\12.png","1361"
"C:\Program Files\Tableau\Tableau 2026.2\Local\Maps\IN\normal\4\8\13.png","175"
"C:\Program Files\Tableau\Tableau 2026.2\Local\Maps\IN\normal\4\8\14.png","175"
"C:\Program Files\Tableau\Tableau 2026.2\Local\Maps\IN\normal\4\8\15.png","255"
"C:\Program Files\Tableau\Tableau 2026.2\Local\Maps\IN\normal\4\8\2.png","2373"
"C:\Program Files\Tableau\Tableau 2026.2\Local\Maps\IN\normal\4\8\3.png","3847"
"C:\Program Files\Tableau\Tableau 2026.2\Local\Maps\IN\normal\4\8\4.png","8002"
"C:\Program Files\Tableau\Tableau 2026.2\Local\Maps\IN\normal\4\8\5.png","18846"
"C:\Program Files\Tableau\Tableau 2026.2\Local\Maps\IN\normal\4\8\6.png","5770"
"C:\Program Files\Tableau\Tableau 2026.2\Local\Maps\IN\normal\4\8\7.png","11406"
"C:\Program Files\Tableau\Tableau 2026.2\Local\Maps\IN\normal\4\8\8.png","5039"
"C:\Program Files\Tableau\Tableau 2026.2\Local\Maps\IN\normal\4\8\9.png","1838"
"C:\Program Files\Tableau\Tableau 2026.2\Local\Maps\IN\normal\4\9\0.png","103"
"C:\Program Files\Tableau\Tableau 2026.2\Local\Maps\IN\normal\4\9\1.png","1008"
"C:\Program Files\Tableau\Tableau 2026.2\Local\Maps\IN\normal\4\9\10.png","290"
"C:\Program Files\Tableau\Tableau 2026.2\Local\Maps\IN\normal\4\9\11.png","103"
"C:\Program Files\Tableau\Tableau 2026.2\Local\Maps\IN\normal\4\9\12.png","1365"
"C:\Program Files\Tableau\Tableau 2026.2\Local\Maps\IN\normal\4\9\13.png","175"
"C:\Program Files\Tableau\Tableau 2026.2\Local\Maps\IN\normal\4\9\14.png","175"
"C:\Program Files\Tableau\Tableau 2026.2\Local\Maps\IN\normal\4\9\15.png","255"
"C:\Program Files\Tableau\Tableau 2026.2\Local\Maps\IN\normal\4\9\2.png","796"
"C:\Program Files\Tableau\Tableau 2026.2\Local\Maps\IN\normal\4\9\3.png","5825"
"C:\Program Files\Tableau\Tableau 2026.2\Local\Maps\IN\normal\4\9\4.png","9841"
"C:\Program Files\Tableau\Tableau 2026.2\Local\Maps\IN\normal\4\9\5.png","10440"
"C:\Program Files\Tableau\Tableau 2026.2\Local\Maps\IN\normal\4\9\6.png","9307"
"C:\Program Files\Tableau\Tableau 2026.2\Local\Maps\IN\normal\4\9\7.png","10037"
"C:\Program Files\Tableau\Tableau 2026.2\Local\Maps\IN\normal\4\9\8.png","10826"
"C:\Program Files\Tableau\Tableau 2026.2\Local\Maps\IN\normal\4\9\9.png","3428"
"C:\Program Files\Tableau\Tableau 2026.2\Local\Maps\IN\normal\5\0\0.png","103"
"C:\Program Files\Tableau\Tableau 2026.2\Local\Maps\IN\normal\5\0\1.png","103"
"C:\Program Files\Tableau\Tableau 2026.2\Local\Maps\IN\normal\5\0\10.png","1120"
"C:\Program Files\Tableau\Tableau 2026.2\Local\Maps\IN\normal\5\0\11.png","103"
"C:\Program Files\Tableau\Tableau 2026.2\Local\Maps\IN\normal\5\0\12.png","103"
"C:\Program Files\Tableau\Tableau 2026.2\Local\Maps\IN\normal\5\0\13.png","266"
"C:\Program Files\Tableau\Tableau 2026.2\Local\Maps\IN\normal\5\0\14.png","169"
"C:\Program Files\Tableau\Tableau 2026.2\Local\Maps\IN\normal\5\0\15.png","175"
"C:\Program Files\Tableau\Tableau 2026.2\Local\Maps\IN\normal\5\0\16.png","304"
"C:\Program Files\Tableau\Tableau 2026.2\Local\Maps\IN\normal\5\0\17.png","972"
"C:\Program Files\Tableau\Tableau 2026.2\Local\Maps\IN\normal\5\0\18.png","269"
"C:\Program Files\Tableau\Tableau 2026.2\Local\Maps\IN\normal\5\0\19.png","103"
"C:\Program Files\Tableau\Tableau 2026.2\Local\Maps\IN\normal\5\0\2.png","103"
"C:\Program Files\Tableau\Tableau 2026.2\Local\Maps\IN\normal\5\0\20.png","492"
"C:\Program Files\Tableau\Tableau 2026.2\Local\Maps\IN\normal\5\0\21.png","103"
"C:\Program Files\Tableau\Tableau 2026.2\Local\Maps\IN\normal\5\0\22.png","103"
"C:\Program Files\Tableau\Tableau 2026.2\Local\Maps\IN\normal\5\0\23.png","103"
"C:\Program Files\Tableau\Tableau 2026.2\Local\Maps\IN\normal\5\0\24.png","103"
"C:\Program Files\Tableau\Tableau 2026.2\Local\Maps\IN\normal\5\0\25.png","103"
"C:\Program Files\Tableau\Tableau 2026.2\Local\Maps\IN\normal\5\0\26.png","103"
"C:\Program Files\Tableau\Tableau 2026.2\Local\Maps\IN\normal\5\0\27.png","103"
"C:\Program Files\Tableau\Tableau 2026.2\Local\Maps\IN\normal\5\0\28.png","103"
"C:\Program Files\Tableau\Tableau 2026.2\Local\Maps\IN\normal\5\0\29.png","103"
"C:\Program Files\Tableau\Tableau 2026.2\Local\Maps\IN\normal\5\0\3.png","103"
"C:\Program Files\Tableau\Tableau 2026.2\Local\Maps\IN\normal\5\0\30.png","1569"
"C:\Program Files\Tableau\Tableau 2026.2\Local\Maps\IN\normal\5\0\31.png","967"
"C:\Program Files\Tableau\Tableau 2026.2\Local\Maps\IN\normal\5\0\4.png","103"
"C:\Program Files\Tableau\Tableau 2026.2\Local\Maps\IN\normal\5\0\5.png","103"
"C:\Program Files\Tableau\Tableau 2026.2\Local\Maps\IN\normal\5\0\6.png","635"
"C:\Program Files\Tableau\Tableau 2026.2\Local\Maps\IN\normal\5\0\7.png","1432"
"C:\Program Files\Tableau\Tableau 2026.2\Local\Maps\IN\normal\5\0\8.png","2401"
"C:\Program Files\Tableau\Tableau 2026.2\Local\Maps\IN\normal\5\0\9.png","525"
"C:\Program Files\Tableau\Tableau 2026.2\Local\Maps\IN\normal\5\1\0.png","103"
"C:\Program Files\Tableau\Tableau 2026.2\Local\Maps\IN\normal\5\1\1.png","103"
"C:\Program Files\Tableau\Tableau 2026.2\Local\Maps\IN\normal\5\1\10.png","1903"
"C:\Program Files\Tableau\Tableau 2026.2\Local\Maps\IN\normal\5\1\11.png","103"
"C:\Program Files\Tableau\Tableau 2026.2\Local\Maps\IN\normal\5\1\12.png","103"
"C:\Program Files\Tableau\Tableau 2026.2\Local\Maps\IN\normal\5\1\13.png","354"
"C:\Program Files\Tableau\Tableau 2026.2\Local\Maps\IN\normal\5\1\14.png","400"
"C:\Program Files\Tableau\Tableau 2026.2\Local\Maps\IN\normal\5\1\15.png","317"
"C:\Program Files\Tableau\Tableau 2026.2\Local\Maps\IN\normal\5\1\16.png","275"
"C:\Program Files\Tableau\Tableau 2026.2\Local\Maps\IN\normal\5\1\17.png","346"
"C:\Program Files\Tableau\Tableau 2026.2\Local\Maps\IN\normal\5\1\18.png","103"
"C:\Program Files\Tableau\Tableau 2026.2\Local\Maps\IN\normal\5\1\19.png","103"
"C:\Program Files\Tableau\Tableau 2026.2\Local\Maps\IN\normal\5\1\2.png","103"
"C:\Program Files\Tableau\Tableau 2026.2\Local\Maps\IN\normal\5\1\20.png","103"
"C:\Program Files\Tableau\Tableau 2026.2\Local\Maps\IN\normal\5\1\21.png","103"
"C:\Program Files\Tableau\Tableau 2026.2\Local\Maps\IN\normal\5\1\22.png","103"
"C:\Program Files\Tableau\Tableau 2026.2\Local\Maps\IN\normal\5\1\23.png","103"
"C:\Program Files\Tableau\Tableau 2026.2\Local\Maps\IN\normal\5\1\24.png","103"
"C:\Program Files\Tableau\Tableau 2026.2\Local\Maps\IN\normal\5\1\25.png","103"
"C:\Program Files\Tableau\Tableau 2026.2\Local\Maps\IN\normal\5\1\26.png","103"
"C:\Program Files\Tableau\Tableau 2026.2\Local\Maps\IN\normal\5\1\27.png","1053"
"C:\Program Files\Tableau\Tableau 2026.2\Local\Maps\IN\normal\5\1\28.png","992"
"C:\Program Files\Tableau\Tableau 2026.2\Local\Maps\IN\normal\5\1\29.png","1004"
"C:\Program Files\Tableau\Tableau 2026.2\Local\Maps\IN\normal\5\1\3.png","103"
"C:\Program Files\Tableau\Tableau 2026.2\Local\Maps\IN\normal\5\1\30.png","1911"
"C:\Program Files\Tableau\Tableau 2026.2\Local\Maps\IN\normal\5\1\31.png","1596"
"C:\Program Files\Tableau\Tableau 2026.2\Local\Maps\IN\normal\5\1\4.png","103"
"C:\Program Files\Tableau\Tableau 2026.2\Local\Maps\IN\normal\5\1\5.png","103"
"C:\Program Files\Tableau\Tableau 2026.2\Local\Maps\IN\normal\5\1\6.png","560"
"C:\Program Files\Tableau\Tableau 2026.2\Local\Maps\IN\normal\5\1\7.png","1797"
"C:\Program Files\Tableau\Tableau 2026.2\Local\Maps\IN\normal\5\1\8.png","2569"
"C:\Program Files\Tableau\Tableau 2026.2\Local\Maps\IN\normal\5\1\9.png","3652"
"C:\Program Files\Tableau\Tableau 2026.2\Local\Maps\IN\normal\5\10\0.png","103"
"C:\Program Files\Tableau\Tableau 2026.2\Local\Maps\IN\normal\5\10\1.png","930"
"C:\Program Files\Tableau\Tableau 2026.2\Local\Maps\IN\normal\5\10\10.png","6853"
"C:\Program Files\Tableau\Tableau 2026.2\Local\Maps\IN\normal\5\10\11.png","3727"
"C:\Program Files\Tableau\Tableau 2026.2\Local\Maps\IN\normal\5\10\12.png","271"
"C:\Program Files\Tableau\Tableau 2026.2\Local\Maps\IN\normal\5\10\13.png","103"
"C:\Program Files\Tableau\Tableau 2026.2\Local\Maps\IN\normal\5\10\14.png","1464"
"C:\Program Files\Tableau\Tableau 2026.2\Local\Maps\IN\normal\5\10\15.png","12112"
"C:\Program Files\Tableau\Tableau 2026.2\Local\Maps\IN\normal\5\10\16.png","4633"
"C:\Program Files\Tableau\Tableau 2026.2\Local\Maps\IN\normal\5\10\17.png","9104"
"C:\Program Files\Tableau\Tableau 2026.2\Local\Maps\IN\normal\5\10\18.png","12405"
"C:\Program Files\Tableau\Tableau 2026.2\Local\Maps\IN\normal\5\10\19.png","5826"
"C:\Program Files\Tableau\Tableau 2026.2\Local\Maps\IN\normal\5\10\2.png","2539"
"C:\Program Files\Tableau\Tableau 2026.2\Local\Maps\IN\normal\5\10\20.png","1264"
"C:\Program Files\Tableau\Tableau 2026.2\Local\Maps\IN\normal\5\10\21.png","1873"
"C:\Program Files\Tableau\Tableau 2026.2\Local\Maps\IN\normal\5\10\22.png","303"
"C:\Program Files\Tableau\Tableau 2026.2\Local\Maps\IN\normal\5\10\23.png","4103"
"C:\Program Files\Tableau\Tableau 2026.2\Local\Maps\IN\normal\5\10\24.png","2695"
"C:\Program Files\Tableau\Tableau 2026.2\Local\Maps\IN\normal\5\10\25.png","2180"
"C:\Program Files\Tableau\Tableau 2026.2\Local\Maps\IN\normal\5\10\26.png","1329"
"C:\Program Files\Tableau\Tableau 2026.2\Local\Maps\IN\normal\5\10\27.png","429"
"C:\Program Files\Tableau\Tableau 2026.2\Local\Maps\IN\normal\5\10\28.png","2205"
"C:\Program Files\Tableau\Tableau 2026.2\Local\Maps\IN\normal\5\10\29.png","1795"
"C:\Program Files\Tableau\Tableau 2026.2\Local\Maps\IN\normal\5\10\3.png","1570"
"C:\Program Files\Tableau\Tableau 2026.2\Local\Maps\IN\normal\5\10\30.png","1405"
"C:\Program Files\Tableau\Tableau 2026.2\Local\Maps\IN\normal\5\10\31.png","252"
"C:\Program Files\Tableau\Tableau 2026.2\Local\Maps\IN\normal\5\10\4.png","837"
"C:\Program Files\Tableau\Tableau 2026.2\Local\Maps\IN\normal\5\10\5.png","1820"
"C:\Program Files\Tableau\Tableau 2026.2\Local\Maps\IN\normal\5\10\6.png","341"
"C:\Program Files\Tableau\Tableau 2026.2\Local\Maps\IN\normal\5\10\7.png","2104"
"C:\Program Files\Tableau\Tableau 2026.2\Local\Maps\IN\normal\5\10\8.png","3451"
"C:\Program Files\Tableau\Tableau 2026.2\Local\Maps\IN\normal\5\10\9.png","4169"
"C:\Program Files\Tableau\Tableau 2026.2\Local\Maps\IN\normal\5\11\0.png","103"
"C:\Program Files\Tableau\Tableau 2026.2\Local\Maps\IN\normal\5\11\1.png","998"
"C:\Program Files\Tableau\Tableau 2026.2\Local\Maps\IN\normal\5\11\10.png","1348"
"C:\Program Files\Tableau\Tableau 2026.2\Local\Maps\IN\normal\5\11\11.png","1521"
"C:\Program Files\Tableau\Tableau 2026.2\Local\Maps\IN\normal\5\11\12.png","103"
"C:\Program Files\Tableau\Tableau 2026.2\Local\Maps\IN\normal\5\11\13.png","103"
"C:\Program Files\Tableau\Tableau 2026.2\Local\Maps\IN\normal\5\11\14.png","103"
"C:\Program Files\Tableau\Tableau 2026.2\Local\Maps\IN\normal\5\11\15.png","4413"
"C:\Program Files\Tableau\Tableau 2026.2\Local\Maps\IN\normal\5\11\16.png","5515"
"C:\Program Files\Tableau\Tableau 2026.2\Local\Maps\IN\normal\5\11\17.png","6843"
"C:\Program Files\Tableau\Tableau 2026.2\Local\Maps\IN\normal\5\11\18.png","8642"
"C:\Program Files\Tableau\Tableau 2026.2\Local\Maps\IN\normal\5\11\19.png","2801"
"C:\Program Files\Tableau\Tableau 2026.2\Local\Maps\IN\normal\5\11\2.png","2657"
"C:\Program Files\Tableau\Tableau 2026.2\Local\Maps\IN\normal\5\11\20.png","103"
"C:\Program Files\Tableau\Tableau 2026.2\Local\Maps\IN\normal\5\11\21.png","103"
"C:\Program Files\Tableau\Tableau 2026.2\Local\Maps\IN\normal\5\11\22.png","571"
"C:\Program Files\Tableau\Tableau 2026.2\Local\Maps\IN\normal\5\11\23.png","542"
"C:\Program Files\Tableau\Tableau 2026.2\Local\Maps\IN\normal\5\11\24.png","103"
"C:\Program Files\Tableau\Tableau 2026.2\Local\Maps\IN\normal\5\11\25.png","103"
"C:\Program Files\Tableau\Tableau 2026.2\Local\Maps\IN\normal\5\11\26.png","103"
"C:\Program Files\Tableau\Tableau 2026.2\Local\Maps\IN\normal\5\11\27.png","967"
"C:\Program Files\Tableau\Tableau 2026.2\Local\Maps\IN\normal\5\11\28.png","1408"
"C:\Program Files\Tableau\Tableau 2026.2\Local\Maps\IN\normal\5\11\29.png","1502"
"C:\Program Files\Tableau\Tableau 2026.2\Local\Maps\IN\normal\5\11\3.png","1301"
"C:\Program Files\Tableau\Tableau 2026.2\Local\Maps\IN\normal\5\11\30.png","177"
"C:\Program Files\Tableau\Tableau 2026.2\Local\Maps\IN\normal\5\11\31.png","252"
"C:\Program Files\Tableau\Tableau 2026.2\Local\Maps\IN\normal\5\11\4.png","1132"
"C:\Program Files\Tableau\Tableau 2026.2\Local\Maps\IN\normal\5\11\5.png","349"
"C:\Program Files\Tableau\Tableau 2026.2\Local\Maps\IN\normal\5\11\6.png","2981"
"C:\Program Files\Tableau\Tableau 2026.2\Local\Maps\IN\normal\5\11\7.png","4386"
"C:\Program Files\Tableau\Tableau 2026.2\Local\Maps\IN\normal\5\11\8.png","3586"
"C:\Program Files\Tableau\Tableau 2026.2\Local\Maps\IN\normal\5\11\9.png","1483"
"C:\Program Files\Tableau\Tableau 2026.2\Local\Maps\IN\normal\5\12\0.png","103"
"C:\Program Files\Tableau\Tableau 2026.2\Local\Maps\IN\normal\5\12\1.png","2974"
"C:\Program Files\Tableau\Tableau 2026.2\Local\Maps\IN\normal\5\12\10.png","103"
"C:\Program Files\Tableau\Tableau 2026.2\Local\Maps\IN\normal\5\12\11.png","103"
"C:\Program Files\Tableau\Tableau 2026.2\Local\Maps\IN\normal\5\12\12.png","103"
"C:\Program Files\Tableau\Tableau 2026.2\Local\Maps\IN\normal\5\12\13.png","103"
"C:\Program Files\Tableau\Tableau 2026.2\Local\Maps\IN\normal\5\12\14.png","103"
"C:\Program Files\Tableau\Tableau 2026.2\Local\Maps\IN\normal\5\12\15.png","103"
"C:\Program Files\Tableau\Tableau 2026.2\Local\Maps\IN\normal\5\12\16.png","7075"
"C:\Program Files\Tableau\Tableau 2026.2\Local\Maps\IN\normal\5\12\17.png","3122"
"C:\Program Files\Tableau\Tableau 2026.2\Local\Maps\IN\normal\5\12\18.png","1082"
"C:\Program Files\Tableau\Tableau 2026.2\Local\Maps\IN\normal\5\12\19.png","103"
"C:\Program Files\Tableau\Tableau 2026.2\Local\Maps\IN\normal\5\12\2.png","1451"
"C:\Program Files\Tableau\Tableau 2026.2\Local\Maps\IN\normal\5\12\20.png","103"
"C:\Program Files\Tableau\Tableau 2026.2\Local\Maps\IN\normal\5\12\21.png","703"
"C:\Program Files\Tableau\Tableau 2026.2\Local\Maps\IN\normal\5\12\22.png","307"
"C:\Program Files\Tableau\Tableau 2026.2\Local\Maps\IN\normal\5\12\23.png","103"
"C:\Program Files\Tableau\Tableau 2026.2\Local\Maps\IN\normal\5\12\24.png","103"
"C:\Program Files\Tableau\Tableau 2026.2\Local\Maps\IN\normal\5\12\25.png","103"
"C:\Program Files\Tableau\Tableau 2026.2\Local\Maps\IN\normal\5\12\26.png","103"
"C:\Program Files\Tableau\Tableau 2026.2\Local\Maps\IN\normal\5\12\27.png","1252"
"C:\Program Files\Tableau\Tableau 2026.2\Local\Maps\IN\normal\5\12\28.png","1279"
"C:\Program Files\Tableau\Tableau 2026.2\Local\Maps\IN\normal\5\12\29.png","933"
"C:\Program Files\Tableau\Tableau 2026.2\Local\Maps\IN\normal\5\12\3.png","177"
"C:\Program Files\Tableau\Tableau 2026.2\Local\Maps\IN\normal\5\12\30.png","177"
"C:\Program Files\Tableau\Tableau 2026.2\Local\Maps\IN\normal\5\12\31.png","252"
"C:\Program Files\Tableau\Tableau 2026.2\Local\Maps\IN\normal\5\12\4.png","604"
"C:\Program Files\Tableau\Tableau 2026.2\Local\Maps\IN\normal\5\12\5.png","268"
"C:\Program Files\Tableau\Tableau 2026.2\Local\Maps\IN\normal\5\12\6.png","915"
"C:\Program Files\Tableau\Tableau 2026.2\Local\Maps\IN\normal\5\12\7.png","785"
"C:\Program Files\Tableau\Tableau 2026.2\Local\Maps\IN\normal\5\12\8.png","2848"
"C:\Program Files\Tableau\Tableau 2026.2\Local\Maps\IN\normal\5\12\9.png","1300"
"C:\Program Files\Tableau\Tableau 2026.2\Local\Maps\IN\normal\5\13\0.png","103"
"C:\Program Files\Tableau\Tableau 2026.2\Local\Maps\IN\normal\5\13\1.png","1920"
"C:\Program Files\Tableau\Tableau 2026.2\Local\Maps\IN\normal\5\13\10.png","103"
"C:\Program Files\Tableau\Tableau 2026.2\Local\Maps\IN\normal\5\13\11.png","103"
"C:\Program Files\Tableau\Tableau 2026.2\Local\Maps\IN\normal\5\13\12.png","634"
"C:\Program Files\Tableau\Tableau 2026.2\Local\Maps\IN\normal\5\13\13.png","103"
"C:\Program Files\Tableau\Tableau 2026.2\Local\Maps\IN\normal\5\13\14.png","661"
"C:\Program Files\Tableau\Tableau 2026.2\Local\Maps\IN\normal\5\13\15.png","254"
"C:\Program Files\Tableau\Tableau 2026.2\Local\Maps\IN\normal\5\13\16.png","251"
"C:\Program Files\Tableau\Tableau 2026.2\Local\Maps\IN\normal\5\13\17.png","254"
"C:\Program Files\Tableau\Tableau 2026.2\Local\Maps\IN\normal\5\13\18.png","103"
"C:\Program Files\Tableau\Tableau 2026.2\Local\Maps\IN\normal\5\13\19.png","103"
"C:\Program Files\Tableau\Tableau 2026.2\Local\Maps\IN\normal\5\13\2.png","1688"
"C:\Program Files\Tableau\Tableau 2026.2\Local\Maps\IN\normal\5\13\20.png","103"
"C:\Program Files\Tableau\Tableau 2026.2\Local\Maps\IN\normal\5\13\21.png","103"
"C:\Program Files\Tableau\Tableau 2026.2\Local\Maps\IN\normal\5\13\22.png","497"
"C:\Program Files\Tableau\Tableau 2026.2\Local\Maps\IN\normal\5\13\23.png","103"
"C:\Program Files\Tableau\Tableau 2026.2\Local\Maps\IN\normal\5\13\24.png","103"
"C:\Program Files\Tableau\Tableau 2026.2\Local\Maps\IN\normal\5\13\25.png","103"
"C:\Program Files\Tableau\Tableau 2026.2\Local\Maps\IN\normal\5\13\26.png","808"
"C:\Program Files\Tableau\Tableau 2026.2\Local\Maps\IN\normal\5\13\27.png","712"
"C:\Program Files\Tableau\Tableau 2026.2\Local\Maps\IN\normal\5\13\28.png","1866"
"C:\Program Files\Tableau\Tableau 2026.2\Local\Maps\IN\normal\5\13\29.png","177"
"C:\Program Files\Tableau\Tableau 2026.2\Local\Maps\IN\normal\5\13\3.png","676"
"C:\Program Files\Tableau\Tableau 2026.2\Local\Maps\IN\normal\5\13\30.png","177"
"C:\Program Files\Tableau\Tableau 2026.2\Local\Maps\IN\normal\5\13\31.png","252"
"C:\Program Files\Tableau\Tableau 2026.2\Local\Maps\IN\normal\5\13\4.png","177"
"C:\Program Files\Tableau\Tableau 2026.2\Local\Maps\IN\normal\5\13\5.png","357"
"C:\Program Files\Tableau\Tableau 2026.2\Local\Maps\IN\normal\5\13\6.png","4150"
"C:\Program Files\Tableau\Tableau 2026.2\Local\Maps\IN\normal\5\13\7.png","2338"
"C:\Program Files\Tableau\Tableau 2026.2\Local\Maps\IN\normal\5\13\8.png","1160"
"C:\Program Files\Tableau\Tableau 2026.2\Local\Maps\IN\normal\5\13\9.png","103"
"C:\Program Files\Tableau\Tableau 2026.2\Local\Maps\IN\normal\5\14\0.png","103"
"C:\Program Files\Tableau\Tableau 2026.2\Local\Maps\IN\normal\5\14\1.png","330"
"C:\Program Files\Tableau\Tableau 2026.2\Local\Maps\IN\normal\5\14\10.png","103"
"C:\Program Files\Tableau\Tableau 2026.2\Local\Maps\IN\normal\5\14\11.png","103"
"C:\Program Files\Tableau\Tableau 2026.2\Local\Maps\IN\normal\5\14\12.png","447"
"C:\Program Files\Tableau\Tableau 2026.2\Local\Maps\IN\normal\5\14\13.png","2739"
"C:\Program Files\Tableau\Tableau 2026.2\Local\Maps\IN\normal\5\14\14.png","9659"
"C:\Program Files\Tableau\Tableau 2026.2\Local\Maps\IN\normal\5\14\15.png","2479"
"C:\Program Files\Tableau\Tableau 2026.2\Local\Maps\IN\normal\5\14\16.png","272"
"C:\Program Files\Tableau\Tableau 2026.2\Local\Maps\IN\normal\5\14\17.png","103"
"C:\Program Files\Tableau\Tableau 2026.2\Local\Maps\IN\normal\5\14\18.png","103"
"C:\Program Files\Tableau\Tableau 2026.2\Local\Maps\IN\normal\5\14\19.png","274"
"C:\Program Files\Tableau\Tableau 2026.2\Local\Maps\IN\normal\5\14\2.png","2191"
"C:\Program Files\Tableau\Tableau 2026.2\Local\Maps\IN\normal\5\14\20.png","103"
"C:\Program Files\Tableau\Tableau 2026.2\Local\Maps\IN\normal\5\14\21.png","103"
"C:\Program Files\Tableau\Tableau 2026.2\Local\Maps\IN\normal\5\14\22.png","103"
"C:\Program Files\Tableau\Tableau 2026.2\Local\Maps\IN\normal\5\14\23.png","103"
"C:\Program Files\Tableau\Tableau 2026.2\Local\Maps\IN\normal\5\14\24.png","103"
"C:\Program Files\Tableau\Tableau 2026.2\Local\Maps\IN\normal\5\14\25.png","1481"
"C:\Program Files\Tableau\Tableau 2026.2\Local\Maps\IN\normal\5\14\26.png","1222"
"C:\Program Files\Tableau\Tableau 2026.2\Local\Maps\IN\normal\5\14\27.png","177"
"C:\Program Files\Tableau\Tableau 2026.2\Local\Maps\IN\normal\5\14\28.png","177"
"C:\Program Files\Tableau\Tableau 2026.2\Local\Maps\IN\normal\5\14\29.png","177"
"C:\Program Files\Tableau\Tableau 2026.2\Local\Maps\IN\normal\5\14\3.png","2151"
"C:\Program Files\Tableau\Tableau 2026.2\Local\Maps\IN\normal\5\14\30.png","177"
"C:\Program Files\Tableau\Tableau 2026.2\Local\Maps\IN\normal\5\14\31.png","252"
"C:\Program Files\Tableau\Tableau 2026.2\Local\Maps\IN\normal\5\14\4.png","2530"
"C:\Program Files\Tableau\Tableau 2026.2\Local\Maps\IN\normal\5\14\5.png","3111"
"C:\Program Files\Tableau\Tableau 2026.2\Local\Maps\IN\normal\5\14\6.png","1341"
"C:\Program Files\Tableau\Tableau 2026.2\Local\Maps\IN\normal\5\14\7.png","560"
"C:\Program Files\Tableau\Tableau 2026.2\Local\Maps\IN\normal\5\14\8.png","4819"
"C:\Program Files\Tableau\Tableau 2026.2\Local\Maps\IN\normal\5\14\9.png","131"
"C:\Program Files\Tableau\Tableau 2026.2\Local\Maps\IN\normal\5\15\0.png","103"
"C:\Program Files\Tableau\Tableau 2026.2\Local\Maps\IN\normal\5\15\1.png","103"
"C:\Program Files\Tableau\Tableau 2026.2\Local\Maps\IN\normal\5\15\10.png","8090"
"C:\Program Files\Tableau\Tableau 2026.2\Local\Maps\IN\normal\5\15\11.png","6614"
"C:\Program Files\Tableau\Tableau 2026.2\Local\Maps\IN\normal\5\15\12.png","12209"
"C:\Program Files\Tableau\Tableau 2026.2\Local\Maps\IN\normal\5\15\13.png","7710"
"C:\Program Files\Tableau\Tableau 2026.2\Local\Maps\IN\normal\5\15\14.png","11098"
"C:\Program Files\Tableau\Tableau 2026.2\Local\Maps\IN\normal\5\15\15.png","13762"
"C:\Program Files\Tableau\Tableau 2026.2\Local\Maps\IN\normal\5\15\16.png","103"
"C:\Program Files\Tableau\Tableau 2026.2\Local\Maps\IN\normal\5\15\17.png","264"
"C:\Program Files\Tableau\Tableau 2026.2\Local\Maps\IN\normal\5\15\18.png","103"
"C:\Program Files\Tableau\Tableau 2026.2\Local\Maps\IN\normal\5\15\19.png","273"
"C:\Program Files\Tableau\Tableau 2026.2\Local\Maps\IN\normal\5\15\2.png","103"
"C:\Program Files\Tableau\Tableau 2026.2\Local\Maps\IN\normal\5\15\20.png","103"
"C:\Program Files\Tableau\Tableau 2026.2\Local\Maps\IN\normal\5\15\21.png","103"
"C:\Program Files\Tableau\Tableau 2026.2\Local\Maps\IN\normal\5\15\22.png","103"
"C:\Program Files\Tableau\Tableau 2026.2\Local\Maps\IN\normal\5\15\23.png","103"
"C:\Program Files\Tableau\Tableau 2026.2\Local\Maps\IN\normal\5\15\24.png","562"
"C:\Program Files\Tableau\Tableau 2026.2\Local\Maps\IN\normal\5\15\25.png","1776"
"C:\Program Files\Tableau\Tableau 2026.2\Local\Maps\IN\normal\5\15\26.png","177"
"C:\Program Files\Tableau\Tableau 2026.2\Local\Maps\IN\normal\5\15\27.png","177"
"C:\Program Files\Tableau\Tableau 2026.2\Local\Maps\IN\normal\5\15\28.png","177"
"C:\Program Files\Tableau\Tableau 2026.2\Local\Maps\IN\normal\5\15\29.png","177"
"C:\Program Files\Tableau\Tableau 2026.2\Local\Maps\IN\normal\5\15\3.png","103"
"C:\Program Files\Tableau\Tableau 2026.2\Local\Maps\IN\normal\5\15\30.png","177"
"C:\Program Files\Tableau\Tableau 2026.2\Local\Maps\IN\normal\5\15\31.png","252"
"C:\Program Files\Tableau\Tableau 2026.2\Local\Maps\IN\normal\5\15\4.png","103"
"C:\Program Files\Tableau\Tableau 2026.2\Local\Maps\IN\normal\5\15\5.png","103"
"C:\Program Files\Tableau\Tableau 2026.2\Local\Maps\IN\normal\5\15\6.png","530"
"C:\Program Files\Tableau\Tableau 2026.2\Local\Maps\IN\normal\5\15\7.png","103"
"C:\Program Files\Tableau\Tableau 2026.2\Local\Maps\IN\normal\5\15\8.png","668"
"C:\Program Files\Tableau\Tableau 2026.2\Local\Maps\IN\normal\5\15\9.png","3198"
"C:\Program Files\Tableau\Tableau 2026.2\Local\Maps\IN\normal\5\16\0.png","103"
"C:\Program Files\Tableau\Tableau 2026.2\Local\Maps\IN\normal\5\16\1.png","103"
"C:\Program Files\Tableau\Tableau 2026.2\Local\Maps\IN\normal\5\16\10.png","13233"
"C:\Program Files\Tableau\Tableau 2026.2\Local\Maps\IN\normal\5\16\11.png","13944"
"C:\Program Files\Tableau\Tableau 2026.2\Local\Maps\IN\normal\5\16\12.png","12549"
"C:\Program Files\Tableau\Tableau 2026.2\Local\Maps\IN\normal\5\16\13.png","6739"
"C:\Program Files\Tableau\Tableau 2026.2\Local\Maps\IN\normal\5\16\14.png","10952"
"C:\Program Files\Tableau\Tableau 2026.2\Local\Maps\IN\normal\5\16\15.png","15394"
"C:\Program Files\Tableau\Tableau 2026.2\Local\Maps\IN\normal\5\16\16.png","1663"
"C:\Program Files\Tableau\Tableau 2026.2\Local\Maps\IN\normal\5\16\17.png","103"
"C:\Program Files\Tableau\Tableau 2026.2\Local\Maps\IN\normal\5\16\18.png","103"
"C:\Program Files\Tableau\Tableau 2026.2\Local\Maps\IN\normal\5\16\19.png","103"
"C:\Program Files\Tableau\Tableau 2026.2\Local\Maps\IN\normal\5\16\2.png","103"
"C:\Program Files\Tableau\Tableau 2026.2\Local\Maps\IN\normal\5\16\20.png","103"
"C:\Program Files\Tableau\Tableau 2026.2\Local\Maps\IN\normal\5\16\21.png","280"
"C:\Program Files\Tableau\Tableau 2026.2\Local\Maps\IN\normal\5\16\22.png","103"
"C:\Program Files\Tableau\Tableau 2026.2\Local\Maps\IN\normal\5\16\23.png","103"
"C:\Program Files\Tableau\Tableau 2026.2\Local\Maps\IN\normal\5\16\24.png","1150"
"C:\Program Files\Tableau\Tableau 2026.2\Local\Maps\IN\normal\5\16\25.png","750"
"C:\Program Files\Tableau\Tableau 2026.2\Local\Maps\IN\normal\5\16\26.png","177"
"C:\Program Files\Tableau\Tableau 2026.2\Local\Maps\IN\normal\5\16\27.png","177"
"C:\Program Files\Tableau\Tableau 2026.2\Local\Maps\IN\normal\5\16\28.png","177"
"C:\Program Files\Tableau\Tableau 2026.2\Local\Maps\IN\normal\5\16\29.png","177"
"C:\Program Files\Tableau\Tableau 2026.2\Local\Maps\IN\normal\5\16\3.png","638"
"C:\Program Files\Tableau\Tableau 2026.2\Local\Maps\IN\normal\5\16\30.png","177"
"C:\Program Files\Tableau\Tableau 2026.2\Local\Maps\IN\normal\5\16\31.png","252"
"C:\Program Files\Tableau\Tableau 2026.2\Local\Maps\IN\normal\5\16\4.png","607"
"C:\Program Files\Tableau\Tableau 2026.2\Local\Maps\IN\normal\5\16\5.png","103"
"C:\Program Files\Tableau\Tableau 2026.2\Local\Maps\IN\normal\5\16\6.png","103"
"C:\Program Files\Tableau\Tableau 2026.2\Local\Maps\IN\normal\5\16\7.png","103"
"C:\Program Files\Tableau\Tableau 2026.2\Local\Maps\IN\normal\5\16\8.png","4160"
"C:\Program Files\Tableau\Tableau 2026.2\Local\Maps\IN\normal\5\16\9.png","7445"
"C:\Program Files\Tableau\Tableau 2026.2\Local\Maps\IN\normal\5\17\0.png","103"
"C:\Program Files\Tableau\Tableau 2026.2\Local\Maps\IN\normal\5\17\1.png","103"
"C:\Program Files\Tableau\Tableau 2026.2\Local\Maps\IN\normal\5\17\10.png","15661"
"C:\Program Files\Tableau\Tableau 2026.2\Local\Maps\IN\normal\5\17\11.png","23111"
"C:\Program Files\Tableau\Tableau 2026.2\Local\Maps\IN\normal\5\17\12.png","6134"
"C:\Program Files\Tableau\Tableau 2026.2\Local\Maps\IN\normal\5\17\13.png","6961"
"C:\Program Files\Tableau\Tableau 2026.2\Local\Maps\IN\normal\5\17\14.png","10270"
"C:\Program Files\Tableau\Tableau 2026.2\Local\Maps\IN\normal\5\17\15.png","16438"
"C:\Program Files\Tableau\Tableau 2026.2\Local\Maps\IN\normal\5\17\16.png","13764"
"C:\Program Files\Tableau\Tableau 2026.2\Local\Maps\IN\normal\5\17\17.png","9259"
"C:\Program Files\Tableau\Tableau 2026.2\Local\Maps\IN\normal\5\17\18.png","5332"
"C:\Program Files\Tableau\Tableau 2026.2\Local\Maps\IN\normal\5\17\19.png","1414"
"C:\Program Files\Tableau\Tableau 2026.2\Local\Maps\IN\normal\5\17\2.png","103"
"C:\Program Files\Tableau\Tableau 2026.2\Local\Maps\IN\normal\5\17\20.png","103"
"C:\Program Files\Tableau\Tableau 2026.2\Local\Maps\IN\normal\5\17\21.png","103"
"C:\Program Files\Tableau\Tableau 2026.2\Local\Maps\IN\normal\5\17\22.png","103"
"C:\Program Files\Tableau\Tableau 2026.2\Local\Maps\IN\normal\5\17\23.png","103"
"C:\Program Files\Tableau\Tableau 2026.2\Local\Maps\IN\normal\5\17\24.png","1143"
"C:\Program Files\Tableau\Tableau 2026.2\Local\Maps\IN\normal\5\17\25.png","654"
"C:\Program Files\Tableau\Tableau 2026.2\Local\Maps\IN\normal\5\17\26.png","177"
"C:\Program Files\Tableau\Tableau 2026.2\Local\Maps\IN\normal\5\17\27.png","177"
"C:\Program Files\Tableau\Tableau 2026.2\Local\Maps\IN\normal\5\17\28.png","177"
"C:\Program Files\Tableau\Tableau 2026.2\Local\Maps\IN\normal\5\17\29.png","177"
"C:\Program Files\Tableau\Tableau 2026.2\Local\Maps\IN\normal\5\17\3.png","3473"
"C:\Program Files\Tableau\Tableau 2026.2\Local\Maps\IN\normal\5\17\30.png","177"
"C:\Program Files\Tableau\Tableau 2026.2\Local\Maps\IN\normal\5\17\31.png","252"
"C:\Program Files\Tableau\Tableau 2026.2\Local\Maps\IN\normal\5\17\4.png","4084"
"C:\Program Files\Tableau\Tableau 2026.2\Local\Maps\IN\normal\5\17\5.png","622"
"C:\Program Files\Tableau\Tableau 2026.2\Local\Maps\IN\normal\5\17\6.png","328"
"C:\Program Files\Tableau\Tableau 2026.2\Local\Maps\IN\normal\5\17\7.png","9282"
"C:\Program Files\Tableau\Tableau 2026.2\Local\Maps\IN\normal\5\17\8.png","10684"
"C:\Program Files\Tableau\Tableau 2026.2\Local\Maps\IN\normal\5\17\9.png","11922"
"C:\Program Files\Tableau\Tableau 2026.2\Local\Maps\IN\normal\5\18\0.png","103"
"C:\Program Files\Tableau\Tableau 2026.2\Local\Maps\IN\normal\5\18\1.png","103"
"C:\Program Files\Tableau\Tableau 2026.2\Local\Maps\IN\normal\5\18\10.png","16678"
"C:\Program Files\Tableau\Tableau 2026.2\Local\Maps\IN\normal\5\18\11.png","19283"
"C:\Program Files\Tableau\Tableau 2026.2\Local\Maps\IN\normal\5\18\12.png","10635"
"C:\Program Files\Tableau\Tableau 2026.2\Local\Maps\IN\normal\5\18\13.png","7165"
"C:\Program Files\Tableau\Tableau 2026.2\Local\Maps\IN\normal\5\18\14.png","6989"
"C:\Program Files\Tableau\Tableau 2026.2\Local\Maps\IN\normal\5\18\15.png","12404"
"C:\Program Files\Tableau\Tableau 2026.2\Local\Maps\IN\normal\5\18\16.png","13369"
"C:\Program Files\Tableau\Tableau 2026.2\Local\Maps\IN\normal\5\18\17.png","15018"
"C:\Program Files\Tableau\Tableau 2026.2\Local\Maps\IN\normal\5\18\18.png","11857"
"C:\Program Files\Tableau\Tableau 2026.2\Local\Maps\IN\normal\5\18\19.png","1277"
"C:\Program Files\Tableau\Tableau 2026.2\Local\Maps\IN\normal\5\18\2.png","103"
"C:\Program Files\Tableau\Tableau 2026.2\Local\Maps\IN\normal\5\18\20.png","103"
"C:\Program Files\Tableau\Tableau 2026.2\Local\Maps\IN\normal\5\18\21.png","103"
"C:\Program Files\Tableau\Tableau 2026.2\Local\Maps\IN\normal\5\18\22.png","103"
"C:\Program Files\Tableau\Tableau 2026.2\Local\Maps\IN\normal\5\18\23.png","103"
"C:\Program Files\Tableau\Tableau 2026.2\Local\Maps\IN\normal\5\18\24.png","975"
"C:\Program Files\Tableau\Tableau 2026.2\Local\Maps\IN\normal\5\18\25.png","695"
"C:\Program Files\Tableau\Tableau 2026.2\Local\Maps\IN\normal\5\18\26.png","177"
"C:\Program Files\Tableau\Tableau 2026.2\Local\Maps\IN\normal\5\18\27.png","177"
"C:\Program Files\Tableau\Tableau 2026.2\Local\Maps\IN\normal\5\18\28.png","177"
"C:\Program Files\Tableau\Tableau 2026.2\Local\Maps\IN\normal\5\18\29.png","177"
"C:\Program Files\Tableau\Tableau 2026.2\Local\Maps\IN\normal\5\18\3.png","1672"
"C:\Program Files\Tableau\Tableau 2026.2\Local\Maps\IN\normal\5\18\30.png","177"
"C:\Program Files\Tableau\Tableau 2026.2\Local\Maps\IN\normal\5\18\31.png","252"
"C:\Program Files\Tableau\Tableau 2026.2\Local\Maps\IN\normal\5\18\4.png","1091"
"C:\Program Files\Tableau\Tableau 2026.2\Local\Maps\IN\normal\5\18\5.png","493"
"C:\Program Files\Tableau\Tableau 2026.2\Local\Maps\IN\normal\5\18\6.png","1578"
"C:\Program Files\Tableau\Tableau 2026.2\Local\Maps\IN\normal\5\18\7.png","9741"
"C:\Program Files\Tableau\Tableau 2026.2\Local\Maps\IN\normal\5\18\8.png","14417"
"C:\Program Files\Tableau\Tableau 2026.2\Local\Maps\IN\normal\5\18\9.png","14824"
"C:\Program Files\Tableau\Tableau 2026.2\Local\Maps\IN\normal\5\19\0.png","103"
"C:\Program Files\Tableau\Tableau 2026.2\Local\Maps\IN\normal\5\19\1.png","103"
"C:\Program Files\Tableau\Tableau 2026.2\Local\Maps\IN\normal\5\19\10.png","11746"
"C:\Program Files\Tableau\Tableau 2026.2\Local\Maps\IN\normal\5\19\11.png","12617"
"C:\Program Files\Tableau\Tableau 2026.2\Local\Maps\IN\normal\5\19\12.png","20967"
"C:\Program Files\Tableau\Tableau 2026.2\Local\Maps\IN\normal\5\19\13.png","11240"
"C:\Program Files\Tableau\Tableau 2026.2\Local\Maps\IN\normal\5\19\14.png","12649"
"C:\Program Files\Tableau\Tableau 2026.2\Local\Maps\IN\normal\5\19\15.png","13907"
"C:\Program Files\Tableau\Tableau 2026.2\Local\Maps\IN\normal\5\19\16.png","10633"
"C:\Program Files\Tableau\Tableau 2026.2\Local\Maps\IN\normal\5\19\17.png","7543"
"C:\Program Files\Tableau\Tableau 2026.2\Local\Maps\IN\normal\5\19\18.png","1323"
"C:\Program Files\Tableau\Tableau 2026.2\Local\Maps\IN\normal\5\19\19.png","103"
"C:\Program Files\Tableau\Tableau 2026.2\Local\Maps\IN\normal\5\19\2.png","103"
"C:\Program Files\Tableau\Tableau 2026.2\Local\Maps\IN\normal\5\19\20.png","323"
"C:\Program Files\Tableau\Tableau 2026.2\Local\Maps\IN\normal\5\19\21.png","103"
"C:\Program Files\Tableau\Tableau 2026.2\Local\Maps\IN\normal\5\19\22.png","103"
"C:\Program Files\Tableau\Tableau 2026.2\Local\Maps\IN\normal\5\19\23.png","103"
"C:\Program Files\Tableau\Tableau 2026.2\Local\Maps\IN\normal\5\19\24.png","1283"
"C:\Program Files\Tableau\Tableau 2026.2\Local\Maps\IN\normal\5\19\25.png","177"
"C:\Program Files\Tableau\Tableau 2026.2\Local\Maps\IN\normal\5\19\26.png","177"
"C:\Program Files\Tableau\Tableau 2026.2\Local\Maps\IN\normal\5\19\27.png","177"
"C:\Program Files\Tableau\Tableau 2026.2\Local\Maps\IN\normal\5\19\28.png","177"
"C:\Program Files\Tableau\Tableau 2026.2\Local\Maps\IN\normal\5\19\29.png","177"
"C:\Program Files\Tableau\Tableau 2026.2\Local\Maps\IN\normal\5\19\3.png","330"
"C:\Program Files\Tableau\Tableau 2026.2\Local\Maps\IN\normal\5\19\30.png","177"
"C:\Program Files\Tableau\Tableau 2026.2\Local\Maps\IN\normal\5\19\31.png","252"
"C:\Program Files\Tableau\Tableau 2026.2\Local\Maps\IN\normal\5\19\4.png","103"
"C:\Program Files\Tableau\Tableau 2026.2\Local\Maps\IN\normal\5\19\5.png","103"
"C:\Program Files\Tableau\Tableau 2026.2\Local\Maps\IN\normal\5\19\6.png","103"
"C:\Program Files\Tableau\Tableau 2026.2\Local\Maps\IN\normal\5\19\7.png","2290"
"C:\Program Files\Tableau\Tableau 2026.2\Local\Maps\IN\normal\5\19\8.png","4421"
"C:\Program Files\Tableau\Tableau 2026.2\Local\Maps\IN\normal\5\19\9.png","9692"
"C:\Program Files\Tableau\Tableau 2026.2\Local\Maps\IN\normal\5\2\0.png","103"
"C:\Program Files\Tableau\Tableau 2026.2\Local\Maps\IN\normal\5\2\1.png","103"
"C:\Program Files\Tableau\Tableau 2026.2\Local\Maps\IN\normal\5\2\10.png","167"
"C:\Program Files\Tableau\Tableau 2026.2\Local\Maps\IN\normal\5\2\11.png","103"
"C:\Program Files\Tableau\Tableau 2026.2\Local\Maps\IN\normal\5\2\12.png","103"
"C:\Program Files\Tableau\Tableau 2026.2\Local\Maps\IN\normal\5\2\13.png","103"
"C:\Program Files\Tableau\Tableau 2026.2\Local\Maps\IN\normal\5\2\14.png","742"
"C:\Program Files\Tableau\Tableau 2026.2\Local\Maps\IN\normal\5\2\15.png","307"
"C:\Program Files\Tableau\Tableau 2026.2\Local\Maps\IN\normal\5\2\16.png","262"
"C:\Program Files\Tableau\Tableau 2026.2\Local\Maps\IN\normal\5\2\17.png","620"
"C:\Program Files\Tableau\Tableau 2026.2\Local\Maps\IN\normal\5\2\18.png","289"
"C:\Program Files\Tableau\Tableau 2026.2\Local\Maps\IN\normal\5\2\19.png","103"
"C:\Program Files\Tableau\Tableau 2026.2\Local\Maps\IN\normal\5\2\2.png","103"
"C:\Program Files\Tableau\Tableau 2026.2\Local\Maps\IN\normal\5\2\20.png","103"
"C:\Program Files\Tableau\Tableau 2026.2\Local\Maps\IN\normal\5\2\21.png","103"
"C:\Program Files\Tableau\Tableau 2026.2\Local\Maps\IN\normal\5\2\22.png","103"
"C:\Program Files\Tableau\Tableau 2026.2\Local\Maps\IN\normal\5\2\23.png","103"
"C:\Program Files\Tableau\Tableau 2026.2\Local\Maps\IN\normal\5\2\24.png","103"
"C:\Program Files\Tableau\Tableau 2026.2\Local\Maps\IN\normal\5\2\25.png","103"
"C:\Program Files\Tableau\Tableau 2026.2\Local\Maps\IN\normal\5\2\26.png","1275"
"C:\Program Files\Tableau\Tableau 2026.2\Local\Maps\IN\normal\5\2\27.png","2666"
"C:\Program Files\Tableau\Tableau 2026.2\Local\Maps\IN\normal\5\2\28.png","1720"
"C:\Program Files\Tableau\Tableau 2026.2\Local\Maps\IN\normal\5\2\29.png","1133"
"C:\Program Files\Tableau\Tableau 2026.2\Local\Maps\IN\normal\5\2\3.png","103"
"C:\Program Files\Tableau\Tableau 2026.2\Local\Maps\IN\normal\5\2\30.png","675"
"C:\Program Files\Tableau\Tableau 2026.2\Local\Maps\IN\normal\5\2\31.png","633"
"C:\Program Files\Tableau\Tableau 2026.2\Local\Maps\IN\normal\5\2\4.png","103"
"C:\Program Files\Tableau\Tableau 2026.2\Local\Maps\IN\normal\5\2\5.png","103"
"C:\Program Files\Tableau\Tableau 2026.2\Local\Maps\IN\normal\5\2\6.png","991"
"C:\Program Files\Tableau\Tableau 2026.2\Local\Maps\IN\normal\5\2\7.png","816"
"C:\Program Files\Tableau\Tableau 2026.2\Local\Maps\IN\normal\5\2\8.png","541"
"C:\Program Files\Tableau\Tableau 2026.2\Local\Maps\IN\normal\5\2\9.png","4927"
"C:\Program Files\Tableau\Tableau 2026.2\Local\Maps\IN\normal\5\20\0.png","103"
"C:\Program Files\Tableau\Tableau 2026.2\Local\Maps\IN\normal\5\20\1.png","103"
"C:\Program Files\Tableau\Tableau 2026.2\Local\Maps\IN\normal\5\20\10.png","11061"
"C:\Program Files\Tableau\Tableau 2026.2\Local\Maps\IN\normal\5\20\11.png","9054"
"C:\Program Files\Tableau\Tableau 2026.2\Local\Maps\IN\normal\5\20\12.png","13100"
"C:\Program Files\Tableau\Tableau 2026.2\Local\Maps\IN\normal\5\20\13.png","10144"
"C:\Program Files\Tableau\Tableau 2026.2\Local\Maps\IN\normal\5\20\14.png","6450"
"C:\Program Files\Tableau\Tableau 2026.2\Local\Maps\IN\normal\5\20\15.png","4207"
"C:\Program Files\Tableau\Tableau 2026.2\Local\Maps\IN\normal\5\20\16.png","518"
"C:\Program Files\Tableau\Tableau 2026.2\Local\Maps\IN\normal\5\20\17.png","6236"
"C:\Program Files\Tableau\Tableau 2026.2\Local\Maps\IN\normal\5\20\18.png","2093"
"C:\Program Files\Tableau\Tableau 2026.2\Local\Maps\IN\normal\5\20\19.png","103"
"C:\Program Files\Tableau\Tableau 2026.2\Local\Maps\IN\normal\5\20\2.png","611"
"C:\Program Files\Tableau\Tableau 2026.2\Local\Maps\IN\normal\5\20\20.png","301"
"C:\Program Files\Tableau\Tableau 2026.2\Local\Maps\IN\normal\5\20\21.png","103"
"C:\Program Files\Tableau\Tableau 2026.2\Local\Maps\IN\normal\5\20\22.png","103"
"C:\Program Files\Tableau\Tableau 2026.2\Local\Maps\IN\normal\5\20\23.png","623"
"C:\Program Files\Tableau\Tableau 2026.2\Local\Maps\IN\normal\5\20\24.png","1435"
"C:\Program Files\Tableau\Tableau 2026.2\Local\Maps\IN\normal\5\20\25.png","177"
"C:\Program Files\Tableau\Tableau 2026.2\Local\Maps\IN\normal\5\20\26.png","177"
"C:\Program Files\Tableau\Tableau 2026.2\Local\Maps\IN\normal\5\20\27.png","177"
"C:\Program Files\Tableau\Tableau 2026.2\Local\Maps\IN\normal\5\20\28.png","177"
"C:\Program Files\Tableau\Tableau 2026.2\Local\Maps\IN\normal\5\20\29.png","177"
"C:\Program Files\Tableau\Tableau 2026.2\Local\Maps\IN\normal\5\20\3.png","3352"
"C:\Program Files\Tableau\Tableau 2026.2\Local\Maps\IN\normal\5\20\30.png","177"
"C:\Program Files\Tableau\Tableau 2026.2\Local\Maps\IN\normal\5\20\31.png","252"
"C:\Program Files\Tableau\Tableau 2026.2\Local\Maps\IN\normal\5\20\4.png","103"
"C:\Program Files\Tableau\Tableau 2026.2\Local\Maps\IN\normal\5\20\5.png","775"
"C:\Program Files\Tableau\Tableau 2026.2\Local\Maps\IN\normal\5\20\6.png","2346"
"C:\Program Files\Tableau\Tableau 2026.2\Local\Maps\IN\normal\5\20\7.png","2603"
"C:\Program Files\Tableau\Tableau 2026.2\Local\Maps\IN\normal\5\20\8.png","3133"
"C:\Program Files\Tableau\Tableau 2026.2\Local\Maps\IN\normal\5\20\9.png","9589"
"C:\Program Files\Tableau\Tableau 2026.2\Local\Maps\IN\normal\5\21\0.png","103"
"C:\Program Files\Tableau\Tableau 2026.2\Local\Maps\IN\normal\5\21\1.png","103"
"C:\Program Files\Tableau\Tableau 2026.2\Local\Maps\IN\normal\5\21\10.png","9355"
"C:\Program Files\Tableau\Tableau 2026.2\Local\Maps\IN\normal\5\21\11.png","8660"
"C:\Program Files\Tableau\Tableau 2026.2\Local\Maps\IN\normal\5\21\12.png","14020"
"C:\Program Files\Tableau\Tableau 2026.2\Local\Maps\IN\normal\5\21\13.png","8366"
"C:\Program Files\Tableau\Tableau 2026.2\Local\Maps\IN\normal\5\21\14.png","1206"
"C:\Program Files\Tableau\Tableau 2026.2\Local\Maps\IN\normal\5\21\15.png","103"
"C:\Program Files\Tableau\Tableau 2026.2\Local\Maps\IN\normal\5\21\16.png","262"
"C:\Program Files\Tableau\Tableau 2026.2\Local\Maps\IN\normal\5\21\17.png","547"
"C:\Program Files\Tableau\Tableau 2026.2\Local\Maps\IN\normal\5\21\18.png","103"
"C:\Program Files\Tableau\Tableau 2026.2\Local\Maps\IN\normal\5\21\19.png","103"
"C:\Program Files\Tableau\Tableau 2026.2\Local\Maps\IN\normal\5\21\2.png","1628"
"C:\Program Files\Tableau\Tableau 2026.2\Local\Maps\IN\normal\5\21\20.png","103"
"C:\Program Files\Tableau\Tableau 2026.2\Local\Maps\IN\normal\5\21\21.png","103"
"C:\Program Files\Tableau\Tableau 2026.2\Local\Maps\IN\normal\5\21\22.png","103"
"C:\Program Files\Tableau\Tableau 2026.2\Local\Maps\IN\normal\5\21\23.png","420"
"C:\Program Files\Tableau\Tableau 2026.2\Local\Maps\IN\normal\5\21\24.png","1108"
"C:\Program Files\Tableau\Tableau 2026.2\Local\Maps\IN\normal\5\21\25.png","641"
"C:\Program Files\Tableau\Tableau 2026.2\Local\Maps\IN\normal\5\21\26.png","177"
"C:\Program Files\Tableau\Tableau 2026.2\Local\Maps\IN\normal\5\21\27.png","177"
"C:\Program Files\Tableau\Tableau 2026.2\Local\Maps\IN\normal\5\21\28.png","177"
"C:\Program Files\Tableau\Tableau 2026.2\Local\Maps\IN\normal\5\21\29.png","177"
"C:\Program Files\Tableau\Tableau 2026.2\Local\Maps\IN\normal\5\21\3.png","2553"
"C:\Program Files\Tableau\Tableau 2026.2\Local\Maps\IN\normal\5\21\30.png","177"
"C:\Program Files\Tableau\Tableau 2026.2\Local\Maps\IN\normal\5\21\31.png","252"
"C:\Program Files\Tableau\Tableau 2026.2\Local\Maps\IN\normal\5\21\4.png","428"
"C:\Program Files\Tableau\Tableau 2026.2\Local\Maps\IN\normal\5\21\5.png","2320"
"C:\Program Files\Tableau\Tableau 2026.2\Local\Maps\IN\normal\5\21\6.png","1203"
"C:\Program Files\Tableau\Tableau 2026.2\Local\Maps\IN\normal\5\21\7.png","4255"
"C:\Program Files\Tableau\Tableau 2026.2\Local\Maps\IN\normal\5\21\8.png","3633"
"C:\Program Files\Tableau\Tableau 2026.2\Local\Maps\IN\normal\5\21\9.png","6469"
"C:\Program Files\Tableau\Tableau 2026.2\Local\Maps\IN\normal\5\22\0.png","103"
"C:\Program Files\Tableau\Tableau 2026.2\Local\Maps\IN\normal\5\22\1.png","103"
"C:\Program Files\Tableau\Tableau 2026.2\Local\Maps\IN\normal\5\22\10.png","8976"
"C:\Program Files\Tableau\Tableau 2026.2\Local\Maps\IN\normal\5\22\11.png","8627"
"C:\Program Files\Tableau\Tableau 2026.2\Local\Maps\IN\normal\5\22\12.png","18041"
"C:\Program Files\Tableau\Tableau 2026.2\Local\Maps\IN\normal\5\22\13.png","10187"
"C:\Program Files\Tableau\Tableau 2026.2\Local\Maps\IN\normal\5\22\14.png","5480"
"C:\Program Files\Tableau\Tableau 2026.2\Local\Maps\IN\normal\5\22\15.png","1560"
"C:\Program Files\Tableau\Tableau 2026.2\Local\Maps\IN\normal\5\22\16.png","324"
"C:\Program Files\Tableau\Tableau 2026.2\Local\Maps\IN\normal\5\22\17.png","103"
"C:\Program Files\Tableau\Tableau 2026.2\Local\Maps\IN\normal\5\22\18.png","103"
"C:\Program Files\Tableau\Tableau 2026.2\Local\Maps\IN\normal\5\22\19.png","281"
"C:\Program Files\Tableau\Tableau 2026.2\Local\Maps\IN\normal\5\22\2.png","103"
"C:\Program Files\Tableau\Tableau 2026.2\Local\Maps\IN\normal\5\22\20.png","467"
"C:\Program Files\Tableau\Tableau 2026.2\Local\Maps\IN\normal\5\22\21.png","850"
"C:\Program Files\Tableau\Tableau 2026.2\Local\Maps\IN\normal\5\22\22.png","103"
"C:\Program Files\Tableau\Tableau 2026.2\Local\Maps\IN\normal\5\22\23.png","103"
"C:\Program Files\Tableau\Tableau 2026.2\Local\Maps\IN\normal\5\22\24.png","1814"
"C:\Program Files\Tableau\Tableau 2026.2\Local\Maps\IN\normal\5\22\25.png","1332"
"C:\Program Files\Tableau\Tableau 2026.2\Local\Maps\IN\normal\5\22\26.png","177"
"C:\Program Files\Tableau\Tableau 2026.2\Local\Maps\IN\normal\5\22\27.png","177"
"C:\Program Files\Tableau\Tableau 2026.2\Local\Maps\IN\normal\5\22\28.png","177"
"C:\Program Files\Tableau\Tableau 2026.2\Local\Maps\IN\normal\5\22\29.png","177"
"C:\Program Files\Tableau\Tableau 2026.2\Local\Maps\IN\normal\5\22\3.png","542"
"C:\Program Files\Tableau\Tableau 2026.2\Local\Maps\IN\normal\5\22\30.png","177"
"C:\Program Files\Tableau\Tableau 2026.2\Local\Maps\IN\normal\5\22\31.png","252"
"C:\Program Files\Tableau\Tableau 2026.2\Local\Maps\IN\normal\5\22\4.png","440"
"C:\Program Files\Tableau\Tableau 2026.2\Local\Maps\IN\normal\5\22\5.png","543"
"C:\Program Files\Tableau\Tableau 2026.2\Local\Maps\IN\normal\5\22\6.png","3257"
"C:\Program Files\Tableau\Tableau 2026.2\Local\Maps\IN\normal\5\22\7.png","3227"
"C:\Program Files\Tableau\Tableau 2026.2\Local\Maps\IN\normal\5\22\8.png","2215"
"C:\Program Files\Tableau\Tableau 2026.2\Local\Maps\IN\normal\5\22\9.png","4984"
"C:\Program Files\Tableau\Tableau 2026.2\Local\Maps\IN\normal\5\23\0.png","103"
"C:\Program Files\Tableau\Tableau 2026.2\Local\Maps\IN\normal\5\23\1.png","103"
"C:\Program Files\Tableau\Tableau 2026.2\Local\Maps\IN\normal\5\23\10.png","8838"
"C:\Program Files\Tableau\Tableau 2026.2\Local\Maps\IN\normal\5\23\11.png","6345"
"C:\Program Files\Tableau\Tableau 2026.2\Local\Maps\IN\normal\5\23\12.png","3718"
"C:\Program Files\Tableau\Tableau 2026.2\Local\Maps\IN\normal\5\23\13.png","14147"
"C:\Program Files\Tableau\Tableau 2026.2\Local\Maps\IN\normal\5\23\14.png","4198"
"C:\Program Files\Tableau\Tableau 2026.2\Local\Maps\IN\normal\5\23\15.png","2279"
"C:\Program Files\Tableau\Tableau 2026.2\Local\Maps\IN\normal\5\23\16.png","103"
"C:\Program Files\Tableau\Tableau 2026.2\Local\Maps\IN\normal\5\23\17.png","103"
"C:\Program Files\Tableau\Tableau 2026.2\Local\Maps\IN\normal\5\23\18.png","103"
"C:\Program Files\Tableau\Tableau 2026.2\Local\Maps\IN\normal\5\23\19.png","103"
"C:\Program Files\Tableau\Tableau 2026.2\Local\Maps\IN\normal\5\23\2.png","293"
"C:\Program Files\Tableau\Tableau 2026.2\Local\Maps\IN\normal\5\23\20.png","103"
"C:\Program Files\Tableau\Tableau 2026.2\Local\Maps\IN\normal\5\23\21.png","103"
"C:\Program Files\Tableau\Tableau 2026.2\Local\Maps\IN\normal\5\23\22.png","103"
"C:\Program Files\Tableau\Tableau 2026.2\Local\Maps\IN\normal\5\23\23.png","167"
"C:\Program Files\Tableau\Tableau 2026.2\Local\Maps\IN\normal\5\23\24.png","1090"
"C:\Program Files\Tableau\Tableau 2026.2\Local\Maps\IN\normal\5\23\25.png","177"
"C:\Program Files\Tableau\Tableau 2026.2\Local\Maps\IN\normal\5\23\26.png","177"
"C:\Program Files\Tableau\Tableau 2026.2\Local\Maps\IN\normal\5\23\27.png","177"
"C:\Program Files\Tableau\Tableau 2026.2\Local\Maps\IN\normal\5\23\28.png","177"
"C:\Program Files\Tableau\Tableau 2026.2\Local\Maps\IN\normal\5\23\29.png","177"
"C:\Program Files\Tableau\Tableau 2026.2\Local\Maps\IN\normal\5\23\3.png","531"
"C:\Program Files\Tableau\Tableau 2026.2\Local\Maps\IN\normal\5\23\30.png","177"
"C:\Program Files\Tableau\Tableau 2026.2\Local\Maps\IN\normal\5\23\31.png","252"
"C:\Program Files\Tableau\Tableau 2026.2\Local\Maps\IN\normal\5\23\4.png","562"
"C:\Program Files\Tableau\Tableau 2026.2\Local\Maps\IN\normal\5\23\5.png","2010"
"C:\Program Files\Tableau\Tableau 2026.2\Local\Maps\IN\normal\5\23\6.png","3295"
"C:\Program Files\Tableau\Tableau 2026.2\Local\Maps\IN\normal\5\23\7.png","4208"
"C:\Program Files\Tableau\Tableau 2026.2\Local\Maps\IN\normal\5\23\8.png","3081"
"C:\Program Files\Tableau\Tableau 2026.2\Local\Maps\IN\normal\5\23\9.png","4372"
"C:\Program Files\Tableau\Tableau 2026.2\Local\Maps\IN\normal\5\24\0.png","103"
"C:\Program Files\Tableau\Tableau 2026.2\Local\Maps\IN\normal\5\24\1.png","103"
"C:\Program Files\Tableau\Tableau 2026.2\Local\Maps\IN\normal\5\24\10.png","7854"
"C:\Program Files\Tableau\Tableau 2026.2\Local\Maps\IN\normal\5\24\11.png","8059"
"C:\Program Files\Tableau\Tableau 2026.2\Local\Maps\IN\normal\5\24\12.png","5746"
"C:\Program Files\Tableau\Tableau 2026.2\Local\Maps\IN\normal\5\24\13.png","14294"
"C:\Program Files\Tableau\Tableau 2026.2\Local\Maps\IN\normal\5\24\14.png","14067"
"C:\Program Files\Tableau\Tableau 2026.2\Local\Maps\IN\normal\5\24\15.png","5348"
"C:\Program Files\Tableau\Tableau 2026.2\Local\Maps\IN\normal\5\24\16.png","1083"
"C:\Program Files\Tableau\Tableau 2026.2\Local\Maps\IN\normal\5\24\17.png","179"
"C:\Program Files\Tableau\Tableau 2026.2\Local\Maps\IN\normal\5\24\18.png","103"
"C:\Program Files\Tableau\Tableau 2026.2\Local\Maps\IN\normal\5\24\19.png","103"
"C:\Program Files\Tableau\Tableau 2026.2\Local\Maps\IN\normal\5\24\2.png","686"
"C:\Program Files\Tableau\Tableau 2026.2\Local\Maps\IN\normal\5\24\20.png","103"
"C:\Program Files\Tableau\Tableau 2026.2\Local\Maps\IN\normal\5\24\21.png","103"
"C:\Program Files\Tableau\Tableau 2026.2\Local\Maps\IN\normal\5\24\22.png","103"
"C:\Program Files\Tableau\Tableau 2026.2\Local\Maps\IN\normal\5\24\23.png","973"
"C:\Program Files\Tableau\Tableau 2026.2\Local\Maps\IN\normal\5\24\24.png","886"
"C:\Program Files\Tableau\Tableau 2026.2\Local\Maps\IN\normal\5\24\25.png","177"
"C:\Program Files\Tableau\Tableau 2026.2\Local\Maps\IN\normal\5\24\26.png","177"
"C:\Program Files\Tableau\Tableau 2026.2\Local\Maps\IN\normal\5\24\27.png","177"
"C:\Program Files\Tableau\Tableau 2026.2\Local\Maps\IN\normal\5\24\28.png","177"
"C:\Program Files\Tableau\Tableau 2026.2\Local\Maps\IN\normal\5\24\29.png","177"
"C:\Program Files\Tableau\Tableau 2026.2\Local\Maps\IN\normal\5\24\3.png","3244"
"C:\Program Files\Tableau\Tableau 2026.2\Local\Maps\IN\normal\5\24\30.png","177"
"C:\Program Files\Tableau\Tableau 2026.2\Local\Maps\IN\normal\5\24\31.png","252"
"C:\Program Files\Tableau\Tableau 2026.2\Local\Maps\IN\normal\5\24\4.png","1582"
"C:\Program Files\Tableau\Tableau 2026.2\Local\Maps\IN\normal\5\24\5.png","2979"
"C:\Program Files\Tableau\Tableau 2026.2\Local\Maps\IN\normal\5\24\6.png","888"
"C:\Program Files\Tableau\Tableau 2026.2\Local\Maps\IN\normal\5\24\7.png","2017"
"C:\Program Files\Tableau\Tableau 2026.2\Local\Maps\IN\normal\5\24\8.png","317"
"C:\Program Files\Tableau\Tableau 2026.2\Local\Maps\IN\normal\5\24\9.png","1574"
"C:\Program Files\Tableau\Tableau 2026.2\Local\Maps\IN\normal\5\25\0.png","103"
"C:\Program Files\Tableau\Tableau 2026.2\Local\Maps\IN\normal\5\25\1.png","103"
"C:\Program Files\Tableau\Tableau 2026.2\Local\Maps\IN\normal\5\25\10.png","8293"
"C:\Program Files\Tableau\Tableau 2026.2\Local\Maps\IN\normal\5\25\11.png","8016"
"C:\Program Files\Tableau\Tableau 2026.2\Local\Maps\IN\normal\5\25\12.png","8285"
"C:\Program Files\Tableau\Tableau 2026.2\Local\Maps\IN\normal\5\25\13.png","9094"
"C:\Program Files\Tableau\Tableau 2026.2\Local\Maps\IN\normal\5\25\14.png","19246"
"C:\Program Files\Tableau\Tableau 2026.2\Local\Maps\IN\normal\5\25\15.png","6372"
"C:\Program Files\Tableau\Tableau 2026.2\Local\Maps\IN\normal\5\25\16.png","4995"
"C:\Program Files\Tableau\Tableau 2026.2\Local\Maps\IN\normal\5\25\17.png","103"
"C:\Program Files\Tableau\Tableau 2026.2\Local\Maps\IN\normal\5\25\18.png","103"
"C:\Program Files\Tableau\Tableau 2026.2\Local\Maps\IN\normal\5\25\19.png","103"
"C:\Program Files\Tableau\Tableau 2026.2\Local\Maps\IN\normal\5\25\2.png","103"
"C:\Program Files\Tableau\Tableau 2026.2\Local\Maps\IN\normal\5\25\20.png","103"
"C:\Program Files\Tableau\Tableau 2026.2\Local\Maps\IN\normal\5\25\21.png","103"
"C:\Program Files\Tableau\Tableau 2026.2\Local\Maps\IN\normal\5\25\22.png","103"
"C:\Program Files\Tableau\Tableau 2026.2\Local\Maps\IN\normal\5\25\23.png","857"
"C:\Program Files\Tableau\Tableau 2026.2\Local\Maps\IN\normal\5\25\24.png","647"
"C:\Program Files\Tableau\Tableau 2026.2\Local\Maps\IN\normal\5\25\25.png","177"
"C:\Program Files\Tableau\Tableau 2026.2\Local\Maps\IN\normal\5\25\26.png","177"
"C:\Program Files\Tableau\Tableau 2026.2\Local\Maps\IN\normal\5\25\27.png","177"
"C:\Program Files\Tableau\Tableau 2026.2\Local\Maps\IN\normal\5\25\28.png","177"
"C:\Program Files\Tableau\Tableau 2026.2\Local\Maps\IN\normal\5\25\29.png","177"
"C:\Program Files\Tableau\Tableau 2026.2\Local\Maps\IN\normal\5\25\3.png","605"
"C:\Program Files\Tableau\Tableau 2026.2\Local\Maps\IN\normal\5\25\30.png","177"
"C:\Program Files\Tableau\Tableau 2026.2\Local\Maps\IN\normal\5\25\31.png","252"
"C:\Program Files\Tableau\Tableau 2026.2\Local\Maps\IN\normal\5\25\4.png","2072"
"C:\Program Files\Tableau\Tableau 2026.2\Local\Maps\IN\normal\5\25\5.png","2415"
"C:\Program Files\Tableau\Tableau 2026.2\Local\Maps\IN\normal\5\25\6.png","2879"
"C:\Program Files\Tableau\Tableau 2026.2\Local\Maps\IN\normal\5\25\7.png","1952"
"C:\Program Files\Tableau\Tableau 2026.2\Local\Maps\IN\normal\5\25\8.png","4656"
"C:\Program Files\Tableau\Tableau 2026.2\Local\Maps\IN\normal\5\25\9.png","4870"
"C:\Program Files\Tableau\Tableau 2026.2\Local\Maps\IN\normal\5\26\0.png","103"
"C:\Program Files\Tableau\Tableau 2026.2\Local\Maps\IN\normal\5\26\1.png","103"
"C:\Program Files\Tableau\Tableau 2026.2\Local\Maps\IN\normal\5\26\10.png","6107"
"C:\Program Files\Tableau\Tableau 2026.2\Local\Maps\IN\normal\5\26\11.png","7072"
"C:\Program Files\Tableau\Tableau 2026.2\Local\Maps\IN\normal\5\26\12.png","8236"
"C:\Program Files\Tableau\Tableau 2026.2\Local\Maps\IN\normal\5\26\13.png","9223"
"C:\Program Files\Tableau\Tableau 2026.2\Local\Maps\IN\normal\5\26\14.png","3754"
"C:\Program Files\Tableau\Tableau 2026.2\Local\Maps\IN\normal\5\26\15.png","6739"
"C:\Program Files\Tableau\Tableau 2026.2\Local\Maps\IN\normal\5\26\16.png","5824"
"C:\Program Files\Tableau\Tableau 2026.2\Local\Maps\IN\normal\5\26\17.png","1094"
"C:\Program Files\Tableau\Tableau 2026.2\Local\Maps\IN\normal\5\26\18.png","2287"
"C:\Program Files\Tableau\Tableau 2026.2\Local\Maps\IN\normal\5\26\19.png","1010"
"C:\Program Files\Tableau\Tableau 2026.2\Local\Maps\IN\normal\5\26\2.png","103"
"C:\Program Files\Tableau\Tableau 2026.2\Local\Maps\IN\normal\5\26\20.png","103"
"C:\Program Files\Tableau\Tableau 2026.2\Local\Maps\IN\normal\5\26\21.png","103"
"C:\Program Files\Tableau\Tableau 2026.2\Local\Maps\IN\normal\5\26\22.png","103"
"C:\Program Files\Tableau\Tableau 2026.2\Local\Maps\IN\normal\5\26\23.png","548"
"C:\Program Files\Tableau\Tableau 2026.2\Local\Maps\IN\normal\5\26\24.png","1226"
"C:\Program Files\Tableau\Tableau 2026.2\Local\Maps\IN\normal\5\26\25.png","177"
"C:\Program Files\Tableau\Tableau 2026.2\Local\Maps\IN\normal\5\26\26.png","177"
"C:\Program Files\Tableau\Tableau 2026.2\Local\Maps\IN\normal\5\26\27.png","177"
"C:\Program Files\Tableau\Tableau 2026.2\Local\Maps\IN\normal\5\26\28.png","177"
"C:\Program Files\Tableau\Tableau 2026.2\Local\Maps\IN\normal\5\26\29.png","177"
"C:\Program Files\Tableau\Tableau 2026.2\Local\Maps\IN\normal\5\26\3.png","103"
"C:\Program Files\Tableau\Tableau 2026.2\Local\Maps\IN\normal\5\26\30.png","177"
"C:\Program Files\Tableau\Tableau 2026.2\Local\Maps\IN\normal\5\26\31.png","252"
"C:\Program Files\Tableau\Tableau 2026.2\Local\Maps\IN\normal\5\26\4.png","103"
"C:\Program Files\Tableau\Tableau 2026.2\Local\Maps\IN\normal\5\26\5.png","1232"
"C:\Program Files\Tableau\Tableau 2026.2\Local\Maps\IN\normal\5\26\6.png","1738"
"C:\Program Files\Tableau\Tableau 2026.2\Local\Maps\IN\normal\5\26\7.png","177"
"C:\Program Files\Tableau\Tableau 2026.2\Local\Maps\IN\normal\5\26\8.png","264"
"C:\Program Files\Tableau\Tableau 2026.2\Local\Maps\IN\normal\5\26\9.png","4699"
"C:\Program Files\Tableau\Tableau 2026.2\Local\Maps\IN\normal\5\27\0.png","103"
"C:\Program Files\Tableau\Tableau 2026.2\Local\Maps\IN\normal\5\27\1.png","103"
"C:\Program Files\Tableau\Tableau 2026.2\Local\Maps\IN\normal\5\27\10.png","7370"
"C:\Program Files\Tableau\Tableau 2026.2\Local\Maps\IN\normal\5\27\11.png","8127"
"C:\Program Files\Tableau\Tableau 2026.2\Local\Maps\IN\normal\5\27\12.png","9642"
"C:\Program Files\Tableau\Tableau 2026.2\Local\Maps\IN\normal\5\27\13.png","1279"
"C:\Program Files\Tableau\Tableau 2026.2\Local\Maps\IN\normal\5\27\14.png","951"
"C:\Program Files\Tableau\Tableau 2026.2\Local\Maps\IN\normal\5\27\15.png","3588"
"C:\Program Files\Tableau\Tableau 2026.2\Local\Maps\IN\normal\5\27\16.png","4594"
"C:\Program Files\Tableau\Tableau 2026.2\Local\Maps\IN\normal\5\27\17.png","2123"
"C:\Program Files\Tableau\Tableau 2026.2\Local\Maps\IN\normal\5\27\18.png","1144"
"C:\Program Files\Tableau\Tableau 2026.2\Local\Maps\IN\normal\5\27\19.png","785"
"C:\Program Files\Tableau\Tableau 2026.2\Local\Maps\IN\normal\5\27\2.png","103"
"C:\Program Files\Tableau\Tableau 2026.2\Local\Maps\IN\normal\5\27\20.png","103"
"C:\Program Files\Tableau\Tableau 2026.2\Local\Maps\IN\normal\5\27\21.png","103"
"C:\Program Files\Tableau\Tableau 2026.2\Local\Maps\IN\normal\5\27\22.png","103"
"C:\Program Files\Tableau\Tableau 2026.2\Local\Maps\IN\normal\5\27\23.png","773"
"C:\Program Files\Tableau\Tableau 2026.2\Local\Maps\IN\normal\5\27\24.png","817"
"C:\Program Files\Tableau\Tableau 2026.2\Local\Maps\IN\normal\5\27\25.png","177"
"C:\Program Files\Tableau\Tableau 2026.2\Local\Maps\IN\normal\5\27\26.png","177"
"C:\Program Files\Tableau\Tableau 2026.2\Local\Maps\IN\normal\5\27\27.png","177"
"C:\Program Files\Tableau\Tableau 2026.2\Local\Maps\IN\normal\5\27\28.png","177"
"C:\Program Files\Tableau\Tableau 2026.2\Local\Maps\IN\normal\5\27\29.png","177"
"C:\Program Files\Tableau\Tableau 2026.2\Local\Maps\IN\normal\5\27\3.png","103"
"C:\Program Files\Tableau\Tableau 2026.2\Local\Maps\IN\normal\5\27\30.png","177"
"C:\Program Files\Tableau\Tableau 2026.2\Local\Maps\IN\normal\5\27\31.png","252"
"C:\Program Files\Tableau\Tableau 2026.2\Local\Maps\IN\normal\5\27\4.png","103"
"C:\Program Files\Tableau\Tableau 2026.2\Local\Maps\IN\normal\5\27\5.png","103"
"C:\Program Files\Tableau\Tableau 2026.2\Local\Maps\IN\normal\5\27\6.png","2362"
"C:\Program Files\Tableau\Tableau 2026.2\Local\Maps\IN\normal\5\27\7.png","177"
"C:\Program Files\Tableau\Tableau 2026.2\Local\Maps\IN\normal\5\27\8.png","177"
"C:\Program Files\Tableau\Tableau 2026.2\Local\Maps\IN\normal\5\27\9.png","2026"
"C:\Program Files\Tableau\Tableau 2026.2\Local\Maps\IN\normal\5\28\0.png","103"
"C:\Program Files\Tableau\Tableau 2026.2\Local\Maps\IN\normal\5\28\1.png","103"
"C:\Program Files\Tableau\Tableau 2026.2\Local\Maps\IN\normal\5\28\10.png","3424"
"C:\Program Files\Tableau\Tableau 2026.2\Local\Maps\IN\normal\5\28\11.png","3975"
"C:\Program Files\Tableau\Tableau 2026.2\Local\Maps\IN\normal\5\28\12.png","6265"
"C:\Program Files\Tableau\Tableau 2026.2\Local\Maps\IN\normal\5\28\13.png","344"
"C:\Program Files\Tableau\Tableau 2026.2\Local\Maps\IN\normal\5\28\14.png","532"
"C:\Program Files\Tableau\Tableau 2026.2\Local\Maps\IN\normal\5\28\15.png","293"
"C:\Program Files\Tableau\Tableau 2026.2\Local\Maps\IN\normal\5\28\16.png","5061"
"C:\Program Files\Tableau\Tableau 2026.2\Local\Maps\IN\normal\5\28\17.png","2401"
"C:\Program Files\Tableau\Tableau 2026.2\Local\Maps\IN\normal\5\28\18.png","1697"
"C:\Program Files\Tableau\Tableau 2026.2\Local\Maps\IN\normal\5\28\19.png","3338"
"C:\Program Files\Tableau\Tableau 2026.2\Local\Maps\IN\normal\5\28\2.png","103"
"C:\Program Files\Tableau\Tableau 2026.2\Local\Maps\IN\normal\5\28\20.png","736"
"C:\Program Files\Tableau\Tableau 2026.2\Local\Maps\IN\normal\5\28\21.png","103"
"C:\Program Files\Tableau\Tableau 2026.2\Local\Maps\IN\normal\5\28\22.png","103"
"C:\Program Files\Tableau\Tableau 2026.2\Local\Maps\IN\normal\5\28\23.png","581"
"C:\Program Files\Tableau\Tableau 2026.2\Local\Maps\IN\normal\5\28\24.png","1065"
"C:\Program Files\Tableau\Tableau 2026.2\Local\Maps\IN\normal\5\28\25.png","177"
"C:\Program Files\Tableau\Tableau 2026.2\Local\Maps\IN\normal\5\28\26.png","177"
"C:\Program Files\Tableau\Tableau 2026.2\Local\Maps\IN\normal\5\28\27.png","177"
"C:\Program Files\Tableau\Tableau 2026.2\Local\Maps\IN\normal\5\28\28.png","177"
"C:\Program Files\Tableau\Tableau 2026.2\Local\Maps\IN\normal\5\28\29.png","177"
"C:\Program Files\Tableau\Tableau 2026.2\Local\Maps\IN\normal\5\28\3.png","103"
"C:\Program Files\Tableau\Tableau 2026.2\Local\Maps\IN\normal\5\28\30.png","177"
"C:\Program Files\Tableau\Tableau 2026.2\Local\Maps\IN\normal\5\28\31.png","252"
"C:\Program Files\Tableau\Tableau 2026.2\Local\Maps\IN\normal\5\28\4.png","103"
"C:\Program Files\Tableau\Tableau 2026.2\Local\Maps\IN\normal\5\28\5.png","2556"
"C:\Program Files\Tableau\Tableau 2026.2\Local\Maps\IN\normal\5\28\6.png","2563"
"C:\Program Files\Tableau\Tableau 2026.2\Local\Maps\IN\normal\5\28\7.png","177"
"C:\Program Files\Tableau\Tableau 2026.2\Local\Maps\IN\normal\5\28\8.png","2170"
"C:\Program Files\Tableau\Tableau 2026.2\Local\Maps\IN\normal\5\28\9.png","2222"
"C:\Program Files\Tableau\Tableau 2026.2\Local\Maps\IN\normal\5\29\0.png","103"
"C:\Program Files\Tableau\Tableau 2026.2\Local\Maps\IN\normal\5\29\1.png","103"
"C:\Program Files\Tableau\Tableau 2026.2\Local\Maps\IN\normal\5\29\10.png","1041"
"C:\Program Files\Tableau\Tableau 2026.2\Local\Maps\IN\normal\5\29\11.png","989"
"C:\Program Files\Tableau\Tableau 2026.2\Local\Maps\IN\normal\5\29\12.png","103"
"C:\Program Files\Tableau\Tableau 2026.2\Local\Maps\IN\normal\5\29\13.png","173"
"C:\Program Files\Tableau\Tableau 2026.2\Local\Maps\IN\normal\5\29\14.png","103"
"C:\Program Files\Tableau\Tableau 2026.2\Local\Maps\IN\normal\5\29\15.png","333"
"C:\Program Files\Tableau\Tableau 2026.2\Local\Maps\IN\normal\5\29\16.png","4141"
"C:\Program Files\Tableau\Tableau 2026.2\Local\Maps\IN\normal\5\29\17.png","881"
"C:\Program Files\Tableau\Tableau 2026.2\Local\Maps\IN\normal\5\29\18.png","1991"
"C:\Program Files\Tableau\Tableau 2026.2\Local\Maps\IN\normal\5\29\19.png","2017"
"C:\Program Files\Tableau\Tableau 2026.2\Local\Maps\IN\normal\5\29\2.png","103"
"C:\Program Files\Tableau\Tableau 2026.2\Local\Maps\IN\normal\5\29\20.png","896"
"C:\Program Files\Tableau\Tableau 2026.2\Local\Maps\IN\normal\5\29\21.png","103"
"C:\Program Files\Tableau\Tableau 2026.2\Local\Maps\IN\normal\5\29\22.png","103"
"C:\Program Files\Tableau\Tableau 2026.2\Local\Maps\IN\normal\5\29\23.png","103"
"C:\Program Files\Tableau\Tableau 2026.2\Local\Maps\IN\normal\5\29\24.png","1365"
"C:\Program Files\Tableau\Tableau 2026.2\Local\Maps\IN\normal\5\29\25.png","177"
"C:\Program Files\Tableau\Tableau 2026.2\Local\Maps\IN\normal\5\29\26.png","177"
"C:\Program Files\Tableau\Tableau 2026.2\Local\Maps\IN\normal\5\29\27.png","177"
"C:\Program Files\Tableau\Tableau 2026.2\Local\Maps\IN\normal\5\29\28.png","177"
"C:\Program Files\Tableau\Tableau 2026.2\Local\Maps\IN\normal\5\29\29.png","177"
"C:\Program Files\Tableau\Tableau 2026.2\Local\Maps\IN\normal\5\29\3.png","103"
"C:\Program Files\Tableau\Tableau 2026.2\Local\Maps\IN\normal\5\29\30.png","177"
"C:\Program Files\Tableau\Tableau 2026.2\Local\Maps\IN\normal\5\29\31.png","252"
"C:\Program Files\Tableau\Tableau 2026.2\Local\Maps\IN\normal\5\29\4.png","283"
"C:\Program Files\Tableau\Tableau 2026.2\Local\Maps\IN\normal\5\29\5.png","1084"
"C:\Program Files\Tableau\Tableau 2026.2\Local\Maps\IN\normal\5\29\6.png","1490"
"C:\Program Files\Tableau\Tableau 2026.2\Local\Maps\IN\normal\5\29\7.png","726"
"C:\Program Files\Tableau\Tableau 2026.2\Local\Maps\IN\normal\5\29\8.png","2629"
"C:\Program Files\Tableau\Tableau 2026.2\Local\Maps\IN\normal\5\29\9.png","2269"
"C:\Program Files\Tableau\Tableau 2026.2\Local\Maps\IN\normal\5\3\0.png","103"
"C:\Program Files\Tableau\Tableau 2026.2\Local\Maps\IN\normal\5\3\1.png","103"
"C:\Program Files\Tableau\Tableau 2026.2\Local\Maps\IN\normal\5\3\10.png","103"
"C:\Program Files\Tableau\Tableau 2026.2\Local\Maps\IN\normal\5\3\11.png","103"
"C:\Program Files\Tableau\Tableau 2026.2\Local\Maps\IN\normal\5\3\12.png","103"
"C:\Program Files\Tableau\Tableau 2026.2\Local\Maps\IN\normal\5\3\13.png","103"
"C:\Program Files\Tableau\Tableau 2026.2\Local\Maps\IN\normal\5\3\14.png","103"
"C:\Program Files\Tableau\Tableau 2026.2\Local\Maps\IN\normal\5\3\15.png","103"
"C:\Program Files\Tableau\Tableau 2026.2\Local\Maps\IN\normal\5\3\16.png","487"
"C:\Program Files\Tableau\Tableau 2026.2\Local\Maps\IN\normal\5\3\17.png","664"
"C:\Program Files\Tableau\Tableau 2026.2\Local\Maps\IN\normal\5\3\18.png","274"
"C:\Program Files\Tableau\Tableau 2026.2\Local\Maps\IN\normal\5\3\19.png","103"
"C:\Program Files\Tableau\Tableau 2026.2\Local\Maps\IN\normal\5\3\2.png","103"
"C:\Program Files\Tableau\Tableau 2026.2\Local\Maps\IN\normal\5\3\20.png","103"
"C:\Program Files\Tableau\Tableau 2026.2\Local\Maps\IN\normal\5\3\21.png","103"
"C:\Program Files\Tableau\Tableau 2026.2\Local\Maps\IN\normal\5\3\22.png","103"
"C:\Program Files\Tableau\Tableau 2026.2\Local\Maps\IN\normal\5\3\23.png","103"
"C:\Program Files\Tableau\Tableau 2026.2\Local\Maps\IN\normal\5\3\24.png","103"
"C:\Program Files\Tableau\Tableau 2026.2\Local\Maps\IN\normal\5\3\25.png","103"
"C:\Program Files\Tableau\Tableau 2026.2\Local\Maps\IN\normal\5\3\26.png","1379"
"C:\Program Files\Tableau\Tableau 2026.2\Local\Maps\IN\normal\5\3\27.png","709"
"C:\Program Files\Tableau\Tableau 2026.2\Local\Maps\IN\normal\5\3\28.png","177"
"C:\Program Files\Tableau\Tableau 2026.2\Local\Maps\IN\normal\5\3\29.png","177"
"C:\Program Files\Tableau\Tableau 2026.2\Local\Maps\IN\normal\5\3\3.png","103"
"C:\Program Files\Tableau\Tableau 2026.2\Local\Maps\IN\normal\5\3\30.png","177"
"C:\Program Files\Tableau\Tableau 2026.2\Local\Maps\IN\normal\5\3\31.png","252"
"C:\Program Files\Tableau\Tableau 2026.2\Local\Maps\IN\normal\5\3\4.png","103"
"C:\Program Files\Tableau\Tableau 2026.2\Local\Maps\IN\normal\5\3\5.png","103"
"C:\Program Files\Tableau\Tableau 2026.2\Local\Maps\IN\normal\5\3\6.png","103"
"C:\Program Files\Tableau\Tableau 2026.2\Local\Maps\IN\normal\5\3\7.png","1712"
"C:\Program Files\Tableau\Tableau 2026.2\Local\Maps\IN\normal\5\3\8.png","524"
"C:\Program Files\Tableau\Tableau 2026.2\Local\Maps\IN\normal\5\3\9.png","4067"
"C:\Program Files\Tableau\Tableau 2026.2\Local\Maps\IN\normal\5\30\0.png","103"
"C:\Program Files\Tableau\Tableau 2026.2\Local\Maps\IN\normal\5\30\1.png","103"
"C:\Program Files\Tableau\Tableau 2026.2\Local\Maps\IN\normal\5\30\10.png","1143"
"C:\Program Files\Tableau\Tableau 2026.2\Local\Maps\IN\normal\5\30\11.png","103"
"C:\Program Files\Tableau\Tableau 2026.2\Local\Maps\IN\normal\5\30\12.png","103"
"C:\Program Files\Tableau\Tableau 2026.2\Local\Maps\IN\normal\5\30\13.png","103"
"C:\Program Files\Tableau\Tableau 2026.2\Local\Maps\IN\normal\5\30\14.png","264"
"C:\Program Files\Tableau\Tableau 2026.2\Local\Maps\IN\normal\5\30\15.png","459"
"C:\Program Files\Tableau\Tableau 2026.2\Local\Maps\IN\normal\5\30\16.png","1258"
"C:\Program Files\Tableau\Tableau 2026.2\Local\Maps\IN\normal\5\30\17.png","1766"
"C:\Program Files\Tableau\Tableau 2026.2\Local\Maps\IN\normal\5\30\18.png","510"
"C:\Program Files\Tableau\Tableau 2026.2\Local\Maps\IN\normal\5\30\19.png","103"
"C:\Program Files\Tableau\Tableau 2026.2\Local\Maps\IN\normal\5\30\2.png","103"
"C:\Program Files\Tableau\Tableau 2026.2\Local\Maps\IN\normal\5\30\20.png","1502"
"C:\Program Files\Tableau\Tableau 2026.2\Local\Maps\IN\normal\5\30\21.png","492"
"C:\Program Files\Tableau\Tableau 2026.2\Local\Maps\IN\normal\5\30\22.png","103"
"C:\Program Files\Tableau\Tableau 2026.2\Local\Maps\IN\normal\5\30\23.png","345"
"C:\Program Files\Tableau\Tableau 2026.2\Local\Maps\IN\normal\5\30\24.png","1148"
"C:\Program Files\Tableau\Tableau 2026.2\Local\Maps\IN\normal\5\30\25.png","1804"
"C:\Program Files\Tableau\Tableau 2026.2\Local\Maps\IN\normal\5\30\26.png","1593"
"C:\Program Files\Tableau\Tableau 2026.2\Local\Maps\IN\normal\5\30\27.png","2420"
"C:\Program Files\Tableau\Tableau 2026.2\Local\Maps\IN\normal\5\30\28.png","1484"
"C:\Program Files\Tableau\Tableau 2026.2\Local\Maps\IN\normal\5\30\29.png","1552"
"C:\Program Files\Tableau\Tableau 2026.2\Local\Maps\IN\normal\5\30\3.png","103"
"C:\Program Files\Tableau\Tableau 2026.2\Local\Maps\IN\normal\5\30\30.png","933"
"C:\Program Files\Tableau\Tableau 2026.2\Local\Maps\IN\normal\5\30\31.png","252"
"C:\Program Files\Tableau\Tableau 2026.2\Local\Maps\IN\normal\5\30\4.png","103"
"C:\Program Files\Tableau\Tableau 2026.2\Local\Maps\IN\normal\5\30\5.png","103"
"C:\Program Files\Tableau\Tableau 2026.2\Local\Maps\IN\normal\5\30\6.png","596"
"C:\Program Files\Tableau\Tableau 2026.2\Local\Maps\IN\normal\5\30\7.png","3261"
"C:\Program Files\Tableau\Tableau 2026.2\Local\Maps\IN\normal\5\30\8.png","3829"
"C:\Program Files\Tableau\Tableau 2026.2\Local\Maps\IN\normal\5\30\9.png","2542"
"C:\Program Files\Tableau\Tableau 2026.2\Local\Maps\IN\normal\5\31\0.png","103"
"C:\Program Files\Tableau\Tableau 2026.2\Local\Maps\IN\normal\5\31\1.png","103"
"C:\Program Files\Tableau\Tableau 2026.2\Local\Maps\IN\normal\5\31\10.png","743"
"C:\Program Files\Tableau\Tableau 2026.2\Local\Maps\IN\normal\5\31\11.png","103"
"C:\Program Files\Tableau\Tableau 2026.2\Local\Maps\IN\normal\5\31\12.png","103"
"C:\Program Files\Tableau\Tableau 2026.2\Local\Maps\IN\normal\5\31\13.png","103"
"C:\Program Files\Tableau\Tableau 2026.2\Local\Maps\IN\normal\5\31\14.png","168"
"C:\Program Files\Tableau\Tableau 2026.2\Local\Maps\IN\normal\5\31\15.png","441"
"C:\Program Files\Tableau\Tableau 2026.2\Local\Maps\IN\normal\5\31\16.png","419"
"C:\Program Files\Tableau\Tableau 2026.2\Local\Maps\IN\normal\5\31\17.png","1304"
"C:\Program Files\Tableau\Tableau 2026.2\Local\Maps\IN\normal\5\31\18.png","103"
"C:\Program Files\Tableau\Tableau 2026.2\Local\Maps\IN\normal\5\31\19.png","3767"
"C:\Program Files\Tableau\Tableau 2026.2\Local\Maps\IN\normal\5\31\2.png","103"
"C:\Program Files\Tableau\Tableau 2026.2\Local\Maps\IN\normal\5\31\20.png","3566"
"C:\Program Files\Tableau\Tableau 2026.2\Local\Maps\IN\normal\5\31\21.png","318"
"C:\Program Files\Tableau\Tableau 2026.2\Local\Maps\IN\normal\5\31\22.png","103"
"C:\Program Files\Tableau\Tableau 2026.2\Local\Maps\IN\normal\5\31\23.png","103"
"C:\Program Files\Tableau\Tableau 2026.2\Local\Maps\IN\normal\5\31\24.png","103"
"C:\Program Files\Tableau\Tableau 2026.2\Local\Maps\IN\normal\5\31\25.png","1227"
"C:\Program Files\Tableau\Tableau 2026.2\Local\Maps\IN\normal\5\31\26.png","103"
"C:\Program Files\Tableau\Tableau 2026.2\Local\Maps\IN\normal\5\31\27.png","360"
"C:\Program Files\Tableau\Tableau 2026.2\Local\Maps\IN\normal\5\31\28.png","103"
"C:\Program Files\Tableau\Tableau 2026.2\Local\Maps\IN\normal\5\31\29.png","103"
"C:\Program Files\Tableau\Tableau 2026.2\Local\Maps\IN\normal\5\31\3.png","103"
"C:\Program Files\Tableau\Tableau 2026.2\Local\Maps\IN\normal\5\31\30.png","1150"
"C:\Program Files\Tableau\Tableau 2026.2\Local\Maps\IN\normal\5\31\31.png","695"
"C:\Program Files\Tableau\Tableau 2026.2\Local\Maps\IN\normal\5\31\4.png","103"
"C:\Program Files\Tableau\Tableau 2026.2\Local\Maps\IN\normal\5\31\5.png","103"
"C:\Program Files\Tableau\Tableau 2026.2\Local\Maps\IN\normal\5\31\6.png","558"
"C:\Program Files\Tableau\Tableau 2026.2\Local\Maps\IN\normal\5\31\7.png","1445"
"C:\Program Files\Tableau\Tableau 2026.2\Local\Maps\IN\normal\5\31\8.png","3178"
"C:\Program Files\Tableau\Tableau 2026.2\Local\Maps\IN\normal\5\31\9.png","825"
"C:\Program Files\Tableau\Tableau 2026.2\Local\Maps\IN\normal\5\4\0.png","103"
"C:\Program Files\Tableau\Tableau 2026.2\Local\Maps\IN\normal\5\4\1.png","103"
"C:\Program Files\Tableau\Tableau 2026.2\Local\Maps\IN\normal\5\4\10.png","5698"
"C:\Program Files\Tableau\Tableau 2026.2\Local\Maps\IN\normal\5\4\11.png","1169"
"C:\Program Files\Tableau\Tableau 2026.2\Local\Maps\IN\normal\5\4\12.png","498"
"C:\Program Files\Tableau\Tableau 2026.2\Local\Maps\IN\normal\5\4\13.png","103"
"C:\Program Files\Tableau\Tableau 2026.2\Local\Maps\IN\normal\5\4\14.png","103"
"C:\Program Files\Tableau\Tableau 2026.2\Local\Maps\IN\normal\5\4\15.png","103"
"C:\Program Files\Tableau\Tableau 2026.2\Local\Maps\IN\normal\5\4\16.png","103"
"C:\Program Files\Tableau\Tableau 2026.2\Local\Maps\IN\normal\5\4\17.png","103"
"C:\Program Files\Tableau\Tableau 2026.2\Local\Maps\IN\normal\5\4\18.png","290"
"C:\Program Files\Tableau\Tableau 2026.2\Local\Maps\IN\normal\5\4\19.png","103"
"C:\Program Files\Tableau\Tableau 2026.2\Local\Maps\IN\normal\5\4\2.png","103"
"C:\Program Files\Tableau\Tableau 2026.2\Local\Maps\IN\normal\5\4\20.png","103"
"C:\Program Files\Tableau\Tableau 2026.2\Local\Maps\IN\normal\5\4\21.png","103"
"C:\Program Files\Tableau\Tableau 2026.2\Local\Maps\IN\normal\5\4\22.png","103"
"C:\Program Files\Tableau\Tableau 2026.2\Local\Maps\IN\normal\5\4\23.png","103"
"C:\Program Files\Tableau\Tableau 2026.2\Local\Maps\IN\normal\5\4\24.png","103"
"C:\Program Files\Tableau\Tableau 2026.2\Local\Maps\IN\normal\5\4\25.png","865"
"C:\Program Files\Tableau\Tableau 2026.2\Local\Maps\IN\normal\5\4\26.png","1347"
"C:\Program Files\Tableau\Tableau 2026.2\Local\Maps\IN\normal\5\4\27.png","177"
"C:\Program Files\Tableau\Tableau 2026.2\Local\Maps\IN\normal\5\4\28.png","177"
"C:\Program Files\Tableau\Tableau 2026.2\Local\Maps\IN\normal\5\4\29.png","177"
"C:\Program Files\Tableau\Tableau 2026.2\Local\Maps\IN\normal\5\4\3.png","103"
"C:\Program Files\Tableau\Tableau 2026.2\Local\Maps\IN\normal\5\4\30.png","177"
"C:\Program Files\Tableau\Tableau 2026.2\Local\Maps\IN\normal\5\4\31.png","252"
"C:\Program Files\Tableau\Tableau 2026.2\Local\Maps\IN\normal\5\4\4.png","103"
"C:\Program Files\Tableau\Tableau 2026.2\Local\Maps\IN\normal\5\4\5.png","475"
"C:\Program Files\Tableau\Tableau 2026.2\Local\Maps\IN\normal\5\4\6.png","863"
"C:\Program Files\Tableau\Tableau 2026.2\Local\Maps\IN\normal\5\4\7.png","3757"
"C:\Program Files\Tableau\Tableau 2026.2\Local\Maps\IN\normal\5\4\8.png","2925"
"C:\Program Files\Tableau\Tableau 2026.2\Local\Maps\IN\normal\5\4\9.png","5573"
"C:\Program Files\Tableau\Tableau 2026.2\Local\Maps\IN\normal\5\5\0.png","103"
"C:\Program Files\Tableau\Tableau 2026.2\Local\Maps\IN\normal\5\5\1.png","103"
"C:\Program Files\Tableau\Tableau 2026.2\Local\Maps\IN\normal\5\5\10.png","3295"
"C:\Program Files\Tableau\Tableau 2026.2\Local\Maps\IN\normal\5\5\11.png","4727"
"C:\Program Files\Tableau\Tableau 2026.2\Local\Maps\IN\normal\5\5\12.png","4158"
"C:\Program Files\Tableau\Tableau 2026.2\Local\Maps\IN\normal\5\5\13.png","1711"
"C:\Program Files\Tableau\Tableau 2026.2\Local\Maps\IN\normal\5\5\14.png","251"
"C:\Program Files\Tableau\Tableau 2026.2\Local\Maps\IN\normal\5\5\15.png","103"
"C:\Program Files\Tableau\Tableau 2026.2\Local\Maps\IN\normal\5\5\16.png","103"
"C:\Program Files\Tableau\Tableau 2026.2\Local\Maps\IN\normal\5\5\17.png","103"
"C:\Program Files\Tableau\Tableau 2026.2\Local\Maps\IN\normal\5\5\18.png","103"
"C:\Program Files\Tableau\Tableau 2026.2\Local\Maps\IN\normal\5\5\19.png","103"
"C:\Program Files\Tableau\Tableau 2026.2\Local\Maps\IN\normal\5\5\2.png","103"
"C:\Program Files\Tableau\Tableau 2026.2\Local\Maps\IN\normal\5\5\20.png","103"
"C:\Program Files\Tableau\Tableau 2026.2\Local\Maps\IN\normal\5\5\21.png","103"
"C:\Program Files\Tableau\Tableau 2026.2\Local\Maps\IN\normal\5\5\22.png","103"
"C:\Program Files\Tableau\Tableau 2026.2\Local\Maps\IN\normal\5\5\23.png","103"
"C:\Program Files\Tableau\Tableau 2026.2\Local\Maps\IN\normal\5\5\24.png","103"
"C:\Program Files\Tableau\Tableau 2026.2\Local\Maps\IN\normal\5\5\25.png","844"
"C:\Program Files\Tableau\Tableau 2026.2\Local\Maps\IN\normal\5\5\26.png","1683"
"C:\Program Files\Tableau\Tableau 2026.2\Local\Maps\IN\normal\5\5\27.png","177"
"C:\Program Files\Tableau\Tableau 2026.2\Local\Maps\IN\normal\5\5\28.png","177"
"C:\Program Files\Tableau\Tableau 2026.2\Local\Maps\IN\normal\5\5\29.png","177"
"C:\Program Files\Tableau\Tableau 2026.2\Local\Maps\IN\normal\5\5\3.png","103"
"C:\Program Files\Tableau\Tableau 2026.2\Local\Maps\IN\normal\5\5\30.png","177"
"C:\Program Files\Tableau\Tableau 2026.2\Local\Maps\IN\normal\5\5\31.png","252"
"C:\Program Files\Tableau\Tableau 2026.2\Local\Maps\IN\normal\5\5\4.png","1562"
"C:\Program Files\Tableau\Tableau 2026.2\Local\Maps\IN\normal\5\5\5.png","3706"
"C:\Program Files\Tableau\Tableau 2026.2\Local\Maps\IN\normal\5\5\6.png","2364"
"C:\Program Files\Tableau\Tableau 2026.2\Local\Maps\IN\normal\5\5\7.png","4284"
"C:\Program Files\Tableau\Tableau 2026.2\Local\Maps\IN\normal\5\5\8.png","4359"
"C:\Program Files\Tableau\Tableau 2026.2\Local\Maps\IN\normal\5\5\9.png","1599"
"C:\Program Files\Tableau\Tableau 2026.2\Local\Maps\IN\normal\5\6\0.png","103"
"C:\Program Files\Tableau\Tableau 2026.2\Local\Maps\IN\normal\5\6\1.png","103"
"C:\Program Files\Tableau\Tableau 2026.2\Local\Maps\IN\normal\5\6\10.png","3260"
"C:\Program Files\Tableau\Tableau 2026.2\Local\Maps\IN\normal\5\6\11.png","2877"
"C:\Program Files\Tableau\Tableau 2026.2\Local\Maps\IN\normal\5\6\12.png","1983"
"C:\Program Files\Tableau\Tableau 2026.2\Local\Maps\IN\normal\5\6\13.png","8094"
"C:\Program Files\Tableau\Tableau 2026.2\Local\Maps\IN\normal\5\6\14.png","2740"
"C:\Program Files\Tableau\Tableau 2026.2\Local\Maps\IN\normal\5\6\15.png","174"
"C:\Program Files\Tableau\Tableau 2026.2\Local\Maps\IN\normal\5\6\16.png","103"
"C:\Program Files\Tableau\Tableau 2026.2\Local\Maps\IN\normal\5\6\17.png","103"
"C:\Program Files\Tableau\Tableau 2026.2\Local\Maps\IN\normal\5\6\18.png","291"
"C:\Program Files\Tableau\Tableau 2026.2\Local\Maps\IN\normal\5\6\19.png","103"
"C:\Program Files\Tableau\Tableau 2026.2\Local\Maps\IN\normal\5\6\2.png","103"
"C:\Program Files\Tableau\Tableau 2026.2\Local\Maps\IN\normal\5\6\20.png","103"
"C:\Program Files\Tableau\Tableau 2026.2\Local\Maps\IN\normal\5\6\21.png","103"
"C:\Program Files\Tableau\Tableau 2026.2\Local\Maps\IN\normal\5\6\22.png","103"
"C:\Program Files\Tableau\Tableau 2026.2\Local\Maps\IN\normal\5\6\23.png","103"
"C:\Program Files\Tableau\Tableau 2026.2\Local\Maps\IN\normal\5\6\24.png","103"
"C:\Program Files\Tableau\Tableau 2026.2\Local\Maps\IN\normal\5\6\25.png","1002"
"C:\Program Files\Tableau\Tableau 2026.2\Local\Maps\IN\normal\5\6\26.png","1348"
"C:\Program Files\Tableau\Tableau 2026.2\Local\Maps\IN\normal\5\6\27.png","177"
"C:\Program Files\Tableau\Tableau 2026.2\Local\Maps\IN\normal\5\6\28.png","177"
"C:\Program Files\Tableau\Tableau 2026.2\Local\Maps\IN\normal\5\6\29.png","177"
"C:\Program Files\Tableau\Tableau 2026.2\Local\Maps\IN\normal\5\6\3.png","547"
"C:\Program Files\Tableau\Tableau 2026.2\Local\Maps\IN\normal\5\6\30.png","177"
"C:\Program Files\Tableau\Tableau 2026.2\Local\Maps\IN\normal\5\6\31.png","252"
"C:\Program Files\Tableau\Tableau 2026.2\Local\Maps\IN\normal\5\6\4.png","2554"
"C:\Program Files\Tableau\Tableau 2026.2\Local\Maps\IN\normal\5\6\5.png","3447"
"C:\Program Files\Tableau\Tableau 2026.2\Local\Maps\IN\normal\5\6\6.png","3630"
"C:\Program Files\Tableau\Tableau 2026.2\Local\Maps\IN\normal\5\6\7.png","5162"
"C:\Program Files\Tableau\Tableau 2026.2\Local\Maps\IN\normal\5\6\8.png","6409"
"C:\Program Files\Tableau\Tableau 2026.2\Local\Maps\IN\normal\5\6\9.png","4913"
"C:\Program Files\Tableau\Tableau 2026.2\Local\Maps\IN\normal\5\7\0.png","103"
"C:\Program Files\Tableau\Tableau 2026.2\Local\Maps\IN\normal\5\7\1.png","103"
"C:\Program Files\Tableau\Tableau 2026.2\Local\Maps\IN\normal\5\7\10.png","6725"
"C:\Program Files\Tableau\Tableau 2026.2\Local\Maps\IN\normal\5\7\11.png","5776"
"C:\Program Files\Tableau\Tableau 2026.2\Local\Maps\IN\normal\5\7\12.png","4124"
"C:\Program Files\Tableau\Tableau 2026.2\Local\Maps\IN\normal\5\7\13.png","5474"
"C:\Program Files\Tableau\Tableau 2026.2\Local\Maps\IN\normal\5\7\14.png","8434"
"C:\Program Files\Tableau\Tableau 2026.2\Local\Maps\IN\normal\5\7\15.png","337"
"C:\Program Files\Tableau\Tableau 2026.2\Local\Maps\IN\normal\5\7\16.png","617"
"C:\Program Files\Tableau\Tableau 2026.2\Local\Maps\IN\normal\5\7\17.png","103"
"C:\Program Files\Tableau\Tableau 2026.2\Local\Maps\IN\normal\5\7\18.png","103"
"C:\Program Files\Tableau\Tableau 2026.2\Local\Maps\IN\normal\5\7\19.png","103"
"C:\Program Files\Tableau\Tableau 2026.2\Local\Maps\IN\normal\5\7\2.png","1210"
"C:\Program Files\Tableau\Tableau 2026.2\Local\Maps\IN\normal\5\7\20.png","103"
"C:\Program Files\Tableau\Tableau 2026.2\Local\Maps\IN\normal\5\7\21.png","103"
"C:\Program Files\Tableau\Tableau 2026.2\Local\Maps\IN\normal\5\7\22.png","103"
"C:\Program Files\Tableau\Tableau 2026.2\Local\Maps\IN\normal\5\7\23.png","103"
"C:\Program Files\Tableau\Tableau 2026.2\Local\Maps\IN\normal\5\7\24.png","286"
"C:\Program Files\Tableau\Tableau 2026.2\Local\Maps\IN\normal\5\7\25.png","2358"
"C:\Program Files\Tableau\Tableau 2026.2\Local\Maps\IN\normal\5\7\26.png","802"
"C:\Program Files\Tableau\Tableau 2026.2\Local\Maps\IN\normal\5\7\27.png","177"
"C:\Program Files\Tableau\Tableau 2026.2\Local\Maps\IN\normal\5\7\28.png","177"
"C:\Program Files\Tableau\Tableau 2026.2\Local\Maps\IN\normal\5\7\29.png","177"
"C:\Program Files\Tableau\Tableau 2026.2\Local\Maps\IN\normal\5\7\3.png","2878"
"C:\Program Files\Tableau\Tableau 2026.2\Local\Maps\IN\normal\5\7\30.png","177"
"C:\Program Files\Tableau\Tableau 2026.2\Local\Maps\IN\normal\5\7\31.png","252"
"C:\Program Files\Tableau\Tableau 2026.2\Local\Maps\IN\normal\5\7\4.png","2966"
"C:\Program Files\Tableau\Tableau 2026.2\Local\Maps\IN\normal\5\7\5.png","4662"
"C:\Program Files\Tableau\Tableau 2026.2\Local\Maps\IN\normal\5\7\6.png","4114"
"C:\Program Files\Tableau\Tableau 2026.2\Local\Maps\IN\normal\5\7\7.png","4940"
"C:\Program Files\Tableau\Tableau 2026.2\Local\Maps\IN\normal\5\7\8.png","5667"
"C:\Program Files\Tableau\Tableau 2026.2\Local\Maps\IN\normal\5\7\9.png","3152"
"C:\Program Files\Tableau\Tableau 2026.2\Local\Maps\IN\normal\5\8\0.png","103"
"C:\Program Files\Tableau\Tableau 2026.2\Local\Maps\IN\normal\5\8\1.png","821"
"C:\Program Files\Tableau\Tableau 2026.2\Local\Maps\IN\normal\5\8\10.png","2648"
"C:\Program Files\Tableau\Tableau 2026.2\Local\Maps\IN\normal\5\8\11.png","8573"
"C:\Program Files\Tableau\Tableau 2026.2\Local\Maps\IN\normal\5\8\12.png","7521"
"C:\Program Files\Tableau\Tableau 2026.2\Local\Maps\IN\normal\5\8\13.png","4717"
"C:\Program Files\Tableau\Tableau 2026.2\Local\Maps\IN\normal\5\8\14.png","9382"
"C:\Program Files\Tableau\Tableau 2026.2\Local\Maps\IN\normal\5\8\15.png","4111"
"C:\Program Files\Tableau\Tableau 2026.2\Local\Maps\IN\normal\5\8\16.png","3944"
"C:\Program Files\Tableau\Tableau 2026.2\Local\Maps\IN\normal\5\8\17.png","103"
"C:\Program Files\Tableau\Tableau 2026.2\Local\Maps\IN\normal\5\8\18.png","173"
"C:\Program Files\Tableau\Tableau 2026.2\Local\Maps\IN\normal\5\8\19.png","295"
"C:\Program Files\Tableau\Tableau 2026.2\Local\Maps\IN\normal\5\8\2.png","3031"
"C:\Program Files\Tableau\Tableau 2026.2\Local\Maps\IN\normal\5\8\20.png","103"
"C:\Program Files\Tableau\Tableau 2026.2\Local\Maps\IN\normal\5\8\21.png","103"
"C:\Program Files\Tableau\Tableau 2026.2\Local\Maps\IN\normal\5\8\22.png","103"
"C:\Program Files\Tableau\Tableau 2026.2\Local\Maps\IN\normal\5\8\23.png","103"
"C:\Program Files\Tableau\Tableau 2026.2\Local\Maps\IN\normal\5\8\24.png","103"
"C:\Program Files\Tableau\Tableau 2026.2\Local\Maps\IN\normal\5\8\25.png","1437"
"C:\Program Files\Tableau\Tableau 2026.2\Local\Maps\IN\normal\5\8\26.png","177"
"C:\Program Files\Tableau\Tableau 2026.2\Local\Maps\IN\normal\5\8\27.png","1473"
"C:\Program Files\Tableau\Tableau 2026.2\Local\Maps\IN\normal\5\8\28.png","711"
"C:\Program Files\Tableau\Tableau 2026.2\Local\Maps\IN\normal\5\8\29.png","177"
"C:\Program Files\Tableau\Tableau 2026.2\Local\Maps\IN\normal\5\8\3.png","3922"
"C:\Program Files\Tableau\Tableau 2026.2\Local\Maps\IN\normal\5\8\30.png","177"
"C:\Program Files\Tableau\Tableau 2026.2\Local\Maps\IN\normal\5\8\31.png","252"
"C:\Program Files\Tableau\Tableau 2026.2\Local\Maps\IN\normal\5\8\4.png","4472"
"C:\Program Files\Tableau\Tableau 2026.2\Local\Maps\IN\normal\5\8\5.png","3957"
"C:\Program Files\Tableau\Tableau 2026.2\Local\Maps\IN\normal\5\8\6.png","4163"
"C:\Program Files\Tableau\Tableau 2026.2\Local\Maps\IN\normal\5\8\7.png","4642"
"C:\Program Files\Tableau\Tableau 2026.2\Local\Maps\IN\normal\5\8\8.png","3459"
"C:\Program Files\Tableau\Tableau 2026.2\Local\Maps\IN\normal\5\8\9.png","1425"
"C:\Program Files\Tableau\Tableau 2026.2\Local\Maps\IN\normal\5\9\0.png","103"
"C:\Program Files\Tableau\Tableau 2026.2\Local\Maps\IN\normal\5\9\1.png","1695"
"C:\Program Files\Tableau\Tableau 2026.2\Local\Maps\IN\normal\5\9\10.png","5680"
"C:\Program Files\Tableau\Tableau 2026.2\Local\Maps\IN\normal\5\9\11.png","8818"
"C:\Program Files\Tableau\Tableau 2026.2\Local\Maps\IN\normal\5\9\12.png","3833"
"C:\Program Files\Tableau\Tableau 2026.2\Local\Maps\IN\normal\5\9\13.png","1555"
"C:\Program Files\Tableau\Tableau 2026.2\Local\Maps\IN\normal\5\9\14.png","5854"
"C:\Program Files\Tableau\Tableau 2026.2\Local\Maps\IN\normal\5\9\15.png","17038"
"C:\Program Files\Tableau\Tableau 2026.2\Local\Maps\IN\normal\5\9\16.png","12152"
"C:\Program Files\Tableau\Tableau 2026.2\Local\Maps\IN\normal\5\9\17.png","9223"
"C:\Program Files\Tableau\Tableau 2026.2\Local\Maps\IN\normal\5\9\18.png","4475"
"C:\Program Files\Tableau\Tableau 2026.2\Local\Maps\IN\normal\5\9\19.png","7163"
"C:\Program Files\Tableau\Tableau 2026.2\Local\Maps\IN\normal\5\9\2.png","1807"
"C:\Program Files\Tableau\Tableau 2026.2\Local\Maps\IN\normal\5\9\20.png","7816"
"C:\Program Files\Tableau\Tableau 2026.2\Local\Maps\IN\normal\5\9\21.png","8975"
"C:\Program Files\Tableau\Tableau 2026.2\Local\Maps\IN\normal\5\9\22.png","306"
"C:\Program Files\Tableau\Tableau 2026.2\Local\Maps\IN\normal\5\9\23.png","103"
"C:\Program Files\Tableau\Tableau 2026.2\Local\Maps\IN\normal\5\9\24.png","2241"
"C:\Program Files\Tableau\Tableau 2026.2\Local\Maps\IN\normal\5\9\25.png","3426"
"C:\Program Files\Tableau\Tableau 2026.2\Local\Maps\IN\normal\5\9\26.png","1053"
"C:\Program Files\Tableau\Tableau 2026.2\Local\Maps\IN\normal\5\9\27.png","1837"
"C:\Program Files\Tableau\Tableau 2026.2\Local\Maps\IN\normal\5\9\28.png","2106"
"C:\Program Files\Tableau\Tableau 2026.2\Local\Maps\IN\normal\5\9\29.png","357"
"C:\Program Files\Tableau\Tableau 2026.2\Local\Maps\IN\normal\5\9\3.png","2207"
"C:\Program Files\Tableau\Tableau 2026.2\Local\Maps\IN\normal\5\9\30.png","177"
"C:\Program Files\Tableau\Tableau 2026.2\Local\Maps\IN\normal\5\9\31.png","252"
"C:\Program Files\Tableau\Tableau 2026.2\Local\Maps\IN\normal\5\9\4.png","3071"
"C:\Program Files\Tableau\Tableau 2026.2\Local\Maps\IN\normal\5\9\5.png","894"
"C:\Program Files\Tableau\Tableau 2026.2\Local\Maps\IN\normal\5\9\6.png","2854"
"C:\Program Files\Tableau\Tableau 2026.2\Local\Maps\IN\normal\5\9\7.png","4443"
"C:\Program Files\Tableau\Tableau 2026.2\Local\Maps\IN\normal\5\9\8.png","4464"
"C:\Program Files\Tableau\Tableau 2026.2\Local\Maps\IN\normal\5\9\9.png","4302"
"C:\Program Files\Tableau\Tableau 2026.2\Local\Maps\US\normal\0\0\0.png","9994"
"C:\Program Files\Tableau\Tableau 2026.2\Local\Maps\US\normal\1\0\0.png","7968"
"C:\Program Files\Tableau\Tableau 2026.2\Local\Maps\US\normal\1\0\1.png","3996"
"C:\Program Files\Tableau\Tableau 2026.2\Local\Maps\US\normal\1\1\0.png","9767"
"C:\Program Files\Tableau\Tableau 2026.2\Local\Maps\US\normal\1\1\1.png","3559"
"C:\Program Files\Tableau\Tableau 2026.2\Local\Maps\US\normal\2\0\0.png","3875"
"C:\Program Files\Tableau\Tableau 2026.2\Local\Maps\US\normal\2\0\1.png","3724"
"C:\Program Files\Tableau\Tableau 2026.2\Local\Maps\US\normal\2\0\2.png","261"
"C:\Program Files\Tableau\Tableau 2026.2\Local\Maps\US\normal\2\0\3.png","2317"
"C:\Program Files\Tableau\Tableau 2026.2\Local\Maps\US\normal\2\1\0.png","5551"
"C:\Program Files\Tableau\Tableau 2026.2\Local\Maps\US\normal\2\1\1.png","6459"
"C:\Program Files\Tableau\Tableau 2026.2\Local\Maps\US\normal\2\1\2.png","3498"
"C:\Program Files\Tableau\Tableau 2026.2\Local\Maps\US\normal\2\1\3.png","3394"
"C:\Program Files\Tableau\Tableau 2026.2\Local\Maps\US\normal\2\2\0.png","4044"
"C:\Program Files\Tableau\Tableau 2026.2\Local\Maps\US\normal\2\2\1.png","11449"
"C:\Program Files\Tableau\Tableau 2026.2\Local\Maps\US\normal\2\2\2.png","2737"
"C:\Program Files\Tableau\Tableau 2026.2\Local\Maps\US\normal\2\2\3.png","1295"
"C:\Program Files\Tableau\Tableau 2026.2\Local\Maps\US\normal\2\3\0.png","2307"
"C:\Program Files\Tableau\Tableau 2026.2\Local\Maps\US\normal\2\3\1.png","5488"
"C:\Program Files\Tableau\Tableau 2026.2\Local\Maps\US\normal\2\3\2.png","2857"
"C:\Program Files\Tableau\Tableau 2026.2\Local\Maps\US\normal\2\3\3.png","1492"
"C:\Program Files\Tableau\Tableau 2026.2\Local\Maps\US\normal\3\0\0.png","103"
"C:\Program Files\Tableau\Tableau 2026.2\Local\Maps\US\normal\3\0\1.png","1327"
"C:\Program Files\Tableau\Tableau 2026.2\Local\Maps\US\normal\3\0\2.png","2784"
"C:\Program Files\Tableau\Tableau 2026.2\Local\Maps\US\normal\3\0\3.png","517"
"C:\Program Files\Tableau\Tableau 2026.2\Local\Maps\US\normal\3\0\4.png","729"
"C:\Program Files\Tableau\Tableau 2026.2\Local\Maps\US\normal\3\0\5.png","269"
"C:\Program Files\Tableau\Tableau 2026.2\Local\Maps\US\normal\3\0\6.png","1423"
"C:\Program Files\Tableau\Tableau 2026.2\Local\Maps\US\normal\3\0\7.png","2212"
"C:\Program Files\Tableau\Tableau 2026.2\Local\Maps\US\normal\3\1\0.png","1053"
"C:\Program Files\Tableau\Tableau 2026.2\Local\Maps\US\normal\3\1\1.png","7104"
"C:\Program Files\Tableau\Tableau 2026.2\Local\Maps\US\normal\3\1\2.png","6267"
"C:\Program Files\Tableau\Tableau 2026.2\Local\Maps\US\normal\3\1\3.png","3186"
"C:\Program Files\Tableau\Tableau 2026.2\Local\Maps\US\normal\3\1\4.png","341"
"C:\Program Files\Tableau\Tableau 2026.2\Local\Maps\US\normal\3\1\5.png","103"
"C:\Program Files\Tableau\Tableau 2026.2\Local\Maps\US\normal\3\1\6.png","1840"
"C:\Program Files\Tableau\Tableau 2026.2\Local\Maps\US\normal\3\1\7.png","258"
"C:\Program Files\Tableau\Tableau 2026.2\Local\Maps\US\normal\3\2\0.png","4178"
"C:\Program Files\Tableau\Tableau 2026.2\Local\Maps\US\normal\3\2\1.png","5714"
"C:\Program Files\Tableau\Tableau 2026.2\Local\Maps\US\normal\3\2\2.png","7398"
"C:\Program Files\Tableau\Tableau 2026.2\Local\Maps\US\normal\3\2\3.png","5598"
"C:\Program Files\Tableau\Tableau 2026.2\Local\Maps\US\normal\3\2\4.png","4526"
"C:\Program Files\Tableau\Tableau 2026.2\Local\Maps\US\normal\3\2\5.png","3151"
"C:\Program Files\Tableau\Tableau 2026.2\Local\Maps\US\normal\3\2\6.png","3331"
"C:\Program Files\Tableau\Tableau 2026.2\Local\Maps\US\normal\3\2\7.png","2254"
"C:\Program Files\Tableau\Tableau 2026.2\Local\Maps\US\normal\3\3\0.png","2517"
"C:\Program Files\Tableau\Tableau 2026.2\Local\Maps\US\normal\3\3\1.png","2464"
"C:\Program Files\Tableau\Tableau 2026.2\Local\Maps\US\normal\3\3\2.png","2689"
"C:\Program Files\Tableau\Tableau 2026.2\Local\Maps\US\normal\3\3\3.png","3597"
"C:\Program Files\Tableau\Tableau 2026.2\Local\Maps\US\normal\3\3\4.png","896"
"C:\Program Files\Tableau\Tableau 2026.2\Local\Maps\US\normal\3\3\5.png","380"
"C:\Program Files\Tableau\Tableau 2026.2\Local\Maps\US\normal\3\3\6.png","1542"
"C:\Program Files\Tableau\Tableau 2026.2\Local\Maps\US\normal\3\3\7.png","1082"
"C:\Program Files\Tableau\Tableau 2026.2\Local\Maps\US\normal\3\4\0.png","1294"
"C:\Program Files\Tableau\Tableau 2026.2\Local\Maps\US\normal\3\4\1.png","3583"
"C:\Program Files\Tableau\Tableau 2026.2\Local\Maps\US\normal\3\4\2.png","9878"
"C:\Program Files\Tableau\Tableau 2026.2\Local\Maps\US\normal\3\4\3.png","8536"
"C:\Program Files\Tableau\Tableau 2026.2\Local\Maps\US\normal\3\4\4.png","5289"
"C:\Program Files\Tableau\Tableau 2026.2\Local\Maps\US\normal\3\4\5.png","269"
"C:\Program Files\Tableau\Tableau 2026.2\Local\Maps\US\normal\3\4\6.png","1260"
"C:\Program Files\Tableau\Tableau 2026.2\Local\Maps\US\normal\3\4\7.png","258"
"C:\Program Files\Tableau\Tableau 2026.2\Local\Maps\US\normal\3\5\0.png","1797"
"C:\Program Files\Tableau\Tableau 2026.2\Local\Maps\US\normal\3\5\1.png","3801"
"C:\Program Files\Tableau\Tableau 2026.2\Local\Maps\US\normal\3\5\2.png","4230"
"C:\Program Files\Tableau\Tableau 2026.2\Local\Maps\US\normal\3\5\3.png","6574"
"C:\Program Files\Tableau\Tableau 2026.2\Local\Maps\US\normal\3\5\4.png","783"
"C:\Program Files\Tableau\Tableau 2026.2\Local\Maps\US\normal\3\5\5.png","551"
"C:\Program Files\Tableau\Tableau 2026.2\Local\Maps\US\normal\3\5\6.png","1438"
"C:\Program Files\Tableau\Tableau 2026.2\Local\Maps\US\normal\3\5\7.png","258"
"C:\Program Files\Tableau\Tableau 2026.2\Local\Maps\US\normal\3\6\0.png","1058"
"C:\Program Files\Tableau\Tableau 2026.2\Local\Maps\US\normal\3\6\1.png","2680"
"C:\Program Files\Tableau\Tableau 2026.2\Local\Maps\US\normal\3\6\2.png","3530"
"C:\Program Files\Tableau\Tableau 2026.2\Local\Maps\US\normal\3\6\3.png","7023"
"C:\Program Files\Tableau\Tableau 2026.2\Local\Maps\US\normal\3\6\4.png","3008"
"C:\Program Files\Tableau\Tableau 2026.2\Local\Maps\US\normal\3\6\5.png","761"
"C:\Program Files\Tableau\Tableau 2026.2\Local\Maps\US\normal\3\6\6.png","791"
"C:\Program Files\Tableau\Tableau 2026.2\Local\Maps\US\normal\3\6\7.png","258"
"C:\Program Files\Tableau\Tableau 2026.2\Local\Maps\US\normal\3\7\0.png","103"
"C:\Program Files\Tableau\Tableau 2026.2\Local\Maps\US\normal\3\7\1.png","2035"
"C:\Program Files\Tableau\Tableau 2026.2\Local\Maps\US\normal\3\7\2.png","2991"
"C:\Program Files\Tableau\Tableau 2026.2\Local\Maps\US\normal\3\7\3.png","944"
"C:\Program Files\Tableau\Tableau 2026.2\Local\Maps\US\normal\3\7\4.png","3719"
"C:\Program Files\Tableau\Tableau 2026.2\Local\Maps\US\normal\3\7\5.png","958"
"C:\Program Files\Tableau\Tableau 2026.2\Local\Maps\US\normal\3\7\6.png","1898"
"C:\Program Files\Tableau\Tableau 2026.2\Local\Maps\US\normal\3\7\7.png","1218"
"C:\Program Files\Tableau\Tableau 2026.2\Local\Maps\US\normal\4\0\0.png","103"
"C:\Program Files\Tableau\Tableau 2026.2\Local\Maps\US\normal\4\0\1.png","103"
"C:\Program Files\Tableau\Tableau 2026.2\Local\Maps\US\normal\4\0\10.png","427"
"C:\Program Files\Tableau\Tableau 2026.2\Local\Maps\US\normal\4\0\11.png","103"
"C:\Program Files\Tableau\Tableau 2026.2\Local\Maps\US\normal\4\0\12.png","103"
"C:\Program Files\Tableau\Tableau 2026.2\Local\Maps\US\normal\4\0\13.png","725"
"C:\Program Files\Tableau\Tableau 2026.2\Local\Maps\US\normal\4\0\14.png","975"
"C:\Program Files\Tableau\Tableau 2026.2\Local\Maps\US\normal\4\0\15.png","2550"
"C:\Program Files\Tableau\Tableau 2026.2\Local\Maps\US\normal\4\0\2.png","103"
"C:\Program Files\Tableau\Tableau 2026.2\Local\Maps\US\normal\4\0\3.png","1631"
"C:\Program Files\Tableau\Tableau 2026.2\Local\Maps\US\normal\4\0\4.png","3675"
"C:\Program Files\Tableau\Tableau 2026.2\Local\Maps\US\normal\4\0\5.png","1352"
"C:\Program Files\Tableau\Tableau 2026.2\Local\Maps\US\normal\4\0\6.png","325"
"C:\Program Files\Tableau\Tableau 2026.2\Local\Maps\US\normal\4\0\7.png","370"
"C:\Program Files\Tableau\Tableau 2026.2\Local\Maps\US\normal\4\0\8.png","719"
"C:\Program Files\Tableau\Tableau 2026.2\Local\Maps\US\normal\4\0\9.png","253"
"C:\Program Files\Tableau\Tableau 2026.2\Local\Maps\US\normal\4\1\0.png","103"
"C:\Program Files\Tableau\Tableau 2026.2\Local\Maps\US\normal\4\1\1.png","103"
"C:\Program Files\Tableau\Tableau 2026.2\Local\Maps\US\normal\4\1\10.png","103"
"C:\Program Files\Tableau\Tableau 2026.2\Local\Maps\US\normal\4\1\11.png","103"
"C:\Program Files\Tableau\Tableau 2026.2\Local\Maps\US\normal\4\1\12.png","103"
"C:\Program Files\Tableau\Tableau 2026.2\Local\Maps\US\normal\4\1\13.png","2433"
"C:\Program Files\Tableau\Tableau 2026.2\Local\Maps\US\normal\4\1\14.png","1346"
"C:\Program Files\Tableau\Tableau 2026.2\Local\Maps\US\normal\4\1\15.png","670"
"C:\Program Files\Tableau\Tableau 2026.2\Local\Maps\US\normal\4\1\2.png","103"
"C:\Program Files\Tableau\Tableau 2026.2\Local\Maps\US\normal\4\1\3.png","1388"
"C:\Program Files\Tableau\Tableau 2026.2\Local\Maps\US\normal\4\1\4.png","4029"
"C:\Program Files\Tableau\Tableau 2026.2\Local\Maps\US\normal\4\1\5.png","103"
"C:\Program Files\Tableau\Tableau 2026.2\Local\Maps\US\normal\4\1\6.png","103"
"C:\Program Files\Tableau\Tableau 2026.2\Local\Maps\US\normal\4\1\7.png","558"
"C:\Program Files\Tableau\Tableau 2026.2\Local\Maps\US\normal\4\1\8.png","818"
"C:\Program Files\Tableau\Tableau 2026.2\Local\Maps\US\normal\4\1\9.png","287"
"C:\Program Files\Tableau\Tableau 2026.2\Local\Maps\US\normal\4\10\0.png","103"
"C:\Program Files\Tableau\Tableau 2026.2\Local\Maps\US\normal\4\10\1.png","3386"
"C:\Program Files\Tableau\Tableau 2026.2\Local\Maps\US\normal\4\10\10.png","280"
"C:\Program Files\Tableau\Tableau 2026.2\Local\Maps\US\normal\4\10\11.png","531"
"C:\Program Files\Tableau\Tableau 2026.2\Local\Maps\US\normal\4\10\12.png","1312"
"C:\Program Files\Tableau\Tableau 2026.2\Local\Maps\US\normal\4\10\13.png","175"
"C:\Program Files\Tableau\Tableau 2026.2\Local\Maps\US\normal\4\10\14.png","175"
"C:\Program Files\Tableau\Tableau 2026.2\Local\Maps\US\normal\4\10\15.png","255"
"C:\Program Files\Tableau\Tableau 2026.2\Local\Maps\US\normal\4\10\2.png","1574"
"C:\Program Files\Tableau\Tableau 2026.2\Local\Maps\US\normal\4\10\3.png","3152"
"C:\Program Files\Tableau\Tableau 2026.2\Local\Maps\US\normal\4\10\4.png","1285"
"C:\Program Files\Tableau\Tableau 2026.2\Local\Maps\US\normal\4\10\5.png","8750"
"C:\Program Files\Tableau\Tableau 2026.2\Local\Maps\US\normal\4\10\6.png","9378"
"C:\Program Files\Tableau\Tableau 2026.2\Local\Maps\US\normal\4\10\7.png","2943"
"C:\Program Files\Tableau\Tableau 2026.2\Local\Maps\US\normal\4\10\8.png","1088"
"C:\Program Files\Tableau\Tableau 2026.2\Local\Maps\US\normal\4\10\9.png","483"
"C:\Program Files\Tableau\Tableau 2026.2\Local\Maps\US\normal\4\11\0.png","103"
"C:\Program Files\Tableau\Tableau 2026.2\Local\Maps\US\normal\4\11\1.png","563"
"C:\Program Files\Tableau\Tableau 2026.2\Local\Maps\US\normal\4\11\10.png","607"
"C:\Program Files\Tableau\Tableau 2026.2\Local\Maps\US\normal\4\11\11.png","166"
"C:\Program Files\Tableau\Tableau 2026.2\Local\Maps\US\normal\4\11\12.png","1860"
"C:\Program Files\Tableau\Tableau 2026.2\Local\Maps\US\normal\4\11\13.png","175"
"C:\Program Files\Tableau\Tableau 2026.2\Local\Maps\US\normal\4\11\14.png","175"
"C:\Program Files\Tableau\Tableau 2026.2\Local\Maps\US\normal\4\11\15.png","255"
"C:\Program Files\Tableau\Tableau 2026.2\Local\Maps\US\normal\4\11\2.png","1301"
"C:\Program Files\Tableau\Tableau 2026.2\Local\Maps\US\normal\4\11\3.png","4599"
"C:\Program Files\Tableau\Tableau 2026.2\Local\Maps\US\normal\4\11\4.png","787"
"C:\Program Files\Tableau\Tableau 2026.2\Local\Maps\US\normal\4\11\5.png","8498"
"C:\Program Files\Tableau\Tableau 2026.2\Local\Maps\US\normal\4\11\6.png","16029"
"C:\Program Files\Tableau\Tableau 2026.2\Local\Maps\US\normal\4\11\7.png","4859"
"C:\Program Files\Tableau\Tableau 2026.2\Local\Maps\US\normal\4\11\8.png","281"
"C:\Program Files\Tableau\Tableau 2026.2\Local\Maps\US\normal\4\11\9.png","261"
"C:\Program Files\Tableau\Tableau 2026.2\Local\Maps\US\normal\4\12\0.png","103"
"C:\Program Files\Tableau\Tableau 2026.2\Local\Maps\US\normal\4\12\1.png","1980"
"C:\Program Files\Tableau\Tableau 2026.2\Local\Maps\US\normal\4\12\10.png","103"
"C:\Program Files\Tableau\Tableau 2026.2\Local\Maps\US\normal\4\12\11.png","912"
"C:\Program Files\Tableau\Tableau 2026.2\Local\Maps\US\normal\4\12\12.png","740"
"C:\Program Files\Tableau\Tableau 2026.2\Local\Maps\US\normal\4\12\13.png","175"
"C:\Program Files\Tableau\Tableau 2026.2\Local\Maps\US\normal\4\12\14.png","175"
"C:\Program Files\Tableau\Tableau 2026.2\Local\Maps\US\normal\4\12\15.png","255"
"C:\Program Files\Tableau\Tableau 2026.2\Local\Maps\US\normal\4\12\2.png","3792"
"C:\Program Files\Tableau\Tableau 2026.2\Local\Maps\US\normal\4\12\3.png","1883"
"C:\Program Files\Tableau\Tableau 2026.2\Local\Maps\US\normal\4\12\4.png","1228"
"C:\Program Files\Tableau\Tableau 2026.2\Local\Maps\US\normal\4\12\5.png","6783"
"C:\Program Files\Tableau\Tableau 2026.2\Local\Maps\US\normal\4\12\6.png","13432"
"C:\Program Files\Tableau\Tableau 2026.2\Local\Maps\US\normal\4\12\7.png","10304"
"C:\Program Files\Tableau\Tableau 2026.2\Local\Maps\US\normal\4\12\8.png","1650"
"C:\Program Files\Tableau\Tableau 2026.2\Local\Maps\US\normal\4\12\9.png","103"
"C:\Program Files\Tableau\Tableau 2026.2\Local\Maps\US\normal\4\13\0.png","103"
"C:\Program Files\Tableau\Tableau 2026.2\Local\Maps\US\normal\4\13\1.png","103"
"C:\Program Files\Tableau\Tableau 2026.2\Local\Maps\US\normal\4\13\10.png","103"
"C:\Program Files\Tableau\Tableau 2026.2\Local\Maps\US\normal\4\13\11.png","653"
"C:\Program Files\Tableau\Tableau 2026.2\Local\Maps\US\normal\4\13\12.png","975"
"C:\Program Files\Tableau\Tableau 2026.2\Local\Maps\US\normal\4\13\13.png","175"
"C:\Program Files\Tableau\Tableau 2026.2\Local\Maps\US\normal\4\13\14.png","175"
"C:\Program Files\Tableau\Tableau 2026.2\Local\Maps\US\normal\4\13\15.png","255"
"C:\Program Files\Tableau\Tableau 2026.2\Local\Maps\US\normal\4\13\2.png","773"
"C:\Program Files\Tableau\Tableau 2026.2\Local\Maps\US\normal\4\13\3.png","1888"
"C:\Program Files\Tableau\Tableau 2026.2\Local\Maps\US\normal\4\13\4.png","193"
"C:\Program Files\Tableau\Tableau 2026.2\Local\Maps\US\normal\4\13\5.png","8968"
"C:\Program Files\Tableau\Tableau 2026.2\Local\Maps\US\normal\4\13\6.png","9396"
"C:\Program Files\Tableau\Tableau 2026.2\Local\Maps\US\normal\4\13\7.png","4821"
"C:\Program Files\Tableau\Tableau 2026.2\Local\Maps\US\normal\4\13\8.png","4832"
"C:\Program Files\Tableau\Tableau 2026.2\Local\Maps\US\normal\4\13\9.png","2161"
"C:\Program Files\Tableau\Tableau 2026.2\Local\Maps\US\normal\4\14\0.png","103"
"C:\Program Files\Tableau\Tableau 2026.2\Local\Maps\US\normal\4\14\1.png","103"
"C:\Program Files\Tableau\Tableau 2026.2\Local\Maps\US\normal\4\14\10.png","772"
"C:\Program Files\Tableau\Tableau 2026.2\Local\Maps\US\normal\4\14\11.png","475"
"C:\Program Files\Tableau\Tableau 2026.2\Local\Maps\US\normal\4\14\12.png","1146"
"C:\Program Files\Tableau\Tableau 2026.2\Local\Maps\US\normal\4\14\13.png","175"
"C:\Program Files\Tableau\Tableau 2026.2\Local\Maps\US\normal\4\14\14.png","175"
"C:\Program Files\Tableau\Tableau 2026.2\Local\Maps\US\normal\4\14\15.png","255"
"C:\Program Files\Tableau\Tableau 2026.2\Local\Maps\US\normal\4\14\2.png","1749"
"C:\Program Files\Tableau\Tableau 2026.2\Local\Maps\US\normal\4\14\3.png","2060"
"C:\Program Files\Tableau\Tableau 2026.2\Local\Maps\US\normal\4\14\4.png","1307"
"C:\Program Files\Tableau\Tableau 2026.2\Local\Maps\US\normal\4\14\5.png","3614"
"C:\Program Files\Tableau\Tableau 2026.2\Local\Maps\US\normal\4\14\6.png","2557"
"C:\Program Files\Tableau\Tableau 2026.2\Local\Maps\US\normal\4\14\7.png","519"
"C:\Program Files\Tableau\Tableau 2026.2\Local\Maps\US\normal\4\14\8.png","3809"
"C:\Program Files\Tableau\Tableau 2026.2\Local\Maps\US\normal\4\14\9.png","3543"
"C:\Program Files\Tableau\Tableau 2026.2\Local\Maps\US\normal\4\15\0.png","103"
"C:\Program Files\Tableau\Tableau 2026.2\Local\Maps\US\normal\4\15\1.png","103"
"C:\Program Files\Tableau\Tableau 2026.2\Local\Maps\US\normal\4\15\10.png","1456"
"C:\Program Files\Tableau\Tableau 2026.2\Local\Maps\US\normal\4\15\11.png","291"
"C:\Program Files\Tableau\Tableau 2026.2\Local\Maps\US\normal\4\15\12.png","1810"
"C:\Program Files\Tableau\Tableau 2026.2\Local\Maps\US\normal\4\15\13.png","1967"
"C:\Program Files\Tableau\Tableau 2026.2\Local\Maps\US\normal\4\15\14.png","1461"
"C:\Program Files\Tableau\Tableau 2026.2\Local\Maps\US\normal\4\15\15.png","1137"
"C:\Program Files\Tableau\Tableau 2026.2\Local\Maps\US\normal\4\15\2.png","103"
"C:\Program Files\Tableau\Tableau 2026.2\Local\Maps\US\normal\4\15\3.png","1702"
"C:\Program Files\Tableau\Tableau 2026.2\Local\Maps\US\normal\4\15\4.png","2396"
"C:\Program Files\Tableau\Tableau 2026.2\Local\Maps\US\normal\4\15\5.png","932"
"C:\Program Files\Tableau\Tableau 2026.2\Local\Maps\US\normal\4\15\6.png","103"
"C:\Program Files\Tableau\Tableau 2026.2\Local\Maps\US\normal\4\15\7.png","444"
"C:\Program Files\Tableau\Tableau 2026.2\Local\Maps\US\normal\4\15\8.png","1790"
"C:\Program Files\Tableau\Tableau 2026.2\Local\Maps\US\normal\4\15\9.png","1247"
"C:\Program Files\Tableau\Tableau 2026.2\Local\Maps\US\normal\4\2\0.png","103"
"C:\Program Files\Tableau\Tableau 2026.2\Local\Maps\US\normal\4\2\1.png","103"
"C:\Program Files\Tableau\Tableau 2026.2\Local\Maps\US\normal\4\2\10.png","103"
"C:\Program Files\Tableau\Tableau 2026.2\Local\Maps\US\normal\4\2\11.png","103"
"C:\Program Files\Tableau\Tableau 2026.2\Local\Maps\US\normal\4\2\12.png","829"
"C:\Program Files\Tableau\Tableau 2026.2\Local\Maps\US\normal\4\2\13.png","1432"
"C:\Program Files\Tableau\Tableau 2026.2\Local\Maps\US\normal\4\2\14.png","175"
"C:\Program Files\Tableau\Tableau 2026.2\Local\Maps\US\normal\4\2\15.png","255"
"C:\Program Files\Tableau\Tableau 2026.2\Local\Maps\US\normal\4\2\2.png","2519"
"C:\Program Files\Tableau\Tableau 2026.2\Local\Maps\US\normal\4\2\3.png","4721"
"C:\Program Files\Tableau\Tableau 2026.2\Local\Maps\US\normal\4\2\4.png","5788"
"C:\Program Files\Tableau\Tableau 2026.2\Local\Maps\US\normal\4\2\5.png","5834"
"C:\Program Files\Tableau\Tableau 2026.2\Local\Maps\US\normal\4\2\6.png","2690"
"C:\Program Files\Tableau\Tableau 2026.2\Local\Maps\US\normal\4\2\7.png","174"
"C:\Program Files\Tableau\Tableau 2026.2\Local\Maps\US\normal\4\2\8.png","103"
"C:\Program Files\Tableau\Tableau 2026.2\Local\Maps\US\normal\4\2\9.png","191"
"C:\Program Files\Tableau\Tableau 2026.2\Local\Maps\US\normal\4\3\0.png","103"
"C:\Program Files\Tableau\Tableau 2026.2\Local\Maps\US\normal\4\3\1.png","2003"
"C:\Program Files\Tableau\Tableau 2026.2\Local\Maps\US\normal\4\3\10.png","103"
"C:\Program Files\Tableau\Tableau 2026.2\Local\Maps\US\normal\4\3\11.png","103"
"C:\Program Files\Tableau\Tableau 2026.2\Local\Maps\US\normal\4\3\12.png","1662"
"C:\Program Files\Tableau\Tableau 2026.2\Local\Maps\US\normal\4\3\13.png","1048"
"C:\Program Files\Tableau\Tableau 2026.2\Local\Maps\US\normal\4\3\14.png","175"
"C:\Program Files\Tableau\Tableau 2026.2\Local\Maps\US\normal\4\3\15.png","255"
"C:\Program Files\Tableau\Tableau 2026.2\Local\Maps\US\normal\4\3\2.png","5766"
"C:\Program Files\Tableau\Tableau 2026.2\Local\Maps\US\normal\4\3\3.png","7322"
"C:\Program Files\Tableau\Tableau 2026.2\Local\Maps\US\normal\4\3\4.png","8112"
"C:\Program Files\Tableau\Tableau 2026.2\Local\Maps\US\normal\4\3\5.png","7481"
"C:\Program Files\Tableau\Tableau 2026.2\Local\Maps\US\normal\4\3\6.png","7532"
"C:\Program Files\Tableau\Tableau 2026.2\Local\Maps\US\normal\4\3\7.png","4113"
"C:\Program Files\Tableau\Tableau 2026.2\Local\Maps\US\normal\4\3\8.png","488"
"C:\Program Files\Tableau\Tableau 2026.2\Local\Maps\US\normal\4\3\9.png","268"
"C:\Program Files\Tableau\Tableau 2026.2\Local\Maps\US\normal\4\4\0.png","1226"
"C:\Program Files\Tableau\Tableau 2026.2\Local\Maps\US\normal\4\4\1.png","4828"
"C:\Program Files\Tableau\Tableau 2026.2\Local\Maps\US\normal\4\4\10.png","6551"
"C:\Program Files\Tableau\Tableau 2026.2\Local\Maps\US\normal\4\4\11.png","268"
"C:\Program Files\Tableau\Tableau 2026.2\Local\Maps\US\normal\4\4\12.png","3136"
"C:\Program Files\Tableau\Tableau 2026.2\Local\Maps\US\normal\4\4\13.png","1913"
"C:\Program Files\Tableau\Tableau 2026.2\Local\Maps\US\normal\4\4\14.png","1483"
"C:\Program Files\Tableau\Tableau 2026.2\Local\Maps\US\normal\4\4\15.png","255"
"C:\Program Files\Tableau\Tableau 2026.2\Local\Maps\US\normal\4\4\2.png","5304"
"C:\Program Files\Tableau\Tableau 2026.2\Local\Maps\US\normal\4\4\3.png","6615"
"C:\Program Files\Tableau\Tableau 2026.2\Local\Maps\US\normal\4\4\4.png","5540"
"C:\Program Files\Tableau\Tableau 2026.2\Local\Maps\US\normal\4\4\5.png","10370"
"C:\Program Files\Tableau\Tableau 2026.2\Local\Maps\US\normal\4\4\6.png","6250"
"C:\Program Files\Tableau\Tableau 2026.2\Local\Maps\US\normal\4\4\7.png","7735"
"C:\Program Files\Tableau\Tableau 2026.2\Local\Maps\US\normal\4\4\8.png","6117"
"C:\Program Files\Tableau\Tableau 2026.2\Local\Maps\US\normal\4\4\9.png","3774"
"C:\Program Files\Tableau\Tableau 2026.2\Local\Maps\US\normal\4\5\0.png","928"
"C:\Program Files\Tableau\Tableau 2026.2\Local\Maps\US\normal\4\5\1.png","3474"
"C:\Program Files\Tableau\Tableau 2026.2\Local\Maps\US\normal\4\5\10.png","1425"
"C:\Program Files\Tableau\Tableau 2026.2\Local\Maps\US\normal\4\5\11.png","2270"
"C:\Program Files\Tableau\Tableau 2026.2\Local\Maps\US\normal\4\5\12.png","2303"
"C:\Program Files\Tableau\Tableau 2026.2\Local\Maps\US\normal\4\5\13.png","1186"
"C:\Program Files\Tableau\Tableau 2026.2\Local\Maps\US\normal\4\5\14.png","2945"
"C:\Program Files\Tableau\Tableau 2026.2\Local\Maps\US\normal\4\5\15.png","920"
"C:\Program Files\Tableau\Tableau 2026.2\Local\Maps\US\normal\4\5\2.png","1566"
"C:\Program Files\Tableau\Tableau 2026.2\Local\Maps\US\normal\4\5\3.png","3773"
"C:\Program Files\Tableau\Tableau 2026.2\Local\Maps\US\normal\4\5\4.png","4603"
"C:\Program Files\Tableau\Tableau 2026.2\Local\Maps\US\normal\4\5\5.png","5162"
"C:\Program Files\Tableau\Tableau 2026.2\Local\Maps\US\normal\4\5\6.png","252"
"C:\Program Files\Tableau\Tableau 2026.2\Local\Maps\US\normal\4\5\7.png","5504"
"C:\Program Files\Tableau\Tableau 2026.2\Local\Maps\US\normal\4\5\8.png","8517"
"C:\Program Files\Tableau\Tableau 2026.2\Local\Maps\US\normal\4\5\9.png","6587"
"C:\Program Files\Tableau\Tableau 2026.2\Local\Maps\US\normal\4\6\0.png","2291"
"C:\Program Files\Tableau\Tableau 2026.2\Local\Maps\US\normal\4\6\1.png","1710"
"C:\Program Files\Tableau\Tableau 2026.2\Local\Maps\US\normal\4\6\10.png","508"
"C:\Program Files\Tableau\Tableau 2026.2\Local\Maps\US\normal\4\6\11.png","358"
"C:\Program Files\Tableau\Tableau 2026.2\Local\Maps\US\normal\4\6\12.png","103"
"C:\Program Files\Tableau\Tableau 2026.2\Local\Maps\US\normal\4\6\13.png","1201"
"C:\Program Files\Tableau\Tableau 2026.2\Local\Maps\US\normal\4\6\14.png","1807"
"C:\Program Files\Tableau\Tableau 2026.2\Local\Maps\US\normal\4\6\15.png","255"
"C:\Program Files\Tableau\Tableau 2026.2\Local\Maps\US\normal\4\6\2.png","505"
"C:\Program Files\Tableau\Tableau 2026.2\Local\Maps\US\normal\4\6\3.png","3252"
"C:\Program Files\Tableau\Tableau 2026.2\Local\Maps\US\normal\4\6\4.png","2011"
"C:\Program Files\Tableau\Tableau 2026.2\Local\Maps\US\normal\4\6\5.png","103"
"C:\Program Files\Tableau\Tableau 2026.2\Local\Maps\US\normal\4\6\6.png","496"
"C:\Program Files\Tableau\Tableau 2026.2\Local\Maps\US\normal\4\6\7.png","511"
"C:\Program Files\Tableau\Tableau 2026.2\Local\Maps\US\normal\4\6\8.png","3777"
"C:\Program Files\Tableau\Tableau 2026.2\Local\Maps\US\normal\4\6\9.png","642"
"C:\Program Files\Tableau\Tableau 2026.2\Local\Maps\US\normal\4\7\0.png","291"
"C:\Program Files\Tableau\Tableau 2026.2\Local\Maps\US\normal\4\7\1.png","2152"
"C:\Program Files\Tableau\Tableau 2026.2\Local\Maps\US\normal\4\7\10.png","103"
"C:\Program Files\Tableau\Tableau 2026.2\Local\Maps\US\normal\4\7\11.png","103"
"C:\Program Files\Tableau\Tableau 2026.2\Local\Maps\US\normal\4\7\12.png","1696"
"C:\Program Files\Tableau\Tableau 2026.2\Local\Maps\US\normal\4\7\13.png","820"
"C:\Program Files\Tableau\Tableau 2026.2\Local\Maps\US\normal\4\7\14.png","175"
"C:\Program Files\Tableau\Tableau 2026.2\Local\Maps\US\normal\4\7\15.png","255"
"C:\Program Files\Tableau\Tableau 2026.2\Local\Maps\US\normal\4\7\2.png","2533"
"C:\Program Files\Tableau\Tableau 2026.2\Local\Maps\US\normal\4\7\3.png","959"
"C:\Program Files\Tableau\Tableau 2026.2\Local\Maps\US\normal\4\7\4.png","2612"
"C:\Program Files\Tableau\Tableau 2026.2\Local\Maps\US\normal\4\7\5.png","4849"
"C:\Program Files\Tableau\Tableau 2026.2\Local\Maps\US\normal\4\7\6.png","6483"
"C:\Program Files\Tableau\Tableau 2026.2\Local\Maps\US\normal\4\7\7.png","7975"
"C:\Program Files\Tableau\Tableau 2026.2\Local\Maps\US\normal\4\7\8.png","276"
"C:\Program Files\Tableau\Tableau 2026.2\Local\Maps\US\normal\4\7\9.png","268"
"C:\Program Files\Tableau\Tableau 2026.2\Local\Maps\US\normal\4\8\0.png","103"
"C:\Program Files\Tableau\Tableau 2026.2\Local\Maps\US\normal\4\8\1.png","1994"
"C:\Program Files\Tableau\Tableau 2026.2\Local\Maps\US\normal\4\8\10.png","263"
"C:\Program Files\Tableau\Tableau 2026.2\Local\Maps\US\normal\4\8\11.png","103"
"C:\Program Files\Tableau\Tableau 2026.2\Local\Maps\US\normal\4\8\12.png","1361"
"C:\Program Files\Tableau\Tableau 2026.2\Local\Maps\US\normal\4\8\13.png","175"
"C:\Program Files\Tableau\Tableau 2026.2\Local\Maps\US\normal\4\8\14.png","175"
"C:\Program Files\Tableau\Tableau 2026.2\Local\Maps\US\normal\4\8\15.png","255"
"C:\Program Files\Tableau\Tableau 2026.2\Local\Maps\US\normal\4\8\2.png","2373"
"C:\Program Files\Tableau\Tableau 2026.2\Local\Maps\US\normal\4\8\3.png","3848"
"C:\Program Files\Tableau\Tableau 2026.2\Local\Maps\US\normal\4\8\4.png","8005"
"C:\Program Files\Tableau\Tableau 2026.2\Local\Maps\US\normal\4\8\5.png","18837"
"C:\Program Files\Tableau\Tableau 2026.2\Local\Maps\US\normal\4\8\6.png","5784"
"C:\Program Files\Tableau\Tableau 2026.2\Local\Maps\US\normal\4\8\7.png","11402"
"C:\Program Files\Tableau\Tableau 2026.2\Local\Maps\US\normal\4\8\8.png","5042"
"C:\Program Files\Tableau\Tableau 2026.2\Local\Maps\US\normal\4\8\9.png","1831"
"C:\Program Files\Tableau\Tableau 2026.2\Local\Maps\US\normal\4\9\0.png","103"
"C:\Program Files\Tableau\Tableau 2026.2\Local\Maps\US\normal\4\9\1.png","1008"
"C:\Program Files\Tableau\Tableau 2026.2\Local\Maps\US\normal\4\9\10.png","290"
"C:\Program Files\Tableau\Tableau 2026.2\Local\Maps\US\normal\4\9\11.png","103"
"C:\Program Files\Tableau\Tableau 2026.2\Local\Maps\US\normal\4\9\12.png","1365"
"C:\Program Files\Tableau\Tableau 2026.2\Local\Maps\US\normal\4\9\13.png","175"
"C:\Program Files\Tableau\Tableau 2026.2\Local\Maps\US\normal\4\9\14.png","175"
"C:\Program Files\Tableau\Tableau 2026.2\Local\Maps\US\normal\4\9\15.png","255"
"C:\Program Files\Tableau\Tableau 2026.2\Local\Maps\US\normal\4\9\2.png","796"
"C:\Program Files\Tableau\Tableau 2026.2\Local\Maps\US\normal\4\9\3.png","5818"
"C:\Program Files\Tableau\Tableau 2026.2\Local\Maps\US\normal\4\9\4.png","9838"
"C:\Program Files\Tableau\Tableau 2026.2\Local\Maps\US\normal\4\9\5.png","10426"
"C:\Program Files\Tableau\Tableau 2026.2\Local\Maps\US\normal\4\9\6.png","9320"
"C:\Program Files\Tableau\Tableau 2026.2\Local\Maps\US\normal\4\9\7.png","10029"
"C:\Program Files\Tableau\Tableau 2026.2\Local\Maps\US\normal\4\9\8.png","10807"
"C:\Program Files\Tableau\Tableau 2026.2\Local\Maps\US\normal\4\9\9.png","3429"
"C:\Program Files\Tableau\Tableau 2026.2\Local\Maps\US\normal\5\0\0.png","103"
"C:\Program Files\Tableau\Tableau 2026.2\Local\Maps\US\normal\5\0\1.png","103"
"C:\Program Files\Tableau\Tableau 2026.2\Local\Maps\US\normal\5\0\10.png","1120"
"C:\Program Files\Tableau\Tableau 2026.2\Local\Maps\US\normal\5\0\11.png","103"
"C:\Program Files\Tableau\Tableau 2026.2\Local\Maps\US\normal\5\0\12.png","103"
"C:\Program Files\Tableau\Tableau 2026.2\Local\Maps\US\normal\5\0\13.png","266"
"C:\Program Files\Tableau\Tableau 2026.2\Local\Maps\US\normal\5\0\14.png","169"
"C:\Program Files\Tableau\Tableau 2026.2\Local\Maps\US\normal\5\0\15.png","175"
"C:\Program Files\Tableau\Tableau 2026.2\Local\Maps\US\normal\5\0\16.png","304"
"C:\Program Files\Tableau\Tableau 2026.2\Local\Maps\US\normal\5\0\17.png","972"
"C:\Program Files\Tableau\Tableau 2026.2\Local\Maps\US\normal\5\0\18.png","269"
"C:\Program Files\Tableau\Tableau 2026.2\Local\Maps\US\normal\5\0\19.png","103"
"C:\Program Files\Tableau\Tableau 2026.2\Local\Maps\US\normal\5\0\2.png","103"
"C:\Program Files\Tableau\Tableau 2026.2\Local\Maps\US\normal\5\0\20.png","492"
"C:\Program Files\Tableau\Tableau 2026.2\Local\Maps\US\normal\5\0\21.png","103"
"C:\Program Files\Tableau\Tableau 2026.2\Local\Maps\US\normal\5\0\22.png","103"
"C:\Program Files\Tableau\Tableau 2026.2\Local\Maps\US\normal\5\0\23.png","103"
"C:\Program Files\Tableau\Tableau 2026.2\Local\Maps\US\normal\5\0\24.png","103"
"C:\Program Files\Tableau\Tableau 2026.2\Local\Maps\US\normal\5\0\25.png","103"
"C:\Program Files\Tableau\Tableau 2026.2\Local\Maps\US\normal\5\0\26.png","103"
"C:\Program Files\Tableau\Tableau 2026.2\Local\Maps\US\normal\5\0\27.png","103"
"C:\Program Files\Tableau\Tableau 2026.2\Local\Maps\US\normal\5\0\28.png","103"
"C:\Program Files\Tableau\Tableau 2026.2\Local\Maps\US\normal\5\0\29.png","103"
"C:\Program Files\Tableau\Tableau 2026.2\Local\Maps\US\normal\5\0\3.png","103"
"C:\Program Files\Tableau\Tableau 2026.2\Local\Maps\US\normal\5\0\30.png","1569"
"C:\Program Files\Tableau\Tableau 2026.2\Local\Maps\US\normal\5\0\31.png","967"
"C:\Program Files\Tableau\Tableau 2026.2\Local\Maps\US\normal\5\0\4.png","103"
"C:\Program Files\Tableau\Tableau 2026.2\Local\Maps\US\normal\5\0\5.png","103"
"C:\Program Files\Tableau\Tableau 2026.2\Local\Maps\US\normal\5\0\6.png","635"
"C:\Program Files\Tableau\Tableau 2026.2\Local\Maps\US\normal\5\0\7.png","1432"
"C:\Program Files\Tableau\Tableau 2026.2\Local\Maps\US\normal\5\0\8.png","2401"
"C:\Program Files\Tableau\Tableau 2026.2\Local\Maps\US\normal\5\0\9.png","525"
"C:\Program Files\Tableau\Tableau 2026.2\Local\Maps\US\normal\5\1\0.png","103"
"C:\Program Files\Tableau\Tableau 2026.2\Local\Maps\US\normal\5\1\1.png","103"
"C:\Program Files\Tableau\Tableau 2026.2\Local\Maps\US\normal\5\1\10.png","1903"
"C:\Program Files\Tableau\Tableau 2026.2\Local\Maps\US\normal\5\1\11.png","103"
"C:\Program Files\Tableau\Tableau 2026.2\Local\Maps\US\normal\5\1\12.png","103"
"C:\Program Files\Tableau\Tableau 2026.2\Local\Maps\US\normal\5\1\13.png","354"
"C:\Program Files\Tableau\Tableau 2026.2\Local\Maps\US\normal\5\1\14.png","400"
"C:\Program Files\Tableau\Tableau 2026.2\Local\Maps\US\normal\5\1\15.png","317"
"C:\Program Files\Tableau\Tableau 2026.2\Local\Maps\US\normal\5\1\16.png","275"
"C:\Program Files\Tableau\Tableau 2026.2\Local\Maps\US\normal\5\1\17.png","346"
"C:\Program Files\Tableau\Tableau 2026.2\Local\Maps\US\normal\5\1\18.png","103"
"C:\Program Files\Tableau\Tableau 2026.2\Local\Maps\US\normal\5\1\19.png","103"
"C:\Program Files\Tableau\Tableau 2026.2\Local\Maps\US\normal\5\1\2.png","103"
"C:\Program Files\Tableau\Tableau 2026.2\Local\Maps\US\normal\5\1\20.png","103"
"C:\Program Files\Tableau\Tableau 2026.2\Local\Maps\US\normal\5\1\21.png","103"
"C:\Program Files\Tableau\Tableau 2026.2\Local\Maps\US\normal\5\1\22.png","103"
"C:\Program Files\Tableau\Tableau 2026.2\Local\Maps\US\normal\5\1\23.png","103"
"C:\Program Files\Tableau\Tableau 2026.2\Local\Maps\US\normal\5\1\24.png","103"
"C:\Program Files\Tableau\Tableau 2026.2\Local\Maps\US\normal\5\1\25.png","103"
"C:\Program Files\Tableau\Tableau 2026.2\Local\Maps\US\normal\5\1\26.png","103"
"C:\Program Files\Tableau\Tableau 2026.2\Local\Maps\US\normal\5\1\27.png","1053"
"C:\Program Files\Tableau\Tableau 2026.2\Local\Maps\US\normal\5\1\28.png","992"
"C:\Program Files\Tableau\Tableau 2026.2\Local\Maps\US\normal\5\1\29.png","1004"
"C:\Program Files\Tableau\Tableau 2026.2\Local\Maps\US\normal\5\1\3.png","103"
"C:\Program Files\Tableau\Tableau 2026.2\Local\Maps\US\normal\5\1\30.png","1911"
"C:\Program Files\Tableau\Tableau 2026.2\Local\Maps\US\normal\5\1\31.png","1596"
"C:\Program Files\Tableau\Tableau 2026.2\Local\Maps\US\normal\5\1\4.png","103"
"C:\Program Files\Tableau\Tableau 2026.2\Local\Maps\US\normal\5\1\5.png","103"
"C:\Program Files\Tableau\Tableau 2026.2\Local\Maps\US\normal\5\1\6.png","560"
"C:\Program Files\Tableau\Tableau 2026.2\Local\Maps\US\normal\5\1\7.png","1797"
"C:\Program Files\Tableau\Tableau 2026.2\Local\Maps\US\normal\5\1\8.png","2569"
"C:\Program Files\Tableau\Tableau 2026.2\Local\Maps\US\normal\5\1\9.png","3652"
"C:\Program Files\Tableau\Tableau 2026.2\Local\Maps\US\normal\5\10\0.png","103"
"C:\Program Files\Tableau\Tableau 2026.2\Local\Maps\US\normal\5\10\1.png","930"
"C:\Program Files\Tableau\Tableau 2026.2\Local\Maps\US\normal\5\10\10.png","6853"
"C:\Program Files\Tableau\Tableau 2026.2\Local\Maps\US\normal\5\10\11.png","3727"
"C:\Program Files\Tableau\Tableau 2026.2\Local\Maps\US\normal\5\10\12.png","271"
"C:\Program Files\Tableau\Tableau 2026.2\Local\Maps\US\normal\5\10\13.png","103"
"C:\Program Files\Tableau\Tableau 2026.2\Local\Maps\US\normal\5\10\14.png","1462"
"C:\Program Files\Tableau\Tableau 2026.2\Local\Maps\US\normal\5\10\15.png","10698"
"C:\Program Files\Tableau\Tableau 2026.2\Local\Maps\US\normal\5\10\16.png","4630"
"C:\Program Files\Tableau\Tableau 2026.2\Local\Maps\US\normal\5\10\17.png","9104"
"C:\Program Files\Tableau\Tableau 2026.2\Local\Maps\US\normal\5\10\18.png","12404"
"C:\Program Files\Tableau\Tableau 2026.2\Local\Maps\US\normal\5\10\19.png","5782"
"C:\Program Files\Tableau\Tableau 2026.2\Local\Maps\US\normal\5\10\2.png","2539"
"C:\Program Files\Tableau\Tableau 2026.2\Local\Maps\US\normal\5\10\20.png","1264"
"C:\Program Files\Tableau\Tableau 2026.2\Local\Maps\US\normal\5\10\21.png","1873"
"C:\Program Files\Tableau\Tableau 2026.2\Local\Maps\US\normal\5\10\22.png","303"
"C:\Program Files\Tableau\Tableau 2026.2\Local\Maps\US\normal\5\10\23.png","4103"
"C:\Program Files\Tableau\Tableau 2026.2\Local\Maps\US\normal\5\10\24.png","2695"
"C:\Program Files\Tableau\Tableau 2026.2\Local\Maps\US\normal\5\10\25.png","2180"
"C:\Program Files\Tableau\Tableau 2026.2\Local\Maps\US\normal\5\10\26.png","1329"
"C:\Program Files\Tableau\Tableau 2026.2\Local\Maps\US\normal\5\10\27.png","429"
"C:\Program Files\Tableau\Tableau 2026.2\Local\Maps\US\normal\5\10\28.png","2205"
"C:\Program Files\Tableau\Tableau 2026.2\Local\Maps\US\normal\5\10\29.png","1795"
"C:\Program Files\Tableau\Tableau 2026.2\Local\Maps\US\normal\5\10\3.png","1570"
"C:\Program Files\Tableau\Tableau 2026.2\Local\Maps\US\normal\5\10\30.png","1405"
"C:\Program Files\Tableau\Tableau 2026.2\Local\Maps\US\normal\5\10\31.png","252"
"C:\Program Files\Tableau\Tableau 2026.2\Local\Maps\US\normal\5\10\4.png","837"
"C:\Program Files\Tableau\Tableau 2026.2\Local\Maps\US\normal\5\10\5.png","1820"
"C:\Program Files\Tableau\Tableau 2026.2\Local\Maps\US\normal\5\10\6.png","341"
"C:\Program Files\Tableau\Tableau 2026.2\Local\Maps\US\normal\5\10\7.png","2104"
"C:\Program Files\Tableau\Tableau 2026.2\Local\Maps\US\normal\5\10\8.png","3451"
"C:\Program Files\Tableau\Tableau 2026.2\Local\Maps\US\normal\5\10\9.png","4169"
"C:\Program Files\Tableau\Tableau 2026.2\Local\Maps\US\normal\5\11\0.png","103"
"C:\Program Files\Tableau\Tableau 2026.2\Local\Maps\US\normal\5\11\1.png","998"
"C:\Program Files\Tableau\Tableau 2026.2\Local\Maps\US\normal\5\11\10.png","1348"
"C:\Program Files\Tableau\Tableau 2026.2\Local\Maps\US\normal\5\11\11.png","1521"
"C:\Program Files\Tableau\Tableau 2026.2\Local\Maps\US\normal\5\11\12.png","103"
"C:\Program Files\Tableau\Tableau 2026.2\Local\Maps\US\normal\5\11\13.png","103"
"C:\Program Files\Tableau\Tableau 2026.2\Local\Maps\US\normal\5\11\14.png","103"
"C:\Program Files\Tableau\Tableau 2026.2\Local\Maps\US\normal\5\11\15.png","3823"
"C:\Program Files\Tableau\Tableau 2026.2\Local\Maps\US\normal\5\11\16.png","5515"
"C:\Program Files\Tableau\Tableau 2026.2\Local\Maps\US\normal\5\11\17.png","6843"
"C:\Program Files\Tableau\Tableau 2026.2\Local\Maps\US\normal\5\11\18.png","8640"
"C:\Program Files\Tableau\Tableau 2026.2\Local\Maps\US\normal\5\11\19.png","2802"
"C:\Program Files\Tableau\Tableau 2026.2\Local\Maps\US\normal\5\11\2.png","2657"
"C:\Program Files\Tableau\Tableau 2026.2\Local\Maps\US\normal\5\11\20.png","103"
"C:\Program Files\Tableau\Tableau 2026.2\Local\Maps\US\normal\5\11\21.png","103"
"C:\Program Files\Tableau\Tableau 2026.2\Local\Maps\US\normal\5\11\22.png","571"
"C:\Program Files\Tableau\Tableau 2026.2\Local\Maps\US\normal\5\11\23.png","542"
"C:\Program Files\Tableau\Tableau 2026.2\Local\Maps\US\normal\5\11\24.png","103"
"C:\Program Files\Tableau\Tableau 2026.2\Local\Maps\US\normal\5\11\25.png","103"
"C:\Program Files\Tableau\Tableau 2026.2\Local\Maps\US\normal\5\11\26.png","103"
"C:\Program Files\Tableau\Tableau 2026.2\Local\Maps\US\normal\5\11\27.png","967"
"C:\Program Files\Tableau\Tableau 2026.2\Local\Maps\US\normal\5\11\28.png","1408"
"C:\Program Files\Tableau\Tableau 2026.2\Local\Maps\US\normal\5\11\29.png","1502"
"C:\Program Files\Tableau\Tableau 2026.2\Local\Maps\US\normal\5\11\3.png","1301"
"C:\Program Files\Tableau\Tableau 2026.2\Local\Maps\US\normal\5\11\30.png","177"
"C:\Program Files\Tableau\Tableau 2026.2\Local\Maps\US\normal\5\11\31.png","252"
"C:\Program Files\Tableau\Tableau 2026.2\Local\Maps\US\normal\5\11\4.png","1132"
"C:\Program Files\Tableau\Tableau 2026.2\Local\Maps\US\normal\5\11\5.png","349"
"C:\Program Files\Tableau\Tableau 2026.2\Local\Maps\US\normal\5\11\6.png","2981"
"C:\Program Files\Tableau\Tableau 2026.2\Local\Maps\US\normal\5\11\7.png","4386"
"C:\Program Files\Tableau\Tableau 2026.2\Local\Maps\US\normal\5\11\8.png","3586"
"C:\Program Files\Tableau\Tableau 2026.2\Local\Maps\US\normal\5\11\9.png","1483"
"C:\Program Files\Tableau\Tableau 2026.2\Local\Maps\US\normal\5\12\0.png","103"
"C:\Program Files\Tableau\Tableau 2026.2\Local\Maps\US\normal\5\12\1.png","2974"
"C:\Program Files\Tableau\Tableau 2026.2\Local\Maps\US\normal\5\12\10.png","103"
"C:\Program Files\Tableau\Tableau 2026.2\Local\Maps\US\normal\5\12\11.png","103"
"C:\Program Files\Tableau\Tableau 2026.2\Local\Maps\US\normal\5\12\12.png","103"
"C:\Program Files\Tableau\Tableau 2026.2\Local\Maps\US\normal\5\12\13.png","103"
"C:\Program Files\Tableau\Tableau 2026.2\Local\Maps\US\normal\5\12\14.png","103"
"C:\Program Files\Tableau\Tableau 2026.2\Local\Maps\US\normal\5\12\15.png","103"
"C:\Program Files\Tableau\Tableau 2026.2\Local\Maps\US\normal\5\12\16.png","7075"
"C:\Program Files\Tableau\Tableau 2026.2\Local\Maps\US\normal\5\12\17.png","3122"
"C:\Program Files\Tableau\Tableau 2026.2\Local\Maps\US\normal\5\12\18.png","1082"
"C:\Program Files\Tableau\Tableau 2026.2\Local\Maps\US\normal\5\12\19.png","103"
"C:\Program Files\Tableau\Tableau 2026.2\Local\Maps\US\normal\5\12\2.png","1451"
"C:\Program Files\Tableau\Tableau 2026.2\Local\Maps\US\normal\5\12\20.png","103"
"C:\Program Files\Tableau\Tableau 2026.2\Local\Maps\US\normal\5\12\21.png","703"
"C:\Program Files\Tableau\Tableau 2026.2\Local\Maps\US\normal\5\12\22.png","307"
"C:\Program Files\Tableau\Tableau 2026.2\Local\Maps\US\normal\5\12\23.png","103"
"C:\Program Files\Tableau\Tableau 2026.2\Local\Maps\US\normal\5\12\24.png","103"
"C:\Program Files\Tableau\Tableau 2026.2\Local\Maps\US\normal\5\12\25.png","103"
"C:\Program Files\Tableau\Tableau 2026.2\Local\Maps\US\normal\5\12\26.png","103"
"C:\Program Files\Tableau\Tableau 2026.2\Local\Maps\US\normal\5\12\27.png","1252"
"C:\Program Files\Tableau\Tableau 2026.2\Local\Maps\US\normal\5\12\28.png","1279"
"C:\Program Files\Tableau\Tableau 2026.2\Local\Maps\US\normal\5\12\29.png","933"
"C:\Program Files\Tableau\Tableau 2026.2\Local\Maps\US\normal\5\12\3.png","177"
"C:\Program Files\Tableau\Tableau 2026.2\Local\Maps\US\normal\5\12\30.png","177"
"C:\Program Files\Tableau\Tableau 2026.2\Local\Maps\US\normal\5\12\31.png","252"
"C:\Program Files\Tableau\Tableau 2026.2\Local\Maps\US\normal\5\12\4.png","604"
"C:\Program Files\Tableau\Tableau 2026.2\Local\Maps\US\normal\5\12\5.png","268"
"C:\Program Files\Tableau\Tableau 2026.2\Local\Maps\US\normal\5\12\6.png","915"
"C:\Program Files\Tableau\Tableau 2026.2\Local\Maps\US\normal\5\12\7.png","785"
"C:\Program Files\Tableau\Tableau 2026.2\Local\Maps\US\normal\5\12\8.png","2848"
"C:\Program Files\Tableau\Tableau 2026.2\Local\Maps\US\normal\5\12\9.png","1300"
"C:\Program Files\Tableau\Tableau 2026.2\Local\Maps\US\normal\5\13\0.png","103"
"C:\Program Files\Tableau\Tableau 2026.2\Local\Maps\US\normal\5\13\1.png","1920"
"C:\Program Files\Tableau\Tableau 2026.2\Local\Maps\US\normal\5\13\10.png","103"
"C:\Program Files\Tableau\Tableau 2026.2\Local\Maps\US\normal\5\13\11.png","103"
"C:\Program Files\Tableau\Tableau 2026.2\Local\Maps\US\normal\5\13\12.png","634"
"C:\Program Files\Tableau\Tableau 2026.2\Local\Maps\US\normal\5\13\13.png","103"
"C:\Program Files\Tableau\Tableau 2026.2\Local\Maps\US\normal\5\13\14.png","661"
"C:\Program Files\Tableau\Tableau 2026.2\Local\Maps\US\normal\5\13\15.png","254"
"C:\Program Files\Tableau\Tableau 2026.2\Local\Maps\US\normal\5\13\16.png","251"
"C:\Program Files\Tableau\Tableau 2026.2\Local\Maps\US\normal\5\13\17.png","254"
"C:\Program Files\Tableau\Tableau 2026.2\Local\Maps\US\normal\5\13\18.png","103"
"C:\Program Files\Tableau\Tableau 2026.2\Local\Maps\US\normal\5\13\19.png","103"
"C:\Program Files\Tableau\Tableau 2026.2\Local\Maps\US\normal\5\13\2.png","1688"
"C:\Program Files\Tableau\Tableau 2026.2\Local\Maps\US\normal\5\13\20.png","103"
"C:\Program Files\Tableau\Tableau 2026.2\Local\Maps\US\normal\5\13\21.png","103"
"C:\Program Files\Tableau\Tableau 2026.2\Local\Maps\US\normal\5\13\22.png","497"
"C:\Program Files\Tableau\Tableau 2026.2\Local\Maps\US\normal\5\13\23.png","103"
"C:\Program Files\Tableau\Tableau 2026.2\Local\Maps\US\normal\5\13\24.png","103"
"C:\Program Files\Tableau\Tableau 2026.2\Local\Maps\US\normal\5\13\25.png","103"
"C:\Program Files\Tableau\Tableau 2026.2\Local\Maps\US\normal\5\13\26.png","808"
"C:\Program Files\Tableau\Tableau 2026.2\Local\Maps\US\normal\5\13\27.png","712"
"C:\Program Files\Tableau\Tableau 2026.2\Local\Maps\US\normal\5\13\28.png","1866"
"C:\Program Files\Tableau\Tableau 2026.2\Local\Maps\US\normal\5\13\29.png","177"
"C:\Program Files\Tableau\Tableau 2026.2\Local\Maps\US\normal\5\13\3.png","676"
"C:\Program Files\Tableau\Tableau 2026.2\Local\Maps\US\normal\5\13\30.png","177"
"C:\Program Files\Tableau\Tableau 2026.2\Local\Maps\US\normal\5\13\31.png","252"
"C:\Program Files\Tableau\Tableau 2026.2\Local\Maps\US\normal\5\13\4.png","177"
"C:\Program Files\Tableau\Tableau 2026.2\Local\Maps\US\normal\5\13\5.png","357"
"C:\Program Files\Tableau\Tableau 2026.2\Local\Maps\US\normal\5\13\6.png","4150"
"C:\Program Files\Tableau\Tableau 2026.2\Local\Maps\US\normal\5\13\7.png","2338"
"C:\Program Files\Tableau\Tableau 2026.2\Local\Maps\US\normal\5\13\8.png","1160"
"C:\Program Files\Tableau\Tableau 2026.2\Local\Maps\US\normal\5\13\9.png","103"
"C:\Program Files\Tableau\Tableau 2026.2\Local\Maps\US\normal\5\14\0.png","103"
"C:\Program Files\Tableau\Tableau 2026.2\Local\Maps\US\normal\5\14\1.png","330"
"C:\Program Files\Tableau\Tableau 2026.2\Local\Maps\US\normal\5\14\10.png","103"
"C:\Program Files\Tableau\Tableau 2026.2\Local\Maps\US\normal\5\14\11.png","103"
"C:\Program Files\Tableau\Tableau 2026.2\Local\Maps\US\normal\5\14\12.png","447"
"C:\Program Files\Tableau\Tableau 2026.2\Local\Maps\US\normal\5\14\13.png","2739"
"C:\Program Files\Tableau\Tableau 2026.2\Local\Maps\US\normal\5\14\14.png","9657"
"C:\Program Files\Tableau\Tableau 2026.2\Local\Maps\US\normal\5\14\15.png","2479"
"C:\Program Files\Tableau\Tableau 2026.2\Local\Maps\US\normal\5\14\16.png","272"
"C:\Program Files\Tableau\Tableau 2026.2\Local\Maps\US\normal\5\14\17.png","103"
"C:\Program Files\Tableau\Tableau 2026.2\Local\Maps\US\normal\5\14\18.png","103"
"C:\Program Files\Tableau\Tableau 2026.2\Local\Maps\US\normal\5\14\19.png","274"
"C:\Program Files\Tableau\Tableau 2026.2\Local\Maps\US\normal\5\14\2.png","2191"
"C:\Program Files\Tableau\Tableau 2026.2\Local\Maps\US\normal\5\14\20.png","103"
"C:\Program Files\Tableau\Tableau 2026.2\Local\Maps\US\normal\5\14\21.png","103"
"C:\Program Files\Tableau\Tableau 2026.2\Local\Maps\US\normal\5\14\22.png","103"
"C:\Program Files\Tableau\Tableau 2026.2\Local\Maps\US\normal\5\14\23.png","103"
"C:\Program Files\Tableau\Tableau 2026.2\Local\Maps\US\normal\5\14\24.png","103"
"C:\Program Files\Tableau\Tableau 2026.2\Local\Maps\US\normal\5\14\25.png","1481"
"C:\Program Files\Tableau\Tableau 2026.2\Local\Maps\US\normal\5\14\26.png","1222"
"C:\Program Files\Tableau\Tableau 2026.2\Local\Maps\US\normal\5\14\27.png","177"
"C:\Program Files\Tableau\Tableau 2026.2\Local\Maps\US\normal\5\14\28.png","177"
"C:\Program Files\Tableau\Tableau 2026.2\Local\Maps\US\normal\5\14\29.png","177"
"C:\Program Files\Tableau\Tableau 2026.2\Local\Maps\US\normal\5\14\3.png","2151"
"C:\Program Files\Tableau\Tableau 2026.2\Local\Maps\US\normal\5\14\30.png","177"
"C:\Program Files\Tableau\Tableau 2026.2\Local\Maps\US\normal\5\14\31.png","252"
"C:\Program Files\Tableau\Tableau 2026.2\Local\Maps\US\normal\5\14\4.png","2530"
"C:\Program Files\Tableau\Tableau 2026.2\Local\Maps\US\normal\5\14\5.png","3111"
"C:\Program Files\Tableau\Tableau 2026.2\Local\Maps\US\normal\5\14\6.png","1341"
"C:\Program Files\Tableau\Tableau 2026.2\Local\Maps\US\normal\5\14\7.png","560"
"C:\Program Files\Tableau\Tableau 2026.2\Local\Maps\US\normal\5\14\8.png","4816"
"C:\Program Files\Tableau\Tableau 2026.2\Local\Maps\US\normal\5\14\9.png","131"
"C:\Program Files\Tableau\Tableau 2026.2\Local\Maps\US\normal\5\15\0.png","103"
"C:\Program Files\Tableau\Tableau 2026.2\Local\Maps\US\normal\5\15\1.png","103"
"C:\Program Files\Tableau\Tableau 2026.2\Local\Maps\US\normal\5\15\10.png","8094"
"C:\Program Files\Tableau\Tableau 2026.2\Local\Maps\US\normal\5\15\11.png","6614"
"C:\Program Files\Tableau\Tableau 2026.2\Local\Maps\US\normal\5\15\12.png","12201"
"C:\Program Files\Tableau\Tableau 2026.2\Local\Maps\US\normal\5\15\13.png","7710"
"C:\Program Files\Tableau\Tableau 2026.2\Local\Maps\US\normal\5\15\14.png","11099"
"C:\Program Files\Tableau\Tableau 2026.2\Local\Maps\US\normal\5\15\15.png","13768"
"C:\Program Files\Tableau\Tableau 2026.2\Local\Maps\US\normal\5\15\16.png","103"
"C:\Program Files\Tableau\Tableau 2026.2\Local\Maps\US\normal\5\15\17.png","264"
"C:\Program Files\Tableau\Tableau 2026.2\Local\Maps\US\normal\5\15\18.png","103"
"C:\Program Files\Tableau\Tableau 2026.2\Local\Maps\US\normal\5\15\19.png","273"
"C:\Program Files\Tableau\Tableau 2026.2\Local\Maps\US\normal\5\15\2.png","103"
"C:\Program Files\Tableau\Tableau 2026.2\Local\Maps\US\normal\5\15\20.png","103"
"C:\Program Files\Tableau\Tableau 2026.2\Local\Maps\US\normal\5\15\21.png","103"
"C:\Program Files\Tableau\Tableau 2026.2\Local\Maps\US\normal\5\15\22.png","103"
"C:\Program Files\Tableau\Tableau 2026.2\Local\Maps\US\normal\5\15\23.png","103"
"C:\Program Files\Tableau\Tableau 2026.2\Local\Maps\US\normal\5\15\24.png","562"
"C:\Program Files\Tableau\Tableau 2026.2\Local\Maps\US\normal\5\15\25.png","1776"
"C:\Program Files\Tableau\Tableau 2026.2\Local\Maps\US\normal\5\15\26.png","177"
"C:\Program Files\Tableau\Tableau 2026.2\Local\Maps\US\normal\5\15\27.png","177"
"C:\Program Files\Tableau\Tableau 2026.2\Local\Maps\US\normal\5\15\28.png","177"
"C:\Program Files\Tableau\Tableau 2026.2\Local\Maps\US\normal\5\15\29.png","177"
"C:\Program Files\Tableau\Tableau 2026.2\Local\Maps\US\normal\5\15\3.png","103"
"C:\Program Files\Tableau\Tableau 2026.2\Local\Maps\US\normal\5\15\30.png","177"
"C:\Program Files\Tableau\Tableau 2026.2\Local\Maps\US\normal\5\15\31.png","252"
"C:\Program Files\Tableau\Tableau 2026.2\Local\Maps\US\normal\5\15\4.png","103"
"C:\Program Files\Tableau\Tableau 2026.2\Local\Maps\US\normal\5\15\5.png","103"
"C:\Program Files\Tableau\Tableau 2026.2\Local\Maps\US\normal\5\15\6.png","530"
"C:\Program Files\Tableau\Tableau 2026.2\Local\Maps\US\normal\5\15\7.png","103"
"C:\Program Files\Tableau\Tableau 2026.2\Local\Maps\US\normal\5\15\8.png","668"
"C:\Program Files\Tableau\Tableau 2026.2\Local\Maps\US\normal\5\15\9.png","3198"
"C:\Program Files\Tableau\Tableau 2026.2\Local\Maps\US\normal\5\16\0.png","103"
"C:\Program Files\Tableau\Tableau 2026.2\Local\Maps\US\normal\5\16\1.png","103"
"C:\Program Files\Tableau\Tableau 2026.2\Local\Maps\US\normal\5\16\10.png","13200"
"C:\Program Files\Tableau\Tableau 2026.2\Local\Maps\US\normal\5\16\11.png","13966"
"C:\Program Files\Tableau\Tableau 2026.2\Local\Maps\US\normal\5\16\12.png","12551"
"C:\Program Files\Tableau\Tableau 2026.2\Local\Maps\US\normal\5\16\13.png","6739"
"C:\Program Files\Tableau\Tableau 2026.2\Local\Maps\US\normal\5\16\14.png","10959"
"C:\Program Files\Tableau\Tableau 2026.2\Local\Maps\US\normal\5\16\15.png","15394"
"C:\Program Files\Tableau\Tableau 2026.2\Local\Maps\US\normal\5\16\16.png","1663"
"C:\Program Files\Tableau\Tableau 2026.2\Local\Maps\US\normal\5\16\17.png","103"
"C:\Program Files\Tableau\Tableau 2026.2\Local\Maps\US\normal\5\16\18.png","103"
"C:\Program Files\Tableau\Tableau 2026.2\Local\Maps\US\normal\5\16\19.png","103"
"C:\Program Files\Tableau\Tableau 2026.2\Local\Maps\US\normal\5\16\2.png","103"
"C:\Program Files\Tableau\Tableau 2026.2\Local\Maps\US\normal\5\16\20.png","103"
"C:\Program Files\Tableau\Tableau 2026.2\Local\Maps\US\normal\5\16\21.png","280"
"C:\Program Files\Tableau\Tableau 2026.2\Local\Maps\US\normal\5\16\22.png","103"
"C:\Program Files\Tableau\Tableau 2026.2\Local\Maps\US\normal\5\16\23.png","103"
"C:\Program Files\Tableau\Tableau 2026.2\Local\Maps\US\normal\5\16\24.png","1150"
"C:\Program Files\Tableau\Tableau 2026.2\Local\Maps\US\normal\5\16\25.png","750"
"C:\Program Files\Tableau\Tableau 2026.2\Local\Maps\US\normal\5\16\26.png","177"
"C:\Program Files\Tableau\Tableau 2026.2\Local\Maps\US\normal\5\16\27.png","177"
"C:\Program Files\Tableau\Tableau 2026.2\Local\Maps\US\normal\5\16\28.png","177"
"C:\Program Files\Tableau\Tableau 2026.2\Local\Maps\US\normal\5\16\29.png","177"
"C:\Program Files\Tableau\Tableau 2026.2\Local\Maps\US\normal\5\16\3.png","638"
"C:\Program Files\Tableau\Tableau 2026.2\Local\Maps\US\normal\5\16\30.png","177"
"C:\Program Files\Tableau\Tableau 2026.2\Local\Maps\US\normal\5\16\31.png","252"
"C:\Program Files\Tableau\Tableau 2026.2\Local\Maps\US\normal\5\16\4.png","607"
"C:\Program Files\Tableau\Tableau 2026.2\Local\Maps\US\normal\5\16\5.png","103"
"C:\Program Files\Tableau\Tableau 2026.2\Local\Maps\US\normal\5\16\6.png","103"
"C:\Program Files\Tableau\Tableau 2026.2\Local\Maps\US\normal\5\16\7.png","103"
"C:\Program Files\Tableau\Tableau 2026.2\Local\Maps\US\normal\5\16\8.png","4157"
"C:\Program Files\Tableau\Tableau 2026.2\Local\Maps\US\normal\5\16\9.png","7444"
"C:\Program Files\Tableau\Tableau 2026.2\Local\Maps\US\normal\5\17\0.png","103"
"C:\Program Files\Tableau\Tableau 2026.2\Local\Maps\US\normal\5\17\1.png","103"
"C:\Program Files\Tableau\Tableau 2026.2\Local\Maps\US\normal\5\17\10.png","15647"
"C:\Program Files\Tableau\Tableau 2026.2\Local\Maps\US\normal\5\17\11.png","23095"
"C:\Program Files\Tableau\Tableau 2026.2\Local\Maps\US\normal\5\17\12.png","6134"
"C:\Program Files\Tableau\Tableau 2026.2\Local\Maps\US\normal\5\17\13.png","6963"
"C:\Program Files\Tableau\Tableau 2026.2\Local\Maps\US\normal\5\17\14.png","10266"
"C:\Program Files\Tableau\Tableau 2026.2\Local\Maps\US\normal\5\17\15.png","16433"
"C:\Program Files\Tableau\Tableau 2026.2\Local\Maps\US\normal\5\17\16.png","13751"
"C:\Program Files\Tableau\Tableau 2026.2\Local\Maps\US\normal\5\17\17.png","9254"
"C:\Program Files\Tableau\Tableau 2026.2\Local\Maps\US\normal\5\17\18.png","5322"
"C:\Program Files\Tableau\Tableau 2026.2\Local\Maps\US\normal\5\17\19.png","1414"
"C:\Program Files\Tableau\Tableau 2026.2\Local\Maps\US\normal\5\17\2.png","103"
"C:\Program Files\Tableau\Tableau 2026.2\Local\Maps\US\normal\5\17\20.png","103"
"C:\Program Files\Tableau\Tableau 2026.2\Local\Maps\US\normal\5\17\21.png","103"
"C:\Program Files\Tableau\Tableau 2026.2\Local\Maps\US\normal\5\17\22.png","103"
"C:\Program Files\Tableau\Tableau 2026.2\Local\Maps\US\normal\5\17\23.png","103"
"C:\Program Files\Tableau\Tableau 2026.2\Local\Maps\US\normal\5\17\24.png","1143"
"C:\Program Files\Tableau\Tableau 2026.2\Local\Maps\US\normal\5\17\25.png","654"
"C:\Program Files\Tableau\Tableau 2026.2\Local\Maps\US\normal\5\17\26.png","177"
"C:\Program Files\Tableau\Tableau 2026.2\Local\Maps\US\normal\5\17\27.png","177"
"C:\Program Files\Tableau\Tableau 2026.2\Local\Maps\US\normal\5\17\28.png","177"
"C:\Program Files\Tableau\Tableau 2026.2\Local\Maps\US\normal\5\17\29.png","177"
"C:\Program Files\Tableau\Tableau 2026.2\Local\Maps\US\normal\5\17\3.png","3473"
"C:\Program Files\Tableau\Tableau 2026.2\Local\Maps\US\normal\5\17\30.png","177"
"C:\Program Files\Tableau\Tableau 2026.2\Local\Maps\US\normal\5\17\31.png","252"
"C:\Program Files\Tableau\Tableau 2026.2\Local\Maps\US\normal\5\17\4.png","4084"
"C:\Program Files\Tableau\Tableau 2026.2\Local\Maps\US\normal\5\17\5.png","622"
"C:\Program Files\Tableau\Tableau 2026.2\Local\Maps\US\normal\5\17\6.png","328"
"C:\Program Files\Tableau\Tableau 2026.2\Local\Maps\US\normal\5\17\7.png","9282"
"C:\Program Files\Tableau\Tableau 2026.2\Local\Maps\US\normal\5\17\8.png","10686"
"C:\Program Files\Tableau\Tableau 2026.2\Local\Maps\US\normal\5\17\9.png","11913"
"C:\Program Files\Tableau\Tableau 2026.2\Local\Maps\US\normal\5\18\0.png","103"
"C:\Program Files\Tableau\Tableau 2026.2\Local\Maps\US\normal\5\18\1.png","103"
"C:\Program Files\Tableau\Tableau 2026.2\Local\Maps\US\normal\5\18\10.png","16639"
"C:\Program Files\Tableau\Tableau 2026.2\Local\Maps\US\normal\5\18\11.png","19293"
"C:\Program Files\Tableau\Tableau 2026.2\Local\Maps\US\normal\5\18\12.png","10635"
"C:\Program Files\Tableau\Tableau 2026.2\Local\Maps\US\normal\5\18\13.png","7168"
"C:\Program Files\Tableau\Tableau 2026.2\Local\Maps\US\normal\5\18\14.png","6992"
"C:\Program Files\Tableau\Tableau 2026.2\Local\Maps\US\normal\5\18\15.png","12322"
"C:\Program Files\Tableau\Tableau 2026.2\Local\Maps\US\normal\5\18\16.png","13288"
"C:\Program Files\Tableau\Tableau 2026.2\Local\Maps\US\normal\5\18\17.png","14984"
"C:\Program Files\Tableau\Tableau 2026.2\Local\Maps\US\normal\5\18\18.png","11858"
"C:\Program Files\Tableau\Tableau 2026.2\Local\Maps\US\normal\5\18\19.png","1277"
"C:\Program Files\Tableau\Tableau 2026.2\Local\Maps\US\normal\5\18\2.png","103"
"C:\Program Files\Tableau\Tableau 2026.2\Local\Maps\US\normal\5\18\20.png","103"
"C:\Program Files\Tableau\Tableau 2026.2\Local\Maps\US\normal\5\18\21.png","103"
"C:\Program Files\Tableau\Tableau 2026.2\Local\Maps\US\normal\5\18\22.png","103"
"C:\Program Files\Tableau\Tableau 2026.2\Local\Maps\US\normal\5\18\23.png","103"
"C:\Program Files\Tableau\Tableau 2026.2\Local\Maps\US\normal\5\18\24.png","975"
"C:\Program Files\Tableau\Tableau 2026.2\Local\Maps\US\normal\5\18\25.png","695"
"C:\Program Files\Tableau\Tableau 2026.2\Local\Maps\US\normal\5\18\26.png","177"
"C:\Program Files\Tableau\Tableau 2026.2\Local\Maps\US\normal\5\18\27.png","177"
"C:\Program Files\Tableau\Tableau 2026.2\Local\Maps\US\normal\5\18\28.png","177"
"C:\Program Files\Tableau\Tableau 2026.2\Local\Maps\US\normal\5\18\29.png","177"
"C:\Program Files\Tableau\Tableau 2026.2\Local\Maps\US\normal\5\18\3.png","1672"
"C:\Program Files\Tableau\Tableau 2026.2\Local\Maps\US\normal\5\18\30.png","177"
"C:\Program Files\Tableau\Tableau 2026.2\Local\Maps\US\normal\5\18\31.png","252"
"C:\Program Files\Tableau\Tableau 2026.2\Local\Maps\US\normal\5\18\4.png","1091"
"C:\Program Files\Tableau\Tableau 2026.2\Local\Maps\US\normal\5\18\5.png","493"
"C:\Program Files\Tableau\Tableau 2026.2\Local\Maps\US\normal\5\18\6.png","1578"
"C:\Program Files\Tableau\Tableau 2026.2\Local\Maps\US\normal\5\18\7.png","9738"
"C:\Program Files\Tableau\Tableau 2026.2\Local\Maps\US\normal\5\18\8.png","14426"
"C:\Program Files\Tableau\Tableau 2026.2\Local\Maps\US\normal\5\18\9.png","14828"
"C:\Program Files\Tableau\Tableau 2026.2\Local\Maps\US\normal\5\19\0.png","103"
"C:\Program Files\Tableau\Tableau 2026.2\Local\Maps\US\normal\5\19\1.png","103"
"C:\Program Files\Tableau\Tableau 2026.2\Local\Maps\US\normal\5\19\10.png","11748"
"C:\Program Files\Tableau\Tableau 2026.2\Local\Maps\US\normal\5\19\11.png","12612"
"C:\Program Files\Tableau\Tableau 2026.2\Local\Maps\US\normal\5\19\12.png","20976"
"C:\Program Files\Tableau\Tableau 2026.2\Local\Maps\US\normal\5\19\13.png","11239"
"C:\Program Files\Tableau\Tableau 2026.2\Local\Maps\US\normal\5\19\14.png","12643"
"C:\Program Files\Tableau\Tableau 2026.2\Local\Maps\US\normal\5\19\15.png","13909"
"C:\Program Files\Tableau\Tableau 2026.2\Local\Maps\US\normal\5\19\16.png","10632"
"C:\Program Files\Tableau\Tableau 2026.2\Local\Maps\US\normal\5\19\17.png","7608"
"C:\Program Files\Tableau\Tableau 2026.2\Local\Maps\US\normal\5\19\18.png","1323"
"C:\Program Files\Tableau\Tableau 2026.2\Local\Maps\US\normal\5\19\19.png","103"
"C:\Program Files\Tableau\Tableau 2026.2\Local\Maps\US\normal\5\19\2.png","103"
"C:\Program Files\Tableau\Tableau 2026.2\Local\Maps\US\normal\5\19\20.png","323"
"C:\Program Files\Tableau\Tableau 2026.2\Local\Maps\US\normal\5\19\21.png","103"
"C:\Program Files\Tableau\Tableau 2026.2\Local\Maps\US\normal\5\19\22.png","103"
"C:\Program Files\Tableau\Tableau 2026.2\Local\Maps\US\normal\5\19\23.png","103"
"C:\Program Files\Tableau\Tableau 2026.2\Local\Maps\US\normal\5\19\24.png","1283"
"C:\Program Files\Tableau\Tableau 2026.2\Local\Maps\US\normal\5\19\25.png","177"
"C:\Program Files\Tableau\Tableau 2026.2\Local\Maps\US\normal\5\19\26.png","177"
"C:\Program Files\Tableau\Tableau 2026.2\Local\Maps\US\normal\5\19\27.png","177"
"C:\Program Files\Tableau\Tableau 2026.2\Local\Maps\US\normal\5\19\28.png","177"
"C:\Program Files\Tableau\Tableau 2026.2\Local\Maps\US\normal\5\19\29.png","177"
"C:\Program Files\Tableau\Tableau 2026.2\Local\Maps\US\normal\5\19\3.png","330"
"C:\Program Files\Tableau\Tableau 2026.2\Local\Maps\US\normal\5\19\30.png","177"
"C:\Program Files\Tableau\Tableau 2026.2\Local\Maps\US\normal\5\19\31.png","252"
"C:\Program Files\Tableau\Tableau 2026.2\Local\Maps\US\normal\5\19\4.png","103"
"C:\Program Files\Tableau\Tableau 2026.2\Local\Maps\US\normal\5\19\5.png","103"
"C:\Program Files\Tableau\Tableau 2026.2\Local\Maps\US\normal\5\19\6.png","103"
"C:\Program Files\Tableau\Tableau 2026.2\Local\Maps\US\normal\5\19\7.png","2290"
"C:\Program Files\Tableau\Tableau 2026.2\Local\Maps\US\normal\5\19\8.png","4421"
"C:\Program Files\Tableau\Tableau 2026.2\Local\Maps\US\normal\5\19\9.png","9691"
"C:\Program Files\Tableau\Tableau 2026.2\Local\Maps\US\normal\5\2\0.png","103"
"C:\Program Files\Tableau\Tableau 2026.2\Local\Maps\US\normal\5\2\1.png","103"
"C:\Program Files\Tableau\Tableau 2026.2\Local\Maps\US\normal\5\2\10.png","167"
"C:\Program Files\Tableau\Tableau 2026.2\Local\Maps\US\normal\5\2\11.png","103"
"C:\Program Files\Tableau\Tableau 2026.2\Local\Maps\US\normal\5\2\12.png","103"
"C:\Program Files\Tableau\Tableau 2026.2\Local\Maps\US\normal\5\2\13.png","103"
"C:\Program Files\Tableau\Tableau 2026.2\Local\Maps\US\normal\5\2\14.png","742"
"C:\Program Files\Tableau\Tableau 2026.2\Local\Maps\US\normal\5\2\15.png","307"
"C:\Program Files\Tableau\Tableau 2026.2\Local\Maps\US\normal\5\2\16.png","262"
"C:\Program Files\Tableau\Tableau 2026.2\Local\Maps\US\normal\5\2\17.png","620"
"C:\Program Files\Tableau\Tableau 2026.2\Local\Maps\US\normal\5\2\18.png","289"
"C:\Program Files\Tableau\Tableau 2026.2\Local\Maps\US\normal\5\2\19.png","103"
"C:\Program Files\Tableau\Tableau 2026.2\Local\Maps\US\normal\5\2\2.png","103"
"C:\Program Files\Tableau\Tableau 2026.2\Local\Maps\US\normal\5\2\20.png","103"
"C:\Program Files\Tableau\Tableau 2026.2\Local\Maps\US\normal\5\2\21.png","103"
"C:\Program Files\Tableau\Tableau 2026.2\Local\Maps\US\normal\5\2\22.png","103"
"C:\Program Files\Tableau\Tableau 2026.2\Local\Maps\US\normal\5\2\23.png","103"
"C:\Program Files\Tableau\Tableau 2026.2\Local\Maps\US\normal\5\2\24.png","103"
"C:\Program Files\Tableau\Tableau 2026.2\Local\Maps\US\normal\5\2\25.png","103"
"C:\Program Files\Tableau\Tableau 2026.2\Local\Maps\US\normal\5\2\26.png","1275"
"C:\Program Files\Tableau\Tableau 2026.2\Local\Maps\US\normal\5\2\27.png","2666"
"C:\Program Files\Tableau\Tableau 2026.2\Local\Maps\US\normal\5\2\28.png","1720"
"C:\Program Files\Tableau\Tableau 2026.2\Local\Maps\US\normal\5\2\29.png","1133"
"C:\Program Files\Tableau\Tableau 2026.2\Local\Maps\US\normal\5\2\3.png","103"
"C:\Program Files\Tableau\Tableau 2026.2\Local\Maps\US\normal\5\2\30.png","675"
"C:\Program Files\Tableau\Tableau 2026.2\Local\Maps\US\normal\5\2\31.png","633"
"C:\Program Files\Tableau\Tableau 2026.2\Local\Maps\US\normal\5\2\4.png","103"
"C:\Program Files\Tableau\Tableau 2026.2\Local\Maps\US\normal\5\2\5.png","103"
"C:\Program Files\Tableau\Tableau 2026.2\Local\Maps\US\normal\5\2\6.png","991"
"C:\Program Files\Tableau\Tableau 2026.2\Local\Maps\US\normal\5\2\7.png","816"
"C:\Program Files\Tableau\Tableau 2026.2\Local\Maps\US\normal\5\2\8.png","541"
"C:\Program Files\Tableau\Tableau 2026.2\Local\Maps\US\normal\5\2\9.png","4927"
"C:\Program Files\Tableau\Tableau 2026.2\Local\Maps\US\normal\5\20\0.png","103"
"C:\Program Files\Tableau\Tableau 2026.2\Local\Maps\US\normal\5\20\1.png","103"
"C:\Program Files\Tableau\Tableau 2026.2\Local\Maps\US\normal\5\20\10.png","11115"
"C:\Program Files\Tableau\Tableau 2026.2\Local\Maps\US\normal\5\20\11.png","9052"
"C:\Program Files\Tableau\Tableau 2026.2\Local\Maps\US\normal\5\20\12.png","13173"
"C:\Program Files\Tableau\Tableau 2026.2\Local\Maps\US\normal\5\20\13.png","10141"
"C:\Program Files\Tableau\Tableau 2026.2\Local\Maps\US\normal\5\20\14.png","6448"
"C:\Program Files\Tableau\Tableau 2026.2\Local\Maps\US\normal\5\20\15.png","4210"
"C:\Program Files\Tableau\Tableau 2026.2\Local\Maps\US\normal\5\20\16.png","522"
"C:\Program Files\Tableau\Tableau 2026.2\Local\Maps\US\normal\5\20\17.png","6237"
"C:\Program Files\Tableau\Tableau 2026.2\Local\Maps\US\normal\5\20\18.png","2092"
"C:\Program Files\Tableau\Tableau 2026.2\Local\Maps\US\normal\5\20\19.png","103"
"C:\Program Files\Tableau\Tableau 2026.2\Local\Maps\US\normal\5\20\2.png","611"
"C:\Program Files\Tableau\Tableau 2026.2\Local\Maps\US\normal\5\20\20.png","301"
"C:\Program Files\Tableau\Tableau 2026.2\Local\Maps\US\normal\5\20\21.png","103"
"C:\Program Files\Tableau\Tableau 2026.2\Local\Maps\US\normal\5\20\22.png","103"
"C:\Program Files\Tableau\Tableau 2026.2\Local\Maps\US\normal\5\20\23.png","623"
"C:\Program Files\Tableau\Tableau 2026.2\Local\Maps\US\normal\5\20\24.png","1435"
"C:\Program Files\Tableau\Tableau 2026.2\Local\Maps\US\normal\5\20\25.png","177"
"C:\Program Files\Tableau\Tableau 2026.2\Local\Maps\US\normal\5\20\26.png","177"
"C:\Program Files\Tableau\Tableau 2026.2\Local\Maps\US\normal\5\20\27.png","177"
"C:\Program Files\Tableau\Tableau 2026.2\Local\Maps\US\normal\5\20\28.png","177"
"C:\Program Files\Tableau\Tableau 2026.2\Local\Maps\US\normal\5\20\29.png","177"
"C:\Program Files\Tableau\Tableau 2026.2\Local\Maps\US\normal\5\20\3.png","3352"
"C:\Program Files\Tableau\Tableau 2026.2\Local\Maps\US\normal\5\20\30.png","177"
"C:\Program Files\Tableau\Tableau 2026.2\Local\Maps\US\normal\5\20\31.png","252"
"C:\Program Files\Tableau\Tableau 2026.2\Local\Maps\US\normal\5\20\4.png","103"
"C:\Program Files\Tableau\Tableau 2026.2\Local\Maps\US\normal\5\20\5.png","775"
"C:\Program Files\Tableau\Tableau 2026.2\Local\Maps\US\normal\5\20\6.png","2346"
"C:\Program Files\Tableau\Tableau 2026.2\Local\Maps\US\normal\5\20\7.png","2603"
"C:\Program Files\Tableau\Tableau 2026.2\Local\Maps\US\normal\5\20\8.png","3133"
"C:\Program Files\Tableau\Tableau 2026.2\Local\Maps\US\normal\5\20\9.png","9588"
"C:\Program Files\Tableau\Tableau 2026.2\Local\Maps\US\normal\5\21\0.png","103"
"C:\Program Files\Tableau\Tableau 2026.2\Local\Maps\US\normal\5\21\1.png","103"
"C:\Program Files\Tableau\Tableau 2026.2\Local\Maps\US\normal\5\21\10.png","9365"
"C:\Program Files\Tableau\Tableau 2026.2\Local\Maps\US\normal\5\21\11.png","8659"
"C:\Program Files\Tableau\Tableau 2026.2\Local\Maps\US\normal\5\21\12.png","14021"
"C:\Program Files\Tableau\Tableau 2026.2\Local\Maps\US\normal\5\21\13.png","8369"
"C:\Program Files\Tableau\Tableau 2026.2\Local\Maps\US\normal\5\21\14.png","1206"
"C:\Program Files\Tableau\Tableau 2026.2\Local\Maps\US\normal\5\21\15.png","103"
"C:\Program Files\Tableau\Tableau 2026.2\Local\Maps\US\normal\5\21\16.png","262"
"C:\Program Files\Tableau\Tableau 2026.2\Local\Maps\US\normal\5\21\17.png","546"
"C:\Program Files\Tableau\Tableau 2026.2\Local\Maps\US\normal\5\21\18.png","103"
"C:\Program Files\Tableau\Tableau 2026.2\Local\Maps\US\normal\5\21\19.png","103"
"C:\Program Files\Tableau\Tableau 2026.2\Local\Maps\US\normal\5\21\2.png","1628"
"C:\Program Files\Tableau\Tableau 2026.2\Local\Maps\US\normal\5\21\20.png","103"
"C:\Program Files\Tableau\Tableau 2026.2\Local\Maps\US\normal\5\21\21.png","103"
"C:\Program Files\Tableau\Tableau 2026.2\Local\Maps\US\normal\5\21\22.png","103"
"C:\Program Files\Tableau\Tableau 2026.2\Local\Maps\US\normal\5\21\23.png","420"
"C:\Program Files\Tableau\Tableau 2026.2\Local\Maps\US\normal\5\21\24.png","1108"
"C:\Program Files\Tableau\Tableau 2026.2\Local\Maps\US\normal\5\21\25.png","641"
"C:\Program Files\Tableau\Tableau 2026.2\Local\Maps\US\normal\5\21\26.png","177"
"C:\Program Files\Tableau\Tableau 2026.2\Local\Maps\US\normal\5\21\27.png","177"
"C:\Program Files\Tableau\Tableau 2026.2\Local\Maps\US\normal\5\21\28.png","177"
"C:\Program Files\Tableau\Tableau 2026.2\Local\Maps\US\normal\5\21\29.png","177"
"C:\Program Files\Tableau\Tableau 2026.2\Local\Maps\US\normal\5\21\3.png","2553"
"C:\Program Files\Tableau\Tableau 2026.2\Local\Maps\US\normal\5\21\30.png","177"
"C:\Program Files\Tableau\Tableau 2026.2\Local\Maps\US\normal\5\21\31.png","252"
"C:\Program Files\Tableau\Tableau 2026.2\Local\Maps\US\normal\5\21\4.png","428"
"C:\Program Files\Tableau\Tableau 2026.2\Local\Maps\US\normal\5\21\5.png","2320"
"C:\Program Files\Tableau\Tableau 2026.2\Local\Maps\US\normal\5\21\6.png","1203"
"C:\Program Files\Tableau\Tableau 2026.2\Local\Maps\US\normal\5\21\7.png","4255"
"C:\Program Files\Tableau\Tableau 2026.2\Local\Maps\US\normal\5\21\8.png","3633"
"C:\Program Files\Tableau\Tableau 2026.2\Local\Maps\US\normal\5\21\9.png","6469"
"C:\Program Files\Tableau\Tableau 2026.2\Local\Maps\US\normal\5\22\0.png","103"
"C:\Program Files\Tableau\Tableau 2026.2\Local\Maps\US\normal\5\22\1.png","103"
"C:\Program Files\Tableau\Tableau 2026.2\Local\Maps\US\normal\5\22\10.png","8974"
"C:\Program Files\Tableau\Tableau 2026.2\Local\Maps\US\normal\5\22\11.png","8628"
"C:\Program Files\Tableau\Tableau 2026.2\Local\Maps\US\normal\5\22\12.png","19121"
"C:\Program Files\Tableau\Tableau 2026.2\Local\Maps\US\normal\5\22\13.png","10211"
"C:\Program Files\Tableau\Tableau 2026.2\Local\Maps\US\normal\5\22\14.png","5480"
"C:\Program Files\Tableau\Tableau 2026.2\Local\Maps\US\normal\5\22\15.png","1560"
"C:\Program Files\Tableau\Tableau 2026.2\Local\Maps\US\normal\5\22\16.png","324"
"C:\Program Files\Tableau\Tableau 2026.2\Local\Maps\US\normal\5\22\17.png","103"
"C:\Program Files\Tableau\Tableau 2026.2\Local\Maps\US\normal\5\22\18.png","103"
"C:\Program Files\Tableau\Tableau 2026.2\Local\Maps\US\normal\5\22\19.png","281"
"C:\Program Files\Tableau\Tableau 2026.2\Local\Maps\US\normal\5\22\2.png","103"
"C:\Program Files\Tableau\Tableau 2026.2\Local\Maps\US\normal\5\22\20.png","467"
"C:\Program Files\Tableau\Tableau 2026.2\Local\Maps\US\normal\5\22\21.png","850"
"C:\Program Files\Tableau\Tableau 2026.2\Local\Maps\US\normal\5\22\22.png","103"
"C:\Program Files\Tableau\Tableau 2026.2\Local\Maps\US\normal\5\22\23.png","103"
"C:\Program Files\Tableau\Tableau 2026.2\Local\Maps\US\normal\5\22\24.png","1814"
"C:\Program Files\Tableau\Tableau 2026.2\Local\Maps\US\normal\5\22\25.png","1332"
"C:\Program Files\Tableau\Tableau 2026.2\Local\Maps\US\normal\5\22\26.png","177"
"C:\Program Files\Tableau\Tableau 2026.2\Local\Maps\US\normal\5\22\27.png","177"
"C:\Program Files\Tableau\Tableau 2026.2\Local\Maps\US\normal\5\22\28.png","177"
"C:\Program Files\Tableau\Tableau 2026.2\Local\Maps\US\normal\5\22\29.png","177"
"C:\Program Files\Tableau\Tableau 2026.2\Local\Maps\US\normal\5\22\3.png","542"
"C:\Program Files\Tableau\Tableau 2026.2\Local\Maps\US\normal\5\22\30.png","177"
"C:\Program Files\Tableau\Tableau 2026.2\Local\Maps\US\normal\5\22\31.png","252"
"C:\Program Files\Tableau\Tableau 2026.2\Local\Maps\US\normal\5\22\4.png","440"
"C:\Program Files\Tableau\Tableau 2026.2\Local\Maps\US\normal\5\22\5.png","543"
"C:\Program Files\Tableau\Tableau 2026.2\Local\Maps\US\normal\5\22\6.png","3257"
"C:\Program Files\Tableau\Tableau 2026.2\Local\Maps\US\normal\5\22\7.png","3227"
"C:\Program Files\Tableau\Tableau 2026.2\Local\Maps\US\normal\5\22\8.png","2215"
"C:\Program Files\Tableau\Tableau 2026.2\Local\Maps\US\normal\5\22\9.png","4984"
"C:\Program Files\Tableau\Tableau 2026.2\Local\Maps\US\normal\5\23\0.png","103"
"C:\Program Files\Tableau\Tableau 2026.2\Local\Maps\US\normal\5\23\1.png","103"
"C:\Program Files\Tableau\Tableau 2026.2\Local\Maps\US\normal\5\23\10.png","8840"
"C:\Program Files\Tableau\Tableau 2026.2\Local\Maps\US\normal\5\23\11.png","6334"
"C:\Program Files\Tableau\Tableau 2026.2\Local\Maps\US\normal\5\23\12.png","3783"
"C:\Program Files\Tableau\Tableau 2026.2\Local\Maps\US\normal\5\23\13.png","14070"
"C:\Program Files\Tableau\Tableau 2026.2\Local\Maps\US\normal\5\23\14.png","4198"
"C:\Program Files\Tableau\Tableau 2026.2\Local\Maps\US\normal\5\23\15.png","2279"
"C:\Program Files\Tableau\Tableau 2026.2\Local\Maps\US\normal\5\23\16.png","103"
"C:\Program Files\Tableau\Tableau 2026.2\Local\Maps\US\normal\5\23\17.png","103"
"C:\Program Files\Tableau\Tableau 2026.2\Local\Maps\US\normal\5\23\18.png","103"
"C:\Program Files\Tableau\Tableau 2026.2\Local\Maps\US\normal\5\23\19.png","103"
"C:\Program Files\Tableau\Tableau 2026.2\Local\Maps\US\normal\5\23\2.png","293"
"C:\Program Files\Tableau\Tableau 2026.2\Local\Maps\US\normal\5\23\20.png","103"
"C:\Program Files\Tableau\Tableau 2026.2\Local\Maps\US\normal\5\23\21.png","103"
"C:\Program Files\Tableau\Tableau 2026.2\Local\Maps\US\normal\5\23\22.png","103"
"C:\Program Files\Tableau\Tableau 2026.2\Local\Maps\US\normal\5\23\23.png","167"
"C:\Program Files\Tableau\Tableau 2026.2\Local\Maps\US\normal\5\23\24.png","1090"
"C:\Program Files\Tableau\Tableau 2026.2\Local\Maps\US\normal\5\23\25.png","177"
"C:\Program Files\Tableau\Tableau 2026.2\Local\Maps\US\normal\5\23\26.png","177"
"C:\Program Files\Tableau\Tableau 2026.2\Local\Maps\US\normal\5\23\27.png","177"
"C:\Program Files\Tableau\Tableau 2026.2\Local\Maps\US\normal\5\23\28.png","177"
"C:\Program Files\Tableau\Tableau 2026.2\Local\Maps\US\normal\5\23\29.png","177"
"C:\Program Files\Tableau\Tableau 2026.2\Local\Maps\US\normal\5\23\3.png","531"
"C:\Program Files\Tableau\Tableau 2026.2\Local\Maps\US\normal\5\23\30.png","177"
"C:\Program Files\Tableau\Tableau 2026.2\Local\Maps\US\normal\5\23\31.png","252"
"C:\Program Files\Tableau\Tableau 2026.2\Local\Maps\US\normal\5\23\4.png","562"
"C:\Program Files\Tableau\Tableau 2026.2\Local\Maps\US\normal\5\23\5.png","2010"
"C:\Program Files\Tableau\Tableau 2026.2\Local\Maps\US\normal\5\23\6.png","3295"
"C:\Program Files\Tableau\Tableau 2026.2\Local\Maps\US\normal\5\23\7.png","4208"
"C:\Program Files\Tableau\Tableau 2026.2\Local\Maps\US\normal\5\23\8.png","3081"
"C:\Program Files\Tableau\Tableau 2026.2\Local\Maps\US\normal\5\23\9.png","4372"
"C:\Program Files\Tableau\Tableau 2026.2\Local\Maps\US\normal\5\24\0.png","103"
"C:\Program Files\Tableau\Tableau 2026.2\Local\Maps\US\normal\5\24\1.png","103"
"C:\Program Files\Tableau\Tableau 2026.2\Local\Maps\US\normal\5\24\10.png","7863"
"C:\Program Files\Tableau\Tableau 2026.2\Local\Maps\US\normal\5\24\11.png","8063"
"C:\Program Files\Tableau\Tableau 2026.2\Local\Maps\US\normal\5\24\12.png","5746"
"C:\Program Files\Tableau\Tableau 2026.2\Local\Maps\US\normal\5\24\13.png","13921"
"C:\Program Files\Tableau\Tableau 2026.2\Local\Maps\US\normal\5\24\14.png","10028"
"C:\Program Files\Tableau\Tableau 2026.2\Local\Maps\US\normal\5\24\15.png","4513"
"C:\Program Files\Tableau\Tableau 2026.2\Local\Maps\US\normal\5\24\16.png","1083"
"C:\Program Files\Tableau\Tableau 2026.2\Local\Maps\US\normal\5\24\17.png","179"
"C:\Program Files\Tableau\Tableau 2026.2\Local\Maps\US\normal\5\24\18.png","103"
"C:\Program Files\Tableau\Tableau 2026.2\Local\Maps\US\normal\5\24\19.png","103"
"C:\Program Files\Tableau\Tableau 2026.2\Local\Maps\US\normal\5\24\2.png","686"
"C:\Program Files\Tableau\Tableau 2026.2\Local\Maps\US\normal\5\24\20.png","103"
"C:\Program Files\Tableau\Tableau 2026.2\Local\Maps\US\normal\5\24\21.png","103"
"C:\Program Files\Tableau\Tableau 2026.2\Local\Maps\US\normal\5\24\22.png","103"
"C:\Program Files\Tableau\Tableau 2026.2\Local\Maps\US\normal\5\24\23.png","973"
"C:\Program Files\Tableau\Tableau 2026.2\Local\Maps\US\normal\5\24\24.png","886"
"C:\Program Files\Tableau\Tableau 2026.2\Local\Maps\US\normal\5\24\25.png","177"
"C:\Program Files\Tableau\Tableau 2026.2\Local\Maps\US\normal\5\24\26.png","177"
"C:\Program Files\Tableau\Tableau 2026.2\Local\Maps\US\normal\5\24\27.png","177"
"C:\Program Files\Tableau\Tableau 2026.2\Local\Maps\US\normal\5\24\28.png","177"
"C:\Program Files\Tableau\Tableau 2026.2\Local\Maps\US\normal\5\24\29.png","177"
"C:\Program Files\Tableau\Tableau 2026.2\Local\Maps\US\normal\5\24\3.png","3244"
"C:\Program Files\Tableau\Tableau 2026.2\Local\Maps\US\normal\5\24\30.png","177"
"C:\Program Files\Tableau\Tableau 2026.2\Local\Maps\US\normal\5\24\31.png","252"
"C:\Program Files\Tableau\Tableau 2026.2\Local\Maps\US\normal\5\24\4.png","1582"
"C:\Program Files\Tableau\Tableau 2026.2\Local\Maps\US\normal\5\24\5.png","2979"
"C:\Program Files\Tableau\Tableau 2026.2\Local\Maps\US\normal\5\24\6.png","888"
"C:\Program Files\Tableau\Tableau 2026.2\Local\Maps\US\normal\5\24\7.png","2017"
"C:\Program Files\Tableau\Tableau 2026.2\Local\Maps\US\normal\5\24\8.png","317"
"C:\Program Files\Tableau\Tableau 2026.2\Local\Maps\US\normal\5\24\9.png","1574"
"C:\Program Files\Tableau\Tableau 2026.2\Local\Maps\US\normal\5\25\0.png","103"
"C:\Program Files\Tableau\Tableau 2026.2\Local\Maps\US\normal\5\25\1.png","103"
"C:\Program Files\Tableau\Tableau 2026.2\Local\Maps\US\normal\5\25\10.png","8308"
"C:\Program Files\Tableau\Tableau 2026.2\Local\Maps\US\normal\5\25\11.png","8015"
"C:\Program Files\Tableau\Tableau 2026.2\Local\Maps\US\normal\5\25\12.png","8285"
"C:\Program Files\Tableau\Tableau 2026.2\Local\Maps\US\normal\5\25\13.png","8499"
"C:\Program Files\Tableau\Tableau 2026.2\Local\Maps\US\normal\5\25\14.png","9094"
"C:\Program Files\Tableau\Tableau 2026.2\Local\Maps\US\normal\5\25\15.png","5244"
"C:\Program Files\Tableau\Tableau 2026.2\Local\Maps\US\normal\5\25\16.png","4995"
"C:\Program Files\Tableau\Tableau 2026.2\Local\Maps\US\normal\5\25\17.png","103"
"C:\Program Files\Tableau\Tableau 2026.2\Local\Maps\US\normal\5\25\18.png","103"
"C:\Program Files\Tableau\Tableau 2026.2\Local\Maps\US\normal\5\25\19.png","103"
"C:\Program Files\Tableau\Tableau 2026.2\Local\Maps\US\normal\5\25\2.png","103"
"C:\Program Files\Tableau\Tableau 2026.2\Local\Maps\US\normal\5\25\20.png","103"
"C:\Program Files\Tableau\Tableau 2026.2\Local\Maps\US\normal\5\25\21.png","103"
"C:\Program Files\Tableau\Tableau 2026.2\Local\Maps\US\normal\5\25\22.png","103"
"C:\Program Files\Tableau\Tableau 2026.2\Local\Maps\US\normal\5\25\23.png","857"
"C:\Program Files\Tableau\Tableau 2026.2\Local\Maps\US\normal\5\25\24.png","647"
"C:\Program Files\Tableau\Tableau 2026.2\Local\Maps\US\normal\5\25\25.png","177"
"C:\Program Files\Tableau\Tableau 2026.2\Local\Maps\US\normal\5\25\26.png","177"
"C:\Program Files\Tableau\Tableau 2026.2\Local\Maps\US\normal\5\25\27.png","177"
"C:\Program Files\Tableau\Tableau 2026.2\Local\Maps\US\normal\5\25\28.png","177"
"C:\Program Files\Tableau\Tableau 2026.2\Local\Maps\US\normal\5\25\29.png","177"
"C:\Program Files\Tableau\Tableau 2026.2\Local\Maps\US\normal\5\25\3.png","605"
"C:\Program Files\Tableau\Tableau 2026.2\Local\Maps\US\normal\5\25\30.png","177"
"C:\Program Files\Tableau\Tableau 2026.2\Local\Maps\US\normal\5\25\31.png","252"
"C:\Program Files\Tableau\Tableau 2026.2\Local\Maps\US\normal\5\25\4.png","2072"
"C:\Program Files\Tableau\Tableau 2026.2\Local\Maps\US\normal\5\25\5.png","2415"
"C:\Program Files\Tableau\Tableau 2026.2\Local\Maps\US\normal\5\25\6.png","2879"
"C:\Program Files\Tableau\Tableau 2026.2\Local\Maps\US\normal\5\25\7.png","1952"
"C:\Program Files\Tableau\Tableau 2026.2\Local\Maps\US\normal\5\25\8.png","4656"
"C:\Program Files\Tableau\Tableau 2026.2\Local\Maps\US\normal\5\25\9.png","4870"
"C:\Program Files\Tableau\Tableau 2026.2\Local\Maps\US\normal\5\26\0.png","103"
"C:\Program Files\Tableau\Tableau 2026.2\Local\Maps\US\normal\5\26\1.png","103"
"C:\Program Files\Tableau\Tableau 2026.2\Local\Maps\US\normal\5\26\10.png","6108"
"C:\Program Files\Tableau\Tableau 2026.2\Local\Maps\US\normal\5\26\11.png","7072"
"C:\Program Files\Tableau\Tableau 2026.2\Local\Maps\US\normal\5\26\12.png","8236"
"C:\Program Files\Tableau\Tableau 2026.2\Local\Maps\US\normal\5\26\13.png","9223"
"C:\Program Files\Tableau\Tableau 2026.2\Local\Maps\US\normal\5\26\14.png","3755"
"C:\Program Files\Tableau\Tableau 2026.2\Local\Maps\US\normal\5\26\15.png","6739"
"C:\Program Files\Tableau\Tableau 2026.2\Local\Maps\US\normal\5\26\16.png","5824"
"C:\Program Files\Tableau\Tableau 2026.2\Local\Maps\US\normal\5\26\17.png","1094"
"C:\Program Files\Tableau\Tableau 2026.2\Local\Maps\US\normal\5\26\18.png","2287"
"C:\Program Files\Tableau\Tableau 2026.2\Local\Maps\US\normal\5\26\19.png","1010"
"C:\Program Files\Tableau\Tableau 2026.2\Local\Maps\US\normal\5\26\2.png","103"
"C:\Program Files\Tableau\Tableau 2026.2\Local\Maps\US\normal\5\26\20.png","103"
"C:\Program Files\Tableau\Tableau 2026.2\Local\Maps\US\normal\5\26\21.png","103"
"C:\Program Files\Tableau\Tableau 2026.2\Local\Maps\US\normal\5\26\22.png","103"
"C:\Program Files\Tableau\Tableau 2026.2\Local\Maps\US\normal\5\26\23.png","548"
"C:\Program Files\Tableau\Tableau 2026.2\Local\Maps\US\normal\5\26\24.png","1226"
"C:\Program Files\Tableau\Tableau 2026.2\Local\Maps\US\normal\5\26\25.png","177"
"C:\Program Files\Tableau\Tableau 2026.2\Local\Maps\US\normal\5\26\26.png","177"
"C:\Program Files\Tableau\Tableau 2026.2\Local\Maps\US\normal\5\26\27.png","177"
"C:\Program Files\Tableau\Tableau 2026.2\Local\Maps\US\normal\5\26\28.png","177"
"C:\Program Files\Tableau\Tableau 2026.2\Local\Maps\US\normal\5\26\29.png","177"
"C:\Program Files\Tableau\Tableau 2026.2\Local\Maps\US\normal\5\26\3.png","103"
"C:\Program Files\Tableau\Tableau 2026.2\Local\Maps\US\normal\5\26\30.png","177"
"C:\Program Files\Tableau\Tableau 2026.2\Local\Maps\US\normal\5\26\31.png","252"
"C:\Program Files\Tableau\Tableau 2026.2\Local\Maps\US\normal\5\26\4.png","103"
"C:\Program Files\Tableau\Tableau 2026.2\Local\Maps\US\normal\5\26\5.png","1232"
"C:\Program Files\Tableau\Tableau 2026.2\Local\Maps\US\normal\5\26\6.png","1738"
"C:\Program Files\Tableau\Tableau 2026.2\Local\Maps\US\normal\5\26\7.png","177"
"C:\Program Files\Tableau\Tableau 2026.2\Local\Maps\US\normal\5\26\8.png","264"
"C:\Program Files\Tableau\Tableau 2026.2\Local\Maps\US\normal\5\26\9.png","4699"
"C:\Program Files\Tableau\Tableau 2026.2\Local\Maps\US\normal\5\27\0.png","103"
"C:\Program Files\Tableau\Tableau 2026.2\Local\Maps\US\normal\5\27\1.png","103"
"C:\Program Files\Tableau\Tableau 2026.2\Local\Maps\US\normal\5\27\10.png","7370"
"C:\Program Files\Tableau\Tableau 2026.2\Local\Maps\US\normal\5\27\11.png","8126"
"C:\Program Files\Tableau\Tableau 2026.2\Local\Maps\US\normal\5\27\12.png","9648"
"C:\Program Files\Tableau\Tableau 2026.2\Local\Maps\US\normal\5\27\13.png","1279"
"C:\Program Files\Tableau\Tableau 2026.2\Local\Maps\US\normal\5\27\14.png","951"
"C:\Program Files\Tableau\Tableau 2026.2\Local\Maps\US\normal\5\27\15.png","3588"
"C:\Program Files\Tableau\Tableau 2026.2\Local\Maps\US\normal\5\27\16.png","4593"
"C:\Program Files\Tableau\Tableau 2026.2\Local\Maps\US\normal\5\27\17.png","2123"
"C:\Program Files\Tableau\Tableau 2026.2\Local\Maps\US\normal\5\27\18.png","1144"
"C:\Program Files\Tableau\Tableau 2026.2\Local\Maps\US\normal\5\27\19.png","785"
"C:\Program Files\Tableau\Tableau 2026.2\Local\Maps\US\normal\5\27\2.png","103"
"C:\Program Files\Tableau\Tableau 2026.2\Local\Maps\US\normal\5\27\20.png","103"
"C:\Program Files\Tableau\Tableau 2026.2\Local\Maps\US\normal\5\27\21.png","103"
"C:\Program Files\Tableau\Tableau 2026.2\Local\Maps\US\normal\5\27\22.png","103"
"C:\Program Files\Tableau\Tableau 2026.2\Local\Maps\US\normal\5\27\23.png","773"
"C:\Program Files\Tableau\Tableau 2026.2\Local\Maps\US\normal\5\27\24.png","817"
"C:\Program Files\Tableau\Tableau 2026.2\Local\Maps\US\normal\5\27\25.png","177"
"C:\Program Files\Tableau\Tableau 2026.2\Local\Maps\US\normal\5\27\26.png","177"
"C:\Program Files\Tableau\Tableau 2026.2\Local\Maps\US\normal\5\27\27.png","177"
"C:\Program Files\Tableau\Tableau 2026.2\Local\Maps\US\normal\5\27\28.png","177"
"C:\Program Files\Tableau\Tableau 2026.2\Local\Maps\US\normal\5\27\29.png","177"
"C:\Program Files\Tableau\Tableau 2026.2\Local\Maps\US\normal\5\27\3.png","103"
"C:\Program Files\Tableau\Tableau 2026.2\Local\Maps\US\normal\5\27\30.png","177"
"C:\Program Files\Tableau\Tableau 2026.2\Local\Maps\US\normal\5\27\31.png","252"
"C:\Program Files\Tableau\Tableau 2026.2\Local\Maps\US\normal\5\27\4.png","103"
"C:\Program Files\Tableau\Tableau 2026.2\Local\Maps\US\normal\5\27\5.png","103"
"C:\Program Files\Tableau\Tableau 2026.2\Local\Maps\US\normal\5\27\6.png","2362"
"C:\Program Files\Tableau\Tableau 2026.2\Local\Maps\US\normal\5\27\7.png","177"
"C:\Program Files\Tableau\Tableau 2026.2\Local\Maps\US\normal\5\27\8.png","177"
"C:\Program Files\Tableau\Tableau 2026.2\Local\Maps\US\normal\5\27\9.png","2026"
"C:\Program Files\Tableau\Tableau 2026.2\Local\Maps\US\normal\5\28\0.png","103"
"C:\Program Files\Tableau\Tableau 2026.2\Local\Maps\US\normal\5\28\1.png","103"
"C:\Program Files\Tableau\Tableau 2026.2\Local\Maps\US\normal\5\28\10.png","3424"
"C:\Program Files\Tableau\Tableau 2026.2\Local\Maps\US\normal\5\28\11.png","3975"
"C:\Program Files\Tableau\Tableau 2026.2\Local\Maps\US\normal\5\28\12.png","6265"
"C:\Program Files\Tableau\Tableau 2026.2\Local\Maps\US\normal\5\28\13.png","344"
"C:\Program Files\Tableau\Tableau 2026.2\Local\Maps\US\normal\5\28\14.png","532"
"C:\Program Files\Tableau\Tableau 2026.2\Local\Maps\US\normal\5\28\15.png","293"
"C:\Program Files\Tableau\Tableau 2026.2\Local\Maps\US\normal\5\28\16.png","5061"
"C:\Program Files\Tableau\Tableau 2026.2\Local\Maps\US\normal\5\28\17.png","2401"
"C:\Program Files\Tableau\Tableau 2026.2\Local\Maps\US\normal\5\28\18.png","1697"
"C:\Program Files\Tableau\Tableau 2026.2\Local\Maps\US\normal\5\28\19.png","3338"
"C:\Program Files\Tableau\Tableau 2026.2\Local\Maps\US\normal\5\28\2.png","103"
"C:\Program Files\Tableau\Tableau 2026.2\Local\Maps\US\normal\5\28\20.png","736"
"C:\Program Files\Tableau\Tableau 2026.2\Local\Maps\US\normal\5\28\21.png","103"
"C:\Program Files\Tableau\Tableau 2026.2\Local\Maps\US\normal\5\28\22.png","103"
"C:\Program Files\Tableau\Tableau 2026.2\Local\Maps\US\normal\5\28\23.png","581"
"C:\Program Files\Tableau\Tableau 2026.2\Local\Maps\US\normal\5\28\24.png","1065"
"C:\Program Files\Tableau\Tableau 2026.2\Local\Maps\US\normal\5\28\25.png","177"
"C:\Program Files\Tableau\Tableau 2026.2\Local\Maps\US\normal\5\28\26.png","177"
"C:\Program Files\Tableau\Tableau 2026.2\Local\Maps\US\normal\5\28\27.png","177"
"C:\Program Files\Tableau\Tableau 2026.2\Local\Maps\US\normal\5\28\28.png","177"
"C:\Program Files\Tableau\Tableau 2026.2\Local\Maps\US\normal\5\28\29.png","177"
"C:\Program Files\Tableau\Tableau 2026.2\Local\Maps\US\normal\5\28\3.png","103"
"C:\Program Files\Tableau\Tableau 2026.2\Local\Maps\US\normal\5\28\30.png","177"
"C:\Program Files\Tableau\Tableau 2026.2\Local\Maps\US\normal\5\28\31.png","252"
"C:\Program Files\Tableau\Tableau 2026.2\Local\Maps\US\normal\5\28\4.png","103"
"C:\Program Files\Tableau\Tableau 2026.2\Local\Maps\US\normal\5\28\5.png","2556"
"C:\Program Files\Tableau\Tableau 2026.2\Local\Maps\US\normal\5\28\6.png","2563"
"C:\Program Files\Tableau\Tableau 2026.2\Local\Maps\US\normal\5\28\7.png","177"
"C:\Program Files\Tableau\Tableau 2026.2\Local\Maps\US\normal\5\28\8.png","2170"
"C:\Program Files\Tableau\Tableau 2026.2\Local\Maps\US\normal\5\28\9.png","2222"
"C:\Program Files\Tableau\Tableau 2026.2\Local\Maps\US\normal\5\29\0.png","103"
"C:\Program Files\Tableau\Tableau 2026.2\Local\Maps\US\normal\5\29\1.png","103"
"C:\Program Files\Tableau\Tableau 2026.2\Local\Maps\US\normal\5\29\10.png","1041"
"C:\Program Files\Tableau\Tableau 2026.2\Local\Maps\US\normal\5\29\11.png","989"
"C:\Program Files\Tableau\Tableau 2026.2\Local\Maps\US\normal\5\29\12.png","103"
"C:\Program Files\Tableau\Tableau 2026.2\Local\Maps\US\normal\5\29\13.png","173"
"C:\Program Files\Tableau\Tableau 2026.2\Local\Maps\US\normal\5\29\14.png","103"
"C:\Program Files\Tableau\Tableau 2026.2\Local\Maps\US\normal\5\29\15.png","333"
"C:\Program Files\Tableau\Tableau 2026.2\Local\Maps\US\normal\5\29\16.png","4143"
"C:\Program Files\Tableau\Tableau 2026.2\Local\Maps\US\normal\5\29\17.png","881"
"C:\Program Files\Tableau\Tableau 2026.2\Local\Maps\US\normal\5\29\18.png","1991"
"C:\Program Files\Tableau\Tableau 2026.2\Local\Maps\US\normal\5\29\19.png","2017"
"C:\Program Files\Tableau\Tableau 2026.2\Local\Maps\US\normal\5\29\2.png","103"
"C:\Program Files\Tableau\Tableau 2026.2\Local\Maps\US\normal\5\29\20.png","896"
"C:\Program Files\Tableau\Tableau 2026.2\Local\Maps\US\normal\5\29\21.png","103"
"C:\Program Files\Tableau\Tableau 2026.2\Local\Maps\US\normal\5\29\22.png","103"
"C:\Program Files\Tableau\Tableau 2026.2\Local\Maps\US\normal\5\29\23.png","103"
"C:\Program Files\Tableau\Tableau 2026.2\Local\Maps\US\normal\5\29\24.png","1365"
"C:\Program Files\Tableau\Tableau 2026.2\Local\Maps\US\normal\5\29\25.png","177"
"C:\Program Files\Tableau\Tableau 2026.2\Local\Maps\US\normal\5\29\26.png","177"
"C:\Program Files\Tableau\Tableau 2026.2\Local\Maps\US\normal\5\29\27.png","177"
"C:\Program Files\Tableau\Tableau 2026.2\Local\Maps\US\normal\5\29\28.png","177"
"C:\Program Files\Tableau\Tableau 2026.2\Local\Maps\US\normal\5\29\29.png","177"
"C:\Program Files\Tableau\Tableau 2026.2\Local\Maps\US\normal\5\29\3.png","103"
"C:\Program Files\Tableau\Tableau 2026.2\Local\Maps\US\normal\5\29\30.png","177"
"C:\Program Files\Tableau\Tableau 2026.2\Local\Maps\US\normal\5\29\31.png","252"
"C:\Program Files\Tableau\Tableau 2026.2\Local\Maps\US\normal\5\29\4.png","283"
"C:\Program Files\Tableau\Tableau 2026.2\Local\Maps\US\normal\5\29\5.png","1084"
"C:\Program Files\Tableau\Tableau 2026.2\Local\Maps\US\normal\5\29\6.png","1490"
"C:\Program Files\Tableau\Tableau 2026.2\Local\Maps\US\normal\5\29\7.png","726"
"C:\Program Files\Tableau\Tableau 2026.2\Local\Maps\US\normal\5\29\8.png","2629"
"C:\Program Files\Tableau\Tableau 2026.2\Local\Maps\US\normal\5\29\9.png","2269"
"C:\Program Files\Tableau\Tableau 2026.2\Local\Maps\US\normal\5\3\0.png","103"
"C:\Program Files\Tableau\Tableau 2026.2\Local\Maps\US\normal\5\3\1.png","103"
"C:\Program Files\Tableau\Tableau 2026.2\Local\Maps\US\normal\5\3\10.png","103"
"C:\Program Files\Tableau\Tableau 2026.2\Local\Maps\US\normal\5\3\11.png","103"
"C:\Program Files\Tableau\Tableau 2026.2\Local\Maps\US\normal\5\3\12.png","103"
"C:\Program Files\Tableau\Tableau 2026.2\Local\Maps\US\normal\5\3\13.png","103"
"C:\Program Files\Tableau\Tableau 2026.2\Local\Maps\US\normal\5\3\14.png","103"
"C:\Program Files\Tableau\Tableau 2026.2\Local\Maps\US\normal\5\3\15.png","103"
"C:\Program Files\Tableau\Tableau 2026.2\Local\Maps\US\normal\5\3\16.png","487"
"C:\Program Files\Tableau\Tableau 2026.2\Local\Maps\US\normal\5\3\17.png","664"
"C:\Program Files\Tableau\Tableau 2026.2\Local\Maps\US\normal\5\3\18.png","274"
"C:\Program Files\Tableau\Tableau 2026.2\Local\Maps\US\normal\5\3\19.png","103"
"C:\Program Files\Tableau\Tableau 2026.2\Local\Maps\US\normal\5\3\2.png","103"
"C:\Program Files\Tableau\Tableau 2026.2\Local\Maps\US\normal\5\3\20.png","103"
"C:\Program Files\Tableau\Tableau 2026.2\Local\Maps\US\normal\5\3\21.png","103"
"C:\Program Files\Tableau\Tableau 2026.2\Local\Maps\US\normal\5\3\22.png","103"
"C:\Program Files\Tableau\Tableau 2026.2\Local\Maps\US\normal\5\3\23.png","103"
"C:\Program Files\Tableau\Tableau 2026.2\Local\Maps\US\normal\5\3\24.png","103"
"C:\Program Files\Tableau\Tableau 2026.2\Local\Maps\US\normal\5\3\25.png","103"
"C:\Program Files\Tableau\Tableau 2026.2\Local\Maps\US\normal\5\3\26.png","1379"
"C:\Program Files\Tableau\Tableau 2026.2\Local\Maps\US\normal\5\3\27.png","709"
"C:\Program Files\Tableau\Tableau 2026.2\Local\Maps\US\normal\5\3\28.png","177"
"C:\Program Files\Tableau\Tableau 2026.2\Local\Maps\US\normal\5\3\29.png","177"
"C:\Program Files\Tableau\Tableau 2026.2\Local\Maps\US\normal\5\3\3.png","103"
"C:\Program Files\Tableau\Tableau 2026.2\Local\Maps\US\normal\5\3\30.png","177"
"C:\Program Files\Tableau\Tableau 2026.2\Local\Maps\US\normal\5\3\31.png","252"
"C:\Program Files\Tableau\Tableau 2026.2\Local\Maps\US\normal\5\3\4.png","103"
"C:\Program Files\Tableau\Tableau 2026.2\Local\Maps\US\normal\5\3\5.png","103"
"C:\Program Files\Tableau\Tableau 2026.2\Local\Maps\US\normal\5\3\6.png","103"
"C:\Program Files\Tableau\Tableau 2026.2\Local\Maps\US\normal\5\3\7.png","1712"
"C:\Program Files\Tableau\Tableau 2026.2\Local\Maps\US\normal\5\3\8.png","524"
"C:\Program Files\Tableau\Tableau 2026.2\Local\Maps\US\normal\5\3\9.png","4067"
"C:\Program Files\Tableau\Tableau 2026.2\Local\Maps\US\normal\5\30\0.png","103"
"C:\Program Files\Tableau\Tableau 2026.2\Local\Maps\US\normal\5\30\1.png","103"
"C:\Program Files\Tableau\Tableau 2026.2\Local\Maps\US\normal\5\30\10.png","1143"
"C:\Program Files\Tableau\Tableau 2026.2\Local\Maps\US\normal\5\30\11.png","103"
"C:\Program Files\Tableau\Tableau 2026.2\Local\Maps\US\normal\5\30\12.png","103"
"C:\Program Files\Tableau\Tableau 2026.2\Local\Maps\US\normal\5\30\13.png","103"
"C:\Program Files\Tableau\Tableau 2026.2\Local\Maps\US\normal\5\30\14.png","264"
"C:\Program Files\Tableau\Tableau 2026.2\Local\Maps\US\normal\5\30\15.png","459"
"C:\Program Files\Tableau\Tableau 2026.2\Local\Maps\US\normal\5\30\16.png","1258"
"C:\Program Files\Tableau\Tableau 2026.2\Local\Maps\US\normal\5\30\17.png","1766"
"C:\Program Files\Tableau\Tableau 2026.2\Local\Maps\US\normal\5\30\18.png","510"
"C:\Program Files\Tableau\Tableau 2026.2\Local\Maps\US\normal\5\30\19.png","103"
"C:\Program Files\Tableau\Tableau 2026.2\Local\Maps\US\normal\5\30\2.png","103"
"C:\Program Files\Tableau\Tableau 2026.2\Local\Maps\US\normal\5\30\20.png","1502"
"C:\Program Files\Tableau\Tableau 2026.2\Local\Maps\US\normal\5\30\21.png","492"
"C:\Program Files\Tableau\Tableau 2026.2\Local\Maps\US\normal\5\30\22.png","103"
"C:\Program Files\Tableau\Tableau 2026.2\Local\Maps\US\normal\5\30\23.png","345"
"C:\Program Files\Tableau\Tableau 2026.2\Local\Maps\US\normal\5\30\24.png","1148"
"C:\Program Files\Tableau\Tableau 2026.2\Local\Maps\US\normal\5\30\25.png","1804"
"C:\Program Files\Tableau\Tableau 2026.2\Local\Maps\US\normal\5\30\26.png","1593"
"C:\Program Files\Tableau\Tableau 2026.2\Local\Maps\US\normal\5\30\27.png","2420"
"C:\Program Files\Tableau\Tableau 2026.2\Local\Maps\US\normal\5\30\28.png","1484"
"C:\Program Files\Tableau\Tableau 2026.2\Local\Maps\US\normal\5\30\29.png","1552"
"C:\Program Files\Tableau\Tableau 2026.2\Local\Maps\US\normal\5\30\3.png","103"
"C:\Program Files\Tableau\Tableau 2026.2\Local\Maps\US\normal\5\30\30.png","933"
"C:\Program Files\Tableau\Tableau 2026.2\Local\Maps\US\normal\5\30\31.png","252"
"C:\Program Files\Tableau\Tableau 2026.2\Local\Maps\US\normal\5\30\4.png","103"
"C:\Program Files\Tableau\Tableau 2026.2\Local\Maps\US\normal\5\30\5.png","103"
"C:\Program Files\Tableau\Tableau 2026.2\Local\Maps\US\normal\5\30\6.png","596"
"C:\Program Files\Tableau\Tableau 2026.2\Local\Maps\US\normal\5\30\7.png","3261"
"C:\Program Files\Tableau\Tableau 2026.2\Local\Maps\US\normal\5\30\8.png","3828"
"C:\Program Files\Tableau\Tableau 2026.2\Local\Maps\US\normal\5\30\9.png","2542"
"C:\Program Files\Tableau\Tableau 2026.2\Local\Maps\US\normal\5\31\0.png","103"
"C:\Program Files\Tableau\Tableau 2026.2\Local\Maps\US\normal\5\31\1.png","103"
"C:\Program Files\Tableau\Tableau 2026.2\Local\Maps\US\normal\5\31\10.png","743"
"C:\Program Files\Tableau\Tableau 2026.2\Local\Maps\US\normal\5\31\11.png","103"
"C:\Program Files\Tableau\Tableau 2026.2\Local\Maps\US\normal\5\31\12.png","103"
"C:\Program Files\Tableau\Tableau 2026.2\Local\Maps\US\normal\5\31\13.png","103"
"C:\Program Files\Tableau\Tableau 2026.2\Local\Maps\US\normal\5\31\14.png","168"
"C:\Program Files\Tableau\Tableau 2026.2\Local\Maps\US\normal\5\31\15.png","441"
"C:\Program Files\Tableau\Tableau 2026.2\Local\Maps\US\normal\5\31\16.png","419"
"C:\Program Files\Tableau\Tableau 2026.2\Local\Maps\US\normal\5\31\17.png","1304"
"C:\Program Files\Tableau\Tableau 2026.2\Local\Maps\US\normal\5\31\18.png","103"
"C:\Program Files\Tableau\Tableau 2026.2\Local\Maps\US\normal\5\31\19.png","3767"
"C:\Program Files\Tableau\Tableau 2026.2\Local\Maps\US\normal\5\31\2.png","103"
"C:\Program Files\Tableau\Tableau 2026.2\Local\Maps\US\normal\5\31\20.png","3566"
"C:\Program Files\Tableau\Tableau 2026.2\Local\Maps\US\normal\5\31\21.png","318"
"C:\Program Files\Tableau\Tableau 2026.2\Local\Maps\US\normal\5\31\22.png","103"
"C:\Program Files\Tableau\Tableau 2026.2\Local\Maps\US\normal\5\31\23.png","103"
"C:\Program Files\Tableau\Tableau 2026.2\Local\Maps\US\normal\5\31\24.png","103"
"C:\Program Files\Tableau\Tableau 2026.2\Local\Maps\US\normal\5\31\25.png","1227"
"C:\Program Files\Tableau\Tableau 2026.2\Local\Maps\US\normal\5\31\26.png","103"
"C:\Program Files\Tableau\Tableau 2026.2\Local\Maps\US\normal\5\31\27.png","360"
"C:\Program Files\Tableau\Tableau 2026.2\Local\Maps\US\normal\5\31\28.png","103"
"C:\Program Files\Tableau\Tableau 2026.2\Local\Maps\US\normal\5\31\29.png","103"
"C:\Program Files\Tableau\Tableau 2026.2\Local\Maps\US\normal\5\31\3.png","103"
"C:\Program Files\Tableau\Tableau 2026.2\Local\Maps\US\normal\5\31\30.png","1150"
"C:\Program Files\Tableau\Tableau 2026.2\Local\Maps\US\normal\5\31\31.png","695"
"C:\Program Files\Tableau\Tableau 2026.2\Local\Maps\US\normal\5\31\4.png","103"
"C:\Program Files\Tableau\Tableau 2026.2\Local\Maps\US\normal\5\31\5.png","103"
"C:\Program Files\Tableau\Tableau 2026.2\Local\Maps\US\normal\5\31\6.png","558"
"C:\Program Files\Tableau\Tableau 2026.2\Local\Maps\US\normal\5\31\7.png","1445"
"C:\Program Files\Tableau\Tableau 2026.2\Local\Maps\US\normal\5\31\8.png","3178"
"C:\Program Files\Tableau\Tableau 2026.2\Local\Maps\US\normal\5\31\9.png","825"
"C:\Program Files\Tableau\Tableau 2026.2\Local\Maps\US\normal\5\4\0.png","103"
"C:\Program Files\Tableau\Tableau 2026.2\Local\Maps\US\normal\5\4\1.png","103"
"C:\Program Files\Tableau\Tableau 2026.2\Local\Maps\US\normal\5\4\10.png","5698"
"C:\Program Files\Tableau\Tableau 2026.2\Local\Maps\US\normal\5\4\11.png","1169"
"C:\Program Files\Tableau\Tableau 2026.2\Local\Maps\US\normal\5\4\12.png","498"
"C:\Program Files\Tableau\Tableau 2026.2\Local\Maps\US\normal\5\4\13.png","103"
"C:\Program Files\Tableau\Tableau 2026.2\Local\Maps\US\normal\5\4\14.png","103"
"C:\Program Files\Tableau\Tableau 2026.2\Local\Maps\US\normal\5\4\15.png","103"
"C:\Program Files\Tableau\Tableau 2026.2\Local\Maps\US\normal\5\4\16.png","103"
"C:\Program Files\Tableau\Tableau 2026.2\Local\Maps\US\normal\5\4\17.png","103"
"C:\Program Files\Tableau\Tableau 2026.2\Local\Maps\US\normal\5\4\18.png","290"
"C:\Program Files\Tableau\Tableau 2026.2\Local\Maps\US\normal\5\4\19.png","103"
"C:\Program Files\Tableau\Tableau 2026.2\Local\Maps\US\normal\5\4\2.png","103"
"C:\Program Files\Tableau\Tableau 2026.2\Local\Maps\US\normal\5\4\20.png","103"
"C:\Program Files\Tableau\Tableau 2026.2\Local\Maps\US\normal\5\4\21.png","103"
"C:\Program Files\Tableau\Tableau 2026.2\Local\Maps\US\normal\5\4\22.png","103"
"C:\Program Files\Tableau\Tableau 2026.2\Local\Maps\US\normal\5\4\23.png","103"
"C:\Program Files\Tableau\Tableau 2026.2\Local\Maps\US\normal\5\4\24.png","103"
"C:\Program Files\Tableau\Tableau 2026.2\Local\Maps\US\normal\5\4\25.png","865"
"C:\Program Files\Tableau\Tableau 2026.2\Local\Maps\US\normal\5\4\26.png","1347"
"C:\Program Files\Tableau\Tableau 2026.2\Local\Maps\US\normal\5\4\27.png","177"
"C:\Program Files\Tableau\Tableau 2026.2\Local\Maps\US\normal\5\4\28.png","177"
"C:\Program Files\Tableau\Tableau 2026.2\Local\Maps\US\normal\5\4\29.png","177"
"C:\Program Files\Tableau\Tableau 2026.2\Local\Maps\US\normal\5\4\3.png","103"
"C:\Program Files\Tableau\Tableau 2026.2\Local\Maps\US\normal\5\4\30.png","177"
"C:\Program Files\Tableau\Tableau 2026.2\Local\Maps\US\normal\5\4\31.png","252"
"C:\Program Files\Tableau\Tableau 2026.2\Local\Maps\US\normal\5\4\4.png","103"
"C:\Program Files\Tableau\Tableau 2026.2\Local\Maps\US\normal\5\4\5.png","475"
"C:\Program Files\Tableau\Tableau 2026.2\Local\Maps\US\normal\5\4\6.png","863"
"C:\Program Files\Tableau\Tableau 2026.2\Local\Maps\US\normal\5\4\7.png","3757"
"C:\Program Files\Tableau\Tableau 2026.2\Local\Maps\US\normal\5\4\8.png","2925"
"C:\Program Files\Tableau\Tableau 2026.2\Local\Maps\US\normal\5\4\9.png","5573"
"C:\Program Files\Tableau\Tableau 2026.2\Local\Maps\US\normal\5\5\0.png","103"
"C:\Program Files\Tableau\Tableau 2026.2\Local\Maps\US\normal\5\5\1.png","103"
"C:\Program Files\Tableau\Tableau 2026.2\Local\Maps\US\normal\5\5\10.png","3295"
"C:\Program Files\Tableau\Tableau 2026.2\Local\Maps\US\normal\5\5\11.png","4729"
"C:\Program Files\Tableau\Tableau 2026.2\Local\Maps\US\normal\5\5\12.png","4153"
"C:\Program Files\Tableau\Tableau 2026.2\Local\Maps\US\normal\5\5\13.png","1711"
"C:\Program Files\Tableau\Tableau 2026.2\Local\Maps\US\normal\5\5\14.png","251"
"C:\Program Files\Tableau\Tableau 2026.2\Local\Maps\US\normal\5\5\15.png","103"
"C:\Program Files\Tableau\Tableau 2026.2\Local\Maps\US\normal\5\5\16.png","103"
"C:\Program Files\Tableau\Tableau 2026.2\Local\Maps\US\normal\5\5\17.png","103"
"C:\Program Files\Tableau\Tableau 2026.2\Local\Maps\US\normal\5\5\18.png","103"
"C:\Program Files\Tableau\Tableau 2026.2\Local\Maps\US\normal\5\5\19.png","103"
"C:\Program Files\Tableau\Tableau 2026.2\Local\Maps\US\normal\5\5\2.png","103"
"C:\Program Files\Tableau\Tableau 2026.2\Local\Maps\US\normal\5\5\20.png","103"
"C:\Program Files\Tableau\Tableau 2026.2\Local\Maps\US\normal\5\5\21.png","103"
"C:\Program Files\Tableau\Tableau 2026.2\Local\Maps\US\normal\5\5\22.png","103"
"C:\Program Files\Tableau\Tableau 2026.2\Local\Maps\US\normal\5\5\23.png","103"
"C:\Program Files\Tableau\Tableau 2026.2\Local\Maps\US\normal\5\5\24.png","103"
"C:\Program Files\Tableau\Tableau 2026.2\Local\Maps\US\normal\5\5\25.png","844"
"C:\Program Files\Tableau\Tableau 2026.2\Local\Maps\US\normal\5\5\26.png","1683"
"C:\Program Files\Tableau\Tableau 2026.2\Local\Maps\US\normal\5\5\27.png","177"
"C:\Program Files\Tableau\Tableau 2026.2\Local\Maps\US\normal\5\5\28.png","177"
"C:\Program Files\Tableau\Tableau 2026.2\Local\Maps\US\normal\5\5\29.png","177"
"C:\Program Files\Tableau\Tableau 2026.2\Local\Maps\US\normal\5\5\3.png","103"
"C:\Program Files\Tableau\Tableau 2026.2\Local\Maps\US\normal\5\5\30.png","177"
"C:\Program Files\Tableau\Tableau 2026.2\Local\Maps\US\normal\5\5\31.png","252"
"C:\Program Files\Tableau\Tableau 2026.2\Local\Maps\US\normal\5\5\4.png","1562"
"C:\Program Files\Tableau\Tableau 2026.2\Local\Maps\US\normal\5\5\5.png","3706"
"C:\Program Files\Tableau\Tableau 2026.2\Local\Maps\US\normal\5\5\6.png","2364"
"C:\Program Files\Tableau\Tableau 2026.2\Local\Maps\US\normal\5\5\7.png","4284"
"C:\Program Files\Tableau\Tableau 2026.2\Local\Maps\US\normal\5\5\8.png","4359"
"C:\Program Files\Tableau\Tableau 2026.2\Local\Maps\US\normal\5\5\9.png","1599"
"C:\Program Files\Tableau\Tableau 2026.2\Local\Maps\US\normal\5\6\0.png","103"
"C:\Program Files\Tableau\Tableau 2026.2\Local\Maps\US\normal\5\6\1.png","103"
"C:\Program Files\Tableau\Tableau 2026.2\Local\Maps\US\normal\5\6\10.png","3260"
"C:\Program Files\Tableau\Tableau 2026.2\Local\Maps\US\normal\5\6\11.png","2881"
"C:\Program Files\Tableau\Tableau 2026.2\Local\Maps\US\normal\5\6\12.png","1992"
"C:\Program Files\Tableau\Tableau 2026.2\Local\Maps\US\normal\5\6\13.png","8096"
"C:\Program Files\Tableau\Tableau 2026.2\Local\Maps\US\normal\5\6\14.png","2740"
"C:\Program Files\Tableau\Tableau 2026.2\Local\Maps\US\normal\5\6\15.png","174"
"C:\Program Files\Tableau\Tableau 2026.2\Local\Maps\US\normal\5\6\16.png","103"
"C:\Program Files\Tableau\Tableau 2026.2\Local\Maps\US\normal\5\6\17.png","103"
"C:\Program Files\Tableau\Tableau 2026.2\Local\Maps\US\normal\5\6\18.png","291"
"C:\Program Files\Tableau\Tableau 2026.2\Local\Maps\US\normal\5\6\19.png","103"
"C:\Program Files\Tableau\Tableau 2026.2\Local\Maps\US\normal\5\6\2.png","103"
"C:\Program Files\Tableau\Tableau 2026.2\Local\Maps\US\normal\5\6\20.png","103"
"C:\Program Files\Tableau\Tableau 2026.2\Local\Maps\US\normal\5\6\21.png","103"
"C:\Program Files\Tableau\Tableau 2026.2\Local\Maps\US\normal\5\6\22.png","103"
"C:\Program Files\Tableau\Tableau 2026.2\Local\Maps\US\normal\5\6\23.png","103"
"C:\Program Files\Tableau\Tableau 2026.2\Local\Maps\US\normal\5\6\24.png","103"
"C:\Program Files\Tableau\Tableau 2026.2\Local\Maps\US\normal\5\6\25.png","1002"
"C:\Program Files\Tableau\Tableau 2026.2\Local\Maps\US\normal\5\6\26.png","1348"
"C:\Program Files\Tableau\Tableau 2026.2\Local\Maps\US\normal\5\6\27.png","177"
"C:\Program Files\Tableau\Tableau 2026.2\Local\Maps\US\normal\5\6\28.png","177"
"C:\Program Files\Tableau\Tableau 2026.2\Local\Maps\US\normal\5\6\29.png","177"
"C:\Program Files\Tableau\Tableau 2026.2\Local\Maps\US\normal\5\6\3.png","547"
"C:\Program Files\Tableau\Tableau 2026.2\Local\Maps\US\normal\5\6\30.png","177"
"C:\Program Files\Tableau\Tableau 2026.2\Local\Maps\US\normal\5\6\31.png","252"
"C:\Program Files\Tableau\Tableau 2026.2\Local\Maps\US\normal\5\6\4.png","2554"
"C:\Program Files\Tableau\Tableau 2026.2\Local\Maps\US\normal\5\6\5.png","3447"
"C:\Program Files\Tableau\Tableau 2026.2\Local\Maps\US\normal\5\6\6.png","3630"
"C:\Program Files\Tableau\Tableau 2026.2\Local\Maps\US\normal\5\6\7.png","5162"
"C:\Program Files\Tableau\Tableau 2026.2\Local\Maps\US\normal\5\6\8.png","6409"
"C:\Program Files\Tableau\Tableau 2026.2\Local\Maps\US\normal\5\6\9.png","4913"
"C:\Program Files\Tableau\Tableau 2026.2\Local\Maps\US\normal\5\7\0.png","103"
"C:\Program Files\Tableau\Tableau 2026.2\Local\Maps\US\normal\5\7\1.png","103"
"C:\Program Files\Tableau\Tableau 2026.2\Local\Maps\US\normal\5\7\10.png","6725"
"C:\Program Files\Tableau\Tableau 2026.2\Local\Maps\US\normal\5\7\11.png","5775"
"C:\Program Files\Tableau\Tableau 2026.2\Local\Maps\US\normal\5\7\12.png","4127"
"C:\Program Files\Tableau\Tableau 2026.2\Local\Maps\US\normal\5\7\13.png","5474"
"C:\Program Files\Tableau\Tableau 2026.2\Local\Maps\US\normal\5\7\14.png","7495"
"C:\Program Files\Tableau\Tableau 2026.2\Local\Maps\US\normal\5\7\15.png","337"
"C:\Program Files\Tableau\Tableau 2026.2\Local\Maps\US\normal\5\7\16.png","617"
"C:\Program Files\Tableau\Tableau 2026.2\Local\Maps\US\normal\5\7\17.png","103"
"C:\Program Files\Tableau\Tableau 2026.2\Local\Maps\US\normal\5\7\18.png","103"
"C:\Program Files\Tableau\Tableau 2026.2\Local\Maps\US\normal\5\7\19.png","103"
"C:\Program Files\Tableau\Tableau 2026.2\Local\Maps\US\normal\5\7\2.png","1210"
"C:\Program Files\Tableau\Tableau 2026.2\Local\Maps\US\normal\5\7\20.png","103"
"C:\Program Files\Tableau\Tableau 2026.2\Local\Maps\US\normal\5\7\21.png","103"
"C:\Program Files\Tableau\Tableau 2026.2\Local\Maps\US\normal\5\7\22.png","103"
"C:\Program Files\Tableau\Tableau 2026.2\Local\Maps\US\normal\5\7\23.png","103"
"C:\Program Files\Tableau\Tableau 2026.2\Local\Maps\US\normal\5\7\24.png","286"
"C:\Program Files\Tableau\Tableau 2026.2\Local\Maps\US\normal\5\7\25.png","2358"
"C:\Program Files\Tableau\Tableau 2026.2\Local\Maps\US\normal\5\7\26.png","802"
"C:\Program Files\Tableau\Tableau 2026.2\Local\Maps\US\normal\5\7\27.png","177"
"C:\Program Files\Tableau\Tableau 2026.2\Local\Maps\US\normal\5\7\28.png","177"
"C:\Program Files\Tableau\Tableau 2026.2\Local\Maps\US\normal\5\7\29.png","177"
"C:\Program Files\Tableau\Tableau 2026.2\Local\Maps\US\normal\5\7\3.png","2878"
"C:\Program Files\Tableau\Tableau 2026.2\Local\Maps\US\normal\5\7\30.png","177"
"C:\Program Files\Tableau\Tableau 2026.2\Local\Maps\US\normal\5\7\31.png","252"
"C:\Program Files\Tableau\Tableau 2026.2\Local\Maps\US\normal\5\7\4.png","2966"
"C:\Program Files\Tableau\Tableau 2026.2\Local\Maps\US\normal\5\7\5.png","4662"
"C:\Program Files\Tableau\Tableau 2026.2\Local\Maps\US\normal\5\7\6.png","4114"
"C:\Program Files\Tableau\Tableau 2026.2\Local\Maps\US\normal\5\7\7.png","4940"
"C:\Program Files\Tableau\Tableau 2026.2\Local\Maps\US\normal\5\7\8.png","5667"
"C:\Program Files\Tableau\Tableau 2026.2\Local\Maps\US\normal\5\7\9.png","3152"
"C:\Program Files\Tableau\Tableau 2026.2\Local\Maps\US\normal\5\8\0.png","103"
"C:\Program Files\Tableau\Tableau 2026.2\Local\Maps\US\normal\5\8\1.png","821"
"C:\Program Files\Tableau\Tableau 2026.2\Local\Maps\US\normal\5\8\10.png","2648"
"C:\Program Files\Tableau\Tableau 2026.2\Local\Maps\US\normal\5\8\11.png","8574"
"C:\Program Files\Tableau\Tableau 2026.2\Local\Maps\US\normal\5\8\12.png","7507"
"C:\Program Files\Tableau\Tableau 2026.2\Local\Maps\US\normal\5\8\13.png","4716"
"C:\Program Files\Tableau\Tableau 2026.2\Local\Maps\US\normal\5\8\14.png","5995"
"C:\Program Files\Tableau\Tableau 2026.2\Local\Maps\US\normal\5\8\15.png","2666"
"C:\Program Files\Tableau\Tableau 2026.2\Local\Maps\US\normal\5\8\16.png","3945"
"C:\Program Files\Tableau\Tableau 2026.2\Local\Maps\US\normal\5\8\17.png","103"
"C:\Program Files\Tableau\Tableau 2026.2\Local\Maps\US\normal\5\8\18.png","173"
"C:\Program Files\Tableau\Tableau 2026.2\Local\Maps\US\normal\5\8\19.png","295"
"C:\Program Files\Tableau\Tableau 2026.2\Local\Maps\US\normal\5\8\2.png","3031"
"C:\Program Files\Tableau\Tableau 2026.2\Local\Maps\US\normal\5\8\20.png","103"
"C:\Program Files\Tableau\Tableau 2026.2\Local\Maps\US\normal\5\8\21.png","103"
"C:\Program Files\Tableau\Tableau 2026.2\Local\Maps\US\normal\5\8\22.png","103"
"C:\Program Files\Tableau\Tableau 2026.2\Local\Maps\US\normal\5\8\23.png","103"
"C:\Program Files\Tableau\Tableau 2026.2\Local\Maps\US\normal\5\8\24.png","103"
"C:\Program Files\Tableau\Tableau 2026.2\Local\Maps\US\normal\5\8\25.png","1437"
"C:\Program Files\Tableau\Tableau 2026.2\Local\Maps\US\normal\5\8\26.png","177"
"C:\Program Files\Tableau\Tableau 2026.2\Local\Maps\US\normal\5\8\27.png","1473"
"C:\Program Files\Tableau\Tableau 2026.2\Local\Maps\US\normal\5\8\28.png","711"
"C:\Program Files\Tableau\Tableau 2026.2\Local\Maps\US\normal\5\8\29.png","177"
"C:\Program Files\Tableau\Tableau 2026.2\Local\Maps\US\normal\5\8\3.png","3922"
"C:\Program Files\Tableau\Tableau 2026.2\Local\Maps\US\normal\5\8\30.png","177"
"C:\Program Files\Tableau\Tableau 2026.2\Local\Maps\US\normal\5\8\31.png","252"
"C:\Program Files\Tableau\Tableau 2026.2\Local\Maps\US\normal\5\8\4.png","4472"
"C:\Program Files\Tableau\Tableau 2026.2\Local\Maps\US\normal\5\8\5.png","3957"
"C:\Program Files\Tableau\Tableau 2026.2\Local\Maps\US\normal\5\8\6.png","4163"
"C:\Program Files\Tableau\Tableau 2026.2\Local\Maps\US\normal\5\8\7.png","4642"
"C:\Program Files\Tableau\Tableau 2026.2\Local\Maps\US\normal\5\8\8.png","3459"
"C:\Program Files\Tableau\Tableau 2026.2\Local\Maps\US\normal\5\8\9.png","1425"
"C:\Program Files\Tableau\Tableau 2026.2\Local\Maps\US\normal\5\9\0.png","103"
"C:\Program Files\Tableau\Tableau 2026.2\Local\Maps\US\normal\5\9\1.png","1695"
"C:\Program Files\Tableau\Tableau 2026.2\Local\Maps\US\normal\5\9\10.png","5680"
"C:\Program Files\Tableau\Tableau 2026.2\Local\Maps\US\normal\5\9\11.png","8815"
"C:\Program Files\Tableau\Tableau 2026.2\Local\Maps\US\normal\5\9\12.png","3823"
"C:\Program Files\Tableau\Tableau 2026.2\Local\Maps\US\normal\5\9\13.png","1555"
"C:\Program Files\Tableau\Tableau 2026.2\Local\Maps\US\normal\5\9\14.png","5857"
"C:\Program Files\Tableau\Tableau 2026.2\Local\Maps\US\normal\5\9\15.png","16768"
"C:\Program Files\Tableau\Tableau 2026.2\Local\Maps\US\normal\5\9\16.png","12154"
"C:\Program Files\Tableau\Tableau 2026.2\Local\Maps\US\normal\5\9\17.png","9216"
"C:\Program Files\Tableau\Tableau 2026.2\Local\Maps\US\normal\5\9\18.png","4484"
"C:\Program Files\Tableau\Tableau 2026.2\Local\Maps\US\normal\5\9\19.png","7159"
"C:\Program Files\Tableau\Tableau 2026.2\Local\Maps\US\normal\5\9\2.png","1807"
"C:\Program Files\Tableau\Tableau 2026.2\Local\Maps\US\normal\5\9\20.png","7812"
"C:\Program Files\Tableau\Tableau 2026.2\Local\Maps\US\normal\5\9\21.png","8976"
"C:\Program Files\Tableau\Tableau 2026.2\Local\Maps\US\normal\5\9\22.png","306"
"C:\Program Files\Tableau\Tableau 2026.2\Local\Maps\US\normal\5\9\23.png","103"
"C:\Program Files\Tableau\Tableau 2026.2\Local\Maps\US\normal\5\9\24.png","2241"
"C:\Program Files\Tableau\Tableau 2026.2\Local\Maps\US\normal\5\9\25.png","3426"
"C:\Program Files\Tableau\Tableau 2026.2\Local\Maps\US\normal\5\9\26.png","1053"
"C:\Program Files\Tableau\Tableau 2026.2\Local\Maps\US\normal\5\9\27.png","1837"
"C:\Program Files\Tableau\Tableau 2026.2\Local\Maps\US\normal\5\9\28.png","2106"
"C:\Program Files\Tableau\Tableau 2026.2\Local\Maps\US\normal\5\9\29.png","357"
"C:\Program Files\Tableau\Tableau 2026.2\Local\Maps\US\normal\5\9\3.png","2207"
"C:\Program Files\Tableau\Tableau 2026.2\Local\Maps\US\normal\5\9\30.png","177"
"C:\Program Files\Tableau\Tableau 2026.2\Local\Maps\US\normal\5\9\31.png","252"
"C:\Program Files\Tableau\Tableau 2026.2\Local\Maps\US\normal\5\9\4.png","3071"
"C:\Program Files\Tableau\Tableau 2026.2\Local\Maps\US\normal\5\9\5.png","894"
"C:\Program Files\Tableau\Tableau 2026.2\Local\Maps\US\normal\5\9\6.png","2854"
"C:\Program Files\Tableau\Tableau 2026.2\Local\Maps\US\normal\5\9\7.png","4443"
"C:\Program Files\Tableau\Tableau 2026.2\Local\Maps\US\normal\5\9\8.png","4464"
"C:\Program Files\Tableau\Tableau 2026.2\Local\Maps\US\normal\5\9\9.png","4302"
"C:\Program Files\Tableau\Tableau 2026.2\Local\projx\CH","1183"
"C:\Program Files\Tableau\Tableau 2026.2\Local\projx\GL27","728"
"C:\Program Files\Tableau\Tableau 2026.2\Local\projx\ITRF2000","2099"
"C:\Program Files\Tableau\Tableau 2026.2\Local\projx\ITRF2008","3660"
"C:\Program Files\Tableau\Tableau 2026.2\Local\projx\ITRF2014","3498"
"C:\Program Files\Tableau\Tableau 2026.2\Local\projx\nad.lst","6385"
"C:\Program Files\Tableau\Tableau 2026.2\Local\projx\nad27","19535"
"C:\Program Files\Tableau\Tableau 2026.2\Local\projx\nad83","16593"
"C:\Program Files\Tableau\Tableau 2026.2\Local\projx\null","232"
"C:\Program Files\Tableau\Tableau 2026.2\Local\projx\other.extra","3915"
"C:\Program Files\Tableau\Tableau 2026.2\Local\projx\proj.db","5627904"
"C:\Program Files\Tableau\Tableau 2026.2\Local\projx\world","7079"
"C:\Program Files\Tableau\Tableau 2026.2\Mapsources\Offline.tms","490"
"C:\Program Files\Tableau\Tableau 2026.2\Mapsources\Tableau.tms","3731"
"C:\Program Files\Tableau\Tableau 2026.2\Patterns\de","37484"
"C:\Program Files\Tableau\Tableau 2026.2\Patterns\en","36461"
"C:\Program Files\Tableau\Tableau 2026.2\Patterns\es","16949"
"C:\Program Files\Tableau\Tableau 2026.2\Patterns\fr","9104"
"C:\Program Files\Tableau\Tableau 2026.2\Performance\FilterBits.dat","244"
"C:\Program Files\Tableau\Tableau 2026.2\Performance\PerformanceRecordingv101.twbx","367939"
"C:\Program Files\Tableau\Tableau 2026.2\Performance\PerformanceRecording_new.twb","66018"
"C:\Program Files\Tableau\Tableau 2026.2\Performance\row_gantt.dat","801"
"C:\Program Files\Tableau\Tableau 2026.2\WebDatasources\GoogleAnalytics.twds","48147"
