01f8:trace:file:get_nt_and_unix_names L"\\??\\C:\\Program Files\\CodeMeter\\Runtime\\bin\\CodeMeter.exe" -> ret 0 nt L"\\??\\C:\\Program Files\\CodeMeter\\Runtime\\bin\\CodeMeter.exe" unix "/home/asdf/projects/mastercam-wine/state/exp/CodeMeterProbe/prefix/dosdevices/c:/Program Files/CodeMeter/Runtime/bin/CodeMeter.exe"
01f8:trace:file:RtlGetCurrentDirectory_U (520 00007FFFFE13F550)
01f8:trace:file:RtlDosPathNameToNtPathName_U_WithStatus (L"C:\\Program Files\\CodeMeter\\Runtime\\bin\\",00007FFFFE13F500,0000000000000000,0000000000000000)
01f8:trace:file:RtlGetFullPathName_U (L"C:\\Program Files\\CodeMeter\\Runtime\\bin\\" 520 00007FFFFE13F250 0000000000000000)
01f8:trace:file:RtlGetFullPathName_UEx (L"C:\\Program Files\\CodeMeter\\Runtime\\bin\\" 520 00007FFFFE13F250 0000000000000000 0000000000000000)
01f8:trace:file:NtCreateFile handle=0x7ffffe13f4f0 access=00100020 name=L"\\??\\C:\\Program Files\\CodeMeter\\Runtime\\bin\\" objattr=00000040 root=(nil) sec=(nil) io=0x7ffffe13f510 alloc_size=(nil) attr=00000000 sharing=00000003 disp=1 options=00000021 ea=(nil).0x00000000
01f8:trace:file:get_nt_and_unix_names L"\\??\\C:\\Program Files\\CodeMeter\\Runtime\\bin\\" -> ret 0 nt L"\\??\\C:\\Program Files\\CodeMeter\\Runtime\\bin" unix "/home/asdf/projects/mastercam-wine/state/exp/CodeMeterProbe/prefix/dosdevices/c:/Program Files/CodeMeter/Runtime/bin/"
01f8:trace:file:RtlSetCurrentDirectory_U curdir now L"C:\\Program Files\\CodeMeter\\Runtime\\bin\\" 0000000000000018
01f8:trace:file:RtlDosPathNameToNtPathName_U_WithStatus (L"C:\\Program Files\\CodeMeter\\Runtime\\bin\\CodeMeter.exe",00007FFFFE13FA20,0000000000000000,0000000000000000)
01f8:trace:file:RtlGetFullPathName_U (L"C:\\Program Files\\CodeMeter\\Runtime\\bin\\CodeMeter.exe" 520 00007FFFFE13F720 0000000000000000)
01f8:trace:file:RtlGetFullPathName_UEx (L"C:\\Program Files\\CodeMeter\\Runtime\\bin\\CodeMeter.exe" 520 00007FFFFE13F720 0000000000000000 0000000000000000)
01f8:trace:file:RtlDosPathNameToNtPathName_U_WithStatus (L"C:\\Program Files\\CodeMeter\\Runtime\\bin\\CodeMeter.exe.manifest",00007FFFFE13F4B0,0000000000000000,0000000000000000)
01f8:trace:file:RtlGetFullPathName_U (L"C:\\Program Files\\CodeMeter\\Runtime\\bin\\CodeMeter.exe.manifest" 520 00007FFFFE13F1E0 0000000000000000)
01f8:trace:file:RtlGetFullPathName_UEx (L"C:\\Program Files\\CodeMeter\\Runtime\\bin\\CodeMeter.exe.manifest" 520 00007FFFFE13F1E0 0000000000000000 0000000000000000)
01f8:trace:file:NtCreateFile handle=0x7ffffe13f4a8 access=80100000 name=L"\\??\\C:\\Program Files\\CodeMeter\\Runtime\\bin\\CodeMeter.exe.manifest" objattr=00000040 root=(nil) sec=(nil) io=0x7ffffe13f4c0 alloc_size=(nil) attr=00000000 sharing=00000005 disp=1 options=00000010 ea=(nil).0x00000000
01f8:trace:file:get_nt_and_unix_names L"\\??\\C:\\Program Files\\CodeMeter\\Runtime\\bin\\CodeMeter.exe.manifest" -> ret 0 nt L"\\??\\C:\\Program Files\\CodeMeter\\Runtime\\bin\\CodeMeter.exe.manifest" unix "/home/asdf/projects/mastercam-wine/state/exp/CodeMeterProbe/prefix/dosdevices/c:/Program Files/CodeMeter/Runtime/bin/CodeMeter.exe.manifest"
01f8:trace:file:NtQueryInformationFile (0x20,0x7ffffe13f3f0,0x7ffffe13f3c0,0x00000008,0x00000014)
01f8:trace:file:RtlDosPathNameToNtPathName_U_WithStatus (L"C:\\Program Files\\CodeMeter\\Runtime\\bin\\CodeMeter.exe.config",00007FFFFE13F640,0000000000000000,0000000000000000)
01f8:trace:file:RtlGetFullPathName_U (L"C:\\Program Files\\CodeMeter\\Runtime\\bin\\CodeMeter.exe.config" 520 00007FFFFE13F2A0 0000000000000000)
01f8:trace:file:RtlGetFullPathName_UEx (L"C:\\Program Files\\CodeMeter\\Runtime\\bin\\CodeMeter.exe.config" 520 00007FFFFE13F2A0 0000000000000000 0000000000000000)
01f8:trace:file:NtCreateFile handle=0x7ffffe13f610 access=80100000 name=L"\\??\\C:\\Program Files\\CodeMeter\\Runtime\\bin\\CodeMeter.exe.config" objattr=00000040 root=(nil) sec=(nil) io=0x7ffffe13f670 alloc_size=(nil) attr=00000000 sharing=00000005 disp=1 options=00000010 ea=(nil).0x00000000
01f8:trace:file:get_nt_and_unix_names L"\\??\\C:\\Program Files\\CodeMeter\\Runtime\\bin\\CodeMeter.exe.config" -> ret c0000034
01f8:warn:file:NtCreateFile L"\\??\\C:\\Program Files\\CodeMeter\\Runtime\\bin\\CodeMeter.exe.config" not found (c0000034)
01f8:trace:file:RtlDosPathNameToNtPathName_U_WithStatus (L"C:\\Program Files\\CodeMeter\\Runtime\\bin\\Secur32.dll",00007FFFFE13F400,0000000000000000,0000000000000000)
01f8:trace:file:RtlGetFullPathName_U (L"C:\\Program Files\\CodeMeter\\Runtime\\bin\\Secur32.dll" 520 00007FFFFE13EF30 0000000000000000)
01f8:trace:file:RtlGetFullPathName_UEx (L"C:\\Program Files\\CodeMeter\\Runtime\\bin\\Secur32.dll" 520 00007FFFFE13EF30 0000000000000000 0000000000000000)
01f8:trace:file:NtCreateFile handle=0x7ffffe13ef88 access=80100000 name=L"\\??\\C:\\Program Files\\CodeMeter\\Runtime\\bin\\Secur32.dll" objattr=00000040 root=(nil) sec=(nil) io=0x7ffffe13ef90 alloc_size=(nil) attr=00000000 sharing=00000005 disp=1 options=00000060 ea=(nil).0x00000000
01f8:trace:file:get_nt_and_unix_names L"\\??\\C:\\Program Files\\CodeMeter\\Runtime\\bin\\Secur32.dll" -> ret c0000034
01f8:warn:file:NtCreateFile L"\\??\\C:\\Program Files\\CodeMeter\\Runtime\\bin\\Secur32.dll" not found (c0000034)
01f8:trace:file:RtlDosPathNameToNtPathName_U_WithStatus (L"C:\\windows\\system32\\Secur32.dll",00007FFFFE13F400,0000000000000000,0000000000000000)
01f8:trace:file:RtlGetFullPathName_U (L"C:\\windows\\system32\\Secur32.dll" 520 00007FFFFE13EF30 0000000000000000)
01f8:trace:file:RtlGetFullPathName_UEx (L"C:\\windows\\system32\\Secur32.dll" 520 00007FFFFE13EF30 0000000000000000 0000000000000000)
01f8:trace:file:NtCreateFile handle=0x7ffffe13ef88 access=80100000 name=L"\\??\\C:\\windows\\system32\\Secur32.dll" objattr=00000040 root=(nil) sec=(nil) io=0x7ffffe13ef90 alloc_size=(nil) attr=00000000 sharing=00000005 disp=1 options=00000060 ea=(nil).0x00000000
01f8:trace:file:get_nt_and_unix_names L"\\??\\C:\\windows\\system32\\Secur32.dll" -> ret 0 nt L"\\??\\C:\\windows\\system32\\Secur32.dll" unix "/home/asdf/projects/mastercam-wine/state/exp/CodeMeterProbe/prefix/dosdevices/c:/windows/system32/secur32.dll"
01f8:trace:file:NtFsControlFile (0x20,(nil),(nil),(nil),0x7ffffe13ef90,0x0009009c,(nil),0x00000000,0x7ffffe13efd0,0x00000040)
01f8:trace:file:RtlDosPathNameToNtPathName_U_WithStatus (L"C:\\Program Files\\CodeMeter\\Runtime\\bin\\CRYPT32.dll",00007FFFFE13F400,0000000000000000,0000000000000000)
01f8:trace:file:RtlGetFullPathName_U (L"C:\\Program Files\\CodeMeter\\Runtime\\bin\\CRYPT32.dll" 520 00007FFFFE13EF30 0000000000000000)
01f8:trace:file:RtlGetFullPathName_UEx (L"C:\\Program Files\\CodeMeter\\Runtime\\bin\\CRYPT32.dll" 520 00007FFFFE13EF30 0000000000000000 0000000000000000)
01f8:trace:file:NtCreateFile handle=0x7ffffe13ef88 access=80100000 name=L"\\??\\C:\\Program Files\\CodeMeter\\Runtime\\bin\\CRYPT32.dll" objattr=00000040 root=(nil) sec=(nil) io=0x7ffffe13ef90 alloc_size=(nil) attr=00000000 sharing=00000005 disp=1 options=00000060 ea=(nil).0x00000000
01f8:trace:file:get_nt_and_unix_names L"\\??\\C:\\Program Files\\CodeMeter\\Runtime\\bin\\CRYPT32.dll" -> ret c0000034
01f8:warn:file:NtCreateFile L"\\??\\C:\\Program Files\\CodeMeter\\Runtime\\bin\\CRYPT32.dll" not found (c0000034)
01f8:trace:file:RtlDosPathNameToNtPathName_U_WithStatus (L"C:\\windows\\system32\\CRYPT32.dll",00007FFFFE13F400,0000000000000000,0000000000000000)
01f8:trace:file:RtlGetFullPathName_U (L"C:\\windows\\system32\\CRYPT32.dll" 520 00007FFFFE13EF30 0000000000000000)
01f8:trace:file:RtlGetFullPathName_UEx (L"C:\\windows\\system32\\CRYPT32.dll" 520 00007FFFFE13EF30 0000000000000000 0000000000000000)
01f8:trace:file:NtCreateFile handle=0x7ffffe13ef88 access=80100000 name=L"\\??\\C:\\windows\\system32\\CRYPT32.dll" objattr=00000040 root=(nil) sec=(nil) io=0x7ffffe13ef90 alloc_size=(nil) attr=00000000 sharing=00000005 disp=1 options=00000060 ea=(nil).0x00000000
01f8:trace:file:get_nt_and_unix_names L"\\??\\C:\\windows\\system32\\CRYPT32.dll" -> ret 0 nt L"\\??\\C:\\windows\\system32\\CRYPT32.dll" unix "/home/asdf/projects/mastercam-wine/state/exp/CodeMeterProbe/prefix/dosdevices/c:/windows/system32/crypt32.dll"
01f8:trace:file:NtFsControlFile (0x20,(nil),(nil),(nil),0x7ffffe13ef90,0x0009009c,(nil),0x00000000,0x7ffffe13efd0,0x00000040)
01f8:trace:file:RtlDosPathNameToNtPathName_U_WithStatus (L"C:\\Program Files\\CodeMeter\\Runtime\\bin\\bcrypt.dll",00007FFFFE13ED10,0000000000000000,0000000000000000)
01f8:trace:file:RtlGetFullPathName_U (L"C:\\Program Files\\CodeMeter\\Runtime\\bin\\bcrypt.dll" 520 00007FFFFE13E840 0000000000000000)
01f8:trace:file:RtlGetFullPathName_UEx (L"C:\\Program Files\\CodeMeter\\Runtime\\bin\\bcrypt.dll" 520 00007FFFFE13E840 0000000000000000 0000000000000000)
01f8:trace:file:NtCreateFile handle=0x7ffffe13e898 access=80100000 name=L"\\??\\C:\\Program Files\\CodeMeter\\Runtime\\bin\\bcrypt.dll" objattr=00000040 root=(nil) sec=(nil) io=0x7ffffe13e8a0 alloc_size=(nil) attr=00000000 sharing=00000005 disp=1 options=00000060 ea=(nil).0x00000000
01f8:trace:file:get_nt_and_unix_names L"\\??\\C:\\Program Files\\CodeMeter\\Runtime\\bin\\bcrypt.dll" -> ret c0000034
01f8:warn:file:NtCreateFile L"\\??\\C:\\Program Files\\CodeMeter\\Runtime\\bin\\bcrypt.dll" not found (c0000034)
01f8:trace:file:RtlDosPathNameToNtPathName_U_WithStatus (L"C:\\windows\\system32\\bcrypt.dll",00007FFFFE13ED10,0000000000000000,0000000000000000)
01f8:trace:file:RtlGetFullPathName_U (L"C:\\windows\\system32\\bcrypt.dll" 520 00007FFFFE13E840 0000000000000000)
01f8:trace:file:RtlGetFullPathName_UEx (L"C:\\windows\\system32\\bcrypt.dll" 520 00007FFFFE13E840 0000000000000000 0000000000000000)
01f8:trace:file:NtCreateFile handle=0x7ffffe13e898 access=80100000 name=L"\\??\\C:\\windows\\system32\\bcrypt.dll" objattr=00000040 root=(nil) sec=(nil) io=0x7ffffe13e8a0 alloc_size=(nil) attr=00000000 sharing=00000005 disp=1 options=00000060 ea=(nil).0x00000000
01f8:trace:file:get_nt_and_unix_names L"\\??\\C:\\windows\\system32\\bcrypt.dll" -> ret 0 nt L"\\??\\C:\\windows\\system32\\bcrypt.dll" unix "/home/asdf/projects/mastercam-wine/state/exp/CodeMeterProbe/prefix/dosdevices/c:/windows/system32/bcrypt.dll"
01f8:trace:file:NtFsControlFile (0x20,(nil),(nil),(nil),0x7ffffe13e8a0,0x0009009c,(nil),0x00000000,0x7ffffe13e8e0,0x00000040)
01f8:trace:file:RtlDosPathNameToNtPathName_U_WithStatus (L"C:\\Program Files\\CodeMeter\\Runtime\\bin\\cryptbase.dll",00007FFFFE13E380,0000000000000000,0000000000000000)
01f8:trace:file:RtlGetFullPathName_U (L"C:\\Program Files\\CodeMeter\\Runtime\\bin\\cryptbase.dll" 520 00007FFFFE13DEB0 0000000000000000)
01f8:trace:file:RtlGetFullPathName_UEx (L"C:\\Program Files\\CodeMeter\\Runtime\\bin\\cryptbase.dll" 520 00007FFFFE13DEB0 0000000000000000 0000000000000000)
01f8:trace:file:NtCreateFile handle=0x7ffffe13df08 access=80100000 name=L"\\??\\C:\\Program Files\\CodeMeter\\Runtime\\bin\\cryptbase.dll" objattr=00000040 root=(nil) sec=(nil) io=0x7ffffe13df10 alloc_size=(nil) attr=00000000 sharing=00000005 disp=1 options=00000060 ea=(nil).0x00000000
01f8:trace:file:get_nt_and_unix_names L"\\??\\C:\\Program Files\\CodeMeter\\Runtime\\bin\\cryptbase.dll" -> ret c0000034
01f8:warn:file:NtCreateFile L"\\??\\C:\\Program Files\\CodeMeter\\Runtime\\bin\\cryptbase.dll" not found (c0000034)
01f8:trace:file:RtlDosPathNameToNtPathName_U_WithStatus (L"C:\\windows\\system32\\cryptbase.dll",00007FFFFE13E380,0000000000000000,0000000000000000)
01f8:trace:file:RtlGetFullPathName_U (L"C:\\windows\\system32\\cryptbase.dll" 520 00007FFFFE13DEB0 0000000000000000)
01f8:trace:file:RtlGetFullPathName_UEx (L"C:\\windows\\system32\\cryptbase.dll" 520 00007FFFFE13DEB0 0000000000000000 0000000000000000)
01f8:trace:file:NtCreateFile handle=0x7ffffe13df08 access=80100000 name=L"\\??\\C:\\windows\\system32\\cryptbase.dll" objattr=00000040 root=(nil) sec=(nil) io=0x7ffffe13df10 alloc_size=(nil) attr=00000000 sharing=00000005 disp=1 options=00000060 ea=(nil).0x00000000
01f8:trace:file:get_nt_and_unix_names L"\\??\\C:\\windows\\system32\\cryptbase.dll" -> ret 0 nt L"\\??\\C:\\windows\\system32\\cryptbase.dll" unix "/home/asdf/projects/mastercam-wine/state/exp/CodeMeterProbe/prefix/dosdevices/c:/windows/system32/cryptbase.dll"
01f8:trace:file:NtFsControlFile (0x20,(nil),(nil),(nil),0x7ffffe13df10,0x0009009c,(nil),0x00000000,0x7ffffe13df50,0x00000040)
01f8:trace:file:RtlDosPathNameToNtPathName_U_WithStatus (L"C:\\Program Files\\CodeMeter\\Runtime\\bin\\ncrypt.dll",00007FFFFE13ED10,0000000000000000,0000000000000000)
01f8:trace:file:RtlGetFullPathName_U (L"C:\\Program Files\\CodeMeter\\Runtime\\bin\\ncrypt.dll" 520 00007FFFFE13E840 0000000000000000)
01f8:trace:file:RtlGetFullPathName_UEx (L"C:\\Program Files\\CodeMeter\\Runtime\\bin\\ncrypt.dll" 520 00007FFFFE13E840 0000000000000000 0000000000000000)
01f8:trace:file:NtCreateFile handle=0x7ffffe13e898 access=80100000 name=L"\\??\\C:\\Program Files\\CodeMeter\\Runtime\\bin\\ncrypt.dll" objattr=00000040 root=(nil) sec=(nil) io=0x7ffffe13e8a0 alloc_size=(nil) attr=00000000 sharing=00000005 disp=1 options=00000060 ea=(nil).0x00000000
01f8:trace:file:get_nt_and_unix_names L"\\??\\C:\\Program Files\\CodeMeter\\Runtime\\bin\\ncrypt.dll" -> ret c0000034
01f8:warn:file:NtCreateFile L"\\??\\C:\\Program Files\\CodeMeter\\Runtime\\bin\\ncrypt.dll" not found (c0000034)
01f8:trace:file:RtlDosPathNameToNtPathName_U_WithStatus (L"C:\\windows\\system32\\ncrypt.dll",00007FFFFE13ED10,0000000000000000,0000000000000000)
01f8:trace:file:RtlGetFullPathName_U (L"C:\\windows\\system32\\ncrypt.dll" 520 00007FFFFE13E840 0000000000000000)
01f8:trace:file:RtlGetFullPathName_UEx (L"C:\\windows\\system32\\ncrypt.dll" 520 00007FFFFE13E840 0000000000000000 0000000000000000)
01f8:trace:file:NtCreateFile handle=0x7ffffe13e898 access=80100000 name=L"\\??\\C:\\windows\\system32\\ncrypt.dll" objattr=00000040 root=(nil) sec=(nil) io=0x7ffffe13e8a0 alloc_size=(nil) attr=00000000 sharing=00000005 disp=1 options=00000060 ea=(nil).0x00000000
01f8:trace:file:get_nt_and_unix_names L"\\??\\C:\\windows\\system32\\ncrypt.dll" -> ret 0 nt L"\\??\\C:\\windows\\system32\\ncrypt.dll" unix "/home/asdf/projects/mastercam-wine/state/exp/CodeMeterProbe/prefix/dosdevices/c:/windows/system32/ncrypt.dll"
01f8:trace:file:NtFsControlFile (0x20,(nil),(nil),(nil),0x7ffffe13e8a0,0x0009009c,(nil),0x00000000,0x7ffffe13e8e0,0x00000040)
01f8:trace:file:RtlDosPathNameToNtPathName_U_WithStatus (L"C:\\Program Files\\CodeMeter\\Runtime\\bin\\IPHLPAPI.DLL",00007FFFFE13F400,0000000000000000,0000000000000000)
01f8:trace:file:RtlGetFullPathName_U (L"C:\\Program Files\\CodeMeter\\Runtime\\bin\\IPHLPAPI.DLL" 520 00007FFFFE13EF30 0000000000000000)
01f8:trace:file:RtlGetFullPathName_UEx (L"C:\\Program Files\\CodeMeter\\Runtime\\bin\\IPHLPAPI.DLL" 520 00007FFFFE13EF30 0000000000000000 0000000000000000)
01f8:trace:file:NtCreateFile handle=0x7ffffe13ef88 access=80100000 name=L"\\??\\C:\\Program Files\\CodeMeter\\Runtime\\bin\\IPHLPAPI.DLL" objattr=00000040 root=(nil) sec=(nil) io=0x7ffffe13ef90 alloc_size=(nil) attr=00000000 sharing=00000005 disp=1 options=00000060 ea=(nil).0x00000000
01f8:trace:file:get_nt_and_unix_names L"\\??\\C:\\Program Files\\CodeMeter\\Runtime\\bin\\IPHLPAPI.DLL" -> ret c0000034
01f8:warn:file:NtCreateFile L"\\??\\C:\\Program Files\\CodeMeter\\Runtime\\bin\\IPHLPAPI.DLL" not found (c0000034)
01f8:trace:file:RtlDosPathNameToNtPathName_U_WithStatus (L"C:\\windows\\system32\\IPHLPAPI.DLL",00007FFFFE13F400,0000000000000000,0000000000000000)
01f8:trace:file:RtlGetFullPathName_U (L"C:\\windows\\system32\\IPHLPAPI.DLL" 520 00007FFFFE13EF30 0000000000000000)
01f8:trace:file:RtlGetFullPathName_UEx (L"C:\\windows\\system32\\IPHLPAPI.DLL" 520 00007FFFFE13EF30 0000000000000000 0000000000000000)
01f8:trace:file:NtCreateFile handle=0x7ffffe13ef88 access=80100000 name=L"\\??\\C:\\windows\\system32\\IPHLPAPI.DLL" objattr=00000040 root=(nil) sec=(nil) io=0x7ffffe13ef90 alloc_size=(nil) attr=00000000 sharing=00000005 disp=1 options=00000060 ea=(nil).0x00000000
01f8:trace:file:get_nt_and_unix_names L"\\??\\C:\\windows\\system32\\IPHLPAPI.DLL" -> ret 0 nt L"\\??\\C:\\windows\\system32\\IPHLPAPI.DLL" unix "/home/asdf/projects/mastercam-wine/state/exp/CodeMeterProbe/prefix/dosdevices/c:/windows/system32/iphlpapi.dll"
01f8:trace:file:NtFsControlFile (0x20,(nil),(nil),(nil),0x7ffffe13ef90,0x0009009c,(nil),0x00000000,0x7ffffe13efd0,0x00000040)
01f8:trace:file:RtlDosPathNameToNtPathName_U_WithStatus (L"C:\\Program Files\\CodeMeter\\Runtime\\bin\\dnsapi.dll",00007FFFFE13ED10,0000000000000000,0000000000000000)
01f8:trace:file:RtlGetFullPathName_U (L"C:\\Program Files\\CodeMeter\\Runtime\\bin\\dnsapi.dll" 520 00007FFFFE13E840 0000000000000000)
01f8:trace:file:RtlGetFullPathName_UEx (L"C:\\Program Files\\CodeMeter\\Runtime\\bin\\dnsapi.dll" 520 00007FFFFE13E840 0000000000000000 0000000000000000)
01f8:trace:file:NtCreateFile handle=0x7ffffe13e898 access=80100000 name=L"\\??\\C:\\Program Files\\CodeMeter\\Runtime\\bin\\dnsapi.dll" objattr=00000040 root=(nil) sec=(nil) io=0x7ffffe13e8a0 alloc_size=(nil) attr=00000000 sharing=00000005 disp=1 options=00000060 ea=(nil).0x00000000
01f8:trace:file:get_nt_and_unix_names L"\\??\\C:\\Program Files\\CodeMeter\\Runtime\\bin\\dnsapi.dll" -> ret c0000034
01f8:warn:file:NtCreateFile L"\\??\\C:\\Program Files\\CodeMeter\\Runtime\\bin\\dnsapi.dll" not found (c0000034)
01f8:trace:file:RtlDosPathNameToNtPathName_U_WithStatus (L"C:\\windows\\system32\\dnsapi.dll",00007FFFFE13ED10,0000000000000000,0000000000000000)
01f8:trace:file:RtlGetFullPathName_U (L"C:\\windows\\system32\\dnsapi.dll" 520 00007FFFFE13E840 0000000000000000)
01f8:trace:file:RtlGetFullPathName_UEx (L"C:\\windows\\system32\\dnsapi.dll" 520 00007FFFFE13E840 0000000000000000 0000000000000000)
01f8:trace:file:NtCreateFile handle=0x7ffffe13e898 access=80100000 name=L"\\??\\C:\\windows\\system32\\dnsapi.dll" objattr=00000040 root=(nil) sec=(nil) io=0x7ffffe13e8a0 alloc_size=(nil) attr=00000000 sharing=00000005 disp=1 options=00000060 ea=(nil).0x00000000
01f8:trace:file:get_nt_and_unix_names L"\\??\\C:\\windows\\system32\\dnsapi.dll" -> ret 0 nt L"\\??\\C:\\windows\\system32\\dnsapi.dll" unix "/home/asdf/projects/mastercam-wine/state/exp/CodeMeterProbe/prefix/dosdevices/c:/windows/system32/dnsapi.dll"
01f8:trace:file:NtFsControlFile (0x20,(nil),(nil),(nil),0x7ffffe13e8a0,0x0009009c,(nil),0x00000000,0x7ffffe13e8e0,0x00000040)
01f8:trace:file:RtlDosPathNameToNtPathName_U_WithStatus (L"C:\\Program Files\\CodeMeter\\Runtime\\bin\\cpsrt.dll",00007FFFFE13F400,0000000000000000,0000000000000000)
01f8:trace:file:RtlGetFullPathName_U (L"C:\\Program Files\\CodeMeter\\Runtime\\bin\\cpsrt.dll" 520 00007FFFFE13EF30 0000000000000000)
01f8:trace:file:RtlGetFullPathName_UEx (L"C:\\Program Files\\CodeMeter\\Runtime\\bin\\cpsrt.dll" 520 00007FFFFE13EF30 0000000000000000 0000000000000000)
01f8:trace:file:NtCreateFile handle=0x7ffffe13ef88 access=80100000 name=L"\\??\\C:\\Program Files\\CodeMeter\\Runtime\\bin\\cpsrt.dll" objattr=00000040 root=(nil) sec=(nil) io=0x7ffffe13ef90 alloc_size=(nil) attr=00000000 sharing=00000005 disp=1 options=00000060 ea=(nil).0x00000000
01f8:trace:file:get_nt_and_unix_names L"\\??\\C:\\Program Files\\CodeMeter\\Runtime\\bin\\cpsrt.dll" -> ret c0000034
01f8:warn:file:NtCreateFile L"\\??\\C:\\Program Files\\CodeMeter\\Runtime\\bin\\cpsrt.dll" not found (c0000034)
01f8:trace:file:RtlDosPathNameToNtPathName_U_WithStatus (L"C:\\windows\\system32\\cpsrt.dll",00007FFFFE13F400,0000000000000000,0000000000000000)
01f8:trace:file:RtlGetFullPathName_U (L"C:\\windows\\system32\\cpsrt.dll" 520 00007FFFFE13EF30 0000000000000000)
01f8:trace:file:RtlGetFullPathName_UEx (L"C:\\windows\\system32\\cpsrt.dll" 520 00007FFFFE13EF30 0000000000000000 0000000000000000)
01f8:trace:file:NtCreateFile handle=0x7ffffe13ef88 access=80100000 name=L"\\??\\C:\\windows\\system32\\cpsrt.dll" objattr=00000040 root=(nil) sec=(nil) io=0x7ffffe13ef90 alloc_size=(nil) attr=00000000 sharing=00000005 disp=1 options=00000060 ea=(nil).0x00000000
01f8:trace:file:get_nt_and_unix_names L"\\??\\C:\\windows\\system32\\cpsrt.dll" -> ret 0 nt L"\\??\\C:\\windows\\system32\\cpsrt.dll" unix "/home/asdf/projects/mastercam-wine/state/exp/CodeMeterProbe/prefix/dosdevices/c:/windows/system32/cpsrt.dll"
01f8:trace:file:NtFsControlFile (0x20,(nil),(nil),(nil),0x7ffffe13ef90,0x0009009c,(nil),0x00000000,0x7ffffe13efd0,0x00000040)
01f8:trace:file:RtlDosPathNameToNtPathName_U_WithStatus (L"C:\\windows\\system32\\cpsrt.dll.config",00007FFFFE13F030,0000000000000000,0000000000000000)
01f8:trace:file:RtlGetFullPathName_U (L"C:\\windows\\system32\\cpsrt.dll.config" 520 00007FFFFE13EC90 0000000000000000)
01f8:trace:file:RtlGetFullPathName_UEx (L"C:\\windows\\system32\\cpsrt.dll.config" 520 00007FFFFE13EC90 0000000000000000 0000000000000000)
01f8:trace:file:NtCreateFile handle=0x7ffffe13f000 access=80100000 name=L"\\??\\C:\\windows\\system32\\cpsrt.dll.config" objattr=00000040 root=(nil) sec=(nil) io=0x7ffffe13f060 alloc_size=(nil) attr=00000000 sharing=00000005 disp=1 options=00000010 ea=(nil).0x00000000
01f8:trace:file:get_nt_and_unix_names L"\\??\\C:\\windows\\system32\\cpsrt.dll.config" -> ret c0000034
01f8:warn:file:NtCreateFile L"\\??\\C:\\windows\\system32\\cpsrt.dll.config" not found (c0000034)
01f8:trace:file:RtlDosPathNameToNtPathName_U_WithStatus (L"C:\\Program Files\\CodeMeter\\Runtime\\bin\\dbghelp.dll",00007FFFFE13ED10,0000000000000000,0000000000000000)
01f8:trace:file:RtlGetFullPathName_U (L"C:\\Program Files\\CodeMeter\\Runtime\\bin\\dbghelp.dll" 520 00007FFFFE13E840 0000000000000000)
01f8:trace:file:RtlGetFullPathName_UEx (L"C:\\Program Files\\CodeMeter\\Runtime\\bin\\dbghelp.dll" 520 00007FFFFE13E840 0000000000000000 0000000000000000)
01f8:trace:file:NtCreateFile handle=0x7ffffe13e898 access=80100000 name=L"\\??\\C:\\Program Files\\CodeMeter\\Runtime\\bin\\dbghelp.dll" objattr=00000040 root=(nil) sec=(nil) io=0x7ffffe13e8a0 alloc_size=(nil) attr=00000000 sharing=00000005 disp=1 options=00000060 ea=(nil).0x00000000
01f8:trace:file:get_nt_and_unix_names L"\\??\\C:\\Program Files\\CodeMeter\\Runtime\\bin\\dbghelp.dll" -> ret c0000034
01f8:warn:file:NtCreateFile L"\\??\\C:\\Program Files\\CodeMeter\\Runtime\\bin\\dbghelp.dll" not found (c0000034)
01f8:trace:file:RtlDosPathNameToNtPathName_U_WithStatus (L"C:\\windows\\system32\\dbghelp.dll",00007FFFFE13ED10,0000000000000000,0000000000000000)
01f8:trace:file:RtlGetFullPathName_U (L"C:\\windows\\system32\\dbghelp.dll" 520 00007FFFFE13E840 0000000000000000)
01f8:trace:file:RtlGetFullPathName_UEx (L"C:\\windows\\system32\\dbghelp.dll" 520 00007FFFFE13E840 0000000000000000 0000000000000000)
01f8:trace:file:NtCreateFile handle=0x7ffffe13e898 access=80100000 name=L"\\??\\C:\\windows\\system32\\dbghelp.dll" objattr=00000040 root=(nil) sec=(nil) io=0x7ffffe13e8a0 alloc_size=(nil) attr=00000000 sharing=00000005 disp=1 options=00000060 ea=(nil).0x00000000
01f8:trace:file:get_nt_and_unix_names L"\\??\\C:\\windows\\system32\\dbghelp.dll" -> ret 0 nt L"\\??\\C:\\windows\\system32\\dbghelp.dll" unix "/home/asdf/projects/mastercam-wine/state/exp/CodeMeterProbe/prefix/dosdevices/c:/windows/system32/dbghelp.dll"
01f8:trace:file:NtFsControlFile (0x20,(nil),(nil),(nil),0x7ffffe13e8a0,0x0009009c,(nil),0x00000000,0x7ffffe13e8e0,0x00000040)
01f8:trace:file:RtlDosPathNameToNtPathName_U_WithStatus (L"C:\\Program Files\\CodeMeter\\Runtime\\bin\\POWRPROF.dll",00007FFFFE13ED10,0000000000000000,0000000000000000)
01f8:trace:file:RtlGetFullPathName_U (L"C:\\Program Files\\CodeMeter\\Runtime\\bin\\POWRPROF.dll" 520 00007FFFFE13E840 0000000000000000)
01f8:trace:file:RtlGetFullPathName_UEx (L"C:\\Program Files\\CodeMeter\\Runtime\\bin\\POWRPROF.dll" 520 00007FFFFE13E840 0000000000000000 0000000000000000)
01f8:trace:file:NtCreateFile handle=0x7ffffe13e898 access=80100000 name=L"\\??\\C:\\Program Files\\CodeMeter\\Runtime\\bin\\POWRPROF.dll" objattr=00000040 root=(nil) sec=(nil) io=0x7ffffe13e8a0 alloc_size=(nil) attr=00000000 sharing=00000005 disp=1 options=00000060 ea=(nil).0x00000000
01f8:trace:file:get_nt_and_unix_names L"\\??\\C:\\Program Files\\CodeMeter\\Runtime\\bin\\POWRPROF.dll" -> ret c0000034
01f8:warn:file:NtCreateFile L"\\??\\C:\\Program Files\\CodeMeter\\Runtime\\bin\\POWRPROF.dll" not found (c0000034)
01f8:trace:file:RtlDosPathNameToNtPathName_U_WithStatus (L"C:\\windows\\system32\\POWRPROF.dll",00007FFFFE13ED10,0000000000000000,0000000000000000)
01f8:trace:file:RtlGetFullPathName_U (L"C:\\windows\\system32\\POWRPROF.dll" 520 00007FFFFE13E840 0000000000000000)
01f8:trace:file:RtlGetFullPathName_UEx (L"C:\\windows\\system32\\POWRPROF.dll" 520 00007FFFFE13E840 0000000000000000 0000000000000000)
01f8:trace:file:NtCreateFile handle=0x7ffffe13e898 access=80100000 name=L"\\??\\C:\\windows\\system32\\POWRPROF.dll" objattr=00000040 root=(nil) sec=(nil) io=0x7ffffe13e8a0 alloc_size=(nil) attr=00000000 sharing=00000005 disp=1 options=00000060 ea=(nil).0x00000000
01f8:trace:file:get_nt_and_unix_names L"\\??\\C:\\windows\\system32\\POWRPROF.dll" -> ret 0 nt L"\\??\\C:\\windows\\system32\\POWRPROF.dll" unix "/home/asdf/projects/mastercam-wine/state/exp/CodeMeterProbe/prefix/dosdevices/c:/windows/system32/powrprof.dll"
01f8:trace:file:NtFsControlFile (0x20,(nil),(nil),(nil),0x7ffffe13e8a0,0x0009009c,(nil),0x00000000,0x7ffffe13e8e0,0x00000040)
01f8:trace:file:RtlDosPathNameToNtPathName_U_WithStatus (L"C:\\Program Files\\CodeMeter\\Runtime\\bin\\WTSAPI32.dll",00007FFFFE13F400,0000000000000000,0000000000000000)
01f8:trace:file:RtlGetFullPathName_U (L"C:\\Program Files\\CodeMeter\\Runtime\\bin\\WTSAPI32.dll" 520 00007FFFFE13EF30 0000000000000000)
01f8:trace:file:RtlGetFullPathName_UEx (L"C:\\Program Files\\CodeMeter\\Runtime\\bin\\WTSAPI32.dll" 520 00007FFFFE13EF30 0000000000000000 0000000000000000)
01f8:trace:file:NtCreateFile handle=0x7ffffe13ef88 access=80100000 name=L"\\??\\C:\\Program Files\\CodeMeter\\Runtime\\bin\\WTSAPI32.dll" objattr=00000040 root=(nil) sec=(nil) io=0x7ffffe13ef90 alloc_size=(nil) attr=00000000 sharing=00000005 disp=1 options=00000060 ea=(nil).0x00000000
01f8:trace:file:get_nt_and_unix_names L"\\??\\C:\\Program Files\\CodeMeter\\Runtime\\bin\\WTSAPI32.dll" -> ret c0000034
01f8:warn:file:NtCreateFile L"\\??\\C:\\Program Files\\CodeMeter\\Runtime\\bin\\WTSAPI32.dll" not found (c0000034)
01f8:trace:file:RtlDosPathNameToNtPathName_U_WithStatus (L"C:\\windows\\system32\\WTSAPI32.dll",00007FFFFE13F400,0000000000000000,0000000000000000)
01f8:trace:file:RtlGetFullPathName_U (L"C:\\windows\\system32\\WTSAPI32.dll" 520 00007FFFFE13EF30 0000000000000000)
01f8:trace:file:RtlGetFullPathName_UEx (L"C:\\windows\\system32\\WTSAPI32.dll" 520 00007FFFFE13EF30 0000000000000000 0000000000000000)
01f8:trace:file:NtCreateFile handle=0x7ffffe13ef88 access=80100000 name=L"\\??\\C:\\windows\\system32\\WTSAPI32.dll" objattr=00000040 root=(nil) sec=(nil) io=0x7ffffe13ef90 alloc_size=(nil) attr=00000000 sharing=00000005 disp=1 options=00000060 ea=(nil).0x00000000
01f8:trace:file:get_nt_and_unix_names L"\\??\\C:\\windows\\system32\\WTSAPI32.dll" -> ret 0 nt L"\\??\\C:\\windows\\system32\\WTSAPI32.dll" unix "/home/asdf/projects/mastercam-wine/state/exp/CodeMeterProbe/prefix/dosdevices/c:/windows/system32/wtsapi32.dll"
01f8:trace:file:NtFsControlFile (0x20,(nil),(nil),(nil),0x7ffffe13ef90,0x0009009c,(nil),0x00000000,0x7ffffe13efd0,0x00000040)
01f8:trace:file:RtlDosPathNameToNtPathName_U_WithStatus (L"C:\\Program Files\\CodeMeter\\Runtime\\bin\\ACTIVEDS.dll",00007FFFFE13F400,0000000000000000,0000000000000000)
01f8:trace:file:RtlGetFullPathName_U (L"C:\\Program Files\\CodeMeter\\Runtime\\bin\\ACTIVEDS.dll" 520 00007FFFFE13EF30 0000000000000000)
01f8:trace:file:RtlGetFullPathName_UEx (L"C:\\Program Files\\CodeMeter\\Runtime\\bin\\ACTIVEDS.dll" 520 00007FFFFE13EF30 0000000000000000 0000000000000000)
01f8:trace:file:NtCreateFile handle=0x7ffffe13ef88 access=80100000 name=L"\\??\\C:\\Program Files\\CodeMeter\\Runtime\\bin\\ACTIVEDS.dll" objattr=00000040 root=(nil) sec=(nil) io=0x7ffffe13ef90 alloc_size=(nil) attr=00000000 sharing=00000005 disp=1 options=00000060 ea=(nil).0x00000000
01f8:trace:file:get_nt_and_unix_names L"\\??\\C:\\Program Files\\CodeMeter\\Runtime\\bin\\ACTIVEDS.dll" -> ret c0000034
01f8:warn:file:NtCreateFile L"\\??\\C:\\Program Files\\CodeMeter\\Runtime\\bin\\ACTIVEDS.dll" not found (c0000034)
01f8:trace:file:RtlDosPathNameToNtPathName_U_WithStatus (L"C:\\windows\\system32\\ACTIVEDS.dll",00007FFFFE13F400,0000000000000000,0000000000000000)
01f8:trace:file:RtlGetFullPathName_U (L"C:\\windows\\system32\\ACTIVEDS.dll" 520 00007FFFFE13EF30 0000000000000000)
01f8:trace:file:RtlGetFullPathName_UEx (L"C:\\windows\\system32\\ACTIVEDS.dll" 520 00007FFFFE13EF30 0000000000000000 0000000000000000)
01f8:trace:file:NtCreateFile handle=0x7ffffe13ef88 access=80100000 name=L"\\??\\C:\\windows\\system32\\ACTIVEDS.dll" objattr=00000040 root=(nil) sec=(nil) io=0x7ffffe13ef90 alloc_size=(nil) attr=00000000 sharing=00000005 disp=1 options=00000060 ea=(nil).0x00000000
01f8:trace:file:get_nt_and_unix_names L"\\??\\C:\\windows\\system32\\ACTIVEDS.dll" -> ret 0 nt L"\\??\\C:\\windows\\system32\\ACTIVEDS.dll" unix "/home/asdf/projects/mastercam-wine/state/exp/CodeMeterProbe/prefix/dosdevices/c:/windows/system32/activeds.dll"
01f8:trace:file:NtFsControlFile (0x20,(nil),(nil),(nil),0x7ffffe13ef90,0x0009009c,(nil),0x00000000,0x7ffffe13efd0,0x00000040)
01f8:trace:file:RtlDosPathNameToNtPathName_U_WithStatus (L"C:\\Program Files\\CodeMeter\\Runtime\\bin\\NETAPI32.dll",00007FFFFE13F400,0000000000000000,0000000000000000)
01f8:trace:file:RtlGetFullPathName_U (L"C:\\Program Files\\CodeMeter\\Runtime\\bin\\NETAPI32.dll" 520 00007FFFFE13EF30 0000000000000000)
01f8:trace:file:RtlGetFullPathName_UEx (L"C:\\Program Files\\CodeMeter\\Runtime\\bin\\NETAPI32.dll" 520 00007FFFFE13EF30 0000000000000000 0000000000000000)
01f8:trace:file:NtCreateFile handle=0x7ffffe13ef88 access=80100000 name=L"\\??\\C:\\Program Files\\CodeMeter\\Runtime\\bin\\NETAPI32.dll" objattr=00000040 root=(nil) sec=(nil) io=0x7ffffe13ef90 alloc_size=(nil) attr=00000000 sharing=00000005 disp=1 options=00000060 ea=(nil).0x00000000
01f8:trace:file:get_nt_and_unix_names L"\\??\\C:\\Program Files\\CodeMeter\\Runtime\\bin\\NETAPI32.dll" -> ret c0000034
01f8:warn:file:NtCreateFile L"\\??\\C:\\Program Files\\CodeMeter\\Runtime\\bin\\NETAPI32.dll" not found (c0000034)
01f8:trace:file:RtlDosPathNameToNtPathName_U_WithStatus (L"C:\\windows\\system32\\NETAPI32.dll",00007FFFFE13F400,0000000000000000,0000000000000000)
01f8:trace:file:RtlGetFullPathName_U (L"C:\\windows\\system32\\NETAPI32.dll" 520 00007FFFFE13EF30 0000000000000000)
01f8:trace:file:RtlGetFullPathName_UEx (L"C:\\windows\\system32\\NETAPI32.dll" 520 00007FFFFE13EF30 0000000000000000 0000000000000000)
01f8:trace:file:NtCreateFile handle=0x7ffffe13ef88 access=80100000 name=L"\\??\\C:\\windows\\system32\\NETAPI32.dll" objattr=00000040 root=(nil) sec=(nil) io=0x7ffffe13ef90 alloc_size=(nil) attr=00000000 sharing=00000005 disp=1 options=00000060 ea=(nil).0x00000000
01f8:trace:file:get_nt_and_unix_names L"\\??\\C:\\windows\\system32\\NETAPI32.dll" -> ret 0 nt L"\\??\\C:\\windows\\system32\\NETAPI32.dll" unix "/home/asdf/projects/mastercam-wine/state/exp/CodeMeterProbe/prefix/dosdevices/c:/windows/system32/netapi32.dll"
01f8:trace:file:NtFsControlFile (0x20,(nil),(nil),(nil),0x7ffffe13ef90,0x0009009c,(nil),0x00000000,0x7ffffe13efd0,0x00000040)
01f8:trace:file:RtlDosPathNameToNtPathName_U_WithStatus (L"C:\\Program Files\\CodeMeter\\Runtime\\bin\\netutils.dll",00007FFFFE13ED10,0000000000000000,0000000000000000)
01f8:trace:file:RtlGetFullPathName_U (L"C:\\Program Files\\CodeMeter\\Runtime\\bin\\netutils.dll" 520 00007FFFFE13E840 0000000000000000)
01f8:trace:file:RtlGetFullPathName_UEx (L"C:\\Program Files\\CodeMeter\\Runtime\\bin\\netutils.dll" 520 00007FFFFE13E840 0000000000000000 0000000000000000)
01f8:trace:file:NtCreateFile handle=0x7ffffe13e898 access=80100000 name=L"\\??\\C:\\Program Files\\CodeMeter\\Runtime\\bin\\netutils.dll" objattr=00000040 root=(nil) sec=(nil) io=0x7ffffe13e8a0 alloc_size=(nil) attr=00000000 sharing=00000005 disp=1 options=00000060 ea=(nil).0x00000000
01f8:trace:file:get_nt_and_unix_names L"\\??\\C:\\Program Files\\CodeMeter\\Runtime\\bin\\netutils.dll" -> ret c0000034
01f8:warn:file:NtCreateFile L"\\??\\C:\\Program Files\\CodeMeter\\Runtime\\bin\\netutils.dll" not found (c0000034)
01f8:trace:file:RtlDosPathNameToNtPathName_U_WithStatus (L"C:\\windows\\system32\\netutils.dll",00007FFFFE13ED10,0000000000000000,0000000000000000)
01f8:trace:file:RtlGetFullPathName_U (L"C:\\windows\\system32\\netutils.dll" 520 00007FFFFE13E840 0000000000000000)
01f8:trace:file:RtlGetFullPathName_UEx (L"C:\\windows\\system32\\netutils.dll" 520 00007FFFFE13E840 0000000000000000 0000000000000000)
01f8:trace:file:NtCreateFile handle=0x7ffffe13e898 access=80100000 name=L"\\??\\C:\\windows\\system32\\netutils.dll" objattr=00000040 root=(nil) sec=(nil) io=0x7ffffe13e8a0 alloc_size=(nil) attr=00000000 sharing=00000005 disp=1 options=00000060 ea=(nil).0x00000000
01f8:trace:file:get_nt_and_unix_names L"\\??\\C:\\windows\\system32\\netutils.dll" -> ret 0 nt L"\\??\\C:\\windows\\system32\\netutils.dll" unix "/home/asdf/projects/mastercam-wine/state/exp/CodeMeterProbe/prefix/dosdevices/c:/windows/system32/netutils.dll"
01f8:trace:file:NtFsControlFile (0x20,(nil),(nil),(nil),0x7ffffe13e8a0,0x0009009c,(nil),0x00000000,0x7ffffe13e8e0,0x00000040)
01f8:trace:file:RtlDosPathNameToNtPathName_U_WithStatus (L"C:\\Program Files\\CodeMeter\\Runtime\\bin\\VERSION.dll",00007FFFFE13F400,0000000000000000,0000000000000000)
01f8:trace:file:RtlGetFullPathName_U (L"C:\\Program Files\\CodeMeter\\Runtime\\bin\\VERSION.dll" 520 00007FFFFE13EF30 0000000000000000)
01f8:trace:file:RtlGetFullPathName_UEx (L"C:\\Program Files\\CodeMeter\\Runtime\\bin\\VERSION.dll" 520 00007FFFFE13EF30 0000000000000000 0000000000000000)
01f8:trace:file:NtCreateFile handle=0x7ffffe13ef88 access=80100000 name=L"\\??\\C:\\Program Files\\CodeMeter\\Runtime\\bin\\VERSION.dll" objattr=00000040 root=(nil) sec=(nil) io=0x7ffffe13ef90 alloc_size=(nil) attr=00000000 sharing=00000005 disp=1 options=00000060 ea=(nil).0x00000000
01f8:trace:file:get_nt_and_unix_names L"\\??\\C:\\Program Files\\CodeMeter\\Runtime\\bin\\VERSION.dll" -> ret c0000034
01f8:warn:file:NtCreateFile L"\\??\\C:\\Program Files\\CodeMeter\\Runtime\\bin\\VERSION.dll" not found (c0000034)
01f8:trace:file:RtlDosPathNameToNtPathName_U_WithStatus (L"C:\\windows\\system32\\VERSION.dll",00007FFFFE13F400,0000000000000000,0000000000000000)
01f8:trace:file:RtlGetFullPathName_U (L"C:\\windows\\system32\\VERSION.dll" 520 00007FFFFE13EF30 0000000000000000)
01f8:trace:file:RtlGetFullPathName_UEx (L"C:\\windows\\system32\\VERSION.dll" 520 00007FFFFE13EF30 0000000000000000 0000000000000000)
01f8:trace:file:NtCreateFile handle=0x7ffffe13ef88 access=80100000 name=L"\\??\\C:\\windows\\system32\\VERSION.dll" objattr=00000040 root=(nil) sec=(nil) io=0x7ffffe13ef90 alloc_size=(nil) attr=00000000 sharing=00000005 disp=1 options=00000060 ea=(nil).0x00000000
01f8:trace:file:get_nt_and_unix_names L"\\??\\C:\\windows\\system32\\VERSION.dll" -> ret 0 nt L"\\??\\C:\\windows\\system32\\VERSION.dll" unix "/home/asdf/projects/mastercam-wine/state/exp/CodeMeterProbe/prefix/dosdevices/c:/windows/system32/version.dll"
01f8:trace:file:NtFsControlFile (0x20,(nil),(nil),(nil),0x7ffffe13ef90,0x0009009c,(nil),0x00000000,0x7ffffe13efd0,0x00000040)
01f8:trace:file:GetFileAttributesW L"C:\\windows\\system32\\tzres.dll"
01f8:trace:file:RtlDosPathNameToNtPathName_U_WithStatus (L"C:\\windows\\system32\\tzres.dll",00007FFFFE13EFF0,0000000000000000,0000000000000000)
01f8:trace:file:RtlGetFullPathName_U (L"C:\\windows\\system32\\tzres.dll" 520 00007FFFFE13ED30 0000000000000000)
01f8:trace:file:RtlGetFullPathName_UEx (L"C:\\windows\\system32\\tzres.dll" 520 00007FFFFE13ED30 0000000000000000 0000000000000000)
01f8:trace:file:get_nt_and_unix_names L"\\??\\C:\\windows\\system32\\tzres.dll" -> ret 0 nt L"\\??\\C:\\windows\\system32\\tzres.dll" unix "/home/asdf/projects/mastercam-wine/state/exp/CodeMeterProbe/prefix/dosdevices/c:/windows/system32/tzres.dll"
01f8:trace:file:RtlGetFullPathName_U (L"C:\\windows\\system32\\tzres.dll" 0 0000000000000000 0000000000000000)
01f8:trace:file:RtlGetFullPathName_UEx (L"C:\\windows\\system32\\tzres.dll" 0 0000000000000000 0000000000000000 0000000000000000)
01f8:trace:file:RtlGetFullPathName_U (L"C:\\windows\\system32\\tzres.dll" 60 00007FFFFE162200 0000000000000000)
01f8:trace:file:RtlGetFullPathName_UEx (L"C:\\windows\\system32\\tzres.dll" 60 00007FFFFE162200 0000000000000000 0000000000000000)
01f8:trace:file:RtlDosPathNameToNtPathName_U_WithStatus (L"C:\\windows\\system32\\tzres.dll",00007FFFFE13EF00,0000000000000000,0000000000000000)
01f8:trace:file:RtlGetFullPathName_U (L"C:\\windows\\system32\\tzres.dll" 520 00007FFFFE13EAE0 0000000000000000)
01f8:trace:file:RtlGetFullPathName_UEx (L"C:\\windows\\system32\\tzres.dll" 520 00007FFFFE13EAE0 0000000000000000 0000000000000000)
01f8:trace:file:NtCreateFile handle=0x7ffffe13eb38 access=80100000 name=L"\\??\\C:\\windows\\system32\\tzres.dll" objattr=00000040 root=(nil) sec=(nil) io=0x7ffffe13eb40 alloc_size=(nil) attr=00000000 sharing=00000005 disp=1 options=00000060 ea=(nil).0x00000000
01f8:trace:file:get_nt_and_unix_names L"\\??\\C:\\windows\\system32\\tzres.dll" -> ret 0 nt L"\\??\\C:\\windows\\system32\\tzres.dll" unix "/home/asdf/projects/mastercam-wine/state/exp/CodeMeterProbe/prefix/dosdevices/c:/windows/system32/tzres.dll"
01f8:trace:file:NtFsControlFile (0x38,(nil),(nil),(nil),0x7ffffe13eb40,0x0009009c,(nil),0x00000000,0x7ffffe13eb80,0x00000040)
01f8:trace:file:RtlDosPathNameToNtPathName_U_WithStatus (L"C:\\windows\\system32\\tzres.dll",00007FFFFE13EB70,0000000000000000,0000000000000000)
01f8:trace:file:RtlGetFullPathName_U (L"C:\\windows\\system32\\tzres.dll" 520 00007FFFFE13E8F0 0000000000000000)
01f8:trace:file:RtlGetFullPathName_UEx (L"C:\\windows\\system32\\tzres.dll" 520 00007FFFFE13E8F0 0000000000000000 0000000000000000)
01f8:trace:file:get_nt_and_unix_names L"\\??\\C:\\windows\\system32\\tzres.dll" -> ret 0 nt L"\\??\\C:\\windows\\system32\\tzres.dll" unix "/home/asdf/projects/mastercam-wine/state/exp/CodeMeterProbe/prefix/dosdevices/c:/windows/system32/tzres.dll"
01f8:trace:file:RtlGetFullPathName_U (L"C:\\windows\\system32\\tzres.dll" 520 00007FFFFE13ED70 0000000000000000)
01f8:trace:file:RtlGetFullPathName_UEx (L"C:\\windows\\system32\\tzres.dll" 520 00007FFFFE13ED70 0000000000000000 0000000000000000)
01f8:trace:file:CreateFileW L"C:\\windows\\system32\\tzres.dll" GENERIC_READ FILE_SHARE_READ FILE_SHARE_DELETE  creation 3 attributes 0x0
01f8:trace:file:RtlDosPathNameToNtPathName_U_WithStatus (L"C:\\windows\\system32\\tzres.dll",00007FFFFE13EA80,0000000000000000,0000000000000000)
01f8:trace:file:RtlGetFullPathName_U (L"C:\\windows\\system32\\tzres.dll" 520 00007FFFFE13E720 0000000000000000)
01f8:trace:file:RtlGetFullPathName_UEx (L"C:\\windows\\system32\\tzres.dll" 520 00007FFFFE13E720 0000000000000000 0000000000000000)
01f8:trace:file:NtCreateFile handle=0x7ffffe13ea68 access=80100080 name=L"\\??\\C:\\windows\\system32\\tzres.dll" objattr=00000040 root=(nil) sec=(nil) io=0x7ffffe13ea90 alloc_size=(nil) attr=00000000 sharing=00000005 disp=1 options=00000060 ea=(nil).0x00000000
01f8:trace:file:get_nt_and_unix_names L"\\??\\C:\\windows\\system32\\tzres.dll" -> ret 0 nt L"\\??\\C:\\windows\\system32\\tzres.dll" unix "/home/asdf/projects/mastercam-wine/state/exp/CodeMeterProbe/prefix/dosdevices/c:/windows/system32/tzres.dll"
01f8:trace:file:CreateFileW returning 0000000000000038
01f8:trace:file:GetFileAttributesW L"C:\\windows\\system32\\tzres.dll"
01f8:trace:file:RtlDosPathNameToNtPathName_U_WithStatus (L"C:\\windows\\system32\\tzres.dll",00007FFFFE13EFF0,0000000000000000,0000000000000000)
01f8:trace:file:RtlGetFullPathName_U (L"C:\\windows\\system32\\tzres.dll" 520 00007FFFFE13ED30 0000000000000000)
01f8:trace:file:RtlGetFullPathName_UEx (L"C:\\windows\\system32\\tzres.dll" 520 00007FFFFE13ED30 0000000000000000 0000000000000000)
01f8:trace:file:get_nt_and_unix_names L"\\??\\C:\\windows\\system32\\tzres.dll" -> ret 0 nt L"\\??\\C:\\windows\\system32\\tzres.dll" unix "/home/asdf/projects/mastercam-wine/state/exp/CodeMeterProbe/prefix/dosdevices/c:/windows/system32/tzres.dll"
01f8:trace:file:RtlGetFullPathName_U (L"C:\\windows\\system32\\tzres.dll" 0 0000000000000000 0000000000000000)
01f8:trace:file:RtlGetFullPathName_UEx (L"C:\\windows\\system32\\tzres.dll" 0 0000000000000000 0000000000000000 0000000000000000)
01f8:trace:file:RtlGetFullPathName_U (L"C:\\windows\\system32\\tzres.dll" 60 00007FFFFE162200 0000000000000000)
01f8:trace:file:RtlGetFullPathName_UEx (L"C:\\windows\\system32\\tzres.dll" 60 00007FFFFE162200 0000000000000000 0000000000000000)
01f8:trace:file:RtlDosPathNameToNtPathName_U_WithStatus (L"C:\\windows\\system32\\tzres.dll",00007FFFFE13EF00,0000000000000000,0000000000000000)
01f8:trace:file:RtlGetFullPathName_U (L"C:\\windows\\system32\\tzres.dll" 520 00007FFFFE13EAE0 0000000000000000)
01f8:trace:file:RtlGetFullPathName_UEx (L"C:\\windows\\system32\\tzres.dll" 520 00007FFFFE13EAE0 0000000000000000 0000000000000000)
01f8:trace:file:NtCreateFile handle=0x7ffffe13eb38 access=80100000 name=L"\\??\\C:\\windows\\system32\\tzres.dll" objattr=00000040 root=(nil) sec=(nil) io=0x7ffffe13eb40 alloc_size=(nil) attr=00000000 sharing=00000005 disp=1 options=00000060 ea=(nil).0x00000000
01f8:trace:file:get_nt_and_unix_names L"\\??\\C:\\windows\\system32\\tzres.dll" -> ret 0 nt L"\\??\\C:\\windows\\system32\\tzres.dll" unix "/home/asdf/projects/mastercam-wine/state/exp/CodeMeterProbe/prefix/dosdevices/c:/windows/system32/tzres.dll"
01f8:trace:file:NtFsControlFile (0x38,(nil),(nil),(nil),0x7ffffe13eb40,0x0009009c,(nil),0x00000000,0x7ffffe13eb80,0x00000040)
01f8:trace:file:RtlDosPathNameToNtPathName_U_WithStatus (L"C:\\windows\\system32\\tzres.dll",00007FFFFE13EB70,0000000000000000,0000000000000000)
01f8:trace:file:RtlGetFullPathName_U (L"C:\\windows\\system32\\tzres.dll" 520 00007FFFFE13E8F0 0000000000000000)
01f8:trace:file:RtlGetFullPathName_UEx (L"C:\\windows\\system32\\tzres.dll" 520 00007FFFFE13E8F0 0000000000000000 0000000000000000)
01f8:trace:file:get_nt_and_unix_names L"\\??\\C:\\windows\\system32\\tzres.dll" -> ret 0 nt L"\\??\\C:\\windows\\system32\\tzres.dll" unix "/home/asdf/projects/mastercam-wine/state/exp/CodeMeterProbe/prefix/dosdevices/c:/windows/system32/tzres.dll"
01f8:trace:file:RtlGetFullPathName_U (L"C:\\windows\\system32\\tzres.dll" 520 00007FFFFE13ED70 0000000000000000)
01f8:trace:file:RtlGetFullPathName_UEx (L"C:\\windows\\system32\\tzres.dll" 520 00007FFFFE13ED70 0000000000000000 0000000000000000)
01f8:trace:file:CreateFileW L"C:\\windows\\system32\\tzres.dll" GENERIC_READ FILE_SHARE_READ FILE_SHARE_DELETE  creation 3 attributes 0x0
01f8:trace:file:RtlDosPathNameToNtPathName_U_WithStatus (L"C:\\windows\\system32\\tzres.dll",00007FFFFE13EA80,0000000000000000,0000000000000000)
01f8:trace:file:RtlGetFullPathName_U (L"C:\\windows\\system32\\tzres.dll" 520 00007FFFFE13E720 0000000000000000)
01f8:trace:file:RtlGetFullPathName_UEx (L"C:\\windows\\system32\\tzres.dll" 520 00007FFFFE13E720 0000000000000000 0000000000000000)
01f8:trace:file:NtCreateFile handle=0x7ffffe13ea68 access=80100080 name=L"\\??\\C:\\windows\\system32\\tzres.dll" objattr=00000040 root=(nil) sec=(nil) io=0x7ffffe13ea90 alloc_size=(nil) attr=00000000 sharing=00000005 disp=1 options=00000060 ea=(nil).0x00000000
01f8:trace:file:get_nt_and_unix_names L"\\??\\C:\\windows\\system32\\tzres.dll" -> ret 0 nt L"\\??\\C:\\windows\\system32\\tzres.dll" unix "/home/asdf/projects/mastercam-wine/state/exp/CodeMeterProbe/prefix/dosdevices/c:/windows/system32/tzres.dll"
01f8:trace:file:CreateFileW returning 0000000000000038
01f8:trace:file:CreateFileW L"\\\\.\\pipe\\lrpc\\lsasspirpc" GENERIC_READ GENERIC_WRITE  creation 3 attributes 0x40000000
01f8:trace:file:RtlDosPathNameToNtPathName_U_WithStatus (L"\\\\.\\pipe\\lrpc\\lsasspirpc",00007FFFFE13D590,0000000000000000,0000000000000000)
01f8:trace:file:RtlGetFullPathName_U (L"\\\\.\\pipe\\lrpc\\lsasspirpc" 520 00007FFFFE13D230 0000000000000000)
01f8:trace:file:RtlGetFullPathName_UEx (L"\\\\.\\pipe\\lrpc\\lsasspirpc" 520 00007FFFFE13D230 0000000000000000 0000000000000000)
01f8:trace:file:NtCreateFile handle=0x7ffffe13d578 access=c0100080 name=L"\\??\\pipe\\lrpc\\lsasspirpc" objattr=00000040 root=(nil) sec=(nil) io=0x7ffffe13d5a0 alloc_size=(nil) attr=00000000 sharing=00000000 disp=1 options=00000040 ea=(nil).0x00000000
01f8:trace:file:get_nt_and_unix_names L"\\??\\pipe\\lrpc\\lsasspirpc" -> ret c00000cb
01f8:warn:file:CreateFileW Unable to create file L"\\\\.\\pipe\\lrpc\\lsasspirpc" (status c0000034)
01f8:trace:file:CreateFileW returning FFFFFFFFFFFFFFFF
01f8:trace:file:RtlDosPathNameToNtPathName_U_WithStatus (L"\\\\.\\pipe\\lrpc\\lsasspirpc",00007FFFFE13D540,0000000000000000,0000000000000000)
01f8:trace:file:RtlGetFullPathName_U (L"\\\\.\\pipe\\lrpc\\lsasspirpc" 520 00007FFFFE13D250 0000000000000000)
01f8:trace:file:RtlGetFullPathName_UEx (L"\\\\.\\pipe\\lrpc\\lsasspirpc" 520 00007FFFFE13D250 0000000000000000 0000000000000000)
01f8:trace:file:NtCreateFile handle=0x7ffffe13d538 access=00100080 name=L"\\??\\pipe\\" objattr=00000040 root=(nil) sec=(nil) io=0x7ffffe13d560 alloc_size=(nil) attr=00000000 sharing=00000003 disp=1 options=00000020 ea=(nil).0x00000000
01f8:trace:file:get_nt_and_unix_names L"\\??\\pipe\\" -> ret c00000cb
01f8:trace:file:NtFsControlFile (0x34,(nil),(nil),(nil),0x7ffffe13d560,0x00110018,0x7ffffe259f00,0x0000002c,(nil),0x00000000)
01f8:trace:file:CreateFileW L"\\\\.\\pipe\\svcctl" GENERIC_READ GENERIC_WRITE  creation 3 attributes 0x40000000
01f8:trace:file:RtlDosPathNameToNtPathName_U_WithStatus (L"\\\\.\\pipe\\svcctl",00007FFFFE13D330,0000000000000000,0000000000000000)
01f8:trace:file:RtlGetFullPathName_U (L"\\\\.\\pipe\\svcctl" 520 00007FFFFE13CFD0 0000000000000000)
01f8:trace:file:RtlGetFullPathName_UEx (L"\\\\.\\pipe\\svcctl" 520 00007FFFFE13CFD0 0000000000000000 0000000000000000)
01f8:trace:file:NtCreateFile handle=0x7ffffe13d318 access=c0100080 name=L"\\??\\pipe\\svcctl" objattr=00000040 root=(nil) sec=(nil) io=0x7ffffe13d340 alloc_size=(nil) attr=00000000 sharing=00000000 disp=1 options=00000040 ea=(nil).0x00000000
01f8:trace:file:get_nt_and_unix_names L"\\??\\pipe\\svcctl" -> ret c00000cb
01f8:trace:file:CreateFileW returning 0000000000000034
01f8:trace:file:NtSetInformationFile (0x34,0x7ffffe13d5a0,0x7ffffe13d598,0x00000008,0x00000017)
01f8:trace:file:NtWriteFile (0x34,0x38,(nil),(nil),0x7ffffe13d530,0x7ffffe162340,0x00000048,(nil),(nil))
01f8:trace:file:NtReadFile (0x34,0x38,(nil),(nil),0x7ffffe25ce78,0x7ffffe13d570,0x00000010,(nil),(nil))
01f8:trace:file:NtReadFile (0x34,0x38,(nil),(nil),0x7ffffe25ce78,0x7ffffe25a840,0x00000008,(nil),(nil))
01f8:trace:file:NtReadFile (0x34,0x38,(nil),(nil),0x7ffffe25ce78,0x7ffffe259f80,0x0000002c,(nil),(nil))
01f8:trace:file:NtWriteFile (0x34,0x38,(nil),(nil),0x7ffffe13d690,0x7ffffe25a860,0x00000024,(nil),(nil))
01f8:trace:file:NtReadFile (0x34,0x38,(nil),(nil),0x7ffffe25ce78,0x7ffffe13d720,0x00000010,(nil),(nil))
01f8:trace:file:NtReadFile (0x34,0x38,(nil),(nil),0x7ffffe25ce78,0x7ffffe25a840,0x00000008,(nil),(nil))
01f8:trace:file:NtReadFile (0x34,0x38,(nil),(nil),0x7ffffe25ce78,0x7ffffe25a860,0x00000018,(nil),(nil))
01f8:trace:file:NtWriteFile (0x34,0x38,(nil),(nil),0x7ffffe13d690,0x7ffffe25cec0,0x00000048,(nil),(nil))
01f8:trace:file:NtReadFile (0x34,0x38,(nil),(nil),0x7ffffe25ce78,0x7ffffe13d720,0x00000010,(nil),(nil))
01f8:trace:file:NtReadFile (0x34,0x38,(nil),(nil),0x7ffffe25ce78,0x7ffffe25a8a0,0x00000008,(nil),(nil))
01f8:trace:file:NtReadFile (0x34,0x38,(nil),(nil),0x7ffffe25ce78,0x7ffffe25a8c0,0x00000018,(nil),(nil))
01f8:trace:file:NtWriteFile (0x34,0x38,(nil),(nil),0x7ffffe13d6a0,0x7ffffe25a000,0x00000034,(nil),(nil))
01f8:trace:file:NtReadFile (0x34,0x38,(nil),(nil),0x7ffffe25ce78,0x7ffffe13d730,0x00000010,(nil),(nil))
01f8:trace:file:NtReadFile (0x34,0x38,(nil),(nil),0x7ffffe25ce78,0x7ffffe25a960,0x00000008,(nil),(nil))
01f8:trace:file:NtReadFile (0x34,0x38,(nil),(nil),0x7ffffe25ce78,0x7ffffe25a980,0x00000004,(nil),(nil))
01f8:trace:file:NtWriteFile (0x34,0x38,(nil),(nil),0x7ffffe13d680,0x7ffffe25a000,0x00000034,(nil),(nil))
01f8:trace:file:NtReadFile (0x34,0x38,(nil),(nil),0x7ffffe25ce78,0x7ffffe13d710,0x00000010,(nil),(nil))
01f8:trace:file:NtReadFile (0x34,0x38,(nil),(nil),0x7ffffe25ce78,0x7ffffe25a960,0x00000008,(nil),(nil))
01f8:trace:file:NtReadFile (0x34,0x38,(nil),(nil),0x7ffffe25ce78,0x7ffffe25a000,0x00000030,(nil),(nil))
01f8:trace:file:NtWriteFile (0x34,0x38,(nil),(nil),0x7ffffe13d6c0,0x7ffffe25a000,0x0000002c,(nil),(nil))
01f8:trace:file:NtReadFile (0x34,0x38,(nil),(nil),0x7ffffe25ce78,0x7ffffe13d750,0x00000010,(nil),(nil))
01f8:trace:file:NtReadFile (0x34,0x38,(nil),(nil),0x7ffffe25ce78,0x7ffffe25a960,0x00000008,(nil),(nil))
01f8:trace:file:NtReadFile (0x34,0x38,(nil),(nil),0x7ffffe25ce78,0x7ffffe25a980,0x00000018,(nil),(nil))
01f8:trace:file:NtWriteFile (0x34,0x38,(nil),(nil),0x7ffffe13d6c0,0x7ffffe259fc0,0x0000002c,(nil),(nil))
01f8:trace:file:NtReadFile (0x34,0x38,(nil),(nil),0x7ffffe25ce78,0x7ffffe13d750,0x00000010,(nil),(nil))
01f8:trace:file:NtReadFile (0x34,0x38,(nil),(nil),0x7ffffe25ce78,0x7ffffe25a8d0,0x00000008,(nil),(nil))
01f8:trace:file:NtReadFile (0x34,0x38,(nil),(nil),0x7ffffe25ce78,0x7ffffe25a8f0,0x00000018,(nil),(nil))
01f8:trace:file:CreateFileW L"\\\\.\\pipe\\lrpc\\lsasspirpc" GENERIC_READ GENERIC_WRITE  creation 3 attributes 0x40000000
01f8:trace:file:RtlDosPathNameToNtPathName_U_WithStatus (L"\\\\.\\pipe\\lrpc\\lsasspirpc",00007FFFFE13D590,0000000000000000,0000000000000000)
01f8:trace:file:RtlGetFullPathName_U (L"\\\\.\\pipe\\lrpc\\lsasspirpc" 520 00007FFFFE13D230 0000000000000000)
01f8:trace:file:RtlGetFullPathName_UEx (L"\\\\.\\pipe\\lrpc\\lsasspirpc" 520 00007FFFFE13D230 0000000000000000 0000000000000000)
01f8:trace:file:NtCreateFile handle=0x7ffffe13d578 access=c0100080 name=L"\\??\\pipe\\lrpc\\lsasspirpc" objattr=00000040 root=(nil) sec=(nil) io=0x7ffffe13d5a0 alloc_size=(nil) attr=00000000 sharing=00000000 disp=1 options=00000040 ea=(nil).0x00000000
01f8:trace:file:get_nt_and_unix_names L"\\??\\pipe\\lrpc\\lsasspirpc" -> ret c00000cb
01f8:trace:file:CreateFileW returning 000000000000003C
01f8:trace:file:NtSetInformationFile (0x3c,0x7ffffe13d800,0x7ffffe13d7f8,0x00000008,0x00000017)
01f8:trace:file:NtWriteFile (0x3c,0x40,(nil),(nil),0x7ffffe13d790,0x7ffffe25cf10,0x00000048,(nil),(nil))
01f8:trace:file:NtReadFile (0x3c,0x40,(nil),(nil),0x7ffffe25d968,0x7ffffe13d7d0,0x00000010,(nil),(nil))
01f8:trace:file:NtReadFile (0x3c,0x40,(nil),(nil),0x7ffffe25d968,0x7ffffe25a8a0,0x00000008,(nil),(nil))
01f8:trace:file:NtReadFile (0x3c,0x40,(nil),(nil),0x7ffffe25d968,0x7ffffe259f80,0x0000002c,(nil),(nil))
01f8:trace:file:NtWriteFile (0x3c,0x40,(nil),(nil),0x7ffffe13d8f0,0x7ffffe25a8c0,0x00000018,(nil),(nil))
01f8:trace:file:NtReadFile (0x3c,0x40,(nil),(nil),0x7ffffe25d968,0x7ffffe13d980,0x00000010,(nil),(nil))
01f8:trace:file:NtReadFile (0x3c,0x40,(nil),(nil),0x7ffffe25d968,0x7ffffe25a8a0,0x00000008,(nil),(nil))
01f8:trace:file:NtReadFile (0x3c,0x40,(nil),(nil),0x7ffffe25d968,0x7ffffe25d990,0x000001b4,(nil),(nil))
01f8:trace:file:RtlDosPathNameToNtPathName_U_WithStatus (L"C:\\Program Files\\CodeMeter\\Runtime\\bin\\Kerberos.dll",00007FFFFE13EED0,0000000000000000,0000000000000000)
01f8:trace:file:RtlGetFullPathName_U (L"C:\\Program Files\\CodeMeter\\Runtime\\bin\\Kerberos.dll" 520 00007FFFFE13EA00 0000000000000000)
01f8:trace:file:RtlGetFullPathName_UEx (L"C:\\Program Files\\CodeMeter\\Runtime\\bin\\Kerberos.dll" 520 00007FFFFE13EA00 0000000000000000 0000000000000000)
01f8:trace:file:NtCreateFile handle=0x7ffffe13ea58 access=80100000 name=L"\\??\\C:\\Program Files\\CodeMeter\\Runtime\\bin\\Kerberos.dll" objattr=00000040 root=(nil) sec=(nil) io=0x7ffffe13ea60 alloc_size=(nil) attr=00000000 sharing=00000005 disp=1 options=00000060 ea=(nil).0x00000000
01f8:trace:file:get_nt_and_unix_names L"\\??\\C:\\Program Files\\CodeMeter\\Runtime\\bin\\Kerberos.dll" -> ret c0000034
01f8:warn:file:NtCreateFile L"\\??\\C:\\Program Files\\CodeMeter\\Runtime\\bin\\Kerberos.dll" not found (c0000034)
01f8:trace:file:RtlDosPathNameToNtPathName_U_WithStatus (L"C:\\windows\\system32\\Kerberos.dll",00007FFFFE13EED0,0000000000000000,0000000000000000)
01f8:trace:file:RtlGetFullPathName_U (L"C:\\windows\\system32\\Kerberos.dll" 520 00007FFFFE13EA00 0000000000000000)
01f8:trace:file:RtlGetFullPathName_UEx (L"C:\\windows\\system32\\Kerberos.dll" 520 00007FFFFE13EA00 0000000000000000 0000000000000000)
01f8:trace:file:NtCreateFile handle=0x7ffffe13ea58 access=80100000 name=L"\\??\\C:\\windows\\system32\\Kerberos.dll" objattr=00000040 root=(nil) sec=(nil) io=0x7ffffe13ea60 alloc_size=(nil) attr=00000000 sharing=00000005 disp=1 options=00000060 ea=(nil).0x00000000
01f8:trace:file:get_nt_and_unix_names L"\\??\\C:\\windows\\system32\\Kerberos.dll" -> ret 0 nt L"\\??\\C:\\windows\\system32\\Kerberos.dll" unix "/home/asdf/projects/mastercam-wine/state/exp/CodeMeterProbe/prefix/dosdevices/c:/windows/system32/kerberos.dll"
01f8:trace:file:NtFsControlFile (0x44,(nil),(nil),(nil),0x7ffffe13ea60,0x0009009c,(nil),0x00000000,0x7ffffe13eaa0,0x00000040)
01f8:trace:file:RtlDosPathNameToNtPathName_U_WithStatus (L"C:\\Program Files\\CodeMeter\\Runtime\\bin\\MSV1_0.dll",00007FFFFE13EED0,0000000000000000,0000000000000000)
01f8:trace:file:RtlGetFullPathName_U (L"C:\\Program Files\\CodeMeter\\Runtime\\bin\\MSV1_0.dll" 520 00007FFFFE13EA00 0000000000000000)
01f8:trace:file:RtlGetFullPathName_UEx (L"C:\\Program Files\\CodeMeter\\Runtime\\bin\\MSV1_0.dll" 520 00007FFFFE13EA00 0000000000000000 0000000000000000)
01f8:trace:file:NtCreateFile handle=0x7ffffe13ea58 access=80100000 name=L"\\??\\C:\\Program Files\\CodeMeter\\Runtime\\bin\\MSV1_0.dll" objattr=00000040 root=(nil) sec=(nil) io=0x7ffffe13ea60 alloc_size=(nil) attr=00000000 sharing=00000005 disp=1 options=00000060 ea=(nil).0x00000000
01f8:trace:file:get_nt_and_unix_names L"\\??\\C:\\Program Files\\CodeMeter\\Runtime\\bin\\MSV1_0.dll" -> ret c0000034
01f8:warn:file:NtCreateFile L"\\??\\C:\\Program Files\\CodeMeter\\Runtime\\bin\\MSV1_0.dll" not found (c0000034)
01f8:trace:file:RtlDosPathNameToNtPathName_U_WithStatus (L"C:\\windows\\system32\\MSV1_0.dll",00007FFFFE13EED0,0000000000000000,0000000000000000)
01f8:trace:file:RtlGetFullPathName_U (L"C:\\windows\\system32\\MSV1_0.dll" 520 00007FFFFE13EA00 0000000000000000)
01f8:trace:file:RtlGetFullPathName_UEx (L"C:\\windows\\system32\\MSV1_0.dll" 520 00007FFFFE13EA00 0000000000000000 0000000000000000)
01f8:trace:file:NtCreateFile handle=0x7ffffe13ea58 access=80100000 name=L"\\??\\C:\\windows\\system32\\MSV1_0.dll" objattr=00000040 root=(nil) sec=(nil) io=0x7ffffe13ea60 alloc_size=(nil) attr=00000000 sharing=00000005 disp=1 options=00000060 ea=(nil).0x00000000
01f8:trace:file:get_nt_and_unix_names L"\\??\\C:\\windows\\system32\\MSV1_0.dll" -> ret 0 nt L"\\??\\C:\\windows\\system32\\MSV1_0.dll" unix "/home/asdf/projects/mastercam-wine/state/exp/CodeMeterProbe/prefix/dosdevices/c:/windows/system32/msv1_0.dll"
01f8:trace:file:NtFsControlFile (0x44,(nil),(nil),(nil),0x7ffffe13ea60,0x0009009c,(nil),0x00000000,0x7ffffe13eaa0,0x00000040)
01f8:trace:file:get_nt_and_unix_names L"\\??\\C:\\windows\\fonts\\vgasys.fon" -> ret c000000f nt L"\\??\\C:\\windows\\fonts\\vgasys.fon" unix "/home/asdf/projects/mastercam-wine/state/exp/CodeMeterProbe/prefix/dosdevices/c:/windows/Fonts/vgasys.fon"
01f8:trace:file:get_nt_and_unix_names L"\\??\\Z:\\home\\asdf\\projects\\resolume-wine\\wine-install\\share\\wine\\fonts\\vgasys.fon" -> ret 0 nt L"\\??\\Z:\\home\\asdf\\projects\\resolume-wine\\wine-install\\share\\wine\\fonts\\vgasys.fon" unix "/home/asdf/projects/mastercam-wine/state/exp/CodeMeterProbe/prefix/dosdevices/z:/home/asdf/projects/resolume-wine/wine-install/share/wine/fonts/vgasys.fon"
01f8:trace:file:get_nt_and_unix_names L"\\??\\C:\\windows\\fonts\\vga850.fon" -> ret c000000f nt L"\\??\\C:\\windows\\fonts\\vga850.fon" unix "/home/asdf/projects/mastercam-wine/state/exp/CodeMeterProbe/prefix/dosdevices/c:/windows/Fonts/vga850.fon"
01f8:trace:file:get_nt_and_unix_names L"\\??\\Z:\\home\\asdf\\projects\\resolume-wine\\wine-install\\share\\wine\\fonts\\vga850.fon" -> ret c000000f nt L"\\??\\Z:\\home\\asdf\\projects\\resolume-wine\\wine-install\\share\\wine\\fonts\\vga850.fon" unix "/home/asdf/projects/mastercam-wine/state/exp/CodeMeterProbe/prefix/dosdevices/z:/home/asdf/projects/resolume-wine/wine-install/share/wine/fonts/vga850.fon"
01f8:trace:file:get_nt_and_unix_names L"\\??\\C:\\windows\\fonts\\vgafix.fon" -> ret c000000f nt L"\\??\\C:\\windows\\fonts\\vgafix.fon" unix "/home/asdf/projects/mastercam-wine/state/exp/CodeMeterProbe/prefix/dosdevices/c:/windows/Fonts/vgafix.fon"
01f8:trace:file:get_nt_and_unix_names L"\\??\\Z:\\home\\asdf\\projects\\resolume-wine\\wine-install\\share\\wine\\fonts\\vgafix.fon" -> ret 0 nt L"\\??\\Z:\\home\\asdf\\projects\\resolume-wine\\wine-install\\share\\wine\\fonts\\vgafix.fon" unix "/home/asdf/projects/mastercam-wine/state/exp/CodeMeterProbe/prefix/dosdevices/z:/home/asdf/projects/resolume-wine/wine-install/share/wine/fonts/vgafix.fon"
01f8:trace:file:NtCreateFile handle=0x7fffffdacba8 access=80100000 name=L"\\??\\C:\\windows\\fonts" objattr=00000040 root=(nil) sec=(nil) io=0x7fffffdacbb0 alloc_size=(nil) attr=00000000 sharing=00000003 disp=1 options=00004021 ea=(nil).0x00000000
01f8:trace:file:get_nt_and_unix_names L"\\??\\C:\\windows\\fonts" -> ret 0 nt L"\\??\\C:\\windows\\fonts" unix "/home/asdf/projects/mastercam-wine/state/exp/CodeMeterProbe/prefix/dosdevices/c:/windows/Fonts"
01f8:trace:file:NtQueryDirectoryFile (0x4c (nil) (nil) (nil) 0x7fffffdacbb0 0x7fffffdacc00 0x00002000 0x00000003 0x00000000 <null> 0x00000000
01f8:trace:file:append_entry long L"." short L"" mask <null>
01f8:trace:file:append_entry long L".." short L"" mask <null>
01f8:trace:file:init_cached_dir_data mask <null> found 2 files
01f8:trace:file:init_cached_dir_data L"." L""
01f8:trace:file:init_cached_dir_data L".." L""
01f8:trace:file:NtQueryDirectoryFile => 0 (194)
01f8:trace:file:NtQueryDirectoryFile (0x4c (nil) (nil) (nil) 0x7fffffdacbb0 0x7fffffdacc00 0x00002000 0x00000003 0x00000000 <null> 0x00000000
01f8:trace:file:NtQueryDirectoryFile => 80000006 (0)
01f8:trace:file:NtCreateFile handle=0x7fffffdacba8 access=80100000 name=L"\\??\\Z:\\home\\asdf\\projects\\resolume-wine\\wine-install\\share\\wine\\fonts" objattr=00000040 root=(nil) sec=(nil) io=0x7fffffdacbb0 alloc_size=(nil) attr=00000000 sharing=00000003 disp=1 options=00004021 ea=(nil).0x00000000
01f8:trace:file:get_nt_and_unix_names L"\\??\\Z:\\home\\asdf\\projects\\resolume-wine\\wine-install\\share\\wine\\fonts" -> ret 0 nt L"\\??\\Z:\\home\\asdf\\projects\\resolume-wine\\wine-install\\share\\wine\\fonts" unix "/home/asdf/projects/mastercam-wine/state/exp/CodeMeterProbe/prefix/dosdevices/z:/home/asdf/projects/resolume-wine/wine-install/share/wine/fonts"
01f8:trace:file:NtQueryDirectoryFile (0x4c (nil) (nil) (nil) 0x7fffffdacbb0 0x7fffffdacc00 0x00002000 0x00000003 0x00000000 <null> 0x00000000
01f8:trace:file:append_entry long L"." short L"" mask <null>
01f8:trace:file:append_entry long L".." short L"" mask <null>
01f8:trace:file:append_entry long L"sseriffg.fon" short L"" mask <null>
01f8:trace:file:append_entry long L"smalle.fon" short L"" mask <null>
01f8:trace:file:append_entry long L"smae1255.fon" short L"" mask <null>
01f8:trace:file:append_entry long L"ssee1257.fon" short L"" mask <null>
01f8:trace:file:append_entry long L"jvgasys.fon" short L"" mask <null>
01f8:trace:file:append_entry long L"smae1256.fon" short L"" mask <null>
01f8:trace:file:append_entry long L"vgasys.fon" short L"" mask <null>
01f8:trace:file:append_entry long L"tahomabd.ttf" short L"" mask <null>
01f8:trace:file:append_entry long L"sserifer.fon" short L"" mask <null>
01f8:trace:file:append_entry long L"sserifft.fon" short L"" mask <null>
01f8:trace:file:append_entry long L"svgasys.fon" short L"" mask <null>
01f8:trace:file:append_entry long L"couret.fon" short L"" mask <null>
01f8:trace:file:append_entry long L"jvgafix.fon" short L"" mask <null>
01f8:trace:file:append_entry long L"vgasyst.fon" short L"" mask <null>
01f8:trace:file:append_entry long L"sseriff.fon" short L"" mask <null>
01f8:trace:file:append_entry long L"coue1257.fon" short L"" mask <null>
01f8:trace:file:append_entry long L"coureg.fon" short L"" mask <null>
01f8:trace:file:append_entry long L"coue1256.fon" short L"" mask <null>
01f8:trace:file:append_entry long L"smaller.fon" short L"" mask <null>
01f8:trace:file:append_entry long L"coure.fon" short L"" mask <null>
01f8:trace:file:append_entry long L"sseriffe.fon" short L"" mask <null>
01f8:trace:file:append_entry long L"vgasysg.fon" short L"" mask <null>
01f8:trace:file:append_entry long L"jsmalle.fon" short L"" mask <null>
01f8:trace:file:append_entry long L"sserifet.fon" short L"" mask <null>
01f8:trace:file:append_entry long L"ssef1256.fon" short L"" mask <null>
01f8:trace:file:append_entry long L"ssee1256.fon" short L"" mask <null>
01f8:trace:file:append_entry long L"courer.fon" short L"" mask <null>
01f8:trace:file:append_entry long L"smalleg.fon" short L"" mask <null>
01f8:trace:file:append_entry long L"vgas874.fon" short L"" mask <null>
01f8:trace:file:append_entry long L"ssef874.fon" short L"" mask <null>
01f8:trace:file:append_entry long L"ssee1255.fon" short L"" mask <null>
01f8:trace:file:append_entry long L"marlett.ttf" short L"" mask <null>
01f8:trace:file:append_entry long L"ssee874.fon" short L"" mask <null>
01f8:trace:file:append_entry long L"webdings.ttf" short L"" mask <null>
01f8:trace:file:append_entry long L"vgas1256.fon" short L"" mask <null>
01f8:trace:file:append_entry long L"symbol.ttf" short L"" mask <null>
01f8:trace:file:append_entry long L"tahoma.ttf" short L"" mask <null>
01f8:trace:file:append_entry long L"vgasyse.fon" short L"" mask <null>
01f8:trace:file:append_entry long L"coue1255.fon" short L"" mask <null>
01f8:trace:file:append_entry long L"sserifee.fon" short L"" mask <null>
01f8:trace:file:append_entry long L"couree.fon" short L"" mask <null>
01f8:trace:file:append_entry long L"hvgasys.fon" short L"" mask <null>
01f8:trace:file:append_entry long L"vgas1255.fon" short L"" mask <null>
01f8:trace:file:append_entry long L"smallee.fon" short L"" mask <null>
01f8:trace:file:append_entry long L"vgasysr.fon" short L"" mask <null>
01f8:trace:file:append_entry long L"smallet.fon" short L"" mask <null>
01f8:trace:file:append_entry long L"ssef1257.fon" short L"" mask <null>
01f8:trace:file:append_entry long L"cvgasys.fon" short L"" mask <null>
01f8:trace:file:append_entry long L"vgas1257.fon" short L"" mask <null>
01f8:trace:file:append_entry long L"ssef1255.fon" short L"" mask <null>
01f8:trace:file:append_entry long L"wingding.ttf" short L"" mask <null>
01f8:trace:file:append_entry long L"vgafix.fon" short L"" mask <null>
01f8:trace:file:append_entry long L"sserifeg.fon" short L"" mask <null>
01f8:trace:file:append_entry long L"sserife.fon" short L"" mask <null>
01f8:trace:file:append_entry long L"sseriffr.fon" short L"" mask <null>
01f8:trace:file:append_entry long L"smae1257.fon" short L"" mask <null>
01f8:trace:file:init_cached_dir_data mask <null> found 58 files
01f8:trace:file:init_cached_dir_data L"." L""
01f8:trace:file:init_cached_dir_data L".." L""
01f8:trace:file:init_cached_dir_data L"coue1255.fon" L""
01f8:trace:file:init_cached_dir_data L"coue1256.fon" L""
01f8:trace:file:init_cached_dir_data L"coue1257.fon" L""
01f8:trace:file:init_cached_dir_data L"coure.fon" L""
01f8:trace:file:init_cached_dir_data L"couree.fon" L""
01f8:trace:file:init_cached_dir_data L"coureg.fon" L""
01f8:trace:file:init_cached_dir_data L"courer.fon" L""
01f8:trace:file:init_cached_dir_data L"couret.fon" L""
01f8:trace:file:init_cached_dir_data L"cvgasys.fon" L""
01f8:trace:file:init_cached_dir_data L"hvgasys.fon" L""
01f8:trace:file:init_cached_dir_data L"jsmalle.fon" L""
01f8:trace:file:init_cached_dir_data L"jvgafix.fon" L""
01f8:trace:file:init_cached_dir_data L"jvgasys.fon" L""
01f8:trace:file:init_cached_dir_data L"marlett.ttf" L""
01f8:trace:file:init_cached_dir_data L"smae1255.fon" L""
01f8:trace:file:init_cached_dir_data L"smae1256.fon" L""
01f8:trace:file:init_cached_dir_data L"smae1257.fon" L""
01f8:trace:file:init_cached_dir_data L"smalle.fon" L""
01f8:trace:file:init_cached_dir_data L"smallee.fon" L""
01f8:trace:file:init_cached_dir_data L"smalleg.fon" L""
01f8:trace:file:init_cached_dir_data L"smaller.fon" L""
01f8:trace:file:init_cached_dir_data L"smallet.fon" L""
01f8:trace:file:init_cached_dir_data L"ssee1255.fon" L""
01f8:trace:file:init_cached_dir_data L"ssee1256.fon" L""
01f8:trace:file:init_cached_dir_data L"ssee1257.fon" L""
01f8:trace:file:init_cached_dir_data L"ssee874.fon" L""
01f8:trace:file:init_cached_dir_data L"ssef1255.fon" L""
01f8:trace:file:init_cached_dir_data L"ssef1256.fon" L""
01f8:trace:file:init_cached_dir_data L"ssef1257.fon" L""
01f8:trace:file:init_cached_dir_data L"ssef874.fon" L""
01f8:trace:file:init_cached_dir_data L"sserife.fon" L""
01f8:trace:file:init_cached_dir_data L"sserifee.fon" L""
01f8:trace:file:init_cached_dir_data L"sserifeg.fon" L""
01f8:trace:file:init_cached_dir_data L"sserifer.fon" L""
01f8:trace:file:init_cached_dir_data L"sserifet.fon" L""
01f8:trace:file:init_cached_dir_data L"sseriff.fon" L""
01f8:trace:file:init_cached_dir_data L"sseriffe.fon" L""
01f8:trace:file:init_cached_dir_data L"sseriffg.fon" L""
01f8:trace:file:init_cached_dir_data L"sseriffr.fon" L""
01f8:trace:file:init_cached_dir_data L"sserifft.fon" L""
01f8:trace:file:init_cached_dir_data L"svgasys.fon" L""
01f8:trace:file:init_cached_dir_data L"symbol.ttf" L""
01f8:trace:file:init_cached_dir_data L"tahoma.ttf" L""
01f8:trace:file:init_cached_dir_data L"tahomabd.ttf" L""
01f8:trace:file:init_cached_dir_data L"vgafix.fon" L""
01f8:trace:file:init_cached_dir_data L"vgas1255.fon" L""
01f8:trace:file:init_cached_dir_data L"vgas1256.fon" L""
01f8:trace:file:init_cached_dir_data L"vgas1257.fon" L""
01f8:trace:file:init_cached_dir_data L"vgas874.fon" L""
01f8:trace:file:init_cached_dir_data L"vgasys.fon" L""
01f8:trace:file:init_cached_dir_data L"vgasyse.fon" L""
01f8:trace:file:init_cached_dir_data L"vgasysg.fon" L""
01f8:trace:file:init_cached_dir_data L"vgasysr.fon" L""
01f8:trace:file:init_cached_dir_data L"vgasyst.fon" L""
01f8:trace:file:init_cached_dir_data L"webdings.ttf" L""
01f8:trace:file:init_cached_dir_data L"wingding.ttf" L""
01f8:trace:file:NtQueryDirectoryFile => 0 (6910)
01f8:trace:file:get_nt_and_unix_names L"\\??\\Z:\\home\\asdf\\projects\\resolume-wine\\wine-install\\share\\wine\\fonts\\coue1255.fon" -> ret 0 nt L"\\??\\Z:\\home\\asdf\\projects\\resolume-wine\\wine-install\\share\\wine\\fonts\\coue1255.fon" unix "/home/asdf/projects/mastercam-wine/state/exp/CodeMeterProbe/prefix/dosdevices/z:/home/asdf/projects/resolume-wine/wine-install/share/wine/fonts/coue1255.fon"
01f8:trace:file:get_nt_and_unix_names L"\\??\\Z:\\home\\asdf\\projects\\resolume-wine\\wine-install\\share\\wine\\fonts\\coue1256.fon" -> ret 0 nt L"\\??\\Z:\\home\\asdf\\projects\\resolume-wine\\wine-install\\share\\wine\\fonts\\coue1256.fon" unix "/home/asdf/projects/mastercam-wine/state/exp/CodeMeterProbe/prefix/dosdevices/z:/home/asdf/projects/resolume-wine/wine-install/share/wine/fonts/coue1256.fon"
01f8:trace:file:get_nt_and_unix_names L"\\??\\Z:\\home\\asdf\\projects\\resolume-wine\\wine-install\\share\\wine\\fonts\\coue1257.fon" -> ret 0 nt L"\\??\\Z:\\home\\asdf\\projects\\resolume-wine\\wine-install\\share\\wine\\fonts\\coue1257.fon" unix "/home/asdf/projects/mastercam-wine/state/exp/CodeMeterProbe/prefix/dosdevices/z:/home/asdf/projects/resolume-wine/wine-install/share/wine/fonts/coue1257.fon"
01f8:trace:file:get_nt_and_unix_names L"\\??\\Z:\\home\\asdf\\projects\\resolume-wine\\wine-install\\share\\wine\\fonts\\coure.fon" -> ret 0 nt L"\\??\\Z:\\home\\asdf\\projects\\resolume-wine\\wine-install\\share\\wine\\fonts\\coure.fon" unix "/home/asdf/projects/mastercam-wine/state/exp/CodeMeterProbe/prefix/dosdevices/z:/home/asdf/projects/resolume-wine/wine-install/share/wine/fonts/coure.fon"
01f8:trace:file:get_nt_and_unix_names L"\\??\\Z:\\home\\asdf\\projects\\resolume-wine\\wine-install\\share\\wine\\fonts\\couree.fon" -> ret 0 nt L"\\??\\Z:\\home\\asdf\\projects\\resolume-wine\\wine-install\\share\\wine\\fonts\\couree.fon" unix "/home/asdf/projects/mastercam-wine/state/exp/CodeMeterProbe/prefix/dosdevices/z:/home/asdf/projects/resolume-wine/wine-install/share/wine/fonts/couree.fon"
01f8:trace:file:get_nt_and_unix_names L"\\??\\Z:\\home\\asdf\\projects\\resolume-wine\\wine-install\\share\\wine\\fonts\\coureg.fon" -> ret 0 nt L"\\??\\Z:\\home\\asdf\\projects\\resolume-wine\\wine-install\\share\\wine\\fonts\\coureg.fon" unix "/home/asdf/projects/mastercam-wine/state/exp/CodeMeterProbe/prefix/dosdevices/z:/home/asdf/projects/resolume-wine/wine-install/share/wine/fonts/coureg.fon"
01f8:trace:file:get_nt_and_unix_names L"\\??\\Z:\\home\\asdf\\projects\\resolume-wine\\wine-install\\share\\wine\\fonts\\courer.fon" -> ret 0 nt L"\\??\\Z:\\home\\asdf\\projects\\resolume-wine\\wine-install\\share\\wine\\fonts\\courer.fon" unix "/home/asdf/projects/mastercam-wine/state/exp/CodeMeterProbe/prefix/dosdevices/z:/home/asdf/projects/resolume-wine/wine-install/share/wine/fonts/courer.fon"
01f8:trace:file:get_nt_and_unix_names L"\\??\\Z:\\home\\asdf\\projects\\resolume-wine\\wine-install\\share\\wine\\fonts\\couret.fon" -> ret 0 nt L"\\??\\Z:\\home\\asdf\\projects\\resolume-wine\\wine-install\\share\\wine\\fonts\\couret.fon" unix "/home/asdf/projects/mastercam-wine/state/exp/CodeMeterProbe/prefix/dosdevices/z:/home/asdf/projects/resolume-wine/wine-install/share/wine/fonts/couret.fon"
01f8:trace:file:get_nt_and_unix_names L"\\??\\Z:\\home\\asdf\\projects\\resolume-wine\\wine-install\\share\\wine\\fonts\\cvgasys.fon" -> ret 0 nt L"\\??\\Z:\\home\\asdf\\projects\\resolume-wine\\wine-install\\share\\wine\\fonts\\cvgasys.fon" unix "/home/asdf/projects/mastercam-wine/state/exp/CodeMeterProbe/prefix/dosdevices/z:/home/asdf/projects/resolume-wine/wine-install/share/wine/fonts/cvgasys.fon"
01f8:trace:file:get_nt_and_unix_names L"\\??\\Z:\\home\\asdf\\projects\\resolume-wine\\wine-install\\share\\wine\\fonts\\hvgasys.fon" -> ret 0 nt L"\\??\\Z:\\home\\asdf\\projects\\resolume-wine\\wine-install\\share\\wine\\fonts\\hvgasys.fon" unix "/home/asdf/projects/mastercam-wine/state/exp/CodeMeterProbe/prefix/dosdevices/z:/home/asdf/projects/resolume-wine/wine-install/share/wine/fonts/hvgasys.fon"
01f8:trace:file:get_nt_and_unix_names L"\\??\\Z:\\home\\asdf\\projects\\resolume-wine\\wine-install\\share\\wine\\fonts\\jsmalle.fon" -> ret 0 nt L"\\??\\Z:\\home\\asdf\\projects\\resolume-wine\\wine-install\\share\\wine\\fonts\\jsmalle.fon" unix "/home/asdf/projects/mastercam-wine/state/exp/CodeMeterProbe/prefix/dosdevices/z:/home/asdf/projects/resolume-wine/wine-install/share/wine/fonts/jsmalle.fon"
01f8:trace:file:get_nt_and_unix_names L"\\??\\Z:\\home\\asdf\\projects\\resolume-wine\\wine-install\\share\\wine\\fonts\\jvgafix.fon" -> ret 0 nt L"\\??\\Z:\\home\\asdf\\projects\\resolume-wine\\wine-install\\share\\wine\\fonts\\jvgafix.fon" unix "/home/asdf/projects/mastercam-wine/state/exp/CodeMeterProbe/prefix/dosdevices/z:/home/asdf/projects/resolume-wine/wine-install/share/wine/fonts/jvgafix.fon"
01f8:trace:file:get_nt_and_unix_names L"\\??\\Z:\\home\\asdf\\projects\\resolume-wine\\wine-install\\share\\wine\\fonts\\jvgasys.fon" -> ret 0 nt L"\\??\\Z:\\home\\asdf\\projects\\resolume-wine\\wine-install\\share\\wine\\fonts\\jvgasys.fon" unix "/home/asdf/projects/mastercam-wine/state/exp/CodeMeterProbe/prefix/dosdevices/z:/home/asdf/projects/resolume-wine/wine-install/share/wine/fonts/jvgasys.fon"
01f8:trace:file:get_nt_and_unix_names L"\\??\\Z:\\home\\asdf\\projects\\resolume-wine\\wine-install\\share\\wine\\fonts\\marlett.ttf" -> ret 0 nt L"\\??\\Z:\\home\\asdf\\projects\\resolume-wine\\wine-install\\share\\wine\\fonts\\marlett.ttf" unix "/home/asdf/projects/mastercam-wine/state/exp/CodeMeterProbe/prefix/dosdevices/z:/home/asdf/projects/resolume-wine/wine-install/share/wine/fonts/marlett.ttf"
01f8:trace:file:get_nt_and_unix_names L"\\??\\Z:\\home\\asdf\\projects\\resolume-wine\\wine-install\\share\\wine\\fonts\\smae1255.fon" -> ret 0 nt L"\\??\\Z:\\home\\asdf\\projects\\resolume-wine\\wine-install\\share\\wine\\fonts\\smae1255.fon" unix "/home/asdf/projects/mastercam-wine/state/exp/CodeMeterProbe/prefix/dosdevices/z:/home/asdf/projects/resolume-wine/wine-install/share/wine/fonts/smae1255.fon"
01f8:trace:file:get_nt_and_unix_names L"\\??\\Z:\\home\\asdf\\projects\\resolume-wine\\wine-install\\share\\wine\\fonts\\smae1256.fon" -> ret 0 nt L"\\??\\Z:\\home\\asdf\\projects\\resolume-wine\\wine-install\\share\\wine\\fonts\\smae1256.fon" unix "/home/asdf/projects/mastercam-wine/state/exp/CodeMeterProbe/prefix/dosdevices/z:/home/asdf/projects/resolume-wine/wine-install/share/wine/fonts/smae1256.fon"
01f8:trace:file:get_nt_and_unix_names L"\\??\\Z:\\home\\asdf\\projects\\resolume-wine\\wine-install\\share\\wine\\fonts\\smae1257.fon" -> ret 0 nt L"\\??\\Z:\\home\\asdf\\projects\\resolume-wine\\wine-install\\share\\wine\\fonts\\smae1257.fon" unix "/home/asdf/projects/mastercam-wine/state/exp/CodeMeterProbe/prefix/dosdevices/z:/home/asdf/projects/resolume-wine/wine-install/share/wine/fonts/smae1257.fon"
01f8:trace:file:get_nt_and_unix_names L"\\??\\Z:\\home\\asdf\\projects\\resolume-wine\\wine-install\\share\\wine\\fonts\\smalle.fon" -> ret 0 nt L"\\??\\Z:\\home\\asdf\\projects\\resolume-wine\\wine-install\\share\\wine\\fonts\\smalle.fon" unix "/home/asdf/projects/mastercam-wine/state/exp/CodeMeterProbe/prefix/dosdevices/z:/home/asdf/projects/resolume-wine/wine-install/share/wine/fonts/smalle.fon"
01f8:trace:file:get_nt_and_unix_names L"\\??\\Z:\\home\\asdf\\projects\\resolume-wine\\wine-install\\share\\wine\\fonts\\smallee.fon" -> ret 0 nt L"\\??\\Z:\\home\\asdf\\projects\\resolume-wine\\wine-install\\share\\wine\\fonts\\smallee.fon" unix "/home/asdf/projects/mastercam-wine/state/exp/CodeMeterProbe/prefix/dosdevices/z:/home/asdf/projects/resolume-wine/wine-install/share/wine/fonts/smallee.fon"
01f8:trace:file:get_nt_and_unix_names L"\\??\\Z:\\home\\asdf\\projects\\resolume-wine\\wine-install\\share\\wine\\fonts\\smalleg.fon" -> ret 0 nt L"\\??\\Z:\\home\\asdf\\projects\\resolume-wine\\wine-install\\share\\wine\\fonts\\smalleg.fon" unix "/home/asdf/projects/mastercam-wine/state/exp/CodeMeterProbe/prefix/dosdevices/z:/home/asdf/projects/resolume-wine/wine-install/share/wine/fonts/smalleg.fon"
01f8:trace:file:get_nt_and_unix_names L"\\??\\Z:\\home\\asdf\\projects\\resolume-wine\\wine-install\\share\\wine\\fonts\\smaller.fon" -> ret 0 nt L"\\??\\Z:\\home\\asdf\\projects\\resolume-wine\\wine-install\\share\\wine\\fonts\\smaller.fon" unix "/home/asdf/projects/mastercam-wine/state/exp/CodeMeterProbe/prefix/dosdevices/z:/home/asdf/projects/resolume-wine/wine-install/share/wine/fonts/smaller.fon"
01f8:trace:file:get_nt_and_unix_names L"\\??\\Z:\\home\\asdf\\projects\\resolume-wine\\wine-install\\share\\wine\\fonts\\smallet.fon" -> ret 0 nt L"\\??\\Z:\\home\\asdf\\projects\\resolume-wine\\wine-install\\share\\wine\\fonts\\smallet.fon" unix "/home/asdf/projects/mastercam-wine/state/exp/CodeMeterProbe/prefix/dosdevices/z:/home/asdf/projects/resolume-wine/wine-install/share/wine/fonts/smallet.fon"
01f8:trace:file:get_nt_and_unix_names L"\\??\\Z:\\home\\asdf\\projects\\resolume-wine\\wine-install\\share\\wine\\fonts\\ssee1255.fon" -> ret 0 nt L"\\??\\Z:\\home\\asdf\\projects\\resolume-wine\\wine-install\\share\\wine\\fonts\\ssee1255.fon" unix "/home/asdf/projects/mastercam-wine/state/exp/CodeMeterProbe/prefix/dosdevices/z:/home/asdf/projects/resolume-wine/wine-install/share/wine/fonts/ssee1255.fon"
01f8:trace:file:get_nt_and_unix_names L"\\??\\Z:\\home\\asdf\\projects\\resolume-wine\\wine-install\\share\\wine\\fonts\\ssee1256.fon" -> ret 0 nt L"\\??\\Z:\\home\\asdf\\projects\\resolume-wine\\wine-install\\share\\wine\\fonts\\ssee1256.fon" unix "/home/asdf/projects/mastercam-wine/state/exp/CodeMeterProbe/prefix/dosdevices/z:/home/asdf/projects/resolume-wine/wine-install/share/wine/fonts/ssee1256.fon"
01f8:trace:file:get_nt_and_unix_names L"\\??\\Z:\\home\\asdf\\projects\\resolume-wine\\wine-install\\share\\wine\\fonts\\ssee1257.fon" -> ret 0 nt L"\\??\\Z:\\home\\asdf\\projects\\resolume-wine\\wine-install\\share\\wine\\fonts\\ssee1257.fon" unix "/home/asdf/projects/mastercam-wine/state/exp/CodeMeterProbe/prefix/dosdevices/z:/home/asdf/projects/resolume-wine/wine-install/share/wine/fonts/ssee1257.fon"
01f8:trace:file:get_nt_and_unix_names L"\\??\\Z:\\home\\asdf\\projects\\resolume-wine\\wine-install\\share\\wine\\fonts\\ssee874.fon" -> ret 0 nt L"\\??\\Z:\\home\\asdf\\projects\\resolume-wine\\wine-install\\share\\wine\\fonts\\ssee874.fon" unix "/home/asdf/projects/mastercam-wine/state/exp/CodeMeterProbe/prefix/dosdevices/z:/home/asdf/projects/resolume-wine/wine-install/share/wine/fonts/ssee874.fon"
01f8:trace:file:get_nt_and_unix_names L"\\??\\Z:\\home\\asdf\\projects\\resolume-wine\\wine-install\\share\\wine\\fonts\\ssef1255.fon" -> ret 0 nt L"\\??\\Z:\\home\\asdf\\projects\\resolume-wine\\wine-install\\share\\wine\\fonts\\ssef1255.fon" unix "/home/asdf/projects/mastercam-wine/state/exp/CodeMeterProbe/prefix/dosdevices/z:/home/asdf/projects/resolume-wine/wine-install/share/wine/fonts/ssef1255.fon"
01f8:trace:file:get_nt_and_unix_names L"\\??\\Z:\\home\\asdf\\projects\\resolume-wine\\wine-install\\share\\wine\\fonts\\ssef1256.fon" -> ret 0 nt L"\\??\\Z:\\home\\asdf\\projects\\resolume-wine\\wine-install\\share\\wine\\fonts\\ssef1256.fon" unix "/home/asdf/projects/mastercam-wine/state/exp/CodeMeterProbe/prefix/dosdevices/z:/home/asdf/projects/resolume-wine/wine-install/share/wine/fonts/ssef1256.fon"
01f8:trace:file:get_nt_and_unix_names L"\\??\\Z:\\home\\asdf\\projects\\resolume-wine\\wine-install\\share\\wine\\fonts\\ssef1257.fon" -> ret 0 nt L"\\??\\Z:\\home\\asdf\\projects\\resolume-wine\\wine-install\\share\\wine\\fonts\\ssef1257.fon" unix "/home/asdf/projects/mastercam-wine/state/exp/CodeMeterProbe/prefix/dosdevices/z:/home/asdf/projects/resolume-wine/wine-install/share/wine/fonts/ssef1257.fon"
01f8:trace:file:get_nt_and_unix_names L"\\??\\Z:\\home\\asdf\\projects\\resolume-wine\\wine-install\\share\\wine\\fonts\\ssef874.fon" -> ret 0 nt L"\\??\\Z:\\home\\asdf\\projects\\resolume-wine\\wine-install\\share\\wine\\fonts\\ssef874.fon" unix "/home/asdf/projects/mastercam-wine/state/exp/CodeMeterProbe/prefix/dosdevices/z:/home/asdf/projects/resolume-wine/wine-install/share/wine/fonts/ssef874.fon"
01f8:trace:file:get_nt_and_unix_names L"\\??\\Z:\\home\\asdf\\projects\\resolume-wine\\wine-install\\share\\wine\\fonts\\sserife.fon" -> ret 0 nt L"\\??\\Z:\\home\\asdf\\projects\\resolume-wine\\wine-install\\share\\wine\\fonts\\sserife.fon" unix "/home/asdf/projects/mastercam-wine/state/exp/CodeMeterProbe/prefix/dosdevices/z:/home/asdf/projects/resolume-wine/wine-install/share/wine/fonts/sserife.fon"
01f8:trace:file:get_nt_and_unix_names L"\\??\\Z:\\home\\asdf\\projects\\resolume-wine\\wine-install\\share\\wine\\fonts\\sserifee.fon" -> ret 0 nt L"\\??\\Z:\\home\\asdf\\projects\\resolume-wine\\wine-install\\share\\wine\\fonts\\sserifee.fon" unix "/home/asdf/projects/mastercam-wine/state/exp/CodeMeterProbe/prefix/dosdevices/z:/home/asdf/projects/resolume-wine/wine-install/share/wine/fonts/sserifee.fon"
01f8:trace:file:get_nt_and_unix_names L"\\??\\Z:\\home\\asdf\\projects\\resolume-wine\\wine-install\\share\\wine\\fonts\\sserifeg.fon" -> ret 0 nt L"\\??\\Z:\\home\\asdf\\projects\\resolume-wine\\wine-install\\share\\wine\\fonts\\sserifeg.fon" unix "/home/asdf/projects/mastercam-wine/state/exp/CodeMeterProbe/prefix/dosdevices/z:/home/asdf/projects/resolume-wine/wine-install/share/wine/fonts/sserifeg.fon"
01f8:trace:file:get_nt_and_unix_names L"\\??\\Z:\\home\\asdf\\projects\\resolume-wine\\wine-install\\share\\wine\\fonts\\sserifer.fon" -> ret 0 nt L"\\??\\Z:\\home\\asdf\\projects\\resolume-wine\\wine-install\\share\\wine\\fonts\\sserifer.fon" unix "/home/asdf/projects/mastercam-wine/state/exp/CodeMeterProbe/prefix/dosdevices/z:/home/asdf/projects/resolume-wine/wine-install/share/wine/fonts/sserifer.fon"
01f8:trace:file:get_nt_and_unix_names L"\\??\\Z:\\home\\asdf\\projects\\resolume-wine\\wine-install\\share\\wine\\fonts\\sserifet.fon" -> ret 0 nt L"\\??\\Z:\\home\\asdf\\projects\\resolume-wine\\wine-install\\share\\wine\\fonts\\sserifet.fon" unix "/home/asdf/projects/mastercam-wine/state/exp/CodeMeterProbe/prefix/dosdevices/z:/home/asdf/projects/resolume-wine/wine-install/share/wine/fonts/sserifet.fon"
01f8:trace:file:get_nt_and_unix_names L"\\??\\Z:\\home\\asdf\\projects\\resolume-wine\\wine-install\\share\\wine\\fonts\\sseriff.fon" -> ret 0 nt L"\\??\\Z:\\home\\asdf\\projects\\resolume-wine\\wine-install\\share\\wine\\fonts\\sseriff.fon" unix "/home/asdf/projects/mastercam-wine/state/exp/CodeMeterProbe/prefix/dosdevices/z:/home/asdf/projects/resolume-wine/wine-install/share/wine/fonts/sseriff.fon"
01f8:trace:file:get_nt_and_unix_names L"\\??\\Z:\\home\\asdf\\projects\\resolume-wine\\wine-install\\share\\wine\\fonts\\sseriffe.fon" -> ret 0 nt L"\\??\\Z:\\home\\asdf\\projects\\resolume-wine\\wine-install\\share\\wine\\fonts\\sseriffe.fon" unix "/home/asdf/projects/mastercam-wine/state/exp/CodeMeterProbe/prefix/dosdevices/z:/home/asdf/projects/resolume-wine/wine-install/share/wine/fonts/sseriffe.fon"
01f8:trace:file:get_nt_and_unix_names L"\\??\\Z:\\home\\asdf\\projects\\resolume-wine\\wine-install\\share\\wine\\fonts\\sseriffg.fon" -> ret 0 nt L"\\??\\Z:\\home\\asdf\\projects\\resolume-wine\\wine-install\\share\\wine\\fonts\\sseriffg.fon" unix "/home/asdf/projects/mastercam-wine/state/exp/CodeMeterProbe/prefix/dosdevices/z:/home/asdf/projects/resolume-wine/wine-install/share/wine/fonts/sseriffg.fon"
01f8:trace:file:get_nt_and_unix_names L"\\??\\Z:\\home\\asdf\\projects\\resolume-wine\\wine-install\\share\\wine\\fonts\\sseriffr.fon" -> ret 0 nt L"\\??\\Z:\\home\\asdf\\projects\\resolume-wine\\wine-install\\share\\wine\\fonts\\sseriffr.fon" unix "/home/asdf/projects/mastercam-wine/state/exp/CodeMeterProbe/prefix/dosdevices/z:/home/asdf/projects/resolume-wine/wine-install/share/wine/fonts/sseriffr.fon"
01f8:trace:file:get_nt_and_unix_names L"\\??\\Z:\\home\\asdf\\projects\\resolume-wine\\wine-install\\share\\wine\\fonts\\sserifft.fon" -> ret 0 nt L"\\??\\Z:\\home\\asdf\\projects\\resolume-wine\\wine-install\\share\\wine\\fonts\\sserifft.fon" unix "/home/asdf/projects/mastercam-wine/state/exp/CodeMeterProbe/prefix/dosdevices/z:/home/asdf/projects/resolume-wine/wine-install/share/wine/fonts/sserifft.fon"
01f8:trace:file:get_nt_and_unix_names L"\\??\\Z:\\home\\asdf\\projects\\resolume-wine\\wine-install\\share\\wine\\fonts\\svgasys.fon" -> ret 0 nt L"\\??\\Z:\\home\\asdf\\projects\\resolume-wine\\wine-install\\share\\wine\\fonts\\svgasys.fon" unix "/home/asdf/projects/mastercam-wine/state/exp/CodeMeterProbe/prefix/dosdevices/z:/home/asdf/projects/resolume-wine/wine-install/share/wine/fonts/svgasys.fon"
01f8:trace:file:get_nt_and_unix_names L"\\??\\Z:\\home\\asdf\\projects\\resolume-wine\\wine-install\\share\\wine\\fonts\\symbol.ttf" -> ret 0 nt L"\\??\\Z:\\home\\asdf\\projects\\resolume-wine\\wine-install\\share\\wine\\fonts\\symbol.ttf" unix "/home/asdf/projects/mastercam-wine/state/exp/CodeMeterProbe/prefix/dosdevices/z:/home/asdf/projects/resolume-wine/wine-install/share/wine/fonts/symbol.ttf"
01f8:trace:file:get_nt_and_unix_names L"\\??\\Z:\\home\\asdf\\projects\\resolume-wine\\wine-install\\share\\wine\\fonts\\tahoma.ttf" -> ret 0 nt L"\\??\\Z:\\home\\asdf\\projects\\resolume-wine\\wine-install\\share\\wine\\fonts\\tahoma.ttf" unix "/home/asdf/projects/mastercam-wine/state/exp/CodeMeterProbe/prefix/dosdevices/z:/home/asdf/projects/resolume-wine/wine-install/share/wine/fonts/tahoma.ttf"
01f8:trace:file:get_nt_and_unix_names L"\\??\\Z:\\home\\asdf\\projects\\resolume-wine\\wine-install\\share\\wine\\fonts\\tahomabd.ttf" -> ret 0 nt L"\\??\\Z:\\home\\asdf\\projects\\resolume-wine\\wine-install\\share\\wine\\fonts\\tahomabd.ttf" unix "/home/asdf/projects/mastercam-wine/state/exp/CodeMeterProbe/prefix/dosdevices/z:/home/asdf/projects/resolume-wine/wine-install/share/wine/fonts/tahomabd.ttf"
01f8:trace:file:get_nt_and_unix_names L"\\??\\Z:\\home\\asdf\\projects\\resolume-wine\\wine-install\\share\\wine\\fonts\\vgafix.fon" -> ret 0 nt L"\\??\\Z:\\home\\asdf\\projects\\resolume-wine\\wine-install\\share\\wine\\fonts\\vgafix.fon" unix "/home/asdf/projects/mastercam-wine/state/exp/CodeMeterProbe/prefix/dosdevices/z:/home/asdf/projects/resolume-wine/wine-install/share/wine/fonts/vgafix.fon"
01f8:trace:file:get_nt_and_unix_names L"\\??\\Z:\\home\\asdf\\projects\\resolume-wine\\wine-install\\share\\wine\\fonts\\vgas1255.fon" -> ret 0 nt L"\\??\\Z:\\home\\asdf\\projects\\resolume-wine\\wine-install\\share\\wine\\fonts\\vgas1255.fon" unix "/home/asdf/projects/mastercam-wine/state/exp/CodeMeterProbe/prefix/dosdevices/z:/home/asdf/projects/resolume-wine/wine-install/share/wine/fonts/vgas1255.fon"
01f8:trace:file:get_nt_and_unix_names L"\\??\\Z:\\home\\asdf\\projects\\resolume-wine\\wine-install\\share\\wine\\fonts\\vgas1256.fon" -> ret 0 nt L"\\??\\Z:\\home\\asdf\\projects\\resolume-wine\\wine-install\\share\\wine\\fonts\\vgas1256.fon" unix "/home/asdf/projects/mastercam-wine/state/exp/CodeMeterProbe/prefix/dosdevices/z:/home/asdf/projects/resolume-wine/wine-install/share/wine/fonts/vgas1256.fon"
01f8:trace:file:get_nt_and_unix_names L"\\??\\Z:\\home\\asdf\\projects\\resolume-wine\\wine-install\\share\\wine\\fonts\\vgas1257.fon" -> ret 0 nt L"\\??\\Z:\\home\\asdf\\projects\\resolume-wine\\wine-install\\share\\wine\\fonts\\vgas1257.fon" unix "/home/asdf/projects/mastercam-wine/state/exp/CodeMeterProbe/prefix/dosdevices/z:/home/asdf/projects/resolume-wine/wine-install/share/wine/fonts/vgas1257.fon"
01f8:trace:file:get_nt_and_unix_names L"\\??\\Z:\\home\\asdf\\projects\\resolume-wine\\wine-install\\share\\wine\\fonts\\vgas874.fon" -> ret 0 nt L"\\??\\Z:\\home\\asdf\\projects\\resolume-wine\\wine-install\\share\\wine\\fonts\\vgas874.fon" unix "/home/asdf/projects/mastercam-wine/state/exp/CodeMeterProbe/prefix/dosdevices/z:/home/asdf/projects/resolume-wine/wine-install/share/wine/fonts/vgas874.fon"
01f8:trace:file:get_nt_and_unix_names L"\\??\\Z:\\home\\asdf\\projects\\resolume-wine\\wine-install\\share\\wine\\fonts\\vgasys.fon" -> ret 0 nt L"\\??\\Z:\\home\\asdf\\projects\\resolume-wine\\wine-install\\share\\wine\\fonts\\vgasys.fon" unix "/home/asdf/projects/mastercam-wine/state/exp/CodeMeterProbe/prefix/dosdevices/z:/home/asdf/projects/resolume-wine/wine-install/share/wine/fonts/vgasys.fon"
01f8:trace:file:get_nt_and_unix_names L"\\??\\Z:\\home\\asdf\\projects\\resolume-wine\\wine-install\\share\\wine\\fonts\\vgasyse.fon" -> ret 0 nt L"\\??\\Z:\\home\\asdf\\projects\\resolume-wine\\wine-install\\share\\wine\\fonts\\vgasyse.fon" unix "/home/asdf/projects/mastercam-wine/state/exp/CodeMeterProbe/prefix/dosdevices/z:/home/asdf/projects/resolume-wine/wine-install/share/wine/fonts/vgasyse.fon"
01f8:trace:file:get_nt_and_unix_names L"\\??\\Z:\\home\\asdf\\projects\\resolume-wine\\wine-install\\share\\wine\\fonts\\vgasysg.fon" -> ret 0 nt L"\\??\\Z:\\home\\asdf\\projects\\resolume-wine\\wine-install\\share\\wine\\fonts\\vgasysg.fon" unix "/home/asdf/projects/mastercam-wine/state/exp/CodeMeterProbe/prefix/dosdevices/z:/home/asdf/projects/resolume-wine/wine-install/share/wine/fonts/vgasysg.fon"
01f8:trace:file:get_nt_and_unix_names L"\\??\\Z:\\home\\asdf\\projects\\resolume-wine\\wine-install\\share\\wine\\fonts\\vgasysr.fon" -> ret 0 nt L"\\??\\Z:\\home\\asdf\\projects\\resolume-wine\\wine-install\\share\\wine\\fonts\\vgasysr.fon" unix "/home/asdf/projects/mastercam-wine/state/exp/CodeMeterProbe/prefix/dosdevices/z:/home/asdf/projects/resolume-wine/wine-install/share/wine/fonts/vgasysr.fon"
01f8:trace:file:get_nt_and_unix_names L"\\??\\Z:\\home\\asdf\\projects\\resolume-wine\\wine-install\\share\\wine\\fonts\\vgasyst.fon" -> ret 0 nt L"\\??\\Z:\\home\\asdf\\projects\\resolume-wine\\wine-install\\share\\wine\\fonts\\vgasyst.fon" unix "/home/asdf/projects/mastercam-wine/state/exp/CodeMeterProbe/prefix/dosdevices/z:/home/asdf/projects/resolume-wine/wine-install/share/wine/fonts/vgasyst.fon"
01f8:trace:file:get_nt_and_unix_names L"\\??\\Z:\\home\\asdf\\projects\\resolume-wine\\wine-install\\share\\wine\\fonts\\webdings.ttf" -> ret 0 nt L"\\??\\Z:\\home\\asdf\\projects\\resolume-wine\\wine-install\\share\\wine\\fonts\\webdings.ttf" unix "/home/asdf/projects/mastercam-wine/state/exp/CodeMeterProbe/prefix/dosdevices/z:/home/asdf/projects/resolume-wine/wine-install/share/wine/fonts/webdings.ttf"
01f8:trace:file:get_nt_and_unix_names L"\\??\\Z:\\home\\asdf\\projects\\resolume-wine\\wine-install\\share\\wine\\fonts\\wingding.ttf" -> ret 0 nt L"\\??\\Z:\\home\\asdf\\projects\\resolume-wine\\wine-install\\share\\wine\\fonts\\wingding.ttf" unix "/home/asdf/projects/mastercam-wine/state/exp/CodeMeterProbe/prefix/dosdevices/z:/home/asdf/projects/resolume-wine/wine-install/share/wine/fonts/wingding.ttf"
01f8:trace:file:NtQueryDirectoryFile (0x4c (nil) (nil) (nil) 0x7fffffdacbb0 0x7fffffdacc00 0x00002000 0x00000003 0x00000000 <null> 0x00000000
01f8:trace:file:NtQueryDirectoryFile => 80000006 (0)
01f8:trace:file:get_nt_and_unix_names L"\\??\\C:\\windows\\fonts\\coure.fon" -> ret c000000f nt L"\\??\\C:\\windows\\fonts\\coure.fon" unix "/home/asdf/projects/mastercam-wine/state/exp/CodeMeterProbe/prefix/dosdevices/c:/windows/Fonts/coure.fon"
01f8:trace:file:get_nt_and_unix_names L"\\??\\Z:\\home\\asdf\\projects\\resolume-wine\\wine-install\\share\\wine\\fonts\\coure.fon" -> ret 0 nt L"\\??\\Z:\\home\\asdf\\projects\\resolume-wine\\wine-install\\share\\wine\\fonts\\coure.fon" unix "/home/asdf/projects/mastercam-wine/state/exp/CodeMeterProbe/prefix/dosdevices/z:/home/asdf/projects/resolume-wine/wine-install/share/wine/fonts/coure.fon"
01f8:trace:file:get_nt_and_unix_names L"\\??\\C:\\windows\\fonts\\sserife.fon" -> ret c000000f nt L"\\??\\C:\\windows\\fonts\\sserife.fon" unix "/home/asdf/projects/mastercam-wine/state/exp/CodeMeterProbe/prefix/dosdevices/c:/windows/Fonts/sserife.fon"
01f8:trace:file:get_nt_and_unix_names L"\\??\\Z:\\home\\asdf\\projects\\resolume-wine\\wine-install\\share\\wine\\fonts\\sserife.fon" -> ret 0 nt L"\\??\\Z:\\home\\asdf\\projects\\resolume-wine\\wine-install\\share\\wine\\fonts\\sserife.fon" unix "/home/asdf/projects/mastercam-wine/state/exp/CodeMeterProbe/prefix/dosdevices/z:/home/asdf/projects/resolume-wine/wine-install/share/wine/fonts/sserife.fon"
01f8:trace:file:get_nt_and_unix_names L"\\??\\C:\\windows\\fonts\\serife.fon" -> ret c000000f nt L"\\??\\C:\\windows\\fonts\\serife.fon" unix "/home/asdf/projects/mastercam-wine/state/exp/CodeMeterProbe/prefix/dosdevices/c:/windows/Fonts/serife.fon"
01f8:trace:file:get_nt_and_unix_names L"\\??\\Z:\\home\\asdf\\projects\\resolume-wine\\wine-install\\share\\wine\\fonts\\serife.fon" -> ret c000000f nt L"\\??\\Z:\\home\\asdf\\projects\\resolume-wine\\wine-install\\share\\wine\\fonts\\serife.fon" unix "/home/asdf/projects/mastercam-wine/state/exp/CodeMeterProbe/prefix/dosdevices/z:/home/asdf/projects/resolume-wine/wine-install/share/wine/fonts/serife.fon"
01f8:trace:file:get_nt_and_unix_names L"\\??\\Z:\\usr\\share\\fonts\\truetype\\noto\\NotoColorEmoji.ttf" -> ret 0 nt L"\\??\\Z:\\usr\\share\\fonts\\truetype\\noto\\NotoColorEmoji.ttf" unix "/home/asdf/projects/mastercam-wine/state/exp/CodeMeterProbe/prefix/dosdevices/z:/usr/share/fonts/truetype/noto/NotoColorEmoji.ttf"
01f8:trace:file:get_nt_and_unix_names L"\\??\\C:\\windows\\fonts\\smalle.fon" -> ret c000000f nt L"\\??\\C:\\windows\\fonts\\smalle.fon" unix "/home/asdf/projects/mastercam-wine/state/exp/CodeMeterProbe/prefix/dosdevices/c:/windows/Fonts/smalle.fon"
01f8:trace:file:get_nt_and_unix_names L"\\??\\Z:\\home\\asdf\\projects\\resolume-wine\\wine-install\\share\\wine\\fonts\\smalle.fon" -> ret 0 nt L"\\??\\Z:\\home\\asdf\\projects\\resolume-wine\\wine-install\\share\\wine\\fonts\\smalle.fon" unix "/home/asdf/projects/mastercam-wine/state/exp/CodeMeterProbe/prefix/dosdevices/z:/home/asdf/projects/resolume-wine/wine-install/share/wine/fonts/smalle.fon"
01f8:trace:file:RtlDosPathNameToNtPathName_U_WithStatus (L"C:\\windows\\system32\\kernelbase.dll",00007FFFFE13F260,0000000000000000,0000000000000000)
01f8:trace:file:RtlGetFullPathName_U (L"C:\\windows\\system32\\kernelbase.dll" 520 00007FFFFE13EE20 0000000000000000)
01f8:trace:file:RtlGetFullPathName_UEx (L"C:\\windows\\system32\\kernelbase.dll" 520 00007FFFFE13EE20 0000000000000000 0000000000000000)
01f8:trace:file:RtlDosPathNameToNtPathName_U_WithStatus (L"C:\\windows\\system32\\kernelbase.dll",00007FFFFE13F260,0000000000000000,0000000000000000)
01f8:trace:file:RtlGetFullPathName_U (L"C:\\windows\\system32\\kernelbase.dll" 520 00007FFFFE13EE20 0000000000000000)
01f8:trace:file:RtlGetFullPathName_UEx (L"C:\\windows\\system32\\kernelbase.dll" 520 00007FFFFE13EE20 0000000000000000 0000000000000000)
01f8:trace:file:RtlDosPathNameToNtPathName_U_WithStatus (L"C:\\windows\\system32\\kernelbase.dll",00007FFFFE13F260,0000000000000000,0000000000000000)
01f8:trace:file:RtlGetFullPathName_U (L"C:\\windows\\system32\\kernelbase.dll" 520 00007FFFFE13EE20 0000000000000000)
01f8:trace:file:RtlGetFullPathName_UEx (L"C:\\windows\\system32\\kernelbase.dll" 520 00007FFFFE13EE20 0000000000000000 0000000000000000)
01f8:trace:file:RtlDosPathNameToNtPathName_U_WithStatus (L"C:\\Program Files\\CodeMeter\\Runtime\\bin\\hid.dll",00007FFFFE13E760,0000000000000000,0000000000000000)
01f8:trace:file:RtlGetFullPathName_U (L"C:\\Program Files\\CodeMeter\\Runtime\\bin\\hid.dll" 520 00007FFFFE13E290 0000000000000000)
01f8:trace:file:RtlGetFullPathName_UEx (L"C:\\Program Files\\CodeMeter\\Runtime\\bin\\hid.dll" 520 00007FFFFE13E290 0000000000000000 0000000000000000)
01f8:trace:file:NtCreateFile handle=0x7ffffe13e2e8 access=80100000 name=L"\\??\\C:\\Program Files\\CodeMeter\\Runtime\\bin\\hid.dll" objattr=00000040 root=(nil) sec=(nil) io=0x7ffffe13e2f0 alloc_size=(nil) attr=00000000 sharing=00000005 disp=1 options=00000060 ea=(nil).0x00000000
01f8:trace:file:get_nt_and_unix_names L"\\??\\C:\\Program Files\\CodeMeter\\Runtime\\bin\\hid.dll" -> ret c0000034
01f8:warn:file:NtCreateFile L"\\??\\C:\\Program Files\\CodeMeter\\Runtime\\bin\\hid.dll" not found (c0000034)
01f8:trace:file:RtlDosPathNameToNtPathName_U_WithStatus (L"C:\\windows\\system32\\hid.dll",00007FFFFE13E760,0000000000000000,0000000000000000)
01f8:trace:file:RtlGetFullPathName_U (L"C:\\windows\\system32\\hid.dll" 520 00007FFFFE13E290 0000000000000000)
01f8:trace:file:RtlGetFullPathName_UEx (L"C:\\windows\\system32\\hid.dll" 520 00007FFFFE13E290 0000000000000000 0000000000000000)
01f8:trace:file:NtCreateFile handle=0x7ffffe13e2e8 access=80100000 name=L"\\??\\C:\\windows\\system32\\hid.dll" objattr=00000040 root=(nil) sec=(nil) io=0x7ffffe13e2f0 alloc_size=(nil) attr=00000000 sharing=00000005 disp=1 options=00000060 ea=(nil).0x00000000
01f8:trace:file:get_nt_and_unix_names L"\\??\\C:\\windows\\system32\\hid.dll" -> ret 0 nt L"\\??\\C:\\windows\\system32\\hid.dll" unix "/home/asdf/projects/mastercam-wine/state/exp/CodeMeterProbe/prefix/dosdevices/c:/windows/system32/hid.dll"
01f8:trace:file:NtFsControlFile (0x80,(nil),(nil),(nil),0x7ffffe13e2f0,0x0009009c,(nil),0x00000000,0x7ffffe13e330,0x00000040)
01f8:trace:file:RtlDosPathNameToNtPathName_U_WithStatus (L"C:\\windows\\system32\\rsaenh.dll",00007FFFFE13E860,0000000000000000,0000000000000000)
01f8:trace:file:RtlGetFullPathName_U (L"C:\\windows\\system32\\rsaenh.dll" 520 00007FFFFE13E420 0000000000000000)
01f8:trace:file:RtlGetFullPathName_UEx (L"C:\\windows\\system32\\rsaenh.dll" 520 00007FFFFE13E420 0000000000000000 0000000000000000)
01f8:trace:file:NtCreateFile handle=0x7ffffe13e478 access=80100000 name=L"\\??\\C:\\windows\\system32\\rsaenh.dll" objattr=00000040 root=(nil) sec=(nil) io=0x7ffffe13e480 alloc_size=(nil) attr=00000000 sharing=00000005 disp=1 options=00000060 ea=(nil).0x00000000
01f8:trace:file:get_nt_and_unix_names L"\\??\\C:\\windows\\system32\\rsaenh.dll" -> ret 0 nt L"\\??\\C:\\windows\\system32\\rsaenh.dll" unix "/home/asdf/projects/mastercam-wine/state/exp/CodeMeterProbe/prefix/dosdevices/c:/windows/system32/rsaenh.dll"
01f8:trace:file:NtFsControlFile (0x80,(nil),(nil),(nil),0x7ffffe13e480,0x0009009c,(nil),0x00000000,0x7ffffe13e4c0,0x00000040)
01f8:trace:file:RtlDosPathNameToNtPathName_U_WithStatus (L"C:\\windows\\system32\\VERSION.dll",00007FFFFE13EB40,0000000000000000,0000000000000000)
01f8:trace:file:RtlGetFullPathName_U (L"C:\\windows\\system32\\VERSION.dll" 520 00007FFFFE13E720 0000000000000000)
01f8:trace:file:RtlGetFullPathName_UEx (L"C:\\windows\\system32\\VERSION.dll" 520 00007FFFFE13E720 0000000000000000 0000000000000000)
01f8:fixme:powrprof:PowerRegisterSuspendResumeNotification (0x00000002,00007FFFFE13F260,00006FFFFA789AB8) stub!
01f8:trace:file:RtlDosPathNameToNtPathName_U_WithStatus (L"C:\\windows\\system32\\WTSAPI32.dll",00007FFFFE13F5A0,0000000000000000,0000000000000000)
01f8:trace:file:RtlGetFullPathName_U (L"C:\\windows\\system32\\WTSAPI32.dll" 520 00007FFFFE13F180 0000000000000000)
01f8:trace:file:RtlGetFullPathName_UEx (L"C:\\windows\\system32\\WTSAPI32.dll" 520 00007FFFFE13F180 0000000000000000 0000000000000000)
01f8:trace:file:RtlDosPathNameToNtPathName_U_WithStatus (L"C:\\windows\\system32\\combase.dll",00007FFFFE13F4A0,0000000000000000,0000000000000000)
01f8:trace:file:RtlGetFullPathName_U (L"C:\\windows\\system32\\combase.dll" 520 00007FFFFE13F080 0000000000000000)
01f8:trace:file:RtlGetFullPathName_UEx (L"C:\\windows\\system32\\combase.dll" 520 00007FFFFE13F080 0000000000000000 0000000000000000)
01f8:trace:file:RtlDosPathNameToNtPathName_U_WithStatus (L"C:\\windows\\system32\\coml2.dll",00007FFFFE13F4A0,0000000000000000,0000000000000000)
01f8:trace:file:RtlGetFullPathName_U (L"C:\\windows\\system32\\coml2.dll" 520 00007FFFFE13F080 0000000000000000)
01f8:trace:file:RtlGetFullPathName_UEx (L"C:\\windows\\system32\\coml2.dll" 520 00007FFFFE13F080 0000000000000000 0000000000000000)
01f8:trace:file:RtlDosPathNameToNtPathName_U_WithStatus (L"C:\\windows\\system32\\ole32.dll",00007FFFFE13F520,0000000000000000,0000000000000000)
01f8:trace:file:RtlGetFullPathName_U (L"C:\\windows\\system32\\ole32.dll" 520 00007FFFFE13F100 0000000000000000)
01f8:trace:file:RtlGetFullPathName_UEx (L"C:\\windows\\system32\\ole32.dll" 520 00007FFFFE13F100 0000000000000000 0000000000000000)
01f8:trace:file:RtlDosPathNameToNtPathName_U_WithStatus (L"C:\\windows\\system32\\oleaut32.dll",00007FFFFE13F520,0000000000000000,0000000000000000)
01f8:trace:file:RtlGetFullPathName_U (L"C:\\windows\\system32\\oleaut32.dll" 520 00007FFFFE13F100 0000000000000000)
01f8:trace:file:RtlGetFullPathName_UEx (L"C:\\windows\\system32\\oleaut32.dll" 520 00007FFFFE13F100 0000000000000000 0000000000000000)
01f8:trace:file:RtlDosPathNameToNtPathName_U_WithStatus (L"C:\\windows\\system32\\ACTIVEDS.dll",00007FFFFE13F5A0,0000000000000000,0000000000000000)
01f8:trace:file:RtlGetFullPathName_U (L"C:\\windows\\system32\\ACTIVEDS.dll" 520 00007FFFFE13F180 0000000000000000)
01f8:trace:file:RtlGetFullPathName_UEx (L"C:\\windows\\system32\\ACTIVEDS.dll" 520 00007FFFFE13F180 0000000000000000 0000000000000000)
01f8:trace:file:RtlDosPathNameToNtPathName_U_WithStatus (L"C:\\windows\\system32\\shcore.dll",00007FFFFE13F4A0,0000000000000000,0000000000000000)
01f8:trace:file:RtlGetFullPathName_U (L"C:\\windows\\system32\\shcore.dll" 520 00007FFFFE13F080 0000000000000000)
01f8:trace:file:RtlGetFullPathName_UEx (L"C:\\windows\\system32\\shcore.dll" 520 00007FFFFE13F080 0000000000000000 0000000000000000)
01f8:trace:file:RtlDosPathNameToNtPathName_U_WithStatus (L"C:\\windows\\system32\\shlwapi.dll",00007FFFFE13F520,0000000000000000,0000000000000000)
01f8:trace:file:RtlGetFullPathName_U (L"C:\\windows\\system32\\shlwapi.dll" 520 00007FFFFE13F100 0000000000000000)
01f8:trace:file:RtlGetFullPathName_UEx (L"C:\\windows\\system32\\shlwapi.dll" 520 00007FFFFE13F100 0000000000000000 0000000000000000)
01f8:trace:file:RtlDosPathNameToNtPathName_U_WithStatus (L"C:\\windows\\system32\\SHELL32.dll",00007FFFFE13F5A0,0000000000000000,0000000000000000)
01f8:trace:file:RtlGetFullPathName_U (L"C:\\windows\\system32\\SHELL32.dll" 520 00007FFFFE13F180 0000000000000000)
01f8:trace:file:RtlGetFullPathName_UEx (L"C:\\windows\\system32\\SHELL32.dll" 520 00007FFFFE13F180 0000000000000000 0000000000000000)
01f8:trace:file:RtlDosPathNameToNtPathName_U_WithStatus (L"C:\\windows\\system32\\PSAPI.DLL",00007FFFFE13F5A0,0000000000000000,0000000000000000)
01f8:trace:file:RtlGetFullPathName_U (L"C:\\windows\\system32\\PSAPI.DLL" 520 00007FFFFE13F180 0000000000000000)
01f8:trace:file:RtlGetFullPathName_UEx (L"C:\\windows\\system32\\PSAPI.DLL" 520 00007FFFFE13F180 0000000000000000 0000000000000000)
01f8:trace:file:RtlDosPathNameToNtPathName_U_WithStatus (L"C:\\windows\\system32\\cfgmgr32.dll",00007FFFFE13F520,0000000000000000,0000000000000000)
01f8:trace:file:RtlGetFullPathName_U (L"C:\\windows\\system32\\cfgmgr32.dll" 520 00007FFFFE13F100 0000000000000000)
01f8:trace:file:RtlGetFullPathName_UEx (L"C:\\windows\\system32\\cfgmgr32.dll" 520 00007FFFFE13F100 0000000000000000 0000000000000000)
01f8:trace:file:RtlDosPathNameToNtPathName_U_WithStatus (L"C:\\windows\\system32\\SETUPAPI.dll",00007FFFFE13F5A0,0000000000000000,0000000000000000)
01f8:trace:file:RtlGetFullPathName_U (L"C:\\windows\\system32\\SETUPAPI.dll" 520 00007FFFFE13F180 0000000000000000)
01f8:trace:file:RtlGetFullPathName_UEx (L"C:\\windows\\system32\\SETUPAPI.dll" 520 00007FFFFE13F180 0000000000000000 0000000000000000)
01f8:trace:file:RtlDosPathNameToNtPathName_U_WithStatus (L"C:\\windows\\system32\\kernelbase.dll",00007FFFFE13FBB0,0000000000000000,0000000000000000)
01f8:trace:file:RtlGetFullPathName_U (L"C:\\windows\\system32\\kernelbase.dll" 520 00007FFFFE13F770 0000000000000000)
01f8:trace:file:RtlGetFullPathName_UEx (L"C:\\windows\\system32\\kernelbase.dll" 520 00007FFFFE13F770 0000000000000000 0000000000000000)
01f8:trace:file:RtlDosPathNameToNtPathName_U_WithStatus (L"C:\\windows\\system32\\kernelbase.dll",00007FFFFE13FBB0,0000000000000000,0000000000000000)
01f8:trace:file:RtlGetFullPathName_U (L"C:\\windows\\system32\\kernelbase.dll" 520 00007FFFFE13F770 0000000000000000)
01f8:trace:file:RtlGetFullPathName_UEx (L"C:\\windows\\system32\\kernelbase.dll" 520 00007FFFFE13F770 0000000000000000 0000000000000000)
01f8:trace:file:RtlDosPathNameToNtPathName_U_WithStatus (L"C:\\windows\\system32\\kernelbase.dll",00007FFFFE13FBB0,0000000000000000,0000000000000000)
01f8:trace:file:RtlGetFullPathName_U (L"C:\\windows\\system32\\kernelbase.dll" 520 00007FFFFE13F770 0000000000000000)
01f8:trace:file:RtlGetFullPathName_UEx (L"C:\\windows\\system32\\kernelbase.dll" 520 00007FFFFE13F770 0000000000000000 0000000000000000)
01f8:trace:file:RtlDosPathNameToNtPathName_U_WithStatus (L"C:\\windows\\system32\\kernelbase.dll",00007FFFFE13FBB0,0000000000000000,0000000000000000)
01f8:trace:file:RtlGetFullPathName_U (L"C:\\windows\\system32\\kernelbase.dll" 520 00007FFFFE13F770 0000000000000000)
01f8:trace:file:RtlGetFullPathName_UEx (L"C:\\windows\\system32\\kernelbase.dll" 520 00007FFFFE13F770 0000000000000000 0000000000000000)
0228:trace:file:RtlDosPathNameToNtPathName_U_WithStatus (L"C:\\windows\\system32\\kernelbase.dll",00007FFFFECFFC20,0000000000000000,0000000000000000)
0228:trace:file:RtlGetFullPathName_U (L"C:\\windows\\system32\\kernelbase.dll" 520 00007FFFFECFF7E0 0000000000000000)
0228:trace:file:RtlGetFullPathName_UEx (L"C:\\windows\\system32\\kernelbase.dll" 520 00007FFFFECFF7E0 0000000000000000 0000000000000000)
0228:fixme:kernelbase:AppPolicyGetThreadInitializationType FFFFFFFFFFFFFFFA, 00007FFFFECFFF50
022c:trace:file:RtlDosPathNameToNtPathName_U_WithStatus (L"C:\\windows\\system32\\kernelbase.dll",00007FFFFEF0FC20,0000000000000000,0000000000000000)
022c:trace:file:RtlGetFullPathName_U (L"C:\\windows\\system32\\kernelbase.dll" 520 00007FFFFEF0F7E0 0000000000000000)
022c:trace:file:RtlGetFullPathName_UEx (L"C:\\windows\\system32\\kernelbase.dll" 520 00007FFFFEF0F7E0 0000000000000000 0000000000000000)
022c:fixme:kernelbase:AppPolicyGetThreadInitializationType FFFFFFFFFFFFFFFA, 00007FFFFEF0FF50
01f8:trace:file:RtlDosPathNameToNtPathName_U_WithStatus (L"C:\\windows\\system32\\kernelbase.dll",00007FFFFE13FDC0,0000000000000000,0000000000000000)
01f8:trace:file:RtlGetFullPathName_U (L"C:\\windows\\system32\\kernelbase.dll" 520 00007FFFFE13F9A0 0000000000000000)
01f8:trace:file:RtlGetFullPathName_UEx (L"C:\\windows\\system32\\kernelbase.dll" 520 00007FFFFE13F9A0 0000000000000000 0000000000000000)
01f8:trace:file:RtlDosPathNameToNtPathName_U_WithStatus (L"C:\\windows\\system32\\rsaenh.dll",00007FFFFE13E000,0000000000000000,0000000000000000)
01f8:trace:file:RtlGetFullPathName_U (L"C:\\windows\\system32\\rsaenh.dll" 520 00007FFFFE13DBC0 0000000000000000)
01f8:trace:file:RtlGetFullPathName_UEx (L"C:\\windows\\system32\\rsaenh.dll" 520 00007FFFFE13DBC0 0000000000000000 0000000000000000)
01f8:trace:file:NtCreateFile handle=0x7ffffe13dc18 access=80100000 name=L"\\??\\C:\\windows\\system32\\rsaenh.dll" objattr=00000040 root=(nil) sec=(nil) io=0x7ffffe13dc20 alloc_size=(nil) attr=00000000 sharing=00000005 disp=1 options=00000060 ea=(nil).0x00000000
01f8:trace:file:get_nt_and_unix_names L"\\??\\C:\\windows\\system32\\rsaenh.dll" -> ret 0 nt L"\\??\\C:\\windows\\system32\\rsaenh.dll" unix "/home/asdf/projects/mastercam-wine/state/exp/CodeMeterProbe/prefix/dosdevices/c:/windows/system32/rsaenh.dll"
01f8:trace:file:NtFsControlFile (0x8c,(nil),(nil),(nil),0x7ffffe13dc20,0x0009009c,(nil),0x00000000,0x7ffffe13dc60,0x00000040)
01f8:trace:file:RtlDosPathNameToNtPathName_U_WithStatus (L"C:\\windows\\system32\\rsaenh.dll",00007FFFFE13DD40,0000000000000000,0000000000000000)
01f8:trace:file:RtlGetFullPathName_U (L"C:\\windows\\system32\\rsaenh.dll" 520 00007FFFFE13D920 0000000000000000)
01f8:trace:file:RtlGetFullPathName_UEx (L"C:\\windows\\system32\\rsaenh.dll" 520 00007FFFFE13D920 0000000000000000 0000000000000000)
01f8:trace:file:RtlDosPathNameToNtPathName_U_WithStatus (L"C:\\windows\\system32\\kernelbase.dll",00007FFFFE13FB20,0000000000000000,0000000000000000)
01f8:trace:file:RtlGetFullPathName_U (L"C:\\windows\\system32\\kernelbase.dll" 520 00007FFFFE13F6E0 0000000000000000)
01f8:trace:file:RtlGetFullPathName_UEx (L"C:\\windows\\system32\\kernelbase.dll" 520 00007FFFFE13F6E0 0000000000000000 0000000000000000)
01f8:trace:file:RtlDosPathNameToNtPathName_U_WithStatus (L"C:\\windows\\system32\\kernelbase.dll",00007FFFFE13FB20,0000000000000000,0000000000000000)
01f8:trace:file:RtlGetFullPathName_U (L"C:\\windows\\system32\\kernelbase.dll" 520 00007FFFFE13F6E0 0000000000000000)
01f8:trace:file:RtlGetFullPathName_UEx (L"C:\\windows\\system32\\kernelbase.dll" 520 00007FFFFE13F6E0 0000000000000000 0000000000000000)
01f8:trace:file:RtlDosPathNameToNtPathName_U_WithStatus (L"C:\\windows\\system32\\kernelbase.dll",00007FFFFE13FB20,0000000000000000,0000000000000000)
01f8:trace:file:RtlGetFullPathName_U (L"C:\\windows\\system32\\kernelbase.dll" 520 00007FFFFE13F6E0 0000000000000000)
01f8:trace:file:RtlGetFullPathName_UEx (L"C:\\windows\\system32\\kernelbase.dll" 520 00007FFFFE13F6E0 0000000000000000 0000000000000000)
01f8:trace:file:RtlDosPathNameToNtPathName_U_WithStatus (L"C:\\windows\\system32\\kernelbase.dll",00007FFFFE13FB20,0000000000000000,0000000000000000)
01f8:trace:file:RtlGetFullPathName_U (L"C:\\windows\\system32\\kernelbase.dll" 520 00007FFFFE13F6E0 0000000000000000)
01f8:trace:file:RtlGetFullPathName_UEx (L"C:\\windows\\system32\\kernelbase.dll" 520 00007FFFFE13F6E0 0000000000000000 0000000000000000)
01f8:trace:file:RtlDosPathNameToNtPathName_U_WithStatus (L"C:\\windows\\system32\\kernelbase.dll",00007FFFFE13F7D0,0000000000000000,0000000000000000)
01f8:trace:file:RtlGetFullPathName_U (L"C:\\windows\\system32\\kernelbase.dll" 520 00007FFFFE13F390 0000000000000000)
01f8:trace:file:RtlGetFullPathName_UEx (L"C:\\windows\\system32\\kernelbase.dll" 520 00007FFFFE13F390 0000000000000000 0000000000000000)
01f8:trace:file:RtlDosPathNameToNtPathName_U_WithStatus (L"C:\\windows\\system32\\rsaenh.dll",00007FFFFE13ED60,0000000000000000,0000000000000000)
01f8:trace:file:RtlGetFullPathName_U (L"C:\\windows\\system32\\rsaenh.dll" 520 00007FFFFE13E920 0000000000000000)
01f8:trace:file:RtlGetFullPathName_UEx (L"C:\\windows\\system32\\rsaenh.dll" 520 00007FFFFE13E920 0000000000000000 0000000000000000)
01f8:trace:file:NtCreateFile handle=0x7ffffe13e978 access=80100000 name=L"\\??\\C:\\windows\\system32\\rsaenh.dll" objattr=00000040 root=(nil) sec=(nil) io=0x7ffffe13e980 alloc_size=(nil) attr=00000000 sharing=00000005 disp=1 options=00000060 ea=(nil).0x00000000
01f8:trace:file:get_nt_and_unix_names L"\\??\\C:\\windows\\system32\\rsaenh.dll" -> ret 0 nt L"\\??\\C:\\windows\\system32\\rsaenh.dll" unix "/home/asdf/projects/mastercam-wine/state/exp/CodeMeterProbe/prefix/dosdevices/c:/windows/system32/rsaenh.dll"
01f8:trace:file:NtFsControlFile (0x8c,(nil),(nil),(nil),0x7ffffe13e980,0x0009009c,(nil),0x00000000,0x7ffffe13e9c0,0x00000040)
01f8:trace:file:RtlDosPathNameToNtPathName_U_WithStatus (L"C:\\windows\\system32\\rsaenh.dll",00007FFFFE13EAA0,0000000000000000,0000000000000000)
01f8:trace:file:RtlGetFullPathName_U (L"C:\\windows\\system32\\rsaenh.dll" 520 00007FFFFE13E680 0000000000000000)
01f8:trace:file:RtlGetFullPathName_UEx (L"C:\\windows\\system32\\rsaenh.dll" 520 00007FFFFE13E680 0000000000000000 0000000000000000)
01f8:trace:file:RtlGetFullPathName_U (L"C:\\Program Files\\CodeMeter\\Runtime\\bin\\CodeMeter.exe" 520 00007FFFFE13F6F0 00007FFFFE13F6E8)
01f8:trace:file:RtlGetFullPathName_UEx (L"C:\\Program Files\\CodeMeter\\Runtime\\bin\\CodeMeter.exe" 520 00007FFFFE13F6F0 00007FFFFE13F6E8 0000000000000000)
01f8:trace:file:RtlGetFullPathName_U (L"C:\\Program Files\\CodeMeter\\Runtime\\bin\\CodeMeter.exe" 520 00007FFFFE13F340 00007FFFFE13F338)
01f8:trace:file:RtlGetFullPathName_UEx (L"C:\\Program Files\\CodeMeter\\Runtime\\bin\\CodeMeter.exe" 520 00007FFFFE13F340 00007FFFFE13F338 0000000000000000)
01f8:trace:file:CreateFileW L"C:\\Program Files\\CodeMeter\\Runtime\\bin\\CodeMeter.ini" FILE_SHARE_READ FILE_SHARE_WRITE FILE_SHARE_DELETE  creation 3 attributes 0x2200000
01f8:trace:file:RtlDosPathNameToNtPathName_U_WithStatus (L"C:\\Program Files\\CodeMeter\\Runtime\\bin\\CodeMeter.ini",00007FFFFE13ED40,0000000000000000,0000000000000000)
01f8:trace:file:RtlGetFullPathName_U (L"C:\\Program Files\\CodeMeter\\Runtime\\bin\\CodeMeter.ini" 520 00007FFFFE13E9E0 0000000000000000)
01f8:trace:file:RtlGetFullPathName_UEx (L"C:\\Program Files\\CodeMeter\\Runtime\\bin\\CodeMeter.ini" 520 00007FFFFE13E9E0 0000000000000000 0000000000000000)
01f8:trace:file:NtCreateFile handle=0x7ffffe13ed28 access=00100088 name=L"\\??\\C:\\Program Files\\CodeMeter\\Runtime\\bin\\CodeMeter.ini" objattr=00000040 root=(nil) sec=(nil) io=0x7ffffe13ed50 alloc_size=(nil) attr=00000000 sharing=00000007 disp=1 options=00204020 ea=(nil).0x00000000
01f8:trace:file:get_nt_and_unix_names L"\\??\\C:\\Program Files\\CodeMeter\\Runtime\\bin\\CodeMeter.ini" -> ret c0000034
01f8:warn:file:NtCreateFile L"\\??\\C:\\Program Files\\CodeMeter\\Runtime\\bin\\CodeMeter.ini" not found (c0000034)
01f8:warn:file:CreateFileW Unable to create file L"C:\\Program Files\\CodeMeter\\Runtime\\bin\\CodeMeter.ini" (status c0000034)
01f8:trace:file:CreateFileW returning FFFFFFFFFFFFFFFF
01f8:trace:file:RtlGetFullPathName_U (L"C:\\Program Files\\CodeMeter\\Runtime\\bin\\CodeMeter.exe" 520 00007FFFFE13EEB0 00007FFFFE13EEA8)
01f8:trace:file:RtlGetFullPathName_UEx (L"C:\\Program Files\\CodeMeter\\Runtime\\bin\\CodeMeter.exe" 520 00007FFFFE13EEB0 00007FFFFE13EEA8 0000000000000000)
01f8:trace:file:RtlDosPathNameToNtPathName_U_WithStatus (L"\\",00007FFFFE13EFC0,0000000000000000,0000000000000000)
01f8:trace:file:RtlGetFullPathName_U (L"\\" 520 00007FFFFE13ED00 0000000000000000)
01f8:trace:file:RtlGetFullPathName_UEx (L"\\" 520 00007FFFFE13ED00 0000000000000000 0000000000000000)
01f8:trace:file:NtCreateFile handle=0x7ffffe13f060 access=00100000 name=L"\\??\\C:\\" objattr=00000040 root=(nil) sec=(nil) io=0x7ffffe13efd0 alloc_size=(nil) attr=00000000 sharing=00000000 disp=1 options=00000021 ea=(nil).0x00000000
01f8:trace:file:get_nt_and_unix_names L"\\??\\C:\\" -> ret 0 nt L"\\??\\C:\\" unix "/home/asdf/projects/mastercam-wine/state/exp/CodeMeterProbe/prefix/dosdevices/c:/"
01f8:trace:file:RtlGetCurrentDirectory_U (520 00007FFFFE13EE10)
01f8:trace:file:CreateFileW L"\\\\.\\MountPointManager" GENERIC_READ FILE_SHARE_READ FILE_SHARE_WRITE  creation 3 attributes 0x0
01f8:trace:file:RtlDosPathNameToNtPathName_U_WithStatus (L"\\\\.\\MountPointManager",00007FFFFE13EB00,0000000000000000,0000000000000000)
01f8:trace:file:RtlGetFullPathName_U (L"\\\\.\\MountPointManager" 520 00007FFFFE13E7A0 0000000000000000)
01f8:trace:file:RtlGetFullPathName_UEx (L"\\\\.\\MountPointManager" 520 00007FFFFE13E7A0 0000000000000000 0000000000000000)
01f8:trace:file:NtCreateFile handle=0x7ffffe13eae8 access=80100080 name=L"\\??\\MountPointManager" objattr=00000040 root=(nil) sec=(nil) io=0x7ffffe13eb10 alloc_size=(nil) attr=00000000 sharing=00000003 disp=1 options=00000060 ea=(nil).0x00000000
01f8:trace:file:get_nt_and_unix_names L"\\??\\MountPointManager" -> ret c00000cb
01f8:trace:file:CreateFileW returning 00000000000000F0
01f8:trace:file:DeviceIoControl (00000000000000F0,6d4084,00007FFFFE13EDF0,32,00007FFFFE13EDF0,32,00007FFFFE13EE10,0000000000000000)
01f8:trace:file:NtDeviceIoControlFile (0xf0,(nil),(nil),(nil),0x7ffffe13ed50,0x006d4084,0x7ffffe13edf0,0x00000020,0x7ffffe13edf0,0x00000020)
01f8:trace:file:get_nt_and_unix_names L"\\??\\C:\\windows\\system32\\" -> ret 0 nt L"\\??\\C:\\windows\\system32" unix "/home/asdf/projects/mastercam-wine/state/exp/CodeMeterProbe/prefix/dosdevices/c:/windows/system32/"
01f8:trace:file:get_nt_and_unix_names L"\\??\\C:\\windows\\system32\\explorer.exe" -> ret 0 nt L"\\??\\C:\\windows\\system32\\explorer.exe" unix "/home/asdf/projects/mastercam-wine/state/exp/CodeMeterProbe/prefix/dosdevices/c:/windows/system32/explorer.exe"
0238:trace:file:get_nt_and_unix_names L"\\??\\C:\\windows\\system32\\explorer.exe" -> ret 0 nt L"\\??\\C:\\windows\\system32\\explorer.exe" unix "/home/asdf/projects/mastercam-wine/state/exp/CodeMeterProbe/prefix/dosdevices/c:/windows/system32/explorer.exe"
0238:trace:file:errno_to_status errno = 9
0238:trace:file:RtlGetCurrentDirectory_U (520 00007FFFFE23F550)
0238:trace:file:RtlDosPathNameToNtPathName_U_WithStatus (L"C:\\windows\\system32\\",00007FFFFE23F500,0000000000000000,0000000000000000)
0238:trace:file:RtlGetFullPathName_U (L"C:\\windows\\system32\\" 520 00007FFFFE23F250 0000000000000000)
0238:trace:file:RtlGetFullPathName_UEx (L"C:\\windows\\system32\\" 520 00007FFFFE23F250 0000000000000000 0000000000000000)
0238:trace:file:NtCreateFile handle=0x7ffffe23f4f0 access=00100020 name=L"\\??\\C:\\windows\\system32\\" objattr=00000040 root=(nil) sec=(nil) io=0x7ffffe23f510 alloc_size=(nil) attr=00000000 sharing=00000003 disp=1 options=00000021 ea=(nil).0x00000000
0238:trace:file:get_nt_and_unix_names L"\\??\\C:\\windows\\system32\\" -> ret 0 nt L"\\??\\C:\\windows\\system32" unix "/home/asdf/projects/mastercam-wine/state/exp/CodeMeterProbe/prefix/dosdevices/c:/windows/system32/"
0238:trace:file:RtlSetCurrentDirectory_U curdir now L"C:\\windows\\system32\\" 0000000000000014
0238:trace:file:RtlDosPathNameToNtPathName_U_WithStatus (L"C:\\windows\\system32\\explorer.exe",00007FFFFE23FA20,0000000000000000,0000000000000000)
0238:trace:file:RtlGetFullPathName_U (L"C:\\windows\\system32\\explorer.exe" 520 00007FFFFE23F720 0000000000000000)
0238:trace:file:RtlGetFullPathName_UEx (L"C:\\windows\\system32\\explorer.exe" 520 00007FFFFE23F720 0000000000000000 0000000000000000)
0238:trace:file:RtlDosPathNameToNtPathName_U_WithStatus (L"C:\\windows\\system32\\explorer.exe.config",00007FFFFE23F640,0000000000000000,0000000000000000)
0238:trace:file:RtlGetFullPathName_U (L"C:\\windows\\system32\\explorer.exe.config" 520 00007FFFFE23F2A0 0000000000000000)
0238:trace:file:RtlGetFullPathName_UEx (L"C:\\windows\\system32\\explorer.exe.config" 520 00007FFFFE23F2A0 0000000000000000 0000000000000000)
0238:trace:file:NtCreateFile handle=0x7ffffe23f610 access=80100000 name=L"\\??\\C:\\windows\\system32\\explorer.exe.config" objattr=00000040 root=(nil) sec=(nil) io=0x7ffffe23f670 alloc_size=(nil) attr=00000000 sharing=00000005 disp=1 options=00000010 ea=(nil).0x00000000
0238:trace:file:get_nt_and_unix_names L"\\??\\C:\\windows\\system32\\explorer.exe.config" -> ret c0000034
0238:warn:file:NtCreateFile L"\\??\\C:\\windows\\system32\\explorer.exe.config" not found (c0000034)
0238:trace:file:RtlDosPathNameToNtPathName_U_WithStatus (L"C:\\windows\\winsxs\\manifests",00007FFFFE23F5F0,0000000000000000,0000000000000000)
0238:trace:file:RtlGetFullPathName_U (L"C:\\windows\\winsxs\\manifests" 520 00007FFFFE23F2A0 0000000000000000)
0238:trace:file:RtlGetFullPathName_UEx (L"C:\\windows\\winsxs\\manifests" 520 00007FFFFE23F2A0 0000000000000000 0000000000000000)
0238:trace:file:NtCreateFile handle=0x7ffffe23f5d8 access=80100000 name=L"\\??\\C:\\windows\\winsxs\\manifests" objattr=00000040 root=(nil) sec=(nil) io=0x7ffffe23f600 alloc_size=(nil) attr=00000000 sharing=00000003 disp=1 options=00000021 ea=(nil).0x00000000
0238:trace:file:get_nt_and_unix_names L"\\??\\C:\\windows\\winsxs\\manifests" -> ret 0 nt L"\\??\\C:\\windows\\winsxs\\manifests" unix "/home/asdf/projects/mastercam-wine/state/exp/CodeMeterProbe/prefix/dosdevices/c:/windows/winsxs/manifests"
0238:trace:file:NtQueryDirectoryFile (0x1c (nil) (nil) (nil) 0x7ffffe23d4d0 0x7ffffe23d4e0 0x00002000 0x00000003 0x00000000 L"amd64_Microsoft.Windows.Common-Controls_6595b64144ccf1df_6.0.*.*_*_*.manifest" 0x00000001
0238:trace:file:append_entry long L"." short L"" mask L"amd64_Microsoft.Windows.Common-Controls_6595b64144ccf1df_6.0.*.*_*_*.manifest"
0238:trace:file:append_entry long L".." short L"" mask L"amd64_Microsoft.Windows.Common-Controls_6595b64144ccf1df_6.0.*.*_*_*.manifest"
0238:trace:file:append_entry long L"x86_microsoft.vc80.crt_1fc8b3b9a1e18e3b_8.0.50727.9672_none_deadbeef.manifest" short L"X86_~Z2Z.MAN" mask L"amd64_Microsoft.Windows.Common-Controls_6595b64144ccf1df_6.0.*.*_*_*.manifest"
0238:trace:file:append_entry long L"x86_microsoft.windows.gdiplus_6595b64144ccf1df_1.1.7601.23038_none_deadbeef.manifest" short L"X86_~XYY.MAN" mask L"amd64_Microsoft.Windows.Common-Controls_6595b64144ccf1df_6.0.*.*_*_*.manifest"
0238:trace:file:append_entry long L"amd64_microsoft.windows.common-controls_6595b64144ccf1df_6.0.2600.2982_none_deadbeef.manifest" short L"AMD6~C53.MAN" mask L"amd64_Microsoft.Windows.Common-Controls_6595b64144ccf1df_6.0.*.*_*_*.manifest"
0238:trace:file:append_entry long L"amd64_microsoft.vc90.atl_1fc8b3b9a1e18e3b_9.0.30729.6161_none_deadbeef.manifest" short L"AMD6~XLO.MAN" mask L"amd64_Microsoft.Windows.Common-Controls_6595b64144ccf1df_6.0.*.*_*_*.manifest"
0238:trace:file:append_entry long L"x86_microsoft.msxml2_6bd6b9abf345378f_4.1.0.0_none_deadbeef.manifest" short L"X86_~VOG.MAN" mask L"amd64_Microsoft.Windows.Common-Controls_6595b64144ccf1df_6.0.*.*_*_*.manifest"
0238:trace:file:append_entry long L"amd64_microsoft-windows-msxml60_31bf3856ad364e35_6.0.6000.16386_none_deadbeef.manifest" short L"AMD6~H2D.MAN" mask L"amd64_Microsoft.Windows.Common-Controls_6595b64144ccf1df_6.0.*.*_*_*.manifest"
0238:trace:file:append_entry long L"x86_microsoft.vc90.crt_1fc8b3b9a1e18e3b_9.0.30729.6161_none_deadbeef.manifest" short L"X86_~OPR.MAN" mask L"amd64_Microsoft.Windows.Common-Controls_6595b64144ccf1df_6.0.*.*_*_*.manifest"
0238:trace:file:append_entry long L"x86_microsoft-windows-msxml60_31bf3856ad364e35_6.0.6000.16386_none_deadbeef.manifest" short L"X86_~1FP.MAN" mask L"amd64_Microsoft.Windows.Common-Controls_6595b64144ccf1df_6.0.*.*_*_*.manifest"
0238:trace:file:append_entry long L"amd64_microsoft.msxml2_6bd6b9abf345378f_4.1.0.0_none_deadbeef.manifest" short L"AMD6~W3R.MAN" mask L"amd64_Microsoft.Windows.Common-Controls_6595b64144ccf1df_6.0.*.*_*_*.manifest"
0238:trace:file:append_entry long L"amd64_microsoft.vc80.atl_1fc8b3b9a1e18e3b_8.0.50727.4053_none_deadbeef.manifest" short L"AMD6~M04.MAN" mask L"amd64_Microsoft.Windows.Common-Controls_6595b64144ccf1df_6.0.*.*_*_*.manifest"
0238:trace:file:append_entry long L"amd64_microsoft.vc90.crt_1fc8b3b9a1e18e3b_9.0.30729.6161_none_deadbeef.manifest" short L"AMD6~UGD.MAN" mask L"amd64_Microsoft.Windows.Common-Controls_6595b64144ccf1df_6.0.*.*_*_*.manifest"
0238:trace:file:append_entry long L"amd64_microsoft-windows-msxml30_31bf3856ad364e35_6.0.6000.16386_none_deadbeef.manifest" short L"AMD6~GVO.MAN" mask L"amd64_Microsoft.Windows.Common-Controls_6595b64144ccf1df_6.0.*.*_*_*.manifest"
0238:trace:file:append_entry long L"x86_microsoft.vc80.atl_1fc8b3b9a1e18e3b_8.0.50727.4053_none_deadbeef.manifest" short L"X86_~WTM.MAN" mask L"amd64_Microsoft.Windows.Common-Controls_6595b64144ccf1df_6.0.*.*_*_*.manifest"
0238:trace:file:append_entry long L"amd64_microsoft.vc80.crt_1fc8b3b9a1e18e3b_8.0.50727.9672_none_deadbeef.manifest" short L"AMD6~DVL.MAN" mask L"amd64_Microsoft.Windows.Common-Controls_6595b64144ccf1df_6.0.*.*_*_*.manifest"
0238:trace:file:append_entry long L"amd64_microsoft.windows.gdiplus_6595b64144ccf1df_1.1.7601.23038_none_deadbeef.manifest" short L"AMD6~LBU.MAN" mask L"amd64_Microsoft.Windows.Common-Controls_6595b64144ccf1df_6.0.*.*_*_*.manifest"
0238:trace:file:append_entry long L"amd64_microsoft.windows.gdiplus_6595b64144ccf1df_1.0.6000.16386_none_deadbeef.manifest" short L"AMD6~SUM.MAN" mask L"amd64_Microsoft.Windows.Common-Controls_6595b64144ccf1df_6.0.*.*_*_*.manifest"
0238:trace:file:append_entry long L"x86_microsoft.windows.common-controls_6595b64144ccf1df_6.0.2600.2982_none_deadbeef.manifest" short L"X86_~KQS.MAN" mask L"amd64_Microsoft.Windows.Common-Controls_6595b64144ccf1df_6.0.*.*_*_*.manifest"
0238:trace:file:append_entry long L"x86_microsoft.vc90.atl_1fc8b3b9a1e18e3b_9.0.30729.6161_none_deadbeef.manifest" short L"X86_~NC2.MAN" mask L"amd64_Microsoft.Windows.Common-Controls_6595b64144ccf1df_6.0.*.*_*_*.manifest"
0238:trace:file:append_entry long L"x86_microsoft-windows-msxml30_31bf3856ad364e35_6.0.6000.16386_none_deadbeef.manifest" short L"X86_~0MC.MAN" mask L"amd64_Microsoft.Windows.Common-Controls_6595b64144ccf1df_6.0.*.*_*_*.manifest"
0238:trace:file:append_entry long L"x86_microsoft.windows.gdiplus_6595b64144ccf1df_1.0.6000.16386_none_deadbeef.manifest" short L"X86_~ONA.MAN" mask L"amd64_Microsoft.Windows.Common-Controls_6595b64144ccf1df_6.0.*.*_*_*.manifest"
0238:trace:file:init_cached_dir_data mask L"amd64_Microsoft.Windows.Common-Controls_6595b64144ccf1df_6.0.*.*_*_*.manifest" found 1 files
0238:trace:file:init_cached_dir_data L"amd64_microsoft.windows.common-controls_6595b64144ccf1df_6.0.2600.2982_none_deadbeef.manifest" L"AMD6~C53.MAN"
0238:trace:file:NtQueryDirectoryFile => 0 (280)
0238:trace:file:NtQueryDirectoryFile (0x1c (nil) (nil) (nil) 0x7ffffe23d4d0 0x7ffffe23d4e0 0x00002000 0x00000003 0x00000000 L"amd64_Microsoft.Windows.Common-Controls_6595b64144ccf1df_6.0.*.*_*_*.manifest" 0x00000000
0238:trace:file:NtQueryDirectoryFile => 80000006 (0)
0238:trace:file:NtCreateFile handle=0x7ffffe23f5d8 access=80100000 name=L"\\??\\C:\\windows\\winsxs\\manifests\\amd64_microsoft.windows.common-controls_6595b64144ccf1df_6.0.2600.2982_none_deadbeef.manifest" objattr=00000040 root=(nil) sec=(nil) io=0x7ffffe23f610 alloc_size=(nil) attr=00000000 sharing=00000005 disp=1 options=00000010 ea=(nil).0x00000000
0238:trace:file:get_nt_and_unix_names L"\\??\\C:\\windows\\winsxs\\manifests\\amd64_microsoft.windows.common-controls_6595b64144ccf1df_6.0.2600.2982_none_deadbeef.manifest" -> ret 0 nt L"\\??\\C:\\windows\\winsxs\\manifests\\amd64_microsoft.windows.common-controls_6595b64144ccf1df_6.0.2600.2982_none_deadbeef.manifest" unix "/home/asdf/projects/mastercam-wine/state/exp/CodeMeterProbe/prefix/dosdevices/c:/windows/winsxs/manifests/amd64_microsoft.windows.common-controls_6595b64144ccf1df_6.0.2600.2982_none_deadbeef.manifest"
0238:trace:file:NtQueryInformationFile (0x1c,0x7ffffe23f4b0,0x7ffffe23f480,0x00000008,0x00000014)
0238:trace:file:RtlDosPathNameToNtPathName_U_WithStatus (L"C:\\windows\\system32\\cryptbase.dll",00007FFFFE23EA70,0000000000000000,0000000000000000)
0238:trace:file:RtlGetFullPathName_U (L"C:\\windows\\system32\\cryptbase.dll" 520 00007FFFFE23E5A0 0000000000000000)
0238:trace:file:RtlGetFullPathName_UEx (L"C:\\windows\\system32\\cryptbase.dll" 520 00007FFFFE23E5A0 0000000000000000 0000000000000000)
0238:trace:file:NtCreateFile handle=0x7ffffe23e5f8 access=80100000 name=L"\\??\\C:\\windows\\system32\\cryptbase.dll" objattr=00000040 root=(nil) sec=(nil) io=0x7ffffe23e600 alloc_size=(nil) attr=00000000 sharing=00000005 disp=1 options=00000060 ea=(nil).0x00000000
0238:trace:file:get_nt_and_unix_names L"\\??\\C:\\windows\\system32\\cryptbase.dll" -> ret 0 nt L"\\??\\C:\\windows\\system32\\cryptbase.dll" unix "/home/asdf/projects/mastercam-wine/state/exp/CodeMeterProbe/prefix/dosdevices/c:/windows/system32/cryptbase.dll"
0238:trace:file:NtFsControlFile (0x20,(nil),(nil),(nil),0x7ffffe23e600,0x0009009c,(nil),0x00000000,0x7ffffe23e640,0x00000040)
0238:trace:file:GetFileAttributesW L"C:\\windows\\system32\\tzres.dll"
0238:trace:file:RtlDosPathNameToNtPathName_U_WithStatus (L"C:\\windows\\system32\\tzres.dll",00007FFFFE23EFF0,0000000000000000,0000000000000000)
0238:trace:file:RtlGetFullPathName_U (L"C:\\windows\\system32\\tzres.dll" 520 00007FFFFE23ED30 0000000000000000)
0238:trace:file:RtlGetFullPathName_UEx (L"C:\\windows\\system32\\tzres.dll" 520 00007FFFFE23ED30 0000000000000000 0000000000000000)
0238:trace:file:get_nt_and_unix_names L"\\??\\C:\\windows\\system32\\tzres.dll" -> ret 0 nt L"\\??\\C:\\windows\\system32\\tzres.dll" unix "/home/asdf/projects/mastercam-wine/state/exp/CodeMeterProbe/prefix/dosdevices/c:/windows/system32/tzres.dll"
0238:trace:file:RtlGetFullPathName_U (L"C:\\windows\\system32\\tzres.dll" 0 0000000000000000 0000000000000000)
0238:trace:file:RtlGetFullPathName_UEx (L"C:\\windows\\system32\\tzres.dll" 0 0000000000000000 0000000000000000 0000000000000000)
0238:trace:file:RtlGetFullPathName_U (L"C:\\windows\\system32\\tzres.dll" 60 00007FFFFE26AED0 0000000000000000)
0238:trace:file:RtlGetFullPathName_UEx (L"C:\\windows\\system32\\tzres.dll" 60 00007FFFFE26AED0 0000000000000000 0000000000000000)
0238:trace:file:RtlDosPathNameToNtPathName_U_WithStatus (L"C:\\windows\\system32\\tzres.dll",00007FFFFE23EF00,0000000000000000,0000000000000000)
0238:trace:file:RtlGetFullPathName_U (L"C:\\windows\\system32\\tzres.dll" 520 00007FFFFE23EAE0 0000000000000000)
0238:trace:file:RtlGetFullPathName_UEx (L"C:\\windows\\system32\\tzres.dll" 520 00007FFFFE23EAE0 0000000000000000 0000000000000000)
0238:trace:file:NtCreateFile handle=0x7ffffe23eb38 access=80100000 name=L"\\??\\C:\\windows\\system32\\tzres.dll" objattr=00000040 root=(nil) sec=(nil) io=0x7ffffe23eb40 alloc_size=(nil) attr=00000000 sharing=00000005 disp=1 options=00000060 ea=(nil).0x00000000
0238:trace:file:get_nt_and_unix_names L"\\??\\C:\\windows\\system32\\tzres.dll" -> ret 0 nt L"\\??\\C:\\windows\\system32\\tzres.dll" unix "/home/asdf/projects/mastercam-wine/state/exp/CodeMeterProbe/prefix/dosdevices/c:/windows/system32/tzres.dll"
0238:trace:file:NtFsControlFile (0x34,(nil),(nil),(nil),0x7ffffe23eb40,0x0009009c,(nil),0x00000000,0x7ffffe23eb80,0x00000040)
0238:trace:file:RtlDosPathNameToNtPathName_U_WithStatus (L"C:\\windows\\system32\\tzres.dll",00007FFFFE23EB70,0000000000000000,0000000000000000)
0238:trace:file:RtlGetFullPathName_U (L"C:\\windows\\system32\\tzres.dll" 520 00007FFFFE23E8F0 0000000000000000)
0238:trace:file:RtlGetFullPathName_UEx (L"C:\\windows\\system32\\tzres.dll" 520 00007FFFFE23E8F0 0000000000000000 0000000000000000)
0238:trace:file:get_nt_and_unix_names L"\\??\\C:\\windows\\system32\\tzres.dll" -> ret 0 nt L"\\??\\C:\\windows\\system32\\tzres.dll" unix "/home/asdf/projects/mastercam-wine/state/exp/CodeMeterProbe/prefix/dosdevices/c:/windows/system32/tzres.dll"
0238:trace:file:RtlGetFullPathName_U (L"C:\\windows\\system32\\tzres.dll" 520 00007FFFFE23ED70 0000000000000000)
0238:trace:file:RtlGetFullPathName_UEx (L"C:\\windows\\system32\\tzres.dll" 520 00007FFFFE23ED70 0000000000000000 0000000000000000)
0238:trace:file:CreateFileW L"C:\\windows\\system32\\tzres.dll" GENERIC_READ FILE_SHARE_READ FILE_SHARE_DELETE  creation 3 attributes 0x0
0238:trace:file:RtlDosPathNameToNtPathName_U_WithStatus (L"C:\\windows\\system32\\tzres.dll",00007FFFFE23EA80,0000000000000000,0000000000000000)
0238:trace:file:RtlGetFullPathName_U (L"C:\\windows\\system32\\tzres.dll" 520 00007FFFFE23E720 0000000000000000)
0238:trace:file:RtlGetFullPathName_UEx (L"C:\\windows\\system32\\tzres.dll" 520 00007FFFFE23E720 0000000000000000 0000000000000000)
0238:trace:file:NtCreateFile handle=0x7ffffe23ea68 access=80100080 name=L"\\??\\C:\\windows\\system32\\tzres.dll" objattr=00000040 root=(nil) sec=(nil) io=0x7ffffe23ea90 alloc_size=(nil) attr=00000000 sharing=00000005 disp=1 options=00000060 ea=(nil).0x00000000
0238:trace:file:get_nt_and_unix_names L"\\??\\C:\\windows\\system32\\tzres.dll" -> ret 0 nt L"\\??\\C:\\windows\\system32\\tzres.dll" unix "/home/asdf/projects/mastercam-wine/state/exp/CodeMeterProbe/prefix/dosdevices/c:/windows/system32/tzres.dll"
0238:trace:file:CreateFileW returning 0000000000000034
0238:trace:file:GetFileAttributesW L"C:\\windows\\system32\\tzres.dll"
0238:trace:file:RtlDosPathNameToNtPathName_U_WithStatus (L"C:\\windows\\system32\\tzres.dll",00007FFFFE23EFF0,0000000000000000,0000000000000000)
0238:trace:file:RtlGetFullPathName_U (L"C:\\windows\\system32\\tzres.dll" 520 00007FFFFE23ED30 0000000000000000)
0238:trace:file:RtlGetFullPathName_UEx (L"C:\\windows\\system32\\tzres.dll" 520 00007FFFFE23ED30 0000000000000000 0000000000000000)
0238:trace:file:get_nt_and_unix_names L"\\??\\C:\\windows\\system32\\tzres.dll" -> ret 0 nt L"\\??\\C:\\windows\\system32\\tzres.dll" unix "/home/asdf/projects/mastercam-wine/state/exp/CodeMeterProbe/prefix/dosdevices/c:/windows/system32/tzres.dll"
0238:trace:file:RtlGetFullPathName_U (L"C:\\windows\\system32\\tzres.dll" 0 0000000000000000 0000000000000000)
0238:trace:file:RtlGetFullPathName_UEx (L"C:\\windows\\system32\\tzres.dll" 0 0000000000000000 0000000000000000 0000000000000000)
0238:trace:file:RtlGetFullPathName_U (L"C:\\windows\\system32\\tzres.dll" 60 00007FFFFE26BCE0 0000000000000000)
0238:trace:file:RtlGetFullPathName_UEx (L"C:\\windows\\system32\\tzres.dll" 60 00007FFFFE26BCE0 0000000000000000 0000000000000000)
0238:trace:file:RtlDosPathNameToNtPathName_U_WithStatus (L"C:\\windows\\system32\\tzres.dll",00007FFFFE23EF00,0000000000000000,0000000000000000)
0238:trace:file:RtlGetFullPathName_U (L"C:\\windows\\system32\\tzres.dll" 520 00007FFFFE23EAE0 0000000000000000)
0238:trace:file:RtlGetFullPathName_UEx (L"C:\\windows\\system32\\tzres.dll" 520 00007FFFFE23EAE0 0000000000000000 0000000000000000)
0238:trace:file:NtCreateFile handle=0x7ffffe23eb38 access=80100000 name=L"\\??\\C:\\windows\\system32\\tzres.dll" objattr=00000040 root=(nil) sec=(nil) io=0x7ffffe23eb40 alloc_size=(nil) attr=00000000 sharing=00000005 disp=1 options=00000060 ea=(nil).0x00000000
0238:trace:file:get_nt_and_unix_names L"\\??\\C:\\windows\\system32\\tzres.dll" -> ret 0 nt L"\\??\\C:\\windows\\system32\\tzres.dll" unix "/home/asdf/projects/mastercam-wine/state/exp/CodeMeterProbe/prefix/dosdevices/c:/windows/system32/tzres.dll"
0238:trace:file:NtFsControlFile (0x34,(nil),(nil),(nil),0x7ffffe23eb40,0x0009009c,(nil),0x00000000,0x7ffffe23eb80,0x00000040)
0238:trace:file:RtlDosPathNameToNtPathName_U_WithStatus (L"C:\\windows\\system32\\tzres.dll",00007FFFFE23EB70,0000000000000000,0000000000000000)
0238:trace:file:RtlGetFullPathName_U (L"C:\\windows\\system32\\tzres.dll" 520 00007FFFFE23E8F0 0000000000000000)
0238:trace:file:RtlGetFullPathName_UEx (L"C:\\windows\\system32\\tzres.dll" 520 00007FFFFE23E8F0 0000000000000000 0000000000000000)
0238:trace:file:get_nt_and_unix_names L"\\??\\C:\\windows\\system32\\tzres.dll" -> ret 0 nt L"\\??\\C:\\windows\\system32\\tzres.dll" unix "/home/asdf/projects/mastercam-wine/state/exp/CodeMeterProbe/prefix/dosdevices/c:/windows/system32/tzres.dll"
0238:trace:file:RtlGetFullPathName_U (L"C:\\windows\\system32\\tzres.dll" 520 00007FFFFE23ED70 0000000000000000)
0238:trace:file:RtlGetFullPathName_UEx (L"C:\\windows\\system32\\tzres.dll" 520 00007FFFFE23ED70 0000000000000000 0000000000000000)
0238:trace:file:CreateFileW L"C:\\windows\\system32\\tzres.dll" GENERIC_READ FILE_SHARE_READ FILE_SHARE_DELETE  creation 3 attributes 0x0
0238:trace:file:RtlDosPathNameToNtPathName_U_WithStatus (L"C:\\windows\\system32\\tzres.dll",00007FFFFE23EA80,0000000000000000,0000000000000000)
0238:trace:file:RtlGetFullPathName_U (L"C:\\windows\\system32\\tzres.dll" 520 00007FFFFE23E720 0000000000000000)
0238:trace:file:RtlGetFullPathName_UEx (L"C:\\windows\\system32\\tzres.dll" 520 00007FFFFE23E720 0000000000000000 0000000000000000)
0238:trace:file:NtCreateFile handle=0x7ffffe23ea68 access=80100080 name=L"\\??\\C:\\windows\\system32\\tzres.dll" objattr=00000040 root=(nil) sec=(nil) io=0x7ffffe23ea90 alloc_size=(nil) attr=00000000 sharing=00000005 disp=1 options=00000060 ea=(nil).0x00000000
0238:trace:file:get_nt_and_unix_names L"\\??\\C:\\windows\\system32\\tzres.dll" -> ret 0 nt L"\\??\\C:\\windows\\system32\\tzres.dll" unix "/home/asdf/projects/mastercam-wine/state/exp/CodeMeterProbe/prefix/dosdevices/c:/windows/system32/tzres.dll"
0238:trace:file:CreateFileW returning 0000000000000034
0238:trace:file:get_nt_and_unix_names L"\\??\\C:\\windows\\fonts\\vgasys.fon" -> ret c000000f nt L"\\??\\C:\\windows\\fonts\\vgasys.fon" unix "/home/asdf/projects/mastercam-wine/state/exp/CodeMeterProbe/prefix/dosdevices/c:/windows/Fonts/vgasys.fon"
0238:trace:file:get_nt_and_unix_names L"\\??\\Z:\\home\\asdf\\projects\\resolume-wine\\wine-install\\share\\wine\\fonts\\vgasys.fon" -> ret 0 nt L"\\??\\Z:\\home\\asdf\\projects\\resolume-wine\\wine-install\\share\\wine\\fonts\\vgasys.fon" unix "/home/asdf/projects/mastercam-wine/state/exp/CodeMeterProbe/prefix/dosdevices/z:/home/asdf/projects/resolume-wine/wine-install/share/wine/fonts/vgasys.fon"
0238:trace:file:get_nt_and_unix_names L"\\??\\C:\\windows\\fonts\\vgaoem.fon" -> ret c000000f nt L"\\??\\C:\\windows\\fonts\\vgaoem.fon" unix "/home/asdf/projects/mastercam-wine/state/exp/CodeMeterProbe/prefix/dosdevices/c:/windows/Fonts/vgaoem.fon"
0238:trace:file:get_nt_and_unix_names L"\\??\\Z:\\home\\asdf\\projects\\resolume-wine\\wine-install\\share\\wine\\fonts\\vgaoem.fon" -> ret c000000f nt L"\\??\\Z:\\home\\asdf\\projects\\resolume-wine\\wine-install\\share\\wine\\fonts\\vgaoem.fon" unix "/home/asdf/projects/mastercam-wine/state/exp/CodeMeterProbe/prefix/dosdevices/z:/home/asdf/projects/resolume-wine/wine-install/share/wine/fonts/vgaoem.fon"
0238:trace:file:get_nt_and_unix_names L"\\??\\C:\\windows\\fonts\\vgafix.fon" -> ret c000000f nt L"\\??\\C:\\windows\\fonts\\vgafix.fon" unix "/home/asdf/projects/mastercam-wine/state/exp/CodeMeterProbe/prefix/dosdevices/c:/windows/Fonts/vgafix.fon"
0238:trace:file:get_nt_and_unix_names L"\\??\\Z:\\home\\asdf\\projects\\resolume-wine\\wine-install\\share\\wine\\fonts\\vgafix.fon" -> ret 0 nt L"\\??\\Z:\\home\\asdf\\projects\\resolume-wine\\wine-install\\share\\wine\\fonts\\vgafix.fon" unix "/home/asdf/projects/mastercam-wine/state/exp/CodeMeterProbe/prefix/dosdevices/z:/home/asdf/projects/resolume-wine/wine-install/share/wine/fonts/vgafix.fon"
0238:trace:file:NtCreateFile handle=0x7fffffdacba8 access=80100000 name=L"\\??\\C:\\windows\\fonts" objattr=00000040 root=(nil) sec=(nil) io=0x7fffffdacbb0 alloc_size=(nil) attr=00000000 sharing=00000003 disp=1 options=00004021 ea=(nil).0x00000000
0238:trace:file:get_nt_and_unix_names L"\\??\\C:\\windows\\fonts" -> ret 0 nt L"\\??\\C:\\windows\\fonts" unix "/home/asdf/projects/mastercam-wine/state/exp/CodeMeterProbe/prefix/dosdevices/c:/windows/Fonts"
0238:trace:file:NtQueryDirectoryFile (0x38 (nil) (nil) (nil) 0x7fffffdacbb0 0x7fffffdacc00 0x00002000 0x00000003 0x00000000 <null> 0x00000000
0238:trace:file:append_entry long L"." short L"" mask <null>
0238:trace:file:append_entry long L".." short L"" mask <null>
0238:trace:file:init_cached_dir_data mask <null> found 2 files
0238:trace:file:init_cached_dir_data L"." L""
0238:trace:file:init_cached_dir_data L".." L""
0238:trace:file:NtQueryDirectoryFile => 0 (194)
0238:trace:file:NtQueryDirectoryFile (0x38 (nil) (nil) (nil) 0x7fffffdacbb0 0x7fffffdacc00 0x00002000 0x00000003 0x00000000 <null> 0x00000000
0238:trace:file:NtQueryDirectoryFile => 80000006 (0)
0238:trace:file:NtCreateFile handle=0x7fffffdacba8 access=80100000 name=L"\\??\\Z:\\home\\asdf\\projects\\resolume-wine\\wine-install\\share\\wine\\fonts" objattr=00000040 root=(nil) sec=(nil) io=0x7fffffdacbb0 alloc_size=(nil) attr=00000000 sharing=00000003 disp=1 options=00004021 ea=(nil).0x00000000
0238:trace:file:get_nt_and_unix_names L"\\??\\Z:\\home\\asdf\\projects\\resolume-wine\\wine-install\\share\\wine\\fonts" -> ret 0 nt L"\\??\\Z:\\home\\asdf\\projects\\resolume-wine\\wine-install\\share\\wine\\fonts" unix "/home/asdf/projects/mastercam-wine/state/exp/CodeMeterProbe/prefix/dosdevices/z:/home/asdf/projects/resolume-wine/wine-install/share/wine/fonts"
0238:trace:file:NtQueryDirectoryFile (0x38 (nil) (nil) (nil) 0x7fffffdacbb0 0x7fffffdacc00 0x00002000 0x00000003 0x00000000 <null> 0x00000000
0238:trace:file:append_entry long L"." short L"" mask <null>
0238:trace:file:append_entry long L".." short L"" mask <null>
0238:trace:file:append_entry long L"sseriffg.fon" short L"" mask <null>
0238:trace:file:append_entry long L"smalle.fon" short L"" mask <null>
0238:trace:file:append_entry long L"smae1255.fon" short L"" mask <null>
0238:trace:file:append_entry long L"ssee1257.fon" short L"" mask <null>
0238:trace:file:append_entry long L"jvgasys.fon" short L"" mask <null>
0238:trace:file:append_entry long L"smae1256.fon" short L"" mask <null>
0238:trace:file:append_entry long L"vgasys.fon" short L"" mask <null>
0238:trace:file:append_entry long L"tahomabd.ttf" short L"" mask <null>
0238:trace:file:append_entry long L"sserifer.fon" short L"" mask <null>
0238:trace:file:append_entry long L"sserifft.fon" short L"" mask <null>
0238:trace:file:append_entry long L"svgasys.fon" short L"" mask <null>
0238:trace:file:append_entry long L"couret.fon" short L"" mask <null>
0238:trace:file:append_entry long L"jvgafix.fon" short L"" mask <null>
0238:trace:file:append_entry long L"vgasyst.fon" short L"" mask <null>
0238:trace:file:append_entry long L"sseriff.fon" short L"" mask <null>
0238:trace:file:append_entry long L"coue1257.fon" short L"" mask <null>
0238:trace:file:append_entry long L"coureg.fon" short L"" mask <null>
0238:trace:file:append_entry long L"coue1256.fon" short L"" mask <null>
0238:trace:file:append_entry long L"smaller.fon" short L"" mask <null>
0238:trace:file:append_entry long L"coure.fon" short L"" mask <null>
0238:trace:file:append_entry long L"sseriffe.fon" short L"" mask <null>
0238:trace:file:append_entry long L"vgasysg.fon" short L"" mask <null>
0238:trace:file:append_entry long L"jsmalle.fon" short L"" mask <null>
0238:trace:file:append_entry long L"sserifet.fon" short L"" mask <null>
0238:trace:file:append_entry long L"ssef1256.fon" short L"" mask <null>
0238:trace:file:append_entry long L"ssee1256.fon" short L"" mask <null>
0238:trace:file:append_entry long L"courer.fon" short L"" mask <null>
0238:trace:file:append_entry long L"smalleg.fon" short L"" mask <null>
0238:trace:file:append_entry long L"vgas874.fon" short L"" mask <null>
0238:trace:file:append_entry long L"ssef874.fon" short L"" mask <null>
0238:trace:file:append_entry long L"ssee1255.fon" short L"" mask <null>
0238:trace:file:append_entry long L"marlett.ttf" short L"" mask <null>
0238:trace:file:append_entry long L"ssee874.fon" short L"" mask <null>
0238:trace:file:append_entry long L"webdings.ttf" short L"" mask <null>
0238:trace:file:append_entry long L"vgas1256.fon" short L"" mask <null>
0238:trace:file:append_entry long L"symbol.ttf" short L"" mask <null>
0238:trace:file:append_entry long L"tahoma.ttf" short L"" mask <null>
0238:trace:file:append_entry long L"vgasyse.fon" short L"" mask <null>
0238:trace:file:append_entry long L"coue1255.fon" short L"" mask <null>
0238:trace:file:append_entry long L"sserifee.fon" short L"" mask <null>
0238:trace:file:append_entry long L"couree.fon" short L"" mask <null>
0238:trace:file:append_entry long L"hvgasys.fon" short L"" mask <null>
0238:trace:file:append_entry long L"vgas1255.fon" short L"" mask <null>
0238:trace:file:append_entry long L"smallee.fon" short L"" mask <null>
0238:trace:file:append_entry long L"vgasysr.fon" short L"" mask <null>
0238:trace:file:append_entry long L"smallet.fon" short L"" mask <null>
0238:trace:file:append_entry long L"ssef1257.fon" short L"" mask <null>
0238:trace:file:append_entry long L"cvgasys.fon" short L"" mask <null>
0238:trace:file:append_entry long L"vgas1257.fon" short L"" mask <null>
0238:trace:file:append_entry long L"ssef1255.fon" short L"" mask <null>
0238:trace:file:append_entry long L"wingding.ttf" short L"" mask <null>
0238:trace:file:append_entry long L"vgafix.fon" short L"" mask <null>
0238:trace:file:append_entry long L"sserifeg.fon" short L"" mask <null>
0238:trace:file:append_entry long L"sserife.fon" short L"" mask <null>
0238:trace:file:append_entry long L"sseriffr.fon" short L"" mask <null>
0238:trace:file:append_entry long L"smae1257.fon" short L"" mask <null>
0238:trace:file:init_cached_dir_data mask <null> found 58 files
0238:trace:file:init_cached_dir_data L"." L""
0238:trace:file:init_cached_dir_data L".." L""
0238:trace:file:init_cached_dir_data L"coue1255.fon" L""
0238:trace:file:init_cached_dir_data L"coue1256.fon" L""
0238:trace:file:init_cached_dir_data L"coue1257.fon" L""
0238:trace:file:init_cached_dir_data L"coure.fon" L""
0238:trace:file:init_cached_dir_data L"couree.fon" L""
0238:trace:file:init_cached_dir_data L"coureg.fon" L""
0238:trace:file:init_cached_dir_data L"courer.fon" L""
0238:trace:file:init_cached_dir_data L"couret.fon" L""
0238:trace:file:init_cached_dir_data L"cvgasys.fon" L""
0238:trace:file:init_cached_dir_data L"hvgasys.fon" L""
0238:trace:file:init_cached_dir_data L"jsmalle.fon" L""
0238:trace:file:init_cached_dir_data L"jvgafix.fon" L""
0238:trace:file:init_cached_dir_data L"jvgasys.fon" L""
0238:trace:file:init_cached_dir_data L"marlett.ttf" L""
0238:trace:file:init_cached_dir_data L"smae1255.fon" L""
0238:trace:file:init_cached_dir_data L"smae1256.fon" L""
0238:trace:file:init_cached_dir_data L"smae1257.fon" L""
0238:trace:file:init_cached_dir_data L"smalle.fon" L""
0238:trace:file:init_cached_dir_data L"smallee.fon" L""
0238:trace:file:init_cached_dir_data L"smalleg.fon" L""
0238:trace:file:init_cached_dir_data L"smaller.fon" L""
0238:trace:file:init_cached_dir_data L"smallet.fon" L""
0238:trace:file:init_cached_dir_data L"ssee1255.fon" L""
0238:trace:file:init_cached_dir_data L"ssee1256.fon" L""
0238:trace:file:init_cached_dir_data L"ssee1257.fon" L""
0238:trace:file:init_cached_dir_data L"ssee874.fon" L""
0238:trace:file:init_cached_dir_data L"ssef1255.fon" L""
0238:trace:file:init_cached_dir_data L"ssef1256.fon" L""
0238:trace:file:init_cached_dir_data L"ssef1257.fon" L""
0238:trace:file:init_cached_dir_data L"ssef874.fon" L""
0238:trace:file:init_cached_dir_data L"sserife.fon" L""
0238:trace:file:init_cached_dir_data L"sserifee.fon" L""
0238:trace:file:init_cached_dir_data L"sserifeg.fon" L""
0238:trace:file:init_cached_dir_data L"sserifer.fon" L""
0238:trace:file:init_cached_dir_data L"sserifet.fon" L""
0238:trace:file:init_cached_dir_data L"sseriff.fon" L""
0238:trace:file:init_cached_dir_data L"sseriffe.fon" L""
0238:trace:file:init_cached_dir_data L"sseriffg.fon" L""
0238:trace:file:init_cached_dir_data L"sseriffr.fon" L""
0238:trace:file:init_cached_dir_data L"sserifft.fon" L""
0238:trace:file:init_cached_dir_data L"svgasys.fon" L""
0238:trace:file:init_cached_dir_data L"symbol.ttf" L""
0238:trace:file:init_cached_dir_data L"tahoma.ttf" L""
0238:trace:file:init_cached_dir_data L"tahomabd.ttf" L""
0238:trace:file:init_cached_dir_data L"vgafix.fon" L""
0238:trace:file:init_cached_dir_data L"vgas1255.fon" L""
0238:trace:file:init_cached_dir_data L"vgas1256.fon" L""
0238:trace:file:init_cached_dir_data L"vgas1257.fon" L""
0238:trace:file:init_cached_dir_data L"vgas874.fon" L""
0238:trace:file:init_cached_dir_data L"vgasys.fon" L""
0238:trace:file:init_cached_dir_data L"vgasyse.fon" L""
0238:trace:file:init_cached_dir_data L"vgasysg.fon" L""
0238:trace:file:init_cached_dir_data L"vgasysr.fon" L""
0238:trace:file:init_cached_dir_data L"vgasyst.fon" L""
0238:trace:file:init_cached_dir_data L"webdings.ttf" L""
0238:trace:file:init_cached_dir_data L"wingding.ttf" L""
0238:trace:file:NtQueryDirectoryFile => 0 (6910)
0238:trace:file:get_nt_and_unix_names L"\\??\\Z:\\home\\asdf\\projects\\resolume-wine\\wine-install\\share\\wine\\fonts\\coue1255.fon" -> ret 0 nt L"\\??\\Z:\\home\\asdf\\projects\\resolume-wine\\wine-install\\share\\wine\\fonts\\coue1255.fon" unix "/home/asdf/projects/mastercam-wine/state/exp/CodeMeterProbe/prefix/dosdevices/z:/home/asdf/projects/resolume-wine/wine-install/share/wine/fonts/coue1255.fon"
0238:trace:file:get_nt_and_unix_names L"\\??\\Z:\\home\\asdf\\projects\\resolume-wine\\wine-install\\share\\wine\\fonts\\coue1256.fon" -> ret 0 nt L"\\??\\Z:\\home\\asdf\\projects\\resolume-wine\\wine-install\\share\\wine\\fonts\\coue1256.fon" unix "/home/asdf/projects/mastercam-wine/state/exp/CodeMeterProbe/prefix/dosdevices/z:/home/asdf/projects/resolume-wine/wine-install/share/wine/fonts/coue1256.fon"
0238:trace:file:get_nt_and_unix_names L"\\??\\Z:\\home\\asdf\\projects\\resolume-wine\\wine-install\\share\\wine\\fonts\\coue1257.fon" -> ret 0 nt L"\\??\\Z:\\home\\asdf\\projects\\resolume-wine\\wine-install\\share\\wine\\fonts\\coue1257.fon" unix "/home/asdf/projects/mastercam-wine/state/exp/CodeMeterProbe/prefix/dosdevices/z:/home/asdf/projects/resolume-wine/wine-install/share/wine/fonts/coue1257.fon"
0238:trace:file:get_nt_and_unix_names L"\\??\\Z:\\home\\asdf\\projects\\resolume-wine\\wine-install\\share\\wine\\fonts\\coure.fon" -> ret 0 nt L"\\??\\Z:\\home\\asdf\\projects\\resolume-wine\\wine-install\\share\\wine\\fonts\\coure.fon" unix "/home/asdf/projects/mastercam-wine/state/exp/CodeMeterProbe/prefix/dosdevices/z:/home/asdf/projects/resolume-wine/wine-install/share/wine/fonts/coure.fon"
0238:trace:file:get_nt_and_unix_names L"\\??\\Z:\\home\\asdf\\projects\\resolume-wine\\wine-install\\share\\wine\\fonts\\couree.fon" -> ret 0 nt L"\\??\\Z:\\home\\asdf\\projects\\resolume-wine\\wine-install\\share\\wine\\fonts\\couree.fon" unix "/home/asdf/projects/mastercam-wine/state/exp/CodeMeterProbe/prefix/dosdevices/z:/home/asdf/projects/resolume-wine/wine-install/share/wine/fonts/couree.fon"
0238:trace:file:get_nt_and_unix_names L"\\??\\Z:\\home\\asdf\\projects\\resolume-wine\\wine-install\\share\\wine\\fonts\\coureg.fon" -> ret 0 nt L"\\??\\Z:\\home\\asdf\\projects\\resolume-wine\\wine-install\\share\\wine\\fonts\\coureg.fon" unix "/home/asdf/projects/mastercam-wine/state/exp/CodeMeterProbe/prefix/dosdevices/z:/home/asdf/projects/resolume-wine/wine-install/share/wine/fonts/coureg.fon"
0238:trace:file:get_nt_and_unix_names L"\\??\\Z:\\home\\asdf\\projects\\resolume-wine\\wine-install\\share\\wine\\fonts\\courer.fon" -> ret 0 nt L"\\??\\Z:\\home\\asdf\\projects\\resolume-wine\\wine-install\\share\\wine\\fonts\\courer.fon" unix "/home/asdf/projects/mastercam-wine/state/exp/CodeMeterProbe/prefix/dosdevices/z:/home/asdf/projects/resolume-wine/wine-install/share/wine/fonts/courer.fon"
0238:trace:file:get_nt_and_unix_names L"\\??\\Z:\\home\\asdf\\projects\\resolume-wine\\wine-install\\share\\wine\\fonts\\couret.fon" -> ret 0 nt L"\\??\\Z:\\home\\asdf\\projects\\resolume-wine\\wine-install\\share\\wine\\fonts\\couret.fon" unix "/home/asdf/projects/mastercam-wine/state/exp/CodeMeterProbe/prefix/dosdevices/z:/home/asdf/projects/resolume-wine/wine-install/share/wine/fonts/couret.fon"
0238:trace:file:get_nt_and_unix_names L"\\??\\Z:\\home\\asdf\\projects\\resolume-wine\\wine-install\\share\\wine\\fonts\\cvgasys.fon" -> ret 0 nt L"\\??\\Z:\\home\\asdf\\projects\\resolume-wine\\wine-install\\share\\wine\\fonts\\cvgasys.fon" unix "/home/asdf/projects/mastercam-wine/state/exp/CodeMeterProbe/prefix/dosdevices/z:/home/asdf/projects/resolume-wine/wine-install/share/wine/fonts/cvgasys.fon"
0238:trace:file:get_nt_and_unix_names L"\\??\\Z:\\home\\asdf\\projects\\resolume-wine\\wine-install\\share\\wine\\fonts\\hvgasys.fon" -> ret 0 nt L"\\??\\Z:\\home\\asdf\\projects\\resolume-wine\\wine-install\\share\\wine\\fonts\\hvgasys.fon" unix "/home/asdf/projects/mastercam-wine/state/exp/CodeMeterProbe/prefix/dosdevices/z:/home/asdf/projects/resolume-wine/wine-install/share/wine/fonts/hvgasys.fon"
0238:trace:file:get_nt_and_unix_names L"\\??\\Z:\\home\\asdf\\projects\\resolume-wine\\wine-install\\share\\wine\\fonts\\jsmalle.fon" -> ret 0 nt L"\\??\\Z:\\home\\asdf\\projects\\resolume-wine\\wine-install\\share\\wine\\fonts\\jsmalle.fon" unix "/home/asdf/projects/mastercam-wine/state/exp/CodeMeterProbe/prefix/dosdevices/z:/home/asdf/projects/resolume-wine/wine-install/share/wine/fonts/jsmalle.fon"
0238:trace:file:get_nt_and_unix_names L"\\??\\Z:\\home\\asdf\\projects\\resolume-wine\\wine-install\\share\\wine\\fonts\\jvgafix.fon" -> ret 0 nt L"\\??\\Z:\\home\\asdf\\projects\\resolume-wine\\wine-install\\share\\wine\\fonts\\jvgafix.fon" unix "/home/asdf/projects/mastercam-wine/state/exp/CodeMeterProbe/prefix/dosdevices/z:/home/asdf/projects/resolume-wine/wine-install/share/wine/fonts/jvgafix.fon"
0238:trace:file:get_nt_and_unix_names L"\\??\\Z:\\home\\asdf\\projects\\resolume-wine\\wine-install\\share\\wine\\fonts\\jvgasys.fon" -> ret 0 nt L"\\??\\Z:\\home\\asdf\\projects\\resolume-wine\\wine-install\\share\\wine\\fonts\\jvgasys.fon" unix "/home/asdf/projects/mastercam-wine/state/exp/CodeMeterProbe/prefix/dosdevices/z:/home/asdf/projects/resolume-wine/wine-install/share/wine/fonts/jvgasys.fon"
0238:trace:file:get_nt_and_unix_names L"\\??\\Z:\\home\\asdf\\projects\\resolume-wine\\wine-install\\share\\wine\\fonts\\marlett.ttf" -> ret 0 nt L"\\??\\Z:\\home\\asdf\\projects\\resolume-wine\\wine-install\\share\\wine\\fonts\\marlett.ttf" unix "/home/asdf/projects/mastercam-wine/state/exp/CodeMeterProbe/prefix/dosdevices/z:/home/asdf/projects/resolume-wine/wine-install/share/wine/fonts/marlett.ttf"
0238:trace:file:get_nt_and_unix_names L"\\??\\Z:\\home\\asdf\\projects\\resolume-wine\\wine-install\\share\\wine\\fonts\\smae1255.fon" -> ret 0 nt L"\\??\\Z:\\home\\asdf\\projects\\resolume-wine\\wine-install\\share\\wine\\fonts\\smae1255.fon" unix "/home/asdf/projects/mastercam-wine/state/exp/CodeMeterProbe/prefix/dosdevices/z:/home/asdf/projects/resolume-wine/wine-install/share/wine/fonts/smae1255.fon"
0238:trace:file:get_nt_and_unix_names L"\\??\\Z:\\home\\asdf\\projects\\resolume-wine\\wine-install\\share\\wine\\fonts\\smae1256.fon" -> ret 0 nt L"\\??\\Z:\\home\\asdf\\projects\\resolume-wine\\wine-install\\share\\wine\\fonts\\smae1256.fon" unix "/home/asdf/projects/mastercam-wine/state/exp/CodeMeterProbe/prefix/dosdevices/z:/home/asdf/projects/resolume-wine/wine-install/share/wine/fonts/smae1256.fon"
0238:trace:file:get_nt_and_unix_names L"\\??\\Z:\\home\\asdf\\projects\\resolume-wine\\wine-install\\share\\wine\\fonts\\smae1257.fon" -> ret 0 nt L"\\??\\Z:\\home\\asdf\\projects\\resolume-wine\\wine-install\\share\\wine\\fonts\\smae1257.fon" unix "/home/asdf/projects/mastercam-wine/state/exp/CodeMeterProbe/prefix/dosdevices/z:/home/asdf/projects/resolume-wine/wine-install/share/wine/fonts/smae1257.fon"
0238:trace:file:get_nt_and_unix_names L"\\??\\Z:\\home\\asdf\\projects\\resolume-wine\\wine-install\\share\\wine\\fonts\\smalle.fon" -> ret 0 nt L"\\??\\Z:\\home\\asdf\\projects\\resolume-wine\\wine-install\\share\\wine\\fonts\\smalle.fon" unix "/home/asdf/projects/mastercam-wine/state/exp/CodeMeterProbe/prefix/dosdevices/z:/home/asdf/projects/resolume-wine/wine-install/share/wine/fonts/smalle.fon"
0238:trace:file:get_nt_and_unix_names L"\\??\\Z:\\home\\asdf\\projects\\resolume-wine\\wine-install\\share\\wine\\fonts\\smallee.fon" -> ret 0 nt L"\\??\\Z:\\home\\asdf\\projects\\resolume-wine\\wine-install\\share\\wine\\fonts\\smallee.fon" unix "/home/asdf/projects/mastercam-wine/state/exp/CodeMeterProbe/prefix/dosdevices/z:/home/asdf/projects/resolume-wine/wine-install/share/wine/fonts/smallee.fon"
0238:trace:file:get_nt_and_unix_names L"\\??\\Z:\\home\\asdf\\projects\\resolume-wine\\wine-install\\share\\wine\\fonts\\smalleg.fon" -> ret 0 nt L"\\??\\Z:\\home\\asdf\\projects\\resolume-wine\\wine-install\\share\\wine\\fonts\\smalleg.fon" unix "/home/asdf/projects/mastercam-wine/state/exp/CodeMeterProbe/prefix/dosdevices/z:/home/asdf/projects/resolume-wine/wine-install/share/wine/fonts/smalleg.fon"
0238:trace:file:get_nt_and_unix_names L"\\??\\Z:\\home\\asdf\\projects\\resolume-wine\\wine-install\\share\\wine\\fonts\\smaller.fon" -> ret 0 nt L"\\??\\Z:\\home\\asdf\\projects\\resolume-wine\\wine-install\\share\\wine\\fonts\\smaller.fon" unix "/home/asdf/projects/mastercam-wine/state/exp/CodeMeterProbe/prefix/dosdevices/z:/home/asdf/projects/resolume-wine/wine-install/share/wine/fonts/smaller.fon"
0238:trace:file:get_nt_and_unix_names L"\\??\\Z:\\home\\asdf\\projects\\resolume-wine\\wine-install\\share\\wine\\fonts\\smallet.fon" -> ret 0 nt L"\\??\\Z:\\home\\asdf\\projects\\resolume-wine\\wine-install\\share\\wine\\fonts\\smallet.fon" unix "/home/asdf/projects/mastercam-wine/state/exp/CodeMeterProbe/prefix/dosdevices/z:/home/asdf/projects/resolume-wine/wine-install/share/wine/fonts/smallet.fon"
0238:trace:file:get_nt_and_unix_names L"\\??\\Z:\\home\\asdf\\projects\\resolume-wine\\wine-install\\share\\wine\\fonts\\ssee1255.fon" -> ret 0 nt L"\\??\\Z:\\home\\asdf\\projects\\resolume-wine\\wine-install\\share\\wine\\fonts\\ssee1255.fon" unix "/home/asdf/projects/mastercam-wine/state/exp/CodeMeterProbe/prefix/dosdevices/z:/home/asdf/projects/resolume-wine/wine-install/share/wine/fonts/ssee1255.fon"
0238:trace:file:get_nt_and_unix_names L"\\??\\Z:\\home\\asdf\\projects\\resolume-wine\\wine-install\\share\\wine\\fonts\\ssee1256.fon" -> ret 0 nt L"\\??\\Z:\\home\\asdf\\projects\\resolume-wine\\wine-install\\share\\wine\\fonts\\ssee1256.fon" unix "/home/asdf/projects/mastercam-wine/state/exp/CodeMeterProbe/prefix/dosdevices/z:/home/asdf/projects/resolume-wine/wine-install/share/wine/fonts/ssee1256.fon"
0238:trace:file:get_nt_and_unix_names L"\\??\\Z:\\home\\asdf\\projects\\resolume-wine\\wine-install\\share\\wine\\fonts\\ssee1257.fon" -> ret 0 nt L"\\??\\Z:\\home\\asdf\\projects\\resolume-wine\\wine-install\\share\\wine\\fonts\\ssee1257.fon" unix "/home/asdf/projects/mastercam-wine/state/exp/CodeMeterProbe/prefix/dosdevices/z:/home/asdf/projects/resolume-wine/wine-install/share/wine/fonts/ssee1257.fon"
0238:trace:file:get_nt_and_unix_names L"\\??\\Z:\\home\\asdf\\projects\\resolume-wine\\wine-install\\share\\wine\\fonts\\ssee874.fon" -> ret 0 nt L"\\??\\Z:\\home\\asdf\\projects\\resolume-wine\\wine-install\\share\\wine\\fonts\\ssee874.fon" unix "/home/asdf/projects/mastercam-wine/state/exp/CodeMeterProbe/prefix/dosdevices/z:/home/asdf/projects/resolume-wine/wine-install/share/wine/fonts/ssee874.fon"
0238:trace:file:get_nt_and_unix_names L"\\??\\Z:\\home\\asdf\\projects\\resolume-wine\\wine-install\\share\\wine\\fonts\\ssef1255.fon" -> ret 0 nt L"\\??\\Z:\\home\\asdf\\projects\\resolume-wine\\wine-install\\share\\wine\\fonts\\ssef1255.fon" unix "/home/asdf/projects/mastercam-wine/state/exp/CodeMeterProbe/prefix/dosdevices/z:/home/asdf/projects/resolume-wine/wine-install/share/wine/fonts/ssef1255.fon"
0238:trace:file:get_nt_and_unix_names L"\\??\\Z:\\home\\asdf\\projects\\resolume-wine\\wine-install\\share\\wine\\fonts\\ssef1256.fon" -> ret 0 nt L"\\??\\Z:\\home\\asdf\\projects\\resolume-wine\\wine-install\\share\\wine\\fonts\\ssef1256.fon" unix "/home/asdf/projects/mastercam-wine/state/exp/CodeMeterProbe/prefix/dosdevices/z:/home/asdf/projects/resolume-wine/wine-install/share/wine/fonts/ssef1256.fon"
0238:trace:file:get_nt_and_unix_names L"\\??\\Z:\\home\\asdf\\projects\\resolume-wine\\wine-install\\share\\wine\\fonts\\ssef1257.fon" -> ret 0 nt L"\\??\\Z:\\home\\asdf\\projects\\resolume-wine\\wine-install\\share\\wine\\fonts\\ssef1257.fon" unix "/home/asdf/projects/mastercam-wine/state/exp/CodeMeterProbe/prefix/dosdevices/z:/home/asdf/projects/resolume-wine/wine-install/share/wine/fonts/ssef1257.fon"
0238:trace:file:get_nt_and_unix_names L"\\??\\Z:\\home\\asdf\\projects\\resolume-wine\\wine-install\\share\\wine\\fonts\\ssef874.fon" -> ret 0 nt L"\\??\\Z:\\home\\asdf\\projects\\resolume-wine\\wine-install\\share\\wine\\fonts\\ssef874.fon" unix "/home/asdf/projects/mastercam-wine/state/exp/CodeMeterProbe/prefix/dosdevices/z:/home/asdf/projects/resolume-wine/wine-install/share/wine/fonts/ssef874.fon"
0238:trace:file:get_nt_and_unix_names L"\\??\\Z:\\home\\asdf\\projects\\resolume-wine\\wine-install\\share\\wine\\fonts\\sserife.fon" -> ret 0 nt L"\\??\\Z:\\home\\asdf\\projects\\resolume-wine\\wine-install\\share\\wine\\fonts\\sserife.fon" unix "/home/asdf/projects/mastercam-wine/state/exp/CodeMeterProbe/prefix/dosdevices/z:/home/asdf/projects/resolume-wine/wine-install/share/wine/fonts/sserife.fon"
0238:trace:file:get_nt_and_unix_names L"\\??\\Z:\\home\\asdf\\projects\\resolume-wine\\wine-install\\share\\wine\\fonts\\sserifee.fon" -> ret 0 nt L"\\??\\Z:\\home\\asdf\\projects\\resolume-wine\\wine-install\\share\\wine\\fonts\\sserifee.fon" unix "/home/asdf/projects/mastercam-wine/state/exp/CodeMeterProbe/prefix/dosdevices/z:/home/asdf/projects/resolume-wine/wine-install/share/wine/fonts/sserifee.fon"
0238:trace:file:get_nt_and_unix_names L"\\??\\Z:\\home\\asdf\\projects\\resolume-wine\\wine-install\\share\\wine\\fonts\\sserifeg.fon" -> ret 0 nt L"\\??\\Z:\\home\\asdf\\projects\\resolume-wine\\wine-install\\share\\wine\\fonts\\sserifeg.fon" unix "/home/asdf/projects/mastercam-wine/state/exp/CodeMeterProbe/prefix/dosdevices/z:/home/asdf/projects/resolume-wine/wine-install/share/wine/fonts/sserifeg.fon"
0238:trace:file:get_nt_and_unix_names L"\\??\\Z:\\home\\asdf\\projects\\resolume-wine\\wine-install\\share\\wine\\fonts\\sserifer.fon" -> ret 0 nt L"\\??\\Z:\\home\\asdf\\projects\\resolume-wine\\wine-install\\share\\wine\\fonts\\sserifer.fon" unix "/home/asdf/projects/mastercam-wine/state/exp/CodeMeterProbe/prefix/dosdevices/z:/home/asdf/projects/resolume-wine/wine-install/share/wine/fonts/sserifer.fon"
0238:trace:file:get_nt_and_unix_names L"\\??\\Z:\\home\\asdf\\projects\\resolume-wine\\wine-install\\share\\wine\\fonts\\sserifet.fon" -> ret 0 nt L"\\??\\Z:\\home\\asdf\\projects\\resolume-wine\\wine-install\\share\\wine\\fonts\\sserifet.fon" unix "/home/asdf/projects/mastercam-wine/state/exp/CodeMeterProbe/prefix/dosdevices/z:/home/asdf/projects/resolume-wine/wine-install/share/wine/fonts/sserifet.fon"
0238:trace:file:get_nt_and_unix_names L"\\??\\Z:\\home\\asdf\\projects\\resolume-wine\\wine-install\\share\\wine\\fonts\\sseriff.fon" -> ret 0 nt L"\\??\\Z:\\home\\asdf\\projects\\resolume-wine\\wine-install\\share\\wine\\fonts\\sseriff.fon" unix "/home/asdf/projects/mastercam-wine/state/exp/CodeMeterProbe/prefix/dosdevices/z:/home/asdf/projects/resolume-wine/wine-install/share/wine/fonts/sseriff.fon"
0238:trace:file:get_nt_and_unix_names L"\\??\\Z:\\home\\asdf\\projects\\resolume-wine\\wine-install\\share\\wine\\fonts\\sseriffe.fon" -> ret 0 nt L"\\??\\Z:\\home\\asdf\\projects\\resolume-wine\\wine-install\\share\\wine\\fonts\\sseriffe.fon" unix "/home/asdf/projects/mastercam-wine/state/exp/CodeMeterProbe/prefix/dosdevices/z:/home/asdf/projects/resolume-wine/wine-install/share/wine/fonts/sseriffe.fon"
0238:trace:file:get_nt_and_unix_names L"\\??\\Z:\\home\\asdf\\projects\\resolume-wine\\wine-install\\share\\wine\\fonts\\sseriffg.fon" -> ret 0 nt L"\\??\\Z:\\home\\asdf\\projects\\resolume-wine\\wine-install\\share\\wine\\fonts\\sseriffg.fon" unix "/home/asdf/projects/mastercam-wine/state/exp/CodeMeterProbe/prefix/dosdevices/z:/home/asdf/projects/resolume-wine/wine-install/share/wine/fonts/sseriffg.fon"
0238:trace:file:get_nt_and_unix_names L"\\??\\Z:\\home\\asdf\\projects\\resolume-wine\\wine-install\\share\\wine\\fonts\\sseriffr.fon" -> ret 0 nt L"\\??\\Z:\\home\\asdf\\projects\\resolume-wine\\wine-install\\share\\wine\\fonts\\sseriffr.fon" unix "/home/asdf/projects/mastercam-wine/state/exp/CodeMeterProbe/prefix/dosdevices/z:/home/asdf/projects/resolume-wine/wine-install/share/wine/fonts/sseriffr.fon"
0238:trace:file:get_nt_and_unix_names L"\\??\\Z:\\home\\asdf\\projects\\resolume-wine\\wine-install\\share\\wine\\fonts\\sserifft.fon" -> ret 0 nt L"\\??\\Z:\\home\\asdf\\projects\\resolume-wine\\wine-install\\share\\wine\\fonts\\sserifft.fon" unix "/home/asdf/projects/mastercam-wine/state/exp/CodeMeterProbe/prefix/dosdevices/z:/home/asdf/projects/resolume-wine/wine-install/share/wine/fonts/sserifft.fon"
0238:trace:file:get_nt_and_unix_names L"\\??\\Z:\\home\\asdf\\projects\\resolume-wine\\wine-install\\share\\wine\\fonts\\svgasys.fon" -> ret 0 nt L"\\??\\Z:\\home\\asdf\\projects\\resolume-wine\\wine-install\\share\\wine\\fonts\\svgasys.fon" unix "/home/asdf/projects/mastercam-wine/state/exp/CodeMeterProbe/prefix/dosdevices/z:/home/asdf/projects/resolume-wine/wine-install/share/wine/fonts/svgasys.fon"
0238:trace:file:get_nt_and_unix_names L"\\??\\Z:\\home\\asdf\\projects\\resolume-wine\\wine-install\\share\\wine\\fonts\\symbol.ttf" -> ret 0 nt L"\\??\\Z:\\home\\asdf\\projects\\resolume-wine\\wine-install\\share\\wine\\fonts\\symbol.ttf" unix "/home/asdf/projects/mastercam-wine/state/exp/CodeMeterProbe/prefix/dosdevices/z:/home/asdf/projects/resolume-wine/wine-install/share/wine/fonts/symbol.ttf"
0238:trace:file:get_nt_and_unix_names L"\\??\\Z:\\home\\asdf\\projects\\resolume-wine\\wine-install\\share\\wine\\fonts\\tahoma.ttf" -> ret 0 nt L"\\??\\Z:\\home\\asdf\\projects\\resolume-wine\\wine-install\\share\\wine\\fonts\\tahoma.ttf" unix "/home/asdf/projects/mastercam-wine/state/exp/CodeMeterProbe/prefix/dosdevices/z:/home/asdf/projects/resolume-wine/wine-install/share/wine/fonts/tahoma.ttf"
0238:trace:file:get_nt_and_unix_names L"\\??\\Z:\\home\\asdf\\projects\\resolume-wine\\wine-install\\share\\wine\\fonts\\tahomabd.ttf" -> ret 0 nt L"\\??\\Z:\\home\\asdf\\projects\\resolume-wine\\wine-install\\share\\wine\\fonts\\tahomabd.ttf" unix "/home/asdf/projects/mastercam-wine/state/exp/CodeMeterProbe/prefix/dosdevices/z:/home/asdf/projects/resolume-wine/wine-install/share/wine/fonts/tahomabd.ttf"
0238:trace:file:get_nt_and_unix_names L"\\??\\Z:\\home\\asdf\\projects\\resolume-wine\\wine-install\\share\\wine\\fonts\\vgafix.fon" -> ret 0 nt L"\\??\\Z:\\home\\asdf\\projects\\resolume-wine\\wine-install\\share\\wine\\fonts\\vgafix.fon" unix "/home/asdf/projects/mastercam-wine/state/exp/CodeMeterProbe/prefix/dosdevices/z:/home/asdf/projects/resolume-wine/wine-install/share/wine/fonts/vgafix.fon"
0238:trace:file:get_nt_and_unix_names L"\\??\\Z:\\home\\asdf\\projects\\resolume-wine\\wine-install\\share\\wine\\fonts\\vgas1255.fon" -> ret 0 nt L"\\??\\Z:\\home\\asdf\\projects\\resolume-wine\\wine-install\\share\\wine\\fonts\\vgas1255.fon" unix "/home/asdf/projects/mastercam-wine/state/exp/CodeMeterProbe/prefix/dosdevices/z:/home/asdf/projects/resolume-wine/wine-install/share/wine/fonts/vgas1255.fon"
0238:trace:file:get_nt_and_unix_names L"\\??\\Z:\\home\\asdf\\projects\\resolume-wine\\wine-install\\share\\wine\\fonts\\vgas1256.fon" -> ret 0 nt L"\\??\\Z:\\home\\asdf\\projects\\resolume-wine\\wine-install\\share\\wine\\fonts\\vgas1256.fon" unix "/home/asdf/projects/mastercam-wine/state/exp/CodeMeterProbe/prefix/dosdevices/z:/home/asdf/projects/resolume-wine/wine-install/share/wine/fonts/vgas1256.fon"
0238:trace:file:get_nt_and_unix_names L"\\??\\Z:\\home\\asdf\\projects\\resolume-wine\\wine-install\\share\\wine\\fonts\\vgas1257.fon" -> ret 0 nt L"\\??\\Z:\\home\\asdf\\projects\\resolume-wine\\wine-install\\share\\wine\\fonts\\vgas1257.fon" unix "/home/asdf/projects/mastercam-wine/state/exp/CodeMeterProbe/prefix/dosdevices/z:/home/asdf/projects/resolume-wine/wine-install/share/wine/fonts/vgas1257.fon"
0238:trace:file:get_nt_and_unix_names L"\\??\\Z:\\home\\asdf\\projects\\resolume-wine\\wine-install\\share\\wine\\fonts\\vgas874.fon" -> ret 0 nt L"\\??\\Z:\\home\\asdf\\projects\\resolume-wine\\wine-install\\share\\wine\\fonts\\vgas874.fon" unix "/home/asdf/projects/mastercam-wine/state/exp/CodeMeterProbe/prefix/dosdevices/z:/home/asdf/projects/resolume-wine/wine-install/share/wine/fonts/vgas874.fon"
0238:trace:file:get_nt_and_unix_names L"\\??\\Z:\\home\\asdf\\projects\\resolume-wine\\wine-install\\share\\wine\\fonts\\vgasys.fon" -> ret 0 nt L"\\??\\Z:\\home\\asdf\\projects\\resolume-wine\\wine-install\\share\\wine\\fonts\\vgasys.fon" unix "/home/asdf/projects/mastercam-wine/state/exp/CodeMeterProbe/prefix/dosdevices/z:/home/asdf/projects/resolume-wine/wine-install/share/wine/fonts/vgasys.fon"
0238:trace:file:get_nt_and_unix_names L"\\??\\Z:\\home\\asdf\\projects\\resolume-wine\\wine-install\\share\\wine\\fonts\\vgasyse.fon" -> ret 0 nt L"\\??\\Z:\\home\\asdf\\projects\\resolume-wine\\wine-install\\share\\wine\\fonts\\vgasyse.fon" unix "/home/asdf/projects/mastercam-wine/state/exp/CodeMeterProbe/prefix/dosdevices/z:/home/asdf/projects/resolume-wine/wine-install/share/wine/fonts/vgasyse.fon"
0238:trace:file:get_nt_and_unix_names L"\\??\\Z:\\home\\asdf\\projects\\resolume-wine\\wine-install\\share\\wine\\fonts\\vgasysg.fon" -> ret 0 nt L"\\??\\Z:\\home\\asdf\\projects\\resolume-wine\\wine-install\\share\\wine\\fonts\\vgasysg.fon" unix "/home/asdf/projects/mastercam-wine/state/exp/CodeMeterProbe/prefix/dosdevices/z:/home/asdf/projects/resolume-wine/wine-install/share/wine/fonts/vgasysg.fon"
0238:trace:file:get_nt_and_unix_names L"\\??\\Z:\\home\\asdf\\projects\\resolume-wine\\wine-install\\share\\wine\\fonts\\vgasysr.fon" -> ret 0 nt L"\\??\\Z:\\home\\asdf\\projects\\resolume-wine\\wine-install\\share\\wine\\fonts\\vgasysr.fon" unix "/home/asdf/projects/mastercam-wine/state/exp/CodeMeterProbe/prefix/dosdevices/z:/home/asdf/projects/resolume-wine/wine-install/share/wine/fonts/vgasysr.fon"
0238:trace:file:get_nt_and_unix_names L"\\??\\Z:\\home\\asdf\\projects\\resolume-wine\\wine-install\\share\\wine\\fonts\\vgasyst.fon" -> ret 0 nt L"\\??\\Z:\\home\\asdf\\projects\\resolume-wine\\wine-install\\share\\wine\\fonts\\vgasyst.fon" unix "/home/asdf/projects/mastercam-wine/state/exp/CodeMeterProbe/prefix/dosdevices/z:/home/asdf/projects/resolume-wine/wine-install/share/wine/fonts/vgasyst.fon"
0238:trace:file:get_nt_and_unix_names L"\\??\\Z:\\home\\asdf\\projects\\resolume-wine\\wine-install\\share\\wine\\fonts\\webdings.ttf" -> ret 0 nt L"\\??\\Z:\\home\\asdf\\projects\\resolume-wine\\wine-install\\share\\wine\\fonts\\webdings.ttf" unix "/home/asdf/projects/mastercam-wine/state/exp/CodeMeterProbe/prefix/dosdevices/z:/home/asdf/projects/resolume-wine/wine-install/share/wine/fonts/webdings.ttf"
0238:trace:file:get_nt_and_unix_names L"\\??\\Z:\\home\\asdf\\projects\\resolume-wine\\wine-install\\share\\wine\\fonts\\wingding.ttf" -> ret 0 nt L"\\??\\Z:\\home\\asdf\\projects\\resolume-wine\\wine-install\\share\\wine\\fonts\\wingding.ttf" unix "/home/asdf/projects/mastercam-wine/state/exp/CodeMeterProbe/prefix/dosdevices/z:/home/asdf/projects/resolume-wine/wine-install/share/wine/fonts/wingding.ttf"
0238:trace:file:NtQueryDirectoryFile (0x38 (nil) (nil) (nil) 0x7fffffdacbb0 0x7fffffdacc00 0x00002000 0x00000003 0x00000000 <null> 0x00000000
0238:trace:file:NtQueryDirectoryFile => 80000006 (0)
0238:trace:file:get_nt_and_unix_names L"\\??\\C:\\windows\\fonts\\coure.fon" -> ret c000000f nt L"\\??\\C:\\windows\\fonts\\coure.fon" unix "/home/asdf/projects/mastercam-wine/state/exp/CodeMeterProbe/prefix/dosdevices/c:/windows/Fonts/coure.fon"
0238:trace:file:get_nt_and_unix_names L"\\??\\Z:\\home\\asdf\\projects\\resolume-wine\\wine-install\\share\\wine\\fonts\\coure.fon" -> ret 0 nt L"\\??\\Z:\\home\\asdf\\projects\\resolume-wine\\wine-install\\share\\wine\\fonts\\coure.fon" unix "/home/asdf/projects/mastercam-wine/state/exp/CodeMeterProbe/prefix/dosdevices/z:/home/asdf/projects/resolume-wine/wine-install/share/wine/fonts/coure.fon"
0238:trace:file:get_nt_and_unix_names L"\\??\\C:\\windows\\fonts\\sserife.fon" -> ret c000000f nt L"\\??\\C:\\windows\\fonts\\sserife.fon" unix "/home/asdf/projects/mastercam-wine/state/exp/CodeMeterProbe/prefix/dosdevices/c:/windows/Fonts/sserife.fon"
0238:trace:file:get_nt_and_unix_names L"\\??\\Z:\\home\\asdf\\projects\\resolume-wine\\wine-install\\share\\wine\\fonts\\sserife.fon" -> ret 0 nt L"\\??\\Z:\\home\\asdf\\projects\\resolume-wine\\wine-install\\share\\wine\\fonts\\sserife.fon" unix "/home/asdf/projects/mastercam-wine/state/exp/CodeMeterProbe/prefix/dosdevices/z:/home/asdf/projects/resolume-wine/wine-install/share/wine/fonts/sserife.fon"
0238:trace:file:get_nt_and_unix_names L"\\??\\C:\\windows\\fonts\\serife.fon" -> ret c000000f nt L"\\??\\C:\\windows\\fonts\\serife.fon" unix "/home/asdf/projects/mastercam-wine/state/exp/CodeMeterProbe/prefix/dosdevices/c:/windows/Fonts/serife.fon"
0238:trace:file:get_nt_and_unix_names L"\\??\\Z:\\home\\asdf\\projects\\resolume-wine\\wine-install\\share\\wine\\fonts\\serife.fon" -> ret c000000f nt L"\\??\\Z:\\home\\asdf\\projects\\resolume-wine\\wine-install\\share\\wine\\fonts\\serife.fon" unix "/home/asdf/projects/mastercam-wine/state/exp/CodeMeterProbe/prefix/dosdevices/z:/home/asdf/projects/resolume-wine/wine-install/share/wine/fonts/serife.fon"
0238:trace:file:get_nt_and_unix_names L"\\??\\Z:\\usr\\share\\fonts\\truetype\\noto\\NotoColorEmoji.ttf" -> ret 0 nt L"\\??\\Z:\\usr\\share\\fonts\\truetype\\noto\\NotoColorEmoji.ttf" unix "/home/asdf/projects/mastercam-wine/state/exp/CodeMeterProbe/prefix/dosdevices/z:/usr/share/fonts/truetype/noto/NotoColorEmoji.ttf"
0238:trace:file:get_nt_and_unix_names L"\\??\\C:\\windows\\fonts\\smalle.fon" -> ret c000000f nt L"\\??\\C:\\windows\\fonts\\smalle.fon" unix "/home/asdf/projects/mastercam-wine/state/exp/CodeMeterProbe/prefix/dosdevices/c:/windows/Fonts/smalle.fon"
0238:trace:file:get_nt_and_unix_names L"\\??\\Z:\\home\\asdf\\projects\\resolume-wine\\wine-install\\share\\wine\\fonts\\smalle.fon" -> ret 0 nt L"\\??\\Z:\\home\\asdf\\projects\\resolume-wine\\wine-install\\share\\wine\\fonts\\smalle.fon" unix "/home/asdf/projects/mastercam-wine/state/exp/CodeMeterProbe/prefix/dosdevices/z:/home/asdf/projects/resolume-wine/wine-install/share/wine/fonts/smalle.fon"
0238:trace:file:RtlDosPathNameToNtPathName_U_WithStatus (L"C:\\windows\\system32\\winemac.drv",00007FFFFE23EDE0,0000000000000000,0000000000000000)
0238:trace:file:RtlGetFullPathName_U (L"C:\\windows\\system32\\winemac.drv" 520 00007FFFFE23E910 0000000000000000)
0238:trace:file:RtlGetFullPathName_UEx (L"C:\\windows\\system32\\winemac.drv" 520 00007FFFFE23E910 0000000000000000 0000000000000000)
0238:trace:file:NtCreateFile handle=0x7ffffe23e968 access=80100000 name=L"\\??\\C:\\windows\\system32\\winemac.drv" objattr=00000040 root=(nil) sec=(nil) io=0x7ffffe23e970 alloc_size=(nil) attr=00000000 sharing=00000005 disp=1 options=00000060 ea=(nil).0x00000000
0238:trace:file:get_nt_and_unix_names L"\\??\\C:\\windows\\system32\\winemac.drv" -> ret c0000034
0238:warn:file:NtCreateFile L"\\??\\C:\\windows\\system32\\winemac.drv" not found (c0000034)
0238:trace:file:RtlDosPathNameToNtPathName_U_WithStatus (L"C:\\windows\\system32\\winemac.drv",00007FFFFE23EDE0,0000000000000000,0000000000000000)
0238:trace:file:RtlGetFullPathName_U (L"C:\\windows\\system32\\winemac.drv" 520 00007FFFFE23E910 0000000000000000)
0238:trace:file:RtlGetFullPathName_UEx (L"C:\\windows\\system32\\winemac.drv" 520 00007FFFFE23E910 0000000000000000 0000000000000000)
0238:trace:file:NtCreateFile handle=0x7ffffe23e968 access=80100000 name=L"\\??\\C:\\windows\\system32\\winemac.drv" objattr=00000040 root=(nil) sec=(nil) io=0x7ffffe23e970 alloc_size=(nil) attr=00000000 sharing=00000005 disp=1 options=00000060 ea=(nil).0x00000000
0238:trace:file:get_nt_and_unix_names L"\\??\\C:\\windows\\system32\\winemac.drv" -> ret c0000034
0238:warn:file:NtCreateFile L"\\??\\C:\\windows\\system32\\winemac.drv" not found (c0000034)
0238:trace:file:RtlDosPathNameToNtPathName_U_WithStatus (L"C:\\windows\\system\\winemac.drv",00007FFFFE23EDE0,0000000000000000,0000000000000000)
0238:trace:file:RtlGetFullPathName_U (L"C:\\windows\\system\\winemac.drv" 520 00007FFFFE23E910 0000000000000000)
0238:trace:file:RtlGetFullPathName_UEx (L"C:\\windows\\system\\winemac.drv" 520 00007FFFFE23E910 0000000000000000 0000000000000000)
0238:trace:file:NtCreateFile handle=0x7ffffe23e968 access=80100000 name=L"\\??\\C:\\windows\\system\\winemac.drv" objattr=00000040 root=(nil) sec=(nil) io=0x7ffffe23e970 alloc_size=(nil) attr=00000000 sharing=00000005 disp=1 options=00000060 ea=(nil).0x00000000
0238:trace:file:get_nt_and_unix_names L"\\??\\C:\\windows\\system\\winemac.drv" -> ret c0000034
0238:warn:file:NtCreateFile L"\\??\\C:\\windows\\system\\winemac.drv" not found (c0000034)
0238:trace:file:RtlDosPathNameToNtPathName_U_WithStatus (L"C:\\windows\\winemac.drv",00007FFFFE23EDE0,0000000000000000,0000000000000000)
0238:trace:file:RtlGetFullPathName_U (L"C:\\windows\\winemac.drv" 520 00007FFFFE23E910 0000000000000000)
0238:trace:file:RtlGetFullPathName_UEx (L"C:\\windows\\winemac.drv" 520 00007FFFFE23E910 0000000000000000 0000000000000000)
0238:trace:file:NtCreateFile handle=0x7ffffe23e968 access=80100000 name=L"\\??\\C:\\windows\\winemac.drv" objattr=00000040 root=(nil) sec=(nil) io=0x7ffffe23e970 alloc_size=(nil) attr=00000000 sharing=00000005 disp=1 options=00000060 ea=(nil).0x00000000
0238:trace:file:get_nt_and_unix_names L"\\??\\C:\\windows\\winemac.drv" -> ret c0000034
0238:warn:file:NtCreateFile L"\\??\\C:\\windows\\winemac.drv" not found (c0000034)
0238:trace:file:RtlDosPathNameToNtPathName_U_WithStatus (L".\\winemac.drv",00007FFFFE23EDE0,0000000000000000,0000000000000000)
0238:trace:file:RtlGetFullPathName_U (L".\\winemac.drv" 520 00007FFFFE23E910 0000000000000000)
0238:trace:file:RtlGetFullPathName_UEx (L".\\winemac.drv" 520 00007FFFFE23E910 0000000000000000 0000000000000000)
0238:trace:file:NtCreateFile handle=0x7ffffe23e968 access=80100000 name=L"\\??\\C:\\windows\\system32\\winemac.drv" objattr=00000040 root=(nil) sec=(nil) io=0x7ffffe23e970 alloc_size=(nil) attr=00000000 sharing=00000005 disp=1 options=00000060 ea=(nil).0x00000000
0238:trace:file:get_nt_and_unix_names L"\\??\\C:\\windows\\system32\\winemac.drv" -> ret c0000034
0238:warn:file:NtCreateFile L"\\??\\C:\\windows\\system32\\winemac.drv" not found (c0000034)
0238:trace:file:RtlDosPathNameToNtPathName_U_WithStatus (L"C:\\windows\\system32\\winemac.drv",00007FFFFE23EDE0,0000000000000000,0000000000000000)
0238:trace:file:RtlGetFullPathName_U (L"C:\\windows\\system32\\winemac.drv" 520 00007FFFFE23E910 0000000000000000)
0238:trace:file:RtlGetFullPathName_UEx (L"C:\\windows\\system32\\winemac.drv" 520 00007FFFFE23E910 0000000000000000 0000000000000000)
0238:trace:file:NtCreateFile handle=0x7ffffe23e968 access=80100000 name=L"\\??\\C:\\windows\\system32\\winemac.drv" objattr=00000040 root=(nil) sec=(nil) io=0x7ffffe23e970 alloc_size=(nil) attr=00000000 sharing=00000005 disp=1 options=00000060 ea=(nil).0x00000000
0238:trace:file:get_nt_and_unix_names L"\\??\\C:\\windows\\system32\\winemac.drv" -> ret c0000034
0238:warn:file:NtCreateFile L"\\??\\C:\\windows\\system32\\winemac.drv" not found (c0000034)
0238:trace:file:RtlDosPathNameToNtPathName_U_WithStatus (L"C:\\windows\\winemac.drv",00007FFFFE23EDE0,0000000000000000,0000000000000000)
0238:trace:file:RtlGetFullPathName_U (L"C:\\windows\\winemac.drv" 520 00007FFFFE23E910 0000000000000000)
0238:trace:file:RtlGetFullPathName_UEx (L"C:\\windows\\winemac.drv" 520 00007FFFFE23E910 0000000000000000 0000000000000000)
0238:trace:file:NtCreateFile handle=0x7ffffe23e968 access=80100000 name=L"\\??\\C:\\windows\\winemac.drv" objattr=00000040 root=(nil) sec=(nil) io=0x7ffffe23e970 alloc_size=(nil) attr=00000000 sharing=00000005 disp=1 options=00000060 ea=(nil).0x00000000
0238:trace:file:get_nt_and_unix_names L"\\??\\C:\\windows\\winemac.drv" -> ret c0000034
0238:warn:file:NtCreateFile L"\\??\\C:\\windows\\winemac.drv" not found (c0000034)
0238:trace:file:RtlDosPathNameToNtPathName_U_WithStatus (L"C:\\windows\\system32\\wbem\\winemac.drv",00007FFFFE23EDE0,0000000000000000,0000000000000000)
0238:trace:file:RtlGetFullPathName_U (L"C:\\windows\\system32\\wbem\\winemac.drv" 520 00007FFFFE23E910 0000000000000000)
0238:trace:file:RtlGetFullPathName_UEx (L"C:\\windows\\system32\\wbem\\winemac.drv" 520 00007FFFFE23E910 0000000000000000 0000000000000000)
0238:trace:file:NtCreateFile handle=0x7ffffe23e968 access=80100000 name=L"\\??\\C:\\windows\\system32\\wbem\\winemac.drv" objattr=00000040 root=(nil) sec=(nil) io=0x7ffffe23e970 alloc_size=(nil) attr=00000000 sharing=00000005 disp=1 options=00000060 ea=(nil).0x00000000
0238:trace:file:get_nt_and_unix_names L"\\??\\C:\\windows\\system32\\wbem\\winemac.drv" -> ret c0000034
0238:warn:file:NtCreateFile L"\\??\\C:\\windows\\system32\\wbem\\winemac.drv" not found (c0000034)
0238:trace:file:RtlDosPathNameToNtPathName_U_WithStatus (L"C:\\windows\\system32\\WindowsPowershell\\v1.0\\winemac.drv",00007FFFFE23EDE0,0000000000000000,0000000000000000)
0238:trace:file:RtlGetFullPathName_U (L"C:\\windows\\system32\\WindowsPowershell\\v1.0\\winemac.drv" 520 00007FFFFE23E910 0000000000000000)
0238:trace:file:RtlGetFullPathName_UEx (L"C:\\windows\\system32\\WindowsPowershell\\v1.0\\winemac.drv" 520 00007FFFFE23E910 0000000000000000 0000000000000000)
0238:trace:file:NtCreateFile handle=0x7ffffe23e968 access=80100000 name=L"\\??\\C:\\windows\\system32\\WindowsPowershell\\v1.0\\winemac.drv" objattr=00000040 root=(nil) sec=(nil) io=0x7ffffe23e970 alloc_size=(nil) attr=00000000 sharing=00000005 disp=1 options=00000060 ea=(nil).0x00000000
0238:trace:file:get_nt_and_unix_names L"\\??\\C:\\windows\\system32\\WindowsPowershell\\v1.0\\winemac.drv" -> ret c0000034
0238:warn:file:NtCreateFile L"\\??\\C:\\windows\\system32\\WindowsPowershell\\v1.0\\winemac.drv" not found (c0000034)
0238:trace:file:RtlDosPathNameToNtPathName_U_WithStatus (L"C:\\Program Files\\dotnet\\winemac.drv",00007FFFFE23EDE0,0000000000000000,0000000000000000)
0238:trace:file:RtlGetFullPathName_U (L"C:\\Program Files\\dotnet\\winemac.drv" 520 00007FFFFE23E910 0000000000000000)
0238:trace:file:RtlGetFullPathName_UEx (L"C:\\Program Files\\dotnet\\winemac.drv" 520 00007FFFFE23E910 0000000000000000 0000000000000000)
0238:trace:file:NtCreateFile handle=0x7ffffe23e968 access=80100000 name=L"\\??\\C:\\Program Files\\dotnet\\winemac.drv" objattr=00000040 root=(nil) sec=(nil) io=0x7ffffe23e970 alloc_size=(nil) attr=00000000 sharing=00000005 disp=1 options=00000060 ea=(nil).0x00000000
0238:trace:file:get_nt_and_unix_names L"\\??\\C:\\Program Files\\dotnet\\winemac.drv" -> ret c0000034
0238:warn:file:NtCreateFile L"\\??\\C:\\Program Files\\dotnet\\winemac.drv" not found (c0000034)
0238:trace:file:RtlDosPathNameToNtPathName_U_WithStatus (L"C:\\windows\\system32\\winex11.drv",00007FFFFE23EDE0,0000000000000000,0000000000000000)
0238:trace:file:RtlGetFullPathName_U (L"C:\\windows\\system32\\winex11.drv" 520 00007FFFFE23E910 0000000000000000)
0238:trace:file:RtlGetFullPathName_UEx (L"C:\\windows\\system32\\winex11.drv" 520 00007FFFFE23E910 0000000000000000 0000000000000000)
0238:trace:file:NtCreateFile handle=0x7ffffe23e968 access=80100000 name=L"\\??\\C:\\windows\\system32\\winex11.drv" objattr=00000040 root=(nil) sec=(nil) io=0x7ffffe23e970 alloc_size=(nil) attr=00000000 sharing=00000005 disp=1 options=00000060 ea=(nil).0x00000000
0238:trace:file:get_nt_and_unix_names L"\\??\\C:\\windows\\system32\\winex11.drv" -> ret 0 nt L"\\??\\C:\\windows\\system32\\winex11.drv" unix "/home/asdf/projects/mastercam-wine/state/exp/CodeMeterProbe/prefix/dosdevices/c:/windows/system32/winex11.drv"
0238:trace:file:NtFsControlFile (0x50,(nil),(nil),(nil),0x7ffffe23e970,0x0009009c,(nil),0x00000000,0x7ffffe23e9b0,0x00000040)
0238:trace:file:get_nt_and_unix_names L"\\??\\Z:\\home\\asdf\\projects\\resolume-wine\\wine-install\\share\\wine\\fonts\\vgasys.fon" -> ret 0 nt L"\\??\\Z:\\home\\asdf\\projects\\resolume-wine\\wine-install\\share\\wine\\fonts\\vgasys.fon" unix "/home/asdf/projects/mastercam-wine/state/exp/CodeMeterProbe/prefix/dosdevices/z:/home/asdf/projects/resolume-wine/wine-install/share/wine/fonts/vgasys.fon"
0238:trace:file:get_nt_and_unix_names L"\\??\\Z:\\home\\asdf\\projects\\resolume-wine\\wine-install\\share\\wine\\fonts\\vgasys.fon" -> ret 0 nt L"\\??\\Z:\\home\\asdf\\projects\\resolume-wine\\wine-install\\share\\wine\\fonts\\vgasys.fon" unix "/home/asdf/projects/mastercam-wine/state/exp/CodeMeterProbe/prefix/dosdevices/z:/home/asdf/projects/resolume-wine/wine-install/share/wine/fonts/vgasys.fon"
0238:trace:file:get_nt_and_unix_names L"\\??\\Z:\\home\\asdf\\projects\\resolume-wine\\wine-install\\share\\wine\\fonts\\tahomabd.ttf" -> ret 0 nt L"\\??\\Z:\\home\\asdf\\projects\\resolume-wine\\wine-install\\share\\wine\\fonts\\tahomabd.ttf" unix "/home/asdf/projects/mastercam-wine/state/exp/CodeMeterProbe/prefix/dosdevices/z:/home/asdf/projects/resolume-wine/wine-install/share/wine/fonts/tahomabd.ttf"
0238:trace:file:RtlDosPathNameToNtPathName_U_WithStatus (L"C:\\windows\\system32\\explorer.exe",00007FFFFE23E690,0000000000000000,0000000000000000)
0238:trace:file:RtlGetFullPathName_U (L"C:\\windows\\system32\\explorer.exe" 520 00007FFFFE23E270 0000000000000000)
0238:trace:file:RtlGetFullPathName_UEx (L"C:\\windows\\system32\\explorer.exe" 520 00007FFFFE23E270 0000000000000000 0000000000000000)
0238:trace:file:RtlDosPathNameToNtPathName_U_WithStatus (L"C:\\windows\\system32\\explorer.exe",00007FFFFE23E630,0000000000000000,0000000000000000)
0238:trace:file:RtlGetFullPathName_U (L"C:\\windows\\system32\\explorer.exe" 520 00007FFFFE23E210 0000000000000000)
0238:trace:file:RtlGetFullPathName_UEx (L"C:\\windows\\system32\\explorer.exe" 520 00007FFFFE23E210 0000000000000000 0000000000000000)
0238:trace:file:RtlDosPathNameToNtPathName_U_WithStatus (L"C:\\windows\\system32\\uxtheme.dll",00007FFFFE23E870,0000000000000000,0000000000000000)
0238:trace:file:RtlGetFullPathName_U (L"C:\\windows\\system32\\uxtheme.dll" 520 00007FFFFE23E3A0 0000000000000000)
0238:trace:file:RtlGetFullPathName_UEx (L"C:\\windows\\system32\\uxtheme.dll" 520 00007FFFFE23E3A0 0000000000000000 0000000000000000)
0238:trace:file:NtCreateFile handle=0x7ffffe23e3f8 access=80100000 name=L"\\??\\C:\\windows\\system32\\uxtheme.dll" objattr=00000040 root=(nil) sec=(nil) io=0x7ffffe23e400 alloc_size=(nil) attr=00000000 sharing=00000005 disp=1 options=00000060 ea=(nil).0x00000000
0238:trace:file:get_nt_and_unix_names L"\\??\\C:\\windows\\system32\\uxtheme.dll" -> ret 0 nt L"\\??\\C:\\windows\\system32\\uxtheme.dll" unix "/home/asdf/projects/mastercam-wine/state/exp/CodeMeterProbe/prefix/dosdevices/c:/windows/system32/uxtheme.dll"
0238:trace:file:NtFsControlFile (0x64,(nil),(nil),(nil),0x7ffffe23e400,0x0009009c,(nil),0x00000000,0x7ffffe23e440,0x00000040)
0238:trace:file:RtlDosPathNameToNtPathName_U_WithStatus (L"C:\\windows\\resources\\themes\\aero\\aero.msstyles",00007FFFFE23E350,0000000000000000,0000000000000000)
0238:trace:file:RtlGetFullPathName_U (L"C:\\windows\\resources\\themes\\aero\\aero.msstyles" 520 00007FFFFE23DF30 0000000000000000)
0238:trace:file:RtlGetFullPathName_UEx (L"C:\\windows\\resources\\themes\\aero\\aero.msstyles" 520 00007FFFFE23DF30 0000000000000000 0000000000000000)
0238:trace:file:NtCreateFile handle=0x7ffffe23df88 access=80100000 name=L"\\??\\C:\\windows\\resources\\themes\\aero\\aero.msstyles" objattr=00000040 root=(nil) sec=(nil) io=0x7ffffe23df90 alloc_size=(nil) attr=00000000 sharing=00000005 disp=1 options=00000060 ea=(nil).0x00000000
0238:trace:file:get_nt_and_unix_names L"\\??\\C:\\windows\\resources\\themes\\aero\\aero.msstyles" -> ret 0 nt L"\\??\\C:\\windows\\resources\\themes\\aero\\aero.msstyles" unix "/home/asdf/projects/mastercam-wine/state/exp/CodeMeterProbe/prefix/dosdevices/c:/windows/resources/themes/aero/aero.msstyles"
0238:trace:file:NtFsControlFile (0x64,(nil),(nil),(nil),0x7ffffe23df90,0x0009009c,(nil),0x00000000,0x7ffffe23dfd0,0x00000040)
0238:trace:file:RtlDosPathNameToNtPathName_U_WithStatus (L"C:\\windows\\resources\\themes\\aero\\aero.msstyles",00007FFFFE23DFC0,0000000000000000,0000000000000000)
0238:trace:file:RtlGetFullPathName_U (L"C:\\windows\\resources\\themes\\aero\\aero.msstyles" 520 00007FFFFE23DD40 0000000000000000)
0238:trace:file:RtlGetFullPathName_UEx (L"C:\\windows\\resources\\themes\\aero\\aero.msstyles" 520 00007FFFFE23DD40 0000000000000000 0000000000000000)
0238:trace:file:get_nt_and_unix_names L"\\??\\C:\\windows\\resources\\themes\\aero\\aero.msstyles" -> ret 0 nt L"\\??\\C:\\windows\\resources\\themes\\aero\\aero.msstyles" unix "/home/asdf/projects/mastercam-wine/state/exp/CodeMeterProbe/prefix/dosdevices/c:/windows/resources/themes/aero/aero.msstyles"
0238:trace:file:RtlGetFullPathName_U (L"C:\\windows\\resources\\themes\\aero\\aero.msstyles" 520 00007FFFFE23E1C0 0000000000000000)
0238:trace:file:RtlGetFullPathName_UEx (L"C:\\windows\\resources\\themes\\aero\\aero.msstyles" 520 00007FFFFE23E1C0 0000000000000000 0000000000000000)
0238:trace:file:CreateFileW L"C:\\windows\\resources\\themes\\aero\\aero.msstyles" GENERIC_READ FILE_SHARE_READ FILE_SHARE_DELETE  creation 3 attributes 0x0
0238:trace:file:RtlDosPathNameToNtPathName_U_WithStatus (L"C:\\windows\\resources\\themes\\aero\\aero.msstyles",00007FFFFE23DED0,0000000000000000,0000000000000000)
0238:trace:file:RtlGetFullPathName_U (L"C:\\windows\\resources\\themes\\aero\\aero.msstyles" 520 00007FFFFE23DB70 0000000000000000)
0238:trace:file:RtlGetFullPathName_UEx (L"C:\\windows\\resources\\themes\\aero\\aero.msstyles" 520 00007FFFFE23DB70 0000000000000000 0000000000000000)
0238:trace:file:NtCreateFile handle=0x7ffffe23deb8 access=80100080 name=L"\\??\\C:\\windows\\resources\\themes\\aero\\aero.msstyles" objattr=00000040 root=(nil) sec=(nil) io=0x7ffffe23dee0 alloc_size=(nil) attr=00000000 sharing=00000005 disp=1 options=00000060 ea=(nil).0x00000000
0238:trace:file:get_nt_and_unix_names L"\\??\\C:\\windows\\resources\\themes\\aero\\aero.msstyles" -> ret 0 nt L"\\??\\C:\\windows\\resources\\themes\\aero\\aero.msstyles" unix "/home/asdf/projects/mastercam-wine/state/exp/CodeMeterProbe/prefix/dosdevices/c:/windows/resources/themes/aero/aero.msstyles"
0238:trace:file:CreateFileW returning 0000000000000064
0238:trace:file:RtlGetFullPathName_U (L"C:\\windows\\resources\\themes\\aero\\aero.msstyles" 520 00007FFFFE821440 0000000000000000)
0238:trace:file:RtlGetFullPathName_UEx (L"C:\\windows\\resources\\themes\\aero\\aero.msstyles" 520 00007FFFFE821440 0000000000000000 0000000000000000)
0238:trace:file:get_nt_and_unix_names L"\\??\\Z:\\home\\asdf\\projects\\resolume-wine\\wine-install\\share\\wine\\fonts\\tahoma.ttf" -> ret 0 nt L"\\??\\Z:\\home\\asdf\\projects\\resolume-wine\\wine-install\\share\\wine\\fonts\\tahoma.ttf" unix "/home/asdf/projects/mastercam-wine/state/exp/CodeMeterProbe/prefix/dosdevices/z:/home/asdf/projects/resolume-wine/wine-install/share/wine/fonts/tahoma.ttf"
0238:trace:file:get_nt_and_unix_names L"\\??\\Z:\\home\\asdf\\projects\\resolume-wine\\wine-install\\share\\wine\\fonts\\tahoma.ttf" -> ret 0 nt L"\\??\\Z:\\home\\asdf\\projects\\resolume-wine\\wine-install\\share\\wine\\fonts\\tahoma.ttf" unix "/home/asdf/projects/mastercam-wine/state/exp/CodeMeterProbe/prefix/dosdevices/z:/home/asdf/projects/resolume-wine/wine-install/share/wine/fonts/tahoma.ttf"
0238:trace:file:get_nt_and_unix_names L"\\??\\Z:\\home\\asdf\\projects\\resolume-wine\\wine-install\\share\\wine\\fonts\\tahomabd.ttf" -> ret 0 nt L"\\??\\Z:\\home\\asdf\\projects\\resolume-wine\\wine-install\\share\\wine\\fonts\\tahomabd.ttf" unix "/home/asdf/projects/mastercam-wine/state/exp/CodeMeterProbe/prefix/dosdevices/z:/home/asdf/projects/resolume-wine/wine-install/share/wine/fonts/tahomabd.ttf"
0238:trace:file:get_nt_and_unix_names L"\\??\\Z:\\home\\asdf\\projects\\resolume-wine\\wine-install\\share\\wine\\fonts\\tahomabd.ttf" -> ret 0 nt L"\\??\\Z:\\home\\asdf\\projects\\resolume-wine\\wine-install\\share\\wine\\fonts\\tahomabd.ttf" unix "/home/asdf/projects/mastercam-wine/state/exp/CodeMeterProbe/prefix/dosdevices/z:/home/asdf/projects/resolume-wine/wine-install/share/wine/fonts/tahomabd.ttf"
0238:trace:file:get_nt_and_unix_names L"\\??\\Z:\\home\\asdf\\projects\\resolume-wine\\wine-install\\share\\wine\\fonts\\tahoma.ttf" -> ret 0 nt L"\\??\\Z:\\home\\asdf\\projects\\resolume-wine\\wine-install\\share\\wine\\fonts\\tahoma.ttf" unix "/home/asdf/projects/mastercam-wine/state/exp/CodeMeterProbe/prefix/dosdevices/z:/home/asdf/projects/resolume-wine/wine-install/share/wine/fonts/tahoma.ttf"
0238:trace:file:get_nt_and_unix_names L"\\??\\Z:\\home\\asdf\\projects\\resolume-wine\\wine-install\\share\\wine\\fonts\\tahoma.ttf" -> ret 0 nt L"\\??\\Z:\\home\\asdf\\projects\\resolume-wine\\wine-install\\share\\wine\\fonts\\tahoma.ttf" unix "/home/asdf/projects/mastercam-wine/state/exp/CodeMeterProbe/prefix/dosdevices/z:/home/asdf/projects/resolume-wine/wine-install/share/wine/fonts/tahoma.ttf"
0238:trace:file:get_nt_and_unix_names L"\\??\\Z:\\home\\asdf\\projects\\resolume-wine\\wine-install\\share\\wine\\fonts\\tahoma.ttf" -> ret 0 nt L"\\??\\Z:\\home\\asdf\\projects\\resolume-wine\\wine-install\\share\\wine\\fonts\\tahoma.ttf" unix "/home/asdf/projects/mastercam-wine/state/exp/CodeMeterProbe/prefix/dosdevices/z:/home/asdf/projects/resolume-wine/wine-install/share/wine/fonts/tahoma.ttf"
0238:trace:file:get_nt_and_unix_names L"\\??\\Z:\\home\\asdf\\projects\\resolume-wine\\wine-install\\share\\wine\\fonts\\tahoma.ttf" -> ret 0 nt L"\\??\\Z:\\home\\asdf\\projects\\resolume-wine\\wine-install\\share\\wine\\fonts\\tahoma.ttf" unix "/home/asdf/projects/mastercam-wine/state/exp/CodeMeterProbe/prefix/dosdevices/z:/home/asdf/projects/resolume-wine/wine-install/share/wine/fonts/tahoma.ttf"
0238:trace:file:GetFileAttributesW L"C:\\users\\asdf\\Desktop"
0238:trace:file:RtlDosPathNameToNtPathName_U_WithStatus (L"C:\\users\\asdf\\Desktop",00007FFFFE23E790,0000000000000000,0000000000000000)
0238:trace:file:RtlGetFullPathName_U (L"C:\\users\\asdf\\Desktop" 520 00007FFFFE23E4D0 0000000000000000)
0238:trace:file:RtlGetFullPathName_UEx (L"C:\\users\\asdf\\Desktop" 520 00007FFFFE23E4D0 0000000000000000 0000000000000000)
0238:trace:file:get_nt_and_unix_names L"\\??\\C:\\users\\asdf\\Desktop" -> ret 0 nt L"\\??\\C:\\users\\asdf\\Desktop" unix "/home/asdf/projects/mastercam-wine/state/exp/CodeMeterProbe/prefix/dosdevices/c:/users/asdf/Desktop"
0238:trace:file:RtlDosPathNameToNtPathName_U_WithStatus (L"\\\\.\\pipe\\lrpc\\\\pipe\\OLE_0000023400000238",00007FFFFE23E530,0000000000000000,0000000000000000)
0238:trace:file:RtlGetFullPathName_U (L"\\\\.\\pipe\\lrpc\\\\pipe\\OLE_0000023400000238" 520 00007FFFFE23E220 0000000000000000)
0238:trace:file:RtlGetFullPathName_UEx (L"\\\\.\\pipe\\lrpc\\\\pipe\\OLE_0000023400000238" 520 00007FFFFE23E220 0000000000000000 0000000000000000)
0238:trace:file:NtCreateNamedPipeFile (0x7ffffe23e520 c0100000 L"\\??\\pipe\\lrpc\\pipe\\OLE_0000023400000238" 0x7ffffe23e540 3 3 0 1 1 0 -1 5840 5840 0x7ffffe23e528)
0238:trace:file:RtlDosPathNameToNtPathName_U_WithStatus (L"C:\\windows\\system32\\ole32.dll",00007FFFFE23E460,0000000000000000,0000000000000000)
0238:trace:file:RtlGetFullPathName_U (L"C:\\windows\\system32\\ole32.dll" 520 00007FFFFE23E020 0000000000000000)
0238:trace:file:RtlGetFullPathName_UEx (L"C:\\windows\\system32\\ole32.dll" 520 00007FFFFE23E020 0000000000000000 0000000000000000)
0244:trace:file:NtFsControlFile (0x94,0xa8,(nil),(nil),0x7ffffe84f488,0x00110008,(nil),0x00000000,(nil),0x00000000)
0238:trace:file:RtlDosPathNameToNtPathName_U_WithStatus (L"C:\\windows\\system32\\actxprxy.dll",00007FFFFE23E500,0000000000000000,0000000000000000)
0238:trace:file:RtlGetFullPathName_U (L"C:\\windows\\system32\\actxprxy.dll" 520 00007FFFFE23E0C0 0000000000000000)
0238:trace:file:RtlGetFullPathName_UEx (L"C:\\windows\\system32\\actxprxy.dll" 520 00007FFFFE23E0C0 0000000000000000 0000000000000000)
0238:trace:file:NtCreateFile handle=0x7ffffe23e118 access=80100000 name=L"\\??\\C:\\windows\\system32\\actxprxy.dll" objattr=00000040 root=(nil) sec=(nil) io=0x7ffffe23e120 alloc_size=(nil) attr=00000000 sharing=00000005 disp=1 options=00000060 ea=(nil).0x00000000
0238:trace:file:get_nt_and_unix_names L"\\??\\C:\\windows\\system32\\actxprxy.dll" -> ret 0 nt L"\\??\\C:\\windows\\system32\\actxprxy.dll" unix "/home/asdf/projects/mastercam-wine/state/exp/CodeMeterProbe/prefix/dosdevices/c:/windows/system32/actxprxy.dll"
0238:trace:file:NtFsControlFile (0xac,(nil),(nil),(nil),0x7ffffe23e120,0x0009009c,(nil),0x00000000,0x7ffffe23e160,0x00000040)
0238:trace:file:CreateFileW L"\\\\.\\pipe\\lrpc\\irpcss" GENERIC_READ GENERIC_WRITE  creation 3 attributes 0x40000000
0238:trace:file:RtlDosPathNameToNtPathName_U_WithStatus (L"\\\\.\\pipe\\lrpc\\irpcss",00007FFFFE23D190,0000000000000000,0000000000000000)
0238:trace:file:RtlGetFullPathName_U (L"\\\\.\\pipe\\lrpc\\irpcss" 520 00007FFFFE23CE30 0000000000000000)
0238:trace:file:RtlGetFullPathName_UEx (L"\\\\.\\pipe\\lrpc\\irpcss" 520 00007FFFFE23CE30 0000000000000000 0000000000000000)
0238:trace:file:NtCreateFile handle=0x7ffffe23d178 access=c0100080 name=L"\\??\\pipe\\lrpc\\irpcss" objattr=00000040 root=(nil) sec=(nil) io=0x7ffffe23d1a0 alloc_size=(nil) attr=00000000 sharing=00000000 disp=1 options=00000040 ea=(nil).0x00000000
0238:trace:file:get_nt_and_unix_names L"\\??\\pipe\\lrpc\\irpcss" -> ret c00000cb
0238:warn:file:CreateFileW Unable to create file L"\\\\.\\pipe\\lrpc\\irpcss" (status c0000034)
0238:trace:file:CreateFileW returning FFFFFFFFFFFFFFFF
0238:trace:file:RtlDosPathNameToNtPathName_U_WithStatus (L"\\\\.\\pipe\\lrpc\\irpcss",00007FFFFE23D140,0000000000000000,0000000000000000)
0238:trace:file:RtlGetFullPathName_U (L"\\\\.\\pipe\\lrpc\\irpcss" 520 00007FFFFE23CE50 0000000000000000)
0238:trace:file:RtlGetFullPathName_UEx (L"\\\\.\\pipe\\lrpc\\irpcss" 520 00007FFFFE23CE50 0000000000000000 0000000000000000)
0238:trace:file:NtCreateFile handle=0x7ffffe23d138 access=00100080 name=L"\\??\\pipe\\" objattr=00000040 root=(nil) sec=(nil) io=0x7ffffe23d160 alloc_size=(nil) attr=00000000 sharing=00000003 disp=1 options=00000020 ea=(nil).0x00000000
0238:trace:file:get_nt_and_unix_names L"\\??\\pipe\\" -> ret c00000cb
0238:trace:file:NtFsControlFile (0xac,(nil),(nil),(nil),0x7ffffe23d160,0x00110018,0x7ffffe850d10,0x00000024,(nil),0x00000000)
0238:trace:file:CreateFileW L"\\\\.\\pipe\\svcctl" GENERIC_READ GENERIC_WRITE  creation 3 attributes 0x40000000
0238:trace:file:RtlDosPathNameToNtPathName_U_WithStatus (L"\\\\.\\pipe\\svcctl",00007FFFFE23CF40,0000000000000000,0000000000000000)
0238:trace:file:RtlGetFullPathName_U (L"\\\\.\\pipe\\svcctl" 520 00007FFFFE23CBE0 0000000000000000)
0238:trace:file:RtlGetFullPathName_UEx (L"\\\\.\\pipe\\svcctl" 520 00007FFFFE23CBE0 0000000000000000 0000000000000000)
0238:trace:file:NtCreateFile handle=0x7ffffe23cf28 access=c0100080 name=L"\\??\\pipe\\svcctl" objattr=00000040 root=(nil) sec=(nil) io=0x7ffffe23cf50 alloc_size=(nil) attr=00000000 sharing=00000000 disp=1 options=00000040 ea=(nil).0x00000000
0238:trace:file:get_nt_and_unix_names L"\\??\\pipe\\svcctl" -> ret c00000cb
0238:trace:file:CreateFileW returning 00000000000000AC
0238:trace:file:NtSetInformationFile (0xac,0x7ffffe23d1b0,0x7ffffe23d1a8,0x00000008,0x00000017)
0238:trace:file:NtWriteFile (0xac,0xb0,(nil),(nil),0x7ffffe23d140,0x7ffffe26c3c0,0x00000048,(nil),(nil))
0238:trace:file:NtReadFile (0xac,0xb0,(nil),(nil),0x7ffffe851448,0x7ffffe23d180,0x00000010,(nil),(nil))
0238:trace:file:NtReadFile (0xac,0xb0,(nil),(nil),0x7ffffe851448,0x7ffffe850e40,0x00000008,(nil),(nil))
0238:trace:file:NtReadFile (0xac,0xb0,(nil),(nil),0x7ffffe851448,0x7ffffe84ee30,0x0000002c,(nil),(nil))
0238:trace:file:NtWriteFile (0xac,0xb0,(nil),(nil),0x7ffffe23d2a0,0x7ffffe850e60,0x00000024,(nil),(nil))
0238:trace:file:NtReadFile (0xac,0xb0,(nil),(nil),0x7ffffe851448,0x7ffffe23d330,0x00000010,(nil),(nil))
0238:trace:file:NtReadFile (0xac,0xb0,(nil),(nil),0x7ffffe851448,0x7ffffe850e40,0x00000008,(nil),(nil))
0238:trace:file:NtReadFile (0xac,0xb0,(nil),(nil),0x7ffffe851448,0x7ffffe850e60,0x00000018,(nil),(nil))
0238:trace:file:NtWriteFile (0xac,0xb0,(nil),(nil),0x7ffffe23d2a0,0x7ffffe26c370,0x00000048,(nil),(nil))
0238:trace:file:NtReadFile (0xac,0xb0,(nil),(nil),0x7ffffe851448,0x7ffffe23d330,0x00000010,(nil),(nil))
0238:trace:file:NtReadFile (0xac,0xb0,(nil),(nil),0x7ffffe851448,0x7ffffe850ea0,0x00000008,(nil),(nil))
0238:trace:file:NtReadFile (0xac,0xb0,(nil),(nil),0x7ffffe851448,0x7ffffe850ec0,0x00000018,(nil),(nil))
0238:trace:file:NtWriteFile (0xac,0xb0,(nil),(nil),0x7ffffe23d2b0,0x7ffffe84eeb0,0x00000034,(nil),(nil))
0238:trace:file:NtReadFile (0xac,0xb0,(nil),(nil),0x7ffffe851448,0x7ffffe23d340,0x00000010,(nil),(nil))
0238:trace:file:NtReadFile (0xac,0xb0,(nil),(nil),0x7ffffe851448,0x7ffffe850f60,0x00000008,(nil),(nil))
0238:trace:file:NtReadFile (0xac,0xb0,(nil),(nil),0x7ffffe851448,0x7ffffe850f80,0x00000004,(nil),(nil))
0238:trace:file:NtWriteFile (0xac,0xb0,(nil),(nil),0x7ffffe23d290,0x7ffffe84eeb0,0x00000034,(nil),(nil))
0238:trace:file:NtReadFile (0xac,0xb0,(nil),(nil),0x7ffffe851448,0x7ffffe23d320,0x00000010,(nil),(nil))
0238:trace:file:NtReadFile (0xac,0xb0,(nil),(nil),0x7ffffe851448,0x7ffffe850f60,0x00000008,(nil),(nil))
0238:trace:file:NtReadFile (0xac,0xb0,(nil),(nil),0x7ffffe851448,0x7ffffe84eeb0,0x00000030,(nil),(nil))
0238:trace:file:NtWriteFile (0xac,0xb0,(nil),(nil),0x7ffffe23d2d0,0x7ffffe84eeb0,0x0000002c,(nil),(nil))
0238:trace:file:NtReadFile (0xac,0xb0,(nil),(nil),0x7ffffe851448,0x7ffffe23d360,0x00000010,(nil),(nil))
0238:trace:file:NtReadFile (0xac,0xb0,(nil),(nil),0x7ffffe851448,0x7ffffe850f60,0x00000008,(nil),(nil))
0238:trace:file:NtReadFile (0xac,0xb0,(nil),(nil),0x7ffffe851448,0x7ffffe850f80,0x00000018,(nil),(nil))
0238:trace:file:NtWriteFile (0xac,0xb0,(nil),(nil),0x7ffffe23d2d0,0x7ffffe84ee70,0x0000002c,(nil),(nil))
0238:trace:file:NtReadFile (0xac,0xb0,(nil),(nil),0x7ffffe851448,0x7ffffe23d360,0x00000010,(nil),(nil))
0238:trace:file:NtReadFile (0xac,0xb0,(nil),(nil),0x7ffffe851448,0x7ffffe850ed0,0x00000008,(nil),(nil))
0238:trace:file:NtReadFile (0xac,0xb0,(nil),(nil),0x7ffffe851448,0x7ffffe850ef0,0x00000018,(nil),(nil))
0238:trace:file:CreateFileW L"\\\\.\\pipe\\lrpc\\irpcss" GENERIC_READ GENERIC_WRITE  creation 3 attributes 0x40000000
0238:trace:file:RtlDosPathNameToNtPathName_U_WithStatus (L"\\\\.\\pipe\\lrpc\\irpcss",00007FFFFE23D190,0000000000000000,0000000000000000)
0238:trace:file:RtlGetFullPathName_U (L"\\\\.\\pipe\\lrpc\\irpcss" 520 00007FFFFE23CE30 0000000000000000)
0238:trace:file:RtlGetFullPathName_UEx (L"\\\\.\\pipe\\lrpc\\irpcss" 520 00007FFFFE23CE30 0000000000000000 0000000000000000)
0238:trace:file:NtCreateFile handle=0x7ffffe23d178 access=c0100080 name=L"\\??\\pipe\\lrpc\\irpcss" objattr=00000040 root=(nil) sec=(nil) io=0x7ffffe23d1a0 alloc_size=(nil) attr=00000000 sharing=00000000 disp=1 options=00000040 ea=(nil).0x00000000
0238:trace:file:get_nt_and_unix_names L"\\??\\pipe\\lrpc\\irpcss" -> ret c00000cb
0238:trace:file:CreateFileW returning 00000000000000B4
0238:trace:file:NtSetInformationFile (0xb4,0x7ffffe23d400,0x7ffffe23d3f8,0x00000008,0x00000017)
0238:trace:file:NtWriteFile (0xb4,0xb8,(nil),(nil),0x7ffffe23d390,0x7ffffe26c3c0,0x00000048,(nil),(nil))
0238:trace:file:NtReadFile (0xb4,0xb8,(nil),(nil),0x7ffffe8515d8,0x7ffffe23d3d0,0x00000010,(nil),(nil))
0238:trace:file:NtReadFile (0xb4,0xb8,(nil),(nil),0x7ffffe8515d8,0x7ffffe850e70,0x00000008,(nil),(nil))
0238:trace:file:NtReadFile (0xb4,0xb8,(nil),(nil),0x7ffffe8515d8,0x7ffffe850e90,0x00000028,(nil),(nil))
0238:trace:file:NtWriteFile (0xb4,0xb8,(nil),(nil),0x7ffffe23d4f0,0x7ffffe851600,0x0000007c,(nil),(nil))
0238:trace:file:NtReadFile (0xb4,0xb8,(nil),(nil),0x7ffffe8515d8,0x7ffffe23d580,0x00000010,(nil),(nil))
0238:trace:file:NtReadFile (0xb4,0xb8,(nil),(nil),0x7ffffe8515d8,0x7ffffe850e70,0x00000008,(nil),(nil))
0238:trace:file:NtReadFile (0xb4,0xb8,(nil),(nil),0x7ffffe8515d8,0x7ffffe850e90,0x00000008,(nil),(nil))
01f8:trace:file:RtlDosPathNameToNtPathName_U_WithStatus (L"c:\\windows\\system32\\winex11.drv",00007FFFFE13E6E0,0000000000000000,0000000000000000)
01f8:trace:file:RtlGetFullPathName_U (L"c:\\windows\\system32\\winex11.drv" 520 00007FFFFE13E210 0000000000000000)
01f8:trace:file:RtlGetFullPathName_UEx (L"c:\\windows\\system32\\winex11.drv" 520 00007FFFFE13E210 0000000000000000 0000000000000000)
01f8:trace:file:NtCreateFile handle=0x7ffffe13e268 access=80100000 name=L"\\??\\c:\\windows\\system32\\winex11.drv" objattr=00000040 root=(nil) sec=(nil) io=0x7ffffe13e270 alloc_size=(nil) attr=00000000 sharing=00000005 disp=1 options=00000060 ea=(nil).0x00000000
01f8:trace:file:get_nt_and_unix_names L"\\??\\c:\\windows\\system32\\winex11.drv" -> ret 0 nt L"\\??\\c:\\windows\\system32\\winex11.drv" unix "/home/asdf/projects/mastercam-wine/state/exp/CodeMeterProbe/prefix/dosdevices/c:/windows/system32/winex11.drv"
01f8:trace:file:NtFsControlFile (0x100,(nil),(nil),(nil),0x7ffffe13e270,0x0009009c,(nil),0x00000000,0x7ffffe13e2b0,0x00000040)
01f8:trace:file:RtlDosPathNameToNtPathName_U_WithStatus (L"c:\\windows\\system32\\winex11.drv",00007FFFFE13E420,0000000000000000,0000000000000000)
01f8:trace:file:RtlGetFullPathName_U (L"c:\\windows\\system32\\winex11.drv" 520 00007FFFFE13E000 0000000000000000)
01f8:trace:file:RtlGetFullPathName_UEx (L"c:\\windows\\system32\\winex11.drv" 520 00007FFFFE13E000 0000000000000000 0000000000000000)
01f8:trace:file:get_nt_and_unix_names L"\\??\\Z:\\home\\asdf\\projects\\resolume-wine\\wine-install\\share\\wine\\fonts\\vgasys.fon" -> ret 0 nt L"\\??\\Z:\\home\\asdf\\projects\\resolume-wine\\wine-install\\share\\wine\\fonts\\vgasys.fon" unix "/home/asdf/projects/mastercam-wine/state/exp/CodeMeterProbe/prefix/dosdevices/z:/home/asdf/projects/resolume-wine/wine-install/share/wine/fonts/vgasys.fon"
01f8:trace:file:get_nt_and_unix_names L"\\??\\Z:\\home\\asdf\\projects\\resolume-wine\\wine-install\\share\\wine\\fonts\\vgasys.fon" -> ret 0 nt L"\\??\\Z:\\home\\asdf\\projects\\resolume-wine\\wine-install\\share\\wine\\fonts\\vgasys.fon" unix "/home/asdf/projects/mastercam-wine/state/exp/CodeMeterProbe/prefix/dosdevices/z:/home/asdf/projects/resolume-wine/wine-install/share/wine/fonts/vgasys.fon"
01f8:trace:file:get_nt_and_unix_names L"\\??\\Z:\\home\\asdf\\projects\\resolume-wine\\wine-install\\share\\wine\\fonts\\tahomabd.ttf" -> ret 0 nt L"\\??\\Z:\\home\\asdf\\projects\\resolume-wine\\wine-install\\share\\wine\\fonts\\tahomabd.ttf" unix "/home/asdf/projects/mastercam-wine/state/exp/CodeMeterProbe/prefix/dosdevices/z:/home/asdf/projects/resolume-wine/wine-install/share/wine/fonts/tahomabd.ttf"
01f8:trace:file:RtlDosPathNameToNtPathName_U_WithStatus (L"C:\\Program Files\\CodeMeter\\Runtime\\bin\\CodeMeter.exe",00007FFFFE13E430,0000000000000000,0000000000000000)
01f8:trace:file:RtlGetFullPathName_U (L"C:\\Program Files\\CodeMeter\\Runtime\\bin\\CodeMeter.exe" 520 00007FFFFE13E010 0000000000000000)
01f8:trace:file:RtlGetFullPathName_UEx (L"C:\\Program Files\\CodeMeter\\Runtime\\bin\\CodeMeter.exe" 520 00007FFFFE13E010 0000000000000000 0000000000000000)
01f8:trace:file:RtlDosPathNameToNtPathName_U_WithStatus (L"C:\\Program Files\\CodeMeter\\Runtime\\bin\\CodeMeter.exe",00007FFFFE13E3D0,0000000000000000,0000000000000000)
01f8:trace:file:RtlGetFullPathName_U (L"C:\\Program Files\\CodeMeter\\Runtime\\bin\\CodeMeter.exe" 520 00007FFFFE13DFB0 0000000000000000)
01f8:trace:file:RtlGetFullPathName_UEx (L"C:\\Program Files\\CodeMeter\\Runtime\\bin\\CodeMeter.exe" 520 00007FFFFE13DFB0 0000000000000000 0000000000000000)
01f8:trace:file:RtlDosPathNameToNtPathName_U_WithStatus (L"C:\\Program Files\\CodeMeter\\Runtime\\bin\\uxtheme.dll",00007FFFFE13E610,0000000000000000,0000000000000000)
01f8:trace:file:RtlGetFullPathName_U (L"C:\\Program Files\\CodeMeter\\Runtime\\bin\\uxtheme.dll" 520 00007FFFFE13E140 0000000000000000)
01f8:trace:file:RtlGetFullPathName_UEx (L"C:\\Program Files\\CodeMeter\\Runtime\\bin\\uxtheme.dll" 520 00007FFFFE13E140 0000000000000000 0000000000000000)
01f8:trace:file:NtCreateFile handle=0x7ffffe13e198 access=80100000 name=L"\\??\\C:\\Program Files\\CodeMeter\\Runtime\\bin\\uxtheme.dll" objattr=00000040 root=(nil) sec=(nil) io=0x7ffffe13e1a0 alloc_size=(nil) attr=00000000 sharing=00000005 disp=1 options=00000060 ea=(nil).0x00000000
01f8:trace:file:get_nt_and_unix_names L"\\??\\C:\\Program Files\\CodeMeter\\Runtime\\bin\\uxtheme.dll" -> ret c0000034
01f8:warn:file:NtCreateFile L"\\??\\C:\\Program Files\\CodeMeter\\Runtime\\bin\\uxtheme.dll" not found (c0000034)
01f8:trace:file:RtlDosPathNameToNtPathName_U_WithStatus (L"C:\\windows\\system32\\uxtheme.dll",00007FFFFE13E610,0000000000000000,0000000000000000)
01f8:trace:file:RtlGetFullPathName_U (L"C:\\windows\\system32\\uxtheme.dll" 520 00007FFFFE13E140 0000000000000000)
01f8:trace:file:RtlGetFullPathName_UEx (L"C:\\windows\\system32\\uxtheme.dll" 520 00007FFFFE13E140 0000000000000000 0000000000000000)
01f8:trace:file:NtCreateFile handle=0x7ffffe13e198 access=80100000 name=L"\\??\\C:\\windows\\system32\\uxtheme.dll" objattr=00000040 root=(nil) sec=(nil) io=0x7ffffe13e1a0 alloc_size=(nil) attr=00000000 sharing=00000005 disp=1 options=00000060 ea=(nil).0x00000000
01f8:trace:file:get_nt_and_unix_names L"\\??\\C:\\windows\\system32\\uxtheme.dll" -> ret 0 nt L"\\??\\C:\\windows\\system32\\uxtheme.dll" unix "/home/asdf/projects/mastercam-wine/state/exp/CodeMeterProbe/prefix/dosdevices/c:/windows/system32/uxtheme.dll"
01f8:trace:file:NtFsControlFile (0x10c,(nil),(nil),(nil),0x7ffffe13e1a0,0x0009009c,(nil),0x00000000,0x7ffffe13e1e0,0x00000040)
01f8:trace:file:RtlDosPathNameToNtPathName_U_WithStatus (L"C:\\windows\\system32\\uxtheme.dll",00007FFFFE13E350,0000000000000000,0000000000000000)
01f8:trace:file:RtlGetFullPathName_U (L"C:\\windows\\system32\\uxtheme.dll" 520 00007FFFFE13DF30 0000000000000000)
01f8:trace:file:RtlGetFullPathName_UEx (L"C:\\windows\\system32\\uxtheme.dll" 520 00007FFFFE13DF30 0000000000000000 0000000000000000)
01f8:trace:file:RtlDosPathNameToNtPathName_U_WithStatus (L"C:\\windows\\resources\\themes\\aero\\aero.msstyles",00007FFFFE13E0F0,0000000000000000,0000000000000000)
01f8:trace:file:RtlGetFullPathName_U (L"C:\\windows\\resources\\themes\\aero\\aero.msstyles" 520 00007FFFFE13DCD0 0000000000000000)
01f8:trace:file:RtlGetFullPathName_UEx (L"C:\\windows\\resources\\themes\\aero\\aero.msstyles" 520 00007FFFFE13DCD0 0000000000000000 0000000000000000)
01f8:trace:file:NtCreateFile handle=0x7ffffe13dd28 access=80100000 name=L"\\??\\C:\\windows\\resources\\themes\\aero\\aero.msstyles" objattr=00000040 root=(nil) sec=(nil) io=0x7ffffe13dd30 alloc_size=(nil) attr=00000000 sharing=00000005 disp=1 options=00000060 ea=(nil).0x00000000
01f8:trace:file:get_nt_and_unix_names L"\\??\\C:\\windows\\resources\\themes\\aero\\aero.msstyles" -> ret 0 nt L"\\??\\C:\\windows\\resources\\themes\\aero\\aero.msstyles" unix "/home/asdf/projects/mastercam-wine/state/exp/CodeMeterProbe/prefix/dosdevices/c:/windows/resources/themes/aero/aero.msstyles"
01f8:trace:file:NtFsControlFile (0x10c,(nil),(nil),(nil),0x7ffffe13dd30,0x0009009c,(nil),0x00000000,0x7ffffe13dd70,0x00000040)
01f8:trace:file:RtlDosPathNameToNtPathName_U_WithStatus (L"C:\\windows\\resources\\themes\\aero\\aero.msstyles",00007FFFFE13DD60,0000000000000000,0000000000000000)
01f8:trace:file:RtlGetFullPathName_U (L"C:\\windows\\resources\\themes\\aero\\aero.msstyles" 520 00007FFFFE13DAE0 0000000000000000)
01f8:trace:file:RtlGetFullPathName_UEx (L"C:\\windows\\resources\\themes\\aero\\aero.msstyles" 520 00007FFFFE13DAE0 0000000000000000 0000000000000000)
01f8:trace:file:get_nt_and_unix_names L"\\??\\C:\\windows\\resources\\themes\\aero\\aero.msstyles" -> ret 0 nt L"\\??\\C:\\windows\\resources\\themes\\aero\\aero.msstyles" unix "/home/asdf/projects/mastercam-wine/state/exp/CodeMeterProbe/prefix/dosdevices/c:/windows/resources/themes/aero/aero.msstyles"
01f8:trace:file:RtlGetFullPathName_U (L"C:\\windows\\resources\\themes\\aero\\aero.msstyles" 520 00007FFFFE13DF60 0000000000000000)
01f8:trace:file:RtlGetFullPathName_UEx (L"C:\\windows\\resources\\themes\\aero\\aero.msstyles" 520 00007FFFFE13DF60 0000000000000000 0000000000000000)
01f8:trace:file:CreateFileW L"C:\\windows\\resources\\themes\\aero\\aero.msstyles" GENERIC_READ FILE_SHARE_READ FILE_SHARE_DELETE  creation 3 attributes 0x0
01f8:trace:file:RtlDosPathNameToNtPathName_U_WithStatus (L"C:\\windows\\resources\\themes\\aero\\aero.msstyles",00007FFFFE13DC70,0000000000000000,0000000000000000)
01f8:trace:file:RtlGetFullPathName_U (L"C:\\windows\\resources\\themes\\aero\\aero.msstyles" 520 00007FFFFE13D910 0000000000000000)
01f8:trace:file:RtlGetFullPathName_UEx (L"C:\\windows\\resources\\themes\\aero\\aero.msstyles" 520 00007FFFFE13D910 0000000000000000 0000000000000000)
01f8:trace:file:NtCreateFile handle=0x7ffffe13dc58 access=80100080 name=L"\\??\\C:\\windows\\resources\\themes\\aero\\aero.msstyles" objattr=00000040 root=(nil) sec=(nil) io=0x7ffffe13dc80 alloc_size=(nil) attr=00000000 sharing=00000005 disp=1 options=00000060 ea=(nil).0x00000000
01f8:trace:file:get_nt_and_unix_names L"\\??\\C:\\windows\\resources\\themes\\aero\\aero.msstyles" -> ret 0 nt L"\\??\\C:\\windows\\resources\\themes\\aero\\aero.msstyles" unix "/home/asdf/projects/mastercam-wine/state/exp/CodeMeterProbe/prefix/dosdevices/c:/windows/resources/themes/aero/aero.msstyles"
01f8:trace:file:CreateFileW returning 000000000000010C
01f8:trace:file:RtlGetFullPathName_U (L"C:\\windows\\resources\\themes\\aero\\aero.msstyles" 520 00007FFFFF6066A0 0000000000000000)
01f8:trace:file:RtlGetFullPathName_UEx (L"C:\\windows\\resources\\themes\\aero\\aero.msstyles" 520 00007FFFFF6066A0 0000000000000000 0000000000000000)
01f8:trace:file:get_nt_and_unix_names L"\\??\\Z:\\home\\asdf\\projects\\resolume-wine\\wine-install\\share\\wine\\fonts\\tahoma.ttf" -> ret 0 nt L"\\??\\Z:\\home\\asdf\\projects\\resolume-wine\\wine-install\\share\\wine\\fonts\\tahoma.ttf" unix "/home/asdf/projects/mastercam-wine/state/exp/CodeMeterProbe/prefix/dosdevices/z:/home/asdf/projects/resolume-wine/wine-install/share/wine/fonts/tahoma.ttf"
01f8:trace:file:get_nt_and_unix_names L"\\??\\Z:\\home\\asdf\\projects\\resolume-wine\\wine-install\\share\\wine\\fonts\\tahoma.ttf" -> ret 0 nt L"\\??\\Z:\\home\\asdf\\projects\\resolume-wine\\wine-install\\share\\wine\\fonts\\tahoma.ttf" unix "/home/asdf/projects/mastercam-wine/state/exp/CodeMeterProbe/prefix/dosdevices/z:/home/asdf/projects/resolume-wine/wine-install/share/wine/fonts/tahoma.ttf"
01f8:trace:file:get_nt_and_unix_names L"\\??\\Z:\\home\\asdf\\projects\\resolume-wine\\wine-install\\share\\wine\\fonts\\tahomabd.ttf" -> ret 0 nt L"\\??\\Z:\\home\\asdf\\projects\\resolume-wine\\wine-install\\share\\wine\\fonts\\tahomabd.ttf" unix "/home/asdf/projects/mastercam-wine/state/exp/CodeMeterProbe/prefix/dosdevices/z:/home/asdf/projects/resolume-wine/wine-install/share/wine/fonts/tahomabd.ttf"
01f8:trace:file:get_nt_and_unix_names L"\\??\\Z:\\home\\asdf\\projects\\resolume-wine\\wine-install\\share\\wine\\fonts\\tahomabd.ttf" -> ret 0 nt L"\\??\\Z:\\home\\asdf\\projects\\resolume-wine\\wine-install\\share\\wine\\fonts\\tahomabd.ttf" unix "/home/asdf/projects/mastercam-wine/state/exp/CodeMeterProbe/prefix/dosdevices/z:/home/asdf/projects/resolume-wine/wine-install/share/wine/fonts/tahomabd.ttf"
01f8:trace:file:get_nt_and_unix_names L"\\??\\Z:\\home\\asdf\\projects\\resolume-wine\\wine-install\\share\\wine\\fonts\\tahoma.ttf" -> ret 0 nt L"\\??\\Z:\\home\\asdf\\projects\\resolume-wine\\wine-install\\share\\wine\\fonts\\tahoma.ttf" unix "/home/asdf/projects/mastercam-wine/state/exp/CodeMeterProbe/prefix/dosdevices/z:/home/asdf/projects/resolume-wine/wine-install/share/wine/fonts/tahoma.ttf"
01f8:trace:file:get_nt_and_unix_names L"\\??\\Z:\\home\\asdf\\projects\\resolume-wine\\wine-install\\share\\wine\\fonts\\tahoma.ttf" -> ret 0 nt L"\\??\\Z:\\home\\asdf\\projects\\resolume-wine\\wine-install\\share\\wine\\fonts\\tahoma.ttf" unix "/home/asdf/projects/mastercam-wine/state/exp/CodeMeterProbe/prefix/dosdevices/z:/home/asdf/projects/resolume-wine/wine-install/share/wine/fonts/tahoma.ttf"
01f8:trace:file:get_nt_and_unix_names L"\\??\\Z:\\home\\asdf\\projects\\resolume-wine\\wine-install\\share\\wine\\fonts\\tahoma.ttf" -> ret 0 nt L"\\??\\Z:\\home\\asdf\\projects\\resolume-wine\\wine-install\\share\\wine\\fonts\\tahoma.ttf" unix "/home/asdf/projects/mastercam-wine/state/exp/CodeMeterProbe/prefix/dosdevices/z:/home/asdf/projects/resolume-wine/wine-install/share/wine/fonts/tahoma.ttf"
01f8:trace:file:get_nt_and_unix_names L"\\??\\Z:\\home\\asdf\\projects\\resolume-wine\\wine-install\\share\\wine\\fonts\\tahoma.ttf" -> ret 0 nt L"\\??\\Z:\\home\\asdf\\projects\\resolume-wine\\wine-install\\share\\wine\\fonts\\tahoma.ttf" unix "/home/asdf/projects/mastercam-wine/state/exp/CodeMeterProbe/prefix/dosdevices/z:/home/asdf/projects/resolume-wine/wine-install/share/wine/fonts/tahoma.ttf"
01f8:trace:file:CreateFileW L"C:\\ProgramData\\CodeMeter\\Logs/2186810125.bak" GENERIC_READ FILE_SHARE_READ FILE_SHARE_WRITE  creation 3 attributes 0x80
01f8:trace:file:RtlDosPathNameToNtPathName_U_WithStatus (L"C:\\ProgramData\\CodeMeter\\Logs/2186810125.bak",00007FFFFE13E9C0,0000000000000000,0000000000000000)
01f8:trace:file:RtlGetFullPathName_U (L"C:\\ProgramData\\CodeMeter\\Logs/2186810125.bak" 520 00007FFFFE13E660 0000000000000000)
01f8:trace:file:RtlGetFullPathName_UEx (L"C:\\ProgramData\\CodeMeter\\Logs/2186810125.bak" 520 00007FFFFE13E660 0000000000000000 0000000000000000)
01f8:trace:file:NtCreateFile handle=0x7ffffe13e9a8 access=80100080 name=L"\\??\\C:\\ProgramData\\CodeMeter\\Logs\\2186810125.bak" objattr=00000042 root=(nil) sec=(nil) io=0x7ffffe13e9d0 alloc_size=(nil) attr=00000080 sharing=00000003 disp=1 options=00000060 ea=(nil).0x00000000
01f8:trace:file:get_nt_and_unix_names L"\\??\\C:\\ProgramData\\CodeMeter\\Logs\\2186810125.bak" -> ret c0000034
01f8:warn:file:NtCreateFile L"\\??\\C:\\ProgramData\\CodeMeter\\Logs\\2186810125.bak" not found (c0000034)
01f8:warn:file:CreateFileW Unable to create file L"C:\\ProgramData\\CodeMeter\\Logs/2186810125.bak" (status c0000034)
01f8:trace:file:CreateFileW returning FFFFFFFFFFFFFFFF
01f8:trace:file:CreateFileW L"\\\\.\\Nsi" QUERY_ACCESS FILE_SHARE_READ FILE_SHARE_WRITE  creation 3 attributes 0x0
01f8:trace:file:RtlDosPathNameToNtPathName_U_WithStatus (L"\\\\.\\Nsi",00007FFFFE13EEB0,0000000000000000,0000000000000000)
01f8:trace:file:RtlGetFullPathName_U (L"\\\\.\\Nsi" 520 00007FFFFE13EB50 0000000000000000)
01f8:trace:file:RtlGetFullPathName_UEx (L"\\\\.\\Nsi" 520 00007FFFFE13EB50 0000000000000000 0000000000000000)
01f8:trace:file:NtCreateFile handle=0x7ffffe13ee98 access=00100080 name=L"\\??\\Nsi" objattr=00000040 root=(nil) sec=(nil) io=0x7ffffe13eec0 alloc_size=(nil) attr=00000000 sharing=00000003 disp=1 options=00000060 ea=(nil).0x00000000
01f8:trace:file:get_nt_and_unix_names L"\\??\\Nsi" -> ret c00000cb
01f8:trace:file:CreateFileW returning 000000000000011C
01f8:trace:file:KERNEL32_DeviceIoControl (000000000000011C,0x121000,00007FFFFE13F1B0,56,00007FFFFF649CF0,122628,00007FFFFE13F1AC,0000000000000000)
01f8:trace:file:DeviceIoControl (000000000000011C,121000,00007FFFFE13F1B0,56,00007FFFFF649CF0,122628,00007FFFFE13F1AC,0000000000000000)
01f8:trace:file:NtDeviceIoControlFile (0x11c,(nil),(nil),(nil),0x7ffffe13f100,0x00121000,0x7ffffe13f1b0,0x00000038,0x7fffff649cf0,0x0001df04)
01f8:trace:file:KERNEL32_DeviceIoControl (000000000000011C,0x121008,00007FFFFF5E3DD0,52,00007FFFFE13F580,16,00007FFFFE13F2FC,0000000000000000)
01f8:trace:file:DeviceIoControl (000000000000011C,121008,00007FFFFF5E3DD0,52,00007FFFFE13F580,16,00007FFFFE13F2FC,0000000000000000)
01f8:trace:file:NtDeviceIoControlFile (0x11c,(nil),(nil),(nil),0x7ffffe13f250,0x00121008,0x7fffff5e3dd0,0x00000034,0x7ffffe13f580,0x00000010)
01f8:trace:file:KERNEL32_DeviceIoControl (000000000000011C,0x121008,00007FFFFF5E3DD0,52,00007FFFFE13F580,16,00007FFFFE13F2FC,0000000000000000)
01f8:trace:file:DeviceIoControl (000000000000011C,121008,00007FFFFF5E3DD0,52,00007FFFFE13F580,16,00007FFFFE13F2FC,0000000000000000)
01f8:trace:file:NtDeviceIoControlFile (0x11c,(nil),(nil),(nil),0x7ffffe13f250,0x00121008,0x7fffff5e3dd0,0x00000034,0x7ffffe13f580,0x00000010)
01f8:trace:file:KERNEL32_DeviceIoControl (000000000000011C,0x121008,00007FFFFF5E3DD0,52,00007FFFFE13F580,16,00007FFFFE13F2FC,0000000000000000)
01f8:trace:file:DeviceIoControl (000000000000011C,121008,00007FFFFF5E3DD0,52,00007FFFFE13F580,16,00007FFFFE13F2FC,0000000000000000)
01f8:trace:file:NtDeviceIoControlFile (0x11c,(nil),(nil),(nil),0x7ffffe13f250,0x00121008,0x7fffff5e3dd0,0x00000034,0x7ffffe13f580,0x00000010)
01f8:trace:file:KERNEL32_DeviceIoControl (000000000000011C,0x121008,00007FFFFF5E3DD0,52,00007FFFFE13F580,16,00007FFFFE13F2FC,0000000000000000)
01f8:trace:file:DeviceIoControl (000000000000011C,121008,00007FFFFF5E3DD0,52,00007FFFFE13F580,16,00007FFFFE13F2FC,0000000000000000)
01f8:trace:file:NtDeviceIoControlFile (0x11c,(nil),(nil),(nil),0x7ffffe13f250,0x00121008,0x7fffff5e3dd0,0x00000034,0x7ffffe13f580,0x00000010)
01f8:trace:file:KERNEL32_DeviceIoControl (000000000000011C,0x121008,00007FFFFF5E3DD0,52,00007FFFFE13F580,16,00007FFFFE13F2FC,0000000000000000)
01f8:trace:file:DeviceIoControl (000000000000011C,121008,00007FFFFF5E3DD0,52,00007FFFFE13F580,16,00007FFFFE13F2FC,0000000000000000)
01f8:trace:file:NtDeviceIoControlFile (0x11c,(nil),(nil),(nil),0x7ffffe13f250,0x00121008,0x7fffff5e3dd0,0x00000034,0x7ffffe13f580,0x00000010)
01f8:trace:file:KERNEL32_DeviceIoControl (000000000000011C,0x121000,00007FFFFE13F0A0,56,00007FFFFF64CBE0,4356,00007FFFFE13F09C,0000000000000000)
01f8:trace:file:DeviceIoControl (000000000000011C,121000,00007FFFFE13F0A0,56,00007FFFFF64CBE0,4356,00007FFFFE13F09C,0000000000000000)
01f8:trace:file:NtDeviceIoControlFile (0x11c,(nil),(nil),(nil),0x7ffffe13eff0,0x00121000,0x7ffffe13f0a0,0x00000038,0x7fffff64cbe0,0x00001104)
01f8:trace:file:KERNEL32_DeviceIoControl (000000000000011C,0x121000,00007FFFFE13F0A0,56,00007FFFFF64C9E0,3844,00007FFFFE13F09C,0000000000000000)
01f8:trace:file:DeviceIoControl (000000000000011C,121000,00007FFFFE13F0A0,56,00007FFFFF64C9E0,3844,00007FFFFE13F09C,0000000000000000)
01f8:trace:file:NtDeviceIoControlFile (0x11c,(nil),(nil),(nil),0x7ffffe13eff0,0x00121000,0x7ffffe13f0a0,0x00000038,0x7fffff64c9e0,0x00000f04)
01f8:trace:file:KERNEL32_DeviceIoControl (000000000000011C,0x121000,00007FFFFE13F080,56,00007FFFFF64D4C0,6660,00007FFFFE13F07C,0000000000000000)
01f8:trace:file:DeviceIoControl (000000000000011C,121000,00007FFFFE13F080,56,00007FFFFF64D4C0,6660,00007FFFFE13F07C,0000000000000000)
01f8:trace:file:NtDeviceIoControlFile (0x11c,(nil),(nil),(nil),0x7ffffe13efd0,0x00121000,0x7ffffe13f080,0x00000038,0x7fffff64d4c0,0x00001a04)
01f8:trace:file:KERNEL32_DeviceIoControl (000000000000011C,0x121000,00007FFFFE13F080,56,00007FFFFF64CEC0,5124,00007FFFFE13F07C,0000000000000000)
01f8:trace:file:DeviceIoControl (000000000000011C,121000,00007FFFFE13F080,56,00007FFFFF64CEC0,5124,00007FFFFE13F07C,0000000000000000)
01f8:trace:file:NtDeviceIoControlFile (0x11c,(nil),(nil),(nil),0x7ffffe13efd0,0x00121000,0x7ffffe13f080,0x00000038,0x7fffff64cec0,0x00001404)
01f8:trace:file:GetFileAttributesW L"C:\\Windows\\System32\\drivers\\vusb.sys"
01f8:trace:file:RtlDosPathNameToNtPathName_U_WithStatus (L"C:\\Windows\\System32\\drivers\\vusb.sys",00007FFFFE13F560,0000000000000000,0000000000000000)
01f8:trace:file:RtlGetFullPathName_U (L"C:\\Windows\\System32\\drivers\\vusb.sys" 520 00007FFFFE13F2A0 0000000000000000)
01f8:trace:file:RtlGetFullPathName_UEx (L"C:\\Windows\\System32\\drivers\\vusb.sys" 520 00007FFFFE13F2A0 0000000000000000 0000000000000000)
01f8:trace:file:get_nt_and_unix_names L"\\??\\C:\\Windows\\System32\\drivers\\vusb.sys" -> ret c0000034
01f8:warn:file:NtQueryAttributesFile L"\\??\\C:\\Windows\\System32\\drivers\\vusb.sys" not found (c0000034)
01f8:trace:file:GetFileAttributesW L"C:\\windows\\System32\\drivers\\vusb.sys"
01f8:trace:file:RtlDosPathNameToNtPathName_U_WithStatus (L"C:\\windows\\System32\\drivers\\vusb.sys",00007FFFFE13F560,0000000000000000,0000000000000000)
01f8:trace:file:RtlGetFullPathName_U (L"C:\\windows\\System32\\drivers\\vusb.sys" 520 00007FFFFE13F2A0 0000000000000000)
01f8:trace:file:RtlGetFullPathName_UEx (L"C:\\windows\\System32\\drivers\\vusb.sys" 520 00007FFFFE13F2A0 0000000000000000 0000000000000000)
01f8:trace:file:get_nt_and_unix_names L"\\??\\C:\\windows\\System32\\drivers\\vusb.sys" -> ret c0000034
01f8:warn:file:NtQueryAttributesFile L"\\??\\C:\\windows\\System32\\drivers\\vusb.sys" not found (c0000034)
01f8:trace:file:GetFileAttributesW L"C:\\Windows\\System32\\drivers\\vusbbus.sys"
01f8:trace:file:RtlDosPathNameToNtPathName_U_WithStatus (L"C:\\Windows\\System32\\drivers\\vusbbus.sys",00007FFFFE13F560,0000000000000000,0000000000000000)
01f8:trace:file:RtlGetFullPathName_U (L"C:\\Windows\\System32\\drivers\\vusbbus.sys" 520 00007FFFFE13F2A0 0000000000000000)
01f8:trace:file:RtlGetFullPathName_UEx (L"C:\\Windows\\System32\\drivers\\vusbbus.sys" 520 00007FFFFE13F2A0 0000000000000000 0000000000000000)
01f8:trace:file:get_nt_and_unix_names L"\\??\\C:\\Windows\\System32\\drivers\\vusbbus.sys" -> ret c0000034
01f8:warn:file:NtQueryAttributesFile L"\\??\\C:\\Windows\\System32\\drivers\\vusbbus.sys" not found (c0000034)
01f8:trace:file:GetFileAttributesW L"C:\\windows\\System32\\drivers\\vusbbus.sys"
01f8:trace:file:RtlDosPathNameToNtPathName_U_WithStatus (L"C:\\windows\\System32\\drivers\\vusbbus.sys",00007FFFFE13F560,0000000000000000,0000000000000000)
01f8:trace:file:RtlGetFullPathName_U (L"C:\\windows\\System32\\drivers\\vusbbus.sys" 520 00007FFFFE13F2A0 0000000000000000)
01f8:trace:file:RtlGetFullPathName_UEx (L"C:\\windows\\System32\\drivers\\vusbbus.sys" 520 00007FFFFE13F2A0 0000000000000000 0000000000000000)
01f8:trace:file:get_nt_and_unix_names L"\\??\\C:\\windows\\System32\\drivers\\vusbbus.sys" -> ret c0000034
01f8:warn:file:NtQueryAttributesFile L"\\??\\C:\\windows\\System32\\drivers\\vusbbus.sys" not found (c0000034)
01f8:trace:file:GetFileAttributesW L"C:\\Windows\\System32\\drivers\\b70bus.sys"
01f8:trace:file:RtlDosPathNameToNtPathName_U_WithStatus (L"C:\\Windows\\System32\\drivers\\b70bus.sys",00007FFFFE13F560,0000000000000000,0000000000000000)
01f8:trace:file:RtlGetFullPathName_U (L"C:\\Windows\\System32\\drivers\\b70bus.sys" 520 00007FFFFE13F2A0 0000000000000000)
01f8:trace:file:RtlGetFullPathName_UEx (L"C:\\Windows\\System32\\drivers\\b70bus.sys" 520 00007FFFFE13F2A0 0000000000000000 0000000000000000)
01f8:trace:file:get_nt_and_unix_names L"\\??\\C:\\Windows\\System32\\drivers\\b70bus.sys" -> ret c0000034
01f8:warn:file:NtQueryAttributesFile L"\\??\\C:\\Windows\\System32\\drivers\\b70bus.sys" not found (c0000034)
01f8:trace:file:GetFileAttributesW L"C:\\windows\\System32\\drivers\\b70bus.sys"
01f8:trace:file:RtlDosPathNameToNtPathName_U_WithStatus (L"C:\\windows\\System32\\drivers\\b70bus.sys",00007FFFFE13F560,0000000000000000,0000000000000000)
01f8:trace:file:RtlGetFullPathName_U (L"C:\\windows\\System32\\drivers\\b70bus.sys" 520 00007FFFFE13F2A0 0000000000000000)
01f8:trace:file:RtlGetFullPathName_UEx (L"C:\\windows\\System32\\drivers\\b70bus.sys" 520 00007FFFFE13F2A0 0000000000000000 0000000000000000)
01f8:trace:file:get_nt_and_unix_names L"\\??\\C:\\windows\\System32\\drivers\\b70bus.sys" -> ret c0000034
01f8:warn:file:NtQueryAttributesFile L"\\??\\C:\\windows\\System32\\drivers\\b70bus.sys" not found (c0000034)
01f8:trace:file:GetFileAttributesW L"C:\\Windows\\System32\\drivers\\mcamvusb.sys"
01f8:trace:file:RtlDosPathNameToNtPathName_U_WithStatus (L"C:\\Windows\\System32\\drivers\\mcamvusb.sys",00007FFFFE13F560,0000000000000000,0000000000000000)
01f8:trace:file:RtlGetFullPathName_U (L"C:\\Windows\\System32\\drivers\\mcamvusb.sys" 520 00007FFFFE13F2A0 0000000000000000)
01f8:trace:file:RtlGetFullPathName_UEx (L"C:\\Windows\\System32\\drivers\\mcamvusb.sys" 520 00007FFFFE13F2A0 0000000000000000 0000000000000000)
01f8:trace:file:get_nt_and_unix_names L"\\??\\C:\\Windows\\System32\\drivers\\mcamvusb.sys" -> ret c0000034
01f8:warn:file:NtQueryAttributesFile L"\\??\\C:\\Windows\\System32\\drivers\\mcamvusb.sys" not found (c0000034)
01f8:trace:file:GetFileAttributesW L"C:\\windows\\System32\\drivers\\mcamvusb.sys"
01f8:trace:file:RtlDosPathNameToNtPathName_U_WithStatus (L"C:\\windows\\System32\\drivers\\mcamvusb.sys",00007FFFFE13F560,0000000000000000,0000000000000000)
01f8:trace:file:RtlGetFullPathName_U (L"C:\\windows\\System32\\drivers\\mcamvusb.sys" 520 00007FFFFE13F2A0 0000000000000000)
01f8:trace:file:RtlGetFullPathName_UEx (L"C:\\windows\\System32\\drivers\\mcamvusb.sys" 520 00007FFFFE13F2A0 0000000000000000 0000000000000000)
01f8:trace:file:get_nt_and_unix_names L"\\??\\C:\\windows\\System32\\drivers\\mcamvusb.sys" -> ret c0000034
01f8:warn:file:NtQueryAttributesFile L"\\??\\C:\\windows\\System32\\drivers\\mcamvusb.sys" not found (c0000034)
01f8:trace:file:GetFileAttributesW L"C:\\Windows\\System32\\drivers\\multikey.sys"
01f8:trace:file:RtlDosPathNameToNtPathName_U_WithStatus (L"C:\\Windows\\System32\\drivers\\multikey.sys",00007FFFFE13F560,0000000000000000,0000000000000000)
01f8:trace:file:RtlGetFullPathName_U (L"C:\\Windows\\System32\\drivers\\multikey.sys" 520 00007FFFFE13F2A0 0000000000000000)
01f8:trace:file:RtlGetFullPathName_UEx (L"C:\\Windows\\System32\\drivers\\multikey.sys" 520 00007FFFFE13F2A0 0000000000000000 0000000000000000)
01f8:trace:file:get_nt_and_unix_names L"\\??\\C:\\Windows\\System32\\drivers\\multikey.sys" -> ret c0000034
01f8:warn:file:NtQueryAttributesFile L"\\??\\C:\\Windows\\System32\\drivers\\multikey.sys" not found (c0000034)
01f8:trace:file:GetFileAttributesW L"C:\\windows\\System32\\drivers\\multikey.sys"
01f8:trace:file:RtlDosPathNameToNtPathName_U_WithStatus (L"C:\\windows\\System32\\drivers\\multikey.sys",00007FFFFE13F560,0000000000000000,0000000000000000)
01f8:trace:file:RtlGetFullPathName_U (L"C:\\windows\\System32\\drivers\\multikey.sys" 520 00007FFFFE13F2A0 0000000000000000)
01f8:trace:file:RtlGetFullPathName_UEx (L"C:\\windows\\System32\\drivers\\multikey.sys" 520 00007FFFFE13F2A0 0000000000000000 0000000000000000)
01f8:trace:file:get_nt_and_unix_names L"\\??\\C:\\windows\\System32\\drivers\\multikey.sys" -> ret c0000034
01f8:warn:file:NtQueryAttributesFile L"\\??\\C:\\windows\\System32\\drivers\\multikey.sys" not found (c0000034)
01f8:trace:file:GetFileAttributesW L"C:\\Windows\\System32\\drivers\\wibuvd.sys"
01f8:trace:file:RtlDosPathNameToNtPathName_U_WithStatus (L"C:\\Windows\\System32\\drivers\\wibuvd.sys",00007FFFFE13F560,0000000000000000,0000000000000000)
01f8:trace:file:RtlGetFullPathName_U (L"C:\\Windows\\System32\\drivers\\wibuvd.sys" 520 00007FFFFE13F2A0 0000000000000000)
01f8:trace:file:RtlGetFullPathName_UEx (L"C:\\Windows\\System32\\drivers\\wibuvd.sys" 520 00007FFFFE13F2A0 0000000000000000 0000000000000000)
01f8:trace:file:get_nt_and_unix_names L"\\??\\C:\\Windows\\System32\\drivers\\wibuvd.sys" -> ret c0000034
01f8:warn:file:NtQueryAttributesFile L"\\??\\C:\\Windows\\System32\\drivers\\wibuvd.sys" not found (c0000034)
01f8:trace:file:GetFileAttributesW L"C:\\windows\\System32\\drivers\\wibuvd.sys"
01f8:trace:file:RtlDosPathNameToNtPathName_U_WithStatus (L"C:\\windows\\System32\\drivers\\wibuvd.sys",00007FFFFE13F560,0000000000000000,0000000000000000)
01f8:trace:file:RtlGetFullPathName_U (L"C:\\windows\\System32\\drivers\\wibuvd.sys" 520 00007FFFFE13F2A0 0000000000000000)
01f8:trace:file:RtlGetFullPathName_UEx (L"C:\\windows\\System32\\drivers\\wibuvd.sys" 520 00007FFFFE13F2A0 0000000000000000 0000000000000000)
01f8:trace:file:get_nt_and_unix_names L"\\??\\C:\\windows\\System32\\drivers\\wibuvd.sys" -> ret c0000034
01f8:warn:file:NtQueryAttributesFile L"\\??\\C:\\windows\\System32\\drivers\\wibuvd.sys" not found (c0000034)
01f8:trace:file:GetFileAttributesW L"C:\\Windows\\System32\\drivers\\Znet_hasp64.sys"
01f8:trace:file:RtlDosPathNameToNtPathName_U_WithStatus (L"C:\\Windows\\System32\\drivers\\Znet_hasp64.sys",00007FFFFE13F560,0000000000000000,0000000000000000)
01f8:trace:file:RtlGetFullPathName_U (L"C:\\Windows\\System32\\drivers\\Znet_hasp64.sys" 520 00007FFFFE13F2A0 0000000000000000)
01f8:trace:file:RtlGetFullPathName_UEx (L"C:\\Windows\\System32\\drivers\\Znet_hasp64.sys" 520 00007FFFFE13F2A0 0000000000000000 0000000000000000)
01f8:trace:file:get_nt_and_unix_names L"\\??\\C:\\Windows\\System32\\drivers\\Znet_hasp64.sys" -> ret c0000034
01f8:warn:file:NtQueryAttributesFile L"\\??\\C:\\Windows\\System32\\drivers\\Znet_hasp64.sys" not found (c0000034)
01f8:trace:file:GetFileAttributesW L"C:\\windows\\System32\\drivers\\Znet_hasp64.sys"
01f8:trace:file:RtlDosPathNameToNtPathName_U_WithStatus (L"C:\\windows\\System32\\drivers\\Znet_hasp64.sys",00007FFFFE13F560,0000000000000000,0000000000000000)
01f8:trace:file:RtlGetFullPathName_U (L"C:\\windows\\System32\\drivers\\Znet_hasp64.sys" 520 00007FFFFE13F2A0 0000000000000000)
01f8:trace:file:RtlGetFullPathName_UEx (L"C:\\windows\\System32\\drivers\\Znet_hasp64.sys" 520 00007FFFFE13F2A0 0000000000000000 0000000000000000)
01f8:trace:file:get_nt_and_unix_names L"\\??\\C:\\windows\\System32\\drivers\\Znet_hasp64.sys" -> ret c0000034
01f8:warn:file:NtQueryAttributesFile L"\\??\\C:\\windows\\System32\\drivers\\Znet_hasp64.sys" not found (c0000034)
01f8:trace:file:NtWriteFile (0x34,0x38,(nil),(nil),0x7ffffe13da20,0x7fffff5e3dd0,0x00000034,(nil),(nil))
01f8:trace:file:NtReadFile (0x34,0x38,(nil),(nil),0x7ffffe25ce78,0x7ffffe13dab0,0x00000010,(nil),(nil))
01f8:trace:file:NtReadFile (0x34,0x38,(nil),(nil),0x7ffffe25ce78,0x7fffff628060,0x00000008,(nil),(nil))
01f8:trace:file:NtReadFile (0x34,0x38,(nil),(nil),0x7ffffe25ce78,0x7fffff628080,0x00000018,(nil),(nil))
01f8:trace:file:NtWriteFile (0x34,0x38,(nil),(nil),0x7ffffe13da00,0x7fffff312a30,0x00000058,(nil),(nil))
01f8:trace:file:NtReadFile (0x34,0x38,(nil),(nil),0x7ffffe25ce78,0x7ffffe13da90,0x00000010,(nil),(nil))
01f8:trace:file:NtReadFile (0x34,0x38,(nil),(nil),0x7ffffe25ce78,0x7fffff628150,0x00000008,(nil),(nil))
01f8:trace:file:NtReadFile (0x34,0x38,(nil),(nil),0x7ffffe25ce78,0x7fffff628170,0x00000018,(nil),(nil))
01f8:trace:file:NtWriteFile (0x34,0x38,(nil),(nil),0x7ffffe13d690,0x7fffff5e3e50,0x00000030,(nil),(nil))
01f8:trace:file:NtReadFile (0x34,0x38,(nil),(nil),0x7ffffe25ce78,0x7ffffe13d720,0x00000010,(nil),(nil))
01f8:trace:file:NtReadFile (0x34,0x38,(nil),(nil),0x7ffffe25ce78,0x7fffff6281b0,0x00000008,(nil),(nil))
01f8:trace:file:NtReadFile (0x34,0x38,(nil),(nil),0x7ffffe25ce78,0x7ffffe2b7ff0,0x00000108,(nil),(nil))
01f8:trace:file:NtWriteFile (0x34,0x38,(nil),(nil),0x7ffffe13d7c0,0x7fffff5e3e50,0x0000002c,(nil),(nil))
01f8:trace:file:NtReadFile (0x34,0x38,(nil),(nil),0x7ffffe25ce78,0x7ffffe13d850,0x00000010,(nil),(nil))
01f8:trace:file:NtReadFile (0x34,0x38,(nil),(nil),0x7ffffe25ce78,0x7fffff6281b0,0x00000008,(nil),(nil))
01f8:trace:file:NtReadFile (0x34,0x38,(nil),(nil),0x7ffffe25ce78,0x7fffff628200,0x00000018,(nil),(nil))
01f8:trace:file:NtWriteFile (0x34,0x38,(nil),(nil),0x7ffffe13dad0,0x7fffff312a30,0x00000058,(nil),(nil))
01f8:trace:file:NtReadFile (0x34,0x38,(nil),(nil),0x7ffffe25ce78,0x7ffffe13db60,0x00000010,(nil),(nil))
01f8:trace:file:NtReadFile (0x34,0x38,(nil),(nil),0x7ffffe25ce78,0x7fffff628150,0x00000008,(nil),(nil))
01f8:trace:file:NtReadFile (0x34,0x38,(nil),(nil),0x7ffffe25ce78,0x7fffff628170,0x00000018,(nil),(nil))
01f8:trace:file:NtWriteFile (0x34,0x38,(nil),(nil),0x7ffffe13d780,0x7fffff5e3e50,0x00000034,(nil),(nil))
01f8:trace:file:NtReadFile (0x34,0x38,(nil),(nil),0x7ffffe25ce78,0x7ffffe13d810,0x00000010,(nil),(nil))
01f8:trace:file:NtReadFile (0x34,0x38,(nil),(nil),0x7ffffe25ce78,0x7fffff6281b0,0x00000008,(nil),(nil))
01f8:trace:file:NtReadFile (0x34,0x38,(nil),(nil),0x7ffffe25ce78,0x7fffff5e3e50,0x00000030,(nil),(nil))
01f8:fixme:ntdll:enum_firmware_info info_class SYSTEM_FIRMWARE_TABLE_INFORMATION provider 41435049
01f8:trace:file:RtlDosPathNameToNtPathName_U_WithStatus (L"C:",00007FFFFE13E630,0000000000000000,0000000000000000)
01f8:trace:file:RtlGetFullPathName_U (L"C:" 520 00007FFFFE13E370 0000000000000000)
01f8:trace:file:RtlGetFullPathName_UEx (L"C:" 520 00007FFFFE13E370 0000000000000000 0000000000000000)
01f8:trace:file:NtCreateFile handle=0x7ffffe13e6d0 access=00100000 name=L"\\??\\C:\\Program Files\\CodeMeter\\Runtime\\bin\\" objattr=00000040 root=(nil) sec=(nil) io=0x7ffffe13e640 alloc_size=(nil) attr=00000000 sharing=00000000 disp=1 options=00000021 ea=(nil).0x00000000
01f8:trace:file:get_nt_and_unix_names L"\\??\\C:\\Program Files\\CodeMeter\\Runtime\\bin\\" -> ret 0 nt L"\\??\\C:\\Program Files\\CodeMeter\\Runtime\\bin" unix "/home/asdf/projects/mastercam-wine/state/exp/CodeMeterProbe/prefix/dosdevices/c:/Program Files/CodeMeter/Runtime/bin/"
01f8:trace:file:CreateFileW L"\\\\.\\MountPointManager" GENERIC_READ FILE_SHARE_READ FILE_SHARE_WRITE  creation 3 attributes 0x0
01f8:trace:file:RtlDosPathNameToNtPathName_U_WithStatus (L"\\\\.\\MountPointManager",00007FFFFE13E170,0000000000000000,0000000000000000)
01f8:trace:file:RtlGetFullPathName_U (L"\\\\.\\MountPointManager" 520 00007FFFFE13DE10 0000000000000000)
01f8:trace:file:RtlGetFullPathName_UEx (L"\\\\.\\MountPointManager" 520 00007FFFFE13DE10 0000000000000000 0000000000000000)
01f8:trace:file:NtCreateFile handle=0x7ffffe13e158 access=80100080 name=L"\\??\\MountPointManager" objattr=00000040 root=(nil) sec=(nil) io=0x7ffffe13e180 alloc_size=(nil) attr=00000000 sharing=00000003 disp=1 options=00000060 ea=(nil).0x00000000
01f8:trace:file:get_nt_and_unix_names L"\\??\\MountPointManager" -> ret c00000cb
01f8:trace:file:CreateFileW returning 0000000000000124
01f8:trace:file:DeviceIoControl (0000000000000124,6d4084,00007FFFFE13E460,32,00007FFFFE13E460,32,00007FFFFE13E480,0000000000000000)
01f8:trace:file:NtDeviceIoControlFile (0x124,(nil),(nil),(nil),0x7ffffe13e3c0,0x006d4084,0x7ffffe13e460,0x00000020,0x7ffffe13e460,0x00000020)
01f8:trace:file:CreateFileW L"\\\\.\\C:" GENERIC_READ GENERIC_WRITE FILE_SHARE_READ FILE_SHARE_WRITE  creation 3 attributes 0x40000000
01f8:trace:file:RtlDosPathNameToNtPathName_U_WithStatus (L"\\\\.\\C:",00007FFFFE13E460,0000000000000000,0000000000000000)
01f8:trace:file:RtlGetFullPathName_U (L"\\\\.\\C:" 520 00007FFFFE13E100 0000000000000000)
01f8:trace:file:RtlGetFullPathName_UEx (L"\\\\.\\C:" 520 00007FFFFE13E100 0000000000000000 0000000000000000)
01f8:trace:file:NtCreateFile handle=0x7ffffe13e448 access=c0100080 name=L"\\??\\C:" objattr=00000040 root=(nil) sec=(nil) io=0x7ffffe13e470 alloc_size=(nil) attr=00000000 sharing=00000003 disp=1 options=00000040 ea=(nil).0x00000000
01f8:trace:file:get_nt_and_unix_names L"\\??\\C:" -> ret c00000cb
01f8:trace:file:CreateFileW returning 0000000000000124
01f8:trace:file:KERNEL32_DeviceIoControl (0000000000000124,0x74080,0000000000000000,0,00007FFFFE13EDD0,24,00007FFFFE13EEB8,00007FFFFE13E810)
01f8:trace:file:DeviceIoControl (0000000000000124,74080,0000000000000000,0,00007FFFFE13EDD0,24,00007FFFFE13EEB8,00007FFFFE13E810)
01f8:trace:file:NtDeviceIoControlFile (0x124,0x128,(nil),0x7ffffe13e810,0x7ffffe13e810,0x00074080,(nil),0x00000000,0x7ffffe13edd0,0x00000018)
01f8:trace:file:KERNEL32_DeviceIoControl (0000000000000124,0x2d1400,00007FFFFE13E810,150,00007FFFFE13E810,150,00007FFFFE13EDD0,00007FFFFE13EF70)
01f8:trace:file:DeviceIoControl (0000000000000124,2d1400,00007FFFFE13E810,150,00007FFFFE13E810,150,00007FFFFE13EDD0,00007FFFFE13EF70)
01f8:trace:file:NtDeviceIoControlFile (0x124,0x128,(nil),0x7ffffe13ef70,0x7ffffe13ef70,0x002d1400,0x7ffffe13e810,0x00000096,0x7ffffe13e810,0x00000096)
01f8:trace:file:RtlDosPathNameToNtPathName_U_WithStatus (L"Z:",00007FFFFE13E630,0000000000000000,0000000000000000)
01f8:trace:file:RtlGetFullPathName_U (L"Z:" 520 00007FFFFE13E370 0000000000000000)
01f8:trace:file:RtlGetFullPathName_UEx (L"Z:" 520 00007FFFFE13E370 0000000000000000 0000000000000000)
01f8:trace:file:NtCreateFile handle=0x7ffffe13e6d0 access=00100000 name=L"\\??\\Z:\\" objattr=00000040 root=(nil) sec=(nil) io=0x7ffffe13e640 alloc_size=(nil) attr=00000000 sharing=00000000 disp=1 options=00000021 ea=(nil).0x00000000
01f8:trace:file:get_nt_and_unix_names L"\\??\\Z:\\" -> ret 0 nt L"\\??\\Z:\\" unix "/home/asdf/projects/mastercam-wine/state/exp/CodeMeterProbe/prefix/dosdevices/z:/"
01f8:trace:file:CreateFileW L"\\\\.\\MountPointManager" GENERIC_READ FILE_SHARE_READ FILE_SHARE_WRITE  creation 3 attributes 0x0
01f8:trace:file:RtlDosPathNameToNtPathName_U_WithStatus (L"\\\\.\\MountPointManager",00007FFFFE13E170,0000000000000000,0000000000000000)
01f8:trace:file:RtlGetFullPathName_U (L"\\\\.\\MountPointManager" 520 00007FFFFE13DE10 0000000000000000)
01f8:trace:file:RtlGetFullPathName_UEx (L"\\\\.\\MountPointManager" 520 00007FFFFE13DE10 0000000000000000 0000000000000000)
01f8:trace:file:NtCreateFile handle=0x7ffffe13e158 access=80100080 name=L"\\??\\MountPointManager" objattr=00000040 root=(nil) sec=(nil) io=0x7ffffe13e180 alloc_size=(nil) attr=00000000 sharing=00000003 disp=1 options=00000060 ea=(nil).0x00000000
01f8:trace:file:get_nt_and_unix_names L"\\??\\MountPointManager" -> ret c00000cb
01f8:trace:file:CreateFileW returning 0000000000000124
01f8:trace:file:DeviceIoControl (0000000000000124,6d4084,00007FFFFE13E460,32,00007FFFFE13E460,32,00007FFFFE13E480,0000000000000000)
01f8:trace:file:NtDeviceIoControlFile (0x124,(nil),(nil),(nil),0x7ffffe13e3c0,0x006d4084,0x7ffffe13e460,0x00000020,0x7ffffe13e460,0x00000020)
01f8:trace:file:CreateFileW L"\\\\.\\Z:" GENERIC_READ GENERIC_WRITE FILE_SHARE_READ FILE_SHARE_WRITE  creation 3 attributes 0x40000000
01f8:trace:file:RtlDosPathNameToNtPathName_U_WithStatus (L"\\\\.\\Z:",00007FFFFE13E460,0000000000000000,0000000000000000)
01f8:trace:file:RtlGetFullPathName_U (L"\\\\.\\Z:" 520 00007FFFFE13E100 0000000000000000)
01f8:trace:file:RtlGetFullPathName_UEx (L"\\\\.\\Z:" 520 00007FFFFE13E100 0000000000000000 0000000000000000)
01f8:trace:file:NtCreateFile handle=0x7ffffe13e448 access=c0100080 name=L"\\??\\Z:" objattr=00000040 root=(nil) sec=(nil) io=0x7ffffe13e470 alloc_size=(nil) attr=00000000 sharing=00000003 disp=1 options=00000040 ea=(nil).0x00000000
01f8:trace:file:get_dos_device -> "/dev/nvme0n1p5"
01f8:trace:file:get_nt_and_unix_names L"\\??\\Z:" -> ret 0 nt L"\\??\\Z:" unix "/dev/nvme0n1p5"
01f8:warn:file:CreateFileW Unable to create file L"\\\\.\\Z:" (status c0000022)
01f8:trace:file:CreateFileW returning FFFFFFFFFFFFFFFF
01f8:trace:file:CreateFileW L"\\\\.\\Z:" QUERY_ACCESS FILE_SHARE_READ FILE_SHARE_WRITE  creation 3 attributes 0x40000000
01f8:trace:file:RtlDosPathNameToNtPathName_U_WithStatus (L"\\\\.\\Z:",00007FFFFE13E460,0000000000000000,0000000000000000)
01f8:trace:file:RtlGetFullPathName_U (L"\\\\.\\Z:" 520 00007FFFFE13E100 0000000000000000)
01f8:trace:file:RtlGetFullPathName_UEx (L"\\\\.\\Z:" 520 00007FFFFE13E100 0000000000000000 0000000000000000)
01f8:trace:file:NtCreateFile handle=0x7ffffe13e448 access=00100080 name=L"\\??\\Z:" objattr=00000040 root=(nil) sec=(nil) io=0x7ffffe13e470 alloc_size=(nil) attr=00000000 sharing=00000003 disp=1 options=00000040 ea=(nil).0x00000000
01f8:trace:file:get_dos_device -> "/dev/nvme0n1p5"
01f8:trace:file:get_nt_and_unix_names L"\\??\\Z:" -> ret 0 nt L"\\??\\Z:" unix "/dev/nvme0n1p5"
01f8:warn:file:CreateFileW Unable to create file L"\\\\.\\Z:" (status c0000022)
01f8:trace:file:CreateFileW returning FFFFFFFFFFFFFFFF
01f8:trace:file:CreateFileW L"\\\\.\\VBoxMiniRdrDN" GENERIC_READ FILE_SHARE_READ  creation 3 attributes 0x0
01f8:trace:file:RtlDosPathNameToNtPathName_U_WithStatus (L"\\\\.\\VBoxMiniRdrDN",00007FFFFE13E870,0000000000000000,0000000000000000)
01f8:trace:file:RtlGetFullPathName_U (L"\\\\.\\VBoxMiniRdrDN" 520 00007FFFFE13E510 0000000000000000)
01f8:trace:file:RtlGetFullPathName_UEx (L"\\\\.\\VBoxMiniRdrDN" 520 00007FFFFE13E510 0000000000000000 0000000000000000)
01f8:trace:file:NtCreateFile handle=0x7ffffe13e858 access=80100080 name=L"\\??\\VBoxMiniRdrDN" objattr=00000040 root=(nil) sec=(nil) io=0x7ffffe13e880 alloc_size=(nil) attr=00000000 sharing=00000001 disp=1 options=00000060 ea=(nil).0x00000000
01f8:trace:file:get_nt_and_unix_names L"\\??\\VBoxMiniRdrDN" -> ret c00000cb
01f8:warn:file:CreateFileW Unable to create file L"\\\\.\\VBoxMiniRdrDN" (status c0000034)
01f8:trace:file:CreateFileW returning FFFFFFFFFFFFFFFF
01f8:trace:file:CreateFileW L"\\\\.\\VBoxMiniRdrDN" GENERIC_READ FILE_SHARE_READ  creation 3 attributes 0x0
01f8:trace:file:RtlDosPathNameToNtPathName_U_WithStatus (L"\\\\.\\VBoxMiniRdrDN",00007FFFFE13EC40,0000000000000000,0000000000000000)
01f8:trace:file:RtlGetFullPathName_U (L"\\\\.\\VBoxMiniRdrDN" 520 00007FFFFE13E8E0 0000000000000000)
01f8:trace:file:RtlGetFullPathName_UEx (L"\\\\.\\VBoxMiniRdrDN" 520 00007FFFFE13E8E0 0000000000000000 0000000000000000)
01f8:trace:file:NtCreateFile handle=0x7ffffe13ec28 access=80100080 name=L"\\??\\VBoxMiniRdrDN" objattr=00000040 root=(nil) sec=(nil) io=0x7ffffe13ec50 alloc_size=(nil) attr=00000000 sharing=00000001 disp=1 options=00000060 ea=(nil).0x00000000
01f8:trace:file:get_nt_and_unix_names L"\\??\\VBoxMiniRdrDN" -> ret c00000cb
01f8:warn:file:CreateFileW Unable to create file L"\\\\.\\VBoxMiniRdrDN" (status c0000034)
01f8:trace:file:CreateFileW returning FFFFFFFFFFFFFFFF
01f8:trace:file:CreateFileW L"\\\\.\\C:" QUERY_ACCESS FILE_SHARE_READ FILE_SHARE_WRITE  creation 3 attributes 0x0
01f8:trace:file:RtlDosPathNameToNtPathName_U_WithStatus (L"\\\\.\\C:",00007FFFFE13F000,0000000000000000,0000000000000000)
01f8:trace:file:RtlGetFullPathName_U (L"\\\\.\\C:" 520 00007FFFFE13ECA0 0000000000000000)
01f8:trace:file:RtlGetFullPathName_UEx (L"\\\\.\\C:" 520 00007FFFFE13ECA0 0000000000000000 0000000000000000)
01f8:trace:file:NtCreateFile handle=0x7ffffe13efe8 access=00100080 name=L"\\??\\C:" objattr=00000040 root=(nil) sec=(nil) io=0x7ffffe13f010 alloc_size=(nil) attr=00000000 sharing=00000003 disp=1 options=00000060 ea=(nil).0x00000000
01f8:trace:file:get_nt_and_unix_names L"\\??\\C:" -> ret c00000cb
01f8:trace:file:CreateFileW returning 0000000000000124
01f8:trace:file:KERNEL32_DeviceIoControl (0000000000000124,0x560000,0000000000000000,0,00007FFFFF62B200,32,00007FFFFE13F450,0000000000000000)
01f8:trace:file:DeviceIoControl (0000000000000124,560000,0000000000000000,0,00007FFFFF62B200,32,00007FFFFE13F450,0000000000000000)
01f8:trace:file:NtDeviceIoControlFile (0x124,(nil),(nil),(nil),0x7ffffe13f250,0x00560000,(nil),0x00000000,0x7fffff62b200,0x00000020)
01f8:trace:file:CreateFileW L"\\\\.\\PhysicalDrive0" QUERY_ACCESS FILE_SHARE_READ FILE_SHARE_WRITE  creation 3 attributes 0x0
01f8:trace:file:RtlDosPathNameToNtPathName_U_WithStatus (L"\\\\.\\PhysicalDrive0",00007FFFFE13EB70,0000000000000000,0000000000000000)
01f8:trace:file:RtlGetFullPathName_U (L"\\\\.\\PhysicalDrive0" 520 00007FFFFE13E810 0000000000000000)
01f8:trace:file:RtlGetFullPathName_UEx (L"\\\\.\\PhysicalDrive0" 520 00007FFFFE13E810 0000000000000000 0000000000000000)
01f8:trace:file:NtCreateFile handle=0x7ffffe13eb58 access=00100080 name=L"\\??\\PhysicalDrive0" objattr=00000040 root=(nil) sec=(nil) io=0x7ffffe13eb80 alloc_size=(nil) attr=00000000 sharing=00000003 disp=1 options=00000060 ea=(nil).0x00000000
01f8:trace:file:get_nt_and_unix_names L"\\??\\PhysicalDrive0" -> ret c00000cb
01f8:trace:file:CreateFileW returning 0000000000000128
01f8:trace:file:KERNEL32_DeviceIoControl (0000000000000128,0x2d1400,00007FFFFE13F0C4,12,00007FFFFF62B230,8,00007FFFFE13F0A8,0000000000000000)
01f8:trace:file:DeviceIoControl (0000000000000128,2d1400,00007FFFFE13F0C4,12,00007FFFFF62B230,8,00007FFFFE13F0A8,0000000000000000)
01f8:trace:file:NtDeviceIoControlFile (0x128,(nil),(nil),(nil),0x7ffffe13edc0,0x002d1400,0x7ffffe13f0c4,0x0000000c,0x7fffff62b230,0x00000008)
01f8:trace:file:KERNEL32_DeviceIoControl (0000000000000128,0x2d1400,00007FFFFE13F0C4,12,00007FFFFF62B260,40,00007FFFFE13F0E0,0000000000000000)
01f8:trace:file:DeviceIoControl (0000000000000128,2d1400,00007FFFFE13F0C4,12,00007FFFFF62B260,40,00007FFFFE13F0E0,0000000000000000)
01f8:trace:file:NtDeviceIoControlFile (0x128,(nil),(nil),(nil),0x7ffffe13edc0,0x002d1400,0x7ffffe13f0c4,0x0000000c,0x7fffff62b260,0x00000028)
01f8:trace:file:CreateFileW L"\\\\.\\C:" QUERY_ACCESS FILE_SHARE_READ FILE_SHARE_WRITE  creation 3 attributes 0x0
01f8:trace:file:RtlDosPathNameToNtPathName_U_WithStatus (L"\\\\.\\C:",00007FFFFE13F000,0000000000000000,0000000000000000)
01f8:trace:file:RtlGetFullPathName_U (L"\\\\.\\C:" 520 00007FFFFE13ECA0 0000000000000000)
01f8:trace:file:RtlGetFullPathName_UEx (L"\\\\.\\C:" 520 00007FFFFE13ECA0 0000000000000000 0000000000000000)
01f8:trace:file:NtCreateFile handle=0x7ffffe13efe8 access=00100080 name=L"\\??\\C:" objattr=00000040 root=(nil) sec=(nil) io=0x7ffffe13f010 alloc_size=(nil) attr=00000000 sharing=00000003 disp=1 options=00000060 ea=(nil).0x00000000
01f8:trace:file:get_nt_and_unix_names L"\\??\\C:" -> ret c00000cb
01f8:trace:file:CreateFileW returning 0000000000000124
01f8:trace:file:KERNEL32_DeviceIoControl (0000000000000124,0x560000,0000000000000000,0,00007FFFFF62B200,32,00007FFFFE13F450,0000000000000000)
01f8:trace:file:DeviceIoControl (0000000000000124,560000,0000000000000000,0,00007FFFFF62B200,32,00007FFFFE13F450,0000000000000000)
01f8:trace:file:NtDeviceIoControlFile (0x124,(nil),(nil),(nil),0x7ffffe13f250,0x00560000,(nil),0x00000000,0x7fffff62b200,0x00000020)
01f8:trace:file:CreateFileW L"\\\\.\\PhysicalDrive0" GENERIC_READ GENERIC_WRITE FILE_SHARE_READ FILE_SHARE_WRITE  creation 3 attributes 0x0
01f8:trace:file:RtlDosPathNameToNtPathName_U_WithStatus (L"\\\\.\\PhysicalDrive0",00007FFFFE13EC20,0000000000000000,0000000000000000)
01f8:trace:file:RtlGetFullPathName_U (L"\\\\.\\PhysicalDrive0" 520 00007FFFFE13E8C0 0000000000000000)
01f8:trace:file:RtlGetFullPathName_UEx (L"\\\\.\\PhysicalDrive0" 520 00007FFFFE13E8C0 0000000000000000 0000000000000000)
01f8:trace:file:NtCreateFile handle=0x7ffffe13ec08 access=c0100080 name=L"\\??\\PhysicalDrive0" objattr=00000040 root=(nil) sec=(nil) io=0x7ffffe13ec30 alloc_size=(nil) attr=00000000 sharing=00000003 disp=1 options=00000060 ea=(nil).0x00000000
01f8:trace:file:get_nt_and_unix_names L"\\??\\PhysicalDrive0" -> ret c00000cb
01f8:trace:file:CreateFileW returning 0000000000000128
01f8:trace:file:KERNEL32_DeviceIoControl (0000000000000128,0x74080,0000000000000000,0,00007FFFFF62B230,24,00007FFFFE13F1A0,0000000000000000)
01f8:trace:file:DeviceIoControl (0000000000000128,74080,0000000000000000,0,00007FFFFF62B230,24,00007FFFFE13F1A0,0000000000000000)
01f8:trace:file:NtDeviceIoControlFile (0x128,(nil),(nil),(nil),0x7ffffe13ee70,0x00074080,(nil),0x00000000,0x7fffff62b230,0x00000018)
01f8:trace:file:CreateFileW L"\\\\.\\VBoxMiniRdrDN" GENERIC_READ FILE_SHARE_READ  creation 3 attributes 0x0
01f8:trace:file:RtlDosPathNameToNtPathName_U_WithStatus (L"\\\\.\\VBoxMiniRdrDN",00007FFFFE13EBE0,0000000000000000,0000000000000000)
01f8:trace:file:RtlGetFullPathName_U (L"\\\\.\\VBoxMiniRdrDN" 520 00007FFFFE13E880 0000000000000000)
01f8:trace:file:RtlGetFullPathName_UEx (L"\\\\.\\VBoxMiniRdrDN" 520 00007FFFFE13E880 0000000000000000 0000000000000000)
01f8:trace:file:NtCreateFile handle=0x7ffffe13ebc8 access=80100080 name=L"\\??\\VBoxMiniRdrDN" objattr=00000040 root=(nil) sec=(nil) io=0x7ffffe13ebf0 alloc_size=(nil) attr=00000000 sharing=00000001 disp=1 options=00000060 ea=(nil).0x00000000
01f8:trace:file:get_nt_and_unix_names L"\\??\\VBoxMiniRdrDN" -> ret c00000cb
01f8:warn:file:CreateFileW Unable to create file L"\\\\.\\VBoxMiniRdrDN" (status c0000034)
01f8:trace:file:CreateFileW returning FFFFFFFFFFFFFFFF
01f8:trace:file:NtWriteFile (0x34,0x38,(nil),(nil),0x7ffffe13da00,0x7fffff62d550,0x00000050,(nil),(nil))
01f8:trace:file:NtReadFile (0x34,0x38,(nil),(nil),0x7ffffe25ce78,0x7ffffe13da90,0x00000010,(nil),(nil))
01f8:trace:file:NtReadFile (0x34,0x38,(nil),(nil),0x7ffffe25ce78,0x7fffff62f360,0x00000008,(nil),(nil))
01f8:trace:file:NtReadFile (0x34,0x38,(nil),(nil),0x7ffffe25ce78,0x7fffff62f380,0x00000018,(nil),(nil))
01f8:trace:file:NtWriteFile (0x34,0x38,(nil),(nil),0x7ffffe13d980,0x7fffff62d550,0x0000004c,(nil),(nil))
01f8:trace:file:NtReadFile (0x34,0x38,(nil),(nil),0x7ffffe25ce78,0x7ffffe13da10,0x00000010,(nil),(nil))
01f8:trace:file:NtReadFile (0x34,0x38,(nil),(nil),0x7ffffe25ce78,0x7fffff62f3c0,0x00000008,(nil),(nil))
01f8:trace:file:NtReadFile (0x34,0x38,(nil),(nil),0x7ffffe25ce78,0x7fffff62f4a0,0x00000018,(nil),(nil))
01f8:trace:file:NtWriteFile (0x34,0x38,(nil),(nil),0x7ffffe13d9d0,0x7fffff62ea00,0x00000034,(nil),(nil))
01f8:trace:file:NtReadFile (0x34,0x38,(nil),(nil),0x7ffffe25ce78,0x7ffffe13da60,0x00000010,(nil),(nil))
01f8:trace:file:NtReadFile (0x34,0x38,(nil),(nil),0x7ffffe25ce78,0x7fffff62f4e0,0x00000008,(nil),(nil))
01f8:trace:file:NtReadFile (0x34,0x38,(nil),(nil),0x7ffffe25ce78,0x7fffff62ea00,0x00000030,(nil),(nil))
01f8:trace:file:NtWriteFile (0x34,0x38,(nil),(nil),0x7ffffe13da10,0x7fffff62ea00,0x0000002c,(nil),(nil))
01f8:trace:file:NtReadFile (0x34,0x38,(nil),(nil),0x7ffffe25ce78,0x7ffffe13daa0,0x00000010,(nil),(nil))
01f8:trace:file:NtReadFile (0x34,0x38,(nil),(nil),0x7ffffe25ce78,0x7fffff62f4e0,0x00000008,(nil),(nil))
01f8:trace:file:NtReadFile (0x34,0x38,(nil),(nil),0x7ffffe25ce78,0x7fffff62f530,0x00000018,(nil),(nil))
01f8:trace:file:NtWriteFile (0x34,0x38,(nil),(nil),0x7ffffe13dab0,0x7fffff62e9c0,0x0000002c,(nil),(nil))
01f8:trace:file:NtReadFile (0x34,0x38,(nil),(nil),0x7ffffe25ce78,0x7ffffe13db40,0x00000010,(nil),(nil))
01f8:trace:file:NtReadFile (0x34,0x38,(nil),(nil),0x7ffffe25ce78,0x7fffff62f3c0,0x00000008,(nil),(nil))
01f8:trace:file:NtReadFile (0x34,0x38,(nil),(nil),0x7ffffe25ce78,0x7fffff62f4a0,0x00000018,(nil),(nil))
01f8:trace:file:CreateFileW L"\\\\.\\VBoxMiniRdrDN" GENERIC_READ FILE_SHARE_READ  creation 3 attributes 0x0
01f8:trace:file:RtlDosPathNameToNtPathName_U_WithStatus (L"\\\\.\\VBoxMiniRdrDN",00007FFFFE13E990,0000000000000000,0000000000000000)
01f8:trace:file:RtlGetFullPathName_U (L"\\\\.\\VBoxMiniRdrDN" 520 00007FFFFE13E630 0000000000000000)
01f8:trace:file:RtlGetFullPathName_UEx (L"\\\\.\\VBoxMiniRdrDN" 520 00007FFFFE13E630 0000000000000000 0000000000000000)
01f8:trace:file:NtCreateFile handle=0x7ffffe13e978 access=80100080 name=L"\\??\\VBoxMiniRdrDN" objattr=00000040 root=(nil) sec=(nil) io=0x7ffffe13e9a0 alloc_size=(nil) attr=00000000 sharing=00000001 disp=1 options=00000060 ea=(nil).0x00000000
01f8:trace:file:get_nt_and_unix_names L"\\??\\VBoxMiniRdrDN" -> ret c00000cb
01f8:warn:file:CreateFileW Unable to create file L"\\\\.\\VBoxMiniRdrDN" (status c0000034)
01f8:trace:file:CreateFileW returning FFFFFFFFFFFFFFFF
01f8:trace:file:GetFileAttributesW L"C:\\ProgramData"
01f8:trace:file:RtlDosPathNameToNtPathName_U_WithStatus (L"C:\\ProgramData",00007FFFFE13EBB0,0000000000000000,0000000000000000)
01f8:trace:file:RtlGetFullPathName_U (L"C:\\ProgramData" 520 00007FFFFE13E8F0 0000000000000000)
01f8:trace:file:RtlGetFullPathName_UEx (L"C:\\ProgramData" 520 00007FFFFE13E8F0 0000000000000000 0000000000000000)
01f8:trace:file:get_nt_and_unix_names L"\\??\\C:\\ProgramData" -> ret 0 nt L"\\??\\C:\\ProgramData" unix "/home/asdf/projects/mastercam-wine/state/exp/CodeMeterProbe/prefix/dosdevices/c:/ProgramData"
01f8:trace:file:GetFileAttributesW L"C:\\users\\asdf\\Desktop"
01f8:trace:file:RtlDosPathNameToNtPathName_U_WithStatus (L"C:\\users\\asdf\\Desktop",00007FFFFE13E820,0000000000000000,0000000000000000)
01f8:trace:file:RtlGetFullPathName_U (L"C:\\users\\asdf\\Desktop" 520 00007FFFFE13E560 0000000000000000)
01f8:trace:file:RtlGetFullPathName_UEx (L"C:\\users\\asdf\\Desktop" 520 00007FFFFE13E560 0000000000000000 0000000000000000)
01f8:trace:file:get_nt_and_unix_names L"\\??\\C:\\users\\asdf\\Desktop" -> ret 0 nt L"\\??\\C:\\users\\asdf\\Desktop" unix "/home/asdf/projects/mastercam-wine/state/exp/CodeMeterProbe/prefix/dosdevices/c:/users/asdf/Desktop"
01f8:trace:file:RtlGetFullPathName_U (L"C:\\desktop.ini" 520 00007FFFFE13E0D0 00007FFFFE13E2E0)
01f8:trace:file:RtlGetFullPathName_UEx (L"C:\\desktop.ini" 520 00007FFFFE13E0D0 00007FFFFE13E2E0 0000000000000000)
01f8:trace:file:CreateFileW L"C:\\desktop.ini" GENERIC_READ FILE_SHARE_READ FILE_SHARE_WRITE FILE_SHARE_DELETE  creation 3 attributes 0x80
01f8:trace:file:RtlDosPathNameToNtPathName_U_WithStatus (L"C:\\desktop.ini",00007FFFFE13DDB0,0000000000000000,0000000000000000)
01f8:trace:file:RtlGetFullPathName_U (L"C:\\desktop.ini" 520 00007FFFFE13DA50 0000000000000000)
01f8:trace:file:RtlGetFullPathName_UEx (L"C:\\desktop.ini" 520 00007FFFFE13DA50 0000000000000000 0000000000000000)
01f8:trace:file:NtCreateFile handle=0x7ffffe13dd98 access=80100080 name=L"\\??\\C:\\desktop.ini" objattr=00000040 root=(nil) sec=(nil) io=0x7ffffe13ddc0 alloc_size=(nil) attr=00000080 sharing=00000007 disp=1 options=00000060 ea=(nil).0x00000000
01f8:trace:file:get_nt_and_unix_names L"\\??\\C:\\desktop.ini" -> ret c0000034
01f8:warn:file:NtCreateFile L"\\??\\C:\\desktop.ini" not found (c0000034)
01f8:warn:file:CreateFileW Unable to create file L"C:\\desktop.ini" (status c0000034)
01f8:trace:file:CreateFileW returning FFFFFFFFFFFFFFFF
01f8:trace:file:FindFirstFileExW L"C:\\ProgramData" 0 00007FFFFE13E230 0 0000000000000000 0
01f8:trace:file:RtlDosPathNameToNtPathName_U_WithStatus (L"C:\\ProgramData",00007FFFFE13E120,00007FFFFE13E118,0000000000000000)
01f8:trace:file:RtlGetFullPathName_U (L"C:\\ProgramData" 520 00007FFFFE13DE00 00007FFFFE13E118)
01f8:trace:file:RtlGetFullPathName_UEx (L"C:\\ProgramData" 520 00007FFFFE13DE00 00007FFFFE13E118 0000000000000000)
01f8:trace:file:NtCreateFile handle=0x7fffff62eec8 access=00100001 name=L"\\??\\C:\\" objattr=00000040 root=(nil) sec=(nil) io=0x7ffffe13e130 alloc_size=(nil) attr=00000000 sharing=00000007 disp=1 options=00004021 ea=(nil).0x00000000
01f8:trace:file:get_nt_and_unix_names L"\\??\\C:\\" -> ret 0 nt L"\\??\\C:\\" unix "/home/asdf/projects/mastercam-wine/state/exp/CodeMeterProbe/prefix/dosdevices/c:/"
01f8:trace:file:NtQueryDirectoryFile (0x128 (nil) (nil) (nil) 0x7ffffe13e130 0x7fffff62ef20 0x0000025e 0x00000003 0x00000000 L"ProgramData" 0x00000001
01f8:trace:file:read_directory_data_stat found "ProgramData"
01f8:trace:file:append_entry long L"ProgramData" short L"PROG~BDQ" mask <null>
01f8:trace:file:init_cached_dir_data mask L"ProgramData" found 1 files
01f8:trace:file:init_cached_dir_data L"ProgramData" L"PROG~BDQ"
01f8:trace:file:NtQueryDirectoryFile => 0 (116)
01f8:trace:file:FindNextFileW 00007FFFFF62EEC0 00007FFFFE13E230
01f8:trace:file:FindNextFileW returning L"ProgramData" (L"PROG~BDQ")
01f8:trace:file:RtlGetFullPathName_U (L"C:\\desktop.ini" 520 00007FFFFE13E2A0 00007FFFFE13E4B0)
01f8:trace:file:RtlGetFullPathName_UEx (L"C:\\desktop.ini" 520 00007FFFFE13E2A0 00007FFFFE13E4B0 0000000000000000)
01f8:trace:file:CreateFileW L"C:\\desktop.ini" GENERIC_READ FILE_SHARE_READ FILE_SHARE_WRITE FILE_SHARE_DELETE  creation 3 attributes 0x80
01f8:trace:file:RtlDosPathNameToNtPathName_U_WithStatus (L"C:\\desktop.ini",00007FFFFE13DF80,0000000000000000,0000000000000000)
01f8:trace:file:RtlGetFullPathName_U (L"C:\\desktop.ini" 520 00007FFFFE13DC20 0000000000000000)
01f8:trace:file:RtlGetFullPathName_UEx (L"C:\\desktop.ini" 520 00007FFFFE13DC20 0000000000000000 0000000000000000)
01f8:trace:file:NtCreateFile handle=0x7ffffe13df68 access=80100080 name=L"\\??\\C:\\desktop.ini" objattr=00000040 root=(nil) sec=(nil) io=0x7ffffe13df90 alloc_size=(nil) attr=00000080 sharing=00000007 disp=1 options=00000060 ea=(nil).0x00000000
01f8:trace:file:get_nt_and_unix_names L"\\??\\C:\\desktop.ini" -> ret c0000034
01f8:warn:file:NtCreateFile L"\\??\\C:\\desktop.ini" not found (c0000034)
01f8:warn:file:CreateFileW Unable to create file L"C:\\desktop.ini" (status c0000034)
01f8:trace:file:CreateFileW returning FFFFFFFFFFFFFFFF
01f8:trace:file:NtWriteFile (0x34,0x38,(nil),(nil),0x7ffffe13dfa0,0x7fffff62e700,0x0000002c,(nil),(nil))
01f8:trace:file:NtReadFile (0x34,0x38,(nil),(nil),0x7ffffe25ce78,0x7ffffe13e030,0x00000010,(nil),(nil))
01f8:trace:file:NtReadFile (0x34,0x38,(nil),(nil),0x7ffffe25ce78,0x7fffff62fc50,0x00000008,(nil),(nil))
01f8:trace:file:NtReadFile (0x34,0x38,(nil),(nil),0x7ffffe25ce78,0x7fffff62fc70,0x00000018,(nil),(nil))
01f8:trace:file:NtWriteFile (0x34,0x38,(nil),(nil),0x7ffffe13dfa0,0x7fffff62e700,0x0000002c,(nil),(nil))
01f8:trace:file:NtReadFile (0x34,0x38,(nil),(nil),0x7ffffe25ce78,0x7ffffe13e030,0x00000010,(nil),(nil))
01f8:trace:file:NtReadFile (0x34,0x38,(nil),(nil),0x7ffffe25ce78,0x7fffff62fc50,0x00000008,(nil),(nil))
01f8:trace:file:NtReadFile (0x34,0x38,(nil),(nil),0x7ffffe25ce78,0x7fffff62fc70,0x00000018,(nil),(nil))
01f8:trace:file:RtlDosPathNameToNtPathName_U_WithStatus (L"C:\\windows\\system32\\kernelbase.dll",00007FFFFE13FB80,0000000000000000,0000000000000000)
01f8:trace:file:RtlGetFullPathName_U (L"C:\\windows\\system32\\kernelbase.dll" 520 00007FFFFE13F740 0000000000000000)
01f8:trace:file:RtlGetFullPathName_UEx (L"C:\\windows\\system32\\kernelbase.dll" 520 00007FFFFE13F740 0000000000000000 0000000000000000)
01f8:fixme:kernelbase:AppPolicyGetProcessTerminationMethod FFFFFFFFFFFFFFFA, 00007FFFFE13FEB0
01f8:fixme:powrprof:PowerUnregisterSuspendResumeNotification (00000000DEADBEEF) stub!
0238:trace:file:NtWriteFile (0xb4,0xb8,(nil),(nil),0x7ffffe23d270,0x7ffffe850ec0,0x0000001c,(nil),(nil))
0238:trace:file:NtReadFile (0xb4,0xb8,(nil),(nil),0x7ffffe8515d8,0x7ffffe23d300,0x00000010,(nil),(nil))
0238:trace:file:NtReadFile (0xb4,0xb8,(nil),(nil),0x7ffffe8515d8,0x7ffffe850ea0,0x00000008,(nil),(nil))
0238:trace:file:NtReadFile (0xb4,0xb8,(nil),(nil),0x7ffffe8515d8,0x7ffffe850ec0,0x00000004,(nil),(nil))
